Results_Name,VSPAERO_History
Results_Timestamp,1787475464
Results_Date,8,23,2026
Results_Time,14,27,44
Alpha,0.000000000000000000e+00,0.000000000000000000e+00,0.000000000000000000e+00,0.000000000000000000e+00,0.000000000000000000e+00,0.000000000000000000e+00,0.000000000000000000e+00,0.000000000000000000e+00,0.000000000000000000e+00,0.000000000000000000e+00,0.000000000000000000e+00,0.000000000000000000e+00,0.000000000000000000e+00,0.000000000000000000e+00,0.000000000000000000e+00,0.000000000000000000e+00,0.000000000000000000e+00,0.000000000000000000e+00,0.000000000000000000e+00,0.000000000000000000e+00,0.000000000000000000e+00,0.000000000000000000e+00,0.000000000000000000e+00,0.000000000000000000e+00,0.000000000000000000e+00,0.000000000000000000e+00,0.000000000000000000e+00,0.000000000000000000e+00,0.000000000000000000e+00,0.000000000000000000e+00,0.000000000000000000e+00,0.000000000000000000e+00,0.000000000000000000e+00,0.000000000000000000e+00,0.000000000000000000e+00,0.000000000000000000e+00,0.000000000000000000e+00,0.000000000000000000e+00,0.000000000000000000e+00,0.000000000000000000e+00
Beta,0.000000000000000000e+00,0.000000000000000000e+00,0.000000000000000000e+00,0.000000000000000000e+00,0.000000000000000000e+00,0.000000000000000000e+00,0.000000000000000000e+00,0.000000000000000000e+00,0.000000000000000000e+00,0.000000000000000000e+00,0.000000000000000000e+00,0.000000000000000000e+00,0.000000000000000000e+00,0.000000000000000000e+00,0.000000000000000000e+00,0.000000000000000000e+00,0.000000000000000000e+00,0.000000000000000000e+00,0.000000000000000000e+00,0.000000000000000000e+00,0.000000000000000000e+00,0.000000000000000000e+00,0.000000000000000000e+00,0.000000000000000000e+00,0.000000000000000000e+00,0.000000000000000000e+00,0.000000000000000000e+00,0.000000000000000000e+00,0.000000000000000000e+00,0.000000000000000000e+00,0.000000000000000000e+00,0.000000000000000000e+00,0.000000000000000000e+00,0.000000000000000000e+00,0.000000000000000000e+00,0.000000000000000000e+00,0.000000000000000000e+00,0.000000000000000000e+00,0.000000000000000000e+00,0.000000000000000000e+00
CDi,0.000000000000000000e+00,3.825177388099999798e-02,3.827671672300000244e-02,3.984014218500000343e-02,3.355074620899999721e-02,3.629200989300000041e-02,3.825021689599999997e-02,3.685533811399999832e-02,3.618326672999999660e-02,3.844934604599999778e-02,3.900478252700000092e-02,3.987672301700000144e-02,4.055720308699999749e-02,4.209352437899999827e-02,4.276804381899999841e-02,4.395916988299999884e-02,4.450508540700000293e-02,4.496313452600000232e-02,4.528177530400000206e-02,4.572077737800000347e-02,4.614761353800000271e-02,4.610235765699999960e-02,4.621791839799999774e-02,4.792772009799999705e-02,4.876003049600000083e-02,4.847804203600000056e-02,4.994769115799999742e-02,5.031883658099999684e-02,4.969077446999999731e-02,4.844033087400000104e-02,5.000476832399999849e-02,4.902045375800000160e-02,4.846912733500000070e-02,4.752535033500000089e-02,4.804344139700000155e-02,4.949298023100000277e-02,4.842112955899999932e-02,4.640624594599999930e-02,4.840543111299999701e-02,4.958220311900000260e-02
CDiw,0.000000000000000000e+00,1.780899014300000097e-02,1.580148611499999911e-02,9.796115463999999218e-03,6.156282150000000168e-03,2.707154423500000157e-02,2.688621884800000000e-02,2.017770266600000043e-02,2.883684518200000171e-02,3.002868158099999962e-02,2.921871239100000059e-02,3.176612164400000049e-02,3.515865338000000173e-02,3.428384519699999994e-02,3.686105683399999722e-02,3.690774511500000132e-02,3.497995484400000243e-02,3.791955425199999841e-02,3.784226539300000053e-02,3.986648444899999755e-02,4.085279581799999837e-02,4.145412069099999736e-02,4.179252234900000113e-02,4.217264125299999972e-02,4.243041403500000253e-02,4.278267428399999683e-02,4.305992947400000270e-02,4.318707574700000190e-02,4.303186558199999928e-02,4.239050066700000147e-02,4.272100477099999988e-02,4.345611043300000309e-02,4.327642528200000005e-02,4.345541712400000089e-02,4.376358308600000052e-02,4.235171951100000221e-02,4.260356894999999672e-02,4.274522912800000213e-02,4.374797668899999686e-02,4.593325066199999834e-02
CDo,2.020223105000000172e-02,3.236547024300000241e-02,3.255775954500000208e-02,3.253962616299999749e-02,3.271691234299999723e-02,3.266327235899999654e-02,3.238289593799999894e-02,3.239289503400000214e-02,3.235031735399999941e-02,3.223435072800000245e-02,3.220893329700000307e-02,3.216586943900000273e-02,3.210797556600000074e-02,3.201516337799999862e-02,3.194499222399999755e-02,3.186843612500000339e-02,3.185081002500000230e-02,3.182510139800000248e-02,3.179547391499999709e-02,3.172763479299999662e-02,3.168983948700000025e-02,3.169011531299999879e-02,3.167176757399999681e-02,3.165255274199999663e-02,3.163344628800000141e-02,3.161444493599999822e-02,3.160076281199999948e-02,3.159857731299999667e-02,3.159495631400000004e-02,3.161626877899999938e-02,3.160353801900000342e-02,3.160705452299999996e-02,3.158748614899999779e-02,3.159319302400000196e-02,3.157945781299999893e-02,3.158260577900000310e-02,3.159841878200000259e-02,3.157481283099999869e-02,3.158253566799999745e-02,3.148633459999999884e-02
CDtot,2.020223105000000172e-02,7.061724412400000039e-02,7.083447626800000452e-02,7.237976834800000092e-02,6.626765855199999444e-02,6.895528225199999695e-02,7.063311283400000584e-02,6.924823314799999352e-02,6.853358408399999602e-02,7.068369677300000153e-02,7.121371582400000400e-02,7.204259245499999853e-02,7.266517865400000387e-02,7.410868775699999689e-02,7.471303604300000289e-02,7.582760600900000092e-02,7.635589543199999829e-02,7.678823592399999787e-02,7.707724922000000478e-02,7.744841216999999445e-02,7.783745302399999733e-02,7.779247296999999839e-02,7.788968597300000019e-02,7.958027283999999368e-02,8.039347678399999531e-02,8.009248697199999878e-02,8.154845396899999821e-02,8.191741389399999351e-02,8.128573078400000429e-02,8.005659965299999348e-02,8.160830634299999498e-02,8.062750828100000156e-02,8.005661348400000543e-02,7.911854335899999591e-02,7.962289921100000611e-02,8.107558601000000587e-02,8.001954834199999367e-02,7.798105877800000363e-02,7.998796678099999446e-02,8.106853771899999450e-02
CDwtot,2.020223105000000172e-02,5.017446038699999861e-02,4.835924566000000119e-02,4.233574162699999671e-02,3.887319449300000174e-02,5.973481659399999810e-02,5.926911478599999894e-02,5.257059769999999910e-02,6.118716253599999766e-02,6.226303230900000207e-02,6.142764568800000019e-02,6.393199108199999758e-02,6.726662894599999554e-02,6.629900857499999856e-02,6.880604905800000171e-02,6.877618123999999777e-02,6.683076487000000343e-02,6.974465564899999526e-02,6.963773930899999631e-02,7.159411924099999547e-02,7.254263530500000556e-02,7.314423600399999614e-02,7.346428992299999794e-02,7.382519399499999635e-02,7.406386032299999700e-02,7.439711922000000199e-02,7.466069228600000218e-02,7.478565305999999857e-02,7.462682189600000626e-02,7.400676944600000084e-02,7.432454278899999767e-02,7.506316495699999480e-02,7.486391143199999654e-02,7.504861014800000285e-02,7.534304090000000509e-02,7.393432528899999967e-02,7.420198773199999931e-02,7.432004195899999388e-02,7.533051235700000126e-02,7.741958526200000412e-02
CFxi,0.000000000000000000e+00,3.825177388099999798e-02,3.827671672300000244e-02,3.984014218500000343e-02,3.355074620899999721e-02,3.629200989300000041e-02,3.825021689599999997e-02,3.685533811399999832e-02,3.618326672999999660e-02,3.844934604599999778e-02,3.900478252700000092e-02,3.987672301700000144e-02,4.055720308699999749e-02,4.209352437899999827e-02,4.276804381899999841e-02,4.395916988299999884e-02,4.450508540700000293e-02,4.496313452600000232e-02,4.528177530400000206e-02,4.572077737800000347e-02,4.614761353800000271e-02,4.610235765699999960e-02,4.621791839799999774e-02,4.792772009799999705e-02,4.876003049600000083e-02,4.847804203600000056e-02,4.994769115799999742e-02,5.031883658099999684e-02,4.969077446999999731e-02,4.844033087400000104e-02,5.000476832399999849e-02,4.902045375800000160e-02,4.846912733500000070e-02,4.752535033500000089e-02,4.804344139700000155e-02,4.949298023100000277e-02,4.842112955899999932e-02,4.640624594599999930e-02,4.840543111299999701e-02,4.958220311900000260e-02
CFxiw,0.000000000000000000e+00,1.780899014300000097e-02,1.580148611499999911e-02,9.796115463999999218e-03,6.156282150000000168e-03,2.707154423500000157e-02,2.688621884800000000e-02,2.017770266600000043e-02,2.883684518200000171e-02,3.002868158099999962e-02,2.921871239100000059e-02,3.176612164400000049e-02,3.515865338000000173e-02,3.428384519699999994e-02,3.686105683399999722e-02,3.690774511500000132e-02,3.497995484400000243e-02,3.791955425199999841e-02,3.784226539300000053e-02,3.986648444899999755e-02,4.085279581799999837e-02,4.145412069099999736e-02,4.179252234900000113e-02,4.217264125299999972e-02,4.243041403500000253e-02,4.278267428399999683e-02,4.305992947400000270e-02,4.318707574700000190e-02,4.303186558199999928e-02,4.239050066700000147e-02,4.272100477099999988e-02,4.345611043300000309e-02,4.327642528200000005e-02,4.345541712400000089e-02,4.376358308600000052e-02,4.235171951100000221e-02,4.260356894999999672e-02,4.274522912800000213e-02,4.374797668899999686e-02,4.593325066199999834e-02
CFxo,2.020223105000000172e-02,3.236547024300000241e-02,3.255775954500000208e-02,3.253962616299999749e-02,3.271691234299999723e-02,3.266327235899999654e-02,3.238289593799999894e-02,3.239289503400000214e-02,3.235031735399999941e-02,3.223435072800000245e-02,3.220893329700000307e-02,3.216586943900000273e-02,3.210797556600000074e-02,3.201516337799999862e-02,3.194499222399999755e-02,3.186843612500000339e-02,3.185081002500000230e-02,3.182510139800000248e-02,3.179547391499999709e-02,3.172763479299999662e-02,3.168983948700000025e-02,3.169011531299999879e-02,3.167176757399999681e-02,3.165255274199999663e-02,3.163344628800000141e-02,3.161444493599999822e-02,3.160076281199999948e-02,3.159857731299999667e-02,3.159495631400000004e-02,3.161626877899999938e-02,3.160353801900000342e-02,3.160705452299999996e-02,3.158748614899999779e-02,3.159319302400000196e-02,3.157945781299999893e-02,3.158260577900000310e-02,3.159841878200000259e-02,3.157481283099999869e-02,3.158253566799999745e-02,3.148633459999999884e-02
CFxtot,2.020223105000000172e-02,7.061724412400000039e-02,7.083447626800000452e-02,7.237976834800000092e-02,6.626765855199999444e-02,6.895528225199999695e-02,7.063311283400000584e-02,6.924823314799999352e-02,6.853358408399999602e-02,7.068369677300000153e-02,7.121371582400000400e-02,7.204259245499999853e-02,7.266517865400000387e-02,7.410868775699999689e-02,7.471303604300000289e-02,7.582760600900000092e-02,7.635589543199999829e-02,7.678823592399999787e-02,7.707724922000000478e-02,7.744841216999999445e-02,7.783745302399999733e-02,7.779247296999999839e-02,7.788968597300000019e-02,7.958027283999999368e-02,8.039347678399999531e-02,8.009248697199999878e-02,8.154845396899999821e-02,8.191741389399999351e-02,8.128573078400000429e-02,8.005659965299999348e-02,8.160830634299999498e-02,8.062750828100000156e-02,8.005661348400000543e-02,7.911854335899999591e-02,7.962289921100000611e-02,8.107558601000000587e-02,8.001954834199999367e-02,7.798105877800000363e-02,7.998796678099999446e-02,8.106853771899999450e-02
CFxwtot,2.020223105000000172e-02,5.017446038699999861e-02,4.835924566000000119e-02,4.233574162699999671e-02,3.887319449300000174e-02,5.973481659399999810e-02,5.926911478599999894e-02,5.257059769999999910e-02,6.118716253599999766e-02,6.226303230900000207e-02,6.142764568800000019e-02,6.393199108199999758e-02,6.726662894599999554e-02,6.629900857499999856e-02,6.880604905800000171e-02,6.877618123999999777e-02,6.683076487000000343e-02,6.974465564899999526e-02,6.963773930899999631e-02,7.159411924099999547e-02,7.254263530500000556e-02,7.314423600399999614e-02,7.346428992299999794e-02,7.382519399499999635e-02,7.406386032299999700e-02,7.439711922000000199e-02,7.466069228600000218e-02,7.478565305999999857e-02,7.462682189600000626e-02,7.400676944600000084e-02,7.432454278899999767e-02,7.506316495699999480e-02,7.486391143199999654e-02,7.504861014800000285e-02,7.534304090000000509e-02,7.393432528899999967e-02,7.420198773199999931e-02,7.432004195899999388e-02,7.533051235700000126e-02,7.741958526200000412e-02
CFyi,0.000000000000000000e+00,6.616655560000000297e-04,7.374759409999999491e-04,4.694714649999999902e-04,9.962635189999999308e-04,5.998361210000000259e-04,8.867259249999999817e-04,9.826178569999999106e-04,6.443675379999999836e-04,1.167914269999999937e-03,2.630480949999999926e-04,3.028764990000000035e-04,4.782927529999999802e-04,1.049780669000000086e-03,1.304780648999999968e-03,1.342800662000000070e-03,7.197137639999999547e-04,9.368408530000000428e-04,1.109155602000000103e-03,9.080506410000000221e-04,1.553680764999999971e-03,1.325237799000000003e-03,1.134138924000000024e-03,8.779536909999999510e-04,1.333034038999999929e-03,9.175642540000000140e-04,1.795981043999999921e-03,1.929215118999999925e-03,6.661805589999999838e-04,6.065946979000000003e-03,3.674531193000000074e-03,3.008630730000000104e-03,2.732649188999999867e-03,2.438796067000000185e-03,2.280148608999999806e-03,2.277819556999999880e-03,2.342740013999999784e-03,-3.362106820999999877e-03,-2.218681875000000098e-03,1.705636900000000048e-03
CFyiw,0.000000000000000000e+00,6.704129849999999717e-04,5.927285690000000514e-04,6.393433970000000476e-04,7.658820449999999931e-04,8.073229920000000136e-04,7.504517539999999839e-04,4.128395279999999730e-04,6.922936610000000358e-04,3.160625309999999760e-04,7.239387259999999517e-04,7.818476150000000470e-04,9.606724149999999480e-04,1.005697345999999976e-03,8.559020289999999575e-04,8.215973340000000489e-04,6.550671589999999692e-04,1.098797786999999989e-03,1.110601333000000093e-03,1.095912326000000100e-03,1.096141011000000085e-03,1.046707600000000007e-03,1.074443523000000091e-03,1.092869681000000100e-03,1.166359449999999996e-03,1.341847492999999943e-03,1.327370634000000094e-03,1.439429119000000057e-03,1.554661883000000092e-03,1.864289067000000043e-03,2.425061922999999838e-03,2.272273748000000048e-03,2.039848671999999839e-03,1.983571963000000000e-03,1.966064699999999811e-03,1.704253105999999985e-03,1.407432397000000059e-03,1.448063888000000006e-03,1.799614844000000042e-03,2.372620133000000100e-03
CFyo,0.000000000000000000e+00,2.084100000000000113e-08,-7.994000000000000312e-09,-1.446099999999999959e-08,-2.392099999999999960e-08,-3.287000000000000250e-08,-3.404800000000000154e-08,-3.265400000000000242e-08,-4.075199999999999989e-08,-3.733099999999999858e-08,-4.198799999999999852e-08,-4.308599999999999949e-08,-4.726899999999999797e-08,-4.762100000000000006e-08,-4.447200000000000276e-08,-4.161999999999999814e-08,-4.060200000000000186e-08,-4.088200000000000172e-08,-4.168200000000000227e-08,-4.085499999999999757e-08,-3.815000000000000081e-08,-3.533900000000000297e-08,-4.118600000000000232e-08,-4.442199999999999901e-08,-4.688499999999999929e-08,-5.247300000000000274e-08,-5.421100000000000150e-08,-5.763999999999999865e-08,-6.630100000000000586e-08,-6.865199999999999826e-08,-7.068399999999999952e-08,-7.330300000000000464e-08,-7.732700000000000150e-08,-7.996400000000000056e-08,-8.403299999999999550e-08,-8.561999999999999509e-08,-8.756700000000000584e-08,-9.081200000000000611e-08,-9.167300000000000303e-08,-8.789799999999999735e-08
CFytot,0.000000000000000000e+00,6.616863970000000199e-04,7.374679470000000160e-04,4.694570049999999815e-04,9.962395980000001046e-04,5.998032509999999626e-04,8.866918769999999634e-04,9.825852030000000684e-04,6.443267859999999734e-04,1.167876939999999914e-03,2.630061069999999881e-04,3.028334129999999953e-04,4.782454829999999938e-04,1.049733047999999985e-03,1.304736177000000077e-03,1.342759042000000059e-03,7.196731609999999996e-04,9.367999710000000100e-04,1.109113918999999910e-03,9.080097859999999898e-04,1.553642614999999972e-03,1.325202460000000047e-03,1.134097737000000017e-03,8.779092689999999687e-04,1.332987153999999922e-03,9.175117810000000011e-04,1.795926832999999914e-03,1.929157478999999958e-03,6.661142590000000349e-04,6.065878327000000236e-03,3.674460509000000187e-03,3.008557426999999840e-03,2.732571861000000074e-03,2.438716103000000083e-03,2.280064575999999916e-03,2.277733936999999827e-03,2.342652448000000134e-03,-3.362197633000000001e-03,-2.218773547999999818e-03,1.705549001999999989e-03
CFywtot,0.000000000000000000e+00,6.704338249999999659e-04,5.927205760000000059e-04,6.393289370000000390e-04,7.658581239999999500e-04,8.072901229999999463e-04,7.504177059999999656e-04,4.128068740000000224e-04,6.922529090000000256e-04,3.160252010000000073e-04,7.238967380000000014e-04,7.818045280000000428e-04,9.606251459999999576e-04,1.005649725000000091e-03,8.558575559999999621e-04,8.215557140000000376e-04,6.550265560000000141e-04,1.098756905000000065e-03,1.110559650999999896e-03,1.095871471000000067e-03,1.096102861000000086e-03,1.046672261000000052e-03,1.074402336000000084e-03,1.092825259000000009e-03,1.166312564999999989e-03,1.341795019999999930e-03,1.327316423000000087e-03,1.439371479000000091e-03,1.554595582000000038e-03,1.864220415000000059e-03,2.424991237999999955e-03,2.272200444999999784e-03,2.039771344000000045e-03,1.983491998999999898e-03,1.965980665999999925e-03,1.704167485999999931e-03,1.407344830999999975e-03,1.447973076000000098e-03,1.799523171000000105e-03,2.372532235000000041e-03
CFzi,0.000000000000000000e+00,1.339857267558000053e+00,1.285076011769000104e+00,1.260625790958999959e+00,1.214704352627999917e+00,1.224122614559999933e+00,1.268303736305999907e+00,1.268473111942000076e+00,1.266895114313000059e+00,1.274965949513999997e+00,1.268755900865000008e+00,1.261923064227999935e+00,1.263043715250999899e+00,1.270082084448000082e+00,1.272803901749999911e+00,1.281343541795000096e+00,1.268854086099000078e+00,1.268255815784999907e+00,1.270579633047999923e+00,1.284890733057000078e+00,1.298141384340000037e+00,1.299468641725000095e+00,1.301932224148000028e+00,1.308942603998999976e+00,1.315334952081000042e+00,1.319475701573999959e+00,1.318046605449999964e+00,1.314406335578000018e+00,1.307739578659000035e+00,1.294201334914000023e+00,1.293198384004000001e+00,1.287349515799999899e+00,1.293106938126999950e+00,1.291712186003000085e+00,1.299424541629000007e+00,1.300710360969000057e+00,1.299198986546000079e+00,1.302556643293000027e+00,1.308159327677999917e+00,1.350450194415000027e+00
CFziw,0.000000000000000000e+00,1.448487206915000103e+00,1.405023865575999897e+00,1.402880102144999919e+00,1.366809185721999942e+00,1.372627475335000069e+00,1.408749376555000099e+00,1.398166080650999898e+00,1.396107811930000109e+00,1.406312284049999972e+00,1.401780532649000044e+00,1.397426921989999959e+00,1.402252143464999934e+00,1.410820555599000103e+00,1.418533431399999989e+00,1.429717264150000000e+00,1.423980684318999934e+00,1.424534921248999941e+00,1.428803095036000004e+00,1.441068834865999904e+00,1.452541461182000004e+00,1.453751325090000046e+00,1.455957795296999979e+00,1.459831541048000059e+00,1.463884857217000013e+00,1.465863027166000032e+00,1.469946604320000016e+00,1.468370709603999957e+00,1.464079978635000057e+00,1.450896853581000068e+00,1.452082976298999961e+00,1.447557365525999895e+00,1.453798690700000007e+00,1.450672579502999993e+00,1.455842264122999996e+00,1.455227295530999942e+00,1.450540922707999947e+00,1.459035540301999889e+00,1.457099873948999980e+00,1.490306117202000014e+00
CFzo,-9.627395690000000025e-04,-1.900258931999999901e-03,-1.899762746999999986e-03,-1.898817966999999949e-03,-1.896549858000000019e-03,-1.894546244000000100e-03,-1.891835286000000073e-03,-1.888598128999999931e-03,-1.885176869999999902e-03,-1.881311634999999942e-03,-1.878318422999999959e-03,-1.874736646999999911e-03,-1.872758472000000040e-03,-1.869318869000000018e-03,-1.866830316999999913e-03,-1.864662095000000058e-03,-1.862904508000000001e-03,-1.861182987000000030e-03,-1.860324945999999912e-03,-1.858846793000000020e-03,-1.858958076000000095e-03,-1.859217428000000056e-03,-1.858445147000000082e-03,-1.857887389000000087e-03,-1.857454188000000036e-03,-1.856723641000000051e-03,-1.856504181000000068e-03,-1.856265645999999976e-03,-1.855427563999999903e-03,-1.855007789999999976e-03,-1.854442506999999908e-03,-1.854137120000000014e-03,-1.853841887000000094e-03,-1.853689876999999910e-03,-1.853626139000000023e-03,-1.853596658000000079e-03,-1.853486033999999973e-03,-1.853398418000000089e-03,-1.853377751000000054e-03,-1.854346368000000037e-03
CFztot,-9.627395690000000025e-04,1.337957008625999977e+00,1.283176249022000004e+00,1.258726972991000004e+00,1.212807802769999999e+00,1.222228068316999927e+00,1.266411901020999986e+00,1.266584513813000079e+00,1.265009937444000032e+00,1.273084637878999947e+00,1.266877582441999994e+00,1.260048327582000027e+00,1.261170956778999930e+00,1.268212765578000001e+00,1.270937071432999943e+00,1.279478879700000071e+00,1.266991181592000082e+00,1.266394632799000108e+00,1.268719308102000065e+00,1.283031886265000088e+00,1.296282426264999899e+00,1.297609424296999991e+00,1.300073779000999963e+00,1.307084716609999919e+00,1.313477497894000035e+00,1.317618977933000091e+00,1.316190101269000046e+00,1.312550069932000074e+00,1.305884151094999890e+00,1.292346327124000105e+00,1.291343941497000047e+00,1.285495378680999945e+00,1.291253096239999953e+00,1.289858496126000009e+00,1.297570915491000010e+00,1.298856764311000056e+00,1.297345500512000038e+00,1.300703244874999998e+00,1.306305949926999999e+00,1.348595848046999945e+00
CFzwtot,-9.627395690000000025e-04,1.446586947983000027e+00,1.403124102829000019e+00,1.400981284176999964e+00,1.364912635864000023e+00,1.370732929090999974e+00,1.406857541269000089e+00,1.396277482521999902e+00,1.394222635059999993e+00,1.404430972414000056e+00,1.399902214226000030e+00,1.395552185342999962e+00,1.400379384994000054e+00,1.408951236729999890e+00,1.416666601083000021e+00,1.427852602054999975e+00,1.422117779811000071e+00,1.422673738262000054e+00,1.426942770089999923e+00,1.439209988073000046e+00,1.450682503107000088e+00,1.451892107661999942e+00,1.454099350149999914e+00,1.457973653659000002e+00,1.462027403030000006e+00,1.464006303524999941e+00,1.468090100139000098e+00,1.466514443958000014e+00,1.462224551070999912e+00,1.449041845790000060e+00,1.450228533792000007e+00,1.445703228406999941e+00,1.451944848813000011e+00,1.448818889625999917e+00,1.453988637983999910e+00,1.453373698872999942e+00,1.448687436674999995e+00,1.457182141884000082e+00,1.455246496198000061e+00,1.488451770833999932e+00
CLi,0.000000000000000000e+00,1.339857267558000053e+00,1.285076011769000104e+00,1.260625790958999959e+00,1.214704352627999917e+00,1.224122614559999933e+00,1.268303736305999907e+00,1.268473111942000076e+00,1.266895114313000059e+00,1.274965949513999997e+00,1.268755900865000008e+00,1.261923064227999935e+00,1.263043715250999899e+00,1.270082084448000082e+00,1.272803901749999911e+00,1.281343541795000096e+00,1.268854086099000078e+00,1.268255815784999907e+00,1.270579633047999923e+00,1.284890733057000078e+00,1.298141384340000037e+00,1.299468641725000095e+00,1.301932224148000028e+00,1.308942603998999976e+00,1.315334952081000042e+00,1.319475701573999959e+00,1.318046605449999964e+00,1.314406335578000018e+00,1.307739578659000035e+00,1.294201334914000023e+00,1.293198384004000001e+00,1.287349515799999899e+00,1.293106938126999950e+00,1.291712186003000085e+00,1.299424541629000007e+00,1.300710360969000057e+00,1.299198986546000079e+00,1.302556643293000027e+00,1.308159327677999917e+00,1.350450194415000027e+00
CLiw,0.000000000000000000e+00,1.448487206915000103e+00,1.405023865575999897e+00,1.402880102144999919e+00,1.366809185721999942e+00,1.372627475335000069e+00,1.408749376555000099e+00,1.398166080650999898e+00,1.396107811930000109e+00,1.406312284049999972e+00,1.401780532649000044e+00,1.397426921989999959e+00,1.402252143464999934e+00,1.410820555599000103e+00,1.418533431399999989e+00,1.429717264150000000e+00,1.423980684318999934e+00,1.424534921248999941e+00,1.428803095036000004e+00,1.441068834865999904e+00,1.452541461182000004e+00,1.453751325090000046e+00,1.455957795296999979e+00,1.459831541048000059e+00,1.463884857217000013e+00,1.465863027166000032e+00,1.469946604320000016e+00,1.468370709603999957e+00,1.464079978635000057e+00,1.450896853581000068e+00,1.452082976298999961e+00,1.447557365525999895e+00,1.453798690700000007e+00,1.450672579502999993e+00,1.455842264122999996e+00,1.455227295530999942e+00,1.450540922707999947e+00,1.459035540301999889e+00,1.457099873948999980e+00,1.490306117202000014e+00
CLo,-9.627395690000000025e-04,-1.900258931999999901e-03,-1.899762746999999986e-03,-1.898817966999999949e-03,-1.896549858000000019e-03,-1.894546244000000100e-03,-1.891835286000000073e-03,-1.888598128999999931e-03,-1.885176869999999902e-03,-1.881311634999999942e-03,-1.878318422999999959e-03,-1.874736646999999911e-03,-1.872758472000000040e-03,-1.869318869000000018e-03,-1.866830316999999913e-03,-1.864662095000000058e-03,-1.862904508000000001e-03,-1.861182987000000030e-03,-1.860324945999999912e-03,-1.858846793000000020e-03,-1.858958076000000095e-03,-1.859217428000000056e-03,-1.858445147000000082e-03,-1.857887389000000087e-03,-1.857454188000000036e-03,-1.856723641000000051e-03,-1.856504181000000068e-03,-1.856265645999999976e-03,-1.855427563999999903e-03,-1.855007789999999976e-03,-1.854442506999999908e-03,-1.854137120000000014e-03,-1.853841887000000094e-03,-1.853689876999999910e-03,-1.853626139000000023e-03,-1.853596658000000079e-03,-1.853486033999999973e-03,-1.853398418000000089e-03,-1.853377751000000054e-03,-1.854346368000000037e-03
CLtot,-9.627395690000000025e-04,1.337957008625999977e+00,1.283176249022000004e+00,1.258726972991000004e+00,1.212807802769999999e+00,1.222228068316999927e+00,1.266411901020999986e+00,1.266584513813000079e+00,1.265009937444000032e+00,1.273084637878999947e+00,1.266877582441999994e+00,1.260048327582000027e+00,1.261170956778999930e+00,1.268212765578000001e+00,1.270937071432999943e+00,1.279478879700000071e+00,1.266991181592000082e+00,1.266394632799000108e+00,1.268719308102000065e+00,1.283031886265000088e+00,1.296282426264999899e+00,1.297609424296999991e+00,1.300073779000999963e+00,1.307084716609999919e+00,1.313477497894000035e+00,1.317618977933000091e+00,1.316190101269000046e+00,1.312550069932000074e+00,1.305884151094999890e+00,1.292346327124000105e+00,1.291343941497000047e+00,1.285495378680999945e+00,1.291253096239999953e+00,1.289858496126000009e+00,1.297570915491000010e+00,1.298856764311000056e+00,1.297345500512000038e+00,1.300703244874999998e+00,1.306305949926999999e+00,1.348595848046999945e+00
CLwtot,-9.627395690000000025e-04,1.446586947983000027e+00,1.403124102829000019e+00,1.400981284176999964e+00,1.364912635864000023e+00,1.370732929090999974e+00,1.406857541269000089e+00,1.396277482521999902e+00,1.394222635059999993e+00,1.404430972414000056e+00,1.399902214226000030e+00,1.395552185342999962e+00,1.400379384994000054e+00,1.408951236729999890e+00,1.416666601083000021e+00,1.427852602054999975e+00,1.422117779811000071e+00,1.422673738262000054e+00,1.426942770089999923e+00,1.439209988073000046e+00,1.450682503107000088e+00,1.451892107661999942e+00,1.454099350149999914e+00,1.457973653659000002e+00,1.462027403030000006e+00,1.464006303524999941e+00,1.468090100139000098e+00,1.466514443958000014e+00,1.462224551070999912e+00,1.449041845790000060e+00,1.450228533792000007e+00,1.445703228406999941e+00,1.451944848813000011e+00,1.448818889625999917e+00,1.453988637983999910e+00,1.453373698872999942e+00,1.448687436674999995e+00,1.457182141884000082e+00,1.455246496198000061e+00,1.488451770833999932e+00
CMxi,0.000000000000000000e+00,-2.232901000000000070e-06,-4.114130449999999959e-04,-4.589463220000000211e-04,-7.226074550000000270e-04,-7.788694789999999965e-04,-7.986135739999999754e-04,-7.691823539999999770e-04,-1.042865513999999922e-03,-9.120665580000000524e-04,-1.490729606000000063e-03,-6.361224060000000369e-04,-9.666911949999999710e-04,-9.283013049999999482e-04,-1.147000689000000082e-03,-1.004661848000000090e-03,-9.559182270000000058e-04,-5.889423650000000189e-04,-8.232278810000000007e-04,-9.521763790000000024e-04,-8.977562799999999534e-04,-1.096292256000000074e-03,-1.175312127999999894e-03,-1.218752493000000011e-03,-1.275015952000000102e-03,-1.494625167000000060e-03,-1.615997558000000032e-03,-1.631172227999999917e-03,-1.724824949999999909e-03,-1.721649830999999941e-03,-9.898358599999999233e-04,-2.023703177000000120e-03,-2.011943710000000177e-03,-2.260471558999999943e-03,-2.276097285000000092e-03,-2.351136936999999923e-03,-2.876002613000000051e-03,-2.782340343999999827e-03,-2.669717491000000043e-03,-1.993670268000000134e-03
CMxo,-0.000000000000000000e+00,-2.217119999999999937e-07,5.711200000000000213e-08,9.249599999999999657e-08,1.657190000000000031e-07,2.244290000000000041e-07,2.293320000000000051e-07,1.952530000000000081e-07,2.580969999999999850e-07,2.307719999999999968e-07,2.639010000000000018e-07,2.786880000000000137e-07,2.995419999999999965e-07,3.192160000000000177e-07,3.085479999999999912e-07,2.872260000000000072e-07,2.799179999999999791e-07,2.843820000000000116e-07,2.876569999999999930e-07,2.940599999999999743e-07,2.799840000000000010e-07,2.716999999999999779e-07,2.966759999999999760e-07,3.148970000000000172e-07,3.351670000000000260e-07,3.790990000000000252e-07,3.899369999999999797e-07,4.164720000000000251e-07,4.766889999999999879e-07,4.932360000000000367e-07,5.118559999999999745e-07,5.321060000000000135e-07,5.625749999999999669e-07,5.815800000000000501e-07,6.148650000000000203e-07,6.261359999999999628e-07,6.378610000000000496e-07,6.620740000000000031e-07,6.664689999999999839e-07,6.496520000000000524e-07
CMxtot,-0.000000000000000000e+00,-2.454612999999999905e-06,-4.113559329999999796e-04,-4.588538250000000164e-04,-7.224417349999999807e-04,-7.786450500000000269e-04,-7.983842419999999732e-04,-7.689871009999999776e-04,-1.042607416999999934e-03,-9.118357849999999534e-04,-1.490465705000000064e-03,-6.358437170000000391e-04,-9.663916520000000350e-04,-9.279820890000000169e-04,-1.146692141000000024e-03,-1.004374622000000052e-03,-9.556383090000000399e-04,-5.886579830000000010e-04,-8.229402239999999502e-04,-9.518823189999999499e-04,-8.974762960000000345e-04,-1.096020556000000014e-03,-1.175015452000000103e-03,-1.218437595999999953e-03,-1.274680784999999940e-03,-1.494246068000000018e-03,-1.615607620999999928e-03,-1.630755756000000023e-03,-1.724348260999999938e-03,-1.721156593999999956e-03,-9.893240039999999600e-04,-2.023171070999999974e-03,-2.011381134999999914e-03,-2.259889979000000160e-03,-2.275482420000000169e-03,-2.350510801999999930e-03,-2.875364752000000076e-03,-2.781678269999999890e-03,-2.669051021999999888e-03,-1.993020616000000002e-03
CMyi,0.000000000000000000e+00,6.574001438990000334e-01,8.194129831499999961e-01,9.009643560540000484e-01,1.039107647508000110e+00,1.000064016732999939e+00,8.425461337459999589e-01,8.294083181000000415e-01,8.266832274740000264e-01,7.860355981040000328e-01,7.969333053510000431e-01,8.087474689179999787e-01,7.990251492080000517e-01,7.699612867099999702e-01,7.577081698530000464e-01,7.245299484539999835e-01,7.626070840480000390e-01,7.610176361260000411e-01,7.518647893509999847e-01,7.020799748429999987e-01,6.589878321180000498e-01,6.553268153760000159e-01,6.463459182959999660e-01,6.256208334599999699e-01,6.037877499470000187e-01,5.860534743509999700e-01,5.908270654659999455e-01,6.003562364140000440e-01,6.185503281149999921e-01,6.617936384979999920e-01,6.641282204909999543e-01,6.824778491280000248e-01,6.618246831270000463e-01,6.661987934949999968e-01,6.409756723589999927e-01,6.356370130620000447e-01,6.370789132930000376e-01,6.285926422080000409e-01,6.120759942379999652e-01,4.797426598749999771e-01
CMyo,9.827032617999999567e-03,1.568154776500000139e-02,1.576359317299999910e-02,1.575555918700000113e-02,1.582977789500000093e-02,1.580604798900000010e-02,1.568525269900000046e-02,1.568749863800000116e-02,1.566725554500000145e-02,1.561527312299999977e-02,1.560249282899999965e-02,1.558170419199999927e-02,1.555580377899999991e-02,1.551392393799999950e-02,1.548235730300000050e-02,1.544840472399999949e-02,1.543971159500000072e-02,1.542756344000000002e-02,1.541433712200000056e-02,1.538419680899999996e-02,1.536800643099999961e-02,1.536817200099999982e-02,1.535992735400000010e-02,1.535141214600000033e-02,1.534294499499999978e-02,1.533427291299999974e-02,1.532833214099999994e-02,1.532723370900000021e-02,1.532505880200000017e-02,1.533378872100000026e-02,1.532796056200000021e-02,1.532919748199999994e-02,1.532055476899999921e-02,1.532279883399999959e-02,1.531680784500000052e-02,1.531809323299999914e-02,1.532469984800000073e-02,1.531452633100000016e-02,1.531777431800000061e-02,1.527758044499999933e-02
CMytot,9.827032617999999567e-03,6.730816916640000036e-01,8.351765763220000416e-01,9.167199152399999607e-01,1.054937425402999951e+00,1.015870064722999899e+00,8.582313864449999663e-01,8.450958167380000496e-01,8.423504830189999515e-01,8.016508712269999615e-01,8.125357981799999907e-01,8.243291731109999576e-01,8.145809529869999510e-01,7.854752106479999663e-01,7.731905271569999849e-01,7.399783531779999812e-01,7.780467956430000553e-01,7.764451995659999994e-01,7.672791264730000060e-01,7.174641716509999601e-01,6.743558385479999640e-01,6.706949873780000404e-01,6.617058456500000130e-01,6.409722456059999685e-01,6.191306949420000150e-01,6.013877472649999945e-01,6.061553976069999905e-01,6.156834701229999540e-01,6.338753869169999611e-01,6.771274272189999888e-01,6.794561810529999857e-01,6.978070466100000369e-01,6.771452378960000074e-01,6.815215923290000033e-01,6.562924802039999950e-01,6.509551062949999745e-01,6.524036131410000383e-01,6.439071685389999855e-01,6.273937685560000421e-01,4.950202403200000267e-01
CMzi,0.000000000000000000e+00,2.088713699999999985e-04,2.619979520000000235e-04,1.795924469999999869e-04,3.745032230000000192e-04,2.347771690000000078e-04,3.414053619999999917e-04,3.877032719999999816e-04,2.697571079999999742e-04,4.712625540000000245e-04,1.325771230000000113e-04,1.189688040000000028e-04,1.896209299999999877e-04,4.122740999999999971e-04,5.000854670000000248e-04,5.145989120000000507e-04,2.795078430000000119e-04,3.337063349999999824e-04,4.121791499999999820e-04,3.380340389999999758e-04,5.730010060000000419e-04,4.942336580000000366e-04,4.293872419999999958e-04,3.343972840000000073e-04,5.055832249999999556e-04,3.562445229999999970e-04,6.854441739999999608e-04,7.351631519999999838e-04,2.007524779999999925e-04,2.490437336999999814e-03,1.363896422999999903e-03,1.156971545999999898e-03,1.020730450000000011e-03,9.398704689999999541e-04,8.741283159999999877e-04,8.715573589999999924e-04,9.608839659999999843e-04,-1.206066927999999974e-03,-8.280192980000000442e-04,5.836260330000000432e-04
CMzo,-1.559799999999999978e-07,-4.472187000000000419e-06,-3.642339999999999778e-07,8.357799999999999573e-08,4.628099999999999997e-07,1.279466999999999925e-06,1.699641000000000072e-06,1.277876000000000054e-06,8.972330000000000246e-07,1.229951000000000000e-06,-1.305049999999999897e-06,3.818155000000000377e-06,2.405222999999999858e-06,3.296266000000000011e-06,2.295051999999999791e-06,2.524719000000000044e-06,2.448391000000000103e-06,4.096428999999999603e-06,3.436247000000000052e-06,3.018745000000000182e-06,2.728429000000000165e-06,2.019060999999999844e-06,2.116361000000000166e-06,2.376205000000000147e-06,2.572203999999999810e-06,2.759026000000000052e-06,3.024157000000000072e-06,3.349673000000000192e-06,3.823904000000000040e-06,5.447562000000000377e-06,7.203180999999999602e-06,4.560092000000000385e-06,5.298898999999999968e-06,4.814199000000000187e-06,5.450477000000000162e-06,5.536242000000000348e-06,3.386771999999999987e-06,3.392339999999999948e-06,5.614157999999999654e-06,8.425066999999999748e-06
CMztot,-1.559799999999999978e-07,2.043991829999999930e-04,2.616337179999999978e-04,1.796760249999999870e-04,3.749660329999999911e-04,2.360566360000000111e-04,3.431050020000000079e-04,3.889811479999999997e-04,2.706543409999999936e-04,4.724925050000000171e-04,1.312720729999999924e-04,1.227869589999999896e-04,1.920261529999999926e-04,4.155703659999999814e-04,5.023805189999999568e-04,5.171236309999999474e-04,2.819562340000000226e-04,3.378027649999999814e-04,4.156153959999999738e-04,3.410527850000000076e-04,5.757294349999999726e-04,4.962527200000000282e-04,4.315036029999999947e-04,3.367734890000000070e-04,5.081554289999999554e-04,3.590035490000000203e-04,6.884683310000000011e-04,7.385128250000000437e-04,2.045763820000000060e-04,2.495884900000000170e-03,1.371099603999999944e-03,1.161531637999999988e-03,1.026029350000000036e-03,9.446846680000000381e-04,8.795787929999999760e-04,8.770936000000000010e-04,9.642707390000000104e-04,-1.202674586999999970e-03,-8.224051399999999937e-04,5.920510990000000520e-04
CSi,0.000000000000000000e+00,6.616655560000000297e-04,7.374759409999999491e-04,4.694714649999999902e-04,9.962635189999999308e-04,5.998361210000000259e-04,8.867259249999999817e-04,9.826178569999999106e-04,6.443675379999999836e-04,1.167914269999999937e-03,2.630480949999999926e-04,3.028764990000000035e-04,4.782927529999999802e-04,1.049780669000000086e-03,1.304780648999999968e-03,1.342800662000000070e-03,7.197137639999999547e-04,9.368408530000000428e-04,1.109155602000000103e-03,9.080506410000000221e-04,1.553680764999999971e-03,1.325237799000000003e-03,1.134138924000000024e-03,8.779536909999999510e-04,1.333034038999999929e-03,9.175642540000000140e-04,1.795981043999999921e-03,1.929215118999999925e-03,6.661805589999999838e-04,6.065946979000000003e-03,3.674531193000000074e-03,3.008630730000000104e-03,2.732649188999999867e-03,2.438796067000000185e-03,2.280148608999999806e-03,2.277819556999999880e-03,2.342740013999999784e-03,-3.362106820999999877e-03,-2.218681875000000098e-03,1.705636900000000048e-03
CSiw,0.000000000000000000e+00,6.704129849999999717e-04,5.927285690000000514e-04,6.393433970000000476e-04,7.658820449999999931e-04,8.073229920000000136e-04,7.504517539999999839e-04,4.128395279999999730e-04,6.922936610000000358e-04,3.160625309999999760e-04,7.239387259999999517e-04,7.818476150000000470e-04,9.606724149999999480e-04,1.005697345999999976e-03,8.559020289999999575e-04,8.215973340000000489e-04,6.550671589999999692e-04,1.098797786999999989e-03,1.110601333000000093e-03,1.095912326000000100e-03,1.096141011000000085e-03,1.046707600000000007e-03,1.074443523000000091e-03,1.092869681000000100e-03,1.166359449999999996e-03,1.341847492999999943e-03,1.327370634000000094e-03,1.439429119000000057e-03,1.554661883000000092e-03,1.864289067000000043e-03,2.425061922999999838e-03,2.272273748000000048e-03,2.039848671999999839e-03,1.983571963000000000e-03,1.966064699999999811e-03,1.704253105999999985e-03,1.407432397000000059e-03,1.448063888000000006e-03,1.799614844000000042e-03,2.372620133000000100e-03
CSo,0.000000000000000000e+00,2.084100000000000113e-08,-7.994000000000000312e-09,-1.446099999999999959e-08,-2.392099999999999960e-08,-3.287000000000000250e-08,-3.404800000000000154e-08,-3.265400000000000242e-08,-4.075199999999999989e-08,-3.733099999999999858e-08,-4.198799999999999852e-08,-4.308599999999999949e-08,-4.726899999999999797e-08,-4.762100000000000006e-08,-4.447200000000000276e-08,-4.161999999999999814e-08,-4.060200000000000186e-08,-4.088200000000000172e-08,-4.168200000000000227e-08,-4.085499999999999757e-08,-3.815000000000000081e-08,-3.533900000000000297e-08,-4.118600000000000232e-08,-4.442199999999999901e-08,-4.688499999999999929e-08,-5.247300000000000274e-08,-5.421100000000000150e-08,-5.763999999999999865e-08,-6.630100000000000586e-08,-6.865199999999999826e-08,-7.068399999999999952e-08,-7.330300000000000464e-08,-7.732700000000000150e-08,-7.996400000000000056e-08,-8.403299999999999550e-08,-8.561999999999999509e-08,-8.756700000000000584e-08,-9.081200000000000611e-08,-9.167300000000000303e-08,-8.789799999999999735e-08
CStot,0.000000000000000000e+00,6.616863970000000199e-04,7.374679470000000160e-04,4.694570049999999815e-04,9.962395980000001046e-04,5.998032509999999626e-04,8.866918769999999634e-04,9.825852030000000684e-04,6.443267859999999734e-04,1.167876939999999914e-03,2.630061069999999881e-04,3.028334129999999953e-04,4.782454829999999938e-04,1.049733047999999985e-03,1.304736177000000077e-03,1.342759042000000059e-03,7.196731609999999996e-04,9.367999710000000100e-04,1.109113918999999910e-03,9.080097859999999898e-04,1.553642614999999972e-03,1.325202460000000047e-03,1.134097737000000017e-03,8.779092689999999687e-04,1.332987153999999922e-03,9.175117810000000011e-04,1.795926832999999914e-03,1.929157478999999958e-03,6.661142590000000349e-04,6.065878327000000236e-03,3.674460509000000187e-03,3.008557426999999840e-03,2.732571861000000074e-03,2.438716103000000083e-03,2.280064575999999916e-03,2.277733936999999827e-03,2.342652448000000134e-03,-3.362197633000000001e-03,-2.218773547999999818e-03,1.705549001999999989e-03
CSwtot,0.000000000000000000e+00,6.704338249999999659e-04,5.927205760000000059e-04,6.393289370000000390e-04,7.658581239999999500e-04,8.072901229999999463e-04,7.504177059999999656e-04,4.128068740000000224e-04,6.922529090000000256e-04,3.160252010000000073e-04,7.238967380000000014e-04,7.818045280000000428e-04,9.606251459999999576e-04,1.005649725000000091e-03,8.558575559999999621e-04,8.215557140000000376e-04,6.550265560000000141e-04,1.098756905000000065e-03,1.110559650999999896e-03,1.095871471000000067e-03,1.096102861000000086e-03,1.046672261000000052e-03,1.074402336000000084e-03,1.092825259000000009e-03,1.166312564999999989e-03,1.341795019999999930e-03,1.327316423000000087e-03,1.439371479000000091e-03,1.554595582000000038e-03,1.864220415000000059e-03,2.424991237999999955e-03,2.272200444999999784e-03,2.039771344000000045e-03,1.983491998999999898e-03,1.965980665999999925e-03,1.704167485999999931e-03,1.407344830999999975e-03,1.447973076000000098e-03,1.799523171000000105e-03,2.372532235000000041e-03
E,0.000000000000000000e+00,1.666285125349000085e+00,1.531816630747000030e+00,1.416234993773000106e+00,1.561431067945999951e+00,1.465961776320999999e+00,1.493126028769000024e+00,1.550050889406999977e+00,1.574915922536000101e+00,1.501039219067000108e+00,1.465285035169000105e+00,1.417849450279000001e+00,1.396537467142000111e+00,1.360605164712000104e+00,1.344892074626000023e+00,1.326067131932000098e+00,1.284391879616999965e+00,1.270108931778999972e+00,1.265797280763000021e+00,1.282043061481999979e+00,1.296518053183000063e+00,1.300445920565000080e+00,1.302117560983000022e+00,1.269223958815000053e+00,1.259773816340000074e+00,1.275092078941000073e+00,1.234894740734999941e+00,1.219024743929999932e+00,1.221942006743000020e+00,1.227666515644999956e+00,1.187415494646999914e+00,1.200326642445999958e+00,1.224862977939999986e+00,1.246493480217000016e+00,1.247819722610000071e+00,1.213672239597999969e+00,1.237656863700999921e+00,1.298077504781000036e+00,1.255194468892000037e+00,1.305915714966999985e+00
Ew,0.000000000000000000e+00,4.182865103893999681e+00,4.435609380697999704e+00,7.132980557148999701e+00,1.077410209435299926e+01,2.471019487442999818e+00,2.620725709144999804e+00,3.439771791561999859e+00,2.399794166797999839e+00,2.338358531508999860e+00,2.387716716841000064e+00,2.182618549595999990e+00,1.985655107239000072e+00,2.061284116293999880e+00,1.938184844090000025e+00,1.966376316765999999e+00,2.058129875776999906e+00,1.900057751599000033e+00,1.915364625370000073e+00,1.849461678366999928e+00,1.833661289718000020e+00,1.810074142908000061e+00,1.800871866130000054e+00,1.794149005755999893e+00,1.793165571440000106e+00,1.783210770012999991e+00,1.781614051322000014e+00,1.772562070561999992e+00,1.768574070599000070e+00,1.763146326346999970e+00,1.752367678254000083e+00,1.712003072714000096e+00,1.733967653270999998e+00,1.719407061419000016e+00,1.719489780086999930e+00,1.775310989198999989e+00,1.753467876760000044e+00,1.768185876123999911e+00,1.723076240513000013e+00,1.716752196614999892e+00
FC_AoA_,0.000000000000000000e+00
FC_Beta_,0.000000000000000000e+00
FC_Bref_,1.639999999999999858e+01
FC_Cref_,1.881000000000000005e+00
FC_Mach_,6.930000000000000049e-02
FC_Pitch_Rate,0.000000000000000000e+00
FC_ReCref_,3.040000000000000000e+06
FC_Rho_,1.225000000000000089e+00
FC_Roll__Rate,0.000000000000000000e+00
FC_Sref_,3.000000340000000065e+01
FC_Vinf_,2.360000000000000142e+01
FC_Xcg_,3.703120000000000189e+00
FC_Yaw___Rate,0.000000000000000000e+00
FC_Ycg_,0.000000000000000000e+00
FC_Zcg_,0.000000000000000000e+00
L/D,0.000000000000000000e+00,1.897351396507000132e+01,1.814195684753600091e+01,1.741682544352699935e+01,1.833027421177299843e+01,1.775241249946400046e+01,1.795622032523800016e+01,1.831776861700300074e+01,1.848575601657400114e+01,1.803762405918800127e+01,1.781617327772200099e+01,1.751634722209799833e+01,1.738169146012700139e+01,1.713809976798199841e+01,1.703590121831199866e+01,1.689811414653300048e+01,1.661763088388400078e+01,1.651627753302300050e+01,1.648449634504600070e+01,1.659027857448500143e+01,1.667759329097500043e+01,1.670429788522000081e+01,1.671507861267100026e+01,1.644807886794900043e+01,1.636121492309100134e+01,1.647440042701600049e+01,1.616274179698899971e+01,1.604550574892000014e+01,1.608818135780800063e+01,1.616607925538900048e+01,1.584640635193300007e+01,1.596662904814500017e+01,1.615240617677899948e+01,1.632628877079699947e+01,1.631973407786799868e+01,1.604318173926399993e+01,1.623601999100399951e+01,1.670350035907199882e+01,1.635445155466300093e+01,1.665812943476800001e+01
L/Dw,0.000000000000000000e+00,2.886901415097100099e+01,2.905388300420300141e+01,3.313701492491500034e+01,3.516071173314200138e+01,2.297868401703000174e+01,2.376869271040600040e+01,2.659597078636500100e+01,2.281700530083600142e+01,2.258663338264599929e+01,2.282002699195700046e+01,2.185802285098300146e+01,2.084617834182099827e+01,2.127966293797300068e+01,2.061640583680799921e+01,2.078797104412700136e+01,2.130726301116800059e+01,2.042500472602700157e+01,2.051765478344999849e+01,2.012831291363999853e+01,2.002327948351199893e+01,1.987513171928599931e+01,1.981857847962900010e+01,1.977416464551999908e+01,1.976517090558499845e+01,1.970322295450100114e+01,1.968836022431700172e+01,1.963439041479700009e+01,1.961868322192099967e+01,1.960492079911000118e+01,1.953705898213900127e+01,1.928452345916500121e+01,1.941921899218899839e+01,1.932977275179700172e+01,1.932284981781799971e+01,1.968270204454999828e+01,1.954854535626600054e+01,1.963179112718000141e+01,1.934275804518500053e+01,1.924973005420200067e+01
Mach,6.930000000000000049e-02,6.930000000000000049e-02,6.930000000000000049e-02,6.930000000000000049e-02,6.930000000000000049e-02,6.930000000000000049e-02,6.930000000000000049e-02,6.930000000000000049e-02,6.930000000000000049e-02,6.930000000000000049e-02,6.930000000000000049e-02,6.930000000000000049e-02,6.930000000000000049e-02,6.930000000000000049e-02,6.930000000000000049e-02,6.930000000000000049e-02,6.930000000000000049e-02,6.930000000000000049e-02,6.930000000000000049e-02,6.930000000000000049e-02,6.930000000000000049e-02,6.930000000000000049e-02,6.930000000000000049e-02,6.930000000000000049e-02,6.930000000000000049e-02,6.930000000000000049e-02,6.930000000000000049e-02,6.930000000000000049e-02,6.930000000000000049e-02,6.930000000000000049e-02,6.930000000000000049e-02,6.930000000000000049e-02,6.930000000000000049e-02,6.930000000000000049e-02,6.930000000000000049e-02,6.930000000000000049e-02,6.930000000000000049e-02,6.930000000000000049e-02,6.930000000000000049e-02,6.930000000000000049e-02
T/QS,8.233928336720000019e-01,8.233928336720000019e-01,8.233928336720000019e-01,8.233928336720000019e-01,8.233928336720000019e-01,8.233928336720000019e-01,8.233928336720000019e-01,8.233928336720000019e-01,8.233928336720000019e-01,8.233928336720000019e-01,8.233928336720000019e-01,8.233928336720000019e-01,8.233928336720000019e-01,8.233928336720000019e-01,8.233928336720000019e-01,8.233928336720000019e-01,8.233928336720000019e-01,8.233928336720000019e-01,8.233928336720000019e-01,8.233928336720000019e-01,8.233928336720000019e-01,8.233928336720000019e-01,8.233928336720000019e-01,8.233928336720000019e-01,8.233928336720000019e-01,8.233928336720000019e-01,8.233928336720000019e-01,8.233928336720000019e-01,8.233928336720000019e-01,8.233928336720000019e-01,8.233928336720000019e-01,8.233928336720000019e-01,8.233928336720000019e-01,8.233928336720000019e-01,8.233928336720000019e-01,8.233928336720000019e-01,8.233928336720000019e-01,8.233928336720000019e-01,8.233928336720000019e-01,8.233928336720000019e-01
WakeIter,1,2,3,4,5,6,7,8,9,10,11,12,13,14,15,16,17,18,19,20,21,22,23,24,25,26,27,28,29,30,31,32,33,34,35,36,37,38,39,40
WallTime,1.848500000000100130e+01,4.416399999999700299e+01,6.836299999999799581e+01,9.355299999999999727e+01,1.184800000000030025e+02,1.436889999999980034e+02,1.687490000000030079e+02,1.936460000000010098e+02,2.186710000000020102e+02,2.439210000000020102e+02,2.688249999999969759e+02,2.932019999999969855e+02,3.184630000000029781e+02,3.436639999999969746e+02,3.689400000000019872e+02,3.947739999999980114e+02,4.199850000000009800e+02,4.447569999999980155e+02,4.711399999999990200e+02,4.966659999999969841e+02,5.221719999999990023e+02,5.516299999999970396e+02,5.807690000000000055e+02,6.193550000000029740e+02,6.520259999999980209e+02,6.798920000000000528e+02,7.109689999999969814e+02,7.405460000000019818e+02,7.668539999999990187e+02,7.940429999999979600e+02,8.197920000000010532e+02,8.465480000000029577e+02,8.725899999999969623e+02,8.994270000000029768e+02,9.267249999999989996e+02,9.528790000000010423e+02,9.798569999999959919e+02,1.005531000000003019e+03,1.031415000000001100e+03,1.064027000000002090e+03
log10( L2Residual ),6.736854540029999505e-01,-9.924404566800000549e-02,-9.257904111900000510e-02,1.430809737279999938e-01,-4.732501027199999960e-02,4.433221445899999946e-02,5.520608421999999814e-03,-1.671378834080000098e-01,-2.376173088619999985e-01,-2.110724110670000042e-01,-3.738951522680000195e-01,-5.030165276989999601e-01,-3.742600932910000178e-01,-3.303968530720000074e-01,-2.404582083969999950e-01,-2.255917620919999922e-01,-2.231210328780000030e-01,-3.523309970249999812e-01,-2.908557175609999823e-01,-4.751859571009999783e-01,-5.420788955769999529e-01,-5.350417147989999789e-01,-3.712109334300000008e-01,-2.980842345060000231e-01,-3.382086098040000266e-01,-2.186627727580000013e-01,-1.992682790099999934e-01,-1.798886870879999877e-01,-3.397377751300000026e-02,-2.107566331209999866e-01,-1.137724662340000026e-01,-2.705555810709999731e-01,-4.422640031849999764e-01,-3.917909729890000081e-01,-3.055067406199999946e-01,-2.062324459759999895e-01,-3.538427051069999996e-01,-1.145484492130000032e-01,-3.154011880140000224e-01,-4.549746496709999866e-01
log10( MaxResidual ),1.717365205801999917e+00,9.797791626299999779e-01,9.818675609320000053e-01,1.371182541637000041e+00,1.107155678033000079e+00,1.361986962605000073e+00,1.245063644428999972e+00,1.397551731537000075e+00,1.217409066240999982e+00,1.223121439437999891e+00,1.134709294796000023e+00,8.609989775999999928e-01,1.370651009219000072e+00,1.165887328786999966e+00,1.281039732336999970e+00,1.323518843246000110e+00,1.288414857400999924e+00,1.027938540951000013e+00,1.312707185210999938e+00,1.100630094808999981e+00,9.356596314080000143e-01,9.479732684320000269e-01,1.308314903742999968e+00,1.366390591052000003e+00,1.348217865972000107e+00,1.602472066467999889e+00,1.664751879054999995e+00,1.587574141826000096e+00,1.671524736757999952e+00,1.493291584215000078e+00,1.707113840100999980e+00,1.423795176530999962e+00,1.157209777038999965e+00,1.073570724000000087e+00,1.151644135094000099e+00,1.421327932205000089e+00,1.142073872042999927e+00,1.540757905351000101e+00,1.552187806592000063e+00,1.256990992211999947e+00
Results_Name,VSPAERO_Polar
Results_Timestamp,1787475464
Results_Date,8,23,2026
Results_Time,14,27,44
Alpha,0.000000000000000000e+00
Beta,0.000000000000000000e+00
CDi,4.958220311900000260e-02
CDiw,4.593325066199999834e-02
CDo,3.148633459999999884e-02
CDtot,8.106853771899999450e-02
CDwtot,7.741958526200000412e-02
CFix,4.958220311900000260e-02
CFiy,1.705636900000000048e-03
CFiz,1.350450194415000027e+00
CFox,3.148633459999999884e-02
CFoy,-8.789799999999999735e-08
CFoz,-1.854346368000000037e-03
CFxtot,8.106853771899999450e-02
CFytot,1.705549001999999989e-03
CFztot,1.348595848046999945e+00
CLi,1.350450194415000027e+00
CLiw,1.490306117202000014e+00
CLo,-1.854346368000000037e-03
CLtot,1.348595848046999945e+00
CLwtot,1.488451770833999932e+00
CMix,-1.993670268000000134e-03
CMiy,4.797426598749999771e-01
CMiz,5.836260330000000432e-04
CMox,6.496520000000000524e-07
CMoy,1.527758044499999933e-02
CMoz,8.425066999999999748e-06
CMxtot,-1.993020616000000002e-03
CMytot,4.950202403200000267e-01
CMztot,5.920510990000000520e-04
CSi,1.705636900000000048e-03
CSiw,2.372620133000000100e-03
CSo,-8.789799999999999735e-08
CStot,1.705549001999999989e-03
CSwtot,2.372532235000000041e-03
E,1.302331787960999909e+00
Ew,1.302331787960999909e+00
L_D,1.663525562427999915e+01
L_Dw,1.663525562427999915e+01
Mach,6.930000000000000049e-02
Re_1e6,3.040000000000000036e+00
StallFactor,1.000000000000000000e+00
Results_Name,VSPAERO_Load
Results_Timestamp,1787475464
Results_Date,8,23,2026
Results_Time,14,27,44
Angle ,0.000000000000000000e+00,0.000000000000000000e+00,0.000000000000000000e+00,0.000000000000000000e+00,0.000000000000000000e+00,0.000000000000000000e+00,0.000000000000000000e+00,0.000000000000000000e+00,0.000000000000000000e+00,0.000000000000000000e+00,0.000000000000000000e+00,0.000000000000000000e+00,0.000000000000000000e+00,0.000000000000000000e+00,0.000000000000000000e+00,0.000000000000000000e+00,0.000000000000000000e+00,0.000000000000000000e+00,0.000000000000000000e+00,0.000000000000000000e+00,0.000000000000000000e+00,0.000000000000000000e+00,0.000000000000000000e+00,0.000000000000000000e+00,0.000000000000000000e+00,0.000000000000000000e+00,0.000000000000000000e+00,0.000000000000000000e+00,0.000000000000000000e+00,0.000000000000000000e+00,0.000000000000000000e+00,0.000000000000000000e+00,0.000000000000000000e+00,0.000000000000000000e+00,0.000000000000000000e+00,0.000000000000000000e+00,0.000000000000000000e+00,0.000000000000000000e+00,0.000000000000000000e+00,0.000000000000000000e+00,0.000000000000000000e+00,0.000000000000000000e+00,0.000000000000000000e+00,0.000000000000000000e+00,0.000000000000000000e+00,0.000000000000000000e+00,0.000000000000000000e+00,0.000000000000000000e+00,0.000000000000000000e+00,0.000000000000000000e+00,0.000000000000000000e+00,0.000000000000000000e+00,0.000000000000000000e+00,0.000000000000000000e+00,0.000000000000000000e+00,0.000000000000000000e+00,0.000000000000000000e+00,0.000000000000000000e+00,0.000000000000000000e+00,0.000000000000000000e+00,0.000000000000000000e+00,0.000000000000000000e+00,0.000000000000000000e+00,0.000000000000000000e+00,0.000000000000000000e+00,0.000000000000000000e+00,0.000000000000000000e+00,0.000000000000000000e+00,0.000000000000000000e+00,0.000000000000000000e+00,0.000000000000000000e+00,0.000000000000000000e+00,0.000000000000000000e+00,0.000000000000000000e+00,0.000000000000000000e+00,0.000000000000000000e+00,0.000000000000000000e+00,0.000000000000000000e+00,0.000000000000000000e+00,0.000000000000000000e+00,0.000000000000000000e+00,0.000000000000000000e+00,0.000000000000000000e+00,0.000000000000000000e+00,0.000000000000000000e+00,0.000000000000000000e+00,0.000000000000000000e+00,0.000000000000000000e+00,0.000000000000000000e+00,0.000000000000000000e+00,0.000000000000000000e+00,0.000000000000000000e+00,0.000000000000000000e+00,0.000000000000000000e+00,0.000000000000000000e+00,0.000000000000000000e+00,0.000000000000000000e+00,0.000000000000000000e+00,0.000000000000000000e+00,0.000000000000000000e+00,0.000000000000000000e+00,0.000000000000000000e+00,0.000000000000000000e+00,0.000000000000000000e+00,0.000000000000000000e+00,0.000000000000000000e+00,0.000000000000000000e+00,0.000000000000000000e+00,0.000000000000000000e+00,0.000000000000000000e+00,0.000000000000000000e+00,0.000000000000000000e+00,0.000000000000000000e+00,0.000000000000000000e+00,0.000000000000000000e+00,0.000000000000000000e+00,0.000000000000000000e+00,0.000000000000000000e+00,0.000000000000000000e+00,0.000000000000000000e+00,0.000000000000000000e+00,0.000000000000000000e+00,0.000000000000000000e+00,0.000000000000000000e+00,0.000000000000000000e+00,0.000000000000000000e+00,0.000000000000000000e+00,0.000000000000000000e+00,0.000000000000000000e+00,0.000000000000000000e+00,0.000000000000000000e+00,0.000000000000000000e+00,0.000000000000000000e+00,0.000000000000000000e+00,0.000000000000000000e+00,0.000000000000000000e+00,0.000000000000000000e+00,0.000000000000000000e+00,0.000000000000000000e+00,0.000000000000000000e+00,0.000000000000000000e+00,0.000000000000000000e+00,0.000000000000000000e+00,0.000000000000000000e+00,0.000000000000000000e+00,0.000000000000000000e+00,0.000000000000000000e+00,0.000000000000000000e+00,0.000000000000000000e+00,0.000000000000000000e+00,0.000000000000000000e+00,0.000000000000000000e+00,0.000000000000000000e+00,0.000000000000000000e+00,0.000000000000000000e+00,0.000000000000000000e+00,0.000000000000000000e+00,0.000000000000000000e+00,0.000000000000000000e+00,0.000000000000000000e+00,0.000000000000000000e+00,0.000000000000000000e+00,0.000000000000000000e+00,0.000000000000000000e+00,0.000000000000000000e+00,0.000000000000000000e+00,0.000000000000000000e+00,0.000000000000000000e+00,0.000000000000000000e+00,0.000000000000000000e+00,0.000000000000000000e+00,0.000000000000000000e+00,0.000000000000000000e+00,0.000000000000000000e+00,0.000000000000000000e+00,0.000000000000000000e+00,0.000000000000000000e+00,0.000000000000000000e+00,0.000000000000000000e+00,0.000000000000000000e+00,0.000000000000000000e+00,0.000000000000000000e+00,0.000000000000000000e+00,0.000000000000000000e+00,0.000000000000000000e+00,0.000000000000000000e+00,0.000000000000000000e+00,0.000000000000000000e+00,0.000000000000000000e+00,0.000000000000000000e+00,0.000000000000000000e+00,0.000000000000000000e+00,0.000000000000000000e+00,0.000000000000000000e+00,0.000000000000000000e+00,0.000000000000000000e+00,0.000000000000000000e+00,0.000000000000000000e+00,0.000000000000000000e+00,0.000000000000000000e+00,0.000000000000000000e+00,0.000000000000000000e+00,0.000000000000000000e+00,0.000000000000000000e+00,0.000000000000000000e+00,0.000000000000000000e+00,0.000000000000000000e+00,0.000000000000000000e+00,0.000000000000000000e+00,0.000000000000000000e+00,0.000000000000000000e+00,0.000000000000000000e+00,0.000000000000000000e+00,0.000000000000000000e+00,0.000000000000000000e+00,0.000000000000000000e+00,0.000000000000000000e+00,0.000000000000000000e+00,0.000000000000000000e+00,0.000000000000000000e+00,0.000000000000000000e+00,0.000000000000000000e+00,0.000000000000000000e+00,0.000000000000000000e+00,0.000000000000000000e+00,0.000000000000000000e+00,0.000000000000000000e+00,0.000000000000000000e+00,0.000000000000000000e+00,0.000000000000000000e+00,0.000000000000000000e+00,0.000000000000000000e+00,0.000000000000000000e+00,0.000000000000000000e+00,0.000000000000000000e+00,0.000000000000000000e+00,0.000000000000000000e+00,0.000000000000000000e+00
CP,0.000000000000000000e+00,0.000000000000000000e+00,0.000000000000000000e+00,0.000000000000000000e+00,0.000000000000000000e+00,0.000000000000000000e+00,0.000000000000000000e+00,0.000000000000000000e+00,0.000000000000000000e+00,0.000000000000000000e+00,0.000000000000000000e+00,0.000000000000000000e+00,0.000000000000000000e+00,0.000000000000000000e+00,0.000000000000000000e+00,0.000000000000000000e+00,0.000000000000000000e+00,0.000000000000000000e+00,0.000000000000000000e+00,0.000000000000000000e+00,0.000000000000000000e+00,0.000000000000000000e+00,0.000000000000000000e+00,0.000000000000000000e+00,0.000000000000000000e+00,0.000000000000000000e+00,0.000000000000000000e+00,0.000000000000000000e+00,0.000000000000000000e+00,0.000000000000000000e+00,0.000000000000000000e+00,0.000000000000000000e+00,0.000000000000000000e+00,0.000000000000000000e+00,0.000000000000000000e+00,0.000000000000000000e+00,0.000000000000000000e+00,0.000000000000000000e+00,0.000000000000000000e+00,0.000000000000000000e+00,0.000000000000000000e+00,0.000000000000000000e+00,0.000000000000000000e+00,0.000000000000000000e+00,0.000000000000000000e+00,0.000000000000000000e+00,0.000000000000000000e+00,0.000000000000000000e+00,0.000000000000000000e+00,0.000000000000000000e+00,0.000000000000000000e+00,0.000000000000000000e+00,0.000000000000000000e+00,0.000000000000000000e+00,0.000000000000000000e+00,0.000000000000000000e+00,0.000000000000000000e+00,0.000000000000000000e+00,0.000000000000000000e+00,0.000000000000000000e+00,0.000000000000000000e+00,0.000000000000000000e+00,0.000000000000000000e+00,0.000000000000000000e+00,0.000000000000000000e+00,0.000000000000000000e+00,0.000000000000000000e+00,0.000000000000000000e+00,0.000000000000000000e+00,0.000000000000000000e+00,0.000000000000000000e+00,0.000000000000000000e+00,0.000000000000000000e+00,0.000000000000000000e+00,0.000000000000000000e+00,0.000000000000000000e+00,0.000000000000000000e+00,0.000000000000000000e+00,0.000000000000000000e+00,0.000000000000000000e+00,0.000000000000000000e+00,0.000000000000000000e+00,0.000000000000000000e+00,0.000000000000000000e+00,0.000000000000000000e+00,0.000000000000000000e+00,0.000000000000000000e+00,0.000000000000000000e+00,0.000000000000000000e+00,0.000000000000000000e+00,0.000000000000000000e+00,0.000000000000000000e+00,0.000000000000000000e+00,0.000000000000000000e+00,0.000000000000000000e+00,0.000000000000000000e+00,0.000000000000000000e+00,0.000000000000000000e+00,0.000000000000000000e+00,0.000000000000000000e+00,0.000000000000000000e+00,0.000000000000000000e+00,0.000000000000000000e+00,0.000000000000000000e+00,0.000000000000000000e+00,0.000000000000000000e+00,0.000000000000000000e+00,0.000000000000000000e+00,0.000000000000000000e+00,0.000000000000000000e+00,0.000000000000000000e+00,0.000000000000000000e+00,0.000000000000000000e+00,0.000000000000000000e+00,0.000000000000000000e+00,0.000000000000000000e+00,0.000000000000000000e+00,0.000000000000000000e+00,0.000000000000000000e+00,0.000000000000000000e+00,0.000000000000000000e+00,0.000000000000000000e+00,0.000000000000000000e+00,0.000000000000000000e+00,0.000000000000000000e+00,0.000000000000000000e+00,0.000000000000000000e+00,0.000000000000000000e+00,0.000000000000000000e+00,0.000000000000000000e+00,0.000000000000000000e+00,0.000000000000000000e+00,0.000000000000000000e+00,0.000000000000000000e+00,0.000000000000000000e+00,0.000000000000000000e+00,0.000000000000000000e+00,0.000000000000000000e+00,0.000000000000000000e+00,0.000000000000000000e+00,0.000000000000000000e+00,0.000000000000000000e+00,0.000000000000000000e+00,0.000000000000000000e+00,0.000000000000000000e+00,0.000000000000000000e+00,0.000000000000000000e+00,0.000000000000000000e+00,0.000000000000000000e+00,0.000000000000000000e+00,0.000000000000000000e+00,0.000000000000000000e+00,0.000000000000000000e+00,0.000000000000000000e+00,0.000000000000000000e+00,0.000000000000000000e+00,0.000000000000000000e+00,0.000000000000000000e+00,0.000000000000000000e+00,0.000000000000000000e+00,0.000000000000000000e+00,0.000000000000000000e+00,0.000000000000000000e+00,0.000000000000000000e+00,0.000000000000000000e+00,0.000000000000000000e+00,0.000000000000000000e+00,0.000000000000000000e+00,0.000000000000000000e+00,0.000000000000000000e+00,0.000000000000000000e+00,0.000000000000000000e+00,0.000000000000000000e+00,0.000000000000000000e+00,0.000000000000000000e+00,0.000000000000000000e+00,0.000000000000000000e+00,0.000000000000000000e+00,0.000000000000000000e+00,0.000000000000000000e+00,0.000000000000000000e+00,0.000000000000000000e+00,0.000000000000000000e+00,0.000000000000000000e+00,0.000000000000000000e+00,0.000000000000000000e+00,0.000000000000000000e+00,0.000000000000000000e+00,0.000000000000000000e+00,0.000000000000000000e+00,0.000000000000000000e+00,0.000000000000000000e+00,0.000000000000000000e+00,0.000000000000000000e+00,0.000000000000000000e+00,0.000000000000000000e+00,0.000000000000000000e+00,0.000000000000000000e+00,0.000000000000000000e+00,0.000000000000000000e+00,0.000000000000000000e+00,0.000000000000000000e+00,0.000000000000000000e+00,0.000000000000000000e+00,0.000000000000000000e+00,0.000000000000000000e+00,0.000000000000000000e+00,0.000000000000000000e+00,0.000000000000000000e+00,0.000000000000000000e+00,0.000000000000000000e+00,0.000000000000000000e+00,0.000000000000000000e+00,0.000000000000000000e+00,0.000000000000000000e+00,0.000000000000000000e+00,0.000000000000000000e+00,0.000000000000000000e+00,0.000000000000000000e+00,0.000000000000000000e+00,0.000000000000000000e+00,0.000000000000000000e+00,0.000000000000000000e+00,0.000000000000000000e+00,0.000000000000000000e+00,0.000000000000000000e+00,0.000000000000000000e+00,0.000000000000000000e+00,0.000000000000000000e+00,0.000000000000000000e+00,0.000000000000000000e+00,0.000000000000000000e+00,0.000000000000000000e+00,0.000000000000000000e+00,0.000000000000000000e+00,0.000000000000000000e+00,0.000000000000000000e+00,0.000000000000000000e+00
CP_h,0.000000000000000000e+00,0.000000000000000000e+00,0.000000000000000000e+00,0.000000000000000000e+00,0.000000000000000000e+00,0.000000000000000000e+00,0.000000000000000000e+00,0.000000000000000000e+00,0.000000000000000000e+00,0.000000000000000000e+00,0.000000000000000000e+00,0.000000000000000000e+00,0.000000000000000000e+00,0.000000000000000000e+00,0.000000000000000000e+00,0.000000000000000000e+00,0.000000000000000000e+00,0.000000000000000000e+00,0.000000000000000000e+00,0.000000000000000000e+00,0.000000000000000000e+00,0.000000000000000000e+00,0.000000000000000000e+00,0.000000000000000000e+00,0.000000000000000000e+00,0.000000000000000000e+00,0.000000000000000000e+00,0.000000000000000000e+00,0.000000000000000000e+00,0.000000000000000000e+00,0.000000000000000000e+00,0.000000000000000000e+00,0.000000000000000000e+00,0.000000000000000000e+00,0.000000000000000000e+00,0.000000000000000000e+00,0.000000000000000000e+00,0.000000000000000000e+00,0.000000000000000000e+00,0.000000000000000000e+00,0.000000000000000000e+00,0.000000000000000000e+00,0.000000000000000000e+00,0.000000000000000000e+00,0.000000000000000000e+00,0.000000000000000000e+00,0.000000000000000000e+00,0.000000000000000000e+00,0.000000000000000000e+00,0.000000000000000000e+00,0.000000000000000000e+00,0.000000000000000000e+00,0.000000000000000000e+00,0.000000000000000000e+00,0.000000000000000000e+00,0.000000000000000000e+00,0.000000000000000000e+00,0.000000000000000000e+00,0.000000000000000000e+00,0.000000000000000000e+00,0.000000000000000000e+00,0.000000000000000000e+00,0.000000000000000000e+00,0.000000000000000000e+00,0.000000000000000000e+00,0.000000000000000000e+00,0.000000000000000000e+00,0.000000000000000000e+00,0.000000000000000000e+00,0.000000000000000000e+00,0.000000000000000000e+00,0.000000000000000000e+00,0.000000000000000000e+00,0.000000000000000000e+00,0.000000000000000000e+00,0.000000000000000000e+00,0.000000000000000000e+00,0.000000000000000000e+00,0.000000000000000000e+00,0.000000000000000000e+00,0.000000000000000000e+00,0.000000000000000000e+00,0.000000000000000000e+00,0.000000000000000000e+00,0.000000000000000000e+00,0.000000000000000000e+00,0.000000000000000000e+00,0.000000000000000000e+00,0.000000000000000000e+00,0.000000000000000000e+00,0.000000000000000000e+00,0.000000000000000000e+00,0.000000000000000000e+00,0.000000000000000000e+00,0.000000000000000000e+00,0.000000000000000000e+00,0.000000000000000000e+00,0.000000000000000000e+00,0.000000000000000000e+00,0.000000000000000000e+00,0.000000000000000000e+00,0.000000000000000000e+00,0.000000000000000000e+00,0.000000000000000000e+00,0.000000000000000000e+00,0.000000000000000000e+00,0.000000000000000000e+00,0.000000000000000000e+00,0.000000000000000000e+00,0.000000000000000000e+00,0.000000000000000000e+00,0.000000000000000000e+00,0.000000000000000000e+00,0.000000000000000000e+00,0.000000000000000000e+00,0.000000000000000000e+00,0.000000000000000000e+00,0.000000000000000000e+00,0.000000000000000000e+00,0.000000000000000000e+00,0.000000000000000000e+00,0.000000000000000000e+00,0.000000000000000000e+00,0.000000000000000000e+00,0.000000000000000000e+00,0.000000000000000000e+00,0.000000000000000000e+00,0.000000000000000000e+00,0.000000000000000000e+00,0.000000000000000000e+00,0.000000000000000000e+00,0.000000000000000000e+00,0.000000000000000000e+00,0.000000000000000000e+00,0.000000000000000000e+00,0.000000000000000000e+00,0.000000000000000000e+00,0.000000000000000000e+00,0.000000000000000000e+00,0.000000000000000000e+00,0.000000000000000000e+00,0.000000000000000000e+00,0.000000000000000000e+00,0.000000000000000000e+00,0.000000000000000000e+00,0.000000000000000000e+00,0.000000000000000000e+00,0.000000000000000000e+00,0.000000000000000000e+00,0.000000000000000000e+00,0.000000000000000000e+00,0.000000000000000000e+00,0.000000000000000000e+00,0.000000000000000000e+00,0.000000000000000000e+00,0.000000000000000000e+00,0.000000000000000000e+00,0.000000000000000000e+00,0.000000000000000000e+00,0.000000000000000000e+00,0.000000000000000000e+00,0.000000000000000000e+00,0.000000000000000000e+00,0.000000000000000000e+00,0.000000000000000000e+00,0.000000000000000000e+00,0.000000000000000000e+00,0.000000000000000000e+00,0.000000000000000000e+00,0.000000000000000000e+00,0.000000000000000000e+00,0.000000000000000000e+00,0.000000000000000000e+00,0.000000000000000000e+00,0.000000000000000000e+00,0.000000000000000000e+00,0.000000000000000000e+00,0.000000000000000000e+00,0.000000000000000000e+00,0.000000000000000000e+00,0.000000000000000000e+00,0.000000000000000000e+00,0.000000000000000000e+00,0.000000000000000000e+00,0.000000000000000000e+00,0.000000000000000000e+00,0.000000000000000000e+00,0.000000000000000000e+00,0.000000000000000000e+00,0.000000000000000000e+00,0.000000000000000000e+00,0.000000000000000000e+00,0.000000000000000000e+00,0.000000000000000000e+00,0.000000000000000000e+00,0.000000000000000000e+00,0.000000000000000000e+00,0.000000000000000000e+00,0.000000000000000000e+00,0.000000000000000000e+00,0.000000000000000000e+00,0.000000000000000000e+00,0.000000000000000000e+00,0.000000000000000000e+00,0.000000000000000000e+00,0.000000000000000000e+00,0.000000000000000000e+00,0.000000000000000000e+00,0.000000000000000000e+00,0.000000000000000000e+00,0.000000000000000000e+00,0.000000000000000000e+00,0.000000000000000000e+00,0.000000000000000000e+00,0.000000000000000000e+00,0.000000000000000000e+00,0.000000000000000000e+00,0.000000000000000000e+00,0.000000000000000000e+00,0.000000000000000000e+00,0.000000000000000000e+00,0.000000000000000000e+00,0.000000000000000000e+00,0.000000000000000000e+00,0.000000000000000000e+00,0.000000000000000000e+00,0.000000000000000000e+00,0.000000000000000000e+00,0.000000000000000000e+00,0.000000000000000000e+00,0.000000000000000000e+00,0.000000000000000000e+00,0.000000000000000000e+00,0.000000000000000000e+00,0.000000000000000000e+00,0.000000000000000000e+00,0.000000000000000000e+00,0.000000000000000000e+00
CQ,0.000000000000000000e+00,0.000000000000000000e+00,0.000000000000000000e+00,0.000000000000000000e+00,0.000000000000000000e+00,0.000000000000000000e+00,0.000000000000000000e+00,0.000000000000000000e+00,0.000000000000000000e+00,0.000000000000000000e+00,0.000000000000000000e+00,0.000000000000000000e+00,0.000000000000000000e+00,0.000000000000000000e+00,0.000000000000000000e+00,0.000000000000000000e+00,0.000000000000000000e+00,0.000000000000000000e+00,0.000000000000000000e+00,0.000000000000000000e+00,0.000000000000000000e+00,0.000000000000000000e+00,0.000000000000000000e+00,0.000000000000000000e+00,0.000000000000000000e+00,0.000000000000000000e+00,0.000000000000000000e+00,0.000000000000000000e+00,0.000000000000000000e+00,0.000000000000000000e+00,0.000000000000000000e+00,0.000000000000000000e+00,0.000000000000000000e+00,0.000000000000000000e+00,0.000000000000000000e+00,0.000000000000000000e+00,0.000000000000000000e+00,0.000000000000000000e+00,0.000000000000000000e+00,0.000000000000000000e+00,0.000000000000000000e+00,0.000000000000000000e+00,0.000000000000000000e+00,0.000000000000000000e+00,0.000000000000000000e+00,0.000000000000000000e+00,0.000000000000000000e+00,0.000000000000000000e+00,0.000000000000000000e+00,0.000000000000000000e+00,0.000000000000000000e+00,0.000000000000000000e+00,0.000000000000000000e+00,0.000000000000000000e+00,0.000000000000000000e+00,0.000000000000000000e+00,0.000000000000000000e+00,0.000000000000000000e+00,0.000000000000000000e+00,0.000000000000000000e+00,0.000000000000000000e+00,0.000000000000000000e+00,0.000000000000000000e+00,0.000000000000000000e+00,0.000000000000000000e+00,0.000000000000000000e+00,0.000000000000000000e+00,0.000000000000000000e+00,0.000000000000000000e+00,0.000000000000000000e+00,0.000000000000000000e+00,0.000000000000000000e+00,0.000000000000000000e+00,0.000000000000000000e+00,0.000000000000000000e+00,0.000000000000000000e+00,0.000000000000000000e+00,0.000000000000000000e+00,0.000000000000000000e+00,0.000000000000000000e+00,0.000000000000000000e+00,0.000000000000000000e+00,0.000000000000000000e+00,0.000000000000000000e+00,0.000000000000000000e+00,0.000000000000000000e+00,0.000000000000000000e+00,0.000000000000000000e+00,0.000000000000000000e+00,0.000000000000000000e+00,0.000000000000000000e+00,0.000000000000000000e+00,0.000000000000000000e+00,0.000000000000000000e+00,0.000000000000000000e+00,0.000000000000000000e+00,0.000000000000000000e+00,0.000000000000000000e+00,0.000000000000000000e+00,0.000000000000000000e+00,0.000000000000000000e+00,0.000000000000000000e+00,0.000000000000000000e+00,0.000000000000000000e+00,0.000000000000000000e+00,0.000000000000000000e+00,0.000000000000000000e+00,0.000000000000000000e+00,0.000000000000000000e+00,0.000000000000000000e+00,0.000000000000000000e+00,0.000000000000000000e+00,0.000000000000000000e+00,0.000000000000000000e+00,0.000000000000000000e+00,0.000000000000000000e+00,0.000000000000000000e+00,0.000000000000000000e+00,0.000000000000000000e+00,0.000000000000000000e+00,0.000000000000000000e+00,0.000000000000000000e+00,0.000000000000000000e+00,0.000000000000000000e+00,0.000000000000000000e+00,0.000000000000000000e+00,0.000000000000000000e+00,0.000000000000000000e+00,0.000000000000000000e+00,0.000000000000000000e+00,0.000000000000000000e+00,0.000000000000000000e+00,0.000000000000000000e+00,0.000000000000000000e+00,0.000000000000000000e+00,0.000000000000000000e+00,0.000000000000000000e+00,0.000000000000000000e+00,0.000000000000000000e+00,0.000000000000000000e+00,0.000000000000000000e+00,0.000000000000000000e+00,0.000000000000000000e+00,0.000000000000000000e+00,0.000000000000000000e+00,0.000000000000000000e+00,0.000000000000000000e+00,0.000000000000000000e+00,0.000000000000000000e+00,0.000000000000000000e+00,0.000000000000000000e+00,0.000000000000000000e+00,0.000000000000000000e+00,0.000000000000000000e+00,0.000000000000000000e+00,0.000000000000000000e+00,0.000000000000000000e+00,0.000000000000000000e+00,0.000000000000000000e+00,0.000000000000000000e+00,0.000000000000000000e+00,0.000000000000000000e+00,0.000000000000000000e+00,0.000000000000000000e+00,0.000000000000000000e+00,0.000000000000000000e+00,0.000000000000000000e+00,0.000000000000000000e+00,0.000000000000000000e+00,0.000000000000000000e+00,0.000000000000000000e+00,0.000000000000000000e+00,0.000000000000000000e+00,0.000000000000000000e+00,0.000000000000000000e+00,0.000000000000000000e+00,0.000000000000000000e+00,0.000000000000000000e+00,0.000000000000000000e+00,0.000000000000000000e+00,0.000000000000000000e+00,0.000000000000000000e+00,0.000000000000000000e+00,0.000000000000000000e+00,0.000000000000000000e+00,0.000000000000000000e+00,0.000000000000000000e+00,0.000000000000000000e+00,0.000000000000000000e+00,0.000000000000000000e+00,0.000000000000000000e+00,0.000000000000000000e+00,0.000000000000000000e+00,0.000000000000000000e+00,0.000000000000000000e+00,0.000000000000000000e+00,0.000000000000000000e+00,0.000000000000000000e+00,0.000000000000000000e+00,0.000000000000000000e+00,0.000000000000000000e+00,0.000000000000000000e+00,0.000000000000000000e+00,0.000000000000000000e+00,0.000000000000000000e+00,0.000000000000000000e+00,0.000000000000000000e+00,0.000000000000000000e+00,0.000000000000000000e+00,0.000000000000000000e+00,0.000000000000000000e+00,0.000000000000000000e+00,0.000000000000000000e+00,0.000000000000000000e+00,0.000000000000000000e+00,0.000000000000000000e+00,0.000000000000000000e+00,0.000000000000000000e+00,0.000000000000000000e+00,0.000000000000000000e+00,0.000000000000000000e+00,0.000000000000000000e+00,0.000000000000000000e+00,0.000000000000000000e+00,0.000000000000000000e+00,0.000000000000000000e+00,0.000000000000000000e+00,0.000000000000000000e+00,0.000000000000000000e+00,0.000000000000000000e+00,0.000000000000000000e+00,0.000000000000000000e+00,0.000000000000000000e+00,0.000000000000000000e+00,0.000000000000000000e+00,0.000000000000000000e+00,0.000000000000000000e+00,0.000000000000000000e+00
CQ_h,0.000000000000000000e+00,0.000000000000000000e+00,0.000000000000000000e+00,0.000000000000000000e+00,0.000000000000000000e+00,0.000000000000000000e+00,0.000000000000000000e+00,0.000000000000000000e+00,0.000000000000000000e+00,0.000000000000000000e+00,0.000000000000000000e+00,0.000000000000000000e+00,0.000000000000000000e+00,0.000000000000000000e+00,0.000000000000000000e+00,0.000000000000000000e+00,0.000000000000000000e+00,0.000000000000000000e+00,0.000000000000000000e+00,0.000000000000000000e+00,0.000000000000000000e+00,0.000000000000000000e+00,0.000000000000000000e+00,0.000000000000000000e+00,0.000000000000000000e+00,0.000000000000000000e+00,0.000000000000000000e+00,0.000000000000000000e+00,0.000000000000000000e+00,0.000000000000000000e+00,0.000000000000000000e+00,0.000000000000000000e+00,0.000000000000000000e+00,0.000000000000000000e+00,0.000000000000000000e+00,0.000000000000000000e+00,0.000000000000000000e+00,0.000000000000000000e+00,0.000000000000000000e+00,0.000000000000000000e+00,0.000000000000000000e+00,0.000000000000000000e+00,0.000000000000000000e+00,0.000000000000000000e+00,0.000000000000000000e+00,0.000000000000000000e+00,0.000000000000000000e+00,0.000000000000000000e+00,0.000000000000000000e+00,0.000000000000000000e+00,0.000000000000000000e+00,0.000000000000000000e+00,0.000000000000000000e+00,0.000000000000000000e+00,0.000000000000000000e+00,0.000000000000000000e+00,0.000000000000000000e+00,0.000000000000000000e+00,0.000000000000000000e+00,0.000000000000000000e+00,0.000000000000000000e+00,0.000000000000000000e+00,0.000000000000000000e+00,0.000000000000000000e+00,0.000000000000000000e+00,0.000000000000000000e+00,0.000000000000000000e+00,0.000000000000000000e+00,0.000000000000000000e+00,0.000000000000000000e+00,0.000000000000000000e+00,0.000000000000000000e+00,0.000000000000000000e+00,0.000000000000000000e+00,0.000000000000000000e+00,0.000000000000000000e+00,0.000000000000000000e+00,0.000000000000000000e+00,0.000000000000000000e+00,0.000000000000000000e+00,0.000000000000000000e+00,0.000000000000000000e+00,0.000000000000000000e+00,0.000000000000000000e+00,0.000000000000000000e+00,0.000000000000000000e+00,0.000000000000000000e+00,0.000000000000000000e+00,0.000000000000000000e+00,0.000000000000000000e+00,0.000000000000000000e+00,0.000000000000000000e+00,0.000000000000000000e+00,0.000000000000000000e+00,0.000000000000000000e+00,0.000000000000000000e+00,0.000000000000000000e+00,0.000000000000000000e+00,0.000000000000000000e+00,0.000000000000000000e+00,0.000000000000000000e+00,0.000000000000000000e+00,0.000000000000000000e+00,0.000000000000000000e+00,0.000000000000000000e+00,0.000000000000000000e+00,0.000000000000000000e+00,0.000000000000000000e+00,0.000000000000000000e+00,0.000000000000000000e+00,0.000000000000000000e+00,0.000000000000000000e+00,0.000000000000000000e+00,0.000000000000000000e+00,0.000000000000000000e+00,0.000000000000000000e+00,0.000000000000000000e+00,0.000000000000000000e+00,0.000000000000000000e+00,0.000000000000000000e+00,0.000000000000000000e+00,0.000000000000000000e+00,0.000000000000000000e+00,0.000000000000000000e+00,0.000000000000000000e+00,0.000000000000000000e+00,0.000000000000000000e+00,0.000000000000000000e+00,0.000000000000000000e+00,0.000000000000000000e+00,0.000000000000000000e+00,0.000000000000000000e+00,0.000000000000000000e+00,0.000000000000000000e+00,0.000000000000000000e+00,0.000000000000000000e+00,0.000000000000000000e+00,0.000000000000000000e+00,0.000000000000000000e+00,0.000000000000000000e+00,0.000000000000000000e+00,0.000000000000000000e+00,0.000000000000000000e+00,0.000000000000000000e+00,0.000000000000000000e+00,0.000000000000000000e+00,0.000000000000000000e+00,0.000000000000000000e+00,0.000000000000000000e+00,0.000000000000000000e+00,0.000000000000000000e+00,0.000000000000000000e+00,0.000000000000000000e+00,0.000000000000000000e+00,0.000000000000000000e+00,0.000000000000000000e+00,0.000000000000000000e+00,0.000000000000000000e+00,0.000000000000000000e+00,0.000000000000000000e+00,0.000000000000000000e+00,0.000000000000000000e+00,0.000000000000000000e+00,0.000000000000000000e+00,0.000000000000000000e+00,0.000000000000000000e+00,0.000000000000000000e+00,0.000000000000000000e+00,0.000000000000000000e+00,0.000000000000000000e+00,0.000000000000000000e+00,0.000000000000000000e+00,0.000000000000000000e+00,0.000000000000000000e+00,0.000000000000000000e+00,0.000000000000000000e+00,0.000000000000000000e+00,0.000000000000000000e+00,0.000000000000000000e+00,0.000000000000000000e+00,0.000000000000000000e+00,0.000000000000000000e+00,0.000000000000000000e+00,0.000000000000000000e+00,0.000000000000000000e+00,0.000000000000000000e+00,0.000000000000000000e+00,0.000000000000000000e+00,0.000000000000000000e+00,0.000000000000000000e+00,0.000000000000000000e+00,0.000000000000000000e+00,0.000000000000000000e+00,0.000000000000000000e+00,0.000000000000000000e+00,0.000000000000000000e+00,0.000000000000000000e+00,0.000000000000000000e+00,0.000000000000000000e+00,0.000000000000000000e+00,0.000000000000000000e+00,0.000000000000000000e+00,0.000000000000000000e+00,0.000000000000000000e+00,0.000000000000000000e+00,0.000000000000000000e+00,0.000000000000000000e+00,0.000000000000000000e+00,0.000000000000000000e+00,0.000000000000000000e+00,0.000000000000000000e+00,0.000000000000000000e+00,0.000000000000000000e+00,0.000000000000000000e+00,0.000000000000000000e+00,0.000000000000000000e+00,0.000000000000000000e+00,0.000000000000000000e+00,0.000000000000000000e+00,0.000000000000000000e+00,0.000000000000000000e+00,0.000000000000000000e+00,0.000000000000000000e+00,0.000000000000000000e+00,0.000000000000000000e+00,0.000000000000000000e+00,0.000000000000000000e+00,0.000000000000000000e+00,0.000000000000000000e+00,0.000000000000000000e+00,0.000000000000000000e+00,0.000000000000000000e+00,0.000000000000000000e+00,0.000000000000000000e+00,0.000000000000000000e+00,0.000000000000000000e+00,0.000000000000000000e+00,0.000000000000000000e+00
CT,0.000000000000000000e+00,0.000000000000000000e+00,0.000000000000000000e+00,0.000000000000000000e+00,0.000000000000000000e+00,0.000000000000000000e+00,0.000000000000000000e+00,0.000000000000000000e+00,0.000000000000000000e+00,0.000000000000000000e+00,0.000000000000000000e+00,0.000000000000000000e+00,0.000000000000000000e+00,0.000000000000000000e+00,0.000000000000000000e+00,0.000000000000000000e+00,0.000000000000000000e+00,0.000000000000000000e+00,0.000000000000000000e+00,0.000000000000000000e+00,0.000000000000000000e+00,0.000000000000000000e+00,0.000000000000000000e+00,0.000000000000000000e+00,0.000000000000000000e+00,0.000000000000000000e+00,0.000000000000000000e+00,0.000000000000000000e+00,0.000000000000000000e+00,0.000000000000000000e+00,0.000000000000000000e+00,0.000000000000000000e+00,0.000000000000000000e+00,0.000000000000000000e+00,0.000000000000000000e+00,0.000000000000000000e+00,0.000000000000000000e+00,0.000000000000000000e+00,0.000000000000000000e+00,0.000000000000000000e+00,0.000000000000000000e+00,0.000000000000000000e+00,0.000000000000000000e+00,0.000000000000000000e+00,0.000000000000000000e+00,0.000000000000000000e+00,0.000000000000000000e+00,0.000000000000000000e+00,0.000000000000000000e+00,0.000000000000000000e+00,0.000000000000000000e+00,0.000000000000000000e+00,0.000000000000000000e+00,0.000000000000000000e+00,0.000000000000000000e+00,0.000000000000000000e+00,0.000000000000000000e+00,0.000000000000000000e+00,0.000000000000000000e+00,0.000000000000000000e+00,0.000000000000000000e+00,0.000000000000000000e+00,0.000000000000000000e+00,0.000000000000000000e+00,0.000000000000000000e+00,0.000000000000000000e+00,0.000000000000000000e+00,0.000000000000000000e+00,0.000000000000000000e+00,0.000000000000000000e+00,0.000000000000000000e+00,0.000000000000000000e+00,0.000000000000000000e+00,0.000000000000000000e+00,0.000000000000000000e+00,0.000000000000000000e+00,0.000000000000000000e+00,0.000000000000000000e+00,0.000000000000000000e+00,0.000000000000000000e+00,0.000000000000000000e+00,0.000000000000000000e+00,0.000000000000000000e+00,0.000000000000000000e+00,0.000000000000000000e+00,0.000000000000000000e+00,0.000000000000000000e+00,0.000000000000000000e+00,0.000000000000000000e+00,0.000000000000000000e+00,0.000000000000000000e+00,0.000000000000000000e+00,0.000000000000000000e+00,0.000000000000000000e+00,0.000000000000000000e+00,0.000000000000000000e+00,0.000000000000000000e+00,0.000000000000000000e+00,0.000000000000000000e+00,0.000000000000000000e+00,0.000000000000000000e+00,0.000000000000000000e+00,0.000000000000000000e+00,0.000000000000000000e+00,0.000000000000000000e+00,0.000000000000000000e+00,0.000000000000000000e+00,0.000000000000000000e+00,0.000000000000000000e+00,0.000000000000000000e+00,0.000000000000000000e+00,0.000000000000000000e+00,0.000000000000000000e+00,0.000000000000000000e+00,0.000000000000000000e+00,0.000000000000000000e+00,0.000000000000000000e+00,0.000000000000000000e+00,0.000000000000000000e+00,0.000000000000000000e+00,0.000000000000000000e+00,0.000000000000000000e+00,0.000000000000000000e+00,0.000000000000000000e+00,0.000000000000000000e+00,0.000000000000000000e+00,0.000000000000000000e+00,0.000000000000000000e+00,0.000000000000000000e+00,0.000000000000000000e+00,0.000000000000000000e+00,0.000000000000000000e+00,0.000000000000000000e+00,0.000000000000000000e+00,0.000000000000000000e+00,0.000000000000000000e+00,0.000000000000000000e+00,0.000000000000000000e+00,0.000000000000000000e+00,0.000000000000000000e+00,0.000000000000000000e+00,0.000000000000000000e+00,0.000000000000000000e+00,0.000000000000000000e+00,0.000000000000000000e+00,0.000000000000000000e+00,0.000000000000000000e+00,0.000000000000000000e+00,0.000000000000000000e+00,0.000000000000000000e+00,0.000000000000000000e+00,0.000000000000000000e+00,0.000000000000000000e+00,0.000000000000000000e+00,0.000000000000000000e+00,0.000000000000000000e+00,0.000000000000000000e+00,0.000000000000000000e+00,0.000000000000000000e+00,0.000000000000000000e+00,0.000000000000000000e+00,0.000000000000000000e+00,0.000000000000000000e+00,0.000000000000000000e+00,0.000000000000000000e+00,0.000000000000000000e+00,0.000000000000000000e+00,0.000000000000000000e+00,0.000000000000000000e+00,0.000000000000000000e+00,0.000000000000000000e+00,0.000000000000000000e+00,0.000000000000000000e+00,0.000000000000000000e+00,0.000000000000000000e+00,0.000000000000000000e+00,0.000000000000000000e+00,0.000000000000000000e+00,0.000000000000000000e+00,0.000000000000000000e+00,0.000000000000000000e+00,0.000000000000000000e+00,0.000000000000000000e+00,0.000000000000000000e+00,0.000000000000000000e+00,0.000000000000000000e+00,0.000000000000000000e+00,0.000000000000000000e+00,0.000000000000000000e+00,0.000000000000000000e+00,0.000000000000000000e+00,0.000000000000000000e+00,0.000000000000000000e+00,0.000000000000000000e+00,0.000000000000000000e+00,0.000000000000000000e+00,0.000000000000000000e+00,0.000000000000000000e+00,0.000000000000000000e+00,0.000000000000000000e+00,0.000000000000000000e+00,0.000000000000000000e+00,0.000000000000000000e+00,0.000000000000000000e+00,0.000000000000000000e+00,0.000000000000000000e+00,0.000000000000000000e+00,0.000000000000000000e+00,0.000000000000000000e+00,0.000000000000000000e+00,0.000000000000000000e+00,0.000000000000000000e+00,0.000000000000000000e+00,0.000000000000000000e+00,0.000000000000000000e+00,0.000000000000000000e+00,0.000000000000000000e+00,0.000000000000000000e+00,0.000000000000000000e+00,0.000000000000000000e+00,0.000000000000000000e+00,0.000000000000000000e+00,0.000000000000000000e+00,0.000000000000000000e+00,0.000000000000000000e+00,0.000000000000000000e+00,0.000000000000000000e+00,0.000000000000000000e+00,0.000000000000000000e+00,0.000000000000000000e+00,0.000000000000000000e+00,0.000000000000000000e+00,0.000000000000000000e+00,0.000000000000000000e+00,0.000000000000000000e+00,0.000000000000000000e+00,0.000000000000000000e+00,0.000000000000000000e+00
CT_h,0.000000000000000000e+00,0.000000000000000000e+00,0.000000000000000000e+00,0.000000000000000000e+00,0.000000000000000000e+00,0.000000000000000000e+00,0.000000000000000000e+00,0.000000000000000000e+00,0.000000000000000000e+00,0.000000000000000000e+00,0.000000000000000000e+00,0.000000000000000000e+00,0.000000000000000000e+00,0.000000000000000000e+00,0.000000000000000000e+00,0.000000000000000000e+00,0.000000000000000000e+00,0.000000000000000000e+00,0.000000000000000000e+00,0.000000000000000000e+00,0.000000000000000000e+00,0.000000000000000000e+00,0.000000000000000000e+00,0.000000000000000000e+00,0.000000000000000000e+00,0.000000000000000000e+00,0.000000000000000000e+00,0.000000000000000000e+00,0.000000000000000000e+00,0.000000000000000000e+00,0.000000000000000000e+00,0.000000000000000000e+00,0.000000000000000000e+00,0.000000000000000000e+00,0.000000000000000000e+00,0.000000000000000000e+00,0.000000000000000000e+00,0.000000000000000000e+00,0.000000000000000000e+00,0.000000000000000000e+00,0.000000000000000000e+00,0.000000000000000000e+00,0.000000000000000000e+00,0.000000000000000000e+00,0.000000000000000000e+00,0.000000000000000000e+00,0.000000000000000000e+00,0.000000000000000000e+00,0.000000000000000000e+00,0.000000000000000000e+00,0.000000000000000000e+00,0.000000000000000000e+00,0.000000000000000000e+00,0.000000000000000000e+00,0.000000000000000000e+00,0.000000000000000000e+00,0.000000000000000000e+00,0.000000000000000000e+00,0.000000000000000000e+00,0.000000000000000000e+00,0.000000000000000000e+00,0.000000000000000000e+00,0.000000000000000000e+00,0.000000000000000000e+00,0.000000000000000000e+00,0.000000000000000000e+00,0.000000000000000000e+00,0.000000000000000000e+00,0.000000000000000000e+00,0.000000000000000000e+00,0.000000000000000000e+00,0.000000000000000000e+00,0.000000000000000000e+00,0.000000000000000000e+00,0.000000000000000000e+00,0.000000000000000000e+00,0.000000000000000000e+00,0.000000000000000000e+00,0.000000000000000000e+00,0.000000000000000000e+00,0.000000000000000000e+00,0.000000000000000000e+00,0.000000000000000000e+00,0.000000000000000000e+00,0.000000000000000000e+00,0.000000000000000000e+00,0.000000000000000000e+00,0.000000000000000000e+00,0.000000000000000000e+00,0.000000000000000000e+00,0.000000000000000000e+00,0.000000000000000000e+00,0.000000000000000000e+00,0.000000000000000000e+00,0.000000000000000000e+00,0.000000000000000000e+00,0.000000000000000000e+00,0.000000000000000000e+00,0.000000000000000000e+00,0.000000000000000000e+00,0.000000000000000000e+00,0.000000000000000000e+00,0.000000000000000000e+00,0.000000000000000000e+00,0.000000000000000000e+00,0.000000000000000000e+00,0.000000000000000000e+00,0.000000000000000000e+00,0.000000000000000000e+00,0.000000000000000000e+00,0.000000000000000000e+00,0.000000000000000000e+00,0.000000000000000000e+00,0.000000000000000000e+00,0.000000000000000000e+00,0.000000000000000000e+00,0.000000000000000000e+00,0.000000000000000000e+00,0.000000000000000000e+00,0.000000000000000000e+00,0.000000000000000000e+00,0.000000000000000000e+00,0.000000000000000000e+00,0.000000000000000000e+00,0.000000000000000000e+00,0.000000000000000000e+00,0.000000000000000000e+00,0.000000000000000000e+00,0.000000000000000000e+00,0.000000000000000000e+00,0.000000000000000000e+00,0.000000000000000000e+00,0.000000000000000000e+00,0.000000000000000000e+00,0.000000000000000000e+00,0.000000000000000000e+00,0.000000000000000000e+00,0.000000000000000000e+00,0.000000000000000000e+00,0.000000000000000000e+00,0.000000000000000000e+00,0.000000000000000000e+00,0.000000000000000000e+00,0.000000000000000000e+00,0.000000000000000000e+00,0.000000000000000000e+00,0.000000000000000000e+00,0.000000000000000000e+00,0.000000000000000000e+00,0.000000000000000000e+00,0.000000000000000000e+00,0.000000000000000000e+00,0.000000000000000000e+00,0.000000000000000000e+00,0.000000000000000000e+00,0.000000000000000000e+00,0.000000000000000000e+00,0.000000000000000000e+00,0.000000000000000000e+00,0.000000000000000000e+00,0.000000000000000000e+00,0.000000000000000000e+00,0.000000000000000000e+00,0.000000000000000000e+00,0.000000000000000000e+00,0.000000000000000000e+00,0.000000000000000000e+00,0.000000000000000000e+00,0.000000000000000000e+00,0.000000000000000000e+00,0.000000000000000000e+00,0.000000000000000000e+00,0.000000000000000000e+00,0.000000000000000000e+00,0.000000000000000000e+00,0.000000000000000000e+00,0.000000000000000000e+00,0.000000000000000000e+00,0.000000000000000000e+00,0.000000000000000000e+00,0.000000000000000000e+00,0.000000000000000000e+00,0.000000000000000000e+00,0.000000000000000000e+00,0.000000000000000000e+00,0.000000000000000000e+00,0.000000000000000000e+00,0.000000000000000000e+00,0.000000000000000000e+00,0.000000000000000000e+00,0.000000000000000000e+00,0.000000000000000000e+00,0.000000000000000000e+00,0.000000000000000000e+00,0.000000000000000000e+00,0.000000000000000000e+00,0.000000000000000000e+00,0.000000000000000000e+00,0.000000000000000000e+00,0.000000000000000000e+00,0.000000000000000000e+00,0.000000000000000000e+00,0.000000000000000000e+00,0.000000000000000000e+00,0.000000000000000000e+00,0.000000000000000000e+00,0.000000000000000000e+00,0.000000000000000000e+00,0.000000000000000000e+00,0.000000000000000000e+00,0.000000000000000000e+00,0.000000000000000000e+00,0.000000000000000000e+00,0.000000000000000000e+00,0.000000000000000000e+00,0.000000000000000000e+00,0.000000000000000000e+00,0.000000000000000000e+00,0.000000000000000000e+00,0.000000000000000000e+00,0.000000000000000000e+00,0.000000000000000000e+00,0.000000000000000000e+00,0.000000000000000000e+00,0.000000000000000000e+00,0.000000000000000000e+00,0.000000000000000000e+00,0.000000000000000000e+00,0.000000000000000000e+00,0.000000000000000000e+00,0.000000000000000000e+00,0.000000000000000000e+00,0.000000000000000000e+00,0.000000000000000000e+00,0.000000000000000000e+00,0.000000000000000000e+00,0.000000000000000000e+00,0.000000000000000000e+00
Chord,1.306300000000000017e+00,1.322480000000000100e+00,1.338670000000000027e+00,1.354859999999999953e+00,1.371050000000000102e+00,1.387240000000000029e+00,1.403429999999999955e+00,1.419620000000000104e+00,1.435810000000000031e+00,1.452010000000000023e+00,1.468199999999999950e+00,1.484390000000000098e+00,1.500580000000000025e+00,1.516780000000000017e+00,1.532969999999999944e+00,1.549160000000000093e+00,1.565360000000000085e+00,1.581550000000000011e+00,1.590729999999999977e+00,1.592889999999999917e+00,1.595050000000000079e+00,1.597210000000000019e+00,1.599369999999999958e+00,1.601520000000000055e+00,1.603189999999999893e+00,1.614239999999999897e+00,1.632050000000000001e+00,1.649860000000000104e+00,1.667680000000000051e+00,1.685489999999999933e+00,1.703310000000000102e+00,1.721130000000000049e+00,1.738939999999999930e+00,1.756760000000000099e+00,1.774580000000000046e+00,1.792399999999999993e+00,1.810219999999999940e+00,1.828049999999999953e+00,1.845869999999999900e+00,1.863690000000000069e+00,1.881520000000000081e+00,1.899340000000000028e+00,1.917170000000000041e+00,1.934989999999999988e+00,1.952820000000000000e+00,1.970650000000000013e+00,1.988480000000000025e+00,2.006299999999999972e+00,2.024129999999999985e+00,2.041959999999999997e+00,2.059790000000000010e+00,2.077620000000000022e+00,2.095450000000000035e+00,2.113290000000000113e+00,2.131120000000000125e+00,2.148950000000000138e+00,2.166780000000000150e+00,2.184619999999999784e+00,2.202449999999999797e+00,2.220279999999999809e+00,2.236000000000000210e+00,2.249610000000000110e+00,2.263209999999999944e+00,2.286599999999999966e+00,2.312190000000000190e+00,2.325959999999999805e+00,2.339719999999999800e+00,2.353489999999999860e+00,2.353489999999999860e+00,2.339719999999999800e+00,2.325959999999999805e+00,2.312190000000000190e+00,2.286599999999999966e+00,2.263209999999999944e+00,2.249610000000000110e+00,2.236000000000000210e+00,2.220279999999999809e+00,2.202449999999999797e+00,2.184619999999999784e+00,2.166780000000000150e+00,2.148950000000000138e+00,2.131120000000000125e+00,2.113290000000000113e+00,2.095450000000000035e+00,2.077620000000000022e+00,2.059790000000000010e+00,2.041959999999999997e+00,2.024129999999999985e+00,2.006299999999999972e+00,1.988480000000000025e+00,1.970650000000000013e+00,1.952820000000000000e+00,1.934989999999999988e+00,1.917170000000000041e+00,1.899340000000000028e+00,1.881520000000000081e+00,1.863690000000000069e+00,1.845869999999999900e+00,1.828049999999999953e+00,1.810219999999999940e+00,1.792399999999999993e+00,1.774580000000000046e+00,1.756760000000000099e+00,1.738939999999999930e+00,1.721130000000000049e+00,1.703310000000000102e+00,1.685489999999999933e+00,1.667680000000000051e+00,1.649860000000000104e+00,1.632050000000000001e+00,1.614239999999999897e+00,1.603189999999999893e+00,1.601520000000000055e+00,1.599369999999999958e+00,1.597210000000000019e+00,1.595050000000000079e+00,1.592889999999999917e+00,1.590729999999999977e+00,1.581550000000000011e+00,1.565360000000000085e+00,1.549160000000000093e+00,1.532969999999999944e+00,1.516780000000000017e+00,1.500580000000000025e+00,1.484390000000000098e+00,1.468199999999999950e+00,1.452010000000000023e+00,1.435810000000000031e+00,1.419620000000000104e+00,1.403429999999999955e+00,1.387240000000000029e+00,1.371050000000000102e+00,1.354859999999999953e+00,1.338670000000000027e+00,1.322480000000000100e+00,1.306300000000000017e+00,1.043050000000000033e+00,1.067590000000000039e+00,1.092130000000000045e+00,1.116670000000000051e+00,1.141219999999999901e+00,1.165759999999999907e+00,1.190299999999999914e+00,1.214839999999999920e+00,1.239389999999999992e+00,1.263929999999999998e+00,1.288470000000000004e+00,1.313010000000000010e+00,1.337560000000000082e+00,1.362100000000000088e+00,1.386640000000000095e+00,1.411180000000000101e+00,1.435720000000000107e+00,1.460269999999999957e+00,1.484809999999999963e+00,1.509349999999999969e+00,1.533889999999999976e+00,1.558440000000000047e+00,1.582980000000000054e+00,1.607520000000000060e+00,1.632060000000000066e+00,1.656609999999999916e+00,1.681149999999999922e+00,1.705689999999999928e+00,1.043050000000000033e+00,1.067590000000000039e+00,1.092130000000000045e+00,1.116670000000000051e+00,1.141219999999999901e+00,1.165759999999999907e+00,1.190299999999999914e+00,1.214839999999999920e+00,1.239389999999999992e+00,1.263929999999999998e+00,1.288470000000000004e+00,1.313010000000000010e+00,1.337560000000000082e+00,1.362100000000000088e+00,1.386640000000000095e+00,1.411180000000000101e+00,1.435720000000000107e+00,1.460269999999999957e+00,1.484809999999999963e+00,1.509349999999999969e+00,1.533889999999999976e+00,1.558440000000000047e+00,1.582980000000000054e+00,1.607520000000000060e+00,1.632060000000000066e+00,1.656609999999999916e+00,1.681149999999999922e+00,9.870100000000000540e-01,1.021649999999999947e+00,1.056280000000000108e+00,1.090910000000000046e+00,1.125539999999999985e+00,1.160169999999999924e+00,1.194809999999999928e+00,1.229440000000000088e+00,1.264070000000000027e+00,1.298699999999999966e+00,1.333329999999999904e+00,1.367969999999999908e+00,1.402600000000000069e+00,1.437230000000000008e+00,1.471859999999999946e+00,1.506490000000000107e+00,1.541130000000000111e+00,1.575760000000000050e+00,1.610389999999999988e+00,1.645019999999999927e+00,1.679650000000000087e+00,1.714290000000000092e+00,1.748920000000000030e+00,1.783549999999999969e+00,1.818179999999999907e+00,1.852810000000000068e+00,1.887450000000000072e+00,2.999999999999999889e-01,2.999999999999999889e-01,2.974999999999999867e-01,2.924999999999999822e-01,2.874999999999999778e-01,2.824999999999999734e-01,2.775000000000000244e-01,2.725000000000000200e-01,2.700000000000000178e-01,2.700000000000000178e-01,2.999999999999999889e-01,2.999999999999999889e-01,2.974999999999999867e-01,2.924999999999999822e-01,2.874999999999999778e-01,2.824999999999999734e-01,2.775000000000000244e-01,2.725000000000000200e-01,2.700000000000000178e-01,2.700000000000000178e-01
Diameter,0.000000000000000000e+00,0.000000000000000000e+00,0.000000000000000000e+00,0.000000000000000000e+00,0.000000000000000000e+00,0.000000000000000000e+00,0.000000000000000000e+00,0.000000000000000000e+00,0.000000000000000000e+00,0.000000000000000000e+00,0.000000000000000000e+00,0.000000000000000000e+00,0.000000000000000000e+00,0.000000000000000000e+00,0.000000000000000000e+00,0.000000000000000000e+00,0.000000000000000000e+00,0.000000000000000000e+00,0.000000000000000000e+00,0.000000000000000000e+00,0.000000000000000000e+00,0.000000000000000000e+00,0.000000000000000000e+00,0.000000000000000000e+00,0.000000000000000000e+00,0.000000000000000000e+00,0.000000000000000000e+00,0.000000000000000000e+00,0.000000000000000000e+00,0.000000000000000000e+00,0.000000000000000000e+00,0.000000000000000000e+00,0.000000000000000000e+00,0.000000000000000000e+00,0.000000000000000000e+00,0.000000000000000000e+00,0.000000000000000000e+00,0.000000000000000000e+00,0.000000000000000000e+00,0.000000000000000000e+00,0.000000000000000000e+00,0.000000000000000000e+00,0.000000000000000000e+00,0.000000000000000000e+00,0.000000000000000000e+00,0.000000000000000000e+00,0.000000000000000000e+00,0.000000000000000000e+00,0.000000000000000000e+00,0.000000000000000000e+00,0.000000000000000000e+00,0.000000000000000000e+00,0.000000000000000000e+00,0.000000000000000000e+00,0.000000000000000000e+00,0.000000000000000000e+00,0.000000000000000000e+00,0.000000000000000000e+00,0.000000000000000000e+00,0.000000000000000000e+00,0.000000000000000000e+00,0.000000000000000000e+00,0.000000000000000000e+00,0.000000000000000000e+00,0.000000000000000000e+00,0.000000000000000000e+00,0.000000000000000000e+00,0.000000000000000000e+00,0.000000000000000000e+00,0.000000000000000000e+00,0.000000000000000000e+00,0.000000000000000000e+00,0.000000000000000000e+00,0.000000000000000000e+00,0.000000000000000000e+00,0.000000000000000000e+00,0.000000000000000000e+00,0.000000000000000000e+00,0.000000000000000000e+00,0.000000000000000000e+00,0.000000000000000000e+00,0.000000000000000000e+00,0.000000000000000000e+00,0.000000000000000000e+00,0.000000000000000000e+00,0.000000000000000000e+00,0.000000000000000000e+00,0.000000000000000000e+00,0.000000000000000000e+00,0.000000000000000000e+00,0.000000000000000000e+00,0.000000000000000000e+00,0.000000000000000000e+00,0.000000000000000000e+00,0.000000000000000000e+00,0.000000000000000000e+00,0.000000000000000000e+00,0.000000000000000000e+00,0.000000000000000000e+00,0.000000000000000000e+00,0.000000000000000000e+00,0.000000000000000000e+00,0.000000000000000000e+00,0.000000000000000000e+00,0.000000000000000000e+00,0.000000000000000000e+00,0.000000000000000000e+00,0.000000000000000000e+00,0.000000000000000000e+00,0.000000000000000000e+00,0.000000000000000000e+00,0.000000000000000000e+00,0.000000000000000000e+00,0.000000000000000000e+00,0.000000000000000000e+00,0.000000000000000000e+00,0.000000000000000000e+00,0.000000000000000000e+00,0.000000000000000000e+00,0.000000000000000000e+00,0.000000000000000000e+00,0.000000000000000000e+00,0.000000000000000000e+00,0.000000000000000000e+00,0.000000000000000000e+00,0.000000000000000000e+00,0.000000000000000000e+00,0.000000000000000000e+00,0.000000000000000000e+00,0.000000000000000000e+00,0.000000000000000000e+00,0.000000000000000000e+00,0.000000000000000000e+00,0.000000000000000000e+00,0.000000000000000000e+00,0.000000000000000000e+00,0.000000000000000000e+00,0.000000000000000000e+00,0.000000000000000000e+00,0.000000000000000000e+00,0.000000000000000000e+00,0.000000000000000000e+00,0.000000000000000000e+00,0.000000000000000000e+00,0.000000000000000000e+00,0.000000000000000000e+00,0.000000000000000000e+00,0.000000000000000000e+00,0.000000000000000000e+00,0.000000000000000000e+00,0.000000000000000000e+00,0.000000000000000000e+00,0.000000000000000000e+00,0.000000000000000000e+00,0.000000000000000000e+00,0.000000000000000000e+00,0.000000000000000000e+00,0.000000000000000000e+00,0.000000000000000000e+00,0.000000000000000000e+00,0.000000000000000000e+00,0.000000000000000000e+00,0.000000000000000000e+00,0.000000000000000000e+00,0.000000000000000000e+00,0.000000000000000000e+00,0.000000000000000000e+00,0.000000000000000000e+00,0.000000000000000000e+00,0.000000000000000000e+00,0.000000000000000000e+00,0.000000000000000000e+00,0.000000000000000000e+00,0.000000000000000000e+00,0.000000000000000000e+00,0.000000000000000000e+00,0.000000000000000000e+00,0.000000000000000000e+00,0.000000000000000000e+00,0.000000000000000000e+00,0.000000000000000000e+00,0.000000000000000000e+00,0.000000000000000000e+00,0.000000000000000000e+00,0.000000000000000000e+00,0.000000000000000000e+00,0.000000000000000000e+00,0.000000000000000000e+00,0.000000000000000000e+00,0.000000000000000000e+00,0.000000000000000000e+00,0.000000000000000000e+00,0.000000000000000000e+00,0.000000000000000000e+00,0.000000000000000000e+00,0.000000000000000000e+00,0.000000000000000000e+00,0.000000000000000000e+00,0.000000000000000000e+00,0.000000000000000000e+00,0.000000000000000000e+00,0.000000000000000000e+00,0.000000000000000000e+00,0.000000000000000000e+00,0.000000000000000000e+00,0.000000000000000000e+00,0.000000000000000000e+00,0.000000000000000000e+00,0.000000000000000000e+00,0.000000000000000000e+00,0.000000000000000000e+00,0.000000000000000000e+00,0.000000000000000000e+00,0.000000000000000000e+00,0.000000000000000000e+00,0.000000000000000000e+00,0.000000000000000000e+00,0.000000000000000000e+00,0.000000000000000000e+00,0.000000000000000000e+00,0.000000000000000000e+00,0.000000000000000000e+00,0.000000000000000000e+00,0.000000000000000000e+00,0.000000000000000000e+00,0.000000000000000000e+00,0.000000000000000000e+00,0.000000000000000000e+00,0.000000000000000000e+00,0.000000000000000000e+00,0.000000000000000000e+00,0.000000000000000000e+00,0.000000000000000000e+00,0.000000000000000000e+00,0.000000000000000000e+00,0.000000000000000000e+00,0.000000000000000000e+00,0.000000000000000000e+00
ETAP,0.000000000000000000e+00,0.000000000000000000e+00,0.000000000000000000e+00,0.000000000000000000e+00,0.000000000000000000e+00,0.000000000000000000e+00,0.000000000000000000e+00,0.000000000000000000e+00,0.000000000000000000e+00,0.000000000000000000e+00,0.000000000000000000e+00,0.000000000000000000e+00,0.000000000000000000e+00,0.000000000000000000e+00,0.000000000000000000e+00,0.000000000000000000e+00,0.000000000000000000e+00,0.000000000000000000e+00,0.000000000000000000e+00,0.000000000000000000e+00,0.000000000000000000e+00,0.000000000000000000e+00,0.000000000000000000e+00,0.000000000000000000e+00,0.000000000000000000e+00,0.000000000000000000e+00,0.000000000000000000e+00,0.000000000000000000e+00,0.000000000000000000e+00,0.000000000000000000e+00,0.000000000000000000e+00,0.000000000000000000e+00,0.000000000000000000e+00,0.000000000000000000e+00,0.000000000000000000e+00,0.000000000000000000e+00,0.000000000000000000e+00,0.000000000000000000e+00,0.000000000000000000e+00,0.000000000000000000e+00,0.000000000000000000e+00,0.000000000000000000e+00,0.000000000000000000e+00,0.000000000000000000e+00,0.000000000000000000e+00,0.000000000000000000e+00,0.000000000000000000e+00,0.000000000000000000e+00,0.000000000000000000e+00,0.000000000000000000e+00,0.000000000000000000e+00,0.000000000000000000e+00,0.000000000000000000e+00,0.000000000000000000e+00,0.000000000000000000e+00,0.000000000000000000e+00,0.000000000000000000e+00,0.000000000000000000e+00,0.000000000000000000e+00,0.000000000000000000e+00,0.000000000000000000e+00,0.000000000000000000e+00,0.000000000000000000e+00,0.000000000000000000e+00,0.000000000000000000e+00,0.000000000000000000e+00,0.000000000000000000e+00,0.000000000000000000e+00,0.000000000000000000e+00,0.000000000000000000e+00,0.000000000000000000e+00,0.000000000000000000e+00,0.000000000000000000e+00,0.000000000000000000e+00,0.000000000000000000e+00,0.000000000000000000e+00,0.000000000000000000e+00,0.000000000000000000e+00,0.000000000000000000e+00,0.000000000000000000e+00,0.000000000000000000e+00,0.000000000000000000e+00,0.000000000000000000e+00,0.000000000000000000e+00,0.000000000000000000e+00,0.000000000000000000e+00,0.000000000000000000e+00,0.000000000000000000e+00,0.000000000000000000e+00,0.000000000000000000e+00,0.000000000000000000e+00,0.000000000000000000e+00,0.000000000000000000e+00,0.000000000000000000e+00,0.000000000000000000e+00,0.000000000000000000e+00,0.000000000000000000e+00,0.000000000000000000e+00,0.000000000000000000e+00,0.000000000000000000e+00,0.000000000000000000e+00,0.000000000000000000e+00,0.000000000000000000e+00,0.000000000000000000e+00,0.000000000000000000e+00,0.000000000000000000e+00,0.000000000000000000e+00,0.000000000000000000e+00,0.000000000000000000e+00,0.000000000000000000e+00,0.000000000000000000e+00,0.000000000000000000e+00,0.000000000000000000e+00,0.000000000000000000e+00,0.000000000000000000e+00,0.000000000000000000e+00,0.000000000000000000e+00,0.000000000000000000e+00,0.000000000000000000e+00,0.000000000000000000e+00,0.000000000000000000e+00,0.000000000000000000e+00,0.000000000000000000e+00,0.000000000000000000e+00,0.000000000000000000e+00,0.000000000000000000e+00,0.000000000000000000e+00,0.000000000000000000e+00,0.000000000000000000e+00,0.000000000000000000e+00,0.000000000000000000e+00,0.000000000000000000e+00,0.000000000000000000e+00,0.000000000000000000e+00,0.000000000000000000e+00,0.000000000000000000e+00,0.000000000000000000e+00,0.000000000000000000e+00,0.000000000000000000e+00,0.000000000000000000e+00,0.000000000000000000e+00,0.000000000000000000e+00,0.000000000000000000e+00,0.000000000000000000e+00,0.000000000000000000e+00,0.000000000000000000e+00,0.000000000000000000e+00,0.000000000000000000e+00,0.000000000000000000e+00,0.000000000000000000e+00,0.000000000000000000e+00,0.000000000000000000e+00,0.000000000000000000e+00,0.000000000000000000e+00,0.000000000000000000e+00,0.000000000000000000e+00,0.000000000000000000e+00,0.000000000000000000e+00,0.000000000000000000e+00,0.000000000000000000e+00,0.000000000000000000e+00,0.000000000000000000e+00,0.000000000000000000e+00,0.000000000000000000e+00,0.000000000000000000e+00,0.000000000000000000e+00,0.000000000000000000e+00,0.000000000000000000e+00,0.000000000000000000e+00,0.000000000000000000e+00,0.000000000000000000e+00,0.000000000000000000e+00,0.000000000000000000e+00,0.000000000000000000e+00,0.000000000000000000e+00,0.000000000000000000e+00,0.000000000000000000e+00,0.000000000000000000e+00,0.000000000000000000e+00,0.000000000000000000e+00,0.000000000000000000e+00,0.000000000000000000e+00,0.000000000000000000e+00,0.000000000000000000e+00,0.000000000000000000e+00,0.000000000000000000e+00,0.000000000000000000e+00,0.000000000000000000e+00,0.000000000000000000e+00,0.000000000000000000e+00,0.000000000000000000e+00,0.000000000000000000e+00,0.000000000000000000e+00,0.000000000000000000e+00,0.000000000000000000e+00,0.000000000000000000e+00,0.000000000000000000e+00,0.000000000000000000e+00,0.000000000000000000e+00,0.000000000000000000e+00,0.000000000000000000e+00,0.000000000000000000e+00,0.000000000000000000e+00,0.000000000000000000e+00,0.000000000000000000e+00,0.000000000000000000e+00,0.000000000000000000e+00,0.000000000000000000e+00,0.000000000000000000e+00,0.000000000000000000e+00,0.000000000000000000e+00,0.000000000000000000e+00,0.000000000000000000e+00,0.000000000000000000e+00,0.000000000000000000e+00,0.000000000000000000e+00,0.000000000000000000e+00,0.000000000000000000e+00,0.000000000000000000e+00,0.000000000000000000e+00,0.000000000000000000e+00,0.000000000000000000e+00,0.000000000000000000e+00,0.000000000000000000e+00,0.000000000000000000e+00,0.000000000000000000e+00,0.000000000000000000e+00,0.000000000000000000e+00,0.000000000000000000e+00,0.000000000000000000e+00,0.000000000000000000e+00,0.000000000000000000e+00,0.000000000000000000e+00,0.000000000000000000e+00,0.000000000000000000e+00,0.000000000000000000e+00,0.000000000000000000e+00,0.000000000000000000e+00
FC_AoA_,0.000000000000000000e+00
FC_Beta_,0.000000000000000000e+00
FC_Bref_,1.639999999999999858e+01
FC_Cref_,1.881000000000000005e+00
FC_Mach_,6.930000000000000049e-02
FC_Pitch_Rate,0.000000000000000000e+00
FC_Rho_,1.225000000000000089e+00
FC_Roll__Rate,0.000000000000000000e+00
FC_Sref_,3.000000340000000065e+01
FC_Vinf_,2.360000000000000142e+01
FC_Xcg_,3.703120000000000189e+00
FC_Yaw___Rate,0.000000000000000000e+00
FC_Ycg_,0.000000000000000000e+00
FC_Zcg_,0.000000000000000000e+00
FOM,0.000000000000000000e+00,0.000000000000000000e+00,0.000000000000000000e+00,0.000000000000000000e+00,0.000000000000000000e+00,0.000000000000000000e+00,0.000000000000000000e+00,0.000000000000000000e+00,0.000000000000000000e+00,0.000000000000000000e+00,0.000000000000000000e+00,0.000000000000000000e+00,0.000000000000000000e+00,0.000000000000000000e+00,0.000000000000000000e+00,0.000000000000000000e+00,0.000000000000000000e+00,0.000000000000000000e+00,0.000000000000000000e+00,0.000000000000000000e+00,0.000000000000000000e+00,0.000000000000000000e+00,0.000000000000000000e+00,0.000000000000000000e+00,0.000000000000000000e+00,0.000000000000000000e+00,0.000000000000000000e+00,0.000000000000000000e+00,0.000000000000000000e+00,0.000000000000000000e+00,0.000000000000000000e+00,0.000000000000000000e+00,0.000000000000000000e+00,0.000000000000000000e+00,0.000000000000000000e+00,0.000000000000000000e+00,0.000000000000000000e+00,0.000000000000000000e+00,0.000000000000000000e+00,0.000000000000000000e+00,0.000000000000000000e+00,0.000000000000000000e+00,0.000000000000000000e+00,0.000000000000000000e+00,0.000000000000000000e+00,0.000000000000000000e+00,0.000000000000000000e+00,0.000000000000000000e+00,0.000000000000000000e+00,0.000000000000000000e+00,0.000000000000000000e+00,0.000000000000000000e+00,0.000000000000000000e+00,0.000000000000000000e+00,0.000000000000000000e+00,0.000000000000000000e+00,0.000000000000000000e+00,0.000000000000000000e+00,0.000000000000000000e+00,0.000000000000000000e+00,0.000000000000000000e+00,0.000000000000000000e+00,0.000000000000000000e+00,0.000000000000000000e+00,0.000000000000000000e+00,0.000000000000000000e+00,0.000000000000000000e+00,0.000000000000000000e+00,0.000000000000000000e+00,0.000000000000000000e+00,0.000000000000000000e+00,0.000000000000000000e+00,0.000000000000000000e+00,0.000000000000000000e+00,0.000000000000000000e+00,0.000000000000000000e+00,0.000000000000000000e+00,0.000000000000000000e+00,0.000000000000000000e+00,0.000000000000000000e+00,0.000000000000000000e+00,0.000000000000000000e+00,0.000000000000000000e+00,0.000000000000000000e+00,0.000000000000000000e+00,0.000000000000000000e+00,0.000000000000000000e+00,0.000000000000000000e+00,0.000000000000000000e+00,0.000000000000000000e+00,0.000000000000000000e+00,0.000000000000000000e+00,0.000000000000000000e+00,0.000000000000000000e+00,0.000000000000000000e+00,0.000000000000000000e+00,0.000000000000000000e+00,0.000000000000000000e+00,0.000000000000000000e+00,0.000000000000000000e+00,0.000000000000000000e+00,0.000000000000000000e+00,0.000000000000000000e+00,0.000000000000000000e+00,0.000000000000000000e+00,0.000000000000000000e+00,0.000000000000000000e+00,0.000000000000000000e+00,0.000000000000000000e+00,0.000000000000000000e+00,0.000000000000000000e+00,0.000000000000000000e+00,0.000000000000000000e+00,0.000000000000000000e+00,0.000000000000000000e+00,0.000000000000000000e+00,0.000000000000000000e+00,0.000000000000000000e+00,0.000000000000000000e+00,0.000000000000000000e+00,0.000000000000000000e+00,0.000000000000000000e+00,0.000000000000000000e+00,0.000000000000000000e+00,0.000000000000000000e+00,0.000000000000000000e+00,0.000000000000000000e+00,0.000000000000000000e+00,0.000000000000000000e+00,0.000000000000000000e+00,0.000000000000000000e+00,0.000000000000000000e+00,0.000000000000000000e+00,0.000000000000000000e+00,0.000000000000000000e+00,0.000000000000000000e+00,0.000000000000000000e+00,0.000000000000000000e+00,0.000000000000000000e+00,0.000000000000000000e+00,0.000000000000000000e+00,0.000000000000000000e+00,0.000000000000000000e+00,0.000000000000000000e+00,0.000000000000000000e+00,0.000000000000000000e+00,0.000000000000000000e+00,0.000000000000000000e+00,0.000000000000000000e+00,0.000000000000000000e+00,0.000000000000000000e+00,0.000000000000000000e+00,0.000000000000000000e+00,0.000000000000000000e+00,0.000000000000000000e+00,0.000000000000000000e+00,0.000000000000000000e+00,0.000000000000000000e+00,0.000000000000000000e+00,0.000000000000000000e+00,0.000000000000000000e+00,0.000000000000000000e+00,0.000000000000000000e+00,0.000000000000000000e+00,0.000000000000000000e+00,0.000000000000000000e+00,0.000000000000000000e+00,0.000000000000000000e+00,0.000000000000000000e+00,0.000000000000000000e+00,0.000000000000000000e+00,0.000000000000000000e+00,0.000000000000000000e+00,0.000000000000000000e+00,0.000000000000000000e+00,0.000000000000000000e+00,0.000000000000000000e+00,0.000000000000000000e+00,0.000000000000000000e+00,0.000000000000000000e+00,0.000000000000000000e+00,0.000000000000000000e+00,0.000000000000000000e+00,0.000000000000000000e+00,0.000000000000000000e+00,0.000000000000000000e+00,0.000000000000000000e+00,0.000000000000000000e+00,0.000000000000000000e+00,0.000000000000000000e+00,0.000000000000000000e+00,0.000000000000000000e+00,0.000000000000000000e+00,0.000000000000000000e+00,0.000000000000000000e+00,0.000000000000000000e+00,0.000000000000000000e+00,0.000000000000000000e+00,0.000000000000000000e+00,0.000000000000000000e+00,0.000000000000000000e+00,0.000000000000000000e+00,0.000000000000000000e+00,0.000000000000000000e+00,0.000000000000000000e+00,0.000000000000000000e+00,0.000000000000000000e+00,0.000000000000000000e+00,0.000000000000000000e+00,0.000000000000000000e+00,0.000000000000000000e+00,0.000000000000000000e+00,0.000000000000000000e+00,0.000000000000000000e+00,0.000000000000000000e+00,0.000000000000000000e+00,0.000000000000000000e+00,0.000000000000000000e+00,0.000000000000000000e+00,0.000000000000000000e+00,0.000000000000000000e+00,0.000000000000000000e+00,0.000000000000000000e+00,0.000000000000000000e+00,0.000000000000000000e+00,0.000000000000000000e+00,0.000000000000000000e+00,0.000000000000000000e+00,0.000000000000000000e+00,0.000000000000000000e+00,0.000000000000000000e+00,0.000000000000000000e+00,0.000000000000000000e+00,0.000000000000000000e+00,0.000000000000000000e+00,0.000000000000000000e+00,0.000000000000000000e+00,0.000000000000000000e+00
IsARotor,0,0,0,0,0,0,0,0,0,0,0,0,0,0,0,0,0,0,0,0,0,0,0,0,0,0,0,0,0,0,0,0,0,0,0,0,0,0,0,0,0,0,0,0,0,0,0,0,0,0,0,0,0,0,0,0,0,0,0,0,0,0,0,0,0,0,0,0,0,0,0,0,0,0,0,0,0,0,0,0,0,0,0,0,0,0,0,0,0,0,0,0,0,0,0,0,0,0,0,0,0,0,0,0,0,0,0,0,0,0,0,0,0,0,0,0,0,0,0,0,0,0,0,0,0,0,0,0,0,0,0,0,0,0,0,0,0,0,0,0,0,0,0,0,0,0,0,0,0,0,0,0,0,0,0,0,0,0,0,0,0,0,0,0,0,0,0,0,0,0,0,0,0,0,0,0,0,0,0,0,0,0,0,0,0,0,0,0,0,0,0,0,0,0,0,0,0,0,0,0,0,0,0,0,0,0,0,0,0,0,0,0,0,0,0,0,0,0,0,0,0,0,0,0,0,0,0,0,0,0,0,0,0,0,0,0,0,0
Iter,40,40,40,40,40,40,40,40,40,40,40,40,40,40,40,40,40,40,40,40,40,40,40,40,40,40,40,40,40,40,40,40,40,40,40,40,40,40,40,40,40,40,40,40,40,40,40,40,40,40,40,40,40,40,40,40,40,40,40,40,40,40,40,40,40,40,40,40,40,40,40,40,40,40,40,40,40,40,40,40,40,40,40,40,40,40,40,40,40,40,40,40,40,40,40,40,40,40,40,40,40,40,40,40,40,40,40,40,40,40,40,40,40,40,40,40,40,40,40,40,40,40,40,40,40,40,40,40,40,40,40,40,40,40,40,40,40,40,40,40,40,40,40,40,40,40,40,40,40,40,40,40,40,40,40,40,40,40,40,40,40,40,40,40,40,40,40,40,40,40,40,40,40,40,40,40,40,40,40,40,40,40,40,40,40,40,40,40,40,40,40,40,40,40,40,40,40,40,40,40,40,40,40,40,40,40,40,40,40,40,40,40,40,40,40,40,40,40,40,40,40,40,40,40,40,40,40,40,40,40,40,40,40,40,40,40,40,40
J,0.000000000000000000e+00,0.000000000000000000e+00,0.000000000000000000e+00,0.000000000000000000e+00,0.000000000000000000e+00,0.000000000000000000e+00,0.000000000000000000e+00,0.000000000000000000e+00,0.000000000000000000e+00,0.000000000000000000e+00,0.000000000000000000e+00,0.000000000000000000e+00,0.000000000000000000e+00,0.000000000000000000e+00,0.000000000000000000e+00,0.000000000000000000e+00,0.000000000000000000e+00,0.000000000000000000e+00,0.000000000000000000e+00,0.000000000000000000e+00,0.000000000000000000e+00,0.000000000000000000e+00,0.000000000000000000e+00,0.000000000000000000e+00,0.000000000000000000e+00,0.000000000000000000e+00,0.000000000000000000e+00,0.000000000000000000e+00,0.000000000000000000e+00,0.000000000000000000e+00,0.000000000000000000e+00,0.000000000000000000e+00,0.000000000000000000e+00,0.000000000000000000e+00,0.000000000000000000e+00,0.000000000000000000e+00,0.000000000000000000e+00,0.000000000000000000e+00,0.000000000000000000e+00,0.000000000000000000e+00,0.000000000000000000e+00,0.000000000000000000e+00,0.000000000000000000e+00,0.000000000000000000e+00,0.000000000000000000e+00,0.000000000000000000e+00,0.000000000000000000e+00,0.000000000000000000e+00,0.000000000000000000e+00,0.000000000000000000e+00,0.000000000000000000e+00,0.000000000000000000e+00,0.000000000000000000e+00,0.000000000000000000e+00,0.000000000000000000e+00,0.000000000000000000e+00,0.000000000000000000e+00,0.000000000000000000e+00,0.000000000000000000e+00,0.000000000000000000e+00,0.000000000000000000e+00,0.000000000000000000e+00,0.000000000000000000e+00,0.000000000000000000e+00,0.000000000000000000e+00,0.000000000000000000e+00,0.000000000000000000e+00,0.000000000000000000e+00,0.000000000000000000e+00,0.000000000000000000e+00,0.000000000000000000e+00,0.000000000000000000e+00,0.000000000000000000e+00,0.000000000000000000e+00,0.000000000000000000e+00,0.000000000000000000e+00,0.000000000000000000e+00,0.000000000000000000e+00,0.000000000000000000e+00,0.000000000000000000e+00,0.000000000000000000e+00,0.000000000000000000e+00,0.000000000000000000e+00,0.000000000000000000e+00,0.000000000000000000e+00,0.000000000000000000e+00,0.000000000000000000e+00,0.000000000000000000e+00,0.000000000000000000e+00,0.000000000000000000e+00,0.000000000000000000e+00,0.000000000000000000e+00,0.000000000000000000e+00,0.000000000000000000e+00,0.000000000000000000e+00,0.000000000000000000e+00,0.000000000000000000e+00,0.000000000000000000e+00,0.000000000000000000e+00,0.000000000000000000e+00,0.000000000000000000e+00,0.000000000000000000e+00,0.000000000000000000e+00,0.000000000000000000e+00,0.000000000000000000e+00,0.000000000000000000e+00,0.000000000000000000e+00,0.000000000000000000e+00,0.000000000000000000e+00,0.000000000000000000e+00,0.000000000000000000e+00,0.000000000000000000e+00,0.000000000000000000e+00,0.000000000000000000e+00,0.000000000000000000e+00,0.000000000000000000e+00,0.000000000000000000e+00,0.000000000000000000e+00,0.000000000000000000e+00,0.000000000000000000e+00,0.000000000000000000e+00,0.000000000000000000e+00,0.000000000000000000e+00,0.000000000000000000e+00,0.000000000000000000e+00,0.000000000000000000e+00,0.000000000000000000e+00,0.000000000000000000e+00,0.000000000000000000e+00,0.000000000000000000e+00,0.000000000000000000e+00,0.000000000000000000e+00,0.000000000000000000e+00,0.000000000000000000e+00,0.000000000000000000e+00,0.000000000000000000e+00,0.000000000000000000e+00,0.000000000000000000e+00,0.000000000000000000e+00,0.000000000000000000e+00,0.000000000000000000e+00,0.000000000000000000e+00,0.000000000000000000e+00,0.000000000000000000e+00,0.000000000000000000e+00,0.000000000000000000e+00,0.000000000000000000e+00,0.000000000000000000e+00,0.000000000000000000e+00,0.000000000000000000e+00,0.000000000000000000e+00,0.000000000000000000e+00,0.000000000000000000e+00,0.000000000000000000e+00,0.000000000000000000e+00,0.000000000000000000e+00,0.000000000000000000e+00,0.000000000000000000e+00,0.000000000000000000e+00,0.000000000000000000e+00,0.000000000000000000e+00,0.000000000000000000e+00,0.000000000000000000e+00,0.000000000000000000e+00,0.000000000000000000e+00,0.000000000000000000e+00,0.000000000000000000e+00,0.000000000000000000e+00,0.000000000000000000e+00,0.000000000000000000e+00,0.000000000000000000e+00,0.000000000000000000e+00,0.000000000000000000e+00,0.000000000000000000e+00,0.000000000000000000e+00,0.000000000000000000e+00,0.000000000000000000e+00,0.000000000000000000e+00,0.000000000000000000e+00,0.000000000000000000e+00,0.000000000000000000e+00,0.000000000000000000e+00,0.000000000000000000e+00,0.000000000000000000e+00,0.000000000000000000e+00,0.000000000000000000e+00,0.000000000000000000e+00,0.000000000000000000e+00,0.000000000000000000e+00,0.000000000000000000e+00,0.000000000000000000e+00,0.000000000000000000e+00,0.000000000000000000e+00,0.000000000000000000e+00,0.000000000000000000e+00,0.000000000000000000e+00,0.000000000000000000e+00,0.000000000000000000e+00,0.000000000000000000e+00,0.000000000000000000e+00,0.000000000000000000e+00,0.000000000000000000e+00,0.000000000000000000e+00,0.000000000000000000e+00,0.000000000000000000e+00,0.000000000000000000e+00,0.000000000000000000e+00,0.000000000000000000e+00,0.000000000000000000e+00,0.000000000000000000e+00,0.000000000000000000e+00,0.000000000000000000e+00,0.000000000000000000e+00,0.000000000000000000e+00,0.000000000000000000e+00,0.000000000000000000e+00,0.000000000000000000e+00,0.000000000000000000e+00,0.000000000000000000e+00,0.000000000000000000e+00,0.000000000000000000e+00,0.000000000000000000e+00,0.000000000000000000e+00,0.000000000000000000e+00,0.000000000000000000e+00,0.000000000000000000e+00,0.000000000000000000e+00,0.000000000000000000e+00,0.000000000000000000e+00,0.000000000000000000e+00,0.000000000000000000e+00,0.000000000000000000e+00,0.000000000000000000e+00,0.000000000000000000e+00,0.000000000000000000e+00,0.000000000000000000e+00,0.000000000000000000e+00,0.000000000000000000e+00
Moment,0.000000000000000000e+00,0.000000000000000000e+00,0.000000000000000000e+00,0.000000000000000000e+00,0.000000000000000000e+00,0.000000000000000000e+00,0.000000000000000000e+00,0.000000000000000000e+00,0.000000000000000000e+00,0.000000000000000000e+00,0.000000000000000000e+00,0.000000000000000000e+00,0.000000000000000000e+00,0.000000000000000000e+00,0.000000000000000000e+00,0.000000000000000000e+00,0.000000000000000000e+00,0.000000000000000000e+00,0.000000000000000000e+00,0.000000000000000000e+00,0.000000000000000000e+00,0.000000000000000000e+00,0.000000000000000000e+00,0.000000000000000000e+00,0.000000000000000000e+00,0.000000000000000000e+00,0.000000000000000000e+00,0.000000000000000000e+00,0.000000000000000000e+00,0.000000000000000000e+00,0.000000000000000000e+00,0.000000000000000000e+00,0.000000000000000000e+00,0.000000000000000000e+00,0.000000000000000000e+00,0.000000000000000000e+00,0.000000000000000000e+00,0.000000000000000000e+00,0.000000000000000000e+00,0.000000000000000000e+00,0.000000000000000000e+00,0.000000000000000000e+00,0.000000000000000000e+00,0.000000000000000000e+00,0.000000000000000000e+00,0.000000000000000000e+00,0.000000000000000000e+00,0.000000000000000000e+00,0.000000000000000000e+00,0.000000000000000000e+00,0.000000000000000000e+00,0.000000000000000000e+00,0.000000000000000000e+00,0.000000000000000000e+00,0.000000000000000000e+00,0.000000000000000000e+00,0.000000000000000000e+00,0.000000000000000000e+00,0.000000000000000000e+00,0.000000000000000000e+00,0.000000000000000000e+00,0.000000000000000000e+00,0.000000000000000000e+00,0.000000000000000000e+00,0.000000000000000000e+00,0.000000000000000000e+00,0.000000000000000000e+00,0.000000000000000000e+00,0.000000000000000000e+00,0.000000000000000000e+00,0.000000000000000000e+00,0.000000000000000000e+00,0.000000000000000000e+00,0.000000000000000000e+00,0.000000000000000000e+00,0.000000000000000000e+00,0.000000000000000000e+00,0.000000000000000000e+00,0.000000000000000000e+00,0.000000000000000000e+00,0.000000000000000000e+00,0.000000000000000000e+00,0.000000000000000000e+00,0.000000000000000000e+00,0.000000000000000000e+00,0.000000000000000000e+00,0.000000000000000000e+00,0.000000000000000000e+00,0.000000000000000000e+00,0.000000000000000000e+00,0.000000000000000000e+00,0.000000000000000000e+00,0.000000000000000000e+00,0.000000000000000000e+00,0.000000000000000000e+00,0.000000000000000000e+00,0.000000000000000000e+00,0.000000000000000000e+00,0.000000000000000000e+00,0.000000000000000000e+00,0.000000000000000000e+00,0.000000000000000000e+00,0.000000000000000000e+00,0.000000000000000000e+00,0.000000000000000000e+00,0.000000000000000000e+00,0.000000000000000000e+00,0.000000000000000000e+00,0.000000000000000000e+00,0.000000000000000000e+00,0.000000000000000000e+00,0.000000000000000000e+00,0.000000000000000000e+00,0.000000000000000000e+00,0.000000000000000000e+00,0.000000000000000000e+00,0.000000000000000000e+00,0.000000000000000000e+00,0.000000000000000000e+00,0.000000000000000000e+00,0.000000000000000000e+00,0.000000000000000000e+00,0.000000000000000000e+00,0.000000000000000000e+00,0.000000000000000000e+00,0.000000000000000000e+00,0.000000000000000000e+00,0.000000000000000000e+00,0.000000000000000000e+00,0.000000000000000000e+00,0.000000000000000000e+00,0.000000000000000000e+00,0.000000000000000000e+00,0.000000000000000000e+00,0.000000000000000000e+00,0.000000000000000000e+00,0.000000000000000000e+00,0.000000000000000000e+00,0.000000000000000000e+00,0.000000000000000000e+00,0.000000000000000000e+00,0.000000000000000000e+00,0.000000000000000000e+00,0.000000000000000000e+00,0.000000000000000000e+00,0.000000000000000000e+00,0.000000000000000000e+00,0.000000000000000000e+00,0.000000000000000000e+00,0.000000000000000000e+00,0.000000000000000000e+00,0.000000000000000000e+00,0.000000000000000000e+00,0.000000000000000000e+00,0.000000000000000000e+00,0.000000000000000000e+00,0.000000000000000000e+00,0.000000000000000000e+00,0.000000000000000000e+00,0.000000000000000000e+00,0.000000000000000000e+00,0.000000000000000000e+00,0.000000000000000000e+00,0.000000000000000000e+00,0.000000000000000000e+00,0.000000000000000000e+00,0.000000000000000000e+00,0.000000000000000000e+00,0.000000000000000000e+00,0.000000000000000000e+00,0.000000000000000000e+00,0.000000000000000000e+00,0.000000000000000000e+00,0.000000000000000000e+00,0.000000000000000000e+00,0.000000000000000000e+00,0.000000000000000000e+00,0.000000000000000000e+00,0.000000000000000000e+00,0.000000000000000000e+00,0.000000000000000000e+00,0.000000000000000000e+00,0.000000000000000000e+00,0.000000000000000000e+00,0.000000000000000000e+00,0.000000000000000000e+00,0.000000000000000000e+00,0.000000000000000000e+00,0.000000000000000000e+00,0.000000000000000000e+00,0.000000000000000000e+00,0.000000000000000000e+00,0.000000000000000000e+00,0.000000000000000000e+00,0.000000000000000000e+00,0.000000000000000000e+00,0.000000000000000000e+00,0.000000000000000000e+00,0.000000000000000000e+00,0.000000000000000000e+00,0.000000000000000000e+00,0.000000000000000000e+00,0.000000000000000000e+00,0.000000000000000000e+00,0.000000000000000000e+00,0.000000000000000000e+00,0.000000000000000000e+00,0.000000000000000000e+00,0.000000000000000000e+00,0.000000000000000000e+00,0.000000000000000000e+00,0.000000000000000000e+00,0.000000000000000000e+00,0.000000000000000000e+00,0.000000000000000000e+00,0.000000000000000000e+00,0.000000000000000000e+00,0.000000000000000000e+00,0.000000000000000000e+00,0.000000000000000000e+00,0.000000000000000000e+00,0.000000000000000000e+00,0.000000000000000000e+00,0.000000000000000000e+00,0.000000000000000000e+00,0.000000000000000000e+00,0.000000000000000000e+00,0.000000000000000000e+00,0.000000000000000000e+00,0.000000000000000000e+00,0.000000000000000000e+00,0.000000000000000000e+00,0.000000000000000000e+00,0.000000000000000000e+00,0.000000000000000000e+00,0.000000000000000000e+00,0.000000000000000000e+00,0.000000000000000000e+00
Momenti,0.000000000000000000e+00,0.000000000000000000e+00,0.000000000000000000e+00,0.000000000000000000e+00,0.000000000000000000e+00,0.000000000000000000e+00,0.000000000000000000e+00,0.000000000000000000e+00,0.000000000000000000e+00,0.000000000000000000e+00,0.000000000000000000e+00,0.000000000000000000e+00,0.000000000000000000e+00,0.000000000000000000e+00,0.000000000000000000e+00,0.000000000000000000e+00,0.000000000000000000e+00,0.000000000000000000e+00,0.000000000000000000e+00,0.000000000000000000e+00,0.000000000000000000e+00,0.000000000000000000e+00,0.000000000000000000e+00,0.000000000000000000e+00,0.000000000000000000e+00,0.000000000000000000e+00,0.000000000000000000e+00,0.000000000000000000e+00,0.000000000000000000e+00,0.000000000000000000e+00,0.000000000000000000e+00,0.000000000000000000e+00,0.000000000000000000e+00,0.000000000000000000e+00,0.000000000000000000e+00,0.000000000000000000e+00,0.000000000000000000e+00,0.000000000000000000e+00,0.000000000000000000e+00,0.000000000000000000e+00,0.000000000000000000e+00,0.000000000000000000e+00,0.000000000000000000e+00,0.000000000000000000e+00,0.000000000000000000e+00,0.000000000000000000e+00,0.000000000000000000e+00,0.000000000000000000e+00,0.000000000000000000e+00,0.000000000000000000e+00,0.000000000000000000e+00,0.000000000000000000e+00,0.000000000000000000e+00,0.000000000000000000e+00,0.000000000000000000e+00,0.000000000000000000e+00,0.000000000000000000e+00,0.000000000000000000e+00,0.000000000000000000e+00,0.000000000000000000e+00,0.000000000000000000e+00,0.000000000000000000e+00,0.000000000000000000e+00,0.000000000000000000e+00,0.000000000000000000e+00,0.000000000000000000e+00,0.000000000000000000e+00,0.000000000000000000e+00,0.000000000000000000e+00,0.000000000000000000e+00,0.000000000000000000e+00,0.000000000000000000e+00,0.000000000000000000e+00,0.000000000000000000e+00,0.000000000000000000e+00,0.000000000000000000e+00,0.000000000000000000e+00,0.000000000000000000e+00,0.000000000000000000e+00,0.000000000000000000e+00,0.000000000000000000e+00,0.000000000000000000e+00,0.000000000000000000e+00,0.000000000000000000e+00,0.000000000000000000e+00,0.000000000000000000e+00,0.000000000000000000e+00,0.000000000000000000e+00,0.000000000000000000e+00,0.000000000000000000e+00,0.000000000000000000e+00,0.000000000000000000e+00,0.000000000000000000e+00,0.000000000000000000e+00,0.000000000000000000e+00,0.000000000000000000e+00,0.000000000000000000e+00,0.000000000000000000e+00,0.000000000000000000e+00,0.000000000000000000e+00,0.000000000000000000e+00,0.000000000000000000e+00,0.000000000000000000e+00,0.000000000000000000e+00,0.000000000000000000e+00,0.000000000000000000e+00,0.000000000000000000e+00,0.000000000000000000e+00,0.000000000000000000e+00,0.000000000000000000e+00,0.000000000000000000e+00,0.000000000000000000e+00,0.000000000000000000e+00,0.000000000000000000e+00,0.000000000000000000e+00,0.000000000000000000e+00,0.000000000000000000e+00,0.000000000000000000e+00,0.000000000000000000e+00,0.000000000000000000e+00,0.000000000000000000e+00,0.000000000000000000e+00,0.000000000000000000e+00,0.000000000000000000e+00,0.000000000000000000e+00,0.000000000000000000e+00,0.000000000000000000e+00,0.000000000000000000e+00,0.000000000000000000e+00,0.000000000000000000e+00,0.000000000000000000e+00,0.000000000000000000e+00,0.000000000000000000e+00,0.000000000000000000e+00,0.000000000000000000e+00,0.000000000000000000e+00,0.000000000000000000e+00,0.000000000000000000e+00,0.000000000000000000e+00,0.000000000000000000e+00,0.000000000000000000e+00,0.000000000000000000e+00,0.000000000000000000e+00,0.000000000000000000e+00,0.000000000000000000e+00,0.000000000000000000e+00,0.000000000000000000e+00,0.000000000000000000e+00,0.000000000000000000e+00,0.000000000000000000e+00,0.000000000000000000e+00,0.000000000000000000e+00,0.000000000000000000e+00,0.000000000000000000e+00,0.000000000000000000e+00,0.000000000000000000e+00,0.000000000000000000e+00,0.000000000000000000e+00,0.000000000000000000e+00,0.000000000000000000e+00,0.000000000000000000e+00,0.000000000000000000e+00,0.000000000000000000e+00,0.000000000000000000e+00,0.000000000000000000e+00,0.000000000000000000e+00,0.000000000000000000e+00,0.000000000000000000e+00,0.000000000000000000e+00,0.000000000000000000e+00,0.000000000000000000e+00,0.000000000000000000e+00,0.000000000000000000e+00,0.000000000000000000e+00,0.000000000000000000e+00,0.000000000000000000e+00,0.000000000000000000e+00,0.000000000000000000e+00,0.000000000000000000e+00,0.000000000000000000e+00,0.000000000000000000e+00,0.000000000000000000e+00,0.000000000000000000e+00,0.000000000000000000e+00,0.000000000000000000e+00,0.000000000000000000e+00,0.000000000000000000e+00,0.000000000000000000e+00,0.000000000000000000e+00,0.000000000000000000e+00,0.000000000000000000e+00,0.000000000000000000e+00,0.000000000000000000e+00,0.000000000000000000e+00,0.000000000000000000e+00,0.000000000000000000e+00,0.000000000000000000e+00,0.000000000000000000e+00,0.000000000000000000e+00,0.000000000000000000e+00,0.000000000000000000e+00,0.000000000000000000e+00,0.000000000000000000e+00,0.000000000000000000e+00,0.000000000000000000e+00,0.000000000000000000e+00,0.000000000000000000e+00,0.000000000000000000e+00,0.000000000000000000e+00,0.000000000000000000e+00,0.000000000000000000e+00,0.000000000000000000e+00,0.000000000000000000e+00,0.000000000000000000e+00,0.000000000000000000e+00,0.000000000000000000e+00,0.000000000000000000e+00,0.000000000000000000e+00,0.000000000000000000e+00,0.000000000000000000e+00,0.000000000000000000e+00,0.000000000000000000e+00,0.000000000000000000e+00,0.000000000000000000e+00,0.000000000000000000e+00,0.000000000000000000e+00,0.000000000000000000e+00,0.000000000000000000e+00,0.000000000000000000e+00,0.000000000000000000e+00,0.000000000000000000e+00,0.000000000000000000e+00,0.000000000000000000e+00,0.000000000000000000e+00,0.000000000000000000e+00,0.000000000000000000e+00,0.000000000000000000e+00,0.000000000000000000e+00
Momento,0.000000000000000000e+00,0.000000000000000000e+00,0.000000000000000000e+00,0.000000000000000000e+00,0.000000000000000000e+00,0.000000000000000000e+00,0.000000000000000000e+00,0.000000000000000000e+00,0.000000000000000000e+00,0.000000000000000000e+00,0.000000000000000000e+00,0.000000000000000000e+00,0.000000000000000000e+00,0.000000000000000000e+00,0.000000000000000000e+00,0.000000000000000000e+00,0.000000000000000000e+00,0.000000000000000000e+00,0.000000000000000000e+00,0.000000000000000000e+00,0.000000000000000000e+00,0.000000000000000000e+00,0.000000000000000000e+00,0.000000000000000000e+00,0.000000000000000000e+00,0.000000000000000000e+00,0.000000000000000000e+00,0.000000000000000000e+00,0.000000000000000000e+00,0.000000000000000000e+00,0.000000000000000000e+00,0.000000000000000000e+00,0.000000000000000000e+00,0.000000000000000000e+00,0.000000000000000000e+00,0.000000000000000000e+00,0.000000000000000000e+00,0.000000000000000000e+00,0.000000000000000000e+00,0.000000000000000000e+00,0.000000000000000000e+00,0.000000000000000000e+00,0.000000000000000000e+00,0.000000000000000000e+00,0.000000000000000000e+00,0.000000000000000000e+00,0.000000000000000000e+00,0.000000000000000000e+00,0.000000000000000000e+00,0.000000000000000000e+00,0.000000000000000000e+00,0.000000000000000000e+00,0.000000000000000000e+00,0.000000000000000000e+00,0.000000000000000000e+00,0.000000000000000000e+00,0.000000000000000000e+00,0.000000000000000000e+00,0.000000000000000000e+00,0.000000000000000000e+00,0.000000000000000000e+00,0.000000000000000000e+00,0.000000000000000000e+00,0.000000000000000000e+00,0.000000000000000000e+00,0.000000000000000000e+00,0.000000000000000000e+00,0.000000000000000000e+00,0.000000000000000000e+00,0.000000000000000000e+00,0.000000000000000000e+00,0.000000000000000000e+00,0.000000000000000000e+00,0.000000000000000000e+00,0.000000000000000000e+00,0.000000000000000000e+00,0.000000000000000000e+00,0.000000000000000000e+00,0.000000000000000000e+00,0.000000000000000000e+00,0.000000000000000000e+00,0.000000000000000000e+00,0.000000000000000000e+00,0.000000000000000000e+00,0.000000000000000000e+00,0.000000000000000000e+00,0.000000000000000000e+00,0.000000000000000000e+00,0.000000000000000000e+00,0.000000000000000000e+00,0.000000000000000000e+00,0.000000000000000000e+00,0.000000000000000000e+00,0.000000000000000000e+00,0.000000000000000000e+00,0.000000000000000000e+00,0.000000000000000000e+00,0.000000000000000000e+00,0.000000000000000000e+00,0.000000000000000000e+00,0.000000000000000000e+00,0.000000000000000000e+00,0.000000000000000000e+00,0.000000000000000000e+00,0.000000000000000000e+00,0.000000000000000000e+00,0.000000000000000000e+00,0.000000000000000000e+00,0.000000000000000000e+00,0.000000000000000000e+00,0.000000000000000000e+00,0.000000000000000000e+00,0.000000000000000000e+00,0.000000000000000000e+00,0.000000000000000000e+00,0.000000000000000000e+00,0.000000000000000000e+00,0.000000000000000000e+00,0.000000000000000000e+00,0.000000000000000000e+00,0.000000000000000000e+00,0.000000000000000000e+00,0.000000000000000000e+00,0.000000000000000000e+00,0.000000000000000000e+00,0.000000000000000000e+00,0.000000000000000000e+00,0.000000000000000000e+00,0.000000000000000000e+00,0.000000000000000000e+00,0.000000000000000000e+00,0.000000000000000000e+00,0.000000000000000000e+00,0.000000000000000000e+00,0.000000000000000000e+00,0.000000000000000000e+00,0.000000000000000000e+00,0.000000000000000000e+00,0.000000000000000000e+00,0.000000000000000000e+00,0.000000000000000000e+00,0.000000000000000000e+00,0.000000000000000000e+00,0.000000000000000000e+00,0.000000000000000000e+00,0.000000000000000000e+00,0.000000000000000000e+00,0.000000000000000000e+00,0.000000000000000000e+00,0.000000000000000000e+00,0.000000000000000000e+00,0.000000000000000000e+00,0.000000000000000000e+00,0.000000000000000000e+00,0.000000000000000000e+00,0.000000000000000000e+00,0.000000000000000000e+00,0.000000000000000000e+00,0.000000000000000000e+00,0.000000000000000000e+00,0.000000000000000000e+00,0.000000000000000000e+00,0.000000000000000000e+00,0.000000000000000000e+00,0.000000000000000000e+00,0.000000000000000000e+00,0.000000000000000000e+00,0.000000000000000000e+00,0.000000000000000000e+00,0.000000000000000000e+00,0.000000000000000000e+00,0.000000000000000000e+00,0.000000000000000000e+00,0.000000000000000000e+00,0.000000000000000000e+00,0.000000000000000000e+00,0.000000000000000000e+00,0.000000000000000000e+00,0.000000000000000000e+00,0.000000000000000000e+00,0.000000000000000000e+00,0.000000000000000000e+00,0.000000000000000000e+00,0.000000000000000000e+00,0.000000000000000000e+00,0.000000000000000000e+00,0.000000000000000000e+00,0.000000000000000000e+00,0.000000000000000000e+00,0.000000000000000000e+00,0.000000000000000000e+00,0.000000000000000000e+00,0.000000000000000000e+00,0.000000000000000000e+00,0.000000000000000000e+00,0.000000000000000000e+00,0.000000000000000000e+00,0.000000000000000000e+00,0.000000000000000000e+00,0.000000000000000000e+00,0.000000000000000000e+00,0.000000000000000000e+00,0.000000000000000000e+00,0.000000000000000000e+00,0.000000000000000000e+00,0.000000000000000000e+00,0.000000000000000000e+00,0.000000000000000000e+00,0.000000000000000000e+00,0.000000000000000000e+00,0.000000000000000000e+00,0.000000000000000000e+00,0.000000000000000000e+00,0.000000000000000000e+00,0.000000000000000000e+00,0.000000000000000000e+00,0.000000000000000000e+00,0.000000000000000000e+00,0.000000000000000000e+00,0.000000000000000000e+00,0.000000000000000000e+00,0.000000000000000000e+00,0.000000000000000000e+00,0.000000000000000000e+00,0.000000000000000000e+00,0.000000000000000000e+00,0.000000000000000000e+00,0.000000000000000000e+00,0.000000000000000000e+00,0.000000000000000000e+00,0.000000000000000000e+00,0.000000000000000000e+00,0.000000000000000000e+00,0.000000000000000000e+00,0.000000000000000000e+00,0.000000000000000000e+00,0.000000000000000000e+00,0.000000000000000000e+00
Power,0.000000000000000000e+00,0.000000000000000000e+00,0.000000000000000000e+00,0.000000000000000000e+00,0.000000000000000000e+00,0.000000000000000000e+00,0.000000000000000000e+00,0.000000000000000000e+00,0.000000000000000000e+00,0.000000000000000000e+00,0.000000000000000000e+00,0.000000000000000000e+00,0.000000000000000000e+00,0.000000000000000000e+00,0.000000000000000000e+00,0.000000000000000000e+00,0.000000000000000000e+00,0.000000000000000000e+00,0.000000000000000000e+00,0.000000000000000000e+00,0.000000000000000000e+00,0.000000000000000000e+00,0.000000000000000000e+00,0.000000000000000000e+00,0.000000000000000000e+00,0.000000000000000000e+00,0.000000000000000000e+00,0.000000000000000000e+00,0.000000000000000000e+00,0.000000000000000000e+00,0.000000000000000000e+00,0.000000000000000000e+00,0.000000000000000000e+00,0.000000000000000000e+00,0.000000000000000000e+00,0.000000000000000000e+00,0.000000000000000000e+00,0.000000000000000000e+00,0.000000000000000000e+00,0.000000000000000000e+00,0.000000000000000000e+00,0.000000000000000000e+00,0.000000000000000000e+00,0.000000000000000000e+00,0.000000000000000000e+00,0.000000000000000000e+00,0.000000000000000000e+00,0.000000000000000000e+00,0.000000000000000000e+00,0.000000000000000000e+00,0.000000000000000000e+00,0.000000000000000000e+00,0.000000000000000000e+00,0.000000000000000000e+00,0.000000000000000000e+00,0.000000000000000000e+00,0.000000000000000000e+00,0.000000000000000000e+00,0.000000000000000000e+00,0.000000000000000000e+00,0.000000000000000000e+00,0.000000000000000000e+00,0.000000000000000000e+00,0.000000000000000000e+00,0.000000000000000000e+00,0.000000000000000000e+00,0.000000000000000000e+00,0.000000000000000000e+00,0.000000000000000000e+00,0.000000000000000000e+00,0.000000000000000000e+00,0.000000000000000000e+00,0.000000000000000000e+00,0.000000000000000000e+00,0.000000000000000000e+00,0.000000000000000000e+00,0.000000000000000000e+00,0.000000000000000000e+00,0.000000000000000000e+00,0.000000000000000000e+00,0.000000000000000000e+00,0.000000000000000000e+00,0.000000000000000000e+00,0.000000000000000000e+00,0.000000000000000000e+00,0.000000000000000000e+00,0.000000000000000000e+00,0.000000000000000000e+00,0.000000000000000000e+00,0.000000000000000000e+00,0.000000000000000000e+00,0.000000000000000000e+00,0.000000000000000000e+00,0.000000000000000000e+00,0.000000000000000000e+00,0.000000000000000000e+00,0.000000000000000000e+00,0.000000000000000000e+00,0.000000000000000000e+00,0.000000000000000000e+00,0.000000000000000000e+00,0.000000000000000000e+00,0.000000000000000000e+00,0.000000000000000000e+00,0.000000000000000000e+00,0.000000000000000000e+00,0.000000000000000000e+00,0.000000000000000000e+00,0.000000000000000000e+00,0.000000000000000000e+00,0.000000000000000000e+00,0.000000000000000000e+00,0.000000000000000000e+00,0.000000000000000000e+00,0.000000000000000000e+00,0.000000000000000000e+00,0.000000000000000000e+00,0.000000000000000000e+00,0.000000000000000000e+00,0.000000000000000000e+00,0.000000000000000000e+00,0.000000000000000000e+00,0.000000000000000000e+00,0.000000000000000000e+00,0.000000000000000000e+00,0.000000000000000000e+00,0.000000000000000000e+00,0.000000000000000000e+00,0.000000000000000000e+00,0.000000000000000000e+00,0.000000000000000000e+00,0.000000000000000000e+00,0.000000000000000000e+00,0.000000000000000000e+00,0.000000000000000000e+00,0.000000000000000000e+00,0.000000000000000000e+00,0.000000000000000000e+00,0.000000000000000000e+00,0.000000000000000000e+00,0.000000000000000000e+00,0.000000000000000000e+00,0.000000000000000000e+00,0.000000000000000000e+00,0.000000000000000000e+00,0.000000000000000000e+00,0.000000000000000000e+00,0.000000000000000000e+00,0.000000000000000000e+00,0.000000000000000000e+00,0.000000000000000000e+00,0.000000000000000000e+00,0.000000000000000000e+00,0.000000000000000000e+00,0.000000000000000000e+00,0.000000000000000000e+00,0.000000000000000000e+00,0.000000000000000000e+00,0.000000000000000000e+00,0.000000000000000000e+00,0.000000000000000000e+00,0.000000000000000000e+00,0.000000000000000000e+00,0.000000000000000000e+00,0.000000000000000000e+00,0.000000000000000000e+00,0.000000000000000000e+00,0.000000000000000000e+00,0.000000000000000000e+00,0.000000000000000000e+00,0.000000000000000000e+00,0.000000000000000000e+00,0.000000000000000000e+00,0.000000000000000000e+00,0.000000000000000000e+00,0.000000000000000000e+00,0.000000000000000000e+00,0.000000000000000000e+00,0.000000000000000000e+00,0.000000000000000000e+00,0.000000000000000000e+00,0.000000000000000000e+00,0.000000000000000000e+00,0.000000000000000000e+00,0.000000000000000000e+00,0.000000000000000000e+00,0.000000000000000000e+00,0.000000000000000000e+00,0.000000000000000000e+00,0.000000000000000000e+00,0.000000000000000000e+00,0.000000000000000000e+00,0.000000000000000000e+00,0.000000000000000000e+00,0.000000000000000000e+00,0.000000000000000000e+00,0.000000000000000000e+00,0.000000000000000000e+00,0.000000000000000000e+00,0.000000000000000000e+00,0.000000000000000000e+00,0.000000000000000000e+00,0.000000000000000000e+00,0.000000000000000000e+00,0.000000000000000000e+00,0.000000000000000000e+00,0.000000000000000000e+00,0.000000000000000000e+00,0.000000000000000000e+00,0.000000000000000000e+00,0.000000000000000000e+00,0.000000000000000000e+00,0.000000000000000000e+00,0.000000000000000000e+00,0.000000000000000000e+00,0.000000000000000000e+00,0.000000000000000000e+00,0.000000000000000000e+00,0.000000000000000000e+00,0.000000000000000000e+00,0.000000000000000000e+00,0.000000000000000000e+00,0.000000000000000000e+00,0.000000000000000000e+00,0.000000000000000000e+00,0.000000000000000000e+00,0.000000000000000000e+00,0.000000000000000000e+00,0.000000000000000000e+00,0.000000000000000000e+00,0.000000000000000000e+00,0.000000000000000000e+00,0.000000000000000000e+00,0.000000000000000000e+00,0.000000000000000000e+00,0.000000000000000000e+00,0.000000000000000000e+00,0.000000000000000000e+00
Poweri,0.000000000000000000e+00,0.000000000000000000e+00,0.000000000000000000e+00,0.000000000000000000e+00,0.000000000000000000e+00,0.000000000000000000e+00,0.000000000000000000e+00,0.000000000000000000e+00,0.000000000000000000e+00,0.000000000000000000e+00,0.000000000000000000e+00,0.000000000000000000e+00,0.000000000000000000e+00,0.000000000000000000e+00,0.000000000000000000e+00,0.000000000000000000e+00,0.000000000000000000e+00,0.000000000000000000e+00,0.000000000000000000e+00,0.000000000000000000e+00,0.000000000000000000e+00,0.000000000000000000e+00,0.000000000000000000e+00,0.000000000000000000e+00,0.000000000000000000e+00,0.000000000000000000e+00,0.000000000000000000e+00,0.000000000000000000e+00,0.000000000000000000e+00,0.000000000000000000e+00,0.000000000000000000e+00,0.000000000000000000e+00,0.000000000000000000e+00,0.000000000000000000e+00,0.000000000000000000e+00,0.000000000000000000e+00,0.000000000000000000e+00,0.000000000000000000e+00,0.000000000000000000e+00,0.000000000000000000e+00,0.000000000000000000e+00,0.000000000000000000e+00,0.000000000000000000e+00,0.000000000000000000e+00,0.000000000000000000e+00,0.000000000000000000e+00,0.000000000000000000e+00,0.000000000000000000e+00,0.000000000000000000e+00,0.000000000000000000e+00,0.000000000000000000e+00,0.000000000000000000e+00,0.000000000000000000e+00,0.000000000000000000e+00,0.000000000000000000e+00,0.000000000000000000e+00,0.000000000000000000e+00,0.000000000000000000e+00,0.000000000000000000e+00,0.000000000000000000e+00,0.000000000000000000e+00,0.000000000000000000e+00,0.000000000000000000e+00,0.000000000000000000e+00,0.000000000000000000e+00,0.000000000000000000e+00,0.000000000000000000e+00,0.000000000000000000e+00,0.000000000000000000e+00,0.000000000000000000e+00,0.000000000000000000e+00,0.000000000000000000e+00,0.000000000000000000e+00,0.000000000000000000e+00,0.000000000000000000e+00,0.000000000000000000e+00,0.000000000000000000e+00,0.000000000000000000e+00,0.000000000000000000e+00,0.000000000000000000e+00,0.000000000000000000e+00,0.000000000000000000e+00,0.000000000000000000e+00,0.000000000000000000e+00,0.000000000000000000e+00,0.000000000000000000e+00,0.000000000000000000e+00,0.000000000000000000e+00,0.000000000000000000e+00,0.000000000000000000e+00,0.000000000000000000e+00,0.000000000000000000e+00,0.000000000000000000e+00,0.000000000000000000e+00,0.000000000000000000e+00,0.000000000000000000e+00,0.000000000000000000e+00,0.000000000000000000e+00,0.000000000000000000e+00,0.000000000000000000e+00,0.000000000000000000e+00,0.000000000000000000e+00,0.000000000000000000e+00,0.000000000000000000e+00,0.000000000000000000e+00,0.000000000000000000e+00,0.000000000000000000e+00,0.000000000000000000e+00,0.000000000000000000e+00,0.000000000000000000e+00,0.000000000000000000e+00,0.000000000000000000e+00,0.000000000000000000e+00,0.000000000000000000e+00,0.000000000000000000e+00,0.000000000000000000e+00,0.000000000000000000e+00,0.000000000000000000e+00,0.000000000000000000e+00,0.000000000000000000e+00,0.000000000000000000e+00,0.000000000000000000e+00,0.000000000000000000e+00,0.000000000000000000e+00,0.000000000000000000e+00,0.000000000000000000e+00,0.000000000000000000e+00,0.000000000000000000e+00,0.000000000000000000e+00,0.000000000000000000e+00,0.000000000000000000e+00,0.000000000000000000e+00,0.000000000000000000e+00,0.000000000000000000e+00,0.000000000000000000e+00,0.000000000000000000e+00,0.000000000000000000e+00,0.000000000000000000e+00,0.000000000000000000e+00,0.000000000000000000e+00,0.000000000000000000e+00,0.000000000000000000e+00,0.000000000000000000e+00,0.000000000000000000e+00,0.000000000000000000e+00,0.000000000000000000e+00,0.000000000000000000e+00,0.000000000000000000e+00,0.000000000000000000e+00,0.000000000000000000e+00,0.000000000000000000e+00,0.000000000000000000e+00,0.000000000000000000e+00,0.000000000000000000e+00,0.000000000000000000e+00,0.000000000000000000e+00,0.000000000000000000e+00,0.000000000000000000e+00,0.000000000000000000e+00,0.000000000000000000e+00,0.000000000000000000e+00,0.000000000000000000e+00,0.000000000000000000e+00,0.000000000000000000e+00,0.000000000000000000e+00,0.000000000000000000e+00,0.000000000000000000e+00,0.000000000000000000e+00,0.000000000000000000e+00,0.000000000000000000e+00,0.000000000000000000e+00,0.000000000000000000e+00,0.000000000000000000e+00,0.000000000000000000e+00,0.000000000000000000e+00,0.000000000000000000e+00,0.000000000000000000e+00,0.000000000000000000e+00,0.000000000000000000e+00,0.000000000000000000e+00,0.000000000000000000e+00,0.000000000000000000e+00,0.000000000000000000e+00,0.000000000000000000e+00,0.000000000000000000e+00,0.000000000000000000e+00,0.000000000000000000e+00,0.000000000000000000e+00,0.000000000000000000e+00,0.000000000000000000e+00,0.000000000000000000e+00,0.000000000000000000e+00,0.000000000000000000e+00,0.000000000000000000e+00,0.000000000000000000e+00,0.000000000000000000e+00,0.000000000000000000e+00,0.000000000000000000e+00,0.000000000000000000e+00,0.000000000000000000e+00,0.000000000000000000e+00,0.000000000000000000e+00,0.000000000000000000e+00,0.000000000000000000e+00,0.000000000000000000e+00,0.000000000000000000e+00,0.000000000000000000e+00,0.000000000000000000e+00,0.000000000000000000e+00,0.000000000000000000e+00,0.000000000000000000e+00,0.000000000000000000e+00,0.000000000000000000e+00,0.000000000000000000e+00,0.000000000000000000e+00,0.000000000000000000e+00,0.000000000000000000e+00,0.000000000000000000e+00,0.000000000000000000e+00,0.000000000000000000e+00,0.000000000000000000e+00,0.000000000000000000e+00,0.000000000000000000e+00,0.000000000000000000e+00,0.000000000000000000e+00,0.000000000000000000e+00,0.000000000000000000e+00,0.000000000000000000e+00,0.000000000000000000e+00,0.000000000000000000e+00,0.000000000000000000e+00,0.000000000000000000e+00,0.000000000000000000e+00,0.000000000000000000e+00,0.000000000000000000e+00,0.000000000000000000e+00,0.000000000000000000e+00,0.000000000000000000e+00
Powero,0.000000000000000000e+00,0.000000000000000000e+00,0.000000000000000000e+00,0.000000000000000000e+00,0.000000000000000000e+00,0.000000000000000000e+00,0.000000000000000000e+00,0.000000000000000000e+00,0.000000000000000000e+00,0.000000000000000000e+00,0.000000000000000000e+00,0.000000000000000000e+00,0.000000000000000000e+00,0.000000000000000000e+00,0.000000000000000000e+00,0.000000000000000000e+00,0.000000000000000000e+00,0.000000000000000000e+00,0.000000000000000000e+00,0.000000000000000000e+00,0.000000000000000000e+00,0.000000000000000000e+00,0.000000000000000000e+00,0.000000000000000000e+00,0.000000000000000000e+00,0.000000000000000000e+00,0.000000000000000000e+00,0.000000000000000000e+00,0.000000000000000000e+00,0.000000000000000000e+00,0.000000000000000000e+00,0.000000000000000000e+00,0.000000000000000000e+00,0.000000000000000000e+00,0.000000000000000000e+00,0.000000000000000000e+00,0.000000000000000000e+00,0.000000000000000000e+00,0.000000000000000000e+00,0.000000000000000000e+00,0.000000000000000000e+00,0.000000000000000000e+00,0.000000000000000000e+00,0.000000000000000000e+00,0.000000000000000000e+00,0.000000000000000000e+00,0.000000000000000000e+00,0.000000000000000000e+00,0.000000000000000000e+00,0.000000000000000000e+00,0.000000000000000000e+00,0.000000000000000000e+00,0.000000000000000000e+00,0.000000000000000000e+00,0.000000000000000000e+00,0.000000000000000000e+00,0.000000000000000000e+00,0.000000000000000000e+00,0.000000000000000000e+00,0.000000000000000000e+00,0.000000000000000000e+00,0.000000000000000000e+00,0.000000000000000000e+00,0.000000000000000000e+00,0.000000000000000000e+00,0.000000000000000000e+00,0.000000000000000000e+00,0.000000000000000000e+00,0.000000000000000000e+00,0.000000000000000000e+00,0.000000000000000000e+00,0.000000000000000000e+00,0.000000000000000000e+00,0.000000000000000000e+00,0.000000000000000000e+00,0.000000000000000000e+00,0.000000000000000000e+00,0.000000000000000000e+00,0.000000000000000000e+00,0.000000000000000000e+00,0.000000000000000000e+00,0.000000000000000000e+00,0.000000000000000000e+00,0.000000000000000000e+00,0.000000000000000000e+00,0.000000000000000000e+00,0.000000000000000000e+00,0.000000000000000000e+00,0.000000000000000000e+00,0.000000000000000000e+00,0.000000000000000000e+00,0.000000000000000000e+00,0.000000000000000000e+00,0.000000000000000000e+00,0.000000000000000000e+00,0.000000000000000000e+00,0.000000000000000000e+00,0.000000000000000000e+00,0.000000000000000000e+00,0.000000000000000000e+00,0.000000000000000000e+00,0.000000000000000000e+00,0.000000000000000000e+00,0.000000000000000000e+00,0.000000000000000000e+00,0.000000000000000000e+00,0.000000000000000000e+00,0.000000000000000000e+00,0.000000000000000000e+00,0.000000000000000000e+00,0.000000000000000000e+00,0.000000000000000000e+00,0.000000000000000000e+00,0.000000000000000000e+00,0.000000000000000000e+00,0.000000000000000000e+00,0.000000000000000000e+00,0.000000000000000000e+00,0.000000000000000000e+00,0.000000000000000000e+00,0.000000000000000000e+00,0.000000000000000000e+00,0.000000000000000000e+00,0.000000000000000000e+00,0.000000000000000000e+00,0.000000000000000000e+00,0.000000000000000000e+00,0.000000000000000000e+00,0.000000000000000000e+00,0.000000000000000000e+00,0.000000000000000000e+00,0.000000000000000000e+00,0.000000000000000000e+00,0.000000000000000000e+00,0.000000000000000000e+00,0.000000000000000000e+00,0.000000000000000000e+00,0.000000000000000000e+00,0.000000000000000000e+00,0.000000000000000000e+00,0.000000000000000000e+00,0.000000000000000000e+00,0.000000000000000000e+00,0.000000000000000000e+00,0.000000000000000000e+00,0.000000000000000000e+00,0.000000000000000000e+00,0.000000000000000000e+00,0.000000000000000000e+00,0.000000000000000000e+00,0.000000000000000000e+00,0.000000000000000000e+00,0.000000000000000000e+00,0.000000000000000000e+00,0.000000000000000000e+00,0.000000000000000000e+00,0.000000000000000000e+00,0.000000000000000000e+00,0.000000000000000000e+00,0.000000000000000000e+00,0.000000000000000000e+00,0.000000000000000000e+00,0.000000000000000000e+00,0.000000000000000000e+00,0.000000000000000000e+00,0.000000000000000000e+00,0.000000000000000000e+00,0.000000000000000000e+00,0.000000000000000000e+00,0.000000000000000000e+00,0.000000000000000000e+00,0.000000000000000000e+00,0.000000000000000000e+00,0.000000000000000000e+00,0.000000000000000000e+00,0.000000000000000000e+00,0.000000000000000000e+00,0.000000000000000000e+00,0.000000000000000000e+00,0.000000000000000000e+00,0.000000000000000000e+00,0.000000000000000000e+00,0.000000000000000000e+00,0.000000000000000000e+00,0.000000000000000000e+00,0.000000000000000000e+00,0.000000000000000000e+00,0.000000000000000000e+00,0.000000000000000000e+00,0.000000000000000000e+00,0.000000000000000000e+00,0.000000000000000000e+00,0.000000000000000000e+00,0.000000000000000000e+00,0.000000000000000000e+00,0.000000000000000000e+00,0.000000000000000000e+00,0.000000000000000000e+00,0.000000000000000000e+00,0.000000000000000000e+00,0.000000000000000000e+00,0.000000000000000000e+00,0.000000000000000000e+00,0.000000000000000000e+00,0.000000000000000000e+00,0.000000000000000000e+00,0.000000000000000000e+00,0.000000000000000000e+00,0.000000000000000000e+00,0.000000000000000000e+00,0.000000000000000000e+00,0.000000000000000000e+00,0.000000000000000000e+00,0.000000000000000000e+00,0.000000000000000000e+00,0.000000000000000000e+00,0.000000000000000000e+00,0.000000000000000000e+00,0.000000000000000000e+00,0.000000000000000000e+00,0.000000000000000000e+00,0.000000000000000000e+00,0.000000000000000000e+00,0.000000000000000000e+00,0.000000000000000000e+00,0.000000000000000000e+00,0.000000000000000000e+00,0.000000000000000000e+00,0.000000000000000000e+00,0.000000000000000000e+00,0.000000000000000000e+00,0.000000000000000000e+00,0.000000000000000000e+00,0.000000000000000000e+00,0.000000000000000000e+00,0.000000000000000000e+00,0.000000000000000000e+00,0.000000000000000000e+00
RPM,0.000000000000000000e+00,0.000000000000000000e+00,0.000000000000000000e+00,0.000000000000000000e+00,0.000000000000000000e+00,0.000000000000000000e+00,0.000000000000000000e+00,0.000000000000000000e+00,0.000000000000000000e+00,0.000000000000000000e+00,0.000000000000000000e+00,0.000000000000000000e+00,0.000000000000000000e+00,0.000000000000000000e+00,0.000000000000000000e+00,0.000000000000000000e+00,0.000000000000000000e+00,0.000000000000000000e+00,0.000000000000000000e+00,0.000000000000000000e+00,0.000000000000000000e+00,0.000000000000000000e+00,0.000000000000000000e+00,0.000000000000000000e+00,0.000000000000000000e+00,0.000000000000000000e+00,0.000000000000000000e+00,0.000000000000000000e+00,0.000000000000000000e+00,0.000000000000000000e+00,0.000000000000000000e+00,0.000000000000000000e+00,0.000000000000000000e+00,0.000000000000000000e+00,0.000000000000000000e+00,0.000000000000000000e+00,0.000000000000000000e+00,0.000000000000000000e+00,0.000000000000000000e+00,0.000000000000000000e+00,0.000000000000000000e+00,0.000000000000000000e+00,0.000000000000000000e+00,0.000000000000000000e+00,0.000000000000000000e+00,0.000000000000000000e+00,0.000000000000000000e+00,0.000000000000000000e+00,0.000000000000000000e+00,0.000000000000000000e+00,0.000000000000000000e+00,0.000000000000000000e+00,0.000000000000000000e+00,0.000000000000000000e+00,0.000000000000000000e+00,0.000000000000000000e+00,0.000000000000000000e+00,0.000000000000000000e+00,0.000000000000000000e+00,0.000000000000000000e+00,0.000000000000000000e+00,0.000000000000000000e+00,0.000000000000000000e+00,0.000000000000000000e+00,0.000000000000000000e+00,0.000000000000000000e+00,0.000000000000000000e+00,0.000000000000000000e+00,0.000000000000000000e+00,0.000000000000000000e+00,0.000000000000000000e+00,0.000000000000000000e+00,0.000000000000000000e+00,0.000000000000000000e+00,0.000000000000000000e+00,0.000000000000000000e+00,0.000000000000000000e+00,0.000000000000000000e+00,0.000000000000000000e+00,0.000000000000000000e+00,0.000000000000000000e+00,0.000000000000000000e+00,0.000000000000000000e+00,0.000000000000000000e+00,0.000000000000000000e+00,0.000000000000000000e+00,0.000000000000000000e+00,0.000000000000000000e+00,0.000000000000000000e+00,0.000000000000000000e+00,0.000000000000000000e+00,0.000000000000000000e+00,0.000000000000000000e+00,0.000000000000000000e+00,0.000000000000000000e+00,0.000000000000000000e+00,0.000000000000000000e+00,0.000000000000000000e+00,0.000000000000000000e+00,0.000000000000000000e+00,0.000000000000000000e+00,0.000000000000000000e+00,0.000000000000000000e+00,0.000000000000000000e+00,0.000000000000000000e+00,0.000000000000000000e+00,0.000000000000000000e+00,0.000000000000000000e+00,0.000000000000000000e+00,0.000000000000000000e+00,0.000000000000000000e+00,0.000000000000000000e+00,0.000000000000000000e+00,0.000000000000000000e+00,0.000000000000000000e+00,0.000000000000000000e+00,0.000000000000000000e+00,0.000000000000000000e+00,0.000000000000000000e+00,0.000000000000000000e+00,0.000000000000000000e+00,0.000000000000000000e+00,0.000000000000000000e+00,0.000000000000000000e+00,0.000000000000000000e+00,0.000000000000000000e+00,0.000000000000000000e+00,0.000000000000000000e+00,0.000000000000000000e+00,0.000000000000000000e+00,0.000000000000000000e+00,0.000000000000000000e+00,0.000000000000000000e+00,0.000000000000000000e+00,0.000000000000000000e+00,0.000000000000000000e+00,0.000000000000000000e+00,0.000000000000000000e+00,0.000000000000000000e+00,0.000000000000000000e+00,0.000000000000000000e+00,0.000000000000000000e+00,0.000000000000000000e+00,0.000000000000000000e+00,0.000000000000000000e+00,0.000000000000000000e+00,0.000000000000000000e+00,0.000000000000000000e+00,0.000000000000000000e+00,0.000000000000000000e+00,0.000000000000000000e+00,0.000000000000000000e+00,0.000000000000000000e+00,0.000000000000000000e+00,0.000000000000000000e+00,0.000000000000000000e+00,0.000000000000000000e+00,0.000000000000000000e+00,0.000000000000000000e+00,0.000000000000000000e+00,0.000000000000000000e+00,0.000000000000000000e+00,0.000000000000000000e+00,0.000000000000000000e+00,0.000000000000000000e+00,0.000000000000000000e+00,0.000000000000000000e+00,0.000000000000000000e+00,0.000000000000000000e+00,0.000000000000000000e+00,0.000000000000000000e+00,0.000000000000000000e+00,0.000000000000000000e+00,0.000000000000000000e+00,0.000000000000000000e+00,0.000000000000000000e+00,0.000000000000000000e+00,0.000000000000000000e+00,0.000000000000000000e+00,0.000000000000000000e+00,0.000000000000000000e+00,0.000000000000000000e+00,0.000000000000000000e+00,0.000000000000000000e+00,0.000000000000000000e+00,0.000000000000000000e+00,0.000000000000000000e+00,0.000000000000000000e+00,0.000000000000000000e+00,0.000000000000000000e+00,0.000000000000000000e+00,0.000000000000000000e+00,0.000000000000000000e+00,0.000000000000000000e+00,0.000000000000000000e+00,0.000000000000000000e+00,0.000000000000000000e+00,0.000000000000000000e+00,0.000000000000000000e+00,0.000000000000000000e+00,0.000000000000000000e+00,0.000000000000000000e+00,0.000000000000000000e+00,0.000000000000000000e+00,0.000000000000000000e+00,0.000000000000000000e+00,0.000000000000000000e+00,0.000000000000000000e+00,0.000000000000000000e+00,0.000000000000000000e+00,0.000000000000000000e+00,0.000000000000000000e+00,0.000000000000000000e+00,0.000000000000000000e+00,0.000000000000000000e+00,0.000000000000000000e+00,0.000000000000000000e+00,0.000000000000000000e+00,0.000000000000000000e+00,0.000000000000000000e+00,0.000000000000000000e+00,0.000000000000000000e+00,0.000000000000000000e+00,0.000000000000000000e+00,0.000000000000000000e+00,0.000000000000000000e+00,0.000000000000000000e+00,0.000000000000000000e+00,0.000000000000000000e+00,0.000000000000000000e+00,0.000000000000000000e+00,0.000000000000000000e+00,0.000000000000000000e+00,0.000000000000000000e+00,0.000000000000000000e+00,0.000000000000000000e+00,0.000000000000000000e+00,0.000000000000000000e+00
SoverB,7.530000000000000235e-03,1.504999999999999914e-02,2.257999999999999938e-02,3.011000000000000135e-02,3.763999999999999985e-02,4.515999999999999875e-02,5.269000000000000072e-02,6.022000000000000269e-02,6.773999999999999466e-02,7.527000000000000357e-02,8.279999999999999860e-02,9.031999999999999751e-02,9.785000000000000642e-02,1.053800000000000014e-01,1.129099999999999965e-01,1.204299999999999954e-01,1.279599999999999904e-01,1.354899999999999993e-01,1.364900000000000002e-01,1.374900000000000011e-01,1.385000000000000120e-01,1.395000000000000129e-01,1.405099999999999960e-01,1.415099999999999969e-01,1.518400000000000027e-01,1.602000000000000091e-01,1.685699999999999976e-01,1.769300000000000039e-01,1.852999999999999925e-01,1.936599999999999988e-01,2.020200000000000051e-01,2.103899999999999937e-01,2.187500000000000000e-01,2.271199999999999886e-01,2.354799999999999949e-01,2.438400000000000012e-01,2.522099999999999898e-01,2.605700000000000238e-01,2.689400000000000124e-01,2.772999999999999909e-01,2.856600000000000250e-01,2.940300000000000136e-01,3.023899999999999921e-01,3.107599999999999807e-01,3.191200000000000148e-01,3.274799999999999933e-01,3.358499999999999819e-01,3.442100000000000160e-01,3.525800000000000045e-01,3.609399999999999831e-01,3.693000000000000171e-01,3.776700000000000057e-01,3.860299999999999843e-01,3.943999999999999728e-01,4.027600000000000069e-01,4.111199999999999855e-01,4.194899999999999740e-01,4.278500000000000081e-01,4.362099999999999866e-01,4.445799999999999752e-01,4.510000000000000120e-01,4.574099999999999833e-01,4.638300000000000201e-01,4.743299999999999739e-01,4.807500000000000107e-01,4.871699999999999919e-01,4.935800000000000187e-01,5.000000000000000000e-01,5.064199999999999813e-01,5.128300000000000081e-01,5.192499999999999893e-01,5.256699999999999706e-01,5.361700000000000355e-01,5.425900000000000167e-01,5.490000000000000435e-01,5.554200000000000248e-01,5.637900000000000134e-01,5.721500000000000474e-01,5.805099999999999705e-01,5.888799999999999590e-01,5.972399999999999931e-01,6.056000000000000272e-01,6.139700000000000157e-01,6.223300000000000498e-01,6.307000000000000384e-01,6.390599999999999614e-01,6.474199999999999955e-01,6.557899999999999840e-01,6.641500000000000181e-01,6.725200000000000067e-01,6.808800000000000407e-01,6.892399999999999638e-01,6.976099999999999524e-01,7.059699999999999864e-01,7.143399999999999750e-01,7.227000000000000091e-01,7.310600000000000431e-01,7.394300000000000317e-01,7.477899999999999547e-01,7.561600000000000543e-01,7.645199999999999774e-01,7.728800000000000114e-01,7.812500000000000000e-01,7.896100000000000341e-01,7.979800000000000226e-01,8.063399999999999457e-01,8.146999999999999797e-01,8.230699999999999683e-01,8.314300000000000024e-01,8.397999999999999909e-01,8.481600000000000250e-01,8.584899999999999753e-01,8.594899999999999762e-01,8.605000000000000426e-01,8.615000000000000435e-01,8.625099999999999989e-01,8.635099999999999998e-01,8.645100000000000007e-01,8.720400000000000373e-01,8.795699999999999630e-01,8.870900000000000452e-01,8.946199999999999708e-01,9.021500000000000075e-01,9.096800000000000441e-01,9.172000000000000153e-01,9.247300000000000519e-01,9.322599999999999776e-01,9.397799999999999487e-01,9.473099999999999854e-01,9.548400000000000221e-01,9.623599999999999932e-01,9.698900000000000299e-01,9.774199999999999555e-01,9.849499999999999922e-01,9.924699999999999633e-01,1.000000000000000000e+00,3.570999999999999869e-02,7.142999999999999350e-02,1.071399999999999991e-01,1.428599999999999870e-01,1.785700000000000065e-01,2.142900000000000083e-01,2.500000000000000000e-01,2.857100000000000195e-01,3.214299999999999935e-01,3.571400000000000130e-01,3.928599999999999870e-01,4.285700000000000065e-01,4.642899999999999805e-01,5.000000000000000000e-01,5.357100000000000195e-01,5.714299999999999935e-01,6.071400000000000130e-01,6.428599999999999870e-01,6.785700000000000065e-01,7.142899999999999805e-01,7.500000000000000000e-01,7.857100000000000195e-01,8.214299999999999935e-01,8.571400000000000130e-01,8.928599999999999870e-01,9.285700000000000065e-01,9.642899999999999805e-01,1.000000000000000000e+00,3.703999999999999654e-02,7.406999999999999695e-02,1.111100000000000004e-01,1.481500000000000039e-01,1.851899999999999935e-01,2.222200000000000009e-01,2.592599999999999905e-01,2.963000000000000078e-01,3.333300000000000152e-01,3.703699999999999770e-01,4.074099999999999944e-01,4.444400000000000017e-01,4.814800000000000191e-01,5.185199999999999809e-01,5.555600000000000538e-01,5.925899999999999501e-01,6.296300000000000230e-01,6.666699999999999848e-01,7.036999999999999922e-01,7.407399999999999540e-01,7.777800000000000269e-01,8.148100000000000342e-01,8.518499999999999961e-01,8.888899999999999579e-01,9.259300000000000308e-01,9.629600000000000382e-01,1.000000000000000000e+00,3.703999999999999654e-02,7.406999999999999695e-02,1.111100000000000004e-01,1.481500000000000039e-01,1.851899999999999935e-01,2.222200000000000009e-01,2.592599999999999905e-01,2.963000000000000078e-01,3.333300000000000152e-01,3.703699999999999770e-01,4.074099999999999944e-01,4.444400000000000017e-01,4.814800000000000191e-01,5.185199999999999809e-01,5.555600000000000538e-01,5.925899999999999501e-01,6.296300000000000230e-01,6.666699999999999848e-01,7.036999999999999922e-01,7.407399999999999540e-01,7.777800000000000269e-01,8.148100000000000342e-01,8.518499999999999961e-01,8.888899999999999579e-01,9.259300000000000308e-01,9.629600000000000382e-01,1.000000000000000000e+00,6.629999999999999609e-03,1.324999999999999963e-02,1.679900000000000004e-01,3.227300000000000169e-01,4.774700000000000055e-01,6.322200000000000042e-01,7.869599999999999929e-01,9.416999999999999815e-01,9.708499999999999908e-01,1.000000000000000000e+00,6.629999999999999609e-03,1.324999999999999963e-02,1.679900000000000004e-01,3.227300000000000169e-01,4.774700000000000055e-01,6.322200000000000042e-01,7.869599999999999929e-01,9.416999999999999815e-01,9.708499999999999908e-01,1.000000000000000000e+00
StallFact,1.000000000000000000e+00,1.000000000000000000e+00,1.000000000000000000e+00,1.000000000000000000e+00,1.000000000000000000e+00,1.000000000000000000e+00,1.000000000000000000e+00,1.000000000000000000e+00,1.000000000000000000e+00,1.000000000000000000e+00,1.000000000000000000e+00,1.000000000000000000e+00,1.000000000000000000e+00,1.000000000000000000e+00,1.000000000000000000e+00,1.000000000000000000e+00,1.000000000000000000e+00,1.000000000000000000e+00,1.000000000000000000e+00,1.000000000000000000e+00,1.000000000000000000e+00,1.000000000000000000e+00,1.000000000000000000e+00,1.000000000000000000e+00,1.000000000000000000e+00,1.000000000000000000e+00,1.000000000000000000e+00,1.000000000000000000e+00,1.000000000000000000e+00,1.000000000000000000e+00,1.000000000000000000e+00,1.000000000000000000e+00,1.000000000000000000e+00,1.000000000000000000e+00,1.000000000000000000e+00,1.000000000000000000e+00,1.000000000000000000e+00,1.000000000000000000e+00,1.000000000000000000e+00,1.000000000000000000e+00,1.000000000000000000e+00,1.000000000000000000e+00,1.000000000000000000e+00,1.000000000000000000e+00,1.000000000000000000e+00,1.000000000000000000e+00,1.000000000000000000e+00,1.000000000000000000e+00,1.000000000000000000e+00,1.000000000000000000e+00,1.000000000000000000e+00,1.000000000000000000e+00,1.000000000000000000e+00,1.000000000000000000e+00,1.000000000000000000e+00,1.000000000000000000e+00,1.000000000000000000e+00,1.000000000000000000e+00,1.000000000000000000e+00,1.000000000000000000e+00,1.000000000000000000e+00,1.000000000000000000e+00,1.000000000000000000e+00,1.000000000000000000e+00,1.000000000000000000e+00,1.000000000000000000e+00,1.000000000000000000e+00,1.000000000000000000e+00,1.000000000000000000e+00,1.000000000000000000e+00,1.000000000000000000e+00,1.000000000000000000e+00,1.000000000000000000e+00,1.000000000000000000e+00,1.000000000000000000e+00,1.000000000000000000e+00,1.000000000000000000e+00,1.000000000000000000e+00,1.000000000000000000e+00,1.000000000000000000e+00,1.000000000000000000e+00,1.000000000000000000e+00,1.000000000000000000e+00,1.000000000000000000e+00,1.000000000000000000e+00,1.000000000000000000e+00,1.000000000000000000e+00,1.000000000000000000e+00,1.000000000000000000e+00,1.000000000000000000e+00,1.000000000000000000e+00,1.000000000000000000e+00,1.000000000000000000e+00,1.000000000000000000e+00,1.000000000000000000e+00,1.000000000000000000e+00,1.000000000000000000e+00,1.000000000000000000e+00,1.000000000000000000e+00,1.000000000000000000e+00,1.000000000000000000e+00,1.000000000000000000e+00,1.000000000000000000e+00,1.000000000000000000e+00,1.000000000000000000e+00,1.000000000000000000e+00,1.000000000000000000e+00,1.000000000000000000e+00,1.000000000000000000e+00,1.000000000000000000e+00,1.000000000000000000e+00,1.000000000000000000e+00,1.000000000000000000e+00,1.000000000000000000e+00,1.000000000000000000e+00,1.000000000000000000e+00,1.000000000000000000e+00,1.000000000000000000e+00,1.000000000000000000e+00,1.000000000000000000e+00,1.000000000000000000e+00,1.000000000000000000e+00,1.000000000000000000e+00,1.000000000000000000e+00,1.000000000000000000e+00,1.000000000000000000e+00,1.000000000000000000e+00,1.000000000000000000e+00,1.000000000000000000e+00,1.000000000000000000e+00,1.000000000000000000e+00,1.000000000000000000e+00,1.000000000000000000e+00,1.000000000000000000e+00,1.000000000000000000e+00,1.000000000000000000e+00,1.000000000000000000e+00,1.000000000000000000e+00,1.000000000000000000e+00,1.000000000000000000e+00,1.000000000000000000e+00,1.000000000000000000e+00,1.000000000000000000e+00,1.000000000000000000e+00,1.000000000000000000e+00,1.000000000000000000e+00,1.000000000000000000e+00,1.000000000000000000e+00,1.000000000000000000e+00,1.000000000000000000e+00,1.000000000000000000e+00,1.000000000000000000e+00,1.000000000000000000e+00,1.000000000000000000e+00,1.000000000000000000e+00,1.000000000000000000e+00,1.000000000000000000e+00,1.000000000000000000e+00,1.000000000000000000e+00,1.000000000000000000e+00,1.000000000000000000e+00,1.000000000000000000e+00,1.000000000000000000e+00,1.000000000000000000e+00,1.000000000000000000e+00,1.000000000000000000e+00,1.000000000000000000e+00,1.000000000000000000e+00,1.000000000000000000e+00,1.000000000000000000e+00,1.000000000000000000e+00,1.000000000000000000e+00,1.000000000000000000e+00,1.000000000000000000e+00,1.000000000000000000e+00,1.000000000000000000e+00,1.000000000000000000e+00,1.000000000000000000e+00,1.000000000000000000e+00,1.000000000000000000e+00,1.000000000000000000e+00,1.000000000000000000e+00,1.000000000000000000e+00,1.000000000000000000e+00,1.000000000000000000e+00,1.000000000000000000e+00,1.000000000000000000e+00,1.000000000000000000e+00,1.000000000000000000e+00,1.000000000000000000e+00,1.000000000000000000e+00,1.000000000000000000e+00,1.000000000000000000e+00,1.000000000000000000e+00,1.000000000000000000e+00,1.000000000000000000e+00,1.000000000000000000e+00,1.000000000000000000e+00,1.000000000000000000e+00,1.000000000000000000e+00,1.000000000000000000e+00,1.000000000000000000e+00,1.000000000000000000e+00,1.000000000000000000e+00,1.000000000000000000e+00,1.000000000000000000e+00,1.000000000000000000e+00,1.000000000000000000e+00,1.000000000000000000e+00,1.000000000000000000e+00,1.000000000000000000e+00,1.000000000000000000e+00,1.000000000000000000e+00,1.000000000000000000e+00,1.000000000000000000e+00,1.000000000000000000e+00,1.000000000000000000e+00,1.000000000000000000e+00,1.000000000000000000e+00,1.000000000000000000e+00,1.000000000000000000e+00,1.000000000000000000e+00,1.000000000000000000e+00,1.000000000000000000e+00,1.000000000000000000e+00,1.000000000000000000e+00,1.000000000000000000e+00,1.000000000000000000e+00,1.000000000000000000e+00,1.000000000000000000e+00,1.000000000000000000e+00,1.000000000000000000e+00,1.000000000000000000e+00,1.000000000000000000e+00,1.000000000000000000e+00,1.000000000000000000e+00,1.000000000000000000e+00,1.000000000000000000e+00
Thrust,0.000000000000000000e+00,0.000000000000000000e+00,0.000000000000000000e+00,0.000000000000000000e+00,0.000000000000000000e+00,0.000000000000000000e+00,0.000000000000000000e+00,0.000000000000000000e+00,0.000000000000000000e+00,0.000000000000000000e+00,0.000000000000000000e+00,0.000000000000000000e+00,0.000000000000000000e+00,0.000000000000000000e+00,0.000000000000000000e+00,0.000000000000000000e+00,0.000000000000000000e+00,0.000000000000000000e+00,0.000000000000000000e+00,0.000000000000000000e+00,0.000000000000000000e+00,0.000000000000000000e+00,0.000000000000000000e+00,0.000000000000000000e+00,0.000000000000000000e+00,0.000000000000000000e+00,0.000000000000000000e+00,0.000000000000000000e+00,0.000000000000000000e+00,0.000000000000000000e+00,0.000000000000000000e+00,0.000000000000000000e+00,0.000000000000000000e+00,0.000000000000000000e+00,0.000000000000000000e+00,0.000000000000000000e+00,0.000000000000000000e+00,0.000000000000000000e+00,0.000000000000000000e+00,0.000000000000000000e+00,0.000000000000000000e+00,0.000000000000000000e+00,0.000000000000000000e+00,0.000000000000000000e+00,0.000000000000000000e+00,0.000000000000000000e+00,0.000000000000000000e+00,0.000000000000000000e+00,0.000000000000000000e+00,0.000000000000000000e+00,0.000000000000000000e+00,0.000000000000000000e+00,0.000000000000000000e+00,0.000000000000000000e+00,0.000000000000000000e+00,0.000000000000000000e+00,0.000000000000000000e+00,0.000000000000000000e+00,0.000000000000000000e+00,0.000000000000000000e+00,0.000000000000000000e+00,0.000000000000000000e+00,0.000000000000000000e+00,0.000000000000000000e+00,0.000000000000000000e+00,0.000000000000000000e+00,0.000000000000000000e+00,0.000000000000000000e+00,0.000000000000000000e+00,0.000000000000000000e+00,0.000000000000000000e+00,0.000000000000000000e+00,0.000000000000000000e+00,0.000000000000000000e+00,0.000000000000000000e+00,0.000000000000000000e+00,0.000000000000000000e+00,0.000000000000000000e+00,0.000000000000000000e+00,0.000000000000000000e+00,0.000000000000000000e+00,0.000000000000000000e+00,0.000000000000000000e+00,0.000000000000000000e+00,0.000000000000000000e+00,0.000000000000000000e+00,0.000000000000000000e+00,0.000000000000000000e+00,0.000000000000000000e+00,0.000000000000000000e+00,0.000000000000000000e+00,0.000000000000000000e+00,0.000000000000000000e+00,0.000000000000000000e+00,0.000000000000000000e+00,0.000000000000000000e+00,0.000000000000000000e+00,0.000000000000000000e+00,0.000000000000000000e+00,0.000000000000000000e+00,0.000000000000000000e+00,0.000000000000000000e+00,0.000000000000000000e+00,0.000000000000000000e+00,0.000000000000000000e+00,0.000000000000000000e+00,0.000000000000000000e+00,0.000000000000000000e+00,0.000000000000000000e+00,0.000000000000000000e+00,0.000000000000000000e+00,0.000000000000000000e+00,0.000000000000000000e+00,0.000000000000000000e+00,0.000000000000000000e+00,0.000000000000000000e+00,0.000000000000000000e+00,0.000000000000000000e+00,0.000000000000000000e+00,0.000000000000000000e+00,0.000000000000000000e+00,0.000000000000000000e+00,0.000000000000000000e+00,0.000000000000000000e+00,0.000000000000000000e+00,0.000000000000000000e+00,0.000000000000000000e+00,0.000000000000000000e+00,0.000000000000000000e+00,0.000000000000000000e+00,0.000000000000000000e+00,0.000000000000000000e+00,0.000000000000000000e+00,0.000000000000000000e+00,0.000000000000000000e+00,0.000000000000000000e+00,0.000000000000000000e+00,0.000000000000000000e+00,0.000000000000000000e+00,0.000000000000000000e+00,0.000000000000000000e+00,0.000000000000000000e+00,0.000000000000000000e+00,0.000000000000000000e+00,0.000000000000000000e+00,0.000000000000000000e+00,0.000000000000000000e+00,0.000000000000000000e+00,0.000000000000000000e+00,0.000000000000000000e+00,0.000000000000000000e+00,0.000000000000000000e+00,0.000000000000000000e+00,0.000000000000000000e+00,0.000000000000000000e+00,0.000000000000000000e+00,0.000000000000000000e+00,0.000000000000000000e+00,0.000000000000000000e+00,0.000000000000000000e+00,0.000000000000000000e+00,0.000000000000000000e+00,0.000000000000000000e+00,0.000000000000000000e+00,0.000000000000000000e+00,0.000000000000000000e+00,0.000000000000000000e+00,0.000000000000000000e+00,0.000000000000000000e+00,0.000000000000000000e+00,0.000000000000000000e+00,0.000000000000000000e+00,0.000000000000000000e+00,0.000000000000000000e+00,0.000000000000000000e+00,0.000000000000000000e+00,0.000000000000000000e+00,0.000000000000000000e+00,0.000000000000000000e+00,0.000000000000000000e+00,0.000000000000000000e+00,0.000000000000000000e+00,0.000000000000000000e+00,0.000000000000000000e+00,0.000000000000000000e+00,0.000000000000000000e+00,0.000000000000000000e+00,0.000000000000000000e+00,0.000000000000000000e+00,0.000000000000000000e+00,0.000000000000000000e+00,0.000000000000000000e+00,0.000000000000000000e+00,0.000000000000000000e+00,0.000000000000000000e+00,0.000000000000000000e+00,0.000000000000000000e+00,0.000000000000000000e+00,0.000000000000000000e+00,0.000000000000000000e+00,0.000000000000000000e+00,0.000000000000000000e+00,0.000000000000000000e+00,0.000000000000000000e+00,0.000000000000000000e+00,0.000000000000000000e+00,0.000000000000000000e+00,0.000000000000000000e+00,0.000000000000000000e+00,0.000000000000000000e+00,0.000000000000000000e+00,0.000000000000000000e+00,0.000000000000000000e+00,0.000000000000000000e+00,0.000000000000000000e+00,0.000000000000000000e+00,0.000000000000000000e+00,0.000000000000000000e+00,0.000000000000000000e+00,0.000000000000000000e+00,0.000000000000000000e+00,0.000000000000000000e+00,0.000000000000000000e+00,0.000000000000000000e+00,0.000000000000000000e+00,0.000000000000000000e+00,0.000000000000000000e+00,0.000000000000000000e+00,0.000000000000000000e+00,0.000000000000000000e+00,0.000000000000000000e+00,0.000000000000000000e+00,0.000000000000000000e+00,0.000000000000000000e+00,0.000000000000000000e+00,0.000000000000000000e+00,0.000000000000000000e+00,0.000000000000000000e+00
Thrusti,0.000000000000000000e+00,0.000000000000000000e+00,0.000000000000000000e+00,0.000000000000000000e+00,0.000000000000000000e+00,0.000000000000000000e+00,0.000000000000000000e+00,0.000000000000000000e+00,0.000000000000000000e+00,0.000000000000000000e+00,0.000000000000000000e+00,0.000000000000000000e+00,0.000000000000000000e+00,0.000000000000000000e+00,0.000000000000000000e+00,0.000000000000000000e+00,0.000000000000000000e+00,0.000000000000000000e+00,0.000000000000000000e+00,0.000000000000000000e+00,0.000000000000000000e+00,0.000000000000000000e+00,0.000000000000000000e+00,0.000000000000000000e+00,0.000000000000000000e+00,0.000000000000000000e+00,0.000000000000000000e+00,0.000000000000000000e+00,0.000000000000000000e+00,0.000000000000000000e+00,0.000000000000000000e+00,0.000000000000000000e+00,0.000000000000000000e+00,0.000000000000000000e+00,0.000000000000000000e+00,0.000000000000000000e+00,0.000000000000000000e+00,0.000000000000000000e+00,0.000000000000000000e+00,0.000000000000000000e+00,0.000000000000000000e+00,0.000000000000000000e+00,0.000000000000000000e+00,0.000000000000000000e+00,0.000000000000000000e+00,0.000000000000000000e+00,0.000000000000000000e+00,0.000000000000000000e+00,0.000000000000000000e+00,0.000000000000000000e+00,0.000000000000000000e+00,0.000000000000000000e+00,0.000000000000000000e+00,0.000000000000000000e+00,0.000000000000000000e+00,0.000000000000000000e+00,0.000000000000000000e+00,0.000000000000000000e+00,0.000000000000000000e+00,0.000000000000000000e+00,0.000000000000000000e+00,0.000000000000000000e+00,0.000000000000000000e+00,0.000000000000000000e+00,0.000000000000000000e+00,0.000000000000000000e+00,0.000000000000000000e+00,0.000000000000000000e+00,0.000000000000000000e+00,0.000000000000000000e+00,0.000000000000000000e+00,0.000000000000000000e+00,0.000000000000000000e+00,0.000000000000000000e+00,0.000000000000000000e+00,0.000000000000000000e+00,0.000000000000000000e+00,0.000000000000000000e+00,0.000000000000000000e+00,0.000000000000000000e+00,0.000000000000000000e+00,0.000000000000000000e+00,0.000000000000000000e+00,0.000000000000000000e+00,0.000000000000000000e+00,0.000000000000000000e+00,0.000000000000000000e+00,0.000000000000000000e+00,0.000000000000000000e+00,0.000000000000000000e+00,0.000000000000000000e+00,0.000000000000000000e+00,0.000000000000000000e+00,0.000000000000000000e+00,0.000000000000000000e+00,0.000000000000000000e+00,0.000000000000000000e+00,0.000000000000000000e+00,0.000000000000000000e+00,0.000000000000000000e+00,0.000000000000000000e+00,0.000000000000000000e+00,0.000000000000000000e+00,0.000000000000000000e+00,0.000000000000000000e+00,0.000000000000000000e+00,0.000000000000000000e+00,0.000000000000000000e+00,0.000000000000000000e+00,0.000000000000000000e+00,0.000000000000000000e+00,0.000000000000000000e+00,0.000000000000000000e+00,0.000000000000000000e+00,0.000000000000000000e+00,0.000000000000000000e+00,0.000000000000000000e+00,0.000000000000000000e+00,0.000000000000000000e+00,0.000000000000000000e+00,0.000000000000000000e+00,0.000000000000000000e+00,0.000000000000000000e+00,0.000000000000000000e+00,0.000000000000000000e+00,0.000000000000000000e+00,0.000000000000000000e+00,0.000000000000000000e+00,0.000000000000000000e+00,0.000000000000000000e+00,0.000000000000000000e+00,0.000000000000000000e+00,0.000000000000000000e+00,0.000000000000000000e+00,0.000000000000000000e+00,0.000000000000000000e+00,0.000000000000000000e+00,0.000000000000000000e+00,0.000000000000000000e+00,0.000000000000000000e+00,0.000000000000000000e+00,0.000000000000000000e+00,0.000000000000000000e+00,0.000000000000000000e+00,0.000000000000000000e+00,0.000000000000000000e+00,0.000000000000000000e+00,0.000000000000000000e+00,0.000000000000000000e+00,0.000000000000000000e+00,0.000000000000000000e+00,0.000000000000000000e+00,0.000000000000000000e+00,0.000000000000000000e+00,0.000000000000000000e+00,0.000000000000000000e+00,0.000000000000000000e+00,0.000000000000000000e+00,0.000000000000000000e+00,0.000000000000000000e+00,0.000000000000000000e+00,0.000000000000000000e+00,0.000000000000000000e+00,0.000000000000000000e+00,0.000000000000000000e+00,0.000000000000000000e+00,0.000000000000000000e+00,0.000000000000000000e+00,0.000000000000000000e+00,0.000000000000000000e+00,0.000000000000000000e+00,0.000000000000000000e+00,0.000000000000000000e+00,0.000000000000000000e+00,0.000000000000000000e+00,0.000000000000000000e+00,0.000000000000000000e+00,0.000000000000000000e+00,0.000000000000000000e+00,0.000000000000000000e+00,0.000000000000000000e+00,0.000000000000000000e+00,0.000000000000000000e+00,0.000000000000000000e+00,0.000000000000000000e+00,0.000000000000000000e+00,0.000000000000000000e+00,0.000000000000000000e+00,0.000000000000000000e+00,0.000000000000000000e+00,0.000000000000000000e+00,0.000000000000000000e+00,0.000000000000000000e+00,0.000000000000000000e+00,0.000000000000000000e+00,0.000000000000000000e+00,0.000000000000000000e+00,0.000000000000000000e+00,0.000000000000000000e+00,0.000000000000000000e+00,0.000000000000000000e+00,0.000000000000000000e+00,0.000000000000000000e+00,0.000000000000000000e+00,0.000000000000000000e+00,0.000000000000000000e+00,0.000000000000000000e+00,0.000000000000000000e+00,0.000000000000000000e+00,0.000000000000000000e+00,0.000000000000000000e+00,0.000000000000000000e+00,0.000000000000000000e+00,0.000000000000000000e+00,0.000000000000000000e+00,0.000000000000000000e+00,0.000000000000000000e+00,0.000000000000000000e+00,0.000000000000000000e+00,0.000000000000000000e+00,0.000000000000000000e+00,0.000000000000000000e+00,0.000000000000000000e+00,0.000000000000000000e+00,0.000000000000000000e+00,0.000000000000000000e+00,0.000000000000000000e+00,0.000000000000000000e+00,0.000000000000000000e+00,0.000000000000000000e+00,0.000000000000000000e+00,0.000000000000000000e+00,0.000000000000000000e+00,0.000000000000000000e+00,0.000000000000000000e+00,0.000000000000000000e+00,0.000000000000000000e+00,0.000000000000000000e+00
Thrusto,0.000000000000000000e+00,0.000000000000000000e+00,0.000000000000000000e+00,0.000000000000000000e+00,0.000000000000000000e+00,0.000000000000000000e+00,0.000000000000000000e+00,0.000000000000000000e+00,0.000000000000000000e+00,0.000000000000000000e+00,0.000000000000000000e+00,0.000000000000000000e+00,0.000000000000000000e+00,0.000000000000000000e+00,0.000000000000000000e+00,0.000000000000000000e+00,0.000000000000000000e+00,0.000000000000000000e+00,0.000000000000000000e+00,0.000000000000000000e+00,0.000000000000000000e+00,0.000000000000000000e+00,0.000000000000000000e+00,0.000000000000000000e+00,0.000000000000000000e+00,0.000000000000000000e+00,0.000000000000000000e+00,0.000000000000000000e+00,0.000000000000000000e+00,0.000000000000000000e+00,0.000000000000000000e+00,0.000000000000000000e+00,0.000000000000000000e+00,0.000000000000000000e+00,0.000000000000000000e+00,0.000000000000000000e+00,0.000000000000000000e+00,0.000000000000000000e+00,0.000000000000000000e+00,0.000000000000000000e+00,0.000000000000000000e+00,0.000000000000000000e+00,0.000000000000000000e+00,0.000000000000000000e+00,0.000000000000000000e+00,0.000000000000000000e+00,0.000000000000000000e+00,0.000000000000000000e+00,0.000000000000000000e+00,0.000000000000000000e+00,0.000000000000000000e+00,0.000000000000000000e+00,0.000000000000000000e+00,0.000000000000000000e+00,0.000000000000000000e+00,0.000000000000000000e+00,0.000000000000000000e+00,0.000000000000000000e+00,0.000000000000000000e+00,0.000000000000000000e+00,0.000000000000000000e+00,0.000000000000000000e+00,0.000000000000000000e+00,0.000000000000000000e+00,0.000000000000000000e+00,0.000000000000000000e+00,0.000000000000000000e+00,0.000000000000000000e+00,0.000000000000000000e+00,0.000000000000000000e+00,0.000000000000000000e+00,0.000000000000000000e+00,0.000000000000000000e+00,0.000000000000000000e+00,0.000000000000000000e+00,0.000000000000000000e+00,0.000000000000000000e+00,0.000000000000000000e+00,0.000000000000000000e+00,0.000000000000000000e+00,0.000000000000000000e+00,0.000000000000000000e+00,0.000000000000000000e+00,0.000000000000000000e+00,0.000000000000000000e+00,0.000000000000000000e+00,0.000000000000000000e+00,0.000000000000000000e+00,0.000000000000000000e+00,0.000000000000000000e+00,0.000000000000000000e+00,0.000000000000000000e+00,0.000000000000000000e+00,0.000000000000000000e+00,0.000000000000000000e+00,0.000000000000000000e+00,0.000000000000000000e+00,0.000000000000000000e+00,0.000000000000000000e+00,0.000000000000000000e+00,0.000000000000000000e+00,0.000000000000000000e+00,0.000000000000000000e+00,0.000000000000000000e+00,0.000000000000000000e+00,0.000000000000000000e+00,0.000000000000000000e+00,0.000000000000000000e+00,0.000000000000000000e+00,0.000000000000000000e+00,0.000000000000000000e+00,0.000000000000000000e+00,0.000000000000000000e+00,0.000000000000000000e+00,0.000000000000000000e+00,0.000000000000000000e+00,0.000000000000000000e+00,0.000000000000000000e+00,0.000000000000000000e+00,0.000000000000000000e+00,0.000000000000000000e+00,0.000000000000000000e+00,0.000000000000000000e+00,0.000000000000000000e+00,0.000000000000000000e+00,0.000000000000000000e+00,0.000000000000000000e+00,0.000000000000000000e+00,0.000000000000000000e+00,0.000000000000000000e+00,0.000000000000000000e+00,0.000000000000000000e+00,0.000000000000000000e+00,0.000000000000000000e+00,0.000000000000000000e+00,0.000000000000000000e+00,0.000000000000000000e+00,0.000000000000000000e+00,0.000000000000000000e+00,0.000000000000000000e+00,0.000000000000000000e+00,0.000000000000000000e+00,0.000000000000000000e+00,0.000000000000000000e+00,0.000000000000000000e+00,0.000000000000000000e+00,0.000000000000000000e+00,0.000000000000000000e+00,0.000000000000000000e+00,0.000000000000000000e+00,0.000000000000000000e+00,0.000000000000000000e+00,0.000000000000000000e+00,0.000000000000000000e+00,0.000000000000000000e+00,0.000000000000000000e+00,0.000000000000000000e+00,0.000000000000000000e+00,0.000000000000000000e+00,0.000000000000000000e+00,0.000000000000000000e+00,0.000000000000000000e+00,0.000000000000000000e+00,0.000000000000000000e+00,0.000000000000000000e+00,0.000000000000000000e+00,0.000000000000000000e+00,0.000000000000000000e+00,0.000000000000000000e+00,0.000000000000000000e+00,0.000000000000000000e+00,0.000000000000000000e+00,0.000000000000000000e+00,0.000000000000000000e+00,0.000000000000000000e+00,0.000000000000000000e+00,0.000000000000000000e+00,0.000000000000000000e+00,0.000000000000000000e+00,0.000000000000000000e+00,0.000000000000000000e+00,0.000000000000000000e+00,0.000000000000000000e+00,0.000000000000000000e+00,0.000000000000000000e+00,0.000000000000000000e+00,0.000000000000000000e+00,0.000000000000000000e+00,0.000000000000000000e+00,0.000000000000000000e+00,0.000000000000000000e+00,0.000000000000000000e+00,0.000000000000000000e+00,0.000000000000000000e+00,0.000000000000000000e+00,0.000000000000000000e+00,0.000000000000000000e+00,0.000000000000000000e+00,0.000000000000000000e+00,0.000000000000000000e+00,0.000000000000000000e+00,0.000000000000000000e+00,0.000000000000000000e+00,0.000000000000000000e+00,0.000000000000000000e+00,0.000000000000000000e+00,0.000000000000000000e+00,0.000000000000000000e+00,0.000000000000000000e+00,0.000000000000000000e+00,0.000000000000000000e+00,0.000000000000000000e+00,0.000000000000000000e+00,0.000000000000000000e+00,0.000000000000000000e+00,0.000000000000000000e+00,0.000000000000000000e+00,0.000000000000000000e+00,0.000000000000000000e+00,0.000000000000000000e+00,0.000000000000000000e+00,0.000000000000000000e+00,0.000000000000000000e+00,0.000000000000000000e+00,0.000000000000000000e+00,0.000000000000000000e+00,0.000000000000000000e+00,0.000000000000000000e+00,0.000000000000000000e+00,0.000000000000000000e+00,0.000000000000000000e+00,0.000000000000000000e+00,0.000000000000000000e+00,0.000000000000000000e+00,0.000000000000000000e+00,0.000000000000000000e+00,0.000000000000000000e+00,0.000000000000000000e+00
TrailVort,1,2,3,4,5,6,7,8,9,10,11,12,13,14,15,16,17,18,19,20,21,22,23,24,25,26,27,28,29,30,31,32,33,34,35,36,37,38,39,40,41,42,43,44,45,46,47,48,49,50,51,52,53,54,55,56,57,58,59,60,61,62,63,64,65,66,67,68,69,70,71,72,73,74,75,76,77,78,79,80,81,82,83,84,85,86,87,88,89,90,91,92,93,94,95,96,97,98,99,100,101,102,103,104,105,106,107,108,109,110,111,112,113,114,115,116,117,118,119,120,121,122,123,124,125,126,127,128,129,130,131,132,133,134,135,136,1,2,3,4,5,6,7,8,9,10,11,12,13,14,15,16,17,18,19,20,21,22,23,24,25,26,27,28,1,2,3,4,5,6,7,8,9,10,11,12,13,14,15,16,17,18,19,20,21,22,23,24,25,26,27,1,2,3,4,5,6,7,8,9,10,11,12,13,14,15,16,17,18,19,20,21,22,23,24,25,26,27,1,2,3,4,5,6,7,8,9,10,1,2,3,4,5,6,7,8,9,10
Unsteady,0
V/Vref,9.992299999999999516e-01,9.991700000000000026e-01,9.990999999999999881e-01,9.990299999999999736e-01,9.989500000000000046e-01,9.988599999999999701e-01,9.987700000000000466e-01,9.986699999999999466e-01,9.985600000000000032e-01,9.984399999999999942e-01,9.983100000000000307e-01,9.981799999999999562e-01,9.980299999999999727e-01,9.978700000000000347e-01,9.976899999999999658e-01,9.975000000000000533e-01,9.972900000000000098e-01,9.970700000000000118e-01,9.969299999999999828e-01,9.969000000000000083e-01,9.968700000000000339e-01,9.968299999999999939e-01,9.968000000000000194e-01,9.967599999999999794e-01,9.966000000000000414e-01,9.962800000000000544e-01,9.959200000000000275e-01,9.955300000000000260e-01,9.950900000000000301e-01,9.946099999999999941e-01,9.940700000000000092e-01,9.934800000000000297e-01,9.928099999999999703e-01,9.920600000000000529e-01,9.912300000000000555e-01,9.902900000000000036e-01,9.892199999999999882e-01,9.880200000000000093e-01,9.866700000000000470e-01,9.851199999999999957e-01,9.833699999999999664e-01,9.813899999999999846e-01,9.791499999999999648e-01,9.766399999999999526e-01,9.738499999999999934e-01,9.708099999999999508e-01,9.675300000000000011e-01,1.064519999999999911e+00,1.603320000000000078e+00,1.826389999999999958e+00,1.976949999999999985e+00,2.088579999999999881e+00,2.176849999999999952e+00,2.239529999999999799e+00,2.206910000000000149e+00,2.242210000000000036e+00,2.194109999999999783e+00,2.109309999999999796e+00,2.003579999999999917e+00,1.863960000000000061e+00,1.692469999999999919e+00,1.467950000000000088e+00,9.529400000000000093e-01,9.542599999999999971e-01,9.554200000000000470e-01,9.562899999999999734e-01,9.568999999999999728e-01,9.572199999999999598e-01,9.572199999999999598e-01,9.568999999999999728e-01,9.562899999999999734e-01,9.554200000000000470e-01,9.542599999999999971e-01,9.529400000000000093e-01,1.467950000000000088e+00,1.692469999999999919e+00,1.863960000000000061e+00,2.003579999999999917e+00,2.109309999999999796e+00,2.194109999999999783e+00,2.242210000000000036e+00,2.206910000000000149e+00,2.239529999999999799e+00,2.176849999999999952e+00,2.088579999999999881e+00,1.976949999999999985e+00,1.826389999999999958e+00,1.603320000000000078e+00,1.064519999999999911e+00,9.675300000000000011e-01,9.708099999999999508e-01,9.738499999999999934e-01,9.766399999999999526e-01,9.791499999999999648e-01,9.813899999999999846e-01,9.833699999999999664e-01,9.851199999999999957e-01,9.866700000000000470e-01,9.880200000000000093e-01,9.892199999999999882e-01,9.902900000000000036e-01,9.912300000000000555e-01,9.920600000000000529e-01,9.928099999999999703e-01,9.934800000000000297e-01,9.940700000000000092e-01,9.946099999999999941e-01,9.950900000000000301e-01,9.955300000000000260e-01,9.959200000000000275e-01,9.962800000000000544e-01,9.966000000000000414e-01,9.967599999999999794e-01,9.968000000000000194e-01,9.968299999999999939e-01,9.968700000000000339e-01,9.969000000000000083e-01,9.969299999999999828e-01,9.970700000000000118e-01,9.972900000000000098e-01,9.975000000000000533e-01,9.976899999999999658e-01,9.978700000000000347e-01,9.980299999999999727e-01,9.981799999999999562e-01,9.983100000000000307e-01,9.984399999999999942e-01,9.985600000000000032e-01,9.986699999999999466e-01,9.987700000000000466e-01,9.988599999999999701e-01,9.989500000000000046e-01,9.990299999999999736e-01,9.990999999999999881e-01,9.991700000000000026e-01,9.992299999999999516e-01,9.949999999999999956e-01,9.949500000000000011e-01,9.949000000000000066e-01,9.948500000000000121e-01,1.129729999999999901e+00,1.588619999999999921e+00,1.795009999999999994e+00,1.940390000000000059e+00,2.052099999999999813e+00,2.142329999999999846e+00,2.219050000000000189e+00,2.285210000000000186e+00,2.310329999999999995e+00,2.255240000000000133e+00,2.309579999999999966e+00,2.286529999999999951e+00,2.220689999999999831e+00,2.144169999999999909e+00,2.054300000000000015e+00,1.943189999999999973e+00,1.798820000000000086e+00,1.594580000000000108e+00,1.163089999999999957e+00,9.942400000000000126e-01,9.942299999999999471e-01,9.942299999999999471e-01,9.942199999999999926e-01,9.942299999999999471e-01,9.949999999999999956e-01,9.949500000000000011e-01,9.949000000000000066e-01,9.948500000000000121e-01,1.129729999999999901e+00,1.588619999999999921e+00,1.795009999999999994e+00,1.940390000000000059e+00,2.052099999999999813e+00,2.142329999999999846e+00,2.219050000000000189e+00,2.285210000000000186e+00,2.310329999999999995e+00,2.255240000000000133e+00,2.309579999999999966e+00,2.286529999999999951e+00,2.220689999999999831e+00,2.144169999999999909e+00,2.054300000000000015e+00,1.943189999999999973e+00,1.798820000000000086e+00,1.594580000000000108e+00,1.163089999999999957e+00,9.942400000000000126e-01,9.942299999999999471e-01,9.942299999999999471e-01,9.942199999999999926e-01,9.954899999999999860e-01,9.954300000000000370e-01,9.953699999999999770e-01,9.953100000000000280e-01,9.952499999999999680e-01,9.951799999999999535e-01,9.951200000000000045e-01,9.950599999999999445e-01,9.949999999999999956e-01,9.949400000000000466e-01,9.948900000000000521e-01,9.948299999999999921e-01,9.947700000000000431e-01,9.947099999999999831e-01,9.946599999999999886e-01,9.946000000000000396e-01,9.945500000000000451e-01,9.945000000000000506e-01,9.944399999999999906e-01,9.943899999999999961e-01,9.943400000000000016e-01,9.942999999999999616e-01,9.942499999999999671e-01,9.942100000000000382e-01,9.941600000000000437e-01,9.941200000000000037e-01,9.940900000000000292e-01,9.636400000000000521e-01,9.633800000000000141e-01,9.602399999999999824e-01,1.488299999999999956e+00,1.614470000000000072e+00,9.642500000000000515e-01,9.744300000000000184e-01,9.833399999999999919e-01,9.873399999999999954e-01,9.884100000000000108e-01,9.636400000000000521e-01,9.633800000000000141e-01,9.602399999999999824e-01,1.488299999999999956e+00,1.614470000000000072e+00,9.642500000000000515e-01,9.744300000000000184e-01,9.833399999999999919e-01,9.873399999999999954e-01,9.884100000000000108e-01
VortexSheet,1,1,1,1,1,1,1,1,1,1,1,1,1,1,1,1,1,1,1,1,1,1,1,1,1,1,1,1,1,1,1,1,1,1,1,1,1,1,1,1,1,1,1,1,1,1,1,1,1,1,1,1,1,1,1,1,1,1,1,1,1,1,1,1,1,1,1,1,1,1,1,1,1,1,1,1,1,1,1,1,1,1,1,1,1,1,1,1,1,1,1,1,1,1,1,1,1,1,1,1,1,1,1,1,1,1,1,1,1,1,1,1,1,1,1,1,1,1,1,1,1,1,1,1,1,1,1,1,1,1,1,1,1,1,1,1,2,2,2,2,2,2,2,2,2,2,2,2,2,2,2,2,2,2,2,2,2,2,2,2,2,2,2,2,3,3,3,3,3,3,3,3,3,3,3,3,3,3,3,3,3,3,3,3,3,3,3,3,3,3,3,4,4,4,4,4,4,4,4,4,4,4,4,4,4,4,4,4,4,4,4,4,4,4,4,4,4,4,5,5,5,5,5,5,5,5,5,5,6,6,6,6,6,6,6,6,6,6
Xavg,4.499880000000000102e+00,4.512010000000000076e+00,4.524149999999999672e+00,4.536290000000000155e+00,4.548420000000000130e+00,4.560559999999999725e+00,4.572700000000000209e+00,4.584830000000000183e+00,4.596969999999999779e+00,4.609110000000000262e+00,4.621249999999999858e+00,4.633379999999999832e+00,4.645520000000000316e+00,4.657659999999999911e+00,4.669789999999999885e+00,4.681930000000000369e+00,4.694069999999999965e+00,4.706199999999999939e+00,4.713079999999999714e+00,4.714699999999999669e+00,4.716319999999999624e+00,4.717929999999999957e+00,4.719549999999999912e+00,4.721169999999999867e+00,4.718840000000000146e+00,4.722279999999999589e+00,4.735450000000000159e+00,4.748619999999999841e+00,4.761790000000000411e+00,4.774960000000000093e+00,4.788129999999999775e+00,4.801300000000000345e+00,4.814470000000000027e+00,4.827639999999999709e+00,4.840810000000000279e+00,4.853979999999999961e+00,4.867149999999999643e+00,4.880320000000000213e+00,4.893489999999999895e+00,4.906649999999999956e+00,4.919819999999999638e+00,4.932990000000000208e+00,4.946159999999999890e+00,4.959329999999999572e+00,4.972500000000000142e+00,4.985669999999999824e+00,4.998840000000000394e+00,5.012010000000000076e+00,5.025179999999999758e+00,5.038350000000000328e+00,5.051520000000000010e+00,5.064689999999999692e+00,5.077860000000000262e+00,5.091029999999999944e+00,5.104199999999999626e+00,5.117370000000000196e+00,5.130539999999999878e+00,5.143709999999999560e+00,5.156880000000000130e+00,5.170049999999999812e+00,5.181639999999999802e+00,5.191639999999999588e+00,5.201649999999999885e+00,5.227260000000000240e+00,5.253000000000000114e+00,5.263279999999999959e+00,5.273570000000000313e+00,5.283850000000000158e+00,5.283850000000000158e+00,5.273570000000000313e+00,5.263279999999999959e+00,5.253000000000000114e+00,5.227260000000000240e+00,5.201649999999999885e+00,5.191639999999999588e+00,5.181639999999999802e+00,5.170049999999999812e+00,5.156880000000000130e+00,5.143709999999999560e+00,5.130539999999999878e+00,5.117370000000000196e+00,5.104199999999999626e+00,5.091029999999999944e+00,5.077860000000000262e+00,5.064689999999999692e+00,5.051520000000000010e+00,5.038350000000000328e+00,5.025179999999999758e+00,5.012010000000000076e+00,4.998840000000000394e+00,4.985669999999999824e+00,4.972500000000000142e+00,4.959329999999999572e+00,4.946159999999999890e+00,4.932990000000000208e+00,4.919819999999999638e+00,4.906649999999999956e+00,4.893489999999999895e+00,4.880320000000000213e+00,4.867149999999999643e+00,4.853979999999999961e+00,4.840810000000000279e+00,4.827639999999999709e+00,4.814470000000000027e+00,4.801300000000000345e+00,4.788129999999999775e+00,4.774960000000000093e+00,4.761790000000000411e+00,4.748619999999999841e+00,4.735450000000000159e+00,4.722279999999999589e+00,4.718840000000000146e+00,4.721169999999999867e+00,4.719549999999999912e+00,4.717929999999999957e+00,4.716319999999999624e+00,4.714699999999999669e+00,4.713079999999999714e+00,4.706199999999999939e+00,4.694069999999999965e+00,4.681930000000000369e+00,4.669789999999999885e+00,4.657659999999999911e+00,4.645520000000000316e+00,4.633379999999999832e+00,4.621249999999999858e+00,4.609110000000000262e+00,4.596969999999999779e+00,4.584830000000000183e+00,4.572700000000000209e+00,4.560559999999999725e+00,4.548420000000000130e+00,4.536290000000000155e+00,4.524149999999999672e+00,4.512010000000000076e+00,4.499880000000000102e+00,1.020245000000000068e+01,1.022086000000000006e+01,1.023926999999999943e+01,1.025766999999999918e+01,1.027608000000000033e+01,1.029448999999999970e+01,1.031288999999999945e+01,1.033130000000000059e+01,1.034970999999999997e+01,1.036810999999999972e+01,1.038652000000000086e+01,1.040493000000000023e+01,1.042332999999999998e+01,1.044173999999999936e+01,1.046015000000000050e+01,1.047855000000000025e+01,1.049695999999999962e+01,1.051537000000000077e+01,1.053377000000000052e+01,1.055217999999999989e+01,1.057058999999999926e+01,1.058899000000000079e+01,1.060740000000000016e+01,1.062580999999999953e+01,1.064420999999999928e+01,1.066262000000000043e+01,1.068102999999999980e+01,1.069942999999999955e+01,1.020245000000000068e+01,1.022086000000000006e+01,1.023926999999999943e+01,1.025766999999999918e+01,1.027608000000000033e+01,1.029448999999999970e+01,1.031288999999999945e+01,1.033130000000000059e+01,1.034970999999999997e+01,1.036810999999999972e+01,1.038652000000000086e+01,1.040493000000000023e+01,1.042332999999999998e+01,1.044173999999999936e+01,1.046015000000000050e+01,1.047855000000000025e+01,1.049695999999999962e+01,1.051537000000000077e+01,1.053377000000000052e+01,1.055217999999999989e+01,1.057058999999999926e+01,1.058899000000000079e+01,1.060740000000000016e+01,1.062580999999999953e+01,1.064420999999999928e+01,1.066262000000000043e+01,1.068102999999999980e+01,1.072038000000000046e+01,1.072003999999999913e+01,1.071969999999999956e+01,1.071935000000000038e+01,1.071901000000000082e+01,1.071866999999999948e+01,1.071832999999999991e+01,1.071798000000000073e+01,1.071763999999999939e+01,1.071729999999999983e+01,1.071696000000000026e+01,1.071660999999999930e+01,1.071626999999999974e+01,1.071593000000000018e+01,1.071559000000000061e+01,1.071524999999999928e+01,1.071490000000000009e+01,1.071456000000000053e+01,1.071421999999999919e+01,1.071387999999999963e+01,1.071353000000000044e+01,1.071319000000000088e+01,1.071284999999999954e+01,1.071250999999999998e+01,1.071216000000000079e+01,1.071181999999999945e+01,1.071147999999999989e+01,3.669999999999999929e+00,3.669999999999999929e+00,3.668120000000000047e+00,3.664369999999999905e+00,3.660629999999999828e+00,3.656870000000000065e+00,3.653129999999999988e+00,3.649379999999999846e+00,3.647499999999999964e+00,3.647499999999999964e+00,3.669999999999999929e+00,3.669999999999999929e+00,3.668120000000000047e+00,3.664369999999999905e+00,3.660629999999999828e+00,3.656870000000000065e+00,3.653129999999999988e+00,3.649379999999999846e+00,3.647499999999999964e+00,3.647499999999999964e+00
Yavg,8.132749999999999702e+00,8.007849999999999469e+00,7.882950000000000124e+00,7.758049999999999891e+00,7.633149999999999658e+00,7.508250000000000313e+00,7.383350000000000080e+00,7.258449999999999847e+00,7.133549999999999613e+00,7.008659999999999890e+00,6.883759999999999657e+00,6.758860000000000312e+00,6.633960000000000079e+00,6.509059999999999846e+00,6.384159999999999613e+00,6.259260000000000268e+00,6.134360000000000035e+00,6.009459999999999802e+00,5.938690000000000246e+00,5.922030000000000349e+00,5.905380000000000074e+00,5.888729999999999798e+00,5.872069999999999901e+00,5.855419999999999625e+00,5.778959999999999653e+00,5.641460000000000363e+00,5.502720000000000056e+00,5.363979999999999748e+00,5.225240000000000329e+00,5.086500000000000021e+00,4.947759999999999714e+00,4.809020000000000294e+00,4.670279999999999987e+00,4.531539999999999679e+00,4.392800000000000260e+00,4.254059999999999953e+00,4.115319999999999645e+00,3.976579999999999782e+00,3.837839999999999918e+00,3.699100000000000055e+00,3.560360000000000191e+00,3.421619999999999884e+00,3.282880000000000020e+00,3.144149999999999778e+00,3.005409999999999915e+00,2.866670000000000051e+00,2.727930000000000188e+00,2.589189999999999880e+00,2.450450000000000017e+00,2.311710000000000154e+00,2.172969999999999846e+00,2.034229999999999983e+00,1.895489999999999897e+00,1.756750000000000034e+00,1.618009999999999948e+00,1.479270000000000085e+00,1.340529999999999999e+00,1.201789999999999914e+00,1.063050000000000050e+00,9.243099999999999650e-01,8.017199999999999882e-01,6.952800000000000091e-01,5.888299999999999645e-01,4.807199999999999807e-01,3.725999999999999868e-01,2.661399999999999877e-01,1.596899999999999986e-01,5.322999999999999954e-02,-5.322999999999999954e-02,-1.596899999999999986e-01,-2.661399999999999877e-01,-3.725999999999999868e-01,-4.807199999999999807e-01,-5.888299999999999645e-01,-6.952800000000000091e-01,-8.017199999999999882e-01,-9.243099999999999650e-01,-1.063050000000000050e+00,-1.201789999999999914e+00,-1.340529999999999999e+00,-1.479270000000000085e+00,-1.618009999999999948e+00,-1.756750000000000034e+00,-1.895489999999999897e+00,-2.034229999999999983e+00,-2.172969999999999846e+00,-2.311710000000000154e+00,-2.450450000000000017e+00,-2.589189999999999880e+00,-2.727930000000000188e+00,-2.866670000000000051e+00,-3.005409999999999915e+00,-3.144149999999999778e+00,-3.282880000000000020e+00,-3.421619999999999884e+00,-3.560360000000000191e+00,-3.699100000000000055e+00,-3.837839999999999918e+00,-3.976579999999999782e+00,-4.115319999999999645e+00,-4.254059999999999953e+00,-4.392800000000000260e+00,-4.531539999999999679e+00,-4.670279999999999987e+00,-4.809020000000000294e+00,-4.947759999999999714e+00,-5.086500000000000021e+00,-5.225240000000000329e+00,-5.363979999999999748e+00,-5.502720000000000056e+00,-5.641460000000000363e+00,-5.778959999999999653e+00,-5.855419999999999625e+00,-5.872069999999999901e+00,-5.888729999999999798e+00,-5.905380000000000074e+00,-5.922030000000000349e+00,-5.938690000000000246e+00,-6.009459999999999802e+00,-6.134360000000000035e+00,-6.259260000000000268e+00,-6.384159999999999613e+00,-6.509059999999999846e+00,-6.633960000000000079e+00,-6.758860000000000312e+00,-6.883759999999999657e+00,-7.008659999999999890e+00,-7.133549999999999613e+00,-7.258449999999999847e+00,-7.383350000000000080e+00,-7.508250000000000313e+00,-7.633149999999999658e+00,-7.758049999999999891e+00,-7.882950000000000124e+00,-8.007849999999999469e+00,-8.132749999999999702e+00,3.037110000000000198e+00,2.926670000000000105e+00,2.816230000000000011e+00,2.705789999999999917e+00,2.595349999999999824e+00,2.484910000000000174e+00,2.374470000000000081e+00,2.264029999999999987e+00,2.153589999999999893e+00,2.043149999999999800e+00,1.932709999999999928e+00,1.822270000000000056e+00,1.711819999999999897e+00,1.601380000000000026e+00,1.490939999999999932e+00,1.380500000000000060e+00,1.270059999999999967e+00,1.159620000000000095e+00,1.049180000000000001e+00,9.387400000000000189e-01,8.283000000000000362e-01,7.178600000000000536e-01,6.074199999999999600e-01,4.969799999999999773e-01,3.865399999999999947e-01,2.761000000000000121e-01,1.656600000000000017e-01,5.521999999999999825e-02,-3.037110000000000198e+00,-2.926670000000000105e+00,-2.816230000000000011e+00,-2.705789999999999917e+00,-2.595349999999999824e+00,-2.484910000000000174e+00,-2.374470000000000081e+00,-2.264029999999999987e+00,-2.153589999999999893e+00,-2.043149999999999800e+00,-1.932709999999999928e+00,-1.822270000000000056e+00,-1.711819999999999897e+00,-1.601380000000000026e+00,-1.490939999999999932e+00,-1.380500000000000060e+00,-1.270059999999999967e+00,-1.159620000000000095e+00,-1.049180000000000001e+00,-9.387400000000000189e-01,-8.283000000000000362e-01,-7.178600000000000536e-01,-6.074199999999999600e-01,-4.969799999999999773e-01,-3.865399999999999947e-01,-2.761000000000000121e-01,-1.656600000000000017e-01,0.000000000000000000e+00,0.000000000000000000e+00,0.000000000000000000e+00,0.000000000000000000e+00,0.000000000000000000e+00,0.000000000000000000e+00,0.000000000000000000e+00,0.000000000000000000e+00,0.000000000000000000e+00,0.000000000000000000e+00,0.000000000000000000e+00,0.000000000000000000e+00,0.000000000000000000e+00,0.000000000000000000e+00,0.000000000000000000e+00,0.000000000000000000e+00,0.000000000000000000e+00,0.000000000000000000e+00,0.000000000000000000e+00,0.000000000000000000e+00,0.000000000000000000e+00,0.000000000000000000e+00,0.000000000000000000e+00,0.000000000000000000e+00,0.000000000000000000e+00,0.000000000000000000e+00,0.000000000000000000e+00,7.404800000000000271e-01,7.634900000000000020e-01,1.043749999999999956e+00,1.581250000000000044e+00,2.118749999999999911e+00,2.656250000000000000e+00,3.193750000000000089e+00,3.731250000000000178e+00,4.050629999999999953e+00,4.151880000000000237e+00,-7.404800000000000271e-01,-7.634900000000000020e-01,-1.043749999999999956e+00,-1.581250000000000044e+00,-2.118749999999999911e+00,-2.656250000000000000e+00,-3.193750000000000089e+00,-3.731250000000000178e+00,-4.050629999999999953e+00,-4.151880000000000237e+00
Zavg,1.158079999999999998e+00,1.153019999999999934e+00,1.147950000000000026e+00,1.142889999999999961e+00,1.137820000000000054e+00,1.132749999999999924e+00,1.127690000000000081e+00,1.122619999999999951e+00,1.117560000000000109e+00,1.112489999999999979e+00,1.107429999999999914e+00,1.102360000000000007e+00,1.097290000000000099e+00,1.092230000000000034e+00,1.087159999999999904e+00,1.082100000000000062e+00,1.077029999999999932e+00,1.071970000000000089e+00,1.069090000000000096e+00,1.068400000000000016e+00,1.067700000000000093e+00,1.067010000000000014e+00,1.066319999999999935e+00,1.065630000000000077e+00,1.013249999999999984e+00,9.576599999999999557e-01,9.505299999999999860e-01,9.434000000000000163e-01,9.362800000000000011e-01,9.291500000000000314e-01,9.220199999999999507e-01,9.148899999999999810e-01,9.077699999999999658e-01,9.006399999999999961e-01,8.935100000000000264e-01,8.863799999999999457e-01,8.792600000000000415e-01,8.721299999999999608e-01,8.649999999999999911e-01,8.578700000000000214e-01,8.507500000000000062e-01,8.436200000000000365e-01,8.364899999999999558e-01,8.293599999999999861e-01,8.222399999999999709e-01,8.151100000000000012e-01,8.079800000000000315e-01,8.008499999999999508e-01,7.937199999999999811e-01,7.865999999999999659e-01,7.794699999999999962e-01,7.723400000000000265e-01,7.652099999999999458e-01,7.580900000000000416e-01,7.509599999999999609e-01,7.438299999999999912e-01,7.367000000000000215e-01,7.295800000000000063e-01,7.224500000000000366e-01,7.153199999999999559e-01,7.089100000000000401e-01,7.032000000000000473e-01,6.975000000000000089e-01,7.611700000000000133e-01,8.252399999999999736e-01,8.203399999999999581e-01,8.154500000000000082e-01,8.105499999999999927e-01,8.105499999999999927e-01,8.154500000000000082e-01,8.203399999999999581e-01,8.252399999999999736e-01,7.611700000000000133e-01,6.975000000000000089e-01,7.032000000000000473e-01,7.089100000000000401e-01,7.153199999999999559e-01,7.224500000000000366e-01,7.295800000000000063e-01,7.367000000000000215e-01,7.438299999999999912e-01,7.509599999999999609e-01,7.580900000000000416e-01,7.652099999999999458e-01,7.723400000000000265e-01,7.794699999999999962e-01,7.865999999999999659e-01,7.937199999999999811e-01,8.008499999999999508e-01,8.079800000000000315e-01,8.151100000000000012e-01,8.222399999999999709e-01,8.293599999999999861e-01,8.364899999999999558e-01,8.436200000000000365e-01,8.507500000000000062e-01,8.578700000000000214e-01,8.649999999999999911e-01,8.721299999999999608e-01,8.792600000000000415e-01,8.863799999999999457e-01,8.935100000000000264e-01,9.006399999999999961e-01,9.077699999999999658e-01,9.148899999999999810e-01,9.220199999999999507e-01,9.291500000000000314e-01,9.362800000000000011e-01,9.434000000000000163e-01,9.505299999999999860e-01,9.576599999999999557e-01,1.013249999999999984e+00,1.065630000000000077e+00,1.066319999999999935e+00,1.067010000000000014e+00,1.067700000000000093e+00,1.068400000000000016e+00,1.069090000000000096e+00,1.071970000000000089e+00,1.077029999999999932e+00,1.082100000000000062e+00,1.087159999999999904e+00,1.092230000000000034e+00,1.097290000000000099e+00,1.102360000000000007e+00,1.107429999999999914e+00,1.112489999999999979e+00,1.117560000000000109e+00,1.122619999999999951e+00,1.127690000000000081e+00,1.132749999999999924e+00,1.137820000000000054e+00,1.142889999999999961e+00,1.147950000000000026e+00,1.153019999999999934e+00,1.158079999999999998e+00,8.000000000000000444e-01,8.000000000000000444e-01,8.000000000000000444e-01,8.000000000000000444e-01,8.000000000000000444e-01,8.000000000000000444e-01,8.000000000000000444e-01,8.000000000000000444e-01,8.000000000000000444e-01,8.000000000000000444e-01,8.000000000000000444e-01,8.000000000000000444e-01,8.000000000000000444e-01,8.000000000000000444e-01,8.000000000000000444e-01,8.000000000000000444e-01,8.000000000000000444e-01,8.000000000000000444e-01,8.000000000000000444e-01,8.000000000000000444e-01,8.000000000000000444e-01,8.000000000000000444e-01,8.000000000000000444e-01,8.000000000000000444e-01,8.000000000000000444e-01,8.000000000000000444e-01,8.000000000000000444e-01,8.000000000000000444e-01,8.000000000000000444e-01,8.000000000000000444e-01,8.000000000000000444e-01,8.000000000000000444e-01,8.000000000000000444e-01,8.000000000000000444e-01,8.000000000000000444e-01,8.000000000000000444e-01,8.000000000000000444e-01,8.000000000000000444e-01,8.000000000000000444e-01,8.000000000000000444e-01,8.000000000000000444e-01,8.000000000000000444e-01,8.000000000000000444e-01,8.000000000000000444e-01,8.000000000000000444e-01,8.000000000000000444e-01,8.000000000000000444e-01,8.000000000000000444e-01,8.000000000000000444e-01,8.000000000000000444e-01,8.000000000000000444e-01,8.000000000000000444e-01,8.000000000000000444e-01,8.000000000000000444e-01,8.000000000000000444e-01,3.500890000000000057e+00,3.402680000000000149e+00,3.304460000000000175e+00,3.206249999999999822e+00,3.108039999999999914e+00,3.009819999999999940e+00,2.911610000000000031e+00,2.813390000000000057e+00,2.715180000000000149e+00,2.616960000000000175e+00,2.518749999999999822e+00,2.420539999999999914e+00,2.322319999999999940e+00,2.224110000000000031e+00,2.125890000000000057e+00,2.027680000000000149e+00,1.929459999999999953e+00,1.831250000000000044e+00,1.733039999999999914e+00,1.634819999999999940e+00,1.536610000000000031e+00,1.438390000000000057e+00,1.340179999999999927e+00,1.241959999999999953e+00,1.143750000000000044e+00,1.045539999999999914e+00,9.473200000000000509e-01,-5.204900000000000082e-01,-5.107199999999999518e-01,-3.917599999999999971e-01,-1.635999999999999954e-01,6.454999999999999627e-02,2.927100000000000257e-01,5.208599999999999897e-01,7.490200000000000191e-01,8.845800000000000329e-01,9.275600000000000511e-01,-5.204900000000000082e-01,-5.107199999999999518e-01,-3.917599999999999971e-01,-1.635999999999999954e-01,6.454999999999999627e-02,2.927100000000000257e-01,5.208599999999999897e-01,7.490200000000000191e-01,8.845800000000000329e-01,9.275600000000000511e-01
cd,2.043999999999999984e-02,1.242000000000000048e-02,1.112999999999999927e-02,1.055999999999999994e-02,9.900000000000000813e-03,8.989999999999999727e-03,8.319999999999999271e-03,7.409999999999999920e-03,7.749999999999999944e-03,7.020000000000000198e-03,6.250000000000000347e-03,5.210000000000000221e-03,3.589999999999999875e-03,2.959999999999999958e-03,2.749999999999999840e-03,1.670000000000000043e-03,4.120000000000000398e-03,5.369999999999999774e-03,1.294000000000000011e-02,1.063000000000000056e-02,7.429999999999999973e-03,6.510000000000000162e-03,8.789999999999999203e-03,1.812000000000000069e-02,2.988999999999999990e-02,6.478000000000000425e-02,6.499000000000000610e-02,6.512999999999999345e-02,6.625999999999999945e-02,6.701000000000000012e-02,6.647000000000000131e-02,6.594999999999999474e-02,6.633999999999999619e-02,6.629999999999999782e-02,6.783999999999999753e-02,6.762999999999999567e-02,7.104000000000000592e-02,7.303999999999999382e-02,7.266999999999999849e-02,7.370999999999999774e-02,7.108000000000000429e-02,7.309999999999999831e-02,6.894999999999999740e-02,7.166999999999999760e-02,7.610999999999999710e-02,8.350000000000000477e-02,9.798999999999999377e-02,1.621900000000000008e-01,2.706200000000000272e-01,3.402800000000000269e-01,3.972100000000000075e-01,4.373600000000000265e-01,4.683700000000000085e-01,4.578499999999999792e-01,3.219099999999999739e-01,1.469399999999999873e-01,1.368399999999999894e-01,1.317000000000000115e-01,1.177600000000000036e-01,9.693000000000000227e-02,8.562000000000000166e-02,6.162000000000000116e-02,7.026000000000000301e-02,2.713000000000000134e-02,6.910000000000000343e-03,9.600000000000000243e-04,4.190000000000000148e-03,7.740000000000000352e-03,7.779999999999999589e-03,4.170000000000000095e-03,8.800000000000000313e-04,6.859999999999999779e-03,2.699999999999999969e-02,7.004000000000000503e-02,6.133000000000000257e-02,8.495999999999999386e-02,9.619999999999999385e-02,1.171800000000000064e-01,1.308300000000000018e-01,1.361100000000000088e-01,1.462900000000000034e-01,3.218400000000000150e-01,4.583099999999999952e-01,4.690799999999999970e-01,4.377900000000000125e-01,3.973900000000000210e-01,3.402899999999999814e-01,2.706100000000000172e-01,1.616200000000000137e-01,9.729000000000000148e-02,8.287999999999999534e-02,7.548000000000000542e-02,7.109999999999999654e-02,6.844999999999999696e-02,7.284999999999999809e-02,7.080999999999999794e-02,7.331999999999999629e-02,7.227999999999999703e-02,7.263000000000000012e-02,7.055000000000000160e-02,6.707000000000000461e-02,6.722000000000000197e-02,6.554000000000000103e-02,6.555999999999999328e-02,6.507000000000000284e-02,6.560000000000000553e-02,6.622999999999999721e-02,6.557999999999999940e-02,6.442000000000000504e-02,6.429999999999999605e-02,6.396000000000000296e-02,2.910000000000000087e-02,1.527000000000000059e-02,7.020000000000000198e-03,6.879999999999999831e-03,5.890000000000000270e-03,9.259999999999999135e-03,1.097000000000000058e-02,3.860000000000000150e-03,2.700000000000000143e-03,5.000000000000000104e-04,1.619999999999999912e-03,1.779999999999999898e-03,2.500000000000000052e-03,3.850000000000000124e-03,4.939999999999999947e-03,5.640000000000000048e-03,6.400000000000000307e-03,6.620000000000000016e-03,7.570000000000000340e-03,8.370000000000000703e-03,9.329999999999999752e-03,1.009999999999999960e-02,1.073999999999999955e-02,1.213999999999999975e-02,2.042000000000000065e-02,-6.590000000000000371e-03,-1.896000000000000116e-02,-3.099000000000000019e-02,-5.104000000000000203e-02,-1.410599999999999909e-01,-1.601299999999999946e-01,-1.887199999999999989e-01,-2.089799999999999991e-01,-2.426399999999999946e-01,-2.604400000000000048e-01,-2.867399999999999949e-01,-3.111499999999999821e-01,-1.562199999999999978e-01,-3.708999999999999797e-02,2.120999999999999969e-02,1.345000000000000015e-02,1.703999999999999959e-02,2.795999999999999874e-02,1.723999999999999838e-02,1.118000000000000070e-02,5.380000000000000233e-03,-1.779999999999999898e-03,-1.374000000000000048e-02,-4.553999999999999715e-02,-4.440999999999999809e-02,-4.125000000000000194e-02,-3.928999999999999854e-02,-3.645999999999999935e-02,-4.669999999999999672e-03,-1.568999999999999909e-02,-2.586000000000000104e-02,-4.535000000000000142e-02,-1.317300000000000137e-01,-1.490200000000000136e-01,-1.762100000000000055e-01,-1.953799999999999981e-01,-2.282500000000000084e-01,-2.449000000000000066e-01,-2.702700000000000102e-01,-2.923000000000000043e-01,-2.211700000000000055e-01,-1.273999999999999959e-02,2.333999999999999964e-02,9.409999999999999962e-03,1.295999999999999930e-02,2.886999999999999983e-02,2.067000000000000087e-02,1.431999999999999940e-02,8.420000000000000401e-03,1.539999999999999919e-03,-9.929999999999999591e-03,-4.046999999999999903e-02,-4.057000000000000189e-02,-3.710000000000000103e-02,-3.876000000000000278e-02,7.960000000000000062e-03,7.910000000000000364e-03,7.849999999999999339e-03,7.810000000000000102e-03,7.779999999999999589e-03,7.740000000000000352e-03,7.700000000000000247e-03,7.669999999999999735e-03,7.620000000000000037e-03,7.590000000000000392e-03,7.570000000000000340e-03,7.550000000000000287e-03,7.550000000000000287e-03,7.519999999999999775e-03,7.499999999999999722e-03,7.490000000000000130e-03,7.470000000000000077e-03,7.450000000000000025e-03,7.429999999999999973e-03,7.409999999999999920e-03,7.360000000000000223e-03,7.349999999999999763e-03,7.340000000000000170e-03,7.320000000000000118e-03,7.289999999999999605e-03,7.280000000000000013e-03,7.280000000000000013e-03,8.680000000000000215e-03,8.449999999999999178e-03,7.879999999999999852e-03,-2.316999999999999962e-02,2.313000000000000125e-02,-8.689999999999999808e-03,-8.680000000000000215e-03,-1.860000000000000108e-03,4.780000000000000394e-03,6.199999999999999782e-03,8.670000000000000623e-03,8.439999999999999586e-03,7.860000000000000667e-03,-2.331000000000000086e-02,2.316000000000000003e-02,-9.180000000000000659e-03,-9.369999999999999857e-03,-2.249999999999999830e-03,4.649999999999999620e-03,6.119999999999999572e-03
cd*c/cref,1.419498777246145683e-02,8.732164593301436351e-03,7.920997926634767983e-03,7.606231578947368101e-03,7.216052631578948572e-03,6.630136948431684767e-03,6.207622328548643466e-03,5.592442424242424596e-03,5.915750930356193128e-03,5.418984688995215869e-03,4.878389154704944504e-03,4.111468314726210438e-03,2.863945879851143017e-03,2.386852099946836902e-03,2.241184210526315796e-03,1.375383944710260745e-03,3.428646039340776767e-03,4.515110845295055436e-03,1.094313992557150415e-02,9.001818553960658567e-03,6.300489898989899279e-03,5.527824082934609459e-03,7.473929984051035785e-03,1.542772057416267988e-02,2.547546469962785540e-02,5.559301818181818650e-02,5.638858559276980348e-02,5.712673141945773247e-02,5.874560170122275493e-02,6.004502121212120652e-02,6.019086427432217279e-02,6.034477591706538524e-02,6.132976055289738465e-02,6.192088676236044698e-02,6.400186454013821746e-02,6.444445082402976144e-02,6.836684146730462319e-02,7.098392982456139255e-02,7.131279792663476613e-02,7.303167990430621537e-02,7.109964997341840232e-02,7.381273471557681098e-02,7.027584875066453240e-02,7.372713094098883035e-02,7.901601818181817893e-02,8.747967836257311558e-02,1.035891308878256201e-01,1.729940441254651795e-01,2.912121534290271763e-01,3.693982715576821230e-01,4.349650111111111328e-01,4.830770245614035008e-01,5.217681640085061190e-01,5.143911889952152983e-01,3.647149597022860124e-01,1.678717240829346036e-01,1.576300771929824429e-01,1.529582424242424132e-01,1.378843763955342749e-01,1.144134717703349235e-01,1.017790111642743328e-01,7.369535789473685705e-02,8.453648835725678656e-02,3.298004146730462716e-02,8.494010047846891134e-03,1.187092822966507059e-03,5.211816480595427362e-03,9.684217224880381850e-03,9.734264859117488372e-03,5.186939074960127301e-03,1.088168421052631597e-03,8.432548325358852487e-03,3.282200956937798841e-02,8.427178543328017746e-02,7.334852807017544496e-02,1.009944497607655478e-01,1.135518001063264143e-01,1.372052583732057129e-01,1.519478121212121113e-01,1.567891684210526437e-01,1.671291310473152769e-01,3.646356516746411813e-01,5.149079956937799851e-01,5.225591100478468309e-01,4.835519722488038075e-01,4.351621202020202195e-01,3.694091272727272335e-01,2.912013925039872997e-01,1.723860744284955171e-01,1.028491330143540827e-01,8.683012865497076460e-02,7.836196363636363516e-02,7.314077033492821789e-02,6.976623418394470311e-02,7.356029718234981252e-02,7.082957533227006441e-02,7.264526889952152566e-02,7.093008165869217618e-02,7.058547129186602820e-02,6.789527963849016634e-02,6.391082828282829142e-02,6.341694183944709962e-02,6.121108474215843087e-02,6.060866900584794409e-02,5.953956889952153470e-02,5.940304944178629448e-02,5.934609393939393324e-02,5.814271897926635152e-02,5.650397724614567713e-02,5.578990696438064500e-02,5.488930909090908999e-02,2.480214194577352524e-02,1.300117511961722434e-02,5.968940669856459200e-03,5.842001488569909667e-03,4.994601010101010728e-03,7.841659436469961691e-03,9.277144125465177499e-03,3.245498670919723730e-03,2.246928229665072149e-03,4.117916002126529099e-04,1.320261244019138754e-03,1.435336735778841013e-03,1.994391281233386711e-03,3.038225146198830686e-03,3.855878787878787902e-03,4.353714194577353210e-03,4.885265284423179200e-03,4.996217118553960765e-03,5.648040988835725980e-03,6.172886124401913942e-03,6.800582934609250563e-03,7.274899521531100026e-03,7.643442743221690212e-03,8.535304199893673296e-03,1.418109835194045903e-02,-3.654279372674110182e-03,-1.076103476874003435e-02,-1.799314657097288855e-02,-3.030028538011696540e-02,-8.558239936204145581e-02,-9.924144008506112502e-02,-1.194223370547581042e-01,-1.349693052631578960e-01,-1.598753799043061974e-01,-1.750015572567782951e-01,-1.964146133971291786e-01,-2.171946100478468755e-01,-1.110864557150451903e-01,-2.685820786815523720e-02,1.563563763955343189e-02,1.009057469431153681e-02,1.300620350877193000e-02,2.170608676236044504e-02,1.360878490164805707e-02,8.971043593833067514e-03,4.387202658160552736e-03,-1.474759808612440210e-03,-1.156307559808612655e-02,-3.891890526315789495e-02,-3.853258086124401738e-02,-3.632916666666666933e-02,-3.511556804891015349e-02,-3.306191249335459909e-02,-2.589603136629452327e-03,-8.905096810207336483e-03,-1.501461020733652584e-02,-2.692237347155768470e-02,-7.992180255183413407e-02,-9.235595704412546958e-02,-1.115059877724614568e-01,-1.261857730994151994e-01,-1.503938157894736671e-01,-1.645595199362041294e-01,-1.851327947368421045e-01,-2.040365885167464144e-01,-1.572717412014885963e-01,-9.225493886230728968e-03,1.720583604465709959e-02,7.059651143009038760e-03,9.892042105263157761e-03,2.241254380648590935e-02,1.631633317384369869e-02,1.149063902179691538e-02,6.866216799574694288e-03,1.275915789473684205e-03,-8.356720574162678980e-03,-3.458603636363636463e-02,-3.520078373205742100e-02,-3.267423232323232035e-02,-3.464187878787879094e-02,4.176820627325890378e-03,4.296252791068580837e-03,4.408186071238703006e-03,4.529509356725146089e-03,4.655343540669856263e-03,4.773905263157894943e-03,4.891035087719298145e-03,5.013187028176502476e-03,5.120793939393939592e-03,5.240368421052631585e-03,5.365926687931951017e-03,5.490788676236044510e-03,5.629787347155768354e-03,5.745863689526847437e-03,5.868660287081339105e-03,5.998729452418926494e-03,6.120277033492823454e-03,6.241048378522063428e-03,6.361083306751728200e-03,6.480381818181817771e-03,6.572155236576289472e-03,6.698581339712918713e-03,6.824600106326421736e-03,6.940768740031897678e-03,7.046534928229664270e-03,7.170896757044125693e-03,7.304963317384370776e-03,1.384370015948963289e-03,1.347687400318978894e-03,1.246305156831472574e-03,-3.602990430622008897e-03,3.535287081339712981e-03,-1.305116959064327349e-03,-1.280542264752791053e-03,-2.694577352472089468e-04,6.861244019138756402e-04,8.899521531100478130e-04,1.382775119617224912e-03,1.346092503987240518e-03,1.243141945773524725e-03,-3.624760765550238961e-03,3.539872408293460570e-03,-1.378708133971291933e-03,-1.382336523125996799e-03,-3.259569377990430327e-04,6.674641148325358327e-04,8.784688995215310251e-04
cdi,1.244999999999999926e-02,4.179999999999999688e-03,2.690000000000000117e-03,1.930000000000000075e-03,1.090000000000000040e-03,2.000000000000000164e-05,-8.000000000000000383e-04,-1.850000000000000082e-03,-1.660000000000000017e-03,-2.530000000000000131e-03,-3.449999999999999942e-03,-4.640000000000000027e-03,-6.409999999999999899e-03,-7.210000000000000263e-03,-7.599999999999999985e-03,-8.899999999999999925e-03,-6.700000000000000226e-03,-5.769999999999999955e-03,1.600000000000000077e-03,-8.199999999999999824e-04,-4.139999999999999583e-03,-5.179999999999999709e-03,-3.030000000000000141e-03,6.130000000000000032e-03,1.754000000000000004e-02,5.161999999999999922e-02,5.136000000000000287e-02,5.113000000000000184e-02,5.195999999999999924e-02,5.244999999999999662e-02,5.167000000000000065e-02,5.093000000000000305e-02,5.111999999999999877e-02,5.090999999999999692e-02,5.229999999999999927e-02,5.197999999999999843e-02,5.539000000000000173e-02,5.734999999999999820e-02,5.689999999999999919e-02,5.782999999999999946e-02,5.510000000000000314e-02,5.702000000000000124e-02,5.274000000000000216e-02,5.534000000000000030e-02,5.965000000000000163e-02,6.687999999999999501e-02,8.117000000000000604e-02,1.437299999999999967e-01,2.424699999999999911e-01,3.065700000000000092e-01,3.591099999999999848e-01,3.954500000000000237e-01,4.227600000000000247e-01,4.082200000000000273e-01,2.691600000000000104e-01,8.865000000000000657e-02,7.774000000000000354e-02,7.460999999999999577e-02,6.432000000000000217e-02,4.861999999999999655e-02,4.334999999999999964e-02,2.621000000000000066e-02,4.603999999999999759e-02,5.179999999999999709e-03,-1.348000000000000066e-02,-1.861000000000000154e-02,-1.485000000000000035e-02,-1.099999999999999936e-02,-1.095999999999999926e-02,-1.489000000000000046e-02,-1.871000000000000094e-02,-1.354999999999999954e-02,5.040000000000000209e-03,4.578999999999999737e-02,2.588999999999999982e-02,4.265000000000000041e-02,4.782999999999999752e-02,6.365999999999999437e-02,7.366999999999999937e-02,7.692000000000000226e-02,8.791000000000000203e-02,2.690000000000000169e-01,4.085900000000000087e-01,4.233799999999999786e-01,3.957899999999999752e-01,3.592000000000000193e-01,3.064899999999999847e-01,2.423599999999999921e-01,1.430599999999999927e-01,8.036999999999999700e-02,6.615000000000000047e-02,5.890999999999999709e-02,5.466000000000000025e-02,5.213000000000000272e-02,5.664999999999999897e-02,5.471000000000000169e-02,5.732999999999999902e-02,5.637999999999999956e-02,5.682000000000000245e-02,5.478000000000000230e-02,5.129000000000000226e-02,5.154999999999999860e-02,5.000999999999999890e-02,5.020000000000000157e-02,4.991000000000000297e-02,5.065999999999999670e-02,5.152999999999999942e-02,5.115000000000000102e-02,5.029000000000000137e-02,5.054999999999999771e-02,5.068000000000000282e-02,1.663999999999999854e-02,3.170000000000000075e-03,-4.910000000000000302e-03,-4.910000000000000302e-03,-5.780000000000000415e-03,-2.299999999999999961e-03,-4.699999999999999859e-04,-7.389999999999999868e-03,-8.210000000000000284e-03,-1.014999999999999930e-02,-8.819999999999999715e-03,-8.470000000000000098e-03,-7.579999999999999932e-03,-6.069999999999999875e-03,-4.830000000000000092e-03,-3.989999999999999623e-03,-3.069999999999999812e-03,-2.700000000000000143e-03,-1.600000000000000077e-03,-6.400000000000000524e-04,4.800000000000000122e-04,1.430000000000000064e-03,2.259999999999999856e-03,3.889999999999999795e-03,1.242000000000000048e-02,-1.486999999999999954e-02,-2.766000000000000056e-02,-4.023999999999999799e-02,-6.101000000000000173e-02,-1.544099999999999917e-01,-1.830600000000000005e-01,-2.169500000000000040e-01,-2.411500000000000032e-01,-2.778100000000000014e-01,-2.978199999999999736e-01,-3.256499999999999950e-01,-3.507799999999999807e-01,-1.948699999999999877e-01,-7.381999999999999673e-02,-1.565000000000000072e-02,-2.230999999999999997e-02,-1.669999999999999957e-02,-3.609999999999999928e-03,-1.192000000000000004e-02,-1.519000000000000038e-02,-1.756999999999999881e-02,-2.027999999999999942e-02,-2.441000000000000114e-02,-5.399000000000000327e-02,-5.296000000000000013e-02,-4.979999999999999705e-02,-4.775999999999999690e-02,-4.474999999999999811e-02,-1.290999999999999960e-02,-2.427999999999999950e-02,-3.493999999999999884e-02,-5.505999999999999783e-02,-1.447199999999999875e-01,-1.715700000000000003e-01,-2.040599999999999914e-01,-2.272000000000000131e-01,-2.631299999999999750e-01,-2.820799999999999974e-01,-3.091200000000000059e-01,-3.320799999999999863e-01,-2.601700000000000124e-01,-4.973000000000000337e-02,-1.352000000000000077e-02,-2.631999999999999965e-02,-2.074000000000000149e-02,-2.629999999999999959e-03,-8.399999999999999481e-03,-1.190000000000000085e-02,-1.434000000000000032e-02,-1.672999999999999834e-02,-2.031000000000000166e-02,-4.853999999999999981e-02,-4.866999999999999799e-02,-4.513000000000000345e-02,-4.662000000000000172e-02,-5.000000000000000240e-05,-6.000000000000000152e-05,-8.000000000000000654e-05,-8.000000000000000654e-05,-8.000000000000000654e-05,-8.000000000000000654e-05,-8.000000000000000654e-05,-9.000000000000000567e-05,-1.000000000000000048e-04,-1.000000000000000048e-04,-9.000000000000000567e-05,-8.000000000000000654e-05,-5.000000000000000240e-05,-5.000000000000000240e-05,-5.000000000000000240e-05,-3.000000000000000076e-05,-2.000000000000000164e-05,-2.000000000000000164e-05,-2.000000000000000164e-05,-1.000000000000000082e-05,-4.000000000000000327e-05,-2.000000000000000164e-05,-1.000000000000000082e-05,-1.000000000000000082e-05,-2.000000000000000164e-05,-1.000000000000000082e-05,1.000000000000000082e-05,-3.800000000000000209e-04,-5.999999999999999474e-04,-1.129999999999999928e-03,-4.465000000000000219e-02,-4.699999999999999859e-04,-1.840999999999999928e-02,-1.856000000000000011e-02,-1.170000000000000033e-02,-4.989999999999999644e-03,-3.490000000000000047e-03,-3.800000000000000209e-04,-6.099999999999999737e-04,-1.160000000000000007e-03,-4.479999999999999954e-02,-4.299999999999999894e-04,-1.890000000000000013e-02,-1.925999999999999934e-02,-1.209999999999999964e-02,-5.120000000000000419e-03,-3.569999999999999823e-03
cdi*c/cref,8.646164274322168733e-03,2.938844444444444273e-03,1.914419085592769737e-03,1.390154066985645979e-03,7.944946836788942864e-04,1.475002658160552944e-05,-5.968867623604466122e-04,-1.396223817118554065e-03,-1.267115683147262148e-03,-1.952995906432748860e-03,-2.692870813397129151e-03,-3.661653163211058340e-03,-5.113619245082402960e-03,-5.813920148856991169e-03,-6.193818181818181411e-03,-7.329890483785221449e-03,-5.575710792131844708e-03,-4.851431951089845568e-03,1.353093035619351309e-03,-6.944018075491759480e-04,-3.510636363636363780e-03,-4.398483678894204649e-03,-2.576337639553429038e-03,5.219201275917064939e-03,1.494946975013290713e-02,4.429934545454545375e-02,4.456251355661881852e-02,4.484707166400851014e-02,4.606733269537480191e-02,4.699837878787878342e-02,4.678895677830940958e-02,4.660135614035088025e-02,4.725923062200956121e-02,4.754739585326953760e-02,4.934106007442849717e-02,4.953160659223816709e-02,5.330573407761828725e-02,5.573560207336522576e-02,5.583732216905900464e-02,5.729781642743221604e-02,5.511523232323232296e-02,5.757595257841573860e-02,5.375414449760765323e-02,5.692841392876129419e-02,6.192754545454545040e-02,7.006755555555556347e-02,8.580803912812334788e-02,1.533043588516746492e-01,2.609201494417862643e-01,3.328036561403509008e-01,3.932435868686868785e-01,4.367861929824561340e-01,4.709582360446570859e-01,4.586322401913876523e-01,3.049506960127592037e-01,1.012782655502392493e-01,8.955102456140351386e-02,8.665310909090907787e-02,7.531184688995214149e-02,5.738969356725145965e-02,5.153141945773524746e-02,3.134624035087719973e-02,5.539510281765018529e-02,6.296963317384369693e-03,-1.657008038277512155e-02,-2.301228899521531174e-02,-1.847147368421052371e-02,-1.376309941520467532e-02,-1.371305178096756706e-02,-1.852122849548112557e-02,-2.313594449760765503e-02,-1.665612679425837461e-02,6.126775119617225082e-03,5.509430404040403795e-02,3.096353157894737168e-02,5.069930887825625093e-02,5.645719957469430561e-02,7.453905741626792869e-02,8.556137979797978632e-02,8.860644210526316678e-02,1.004328519404572156e-01,3.047694205209995344e-01,4.590479325358852170e-01,4.716489213184476004e-01,4.371617330143540148e-01,3.933421414141414219e-01,3.327168104199893506e-01,2.608017792663476775e-01,1.525897278043593930e-01,8.496232727272727547e-02,6.930276315789474229e-02,6.115929090909089788e-02,5.622889601275916915e-02,5.313241472620946343e-02,5.720234502923976505e-02,5.472512450824029706e-02,5.680241770334928247e-02,5.532703381180222729e-02,5.522052153110047767e-02,5.271868771929824615e-02,4.887410738968633872e-02,4.863349229133439450e-02,4.670684082934609127e-02,4.640871238702817120e-02,4.566804800637958711e-02,4.587436714513556252e-02,4.617400303030302910e-02,4.534919298245614766e-02,4.411029207868155666e-02,4.385971690590111105e-02,4.349265454545454823e-02,1.418239319510898253e-02,2.698999681020733832e-03,-4.174857363104731746e-03,-4.169219085592769901e-03,-4.901323232323233532e-03,-1.947712387028176315e-03,-3.974710792131844498e-04,-6.213532429558745254e-03,-6.832326209463051615e-03,-8.359369484316852422e-03,-7.188088995215310799e-03,-6.829945029239766451e-03,-6.046994364699628116e-03,-4.790136788942052706e-03,-3.770019138755980985e-03,-3.080021212121212149e-03,-2.343400691121743425e-03,-2.037732057416267919e-03,-1.193773524720893224e-03,-4.720008506113769421e-04,3.498692185007974730e-04,1.030010526315789385e-03,1.608396703880914276e-03,2.734953322700690859e-03,8.625330143540671166e-03,-8.245695640616694175e-03,-1.569885135566188514e-02,-2.336380180754917685e-02,-3.621905194045720727e-02,-9.368196714513554735e-02,-1.134524325358851615e-01,-1.372863290802764369e-01,-1.557462339181286404e-01,-1.830488760765550116e-01,-2.001188902711323325e-01,-2.230676531100478366e-01,-2.448578669856459056e-01,-1.385700782562466760e-01,-5.345572674109516642e-02,-1.153690377458798690e-02,-1.673760010632642514e-02,-1.274669005847953347e-02,-2.802538383838383638e-03,-9.409322275385432685e-03,-1.218874348750664457e-02,-1.432772317916001896e-02,-1.680231961722488190e-02,-2.054255279106858428e-02,-4.614035342902712139e-02,-4.595103540669857184e-02,-4.385921212121211832e-02,-4.268565869218500508e-02,-4.057928096757043579e-02,-7.158838649654439452e-03,-1.378048123338649830e-02,-2.028656150983519646e-02,-3.268678904837852423e-02,-8.780295502392343465e-02,-1.063314424242424172e-01,-1.291295151515151340e-01,-1.467366549707602441e-01,-1.733762311004784507e-01,-1.895424637958532665e-01,-2.117447349282296498e-01,-2.318045511961722149e-01,-1.850042451887294326e-01,-3.601128814460394234e-02,-9.966705369484317456e-03,-1.974601679957469630e-02,-1.583032046783626121e-02,-2.041738490164805853e-03,-6.630730462519935156e-03,-9.548785220627326042e-03,-1.169377065390749502e-02,-1.386108516746411418e-02,-1.709214449760765656e-02,-4.148273301435406735e-02,-4.222879330143540499e-02,-3.974631010101010303e-02,-4.166677990430622119e-02,-2.623631047315257947e-05,-3.258851674641148285e-05,-4.492418926103137241e-05,-4.639702286018075866e-05,-4.786985645933014490e-05,-4.934269005847953114e-05,-5.081594896331739151e-05,-5.882488038277512921e-05,-6.720202020202021686e-05,-6.904306220095694628e-05,-6.379569377990430270e-05,-5.818054226475279008e-05,-3.728335991493886444e-05,-3.820388091440722915e-05,-3.912440191387559385e-05,-2.402695374800637988e-05,-1.638628389154705224e-05,-1.675449229133439881e-05,-1.712270069112174537e-05,-8.745454545454545964e-06,-3.571823498139288375e-05,-1.822743221690590189e-05,-9.297820308346624224e-06,-9.481924508240297504e-06,-1.933205741626794496e-05,-9.850132908027645759e-06,1.003429027113237915e-05,-6.060606060606060465e-05,-9.569377990430619576e-05,-1.787214247740563275e-04,-6.943181818181817962e-03,-7.183678894205209047e-05,-2.764925571504518731e-03,-2.738118022328548621e-03,-1.694976076555023987e-03,-7.162679425837320188e-04,-5.009569377990430580e-04,-6.060606060606060465e-05,-9.728867623604464004e-05,-1.834662413609782091e-04,-6.966507177033491420e-03,-6.572301967038808796e-05,-2.838516746411483098e-03,-2.841387559808612566e-03,-1.752923976608187096e-03,-7.349282296650718263e-04,-5.124401913875597375e-04
cdo,7.990000000000000574e-03,8.229999999999999469e-03,8.449999999999999178e-03,8.640000000000000110e-03,8.810000000000000123e-03,8.970000000000000542e-03,9.119999999999999635e-03,9.270000000000000462e-03,9.409999999999999962e-03,9.549999999999999462e-03,9.700000000000000289e-03,9.849999999999999381e-03,1.000000000000000021e-02,1.017000000000000022e-02,1.034999999999999983e-02,1.055999999999999994e-02,1.081999999999999976e-02,1.115000000000000019e-02,1.133999999999999939e-02,1.145000000000000011e-02,1.157000000000000042e-02,1.169000000000000074e-02,1.182000000000000065e-02,1.197999999999999933e-02,1.235999999999999946e-02,1.315999999999999982e-02,1.362999999999999975e-02,1.400000000000000029e-02,1.430000000000000021e-02,1.456000000000000003e-02,1.480000000000000066e-02,1.502000000000000036e-02,1.521999999999999915e-02,1.538999999999999917e-02,1.553999999999999999e-02,1.565000000000000072e-02,1.565000000000000072e-02,1.567999999999999949e-02,1.577999999999999889e-02,1.587999999999999828e-02,1.598000000000000115e-02,1.609000000000000014e-02,1.620999999999999872e-02,1.633000000000000076e-02,1.645999999999999894e-02,1.661999999999999936e-02,1.682000000000000162e-02,1.846000000000000071e-02,2.816000000000000100e-02,3.370999999999999691e-02,3.810000000000000192e-02,4.191000000000000281e-02,4.562000000000000083e-02,4.963000000000000050e-02,5.274000000000000216e-02,5.829000000000000153e-02,5.909999999999999976e-02,5.709000000000000186e-02,5.344999999999999751e-02,4.830999999999999878e-02,4.227000000000000202e-02,3.540999999999999703e-02,2.421999999999999847e-02,2.194000000000000117e-02,2.038999999999999840e-02,1.957000000000000059e-02,1.905000000000000096e-02,1.873999999999999971e-02,1.873999999999999971e-02,1.905000000000000096e-02,1.958999999999999977e-02,2.041000000000000106e-02,2.196999999999999995e-02,2.425000000000000072e-02,3.543999999999999928e-02,4.232000000000000345e-02,4.837000000000000327e-02,5.351999999999999813e-02,5.716999999999999860e-02,5.918999999999999956e-02,5.838000000000000134e-02,5.283000000000000196e-02,4.970999999999999724e-02,4.571000000000000063e-02,4.200000000000000261e-02,3.819000000000000172e-02,3.379999999999999671e-02,2.825000000000000080e-02,1.856000000000000011e-02,1.692000000000000101e-02,1.671999999999999875e-02,1.655999999999999833e-02,1.643999999999999975e-02,1.632000000000000117e-02,1.619999999999999912e-02,1.609999999999999973e-02,1.600000000000000033e-02,1.590000000000000094e-02,1.581000000000000114e-02,1.577999999999999889e-02,1.577999999999999889e-02,1.567999999999999949e-02,1.553000000000000040e-02,1.535000000000000080e-02,1.515000000000000027e-02,1.494000000000000015e-02,1.469999999999999953e-02,1.443000000000000012e-02,1.413000000000000020e-02,1.375999999999999966e-02,1.328000000000000014e-02,1.247000000000000018e-02,1.209000000000000005e-02,1.192999999999999963e-02,1.179000000000000013e-02,1.166999999999999982e-02,1.156000000000000083e-02,1.144000000000000052e-02,1.124999999999999958e-02,1.090999999999999956e-02,1.064999999999999974e-02,1.043999999999999963e-02,1.025000000000000043e-02,1.008000000000000042e-02,9.919999999999999998e-03,9.769999999999999171e-03,9.620000000000000079e-03,9.469999999999999252e-03,9.320000000000000159e-03,9.169999999999999332e-03,9.010000000000000647e-03,8.850000000000000228e-03,8.670000000000000623e-03,8.470000000000000098e-03,8.250000000000000389e-03,8.000000000000000167e-03,8.279999999999999166e-03,8.710000000000000728e-03,9.239999999999999949e-03,9.969999999999999696e-03,1.335000000000000075e-02,2.292999999999999899e-02,2.823000000000000162e-02,3.216000000000000109e-02,3.516999999999999987e-02,3.737999999999999656e-02,3.889999999999999708e-02,3.962999999999999856e-02,3.864999999999999686e-02,3.672000000000000264e-02,3.685999999999999693e-02,3.576000000000000012e-02,3.373999999999999916e-02,3.157000000000000084e-02,2.915999999999999842e-02,2.636000000000000149e-02,2.295000000000000165e-02,1.849999999999999908e-02,1.065999999999999934e-02,8.449999999999999178e-03,8.540000000000000716e-03,8.540000000000000716e-03,8.470000000000000098e-03,8.290000000000000493e-03,8.229999999999999469e-03,8.600000000000000006e-03,9.090000000000000857e-03,9.709999999999999881e-03,1.298999999999999981e-02,2.254000000000000101e-02,2.784999999999999976e-02,3.180999999999999800e-02,3.486999999999999822e-02,3.717999999999999777e-02,3.885000000000000259e-02,3.978000000000000286e-02,3.899999999999999994e-02,3.699999999999999817e-02,3.685999999999999693e-02,3.572999999999999787e-02,3.370000000000000079e-02,3.151000000000000328e-02,2.906999999999999862e-02,2.622999999999999984e-02,2.275999999999999898e-02,1.828000000000000111e-02,1.038000000000000034e-02,8.070000000000000784e-03,8.099999999999999561e-03,8.030000000000000679e-03,7.860000000000000667e-03,8.009999999999999759e-03,7.969999999999999654e-03,7.929999999999999549e-03,7.889999999999999444e-03,7.849999999999999339e-03,7.820000000000000562e-03,7.779999999999999589e-03,7.749999999999999944e-03,7.720000000000000299e-03,7.689999999999999787e-03,7.660000000000000142e-03,7.629999999999999630e-03,7.599999999999999985e-03,7.570000000000000340e-03,7.550000000000000287e-03,7.519999999999999775e-03,7.490000000000000130e-03,7.470000000000000077e-03,7.450000000000000025e-03,7.420000000000000380e-03,7.400000000000000328e-03,7.380000000000000275e-03,7.349999999999999763e-03,7.329999999999999710e-03,7.309999999999999658e-03,7.289999999999999605e-03,7.270000000000000420e-03,9.050000000000000752e-03,9.050000000000000752e-03,9.010000000000000647e-03,2.148999999999999869e-02,2.359999999999999945e-02,9.719999999999999474e-03,9.870000000000000301e-03,9.839999999999999789e-03,9.769999999999999171e-03,9.690000000000000696e-03,9.050000000000000752e-03,9.050000000000000752e-03,9.010000000000000647e-03,2.148999999999999869e-02,2.359999999999999945e-02,9.730000000000000801e-03,9.889999999999999486e-03,9.839999999999999789e-03,9.769999999999999171e-03,9.690000000000000696e-03
cdo*c/cref,5.548823498139288102e-03,5.786289420520999115e-03,6.013695640616692831e-03,6.223280382775119197e-03,6.421557947900053201e-03,6.615386921850079788e-03,6.804509090909090403e-03,6.996213397129187432e-03,7.182866613503455927e-03,7.371980595427964078e-03,7.571259968102073655e-03,7.773121477937267911e-03,7.977565124933546845e-03,8.200772248803828504e-03,8.435002392344497640e-03,8.697038596491228624e-03,9.004356831472621475e-03,9.374950824029771451e-03,9.590046889952151543e-03,9.696220361509834407e-03,9.811126262626264360e-03,9.926307761828814108e-03,1.005026762360446656e-02,1.020000510366826131e-02,1.053451802232854839e-02,1.129367272727272754e-02,1.182607203615098322e-02,1.227965975544923101e-02,1.267826900584795476e-02,1.304664242424242310e-02,1.340190749601275974e-02,1.374341977671451366e-02,1.407052993088782344e-02,1.437349090909090764e-02,1.466080446570972896e-02,1.491284423179160129e-02,1.506110738968633768e-02,1.523860925039872277e-02,1.548528899521530930e-02,1.573386347687400280e-02,1.598441765018607241e-02,1.624687963849016578e-02,1.652170425305688264e-02,1.679871701222753963e-02,1.708847272727272507e-02,1.741212280701754517e-02,1.778109175970228953e-02,1.968968527379054076e-02,3.030276491228070523e-02,3.659461541733120132e-02,4.172142424242424735e-02,4.629083157894737371e-02,5.082106804891015073e-02,5.575894880382775698e-02,5.975293397129187445e-02,6.659345853269538207e-02,6.807905263157895681e-02,6.630513333333332149e-02,6.258423843700157418e-02,5.702377820308346390e-02,5.024759170653907842e-02,4.234911754385965038e-02,2.914138553960659087e-02,2.667092185007974639e-02,2.506409043062201095e-02,2.419938181818181641e-02,2.369572886762360414e-02,2.344731664008505717e-02,2.344731664008505717e-02,2.369572886762360414e-02,2.422411291866028576e-02,2.508867511961722710e-02,2.670739074960127787e-02,2.917748139287613257e-02,4.238499649122807328e-02,5.030702817650186537e-02,5.709460053163211563e-02,6.266620095693778425e-02,6.639804646464644855e-02,6.818272631578947696e-02,6.669627910685806127e-02,5.985490143540670577e-02,5.584882822966507482e-02,5.092132881446038983e-02,4.639023923444976494e-02,4.181997878787879069e-02,3.669231685273790372e-02,3.039961323763955628e-02,1.979634662413609983e-02,1.788680574162679685e-02,1.751688888888889087e-02,1.719229090909090568e-02,1.691187432216905914e-02,1.663381945773524662e-02,1.635795215311004747e-02,1.610445082402977082e-02,1.585275917065390866e-02,1.560304784688995236e-02,1.536494976076555052e-02,1.518621562998404874e-02,1.503672089314194403e-02,1.479288378522062609e-02,1.450424391281233440e-02,1.419071185539606469e-02,1.386237081339712976e-02,1.352868229665071809e-02,1.317209090909090760e-02,1.279352599681020906e-02,1.239368516746411526e-02,1.193886656034024406e-02,1.139665454545454523e-02,1.062827182349813937e-02,1.029366124401913905e-02,1.014379803296119008e-02,1.001122057416267870e-02,9.895924242424242526e-03,9.789371823498139308e-03,9.674615204678362057e-03,9.459031100478468984e-03,9.079254439128122897e-03,8.771161084529506199e-03,8.508350239234449552e-03,8.265281765018608548e-03,8.041385645933015261e-03,7.828361935140883826e-03,7.625897926634768453e-03,7.426016055289740361e-03,7.228665975544922191e-03,7.033949175970229117e-03,6.841814513556618120e-03,6.644886975013291480e-03,6.450713716108453198e-03,6.244888995215310858e-03,6.027929239766081568e-03,5.800350877192982438e-03,5.555768208399787869e-03,4.591416267942583992e-03,4.943492238171186617e-03,5.364849122807018554e-03,5.918766560340245342e-03,8.099567783094098472e-03,1.421099245082402783e-02,1.786399202551833959e-02,2.077047017543859689e-02,2.317349617224880032e-02,2.511733301435406171e-02,2.664618979266347373e-02,2.766325693779904046e-02,2.748362254120148909e-02,2.659027751196172545e-02,2.717254141414141358e-02,2.682817480063796195e-02,2.575289356725146347e-02,2.450862514619882998e-02,2.301810717703349149e-02,2.115176289207868279e-02,1.871492583732057430e-02,1.532755980861244018e-02,8.971061562998405500e-03,7.221448165869218637e-03,7.409777990430623136e-03,7.521238383838384223e-03,7.570090643274853329e-03,7.517368474215842776e-03,4.563690324295587367e-03,4.881060074428495918e-03,5.277757416267943834e-03,5.764415576820840388e-03,7.881152472089312730e-03,1.396928782562466796e-02,1.762352737905369462e-02,2.054442339181286256e-02,2.297582631578947224e-02,2.498294385964911976e-02,2.661194019138755917e-02,2.776796267942583871e-02,2.773250398724083285e-02,2.679303561935141020e-02,2.717254141414141358e-02,2.680566794258373159e-02,2.572236257309941723e-02,2.446204556087187842e-02,2.294706363636363558e-02,2.104744843168527418e-02,1.855998745348218931e-02,1.514528612440191671e-02,8.735423923444977576e-03,6.896696650717704449e-03,7.028009569377990928e-03,7.072077777777778344e-03,7.024901116427432861e-03,4.203056937799043435e-03,4.328841307814991317e-03,4.453110260499734338e-03,4.575906379585326957e-03,4.697229665071770040e-03,4.823247953216374014e-03,4.941851036682615855e-03,5.065475810738969721e-03,5.187995959595959918e-03,5.309411483253588179e-03,5.429722381711855374e-03,5.548969218500796399e-03,5.667070707070707286e-03,5.784067570441254504e-03,5.907784688995215173e-03,6.022756406166932322e-03,6.136663317384371055e-03,6.257802870813397762e-03,6.378206007442849268e-03,6.489127272727272973e-03,6.607873471557682878e-03,6.725922488038277823e-03,6.833897926634768284e-03,6.950250664540137159e-03,7.065866985645932567e-03,7.180746889952153642e-03,7.294929027113239081e-03,1.443381180223285388e-03,1.443381180223285388e-03,1.425026581605529172e-03,3.341746411483252892e-03,3.607123870281764462e-03,1.459808612440191165e-03,1.456100478468899586e-03,1.425518341307815094e-03,1.402392344497607442e-03,1.390909090909091088e-03,1.443381180223285388e-03,1.443381180223285388e-03,1.425026581605529172e-03,3.341746411483252892e-03,3.607123870281764462e-03,1.461310473152578485e-03,1.459051036682615550e-03,1.425518341307815094e-03,1.402392344497607442e-03,1.390909090909091088e-03
cl,3.011599999999999833e-01,3.026699999999999946e-01,3.580999999999999739e-01,4.012700000000000156e-01,4.366599999999999926e-01,4.672999999999999932e-01,4.950700000000000101e-01,5.209000000000000297e-01,5.453599999999999559e-01,5.684500000000000108e-01,5.907799999999999718e-01,6.130100000000000549e-01,6.350099999999999634e-01,6.581900000000000528e-01,6.831300000000000150e-01,7.105000000000000204e-01,7.423800000000000399e-01,7.769599999999999840e-01,8.421800000000000397e-01,8.371300000000000407e-01,8.478400000000000380e-01,8.631400000000000183e-01,8.826199999999999601e-01,9.170599999999999863e-01,7.316300000000000026e-01,9.719799999999999551e-01,1.005489999999999995e+00,1.033169999999999922e+00,1.056319999999999926e+00,1.076249999999999929e+00,1.094309999999999894e+00,1.110069999999999890e+00,1.124700000000000033e+00,1.136609999999999898e+00,1.147110000000000074e+00,1.152830000000000021e+00,1.153399999999999981e+00,1.159750000000000059e+00,1.168369999999999909e+00,1.175480000000000080e+00,1.183329999999999993e+00,1.189929999999999932e+00,1.198380000000000001e+00,1.205130000000000035e+00,1.212849999999999984e+00,1.221500000000000030e+00,1.230380000000000029e+00,1.276780000000000026e+00,2.085280000000000022e+00,2.456020000000000092e+00,2.734510000000000218e+00,2.932529999999999859e+00,2.960840000000000138e+00,2.647559999999999913e+00,2.481460000000000221e+00,3.170049999999999812e+00,3.966559999999999864e+00,4.167720000000000091e+00,4.001999999999999780e+00,3.632540000000000102e+00,3.151130000000000209e+00,2.583909999999999929e+00,1.631240000000000023e+00,9.376900000000000235e-01,1.453480000000000105e+00,1.391939999999999955e+00,1.360000000000000098e+00,1.344700000000000006e+00,1.344880000000000075e+00,1.360470000000000068e+00,1.392740000000000089e+00,1.454720000000000013e+00,9.386299999999999644e-01,1.632849999999999913e+00,2.586580000000000101e+00,3.154679999999999929e+00,3.636969999999999814e+00,4.007520000000000415e+00,4.174260000000000304e+00,3.974180000000000046e+00,3.178889999999999993e+00,2.491319999999999979e+00,2.657900000000000151e+00,2.971369999999999845e+00,2.943109999999999893e+00,2.744790000000000063e+00,2.465840000000000032e+00,2.094240000000000101e+00,1.282720000000000082e+00,1.236450000000000049e+00,1.227819999999999911e+00,1.219419999999999948e+00,1.212069999999999981e+00,1.205719999999999903e+00,1.197529999999999983e+00,1.191170000000000062e+00,1.183550000000000102e+00,1.176660000000000039e+00,1.168179999999999996e+00,1.162069999999999936e+00,1.161839999999999984e+00,1.156390000000000029e+00,1.146050000000000013e+00,1.134249999999999980e+00,1.119790000000000063e+00,1.104170000000000096e+00,1.086559999999999970e+00,1.066719999999999891e+00,1.043400000000000105e+00,1.015830000000000011e+00,9.824000000000000510e-01,7.399599999999999511e-01,9.259800000000000253e-01,8.922400000000000331e-01,8.724699999999999678e-01,8.575800000000000090e-01,8.484300000000000175e-01,8.525700000000000500e-01,7.872099999999999653e-01,7.526899999999999702e-01,7.207799999999999763e-01,6.933700000000000419e-01,6.684200000000000141e-01,6.451999999999999957e-01,6.231499999999999817e-01,6.008200000000000207e-01,5.782699999999999507e-01,5.549100000000000144e-01,5.301099999999999701e-01,5.039599999999999635e-01,4.757899999999999907e-01,4.446899999999999742e-01,4.086899999999999977e-01,3.647500000000000187e-01,3.083299999999999930e-01,3.075499999999999901e-01,-4.627899999999999792e-01,-4.281300000000000106e-01,-5.384200000000000097e-01,-6.884500000000000064e-01,-9.166100000000000358e-01,-1.356459999999999999e+00,-1.608829999999999982e+00,-1.784070000000000045e+00,-1.891659999999999897e+00,-1.921769999999999978e+00,-1.864370000000000083e+00,-1.671310000000000073e+00,-1.349920000000000009e+00,-1.669699999999999962e+00,-1.040939999999999976e+00,-3.557000000000000162e-01,-2.505200000000000204e-01,-3.425599999999999756e-01,-4.230400000000000271e-01,-4.484600000000000253e-01,-4.566700000000000204e-01,-4.419500000000000095e-01,-3.450900000000000079e-01,-3.704700000000000215e-01,-4.075799999999999979e-01,-4.188000000000000056e-01,-4.124800000000000133e-01,-3.937700000000000089e-01,-4.321099999999999941e-01,-3.991799999999999793e-01,-5.073999999999999622e-01,-6.496699999999999697e-01,-8.743699999999999806e-01,-1.300810000000000022e+00,-1.551989999999999981e+00,-1.730799999999999894e+00,-1.847280000000000033e+00,-1.892160000000000064e+00,-1.850219999999999976e+00,-1.624470000000000081e+00,-1.305469999999999908e+00,-1.621399999999999952e+00,-9.692199999999999704e-01,-2.939499999999999891e-01,-1.731800000000000006e-01,-2.507599999999999829e-01,-3.169699999999999740e-01,-3.322200000000000153e-01,-3.398399999999999754e-01,-3.295199999999999796e-01,-2.527400000000000202e-01,-2.807799999999999740e-01,-3.132599999999999829e-01,-3.077599999999999780e-01,-2.629099999999999770e-01,1.000000000000000021e-03,6.999999999999999387e-05,5.000000000000000240e-05,5.000000000000000240e-05,4.000000000000000327e-05,4.000000000000000327e-05,4.000000000000000327e-05,4.000000000000000327e-05,4.000000000000000327e-05,3.000000000000000076e-05,3.000000000000000076e-05,3.000000000000000076e-05,1.000000000000000082e-05,1.000000000000000082e-05,1.000000000000000082e-05,0.000000000000000000e+00,-0.000000000000000000e+00,-1.000000000000000082e-05,-1.000000000000000082e-05,-4.000000000000000327e-05,-5.000000000000000240e-05,-5.000000000000000240e-05,-6.000000000000000152e-05,-1.200000000000000030e-04,-2.200000000000000078e-04,-3.699999999999999947e-04,-1.990000000000000015e-03,5.309999999999999616e-03,1.528999999999999977e-02,2.747000000000000136e-02,5.415600000000000414e-01,-2.824000000000000121e-02,2.086000000000000076e-01,2.084799999999999986e-01,1.548899999999999999e-01,1.089799999999999935e-01,7.181999999999999496e-02,5.579999999999999891e-03,1.559999999999999928e-02,2.784999999999999976e-02,5.418100000000000138e-01,-2.454999999999999891e-02,2.107799999999999951e-01,2.114900000000000113e-01,1.566899999999999959e-01,1.102700000000000069e-01,7.270000000000000073e-02
cl*c/cref,2.091468942052099877e-01,2.127990545454545579e-01,2.548525927698032656e-01,2.890295971291865773e-01,3.182789436469962707e-01,3.446343710792131865e-01,3.693759118022328369e-01,3.931313439659755993e-01,4.162856680489100958e-01,4.388065308346624782e-01,4.611287591706538791e-01,4.837564667198299695e-01,5.065833629984051178e-01,5.307439809675704723e-01,5.567346071770334914e-01,5.851558639021797736e-01,6.178053996810207726e-01,6.532701158958000853e-01,7.122174329611908883e-01,7.089080306751728289e-01,7.189511919191919898e-01,7.329164483785221007e-01,7.504709991493885290e-01,7.808027279106857232e-01,6.235735777246145251e-01,8.341355636363635417e-01,8.724135855927697136e-01,9.062125763955343194e-01,9.365251130249867551e-01,9.643852272727271302e-01,9.909352291866028173e-01,1.015722902232854885e+00,1.039758542264752617e+00,1.061536939712918626e+00,1.082210772886762484e+00,1.098528703880914392e+00,1.109998802764486925e+00,1.127103129984051044e+00,1.146549246092503749e+00,1.164662584370016019e+00,1.183657130037214289e+00,1.201531975651249251e+00,1.221423808931419330e+00,1.239720626634768674e+00,1.259158818181818074e+00,1.279717690058479684e+00,1.300683690802764580e+00,1.361830788942052228e+00,2.243954176714513693e+00,2.666185326528442534e+00,2.994426556565656927e+00,3.239065911004784581e+00,3.298400945241892757e+00,2.974514658373205833e+00,2.811424261137693392e+00,3.621626234715576764e+00,4.569198764912281163e+00,4.840448945454545182e+00,4.685914354066984977e+00,4.287749022434875101e+00,3.745840871876661815e+00,3.090265696491228287e+00,1.962699989580010795e+00,1.139884079744816647e+00,1.786667688038277912e+00,1.721210399999999696e+00,1.691663583200425203e+00,1.682476343965975341e+00,1.682701558320042423e+00,1.692248202232854659e+00,1.722199644019138720e+00,1.788191938755981036e+00,1.141026771929824601e+00,1.964637133705475769e+00,3.093458922807017952e+00,3.750060861244019161e+00,4.292978071026049669e+00,4.692377684210526034e+00,4.848044593939393465e+00,4.577976470175438628e+00,3.631725500000000384e+00,2.822595363317384809e+00,2.986131574162679936e+00,3.310131454811270135e+00,3.250751833173843419e+00,3.005683675757576001e+00,2.676845638702817887e+00,2.253595965550239555e+00,1.368166473152578666e+00,1.307100529505582198e+00,1.286338906432748619e+00,1.265979672727272520e+00,1.246859824189261001e+00,1.228904950770866478e+00,1.209206076661350382e+00,1.191499297395002710e+00,1.172658319776714642e+00,1.154684420095693831e+00,1.135295826156299759e+00,1.118342560021265086e+00,1.107114309409888309e+00,1.090965744922913316e+00,1.070353427963849136e+00,1.048587291334396543e+00,1.024616779744816686e+00,9.998637972886763592e-01,9.736236121212120675e-01,9.457456723019670441e-01,9.151854992025519886e-01,8.813850885167463511e-01,8.430778181818181505e-01,6.306732973950025523e-01,7.883973894736842070e-01,7.586506585858585616e-01,7.408388137692716313e-01,7.272105151515152466e-01,7.184772263157894745e-01,7.210040808612440122e-01,6.618883442317915478e-01,6.263853367357787860e-01,5.936222992025518286e-01,5.650799622009569090e-01,5.389931353535353242e-01,5.147125018607123792e-01,4.917584415204678816e-01,4.689654035087719719e-01,4.463869339181286700e-01,4.235753998405103471e-01,4.000822744284954768e-01,3.760088159489632931e-01,3.508957573631047433e-01,3.241319641148325270e-01,2.943741272727272706e-01,2.595852644869749981e-01,2.167784467836257334e-01,2.135845640616693408e-01,-2.566257892078681602e-01,-2.429916569377990887e-01,-3.126127775651249552e-01,-4.087035946305157541e-01,-5.561157172780435420e-01,-8.406734766613502829e-01,-1.018070360978202915e+00,-1.152237957894736819e+00,-1.246413868899521438e+00,-1.291325229186602863e+00,-1.277078582615629898e+00,-1.166638353588516752e+00,-9.599144046783626427e-01,-1.209090042530568843e+00,-7.673625952153110275e-01,-2.668563136629452659e-01,-1.912156163742690373e-01,-2.659383791600212210e-01,-3.339362160552897252e-01,-3.598527916002126625e-01,-3.723984828814460579e-01,-3.661629760765550690e-01,-2.904149751196172802e-01,-3.166070889952153355e-01,-3.536390296650718246e-01,-3.688401212121211747e-01,-3.686553705475810738e-01,-3.570704685273790591e-01,-2.396131501860712665e-01,-2.265606465709729123e-01,-2.946022126528442531e-01,-3.856815517809675797e-01,-5.304883207868155148e-01,-8.061840859117490599e-01,-9.821019122807016499e-01,-1.117833637426900451e+00,-1.217171908133971137e+00,-1.271428914832535950e+00,-1.267385945454545304e+00,-1.133942240669856494e+00,-9.283064610313662701e-01,-1.174114269005847921e+00,-7.144918770866560687e-01,-2.205296975013290861e-01,-1.321839391812865694e-01,-1.946716136097819960e-01,-2.502074565124933203e-01,-2.665796156299840569e-01,-2.771276861244018619e-01,-2.730128382775119933e-01,-2.126966322169059342e-01,-2.399571853269537314e-01,-2.718017626794258512e-01,-2.710464080808080434e-01,-2.349766860712386718e-01,5.247262094630516030e-04,3.801993620414672773e-05,2.807761828814460945e-05,2.899813928761297416e-05,2.393492822966507245e-05,2.467134502923976557e-05,2.540797448165869576e-05,2.614439128123339227e-05,2.688080808080808539e-05,2.071291866028708388e-05,2.126523125996810203e-05,2.181770334928229374e-05,7.456671982987772888e-06,7.640776182881446168e-06,7.824880382775119449e-06,0.000000000000000000e+00,-0.000000000000000000e+00,-8.377246145667199403e-06,-8.561350345560872683e-06,-3.498181818181818385e-05,-4.464779372674109961e-05,-4.556858054226475472e-05,-5.578692185007974195e-05,-1.137830940988835700e-04,-2.126526315789473674e-04,-3.644549175970228914e-04,-1.996823763955342997e-03,8.468899521531099124e-04,2.438596491228069846e-03,4.344670388091441057e-03,8.421387559808611589e-02,-4.316321105794790162e-03,3.132881446039340739e-02,3.075661881977671472e-02,2.243887559808612625e-02,1.564306220095693784e-02,1.030909090909090838e-02,8.899521531100477046e-04,2.488038277511961469e-03,4.404771398192450400e-03,8.425275119617224584e-02,-3.752325890483784732e-03,3.165622009569377809e-02,3.120067783094098920e-02,2.269964114832535851e-02,1.582822966507177118e-02,1.043540669856459283e-02
cli,3.012000000000000233e-01,3.027199999999999891e-01,3.581500000000000239e-01,4.013200000000000101e-01,4.367199999999999971e-01,4.673700000000000077e-01,4.951499999999999790e-01,5.209899999999999531e-01,5.454499999999999904e-01,5.685400000000000453e-01,5.908799999999999608e-01,6.131100000000000438e-01,6.351200000000000179e-01,6.583099999999999508e-01,6.832599999999999785e-01,7.106299999999999839e-01,7.425199999999999578e-01,7.771099999999999675e-01,8.423399999999999777e-01,8.372899999999999787e-01,8.479999999999999760e-01,8.633100000000000218e-01,8.827899999999999636e-01,9.172400000000000553e-01,7.321900000000000075e-01,9.729900000000000215e-01,1.006550000000000056e+00,1.034270000000000023e+00,1.057450000000000001e+00,1.077409999999999979e+00,1.095509999999999984e+00,1.111289999999999889e+00,1.125950000000000006e+00,1.137890000000000068e+00,1.148409999999999931e+00,1.154150000000000009e+00,1.154719999999999969e+00,1.161089999999999955e+00,1.169729999999999936e+00,1.176860000000000017e+00,1.184730000000000061e+00,1.191340000000000066e+00,1.199820000000000109e+00,1.206579999999999986e+00,1.214320000000000066e+00,1.223000000000000087e+00,1.231910000000000061e+00,1.278469999999999995e+00,2.087860000000000049e+00,2.459130000000000038e+00,2.738049999999999873e+00,2.936440000000000161e+00,2.965110000000000134e+00,2.652239999999999931e+00,2.486450000000000049e+00,3.175600000000000200e+00,3.972210000000000019e+00,4.173199999999999577e+00,4.007159999999999833e+00,3.637220000000000120e+00,3.155250000000000110e+00,2.587369999999999948e+00,1.633620000000000072e+00,9.391800000000000148e-01,1.454250000000000043e+00,1.392679999999999918e+00,1.360740000000000061e+00,1.345429999999999904e+00,1.345609999999999973e+00,1.361210000000000031e+00,1.393489999999999895e+00,1.455489999999999950e+00,9.401199999999999557e-01,1.635229999999999961e+00,2.590050000000000185e+00,3.158799999999999830e+00,3.641659999999999897e+00,4.012679999999999580e+00,4.179750000000000298e+00,3.979839999999999822e+00,3.184450000000000003e+00,2.496329999999999938e+00,2.662580000000000169e+00,2.975649999999999906e+00,2.947029999999999816e+00,2.748330000000000162e+00,2.468960000000000043e+00,2.096839999999999815e+00,1.284410000000000052e+00,1.237980000000000080e+00,1.229330000000000034e+00,1.220900000000000096e+00,1.213540000000000063e+00,1.207170000000000076e+00,1.198960000000000026e+00,1.192579999999999973e+00,1.184940000000000104e+00,1.178020000000000067e+00,1.169529999999999959e+00,1.163410000000000055e+00,1.163170000000000037e+00,1.157699999999999951e+00,1.147329999999999961e+00,1.135520000000000085e+00,1.121019999999999905e+00,1.105380000000000029e+00,1.087739999999999929e+00,1.067870000000000097e+00,1.044510000000000050e+00,1.016899999999999915e+00,9.834199999999999608e-01,7.405300000000000216e-01,9.261500000000000288e-01,8.924100000000000366e-01,8.726300000000000168e-01,8.577399999999999469e-01,8.485899999999999554e-01,8.527299999999999880e-01,7.873599999999999488e-01,7.528299999999999992e-01,7.209200000000000053e-01,6.935000000000000053e-01,6.685499999999999776e-01,6.453200000000000047e-01,6.232499999999999707e-01,6.009200000000000097e-01,5.783599999999999852e-01,5.550000000000000488e-01,5.301900000000000501e-01,5.040299999999999780e-01,4.758600000000000052e-01,4.447499999999999787e-01,4.087500000000000022e-01,3.648000000000000131e-01,3.083699999999999775e-01,3.075899999999999745e-01,-4.627899999999999792e-01,-4.281300000000000106e-01,-5.384200000000000097e-01,-6.884500000000000064e-01,-9.166100000000000358e-01,-1.356459999999999999e+00,-1.608829999999999982e+00,-1.784070000000000045e+00,-1.891659999999999897e+00,-1.921769999999999978e+00,-1.864370000000000083e+00,-1.671310000000000073e+00,-1.349920000000000009e+00,-1.669699999999999962e+00,-1.040939999999999976e+00,-3.557000000000000162e-01,-2.505200000000000204e-01,-3.425599999999999756e-01,-4.230400000000000271e-01,-4.484600000000000253e-01,-4.566700000000000204e-01,-4.419500000000000095e-01,-3.450900000000000079e-01,-3.704700000000000215e-01,-4.075799999999999979e-01,-4.188000000000000056e-01,-4.124800000000000133e-01,-3.937700000000000089e-01,-4.321099999999999941e-01,-3.991799999999999793e-01,-5.073999999999999622e-01,-6.496699999999999697e-01,-8.743699999999999806e-01,-1.300810000000000022e+00,-1.551989999999999981e+00,-1.730799999999999894e+00,-1.847280000000000033e+00,-1.892160000000000064e+00,-1.850219999999999976e+00,-1.624470000000000081e+00,-1.305469999999999908e+00,-1.621399999999999952e+00,-9.692199999999999704e-01,-2.939499999999999891e-01,-1.731800000000000006e-01,-2.507599999999999829e-01,-3.169699999999999740e-01,-3.322200000000000153e-01,-3.398399999999999754e-01,-3.295199999999999796e-01,-2.527400000000000202e-01,-2.807799999999999740e-01,-3.132599999999999829e-01,-3.077599999999999780e-01,-2.629099999999999770e-01,1.000000000000000021e-03,6.999999999999999387e-05,5.000000000000000240e-05,5.000000000000000240e-05,4.000000000000000327e-05,4.000000000000000327e-05,4.000000000000000327e-05,4.000000000000000327e-05,4.000000000000000327e-05,3.000000000000000076e-05,3.000000000000000076e-05,3.000000000000000076e-05,1.000000000000000082e-05,1.000000000000000082e-05,1.000000000000000082e-05,0.000000000000000000e+00,-0.000000000000000000e+00,-1.000000000000000082e-05,-1.000000000000000082e-05,-4.000000000000000327e-05,-5.000000000000000240e-05,-5.000000000000000240e-05,-6.000000000000000152e-05,-1.200000000000000030e-04,-2.200000000000000078e-04,-3.699999999999999947e-04,-1.990000000000000015e-03,5.309999999999999616e-03,1.528999999999999977e-02,2.747000000000000136e-02,5.415600000000000414e-01,-2.824000000000000121e-02,2.086000000000000076e-01,2.084799999999999986e-01,1.548899999999999999e-01,1.089799999999999935e-01,7.181999999999999496e-02,5.579999999999999891e-03,1.559999999999999928e-02,2.784999999999999976e-02,5.418100000000000138e-01,-2.454999999999999891e-02,2.107799999999999951e-01,2.114900000000000113e-01,1.566899999999999959e-01,1.102700000000000069e-01,7.270000000000000073e-02
cli*c/cref,2.091746730462520354e-01,2.128342081871344993e-01,2.548881767676767773e-01,2.890656114832535484e-01,3.183226772993089093e-01,3.446859961722488208e-01,3.694356004784688507e-01,3.931992683678893763e-01,4.163543670919723216e-01,4.388760049973419175e-01,4.612068133971291561e-01,4.838353816586922762e-01,5.066711162147794489e-01,5.308407452418926198e-01,5.568405540669856268e-01,5.852629297182350143e-01,6.179219070707070438e-01,6.533962363104731663e-01,7.123527422647527585e-01,7.090435237107920452e-01,7.190868686868687742e-01,7.330608001594896006e-01,7.506155461456671674e-01,7.809559834130781475e-01,6.240508698032960488e-01,8.350023272727272738e-01,8.733332947900053211e-01,9.071774068048911177e-01,9.375269622541202441e-01,9.654246575757574611e-01,9.920218703349282796e-01,1.016839211961722444e+00,1.040914137692716457e+00,1.062732395746943226e+00,1.083437223710792097e+00,1.099786528442317834e+00,1.111269132589048247e+00,1.128405409090909028e+00,1.147883846411483111e+00,1.166029884848484910e+00,1.185057517065390753e+00,1.202955723338649641e+00,1.222891498883572625e+00,1.241212245720361373e+00,1.260684945454545458e+00,1.281289181286549894e+00,1.302301114726209574e+00,1.363633365762892069e+00,2.246730495374800629e+00,2.669561453907496329e+00,2.998303035353535151e+00,3.243384621371610876e+00,3.303157761562998562e+00,2.979772604784689083e+00,2.817077790536948623e+00,3.627966836788942384e+00,4.575707168421052629e+00,4.846813494949493872e+00,4.691956162679424835e+00,4.293273164061669256e+00,3.750738437001595038e+00,3.094403735087719820e+00,1.965563593939394060e+00,1.141695368421052681e+00,1.787614198564593471e+00,1.722125450717703066e+00,1.692584047208931297e+00,1.683389713290802447e+00,1.683614927644869530e+00,1.693168666241360754e+00,1.723127060287080958e+00,1.789138449282296817e+00,1.142838060606060635e+00,1.967500738064859034e+00,3.097608921052632081e+00,3.754958426368952384e+00,4.298514016374268998e+00,4.698419492822965005e+00,4.854420757575756973e+00,4.584496392982456037e+00,3.638077526581605881e+00,2.828271552153110324e+00,2.991389520574163186e+00,3.314899411217437475e+00,3.255081588835725626e+00,3.009560154545454669e+00,2.680232621796916792e+00,2.256393806060605911e+00,1.369969049973418507e+00,1.308717953429027414e+00,1.287920874269006033e+00,1.267516181818181709e+00,1.248372017331206729e+00,1.230382833014354027e+00,1.210650019351408924e+00,1.192909687187666101e+00,1.174035528229665282e+00,1.156019020414672971e+00,1.136607823763955194e+00,1.119632137267410954e+00,1.108381662945241874e+00,1.092201629984050903e+00,1.071548883997873514e+00,1.049761376289207737e+00,1.025742239553429025e+00,1.000959493779904452e+00,9.746809636363634732e-01,9.467652533758640354e-01,9.161591007974483336e-01,8.823134742158424970e-01,8.439531636363635236e-01,6.311591125465177976e-01,7.885421307814992620e-01,7.587952055821371999e-01,7.409746742690058730e-01,7.273461919191919201e-01,7.186127193514088018e-01,7.211393901648058824e-01,6.620144646464646287e-01,6.265018441254651682e-01,5.937376008506114466e-01,5.651859090909090444e-01,5.390979633173843544e-01,5.148082326422116495e-01,4.918373564593301883e-01,4.690434577352472489e-01,4.464564080808081092e-01,4.236440988835726285e-01,4.001426516746411921e-01,3.760610435406698260e-01,3.509473824561403221e-01,3.241756977671451101e-01,2.944173444976076470e-01,2.596208484848485099e-01,2.168065696969696809e-01,2.136123429027113330e-01,-2.566257892078681602e-01,-2.429916569377990887e-01,-3.126127775651249552e-01,-4.087035946305157541e-01,-5.561157172780435420e-01,-8.406734766613502829e-01,-1.018070360978202915e+00,-1.152237957894736819e+00,-1.246413868899521438e+00,-1.291325229186602863e+00,-1.277078582615629898e+00,-1.166638353588516752e+00,-9.599144046783626427e-01,-1.209090042530568843e+00,-7.673625952153110275e-01,-2.668563136629452659e-01,-1.912156163742690373e-01,-2.659383791600212210e-01,-3.339362160552897252e-01,-3.598527916002126625e-01,-3.723984828814460579e-01,-3.661629760765550690e-01,-2.904149751196172802e-01,-3.166070889952153355e-01,-3.536390296650718246e-01,-3.688401212121211747e-01,-3.686553705475810738e-01,-3.570704685273790591e-01,-2.396131501860712665e-01,-2.265606465709729123e-01,-2.946022126528442531e-01,-3.856815517809675797e-01,-5.304883207868155148e-01,-8.061840859117490599e-01,-9.821019122807016499e-01,-1.117833637426900451e+00,-1.217171908133971137e+00,-1.271428914832535950e+00,-1.267385945454545304e+00,-1.133942240669856494e+00,-9.283064610313662701e-01,-1.174114269005847921e+00,-7.144918770866560687e-01,-2.205296975013290861e-01,-1.321839391812865694e-01,-1.946716136097819960e-01,-2.502074565124933203e-01,-2.665796156299840569e-01,-2.771276861244018619e-01,-2.730128382775119933e-01,-2.126966322169059342e-01,-2.399571853269537314e-01,-2.718017626794258512e-01,-2.710464080808080434e-01,-2.349766860712386718e-01,5.247262094630516030e-04,3.801993620414672773e-05,2.807761828814460945e-05,2.899813928761297416e-05,2.393492822966507245e-05,2.467134502923976557e-05,2.540797448165869576e-05,2.614439128123339227e-05,2.688080808080808539e-05,2.071291866028708388e-05,2.126523125996810203e-05,2.181770334928229374e-05,7.456671982987772888e-06,7.640776182881446168e-06,7.824880382775119449e-06,0.000000000000000000e+00,-0.000000000000000000e+00,-8.377246145667199403e-06,-8.561350345560872683e-06,-3.498181818181818385e-05,-4.464779372674109961e-05,-4.556858054226475472e-05,-5.578692185007974195e-05,-1.137830940988835700e-04,-2.126526315789473674e-04,-3.644549175970228914e-04,-1.996823763955342997e-03,8.468899521531099124e-04,2.438596491228069846e-03,4.344670388091441057e-03,8.421387559808611589e-02,-4.316321105794790162e-03,3.132881446039340739e-02,3.075661881977671472e-02,2.243887559808612625e-02,1.564306220095693784e-02,1.030909090909090838e-02,8.899521531100477046e-04,2.488038277511961469e-03,4.404771398192450400e-03,8.425275119617224584e-02,-3.752325890483784732e-03,3.165622009569377809e-02,3.120067783094098920e-02,2.269964114832535851e-02,1.582822966507177118e-02,1.043540669856459283e-02
clo,-4.000000000000000327e-05,-4.000000000000000327e-05,-5.000000000000000240e-05,-6.000000000000000152e-05,-6.000000000000000152e-05,-6.999999999999999387e-05,-6.999999999999999387e-05,-8.000000000000000654e-05,-9.000000000000000567e-05,-9.000000000000000567e-05,-1.000000000000000048e-04,-1.100000000000000039e-04,-1.100000000000000039e-04,-1.200000000000000030e-04,-1.299999999999999886e-04,-1.299999999999999886e-04,-1.399999999999999877e-04,-1.499999999999999869e-04,-1.600000000000000131e-04,-1.600000000000000131e-04,-1.600000000000000131e-04,-1.600000000000000131e-04,-1.700000000000000122e-04,-1.700000000000000122e-04,-5.599999999999999509e-04,-1.010000000000000047e-03,-1.059999999999999961e-03,-1.100000000000000066e-03,-1.129999999999999928e-03,-1.170000000000000033e-03,-1.199999999999999895e-03,-1.219999999999999947e-03,-1.250000000000000026e-03,-1.280000000000000105e-03,-1.299999999999999940e-03,-1.319999999999999993e-03,-1.330000000000000019e-03,-1.340000000000000045e-03,-1.360000000000000098e-03,-1.379999999999999933e-03,-1.399999999999999986e-03,-1.410000000000000012e-03,-1.430000000000000064e-03,-1.449999999999999900e-03,-1.479999999999999979e-03,-1.500000000000000031e-03,-1.529999999999999893e-03,-1.680000000000000070e-03,-2.579999999999999828e-03,-3.109999999999999917e-03,-3.530000000000000152e-03,-3.910000000000000281e-03,-4.279999999999999950e-03,-4.680000000000000132e-03,-4.989999999999999644e-03,-5.550000000000000246e-03,-5.649999999999999641e-03,-5.479999999999999628e-03,-5.159999999999999656e-03,-4.680000000000000132e-03,-4.120000000000000398e-03,-3.459999999999999968e-03,-2.380000000000000171e-03,-1.490000000000000005e-03,-7.699999999999999597e-04,-7.500000000000000156e-04,-7.299999999999999632e-04,-7.299999999999999632e-04,-7.299999999999999632e-04,-7.299999999999999632e-04,-7.500000000000000156e-04,-7.699999999999999597e-04,-1.490000000000000005e-03,-2.380000000000000171e-03,-3.469999999999999994e-03,-4.120000000000000398e-03,-4.689999999999999725e-03,-5.159999999999999656e-03,-5.490000000000000088e-03,-5.660000000000000100e-03,-5.550000000000000246e-03,-5.000000000000000104e-03,-4.680000000000000132e-03,-4.279999999999999950e-03,-3.919999999999999873e-03,-3.540000000000000178e-03,-3.119999999999999944e-03,-2.589999999999999854e-03,-1.690000000000000096e-03,-1.529999999999999893e-03,-1.510000000000000057e-03,-1.479999999999999979e-03,-1.459999999999999926e-03,-1.440000000000000091e-03,-1.420000000000000038e-03,-1.410000000000000012e-03,-1.389999999999999960e-03,-1.369999999999999907e-03,-1.350000000000000071e-03,-1.340000000000000045e-03,-1.330000000000000019e-03,-1.309999999999999967e-03,-1.289999999999999914e-03,-1.260000000000000052e-03,-1.229999999999999974e-03,-1.209999999999999921e-03,-1.180000000000000059e-03,-1.139999999999999954e-03,-1.110000000000000092e-03,-1.069999999999999988e-03,-1.020000000000000073e-03,-5.699999999999999772e-04,-1.700000000000000122e-04,-1.700000000000000122e-04,-1.700000000000000122e-04,-1.600000000000000131e-04,-1.600000000000000131e-04,-1.600000000000000131e-04,-1.499999999999999869e-04,-1.399999999999999877e-04,-1.399999999999999877e-04,-1.299999999999999886e-04,-1.200000000000000030e-04,-1.100000000000000039e-04,-1.100000000000000039e-04,-1.000000000000000048e-04,-9.000000000000000567e-05,-9.000000000000000567e-05,-8.000000000000000654e-05,-8.000000000000000654e-05,-6.999999999999999387e-05,-6.000000000000000152e-05,-6.000000000000000152e-05,-5.000000000000000240e-05,-4.000000000000000327e-05,-4.000000000000000327e-05,0.000000000000000000e+00,0.000000000000000000e+00,0.000000000000000000e+00,0.000000000000000000e+00,0.000000000000000000e+00,0.000000000000000000e+00,0.000000000000000000e+00,0.000000000000000000e+00,0.000000000000000000e+00,0.000000000000000000e+00,0.000000000000000000e+00,0.000000000000000000e+00,0.000000000000000000e+00,0.000000000000000000e+00,0.000000000000000000e+00,0.000000000000000000e+00,0.000000000000000000e+00,0.000000000000000000e+00,0.000000000000000000e+00,0.000000000000000000e+00,0.000000000000000000e+00,0.000000000000000000e+00,0.000000000000000000e+00,0.000000000000000000e+00,0.000000000000000000e+00,0.000000000000000000e+00,0.000000000000000000e+00,0.000000000000000000e+00,0.000000000000000000e+00,0.000000000000000000e+00,0.000000000000000000e+00,0.000000000000000000e+00,0.000000000000000000e+00,0.000000000000000000e+00,0.000000000000000000e+00,0.000000000000000000e+00,0.000000000000000000e+00,0.000000000000000000e+00,0.000000000000000000e+00,0.000000000000000000e+00,0.000000000000000000e+00,0.000000000000000000e+00,0.000000000000000000e+00,0.000000000000000000e+00,0.000000000000000000e+00,0.000000000000000000e+00,0.000000000000000000e+00,0.000000000000000000e+00,0.000000000000000000e+00,0.000000000000000000e+00,0.000000000000000000e+00,0.000000000000000000e+00,0.000000000000000000e+00,0.000000000000000000e+00,0.000000000000000000e+00,-0.000000000000000000e+00,-0.000000000000000000e+00,-0.000000000000000000e+00,0.000000000000000000e+00,0.000000000000000000e+00,0.000000000000000000e+00,0.000000000000000000e+00,0.000000000000000000e+00,0.000000000000000000e+00,0.000000000000000000e+00,0.000000000000000000e+00,0.000000000000000000e+00,0.000000000000000000e+00,0.000000000000000000e+00,0.000000000000000000e+00,0.000000000000000000e+00,0.000000000000000000e+00,0.000000000000000000e+00,0.000000000000000000e+00,0.000000000000000000e+00,0.000000000000000000e+00,0.000000000000000000e+00,0.000000000000000000e+00,0.000000000000000000e+00,0.000000000000000000e+00,0.000000000000000000e+00,0.000000000000000000e+00,0.000000000000000000e+00,0.000000000000000000e+00,0.000000000000000000e+00,0.000000000000000000e+00,0.000000000000000000e+00,0.000000000000000000e+00,0.000000000000000000e+00,0.000000000000000000e+00,0.000000000000000000e+00,0.000000000000000000e+00,0.000000000000000000e+00,0.000000000000000000e+00,0.000000000000000000e+00,0.000000000000000000e+00,0.000000000000000000e+00,0.000000000000000000e+00,0.000000000000000000e+00,0.000000000000000000e+00,0.000000000000000000e+00,0.000000000000000000e+00
clo*c/cref,-2.777884104199894070e-05,-2.812291334396597875e-05,-3.558399787347155802e-05,-4.321722488038277145e-05,-4.373365231259968412e-05,-5.162509303561934373e-05,-5.222759170653906501e-05,-6.037724614566720467e-05,-6.869904306220095478e-05,-6.947416267942584447e-05,-7.805422647527911781e-05,-8.680643274853802193e-05,-8.775321637426901833e-05,-9.676427432216906286e-05,-1.059468899521531007e-04,-1.070658160552897414e-04,-1.165073896863370466e-04,-1.261204146730462452e-04,-1.353093035619351526e-04,-1.354930356193514204e-04,-1.356767676767676881e-04,-1.358604997341839558e-04,-1.445469962785752443e-04,-1.447413078149920442e-04,-4.772920786815523049e-04,-8.667636363636363689e-04,-9.197091972355129694e-04,-9.648304093567252378e-04,-1.001849229133439621e-03,-1.048390909090909061e-03,-1.086641148325358892e-03,-1.116309728867623599e-03,-1.155595427963848967e-03,-1.195456034024455251e-03,-1.226450824029771307e-03,-1.257824561403508802e-03,-1.279953535353535281e-03,-1.302279106858054243e-03,-1.334600318979266417e-03,-1.367300478468899379e-03,-1.400387028176501829e-03,-1.423747687400318904e-03,-1.457497660818713424e-03,-1.491619085592769652e-03,-1.536509090909090724e-03,-1.571491228070175539e-03,-1.617423923444976080e-03,-1.791910685805422941e-03,-2.776318660287081363e-03,-3.376127379053694717e-03,-3.865528282828282949e-03,-4.318710366826156166e-03,-4.767956406166931962e-03,-5.257946411483254041e-03,-5.653529399255715314e-03,-6.340602073365232162e-03,-6.508403508771930246e-03,-6.364549494949493444e-03,-6.041808612440189782e-03,-5.524141626794258630e-03,-4.897565124933546572e-03,-4.138038596491228939e-03,-2.863604359383307030e-03,-1.811288676236044682e-03,-9.465105263157894697e-04,-9.274162679425836196e-04,-9.080253056884633875e-04,-9.133693248272194056e-04,-9.133693248272194056e-04,-9.080253056884633875e-04,-9.274162679425836196e-04,-9.465105263157894697e-04,-1.811288676236044682e-03,-2.863604359383307030e-03,-4.149998245614035415e-03,-4.897565124933546572e-03,-5.535945348219032183e-03,-6.041808612440189782e-03,-6.376163636363635194e-03,-6.519922807017543981e-03,-6.340602073365232162e-03,-5.664859117490697246e-03,-5.257946411483254041e-03,-4.767956406166931962e-03,-4.329755661881977413e-03,-3.876478787878788294e-03,-3.386983094098883727e-03,-2.787079585326953605e-03,-1.802576820839979065e-03,-1.617423923444976080e-03,-1.581967836257310240e-03,-1.536509090909090724e-03,-1.501906113769271465e-03,-1.467689952153110149e-03,-1.433845188729399294e-03,-1.410389792663476914e-03,-1.377208452950558128e-03,-1.344413556618819644e-03,-1.311997607655502381e-03,-1.289577246145667084e-03,-1.267353535353535300e-03,-1.235885061137692717e-03,-1.204795534290271138e-03,-1.164840191387559766e-03,-1.125459808612440122e-03,-1.095696491228070110e-03,-1.057351515151515190e-03,-1.010715151515151474e-03,-9.736015948963318940e-04,-9.283856990962253497e-04,-8.753454545454545819e-04,-4.858151515151514551e-04,-1.447413078149920442e-04,-1.445469962785752443e-04,-1.443517809675704531e-04,-1.356767676767676881e-04,-1.354930356193514204e-04,-1.353093035619351526e-04,-1.261204146730462452e-04,-1.165073896863370466e-04,-1.153016480595427963e-04,-1.059468899521531007e-04,-9.676427432216906286e-05,-8.775321637426901833e-05,-8.680643274853802193e-05,-7.805422647527911781e-05,-6.947416267942584447e-05,-6.869904306220095478e-05,-6.037724614566720467e-05,-5.968867623604466122e-05,-5.162509303561934373e-05,-4.373365231259968412e-05,-4.321722488038277145e-05,-3.558399787347155802e-05,-2.812291334396597875e-05,-2.777884104199894070e-05,0.000000000000000000e+00,0.000000000000000000e+00,0.000000000000000000e+00,0.000000000000000000e+00,0.000000000000000000e+00,0.000000000000000000e+00,0.000000000000000000e+00,0.000000000000000000e+00,0.000000000000000000e+00,0.000000000000000000e+00,0.000000000000000000e+00,0.000000000000000000e+00,0.000000000000000000e+00,0.000000000000000000e+00,0.000000000000000000e+00,0.000000000000000000e+00,0.000000000000000000e+00,0.000000000000000000e+00,0.000000000000000000e+00,0.000000000000000000e+00,0.000000000000000000e+00,0.000000000000000000e+00,0.000000000000000000e+00,0.000000000000000000e+00,0.000000000000000000e+00,0.000000000000000000e+00,0.000000000000000000e+00,0.000000000000000000e+00,0.000000000000000000e+00,0.000000000000000000e+00,0.000000000000000000e+00,0.000000000000000000e+00,0.000000000000000000e+00,0.000000000000000000e+00,0.000000000000000000e+00,0.000000000000000000e+00,0.000000000000000000e+00,0.000000000000000000e+00,0.000000000000000000e+00,0.000000000000000000e+00,0.000000000000000000e+00,0.000000000000000000e+00,0.000000000000000000e+00,0.000000000000000000e+00,0.000000000000000000e+00,0.000000000000000000e+00,0.000000000000000000e+00,0.000000000000000000e+00,0.000000000000000000e+00,0.000000000000000000e+00,0.000000000000000000e+00,0.000000000000000000e+00,0.000000000000000000e+00,0.000000000000000000e+00,0.000000000000000000e+00,-0.000000000000000000e+00,-0.000000000000000000e+00,-0.000000000000000000e+00,0.000000000000000000e+00,0.000000000000000000e+00,0.000000000000000000e+00,0.000000000000000000e+00,0.000000000000000000e+00,0.000000000000000000e+00,0.000000000000000000e+00,0.000000000000000000e+00,0.000000000000000000e+00,0.000000000000000000e+00,0.000000000000000000e+00,0.000000000000000000e+00,0.000000000000000000e+00,0.000000000000000000e+00,0.000000000000000000e+00,0.000000000000000000e+00,0.000000000000000000e+00,0.000000000000000000e+00,0.000000000000000000e+00,0.000000000000000000e+00,0.000000000000000000e+00,0.000000000000000000e+00,0.000000000000000000e+00,0.000000000000000000e+00,0.000000000000000000e+00,0.000000000000000000e+00,0.000000000000000000e+00,0.000000000000000000e+00,0.000000000000000000e+00,0.000000000000000000e+00,0.000000000000000000e+00,0.000000000000000000e+00,0.000000000000000000e+00,0.000000000000000000e+00,0.000000000000000000e+00,0.000000000000000000e+00,0.000000000000000000e+00,0.000000000000000000e+00,0.000000000000000000e+00,0.000000000000000000e+00,0.000000000000000000e+00,0.000000000000000000e+00,0.000000000000000000e+00,0.000000000000000000e+00
cmx,1.779050000000000020e+00,1.833569999999999922e+00,2.114780000000000104e+00,2.305950000000000166e+00,2.441019999999999968e+00,2.540449999999999875e+00,2.616600000000000037e+00,2.675520000000000120e+00,2.722150000000000070e+00,2.757410000000000139e+00,2.783859999999999779e+00,2.805530000000000079e+00,2.822239999999999860e+00,2.840489999999999959e+00,2.861409999999999787e+00,2.888500000000000068e+00,2.929419999999999913e+00,2.966860000000000053e+00,3.129760000000000097e+00,3.136559999999999793e+00,3.165859999999999896e+00,3.208229999999999915e+00,3.276699999999999946e+00,3.542209999999999859e+00,2.706080000000000041e+00,3.413530000000000175e+00,3.409559999999999924e+00,3.377930000000000099e+00,3.328599999999999781e+00,3.266669999999999963e+00,3.197070000000000078e+00,3.119559999999999889e+00,3.038450000000000095e+00,2.949809999999999821e+00,2.857270000000000199e+00,2.753499999999999837e+00,2.639330000000000176e+00,2.540410000000000057e+00,2.446820000000000217e+00,2.350350000000000161e+00,2.256069999999999798e+00,2.159469999999999779e+00,2.067559999999999842e+00,1.973670000000000035e+00,1.881979999999999986e+00,1.792499999999999982e+00,1.704309999999999992e+00,1.637029999999999985e+00,2.523239999999999927e+00,2.810540000000000038e+00,2.924479999999999968e+00,2.930790000000000006e+00,2.784670000000000201e+00,2.388930000000000220e+00,1.981530000000000014e+00,2.143060000000000187e+00,2.450709999999999944e+00,2.323640000000000150e+00,1.968110000000000026e+00,1.540750000000000064e+00,1.155550000000000077e+00,8.639900000000000357e-01,4.795400000000000218e-01,1.502100000000000102e-01,2.239599999999999924e-01,1.657899999999999929e-01,1.034199999999999980e-01,4.449000000000000177e-02,-4.438000000000000278e-02,-1.033599999999999935e-01,-1.657899999999999929e-01,-2.240199999999999969e-01,-1.502799999999999969e-01,-4.801099999999999812e-01,-8.650299999999999656e-01,-1.156840000000000090e+00,-1.542589999999999906e+00,-1.970849999999999991e+00,-2.327350000000000030e+00,-2.455610000000000070e+00,-2.149369999999999781e+00,-1.989069999999999894e+00,-2.397450000000000081e+00,-2.794179999999999886e+00,-2.941190000000000193e+00,-2.935379999999999878e+00,-2.821680000000000188e+00,-2.533959999999999990e+00,-1.644519999999999982e+00,-1.712620000000000031e+00,-1.801709999999999923e+00,-1.892149999999999999e+00,-1.985049999999999981e+00,-2.080239999999999867e+00,-2.173270000000000035e+00,-2.271020000000000039e+00,-2.366499999999999826e+00,-2.464150000000000063e+00,-2.558870000000000200e+00,-2.659149999999999903e+00,-2.775009999999999977e+00,-2.880409999999999915e+00,-2.974320000000000075e+00,-3.064299999999999802e+00,-3.146900000000000031e+00,-3.225909999999999833e+00,-3.298049999999999926e+00,-3.361450000000000049e+00,-3.411449999999999871e+00,-3.444710000000000161e+00,-3.450289999999999857e+00,-2.736969999999999903e+00,-3.580859999999999932e+00,-3.312559999999999949e+00,-3.242570000000000174e+00,-3.202300000000000146e+00,-3.178620000000000001e+00,-3.169389999999999930e+00,-3.006110000000000060e+00,-2.970029999999999948e+00,-2.930270000000000152e+00,-2.904269999999999907e+00,-2.884609999999999896e+00,-2.867469999999999963e+00,-2.851830000000000087e+00,-2.831039999999999779e+00,-2.804879999999999818e+00,-2.769730000000000025e+00,-2.722739999999999938e+00,-2.663530000000000175e+00,-2.586549999999999905e+00,-2.485829999999999984e+00,-2.348529999999999784e+00,-2.153929999999999900e+00,-1.867569999999999952e+00,-1.812920000000000087e+00,-1.583479999999999999e+00,-1.179249999999999909e+00,-1.378349999999999964e+00,-1.581639999999999935e+00,-2.033910000000000107e+00,-2.922470000000000123e+00,-3.229449999999999932e+00,-3.348920000000000119e+00,-3.309390000000000054e+00,-3.118360000000000021e+00,-2.785690000000000222e+00,-2.294630000000000170e+00,-1.479449999999999932e+00,-1.830500000000000016e+00,-1.286759999999999904e+00,-4.010500000000000176e-01,-2.213299999999999990e-01,-2.726399999999999935e-01,-3.138299999999999979e-01,-2.972299999999999942e-01,-2.592700000000000005e-01,-2.090700000000000058e-01,-1.817499999999999949e-01,-1.673499999999999988e-01,-1.045999999999999985e-01,-7.201000000000000456e-02,-4.100000000000000172e-02,-2.077999999999999986e-02,1.459780000000000078e+00,1.099280000000000035e+00,1.294170000000000043e+00,1.484680000000000000e+00,1.939079999999999915e+00,2.803040000000000198e+00,3.115050000000000097e+00,3.248520000000000074e+00,3.231770000000000032e+00,3.071349999999999802e+00,2.764850000000000030e+00,2.164130000000000109e+00,1.428190000000000071e+00,1.886759999999999993e+00,1.252389999999999892e+00,3.464300000000000157e-01,1.542000000000000037e-01,2.004799999999999915e-01,2.400100000000000011e-01,2.252500000000000058e-01,1.961100000000000065e-01,1.568299999999999972e-01,1.451800000000000035e-01,1.386799999999999977e-01,8.246000000000000552e-02,5.317999999999999811e-02,2.506999999999999854e-02,-7.356000000000000039e-02,-6.310000000000000331e-02,-6.565000000000000002e-02,-6.643999999999999906e-02,-6.637999999999999456e-02,-6.500000000000000222e-02,-6.277000000000000635e-02,-6.051999999999999741e-02,-5.845000000000000195e-02,-5.517999999999999988e-02,-5.160000000000000003e-02,-4.771000000000000241e-02,-4.392000000000000071e-02,-4.019999999999999962e-02,-3.669000000000000039e-02,-3.287999999999999950e-02,-2.929999999999999966e-02,-2.577000000000000124e-02,-2.230000000000000038e-02,-1.842999999999999847e-02,-1.497000000000000067e-02,-1.238999999999999997e-02,-9.310000000000000567e-03,-5.969999999999999613e-03,-2.769999999999999893e-03,7.600000000000000418e-04,5.459999999999999576e-03,1.940000000000000101e-03,3.445999999999999758e-02,9.103999999999999593e-02,2.828910000000000036e+00,-2.563500000000000223e-01,2.058699999999999974e+00,2.566269999999999829e+00,2.301719999999999988e+00,1.785339999999999927e+00,1.184460000000000068e+00,-2.230000000000000211e-03,-3.509999999999999926e-02,-9.220000000000000417e-02,-2.830060000000000020e+00,2.285899999999999876e-01,-2.080060000000000020e+00,-2.603330000000000144e+00,-2.328489999999999949e+00,-1.806510000000000060e+00,-1.198649999999999993e+00
cmx*c/cref,1.235498678894205282e+00,1.289133255502392217e+00,1.505046540457203541e+00,1.660945995215310944e+00,1.779245332801701274e+00,1.873585251461988177e+00,1.952267377990430486e+00,2.019256620095693844e+00,2.077878889686337160e+00,2.128541676820840056e+00,2.172920389154704868e+00,2.213982284263690037e+00,2.251460339819244982e+00,2.290482946411483312e+00,2.331980695215310817e+00,2.378920074428495735e+00,2.437850553535353626e+00,2.494544089845826651e+00,2.646785286975013474e+00,2.656137723763955183e+00,2.684585323232323351e+00,2.724198319138755764e+00,2.786100839447102295e+00,3.015906517384369767e+00,2.306411693354598391e+00,2.929429381818181799e+00,2.958305368421052517e+00,2.962845076980329839e+00,2.951110923976608014e+00,2.927134299999999634e+00,2.895056513397129550e+00,2.854422276874003295e+00,2.808975142477405651e+00,2.754975127910685551e+00,2.695616266135034689e+00,2.623802977139818804e+00,2.540014860499734350e+00,2.468897661084529460e+00,2.401122612121211919e+00,2.328720782296650693e+00,2.256693687612971733e+00,2.180525119510898335e+00,2.107317387134502784e+00,2.030319890111642600e+00,1.953837418181818109e+00,1.877932017543859855e+00,1.801693965337586523e+00,1.746078303561935163e+00,2.715239649760765595e+00,3.051042136310473385e+00,3.202453301010101061e+00,3.237144029665071532e+00,3.102146066719829953e+00,2.683945709569378391e+00,2.245017657416268353e+00,2.448340662945242219e+00,2.823045940350877192e+00,2.698708355555555105e+00,2.304446501594895835e+00,1.818658378522062691e+00,1.373636257309941655e+00,1.033301724561403567e+00,5.769801825624668590e-01,1.825997799043062308e-01,2.752993473684210990e-01,2.050084574162679141e-01,1.286410645401382113e-01,5.566548118022327657e-02,-5.552785018607123146e-02,-1.285664323232323103e-01,-2.050084574162679141e-01,-2.753731014354067197e-01,-1.826848740031898066e-01,-5.776660037745879883e-01,-1.034545528070175413e+00,-1.375169718234981575e+00,-1.820830263264221038e+00,-2.307654748803827260e+00,-2.703017202020201459e+00,-2.828690396491228221e+00,-2.455549527644869556e+00,-2.253560264965444038e+00,-2.693517868421053230e+00,-3.112740287612971724e+00,-3.248631136523126184e+00,-3.214389351515151372e+00,-3.063135402870813540e+00,-2.726775361403508846e+00,-1.754067238702817777e+00,-1.810478797235513193e+00,-1.887580973684210628e+00,-1.964395727272727044e+00,-2.042026528176501543e+00,-2.120241212546517762e+00,-2.194459671345029061e+00,-2.271647820520999339e+00,-2.344722161084529244e+00,-2.418128952950557853e+00,-2.486838013556619043e+00,-2.559089055289739179e+00,-2.644299800106326259e+00,-2.717447090802764365e+00,-2.777866243062200979e+00,-2.832872855927697664e+00,-2.879438594896331693e+00,-2.921172122328548504e+00,-2.955252681818181681e+00,-2.980235479000531651e+00,-2.992246090909091105e+00,-2.988803272461456828e+00,-2.960976145454545350e+00,-2.332739465337586360e+00,-3.048813879425837037e+00,-2.816591752897394940e+00,-2.753357378894205176e+00,-2.715485707070707466e+00,-2.691755455502392369e+00,-2.680299710101009758e+00,-2.527545598351940370e+00,-2.471646018500797570e+00,-2.413321144710260935e+00,-2.366910569856459201e+00,-2.326059944603934060e+00,-2.287542866879319625e+00,-2.250519900956938102e+00,-2.209746373205741410e+00,-2.165185437958532688e+00,-2.114197783785220608e+00,-2.054894289633173887e+00,-1.987282247687400361e+00,-1.907584062732588848e+00,-1.811907082137161229e+00,-1.691615819138755805e+00,-1.532908810792131815e+00,-1.313037731844763467e+00,-1.259020412546517864e+00,-8.780695449229134475e-01,-6.693011735778841009e-01,-8.002856913875598943e-01,-9.389526522062733305e-01,-1.233991903349282326e+00,-1.811216707708665608e+00,-2.043601454013822316e+00,-2.162893127485379985e+00,-2.180555487559808547e+00,-2.095368822328548486e+00,-1.908175435566188183e+00,-1.601739572727272742e+00,-1.052021872408293479e+00,-1.325531127060074477e+00,-9.485767604465710212e-01,-3.008791807549176522e-01,-1.689356233918128669e-01,-2.116576357256778063e-01,-2.477288263157894632e-01,-2.385029774056352803e-01,-2.114256567251461827e-01,-1.732179961722488115e-01,-1.529540749601276117e-01,-1.430188580542264831e-01,-9.075676555023924619e-02,-6.341971616161616587e-02,-3.664388623072833279e-02,-1.884329516214779121e-02,8.094755603402447042e-01,6.239129905369484863e-01,7.514098256778311002e-01,8.813916085061138661e-01,1.176457670175438341e+00,1.737199314407230188e+00,1.971208939393939374e+00,2.098049992982455869e+00,2.129411706698564277e+00,2.063780651515151110e+00,1.893900201754385781e+00,1.510645577511961601e+00,1.015571406911217611e+00,1.366271023923445016e+00,9.232398030834662039e-01,2.599016945241893195e-01,1.176969824561403671e-01,1.556379211057947742e-01,1.894573355130249881e-01,1.807448631047315346e-01,1.599208760765550297e-01,1.299362813397129390e-01,1.221781161084529582e-01,1.185172108452950679e-01,7.154687272727273950e-02,4.683600202020201525e-02,2.240639580010632403e-02,-3.859885996810207692e-02,-3.427225677830941092e-02,-3.686591281233386752e-02,-3.853272748538012077e-02,-3.972001339712918216e-02,-4.009093567251461460e-02,-3.987146395534290483e-02,-3.955646400850611893e-02,-3.927958080808081204e-02,-3.809796172248804125e-02,-3.657619776714513687e-02,-3.469742089314194200e-02,-3.274970334928229559e-02,-3.071592025518341332e-02,-2.870948612440191172e-02,-2.633354130781499075e-02,-2.400590590111642900e-02,-2.158816331738437275e-02,-1.909181127060074340e-02,-1.611787272727272652e-02,-1.336754944178628578e-02,-1.129189425837320501e-02,-8.656270707070706436e-03,-5.660708931419456726e-03,-2.677489952153109740e-03,7.486101010101011387e-04,5.478722488038277431e-03,3.094098883572567529e-04,5.496012759170653197e-03,1.439893673577883997e-02,4.399022727272726696e-01,-3.918161881977671318e-02,3.091880648591174841e-01,3.785964513556618893e-01,3.334496012759171069e-01,2.562688995215310905e-01,1.700181818181818183e-01,-3.556618819776714607e-04,-5.598086124401912764e-03,-1.458240297713981996e-02,-4.400811004784688230e-01,3.493866294524188704e-02,-3.123960393407761993e-01,-3.840638357256778712e-01,-3.373277644869750458e-01,-2.593076555023923757e-01,-1.720550239234449608e-01
cmxi,1.779279999999999973e+00,1.833830000000000071e+00,2.115069999999999784e+00,2.306280000000000108e+00,2.441359999999999975e+00,2.540820000000000078e+00,2.616999999999999993e+00,2.675940000000000207e+00,2.722589999999999844e+00,2.757870000000000044e+00,2.784330000000000194e+00,2.806020000000000181e+00,2.822750000000000092e+00,2.841009999999999813e+00,2.861950000000000216e+00,2.889050000000000118e+00,2.929990000000000094e+00,2.967439999999999856e+00,3.130349999999999966e+00,3.137160000000000171e+00,3.166459999999999830e+00,3.208839999999999915e+00,3.277320000000000011e+00,3.542829999999999924e+00,2.708110000000000017e+00,3.417079999999999895e+00,3.413149999999999906e+00,3.381520000000000081e+00,3.332160000000000011e+00,3.270199999999999996e+00,3.200559999999999850e+00,3.123000000000000220e+00,3.041819999999999968e+00,2.953120000000000189e+00,2.860500000000000043e+00,2.756650000000000045e+00,2.642360000000000042e+00,2.543340000000000156e+00,2.449660000000000171e+00,2.353099999999999969e+00,2.258729999999999905e+00,2.162030000000000118e+00,2.070040000000000102e+00,1.976050000000000084e+00,1.884260000000000046e+00,1.794689999999999896e+00,1.706420000000000048e+00,1.639219999999999899e+00,2.526400000000000201e+00,2.814099999999999824e+00,2.928249999999999797e+00,2.934649999999999981e+00,2.788590000000000124e+00,2.392860000000000209e+00,1.985370000000000079e+00,2.146939999999999849e+00,2.454260000000000108e+00,2.326700000000000212e+00,1.970650000000000013e+00,1.542740000000000000e+00,1.157070000000000043e+00,8.650900000000000256e-01,4.801699999999999857e-01,1.505299999999999971e-01,2.240800000000000014e-01,1.658699999999999897e-01,1.034800000000000025e-01,4.449999999999999789e-02,-4.440000000000000197e-02,-1.034199999999999980e-01,-1.658799999999999997e-01,-2.241499999999999881e-01,-1.506000000000000116e-01,-4.807500000000000107e-01,-8.661299999999999555e-01,-1.158349999999999991e+00,-1.544589999999999907e+00,-1.973389999999999977e+00,-2.330420000000000158e+00,-2.459159999999999791e+00,-2.153239999999999821e+00,-1.992920000000000025e+00,-2.401390000000000136e+00,-2.798099999999999810e+00,-2.945059999999999789e+00,-2.939150000000000151e+00,-2.825250000000000039e+00,-2.537129999999999885e+00,-1.646730000000000027e+00,-1.714749999999999996e+00,-1.803919999999999968e+00,-1.894460000000000033e+00,-1.987440000000000095e+00,-2.082730000000000192e+00,-2.175860000000000127e+00,-2.273699999999999832e+00,-2.369270000000000209e+00,-2.467010000000000147e+00,-2.561819999999999986e+00,-2.662209999999999965e+00,-2.778179999999999872e+00,-2.883669999999999956e+00,-2.977660000000000196e+00,-3.067709999999999937e+00,-3.150370000000000115e+00,-3.229429999999999801e+00,-3.301610000000000156e+00,-3.365050000000000097e+00,-3.415070000000000050e+00,-3.448329999999999895e+00,-3.453879999999999839e+00,-2.739020000000000010e+00,-3.581490000000000062e+00,-3.313180000000000014e+00,-3.243189999999999795e+00,-3.202910000000000146e+00,-3.179219999999999935e+00,-3.169989999999999863e+00,-3.006699999999999928e+00,-2.970600000000000129e+00,-2.930820000000000203e+00,-2.904809999999999892e+00,-2.885130000000000194e+00,-2.867980000000000196e+00,-2.852329999999999810e+00,-2.831510000000000193e+00,-2.805340000000000167e+00,-2.770169999999999799e+00,-2.723160000000000025e+00,-2.663930000000000131e+00,-2.586930000000000174e+00,-2.486180000000000057e+00,-2.348860000000000170e+00,-2.154220000000000024e+00,-1.867830000000000101e+00,-1.813150000000000039e+00,-1.583479999999999999e+00,-1.179249999999999909e+00,-1.378349999999999964e+00,-1.581639999999999935e+00,-2.033910000000000107e+00,-2.922470000000000123e+00,-3.229449999999999932e+00,-3.348920000000000119e+00,-3.309390000000000054e+00,-3.118360000000000021e+00,-2.785690000000000222e+00,-2.294630000000000170e+00,-1.479449999999999932e+00,-1.830500000000000016e+00,-1.286759999999999904e+00,-4.010500000000000176e-01,-2.213299999999999990e-01,-2.726399999999999935e-01,-3.138299999999999979e-01,-2.972299999999999942e-01,-2.592700000000000005e-01,-2.090700000000000058e-01,-1.817499999999999949e-01,-1.673499999999999988e-01,-1.045999999999999985e-01,-7.201000000000000456e-02,-4.100000000000000172e-02,-2.077999999999999986e-02,1.459780000000000078e+00,1.099280000000000035e+00,1.294170000000000043e+00,1.484680000000000000e+00,1.939079999999999915e+00,2.803040000000000198e+00,3.115050000000000097e+00,3.248520000000000074e+00,3.231770000000000032e+00,3.071349999999999802e+00,2.764850000000000030e+00,2.164130000000000109e+00,1.428190000000000071e+00,1.886759999999999993e+00,1.252389999999999892e+00,3.464300000000000157e-01,1.542000000000000037e-01,2.004799999999999915e-01,2.400100000000000011e-01,2.252500000000000058e-01,1.961100000000000065e-01,1.568299999999999972e-01,1.451800000000000035e-01,1.386799999999999977e-01,8.246000000000000552e-02,5.317999999999999811e-02,2.506999999999999854e-02,-7.356000000000000039e-02,-6.310000000000000331e-02,-6.565000000000000002e-02,-6.643999999999999906e-02,-6.637999999999999456e-02,-6.500000000000000222e-02,-6.277000000000000635e-02,-6.051999999999999741e-02,-5.845000000000000195e-02,-5.517999999999999988e-02,-5.160000000000000003e-02,-4.771000000000000241e-02,-4.392000000000000071e-02,-4.019999999999999962e-02,-3.669000000000000039e-02,-3.287999999999999950e-02,-2.929999999999999966e-02,-2.577000000000000124e-02,-2.230000000000000038e-02,-1.842999999999999847e-02,-1.497000000000000067e-02,-1.238999999999999997e-02,-9.310000000000000567e-03,-5.969999999999999613e-03,-2.769999999999999893e-03,7.600000000000000418e-04,5.459999999999999576e-03,1.940000000000000101e-03,3.445999999999999758e-02,9.103999999999999593e-02,2.828910000000000036e+00,-2.563500000000000223e-01,2.058699999999999974e+00,2.566269999999999829e+00,2.301719999999999988e+00,1.785339999999999927e+00,1.184460000000000068e+00,-2.230000000000000211e-03,-3.509999999999999926e-02,-9.220000000000000417e-02,-2.830060000000000020e+00,2.285899999999999876e-01,-2.080060000000000020e+00,-2.603330000000000144e+00,-2.328489999999999949e+00,-1.806510000000000060e+00,-1.198649999999999993e+00
cmxi*c/cref,1.235658407230196820e+00,1.289316054439128223e+00,1.505252927644869620e+00,1.661183689952153042e+00,1.779493156831472689e+00,1.873858126953747982e+00,1.952565821371610610e+00,2.019573600637958766e+00,2.078214751674641203e+00,2.128896766985646227e+00,2.173287244019138864e+00,2.214368967464115379e+00,2.251867195640616881e+00,2.290902258266879432e+00,2.332420782296650952e+00,2.379373045188729829e+00,2.438324905050505365e+00,2.495031755449228950e+00,2.647284240031897884e+00,2.656645822647528021e+00,2.685094111111111292e+00,2.724716287293992512e+00,2.786628010845294767e+00,3.016434397448165772e+00,2.308141877139818998e+00,2.932475927272727212e+00,2.961420232589048407e+00,2.965993932589048754e+00,2.954267192344497861e+00,2.930297393939393924e+00,2.898216828070175222e+00,2.857569904306220376e+00,2.812090627751195893e+00,2.758066502498671024e+00,2.698663524720893214e+00,2.626804603934077775e+00,2.542930844869749851e+00,2.471745181818181702e+00,2.403909571610845397e+00,2.331445475279106727e+00,2.259354422966507236e+00,2.183110079851143137e+00,2.109845075385433422e+00,2.032768202817650138e+00,1.956204472727272714e+00,1.880226394736842277e+00,1.803924530356193712e+00,1.748414187134502917e+00,2.718640102073365483e+00,3.054906770866560262e+00,3.206581641414141259e+00,3.241407513556618714e+00,3.106512980063795837e+00,2.688361036363636991e+00,2.249368269218501304e+00,2.452773372142477371e+00,2.827135291228070280e+00,2.702262282828282736e+00,2.307420570175438002e+00,1.821007319085592657e+00,1.375443125996810290e+00,1.034617285964912536e+00,5.777381954811270370e-01,1.829887814992025574e-01,2.754468555023923959e-01,2.051073818181817776e-01,1.287156967570441124e-01,5.567799308878255277e-02,-5.555287400318978386e-02,-1.286410645401382113e-01,-2.051197473684210348e-01,-2.755329019138756386e-01,-1.830738755980861332e-01,-5.784360486443381744e-01,-1.035861089473684382e+00,-1.376964699627857502e+00,-1.823191007549175957e+00,-2.310628817384369427e+00,-2.706582743434343019e+00,-2.832779747368420864e+00,-2.459970812333864831e+00,-2.257922206485912131e+00,-2.697944430143541350e+00,-3.117107200956937607e+00,-3.252905665709728389e+00,-3.218517691919192014e+00,-3.067010893141945971e+00,-2.730186574641148223e+00,-1.756424454545454594e+00,-1.812730505050505148e+00,-1.889896304093567458e+00,-1.966793927272727061e+00,-2.044485127910685929e+00,-2.122779093088782876e+00,-2.197074924189261314e+00,-2.274328561403508697e+00,-2.347466670015949219e+00,-2.420935538915470531e+00,-2.489704971291865743e+00,-2.562033910792131497e+00,-2.647320484848484590e+00,-2.720522652099946814e+00,-2.780985636150983709e+00,-2.836025320255183058e+00,-2.882613672567783336e+00,-2.924359603030302956e+00,-2.958442657575757639e+00,-2.983427211057948281e+00,-2.995421260074428993e+00,-2.991944166135034333e+00,-2.964057018181817771e+00,-2.334486695268473966e+00,-3.049350273684210411e+00,-2.817118924295587412e+00,-2.753883838330674738e+00,-2.716002974747475207e+00,-2.692263554385964763e+00,-2.680807119989367049e+00,-2.528041671982987459e+00,-2.472120370015949309e+00,-2.413774115470494586e+00,-2.367350656937798892e+00,-2.326479256459330180e+00,-2.287949722700691524e+00,-2.250914475651249358e+00,-2.210113228070175850e+00,-2.165540528123338859e+00,-2.114533645773524650e+00,-2.055211270175438809e+00,-1.987580691068580485e+00,-1.907864313237639609e+00,-1.812162195108984575e+00,-1.691853513875598125e+00,-1.533115197979797895e+00,-1.313220530781499251e+00,-1.259180140882509402e+00,-8.780695449229134475e-01,-6.693011735778841009e-01,-8.002856913875598943e-01,-9.389526522062733305e-01,-1.233991903349282326e+00,-1.811216707708665608e+00,-2.043601454013822316e+00,-2.162893127485379985e+00,-2.180555487559808547e+00,-2.095368822328548486e+00,-1.908175435566188183e+00,-1.601739572727272742e+00,-1.052021872408293479e+00,-1.325531127060074477e+00,-9.485767604465710212e-01,-3.008791807549176522e-01,-1.689356233918128669e-01,-2.116576357256778063e-01,-2.477288263157894632e-01,-2.385029774056352803e-01,-2.114256567251461827e-01,-1.732179961722488115e-01,-1.529540749601276117e-01,-1.430188580542264831e-01,-9.075676555023924619e-02,-6.341971616161616587e-02,-3.664388623072833279e-02,-1.884329516214779121e-02,8.094755603402447042e-01,6.239129905369484863e-01,7.514098256778311002e-01,8.813916085061138661e-01,1.176457670175438341e+00,1.737199314407230188e+00,1.971208939393939374e+00,2.098049992982455869e+00,2.129411706698564277e+00,2.063780651515151110e+00,1.893900201754385781e+00,1.510645577511961601e+00,1.015571406911217611e+00,1.366271023923445016e+00,9.232398030834662039e-01,2.599016945241893195e-01,1.176969824561403671e-01,1.556379211057947742e-01,1.894573355130249881e-01,1.807448631047315346e-01,1.599208760765550297e-01,1.299362813397129390e-01,1.221781161084529582e-01,1.185172108452950679e-01,7.154687272727273950e-02,4.683600202020201525e-02,2.240639580010632403e-02,-3.859885996810207692e-02,-3.427225677830941092e-02,-3.686591281233386752e-02,-3.853272748538012077e-02,-3.972001339712918216e-02,-4.009093567251461460e-02,-3.987146395534290483e-02,-3.955646400850611893e-02,-3.927958080808081204e-02,-3.809796172248804125e-02,-3.657619776714513687e-02,-3.469742089314194200e-02,-3.274970334928229559e-02,-3.071592025518341332e-02,-2.870948612440191172e-02,-2.633354130781499075e-02,-2.400590590111642900e-02,-2.158816331738437275e-02,-1.909181127060074340e-02,-1.611787272727272652e-02,-1.336754944178628578e-02,-1.129189425837320501e-02,-8.656270707070706436e-03,-5.660708931419456726e-03,-2.677489952153109740e-03,7.486101010101011387e-04,5.478722488038277431e-03,3.094098883572567529e-04,5.496012759170653197e-03,1.439893673577883997e-02,4.399022727272726696e-01,-3.918161881977671318e-02,3.091880648591174841e-01,3.785964513556618893e-01,3.334496012759171069e-01,2.562688995215310905e-01,1.700181818181818183e-01,-3.556618819776714607e-04,-5.598086124401912764e-03,-1.458240297713981996e-02,-4.400811004784688230e-01,3.493866294524188704e-02,-3.123960393407761993e-01,-3.840638357256778712e-01,-3.373277644869750458e-01,-2.593076555023923757e-01,-1.720550239234449608e-01
cmxo,-2.300000000000000070e-04,-2.599999999999999772e-04,-2.900000000000000017e-04,-3.200000000000000262e-04,-3.499999999999999964e-04,-3.699999999999999947e-04,-4.000000000000000192e-04,-4.200000000000000174e-04,-4.400000000000000157e-04,-4.600000000000000139e-04,-4.699999999999999859e-04,-4.899999999999999842e-04,-5.000000000000000104e-04,-5.199999999999999544e-04,-5.299999999999999807e-04,-5.500000000000000331e-04,-5.599999999999999509e-04,-5.800000000000000034e-04,-5.900000000000000296e-04,-5.999999999999999474e-04,-5.999999999999999474e-04,-6.099999999999999737e-04,-6.199999999999999999e-04,-6.300000000000000261e-04,-2.030000000000000120e-03,-3.550000000000000204e-03,-3.589999999999999875e-03,-3.589999999999999875e-03,-3.569999999999999823e-03,-3.530000000000000152e-03,-3.490000000000000047e-03,-3.439999999999999915e-03,-3.380000000000000192e-03,-3.310000000000000008e-03,-3.229999999999999798e-03,-3.139999999999999996e-03,-3.040000000000000167e-03,-2.929999999999999879e-03,-2.840000000000000076e-03,-2.749999999999999840e-03,-2.660000000000000038e-03,-2.560000000000000209e-03,-2.469999999999999973e-03,-2.380000000000000171e-03,-2.289999999999999935e-03,-2.200000000000000133e-03,-2.109999999999999896e-03,-2.190000000000000106e-03,-3.160000000000000048e-03,-3.550000000000000204e-03,-3.769999999999999914e-03,-3.870000000000000176e-03,-3.910000000000000281e-03,-3.930000000000000333e-03,-3.840000000000000097e-03,-3.870000000000000176e-03,-3.550000000000000204e-03,-3.069999999999999812e-03,-2.540000000000000157e-03,-1.990000000000000015e-03,-1.510000000000000057e-03,-1.100000000000000066e-03,-6.400000000000000524e-04,-3.200000000000000262e-04,-1.299999999999999886e-04,-9.000000000000000567e-05,-5.000000000000000240e-05,-2.000000000000000164e-05,2.000000000000000164e-05,5.000000000000000240e-05,9.000000000000000567e-05,1.299999999999999886e-04,3.200000000000000262e-04,6.400000000000000524e-04,1.100000000000000066e-03,1.510000000000000057e-03,1.990000000000000015e-03,2.540000000000000157e-03,3.069999999999999812e-03,3.550000000000000204e-03,3.880000000000000202e-03,3.850000000000000124e-03,3.939999999999999926e-03,3.919999999999999873e-03,3.880000000000000202e-03,3.769999999999999914e-03,3.559999999999999797e-03,3.170000000000000075e-03,2.200000000000000133e-03,2.119999999999999923e-03,2.210000000000000159e-03,2.299999999999999961e-03,2.399999999999999790e-03,2.490000000000000026e-03,2.579999999999999828e-03,2.680000000000000090e-03,2.769999999999999893e-03,2.860000000000000129e-03,2.959999999999999958e-03,3.059999999999999786e-03,3.170000000000000075e-03,3.259999999999999877e-03,3.340000000000000087e-03,3.409999999999999837e-03,3.469999999999999994e-03,3.520000000000000125e-03,3.569999999999999823e-03,3.599999999999999901e-03,3.619999999999999954e-03,3.619999999999999954e-03,3.589999999999999875e-03,2.050000000000000173e-03,6.300000000000000261e-04,6.199999999999999999e-04,6.199999999999999999e-04,6.099999999999999737e-04,5.999999999999999474e-04,5.999999999999999474e-04,5.900000000000000296e-04,5.699999999999999772e-04,5.500000000000000331e-04,5.400000000000000069e-04,5.199999999999999544e-04,5.100000000000000366e-04,4.899999999999999842e-04,4.800000000000000122e-04,4.600000000000000139e-04,4.400000000000000157e-04,4.200000000000000174e-04,4.000000000000000192e-04,3.699999999999999947e-04,3.499999999999999964e-04,3.200000000000000262e-04,2.900000000000000017e-04,2.599999999999999772e-04,2.300000000000000070e-04,0.000000000000000000e+00,0.000000000000000000e+00,0.000000000000000000e+00,0.000000000000000000e+00,0.000000000000000000e+00,0.000000000000000000e+00,0.000000000000000000e+00,0.000000000000000000e+00,0.000000000000000000e+00,0.000000000000000000e+00,0.000000000000000000e+00,0.000000000000000000e+00,0.000000000000000000e+00,0.000000000000000000e+00,0.000000000000000000e+00,0.000000000000000000e+00,0.000000000000000000e+00,0.000000000000000000e+00,0.000000000000000000e+00,0.000000000000000000e+00,0.000000000000000000e+00,0.000000000000000000e+00,0.000000000000000000e+00,0.000000000000000000e+00,0.000000000000000000e+00,0.000000000000000000e+00,0.000000000000000000e+00,0.000000000000000000e+00,-0.000000000000000000e+00,-0.000000000000000000e+00,-0.000000000000000000e+00,-0.000000000000000000e+00,-0.000000000000000000e+00,-0.000000000000000000e+00,-0.000000000000000000e+00,-0.000000000000000000e+00,-0.000000000000000000e+00,-0.000000000000000000e+00,-0.000000000000000000e+00,-0.000000000000000000e+00,-0.000000000000000000e+00,-0.000000000000000000e+00,-0.000000000000000000e+00,-0.000000000000000000e+00,-0.000000000000000000e+00,-0.000000000000000000e+00,-0.000000000000000000e+00,-0.000000000000000000e+00,-0.000000000000000000e+00,-0.000000000000000000e+00,-0.000000000000000000e+00,-0.000000000000000000e+00,-0.000000000000000000e+00,-0.000000000000000000e+00,-0.000000000000000000e+00,-0.000000000000000000e+00,-0.000000000000000000e+00,-0.000000000000000000e+00,0.000000000000000000e+00,0.000000000000000000e+00,0.000000000000000000e+00,0.000000000000000000e+00,0.000000000000000000e+00,0.000000000000000000e+00,0.000000000000000000e+00,0.000000000000000000e+00,0.000000000000000000e+00,0.000000000000000000e+00,0.000000000000000000e+00,0.000000000000000000e+00,0.000000000000000000e+00,0.000000000000000000e+00,0.000000000000000000e+00,0.000000000000000000e+00,0.000000000000000000e+00,0.000000000000000000e+00,0.000000000000000000e+00,0.000000000000000000e+00,0.000000000000000000e+00,0.000000000000000000e+00,0.000000000000000000e+00,0.000000000000000000e+00,0.000000000000000000e+00,0.000000000000000000e+00,0.000000000000000000e+00,0.000000000000000000e+00,0.000000000000000000e+00,0.000000000000000000e+00,0.000000000000000000e+00,0.000000000000000000e+00,0.000000000000000000e+00,0.000000000000000000e+00,0.000000000000000000e+00,0.000000000000000000e+00,0.000000000000000000e+00,0.000000000000000000e+00,-0.000000000000000000e+00,-0.000000000000000000e+00,-0.000000000000000000e+00,-0.000000000000000000e+00,-0.000000000000000000e+00,-0.000000000000000000e+00
cmxo*c/cref,-1.597283359914938904e-04,-1.827989367357788365e-04,-2.063871876661350338e-04,-2.304918660287081234e-04,-2.551129718234981325e-04,-2.728754917597023006e-04,-2.984433811802233061e-04,-3.169805422647528127e-04,-3.358619883040935808e-04,-3.550901648059543282e-04,-3.668548644338118117e-04,-3.866832004253057168e-04,-3.988782562466773314e-04,-4.193118553960658939e-04,-4.319373205741626693e-04,-4.529707602339182117e-04,-4.660295587453481864e-04,-4.876656034024454958e-04,-4.989530568846357872e-04,-5.080988835725676637e-04,-5.087878787878787491e-04,-5.179681552365762503e-04,-5.271713981924507986e-04,-5.363942583732057932e-04,-1.730183785220627390e-03,-3.046545454545454557e-03,-3.114864167995746828e-03,-3.148855608718766682e-03,-3.165134290271132220e-03,-3.163093939393939440e-03,-3.160314673046251983e-03,-3.147627432216905993e-03,-3.124730037214247785e-03,-3.091374587985114188e-03,-3.047258585858585774e-03,-2.992097820308346409e-03,-2.925608080808080828e-03,-2.847520733652312164e-03,-2.786959489633173727e-03,-2.724692982456140226e-03,-2.660735353535353346e-03,-2.584960340244550712e-03,-2.517495959595959353e-03,-2.448312706007442843e-03,-2.377436363636363341e-03,-2.304853801169591109e-03,-2.230565018607123980e-03,-2.335883572567783520e-03,-3.400452312599681372e-03,-3.853778841041999043e-03,-4.128340404040403873e-03,-4.274529186602871178e-03,-4.355773258904837957e-03,-4.415326794258374148e-03,-4.350611802232855554e-03,-4.421284688995216067e-03,-4.089350877192982590e-03,-3.565541414141413200e-03,-2.974068580542264285e-03,-2.348940563530037186e-03,-1.794981392876129813e-03,-1.315561403508772216e-03,-7.700448697501330276e-04,-3.890015948963317788e-04,-1.598004784688995187e-04,-1.112899521531100436e-04,-6.219351408825092456e-05,-2.502381711855395920e-05,2.502381711855395920e-05,6.219351408825092456e-05,1.112899521531100436e-04,1.598004784688995187e-04,3.890015948963317788e-04,7.700448697501330276e-04,1.315561403508772216e-03,1.794981392876129813e-03,2.348940563530037186e-03,2.974068580542264285e-03,3.565541414141413200e-03,4.089350877192982590e-03,4.432709197235513467e-03,4.361941520467836619e-03,4.426561722488038877e-03,4.366913343965975539e-03,4.285574481658692425e-03,4.128340404040403873e-03,3.864634556087187620e-03,3.411213237639553614e-03,2.346549707602339427e-03,2.241136416799574798e-03,2.315330409356725593e-03,2.387818181818181489e-03,2.468886762360446036e-03,2.537880542264752803e-03,2.605155342902711058e-03,2.680740882509303515e-03,2.744508931419457724e-03,2.806585964912280615e-03,2.876676236044656797e-03,2.944855502392344001e-03,3.020684742158426337e-03,3.075561297182349569e-03,3.119393088782562717e-03,3.152464327485379747e-03,3.175077671451355561e-03,3.187480701754386286e-03,3.198936363636363089e-03,3.191732057416267997e-03,3.175169165337586759e-03,3.140893673577884078e-03,3.080872727272726975e-03,1.747229930887825690e-03,5.363942583732057932e-04,5.271713981924507986e-04,5.264594364699627747e-04,5.172676767676768041e-04,5.080988835725676637e-04,5.074098883572566868e-04,4.960736310473152924e-04,4.743515151515151677e-04,4.529707602339182117e-04,4.400870813397129359e-04,4.193118553960658939e-04,4.068558213716108834e-04,3.866832004253057168e-04,3.746602870813397330e-04,3.550901648059543282e-04,3.358619883040935808e-04,3.169805422647528127e-04,2.984433811802233061e-04,2.728754917597023006e-04,2.551129718234981325e-04,2.304918660287081234e-04,2.063871876661350338e-04,1.827989367357788365e-04,1.597283359914938904e-04,0.000000000000000000e+00,0.000000000000000000e+00,0.000000000000000000e+00,0.000000000000000000e+00,0.000000000000000000e+00,0.000000000000000000e+00,0.000000000000000000e+00,0.000000000000000000e+00,0.000000000000000000e+00,0.000000000000000000e+00,0.000000000000000000e+00,0.000000000000000000e+00,0.000000000000000000e+00,0.000000000000000000e+00,0.000000000000000000e+00,0.000000000000000000e+00,0.000000000000000000e+00,0.000000000000000000e+00,0.000000000000000000e+00,0.000000000000000000e+00,0.000000000000000000e+00,0.000000000000000000e+00,0.000000000000000000e+00,0.000000000000000000e+00,0.000000000000000000e+00,0.000000000000000000e+00,0.000000000000000000e+00,0.000000000000000000e+00,-0.000000000000000000e+00,-0.000000000000000000e+00,-0.000000000000000000e+00,-0.000000000000000000e+00,-0.000000000000000000e+00,-0.000000000000000000e+00,-0.000000000000000000e+00,-0.000000000000000000e+00,-0.000000000000000000e+00,-0.000000000000000000e+00,-0.000000000000000000e+00,-0.000000000000000000e+00,-0.000000000000000000e+00,-0.000000000000000000e+00,-0.000000000000000000e+00,-0.000000000000000000e+00,-0.000000000000000000e+00,-0.000000000000000000e+00,-0.000000000000000000e+00,-0.000000000000000000e+00,-0.000000000000000000e+00,-0.000000000000000000e+00,-0.000000000000000000e+00,-0.000000000000000000e+00,-0.000000000000000000e+00,-0.000000000000000000e+00,-0.000000000000000000e+00,-0.000000000000000000e+00,-0.000000000000000000e+00,-0.000000000000000000e+00,0.000000000000000000e+00,0.000000000000000000e+00,0.000000000000000000e+00,0.000000000000000000e+00,0.000000000000000000e+00,0.000000000000000000e+00,0.000000000000000000e+00,0.000000000000000000e+00,0.000000000000000000e+00,0.000000000000000000e+00,0.000000000000000000e+00,0.000000000000000000e+00,0.000000000000000000e+00,0.000000000000000000e+00,0.000000000000000000e+00,0.000000000000000000e+00,0.000000000000000000e+00,0.000000000000000000e+00,0.000000000000000000e+00,0.000000000000000000e+00,0.000000000000000000e+00,0.000000000000000000e+00,0.000000000000000000e+00,0.000000000000000000e+00,0.000000000000000000e+00,0.000000000000000000e+00,0.000000000000000000e+00,0.000000000000000000e+00,0.000000000000000000e+00,0.000000000000000000e+00,0.000000000000000000e+00,0.000000000000000000e+00,0.000000000000000000e+00,0.000000000000000000e+00,0.000000000000000000e+00,0.000000000000000000e+00,0.000000000000000000e+00,0.000000000000000000e+00,-0.000000000000000000e+00,-0.000000000000000000e+00,-0.000000000000000000e+00,-0.000000000000000000e+00,-0.000000000000000000e+00,-0.000000000000000000e+00
cmy,-5.838999999999999746e-02,-3.849000000000000338e-02,-4.259999999999999898e-02,-4.411999999999999950e-02,-4.444000000000000034e-02,-4.510999999999999732e-02,-4.528000000000000080e-02,-4.590999999999999942e-02,-4.542999999999999816e-02,-4.590999999999999942e-02,-4.617999999999999883e-02,-4.717999999999999972e-02,-4.850000000000000144e-02,-5.007000000000000339e-02,-5.165000000000000147e-02,-5.523999999999999744e-02,-5.750999999999999862e-02,-6.304999999999999494e-02,-7.872999999999999443e-02,-7.603999999999999648e-02,-8.008999999999999453e-02,-8.455999999999999628e-02,-8.748999999999999833e-02,-9.017000000000000015e-02,-5.609000000000000097e-02,-6.697000000000000175e-02,-7.066999999999999671e-02,-7.414999999999999369e-02,-7.589999999999999525e-02,-7.767000000000000293e-02,-7.961999999999999633e-02,-8.122000000000000053e-02,-8.193999999999999895e-02,-8.329999999999999905e-02,-8.351000000000000090e-02,-8.523000000000000020e-02,-8.523999999999999633e-02,-8.731999999999999484e-02,-8.981999999999999706e-02,-9.189999999999999558e-02,-9.586999999999999689e-02,-9.855999999999999484e-02,-1.051099999999999951e-01,-1.098900000000000016e-01,-1.162699999999999984e-01,-1.247100000000000014e-01,-1.355999999999999983e-01,-1.466200000000000003e-01,-3.324900000000000078e-01,-4.334799999999999764e-01,-5.057099999999999929e-01,-5.495299999999999629e-01,-5.356100000000000305e-01,-4.252400000000000069e-01,-3.075499999999999901e-01,-3.279699999999999838e-01,-3.555800000000000072e-01,-3.401000000000000134e-01,-3.088600000000000234e-01,-2.693599999999999883e-01,-2.255199999999999982e-01,-1.877800000000000025e-01,-1.183899999999999952e-01,-7.328999999999999404e-02,-1.169000000000000039e-01,-1.014899999999999969e-01,-9.349000000000000365e-02,-8.951000000000000623e-02,-8.949000000000000010e-02,-9.353999999999999815e-02,-1.016100000000000059e-01,-1.171299999999999980e-01,-7.348000000000000365e-02,-1.185800000000000048e-01,-1.879899999999999904e-01,-2.258000000000000007e-01,-2.694099999999999828e-01,-3.087900000000000089e-01,-3.401100000000000234e-01,-3.555400000000000227e-01,-3.279599999999999738e-01,-3.074000000000000066e-01,-4.248199999999999754e-01,-5.349399999999999711e-01,-5.487999999999999545e-01,-5.049700000000000299e-01,-4.327900000000000080e-01,-3.318699999999999983e-01,-1.464799999999999991e-01,-1.354799999999999893e-01,-1.245200000000000057e-01,-1.160400000000000043e-01,-1.095799999999999969e-01,-1.048000000000000043e-01,-9.810000000000000664e-02,-9.539999999999999869e-02,-9.145999999999999963e-02,-8.935999999999999499e-02,-8.681999999999999440e-02,-8.476999999999999813e-02,-8.476000000000000201e-02,-8.304999999999999882e-02,-8.290999999999999759e-02,-8.151999999999999524e-02,-8.085000000000000520e-02,-7.921999999999999875e-02,-7.741000000000000658e-02,-7.552999999999999992e-02,-7.356000000000000039e-02,-7.008999999999999952e-02,-6.648999999999999355e-02,-5.573999999999999788e-02,-9.034000000000000363e-02,-8.727999999999999647e-02,-8.264000000000000512e-02,-7.969999999999999307e-02,-7.642000000000000182e-02,-7.914000000000000201e-02,-6.299000000000000432e-02,-5.741000000000000270e-02,-5.494000000000000272e-02,-5.131000000000000144e-02,-4.977999999999999786e-02,-4.814999999999999836e-02,-4.705000000000000154e-02,-4.606999999999999984e-02,-4.585999999999999799e-02,-4.535999999999999754e-02,-4.538999999999999979e-02,-4.474999999999999811e-02,-4.449999999999999789e-02,-4.383000000000000090e-02,-4.349000000000000088e-02,-4.198999999999999955e-02,-3.792999999999999844e-02,-5.863000000000000156e-02,2.619569999999999954e+00,2.297789999999999999e+00,2.817629999999999857e+00,3.516659999999999897e+00,4.499360000000000248e+00,6.495689999999999742e+00,7.516869999999999941e+00,8.139089999999999492e+00,8.410059999999999647e+00,8.330019999999999314e+00,7.854079999999999728e+00,6.792620000000000324e+00,5.254199999999999982e+00,6.996389999999999887e+00,4.478220000000000312e+00,1.568719999999999892e+00,1.111159999999999926e+00,1.441279999999999895e+00,1.692290000000000072e+00,1.732860000000000067e+00,1.716939999999999911e+00,1.623590000000000089e+00,1.236960000000000059e+00,1.276690000000000103e+00,1.385469999999999979e+00,1.405729999999999924e+00,1.361410000000000009e+00,1.272980000000000000e+00,2.447130000000000027e+00,2.142199999999999882e+00,2.658609999999999918e+00,3.316590000000000149e+00,4.290329999999999977e+00,6.227249999999999730e+00,7.252439999999999998e+00,7.901769999999999960e+00,8.226380000000000692e+00,8.224719999999999587e+00,7.828009999999999913e+00,6.623319999999999652e+00,5.119769999999999932e+00,6.878930000000000433e+00,4.218930000000000291e+00,1.335180000000000033e+00,8.044099999999999584e-01,1.072249999999999925e+00,1.265549999999999953e+00,1.268159999999999954e+00,1.252930000000000099e+00,1.180090000000000083e+00,8.740799999999999681e-01,9.262899999999999467e-01,1.017139999999999933e+00,9.699600000000000444e-01,7.662799999999999612e-01,2.154999999999999971e-02,2.589999999999999941e-02,2.428999999999999909e-02,2.267999999999999877e-02,2.125000000000000153e-02,1.989000000000000143e-02,1.858999999999999889e-02,1.735000000000000084e-02,1.615000000000000116e-02,1.514000000000000068e-02,1.417999999999999990e-02,1.324000000000000003e-02,1.244999999999999926e-02,1.158000000000000002e-02,1.078999999999999924e-02,1.007000000000000083e-02,9.360000000000000264e-03,8.680000000000000215e-03,8.040000000000000271e-03,7.510000000000000182e-03,6.930000000000000396e-03,6.349999999999999742e-03,5.850000000000000165e-03,5.559999999999999838e-03,5.389999999999999826e-03,5.490000000000000088e-03,1.094000000000000007e-02,-3.889999999999999795e-03,6.579999999999999911e-03,2.266999999999999918e-02,5.185199999999999809e-01,-1.493000000000000056e-02,2.015299999999999869e-01,1.929200000000000081e-01,1.545300000000000007e-01,1.267999999999999960e-01,9.532999999999999807e-02,-3.650000000000000033e-03,6.870000000000000238e-03,2.302999999999999839e-02,5.189700000000000424e-01,-1.136000000000000031e-02,2.031600000000000072e-01,1.946700000000000097e-01,1.553400000000000059e-01,1.276200000000000112e-01,9.589000000000000301e-02
cmy*c/cref,-4.055016321105794908e-02,-2.706127336523126217e-02,-3.031756618819776705e-02,-3.177906602870812780e-02,-3.239205847953216533e-02,-3.326868495481127147e-02,-3.378379074960127099e-02,-3.464899213184476079e-02,-3.467775029239766188e-02,-3.543954231791600351e-02,-3.604544178628388967e-02,-3.723206815523658064e-02,-3.869119085592770402e-02,-4.037489346092504316e-02,-4.209351435406698955e-02,-4.549473599149388842e-02,-4.785957129186602793e-02,-5.301261430090376675e-02,-6.658063418394470634e-02,-6.439306517809674502e-02,-6.791470202020202795e-02,-7.180227410951621481e-02,-7.439068649654438647e-02,-7.677249250398723857e-02,-4.780591552365762859e-02,-5.747243636363636582e-02,-6.131683864965443292e-02,-6.503834077618288190e-02,-6.729235087719298569e-02,-6.959702727272727707e-02,-7.209864019138756408e-02,-7.431694768740032542e-02,-7.575159149388621671e-02,-7.779803721424774499e-02,-7.878531408825092952e-02,-8.121544497607655066e-02,-8.203251079213183528e-02,-8.486194896331737680e-02,-8.814250047846888814e-02,-9.105428548644338427e-02,-9.589650313662945180e-02,-9.952097309941519698e-02,-1.071311742158426311e-01,-1.130441526315789369e-01,-1.207093999999999945e-01,-1.306537807017544017e-01,-1.433481594896331701e-01,-1.563868718766613652e-01,-3.577899966507177010e-01,-4.705735357788410345e-01,-5.537779909090908559e-01,-6.069720992025517958e-01,-5.966740959595959737e-01,-4.777540880382775690e-01,-3.484454843168527383e-01,-3.746895967570441632e-01,-4.096032070175438800e-01,-3.949969494949494564e-01,-3.616420558213715997e-01,-3.179450402977139767e-01,-2.680822541201488551e-01,-2.245782912280702148e-01,-1.424462689526847514e-01,-8.909352153110047801e-02,-1.436975071770335011e-01,-1.254979693779904037e-01,-1.162894326422115737e-01,-1.119940935140882471e-01,-1.119690696969696808e-01,-1.163516261562998200e-01,-1.256463559808612407e-01,-1.439802311004784729e-01,-8.932449122807017972e-02,-1.426748760233918223e-01,-2.248294438596491474e-01,-2.684150983519404399e-01,-3.180040589048378497e-01,-3.615600933014353480e-01,-3.950085636363636077e-01,-4.095571298245614389e-01,-3.746781722488038424e-01,-3.482755385433280448e-01,-4.772822210526316278e-01,-5.959277102604997323e-01,-6.061657926634768101e-01,-5.529676535353535982e-01,-4.698244914407230244e-01,-3.571228192982456306e-01,-1.562375459861775617e-01,-1.432213027113237724e-01,-1.304547251461988522e-01,-1.204706181818181732e-01,-1.127252547581073794e-01,-1.068152131844763431e-01,-9.905648803827751814e-02,-9.542637320574162696e-02,-9.061833460925039496e-02,-8.769109154704943232e-02,-8.437602392344496771e-02,-8.158019638490164593e-02,-8.076758320042530526e-02,-7.835133918128654729e-02,-7.743379670388091107e-02,-7.536331143009036837e-02,-7.397839473684211797e-02,-7.173642647527911365e-02,-6.936405151515151468e-02,-6.696431174906965211e-02,-6.452084082934610165e-02,-6.081360154173311855e-02,-5.706050909090908119e-02,-4.750760797448165540e-02,-7.691723381180223806e-02,-7.421212844231790673e-02,-7.017194811270600907e-02,-6.758398989898989351e-02,-6.471486113769271686e-02,-6.692736427432216528e-02,-5.296216613503455795e-02,-4.777635172780436007e-02,-4.524766103136629997e-02,-4.181642248803827538e-02,-4.014104646464646681e-02,-3.841197607655502666e-02,-3.712947873471558052e-02,-3.595958213716108492e-02,-3.540094556087187982e-02,-3.462431770334928327e-02,-3.425654003189793073e-02,-3.338835326953747823e-02,-3.281880914407230010e-02,-3.194743301435407079e-02,-3.132528516746411335e-02,-2.988344141414141231e-02,-2.666755257841573606e-02,-4.071683625730994349e-02,1.452601003987241013e+00,1.304145468421052723e+00,1.635948033971291959e+00,2.087692037320574290e+00,2.729803093673577763e+00,4.025739274003189649e+00,4.756688123870281615e+00,5.256614617543858614e+00,5.541384510047846490e+00,5.597321732376395076e+00,5.379982167783093239e+00,4.741508764593301173e+00,3.736208267942584094e+00,5.066338553429027058e+00,3.301264742583732481e+00,1.176898612227538665e+00,8.481204865497076195e-01,1.118903745667198191e+00,1.335847482668793162e+00,1.390479660287081254e+00,1.400104782881445908e+00,1.345171504306220234e+00,1.040979766507177162e+00,1.091071083891547167e+00,1.202110668899521562e+00,1.238036350505050454e+00,1.216764711057947812e+00,1.154337722594364735e+00,1.356979769537480340e+00,1.215838010632642296e+00,1.543619212812334052e+00,1.968918955502392709e+00,2.602982670175438162e+00,3.859372121212120810e+00,4.589356370015948983e+00,5.103341981286549256e+00,5.420357845933014396e+00,5.526565842424242092e+00,5.362124425677830430e+00,4.623330884210525404e+00,3.640616459968102347e+00,4.981281527379054275e+00,3.110120731100479041e+00,1.001690224561403664e+00,6.139859251461988743e-01,8.324160061137692024e-01,9.989905877192981620e-01,1.017595585326953600e+00,1.021720785592769909e+00,9.777243272727274004e-01,7.355933856459330178e-01,7.916160025518341747e-01,8.825271177033493508e-01,8.542506303030302783e-01,6.848652961190855315e-01,1.130784981392876122e-02,1.406737639553428884e-02,1.364010696438064905e-02,1.315355598086124372e-02,1.271543062200957037e-02,1.226782631578947347e-02,1.180835614035087751e-02,1.134012971823498278e-02,1.085312626262626388e-02,1.045311961722488088e-02,1.005136597554492223e-02,9.628879744816586789e-03,9.283556618819776771e-03,8.848018819776714422e-03,8.443045933014352994e-03,8.065047474747476242e-03,7.668780861244019718e-03,7.271449654439128898e-03,6.883325677830941583e-03,6.567836363636363715e-03,6.188184210526316217e-03,5.787209728867623131e-03,5.439224880382774810e-03,5.271950026581605046e-03,5.209989473684210719e-03,5.407722966507177466e-03,1.097751355661882172e-02,-6.204146730462518824e-04,1.049441786283891427e-03,3.585499734183944347e-03,8.063110047846888673e-02,-2.281964380648591247e-03,3.026699893673577557e-02,2.846108452950558282e-02,2.238672248803827772e-02,1.820095693779904406e-02,1.368373205741626845e-02,-5.821371610845294366e-04,1.095693779904306081e-03,3.642437533227006492e-03,8.070107655502391231e-02,-1.736310473152578339e-03,3.051180223285486492e-02,2.871925837320574507e-02,2.250406698564593605e-02,1.831866028708134184e-02,1.376411483253588489e-02
cmyi,-6.550000000000000266e-02,-4.569999999999999757e-02,-4.986999999999999766e-02,-5.143999999999999961e-02,-5.179000000000000270e-02,-5.247000000000000275e-02,-5.265999999999999848e-02,-5.328999999999999709e-02,-5.281000000000000277e-02,-5.328999999999999709e-02,-5.356000000000000344e-02,-5.455999999999999739e-02,-5.587999999999999912e-02,-5.745999999999999719e-02,-5.908000000000000057e-02,-6.270000000000000573e-02,-6.504999999999999671e-02,-7.069999999999999896e-02,-8.644999999999999907e-02,-8.382000000000000561e-02,-8.794000000000000428e-02,-9.246999999999999664e-02,-9.547999999999999543e-02,-9.826000000000000012e-02,-6.425999999999999768e-02,-7.541000000000000481e-02,-7.928000000000000325e-02,-8.284999999999999309e-02,-8.465000000000000302e-02,-8.644000000000000294e-02,-8.838999999999999635e-02,-8.999000000000000055e-02,-9.067999999999999672e-02,-9.200999999999999457e-02,-9.217000000000000193e-02,-9.381000000000000449e-02,-9.368999999999999551e-02,-9.565999999999999504e-02,-9.808999999999999664e-02,-1.000999999999999945e-01,-1.039999999999999952e-01,-1.066200000000000064e-01,-1.131100000000000022e-01,-1.178400000000000003e-01,-1.241600000000000065e-01,-1.325600000000000112e-01,-1.434300000000000019e-01,-1.550900000000000056e-01,-3.452200000000000268e-01,-4.485000000000000098e-01,-5.224400000000000155e-01,-5.676799999999999624e-01,-5.550699999999999523e-01,-4.461100000000000065e-01,-3.294199999999999906e-01,-3.517899999999999916e-01,-3.794000000000000150e-01,-3.627799999999999914e-01,-3.297900000000000276e-01,-2.880199999999999982e-01,-2.416399999999999937e-01,-2.011400000000000132e-01,-1.274299999999999877e-01,-8.157999999999999974e-02,-1.246899999999999953e-01,-1.088999999999999968e-01,-1.006200000000000011e-01,-9.644999999999999407e-02,-9.643999999999999795e-02,-1.006699999999999956e-01,-1.090200000000000058e-01,-1.249299999999999994e-01,-8.178000000000000547e-02,-1.276299999999999935e-01,-2.013600000000000112e-01,-2.419399999999999884e-01,-2.880900000000000127e-01,-3.297499999999999876e-01,-3.628199999999999759e-01,-3.793900000000000050e-01,-3.518299999999999761e-01,-3.293099999999999916e-01,-4.457300000000000151e-01,-5.544400000000000439e-01,-5.669800000000000395e-01,-5.217399999999999816e-01,-4.478400000000000158e-01,-3.446400000000000019e-01,-1.549999999999999989e-01,-1.433500000000000052e-01,-1.324200000000000099e-01,-1.239800000000000069e-01,-1.175699999999999940e-01,-1.128600000000000020e-01,-1.062199999999999950e-01,-1.035900000000000015e-01,-9.972000000000000308e-02,-9.769999999999999518e-02,-9.522999999999999521e-02,-9.328999999999999793e-02,-9.341000000000000691e-02,-9.178000000000000047e-02,-9.168999999999999373e-02,-9.034000000000000363e-02,-8.970000000000000195e-02,-8.808000000000000551e-02,-8.626000000000000334e-02,-8.436000000000000443e-02,-8.233999999999999653e-02,-7.878000000000000280e-02,-7.502000000000000335e-02,-6.397999999999999521e-02,-9.848999999999999422e-02,-9.533999999999999420e-02,-9.063000000000000222e-02,-8.762000000000000344e-02,-8.427999999999999381e-02,-8.692999999999999339e-02,-7.070999999999999508e-02,-6.500999999999999834e-02,-6.246999999999999775e-02,-5.879000000000000198e-02,-5.723999999999999921e-02,-5.559000000000000052e-02,-5.448999999999999677e-02,-5.349999999999999895e-02,-5.330000000000000016e-02,-5.278999999999999665e-02,-5.281999999999999890e-02,-5.215999999999999803e-02,-5.190000000000000169e-02,-5.120999999999999858e-02,-5.084000000000000324e-02,-4.929000000000000048e-02,-4.515000000000000263e-02,-6.574000000000000676e-02,2.613210000000000033e+00,2.291259999999999852e+00,2.810869999999999980e+00,3.509510000000000129e+00,4.490000000000000213e+00,6.479960000000000164e+00,7.497889999999999944e+00,8.117910000000000181e+00,8.387359999999999260e+00,8.306359999999999744e+00,7.829920000000000435e+00,6.768469999999999764e+00,5.231080000000000396e+00,6.974820000000000242e+00,4.456959999999999589e+00,1.548450000000000104e+00,1.092359999999999998e+00,1.423990000000000089e+00,1.676579999999999959e+00,1.718879999999999963e+00,1.704970000000000097e+00,1.614090000000000025e+00,1.231570000000000054e+00,1.272489999999999899e+00,1.381280000000000063e+00,1.401599999999999957e+00,1.357380000000000031e+00,1.269099999999999895e+00,2.440819999999999990e+00,2.135759999999999881e+00,2.651949999999999807e+00,3.309639999999999915e+00,4.281220000000000248e+00,6.211780000000000079e+00,7.233719999999999928e+00,7.880819999999999936e+00,8.203870000000000218e+00,8.201190000000000424e+00,7.803889999999999993e+00,6.599079999999999835e+00,5.096440000000000303e+00,6.857199999999999740e+00,4.197669999999999568e+00,1.314929999999999932e+00,7.856300000000000505e-01,1.054980000000000029e+00,1.249889999999999946e+00,1.254259999999999931e+00,1.241049999999999986e+00,1.170709999999999917e+00,8.688299999999999912e-01,9.222799999999999887e-01,1.013169999999999904e+00,9.660800000000000498e-01,7.625499999999999501e-01,-6.859999999999999779e-03,-6.400000000000000524e-04,-5.100000000000000366e-04,-5.100000000000000366e-04,-4.400000000000000157e-04,-4.000000000000000192e-04,-3.800000000000000209e-04,-3.899999999999999929e-04,-4.299999999999999894e-04,-3.499999999999999964e-04,-2.799999999999999755e-04,-2.500000000000000052e-04,-1.299999999999999886e-04,-1.399999999999999877e-04,-1.100000000000000039e-04,-6.000000000000000152e-05,-2.000000000000000164e-05,0.000000000000000000e+00,3.000000000000000076e-05,1.399999999999999877e-04,1.600000000000000131e-04,1.600000000000000131e-04,2.200000000000000078e-04,4.499999999999999877e-04,7.900000000000000121e-04,1.379999999999999933e-03,7.289999999999999605e-03,1.182000000000000065e-02,2.198999999999999913e-02,3.454000000000000126e-02,5.305400000000000116e-01,-2.023000000000000145e-02,1.914700000000000013e-01,1.743899999999999895e-01,1.275000000000000022e-01,9.479999999999999538e-02,6.203999999999999793e-02,1.205999999999999954e-02,2.228000000000000119e-02,3.490000000000000047e-02,5.309899999999999620e-01,-1.666000000000000120e-02,1.930800000000000016e-01,1.761099999999999888e-01,1.282899999999999874e-01,9.560000000000000442e-02,6.259000000000000674e-02
cmyi*c/cref,-4.548785220627326459e-02,-3.213042849548112395e-02,-3.549147947900052613e-02,-3.705156746411483043e-02,-3.774943088782562600e-02,-3.869669473684210492e-02,-3.929007113237639043e-02,-4.021879308878256037e-02,-4.031107182349814161e-02,-4.113642365762892189e-02,-4.180584370015949514e-02,-4.305599064327485931e-02,-4.457863391812865589e-02,-4.633396002126528163e-02,-4.814878660287081474e-02,-5.163866666666667299e-02,-5.413432642211589430e-02,-5.944475544922912802e-02,-7.310930808080808030e-02,-7.098141403508771707e-02,-7.457134343434344836e-02,-7.851887756512493377e-02,-8.118439532163741756e-02,-8.366047591706539388e-02,-5.476926602870813010e-02,-6.471549090909091417e-02,-6.878730675172781139e-02,-7.266927219564062179e-02,-7.505003296119086564e-02,-7.745547878787878426e-02,-8.004017591706538703e-02,-8.234156762360446413e-02,-8.383151472620944955e-02,-8.593274194577352199e-02,-8.695536342371079641e-02,-8.939130462519936926e-02,-9.016454641148324844e-02,-9.296717862838914381e-02,-9.625804800637957626e-02,-9.917882456140350578e-02,-1.040287506645401344e-01,-1.076595591706539096e-01,-1.152850072833599138e-01,-1.212223400318979127e-01,-1.289006545454545460e-01,-1.388779181286549924e-01,-1.516255642743221943e-01,-1.654210882509303815e-01,-3.714886542264753122e-01,-4.868788197767145443e-01,-5.720981858585858504e-01,-6.270193097288675466e-01,-6.183527014885698003e-01,-5.012013832535885394e-01,-3.732235780967570471e-01,-4.019027753854332863e-01,-4.370421754385965252e-01,-4.213378222222221581e-01,-3.861488492822965912e-01,-3.399707844763423803e-01,-2.872445720361510024e-01,-2.405563824561403885e-01,-1.533231527379053660e-01,-9.917109409888356930e-02,-1.532732435406698734e-01,-1.346608421052631344e-01,-1.251582277511961716e-01,-1.206773580542264551e-01,-1.206648461456671789e-01,-1.252204212652844040e-01,-1.348092287081339713e-01,-1.535682598086124673e-01,-9.941422009569378382e-02,-1.535637917597022784e-01,-2.408194947368421379e-01,-2.876011908559276686e-01,-3.400534105263158247e-01,-3.861020135566187172e-01,-4.213842787878787077e-01,-4.370306561403509149e-01,-4.019484734183944585e-01,-3.730989511961722571e-01,-5.007744559808613438e-01,-6.176508761297182515e-01,-6.262461390749601842e-01,-5.713316505050505256e-01,-4.861623425837320878e-01,-3.708645205741626927e-01,-1.653250930356193749e-01,-1.515409930887825773e-01,-1.387312456140351036e-01,-1.287137818181818272e-01,-1.209445902711323573e-01,-1.150301999999999991e-01,-1.072556591174906870e-01,-1.036186373205741640e-01,-9.880232153110048154e-02,-9.587533173843698631e-02,-9.254928309409887754e-02,-8.977959797979796763e-02,-8.901014566719830934e-02,-8.658742817650186274e-02,-8.563387793726739972e-02,-8.351719276980329454e-02,-8.207621531100478540e-02,-7.975946028708134905e-02,-7.729418787878787611e-02,-7.479292121212122169e-02,-7.222194173312068699e-02,-6.835348165869219172e-02,-6.438080000000000191e-02,-5.453061998936735433e-02,-8.385630239234448391e-02,-8.106535661881976440e-02,-7.695648181818182110e-02,-7.429998989898990713e-02,-7.137095651249335260e-02,-7.351523599149387134e-02,-5.945316347687399500e-02,-5.410103859649122854e-02,-5.144924253056884500e-02,-4.791244354066985511e-02,-4.615655885167464084e-02,-4.434728452950558591e-02,-4.300075018607123906e-02,-4.175901116427432197e-02,-4.114414300903775079e-02,-4.029580536948431518e-02,-3.986407676767676767e-02,-3.891701690590110979e-02,-3.827631897926634524e-02,-3.732667224880382995e-02,-3.661939521531100417e-02,-3.507870510366826317e-02,-3.174373843700159514e-02,-4.565452525252525900e-02,1.449074263955343111e+00,1.300439268155236583e+00,1.632023101063264425e+00,2.083447385273790697e+00,2.724124295587453393e+00,4.015990520786814955e+00,4.744677547581073185e+00,5.242935557894736753e+00,5.526427490909090245e+00,5.581423495374799870e+00,5.363432760446571024e+00,4.724651140191387100e+00,3.719767870707071378e+00,5.050718937799043573e+00,3.285592245826687741e+00,1.161691478468899641e+00,8.337709192982456496e-01,1.105481061828814449e+00,1.323446437958532673e+00,1.379261843700159362e+00,1.390343664699627890e+00,1.337300595215311194e+00,1.036443741945773711e+00,1.087481725039872504e+00,1.198475192344497842e+00,1.234399030303030109e+00,1.213162885167464067e+00,1.150819340244550570e+00,1.353480755449229189e+00,1.212182891228070325e+00,1.539752341041999095e+00,1.964793034981393127e+00,2.597455549388623108e+00,3.849784504412546493e+00,4.577510322169058732e+00,5.089811466666666284e+00,5.405526017703349062e+00,5.510754958373206058e+00,5.345602418022328273e+00,4.606410436363636229e+00,3.624026733864965877e+00,4.965546049973418974e+00,3.094448234343434301e+00,9.864980953748007098e-01,5.996516233918129934e-01,8.190088488038277381e-01,9.866290116427430812e-01,1.006441962254120082e+00,1.012033059276980174e+00,9.699528401913876108e-01,7.311751799043062494e-01,7.881890194577353403e-01,8.790825253588516741e-01,8.508334868686868724e-01,6.815315962254119286e-01,-3.599621796916533962e-03,-3.476108452950558351e-04,-2.863917065390750110e-04,-2.957810207336523229e-04,-2.632842105263158037e-04,-2.467134502923976286e-04,-2.413757575757576046e-04,-2.549078149920255441e-04,-2.889686868686868891e-04,-2.416507177033492984e-04,-1.984754917597022540e-04,-1.818141945773524715e-04,-9.693673577884103399e-05,-1.069708665603402362e-04,-8.607368421052631732e-05,-4.805390749601275976e-05,-1.638628389154705224e-05,0.000000000000000000e+00,2.568405103668261805e-05,1.224363636363636333e-04,1.428729399255715350e-04,1.458194577352472151e-04,2.045520467836257363e-04,4.266866028708133436e-04,7.636162679425837580e-04,1.359318341307815111e-03,7.314997607655503338e-03,1.885167464114832379e-03,3.507177033492822442e-03,5.462865497076023480e-03,8.250023923444975427e-02,-3.092038809144072135e-03,2.875612706007442745e-02,2.572739234449760576e-02,1.847089314194577669e-02,1.360765550239234449e-02,8.905263157894737283e-03,1.923444976076554716e-03,3.553429027113237312e-03,5.519803296119085191e-03,8.257021531100476597e-02,-2.546384901648059661e-03,2.899792663476873783e-02,2.598114035087719167e-02,1.858534024455077080e-02,1.372248803827751280e-02,8.984210526315790715e-03
cmyo,7.110000000000000001e-03,7.199999999999999803e-03,7.270000000000000420e-03,7.320000000000000118e-03,7.349999999999999763e-03,7.360000000000000223e-03,7.369999999999999815e-03,7.380000000000000275e-03,7.380000000000000275e-03,7.380000000000000275e-03,7.380000000000000275e-03,7.380000000000000275e-03,7.380000000000000275e-03,7.400000000000000328e-03,7.420000000000000380e-03,7.459999999999999618e-03,7.530000000000000235e-03,7.649999999999999682e-03,7.720000000000000299e-03,7.779999999999999589e-03,7.849999999999999339e-03,7.910000000000000364e-03,7.990000000000000574e-03,8.080000000000000376e-03,8.160000000000000586e-03,8.439999999999999586e-03,8.609999999999999598e-03,8.699999999999999400e-03,8.750000000000000833e-03,8.770000000000000018e-03,8.779999999999999610e-03,8.760000000000000425e-03,8.739999999999999505e-03,8.710000000000000728e-03,8.659999999999999296e-03,8.580000000000000820e-03,8.449999999999999178e-03,8.349999999999999784e-03,8.269999999999999574e-03,8.200000000000000691e-03,8.130000000000000074e-03,8.059999999999999457e-03,8.000000000000000167e-03,7.939999999999999142e-03,7.889999999999999444e-03,7.849999999999999339e-03,7.830000000000000154e-03,8.470000000000000098e-03,1.273000000000000000e-02,1.502000000000000036e-02,1.672999999999999834e-02,1.813999999999999987e-02,1.946000000000000160e-02,2.086999999999999966e-02,2.187000000000000055e-02,2.383000000000000049e-02,2.382000000000000089e-02,2.267999999999999877e-02,2.094000000000000028e-02,1.865999999999999950e-02,1.611999999999999891e-02,1.336000000000000035e-02,9.039999999999999425e-03,8.290000000000000493e-03,7.790000000000000049e-03,7.400000000000000328e-03,7.130000000000000053e-03,6.949999999999999581e-03,6.949999999999999581e-03,7.130000000000000053e-03,7.409999999999999920e-03,7.799999999999999642e-03,8.300000000000000086e-03,9.050000000000000752e-03,1.336999999999999994e-02,1.614000000000000157e-02,1.867999999999999869e-02,2.095999999999999946e-02,2.271000000000000102e-02,2.384999999999999967e-02,2.385999999999999927e-02,2.190999999999999892e-02,2.091000000000000150e-02,1.949999999999999997e-02,1.818000000000000171e-02,1.677000000000000018e-02,1.506000000000000047e-02,1.277000000000000010e-02,8.510000000000000203e-03,7.870000000000000259e-03,7.900000000000000772e-03,7.939999999999999142e-03,8.000000000000000167e-03,8.059999999999999457e-03,8.120000000000000481e-03,8.189999999999999364e-03,8.259999999999999981e-03,8.330000000000000598e-03,8.410000000000000808e-03,8.519999999999999796e-03,8.659999999999999296e-03,8.729999999999999913e-03,8.779999999999999610e-03,8.819999999999999715e-03,8.840000000000000635e-03,8.859999999999999820e-03,8.850000000000000228e-03,8.829999999999999308e-03,8.779999999999999610e-03,8.689999999999999808e-03,8.519999999999999796e-03,8.240000000000000796e-03,8.160000000000000586e-03,8.059999999999999457e-03,7.979999999999999247e-03,7.919999999999999957e-03,7.849999999999999339e-03,7.790000000000000049e-03,7.720000000000000299e-03,7.599999999999999985e-03,7.530000000000000235e-03,7.479999999999999670e-03,7.459999999999999618e-03,7.440000000000000432e-03,7.440000000000000432e-03,7.429999999999999973e-03,7.429999999999999973e-03,7.429999999999999973e-03,7.420000000000000380e-03,7.420000000000000380e-03,7.400000000000000328e-03,7.380000000000000275e-03,7.349999999999999763e-03,7.300000000000000065e-03,7.219999999999999855e-03,7.119999999999999593e-03,6.349999999999999742e-03,6.519999999999999754e-03,6.769999999999999976e-03,7.139999999999999646e-03,9.360000000000000264e-03,1.574000000000000052e-02,1.897000000000000075e-02,2.118000000000000091e-02,2.270000000000000143e-02,2.366000000000000048e-02,2.415000000000000133e-02,2.415000000000000133e-02,2.312000000000000166e-02,2.156999999999999890e-02,2.127000000000000071e-02,2.026999999999999982e-02,1.880000000000000074e-02,1.728999999999999981e-02,1.570999999999999827e-02,1.396999999999999978e-02,1.196999999999999974e-02,9.499999999999999764e-03,5.389999999999999826e-03,4.199999999999999740e-03,4.190000000000000148e-03,4.129999999999999991e-03,4.029999999999999728e-03,3.889999999999999795e-03,6.309999999999999637e-03,6.440000000000000412e-03,6.649999999999999661e-03,6.960000000000000041e-03,9.110000000000000042e-03,1.546999999999999938e-02,1.872000000000000053e-02,2.094999999999999987e-02,2.250999999999999876e-02,2.352999999999999883e-02,2.411999999999999908e-02,2.424000000000000113e-02,2.333000000000000004e-02,2.172999999999999932e-02,2.126000000000000112e-02,2.025000000000000064e-02,1.878000000000000155e-02,1.726000000000000104e-02,1.566000000000000031e-02,1.389999999999999916e-02,1.187000000000000034e-02,9.379999999999999449e-03,5.250000000000000326e-03,4.020000000000000136e-03,3.969999999999999571e-03,3.880000000000000202e-03,3.739999999999999835e-03,2.841000000000000122e-02,2.654000000000000109e-02,2.479999999999999913e-02,2.318999999999999881e-02,2.169000000000000095e-02,2.027999999999999942e-02,1.897000000000000075e-02,1.773999999999999883e-02,1.658000000000000099e-02,1.549000000000000030e-02,1.447000000000000022e-02,1.349999999999999985e-02,1.257999999999999917e-02,1.171999999999999952e-02,1.089999999999999997e-02,1.012000000000000052e-02,9.379999999999999449e-03,8.680000000000000215e-03,8.009999999999999759e-03,7.380000000000000275e-03,6.769999999999999976e-03,6.190000000000000190e-03,5.629999999999999588e-03,5.109999999999999959e-03,4.599999999999999922e-03,4.109999999999999938e-03,3.650000000000000033e-03,-1.570999999999999827e-02,-1.541000000000000009e-02,-1.187000000000000034e-02,-1.201999999999999943e-02,5.300000000000000024e-03,1.007000000000000083e-02,1.853000000000000133e-02,2.704000000000000153e-02,3.200000000000000067e-02,3.330000000000000321e-02,-1.570999999999999827e-02,-1.541000000000000009e-02,-1.187000000000000034e-02,-1.201999999999999943e-02,5.300000000000000024e-03,1.008000000000000042e-02,1.856000000000000011e-02,2.706000000000000072e-02,3.200999999999999679e-02,3.330000000000000321e-02
cmyo*c/cref,4.937688995215311176e-03,5.062124401913875756e-03,5.173913290802764284e-03,5.272501435406698293e-03,5.357372408293460675e-03,5.428009782030834320e-03,5.498819298245613378e-03,5.569800956937799585e-03,5.633321531100478861e-03,5.696881339712919247e-03,5.760401913875598523e-03,5.823922488038278666e-03,5.887443062200957943e-03,5.967130249867092472e-03,6.047122488038277587e-03,6.143930675172780236e-03,6.266433173843700792e-03,6.432141148325358666e-03,6.528673896863370490e-03,6.588348856990961649e-03,6.656641414141414338e-03,6.716603455608718964e-03,6.793708825093035426e-03,6.879469218500797352e-03,6.954827432216905726e-03,7.243054545454544885e-03,7.470468102073364591e-03,7.630931419457735558e-03,7.757682083997874747e-03,7.858451515151514133e-03,7.950591068580542195e-03,8.015469856459331299e-03,8.079923232323231105e-03,8.134704731525785673e-03,8.170049335459861686e-03,8.175859649122808187e-03,8.132035619351407965e-03,8.114948165869217966e-03,8.115547527910684650e-03,8.124539074960128449e-03,8.132247527910686086e-03,8.138586071238702174e-03,8.153833067517277447e-03,8.167900372142475329e-03,8.191254545454544622e-03,8.224137426900585482e-03,8.277404784688996431e-03,9.034216374269005839e-03,1.369865757575757653e-02,1.630528399787347163e-02,1.832019494949494939e-02,2.003616523125996765e-02,2.167860552897395154e-02,2.344729521531100855e-02,2.477809377990430884e-02,2.722460313662945428e-02,2.743896842105263481e-02,2.634087272727272250e-02,2.451850239234449474e-02,2.202574417862838974e-02,1.916231791600212647e-02,1.597809122807017715e-02,1.087688378522062675e-02,1.007757256778309476e-02,9.575736363636365434e-03,9.150507177033492465e-03,8.868795108984582273e-03,8.695776448697499841e-03,8.695776448697499841e-03,8.868795108984582273e-03,9.162872727272725407e-03,9.588028708133971775e-03,1.008972886762360410e-02,1.088891573631047514e-02,1.599005087719298362e-02,1.918609250398724264e-02,2.204935162147793684e-02,2.454192025518340745e-02,2.637571515151514862e-02,2.747352631578947602e-02,2.725887666135034734e-02,2.482341265284423310e-02,2.349223492822967094e-02,2.172316586921849840e-02,2.008034641148325611e-02,1.836399696969696904e-02,1.634870685805422594e-02,1.374170127591706550e-02,9.076880914407231202e-03,8.319690377458799704e-03,8.276520467836258332e-03,8.243163636363634930e-03,8.229622541201488811e-03,8.214986815523656061e-03,8.199171079213184513e-03,8.192264114832535291e-03,8.183986921850079643e-03,8.174426953748006180e-03,8.173259170653908098e-03,8.199401594896330372e-03,8.252091440723018437e-03,8.236088995215310252e-03,8.200081233386495583e-03,8.153881339712917495e-03,8.088670494417863482e-03,8.023033811802233670e-03,7.930136363636363164e-03,7.828609463051567838e-03,7.701100903774587940e-03,7.539880116959063634e-03,7.311709090909090589e-03,7.023012014885699796e-03,6.947582775119617686e-03,6.853228176501860273e-03,6.776042424242423659e-03,6.716000000000000615e-03,6.647627060074427774e-03,6.587871717171717330e-03,6.490997341839447460e-03,6.324686868686868468e-03,6.201581499202552840e-03,6.096021052631578861e-03,6.015512387028176637e-03,5.935308452950559255e-03,5.871271451355662870e-03,5.799429027113237912e-03,5.735478096757044668e-03,5.671487666135034515e-03,5.599989580010632934e-03,5.536124720893141962e-03,5.457509835194046012e-03,5.379239234449760890e-03,5.294110047846889086e-03,5.195263689526847389e-03,5.076185858585858211e-03,4.944633705475810943e-03,3.521194843168527679e-03,3.700524614566720171e-03,3.930739021796916637e-03,4.238715470494418269e-03,5.678798086124401540e-03,9.754950770866559900e-03,1.200424827219563964e-02,1.367905964912280621e-02,1.495701913875598088e-02,1.589823700159489692e-02,1.654255741626794313e-02,1.685762440191387532e-02,1.644039723551302817e-02,1.561961562998405093e-02,1.567986858054226662e-02,1.520713375863902254e-02,1.434956725146199069e-02,1.342268383838383754e-02,1.240104471026049794e-02,1.120979239766081714e-02,9.761118181818181222e-03,7.870909090909091604e-03,4.536024561403509230e-03,3.589358851674641360e-03,3.635476555023923854e-03,3.637320202020201659e-03,3.601825890483784706e-03,3.527450345560871701e-03,3.499014088250930379e-03,3.655119404572036972e-03,3.861065656565656774e-03,4.131857097288676312e-03,5.527120786815523275e-03,9.587616799574693108e-03,1.184604784688995244e-02,1.353051461988303943e-02,1.483182822966506997e-02,1.581088405103667910e-02,1.652200765550239023e-02,1.692044784688995218e-02,1.658972610313663026e-02,1.573547740563530084e-02,1.567249675704412634e-02,1.519212918660287244e-02,1.433430175438596757e-02,1.339939404572036176e-02,1.236157607655502359e-02,1.115362307283359819e-02,9.679571664008505827e-03,7.771487081339713276e-03,4.418205741626795267e-03,3.435529186602871276e-03,3.444592344497607751e-03,3.417143434343434139e-03,3.342637426900584626e-03,1.490747161084529648e-02,1.441498724082934668e-02,1.392649867091972499e-02,1.344933700159489653e-02,1.297871483253588455e-02,1.250837192982456013e-02,1.204973189792663511e-02,1.159503753322700843e-02,1.114209494949495137e-02,1.069477033492823026e-02,1.025692987772461491e-02,9.817966507177032162e-03,9.380493354598617994e-03,8.954989686337054902e-03,8.529119617224880517e-03,8.105092397660818709e-03,7.685167145135566452e-03,7.271449654439128898e-03,6.857641626794258247e-03,6.454145454545454769e-03,6.045311270600744330e-03,5.641390271132376566e-03,5.234672833599149019e-03,4.845263423710791974e-03,4.446373205741626852e-03,4.048404625199362138e-03,3.662515948963317950e-03,-2.505582137161083828e-03,-2.457735247208931231e-03,-1.877365762892078700e-03,-1.869138755980860817e-03,8.100744284954811050e-04,1.512373737373737389e-03,2.733692185007974892e-03,3.917278043593833137e-03,4.593301435406698698e-03,4.779904306220095905e-03,-2.505582137161083828e-03,-2.457735247208931231e-03,-1.877365762892078700e-03,-1.869138755980860817e-03,8.100744284954811050e-04,1.513875598086124492e-03,2.738118022328548621e-03,3.920175438596491292e-03,4.594736842105262564e-03,4.779904306220095905e-03
cmz,-8.576999999999999902e-02,-7.337000000000000466e-02,-6.562999999999999390e-02,-6.119999999999999746e-02,-5.623000000000000220e-02,-5.004999999999999727e-02,-4.522999999999999937e-02,-3.919000000000000261e-02,-3.969000000000000306e-02,-3.527000000000000274e-02,-3.075999999999999915e-02,-2.530999999999999917e-02,-1.771999999999999964e-02,-1.503999999999999955e-02,-1.396000000000000019e-02,-9.870000000000000301e-03,-2.091000000000000150e-02,-2.215999999999999914e-02,-3.554999999999999827e-02,-4.796999999999999875e-02,-3.774000000000000271e-02,-3.295000000000000012e-02,-4.778000000000000302e-02,-1.900300000000000045e-01,-1.518599999999999950e-01,-2.284100000000000019e-01,-2.232899999999999885e-01,-2.155700000000000116e-01,-2.113400000000000001e-01,-2.058200000000000029e-01,-1.965200000000000002e-01,-1.876400000000000012e-01,-1.815100000000000047e-01,-1.743899999999999895e-01,-1.713300000000000101e-01,-1.638699999999999879e-01,-1.650000000000000078e-01,-1.628600000000000048e-01,-1.552000000000000046e-01,-1.504399999999999904e-01,-1.386199999999999932e-01,-1.353800000000000003e-01,-1.217899999999999955e-01,-1.203199999999999964e-01,-1.212099999999999983e-01,-1.259000000000000119e-01,-1.391400000000000137e-01,-2.133299999999999919e-01,-3.402299999999999769e-01,-4.042200000000000237e-01,-4.440500000000000003e-01,-4.673200000000000132e-01,-4.946699999999999986e-01,-5.200500000000000123e-01,-3.138199999999999878e-01,-6.173000000000000015e-02,-6.897000000000000353e-02,-7.882999999999999730e-02,-6.744999999999999607e-02,-4.402999999999999969e-02,-3.613000000000000239e-02,-5.743000000000000188e-02,-5.906000000000000139e-02,6.894000000000000128e-02,2.903000000000000025e-02,5.870000000000000218e-03,9.600000000000000243e-04,-2.710000000000000169e-03,2.609999999999999907e-03,-1.049999999999999935e-03,-5.980000000000000072e-03,-2.921999999999999945e-02,-6.913999999999999313e-02,5.911000000000000282e-02,5.750000000000000250e-02,3.593999999999999972e-02,4.372999999999999804e-02,6.721000000000000585e-02,7.839000000000000135e-02,6.859999999999999432e-02,6.133999999999999869e-02,3.135299999999999754e-01,5.201099999999999612e-01,4.951499999999999790e-01,4.676600000000000201e-01,4.441800000000000193e-01,4.041799999999999837e-01,3.401299999999999879e-01,2.125199999999999867e-01,1.381199999999999928e-01,1.249399999999999955e-01,1.202099999999999974e-01,1.193899999999999961e-01,1.209199999999999997e-01,1.349200000000000121e-01,1.381199999999999928e-01,1.496800000000000075e-01,1.543700000000000072e-01,1.619500000000000106e-01,1.638799999999999979e-01,1.625500000000000000e-01,1.698099999999999887e-01,1.724400000000000099e-01,1.794300000000000062e-01,1.851800000000000113e-01,1.940000000000000058e-01,2.035099999999999965e-01,2.092799999999999938e-01,2.133099999999999996e-01,2.210300000000000042e-01,2.256400000000000072e-01,1.495599999999999985e-01,1.841700000000000004e-01,4.148999999999999910e-02,3.413999999999999674e-02,3.223000000000000170e-02,4.288999999999999757e-02,2.884000000000000105e-02,1.649000000000000118e-02,1.532000000000000028e-02,5.130000000000000011e-03,9.209999999999999437e-03,9.960000000000000103e-03,1.288000000000000082e-02,1.910999999999999852e-02,2.459000000000000075e-02,2.854999999999999899e-02,3.298000000000000237e-02,3.509000000000000313e-02,4.127999999999999725e-02,4.664999999999999702e-02,5.303999999999999687e-02,5.845999999999999808e-02,6.318999999999999617e-02,7.148999999999999799e-02,8.358999999999999764e-02,1.740229999999999944e+00,9.370000000000000551e-02,4.109999999999999938e-03,-5.199500000000000233e-01,-7.692999999999999838e-02,5.679999999999999494e-01,5.188700000000000534e-01,5.631000000000000449e-01,5.808999999999999719e-01,4.985800000000000232e-01,3.317499999999999893e-01,2.199299999999999866e-01,-1.671000000000000041e+00,-8.680799999999999628e-01,1.152069999999999927e+00,3.777800000000000047e-01,-6.289999999999999584e-03,-1.055000000000000035e-02,8.816000000000000225e-02,1.236000000000000015e-01,8.959999999999999909e-02,4.052999999999999658e-02,3.821999999999999842e-01,4.228600000000000136e-01,7.331000000000000016e-02,2.324999999999999983e-02,5.159999999999999656e-03,7.298000000000000320e-02,-1.477279999999999927e+00,-8.042000000000000537e-02,4.257999999999999979e-02,5.568600000000000216e-01,8.673000000000000154e-02,-5.386900000000000022e-01,-4.869700000000000140e-01,-5.299599999999999866e-01,-5.529100000000000126e-01,-4.804300000000000237e-01,-3.082799999999999985e-01,3.356000000000000094e-01,1.550019999999999953e+00,-1.170000000000000033e-03,-1.515640000000000098e+00,-4.327799999999999980e-01,-8.880000000000000740e-03,5.360000000000000181e-03,-9.339000000000000079e-02,-1.239699999999999969e-01,-8.723000000000000198e-02,-3.549999999999999684e-02,-3.698100000000000276e-01,-4.139999999999999791e-01,-7.373999999999999999e-02,-1.924999999999999975e-02,6.810000000000000081e-03,1.339299999999999935e-01,1.165299999999999947e-01,1.241499999999999965e-01,1.290600000000000080e-01,1.327200000000000046e-01,1.338399999999999868e-01,1.333199999999999941e-01,1.328600000000000059e-01,1.328000000000000014e-01,1.297699999999999965e-01,1.258499999999999897e-01,1.209500000000000020e-01,1.160599999999999965e-01,1.108999999999999986e-01,1.060699999999999976e-01,9.980999999999999595e-02,9.382000000000000062e-02,8.734999999999999709e-02,8.042000000000000537e-02,7.111000000000000654e-02,6.246000000000000163e-02,5.605999999999999872e-02,4.628999999999999782e-02,3.350999999999999812e-02,1.915000000000000036e-02,-6.400000000000000524e-04,-3.361000000000000099e-02,-1.362999999999999975e-02,-1.452999999999999951e-02,-1.763999999999999943e-02,3.371899999999999897e-01,-1.829699999999999938e-01,1.653799999999999992e-01,1.888700000000000101e-01,9.327000000000000568e-02,-2.494000000000000036e-02,-6.901000000000000190e-02,1.345999999999999974e-02,1.439999999999999961e-02,1.743000000000000105e-02,-3.381199999999999761e-01,1.817000000000000004e-01,-1.707899999999999974e-01,-1.980200000000000016e-01,-9.940999999999999837e-02,2.254000000000000101e-02,6.761000000000000343e-02
cmz*c/cref,-5.956477990430622538e-02,-5.158445380116959827e-02,-4.670755560871876072e-02,-4.408156937799042469e-02,-4.098572115895800227e-02,-3.691194152046783222e-02,-3.374648532695374847e-02,-2.957730345560872012e-02,-3.029627799043062286e-02,-2.722615241892610907e-02,-2.400948006379585373e-02,-1.997337102604997486e-02,-1.413624540138224382e-02,-1.212778904837852161e-02,-1.137706602870813474e-02,-8.128766188197767209e-03,-1.740121084529505646e-02,-1.863218926103136358e-02,-3.006403588516746300e-02,-4.062250574162679095e-02,-3.200275757575758023e-02,-2.797877166400850393e-02,-4.062620871876661266e-02,-1.617952395534290322e-01,-1.294313840510366853e-01,-1.960173090909090865e-01,-1.937376100478468699e-01,-1.890804466772993409e-01,-1.873724036150983541e-01,-1.844271939393939408e-01,-1.779555987240829529e-01,-1.716920963317384308e-01,-1.678017009037745810e-01,-1.628715451355661759e-01,-1.616367843700159679e-01,-1.561512961190855697e-01,-1.587912280701754275e-01,-1.582755039872408287e-01,-1.523014481658692132e-01,-1.490555681020733492e-01,-1.386583213184476304e-01,-1.366999729930887808e-01,-1.241319161616161459e-01,-1.237735230196703728e-01,-1.258380181818181676e-01,-1.319004970760234152e-01,-1.470904344497608041e-01,-2.275406586921850105e-01,-3.661189526315789533e-01,-4.388097135566188522e-01,-4.862571767676767687e-01,-5.161687285486443733e-01,-5.510665877192981732e-01,-5.842724425837321212e-01,-3.555492176501861001e-01,-7.052348936735779172e-02,-7.944860000000000810e-02,-9.155427676767674550e-02,-7.897674242424240765e-02,-5.197178543328016820e-02,-4.294879319510899046e-02,-6.868426491228071806e-02,-7.106070313662946059e-02,8.380553110047847531e-02,3.568467607655502472e-02,7.258577990430621629e-03,1.194115470494417665e-03,-3.390727219564061441e-03,3.265608133971291231e-03,-1.306063795853269240e-03,-7.394599043062200470e-03,-3.591823062200957123e-02,-8.404865709728867595e-02,7.112086289207868173e-02,6.876798245614036686e-02,4.272293460925039726e-02,5.161767379053694427e-02,7.869572807017542748e-02,9.104325454545453278e-02,7.902238596491227562e-02,7.007793354598618185e-02,3.552206558213716336e-01,5.843398521531101286e-01,5.516013118022328188e-01,5.165442685805422540e-01,4.863995333333333559e-01,4.387662906964380771e-01,3.660113433811802430e-01,2.266767017543859786e-01,1.460121518341307989e-01,1.308947426900584909e-01,1.247998363636363545e-01,1.228168293992557003e-01,1.232451868155236552e-01,1.362354879319510881e-01,1.381581830940988853e-01,1.483025620414673007e-01,1.514869494417862839e-01,1.573911204146730414e-01,1.577133724614566690e-01,1.548934715576820720e-01,1.602027803296118824e-01,1.610503425837320757e-01,1.658787901116427210e-01,1.694411767145135583e-01,1.756736523125996818e-01,1.823572939393939274e-01,1.855460236044657041e-01,1.870981587453482420e-01,1.917767206273258973e-01,1.936401454545454426e-01,1.274710772993088714e-01,1.568059215311004839e-01,3.527796985645932637e-02,2.898923413078149589e-02,2.733038888888889364e-02,3.632060186071238428e-02,2.438950196703880760e-02,1.386483758639021902e-02,1.274923721424774115e-02,4.224981818181818352e-03,7.505929665071769952e-03,8.031434768740032190e-03,1.027510388091440810e-02,1.508064481658692203e-02,1.919353429027113520e-02,2.203874827219564139e-02,2.517438266879319653e-02,2.648296959064327938e-02,3.079935693779903977e-02,3.440443700159489387e-02,3.866054864433811356e-02,4.210798277511960952e-02,4.497105651249334868e-02,5.026267687400318845e-02,5.805083306751727956e-02,9.649903782562467836e-01,5.318085220627326998e-02,2.386312759170654101e-03,-3.086722841573631415e-01,-4.667413854332801149e-02,3.520210951621477458e-01,3.283418187134503063e-01,3.636769824561403297e-01,3.827547320574162248e-01,3.350187237639553617e-01,2.272461044657096974e-01,1.535195583732057167e-01,-1.188231132376395660e+00,-6.286080637958533224e-01,8.492856697501329766e-01,2.834213611908559804e-01,-4.800998830409356627e-03,-8.190243753322700923e-03,6.959109494949494712e-02,9.917897926634768047e-02,7.306567995746943156e-02,3.357978373205741662e-02,3.216453779904306365e-01,3.613800676236045284e-01,6.360782488038277394e-02,2.047643939393939405e-02,4.611767145135566015e-03,6.617823296119085263e-02,-8.191796406166933497e-01,-4.564358734715577570e-02,2.472243242955874873e-02,3.305841872408293858e-01,5.261988867623604293e-02,-3.338560629452418937e-01,-3.081554444444444263e-01,-3.422735812865496663e-01,-3.643121344497607383e-01,-3.228229079744816543e-01,-2.111693416267942380e-01,2.342616459330143508e-01,1.102203482828282954e+00,-8.472392344497608856e-04,-1.117303056671983263e+00,-3.246839342902711478e-01,-6.777880701754387255e-03,4.161109622541201390e-03,-7.371951403508771039e-02,-9.947587426900583729e-02,-7.113302748538011255e-02,-2.941234449760765646e-02,-3.112184124401914387e-01,-3.538082296650718050e-01,-6.398091674641148696e-02,-1.695361111111111027e-02,6.086460127591706432e-03,7.027658123338649532e-02,6.329233094098883627e-02,6.971672620946305077e-02,7.484999712918660730e-02,7.941609186602871517e-02,8.255032046783623845e-02,8.468477894736842204e-02,8.683859564061670311e-02,8.924428282828283931e-02,8.959718181818181193e-02,8.920764513556617148e-02,8.796170733652311502e-02,8.654213503455608636e-02,8.473620786815523609e-02,8.299850622009569134e-02,7.993767511961721861e-02,7.686805773524721386e-02,7.317524508240297321e-02,6.885037947900053690e-02,6.218892727272727627e-02,5.577402392344497917e-02,5.109149250398724307e-02,4.303961020733652193e-02,3.177392902711323464e-02,1.851044497607655381e-02,-6.304085061137693286e-04,-3.372524960127592369e-02,-2.173843700159489370e-03,-2.317384370015948460e-03,-2.789952153110047701e-03,5.243385167464113816e-02,-2.796590909090908642e-02,2.483777246145667250e-02,2.786359649122807300e-02,1.351200159489633276e-02,-3.579904306220095794e-03,-9.905741626794258015e-03,2.146730462519935885e-03,2.296650717703348915e-03,2.756738437001594964e-03,-5.257846889952152297e-02,2.777179691653375651e-02,-2.565027910685805171e-02,-2.921347687400319137e-02,-1.440150186071238736e-02,3.235406698564593456e-03,9.704784688995216069e-03
cmzi,-3.601000000000000034e-02,-2.352999999999999883e-02,-1.589000000000000135e-02,-1.175000000000000003e-02,-7.190000000000000210e-03,-1.510000000000000057e-03,2.739999999999999814e-03,8.189999999999999364e-03,7.060000000000000303e-03,1.085000000000000027e-02,1.469999999999999953e-02,1.952999999999999875e-02,2.648999999999999966e-02,2.859000000000000083e-02,2.914999999999999883e-02,3.280999999999999889e-02,2.148999999999999869e-02,2.019999999999999921e-02,6.779999999999999569e-03,-5.400000000000000286e-03,5.089999999999999906e-03,1.014999999999999930e-02,-4.369999999999999753e-03,-1.462199999999999889e-01,-1.073400000000000049e-01,-1.824500000000000011e-01,-1.773599999999999899e-01,-1.700899999999999912e-01,-1.665699999999999958e-01,-1.618999999999999884e-01,-1.535400000000000098e-01,-1.456999999999999962e-01,-1.406699999999999895e-01,-1.347099999999999964e-01,-1.328799999999999981e-01,-1.267600000000000116e-01,-1.294500000000000095e-01,-1.287699999999999956e-01,-1.224200000000000010e-01,-1.189500000000000002e-01,-1.083999999999999964e-01,-1.064299999999999968e-01,-9.406000000000000472e-02,-9.382000000000000062e-02,-9.589999999999999913e-02,-1.017399999999999971e-01,-1.160899999999999987e-01,-1.895300000000000040e-01,-3.061900000000000177e-01,-3.661200000000000010e-01,-4.039200000000000013e-01,-4.263500000000000068e-01,-4.534900000000000042e-01,-4.788799999999999724e-01,-2.738599999999999923e-01,-2.171000000000000013e-02,-3.250999999999999723e-02,-4.753000000000000280e-02,-4.175000000000000239e-02,-2.400000000000000050e-02,-2.103999999999999967e-02,-4.655000000000000110e-02,-5.278999999999999665e-02,7.352999999999999814e-02,3.230999999999999844e-02,8.099999999999999561e-03,2.249999999999999830e-03,-2.289999999999999935e-03,2.190000000000000106e-03,-2.350000000000000092e-03,-8.219999999999999876e-03,-3.250000000000000111e-02,-7.373999999999999999e-02,5.283999999999999808e-02,4.660000000000000253e-02,2.084000000000000088e-02,2.367999999999999966e-02,4.146999999999999992e-02,4.705000000000000154e-02,3.209000000000000047e-02,2.125000000000000153e-02,2.735099999999999754e-01,4.788700000000000179e-01,4.538800000000000057e-01,4.265999999999999792e-01,4.039599999999999858e-01,3.659700000000000175e-01,3.059799999999999742e-01,1.885999999999999899e-01,1.149400000000000005e-01,1.006399999999999934e-01,9.475000000000000089e-02,9.271000000000000074e-02,9.299000000000000321e-02,1.057600000000000068e-01,1.076700000000000018e-01,1.179599999999999954e-01,1.213400000000000034e-01,1.275799999999999990e-01,1.280399999999999872e-01,1.251200000000000090e-01,1.310199999999999976e-01,1.324099999999999999e-01,1.382200000000000095e-01,1.428599999999999870e-01,1.506200000000000039e-01,1.591799999999999882e-01,1.640900000000000136e-01,1.673999999999999932e-01,1.746600000000000097e-01,1.792499999999999927e-01,1.046200000000000047e-01,1.399600000000000011e-01,-2.299999999999999961e-03,-9.339999999999999344e-03,-1.098000000000000018e-02,-6.999999999999999387e-05,-1.384999999999999946e-02,-2.623999999999999944e-02,-2.743999999999999911e-02,-3.790000000000000313e-02,-3.425000000000000266e-02,-3.402000000000000163e-02,-3.166999999999999676e-02,-2.607999999999999902e-02,-2.120999999999999969e-02,-1.788999999999999965e-02,-1.409000000000000009e-02,-1.257999999999999917e-02,-6.969999999999999633e-03,-2.139999999999999975e-03,3.769999999999999914e-03,8.800000000000000530e-03,1.328999999999999973e-02,2.154000000000000012e-02,3.377000000000000141e-02,1.764340000000000019e+00,1.175699999999999940e-01,2.793999999999999956e-02,-4.958000000000000185e-01,-4.655999999999999722e-02,6.168799999999999839e-01,5.751899999999999791e-01,6.230299999999999727e-01,6.420000000000000151e-01,5.590000000000000524e-01,3.901100000000000123e-01,2.749400000000000177e-01,-1.621539999999999981e+00,-8.249100000000000321e-01,1.191699999999999982e+00,4.127700000000000258e-01,2.356000000000000108e-02,1.451999999999999992e-02,1.087599999999999956e-01,1.400000000000000133e-01,1.019899999999999973e-01,4.905000000000000332e-02,3.862900000000000222e-01,4.254700000000000149e-01,7.532999999999999419e-02,2.468000000000000055e-02,5.989999999999999665e-03,7.324999999999999567e-02,-1.501249999999999973e+00,-1.039899999999999991e-01,1.915999999999999995e-02,5.333299999999999708e-01,5.718999999999999778e-02,-5.867400000000000393e-01,-5.425299999999999567e-01,-5.892399999999999860e-01,-6.135099999999999998e-01,-5.405299999999999550e-01,-3.665599999999999969e-01,2.803800000000000181e-01,1.500110000000000054e+00,-4.467000000000000137e-02,-1.555260000000000087e+00,-4.677299999999999791e-01,-3.869000000000000217e-02,-1.966000000000000039e-02,-1.139300000000000035e-01,-1.402799999999999880e-01,-9.952999999999999348e-02,-4.392000000000000071e-02,-3.737900000000000111e-01,-4.164900000000000269e-01,-7.566000000000000503e-02,-2.059000000000000066e-02,6.029999999999999770e-03,1.339299999999999935e-01,1.165299999999999947e-01,1.241499999999999965e-01,1.290600000000000080e-01,1.327200000000000046e-01,1.338399999999999868e-01,1.333199999999999941e-01,1.328600000000000059e-01,1.328000000000000014e-01,1.297699999999999965e-01,1.258499999999999897e-01,1.209500000000000020e-01,1.160599999999999965e-01,1.108999999999999986e-01,1.060699999999999976e-01,9.980999999999999595e-02,9.382000000000000062e-02,8.734999999999999709e-02,8.042000000000000537e-02,7.111000000000000654e-02,6.246000000000000163e-02,5.605999999999999872e-02,4.628999999999999782e-02,3.350999999999999812e-02,1.915000000000000036e-02,-6.400000000000000524e-04,-3.361000000000000099e-02,8.720000000000000320e-03,8.510000000000000203e-03,1.399000000000000070e-02,4.533400000000000207e-01,-9.050000000000000752e-03,2.567300000000000137e-01,3.024800000000000266e-01,2.279500000000000137e-01,1.215900000000000036e-01,8.004000000000000004e-02,-8.890000000000000333e-03,-8.630000000000000518e-03,-1.420000000000000082e-02,-4.542900000000000271e-01,7.790000000000000049e-03,-2.622599999999999931e-01,-3.118299999999999961e-01,-2.341999999999999915e-01,-1.240499999999999936e-01,-8.144999999999999463e-02
cmzi*c/cref,-2.500790164805954605e-02,-1.654330377458798629e-02,-1.130859452418926138e-02,-8.463373205741626590e-03,-5.240749335459862421e-03,-1.113627006911217538e-03,2.044337161084529200e-03,6.181120574162679224e-03,5.389058266879319381e-03,8.375496278575226758e-03,1.147397129186602908e-02,1.541208755980861406e-02,2.113257001594896420e-02,2.305408835725678007e-02,2.375655263157894562e-02,2.702176480595427921e-02,1.788388431685273769e-02,1.698421584263689471e-02,5.733731738437001374e-03,-4.572889952153109949e-03,4.316217171717172396e-03,8.618650451887293479e-03,-3.715708080808080571e-03,-1.244945531100478398e-01,-9.148666379585326802e-02,-1.565752727272727296e-01,-1.538864370015948779e-01,-1.491890948431685293e-01,-1.476796691121743943e-01,-1.450722121212121019e-01,-1.390357349282296817e-01,-1.333166618819776605e-01,-1.300460870813396896e-01,-1.258124080808080691e-01,-1.253621426900584646e-01,-1.207892737905369579e-01,-1.245789362041467285e-01,-1.251451347687400073e-01,-1.201336551834130684e-01,-1.178553564593301517e-01,-1.084299670388091386e-01,-1.074677066454013813e-01,-9.586869229133439252e-02,-9.651289835194044875e-02,-9.956163636363635216e-02,-1.065890116959064410e-01,-1.227233616161616248e-01,-2.021552573099415495e-01,-3.294887637958532900e-01,-3.974494392344497529e-01,-4.423128000000000060e-01,-4.709161547049441898e-01,-5.051917174375332165e-01,-5.380182430622010292e-01,-3.102756635832004672e-01,-2.480260738968633957e-02,-3.744923859649122722e-02,-5.520201414141413798e-02,-4.888478867623603785e-02,-2.832893141945773408e-02,-2.501086656034024608e-02,-5.567216666666667535e-02,-6.351666980329612189e-02,8.938527272727272988e-02,3.971656507177033502e-02,1.001609569377990248e-02,2.798708133971291537e-03,-2.865227060074428209e-03,2.740107974481658434e-03,-2.923095162147793576e-03,-1.016448229665071687e-02,-3.995011961722488847e-02,-8.964055502392344332e-02,6.357682955874534303e-02,5.573196491228071120e-02,2.477312068048910174e-02,2.795121233386496651e-02,4.855693859649121841e-02,5.464453535353534785e-02,3.696542807017544341e-02,2.427708001063264703e-02,3.098791234449760901e-01,5.380070081339713983e-01,5.056261807549176091e-01,4.711922870813397002e-01,4.423566020202019944e-01,3.972866035087719849e-01,3.292627843700159374e-01,2.011633067517278051e-01,1.215076508240297837e-01,1.054365847953216417e-01,9.836772727272725947e-02,9.537103822434873923e-02,9.477811711855395338e-02,1.067911740563530082e-01,1.076997652312599724e-01,1.168744669856459362e-01,1.190738255183412947e-01,1.239886331738436903e-01,1.232219929824561189e-01,1.192265220627325983e-01,1.236073745879851110e-01,1.236643230196703830e-01,1.277811200425305604e-01,1.307180392344497455e-01,1.363915748006379602e-01,1.426349272727272521e-01,1.454809203615098634e-01,1.468296459330143688e-01,1.515437814992025567e-01,1.538290909090908876e-01,8.916838798511429742e-02,1.191646673046252020e-01,-1.955635832004253092e-03,-7.930856671982986633e-03,-9.310818181818182257e-03,-5.927820308346623285e-05,-1.171271158958001046e-02,-2.206266454013822501e-02,-2.283544837852206216e-02,-3.121380329611908935e-02,-2.791293062200957131e-02,-2.743267177033493001e-02,-2.526494875066453982e-02,-2.058101605528974212e-02,-1.655530143540669824e-02,-1.380991967038809262e-02,-1.075521685273790606e-02,-9.494321956406166080e-03,-5.200375917065389909e-03,-1.578252844231791503e-03,2.747931153641680006e-03,6.338526315789473273e-03,9.458226634768739441e-03,1.514418883572567903e-02,2.345228654970760510e-02,9.783598282828284143e-01,6.672863173843700257e-02,1.622228187134503244e-02,-2.943354524189261689e-01,-2.824838022328548387e-02,3.823147415204677935e-01,3.639812105263157682e-01,4.023826502923976145e-01,4.230134928229664637e-01,3.756176874003189781e-01,2.672222390749601217e-01,1.919186440191387455e-01,-1.153060628601807691e+00,-5.973471084529505815e-01,8.785002062732589767e-01,3.096718599681021478e-01,1.798275555555555946e-02,1.127225964912280561e-02,8.585217203615097548e-02,1.123386496544391266e-01,8.316929351408824944e-02,4.063874641148326056e-02,3.250873706539075259e-01,3.636105977671451606e-01,6.536048899521530731e-02,2.173585050505050589e-02,5.353582402977139464e-03,6.642306884635831854e-02,-8.324714580010633691e-01,-5.902109734183945411e-02,1.112451398192450952e-02,3.166154232323232787e-01,3.469769898989898821e-02,-3.636353122807017280e-01,-3.433139069643805774e-01,-3.805594479532163343e-01,-4.042414454545454339e-01,-3.632068489633173414e-01,-2.510906768740031603e-01,1.957159722488038267e-01,1.066712988623073066e+00,-3.234715948963317461e-02,-1.146510221371610960e+00,-3.509044239234450080e-01,-2.953110409356725710e-02,-1.526257745879851073e-02,-8.993322876129718202e-02,-1.125633269537479886e-01,-8.116324917597021738e-02,-3.638845550239235005e-02,-3.145678331738437361e-01,-3.559362066985646278e-01,-6.564681531100478862e-02,-1.813375858585858716e-02,5.389332535885167121e-03,7.027658123338649532e-02,6.329233094098883627e-02,6.971672620946305077e-02,7.484999712918660730e-02,7.941609186602871517e-02,8.255032046783623845e-02,8.468477894736842204e-02,8.683859564061670311e-02,8.924428282828283931e-02,8.959718181818181193e-02,8.920764513556617148e-02,8.796170733652311502e-02,8.654213503455608636e-02,8.473620786815523609e-02,8.299850622009569134e-02,7.993767511961721861e-02,7.686805773524721386e-02,7.317524508240297321e-02,6.885037947900053690e-02,6.218892727272727627e-02,5.577402392344497917e-02,5.109149250398724307e-02,4.303961020733652193e-02,3.177392902711323464e-02,1.851044497607655381e-02,-6.304085061137693286e-04,-3.372524960127592369e-02,1.390749601275917012e-03,1.357256778309409804e-03,2.212666135034556305e-03,7.049545454545454171e-02,-1.383240297713981930e-03,3.855727006911217197e-02,4.462424242424242737e-02,3.302305954279639161e-02,1.745311004784689049e-02,1.148899521531100525e-02,-1.417862838915470280e-03,-1.376395534290270973e-03,-2.245879851143009042e-03,-7.064318181818181330e-02,1.190656565656565647e-03,-3.938779904306220075e-02,-4.600362838915470626e-02,-3.392849548112705782e-02,-1.780622009569378036e-02,-1.169138755980861193e-02
cmzo,-4.975999999999999868e-02,-4.984000000000000236e-02,-4.973999999999999949e-02,-4.945999999999999702e-02,-4.904000000000000026e-02,-4.852999999999999675e-02,-4.796999999999999875e-02,-4.737999999999999851e-02,-4.674999999999999989e-02,-4.612000000000000127e-02,-4.546999999999999653e-02,-4.483999999999999792e-02,-4.420000000000000318e-02,-4.363000000000000211e-02,-4.311000000000000248e-02,-4.268000000000000266e-02,-4.240000000000000019e-02,-4.236000000000000182e-02,-4.232000000000000345e-02,-4.257999999999999979e-02,-4.283000000000000002e-02,-4.309000000000000330e-02,-4.340999999999999720e-02,-4.381000000000000172e-02,-4.453000000000000014e-02,-4.596000000000000085e-02,-4.592999999999999861e-02,-4.547999999999999959e-02,-4.476999999999999730e-02,-4.392999999999999683e-02,-4.297999999999999737e-02,-4.193999999999999811e-02,-4.084999999999999742e-02,-3.967999999999999999e-02,-3.844999999999999807e-02,-3.710999999999999716e-02,-3.554999999999999827e-02,-3.409000000000000224e-02,-3.277999999999999664e-02,-3.148999999999999716e-02,-3.022000000000000033e-02,-2.895000000000000004e-02,-2.773000000000000118e-02,-2.650999999999999884e-02,-2.530999999999999917e-02,-2.416000000000000092e-02,-2.305000000000000104e-02,-2.378999999999999865e-02,-3.404000000000000081e-02,-3.810000000000000192e-02,-4.012999999999999901e-02,-4.096999999999999947e-02,-4.118000000000000133e-02,-4.116999999999999826e-02,-3.994999999999999940e-02,-4.002000000000000002e-02,-3.645999999999999935e-02,-3.130000000000000143e-02,-2.570000000000000062e-02,-2.002999999999999919e-02,-1.507999999999999965e-02,-1.088000000000000078e-02,-6.259999999999999939e-03,-4.590000000000000330e-03,-3.279999999999999930e-03,-2.230000000000000211e-03,-1.299999999999999940e-03,-4.200000000000000174e-04,4.200000000000000174e-04,1.299999999999999940e-03,2.239999999999999804e-03,3.279999999999999930e-03,4.599999999999999922e-03,6.270000000000000399e-03,1.089999999999999997e-02,1.510000000000000057e-02,2.004999999999999838e-02,2.572999999999999940e-02,3.135000000000000286e-02,3.651000000000000079e-02,4.007999999999999757e-02,4.002000000000000002e-02,4.123999999999999888e-02,4.127000000000000113e-02,4.105999999999999928e-02,4.023000000000000187e-02,3.821000000000000091e-02,3.414999999999999980e-02,2.392000000000000029e-02,2.317999999999999922e-02,2.429999999999999868e-02,2.546999999999999958e-02,2.667999999999999886e-02,2.792000000000000037e-02,2.915999999999999842e-02,3.043999999999999831e-02,3.173000000000000126e-02,3.302999999999999686e-02,3.436000000000000165e-02,3.583999999999999686e-02,3.742999999999999799e-02,3.878999999999999809e-02,4.003000000000000308e-02,4.120999999999999663e-02,4.232000000000000345e-02,4.336999999999999883e-02,4.433000000000000135e-02,4.519000000000000100e-02,4.590999999999999942e-02,4.635999999999999843e-02,4.639999999999999680e-02,4.494000000000000078e-02,4.420999999999999930e-02,4.379000000000000253e-02,4.347999999999999782e-02,4.320999999999999841e-02,4.295999999999999819e-02,4.268999999999999878e-02,4.272999999999999715e-02,4.275999999999999940e-02,4.304000000000000187e-02,4.345999999999999863e-02,4.397999999999999826e-02,4.454999999999999932e-02,4.517999999999999794e-02,4.580999999999999656e-02,4.644000000000000211e-02,4.705999999999999767e-02,4.766999999999999710e-02,4.825000000000000122e-02,4.879000000000000004e-02,4.927000000000000129e-02,4.966000000000000275e-02,4.988999999999999685e-02,4.995000000000000134e-02,4.982000000000000317e-02,-2.410999999999999949e-02,-2.386999999999999886e-02,-2.383000000000000049e-02,-2.415000000000000133e-02,-3.037000000000000116e-02,-4.887999999999999984e-02,-5.630999999999999894e-02,-5.994000000000000022e-02,-6.110999999999999766e-02,-6.042000000000000148e-02,-5.836000000000000215e-02,-5.501000000000000334e-02,-4.947000000000000008e-02,-4.318000000000000310e-02,-3.962999999999999856e-02,-3.497999999999999721e-02,-2.985000000000000153e-02,-2.506999999999999854e-02,-2.060999999999999985e-02,-1.640000000000000138e-02,-1.238999999999999997e-02,-8.519999999999999796e-03,-4.089999999999999886e-03,-2.609999999999999907e-03,-2.020000000000000094e-03,-1.420000000000000038e-03,-8.300000000000000086e-04,-2.700000000000000035e-04,2.397000000000000172e-02,2.357000000000000067e-02,2.342999999999999944e-02,2.352999999999999883e-02,2.954000000000000029e-02,4.805000000000000243e-02,5.555999999999999828e-02,5.929000000000000242e-02,6.060000000000000109e-02,6.010000000000000064e-02,5.827999999999999847e-02,5.521999999999999825e-02,4.991999999999999910e-02,4.349999999999999700e-02,3.962999999999999856e-02,3.495000000000000190e-02,2.981999999999999929e-02,2.502000000000000057e-02,2.053999999999999923e-02,1.631000000000000158e-02,1.229000000000000058e-02,8.420000000000000401e-03,3.980000000000000031e-03,2.490000000000000026e-03,1.920000000000000049e-03,1.340000000000000045e-03,7.699999999999999597e-04,-0.000000000000000000e+00,-0.000000000000000000e+00,-0.000000000000000000e+00,-0.000000000000000000e+00,-0.000000000000000000e+00,-0.000000000000000000e+00,-0.000000000000000000e+00,-0.000000000000000000e+00,-0.000000000000000000e+00,-0.000000000000000000e+00,-0.000000000000000000e+00,-0.000000000000000000e+00,-0.000000000000000000e+00,-0.000000000000000000e+00,-0.000000000000000000e+00,-0.000000000000000000e+00,-0.000000000000000000e+00,-0.000000000000000000e+00,-0.000000000000000000e+00,-0.000000000000000000e+00,-0.000000000000000000e+00,-0.000000000000000000e+00,-0.000000000000000000e+00,-0.000000000000000000e+00,-0.000000000000000000e+00,-0.000000000000000000e+00,-0.000000000000000000e+00,-2.234999999999999834e-02,-2.302999999999999839e-02,-3.162000000000000227e-02,-1.161500000000000032e-01,-1.739199999999999913e-01,-9.135000000000000064e-02,-1.136199999999999988e-01,-1.346799999999999942e-01,-1.465299999999999936e-01,-1.490400000000000058e-01,2.234999999999999834e-02,2.302999999999999839e-02,3.162000000000000227e-02,1.161699999999999955e-01,1.739100000000000090e-01,9.146999999999999575e-02,1.138099999999999945e-01,1.347899999999999932e-01,1.466000000000000081e-01,1.490599999999999981e-01
cmzo*c/cref,-3.455687825624667586e-02,-3.504115002658160505e-02,-3.539896108452950108e-02,-3.562539904306219474e-02,-3.574497182349813812e-02,-3.579093950026581566e-02,-3.579082248803827637e-02,-3.575842402977139761e-02,-3.568533625730994224e-02,-3.560164869750133410e-02,-3.549125677830940878e-02,-3.538545858585858545e-02,-3.526083785220628097e-02,-3.518187740563530341e-02,-3.513361866028708036e-02,-3.515053099415205162e-02,-3.528509516214779762e-02,-3.561640510366826523e-02,-3.578931079213184402e-02,-3.605808410419988896e-02,-3.631897474747475263e-02,-3.658893083466241425e-02,-3.691050063795853209e-02,-3.730068644338117856e-02,-3.795324332801701395e-02,-3.944203636363636384e-02,-3.985117304625199197e-02,-3.989135183413078378e-02,-3.969273450292397365e-02,-3.936394242424241796e-02,-3.891986379585327116e-02,-3.837543444976076329e-02,-3.776485858585858224e-02,-3.705913705475810671e-02,-3.627464167995746863e-02,-3.536202232854863958e-02,-3.421229186602870592e-02,-3.313036921850080058e-02,-3.216779298245613095e-02,-3.120021164274321829e-02,-3.022835427963849186e-02,-2.923226634768739951e-02,-2.826322387028176383e-02,-2.727091169590643155e-02,-2.627638181818181540e-02,-2.531148538011696383e-02,-2.436707283359915155e-02,-2.537473524720893284e-02,-3.663018883572567719e-02,-4.136027432216906469e-02,-4.394437676767676965e-02,-4.525257384370015568e-02,-4.587487028176501919e-02,-4.625419952153110581e-02,-4.526222434875067091e-02,-4.572088197767145562e-02,-4.199936140350877395e-02,-3.635226262626262139e-02,-3.009195374800637673e-02,-2.364285401382243412e-02,-1.792603934077618283e-02,-1.301209824561403751e-02,-7.532001382243487704e-03,-5.579741626794258898e-03,-4.031888995215311168e-03,-2.757517703349282156e-03,-1.617031366294523903e-03,-5.255001594896331228e-04,5.255001594896331228e-04,1.617031366294523903e-03,2.769883253588516399e-03,4.031888995215311168e-03,5.591897926634769103e-03,7.544033333333334361e-03,1.303601754385965046e-02,1.794981392876129900e-02,2.366646145667198123e-02,3.012708054226474752e-02,3.641033333333332928e-02,4.205695789473684609e-02,4.578942902711324175e-02,4.534153237639553663e-02,4.633284401913875805e-02,4.597513104731525829e-02,4.535198149920254690e-02,4.405388181818181703e-02,4.147968718766613383e-02,3.674855901116427792e-02,2.551339500265816310e-02,2.450450101010101175e-02,2.545815789473684226e-02,2.644249090909090577e-02,2.744579117490696107e-02,2.845687740563529813e-02,2.944431387559808336e-02,3.044841509835193721e-02,3.143800303030303001e-02,3.241312392344496834e-02,3.339276874003190010e-02,3.449137947900052931e-02,3.566694949494949446e-02,3.659540574162679222e-02,3.738601956406167187e-02,3.809767006911216752e-02,3.872313748006379897e-02,3.927302216905901450e-02,3.972236666666666832e-02,4.006510324295587538e-02,4.026851281233386620e-02,4.022426262626262183e-02,3.981963636363636261e-02,3.830268931419457401e-02,3.764125422647527502e-02,3.723360568846358076e-02,3.692009080276448252e-02,3.664120707070707417e-02,3.637988006379584693e-02,3.610221355661881459e-02,3.592750212652844055e-02,3.558468559276980331e-02,3.544702094630516193e-02,3.541886028708134126e-02,3.546410653907496047e-02,3.554005263157895139e-02,3.565376937799043244e-02,3.575664114832535767e-02,3.584866794258373401e-02,3.592196629452418938e-02,3.597729154704944199e-02,3.599973285486443575e-02,3.598268984582668473e-02,3.591261749069644266e-02,3.576945645933014145e-02,3.550571307814991834e-02,3.511848803827751636e-02,3.459854651780967794e-02,-1.336945002658160644e-02,-1.354777953216374300e-02,-1.383596911217437747e-02,-1.433683173843700379e-02,-1.842575832004253109e-02,-3.029364635832004077e-02,-3.563306379585326478e-02,-3.871212631578947044e-02,-4.026534976076554667e-02,-4.059896363636363720e-02,-3.997613460925039663e-02,-3.839908564593301488e-02,-3.517761467304625356e-02,-3.126819670388091693e-02,-2.921453652312599666e-02,-2.624299649122806971e-02,-2.278375438596491609e-02,-1.946250340244550653e-02,-1.626897081339712808e-02,-1.315967038809144098e-02,-1.010361355661881962e-02,-7.058962679425837862e-03,-3.441992663476874190e-03,-2.230530143540669901e-03,-1.752664114832536190e-03,-1.250604040404040352e-03,-7.418152578415735570e-04,-2.448358851674641164e-04,1.329181738437001763e-02,1.337750999468368014e-02,1.360372456140350982e-02,1.396876400850611405e-02,1.792218968633705473e-02,2.977924933545986197e-02,3.515846251993619970e-02,3.829232514619883287e-02,3.992931100478468859e-02,4.038394098883572175e-02,3.992133524720892918e-02,3.854567368421052409e-02,3.549760510366826299e-02,3.149992025518341676e-02,2.921453652312599666e-02,2.622048963317384629e-02,2.276085614035087967e-02,1.942368708133971125e-02,1.621371472620946122e-02,1.308745268474215823e-02,1.002206703880914422e-02,6.976111004784690123e-03,3.349420733652313034e-03,2.127977033492823179e-03,1.665898564593301656e-03,1.180147474747474719e-03,6.881900584795320715e-04,-0.000000000000000000e+00,-0.000000000000000000e+00,-0.000000000000000000e+00,-0.000000000000000000e+00,-0.000000000000000000e+00,-0.000000000000000000e+00,-0.000000000000000000e+00,-0.000000000000000000e+00,-0.000000000000000000e+00,-0.000000000000000000e+00,-0.000000000000000000e+00,-0.000000000000000000e+00,-0.000000000000000000e+00,-0.000000000000000000e+00,-0.000000000000000000e+00,-0.000000000000000000e+00,-0.000000000000000000e+00,-0.000000000000000000e+00,-0.000000000000000000e+00,-0.000000000000000000e+00,-0.000000000000000000e+00,-0.000000000000000000e+00,-0.000000000000000000e+00,-0.000000000000000000e+00,-0.000000000000000000e+00,-0.000000000000000000e+00,-0.000000000000000000e+00,-3.564593301435406165e-03,-3.673046251993619671e-03,-5.001036682615630190e-03,-1.806160287081339660e-02,-2.658266879319510362e-02,-1.371949760765550121e-02,-1.676212121212121084e-02,-1.951105794790005191e-02,-2.103301435406698325e-02,-2.139330143540670026e-02,3.564593301435406165e-03,3.673046251993619671e-03,5.001036682615630190e-03,1.806471291866028339e-02,2.658114035087719151e-02,1.373751993620414558e-02,1.679015151515151488e-02,1.952699362041467393e-02,2.104306220095693986e-02,2.139617224880382626e-02
cs,1.097899999999999987e-01,-1.049999999999999935e-03,-7.089999999999999948e-03,-9.849999999999999381e-03,-1.204999999999999995e-02,-1.382000000000000069e-02,-1.507000000000000006e-02,-1.545999999999999978e-02,-1.631000000000000158e-02,-1.776000000000000148e-02,-1.854000000000000092e-02,-1.938000000000000139e-02,-2.044999999999999943e-02,-2.216999999999999874e-02,-2.323000000000000065e-02,-2.549999999999999836e-02,-2.928000000000000047e-02,-2.160000000000000114e-02,1.985999999999999918e-02,-3.608000000000000096e-02,-3.991999999999999715e-02,-3.858999999999999930e-02,-5.360999999999999793e-02,-2.778200000000000114e-01,-1.044699999999999934e-01,-2.756000000000000116e-02,-3.264999999999999847e-02,-3.253000000000000336e-02,-3.305999999999999911e-02,-3.343999999999999750e-02,-3.334000000000000158e-02,-3.325000000000000178e-02,-3.370000000000000079e-02,-3.441999999999999921e-02,-3.461000000000000187e-02,-3.456000000000000044e-02,-3.493000000000000271e-02,-3.620000000000000301e-02,-3.669000000000000039e-02,-3.667000000000000121e-02,-3.652999999999999997e-02,-3.516999999999999987e-02,-3.502999999999999864e-02,-3.552999999999999908e-02,-3.593999999999999972e-02,-3.688999999999999918e-02,-3.894999999999999851e-02,1.372999999999999915e-02,-9.530000000000000276e-03,-7.610999999999999710e-02,-9.873999999999999444e-02,-1.428200000000000025e-01,-2.424099999999999866e-01,-4.207000000000000184e-01,-2.341499999999999970e-01,4.461999999999999994e-02,-2.900000000000000147e-02,-1.018799999999999983e-01,-1.126599999999999963e-01,-9.067000000000000060e-02,-8.215000000000000080e-02,-1.817499999999999949e-01,-1.507499999999999951e-01,1.226700000000000013e-01,2.758999999999999994e-02,-1.717000000000000123e-02,-2.774000000000000077e-02,-3.676000000000000101e-02,3.647000000000000242e-02,2.750000000000000014e-02,1.693000000000000060e-02,-2.793999999999999956e-02,-1.229900000000000021e-01,1.511399999999999966e-01,1.822999999999999898e-01,8.222000000000000142e-02,9.070000000000000284e-02,1.128799999999999942e-01,1.022099999999999953e-01,2.947999999999999926e-02,-4.408000000000000113e-02,2.342700000000000060e-01,4.205599999999999894e-01,2.424099999999999866e-01,1.429700000000000137e-01,9.894000000000000017e-02,7.621999999999999609e-02,9.299999999999999239e-03,-1.401999999999999948e-02,3.896999999999999770e-02,3.694999999999999674e-02,3.610000000000000014e-02,3.572999999999999787e-02,3.524999999999999661e-02,3.540999999999999703e-02,3.679999999999999938e-02,3.692999999999999755e-02,3.692999999999999755e-02,3.642999999999999711e-02,3.513999999999999763e-02,3.481000000000000066e-02,3.493000000000000271e-02,3.475999999999999923e-02,3.404999999999999694e-02,3.359000000000000180e-02,3.368000000000000160e-02,3.386000000000000121e-02,3.352000000000000118e-02,3.296000000000000318e-02,3.311999999999999666e-02,2.810999999999999957e-02,1.057799999999999990e-01,2.867500000000000049e-01,5.439000000000000085e-02,3.853999999999999787e-02,4.048000000000000209e-02,3.615000000000000158e-02,-1.858999999999999889e-02,2.204000000000000056e-02,2.956999999999999906e-02,2.580000000000000002e-02,2.352999999999999883e-02,2.247000000000000039e-02,2.069999999999999965e-02,1.955000000000000140e-02,1.867999999999999869e-02,1.788999999999999965e-02,1.645999999999999894e-02,1.565000000000000072e-02,1.528000000000000018e-02,1.403000000000000080e-02,1.221999999999999996e-02,9.950000000000000511e-03,7.100000000000000408e-03,7.699999999999999597e-04,-1.164099999999999996e-01,2.970800000000000107e-01,7.409999999999999920e-03,-1.331000000000000065e-02,-1.185400000000000065e-01,-7.453999999999999515e-02,4.460000000000000075e-02,2.928000000000000047e-02,3.617000000000000076e-02,3.420999999999999736e-02,1.838000000000000050e-02,-1.744000000000000064e-02,-4.043000000000000066e-02,-4.091299999999999937e-01,-2.047400000000000053e-01,2.674400000000000110e-01,8.946999999999999398e-02,1.649999999999999991e-03,3.670000000000000085e-03,2.612000000000000086e-02,3.296999999999999931e-02,2.333999999999999964e-02,1.020000000000000073e-02,9.690000000000000002e-02,1.067400000000000015e-01,1.677999999999999978e-02,4.720000000000000237e-03,8.499999999999999526e-04,1.798999999999999905e-02,-2.528900000000000037e-01,-6.559999999999999859e-03,1.905000000000000096e-02,1.226200000000000068e-01,7.267999999999999461e-02,-4.336999999999999883e-02,-2.779999999999999832e-02,-3.448999999999999982e-02,-3.345999999999999669e-02,-1.959999999999999937e-02,1.754000000000000004e-02,1.523400000000000032e-01,3.998700000000000032e-01,1.116999999999999937e-02,-3.446100000000000274e-01,-1.003899999999999931e-01,-4.100000000000000346e-03,-5.060000000000000261e-03,-2.804999999999999855e-02,-3.359000000000000180e-02,-2.321000000000000146e-02,-9.320000000000000159e-03,-9.436999999999999555e-02,-1.051499999999999935e-01,-1.720999999999999960e-02,-4.040000000000000188e-03,1.949999999999999910e-03,2.066000000000000128e-02,1.893999999999999850e-02,2.097999999999999865e-02,2.261000000000000162e-02,2.403999999999999887e-02,2.504999999999999935e-02,2.576000000000000165e-02,2.645000000000000129e-02,2.721000000000000155e-02,2.738000000000000156e-02,2.731000000000000094e-02,2.696000000000000132e-02,2.651999999999999844e-02,2.597000000000000003e-02,2.539999999999999897e-02,2.443000000000000033e-02,2.340000000000000066e-02,2.216999999999999874e-02,2.070999999999999924e-02,1.851999999999999827e-02,1.636999999999999914e-02,1.474999999999999922e-02,1.213000000000000016e-02,8.550000000000000308e-03,4.409999999999999858e-03,-1.369999999999999907e-03,-1.093000000000000048e-02,-6.440000000000000412e-03,-2.629999999999999959e-03,-4.239999999999999845e-03,-2.258499999999999952e-01,1.838000000000000050e-02,-7.853999999999999870e-02,-8.874999999999999556e-02,-6.585000000000000575e-02,-4.585999999999999799e-02,-2.297000000000000083e-02,6.649999999999999661e-03,2.720000000000000195e-03,4.400000000000000265e-03,2.259799999999999864e-01,-1.679999999999999896e-02,7.943999999999999673e-02,9.002000000000000279e-02,6.661000000000000254e-02,4.640999999999999986e-02,2.315000000000000044e-02
cs*c/cref,7.624597395002657985e-02,-7.382264752791067907e-04,-5.045810898458266518e-03,-7.094827751196170970e-03,-8.783175172780436496e-03,-1.019226836788942117e-02,-1.124385438596491212e-02,-1.166790281765018623e-02,-1.244979324827219687e-02,-1.370956810207336722e-02,-1.447125358851674738e-02,-1.529371515151515398e-02,-1.631412068048910397e-02,-1.787719968102073273e-02,-1.893189425837320597e-02,-2.100137161084529580e-02,-2.436668835725678064e-02,-1.816133971291866017e-02,1.679526730462519921e-02,-3.055367953216374388e-02,-3.385135353535353303e-02,-3.276785427963848502e-02,-4.558332041467304252e-02,-2.365413537480063888e-01,-8.904054189261030594e-02,-2.365149090909091090e-02,-2.832877857522594217e-02,-2.853266656034025156e-02,-2.931073939393939384e-02,-2.996426666666666266e-02,-3.019051323763955602e-02,-3.042401515151515329e-02,-3.115485273790536552e-02,-3.214655991493885895e-02,-3.265189463051568208e-02,-3.293213397129186870e-02,-3.361562179691653801e-02,-3.518097288676236278e-02,-3.600476889952152620e-02,-3.633254242424242830e-02,-3.654009867091972258e-02,-3.551291217437533426e-02,-3.570359654439127922e-02,-3.654981111111110792e-02,-3.731225454545453873e-02,-3.864820760233918240e-02,-4.117559595959596058e-02,1.464460340244550830e-02,-1.025516156299840533e-02,-8.262284720893141310e-02,-1.081252868686868596e-01,-1.577489039872408405e-01,-2.700468019670387854e-01,-4.726534306220096515e-01,-2.652853524720893419e-01,5.097615576820840183e-02,-3.340596491228070564e-02,-1.183248727272727119e-01,-1.319128213716108111e-01,-1.070243421584263638e-01,-9.765412014885699321e-02,-2.173666228070175732e-01,-1.813816626794258480e-01,1.491213301435406757e-01,3.391457846889952416e-02,-2.123164976076554952e-02,-3.450496161616161545e-02,-4.599377586390217265e-02,4.563093051568314212e-02,3.420643274853801125e-02,2.093487655502392075e-02,-3.434481052631579295e-02,-1.495103317384370023e-01,1.818509087719298312e-01,2.180244035087719467e-01,9.773733120680488939e-02,1.070597533227006931e-01,1.321704178628388959e-01,1.187081393939393714e-01,3.395889122807017879e-02,-5.035923232323232662e-02,2.654213090909091077e-01,4.724961416267943193e-01,2.700468019670387854e-01,1.579145834130781523e-01,1.083442969696969682e-01,8.274226007442848918e-02,1.000766028708133942e-02,-1.495392131844763481e-02,4.119673875598086482e-02,3.871106725146199190e-02,3.747836363636363605e-02,3.675555167464114592e-02,3.592782695374800023e-02,3.575525220627325668e-02,3.681017331206804660e-02,3.659014976076555015e-02,3.624028660287080539e-02,3.540449840510366541e-02,3.381771972355129829e-02,3.317035832004253115e-02,3.295379021796916719e-02,3.246410292397660519e-02,3.147841945773523914e-02,3.073511786283891767e-02,3.049839489633173958e-02,3.034061212121211965e-02,2.971857182349814386e-02,2.890982753854333398e-02,2.873657416267942286e-02,2.412349090909090762e-02,9.015706443381180102e-02,2.441445295055821307e-01,4.624653604465709528e-02,3.272539787347155532e-02,3.432622222222223018e-02,3.061295773524721001e-02,-1.572124970760233748e-02,1.853129292929292862e-02,2.460802509303561952e-02,2.124844657097288772e-02,1.917638708133971234e-02,1.811911036682615703e-02,1.651355980861244147e-02,1.542787054758107748e-02,1.458052950558213698e-02,1.380991967038809262e-02,1.256429165337586383e-02,1.181129877724614724e-02,1.140053716108452818e-02,1.034714364699627909e-02,8.907087187666135400e-03,7.166856459330143460e-03,5.052927698032961754e-03,5.413660818713450376e-04,-8.084337214247741543e-02,1.647364667729931120e-01,4.205657575757575962e-03,-7.727937426900585889e-03,-7.037217533227008159e-02,-4.522410356193513198e-02,2.764109303561934974e-02,1.852843381180223348e-02,2.336032046783625624e-02,2.254095263157894491e-02,1.235036331738437014e-02,-1.194626092503987130e-02,-2.822168755980861143e-02,-2.909281886230728476e-01,-1.482596246677299612e-01,1.971520476342371320e-01,6.712295300372142504e-02,1.259403508771929836e-03,2.849117969165337362e-03,2.061841424774056228e-02,2.645575199362041122e-02,1.903295725677830660e-02,8.450870813397130116e-03,8.154745454545454797e-02,9.122099138755981884e-02,1.455925933014354245e-02,4.156937373737373820e-03,7.596903242955873855e-04,1.631332434875066434e-02,-1.402322777777778029e-01,-3.723227219564062204e-03,1.106064673046252243e-02,7.279429845826689005e-02,4.409562445507708012e-02,-2.687879383306751579e-02,-1.759188729399255649e-02,-2.227529590643274535e-02,-2.204677799043061950e-02,-1.317013716108452782e-02,1.201476012759170563e-02,1.063391511961722380e-01,2.843434966507177308e-01,8.088600212652844595e-03,-2.540404095693780118e-01,-7.531544933545986087e-02,-3.129426900584795796e-03,-3.928211695906432335e-03,-2.214190350877192834e-02,-2.695325172780435943e-02,-1.892694678362573033e-02,-7.721776076555024980e-03,-7.941830015948964094e-02,-8.986216267942584435e-02,-1.493235119617225028e-02,-3.558056565656565837e-03,1.742818979266347627e-03,1.084084348750664721e-02,1.028710845295055694e-02,1.178136863370547564e-02,1.311295858585858655e-02,1.438489186602870742e-02,1.545042982456140170e-02,1.636273556618820027e-02,1.728797873471557903e-02,1.828566969696969816e-02,1.890399043062201273e-02,1.935844885699096116e-02,1.960684274322168838e-02,1.977509409888357148e-02,1.984309574694311309e-02,1.987519617224879978e-02,1.956594933545986389e-02,1.917195215311005146e-02,1.857235470494417867e-02,1.773055656565656474e-02,1.619658181818181553e-02,1.461768766613503502e-02,1.344273125996810203e-02,1.127825603402445552e-02,8.107045454545453583e-03,4.262718660287081497e-03,-1.349468208399787379e-03,-1.096747926634768916e-02,-1.027113237639553289e-03,-4.194577352472088523e-04,-6.706007442849547771e-04,-3.512021531100478072e-02,2.809276980329611633e-03,-1.179561403508771859e-02,-1.309310207336523112e-02,-9.539673046251995539e-03,-6.582775119617224890e-03,-3.297129186602870948e-03,1.060606060606060497e-03,4.338118022328548372e-04,6.959064327485380008e-04,3.514043062200956219e-02,-2.567783094098883331e-03,1.193078149920255050e-02,1.328046251993620502e-02,9.649774056353005447e-03,6.661722488038277455e-03,3.322966507177033558e-03
csi,1.097899999999999987e-01,-1.049999999999999935e-03,-7.089999999999999948e-03,-9.849999999999999381e-03,-1.204999999999999995e-02,-1.382000000000000069e-02,-1.507000000000000006e-02,-1.545999999999999978e-02,-1.631000000000000158e-02,-1.777000000000000107e-02,-1.854000000000000092e-02,-1.938000000000000139e-02,-2.045999999999999902e-02,-2.216999999999999874e-02,-2.323000000000000065e-02,-2.551000000000000142e-02,-2.928000000000000047e-02,-2.160000000000000114e-02,1.985999999999999918e-02,-3.608000000000000096e-02,-3.991999999999999715e-02,-3.860000000000000236e-02,-5.362000000000000099e-02,-2.778300000000000214e-01,-1.044899999999999995e-01,-2.758999999999999994e-02,-3.268000000000000071e-02,-3.255999999999999867e-02,-3.309000000000000136e-02,-3.348000000000000281e-02,-3.336999999999999689e-02,-3.327999999999999708e-02,-3.373999999999999916e-02,-3.445999999999999758e-02,-3.463999999999999718e-02,-3.459999999999999881e-02,-3.495999999999999802e-02,-3.624000000000000138e-02,-3.672999999999999876e-02,-3.670000000000000345e-02,-3.656999999999999834e-02,-3.520999999999999824e-02,-3.506999999999999701e-02,-3.556999999999999745e-02,-3.597999999999999809e-02,-3.692999999999999755e-02,-3.899999999999999994e-02,1.369000000000000078e-02,-9.599999999999999159e-03,-7.618999999999999384e-02,-9.883999999999999730e-02,-1.429300000000000015e-01,-2.425299999999999956e-01,-4.208299999999999819e-01,-2.342899999999999983e-01,4.445999999999999952e-02,-2.915999999999999842e-02,-1.020400000000000057e-01,-1.127999999999999975e-01,-9.080000000000000571e-02,-8.225999999999999979e-02,-1.818299999999999916e-01,-1.508099999999999996e-01,1.226399999999999990e-01,2.758000000000000035e-02,-1.718000000000000083e-02,-2.774000000000000077e-02,-3.676000000000000101e-02,3.647999999999999854e-02,2.750000000000000014e-02,1.694000000000000020e-02,-2.792999999999999997e-02,-1.229599999999999999e-01,1.512000000000000011e-01,1.823899999999999966e-01,8.233000000000000040e-02,9.084000000000000408e-02,1.130300000000000055e-01,1.023600000000000065e-01,2.963999999999999968e-02,-4.392999999999999683e-02,2.344100000000000072e-01,4.206900000000000084e-01,2.425299999999999956e-01,1.430800000000000127e-01,9.904000000000000303e-02,7.630000000000000671e-02,9.369999999999999857e-03,-1.397999999999999937e-02,3.901000000000000301e-02,3.699999999999999817e-02,3.613999999999999851e-02,3.577000000000000318e-02,3.529000000000000192e-02,3.545000000000000234e-02,3.683999999999999775e-02,3.697000000000000286e-02,3.697000000000000286e-02,3.647000000000000242e-02,3.518000000000000294e-02,3.484999999999999903e-02,3.495999999999999802e-02,3.479999999999999760e-02,3.407999999999999918e-02,3.363000000000000017e-02,3.371999999999999997e-02,3.389999999999999958e-02,3.355000000000000343e-02,3.298999999999999849e-02,3.314000000000000279e-02,2.813999999999999835e-02,1.058000000000000052e-01,2.867500000000000049e-01,5.439000000000000085e-02,3.855000000000000093e-02,4.048000000000000209e-02,3.615000000000000158e-02,-1.858999999999999889e-02,2.204000000000000056e-02,2.957999999999999866e-02,2.580999999999999961e-02,2.352999999999999883e-02,2.247000000000000039e-02,2.069999999999999965e-02,1.956000000000000100e-02,1.867999999999999869e-02,1.789999999999999925e-02,1.645999999999999894e-02,1.565000000000000072e-02,1.528000000000000018e-02,1.403000000000000080e-02,1.221999999999999996e-02,9.960000000000000103e-03,7.100000000000000408e-03,7.699999999999999597e-04,-1.164099999999999996e-01,2.970800000000000107e-01,7.409999999999999920e-03,-1.331000000000000065e-02,-1.185400000000000065e-01,-7.453999999999999515e-02,4.460000000000000075e-02,2.928000000000000047e-02,3.617000000000000076e-02,3.420999999999999736e-02,1.838000000000000050e-02,-1.744000000000000064e-02,-4.043000000000000066e-02,-4.091299999999999937e-01,-2.047400000000000053e-01,2.674400000000000110e-01,8.946999999999999398e-02,1.649999999999999991e-03,3.670000000000000085e-03,2.612000000000000086e-02,3.296999999999999931e-02,2.333999999999999964e-02,1.020000000000000073e-02,9.690000000000000002e-02,1.067400000000000015e-01,1.677999999999999978e-02,4.720000000000000237e-03,8.499999999999999526e-04,1.798999999999999905e-02,-2.528900000000000037e-01,-6.559999999999999859e-03,1.905000000000000096e-02,1.226200000000000068e-01,7.267999999999999461e-02,-4.336999999999999883e-02,-2.779999999999999832e-02,-3.448999999999999982e-02,-3.345999999999999669e-02,-1.959999999999999937e-02,1.754000000000000004e-02,1.523400000000000032e-01,3.998700000000000032e-01,1.116999999999999937e-02,-3.446100000000000274e-01,-1.003899999999999931e-01,-4.100000000000000346e-03,-5.060000000000000261e-03,-2.804999999999999855e-02,-3.359000000000000180e-02,-2.321000000000000146e-02,-9.320000000000000159e-03,-9.436999999999999555e-02,-1.051499999999999935e-01,-1.720999999999999960e-02,-4.040000000000000188e-03,1.949999999999999910e-03,2.066000000000000128e-02,1.893999999999999850e-02,2.097999999999999865e-02,2.261000000000000162e-02,2.403999999999999887e-02,2.504999999999999935e-02,2.576000000000000165e-02,2.645000000000000129e-02,2.721000000000000155e-02,2.738000000000000156e-02,2.731000000000000094e-02,2.696000000000000132e-02,2.651999999999999844e-02,2.597000000000000003e-02,2.539999999999999897e-02,2.443000000000000033e-02,2.340000000000000066e-02,2.216999999999999874e-02,2.070999999999999924e-02,1.851999999999999827e-02,1.636999999999999914e-02,1.474999999999999922e-02,1.213000000000000016e-02,8.550000000000000308e-03,4.409999999999999858e-03,-1.369999999999999907e-03,-1.093000000000000048e-02,-6.440000000000000412e-03,-2.629999999999999959e-03,-4.239999999999999845e-03,-2.258499999999999952e-01,1.838000000000000050e-02,-7.853999999999999870e-02,-8.874999999999999556e-02,-6.585000000000000575e-02,-4.585999999999999799e-02,-2.297000000000000083e-02,6.649999999999999661e-03,2.720000000000000195e-03,4.400000000000000265e-03,2.259799999999999864e-01,-1.679999999999999896e-02,7.943999999999999673e-02,9.002000000000000279e-02,6.661000000000000254e-02,4.640999999999999986e-02,2.315000000000000044e-02
csi*c/cref,7.624597395002657985e-02,-7.382264752791067907e-04,-5.045810898458266518e-03,-7.094827751196170970e-03,-8.783175172780436496e-03,-1.019226836788942117e-02,-1.124385438596491212e-02,-1.166790281765018623e-02,-1.244979324827219687e-02,-1.371728745348219265e-02,-1.447125358851674738e-02,-1.529371515151515398e-02,-1.632209824561403622e-02,-1.787719968102073273e-02,-1.893189425837320597e-02,-2.100960744284955176e-02,-2.436668835725678064e-02,-1.816133971291866017e-02,1.679526730462519921e-02,-3.055367953216374388e-02,-3.385135353535353303e-02,-3.277634556087187512e-02,-4.559182317916002369e-02,-2.365498679425837580e-01,-8.905758803827751313e-02,-2.367723636363636142e-02,-2.835480808080808116e-02,-2.855898011695906513e-02,-2.933733716108453266e-02,-3.000010909090908978e-02,-3.021767926634768425e-02,-3.045146539074959982e-02,-3.119183179160020872e-02,-3.218391791600212770e-02,-3.268019734183944675e-02,-3.297024986709196775e-02,-3.364449292929292540e-02,-3.521984688995215274e-02,-3.604402185007973825e-02,-3.636226634768740390e-02,-3.658010972886761858e-02,-3.555330217969165235e-02,-3.574436570972886612e-02,-3.659095922381711691e-02,-3.735378181818181653e-02,-3.869011403508772207e-02,-4.122845295055821424e-02,1.460193886230728468e-02,-1.033048803827751189e-02,-8.270969292929292171e-02,-1.082347919191919139e-01,-1.578704022328548673e-01,-2.701804829877724190e-01,-4.727994846889952418e-01,-2.654439685273790595e-01,5.079336363636364343e-02,-3.359027368421052540e-02,-1.185106989898989799e-01,-1.320767464114832312e-01,-1.071777905369484390e-01,-9.778488038277512173e-02,-2.174623000000000250e-01,-1.814538543859649244e-01,1.490848612440191512e-01,3.390228612440191608e-02,-2.124401531100478246e-02,-3.450496161616161545e-02,-4.599377586390217265e-02,4.564344242424241832e-02,3.420643274853801125e-02,2.094724210526315716e-02,-3.433251818181818488e-02,-1.494738628389154778e-01,1.819231004784689076e-01,2.181320403508772154e-01,9.786809144072301792e-02,1.072250054226475263e-01,1.323460518341307568e-01,1.188823515151515020e-01,3.414319999999999855e-02,-5.018786469962786129e-02,2.655799251461988808e-01,4.726421956937799651e-01,2.701804829877724190e-01,1.580360816586922068e-01,1.084538020202020225e-01,8.282910579479001167e-02,1.008298676236044772e-02,-1.491125677830940945e-02,4.123902434875067330e-02,3.876345029239765955e-02,3.751989090909090691e-02,3.679669978734715491e-02,3.596859611908559407e-02,3.579564221158958170e-02,3.685018437001594954e-02,3.662978165869219122e-02,3.627953955342902437e-02,3.544337240829346231e-02,3.385621456671983331e-02,3.320847421584263715e-02,3.298209292929292491e-02,3.250146092503986700e-02,3.150615374800637414e-02,3.077171818181818203e-02,3.053461626794258532e-02,3.037645454545454329e-02,2.974516959064327920e-02,2.893614109516214755e-02,2.875392716640085347e-02,2.414923636363636161e-02,9.017411057947899433e-02,2.441445295055821307e-01,4.624653604465709528e-02,3.273388915470494542e-02,3.432622222222223018e-02,3.061295773524721001e-02,-1.572124970760233748e-02,1.853129292929292862e-02,2.461634704944178423e-02,2.125668240297714021e-02,1.917638708133971234e-02,1.811911036682615703e-02,1.651355980861244147e-02,1.543576204146730746e-02,1.458052950558213698e-02,1.381763902179691632e-02,1.256429165337586383e-02,1.181129877724614724e-02,1.140053716108452818e-02,1.034714364699627909e-02,8.907087187666135400e-03,7.174059330143540102e-03,5.052927698032961754e-03,5.413660818713450376e-04,-8.084337214247741543e-02,1.647364667729931120e-01,4.205657575757575962e-03,-7.727937426900585889e-03,-7.037217533227008159e-02,-4.522410356193513198e-02,2.764109303561934974e-02,1.852843381180223348e-02,2.336032046783625624e-02,2.254095263157894491e-02,1.235036331738437014e-02,-1.194626092503987130e-02,-2.822168755980861143e-02,-2.909281886230728476e-01,-1.482596246677299612e-01,1.971520476342371320e-01,6.712295300372142504e-02,1.259403508771929836e-03,2.849117969165337362e-03,2.061841424774056228e-02,2.645575199362041122e-02,1.903295725677830660e-02,8.450870813397130116e-03,8.154745454545454797e-02,9.122099138755981884e-02,1.455925933014354245e-02,4.156937373737373820e-03,7.596903242955873855e-04,1.631332434875066434e-02,-1.402322777777778029e-01,-3.723227219564062204e-03,1.106064673046252243e-02,7.279429845826689005e-02,4.409562445507708012e-02,-2.687879383306751579e-02,-1.759188729399255649e-02,-2.227529590643274535e-02,-2.204677799043061950e-02,-1.317013716108452782e-02,1.201476012759170563e-02,1.063391511961722380e-01,2.843434966507177308e-01,8.088600212652844595e-03,-2.540404095693780118e-01,-7.531544933545986087e-02,-3.129426900584795796e-03,-3.928211695906432335e-03,-2.214190350877192834e-02,-2.695325172780435943e-02,-1.892694678362573033e-02,-7.721776076555024980e-03,-7.941830015948964094e-02,-8.986216267942584435e-02,-1.493235119617225028e-02,-3.558056565656565837e-03,1.742818979266347627e-03,1.084084348750664721e-02,1.028710845295055694e-02,1.178136863370547564e-02,1.311295858585858655e-02,1.438489186602870742e-02,1.545042982456140170e-02,1.636273556618820027e-02,1.728797873471557903e-02,1.828566969696969816e-02,1.890399043062201273e-02,1.935844885699096116e-02,1.960684274322168838e-02,1.977509409888357148e-02,1.984309574694311309e-02,1.987519617224879978e-02,1.956594933545986389e-02,1.917195215311005146e-02,1.857235470494417867e-02,1.773055656565656474e-02,1.619658181818181553e-02,1.461768766613503502e-02,1.344273125996810203e-02,1.127825603402445552e-02,8.107045454545453583e-03,4.262718660287081497e-03,-1.349468208399787379e-03,-1.096747926634768916e-02,-1.027113237639553289e-03,-4.194577352472088523e-04,-6.706007442849547771e-04,-3.512021531100478072e-02,2.809276980329611633e-03,-1.179561403508771859e-02,-1.309310207336523112e-02,-9.539673046251995539e-03,-6.582775119617224890e-03,-3.297129186602870948e-03,1.060606060606060497e-03,4.338118022328548372e-04,6.959064327485380008e-04,3.514043062200956219e-02,-2.567783094098883331e-03,1.193078149920255050e-02,1.328046251993620502e-02,9.649774056353005447e-03,6.661722488038277455e-03,3.322966507177033558e-03
cso,0.000000000000000000e+00,0.000000000000000000e+00,0.000000000000000000e+00,0.000000000000000000e+00,0.000000000000000000e+00,0.000000000000000000e+00,0.000000000000000000e+00,0.000000000000000000e+00,0.000000000000000000e+00,0.000000000000000000e+00,0.000000000000000000e+00,0.000000000000000000e+00,0.000000000000000000e+00,0.000000000000000000e+00,0.000000000000000000e+00,0.000000000000000000e+00,0.000000000000000000e+00,1.000000000000000082e-05,1.000000000000000082e-05,1.000000000000000082e-05,1.000000000000000082e-05,1.000000000000000082e-05,1.000000000000000082e-05,1.000000000000000082e-05,2.000000000000000164e-05,3.000000000000000076e-05,3.000000000000000076e-05,3.000000000000000076e-05,3.000000000000000076e-05,3.000000000000000076e-05,3.000000000000000076e-05,3.000000000000000076e-05,3.000000000000000076e-05,4.000000000000000327e-05,4.000000000000000327e-05,4.000000000000000327e-05,4.000000000000000327e-05,4.000000000000000327e-05,4.000000000000000327e-05,4.000000000000000327e-05,4.000000000000000327e-05,4.000000000000000327e-05,4.000000000000000327e-05,4.000000000000000327e-05,4.000000000000000327e-05,4.000000000000000327e-05,4.000000000000000327e-05,5.000000000000000240e-05,6.999999999999999387e-05,9.000000000000000567e-05,1.000000000000000048e-04,1.100000000000000039e-04,1.200000000000000030e-04,1.299999999999999886e-04,1.399999999999999877e-04,1.600000000000000131e-04,1.600000000000000131e-04,1.499999999999999869e-04,1.499999999999999869e-04,1.299999999999999886e-04,1.100000000000000039e-04,9.000000000000000567e-05,6.000000000000000152e-05,3.000000000000000076e-05,1.000000000000000082e-05,1.000000000000000082e-05,0.000000000000000000e+00,0.000000000000000000e+00,-0.000000000000000000e+00,-0.000000000000000000e+00,-1.000000000000000082e-05,-1.000000000000000082e-05,-3.000000000000000076e-05,-6.000000000000000152e-05,-9.000000000000000567e-05,-1.100000000000000039e-04,-1.299999999999999886e-04,-1.499999999999999869e-04,-1.499999999999999869e-04,-1.600000000000000131e-04,-1.600000000000000131e-04,-1.399999999999999877e-04,-1.299999999999999886e-04,-1.200000000000000030e-04,-1.100000000000000039e-04,-1.000000000000000048e-04,-9.000000000000000567e-05,-6.999999999999999387e-05,-5.000000000000000240e-05,-4.000000000000000327e-05,-4.000000000000000327e-05,-4.000000000000000327e-05,-4.000000000000000327e-05,-4.000000000000000327e-05,-4.000000000000000327e-05,-4.000000000000000327e-05,-4.000000000000000327e-05,-4.000000000000000327e-05,-4.000000000000000327e-05,-4.000000000000000327e-05,-4.000000000000000327e-05,-4.000000000000000327e-05,-4.000000000000000327e-05,-3.000000000000000076e-05,-3.000000000000000076e-05,-3.000000000000000076e-05,-3.000000000000000076e-05,-3.000000000000000076e-05,-3.000000000000000076e-05,-3.000000000000000076e-05,-3.000000000000000076e-05,-2.000000000000000164e-05,-1.000000000000000082e-05,-1.000000000000000082e-05,-1.000000000000000082e-05,-1.000000000000000082e-05,-1.000000000000000082e-05,-1.000000000000000082e-05,-1.000000000000000082e-05,-1.000000000000000082e-05,-0.000000000000000000e+00,-0.000000000000000000e+00,-0.000000000000000000e+00,-0.000000000000000000e+00,-0.000000000000000000e+00,-0.000000000000000000e+00,-0.000000000000000000e+00,-0.000000000000000000e+00,-0.000000000000000000e+00,-0.000000000000000000e+00,-0.000000000000000000e+00,-0.000000000000000000e+00,-0.000000000000000000e+00,-0.000000000000000000e+00,-0.000000000000000000e+00,-0.000000000000000000e+00,0.000000000000000000e+00,0.000000000000000000e+00,0.000000000000000000e+00,0.000000000000000000e+00,0.000000000000000000e+00,0.000000000000000000e+00,0.000000000000000000e+00,0.000000000000000000e+00,0.000000000000000000e+00,0.000000000000000000e+00,0.000000000000000000e+00,0.000000000000000000e+00,0.000000000000000000e+00,0.000000000000000000e+00,0.000000000000000000e+00,0.000000000000000000e+00,0.000000000000000000e+00,0.000000000000000000e+00,0.000000000000000000e+00,0.000000000000000000e+00,0.000000000000000000e+00,0.000000000000000000e+00,0.000000000000000000e+00,0.000000000000000000e+00,0.000000000000000000e+00,0.000000000000000000e+00,0.000000000000000000e+00,0.000000000000000000e+00,0.000000000000000000e+00,0.000000000000000000e+00,0.000000000000000000e+00,0.000000000000000000e+00,0.000000000000000000e+00,0.000000000000000000e+00,0.000000000000000000e+00,0.000000000000000000e+00,0.000000000000000000e+00,0.000000000000000000e+00,0.000000000000000000e+00,0.000000000000000000e+00,0.000000000000000000e+00,0.000000000000000000e+00,0.000000000000000000e+00,0.000000000000000000e+00,0.000000000000000000e+00,0.000000000000000000e+00,0.000000000000000000e+00,0.000000000000000000e+00,0.000000000000000000e+00,0.000000000000000000e+00,0.000000000000000000e+00,0.000000000000000000e+00,0.000000000000000000e+00,0.000000000000000000e+00,0.000000000000000000e+00,0.000000000000000000e+00,0.000000000000000000e+00,0.000000000000000000e+00,0.000000000000000000e+00,0.000000000000000000e+00,0.000000000000000000e+00,0.000000000000000000e+00,0.000000000000000000e+00,0.000000000000000000e+00,0.000000000000000000e+00,0.000000000000000000e+00,0.000000000000000000e+00,0.000000000000000000e+00,0.000000000000000000e+00,0.000000000000000000e+00,0.000000000000000000e+00,0.000000000000000000e+00,0.000000000000000000e+00,0.000000000000000000e+00,0.000000000000000000e+00,0.000000000000000000e+00,0.000000000000000000e+00,0.000000000000000000e+00,0.000000000000000000e+00,0.000000000000000000e+00,0.000000000000000000e+00,0.000000000000000000e+00,0.000000000000000000e+00,0.000000000000000000e+00,0.000000000000000000e+00,0.000000000000000000e+00,0.000000000000000000e+00,0.000000000000000000e+00,0.000000000000000000e+00,0.000000000000000000e+00,0.000000000000000000e+00,0.000000000000000000e+00,0.000000000000000000e+00,0.000000000000000000e+00,0.000000000000000000e+00,0.000000000000000000e+00,0.000000000000000000e+00,0.000000000000000000e+00,0.000000000000000000e+00,0.000000000000000000e+00,0.000000000000000000e+00,0.000000000000000000e+00
cso*c/cref,0.000000000000000000e+00,0.000000000000000000e+00,0.000000000000000000e+00,0.000000000000000000e+00,0.000000000000000000e+00,0.000000000000000000e+00,0.000000000000000000e+00,0.000000000000000000e+00,0.000000000000000000e+00,0.000000000000000000e+00,0.000000000000000000e+00,0.000000000000000000e+00,0.000000000000000000e+00,0.000000000000000000e+00,0.000000000000000000e+00,0.000000000000000000e+00,0.000000000000000000e+00,8.408027644869750920e-06,8.456831472620947039e-06,8.468314726209463772e-06,8.479797979797980506e-06,8.491281233386497240e-06,8.502764486975013974e-06,8.514194577352472289e-06,1.704614566719830047e-05,2.574545454545454414e-05,2.602950558213716143e-05,2.631355661881977872e-05,2.659776714513556958e-05,2.688181818181818009e-05,2.716602870813397433e-05,2.745023923444976180e-05,2.773429027113237570e-05,3.735800106326422660e-05,3.773694843168527881e-05,3.811589580010633102e-05,3.849484316852738323e-05,3.887400318979266235e-05,3.925295055821371456e-05,3.963189792663477355e-05,4.001105794790005266e-05,4.039000531632110487e-05,4.076916533758639076e-05,4.114811270600744297e-05,4.152727272727272886e-05,4.190643274853802152e-05,4.228559276980330063e-05,5.333067517278044275e-05,7.532647527910685931e-05,9.770143540669857531e-05,1.095050505050505161e-04,1.214982456140350863e-04,1.336810207336523130e-04,1.460540669856459335e-04,1.586160552897395164e-04,1.827921318447634674e-04,1.843087719298245838e-04,1.742121212121211830e-04,1.756339712918659915e-04,1.534483785220627187e-04,1.307602339181286567e-04,1.076368421052631771e-04,7.219170653907496795e-05,3.646889952153110426e-05,1.229234449760765802e-05,1.236555023923444966e-05,0.000000000000000000e+00,0.000000000000000000e+00,-0.000000000000000000e+00,-0.000000000000000000e+00,-1.236555023923444966e-05,-1.229234449760765802e-05,-3.646889952153110426e-05,-7.219170653907496795e-05,-1.076368421052631771e-04,-1.307602339181286567e-04,-1.534483785220627187e-04,-1.756339712918659915e-04,-1.742121212121211830e-04,-1.843087719298245838e-04,-1.827921318447634674e-04,-1.586160552897395164e-04,-1.460540669856459335e-04,-1.336810207336523130e-04,-1.214982456140350863e-04,-1.095050505050505161e-04,-9.770143540669857531e-05,-7.532647527910685931e-05,-5.333067517278044275e-05,-4.228559276980330063e-05,-4.190643274853802152e-05,-4.152727272727272886e-05,-4.114811270600744297e-05,-4.076916533758639076e-05,-4.039000531632110487e-05,-4.001105794790005266e-05,-3.963189792663477355e-05,-3.925295055821371456e-05,-3.887400318979266235e-05,-3.849484316852738323e-05,-3.811589580010633102e-05,-3.773694843168527881e-05,-3.735800106326422660e-05,-2.773429027113237570e-05,-2.745023923444976180e-05,-2.716602870813397433e-05,-2.688181818181818009e-05,-2.659776714513556958e-05,-2.631355661881977872e-05,-2.602950558213716143e-05,-2.574545454545454414e-05,-1.704614566719830047e-05,-8.514194577352472289e-06,-8.502764486975013974e-06,-8.491281233386497240e-06,-8.479797979797980506e-06,-8.468314726209463772e-06,-8.456831472620947039e-06,-8.408027644869750920e-06,-8.321956406166933836e-06,-0.000000000000000000e+00,-0.000000000000000000e+00,-0.000000000000000000e+00,-0.000000000000000000e+00,-0.000000000000000000e+00,-0.000000000000000000e+00,-0.000000000000000000e+00,-0.000000000000000000e+00,-0.000000000000000000e+00,-0.000000000000000000e+00,-0.000000000000000000e+00,-0.000000000000000000e+00,-0.000000000000000000e+00,-0.000000000000000000e+00,-0.000000000000000000e+00,-0.000000000000000000e+00,0.000000000000000000e+00,0.000000000000000000e+00,0.000000000000000000e+00,0.000000000000000000e+00,0.000000000000000000e+00,0.000000000000000000e+00,0.000000000000000000e+00,0.000000000000000000e+00,0.000000000000000000e+00,0.000000000000000000e+00,0.000000000000000000e+00,0.000000000000000000e+00,0.000000000000000000e+00,0.000000000000000000e+00,0.000000000000000000e+00,0.000000000000000000e+00,0.000000000000000000e+00,0.000000000000000000e+00,0.000000000000000000e+00,0.000000000000000000e+00,0.000000000000000000e+00,0.000000000000000000e+00,0.000000000000000000e+00,0.000000000000000000e+00,0.000000000000000000e+00,0.000000000000000000e+00,0.000000000000000000e+00,0.000000000000000000e+00,0.000000000000000000e+00,0.000000000000000000e+00,0.000000000000000000e+00,0.000000000000000000e+00,0.000000000000000000e+00,0.000000000000000000e+00,0.000000000000000000e+00,0.000000000000000000e+00,0.000000000000000000e+00,0.000000000000000000e+00,0.000000000000000000e+00,0.000000000000000000e+00,0.000000000000000000e+00,0.000000000000000000e+00,0.000000000000000000e+00,0.000000000000000000e+00,0.000000000000000000e+00,0.000000000000000000e+00,0.000000000000000000e+00,0.000000000000000000e+00,0.000000000000000000e+00,0.000000000000000000e+00,0.000000000000000000e+00,0.000000000000000000e+00,0.000000000000000000e+00,0.000000000000000000e+00,0.000000000000000000e+00,0.000000000000000000e+00,0.000000000000000000e+00,0.000000000000000000e+00,0.000000000000000000e+00,0.000000000000000000e+00,0.000000000000000000e+00,0.000000000000000000e+00,0.000000000000000000e+00,0.000000000000000000e+00,0.000000000000000000e+00,0.000000000000000000e+00,0.000000000000000000e+00,0.000000000000000000e+00,0.000000000000000000e+00,0.000000000000000000e+00,0.000000000000000000e+00,0.000000000000000000e+00,0.000000000000000000e+00,0.000000000000000000e+00,0.000000000000000000e+00,0.000000000000000000e+00,0.000000000000000000e+00,0.000000000000000000e+00,0.000000000000000000e+00,0.000000000000000000e+00,0.000000000000000000e+00,0.000000000000000000e+00,0.000000000000000000e+00,0.000000000000000000e+00,0.000000000000000000e+00,0.000000000000000000e+00,0.000000000000000000e+00,0.000000000000000000e+00,0.000000000000000000e+00,0.000000000000000000e+00,0.000000000000000000e+00,0.000000000000000000e+00,0.000000000000000000e+00,0.000000000000000000e+00,0.000000000000000000e+00,0.000000000000000000e+00,0.000000000000000000e+00,0.000000000000000000e+00,0.000000000000000000e+00,0.000000000000000000e+00,0.000000000000000000e+00,0.000000000000000000e+00
cx,2.043999999999999984e-02,1.242000000000000048e-02,1.112999999999999927e-02,1.055999999999999994e-02,9.900000000000000813e-03,8.989999999999999727e-03,8.319999999999999271e-03,7.409999999999999920e-03,7.749999999999999944e-03,7.020000000000000198e-03,6.250000000000000347e-03,5.210000000000000221e-03,3.589999999999999875e-03,2.959999999999999958e-03,2.749999999999999840e-03,1.670000000000000043e-03,4.120000000000000398e-03,5.369999999999999774e-03,1.294000000000000011e-02,1.063000000000000056e-02,7.429999999999999973e-03,6.510000000000000162e-03,8.789999999999999203e-03,1.812000000000000069e-02,2.988999999999999990e-02,6.478000000000000425e-02,6.499000000000000610e-02,6.512999999999999345e-02,6.625999999999999945e-02,6.701000000000000012e-02,6.647000000000000131e-02,6.594999999999999474e-02,6.633999999999999619e-02,6.629999999999999782e-02,6.783999999999999753e-02,6.762999999999999567e-02,7.104000000000000592e-02,7.303999999999999382e-02,7.266999999999999849e-02,7.370999999999999774e-02,7.108000000000000429e-02,7.309999999999999831e-02,6.894999999999999740e-02,7.166999999999999760e-02,7.610999999999999710e-02,8.350000000000000477e-02,9.798999999999999377e-02,1.621900000000000008e-01,2.706200000000000272e-01,3.402800000000000269e-01,3.972100000000000075e-01,4.373600000000000265e-01,4.683700000000000085e-01,4.578499999999999792e-01,3.219099999999999739e-01,1.469399999999999873e-01,1.368399999999999894e-01,1.317000000000000115e-01,1.177600000000000036e-01,9.693000000000000227e-02,8.562000000000000166e-02,6.162000000000000116e-02,7.026000000000000301e-02,2.713000000000000134e-02,6.910000000000000343e-03,9.600000000000000243e-04,4.190000000000000148e-03,7.740000000000000352e-03,7.779999999999999589e-03,4.170000000000000095e-03,8.800000000000000313e-04,6.859999999999999779e-03,2.699999999999999969e-02,7.004000000000000503e-02,6.133000000000000257e-02,8.495999999999999386e-02,9.619999999999999385e-02,1.171800000000000064e-01,1.308300000000000018e-01,1.361100000000000088e-01,1.462900000000000034e-01,3.218400000000000150e-01,4.583099999999999952e-01,4.690799999999999970e-01,4.377900000000000125e-01,3.973900000000000210e-01,3.402899999999999814e-01,2.706100000000000172e-01,1.616200000000000137e-01,9.729000000000000148e-02,8.287999999999999534e-02,7.548000000000000542e-02,7.109999999999999654e-02,6.844999999999999696e-02,7.284999999999999809e-02,7.080999999999999794e-02,7.331999999999999629e-02,7.227999999999999703e-02,7.263000000000000012e-02,7.055000000000000160e-02,6.707000000000000461e-02,6.722000000000000197e-02,6.554000000000000103e-02,6.555999999999999328e-02,6.507000000000000284e-02,6.560000000000000553e-02,6.622999999999999721e-02,6.557999999999999940e-02,6.442000000000000504e-02,6.429999999999999605e-02,6.396000000000000296e-02,2.910000000000000087e-02,1.527000000000000059e-02,7.020000000000000198e-03,6.879999999999999831e-03,5.890000000000000270e-03,9.259999999999999135e-03,1.097000000000000058e-02,3.860000000000000150e-03,2.700000000000000143e-03,5.000000000000000104e-04,1.619999999999999912e-03,1.779999999999999898e-03,2.500000000000000052e-03,3.850000000000000124e-03,4.939999999999999947e-03,5.640000000000000048e-03,6.400000000000000307e-03,6.620000000000000016e-03,7.570000000000000340e-03,8.370000000000000703e-03,9.329999999999999752e-03,1.009999999999999960e-02,1.073999999999999955e-02,1.213999999999999975e-02,2.042000000000000065e-02,-6.590000000000000371e-03,-1.896000000000000116e-02,-3.099000000000000019e-02,-5.104000000000000203e-02,-1.410599999999999909e-01,-1.601299999999999946e-01,-1.887199999999999989e-01,-2.089799999999999991e-01,-2.426399999999999946e-01,-2.604400000000000048e-01,-2.867399999999999949e-01,-3.111499999999999821e-01,-1.562199999999999978e-01,-3.708999999999999797e-02,2.120999999999999969e-02,1.345000000000000015e-02,1.703999999999999959e-02,2.795999999999999874e-02,1.723999999999999838e-02,1.118000000000000070e-02,5.380000000000000233e-03,-1.779999999999999898e-03,-1.374000000000000048e-02,-4.553999999999999715e-02,-4.440999999999999809e-02,-4.125000000000000194e-02,-3.928999999999999854e-02,-3.645999999999999935e-02,-4.669999999999999672e-03,-1.568999999999999909e-02,-2.586000000000000104e-02,-4.535000000000000142e-02,-1.317300000000000137e-01,-1.490200000000000136e-01,-1.762100000000000055e-01,-1.953799999999999981e-01,-2.282500000000000084e-01,-2.449000000000000066e-01,-2.702700000000000102e-01,-2.923000000000000043e-01,-2.211700000000000055e-01,-1.273999999999999959e-02,2.333999999999999964e-02,9.409999999999999962e-03,1.295999999999999930e-02,2.886999999999999983e-02,2.067000000000000087e-02,1.431999999999999940e-02,8.420000000000000401e-03,1.539999999999999919e-03,-9.929999999999999591e-03,-4.046999999999999903e-02,-4.057000000000000189e-02,-3.710000000000000103e-02,-3.876000000000000278e-02,7.960000000000000062e-03,7.910000000000000364e-03,7.849999999999999339e-03,7.810000000000000102e-03,7.779999999999999589e-03,7.740000000000000352e-03,7.700000000000000247e-03,7.669999999999999735e-03,7.620000000000000037e-03,7.590000000000000392e-03,7.570000000000000340e-03,7.550000000000000287e-03,7.550000000000000287e-03,7.519999999999999775e-03,7.499999999999999722e-03,7.490000000000000130e-03,7.470000000000000077e-03,7.450000000000000025e-03,7.429999999999999973e-03,7.409999999999999920e-03,7.360000000000000223e-03,7.349999999999999763e-03,7.340000000000000170e-03,7.320000000000000118e-03,7.289999999999999605e-03,7.280000000000000013e-03,7.280000000000000013e-03,8.680000000000000215e-03,8.449999999999999178e-03,7.879999999999999852e-03,-2.316999999999999962e-02,2.313000000000000125e-02,-8.689999999999999808e-03,-8.680000000000000215e-03,-1.860000000000000108e-03,4.780000000000000394e-03,6.199999999999999782e-03,8.670000000000000623e-03,8.439999999999999586e-03,7.860000000000000667e-03,-2.331000000000000086e-02,2.316000000000000003e-02,-9.180000000000000659e-03,-9.369999999999999857e-03,-2.249999999999999830e-03,4.649999999999999620e-03,6.119999999999999572e-03
cx*c/cref,1.419498777246145683e-02,8.732164593301436351e-03,7.920997926634767983e-03,7.606231578947368101e-03,7.216052631578948572e-03,6.630136948431684767e-03,6.207622328548643466e-03,5.592442424242424596e-03,5.915750930356193128e-03,5.418984688995215869e-03,4.878389154704944504e-03,4.111468314726210438e-03,2.863945879851143017e-03,2.386852099946836902e-03,2.241184210526315796e-03,1.375383944710260745e-03,3.428646039340776767e-03,4.515110845295055436e-03,1.094313992557150415e-02,9.001818553960658567e-03,6.300489898989899279e-03,5.527824082934609459e-03,7.473929984051035785e-03,1.542772057416267988e-02,2.547546469962785540e-02,5.559301818181818650e-02,5.638858559276980348e-02,5.712673141945773247e-02,5.874560170122275493e-02,6.004502121212120652e-02,6.019086427432217279e-02,6.034477591706538524e-02,6.132976055289738465e-02,6.192088676236044698e-02,6.400186454013821746e-02,6.444445082402976144e-02,6.836684146730462319e-02,7.098392982456139255e-02,7.131279792663476613e-02,7.303167990430621537e-02,7.109964997341840232e-02,7.381273471557681098e-02,7.027584875066453240e-02,7.372713094098883035e-02,7.901601818181817893e-02,8.747967836257311558e-02,1.035891308878256201e-01,1.729940441254651795e-01,2.912121534290271763e-01,3.693982715576821230e-01,4.349650111111111328e-01,4.830770245614035008e-01,5.217681640085061190e-01,5.143911889952152983e-01,3.647149597022860124e-01,1.678717240829346036e-01,1.576300771929824429e-01,1.529582424242424132e-01,1.378843763955342749e-01,1.144134717703349235e-01,1.017790111642743328e-01,7.369535789473685705e-02,8.453648835725678656e-02,3.298004146730462716e-02,8.494010047846891134e-03,1.187092822966507059e-03,5.211816480595427362e-03,9.684217224880381850e-03,9.734264859117488372e-03,5.186939074960127301e-03,1.088168421052631597e-03,8.432548325358852487e-03,3.282200956937798841e-02,8.427178543328017746e-02,7.334852807017544496e-02,1.009944497607655478e-01,1.135518001063264143e-01,1.372052583732057129e-01,1.519478121212121113e-01,1.567891684210526437e-01,1.671291310473152769e-01,3.646356516746411813e-01,5.149079956937799851e-01,5.225591100478468309e-01,4.835519722488038075e-01,4.351621202020202195e-01,3.694091272727272335e-01,2.912013925039872997e-01,1.723860744284955171e-01,1.028491330143540827e-01,8.683012865497076460e-02,7.836196363636363516e-02,7.314077033492821789e-02,6.976623418394470311e-02,7.356029718234981252e-02,7.082957533227006441e-02,7.264526889952152566e-02,7.093008165869217618e-02,7.058547129186602820e-02,6.789527963849016634e-02,6.391082828282829142e-02,6.341694183944709962e-02,6.121108474215843087e-02,6.060866900584794409e-02,5.953956889952153470e-02,5.940304944178629448e-02,5.934609393939393324e-02,5.814271897926635152e-02,5.650397724614567713e-02,5.578990696438064500e-02,5.488930909090908999e-02,2.480214194577352524e-02,1.300117511961722434e-02,5.968940669856459200e-03,5.842001488569909667e-03,4.994601010101010728e-03,7.841659436469961691e-03,9.277144125465177499e-03,3.245498670919723730e-03,2.246928229665072149e-03,4.117916002126529099e-04,1.320261244019138754e-03,1.435336735778841013e-03,1.994391281233386711e-03,3.038225146198830686e-03,3.855878787878787902e-03,4.353714194577353210e-03,4.885265284423179200e-03,4.996217118553960765e-03,5.648040988835725980e-03,6.172886124401913942e-03,6.800582934609250563e-03,7.274899521531100026e-03,7.643442743221690212e-03,8.535304199893673296e-03,1.418109835194045903e-02,-3.654279372674110182e-03,-1.076103476874003435e-02,-1.799314657097288855e-02,-3.030028538011696540e-02,-8.558239936204145581e-02,-9.924144008506112502e-02,-1.194223370547581042e-01,-1.349693052631578960e-01,-1.598753799043061974e-01,-1.750015572567782951e-01,-1.964146133971291786e-01,-2.171946100478468755e-01,-1.110864557150451903e-01,-2.685820786815523720e-02,1.563563763955343189e-02,1.009057469431153681e-02,1.300620350877193000e-02,2.170608676236044504e-02,1.360878490164805707e-02,8.971043593833067514e-03,4.387202658160552736e-03,-1.474759808612440210e-03,-1.156307559808612655e-02,-3.891890526315789495e-02,-3.853258086124401738e-02,-3.632916666666666933e-02,-3.511556804891015349e-02,-3.306191249335459909e-02,-2.589603136629452327e-03,-8.905096810207336483e-03,-1.501461020733652584e-02,-2.692237347155768470e-02,-7.992180255183413407e-02,-9.235595704412546958e-02,-1.115059877724614568e-01,-1.261857730994151994e-01,-1.503938157894736671e-01,-1.645595199362041294e-01,-1.851327947368421045e-01,-2.040365885167464144e-01,-1.572717412014885963e-01,-9.225493886230728968e-03,1.720583604465709959e-02,7.059651143009038760e-03,9.892042105263157761e-03,2.241254380648590935e-02,1.631633317384369869e-02,1.149063902179691538e-02,6.866216799574694288e-03,1.275915789473684205e-03,-8.356720574162678980e-03,-3.458603636363636463e-02,-3.520078373205742100e-02,-3.267423232323232035e-02,-3.464187878787879094e-02,4.176820627325890378e-03,4.296252791068580837e-03,4.408186071238703006e-03,4.529509356725146089e-03,4.655343540669856263e-03,4.773905263157894943e-03,4.891035087719298145e-03,5.013187028176502476e-03,5.120793939393939592e-03,5.240368421052631585e-03,5.365926687931951017e-03,5.490788676236044510e-03,5.629787347155768354e-03,5.745863689526847437e-03,5.868660287081339105e-03,5.998729452418926494e-03,6.120277033492823454e-03,6.241048378522063428e-03,6.361083306751728200e-03,6.480381818181817771e-03,6.572155236576289472e-03,6.698581339712918713e-03,6.824600106326421736e-03,6.940768740031897678e-03,7.046534928229664270e-03,7.170896757044125693e-03,7.304963317384370776e-03,1.384370015948963289e-03,1.347687400318978894e-03,1.246305156831472574e-03,-3.602990430622008897e-03,3.535287081339712981e-03,-1.305116959064327349e-03,-1.280542264752791053e-03,-2.694577352472089468e-04,6.861244019138756402e-04,8.899521531100478130e-04,1.382775119617224912e-03,1.346092503987240518e-03,1.243141945773524725e-03,-3.624760765550238961e-03,3.539872408293460570e-03,-1.378708133971291933e-03,-1.382336523125996799e-03,-3.259569377990430327e-04,6.674641148325358327e-04,8.784688995215310251e-04
cxi,1.244999999999999926e-02,4.179999999999999688e-03,2.690000000000000117e-03,1.930000000000000075e-03,1.090000000000000040e-03,2.000000000000000164e-05,-8.000000000000000383e-04,-1.850000000000000082e-03,-1.660000000000000017e-03,-2.530000000000000131e-03,-3.449999999999999942e-03,-4.640000000000000027e-03,-6.409999999999999899e-03,-7.210000000000000263e-03,-7.599999999999999985e-03,-8.899999999999999925e-03,-6.700000000000000226e-03,-5.769999999999999955e-03,1.600000000000000077e-03,-8.199999999999999824e-04,-4.139999999999999583e-03,-5.179999999999999709e-03,-3.030000000000000141e-03,6.130000000000000032e-03,1.754000000000000004e-02,5.161999999999999922e-02,5.136000000000000287e-02,5.113000000000000184e-02,5.195999999999999924e-02,5.244999999999999662e-02,5.167000000000000065e-02,5.093000000000000305e-02,5.111999999999999877e-02,5.090999999999999692e-02,5.229999999999999927e-02,5.197999999999999843e-02,5.539000000000000173e-02,5.734999999999999820e-02,5.689999999999999919e-02,5.782999999999999946e-02,5.510000000000000314e-02,5.702000000000000124e-02,5.274000000000000216e-02,5.534000000000000030e-02,5.965000000000000163e-02,6.687999999999999501e-02,8.117000000000000604e-02,1.437299999999999967e-01,2.424699999999999911e-01,3.065700000000000092e-01,3.591099999999999848e-01,3.954500000000000237e-01,4.227600000000000247e-01,4.082200000000000273e-01,2.691600000000000104e-01,8.865000000000000657e-02,7.774000000000000354e-02,7.460999999999999577e-02,6.432000000000000217e-02,4.861999999999999655e-02,4.334999999999999964e-02,2.621000000000000066e-02,4.603999999999999759e-02,5.179999999999999709e-03,-1.348000000000000066e-02,-1.861000000000000154e-02,-1.485000000000000035e-02,-1.099999999999999936e-02,-1.095999999999999926e-02,-1.489000000000000046e-02,-1.871000000000000094e-02,-1.354999999999999954e-02,5.040000000000000209e-03,4.578999999999999737e-02,2.588999999999999982e-02,4.265000000000000041e-02,4.782999999999999752e-02,6.365999999999999437e-02,7.366999999999999937e-02,7.692000000000000226e-02,8.791000000000000203e-02,2.690000000000000169e-01,4.085900000000000087e-01,4.233799999999999786e-01,3.957899999999999752e-01,3.592000000000000193e-01,3.064899999999999847e-01,2.423599999999999921e-01,1.430599999999999927e-01,8.036999999999999700e-02,6.615000000000000047e-02,5.890999999999999709e-02,5.466000000000000025e-02,5.213000000000000272e-02,5.664999999999999897e-02,5.471000000000000169e-02,5.732999999999999902e-02,5.637999999999999956e-02,5.682000000000000245e-02,5.478000000000000230e-02,5.129000000000000226e-02,5.154999999999999860e-02,5.000999999999999890e-02,5.020000000000000157e-02,4.991000000000000297e-02,5.065999999999999670e-02,5.152999999999999942e-02,5.115000000000000102e-02,5.029000000000000137e-02,5.054999999999999771e-02,5.068000000000000282e-02,1.663999999999999854e-02,3.170000000000000075e-03,-4.910000000000000302e-03,-4.910000000000000302e-03,-5.780000000000000415e-03,-2.299999999999999961e-03,-4.699999999999999859e-04,-7.389999999999999868e-03,-8.210000000000000284e-03,-1.014999999999999930e-02,-8.819999999999999715e-03,-8.470000000000000098e-03,-7.579999999999999932e-03,-6.069999999999999875e-03,-4.830000000000000092e-03,-3.989999999999999623e-03,-3.069999999999999812e-03,-2.700000000000000143e-03,-1.600000000000000077e-03,-6.400000000000000524e-04,4.800000000000000122e-04,1.430000000000000064e-03,2.259999999999999856e-03,3.889999999999999795e-03,1.242000000000000048e-02,-1.486999999999999954e-02,-2.766000000000000056e-02,-4.023999999999999799e-02,-6.101000000000000173e-02,-1.544099999999999917e-01,-1.830600000000000005e-01,-2.169500000000000040e-01,-2.411500000000000032e-01,-2.778100000000000014e-01,-2.978199999999999736e-01,-3.256499999999999950e-01,-3.507799999999999807e-01,-1.948699999999999877e-01,-7.381999999999999673e-02,-1.565000000000000072e-02,-2.230999999999999997e-02,-1.669999999999999957e-02,-3.609999999999999928e-03,-1.192000000000000004e-02,-1.519000000000000038e-02,-1.756999999999999881e-02,-2.027999999999999942e-02,-2.441000000000000114e-02,-5.399000000000000327e-02,-5.296000000000000013e-02,-4.979999999999999705e-02,-4.775999999999999690e-02,-4.474999999999999811e-02,-1.290999999999999960e-02,-2.427999999999999950e-02,-3.493999999999999884e-02,-5.505999999999999783e-02,-1.447199999999999875e-01,-1.715700000000000003e-01,-2.040599999999999914e-01,-2.272000000000000131e-01,-2.631299999999999750e-01,-2.820799999999999974e-01,-3.091200000000000059e-01,-3.320799999999999863e-01,-2.601700000000000124e-01,-4.973000000000000337e-02,-1.352000000000000077e-02,-2.631999999999999965e-02,-2.074000000000000149e-02,-2.629999999999999959e-03,-8.399999999999999481e-03,-1.190000000000000085e-02,-1.434000000000000032e-02,-1.672999999999999834e-02,-2.031000000000000166e-02,-4.853999999999999981e-02,-4.866999999999999799e-02,-4.513000000000000345e-02,-4.662000000000000172e-02,-5.000000000000000240e-05,-6.000000000000000152e-05,-8.000000000000000654e-05,-8.000000000000000654e-05,-8.000000000000000654e-05,-8.000000000000000654e-05,-8.000000000000000654e-05,-9.000000000000000567e-05,-1.000000000000000048e-04,-1.000000000000000048e-04,-9.000000000000000567e-05,-8.000000000000000654e-05,-5.000000000000000240e-05,-5.000000000000000240e-05,-5.000000000000000240e-05,-3.000000000000000076e-05,-2.000000000000000164e-05,-2.000000000000000164e-05,-2.000000000000000164e-05,-1.000000000000000082e-05,-4.000000000000000327e-05,-2.000000000000000164e-05,-1.000000000000000082e-05,-1.000000000000000082e-05,-2.000000000000000164e-05,-1.000000000000000082e-05,1.000000000000000082e-05,-3.800000000000000209e-04,-5.999999999999999474e-04,-1.129999999999999928e-03,-4.465000000000000219e-02,-4.699999999999999859e-04,-1.840999999999999928e-02,-1.856000000000000011e-02,-1.170000000000000033e-02,-4.989999999999999644e-03,-3.490000000000000047e-03,-3.800000000000000209e-04,-6.099999999999999737e-04,-1.160000000000000007e-03,-4.479999999999999954e-02,-4.299999999999999894e-04,-1.890000000000000013e-02,-1.925999999999999934e-02,-1.209999999999999964e-02,-5.120000000000000419e-03,-3.569999999999999823e-03
cxi*c/cref,8.646164274322168733e-03,2.938844444444444273e-03,1.914419085592769737e-03,1.390154066985645979e-03,7.944946836788942864e-04,1.475002658160552944e-05,-5.968867623604466122e-04,-1.396223817118554065e-03,-1.267115683147262148e-03,-1.952995906432748860e-03,-2.692870813397129151e-03,-3.661653163211058340e-03,-5.113619245082402960e-03,-5.813920148856991169e-03,-6.193818181818181411e-03,-7.329890483785221449e-03,-5.575710792131844708e-03,-4.851431951089845568e-03,1.353093035619351309e-03,-6.944018075491759480e-04,-3.510636363636363780e-03,-4.398483678894204649e-03,-2.576337639553429038e-03,5.219201275917064939e-03,1.494946975013290713e-02,4.429934545454545375e-02,4.456251355661881852e-02,4.484707166400851014e-02,4.606733269537480191e-02,4.699837878787878342e-02,4.678895677830940958e-02,4.660135614035088025e-02,4.725923062200956121e-02,4.754739585326953760e-02,4.934106007442849717e-02,4.953160659223816709e-02,5.330573407761828725e-02,5.573560207336522576e-02,5.583732216905900464e-02,5.729781642743221604e-02,5.511523232323232296e-02,5.757595257841573860e-02,5.375414449760765323e-02,5.692841392876129419e-02,6.192754545454545040e-02,7.006755555555556347e-02,8.580803912812334788e-02,1.533043588516746492e-01,2.609201494417862643e-01,3.328036561403509008e-01,3.932435868686868785e-01,4.367861929824561340e-01,4.709582360446570859e-01,4.586322401913876523e-01,3.049506960127592037e-01,1.012782655502392493e-01,8.955102456140351386e-02,8.665310909090907787e-02,7.531184688995214149e-02,5.738969356725145965e-02,5.153141945773524746e-02,3.134624035087719973e-02,5.539510281765018529e-02,6.296963317384369693e-03,-1.657008038277512155e-02,-2.301228899521531174e-02,-1.847147368421052371e-02,-1.376309941520467532e-02,-1.371305178096756706e-02,-1.852122849548112557e-02,-2.313594449760765503e-02,-1.665612679425837461e-02,6.126775119617225082e-03,5.509430404040403795e-02,3.096353157894737168e-02,5.069930887825625093e-02,5.645719957469430561e-02,7.453905741626792869e-02,8.556137979797978632e-02,8.860644210526316678e-02,1.004328519404572156e-01,3.047694205209995344e-01,4.590479325358852170e-01,4.716489213184476004e-01,4.371617330143540148e-01,3.933421414141414219e-01,3.327168104199893506e-01,2.608017792663476775e-01,1.525897278043593930e-01,8.496232727272727547e-02,6.930276315789474229e-02,6.115929090909089788e-02,5.622889601275916915e-02,5.313241472620946343e-02,5.720234502923976505e-02,5.472512450824029706e-02,5.680241770334928247e-02,5.532703381180222729e-02,5.522052153110047767e-02,5.271868771929824615e-02,4.887410738968633872e-02,4.863349229133439450e-02,4.670684082934609127e-02,4.640871238702817120e-02,4.566804800637958711e-02,4.587436714513556252e-02,4.617400303030302910e-02,4.534919298245614766e-02,4.411029207868155666e-02,4.385971690590111105e-02,4.349265454545454823e-02,1.418239319510898253e-02,2.698999681020733832e-03,-4.174857363104731746e-03,-4.169219085592769901e-03,-4.901323232323233532e-03,-1.947712387028176315e-03,-3.974710792131844498e-04,-6.213532429558745254e-03,-6.832326209463051615e-03,-8.359369484316852422e-03,-7.188088995215310799e-03,-6.829945029239766451e-03,-6.046994364699628116e-03,-4.790136788942052706e-03,-3.770019138755980985e-03,-3.080021212121212149e-03,-2.343400691121743425e-03,-2.037732057416267919e-03,-1.193773524720893224e-03,-4.720008506113769421e-04,3.498692185007974730e-04,1.030010526315789385e-03,1.608396703880914276e-03,2.734953322700690859e-03,8.625330143540671166e-03,-8.245695640616694175e-03,-1.569885135566188514e-02,-2.336380180754917685e-02,-3.621905194045720727e-02,-9.368196714513554735e-02,-1.134524325358851615e-01,-1.372863290802764369e-01,-1.557462339181286404e-01,-1.830488760765550116e-01,-2.001188902711323325e-01,-2.230676531100478366e-01,-2.448578669856459056e-01,-1.385700782562466760e-01,-5.345572674109516642e-02,-1.153690377458798690e-02,-1.673760010632642514e-02,-1.274669005847953347e-02,-2.802538383838383638e-03,-9.409322275385432685e-03,-1.218874348750664457e-02,-1.432772317916001896e-02,-1.680231961722488190e-02,-2.054255279106858428e-02,-4.614035342902712139e-02,-4.595103540669857184e-02,-4.385921212121211832e-02,-4.268565869218500508e-02,-4.057928096757043579e-02,-7.158838649654439452e-03,-1.378048123338649830e-02,-2.028656150983519646e-02,-3.268678904837852423e-02,-8.780295502392343465e-02,-1.063314424242424172e-01,-1.291295151515151340e-01,-1.467366549707602441e-01,-1.733762311004784507e-01,-1.895424637958532665e-01,-2.117447349282296498e-01,-2.318045511961722149e-01,-1.850042451887294326e-01,-3.601128814460394234e-02,-9.966705369484317456e-03,-1.974601679957469630e-02,-1.583032046783626121e-02,-2.041738490164805853e-03,-6.630730462519935156e-03,-9.548785220627326042e-03,-1.169377065390749502e-02,-1.386108516746411418e-02,-1.709214449760765656e-02,-4.148273301435406735e-02,-4.222879330143540499e-02,-3.974631010101010303e-02,-4.166677990430622119e-02,-2.623631047315257947e-05,-3.258851674641148285e-05,-4.492418926103137241e-05,-4.639702286018075866e-05,-4.786985645933014490e-05,-4.934269005847953114e-05,-5.081594896331739151e-05,-5.882488038277512921e-05,-6.720202020202021686e-05,-6.904306220095694628e-05,-6.379569377990430270e-05,-5.818054226475279008e-05,-3.728335991493886444e-05,-3.820388091440722915e-05,-3.912440191387559385e-05,-2.402695374800637988e-05,-1.638628389154705224e-05,-1.675449229133439881e-05,-1.712270069112174537e-05,-8.745454545454545964e-06,-3.571823498139288375e-05,-1.822743221690590189e-05,-9.297820308346624224e-06,-9.481924508240297504e-06,-1.933205741626794496e-05,-9.850132908027645759e-06,1.003429027113237915e-05,-6.060606060606060465e-05,-9.569377990430619576e-05,-1.787214247740563275e-04,-6.943181818181817962e-03,-7.183678894205209047e-05,-2.764925571504518731e-03,-2.738118022328548621e-03,-1.694976076555023987e-03,-7.162679425837320188e-04,-5.009569377990430580e-04,-6.060606060606060465e-05,-9.728867623604464004e-05,-1.834662413609782091e-04,-6.966507177033491420e-03,-6.572301967038808796e-05,-2.838516746411483098e-03,-2.841387559808612566e-03,-1.752923976608187096e-03,-7.349282296650718263e-04,-5.124401913875597375e-04
cxo,7.990000000000000574e-03,8.229999999999999469e-03,8.449999999999999178e-03,8.640000000000000110e-03,8.810000000000000123e-03,8.970000000000000542e-03,9.119999999999999635e-03,9.270000000000000462e-03,9.409999999999999962e-03,9.549999999999999462e-03,9.700000000000000289e-03,9.849999999999999381e-03,1.000000000000000021e-02,1.017000000000000022e-02,1.034999999999999983e-02,1.055999999999999994e-02,1.081999999999999976e-02,1.115000000000000019e-02,1.133999999999999939e-02,1.145000000000000011e-02,1.157000000000000042e-02,1.169000000000000074e-02,1.182000000000000065e-02,1.197999999999999933e-02,1.235999999999999946e-02,1.315999999999999982e-02,1.362999999999999975e-02,1.400000000000000029e-02,1.430000000000000021e-02,1.456000000000000003e-02,1.480000000000000066e-02,1.502000000000000036e-02,1.521999999999999915e-02,1.538999999999999917e-02,1.553999999999999999e-02,1.565000000000000072e-02,1.565000000000000072e-02,1.567999999999999949e-02,1.577999999999999889e-02,1.587999999999999828e-02,1.598000000000000115e-02,1.609000000000000014e-02,1.620999999999999872e-02,1.633000000000000076e-02,1.645999999999999894e-02,1.661999999999999936e-02,1.682000000000000162e-02,1.846000000000000071e-02,2.816000000000000100e-02,3.370999999999999691e-02,3.810000000000000192e-02,4.191000000000000281e-02,4.562000000000000083e-02,4.963000000000000050e-02,5.274000000000000216e-02,5.829000000000000153e-02,5.909999999999999976e-02,5.709000000000000186e-02,5.344999999999999751e-02,4.830999999999999878e-02,4.227000000000000202e-02,3.540999999999999703e-02,2.421999999999999847e-02,2.194000000000000117e-02,2.038999999999999840e-02,1.957000000000000059e-02,1.905000000000000096e-02,1.873999999999999971e-02,1.873999999999999971e-02,1.905000000000000096e-02,1.958999999999999977e-02,2.041000000000000106e-02,2.196999999999999995e-02,2.425000000000000072e-02,3.543999999999999928e-02,4.232000000000000345e-02,4.837000000000000327e-02,5.351999999999999813e-02,5.716999999999999860e-02,5.918999999999999956e-02,5.838000000000000134e-02,5.283000000000000196e-02,4.970999999999999724e-02,4.571000000000000063e-02,4.200000000000000261e-02,3.819000000000000172e-02,3.379999999999999671e-02,2.825000000000000080e-02,1.856000000000000011e-02,1.692000000000000101e-02,1.671999999999999875e-02,1.655999999999999833e-02,1.643999999999999975e-02,1.632000000000000117e-02,1.619999999999999912e-02,1.609999999999999973e-02,1.600000000000000033e-02,1.590000000000000094e-02,1.581000000000000114e-02,1.577999999999999889e-02,1.577999999999999889e-02,1.567999999999999949e-02,1.553000000000000040e-02,1.535000000000000080e-02,1.515000000000000027e-02,1.494000000000000015e-02,1.469999999999999953e-02,1.443000000000000012e-02,1.413000000000000020e-02,1.375999999999999966e-02,1.328000000000000014e-02,1.247000000000000018e-02,1.209000000000000005e-02,1.192999999999999963e-02,1.179000000000000013e-02,1.166999999999999982e-02,1.156000000000000083e-02,1.144000000000000052e-02,1.124999999999999958e-02,1.090999999999999956e-02,1.064999999999999974e-02,1.043999999999999963e-02,1.025000000000000043e-02,1.008000000000000042e-02,9.919999999999999998e-03,9.769999999999999171e-03,9.620000000000000079e-03,9.469999999999999252e-03,9.320000000000000159e-03,9.169999999999999332e-03,9.010000000000000647e-03,8.850000000000000228e-03,8.670000000000000623e-03,8.470000000000000098e-03,8.250000000000000389e-03,8.000000000000000167e-03,8.279999999999999166e-03,8.710000000000000728e-03,9.239999999999999949e-03,9.969999999999999696e-03,1.335000000000000075e-02,2.292999999999999899e-02,2.823000000000000162e-02,3.216000000000000109e-02,3.516999999999999987e-02,3.737999999999999656e-02,3.889999999999999708e-02,3.962999999999999856e-02,3.864999999999999686e-02,3.672000000000000264e-02,3.685999999999999693e-02,3.576000000000000012e-02,3.373999999999999916e-02,3.157000000000000084e-02,2.915999999999999842e-02,2.636000000000000149e-02,2.295000000000000165e-02,1.849999999999999908e-02,1.065999999999999934e-02,8.449999999999999178e-03,8.540000000000000716e-03,8.540000000000000716e-03,8.470000000000000098e-03,8.290000000000000493e-03,8.229999999999999469e-03,8.600000000000000006e-03,9.090000000000000857e-03,9.709999999999999881e-03,1.298999999999999981e-02,2.254000000000000101e-02,2.784999999999999976e-02,3.180999999999999800e-02,3.486999999999999822e-02,3.717999999999999777e-02,3.885000000000000259e-02,3.978000000000000286e-02,3.899999999999999994e-02,3.699999999999999817e-02,3.685999999999999693e-02,3.572999999999999787e-02,3.370000000000000079e-02,3.151000000000000328e-02,2.906999999999999862e-02,2.622999999999999984e-02,2.275999999999999898e-02,1.828000000000000111e-02,1.038000000000000034e-02,8.070000000000000784e-03,8.099999999999999561e-03,8.030000000000000679e-03,7.860000000000000667e-03,8.009999999999999759e-03,7.969999999999999654e-03,7.929999999999999549e-03,7.889999999999999444e-03,7.849999999999999339e-03,7.820000000000000562e-03,7.779999999999999589e-03,7.749999999999999944e-03,7.720000000000000299e-03,7.689999999999999787e-03,7.660000000000000142e-03,7.629999999999999630e-03,7.599999999999999985e-03,7.570000000000000340e-03,7.550000000000000287e-03,7.519999999999999775e-03,7.490000000000000130e-03,7.470000000000000077e-03,7.450000000000000025e-03,7.420000000000000380e-03,7.400000000000000328e-03,7.380000000000000275e-03,7.349999999999999763e-03,7.329999999999999710e-03,7.309999999999999658e-03,7.289999999999999605e-03,7.270000000000000420e-03,9.050000000000000752e-03,9.050000000000000752e-03,9.010000000000000647e-03,2.148999999999999869e-02,2.359999999999999945e-02,9.719999999999999474e-03,9.870000000000000301e-03,9.839999999999999789e-03,9.769999999999999171e-03,9.690000000000000696e-03,9.050000000000000752e-03,9.050000000000000752e-03,9.010000000000000647e-03,2.148999999999999869e-02,2.359999999999999945e-02,9.730000000000000801e-03,9.889999999999999486e-03,9.839999999999999789e-03,9.769999999999999171e-03,9.690000000000000696e-03
cxo*c/cref,5.548823498139288102e-03,5.786289420520999115e-03,6.013695640616692831e-03,6.223280382775119197e-03,6.421557947900053201e-03,6.615386921850079788e-03,6.804509090909090403e-03,6.996213397129187432e-03,7.182866613503455927e-03,7.371980595427964078e-03,7.571259968102073655e-03,7.773121477937267911e-03,7.977565124933546845e-03,8.200772248803828504e-03,8.435002392344497640e-03,8.697038596491228624e-03,9.004356831472621475e-03,9.374950824029771451e-03,9.590046889952151543e-03,9.696220361509834407e-03,9.811126262626264360e-03,9.926307761828814108e-03,1.005026762360446656e-02,1.020000510366826131e-02,1.053451802232854839e-02,1.129367272727272754e-02,1.182607203615098322e-02,1.227965975544923101e-02,1.267826900584795476e-02,1.304664242424242310e-02,1.340190749601275974e-02,1.374341977671451366e-02,1.407052993088782344e-02,1.437349090909090764e-02,1.466080446570972896e-02,1.491284423179160129e-02,1.506110738968633768e-02,1.523860925039872277e-02,1.548528899521530930e-02,1.573386347687400280e-02,1.598441765018607241e-02,1.624687963849016578e-02,1.652170425305688264e-02,1.679871701222753963e-02,1.708847272727272507e-02,1.741212280701754517e-02,1.778109175970228953e-02,1.968968527379054076e-02,3.030276491228070523e-02,3.659461541733120132e-02,4.172142424242424735e-02,4.629083157894737371e-02,5.082106804891015073e-02,5.575894880382775698e-02,5.975293397129187445e-02,6.659345853269538207e-02,6.807905263157895681e-02,6.630513333333332149e-02,6.258423843700157418e-02,5.702377820308346390e-02,5.024759170653907842e-02,4.234911754385965038e-02,2.914138553960659087e-02,2.667092185007974639e-02,2.506409043062201095e-02,2.419938181818181641e-02,2.369572886762360414e-02,2.344731664008505717e-02,2.344731664008505717e-02,2.369572886762360414e-02,2.422411291866028576e-02,2.508867511961722710e-02,2.670739074960127787e-02,2.917748139287613257e-02,4.238499649122807328e-02,5.030702817650186537e-02,5.709460053163211563e-02,6.266620095693778425e-02,6.639804646464644855e-02,6.818272631578947696e-02,6.669627910685806127e-02,5.985490143540670577e-02,5.584882822966507482e-02,5.092132881446038983e-02,4.639023923444976494e-02,4.181997878787879069e-02,3.669231685273790372e-02,3.039961323763955628e-02,1.979634662413609983e-02,1.788680574162679685e-02,1.751688888888889087e-02,1.719229090909090568e-02,1.691187432216905914e-02,1.663381945773524662e-02,1.635795215311004747e-02,1.610445082402977082e-02,1.585275917065390866e-02,1.560304784688995236e-02,1.536494976076555052e-02,1.518621562998404874e-02,1.503672089314194403e-02,1.479288378522062609e-02,1.450424391281233440e-02,1.419071185539606469e-02,1.386237081339712976e-02,1.352868229665071809e-02,1.317209090909090760e-02,1.279352599681020906e-02,1.239368516746411526e-02,1.193886656034024406e-02,1.139665454545454523e-02,1.062827182349813937e-02,1.029366124401913905e-02,1.014379803296119008e-02,1.001122057416267870e-02,9.895924242424242526e-03,9.789371823498139308e-03,9.674615204678362057e-03,9.459031100478468984e-03,9.079254439128122897e-03,8.771161084529506199e-03,8.508350239234449552e-03,8.265281765018608548e-03,8.041385645933015261e-03,7.828361935140883826e-03,7.625897926634768453e-03,7.426016055289740361e-03,7.228665975544922191e-03,7.033949175970229117e-03,6.841814513556618120e-03,6.644886975013291480e-03,6.450713716108453198e-03,6.244888995215310858e-03,6.027929239766081568e-03,5.800350877192982438e-03,5.555768208399787869e-03,4.591416267942583992e-03,4.943492238171186617e-03,5.364849122807018554e-03,5.918766560340245342e-03,8.099567783094098472e-03,1.421099245082402783e-02,1.786399202551833959e-02,2.077047017543859689e-02,2.317349617224880032e-02,2.511733301435406171e-02,2.664618979266347373e-02,2.766325693779904046e-02,2.748362254120148909e-02,2.659027751196172545e-02,2.717254141414141358e-02,2.682817480063796195e-02,2.575289356725146347e-02,2.450862514619882998e-02,2.301810717703349149e-02,2.115176289207868279e-02,1.871492583732057430e-02,1.532755980861244018e-02,8.971061562998405500e-03,7.221448165869218637e-03,7.409777990430623136e-03,7.521238383838384223e-03,7.570090643274853329e-03,7.517368474215842776e-03,4.563690324295587367e-03,4.881060074428495918e-03,5.277757416267943834e-03,5.764415576820840388e-03,7.881152472089312730e-03,1.396928782562466796e-02,1.762352737905369462e-02,2.054442339181286256e-02,2.297582631578947224e-02,2.498294385964911976e-02,2.661194019138755917e-02,2.776796267942583871e-02,2.773250398724083285e-02,2.679303561935141020e-02,2.717254141414141358e-02,2.680566794258373159e-02,2.572236257309941723e-02,2.446204556087187842e-02,2.294706363636363558e-02,2.104744843168527418e-02,1.855998745348218931e-02,1.514528612440191671e-02,8.735423923444977576e-03,6.896696650717704449e-03,7.028009569377990928e-03,7.072077777777778344e-03,7.024901116427432861e-03,4.203056937799043435e-03,4.328841307814991317e-03,4.453110260499734338e-03,4.575906379585326957e-03,4.697229665071770040e-03,4.823247953216374014e-03,4.941851036682615855e-03,5.065475810738969721e-03,5.187995959595959918e-03,5.309411483253588179e-03,5.429722381711855374e-03,5.548969218500796399e-03,5.667070707070707286e-03,5.784067570441254504e-03,5.907784688995215173e-03,6.022756406166932322e-03,6.136663317384371055e-03,6.257802870813397762e-03,6.378206007442849268e-03,6.489127272727272973e-03,6.607873471557682878e-03,6.725922488038277823e-03,6.833897926634768284e-03,6.950250664540137159e-03,7.065866985645932567e-03,7.180746889952153642e-03,7.294929027113239081e-03,1.443381180223285388e-03,1.443381180223285388e-03,1.425026581605529172e-03,3.341746411483252892e-03,3.607123870281764462e-03,1.459808612440191165e-03,1.456100478468899586e-03,1.425518341307815094e-03,1.402392344497607442e-03,1.390909090909091088e-03,1.443381180223285388e-03,1.443381180223285388e-03,1.425026581605529172e-03,3.341746411483252892e-03,3.607123870281764462e-03,1.461310473152578485e-03,1.459051036682615550e-03,1.425518341307815094e-03,1.402392344497607442e-03,1.390909090909091088e-03
cy,1.097899999999999987e-01,-1.049999999999999935e-03,-7.089999999999999948e-03,-9.849999999999999381e-03,-1.204999999999999995e-02,-1.382000000000000069e-02,-1.507000000000000006e-02,-1.545999999999999978e-02,-1.631000000000000158e-02,-1.776000000000000148e-02,-1.854000000000000092e-02,-1.938000000000000139e-02,-2.044999999999999943e-02,-2.216999999999999874e-02,-2.323000000000000065e-02,-2.549999999999999836e-02,-2.928000000000000047e-02,-2.160000000000000114e-02,1.985999999999999918e-02,-3.608000000000000096e-02,-3.991999999999999715e-02,-3.858999999999999930e-02,-5.360999999999999793e-02,-2.778200000000000114e-01,-1.044699999999999934e-01,-2.756000000000000116e-02,-3.264999999999999847e-02,-3.253000000000000336e-02,-3.305999999999999911e-02,-3.343999999999999750e-02,-3.334000000000000158e-02,-3.325000000000000178e-02,-3.370000000000000079e-02,-3.441999999999999921e-02,-3.461000000000000187e-02,-3.456000000000000044e-02,-3.493000000000000271e-02,-3.620000000000000301e-02,-3.669000000000000039e-02,-3.667000000000000121e-02,-3.652999999999999997e-02,-3.516999999999999987e-02,-3.502999999999999864e-02,-3.552999999999999908e-02,-3.593999999999999972e-02,-3.688999999999999918e-02,-3.894999999999999851e-02,1.372999999999999915e-02,-9.530000000000000276e-03,-7.610999999999999710e-02,-9.873999999999999444e-02,-1.428200000000000025e-01,-2.424099999999999866e-01,-4.207000000000000184e-01,-2.341499999999999970e-01,4.461999999999999994e-02,-2.900000000000000147e-02,-1.018799999999999983e-01,-1.126599999999999963e-01,-9.067000000000000060e-02,-8.215000000000000080e-02,-1.817499999999999949e-01,-1.507499999999999951e-01,1.226700000000000013e-01,2.758999999999999994e-02,-1.717000000000000123e-02,-2.774000000000000077e-02,-3.676000000000000101e-02,3.647000000000000242e-02,2.750000000000000014e-02,1.693000000000000060e-02,-2.793999999999999956e-02,-1.229900000000000021e-01,1.511399999999999966e-01,1.822999999999999898e-01,8.222000000000000142e-02,9.070000000000000284e-02,1.128799999999999942e-01,1.022099999999999953e-01,2.947999999999999926e-02,-4.408000000000000113e-02,2.342700000000000060e-01,4.205599999999999894e-01,2.424099999999999866e-01,1.429700000000000137e-01,9.894000000000000017e-02,7.621999999999999609e-02,9.299999999999999239e-03,-1.401999999999999948e-02,3.896999999999999770e-02,3.694999999999999674e-02,3.610000000000000014e-02,3.572999999999999787e-02,3.524999999999999661e-02,3.540999999999999703e-02,3.679999999999999938e-02,3.692999999999999755e-02,3.692999999999999755e-02,3.642999999999999711e-02,3.513999999999999763e-02,3.481000000000000066e-02,3.493000000000000271e-02,3.475999999999999923e-02,3.404999999999999694e-02,3.359000000000000180e-02,3.368000000000000160e-02,3.386000000000000121e-02,3.352000000000000118e-02,3.296000000000000318e-02,3.311999999999999666e-02,2.810999999999999957e-02,1.057799999999999990e-01,2.867500000000000049e-01,5.439000000000000085e-02,3.853999999999999787e-02,4.048000000000000209e-02,3.615000000000000158e-02,-1.858999999999999889e-02,2.204000000000000056e-02,2.956999999999999906e-02,2.580000000000000002e-02,2.352999999999999883e-02,2.247000000000000039e-02,2.069999999999999965e-02,1.955000000000000140e-02,1.867999999999999869e-02,1.788999999999999965e-02,1.645999999999999894e-02,1.565000000000000072e-02,1.528000000000000018e-02,1.403000000000000080e-02,1.221999999999999996e-02,9.950000000000000511e-03,7.100000000000000408e-03,7.699999999999999597e-04,-1.164099999999999996e-01,2.970800000000000107e-01,7.409999999999999920e-03,-1.331000000000000065e-02,-1.185400000000000065e-01,-7.453999999999999515e-02,4.460000000000000075e-02,2.928000000000000047e-02,3.617000000000000076e-02,3.420999999999999736e-02,1.838000000000000050e-02,-1.744000000000000064e-02,-4.043000000000000066e-02,-4.091299999999999937e-01,-2.047400000000000053e-01,2.674400000000000110e-01,8.946999999999999398e-02,1.649999999999999991e-03,3.670000000000000085e-03,2.612000000000000086e-02,3.296999999999999931e-02,2.333999999999999964e-02,1.020000000000000073e-02,9.690000000000000002e-02,1.067400000000000015e-01,1.677999999999999978e-02,4.720000000000000237e-03,8.499999999999999526e-04,1.798999999999999905e-02,-2.528900000000000037e-01,-6.559999999999999859e-03,1.905000000000000096e-02,1.226200000000000068e-01,7.267999999999999461e-02,-4.336999999999999883e-02,-2.779999999999999832e-02,-3.448999999999999982e-02,-3.345999999999999669e-02,-1.959999999999999937e-02,1.754000000000000004e-02,1.523400000000000032e-01,3.998700000000000032e-01,1.116999999999999937e-02,-3.446100000000000274e-01,-1.003899999999999931e-01,-4.100000000000000346e-03,-5.060000000000000261e-03,-2.804999999999999855e-02,-3.359000000000000180e-02,-2.321000000000000146e-02,-9.320000000000000159e-03,-9.436999999999999555e-02,-1.051499999999999935e-01,-1.720999999999999960e-02,-4.040000000000000188e-03,1.949999999999999910e-03,2.066000000000000128e-02,1.893999999999999850e-02,2.097999999999999865e-02,2.261000000000000162e-02,2.403999999999999887e-02,2.504999999999999935e-02,2.576000000000000165e-02,2.645000000000000129e-02,2.721000000000000155e-02,2.738000000000000156e-02,2.731000000000000094e-02,2.696000000000000132e-02,2.651999999999999844e-02,2.597000000000000003e-02,2.539999999999999897e-02,2.443000000000000033e-02,2.340000000000000066e-02,2.216999999999999874e-02,2.070999999999999924e-02,1.851999999999999827e-02,1.636999999999999914e-02,1.474999999999999922e-02,1.213000000000000016e-02,8.550000000000000308e-03,4.409999999999999858e-03,-1.369999999999999907e-03,-1.093000000000000048e-02,-6.440000000000000412e-03,-2.629999999999999959e-03,-4.239999999999999845e-03,-2.258499999999999952e-01,1.838000000000000050e-02,-7.853999999999999870e-02,-8.874999999999999556e-02,-6.585000000000000575e-02,-4.585999999999999799e-02,-2.297000000000000083e-02,6.649999999999999661e-03,2.720000000000000195e-03,4.400000000000000265e-03,2.259799999999999864e-01,-1.679999999999999896e-02,7.943999999999999673e-02,9.002000000000000279e-02,6.661000000000000254e-02,4.640999999999999986e-02,2.315000000000000044e-02
cy*c/cref,7.624597395002657985e-02,-7.382264752791067907e-04,-5.045810898458266518e-03,-7.094827751196170970e-03,-8.783175172780436496e-03,-1.019226836788942117e-02,-1.124385438596491212e-02,-1.166790281765018623e-02,-1.244979324827219687e-02,-1.370956810207336722e-02,-1.447125358851674738e-02,-1.529371515151515398e-02,-1.631412068048910397e-02,-1.787719968102073273e-02,-1.893189425837320597e-02,-2.100137161084529580e-02,-2.436668835725678064e-02,-1.816133971291866017e-02,1.679526730462519921e-02,-3.055367953216374388e-02,-3.385135353535353303e-02,-3.276785427963848502e-02,-4.558332041467304252e-02,-2.365413537480063888e-01,-8.904054189261030594e-02,-2.365149090909091090e-02,-2.832877857522594217e-02,-2.853266656034025156e-02,-2.931073939393939384e-02,-2.996426666666666266e-02,-3.019051323763955602e-02,-3.042401515151515329e-02,-3.115485273790536552e-02,-3.214655991493885895e-02,-3.265189463051568208e-02,-3.293213397129186870e-02,-3.361562179691653801e-02,-3.518097288676236278e-02,-3.600476889952152620e-02,-3.633254242424242830e-02,-3.654009867091972258e-02,-3.551291217437533426e-02,-3.570359654439127922e-02,-3.654981111111110792e-02,-3.731225454545453873e-02,-3.864820760233918240e-02,-4.117559595959596058e-02,1.464460340244550830e-02,-1.025516156299840533e-02,-8.262284720893141310e-02,-1.081252868686868596e-01,-1.577489039872408405e-01,-2.700468019670387854e-01,-4.726534306220096515e-01,-2.652853524720893419e-01,5.097615576820840183e-02,-3.340596491228070564e-02,-1.183248727272727119e-01,-1.319128213716108111e-01,-1.070243421584263638e-01,-9.765412014885699321e-02,-2.173666228070175732e-01,-1.813816626794258480e-01,1.491213301435406757e-01,3.391457846889952416e-02,-2.123164976076554952e-02,-3.450496161616161545e-02,-4.599377586390217265e-02,4.563093051568314212e-02,3.420643274853801125e-02,2.093487655502392075e-02,-3.434481052631579295e-02,-1.495103317384370023e-01,1.818509087719298312e-01,2.180244035087719467e-01,9.773733120680488939e-02,1.070597533227006931e-01,1.321704178628388959e-01,1.187081393939393714e-01,3.395889122807017879e-02,-5.035923232323232662e-02,2.654213090909091077e-01,4.724961416267943193e-01,2.700468019670387854e-01,1.579145834130781523e-01,1.083442969696969682e-01,8.274226007442848918e-02,1.000766028708133942e-02,-1.495392131844763481e-02,4.119673875598086482e-02,3.871106725146199190e-02,3.747836363636363605e-02,3.675555167464114592e-02,3.592782695374800023e-02,3.575525220627325668e-02,3.681017331206804660e-02,3.659014976076555015e-02,3.624028660287080539e-02,3.540449840510366541e-02,3.381771972355129829e-02,3.317035832004253115e-02,3.295379021796916719e-02,3.246410292397660519e-02,3.147841945773523914e-02,3.073511786283891767e-02,3.049839489633173958e-02,3.034061212121211965e-02,2.971857182349814386e-02,2.890982753854333398e-02,2.873657416267942286e-02,2.412349090909090762e-02,9.015706443381180102e-02,2.441445295055821307e-01,4.624653604465709528e-02,3.272539787347155532e-02,3.432622222222223018e-02,3.061295773524721001e-02,-1.572124970760233748e-02,1.853129292929292862e-02,2.460802509303561952e-02,2.124844657097288772e-02,1.917638708133971234e-02,1.811911036682615703e-02,1.651355980861244147e-02,1.542787054758107748e-02,1.458052950558213698e-02,1.380991967038809262e-02,1.256429165337586383e-02,1.181129877724614724e-02,1.140053716108452818e-02,1.034714364699627909e-02,8.907087187666135400e-03,7.166856459330143460e-03,5.052927698032961754e-03,5.413660818713450376e-04,-8.084337214247741543e-02,1.647364667729931120e-01,4.205657575757575962e-03,-7.727937426900585889e-03,-7.037217533227008159e-02,-4.522410356193513198e-02,2.764109303561934974e-02,1.852843381180223348e-02,2.336032046783625624e-02,2.254095263157894491e-02,1.235036331738437014e-02,-1.194626092503987130e-02,-2.822168755980861143e-02,-2.909281886230728476e-01,-1.482596246677299612e-01,1.971520476342371320e-01,6.712295300372142504e-02,1.259403508771929836e-03,2.849117969165337362e-03,2.061841424774056228e-02,2.645575199362041122e-02,1.903295725677830660e-02,8.450870813397130116e-03,8.154745454545454797e-02,9.122099138755981884e-02,1.455925933014354245e-02,4.156937373737373820e-03,7.596903242955873855e-04,1.631332434875066434e-02,-1.402322777777778029e-01,-3.723227219564062204e-03,1.106064673046252243e-02,7.279429845826689005e-02,4.409562445507708012e-02,-2.687879383306751579e-02,-1.759188729399255649e-02,-2.227529590643274535e-02,-2.204677799043061950e-02,-1.317013716108452782e-02,1.201476012759170563e-02,1.063391511961722380e-01,2.843434966507177308e-01,8.088600212652844595e-03,-2.540404095693780118e-01,-7.531544933545986087e-02,-3.129426900584795796e-03,-3.928211695906432335e-03,-2.214190350877192834e-02,-2.695325172780435943e-02,-1.892694678362573033e-02,-7.721776076555024980e-03,-7.941830015948964094e-02,-8.986216267942584435e-02,-1.493235119617225028e-02,-3.558056565656565837e-03,1.742818979266347627e-03,1.084084348750664721e-02,1.028710845295055694e-02,1.178136863370547564e-02,1.311295858585858655e-02,1.438489186602870742e-02,1.545042982456140170e-02,1.636273556618820027e-02,1.728797873471557903e-02,1.828566969696969816e-02,1.890399043062201273e-02,1.935844885699096116e-02,1.960684274322168838e-02,1.977509409888357148e-02,1.984309574694311309e-02,1.987519617224879978e-02,1.956594933545986389e-02,1.917195215311005146e-02,1.857235470494417867e-02,1.773055656565656474e-02,1.619658181818181553e-02,1.461768766613503502e-02,1.344273125996810203e-02,1.127825603402445552e-02,8.107045454545453583e-03,4.262718660287081497e-03,-1.349468208399787379e-03,-1.096747926634768916e-02,-1.027113237639553289e-03,-4.194577352472088523e-04,-6.706007442849547771e-04,-3.512021531100478072e-02,2.809276980329611633e-03,-1.179561403508771859e-02,-1.309310207336523112e-02,-9.539673046251995539e-03,-6.582775119617224890e-03,-3.297129186602870948e-03,1.060606060606060497e-03,4.338118022328548372e-04,6.959064327485380008e-04,3.514043062200956219e-02,-2.567783094098883331e-03,1.193078149920255050e-02,1.328046251993620502e-02,9.649774056353005447e-03,6.661722488038277455e-03,3.322966507177033558e-03
cyi,1.097899999999999987e-01,-1.049999999999999935e-03,-7.089999999999999948e-03,-9.849999999999999381e-03,-1.204999999999999995e-02,-1.382000000000000069e-02,-1.507000000000000006e-02,-1.545999999999999978e-02,-1.631000000000000158e-02,-1.777000000000000107e-02,-1.854000000000000092e-02,-1.938000000000000139e-02,-2.045999999999999902e-02,-2.216999999999999874e-02,-2.323000000000000065e-02,-2.551000000000000142e-02,-2.928000000000000047e-02,-2.160000000000000114e-02,1.985999999999999918e-02,-3.608000000000000096e-02,-3.991999999999999715e-02,-3.860000000000000236e-02,-5.362000000000000099e-02,-2.778300000000000214e-01,-1.044899999999999995e-01,-2.758999999999999994e-02,-3.268000000000000071e-02,-3.255999999999999867e-02,-3.309000000000000136e-02,-3.348000000000000281e-02,-3.336999999999999689e-02,-3.327999999999999708e-02,-3.373999999999999916e-02,-3.445999999999999758e-02,-3.463999999999999718e-02,-3.459999999999999881e-02,-3.495999999999999802e-02,-3.624000000000000138e-02,-3.672999999999999876e-02,-3.670000000000000345e-02,-3.656999999999999834e-02,-3.520999999999999824e-02,-3.506999999999999701e-02,-3.556999999999999745e-02,-3.597999999999999809e-02,-3.692999999999999755e-02,-3.899999999999999994e-02,1.369000000000000078e-02,-9.599999999999999159e-03,-7.618999999999999384e-02,-9.883999999999999730e-02,-1.429300000000000015e-01,-2.425299999999999956e-01,-4.208299999999999819e-01,-2.342899999999999983e-01,4.445999999999999952e-02,-2.915999999999999842e-02,-1.020400000000000057e-01,-1.127999999999999975e-01,-9.080000000000000571e-02,-8.225999999999999979e-02,-1.818299999999999916e-01,-1.508099999999999996e-01,1.226399999999999990e-01,2.758000000000000035e-02,-1.718000000000000083e-02,-2.774000000000000077e-02,-3.676000000000000101e-02,3.647999999999999854e-02,2.750000000000000014e-02,1.694000000000000020e-02,-2.792999999999999997e-02,-1.229599999999999999e-01,1.512000000000000011e-01,1.823899999999999966e-01,8.233000000000000040e-02,9.084000000000000408e-02,1.130300000000000055e-01,1.023600000000000065e-01,2.963999999999999968e-02,-4.392999999999999683e-02,2.344100000000000072e-01,4.206900000000000084e-01,2.425299999999999956e-01,1.430800000000000127e-01,9.904000000000000303e-02,7.630000000000000671e-02,9.369999999999999857e-03,-1.397999999999999937e-02,3.901000000000000301e-02,3.699999999999999817e-02,3.613999999999999851e-02,3.577000000000000318e-02,3.529000000000000192e-02,3.545000000000000234e-02,3.683999999999999775e-02,3.697000000000000286e-02,3.697000000000000286e-02,3.647000000000000242e-02,3.518000000000000294e-02,3.484999999999999903e-02,3.495999999999999802e-02,3.479999999999999760e-02,3.407999999999999918e-02,3.363000000000000017e-02,3.371999999999999997e-02,3.389999999999999958e-02,3.355000000000000343e-02,3.298999999999999849e-02,3.314000000000000279e-02,2.813999999999999835e-02,1.058000000000000052e-01,2.867500000000000049e-01,5.439000000000000085e-02,3.855000000000000093e-02,4.048000000000000209e-02,3.615000000000000158e-02,-1.858999999999999889e-02,2.204000000000000056e-02,2.957999999999999866e-02,2.580999999999999961e-02,2.352999999999999883e-02,2.247000000000000039e-02,2.069999999999999965e-02,1.956000000000000100e-02,1.867999999999999869e-02,1.789999999999999925e-02,1.645999999999999894e-02,1.565000000000000072e-02,1.528000000000000018e-02,1.403000000000000080e-02,1.221999999999999996e-02,9.960000000000000103e-03,7.100000000000000408e-03,7.699999999999999597e-04,-1.164099999999999996e-01,2.970800000000000107e-01,7.409999999999999920e-03,-1.331000000000000065e-02,-1.185400000000000065e-01,-7.453999999999999515e-02,4.460000000000000075e-02,2.928000000000000047e-02,3.617000000000000076e-02,3.420999999999999736e-02,1.838000000000000050e-02,-1.744000000000000064e-02,-4.043000000000000066e-02,-4.091299999999999937e-01,-2.047400000000000053e-01,2.674400000000000110e-01,8.946999999999999398e-02,1.649999999999999991e-03,3.670000000000000085e-03,2.612000000000000086e-02,3.296999999999999931e-02,2.333999999999999964e-02,1.020000000000000073e-02,9.690000000000000002e-02,1.067400000000000015e-01,1.677999999999999978e-02,4.720000000000000237e-03,8.499999999999999526e-04,1.798999999999999905e-02,-2.528900000000000037e-01,-6.559999999999999859e-03,1.905000000000000096e-02,1.226200000000000068e-01,7.267999999999999461e-02,-4.336999999999999883e-02,-2.779999999999999832e-02,-3.448999999999999982e-02,-3.345999999999999669e-02,-1.959999999999999937e-02,1.754000000000000004e-02,1.523400000000000032e-01,3.998700000000000032e-01,1.116999999999999937e-02,-3.446100000000000274e-01,-1.003899999999999931e-01,-4.100000000000000346e-03,-5.060000000000000261e-03,-2.804999999999999855e-02,-3.359000000000000180e-02,-2.321000000000000146e-02,-9.320000000000000159e-03,-9.436999999999999555e-02,-1.051499999999999935e-01,-1.720999999999999960e-02,-4.040000000000000188e-03,1.949999999999999910e-03,2.066000000000000128e-02,1.893999999999999850e-02,2.097999999999999865e-02,2.261000000000000162e-02,2.403999999999999887e-02,2.504999999999999935e-02,2.576000000000000165e-02,2.645000000000000129e-02,2.721000000000000155e-02,2.738000000000000156e-02,2.731000000000000094e-02,2.696000000000000132e-02,2.651999999999999844e-02,2.597000000000000003e-02,2.539999999999999897e-02,2.443000000000000033e-02,2.340000000000000066e-02,2.216999999999999874e-02,2.070999999999999924e-02,1.851999999999999827e-02,1.636999999999999914e-02,1.474999999999999922e-02,1.213000000000000016e-02,8.550000000000000308e-03,4.409999999999999858e-03,-1.369999999999999907e-03,-1.093000000000000048e-02,-6.440000000000000412e-03,-2.629999999999999959e-03,-4.239999999999999845e-03,-2.258499999999999952e-01,1.838000000000000050e-02,-7.853999999999999870e-02,-8.874999999999999556e-02,-6.585000000000000575e-02,-4.585999999999999799e-02,-2.297000000000000083e-02,6.649999999999999661e-03,2.720000000000000195e-03,4.400000000000000265e-03,2.259799999999999864e-01,-1.679999999999999896e-02,7.943999999999999673e-02,9.002000000000000279e-02,6.661000000000000254e-02,4.640999999999999986e-02,2.315000000000000044e-02
cyi*c/cref,7.624597395002657985e-02,-7.382264752791067907e-04,-5.045810898458266518e-03,-7.094827751196170970e-03,-8.783175172780436496e-03,-1.019226836788942117e-02,-1.124385438596491212e-02,-1.166790281765018623e-02,-1.244979324827219687e-02,-1.371728745348219265e-02,-1.447125358851674738e-02,-1.529371515151515398e-02,-1.632209824561403622e-02,-1.787719968102073273e-02,-1.893189425837320597e-02,-2.100960744284955176e-02,-2.436668835725678064e-02,-1.816133971291866017e-02,1.679526730462519921e-02,-3.055367953216374388e-02,-3.385135353535353303e-02,-3.277634556087187512e-02,-4.559182317916002369e-02,-2.365498679425837580e-01,-8.905758803827751313e-02,-2.367723636363636142e-02,-2.835480808080808116e-02,-2.855898011695906513e-02,-2.933733716108453266e-02,-3.000010909090908978e-02,-3.021767926634768425e-02,-3.045146539074959982e-02,-3.119183179160020872e-02,-3.218391791600212770e-02,-3.268019734183944675e-02,-3.297024986709196775e-02,-3.364449292929292540e-02,-3.521984688995215274e-02,-3.604402185007973825e-02,-3.636226634768740390e-02,-3.658010972886761858e-02,-3.555330217969165235e-02,-3.574436570972886612e-02,-3.659095922381711691e-02,-3.735378181818181653e-02,-3.869011403508772207e-02,-4.122845295055821424e-02,1.460193886230728468e-02,-1.033048803827751189e-02,-8.270969292929292171e-02,-1.082347919191919139e-01,-1.578704022328548673e-01,-2.701804829877724190e-01,-4.727994846889952418e-01,-2.654439685273790595e-01,5.079336363636364343e-02,-3.359027368421052540e-02,-1.185106989898989799e-01,-1.320767464114832312e-01,-1.071777905369484390e-01,-9.778488038277512173e-02,-2.174623000000000250e-01,-1.814538543859649244e-01,1.490848612440191512e-01,3.390228612440191608e-02,-2.124401531100478246e-02,-3.450496161616161545e-02,-4.599377586390217265e-02,4.564344242424241832e-02,3.420643274853801125e-02,2.094724210526315716e-02,-3.433251818181818488e-02,-1.494738628389154778e-01,1.819231004784689076e-01,2.181320403508772154e-01,9.786809144072301792e-02,1.072250054226475263e-01,1.323460518341307568e-01,1.188823515151515020e-01,3.414319999999999855e-02,-5.018786469962786129e-02,2.655799251461988808e-01,4.726421956937799651e-01,2.701804829877724190e-01,1.580360816586922068e-01,1.084538020202020225e-01,8.282910579479001167e-02,1.008298676236044772e-02,-1.491125677830940945e-02,4.123902434875067330e-02,3.876345029239765955e-02,3.751989090909090691e-02,3.679669978734715491e-02,3.596859611908559407e-02,3.579564221158958170e-02,3.685018437001594954e-02,3.662978165869219122e-02,3.627953955342902437e-02,3.544337240829346231e-02,3.385621456671983331e-02,3.320847421584263715e-02,3.298209292929292491e-02,3.250146092503986700e-02,3.150615374800637414e-02,3.077171818181818203e-02,3.053461626794258532e-02,3.037645454545454329e-02,2.974516959064327920e-02,2.893614109516214755e-02,2.875392716640085347e-02,2.414923636363636161e-02,9.017411057947899433e-02,2.441445295055821307e-01,4.624653604465709528e-02,3.273388915470494542e-02,3.432622222222223018e-02,3.061295773524721001e-02,-1.572124970760233748e-02,1.853129292929292862e-02,2.461634704944178423e-02,2.125668240297714021e-02,1.917638708133971234e-02,1.811911036682615703e-02,1.651355980861244147e-02,1.543576204146730746e-02,1.458052950558213698e-02,1.381763902179691632e-02,1.256429165337586383e-02,1.181129877724614724e-02,1.140053716108452818e-02,1.034714364699627909e-02,8.907087187666135400e-03,7.174059330143540102e-03,5.052927698032961754e-03,5.413660818713450376e-04,-8.084337214247741543e-02,1.647364667729931120e-01,4.205657575757575962e-03,-7.727937426900585889e-03,-7.037217533227008159e-02,-4.522410356193513198e-02,2.764109303561934974e-02,1.852843381180223348e-02,2.336032046783625624e-02,2.254095263157894491e-02,1.235036331738437014e-02,-1.194626092503987130e-02,-2.822168755980861143e-02,-2.909281886230728476e-01,-1.482596246677299612e-01,1.971520476342371320e-01,6.712295300372142504e-02,1.259403508771929836e-03,2.849117969165337362e-03,2.061841424774056228e-02,2.645575199362041122e-02,1.903295725677830660e-02,8.450870813397130116e-03,8.154745454545454797e-02,9.122099138755981884e-02,1.455925933014354245e-02,4.156937373737373820e-03,7.596903242955873855e-04,1.631332434875066434e-02,-1.402322777777778029e-01,-3.723227219564062204e-03,1.106064673046252243e-02,7.279429845826689005e-02,4.409562445507708012e-02,-2.687879383306751579e-02,-1.759188729399255649e-02,-2.227529590643274535e-02,-2.204677799043061950e-02,-1.317013716108452782e-02,1.201476012759170563e-02,1.063391511961722380e-01,2.843434966507177308e-01,8.088600212652844595e-03,-2.540404095693780118e-01,-7.531544933545986087e-02,-3.129426900584795796e-03,-3.928211695906432335e-03,-2.214190350877192834e-02,-2.695325172780435943e-02,-1.892694678362573033e-02,-7.721776076555024980e-03,-7.941830015948964094e-02,-8.986216267942584435e-02,-1.493235119617225028e-02,-3.558056565656565837e-03,1.742818979266347627e-03,1.084084348750664721e-02,1.028710845295055694e-02,1.178136863370547564e-02,1.311295858585858655e-02,1.438489186602870742e-02,1.545042982456140170e-02,1.636273556618820027e-02,1.728797873471557903e-02,1.828566969696969816e-02,1.890399043062201273e-02,1.935844885699096116e-02,1.960684274322168838e-02,1.977509409888357148e-02,1.984309574694311309e-02,1.987519617224879978e-02,1.956594933545986389e-02,1.917195215311005146e-02,1.857235470494417867e-02,1.773055656565656474e-02,1.619658181818181553e-02,1.461768766613503502e-02,1.344273125996810203e-02,1.127825603402445552e-02,8.107045454545453583e-03,4.262718660287081497e-03,-1.349468208399787379e-03,-1.096747926634768916e-02,-1.027113237639553289e-03,-4.194577352472088523e-04,-6.706007442849547771e-04,-3.512021531100478072e-02,2.809276980329611633e-03,-1.179561403508771859e-02,-1.309310207336523112e-02,-9.539673046251995539e-03,-6.582775119617224890e-03,-3.297129186602870948e-03,1.060606060606060497e-03,4.338118022328548372e-04,6.959064327485380008e-04,3.514043062200956219e-02,-2.567783094098883331e-03,1.193078149920255050e-02,1.328046251993620502e-02,9.649774056353005447e-03,6.661722488038277455e-03,3.322966507177033558e-03
cyo,0.000000000000000000e+00,0.000000000000000000e+00,0.000000000000000000e+00,0.000000000000000000e+00,0.000000000000000000e+00,0.000000000000000000e+00,0.000000000000000000e+00,0.000000000000000000e+00,0.000000000000000000e+00,0.000000000000000000e+00,0.000000000000000000e+00,0.000000000000000000e+00,0.000000000000000000e+00,0.000000000000000000e+00,0.000000000000000000e+00,0.000000000000000000e+00,0.000000000000000000e+00,1.000000000000000082e-05,1.000000000000000082e-05,1.000000000000000082e-05,1.000000000000000082e-05,1.000000000000000082e-05,1.000000000000000082e-05,1.000000000000000082e-05,2.000000000000000164e-05,3.000000000000000076e-05,3.000000000000000076e-05,3.000000000000000076e-05,3.000000000000000076e-05,3.000000000000000076e-05,3.000000000000000076e-05,3.000000000000000076e-05,3.000000000000000076e-05,4.000000000000000327e-05,4.000000000000000327e-05,4.000000000000000327e-05,4.000000000000000327e-05,4.000000000000000327e-05,4.000000000000000327e-05,4.000000000000000327e-05,4.000000000000000327e-05,4.000000000000000327e-05,4.000000000000000327e-05,4.000000000000000327e-05,4.000000000000000327e-05,4.000000000000000327e-05,4.000000000000000327e-05,5.000000000000000240e-05,6.999999999999999387e-05,9.000000000000000567e-05,1.000000000000000048e-04,1.100000000000000039e-04,1.200000000000000030e-04,1.299999999999999886e-04,1.399999999999999877e-04,1.600000000000000131e-04,1.600000000000000131e-04,1.499999999999999869e-04,1.499999999999999869e-04,1.299999999999999886e-04,1.100000000000000039e-04,9.000000000000000567e-05,6.000000000000000152e-05,3.000000000000000076e-05,1.000000000000000082e-05,1.000000000000000082e-05,0.000000000000000000e+00,0.000000000000000000e+00,-0.000000000000000000e+00,-0.000000000000000000e+00,-1.000000000000000082e-05,-1.000000000000000082e-05,-3.000000000000000076e-05,-6.000000000000000152e-05,-9.000000000000000567e-05,-1.100000000000000039e-04,-1.299999999999999886e-04,-1.499999999999999869e-04,-1.499999999999999869e-04,-1.600000000000000131e-04,-1.600000000000000131e-04,-1.399999999999999877e-04,-1.299999999999999886e-04,-1.200000000000000030e-04,-1.100000000000000039e-04,-1.000000000000000048e-04,-9.000000000000000567e-05,-6.999999999999999387e-05,-5.000000000000000240e-05,-4.000000000000000327e-05,-4.000000000000000327e-05,-4.000000000000000327e-05,-4.000000000000000327e-05,-4.000000000000000327e-05,-4.000000000000000327e-05,-4.000000000000000327e-05,-4.000000000000000327e-05,-4.000000000000000327e-05,-4.000000000000000327e-05,-4.000000000000000327e-05,-4.000000000000000327e-05,-4.000000000000000327e-05,-4.000000000000000327e-05,-3.000000000000000076e-05,-3.000000000000000076e-05,-3.000000000000000076e-05,-3.000000000000000076e-05,-3.000000000000000076e-05,-3.000000000000000076e-05,-3.000000000000000076e-05,-3.000000000000000076e-05,-2.000000000000000164e-05,-1.000000000000000082e-05,-1.000000000000000082e-05,-1.000000000000000082e-05,-1.000000000000000082e-05,-1.000000000000000082e-05,-1.000000000000000082e-05,-1.000000000000000082e-05,-1.000000000000000082e-05,-0.000000000000000000e+00,-0.000000000000000000e+00,-0.000000000000000000e+00,-0.000000000000000000e+00,-0.000000000000000000e+00,-0.000000000000000000e+00,-0.000000000000000000e+00,-0.000000000000000000e+00,-0.000000000000000000e+00,-0.000000000000000000e+00,-0.000000000000000000e+00,-0.000000000000000000e+00,-0.000000000000000000e+00,-0.000000000000000000e+00,-0.000000000000000000e+00,-0.000000000000000000e+00,0.000000000000000000e+00,0.000000000000000000e+00,0.000000000000000000e+00,0.000000000000000000e+00,0.000000000000000000e+00,0.000000000000000000e+00,0.000000000000000000e+00,0.000000000000000000e+00,0.000000000000000000e+00,0.000000000000000000e+00,0.000000000000000000e+00,0.000000000000000000e+00,0.000000000000000000e+00,0.000000000000000000e+00,0.000000000000000000e+00,0.000000000000000000e+00,0.000000000000000000e+00,0.000000000000000000e+00,0.000000000000000000e+00,0.000000000000000000e+00,0.000000000000000000e+00,0.000000000000000000e+00,0.000000000000000000e+00,0.000000000000000000e+00,0.000000000000000000e+00,0.000000000000000000e+00,0.000000000000000000e+00,0.000000000000000000e+00,0.000000000000000000e+00,0.000000000000000000e+00,0.000000000000000000e+00,0.000000000000000000e+00,0.000000000000000000e+00,0.000000000000000000e+00,0.000000000000000000e+00,0.000000000000000000e+00,0.000000000000000000e+00,0.000000000000000000e+00,0.000000000000000000e+00,0.000000000000000000e+00,0.000000000000000000e+00,0.000000000000000000e+00,0.000000000000000000e+00,0.000000000000000000e+00,0.000000000000000000e+00,0.000000000000000000e+00,0.000000000000000000e+00,0.000000000000000000e+00,0.000000000000000000e+00,0.000000000000000000e+00,0.000000000000000000e+00,0.000000000000000000e+00,0.000000000000000000e+00,0.000000000000000000e+00,0.000000000000000000e+00,0.000000000000000000e+00,0.000000000000000000e+00,0.000000000000000000e+00,0.000000000000000000e+00,0.000000000000000000e+00,0.000000000000000000e+00,0.000000000000000000e+00,0.000000000000000000e+00,0.000000000000000000e+00,0.000000000000000000e+00,0.000000000000000000e+00,0.000000000000000000e+00,0.000000000000000000e+00,0.000000000000000000e+00,0.000000000000000000e+00,0.000000000000000000e+00,0.000000000000000000e+00,0.000000000000000000e+00,0.000000000000000000e+00,0.000000000000000000e+00,0.000000000000000000e+00,0.000000000000000000e+00,0.000000000000000000e+00,0.000000000000000000e+00,0.000000000000000000e+00,0.000000000000000000e+00,0.000000000000000000e+00,0.000000000000000000e+00,0.000000000000000000e+00,0.000000000000000000e+00,0.000000000000000000e+00,0.000000000000000000e+00,0.000000000000000000e+00,0.000000000000000000e+00,0.000000000000000000e+00,0.000000000000000000e+00,0.000000000000000000e+00,0.000000000000000000e+00,0.000000000000000000e+00,0.000000000000000000e+00,0.000000000000000000e+00,0.000000000000000000e+00,0.000000000000000000e+00,0.000000000000000000e+00,0.000000000000000000e+00,0.000000000000000000e+00,0.000000000000000000e+00
cyo*c/cref,0.000000000000000000e+00,0.000000000000000000e+00,0.000000000000000000e+00,0.000000000000000000e+00,0.000000000000000000e+00,0.000000000000000000e+00,0.000000000000000000e+00,0.000000000000000000e+00,0.000000000000000000e+00,0.000000000000000000e+00,0.000000000000000000e+00,0.000000000000000000e+00,0.000000000000000000e+00,0.000000000000000000e+00,0.000000000000000000e+00,0.000000000000000000e+00,0.000000000000000000e+00,8.408027644869750920e-06,8.456831472620947039e-06,8.468314726209463772e-06,8.479797979797980506e-06,8.491281233386497240e-06,8.502764486975013974e-06,8.514194577352472289e-06,1.704614566719830047e-05,2.574545454545454414e-05,2.602950558213716143e-05,2.631355661881977872e-05,2.659776714513556958e-05,2.688181818181818009e-05,2.716602870813397433e-05,2.745023923444976180e-05,2.773429027113237570e-05,3.735800106326422660e-05,3.773694843168527881e-05,3.811589580010633102e-05,3.849484316852738323e-05,3.887400318979266235e-05,3.925295055821371456e-05,3.963189792663477355e-05,4.001105794790005266e-05,4.039000531632110487e-05,4.076916533758639076e-05,4.114811270600744297e-05,4.152727272727272886e-05,4.190643274853802152e-05,4.228559276980330063e-05,5.333067517278044275e-05,7.532647527910685931e-05,9.770143540669857531e-05,1.095050505050505161e-04,1.214982456140350863e-04,1.336810207336523130e-04,1.460540669856459335e-04,1.586160552897395164e-04,1.827921318447634674e-04,1.843087719298245838e-04,1.742121212121211830e-04,1.756339712918659915e-04,1.534483785220627187e-04,1.307602339181286567e-04,1.076368421052631771e-04,7.219170653907496795e-05,3.646889952153110426e-05,1.229234449760765802e-05,1.236555023923444966e-05,0.000000000000000000e+00,0.000000000000000000e+00,-0.000000000000000000e+00,-0.000000000000000000e+00,-1.236555023923444966e-05,-1.229234449760765802e-05,-3.646889952153110426e-05,-7.219170653907496795e-05,-1.076368421052631771e-04,-1.307602339181286567e-04,-1.534483785220627187e-04,-1.756339712918659915e-04,-1.742121212121211830e-04,-1.843087719298245838e-04,-1.827921318447634674e-04,-1.586160552897395164e-04,-1.460540669856459335e-04,-1.336810207336523130e-04,-1.214982456140350863e-04,-1.095050505050505161e-04,-9.770143540669857531e-05,-7.532647527910685931e-05,-5.333067517278044275e-05,-4.228559276980330063e-05,-4.190643274853802152e-05,-4.152727272727272886e-05,-4.114811270600744297e-05,-4.076916533758639076e-05,-4.039000531632110487e-05,-4.001105794790005266e-05,-3.963189792663477355e-05,-3.925295055821371456e-05,-3.887400318979266235e-05,-3.849484316852738323e-05,-3.811589580010633102e-05,-3.773694843168527881e-05,-3.735800106326422660e-05,-2.773429027113237570e-05,-2.745023923444976180e-05,-2.716602870813397433e-05,-2.688181818181818009e-05,-2.659776714513556958e-05,-2.631355661881977872e-05,-2.602950558213716143e-05,-2.574545454545454414e-05,-1.704614566719830047e-05,-8.514194577352472289e-06,-8.502764486975013974e-06,-8.491281233386497240e-06,-8.479797979797980506e-06,-8.468314726209463772e-06,-8.456831472620947039e-06,-8.408027644869750920e-06,-8.321956406166933836e-06,-0.000000000000000000e+00,-0.000000000000000000e+00,-0.000000000000000000e+00,-0.000000000000000000e+00,-0.000000000000000000e+00,-0.000000000000000000e+00,-0.000000000000000000e+00,-0.000000000000000000e+00,-0.000000000000000000e+00,-0.000000000000000000e+00,-0.000000000000000000e+00,-0.000000000000000000e+00,-0.000000000000000000e+00,-0.000000000000000000e+00,-0.000000000000000000e+00,-0.000000000000000000e+00,0.000000000000000000e+00,0.000000000000000000e+00,0.000000000000000000e+00,0.000000000000000000e+00,0.000000000000000000e+00,0.000000000000000000e+00,0.000000000000000000e+00,0.000000000000000000e+00,0.000000000000000000e+00,0.000000000000000000e+00,0.000000000000000000e+00,0.000000000000000000e+00,0.000000000000000000e+00,0.000000000000000000e+00,0.000000000000000000e+00,0.000000000000000000e+00,0.000000000000000000e+00,0.000000000000000000e+00,0.000000000000000000e+00,0.000000000000000000e+00,0.000000000000000000e+00,0.000000000000000000e+00,0.000000000000000000e+00,0.000000000000000000e+00,0.000000000000000000e+00,0.000000000000000000e+00,0.000000000000000000e+00,0.000000000000000000e+00,0.000000000000000000e+00,0.000000000000000000e+00,0.000000000000000000e+00,0.000000000000000000e+00,0.000000000000000000e+00,0.000000000000000000e+00,0.000000000000000000e+00,0.000000000000000000e+00,0.000000000000000000e+00,0.000000000000000000e+00,0.000000000000000000e+00,0.000000000000000000e+00,0.000000000000000000e+00,0.000000000000000000e+00,0.000000000000000000e+00,0.000000000000000000e+00,0.000000000000000000e+00,0.000000000000000000e+00,0.000000000000000000e+00,0.000000000000000000e+00,0.000000000000000000e+00,0.000000000000000000e+00,0.000000000000000000e+00,0.000000000000000000e+00,0.000000000000000000e+00,0.000000000000000000e+00,0.000000000000000000e+00,0.000000000000000000e+00,0.000000000000000000e+00,0.000000000000000000e+00,0.000000000000000000e+00,0.000000000000000000e+00,0.000000000000000000e+00,0.000000000000000000e+00,0.000000000000000000e+00,0.000000000000000000e+00,0.000000000000000000e+00,0.000000000000000000e+00,0.000000000000000000e+00,0.000000000000000000e+00,0.000000000000000000e+00,0.000000000000000000e+00,0.000000000000000000e+00,0.000000000000000000e+00,0.000000000000000000e+00,0.000000000000000000e+00,0.000000000000000000e+00,0.000000000000000000e+00,0.000000000000000000e+00,0.000000000000000000e+00,0.000000000000000000e+00,0.000000000000000000e+00,0.000000000000000000e+00,0.000000000000000000e+00,0.000000000000000000e+00,0.000000000000000000e+00,0.000000000000000000e+00,0.000000000000000000e+00,0.000000000000000000e+00,0.000000000000000000e+00,0.000000000000000000e+00,0.000000000000000000e+00,0.000000000000000000e+00,0.000000000000000000e+00,0.000000000000000000e+00,0.000000000000000000e+00,0.000000000000000000e+00,0.000000000000000000e+00,0.000000000000000000e+00,0.000000000000000000e+00,0.000000000000000000e+00,0.000000000000000000e+00,0.000000000000000000e+00,0.000000000000000000e+00
cz,3.011599999999999833e-01,3.026699999999999946e-01,3.580999999999999739e-01,4.012700000000000156e-01,4.366599999999999926e-01,4.672999999999999932e-01,4.950700000000000101e-01,5.209000000000000297e-01,5.453599999999999559e-01,5.684500000000000108e-01,5.907799999999999718e-01,6.130100000000000549e-01,6.350099999999999634e-01,6.581900000000000528e-01,6.831300000000000150e-01,7.105000000000000204e-01,7.423800000000000399e-01,7.769599999999999840e-01,8.421800000000000397e-01,8.371300000000000407e-01,8.478400000000000380e-01,8.631400000000000183e-01,8.826199999999999601e-01,9.170599999999999863e-01,7.316300000000000026e-01,9.719799999999999551e-01,1.005489999999999995e+00,1.033169999999999922e+00,1.056319999999999926e+00,1.076249999999999929e+00,1.094309999999999894e+00,1.110069999999999890e+00,1.124700000000000033e+00,1.136609999999999898e+00,1.147110000000000074e+00,1.152830000000000021e+00,1.153399999999999981e+00,1.159750000000000059e+00,1.168369999999999909e+00,1.175480000000000080e+00,1.183329999999999993e+00,1.189929999999999932e+00,1.198380000000000001e+00,1.205130000000000035e+00,1.212849999999999984e+00,1.221500000000000030e+00,1.230380000000000029e+00,1.276780000000000026e+00,2.085280000000000022e+00,2.456020000000000092e+00,2.734510000000000218e+00,2.932529999999999859e+00,2.960840000000000138e+00,2.647559999999999913e+00,2.481460000000000221e+00,3.170049999999999812e+00,3.966559999999999864e+00,4.167720000000000091e+00,4.001999999999999780e+00,3.632540000000000102e+00,3.151130000000000209e+00,2.583909999999999929e+00,1.631240000000000023e+00,9.376900000000000235e-01,1.453480000000000105e+00,1.391939999999999955e+00,1.360000000000000098e+00,1.344700000000000006e+00,1.344880000000000075e+00,1.360470000000000068e+00,1.392740000000000089e+00,1.454720000000000013e+00,9.386299999999999644e-01,1.632849999999999913e+00,2.586580000000000101e+00,3.154679999999999929e+00,3.636969999999999814e+00,4.007520000000000415e+00,4.174260000000000304e+00,3.974180000000000046e+00,3.178889999999999993e+00,2.491319999999999979e+00,2.657900000000000151e+00,2.971369999999999845e+00,2.943109999999999893e+00,2.744790000000000063e+00,2.465840000000000032e+00,2.094240000000000101e+00,1.282720000000000082e+00,1.236450000000000049e+00,1.227819999999999911e+00,1.219419999999999948e+00,1.212069999999999981e+00,1.205719999999999903e+00,1.197529999999999983e+00,1.191170000000000062e+00,1.183550000000000102e+00,1.176660000000000039e+00,1.168179999999999996e+00,1.162069999999999936e+00,1.161839999999999984e+00,1.156390000000000029e+00,1.146050000000000013e+00,1.134249999999999980e+00,1.119790000000000063e+00,1.104170000000000096e+00,1.086559999999999970e+00,1.066719999999999891e+00,1.043400000000000105e+00,1.015830000000000011e+00,9.824000000000000510e-01,7.399599999999999511e-01,9.259800000000000253e-01,8.922400000000000331e-01,8.724699999999999678e-01,8.575800000000000090e-01,8.484300000000000175e-01,8.525700000000000500e-01,7.872099999999999653e-01,7.526899999999999702e-01,7.207799999999999763e-01,6.933700000000000419e-01,6.684200000000000141e-01,6.451999999999999957e-01,6.231499999999999817e-01,6.008200000000000207e-01,5.782699999999999507e-01,5.549100000000000144e-01,5.301099999999999701e-01,5.039599999999999635e-01,4.757899999999999907e-01,4.446899999999999742e-01,4.086899999999999977e-01,3.647500000000000187e-01,3.083299999999999930e-01,3.075499999999999901e-01,-4.627899999999999792e-01,-4.281300000000000106e-01,-5.384200000000000097e-01,-6.884500000000000064e-01,-9.166100000000000358e-01,-1.356459999999999999e+00,-1.608829999999999982e+00,-1.784070000000000045e+00,-1.891659999999999897e+00,-1.921769999999999978e+00,-1.864370000000000083e+00,-1.671310000000000073e+00,-1.349920000000000009e+00,-1.669699999999999962e+00,-1.040939999999999976e+00,-3.557000000000000162e-01,-2.505200000000000204e-01,-3.425599999999999756e-01,-4.230400000000000271e-01,-4.484600000000000253e-01,-4.566700000000000204e-01,-4.419500000000000095e-01,-3.450900000000000079e-01,-3.704700000000000215e-01,-4.075799999999999979e-01,-4.188000000000000056e-01,-4.124800000000000133e-01,-3.937700000000000089e-01,-4.321099999999999941e-01,-3.991799999999999793e-01,-5.073999999999999622e-01,-6.496699999999999697e-01,-8.743699999999999806e-01,-1.300810000000000022e+00,-1.551989999999999981e+00,-1.730799999999999894e+00,-1.847280000000000033e+00,-1.892160000000000064e+00,-1.850219999999999976e+00,-1.624470000000000081e+00,-1.305469999999999908e+00,-1.621399999999999952e+00,-9.692199999999999704e-01,-2.939499999999999891e-01,-1.731800000000000006e-01,-2.507599999999999829e-01,-3.169699999999999740e-01,-3.322200000000000153e-01,-3.398399999999999754e-01,-3.295199999999999796e-01,-2.527400000000000202e-01,-2.807799999999999740e-01,-3.132599999999999829e-01,-3.077599999999999780e-01,-2.629099999999999770e-01,1.000000000000000021e-03,6.999999999999999387e-05,5.000000000000000240e-05,5.000000000000000240e-05,4.000000000000000327e-05,4.000000000000000327e-05,4.000000000000000327e-05,4.000000000000000327e-05,4.000000000000000327e-05,3.000000000000000076e-05,3.000000000000000076e-05,3.000000000000000076e-05,1.000000000000000082e-05,1.000000000000000082e-05,1.000000000000000082e-05,0.000000000000000000e+00,-0.000000000000000000e+00,-1.000000000000000082e-05,-1.000000000000000082e-05,-4.000000000000000327e-05,-5.000000000000000240e-05,-5.000000000000000240e-05,-6.000000000000000152e-05,-1.200000000000000030e-04,-2.200000000000000078e-04,-3.699999999999999947e-04,-1.990000000000000015e-03,5.309999999999999616e-03,1.528999999999999977e-02,2.747000000000000136e-02,5.415600000000000414e-01,-2.824000000000000121e-02,2.086000000000000076e-01,2.084799999999999986e-01,1.548899999999999999e-01,1.089799999999999935e-01,7.181999999999999496e-02,5.579999999999999891e-03,1.559999999999999928e-02,2.784999999999999976e-02,5.418100000000000138e-01,-2.454999999999999891e-02,2.107799999999999951e-01,2.114900000000000113e-01,1.566899999999999959e-01,1.102700000000000069e-01,7.270000000000000073e-02
cz*c/cref,2.091468942052099877e-01,2.127990545454545579e-01,2.548525927698032656e-01,2.890295971291865773e-01,3.182789436469962707e-01,3.446343710792131865e-01,3.693759118022328369e-01,3.931313439659755993e-01,4.162856680489100958e-01,4.388065308346624782e-01,4.611287591706538791e-01,4.837564667198299695e-01,5.065833629984051178e-01,5.307439809675704723e-01,5.567346071770334914e-01,5.851558639021797736e-01,6.178053996810207726e-01,6.532701158958000853e-01,7.122174329611908883e-01,7.089080306751728289e-01,7.189511919191919898e-01,7.329164483785221007e-01,7.504709991493885290e-01,7.808027279106857232e-01,6.235735777246145251e-01,8.341355636363635417e-01,8.724135855927697136e-01,9.062125763955343194e-01,9.365251130249867551e-01,9.643852272727271302e-01,9.909352291866028173e-01,1.015722902232854885e+00,1.039758542264752617e+00,1.061536939712918626e+00,1.082210772886762484e+00,1.098528703880914392e+00,1.109998802764486925e+00,1.127103129984051044e+00,1.146549246092503749e+00,1.164662584370016019e+00,1.183657130037214289e+00,1.201531975651249251e+00,1.221423808931419330e+00,1.239720626634768674e+00,1.259158818181818074e+00,1.279717690058479684e+00,1.300683690802764580e+00,1.361830788942052228e+00,2.243954176714513693e+00,2.666185326528442534e+00,2.994426556565656927e+00,3.239065911004784581e+00,3.298400945241892757e+00,2.974514658373205833e+00,2.811424261137693392e+00,3.621626234715576764e+00,4.569198764912281163e+00,4.840448945454545182e+00,4.685914354066984977e+00,4.287749022434875101e+00,3.745840871876661815e+00,3.090265696491228287e+00,1.962699989580010795e+00,1.139884079744816647e+00,1.786667688038277912e+00,1.721210399999999696e+00,1.691663583200425203e+00,1.682476343965975341e+00,1.682701558320042423e+00,1.692248202232854659e+00,1.722199644019138720e+00,1.788191938755981036e+00,1.141026771929824601e+00,1.964637133705475769e+00,3.093458922807017952e+00,3.750060861244019161e+00,4.292978071026049669e+00,4.692377684210526034e+00,4.848044593939393465e+00,4.577976470175438628e+00,3.631725500000000384e+00,2.822595363317384809e+00,2.986131574162679936e+00,3.310131454811270135e+00,3.250751833173843419e+00,3.005683675757576001e+00,2.676845638702817887e+00,2.253595965550239555e+00,1.368166473152578666e+00,1.307100529505582198e+00,1.286338906432748619e+00,1.265979672727272520e+00,1.246859824189261001e+00,1.228904950770866478e+00,1.209206076661350382e+00,1.191499297395002710e+00,1.172658319776714642e+00,1.154684420095693831e+00,1.135295826156299759e+00,1.118342560021265086e+00,1.107114309409888309e+00,1.090965744922913316e+00,1.070353427963849136e+00,1.048587291334396543e+00,1.024616779744816686e+00,9.998637972886763592e-01,9.736236121212120675e-01,9.457456723019670441e-01,9.151854992025519886e-01,8.813850885167463511e-01,8.430778181818181505e-01,6.306732973950025523e-01,7.883973894736842070e-01,7.586506585858585616e-01,7.408388137692716313e-01,7.272105151515152466e-01,7.184772263157894745e-01,7.210040808612440122e-01,6.618883442317915478e-01,6.263853367357787860e-01,5.936222992025518286e-01,5.650799622009569090e-01,5.389931353535353242e-01,5.147125018607123792e-01,4.917584415204678816e-01,4.689654035087719719e-01,4.463869339181286700e-01,4.235753998405103471e-01,4.000822744284954768e-01,3.760088159489632931e-01,3.508957573631047433e-01,3.241319641148325270e-01,2.943741272727272706e-01,2.595852644869749981e-01,2.167784467836257334e-01,2.135845640616693408e-01,-2.566257892078681602e-01,-2.429916569377990887e-01,-3.126127775651249552e-01,-4.087035946305157541e-01,-5.561157172780435420e-01,-8.406734766613502829e-01,-1.018070360978202915e+00,-1.152237957894736819e+00,-1.246413868899521438e+00,-1.291325229186602863e+00,-1.277078582615629898e+00,-1.166638353588516752e+00,-9.599144046783626427e-01,-1.209090042530568843e+00,-7.673625952153110275e-01,-2.668563136629452659e-01,-1.912156163742690373e-01,-2.659383791600212210e-01,-3.339362160552897252e-01,-3.598527916002126625e-01,-3.723984828814460579e-01,-3.661629760765550690e-01,-2.904149751196172802e-01,-3.166070889952153355e-01,-3.536390296650718246e-01,-3.688401212121211747e-01,-3.686553705475810738e-01,-3.570704685273790591e-01,-2.396131501860712665e-01,-2.265606465709729123e-01,-2.946022126528442531e-01,-3.856815517809675797e-01,-5.304883207868155148e-01,-8.061840859117490599e-01,-9.821019122807016499e-01,-1.117833637426900451e+00,-1.217171908133971137e+00,-1.271428914832535950e+00,-1.267385945454545304e+00,-1.133942240669856494e+00,-9.283064610313662701e-01,-1.174114269005847921e+00,-7.144918770866560687e-01,-2.205296975013290861e-01,-1.321839391812865694e-01,-1.946716136097819960e-01,-2.502074565124933203e-01,-2.665796156299840569e-01,-2.771276861244018619e-01,-2.730128382775119933e-01,-2.126966322169059342e-01,-2.399571853269537314e-01,-2.718017626794258512e-01,-2.710464080808080434e-01,-2.349766860712386718e-01,5.247262094630516030e-04,3.801993620414672773e-05,2.807761828814460945e-05,2.899813928761297416e-05,2.393492822966507245e-05,2.467134502923976557e-05,2.540797448165869576e-05,2.614439128123339227e-05,2.688080808080808539e-05,2.071291866028708388e-05,2.126523125996810203e-05,2.181770334928229374e-05,7.456671982987772888e-06,7.640776182881446168e-06,7.824880382775119449e-06,0.000000000000000000e+00,-0.000000000000000000e+00,-8.377246145667199403e-06,-8.561350345560872683e-06,-3.498181818181818385e-05,-4.464779372674109961e-05,-4.556858054226475472e-05,-5.578692185007974195e-05,-1.137830940988835700e-04,-2.126526315789473674e-04,-3.644549175970228914e-04,-1.996823763955342997e-03,8.468899521531099124e-04,2.438596491228069846e-03,4.344670388091441057e-03,8.421387559808611589e-02,-4.316321105794790162e-03,3.132881446039340739e-02,3.075661881977671472e-02,2.243887559808612625e-02,1.564306220095693784e-02,1.030909090909090838e-02,8.899521531100477046e-04,2.488038277511961469e-03,4.404771398192450400e-03,8.425275119617224584e-02,-3.752325890483784732e-03,3.165622009569377809e-02,3.120067783094098920e-02,2.269964114832535851e-02,1.582822966507177118e-02,1.043540669856459283e-02
czi,3.012000000000000233e-01,3.027199999999999891e-01,3.581500000000000239e-01,4.013200000000000101e-01,4.367199999999999971e-01,4.673700000000000077e-01,4.951499999999999790e-01,5.209899999999999531e-01,5.454499999999999904e-01,5.685400000000000453e-01,5.908799999999999608e-01,6.131100000000000438e-01,6.351200000000000179e-01,6.583099999999999508e-01,6.832599999999999785e-01,7.106299999999999839e-01,7.425199999999999578e-01,7.771099999999999675e-01,8.423399999999999777e-01,8.372899999999999787e-01,8.479999999999999760e-01,8.633100000000000218e-01,8.827899999999999636e-01,9.172400000000000553e-01,7.321900000000000075e-01,9.729900000000000215e-01,1.006550000000000056e+00,1.034270000000000023e+00,1.057450000000000001e+00,1.077409999999999979e+00,1.095509999999999984e+00,1.111289999999999889e+00,1.125950000000000006e+00,1.137890000000000068e+00,1.148409999999999931e+00,1.154150000000000009e+00,1.154719999999999969e+00,1.161089999999999955e+00,1.169729999999999936e+00,1.176860000000000017e+00,1.184730000000000061e+00,1.191340000000000066e+00,1.199820000000000109e+00,1.206579999999999986e+00,1.214320000000000066e+00,1.223000000000000087e+00,1.231910000000000061e+00,1.278469999999999995e+00,2.087860000000000049e+00,2.459130000000000038e+00,2.738049999999999873e+00,2.936440000000000161e+00,2.965110000000000134e+00,2.652239999999999931e+00,2.486450000000000049e+00,3.175600000000000200e+00,3.972210000000000019e+00,4.173199999999999577e+00,4.007159999999999833e+00,3.637220000000000120e+00,3.155250000000000110e+00,2.587369999999999948e+00,1.633620000000000072e+00,9.391800000000000148e-01,1.454250000000000043e+00,1.392679999999999918e+00,1.360740000000000061e+00,1.345429999999999904e+00,1.345609999999999973e+00,1.361210000000000031e+00,1.393489999999999895e+00,1.455489999999999950e+00,9.401199999999999557e-01,1.635229999999999961e+00,2.590050000000000185e+00,3.158799999999999830e+00,3.641659999999999897e+00,4.012679999999999580e+00,4.179750000000000298e+00,3.979839999999999822e+00,3.184450000000000003e+00,2.496329999999999938e+00,2.662580000000000169e+00,2.975649999999999906e+00,2.947029999999999816e+00,2.748330000000000162e+00,2.468960000000000043e+00,2.096839999999999815e+00,1.284410000000000052e+00,1.237980000000000080e+00,1.229330000000000034e+00,1.220900000000000096e+00,1.213540000000000063e+00,1.207170000000000076e+00,1.198960000000000026e+00,1.192579999999999973e+00,1.184940000000000104e+00,1.178020000000000067e+00,1.169529999999999959e+00,1.163410000000000055e+00,1.163170000000000037e+00,1.157699999999999951e+00,1.147329999999999961e+00,1.135520000000000085e+00,1.121019999999999905e+00,1.105380000000000029e+00,1.087739999999999929e+00,1.067870000000000097e+00,1.044510000000000050e+00,1.016899999999999915e+00,9.834199999999999608e-01,7.405300000000000216e-01,9.261500000000000288e-01,8.924100000000000366e-01,8.726300000000000168e-01,8.577399999999999469e-01,8.485899999999999554e-01,8.527299999999999880e-01,7.873599999999999488e-01,7.528299999999999992e-01,7.209200000000000053e-01,6.935000000000000053e-01,6.685499999999999776e-01,6.453200000000000047e-01,6.232499999999999707e-01,6.009200000000000097e-01,5.783599999999999852e-01,5.550000000000000488e-01,5.301900000000000501e-01,5.040299999999999780e-01,4.758600000000000052e-01,4.447499999999999787e-01,4.087500000000000022e-01,3.648000000000000131e-01,3.083699999999999775e-01,3.075899999999999745e-01,-4.627899999999999792e-01,-4.281300000000000106e-01,-5.384200000000000097e-01,-6.884500000000000064e-01,-9.166100000000000358e-01,-1.356459999999999999e+00,-1.608829999999999982e+00,-1.784070000000000045e+00,-1.891659999999999897e+00,-1.921769999999999978e+00,-1.864370000000000083e+00,-1.671310000000000073e+00,-1.349920000000000009e+00,-1.669699999999999962e+00,-1.040939999999999976e+00,-3.557000000000000162e-01,-2.505200000000000204e-01,-3.425599999999999756e-01,-4.230400000000000271e-01,-4.484600000000000253e-01,-4.566700000000000204e-01,-4.419500000000000095e-01,-3.450900000000000079e-01,-3.704700000000000215e-01,-4.075799999999999979e-01,-4.188000000000000056e-01,-4.124800000000000133e-01,-3.937700000000000089e-01,-4.321099999999999941e-01,-3.991799999999999793e-01,-5.073999999999999622e-01,-6.496699999999999697e-01,-8.743699999999999806e-01,-1.300810000000000022e+00,-1.551989999999999981e+00,-1.730799999999999894e+00,-1.847280000000000033e+00,-1.892160000000000064e+00,-1.850219999999999976e+00,-1.624470000000000081e+00,-1.305469999999999908e+00,-1.621399999999999952e+00,-9.692199999999999704e-01,-2.939499999999999891e-01,-1.731800000000000006e-01,-2.507599999999999829e-01,-3.169699999999999740e-01,-3.322200000000000153e-01,-3.398399999999999754e-01,-3.295199999999999796e-01,-2.527400000000000202e-01,-2.807799999999999740e-01,-3.132599999999999829e-01,-3.077599999999999780e-01,-2.629099999999999770e-01,1.000000000000000021e-03,6.999999999999999387e-05,5.000000000000000240e-05,5.000000000000000240e-05,4.000000000000000327e-05,4.000000000000000327e-05,4.000000000000000327e-05,4.000000000000000327e-05,4.000000000000000327e-05,3.000000000000000076e-05,3.000000000000000076e-05,3.000000000000000076e-05,1.000000000000000082e-05,1.000000000000000082e-05,1.000000000000000082e-05,0.000000000000000000e+00,-0.000000000000000000e+00,-1.000000000000000082e-05,-1.000000000000000082e-05,-4.000000000000000327e-05,-5.000000000000000240e-05,-5.000000000000000240e-05,-6.000000000000000152e-05,-1.200000000000000030e-04,-2.200000000000000078e-04,-3.699999999999999947e-04,-1.990000000000000015e-03,5.309999999999999616e-03,1.528999999999999977e-02,2.747000000000000136e-02,5.415600000000000414e-01,-2.824000000000000121e-02,2.086000000000000076e-01,2.084799999999999986e-01,1.548899999999999999e-01,1.089799999999999935e-01,7.181999999999999496e-02,5.579999999999999891e-03,1.559999999999999928e-02,2.784999999999999976e-02,5.418100000000000138e-01,-2.454999999999999891e-02,2.107799999999999951e-01,2.114900000000000113e-01,1.566899999999999959e-01,1.102700000000000069e-01,7.270000000000000073e-02
czi*c/cref,2.091746730462520354e-01,2.128342081871344993e-01,2.548881767676767773e-01,2.890656114832535484e-01,3.183226772993089093e-01,3.446859961722488208e-01,3.694356004784688507e-01,3.931992683678893763e-01,4.163543670919723216e-01,4.388760049973419175e-01,4.612068133971291561e-01,4.838353816586922762e-01,5.066711162147794489e-01,5.308407452418926198e-01,5.568405540669856268e-01,5.852629297182350143e-01,6.179219070707070438e-01,6.533962363104731663e-01,7.123527422647527585e-01,7.090435237107920452e-01,7.190868686868687742e-01,7.330608001594896006e-01,7.506155461456671674e-01,7.809559834130781475e-01,6.240508698032960488e-01,8.350023272727272738e-01,8.733332947900053211e-01,9.071774068048911177e-01,9.375269622541202441e-01,9.654246575757574611e-01,9.920218703349282796e-01,1.016839211961722444e+00,1.040914137692716457e+00,1.062732395746943226e+00,1.083437223710792097e+00,1.099786528442317834e+00,1.111269132589048247e+00,1.128405409090909028e+00,1.147883846411483111e+00,1.166029884848484910e+00,1.185057517065390753e+00,1.202955723338649641e+00,1.222891498883572625e+00,1.241212245720361373e+00,1.260684945454545458e+00,1.281289181286549894e+00,1.302301114726209574e+00,1.363633365762892069e+00,2.246730495374800629e+00,2.669561453907496329e+00,2.998303035353535151e+00,3.243384621371610876e+00,3.303157761562998562e+00,2.979772604784689083e+00,2.817077790536948623e+00,3.627966836788942384e+00,4.575707168421052629e+00,4.846813494949493872e+00,4.691956162679424835e+00,4.293273164061669256e+00,3.750738437001595038e+00,3.094403735087719820e+00,1.965563593939394060e+00,1.141695368421052681e+00,1.787614198564593471e+00,1.722125450717703066e+00,1.692584047208931297e+00,1.683389713290802447e+00,1.683614927644869530e+00,1.693168666241360754e+00,1.723127060287080958e+00,1.789138449282296817e+00,1.142838060606060635e+00,1.967500738064859034e+00,3.097608921052632081e+00,3.754958426368952384e+00,4.298514016374268998e+00,4.698419492822965005e+00,4.854420757575756973e+00,4.584496392982456037e+00,3.638077526581605881e+00,2.828271552153110324e+00,2.991389520574163186e+00,3.314899411217437475e+00,3.255081588835725626e+00,3.009560154545454669e+00,2.680232621796916792e+00,2.256393806060605911e+00,1.369969049973418507e+00,1.308717953429027414e+00,1.287920874269006033e+00,1.267516181818181709e+00,1.248372017331206729e+00,1.230382833014354027e+00,1.210650019351408924e+00,1.192909687187666101e+00,1.174035528229665282e+00,1.156019020414672971e+00,1.136607823763955194e+00,1.119632137267410954e+00,1.108381662945241874e+00,1.092201629984050903e+00,1.071548883997873514e+00,1.049761376289207737e+00,1.025742239553429025e+00,1.000959493779904452e+00,9.746809636363634732e-01,9.467652533758640354e-01,9.161591007974483336e-01,8.823134742158424970e-01,8.439531636363635236e-01,6.311591125465177976e-01,7.885421307814992620e-01,7.587952055821371999e-01,7.409746742690058730e-01,7.273461919191919201e-01,7.186127193514088018e-01,7.211393901648058824e-01,6.620144646464646287e-01,6.265018441254651682e-01,5.937376008506114466e-01,5.651859090909090444e-01,5.390979633173843544e-01,5.148082326422116495e-01,4.918373564593301883e-01,4.690434577352472489e-01,4.464564080808081092e-01,4.236440988835726285e-01,4.001426516746411921e-01,3.760610435406698260e-01,3.509473824561403221e-01,3.241756977671451101e-01,2.944173444976076470e-01,2.596208484848485099e-01,2.168065696969696809e-01,2.136123429027113330e-01,-2.566257892078681602e-01,-2.429916569377990887e-01,-3.126127775651249552e-01,-4.087035946305157541e-01,-5.561157172780435420e-01,-8.406734766613502829e-01,-1.018070360978202915e+00,-1.152237957894736819e+00,-1.246413868899521438e+00,-1.291325229186602863e+00,-1.277078582615629898e+00,-1.166638353588516752e+00,-9.599144046783626427e-01,-1.209090042530568843e+00,-7.673625952153110275e-01,-2.668563136629452659e-01,-1.912156163742690373e-01,-2.659383791600212210e-01,-3.339362160552897252e-01,-3.598527916002126625e-01,-3.723984828814460579e-01,-3.661629760765550690e-01,-2.904149751196172802e-01,-3.166070889952153355e-01,-3.536390296650718246e-01,-3.688401212121211747e-01,-3.686553705475810738e-01,-3.570704685273790591e-01,-2.396131501860712665e-01,-2.265606465709729123e-01,-2.946022126528442531e-01,-3.856815517809675797e-01,-5.304883207868155148e-01,-8.061840859117490599e-01,-9.821019122807016499e-01,-1.117833637426900451e+00,-1.217171908133971137e+00,-1.271428914832535950e+00,-1.267385945454545304e+00,-1.133942240669856494e+00,-9.283064610313662701e-01,-1.174114269005847921e+00,-7.144918770866560687e-01,-2.205296975013290861e-01,-1.321839391812865694e-01,-1.946716136097819960e-01,-2.502074565124933203e-01,-2.665796156299840569e-01,-2.771276861244018619e-01,-2.730128382775119933e-01,-2.126966322169059342e-01,-2.399571853269537314e-01,-2.718017626794258512e-01,-2.710464080808080434e-01,-2.349766860712386718e-01,5.247262094630516030e-04,3.801993620414672773e-05,2.807761828814460945e-05,2.899813928761297416e-05,2.393492822966507245e-05,2.467134502923976557e-05,2.540797448165869576e-05,2.614439128123339227e-05,2.688080808080808539e-05,2.071291866028708388e-05,2.126523125996810203e-05,2.181770334928229374e-05,7.456671982987772888e-06,7.640776182881446168e-06,7.824880382775119449e-06,0.000000000000000000e+00,-0.000000000000000000e+00,-8.377246145667199403e-06,-8.561350345560872683e-06,-3.498181818181818385e-05,-4.464779372674109961e-05,-4.556858054226475472e-05,-5.578692185007974195e-05,-1.137830940988835700e-04,-2.126526315789473674e-04,-3.644549175970228914e-04,-1.996823763955342997e-03,8.468899521531099124e-04,2.438596491228069846e-03,4.344670388091441057e-03,8.421387559808611589e-02,-4.316321105794790162e-03,3.132881446039340739e-02,3.075661881977671472e-02,2.243887559808612625e-02,1.564306220095693784e-02,1.030909090909090838e-02,8.899521531100477046e-04,2.488038277511961469e-03,4.404771398192450400e-03,8.425275119617224584e-02,-3.752325890483784732e-03,3.165622009569377809e-02,3.120067783094098920e-02,2.269964114832535851e-02,1.582822966507177118e-02,1.043540669856459283e-02
czo,-4.000000000000000327e-05,-4.000000000000000327e-05,-5.000000000000000240e-05,-6.000000000000000152e-05,-6.000000000000000152e-05,-6.999999999999999387e-05,-6.999999999999999387e-05,-8.000000000000000654e-05,-9.000000000000000567e-05,-9.000000000000000567e-05,-1.000000000000000048e-04,-1.100000000000000039e-04,-1.100000000000000039e-04,-1.200000000000000030e-04,-1.299999999999999886e-04,-1.299999999999999886e-04,-1.399999999999999877e-04,-1.499999999999999869e-04,-1.600000000000000131e-04,-1.600000000000000131e-04,-1.600000000000000131e-04,-1.600000000000000131e-04,-1.700000000000000122e-04,-1.700000000000000122e-04,-5.599999999999999509e-04,-1.010000000000000047e-03,-1.059999999999999961e-03,-1.100000000000000066e-03,-1.129999999999999928e-03,-1.170000000000000033e-03,-1.199999999999999895e-03,-1.219999999999999947e-03,-1.250000000000000026e-03,-1.280000000000000105e-03,-1.299999999999999940e-03,-1.319999999999999993e-03,-1.330000000000000019e-03,-1.340000000000000045e-03,-1.360000000000000098e-03,-1.379999999999999933e-03,-1.399999999999999986e-03,-1.410000000000000012e-03,-1.430000000000000064e-03,-1.449999999999999900e-03,-1.479999999999999979e-03,-1.500000000000000031e-03,-1.529999999999999893e-03,-1.680000000000000070e-03,-2.579999999999999828e-03,-3.109999999999999917e-03,-3.530000000000000152e-03,-3.910000000000000281e-03,-4.279999999999999950e-03,-4.680000000000000132e-03,-4.989999999999999644e-03,-5.550000000000000246e-03,-5.649999999999999641e-03,-5.479999999999999628e-03,-5.159999999999999656e-03,-4.680000000000000132e-03,-4.120000000000000398e-03,-3.459999999999999968e-03,-2.380000000000000171e-03,-1.490000000000000005e-03,-7.699999999999999597e-04,-7.500000000000000156e-04,-7.299999999999999632e-04,-7.299999999999999632e-04,-7.299999999999999632e-04,-7.299999999999999632e-04,-7.500000000000000156e-04,-7.699999999999999597e-04,-1.490000000000000005e-03,-2.380000000000000171e-03,-3.469999999999999994e-03,-4.120000000000000398e-03,-4.689999999999999725e-03,-5.159999999999999656e-03,-5.490000000000000088e-03,-5.660000000000000100e-03,-5.550000000000000246e-03,-5.000000000000000104e-03,-4.680000000000000132e-03,-4.279999999999999950e-03,-3.919999999999999873e-03,-3.540000000000000178e-03,-3.119999999999999944e-03,-2.589999999999999854e-03,-1.690000000000000096e-03,-1.529999999999999893e-03,-1.510000000000000057e-03,-1.479999999999999979e-03,-1.459999999999999926e-03,-1.440000000000000091e-03,-1.420000000000000038e-03,-1.410000000000000012e-03,-1.389999999999999960e-03,-1.369999999999999907e-03,-1.350000000000000071e-03,-1.340000000000000045e-03,-1.330000000000000019e-03,-1.309999999999999967e-03,-1.289999999999999914e-03,-1.260000000000000052e-03,-1.229999999999999974e-03,-1.209999999999999921e-03,-1.180000000000000059e-03,-1.139999999999999954e-03,-1.110000000000000092e-03,-1.069999999999999988e-03,-1.020000000000000073e-03,-5.699999999999999772e-04,-1.700000000000000122e-04,-1.700000000000000122e-04,-1.700000000000000122e-04,-1.600000000000000131e-04,-1.600000000000000131e-04,-1.600000000000000131e-04,-1.499999999999999869e-04,-1.399999999999999877e-04,-1.399999999999999877e-04,-1.299999999999999886e-04,-1.200000000000000030e-04,-1.100000000000000039e-04,-1.100000000000000039e-04,-1.000000000000000048e-04,-9.000000000000000567e-05,-9.000000000000000567e-05,-8.000000000000000654e-05,-8.000000000000000654e-05,-6.999999999999999387e-05,-6.000000000000000152e-05,-6.000000000000000152e-05,-5.000000000000000240e-05,-4.000000000000000327e-05,-4.000000000000000327e-05,0.000000000000000000e+00,0.000000000000000000e+00,0.000000000000000000e+00,0.000000000000000000e+00,0.000000000000000000e+00,0.000000000000000000e+00,0.000000000000000000e+00,0.000000000000000000e+00,0.000000000000000000e+00,0.000000000000000000e+00,0.000000000000000000e+00,0.000000000000000000e+00,0.000000000000000000e+00,0.000000000000000000e+00,0.000000000000000000e+00,0.000000000000000000e+00,0.000000000000000000e+00,0.000000000000000000e+00,0.000000000000000000e+00,0.000000000000000000e+00,0.000000000000000000e+00,0.000000000000000000e+00,0.000000000000000000e+00,0.000000000000000000e+00,0.000000000000000000e+00,0.000000000000000000e+00,0.000000000000000000e+00,0.000000000000000000e+00,0.000000000000000000e+00,0.000000000000000000e+00,0.000000000000000000e+00,0.000000000000000000e+00,0.000000000000000000e+00,0.000000000000000000e+00,0.000000000000000000e+00,0.000000000000000000e+00,0.000000000000000000e+00,0.000000000000000000e+00,0.000000000000000000e+00,0.000000000000000000e+00,0.000000000000000000e+00,0.000000000000000000e+00,0.000000000000000000e+00,0.000000000000000000e+00,0.000000000000000000e+00,0.000000000000000000e+00,0.000000000000000000e+00,0.000000000000000000e+00,0.000000000000000000e+00,0.000000000000000000e+00,0.000000000000000000e+00,0.000000000000000000e+00,0.000000000000000000e+00,0.000000000000000000e+00,0.000000000000000000e+00,-0.000000000000000000e+00,-0.000000000000000000e+00,-0.000000000000000000e+00,0.000000000000000000e+00,0.000000000000000000e+00,0.000000000000000000e+00,0.000000000000000000e+00,0.000000000000000000e+00,0.000000000000000000e+00,0.000000000000000000e+00,0.000000000000000000e+00,0.000000000000000000e+00,0.000000000000000000e+00,0.000000000000000000e+00,0.000000000000000000e+00,0.000000000000000000e+00,0.000000000000000000e+00,0.000000000000000000e+00,0.000000000000000000e+00,0.000000000000000000e+00,0.000000000000000000e+00,0.000000000000000000e+00,0.000000000000000000e+00,0.000000000000000000e+00,0.000000000000000000e+00,0.000000000000000000e+00,0.000000000000000000e+00,0.000000000000000000e+00,0.000000000000000000e+00,0.000000000000000000e+00,0.000000000000000000e+00,0.000000000000000000e+00,0.000000000000000000e+00,0.000000000000000000e+00,0.000000000000000000e+00,0.000000000000000000e+00,0.000000000000000000e+00,0.000000000000000000e+00,0.000000000000000000e+00,0.000000000000000000e+00,0.000000000000000000e+00,0.000000000000000000e+00,0.000000000000000000e+00,0.000000000000000000e+00,0.000000000000000000e+00,0.000000000000000000e+00,0.000000000000000000e+00
czo*c/cref,-2.777884104199894070e-05,-2.812291334396597875e-05,-3.558399787347155802e-05,-4.321722488038277145e-05,-4.373365231259968412e-05,-5.162509303561934373e-05,-5.222759170653906501e-05,-6.037724614566720467e-05,-6.869904306220095478e-05,-6.947416267942584447e-05,-7.805422647527911781e-05,-8.680643274853802193e-05,-8.775321637426901833e-05,-9.676427432216906286e-05,-1.059468899521531007e-04,-1.070658160552897414e-04,-1.165073896863370466e-04,-1.261204146730462452e-04,-1.353093035619351526e-04,-1.354930356193514204e-04,-1.356767676767676881e-04,-1.358604997341839558e-04,-1.445469962785752443e-04,-1.447413078149920442e-04,-4.772920786815523049e-04,-8.667636363636363689e-04,-9.197091972355129694e-04,-9.648304093567252378e-04,-1.001849229133439621e-03,-1.048390909090909061e-03,-1.086641148325358892e-03,-1.116309728867623599e-03,-1.155595427963848967e-03,-1.195456034024455251e-03,-1.226450824029771307e-03,-1.257824561403508802e-03,-1.279953535353535281e-03,-1.302279106858054243e-03,-1.334600318979266417e-03,-1.367300478468899379e-03,-1.400387028176501829e-03,-1.423747687400318904e-03,-1.457497660818713424e-03,-1.491619085592769652e-03,-1.536509090909090724e-03,-1.571491228070175539e-03,-1.617423923444976080e-03,-1.791910685805422941e-03,-2.776318660287081363e-03,-3.376127379053694717e-03,-3.865528282828282949e-03,-4.318710366826156166e-03,-4.767956406166931962e-03,-5.257946411483254041e-03,-5.653529399255715314e-03,-6.340602073365232162e-03,-6.508403508771930246e-03,-6.364549494949493444e-03,-6.041808612440189782e-03,-5.524141626794258630e-03,-4.897565124933546572e-03,-4.138038596491228939e-03,-2.863604359383307030e-03,-1.811288676236044682e-03,-9.465105263157894697e-04,-9.274162679425836196e-04,-9.080253056884633875e-04,-9.133693248272194056e-04,-9.133693248272194056e-04,-9.080253056884633875e-04,-9.274162679425836196e-04,-9.465105263157894697e-04,-1.811288676236044682e-03,-2.863604359383307030e-03,-4.149998245614035415e-03,-4.897565124933546572e-03,-5.535945348219032183e-03,-6.041808612440189782e-03,-6.376163636363635194e-03,-6.519922807017543981e-03,-6.340602073365232162e-03,-5.664859117490697246e-03,-5.257946411483254041e-03,-4.767956406166931962e-03,-4.329755661881977413e-03,-3.876478787878788294e-03,-3.386983094098883727e-03,-2.787079585326953605e-03,-1.802576820839979065e-03,-1.617423923444976080e-03,-1.581967836257310240e-03,-1.536509090909090724e-03,-1.501906113769271465e-03,-1.467689952153110149e-03,-1.433845188729399294e-03,-1.410389792663476914e-03,-1.377208452950558128e-03,-1.344413556618819644e-03,-1.311997607655502381e-03,-1.289577246145667084e-03,-1.267353535353535300e-03,-1.235885061137692717e-03,-1.204795534290271138e-03,-1.164840191387559766e-03,-1.125459808612440122e-03,-1.095696491228070110e-03,-1.057351515151515190e-03,-1.010715151515151474e-03,-9.736015948963318940e-04,-9.283856990962253497e-04,-8.753454545454545819e-04,-4.858151515151514551e-04,-1.447413078149920442e-04,-1.445469962785752443e-04,-1.443517809675704531e-04,-1.356767676767676881e-04,-1.354930356193514204e-04,-1.353093035619351526e-04,-1.261204146730462452e-04,-1.165073896863370466e-04,-1.153016480595427963e-04,-1.059468899521531007e-04,-9.676427432216906286e-05,-8.775321637426901833e-05,-8.680643274853802193e-05,-7.805422647527911781e-05,-6.947416267942584447e-05,-6.869904306220095478e-05,-6.037724614566720467e-05,-5.968867623604466122e-05,-5.162509303561934373e-05,-4.373365231259968412e-05,-4.321722488038277145e-05,-3.558399787347155802e-05,-2.812291334396597875e-05,-2.777884104199894070e-05,0.000000000000000000e+00,0.000000000000000000e+00,0.000000000000000000e+00,0.000000000000000000e+00,0.000000000000000000e+00,0.000000000000000000e+00,0.000000000000000000e+00,0.000000000000000000e+00,0.000000000000000000e+00,0.000000000000000000e+00,0.000000000000000000e+00,0.000000000000000000e+00,0.000000000000000000e+00,0.000000000000000000e+00,0.000000000000000000e+00,0.000000000000000000e+00,0.000000000000000000e+00,0.000000000000000000e+00,0.000000000000000000e+00,0.000000000000000000e+00,0.000000000000000000e+00,0.000000000000000000e+00,0.000000000000000000e+00,0.000000000000000000e+00,0.000000000000000000e+00,0.000000000000000000e+00,0.000000000000000000e+00,0.000000000000000000e+00,0.000000000000000000e+00,0.000000000000000000e+00,0.000000000000000000e+00,0.000000000000000000e+00,0.000000000000000000e+00,0.000000000000000000e+00,0.000000000000000000e+00,0.000000000000000000e+00,0.000000000000000000e+00,0.000000000000000000e+00,0.000000000000000000e+00,0.000000000000000000e+00,0.000000000000000000e+00,0.000000000000000000e+00,0.000000000000000000e+00,0.000000000000000000e+00,0.000000000000000000e+00,0.000000000000000000e+00,0.000000000000000000e+00,0.000000000000000000e+00,0.000000000000000000e+00,0.000000000000000000e+00,0.000000000000000000e+00,0.000000000000000000e+00,0.000000000000000000e+00,0.000000000000000000e+00,0.000000000000000000e+00,-0.000000000000000000e+00,-0.000000000000000000e+00,-0.000000000000000000e+00,0.000000000000000000e+00,0.000000000000000000e+00,0.000000000000000000e+00,0.000000000000000000e+00,0.000000000000000000e+00,0.000000000000000000e+00,0.000000000000000000e+00,0.000000000000000000e+00,0.000000000000000000e+00,0.000000000000000000e+00,0.000000000000000000e+00,0.000000000000000000e+00,0.000000000000000000e+00,0.000000000000000000e+00,0.000000000000000000e+00,0.000000000000000000e+00,0.000000000000000000e+00,0.000000000000000000e+00,0.000000000000000000e+00,0.000000000000000000e+00,0.000000000000000000e+00,0.000000000000000000e+00,0.000000000000000000e+00,0.000000000000000000e+00,0.000000000000000000e+00,0.000000000000000000e+00,0.000000000000000000e+00,0.000000000000000000e+00,0.000000000000000000e+00,0.000000000000000000e+00,0.000000000000000000e+00,0.000000000000000000e+00,0.000000000000000000e+00,0.000000000000000000e+00,0.000000000000000000e+00,0.000000000000000000e+00,0.000000000000000000e+00,0.000000000000000000e+00,0.000000000000000000e+00,0.000000000000000000e+00,0.000000000000000000e+00,0.000000000000000000e+00,0.000000000000000000e+00,0.000000000000000000e+00
dArea,1.632899999999999907e-01,1.653100000000000125e-01,1.673399999999999888e-01,1.693600000000000105e-01,1.713800000000000046e-01,1.734100000000000086e-01,1.754300000000000026e-01,1.774499999999999966e-01,1.794800000000000006e-01,1.814999999999999947e-01,1.835299999999999987e-01,1.855499999999999927e-01,1.875699999999999867e-01,1.895999999999999908e-01,1.916200000000000125e-01,1.936499999999999888e-01,1.956700000000000106e-01,1.976999999999999869e-01,2.650999999999999884e-02,2.655000000000000068e-02,2.657999999999999946e-02,2.662000000000000130e-02,2.665999999999999967e-02,2.668999999999999845e-02,2.750500000000000167e-01,2.242200000000000026e-01,2.266900000000000026e-01,2.291700000000000126e-01,2.316400000000000126e-01,2.341199999999999948e-01,2.365899999999999948e-01,2.390700000000000047e-01,2.415400000000000047e-01,2.440199999999999869e-01,2.464899999999999869e-01,2.489699999999999969e-01,2.514399999999999968e-01,2.539199999999999791e-01,2.563900000000000068e-01,2.588699999999999890e-01,2.613400000000000167e-01,2.638199999999999990e-01,2.662900000000000267e-01,2.687700000000000089e-01,2.712499999999999911e-01,2.737200000000000188e-01,2.762000000000000011e-01,2.786699999999999733e-01,2.811500000000000110e-01,2.836299999999999932e-01,2.861000000000000210e-01,2.885800000000000032e-01,2.910599999999999854e-01,2.935300000000000131e-01,2.960099999999999953e-01,2.984899999999999776e-01,3.009600000000000053e-01,3.034399999999999875e-01,3.059200000000000252e-01,3.083899999999999975e-01,2.383000000000000118e-01,2.397499999999999909e-01,2.411899999999999877e-01,3.988599999999999923e-01,2.463799999999999879e-01,2.478499999999999870e-01,2.493100000000000038e-01,2.507699999999999929e-01,2.507699999999999929e-01,2.493100000000000038e-01,2.478499999999999870e-01,2.463799999999999879e-01,3.988599999999999923e-01,2.411899999999999877e-01,2.397499999999999909e-01,2.383000000000000118e-01,3.083899999999999975e-01,3.059200000000000252e-01,3.034399999999999875e-01,3.009600000000000053e-01,2.984899999999999776e-01,2.960099999999999953e-01,2.935300000000000131e-01,2.910599999999999854e-01,2.885800000000000032e-01,2.861000000000000210e-01,2.836299999999999932e-01,2.811500000000000110e-01,2.786699999999999733e-01,2.762000000000000011e-01,2.737200000000000188e-01,2.712499999999999911e-01,2.687700000000000089e-01,2.662900000000000267e-01,2.638199999999999990e-01,2.613400000000000167e-01,2.588699999999999890e-01,2.563900000000000068e-01,2.539199999999999791e-01,2.514399999999999968e-01,2.489699999999999969e-01,2.464899999999999869e-01,2.440199999999999869e-01,2.415400000000000047e-01,2.390700000000000047e-01,2.365899999999999948e-01,2.341199999999999948e-01,2.316400000000000126e-01,2.291700000000000126e-01,2.266900000000000026e-01,2.242200000000000026e-01,2.750500000000000167e-01,2.668999999999999845e-02,2.665999999999999967e-02,2.662000000000000130e-02,2.657999999999999946e-02,2.655000000000000068e-02,2.650999999999999884e-02,1.976999999999999869e-01,1.956700000000000106e-01,1.936499999999999888e-01,1.916200000000000125e-01,1.895999999999999908e-01,1.875699999999999867e-01,1.855499999999999927e-01,1.835299999999999987e-01,1.814999999999999947e-01,1.794800000000000006e-01,1.774499999999999966e-01,1.754300000000000026e-01,1.734100000000000086e-01,1.713800000000000046e-01,1.693600000000000105e-01,1.673399999999999888e-01,1.653100000000000125e-01,1.632899999999999907e-01,1.151900000000000007e-01,1.179000000000000048e-01,1.206200000000000050e-01,1.233299999999999952e-01,1.260400000000000131e-01,1.287500000000000033e-01,1.314599999999999935e-01,1.341700000000000115e-01,1.368800000000000017e-01,1.395899999999999919e-01,1.423000000000000098e-01,1.450100000000000000e-01,1.477199999999999902e-01,1.504300000000000082e-01,1.531399999999999983e-01,1.558499999999999885e-01,1.585600000000000065e-01,1.612699999999999967e-01,1.639799999999999869e-01,1.666900000000000048e-01,1.693999999999999950e-01,1.721100000000000130e-01,1.748200000000000032e-01,1.775400000000000034e-01,1.802499999999999936e-01,1.829600000000000115e-01,1.856700000000000017e-01,1.883799999999999919e-01,1.151900000000000007e-01,1.179000000000000048e-01,1.206200000000000050e-01,1.233299999999999952e-01,1.260400000000000131e-01,1.287500000000000033e-01,1.314599999999999935e-01,1.341700000000000115e-01,1.368800000000000017e-01,1.395899999999999919e-01,1.423000000000000098e-01,1.450100000000000000e-01,1.477199999999999902e-01,1.504300000000000082e-01,1.531399999999999983e-01,1.558499999999999885e-01,1.585600000000000065e-01,1.612699999999999967e-01,1.639799999999999869e-01,1.666900000000000048e-01,1.693999999999999950e-01,1.721100000000000130e-01,1.748200000000000032e-01,1.775400000000000034e-01,1.802499999999999936e-01,1.829600000000000115e-01,1.856700000000000017e-01,9.693999999999999839e-02,1.003399999999999986e-01,1.037399999999999989e-01,1.071399999999999991e-01,1.105399999999999994e-01,1.139499999999999957e-01,1.173499999999999960e-01,1.207499999999999962e-01,1.241499999999999965e-01,1.275499999999999967e-01,1.309500000000000108e-01,1.343499999999999972e-01,1.377599999999999936e-01,1.411600000000000077e-01,1.445599999999999941e-01,1.479600000000000082e-01,1.513599999999999945e-01,1.547600000000000087e-01,1.581599999999999950e-01,1.615600000000000092e-01,1.649700000000000055e-01,1.683699999999999919e-01,1.717700000000000060e-01,1.751699999999999924e-01,1.785700000000000065e-01,1.819699999999999929e-01,1.853700000000000070e-01,7.499999999999999722e-03,7.499999999999999722e-03,1.737200000000000133e-01,1.708000000000000074e-01,1.678800000000000014e-01,1.649599999999999955e-01,1.620399999999999896e-01,1.591200000000000114e-01,2.970000000000000070e-02,2.970000000000000070e-02,7.499999999999999722e-03,7.499999999999999722e-03,1.737200000000000133e-01,1.708000000000000074e-01,1.678800000000000014e-01,1.649599999999999955e-01,1.620399999999999896e-01,1.591200000000000114e-01,2.970000000000000070e-02,2.970000000000000070e-02
dSpan,1.250000000000000000e-01,1.250000000000000000e-01,1.250000000000000000e-01,1.250000000000000000e-01,1.250000000000000000e-01,1.250000000000000000e-01,1.250000000000000000e-01,1.250000000000000000e-01,1.250000000000000000e-01,1.250000000000000000e-01,1.250000000000000000e-01,1.250000000000000000e-01,1.250000000000000000e-01,1.250000000000000000e-01,1.250000000000000000e-01,1.250000000000000000e-01,1.250000000000000000e-01,1.250000000000000000e-01,1.667000000000000079e-02,1.667000000000000079e-02,1.667000000000000079e-02,1.667000000000000079e-02,1.667000000000000079e-02,1.667000000000000079e-02,1.715599999999999903e-01,1.388999999999999957e-01,1.388999999999999957e-01,1.388999999999999957e-01,1.388999999999999957e-01,1.388999999999999957e-01,1.388999999999999957e-01,1.388999999999999957e-01,1.388999999999999957e-01,1.388999999999999957e-01,1.388999999999999957e-01,1.388999999999999957e-01,1.388999999999999957e-01,1.388999999999999957e-01,1.388999999999999957e-01,1.388999999999999957e-01,1.388999999999999957e-01,1.388999999999999957e-01,1.388999999999999957e-01,1.388999999999999957e-01,1.388999999999999957e-01,1.388999999999999957e-01,1.388999999999999957e-01,1.388999999999999957e-01,1.388999999999999957e-01,1.388999999999999957e-01,1.388999999999999957e-01,1.388999999999999957e-01,1.388999999999999957e-01,1.388999999999999957e-01,1.388999999999999957e-01,1.388999999999999957e-01,1.388999999999999957e-01,1.388999999999999957e-01,1.388999999999999957e-01,1.388999999999999957e-01,1.065799999999999942e-01,1.065699999999999981e-01,1.065699999999999981e-01,1.744300000000000017e-01,1.065600000000000019e-01,1.065600000000000019e-01,1.065500000000000058e-01,1.065500000000000058e-01,1.065500000000000058e-01,1.065500000000000058e-01,1.065600000000000019e-01,1.065600000000000019e-01,1.744300000000000017e-01,1.065699999999999981e-01,1.065699999999999981e-01,1.065799999999999942e-01,1.388999999999999957e-01,1.388999999999999957e-01,1.388999999999999957e-01,1.388999999999999957e-01,1.388999999999999957e-01,1.388999999999999957e-01,1.388999999999999957e-01,1.388999999999999957e-01,1.388999999999999957e-01,1.388999999999999957e-01,1.388999999999999957e-01,1.388999999999999957e-01,1.388999999999999957e-01,1.388999999999999957e-01,1.388999999999999957e-01,1.388999999999999957e-01,1.388999999999999957e-01,1.388999999999999957e-01,1.388999999999999957e-01,1.388999999999999957e-01,1.388999999999999957e-01,1.388999999999999957e-01,1.388999999999999957e-01,1.388999999999999957e-01,1.388999999999999957e-01,1.388999999999999957e-01,1.388999999999999957e-01,1.388999999999999957e-01,1.388999999999999957e-01,1.388999999999999957e-01,1.388999999999999957e-01,1.388999999999999957e-01,1.388999999999999957e-01,1.388999999999999957e-01,1.388999999999999957e-01,1.715599999999999903e-01,1.667000000000000079e-02,1.667000000000000079e-02,1.667000000000000079e-02,1.667000000000000079e-02,1.667000000000000079e-02,1.667000000000000079e-02,1.250000000000000000e-01,1.250000000000000000e-01,1.250000000000000000e-01,1.250000000000000000e-01,1.250000000000000000e-01,1.250000000000000000e-01,1.250000000000000000e-01,1.250000000000000000e-01,1.250000000000000000e-01,1.250000000000000000e-01,1.250000000000000000e-01,1.250000000000000000e-01,1.250000000000000000e-01,1.250000000000000000e-01,1.250000000000000000e-01,1.250000000000000000e-01,1.250000000000000000e-01,1.250000000000000000e-01,1.104399999999999965e-01,1.104399999999999965e-01,1.104399999999999965e-01,1.104399999999999965e-01,1.104399999999999965e-01,1.104399999999999965e-01,1.104399999999999965e-01,1.104399999999999965e-01,1.104399999999999965e-01,1.104399999999999965e-01,1.104399999999999965e-01,1.104399999999999965e-01,1.104399999999999965e-01,1.104399999999999965e-01,1.104399999999999965e-01,1.104399999999999965e-01,1.104399999999999965e-01,1.104399999999999965e-01,1.104399999999999965e-01,1.104399999999999965e-01,1.104399999999999965e-01,1.104399999999999965e-01,1.104399999999999965e-01,1.104399999999999965e-01,1.104399999999999965e-01,1.104399999999999965e-01,1.104399999999999965e-01,1.104399999999999965e-01,1.104399999999999965e-01,1.104399999999999965e-01,1.104399999999999965e-01,1.104399999999999965e-01,1.104399999999999965e-01,1.104399999999999965e-01,1.104399999999999965e-01,1.104399999999999965e-01,1.104399999999999965e-01,1.104399999999999965e-01,1.104399999999999965e-01,1.104399999999999965e-01,1.104399999999999965e-01,1.104399999999999965e-01,1.104399999999999965e-01,1.104399999999999965e-01,1.104399999999999965e-01,1.104399999999999965e-01,1.104399999999999965e-01,1.104399999999999965e-01,1.104399999999999965e-01,1.104399999999999965e-01,1.104399999999999965e-01,1.104399999999999965e-01,1.104399999999999965e-01,1.104399999999999965e-01,1.104399999999999965e-01,9.821000000000000563e-02,9.821000000000000563e-02,9.821000000000000563e-02,9.821000000000000563e-02,9.821000000000000563e-02,9.821000000000000563e-02,9.821000000000000563e-02,9.821000000000000563e-02,9.821000000000000563e-02,9.821000000000000563e-02,9.821000000000000563e-02,9.821000000000000563e-02,9.821000000000000563e-02,9.821000000000000563e-02,9.821000000000000563e-02,9.821000000000000563e-02,9.821000000000000563e-02,9.821000000000000563e-02,9.821000000000000563e-02,9.821000000000000563e-02,9.821000000000000563e-02,9.821000000000000563e-02,9.821000000000000563e-02,9.821000000000000563e-02,9.821000000000000563e-02,9.821000000000000563e-02,9.821000000000000563e-02,2.500000000000000139e-02,2.500000000000000139e-02,5.839199999999999946e-01,5.839199999999999946e-01,5.839199999999999946e-01,5.839199999999999946e-01,5.839199999999999946e-01,5.839199999999999946e-01,1.100000000000000006e-01,1.100000000000000006e-01,2.500000000000000139e-02,2.500000000000000139e-02,5.839199999999999946e-01,5.839199999999999946e-01,5.839199999999999946e-01,5.839199999999999946e-01,5.839199999999999946e-01,5.839199999999999946e-01,1.100000000000000006e-01,1.100000000000000006e-01
roverR,inf,inf,inf,inf,inf,inf,inf,inf,inf,inf,inf,inf,inf,inf,inf,inf,inf,inf,inf,inf,inf,inf,inf,inf,inf,inf,inf,inf,inf,inf,inf,inf,inf,inf,inf,inf,inf,inf,inf,inf,inf,inf,inf,inf,inf,inf,inf,inf,inf,inf,inf,inf,inf,inf,inf,inf,inf,inf,inf,inf,inf,inf,inf,inf,inf,inf,inf,inf,inf,inf,inf,inf,inf,inf,inf,inf,inf,inf,inf,inf,inf,inf,inf,inf,inf,inf,inf,inf,inf,inf,inf,inf,inf,inf,inf,inf,inf,inf,inf,inf,inf,inf,inf,inf,inf,inf,inf,inf,inf,inf,inf,inf,inf,inf,inf,inf,inf,inf,inf,inf,inf,inf,inf,inf,inf,inf,inf,inf,inf,inf,inf,inf,inf,inf,inf,inf,inf,inf,inf,inf,inf,inf,inf,inf,inf,inf,inf,inf,inf,inf,inf,inf,inf,inf,inf,inf,inf,inf,inf,inf,inf,inf,inf,inf,inf,inf,inf,inf,inf,inf,inf,inf,inf,inf,inf,inf,inf,inf,inf,inf,inf,inf,inf,inf,inf,inf,inf,inf,inf,inf,inf,inf,inf,inf,inf,inf,inf,inf,inf,inf,inf,inf,inf,inf,inf,inf,inf,inf,inf,inf,inf,inf,inf,inf,inf,inf,inf,inf,inf,inf,inf,inf,inf,inf,inf,inf,inf,inf,inf,inf,inf,inf,inf,inf,inf,inf,inf,inf
Results_Name,CpSlice_Wrapper
Results_Timestamp,1787475465
Results_Date,8,23,2026
Results_Time,14,27,45
CpSlice_Case_ID_Vec,JHRCMEU
Num_Cuts,1
Results_Name,CpSlicer_Case
Results_Timestamp,1787475465
Results_Date,8,23,2026
Results_Time,14,27,45
Alpha,0.000000000000000000e+00
Beta,0.000000000000000000e+00
Case,1
Cp,-2.338999999999999968e-01,-2.338999999999999968e-01,-4.400000000000000022e-01,-4.400000000000000022e-01,-5.854000000000000314e-01,-5.854000000000000314e-01,-6.972000000000000419e-01,-6.972000000000000419e-01,-7.914999999999999813e-01,-7.914999999999999813e-01,-8.780999999999999917e-01,-8.780999999999999917e-01,-9.307999999999999607e-01,-9.307999999999999607e-01,-9.596000000000000085e-01,-9.596000000000000085e-01,-1.002000000000000002e+00,-1.002000000000000002e+00,-1.051700000000000079e+00,-1.051700000000000079e+00,-1.084600000000000009e+00,-1.084600000000000009e+00,-1.101399999999999935e+00,-1.101399999999999935e+00,-1.126700000000000035e+00,-1.126700000000000035e+00,-1.152199999999999891e+00,-1.152199999999999891e+00,-1.154199999999999893e+00,-1.154199999999999893e+00,-1.134400000000000075e+00,-1.134400000000000075e+00,-1.121299999999999963e+00,-1.121299999999999963e+00,-1.129199999999999982e+00,-1.129199999999999982e+00,-1.151699999999999946e+00,-1.151699999999999946e+00,-1.176500000000000101e+00,-1.176500000000000101e+00,-1.216099999999999959e+00,-1.216099999999999959e+00,-1.268199999999999994e+00,-1.268199999999999994e+00,-1.329199999999999937e+00,-1.329199999999999937e+00,-1.329199999999999937e+00,-1.411299999999999999e+00,-1.411299999999999999e+00,-1.502799999999999914e+00,-1.502799999999999914e+00,-1.614000000000000101e+00,-1.614000000000000101e+00,-1.746799999999999908e+00,-1.746799999999999908e+00,-1.913499999999999979e+00,-1.913499999999999979e+00,-2.155699999999999950e+00,-2.155699999999999950e+00,-2.456199999999999939e+00,-2.456199999999999939e+00,-2.830299999999999816e+00,-2.830299999999999816e+00,-3.362000000000000099e+00,-3.362000000000000099e+00,-4.182800000000000296e+00,-4.182800000000000296e+00,-5.714199999999999946e+00,-5.714199999999999946e+00,-6.128899999999999793e+00,-6.128899999999999793e+00,-2.338999999999999968e-01,-2.338999999999999968e-01,-4.400000000000000022e-01,-4.400000000000000022e-01,-5.854000000000000314e-01,-5.854000000000000314e-01,-6.972000000000000419e-01,-6.972000000000000419e-01,-7.914999999999999813e-01,-7.914999999999999813e-01,-8.780999999999999917e-01,-8.780999999999999917e-01,-9.307999999999999607e-01,-9.307999999999999607e-01,-9.596000000000000085e-01,-9.596000000000000085e-01,-1.002000000000000002e+00,-1.002000000000000002e+00,-1.051700000000000079e+00,-1.051700000000000079e+00,-1.084600000000000009e+00,-1.084600000000000009e+00,-1.101399999999999935e+00,-1.101399999999999935e+00,-1.126700000000000035e+00,-1.126700000000000035e+00,-1.152199999999999891e+00,-1.152199999999999891e+00,-1.154199999999999893e+00,-1.154199999999999893e+00,-1.134400000000000075e+00,-1.134400000000000075e+00,-1.121299999999999963e+00,-1.121299999999999963e+00,-1.129199999999999982e+00,-1.129199999999999982e+00,-1.151699999999999946e+00,-1.151699999999999946e+00,-1.176500000000000101e+00,-1.176500000000000101e+00,-1.216099999999999959e+00,-1.216099999999999959e+00,-1.268199999999999994e+00,-1.268199999999999994e+00,-1.329199999999999937e+00,-1.329199999999999937e+00,-1.329199999999999937e+00,-1.411299999999999999e+00,-1.411299999999999999e+00,-1.502799999999999914e+00,-1.502799999999999914e+00,-1.614000000000000101e+00,-1.614000000000000101e+00,-1.746799999999999908e+00,-1.746799999999999908e+00,-1.913499999999999979e+00,-2.155699999999999950e+00,-1.913499999999999979e+00,-2.456199999999999939e+00,-2.155699999999999950e+00,-2.830299999999999816e+00,-2.456199999999999939e+00,-3.362000000000000099e+00,-2.830299999999999816e+00,-4.182800000000000296e+00,-3.362000000000000099e+00,-5.714199999999999946e+00,-4.182800000000000296e+00,-6.128899999999999793e+00,-5.714199999999999946e+00,-6.128899999999999793e+00,-3.508999999999999897e-01,-3.508999999999999897e-01,-1.378000000000000058e-01,-3.508999999999999897e-01,2.482000000000000040e-01,-1.156099999999999905e+00,-1.156099999999999905e+00,-9.306999999999999718e-01,-9.352000000000000313e-01,-9.352000000000000313e-01,-1.156099999999999905e+00,-9.352000000000000313e-01,-9.907000000000000250e-01,-9.726000000000000201e-01,-9.726000000000000201e-01,-9.352000000000000313e-01,-9.726000000000000201e-01,-8.465000000000000302e-01,-7.873999999999999888e-01,-7.873999999999999888e-01,-9.726000000000000201e-01,-7.873999999999999888e-01,-4.540000000000000147e-01,-4.540000000000000147e-01,-5.100999999999999979e-01,-4.540000000000000147e-01,-7.873999999999999888e-01,-2.611999999999999877e-01,-2.611999999999999877e-01,-2.695000000000000173e-01,-2.611999999999999877e-01,-4.540000000000000147e-01,-2.381999999999999951e-01,-2.381999999999999951e-01,-2.584000000000000186e-01,-2.381999999999999951e-01,-2.611999999999999877e-01,-2.038999999999999979e-01,-1.814999999999999947e-01,-1.814999999999999947e-01,-2.381999999999999951e-01,-1.814999999999999947e-01,-1.439999999999999891e-01,-1.226000000000000006e-01,-1.226000000000000006e-01,-1.814999999999999947e-01,-1.226000000000000006e-01,-8.899999999999999578e-02,-8.899999999999999578e-02,-1.226000000000000006e-01,-6.339999999999999802e-02,-6.339999999999999802e-02,-4.019999999999999962e-02,-6.339999999999999802e-02,-4.019999999999999962e-02,-2.690000000000000030e-02,-2.690000000000000030e-02,5.000000000000000104e-04,5.000000000000000104e-04,-2.690000000000000030e-02,4.499999999999999660e-03,4.499999999999999660e-03,3.590000000000000135e-02,3.590000000000000135e-02,4.499999999999999660e-03,3.309999999999999748e-02,3.309999999999999748e-02,5.779999999999999721e-02,5.779999999999999721e-02,2.709999999999999909e-02,2.709999999999999909e-02,2.819999999999999937e-02,2.819999999999999937e-02,2.709999999999999909e-02,6.579999999999999738e-02,6.579999999999999738e-02,2.819999999999999937e-02,6.049999999999999822e-02,5.290000000000000258e-02,5.290000000000000258e-02,9.400000000000000022e-02,9.400000000000000022e-02,1.215999999999999998e-01,1.215999999999999998e-01,6.700000000000000400e-02,9.400000000000000022e-02,1.215999999999999998e-01,1.419999999999999873e-01,1.419999999999999873e-01,1.215999999999999998e-01,1.552999999999999936e-01,1.552999999999999936e-01,1.812000000000000000e-01,1.552999999999999936e-01,1.812000000000000000e-01,2.013999999999999957e-01,2.013999999999999957e-01,2.706000000000000072e-01,2.013999999999999957e-01,2.706000000000000072e-01,1.870999999999999885e-01,1.870999999999999885e-01,3.159000000000000141e-01,1.870999999999999885e-01,3.159000000000000141e-01,1.988999999999999935e-01,1.988999999999999935e-01,3.104999999999999982e-01,1.988999999999999935e-01,3.104999999999999982e-01,2.487999999999999934e-01,2.487999999999999934e-01,2.487999999999999934e-01,2.741000000000000103e-01,3.368999999999999773e-01,3.845000000000000084e-01,3.368999999999999773e-01,4.066000000000000170e-01,4.330999999999999850e-01,4.330999999999999850e-01,4.066000000000000170e-01,3.845000000000000084e-01,5.170000000000000151e-01,5.170000000000000151e-01,4.586000000000000076e-01,4.586000000000000076e-01,4.330999999999999850e-01,5.573000000000000176e-01,5.573000000000000176e-01,6.562000000000000055e-01,6.562000000000000055e-01,4.586000000000000076e-01,6.540000000000000258e-01,6.540000000000000258e-01,9.003999999999999782e-01,9.003999999999999782e-01,6.562000000000000055e-01,9.003999999999999782e-01,9.435000000000000053e-01,5.450000000000000400e-01,1.155799999999999939e+00,1.155799999999999939e+00,9.435000000000000053e-01,9.435000000000000053e-01,1.155799999999999939e+00,1.351299999999999946e+00,1.351299999999999946e+00,1.843699999999999894e+00,1.843699999999999894e+00,9.314000000000000057e-01,3.187800000000000189e+00,3.187800000000000189e+00,1.843699999999999894e+00,3.187800000000000189e+00,2.941100000000000048e+00,2.941100000000000048e+00,-1.378000000000000058e-01,-3.508999999999999897e-01,-3.508999999999999897e-01,-1.156099999999999905e+00,-1.156099999999999905e+00,-9.352000000000000313e-01,-9.306999999999999718e-01,-9.352000000000000313e-01,-9.726000000000000201e-01,-9.907000000000000250e-01,-9.726000000000000201e-01,-7.873999999999999888e-01,-8.465000000000000302e-01,-7.873999999999999888e-01,-5.100999999999999979e-01,-4.540000000000000147e-01,-4.540000000000000147e-01,-2.695000000000000173e-01,-2.611999999999999877e-01,-2.611999999999999877e-01,-2.584000000000000186e-01,-2.381999999999999951e-01,-2.381999999999999951e-01,-1.814999999999999947e-01,-1.814999999999999947e-01,-2.038999999999999979e-01,-1.226000000000000006e-01,-1.226000000000000006e-01,-1.439999999999999891e-01,-6.339999999999999802e-02,-8.899999999999999578e-02,-8.899999999999999578e-02,-2.690000000000000030e-02,-4.019999999999999962e-02,-4.019999999999999962e-02,4.499999999999999660e-03,5.000000000000000104e-04,5.000000000000000104e-04,3.309999999999999748e-02,3.590000000000000135e-02,3.590000000000000135e-02,2.709999999999999909e-02,2.709999999999999909e-02,2.819999999999999937e-02,5.779999999999999721e-02,5.779999999999999721e-02,6.579999999999999738e-02,6.049999999999999822e-02,5.290000000000000258e-02,6.579999999999999738e-02,9.400000000000000022e-02,9.400000000000000022e-02,1.215999999999999998e-01,1.215999999999999998e-01,6.700000000000000400e-02,1.552999999999999936e-01,1.419999999999999873e-01,1.419999999999999873e-01,2.013999999999999957e-01,1.812000000000000000e-01,1.812000000000000000e-01,1.870999999999999885e-01,2.706000000000000072e-01,2.706000000000000072e-01,3.159000000000000141e-01,1.988999999999999935e-01,3.159000000000000141e-01,3.104999999999999982e-01,2.487999999999999934e-01,3.104999999999999982e-01,2.487999999999999934e-01,2.741000000000000103e-01,3.368999999999999773e-01,3.368999999999999773e-01,3.845000000000000084e-01,4.066000000000000170e-01,4.066000000000000170e-01,4.330999999999999850e-01,5.170000000000000151e-01,5.170000000000000151e-01,4.586000000000000076e-01,5.573000000000000176e-01,5.573000000000000176e-01,6.562000000000000055e-01,6.540000000000000258e-01,6.540000000000000258e-01,9.003999999999999782e-01,9.003999999999999782e-01,9.435000000000000053e-01,5.450000000000000400e-01,9.435000000000000053e-01,1.155799999999999939e+00,1.155799999999999939e+00,1.351299999999999946e+00,1.351299999999999946e+00,1.843699999999999894e+00,9.314000000000000057e-01,3.187800000000000189e+00,1.843699999999999894e+00,3.187800000000000189e+00,2.941100000000000048e+00,2.941100000000000048e+00,2.482000000000000040e-01,4.494000000000000217e-01,-3.508999999999999897e-01,-3.508999999999999897e-01,-1.156099999999999905e+00,-9.352000000000000313e-01,-9.352000000000000313e-01,-9.726000000000000201e-01,-9.726000000000000201e-01,-7.873999999999999888e-01,-7.873999999999999888e-01,-4.540000000000000147e-01,-4.540000000000000147e-01,-2.611999999999999877e-01,-2.611999999999999877e-01,-2.381999999999999951e-01,-9.059999999999999998e-02,-2.381999999999999951e-01,-1.814999999999999947e-01,-1.814999999999999947e-01,-1.226000000000000006e-01,-1.226000000000000006e-01,-6.339999999999999802e-02,-6.339999999999999802e-02,-2.690000000000000030e-02,-2.690000000000000030e-02,4.499999999999999660e-03,4.499999999999999660e-03,2.709999999999999909e-02,3.309999999999999748e-02,2.709999999999999909e-02,2.819999999999999937e-02,2.819999999999999937e-02,9.400000000000000022e-02,5.290000000000000258e-02,5.290000000000000258e-02,1.215999999999999998e-01,1.552999999999999936e-01,2.013999999999999957e-01,1.870999999999999885e-01,1.870999999999999885e-01,1.988999999999999935e-01,1.988999999999999935e-01,3.368999999999999773e-01,2.741000000000000103e-01,2.487999999999999934e-01,2.487999999999999934e-01,-1.269999999999999948e-02,-1.269999999999999948e-02,4.586000000000000076e-01,4.330999999999999850e-01,-1.269999999999999948e-02,6.562000000000000055e-01,9.435000000000000053e-01,9.003999999999999782e-01,1.843699999999999894e+00,1.155799999999999939e+00,1.351299999999999946e+00,5.168000000000000371e-01,3.187800000000000189e+00,2.941100000000000048e+00,-1.460000000000000013e-02,-1.469999999999999953e-02,6.799999999999999621e-03,4.248000000000000109e-01,4.100000000000000346e-03,-4.799999999999999580e-03,-1.039999999999999952e-02,-1.039999999999999952e-02,-1.269999999999999948e-02,-1.039999999999999952e-02,-1.949999999999999997e-02,-1.980000000000000163e-02,1.299999999999999940e-02,7.400000000000000328e-03,2.759999999999999953e-02,2.690000000000000030e-02,-1.039999999999999952e-02,-1.039999999999999952e-02,-7.499999999999999722e-03,-2.019999999999999921e-02,-2.019999999999999921e-02,9.900000000000000813e-03,1.200000000000000025e-02,3.030000000000000054e-02,2.970000000000000070e-02,-6.400000000000000307e-03,-4.599999999999999922e-03,-1.760000000000000106e-02,-1.710000000000000062e-02,8.300000000000000086e-03,9.100000000000000450e-03,3.169999999999999901e-02,3.160000000000000309e-02,-2.399999999999999790e-03,-1.600000000000000077e-03,-1.129999999999999928e-02,-1.020000000000000073e-02,7.400000000000000328e-03,7.799999999999999642e-03,3.139999999999999736e-02,3.150000000000000022e-02,1.000000000000000021e-03,1.799999999999999951e-03,1.000000000000000021e-03,1.000000000000000021e-03,1.000000000000000021e-03,1.000000000000000021e-03,-4.300000000000000003e-03,-2.700000000000000143e-03,6.199999999999999782e-03,6.899999999999999883e-03,2.970000000000000070e-02,3.020000000000000115e-02,4.599999999999999922e-03,4.599999999999999922e-03,4.599999999999999922e-03,4.599999999999999922e-03,3.799999999999999992e-03,3.799999999999999992e-03,1.000000000000000021e-03,3.799999999999999992e-03,4.599999999999999922e-03,6.899999999999999883e-03,4.799999999999999580e-03,5.599999999999999943e-03,2.790000000000000119e-02,2.840000000000000163e-02,4.599999999999999922e-03,4.599999999999999922e-03,7.300000000000000065e-03,5.499999999999999681e-03,3.799999999999999992e-03,7.100000000000000408e-03,3.799999999999999992e-03,7.000000000000000146e-03,1.549999999999999989e-02,1.899999999999999953e-02,4.899999999999999842e-03,4.700000000000000185e-03,2.589999999999999941e-02,2.659999999999999865e-02,1.099999999999999936e-02,1.099999999999999936e-02,1.099999999999999936e-02,8.200000000000000691e-03,1.099999999999999936e-02,8.699999999999999400e-03,1.119999999999999989e-02,2.989999999999999949e-02,3.479999999999999760e-02,5.100000000000000366e-03,4.899999999999999842e-03,2.369999999999999885e-02,2.450000000000000094e-02,1.460000000000000013e-02,1.460000000000000013e-02,1.099999999999999936e-02,1.460000000000000013e-02,1.439999999999999961e-02,1.549999999999999989e-02,4.340000000000000108e-02,4.819999999999999979e-02,4.799999999999999580e-03,4.799999999999999580e-03,2.199999999999999872e-02,2.270000000000000143e-02,1.460000000000000013e-02,1.460000000000000013e-02,1.849999999999999908e-02,1.899999999999999953e-02,5.630000000000000282e-02,6.160000000000000198e-02,4.499999999999999660e-03,4.599999999999999922e-03,2.019999999999999921e-02,2.089999999999999844e-02,2.270000000000000143e-02,2.270000000000000143e-02,2.270000000000000143e-02,2.270000000000000143e-02,6.950000000000000622e-02,7.570000000000000340e-02,4.499999999999999660e-03,4.400000000000000265e-03,1.870000000000000134e-02,1.949999999999999997e-02,2.270000000000000143e-02,2.270000000000000143e-02,2.630000000000000046e-02,8.379999999999999949e-02,9.099999999999999756e-02,4.199999999999999740e-03,4.300000000000000003e-03,1.799999999999999864e-02,1.849999999999999908e-02,2.759999999999999953e-02,2.949999999999999845e-02,3.420000000000000123e-02,3.339999999999999913e-02,3.429999999999999716e-02,3.679999999999999938e-02,4.320000000000000229e-02,4.359999999999999987e-02,4.209999999999999853e-02,4.560000000000000164e-02,9.740000000000000047e-02,1.043000000000000038e-01,4.100000000000000346e-03,4.100000000000000346e-03,1.689999999999999836e-02,1.770000000000000046e-02,3.080000000000000099e-02,3.250000000000000111e-02,3.579999999999999849e-02,3.640000000000000180e-02,4.019999999999999962e-02,4.170000000000000095e-02,4.580000000000000043e-02,5.070000000000000201e-02,1.101000000000000034e-01,1.171999999999999986e-01,4.000000000000000083e-03,4.000000000000000083e-03,1.580000000000000154e-02,1.660000000000000017e-02,3.420000000000000123e-02,3.540000000000000091e-02,3.719999999999999696e-02,3.799999999999999906e-02,5.129999999999999838e-02,5.580000000000000238e-02,1.226000000000000006e-01,1.307999999999999996e-01,4.000000000000000083e-03,4.000000000000000083e-03,1.480000000000000066e-02,1.559999999999999928e-02,3.749999999999999861e-02,3.790000000000000313e-02,3.860000000000000236e-02,3.939999999999999752e-02,5.680000000000000326e-02,6.090000000000000274e-02,1.360999999999999988e-01,1.451999999999999957e-01,4.000000000000000083e-03,4.000000000000000083e-03,1.409999999999999969e-02,1.469999999999999953e-02,3.919999999999999873e-02,3.960000000000000325e-02,6.210000000000000242e-02,6.479999999999999649e-02,1.484000000000000041e-01,1.555999999999999883e-01,4.100000000000000346e-03,4.100000000000000346e-03,1.379999999999999977e-02,1.409999999999999969e-02,6.619999999999999496e-02,6.790000000000000202e-02,1.579000000000000126e-01,1.640000000000000069e-01,4.100000000000000346e-03,4.100000000000000346e-03,1.439999999999999961e-02,1.439999999999999961e-02,1.439999999999999961e-02,1.439999999999999961e-02,1.370000000000000037e-02,6.919999999999999762e-02,7.040000000000000424e-02,1.656999999999999862e-01,1.715000000000000135e-01,4.100000000000000346e-03,4.100000000000000346e-03,1.400000000000000029e-02,1.400000000000000029e-02,1.439999999999999961e-02,1.439999999999999961e-02,7.199999999999999456e-02,7.270000000000000073e-02,1.726000000000000034e-01,1.779000000000000026e-01,4.199999999999999740e-03,4.199999999999999740e-03,1.200000000000000025e-02,1.209999999999999964e-02,7.380000000000000449e-02,7.449999999999999678e-02,1.784999999999999920e-01,1.829999999999999960e-01,4.499999999999999660e-03,4.300000000000000003e-03,1.030000000000000013e-02,1.050000000000000065e-02,7.610000000000000098e-02,7.630000000000000671e-02,1.832000000000000017e-01,1.862000000000000044e-01,4.300000000000000003e-03,4.300000000000000003e-03,8.000000000000000167e-03,8.800000000000000530e-03,7.699999999999999900e-02,7.710000000000000187e-02,1.042000000000000010e-01,9.979999999999999982e-02,9.669999999999999429e-02,1.060999999999999999e-01,1.895999999999999908e-01,1.892000000000000071e-01,1.892000000000000071e-01,1.862999999999999934e-01,4.100000000000000346e-03,4.100000000000000346e-03,6.000000000000000125e-03,6.899999999999999883e-03,7.660000000000000142e-02,7.660000000000000142e-02,7.660000000000000142e-02,8.730000000000000260e-02,7.660000000000000142e-02,1.063000000000000056e-01,1.101000000000000034e-01,1.831000000000000127e-01,1.821000000000000119e-01,4.499999999999999660e-03,4.400000000000000265e-03,5.799999999999999600e-03,5.799999999999999600e-03,7.660000000000000142e-02,7.660000000000000142e-02,1.097000000000000058e-01,1.093999999999999972e-01,1.706000000000000016e-01,1.670999999999999985e-01,4.899999999999999842e-03,4.799999999999999580e-03,-1.199999999999999895e-03,2.500000000000000052e-03,1.053999999999999937e-01,1.004000000000000031e-01,1.507000000000000006e-01,1.416000000000000036e-01,5.100000000000000366e-03,-3.799999999999999992e-03,9.210000000000000131e-02,1.325000000000000067e-01
Cut_Loc,0.000000000000000000e+00
Cut_Num,1
Cut_Type,1
Mach,6.930000000000000049e-02
X_Loc,5.271200000000000330e+00,5.271200000000000330e+00,5.250099999999999767e+00,5.250099999999999767e+00,5.225200000000000067e+00,5.225200000000000067e+00,5.195899999999999963e+00,5.195899999999999963e+00,5.161699999999999733e+00,5.161699999999999733e+00,5.121900000000000119e+00,5.121900000000000119e+00,5.075999999999999623e+00,5.075999999999999623e+00,5.023200000000000109e+00,5.023200000000000109e+00,4.963199999999999612e+00,4.963199999999999612e+00,4.895400000000000418e+00,4.895400000000000418e+00,4.819600000000000328e+00,4.819600000000000328e+00,4.735699999999999577e+00,4.735699999999999577e+00,4.643799999999999706e+00,4.643799999999999706e+00,4.544200000000000017e+00,4.544200000000000017e+00,4.437800000000000189e+00,4.437800000000000189e+00,4.325599999999999667e+00,4.325599999999999667e+00,4.209100000000000286e+00,4.209100000000000286e+00,4.090300000000000047e+00,4.090300000000000047e+00,3.971200000000000063e+00,3.971200000000000063e+00,3.854000000000000092e+00,3.854000000000000092e+00,3.740600000000000147e+00,3.740600000000000147e+00,3.632499999999999840e+00,3.632499999999999840e+00,3.531000000000000139e+00,3.531000000000000139e+00,3.531000000000000139e+00,3.437300000000000022e+00,3.437300000000000022e+00,3.351799999999999891e+00,3.351799999999999891e+00,3.274900000000000144e+00,3.274900000000000144e+00,3.206599999999999895e+00,3.206599999999999895e+00,3.146500000000000075e+00,3.146500000000000075e+00,3.094300000000000050e+00,3.094300000000000050e+00,3.049799999999999844e+00,3.049799999999999844e+00,3.012500000000000178e+00,3.012500000000000178e+00,2.982099999999999973e+00,2.982099999999999973e+00,2.958200000000000163e+00,2.958200000000000163e+00,2.941399999999999793e+00,2.941399999999999793e+00,2.932700000000000085e+00,2.932700000000000085e+00,5.271200000000000330e+00,5.271200000000000330e+00,5.250099999999999767e+00,5.250099999999999767e+00,5.225200000000000067e+00,5.225200000000000067e+00,5.195899999999999963e+00,5.195899999999999963e+00,5.161699999999999733e+00,5.161699999999999733e+00,5.121900000000000119e+00,5.121900000000000119e+00,5.075999999999999623e+00,5.075999999999999623e+00,5.023200000000000109e+00,5.023200000000000109e+00,4.963199999999999612e+00,4.963199999999999612e+00,4.895400000000000418e+00,4.895400000000000418e+00,4.819600000000000328e+00,4.819600000000000328e+00,4.735699999999999577e+00,4.735699999999999577e+00,4.643799999999999706e+00,4.643799999999999706e+00,4.544200000000000017e+00,4.544200000000000017e+00,4.437800000000000189e+00,4.437800000000000189e+00,4.325599999999999667e+00,4.325599999999999667e+00,4.209100000000000286e+00,4.209100000000000286e+00,4.090300000000000047e+00,4.090300000000000047e+00,3.971200000000000063e+00,3.971200000000000063e+00,3.854000000000000092e+00,3.854000000000000092e+00,3.740600000000000147e+00,3.740600000000000147e+00,3.632499999999999840e+00,3.632499999999999840e+00,3.531000000000000139e+00,3.531000000000000139e+00,3.531000000000000139e+00,3.437300000000000022e+00,3.437300000000000022e+00,3.351799999999999891e+00,3.351799999999999891e+00,3.274900000000000144e+00,3.274900000000000144e+00,3.206599999999999895e+00,3.206599999999999895e+00,3.146500000000000075e+00,3.094300000000000050e+00,3.146500000000000075e+00,3.049799999999999844e+00,3.094300000000000050e+00,3.012500000000000178e+00,3.049799999999999844e+00,2.982099999999999973e+00,3.012500000000000178e+00,2.958200000000000163e+00,2.982099999999999973e+00,2.941399999999999793e+00,2.958200000000000163e+00,2.932700000000000085e+00,2.941399999999999793e+00,2.932700000000000085e+00,1.069549999999999912e+01,1.069549999999999912e+01,1.069619999999999926e+01,1.069549999999999912e+01,1.070860000000000056e+01,1.067999999999999972e+01,1.067999999999999972e+01,1.067869999999999919e+01,1.066179999999999950e+01,1.066179999999999950e+01,1.067999999999999972e+01,1.066179999999999950e+01,1.065809999999999924e+01,1.064049999999999940e+01,1.064049999999999940e+01,1.066179999999999950e+01,1.064049999999999940e+01,1.063400000000000034e+01,1.061560000000000059e+01,1.061560000000000059e+01,1.064049999999999940e+01,1.061560000000000059e+01,1.058660000000000068e+01,1.058660000000000068e+01,1.060590000000000011e+01,1.058660000000000068e+01,1.061560000000000059e+01,1.055320000000000036e+01,1.055320000000000036e+01,1.057319999999999993e+01,1.055320000000000036e+01,1.058660000000000068e+01,1.051469999999999949e+01,1.051469999999999949e+01,1.053539999999999921e+01,1.051469999999999949e+01,1.055320000000000036e+01,1.049210000000000065e+01,1.047100000000000009e+01,1.047100000000000009e+01,1.051469999999999949e+01,1.047100000000000009e+01,1.044270000000000032e+01,1.042149999999999999e+01,1.042149999999999999e+01,1.047100000000000009e+01,1.042149999999999999e+01,1.038679999999999914e+01,1.038679999999999914e+01,1.042149999999999999e+01,1.036609999999999943e+01,1.036609999999999943e+01,1.032429999999999914e+01,1.036609999999999943e+01,1.032429999999999914e+01,1.030480000000000018e+01,1.030480000000000018e+01,1.025510000000000055e+01,1.025510000000000055e+01,1.030480000000000018e+01,1.023770000000000024e+01,1.023770000000000024e+01,1.017929999999999957e+01,1.017929999999999957e+01,1.023770000000000024e+01,1.016520000000000046e+01,1.016520000000000046e+01,1.009750000000000014e+01,1.009750000000000014e+01,1.015060000000000073e+01,1.015060000000000073e+01,1.008789999999999942e+01,1.008789999999999942e+01,1.015060000000000073e+01,1.006119999999999948e+01,1.006119999999999948e+01,1.008789999999999942e+01,1.001019999999999932e+01,1.000680000000000014e+01,1.000680000000000014e+01,9.922900000000000276e+00,9.922900000000000276e+00,9.837699999999999889e+00,9.837699999999999889e+00,9.918699999999999406e+00,9.922900000000000276e+00,9.837699999999999889e+00,9.823999999999999844e+00,9.823999999999999844e+00,9.837699999999999889e+00,9.752299999999999969e+00,9.752299999999999969e+00,9.727700000000000458e+00,9.752299999999999969e+00,9.727700000000000458e+00,9.668300000000000338e+00,9.668300000000000338e+00,9.631399999999999295e+00,9.668300000000000338e+00,9.631399999999999295e+00,9.586899999999999977e+00,9.586899999999999977e+00,9.536500000000000199e+00,9.586899999999999977e+00,9.536500000000000199e+00,9.509299999999999642e+00,9.509299999999999642e+00,9.444599999999999440e+00,9.509299999999999642e+00,9.444599999999999440e+00,9.436400000000000787e+00,9.436400000000000787e+00,9.436400000000000787e+00,9.368900000000000006e+00,9.356999999999999318e+00,9.307299999999999685e+00,9.356999999999999318e+00,9.274699999999999278e+00,9.251799999999999358e+00,9.251799999999999358e+00,9.274699999999999278e+00,9.307299999999999685e+00,9.227000000000000313e+00,9.227000000000000313e+00,9.202299999999999258e+00,9.202299999999999258e+00,9.251799999999999358e+00,9.198600000000000776e+00,9.198600000000000776e+00,9.158699999999999619e+00,9.158699999999999619e+00,9.202299999999999258e+00,9.128999999999999559e+00,9.128999999999999559e+00,9.120699999999999363e+00,9.120699999999999363e+00,9.158699999999999619e+00,9.120699999999999363e+00,9.087899999999999423e+00,9.066300000000000026e+00,9.060000000000000497e+00,9.060000000000000497e+00,9.087899999999999423e+00,9.087899999999999423e+00,9.060000000000000497e+00,9.036699999999999733e+00,9.036699999999999733e+00,9.017699999999999605e+00,9.017699999999999605e+00,9.010500000000000398e+00,9.003099999999999881e+00,9.003099999999999881e+00,9.017699999999999605e+00,9.003099999999999881e+00,8.993800000000000239e+00,8.993800000000000239e+00,1.069619999999999926e+01,1.069549999999999912e+01,1.069549999999999912e+01,1.067999999999999972e+01,1.067999999999999972e+01,1.066179999999999950e+01,1.067869999999999919e+01,1.066179999999999950e+01,1.064049999999999940e+01,1.065809999999999924e+01,1.064049999999999940e+01,1.061560000000000059e+01,1.063400000000000034e+01,1.061560000000000059e+01,1.060590000000000011e+01,1.058660000000000068e+01,1.058660000000000068e+01,1.057319999999999993e+01,1.055320000000000036e+01,1.055320000000000036e+01,1.053539999999999921e+01,1.051469999999999949e+01,1.051469999999999949e+01,1.047100000000000009e+01,1.047100000000000009e+01,1.049210000000000065e+01,1.042149999999999999e+01,1.042149999999999999e+01,1.044270000000000032e+01,1.036609999999999943e+01,1.038679999999999914e+01,1.038679999999999914e+01,1.030480000000000018e+01,1.032429999999999914e+01,1.032429999999999914e+01,1.023770000000000024e+01,1.025510000000000055e+01,1.025510000000000055e+01,1.016520000000000046e+01,1.017929999999999957e+01,1.017929999999999957e+01,1.015060000000000073e+01,1.015060000000000073e+01,1.008789999999999942e+01,1.009750000000000014e+01,1.009750000000000014e+01,1.006119999999999948e+01,1.001019999999999932e+01,1.000680000000000014e+01,1.006119999999999948e+01,9.922900000000000276e+00,9.922900000000000276e+00,9.837699999999999889e+00,9.837699999999999889e+00,9.918699999999999406e+00,9.752299999999999969e+00,9.823999999999999844e+00,9.823999999999999844e+00,9.668300000000000338e+00,9.727700000000000458e+00,9.727700000000000458e+00,9.586899999999999977e+00,9.631399999999999295e+00,9.631399999999999295e+00,9.536500000000000199e+00,9.509299999999999642e+00,9.536500000000000199e+00,9.444599999999999440e+00,9.436400000000000787e+00,9.444599999999999440e+00,9.436400000000000787e+00,9.368900000000000006e+00,9.356999999999999318e+00,9.356999999999999318e+00,9.307299999999999685e+00,9.274699999999999278e+00,9.274699999999999278e+00,9.251799999999999358e+00,9.227000000000000313e+00,9.227000000000000313e+00,9.202299999999999258e+00,9.198600000000000776e+00,9.198600000000000776e+00,9.158699999999999619e+00,9.128999999999999559e+00,9.128999999999999559e+00,9.120699999999999363e+00,9.120699999999999363e+00,9.087899999999999423e+00,9.066300000000000026e+00,9.087899999999999423e+00,9.060000000000000497e+00,9.060000000000000497e+00,9.036699999999999733e+00,9.036699999999999733e+00,9.017699999999999605e+00,9.010500000000000398e+00,9.003099999999999881e+00,9.017699999999999605e+00,9.003099999999999881e+00,8.993800000000000239e+00,8.993800000000000239e+00,1.070860000000000056e+01,1.071080000000000076e+01,1.069549999999999912e+01,1.069549999999999912e+01,1.067999999999999972e+01,1.066179999999999950e+01,1.066179999999999950e+01,1.064049999999999940e+01,1.064049999999999940e+01,1.061560000000000059e+01,1.061560000000000059e+01,1.058660000000000068e+01,1.058660000000000068e+01,1.055320000000000036e+01,1.055320000000000036e+01,1.051469999999999949e+01,1.049789999999999957e+01,1.051469999999999949e+01,1.047100000000000009e+01,1.047100000000000009e+01,1.042149999999999999e+01,1.042149999999999999e+01,1.036609999999999943e+01,1.036609999999999943e+01,1.030480000000000018e+01,1.030480000000000018e+01,1.023770000000000024e+01,1.023770000000000024e+01,1.015060000000000073e+01,1.016520000000000046e+01,1.015060000000000073e+01,1.008789999999999942e+01,1.008789999999999942e+01,9.922900000000000276e+00,1.000680000000000014e+01,1.000680000000000014e+01,9.837699999999999889e+00,9.752299999999999969e+00,9.668300000000000338e+00,9.586899999999999977e+00,9.586899999999999977e+00,9.509299999999999642e+00,9.509299999999999642e+00,9.356999999999999318e+00,9.368900000000000006e+00,9.436400000000000787e+00,9.436400000000000787e+00,9.300700000000000855e+00,9.300700000000000855e+00,9.202299999999999258e+00,9.251799999999999358e+00,9.300700000000000855e+00,9.158699999999999619e+00,9.087899999999999423e+00,9.120699999999999363e+00,9.017699999999999605e+00,9.060000000000000497e+00,9.036699999999999733e+00,8.990700000000000358e+00,9.003099999999999881e+00,8.993800000000000239e+00,8.805799999999999628e+00,8.806599999999999540e+00,1.071059999999999945e+01,1.071080000000000076e+01,1.050380000000000003e+01,1.050339999999999918e+01,9.326700000000000657e+00,9.326700000000000657e+00,9.300700000000000855e+00,9.326700000000000657e+00,8.839999999999999858e+00,8.841699999999999449e+00,1.071039999999999992e+01,1.071059999999999945e+01,1.050960000000000072e+01,1.050900000000000034e+01,9.326700000000000657e+00,9.326700000000000657e+00,9.328699999999999548e+00,8.874200000000000088e+00,8.876699999999999591e+00,1.071030000000000015e+01,1.071039999999999992e+01,1.051510000000000034e+01,1.051430000000000042e+01,9.334799999999999542e+00,9.343299999999999272e+00,8.908400000000000318e+00,8.911799999999999500e+00,1.071010000000000062e+01,1.071020000000000039e+01,1.052059999999999995e+01,1.051960000000000051e+01,9.346199999999999619e+00,9.352700000000000458e+00,8.942500000000000782e+00,8.946899999999999409e+00,1.070989999999999931e+01,1.071010000000000062e+01,1.052630000000000088e+01,1.052519999999999989e+01,9.373200000000000642e+00,9.376300000000000523e+00,9.244600000000000151e+00,9.244600000000000151e+00,9.244600000000000151e+00,9.244600000000000151e+00,8.976599999999999469e+00,8.981899999999999551e+00,1.070969999999999978e+01,1.070989999999999931e+01,1.053170000000000073e+01,1.053040000000000020e+01,9.390000000000000568e+00,9.390000000000000568e+00,9.390000000000000568e+00,9.390000000000000568e+00,9.274300000000000210e+00,9.274300000000000210e+00,9.244600000000000151e+00,9.274300000000000210e+00,9.010600000000000165e+00,9.016999999999999460e+00,1.070960000000000001e+01,1.070969999999999978e+01,1.053759999999999941e+01,1.053589999999999982e+01,9.390000000000000568e+00,9.390000000000000568e+00,9.387600000000000833e+00,9.316599999999999326e+00,9.274300000000000210e+00,9.339900000000000091e+00,9.274300000000000210e+00,9.288100000000000023e+00,9.044600000000000861e+00,9.051999999999999602e+00,1.070940000000000047e+01,1.070950000000000024e+01,1.054299999999999926e+01,1.054119999999999990e+01,9.386400000000000077e+00,9.386400000000000077e+00,9.386400000000000077e+00,9.351800000000000779e+00,9.386400000000000077e+00,9.297200000000000131e+00,9.310299999999999798e+00,9.078599999999999781e+00,9.087099999999999511e+00,1.070919999999999916e+01,1.070930000000000071e+01,1.054879999999999995e+01,1.054659999999999975e+01,9.414899999999999380e+00,9.414899999999999380e+00,9.386400000000000077e+00,9.414899999999999380e+00,9.321600000000000108e+00,9.325200000000000600e+00,9.112500000000000711e+00,9.122099999999999653e+00,1.070899999999999963e+01,1.070909999999999940e+01,1.055450000000000088e+01,1.055199999999999960e+01,9.414899999999999380e+00,9.414899999999999380e+00,9.350799999999999557e+00,9.357200000000000628e+00,9.146300000000000097e+00,9.157199999999999562e+00,1.070889999999999986e+01,1.070899999999999963e+01,1.056010000000000026e+01,1.055760000000000076e+01,9.378999999999999559e+00,9.378999999999999559e+00,9.378999999999999559e+00,9.378999999999999559e+00,9.180199999999999250e+00,9.192299999999999471e+00,1.070870000000000033e+01,1.070880000000000010e+01,1.056579999999999941e+01,1.056279999999999930e+01,9.378999999999999559e+00,9.378999999999999559e+00,9.400199999999999889e+00,9.213900000000000645e+00,9.227299999999999613e+00,1.070850000000000080e+01,1.070860000000000056e+01,1.057099999999999973e+01,1.056809999999999938e+01,9.407600000000000406e+00,9.428100000000000591e+00,9.371299999999999741e+00,9.360500000000000043e+00,9.374900000000000233e+00,9.357400000000000162e+00,9.318099999999999383e+00,9.308699999999999974e+00,9.331699999999999662e+00,9.319399999999999906e+00,9.247600000000000264e+00,9.262399999999999523e+00,1.070829999999999949e+01,1.070839999999999925e+01,1.057709999999999972e+01,1.057329999999999970e+01,9.438299999999999912e+00,9.453099999999999170e+00,9.403600000000000847e+00,9.416199999999999903e+00,9.354599999999999582e+00,9.346000000000000085e+00,9.320399999999999352e+00,9.351800000000000779e+00,9.281299999999999883e+00,9.297399999999999665e+00,1.070819999999999972e+01,1.070819999999999972e+01,1.058259999999999934e+01,1.057890000000000086e+01,9.468400000000000816e+00,9.476699999999999235e+00,9.435499999999999332e+00,9.455500000000000682e+00,9.354900000000000659e+00,9.384199999999999875e+00,9.314899999999999736e+00,9.332499999999999574e+00,1.070800000000000018e+01,1.070800000000000018e+01,1.058820000000000050e+01,1.058409999999999940e+01,9.498799999999999244e+00,9.503099999999999881e+00,9.467200000000000060e+00,9.492300000000000182e+00,9.389599999999999724e+00,9.416199999999999903e+00,9.348300000000000054e+00,9.367499999999999716e+00,1.070780000000000065e+01,1.070780000000000065e+01,1.059409999999999918e+01,1.058939999999999948e+01,9.513999999999999346e+00,9.498599999999999710e+00,9.424899999999999167e+00,9.448700000000000543e+00,9.381800000000000139e+00,9.402599999999999625e+00,1.070770000000000088e+01,1.070759999999999934e+01,1.059950000000000081e+01,1.059479999999999933e+01,9.460000000000000853e+00,9.480900000000000105e+00,9.415100000000000691e+00,9.437599999999999767e+00,1.070730000000000004e+01,1.070759999999999934e+01,1.060500000000000043e+01,1.060500000000000043e+01,1.060500000000000043e+01,1.060500000000000043e+01,1.059989999999999988e+01,9.495200000000000529e+00,9.513199999999999434e+00,9.448499999999999233e+00,9.472699999999999676e+00,1.070710000000000051e+01,1.070730000000000004e+01,1.061030000000000051e+01,1.060989999999999966e+01,1.060500000000000043e+01,1.060500000000000043e+01,9.531000000000000583e+00,9.545199999999999463e+00,9.481500000000000483e+00,9.507799999999999585e+00,1.070669999999999966e+01,1.070700000000000074e+01,1.061560000000000059e+01,1.061490000000000045e+01,9.566200000000000259e+00,9.577700000000000102e+00,9.514599999999999724e+00,9.542799999999999727e+00,1.070650000000000013e+01,1.070669999999999966e+01,1.062110000000000021e+01,1.061989999999999945e+01,9.602800000000000225e+00,9.609600000000000364e+00,9.547399999999999665e+00,9.577899999999999636e+00,1.070620000000000083e+01,1.070630000000000059e+01,1.062640000000000029e+01,1.062470000000000070e+01,9.638700000000000045e+00,9.642099999999999227e+00,9.614599999999999369e+00,9.624700000000000699e+00,9.631899999999999906e+00,9.628000000000000114e+00,9.610400000000000276e+00,9.612700000000000244e+00,9.612999999999999545e+00,9.580399999999999139e+00,1.070589999999999975e+01,1.070599999999999952e+01,1.063160000000000061e+01,1.062959999999999994e+01,9.674699999999999633e+00,9.674699999999999633e+00,9.674699999999999633e+00,9.649200000000000443e+00,9.674699999999999633e+00,9.629599999999999937e+00,9.661300000000000665e+00,9.644500000000000739e+00,9.648600000000000065e+00,1.070560000000000045e+01,1.070570000000000022e+01,1.063669999999999938e+01,1.063419999999999987e+01,9.674699999999999633e+00,9.674699999999999633e+00,9.667899999999999494e+00,9.694599999999999440e+00,9.675900000000000389e+00,9.684300000000000352e+00,1.070529999999999937e+01,1.070529999999999937e+01,1.064220000000000077e+01,1.063899999999999935e+01,9.706799999999999429e+00,9.727800000000000225e+00,9.707100000000000506e+00,9.720000000000000639e+00,1.070500000000000007e+01,1.064380000000000059e+01,9.746000000000000441e+00,9.737800000000000011e+00
Y_Loc,0.000000000000000000e+00,0.000000000000000000e+00,0.000000000000000000e+00,0.000000000000000000e+00,0.000000000000000000e+00,0.000000000000000000e+00,0.000000000000000000e+00,0.000000000000000000e+00,0.000000000000000000e+00,0.000000000000000000e+00,0.000000000000000000e+00,0.000000000000000000e+00,0.000000000000000000e+00,0.000000000000000000e+00,0.000000000000000000e+00,0.000000000000000000e+00,0.000000000000000000e+00,0.000000000000000000e+00,0.000000000000000000e+00,0.000000000000000000e+00,0.000000000000000000e+00,0.000000000000000000e+00,0.000000000000000000e+00,0.000000000000000000e+00,0.000000000000000000e+00,0.000000000000000000e+00,0.000000000000000000e+00,0.000000000000000000e+00,0.000000000000000000e+00,0.000000000000000000e+00,0.000000000000000000e+00,0.000000000000000000e+00,0.000000000000000000e+00,0.000000000000000000e+00,0.000000000000000000e+00,0.000000000000000000e+00,0.000000000000000000e+00,0.000000000000000000e+00,0.000000000000000000e+00,0.000000000000000000e+00,0.000000000000000000e+00,0.000000000000000000e+00,0.000000000000000000e+00,0.000000000000000000e+00,0.000000000000000000e+00,0.000000000000000000e+00,0.000000000000000000e+00,0.000000000000000000e+00,0.000000000000000000e+00,0.000000000000000000e+00,0.000000000000000000e+00,0.000000000000000000e+00,0.000000000000000000e+00,0.000000000000000000e+00,0.000000000000000000e+00,0.000000000000000000e+00,0.000000000000000000e+00,0.000000000000000000e+00,0.000000000000000000e+00,0.000000000000000000e+00,0.000000000000000000e+00,0.000000000000000000e+00,0.000000000000000000e+00,0.000000000000000000e+00,0.000000000000000000e+00,0.000000000000000000e+00,0.000000000000000000e+00,0.000000000000000000e+00,0.000000000000000000e+00,0.000000000000000000e+00,0.000000000000000000e+00,0.000000000000000000e+00,0.000000000000000000e+00,0.000000000000000000e+00,0.000000000000000000e+00,0.000000000000000000e+00,0.000000000000000000e+00,0.000000000000000000e+00,0.000000000000000000e+00,0.000000000000000000e+00,0.000000000000000000e+00,0.000000000000000000e+00,0.000000000000000000e+00,0.000000000000000000e+00,0.000000000000000000e+00,0.000000000000000000e+00,0.000000000000000000e+00,0.000000000000000000e+00,0.000000000000000000e+00,0.000000000000000000e+00,0.000000000000000000e+00,0.000000000000000000e+00,0.000000000000000000e+00,0.000000000000000000e+00,0.000000000000000000e+00,0.000000000000000000e+00,0.000000000000000000e+00,0.000000000000000000e+00,0.000000000000000000e+00,0.000000000000000000e+00,0.000000000000000000e+00,0.000000000000000000e+00,0.000000000000000000e+00,0.000000000000000000e+00,0.000000000000000000e+00,0.000000000000000000e+00,0.000000000000000000e+00,0.000000000000000000e+00,0.000000000000000000e+00,0.000000000000000000e+00,0.000000000000000000e+00,0.000000000000000000e+00,0.000000000000000000e+00,0.000000000000000000e+00,0.000000000000000000e+00,0.000000000000000000e+00,0.000000000000000000e+00,0.000000000000000000e+00,0.000000000000000000e+00,0.000000000000000000e+00,0.000000000000000000e+00,0.000000000000000000e+00,0.000000000000000000e+00,0.000000000000000000e+00,0.000000000000000000e+00,0.000000000000000000e+00,0.000000000000000000e+00,0.000000000000000000e+00,0.000000000000000000e+00,0.000000000000000000e+00,0.000000000000000000e+00,0.000000000000000000e+00,0.000000000000000000e+00,0.000000000000000000e+00,0.000000000000000000e+00,0.000000000000000000e+00,0.000000000000000000e+00,0.000000000000000000e+00,0.000000000000000000e+00,0.000000000000000000e+00,0.000000000000000000e+00,0.000000000000000000e+00,0.000000000000000000e+00,0.000000000000000000e+00,0.000000000000000000e+00,0.000000000000000000e+00,0.000000000000000000e+00,0.000000000000000000e+00,0.000000000000000000e+00,0.000000000000000000e+00,0.000000000000000000e+00,0.000000000000000000e+00,0.000000000000000000e+00,0.000000000000000000e+00,0.000000000000000000e+00,0.000000000000000000e+00,0.000000000000000000e+00,0.000000000000000000e+00,0.000000000000000000e+00,0.000000000000000000e+00,0.000000000000000000e+00,0.000000000000000000e+00,0.000000000000000000e+00,0.000000000000000000e+00,0.000000000000000000e+00,0.000000000000000000e+00,0.000000000000000000e+00,0.000000000000000000e+00,0.000000000000000000e+00,0.000000000000000000e+00,0.000000000000000000e+00,0.000000000000000000e+00,0.000000000000000000e+00,0.000000000000000000e+00,0.000000000000000000e+00,0.000000000000000000e+00,0.000000000000000000e+00,0.000000000000000000e+00,0.000000000000000000e+00,0.000000000000000000e+00,0.000000000000000000e+00,0.000000000000000000e+00,0.000000000000000000e+00,0.000000000000000000e+00,0.000000000000000000e+00,0.000000000000000000e+00,0.000000000000000000e+00,0.000000000000000000e+00,0.000000000000000000e+00,0.000000000000000000e+00,0.000000000000000000e+00,0.000000000000000000e+00,0.000000000000000000e+00,0.000000000000000000e+00,0.000000000000000000e+00,0.000000000000000000e+00,0.000000000000000000e+00,0.000000000000000000e+00,0.000000000000000000e+00,0.000000000000000000e+00,0.000000000000000000e+00,0.000000000000000000e+00,0.000000000000000000e+00,0.000000000000000000e+00,0.000000000000000000e+00,0.000000000000000000e+00,0.000000000000000000e+00,0.000000000000000000e+00,0.000000000000000000e+00,0.000000000000000000e+00,0.000000000000000000e+00,0.000000000000000000e+00,0.000000000000000000e+00,0.000000000000000000e+00,0.000000000000000000e+00,0.000000000000000000e+00,0.000000000000000000e+00,0.000000000000000000e+00,0.000000000000000000e+00,0.000000000000000000e+00,0.000000000000000000e+00,0.000000000000000000e+00,0.000000000000000000e+00,0.000000000000000000e+00,0.000000000000000000e+00,0.000000000000000000e+00,0.000000000000000000e+00,0.000000000000000000e+00,0.000000000000000000e+00,0.000000000000000000e+00,0.000000000000000000e+00,0.000000000000000000e+00,0.000000000000000000e+00,0.000000000000000000e+00,0.000000000000000000e+00,0.000000000000000000e+00,0.000000000000000000e+00,0.000000000000000000e+00,0.000000000000000000e+00,0.000000000000000000e+00,0.000000000000000000e+00,0.000000000000000000e+00,0.000000000000000000e+00,0.000000000000000000e+00,0.000000000000000000e+00,0.000000000000000000e+00,0.000000000000000000e+00,0.000000000000000000e+00,0.000000000000000000e+00,0.000000000000000000e+00,0.000000000000000000e+00,0.000000000000000000e+00,0.000000000000000000e+00,0.000000000000000000e+00,0.000000000000000000e+00,0.000000000000000000e+00,0.000000000000000000e+00,0.000000000000000000e+00,0.000000000000000000e+00,0.000000000000000000e+00,0.000000000000000000e+00,0.000000000000000000e+00,0.000000000000000000e+00,0.000000000000000000e+00,0.000000000000000000e+00,0.000000000000000000e+00,0.000000000000000000e+00,0.000000000000000000e+00,0.000000000000000000e+00,0.000000000000000000e+00,0.000000000000000000e+00,0.000000000000000000e+00,0.000000000000000000e+00,0.000000000000000000e+00,0.000000000000000000e+00,0.000000000000000000e+00,0.000000000000000000e+00,0.000000000000000000e+00,0.000000000000000000e+00,0.000000000000000000e+00,0.000000000000000000e+00,0.000000000000000000e+00,0.000000000000000000e+00,0.000000000000000000e+00,0.000000000000000000e+00,0.000000000000000000e+00,0.000000000000000000e+00,0.000000000000000000e+00,0.000000000000000000e+00,0.000000000000000000e+00,0.000000000000000000e+00,0.000000000000000000e+00,0.000000000000000000e+00,0.000000000000000000e+00,0.000000000000000000e+00,0.000000000000000000e+00,0.000000000000000000e+00,0.000000000000000000e+00,-0.000000000000000000e+00,0.000000000000000000e+00,0.000000000000000000e+00,0.000000000000000000e+00,0.000000000000000000e+00,0.000000000000000000e+00,0.000000000000000000e+00,0.000000000000000000e+00,0.000000000000000000e+00,0.000000000000000000e+00,0.000000000000000000e+00,0.000000000000000000e+00,0.000000000000000000e+00,0.000000000000000000e+00,0.000000000000000000e+00,0.000000000000000000e+00,0.000000000000000000e+00,0.000000000000000000e+00,0.000000000000000000e+00,0.000000000000000000e+00,0.000000000000000000e+00,0.000000000000000000e+00,0.000000000000000000e+00,0.000000000000000000e+00,0.000000000000000000e+00,0.000000000000000000e+00,0.000000000000000000e+00,0.000000000000000000e+00,0.000000000000000000e+00,0.000000000000000000e+00,0.000000000000000000e+00,0.000000000000000000e+00,0.000000000000000000e+00,0.000000000000000000e+00,0.000000000000000000e+00,0.000000000000000000e+00,0.000000000000000000e+00,0.000000000000000000e+00,0.000000000000000000e+00,0.000000000000000000e+00,0.000000000000000000e+00,0.000000000000000000e+00,0.000000000000000000e+00,0.000000000000000000e+00,0.000000000000000000e+00,0.000000000000000000e+00,0.000000000000000000e+00,-0.000000000000000000e+00,0.000000000000000000e+00,0.000000000000000000e+00,0.000000000000000000e+00,0.000000000000000000e+00,0.000000000000000000e+00,0.000000000000000000e+00,0.000000000000000000e+00,0.000000000000000000e+00,0.000000000000000000e+00,0.000000000000000000e+00,0.000000000000000000e+00,-0.000000000000000000e+00,-0.000000000000000000e+00,0.000000000000000000e+00,-0.000000000000000000e+00,-0.000000000000000000e+00,-0.000000000000000000e+00,0.000000000000000000e+00,-0.000000000000000000e+00,-0.000000000000000000e+00,0.000000000000000000e+00,-0.000000000000000000e+00,0.000000000000000000e+00,0.000000000000000000e+00,0.000000000000000000e+00,0.000000000000000000e+00,0.000000000000000000e+00,0.000000000000000000e+00,0.000000000000000000e+00,0.000000000000000000e+00,0.000000000000000000e+00,-0.000000000000000000e+00,0.000000000000000000e+00,0.000000000000000000e+00,0.000000000000000000e+00,0.000000000000000000e+00,0.000000000000000000e+00,0.000000000000000000e+00,0.000000000000000000e+00,0.000000000000000000e+00,0.000000000000000000e+00,0.000000000000000000e+00,0.000000000000000000e+00,0.000000000000000000e+00,0.000000000000000000e+00,0.000000000000000000e+00,0.000000000000000000e+00,0.000000000000000000e+00,0.000000000000000000e+00,0.000000000000000000e+00,0.000000000000000000e+00,0.000000000000000000e+00,0.000000000000000000e+00,0.000000000000000000e+00,0.000000000000000000e+00,0.000000000000000000e+00,0.000000000000000000e+00,0.000000000000000000e+00,0.000000000000000000e+00,0.000000000000000000e+00,0.000000000000000000e+00,0.000000000000000000e+00,0.000000000000000000e+00,0.000000000000000000e+00,0.000000000000000000e+00,0.000000000000000000e+00,0.000000000000000000e+00,0.000000000000000000e+00,0.000000000000000000e+00,0.000000000000000000e+00,-0.000000000000000000e+00,0.000000000000000000e+00,0.000000000000000000e+00,0.000000000000000000e+00,0.000000000000000000e+00,0.000000000000000000e+00,0.000000000000000000e+00,0.000000000000000000e+00,0.000000000000000000e+00,0.000000000000000000e+00,0.000000000000000000e+00,0.000000000000000000e+00,0.000000000000000000e+00,0.000000000000000000e+00,0.000000000000000000e+00,0.000000000000000000e+00,0.000000000000000000e+00,0.000000000000000000e+00,0.000000000000000000e+00,0.000000000000000000e+00,0.000000000000000000e+00,0.000000000000000000e+00,0.000000000000000000e+00,0.000000000000000000e+00,0.000000000000000000e+00,0.000000000000000000e+00,0.000000000000000000e+00,0.000000000000000000e+00,0.000000000000000000e+00,0.000000000000000000e+00,0.000000000000000000e+00,0.000000000000000000e+00,0.000000000000000000e+00,0.000000000000000000e+00,0.000000000000000000e+00,0.000000000000000000e+00,0.000000000000000000e+00,0.000000000000000000e+00,0.000000000000000000e+00,0.000000000000000000e+00,0.000000000000000000e+00,0.000000000000000000e+00,0.000000000000000000e+00,0.000000000000000000e+00,0.000000000000000000e+00,0.000000000000000000e+00,-0.000000000000000000e+00,0.000000000000000000e+00,0.000000000000000000e+00,0.000000000000000000e+00,-0.000000000000000000e+00,0.000000000000000000e+00,0.000000000000000000e+00,0.000000000000000000e+00,0.000000000000000000e+00,0.000000000000000000e+00,0.000000000000000000e+00,0.000000000000000000e+00,0.000000000000000000e+00,-0.000000000000000000e+00,-0.000000000000000000e+00,0.000000000000000000e+00,0.000000000000000000e+00,0.000000000000000000e+00,0.000000000000000000e+00,0.000000000000000000e+00,0.000000000000000000e+00,0.000000000000000000e+00,0.000000000000000000e+00,-0.000000000000000000e+00,0.000000000000000000e+00,0.000000000000000000e+00,-0.000000000000000000e+00,0.000000000000000000e+00,0.000000000000000000e+00,0.000000000000000000e+00,0.000000000000000000e+00,0.000000000000000000e+00,0.000000000000000000e+00,0.000000000000000000e+00,0.000000000000000000e+00,0.000000000000000000e+00,-0.000000000000000000e+00,0.000000000000000000e+00,0.000000000000000000e+00,0.000000000000000000e+00,0.000000000000000000e+00,0.000000000000000000e+00,0.000000000000000000e+00,0.000000000000000000e+00,0.000000000000000000e+00,0.000000000000000000e+00,0.000000000000000000e+00,0.000000000000000000e+00,0.000000000000000000e+00,-0.000000000000000000e+00,0.000000000000000000e+00,0.000000000000000000e+00,0.000000000000000000e+00,0.000000000000000000e+00,0.000000000000000000e+00,0.000000000000000000e+00,0.000000000000000000e+00,0.000000000000000000e+00,0.000000000000000000e+00,0.000000000000000000e+00,-0.000000000000000000e+00,0.000000000000000000e+00,0.000000000000000000e+00,0.000000000000000000e+00,0.000000000000000000e+00,0.000000000000000000e+00,0.000000000000000000e+00,0.000000000000000000e+00,0.000000000000000000e+00,0.000000000000000000e+00,0.000000000000000000e+00,-0.000000000000000000e+00,0.000000000000000000e+00,0.000000000000000000e+00,0.000000000000000000e+00,-0.000000000000000000e+00,0.000000000000000000e+00,0.000000000000000000e+00,-0.000000000000000000e+00,0.000000000000000000e+00,0.000000000000000000e+00,0.000000000000000000e+00,0.000000000000000000e+00,0.000000000000000000e+00,0.000000000000000000e+00,0.000000000000000000e+00,0.000000000000000000e+00,0.000000000000000000e+00,0.000000000000000000e+00,-0.000000000000000000e+00,0.000000000000000000e+00,-0.000000000000000000e+00,0.000000000000000000e+00,0.000000000000000000e+00,0.000000000000000000e+00,0.000000000000000000e+00,0.000000000000000000e+00,0.000000000000000000e+00,0.000000000000000000e+00,0.000000000000000000e+00,0.000000000000000000e+00,0.000000000000000000e+00,0.000000000000000000e+00,0.000000000000000000e+00,0.000000000000000000e+00,0.000000000000000000e+00,0.000000000000000000e+00,0.000000000000000000e+00,0.000000000000000000e+00,0.000000000000000000e+00,0.000000000000000000e+00,0.000000000000000000e+00,0.000000000000000000e+00,0.000000000000000000e+00,0.000000000000000000e+00,0.000000000000000000e+00,0.000000000000000000e+00,0.000000000000000000e+00,0.000000000000000000e+00,0.000000000000000000e+00,0.000000000000000000e+00,0.000000000000000000e+00,-0.000000000000000000e+00,-0.000000000000000000e+00,0.000000000000000000e+00,0.000000000000000000e+00,0.000000000000000000e+00,0.000000000000000000e+00,0.000000000000000000e+00,0.000000000000000000e+00,0.000000000000000000e+00,0.000000000000000000e+00,-0.000000000000000000e+00,-0.000000000000000000e+00,0.000000000000000000e+00,0.000000000000000000e+00,0.000000000000000000e+00,-0.000000000000000000e+00,0.000000000000000000e+00,0.000000000000000000e+00,0.000000000000000000e+00,-0.000000000000000000e+00,0.000000000000000000e+00,0.000000000000000000e+00,0.000000000000000000e+00,0.000000000000000000e+00,-0.000000000000000000e+00,0.000000000000000000e+00,0.000000000000000000e+00,0.000000000000000000e+00,0.000000000000000000e+00,0.000000000000000000e+00,-0.000000000000000000e+00,0.000000000000000000e+00,-0.000000000000000000e+00,0.000000000000000000e+00,0.000000000000000000e+00,0.000000000000000000e+00,-0.000000000000000000e+00,0.000000000000000000e+00,0.000000000000000000e+00,0.000000000000000000e+00,0.000000000000000000e+00,0.000000000000000000e+00,0.000000000000000000e+00,0.000000000000000000e+00,0.000000000000000000e+00,0.000000000000000000e+00,-0.000000000000000000e+00,0.000000000000000000e+00,0.000000000000000000e+00,0.000000000000000000e+00,0.000000000000000000e+00,0.000000000000000000e+00,0.000000000000000000e+00,0.000000000000000000e+00,0.000000000000000000e+00,-0.000000000000000000e+00,-0.000000000000000000e+00,0.000000000000000000e+00,0.000000000000000000e+00,0.000000000000000000e+00,0.000000000000000000e+00,0.000000000000000000e+00,0.000000000000000000e+00,0.000000000000000000e+00,0.000000000000000000e+00,0.000000000000000000e+00,0.000000000000000000e+00,-0.000000000000000000e+00,0.000000000000000000e+00,0.000000000000000000e+00,0.000000000000000000e+00,0.000000000000000000e+00,0.000000000000000000e+00,0.000000000000000000e+00,-0.000000000000000000e+00,0.000000000000000000e+00,0.000000000000000000e+00,0.000000000000000000e+00,0.000000000000000000e+00,0.000000000000000000e+00,0.000000000000000000e+00,0.000000000000000000e+00,0.000000000000000000e+00,0.000000000000000000e+00,0.000000000000000000e+00,0.000000000000000000e+00,-0.000000000000000000e+00,0.000000000000000000e+00,0.000000000000000000e+00,0.000000000000000000e+00,0.000000000000000000e+00,0.000000000000000000e+00,0.000000000000000000e+00,0.000000000000000000e+00,0.000000000000000000e+00,0.000000000000000000e+00,0.000000000000000000e+00,0.000000000000000000e+00,0.000000000000000000e+00,0.000000000000000000e+00,0.000000000000000000e+00,0.000000000000000000e+00,0.000000000000000000e+00,-0.000000000000000000e+00,-0.000000000000000000e+00,0.000000000000000000e+00,0.000000000000000000e+00,0.000000000000000000e+00,0.000000000000000000e+00,0.000000000000000000e+00,0.000000000000000000e+00,0.000000000000000000e+00,0.000000000000000000e+00,0.000000000000000000e+00,0.000000000000000000e+00,0.000000000000000000e+00,0.000000000000000000e+00,-0.000000000000000000e+00,0.000000000000000000e+00,0.000000000000000000e+00,0.000000000000000000e+00,0.000000000000000000e+00,-0.000000000000000000e+00,0.000000000000000000e+00,0.000000000000000000e+00,0.000000000000000000e+00,0.000000000000000000e+00,0.000000000000000000e+00,0.000000000000000000e+00,0.000000000000000000e+00,0.000000000000000000e+00,0.000000000000000000e+00,0.000000000000000000e+00,0.000000000000000000e+00,0.000000000000000000e+00,0.000000000000000000e+00,0.000000000000000000e+00,0.000000000000000000e+00,0.000000000000000000e+00,0.000000000000000000e+00,0.000000000000000000e+00,0.000000000000000000e+00,0.000000000000000000e+00,0.000000000000000000e+00,0.000000000000000000e+00,0.000000000000000000e+00,-0.000000000000000000e+00,0.000000000000000000e+00,0.000000000000000000e+00,0.000000000000000000e+00,0.000000000000000000e+00,0.000000000000000000e+00,0.000000000000000000e+00,0.000000000000000000e+00,-0.000000000000000000e+00,0.000000000000000000e+00,-0.000000000000000000e+00,0.000000000000000000e+00,0.000000000000000000e+00,0.000000000000000000e+00,0.000000000000000000e+00,0.000000000000000000e+00,0.000000000000000000e+00,0.000000000000000000e+00,0.000000000000000000e+00,0.000000000000000000e+00
Z_Loc,8.128999999999999559e-01,8.128999999999999559e-01,8.182000000000000384e-01,8.182000000000000384e-01,8.238999999999999657e-01,8.238999999999999657e-01,8.298999999999999710e-01,8.298999999999999710e-01,8.363000000000000433e-01,8.363000000000000433e-01,8.430999999999999606e-01,8.430999999999999606e-01,8.501999999999999558e-01,8.501999999999999558e-01,8.572999999999999510e-01,8.572999999999999510e-01,8.643999999999999462e-01,8.643999999999999462e-01,8.713999999999999524e-01,8.713999999999999524e-01,8.780999999999999917e-01,8.780999999999999917e-01,8.840999999999999970e-01,8.840999999999999970e-01,8.899000000000000243e-01,8.899000000000000243e-01,8.951000000000000068e-01,8.951000000000000068e-01,8.994999999999999662e-01,8.994999999999999662e-01,9.031000000000000139e-01,9.031000000000000139e-01,9.062000000000000055e-01,9.062000000000000055e-01,9.095999999999999641e-01,9.095999999999999641e-01,9.127999999999999448e-01,9.127999999999999448e-01,9.155999999999999694e-01,9.155999999999999694e-01,9.177999999999999492e-01,9.177999999999999492e-01,9.193999999999999950e-01,9.193999999999999950e-01,9.204999999999999849e-01,9.204999999999999849e-01,9.204999999999999849e-01,9.213000000000000078e-01,9.213000000000000078e-01,9.215999999999999748e-01,9.215999999999999748e-01,9.213000000000000078e-01,9.213000000000000078e-01,9.207999999999999519e-01,9.207999999999999519e-01,9.194999999999999840e-01,9.194999999999999840e-01,9.176999999999999602e-01,9.176999999999999602e-01,9.154999999999999805e-01,9.154999999999999805e-01,9.122000000000000108e-01,9.122000000000000108e-01,9.088000000000000522e-01,9.088000000000000522e-01,9.050000000000000266e-01,9.050000000000000266e-01,9.019000000000000350e-01,9.019000000000000350e-01,9.006999999999999451e-01,9.006999999999999451e-01,8.128999999999999559e-01,8.128999999999999559e-01,8.182000000000000384e-01,8.182000000000000384e-01,8.238999999999999657e-01,8.238999999999999657e-01,8.298999999999999710e-01,8.298999999999999710e-01,8.363000000000000433e-01,8.363000000000000433e-01,8.430999999999999606e-01,8.430999999999999606e-01,8.501999999999999558e-01,8.501999999999999558e-01,8.572999999999999510e-01,8.572999999999999510e-01,8.643999999999999462e-01,8.643999999999999462e-01,8.713999999999999524e-01,8.713999999999999524e-01,8.780999999999999917e-01,8.780999999999999917e-01,8.840999999999999970e-01,8.840999999999999970e-01,8.899000000000000243e-01,8.899000000000000243e-01,8.951000000000000068e-01,8.951000000000000068e-01,8.994999999999999662e-01,8.994999999999999662e-01,9.031000000000000139e-01,9.031000000000000139e-01,9.062000000000000055e-01,9.062000000000000055e-01,9.095999999999999641e-01,9.095999999999999641e-01,9.127999999999999448e-01,9.127999999999999448e-01,9.155999999999999694e-01,9.155999999999999694e-01,9.177999999999999492e-01,9.177999999999999492e-01,9.193999999999999950e-01,9.193999999999999950e-01,9.204999999999999849e-01,9.204999999999999849e-01,9.204999999999999849e-01,9.213000000000000078e-01,9.213000000000000078e-01,9.215999999999999748e-01,9.215999999999999748e-01,9.213000000000000078e-01,9.213000000000000078e-01,9.207999999999999519e-01,9.207999999999999519e-01,9.194999999999999840e-01,9.176999999999999602e-01,9.194999999999999840e-01,9.154999999999999805e-01,9.176999999999999602e-01,9.122000000000000108e-01,9.154999999999999805e-01,9.088000000000000522e-01,9.122000000000000108e-01,9.050000000000000266e-01,9.088000000000000522e-01,9.019000000000000350e-01,9.050000000000000266e-01,9.006999999999999451e-01,9.019000000000000350e-01,9.006999999999999451e-01,8.000000000000000444e-01,8.000000000000000444e-01,8.000000000000000444e-01,8.000000000000000444e-01,8.000000000000000444e-01,8.000000000000000444e-01,8.000000000000000444e-01,8.000000000000000444e-01,8.000000000000000444e-01,8.000000000000000444e-01,8.000000000000000444e-01,8.000000000000000444e-01,8.000000000000000444e-01,8.000000000000000444e-01,8.000000000000000444e-01,8.000000000000000444e-01,8.000000000000000444e-01,8.000000000000000444e-01,8.000000000000000444e-01,8.000000000000000444e-01,8.000000000000000444e-01,8.000000000000000444e-01,8.000000000000000444e-01,8.000000000000000444e-01,8.000000000000000444e-01,8.000000000000000444e-01,8.000000000000000444e-01,8.000000000000000444e-01,8.000000000000000444e-01,8.000000000000000444e-01,8.000000000000000444e-01,8.000000000000000444e-01,8.000000000000000444e-01,8.000000000000000444e-01,8.000000000000000444e-01,8.000000000000000444e-01,8.000000000000000444e-01,8.000000000000000444e-01,8.000000000000000444e-01,8.000000000000000444e-01,8.000000000000000444e-01,8.000000000000000444e-01,8.000000000000000444e-01,8.000000000000000444e-01,8.000000000000000444e-01,8.000000000000000444e-01,8.000000000000000444e-01,8.000000000000000444e-01,8.000000000000000444e-01,8.000000000000000444e-01,8.000000000000000444e-01,8.000000000000000444e-01,8.000000000000000444e-01,8.000000000000000444e-01,8.000000000000000444e-01,8.000000000000000444e-01,8.000000000000000444e-01,8.000000000000000444e-01,8.000000000000000444e-01,8.000000000000000444e-01,8.000000000000000444e-01,8.000000000000000444e-01,8.000000000000000444e-01,8.000000000000000444e-01,8.000000000000000444e-01,8.000000000000000444e-01,8.000000000000000444e-01,8.000000000000000444e-01,8.000000000000000444e-01,8.000000000000000444e-01,8.000000000000000444e-01,8.000000000000000444e-01,8.000000000000000444e-01,8.000000000000000444e-01,8.000000000000000444e-01,8.000000000000000444e-01,8.000000000000000444e-01,8.000000000000000444e-01,8.000000000000000444e-01,8.000000000000000444e-01,8.000000000000000444e-01,8.000000000000000444e-01,8.000000000000000444e-01,8.000000000000000444e-01,8.000000000000000444e-01,8.000000000000000444e-01,8.000000000000000444e-01,8.000000000000000444e-01,8.000000000000000444e-01,8.000000000000000444e-01,8.000000000000000444e-01,8.000000000000000444e-01,8.000000000000000444e-01,8.000000000000000444e-01,8.000000000000000444e-01,8.000000000000000444e-01,8.000000000000000444e-01,8.000000000000000444e-01,8.000000000000000444e-01,8.000000000000000444e-01,8.000000000000000444e-01,8.000000000000000444e-01,8.000000000000000444e-01,8.000000000000000444e-01,8.000000000000000444e-01,8.000000000000000444e-01,8.000000000000000444e-01,8.000000000000000444e-01,8.000000000000000444e-01,8.000000000000000444e-01,8.000000000000000444e-01,8.000000000000000444e-01,8.000000000000000444e-01,8.000000000000000444e-01,8.000000000000000444e-01,8.000000000000000444e-01,8.000000000000000444e-01,8.000000000000000444e-01,8.000000000000000444e-01,8.000000000000000444e-01,8.000000000000000444e-01,8.000000000000000444e-01,8.000000000000000444e-01,8.000000000000000444e-01,8.000000000000000444e-01,8.000000000000000444e-01,8.000000000000000444e-01,8.000000000000000444e-01,8.000000000000000444e-01,8.000000000000000444e-01,8.000000000000000444e-01,8.000000000000000444e-01,8.000000000000000444e-01,8.000000000000000444e-01,8.000000000000000444e-01,8.000000000000000444e-01,8.000000000000000444e-01,8.000000000000000444e-01,8.000000000000000444e-01,8.000000000000000444e-01,8.000000000000000444e-01,8.000000000000000444e-01,8.000000000000000444e-01,8.000000000000000444e-01,8.000000000000000444e-01,8.000000000000000444e-01,8.000000000000000444e-01,8.000000000000000444e-01,8.000000000000000444e-01,8.000000000000000444e-01,8.000000000000000444e-01,8.000000000000000444e-01,8.000000000000000444e-01,8.000000000000000444e-01,8.000000000000000444e-01,8.000000000000000444e-01,8.000000000000000444e-01,8.000000000000000444e-01,8.000000000000000444e-01,8.000000000000000444e-01,8.000000000000000444e-01,8.000000000000000444e-01,8.000000000000000444e-01,8.000000000000000444e-01,8.000000000000000444e-01,8.000000000000000444e-01,8.000000000000000444e-01,8.000000000000000444e-01,8.000000000000000444e-01,8.000000000000000444e-01,8.000000000000000444e-01,8.000000000000000444e-01,8.000000000000000444e-01,8.000000000000000444e-01,8.000000000000000444e-01,8.000000000000000444e-01,8.000000000000000444e-01,8.000000000000000444e-01,8.000000000000000444e-01,8.000000000000000444e-01,8.000000000000000444e-01,8.000000000000000444e-01,8.000000000000000444e-01,8.000000000000000444e-01,8.000000000000000444e-01,8.000000000000000444e-01,8.000000000000000444e-01,8.000000000000000444e-01,8.000000000000000444e-01,8.000000000000000444e-01,8.000000000000000444e-01,8.000000000000000444e-01,8.000000000000000444e-01,8.000000000000000444e-01,8.000000000000000444e-01,8.000000000000000444e-01,8.000000000000000444e-01,8.000000000000000444e-01,8.000000000000000444e-01,8.000000000000000444e-01,8.000000000000000444e-01,8.000000000000000444e-01,8.000000000000000444e-01,8.000000000000000444e-01,8.000000000000000444e-01,8.000000000000000444e-01,8.000000000000000444e-01,8.000000000000000444e-01,8.000000000000000444e-01,8.000000000000000444e-01,8.000000000000000444e-01,8.000000000000000444e-01,8.000000000000000444e-01,8.000000000000000444e-01,8.000000000000000444e-01,8.000000000000000444e-01,8.000000000000000444e-01,8.000000000000000444e-01,8.000000000000000444e-01,8.000000000000000444e-01,8.000000000000000444e-01,8.000000000000000444e-01,8.000000000000000444e-01,8.000000000000000444e-01,8.000000000000000444e-01,8.000000000000000444e-01,8.000000000000000444e-01,8.000000000000000444e-01,8.000000000000000444e-01,8.000000000000000444e-01,8.000000000000000444e-01,8.000000000000000444e-01,8.000000000000000444e-01,8.000000000000000444e-01,8.000000000000000444e-01,8.000000000000000444e-01,8.000000000000000444e-01,8.000000000000000444e-01,8.000000000000000444e-01,8.000000000000000444e-01,8.000000000000000444e-01,8.000000000000000444e-01,8.000000000000000444e-01,8.000000000000000444e-01,8.000000000000000444e-01,8.000000000000000444e-01,8.000000000000000444e-01,8.000000000000000444e-01,8.000000000000000444e-01,8.000000000000000444e-01,8.000000000000000444e-01,8.000000000000000444e-01,8.000000000000000444e-01,8.000000000000000444e-01,8.000000000000000444e-01,8.000000000000000444e-01,8.000000000000000444e-01,8.000000000000000444e-01,8.000000000000000444e-01,8.981999999999999984e-01,8.000000000000000444e-01,8.000000000000000444e-01,8.000000000000000444e-01,8.000000000000000444e-01,8.000000000000000444e-01,8.000000000000000444e-01,8.000000000000000444e-01,8.000000000000000444e-01,8.000000000000000444e-01,8.000000000000000444e-01,8.000000000000000444e-01,8.000000000000000444e-01,8.000000000000000444e-01,8.000000000000000444e-01,8.981999999999999984e-01,8.000000000000000444e-01,8.000000000000000444e-01,8.000000000000000444e-01,8.000000000000000444e-01,8.000000000000000444e-01,8.000000000000000444e-01,8.000000000000000444e-01,8.000000000000000444e-01,8.000000000000000444e-01,8.000000000000000444e-01,8.000000000000000444e-01,8.000000000000000444e-01,8.000000000000000444e-01,8.000000000000000444e-01,8.000000000000000444e-01,8.000000000000000444e-01,8.000000000000000444e-01,8.000000000000000444e-01,8.000000000000000444e-01,8.000000000000000444e-01,8.000000000000000444e-01,8.000000000000000444e-01,8.000000000000000444e-01,8.000000000000000444e-01,8.000000000000000444e-01,8.000000000000000444e-01,8.000000000000000444e-01,8.000000000000000444e-01,8.000000000000000444e-01,8.000000000000000444e-01,8.981999999999999984e-01,8.981999999999999984e-01,8.000000000000000444e-01,8.000000000000000444e-01,8.981999999999999984e-01,8.000000000000000444e-01,8.000000000000000444e-01,8.000000000000000444e-01,8.000000000000000444e-01,8.000000000000000444e-01,8.000000000000000444e-01,8.000000000000000444e-01,8.000000000000000444e-01,8.000000000000000444e-01,8.959000000000000297e-01,8.981999999999999984e-01,9.963999999999999524e-01,9.019000000000000350e-01,9.963999999999999524e-01,9.892999999999999572e-01,9.963999999999999524e-01,9.963999999999999524e-01,8.981999999999999984e-01,9.963999999999999524e-01,9.918000000000000149e-01,9.963999999999999524e-01,1.094600000000000017e+00,1.004000000000000004e+00,1.094600000000000017e+00,1.083800000000000097e+00,9.963999999999999524e-01,9.963999999999999524e-01,1.094600000000000017e+00,1.087599999999999900e+00,1.094600000000000017e+00,1.192900000000000071e+00,1.106200000000000072e+00,1.192900000000000071e+00,1.179000000000000048e+00,1.133899999999999908e+00,1.192900000000000071e+00,1.183200000000000029e+00,1.192900000000000071e+00,1.291099999999999914e+00,1.208499999999999908e+00,1.291099999999999914e+00,1.274100000000000010e+00,1.266499999999999959e+00,1.291099999999999914e+00,1.278799999999999937e+00,1.291099999999999914e+00,1.389299999999999979e+00,1.311099999999999932e+00,1.389299999999999979e+00,1.368100000000000094e+00,1.364700000000000024e+00,1.389299999999999979e+00,1.389299999999999979e+00,1.389299999999999979e+00,1.389299999999999979e+00,1.389299999999999979e+00,1.374300000000000077e+00,1.389299999999999979e+00,1.487500000000000044e+00,1.413799999999999946e+00,1.487500000000000044e+00,1.463200000000000056e+00,1.487500000000000044e+00,1.487500000000000044e+00,1.487500000000000044e+00,1.487500000000000044e+00,1.487500000000000044e+00,1.487500000000000044e+00,1.389299999999999979e+00,1.487500000000000044e+00,1.469700000000000006e+00,1.487500000000000044e+00,1.585700000000000109e+00,1.516699999999999937e+00,1.585700000000000109e+00,1.557199999999999918e+00,1.487500000000000044e+00,1.487500000000000044e+00,1.585700000000000109e+00,1.536599999999999966e+00,1.487500000000000044e+00,1.585700000000000109e+00,1.487500000000000044e+00,1.585700000000000109e+00,1.564999999999999947e+00,1.585700000000000109e+00,1.683899999999999952e+00,1.619799999999999907e+00,1.683899999999999952e+00,1.651499999999999968e+00,1.683899999999999952e+00,1.683899999999999952e+00,1.683899999999999952e+00,1.610300000000000065e+00,1.683899999999999952e+00,1.625000000000000000e+00,1.683899999999999952e+00,1.659999999999999920e+00,1.683899999999999952e+00,1.782100000000000017e+00,1.723200000000000065e+00,1.782100000000000017e+00,1.745300000000000074e+00,1.782100000000000017e+00,1.782100000000000017e+00,1.683899999999999952e+00,1.782100000000000017e+00,1.757600000000000051e+00,1.782100000000000017e+00,1.755200000000000093e+00,1.782100000000000017e+00,1.880400000000000071e+00,1.826799999999999979e+00,1.880400000000000071e+00,1.839199999999999946e+00,1.782100000000000017e+00,1.782100000000000017e+00,1.864000000000000101e+00,1.880400000000000071e+00,1.849900000000000100e+00,1.880400000000000071e+00,1.978599999999999914e+00,1.930600000000000094e+00,1.978599999999999914e+00,1.932199999999999918e+00,1.978599999999999914e+00,1.978599999999999914e+00,1.978599999999999914e+00,1.978599999999999914e+00,1.944700000000000095e+00,1.978599999999999914e+00,2.076799999999999979e+00,2.034800000000000164e+00,2.076799999999999979e+00,2.025999999999999801e+00,1.978599999999999914e+00,1.978599999999999914e+00,2.076799999999999979e+00,2.039299999999999891e+00,2.076799999999999979e+00,2.174999999999999822e+00,2.139200000000000212e+00,2.174999999999999822e+00,2.119000000000000217e+00,2.109500000000000153e+00,2.174999999999999822e+00,2.167400000000000215e+00,2.142300000000000093e+00,2.174999999999999822e+00,2.174999999999999822e+00,2.155400000000000205e+00,2.142300000000000093e+00,2.174999999999999822e+00,2.174999999999999822e+00,2.133700000000000152e+00,2.174999999999999822e+00,2.273200000000000109e+00,2.243900000000000006e+00,2.273200000000000109e+00,2.212699999999999889e+00,2.214300000000000157e+00,2.273200000000000109e+00,2.240499999999999936e+00,2.273200000000000109e+00,2.207699999999999996e+00,2.199600000000000222e+00,2.178100000000000147e+00,2.273200000000000109e+00,2.228000000000000203e+00,2.273200000000000109e+00,2.371399999999999952e+00,2.349000000000000199e+00,2.371399999999999952e+00,2.304399999999999782e+00,2.332100000000000062e+00,2.371399999999999952e+00,2.318499999999999783e+00,2.371399999999999952e+00,2.282700000000000173e+00,2.371399999999999952e+00,2.322099999999999831e+00,2.371399999999999952e+00,2.469599999999999795e+00,2.454400000000000137e+00,2.469599999999999795e+00,2.396900000000000031e+00,2.453300000000000036e+00,2.469599999999999795e+00,2.404199999999999893e+00,2.469599999999999795e+00,2.387799999999999923e+00,2.469599999999999795e+00,2.415799999999999947e+00,2.469599999999999795e+00,2.567899999999999849e+00,2.560299999999999798e+00,2.567899999999999849e+00,2.489300000000000068e+00,2.518699999999999939e+00,2.486000000000000210e+00,2.495800000000000018e+00,2.567899999999999849e+00,2.509700000000000042e+00,2.567899999999999849e+00,2.661300000000000221e+00,2.666100000000000136e+00,2.666100000000000136e+00,2.580600000000000005e+00,2.602899999999999991e+00,2.666100000000000136e+00,2.602899999999999991e+00,2.666100000000000136e+00,2.764299999999999979e+00,2.666500000000000092e+00,2.764299999999999979e+00,2.764299999999999979e+00,2.764299999999999979e+00,2.764299999999999979e+00,2.672600000000000087e+00,2.709700000000000220e+00,2.764299999999999979e+00,2.696400000000000130e+00,2.764299999999999979e+00,2.862499999999999822e+00,2.773600000000000065e+00,2.862499999999999822e+00,2.855500000000000149e+00,2.764299999999999979e+00,2.764299999999999979e+00,2.819300000000000139e+00,2.862499999999999822e+00,2.789000000000000146e+00,2.862499999999999822e+00,2.960700000000000109e+00,2.881299999999999972e+00,2.960700000000000109e+00,2.946299999999999919e+00,2.925399999999999778e+00,2.960700000000000109e+00,2.881699999999999928e+00,2.960700000000000109e+00,3.058899999999999952e+00,2.989500000000000046e+00,3.058899999999999952e+00,3.036500000000000199e+00,3.038499999999999979e+00,3.058899999999999952e+00,2.973599999999999799e+00,3.058899999999999952e+00,3.157099999999999795e+00,3.098599999999999799e+00,3.157099999999999795e+00,3.126900000000000013e+00,3.146700000000000053e+00,3.157099999999999795e+00,3.117900000000000116e+00,3.140800000000000036e+00,3.157099999999999795e+00,3.157099999999999795e+00,3.150100000000000122e+00,3.156200000000000117e+00,3.157099999999999795e+00,3.065999999999999837e+00,3.255399999999999849e+00,3.208299999999999930e+00,3.255399999999999849e+00,3.216200000000000170e+00,3.255399999999999849e+00,3.255399999999999849e+00,3.255399999999999849e+00,3.194900000000000073e+00,3.255399999999999849e+00,3.161900000000000155e+00,3.255399999999999849e+00,3.244000000000000217e+00,3.255399999999999849e+00,3.353600000000000136e+00,3.318599999999999994e+00,3.353600000000000136e+00,3.306299999999999795e+00,3.255399999999999849e+00,3.255399999999999849e+00,3.274999999999999911e+00,3.353600000000000136e+00,3.330499999999999794e+00,3.353600000000000136e+00,3.451799999999999979e+00,3.430499999999999883e+00,3.451799999999999979e+00,3.394899999999999807e+00,3.389800000000000146e+00,3.451799999999999979e+00,3.416100000000000136e+00,3.451799999999999979e+00,3.543000000000000149e+00,3.482699999999999907e+00,3.505599999999999827e+00,3.500599999999999934e+00
