Results_Name,VSPAERO_History
Results_Timestamp,1787380024
Results_Date,8,22,2026
Results_Time,11,57,4
Alpha,0.000000000000000000e+00,0.000000000000000000e+00,0.000000000000000000e+00,0.000000000000000000e+00,0.000000000000000000e+00,0.000000000000000000e+00,0.000000000000000000e+00,0.000000000000000000e+00,0.000000000000000000e+00,0.000000000000000000e+00,0.000000000000000000e+00,0.000000000000000000e+00,0.000000000000000000e+00,0.000000000000000000e+00,0.000000000000000000e+00,0.000000000000000000e+00,0.000000000000000000e+00,0.000000000000000000e+00,0.000000000000000000e+00,0.000000000000000000e+00
Beta,0.000000000000000000e+00,0.000000000000000000e+00,0.000000000000000000e+00,0.000000000000000000e+00,0.000000000000000000e+00,0.000000000000000000e+00,0.000000000000000000e+00,0.000000000000000000e+00,0.000000000000000000e+00,0.000000000000000000e+00,0.000000000000000000e+00,0.000000000000000000e+00,0.000000000000000000e+00,0.000000000000000000e+00,0.000000000000000000e+00,0.000000000000000000e+00,0.000000000000000000e+00,0.000000000000000000e+00,0.000000000000000000e+00,0.000000000000000000e+00
CDi,0.000000000000000000e+00,8.518383485999999824e-03,8.494352994999999212e-03,8.513851080000000779e-03,8.525769803999999272e-03,8.537625768999999171e-03,8.543285848999999932e-03,8.546571569999999660e-03,8.547663298000000159e-03,8.557898491000000621e-03,8.560399667000000157e-03,8.562053098999999196e-03,8.560486859000000434e-03,8.564117245999999448e-03,8.562781058999999542e-03,8.533559693000000723e-03,8.519431564000000401e-03,8.557282407999999493e-03,8.559137563000000434e-03,8.553977943000000070e-03
CDiw,0.000000000000000000e+00,6.129859038999999933e-03,6.091626987000000118e-03,6.138970661999999627e-03,6.150252473999999990e-03,6.164064070000000069e-03,6.170554685999999830e-03,6.173559436000000331e-03,6.175156515000000332e-03,6.180289220000000257e-03,6.183687153000000034e-03,6.185585855000000008e-03,6.186552690000000389e-03,6.187694290999999798e-03,6.189964002000000048e-03,6.194936861000000308e-03,6.184617847000000411e-03,6.193025288000000156e-03,6.191399660999999735e-03,6.182473980000000383e-03
CDo,1.162447232199999986e-02,1.311543219500000031e-02,1.311789361199999955e-02,1.311691953500000035e-02,1.311532717299999928e-02,1.311447318400000076e-02,1.311419582999999965e-02,1.311405414700000070e-02,1.311400816899999967e-02,1.311396826800000082e-02,1.311364051600000073e-02,1.311330159300000062e-02,1.311304693599999946e-02,1.311284333900000071e-02,1.311262349399999923e-02,1.311240460900000085e-02,1.311253017600000001e-02,1.311299018099999943e-02,1.311309022699999952e-02,1.311330371799999950e-02
CDtot,1.162447232199999986e-02,2.163381568100000013e-02,2.161224660700000050e-02,2.163077061600000156e-02,2.164109697700000029e-02,2.165209895299999993e-02,2.165748167900000132e-02,2.166062571600000167e-02,2.166167146800000026e-02,2.167186675899999970e-02,2.167404018400000132e-02,2.167535469199999981e-02,2.167353379500000163e-02,2.167696058499999842e-02,2.167540455400000093e-02,2.164596430200000157e-02,2.163196174099999911e-02,2.167027259000000108e-02,2.167222778899999952e-02,2.166728166200000000e-02
CDwtot,1.162447232199999986e-02,1.924529123400000111e-02,1.920952059899999967e-02,1.925589019799999954e-02,1.926557964600000145e-02,1.927853725399999996e-02,1.928475051500000079e-02,1.928761358300000103e-02,1.928916468400000001e-02,1.929425748800000021e-02,1.929732766900000077e-02,1.929888744799999889e-02,1.929959962700000115e-02,1.930053762999999964e-02,1.930258749600000101e-02,1.930734146999999942e-02,1.929714802399999998e-02,1.930601547000000001e-02,1.930448988800000099e-02,1.929577769800000162e-02
CFxi,0.000000000000000000e+00,8.518383485999999824e-03,8.494352994999999212e-03,8.513851080000000779e-03,8.525769803999999272e-03,8.537625768999999171e-03,8.543285848999999932e-03,8.546571569999999660e-03,8.547663298000000159e-03,8.557898491000000621e-03,8.560399667000000157e-03,8.562053098999999196e-03,8.560486859000000434e-03,8.564117245999999448e-03,8.562781058999999542e-03,8.533559693000000723e-03,8.519431564000000401e-03,8.557282407999999493e-03,8.559137563000000434e-03,8.553977943000000070e-03
CFxiw,0.000000000000000000e+00,6.129859038999999933e-03,6.091626987000000118e-03,6.138970661999999627e-03,6.150252473999999990e-03,6.164064070000000069e-03,6.170554685999999830e-03,6.173559436000000331e-03,6.175156515000000332e-03,6.180289220000000257e-03,6.183687153000000034e-03,6.185585855000000008e-03,6.186552690000000389e-03,6.187694290999999798e-03,6.189964002000000048e-03,6.194936861000000308e-03,6.184617847000000411e-03,6.193025288000000156e-03,6.191399660999999735e-03,6.182473980000000383e-03
CFxo,1.162447232199999986e-02,1.311543219500000031e-02,1.311789361199999955e-02,1.311691953500000035e-02,1.311532717299999928e-02,1.311447318400000076e-02,1.311419582999999965e-02,1.311405414700000070e-02,1.311400816899999967e-02,1.311396826800000082e-02,1.311364051600000073e-02,1.311330159300000062e-02,1.311304693599999946e-02,1.311284333900000071e-02,1.311262349399999923e-02,1.311240460900000085e-02,1.311253017600000001e-02,1.311299018099999943e-02,1.311309022699999952e-02,1.311330371799999950e-02
CFxtot,1.162447232199999986e-02,2.163381568100000013e-02,2.161224660700000050e-02,2.163077061600000156e-02,2.164109697700000029e-02,2.165209895299999993e-02,2.165748167900000132e-02,2.166062571600000167e-02,2.166167146800000026e-02,2.167186675899999970e-02,2.167404018400000132e-02,2.167535469199999981e-02,2.167353379500000163e-02,2.167696058499999842e-02,2.167540455400000093e-02,2.164596430200000157e-02,2.163196174099999911e-02,2.167027259000000108e-02,2.167222778899999952e-02,2.166728166200000000e-02
CFxwtot,1.162447232199999986e-02,1.924529123400000111e-02,1.920952059899999967e-02,1.925589019799999954e-02,1.926557964600000145e-02,1.927853725399999996e-02,1.928475051500000079e-02,1.928761358300000103e-02,1.928916468400000001e-02,1.929425748800000021e-02,1.929732766900000077e-02,1.929888744799999889e-02,1.929959962700000115e-02,1.930053762999999964e-02,1.930258749600000101e-02,1.930734146999999942e-02,1.929714802399999998e-02,1.930601547000000001e-02,1.930448988800000099e-02,1.929577769800000162e-02
CFyi,0.000000000000000000e+00,1.601913641999999985e-03,1.488420117000000030e-03,1.341570090999999899e-03,1.293053097999999996e-03,1.250654847999999996e-03,1.239756660000000026e-03,1.236251869000000057e-03,1.225300907999999972e-03,1.234112067000000049e-03,1.224963990000000084e-03,1.233870560999999902e-03,1.226884422999999962e-03,1.241430824999999920e-03,1.245556049999999894e-03,1.254696982999999998e-03,1.050483172000000022e-03,1.244273269999999956e-03,1.241432136000000103e-03,1.238580541999999979e-03
CFyiw,0.000000000000000000e+00,1.471219619000000084e-03,1.327900717000000085e-03,1.235344976999999981e-03,1.176825554000000005e-03,1.131628417000000043e-03,1.120458005999999933e-03,1.116644823999999930e-03,1.115307981000000044e-03,1.113874556000000104e-03,1.112845123000000052e-03,1.111585553999999958e-03,1.112333223000000048e-03,1.113037435000000094e-03,1.113568650999999894e-03,1.113772447000000018e-03,1.119420128000000016e-03,1.115437448000000100e-03,1.113839638999999980e-03,1.116441330999999896e-03
CFyo,0.000000000000000000e+00,-4.157999999999999910e-09,-5.640000000000000376e-09,-6.136000000000000318e-09,-6.120999999999999852e-09,-6.044000000000000222e-09,-6.022000000000000091e-09,-6.007999999999999932e-09,-5.999999999999999960e-09,-5.998999999999999653e-09,-5.993999999999999774e-09,-5.995000000000000081e-09,-5.998000000000000174e-09,-5.998999999999999653e-09,-5.995000000000000081e-09,-5.993999999999999774e-09,-6.047999999999999794e-09,-6.004000000000000360e-09,-5.991999999999999988e-09,-6.084000000000000084e-09
CFytot,0.000000000000000000e+00,1.601909483999999903e-03,1.488414477000000015e-03,1.341563954999999914e-03,1.293046975999999956e-03,1.250648804000000077e-03,1.239750639000000015e-03,1.236245860999999995e-03,1.225294908000000094e-03,1.234106067999999950e-03,1.224957995999999966e-03,1.233864566000000005e-03,1.226878425000000076e-03,1.241424826000000039e-03,1.245550055999999992e-03,1.254690989000000097e-03,1.050477123999999903e-03,1.244267266000000094e-03,1.241426143999999976e-03,1.238574458000000003e-03
CFywtot,0.000000000000000000e+00,1.471215461000000002e-03,1.327895077000000069e-03,1.235338840000000001e-03,1.176819432999999960e-03,1.131622372999999907e-03,1.120451983999999927e-03,1.116638816000000084e-03,1.115301980999999949e-03,1.113868557000000006e-03,1.112839128999999934e-03,1.111579559000000061e-03,1.112327224999999946e-03,1.113031435999999996e-03,1.113562655999999996e-03,1.113766452999999899e-03,1.119414079999999896e-03,1.115431444000000022e-03,1.113833647000000071e-03,1.116435246999999921e-03
CFzi,0.000000000000000000e+00,4.299437452550000094e-01,4.279167671829999797e-01,4.272411426300000148e-01,4.275865632999999999e-01,4.278537448390000164e-01,4.280583242329999982e-01,4.281405099310000018e-01,4.281652112420000211e-01,4.281523235909999725e-01,4.281051793930000238e-01,4.280631316140000031e-01,4.280120473869999942e-01,4.279580681369999917e-01,4.278697235969999846e-01,4.277492203520000258e-01,4.277844641579999774e-01,4.280851121520000135e-01,4.281090990279999842e-01,4.281334227099999890e-01
CFziw,0.000000000000000000e+00,4.298612655380000258e-01,4.286454094239999790e-01,4.280715716040000007e-01,4.284748178209999980e-01,4.287371779279999795e-01,4.289485398030000174e-01,4.290343916430000015e-01,4.290593467450000142e-01,4.290470660210000120e-01,4.290021421079999731e-01,4.289623536370000267e-01,4.289154996580000212e-01,4.288673486340000007e-01,4.287892900320000034e-01,4.287180777190000014e-01,4.287424431679999759e-01,4.288895202160000197e-01,4.289331257099999739e-01,4.289993532179999791e-01
CFzo,-1.841900880000000109e-04,-2.222901279999999911e-04,-2.222728899999999968e-04,-2.222270889999999953e-04,-2.222140290000000032e-04,-2.222106080000000119e-04,-2.222158310000000127e-04,-2.222184660000000006e-04,-2.222200159999999870e-04,-2.222199220000000103e-04,-2.222138489999999906e-04,-2.222073060000000059e-04,-2.222017040000000016e-04,-2.221973249999999894e-04,-2.221922849999999892e-04,-2.221886660000000030e-04,-2.221886660000000030e-04,-2.221921689999999919e-04,-2.221933609999999994e-04,-2.221989900000000042e-04
CFztot,-1.841900880000000109e-04,4.297214551269999960e-01,4.276944942929999938e-01,4.270189155410000215e-01,4.273643492720000103e-01,4.276315342309999767e-01,4.278361084019999816e-01,4.279182914649999891e-01,4.279429912259999913e-01,4.279301036689999727e-01,4.278829655449999936e-01,4.278409243090000036e-01,4.277898456829999918e-01,4.277358708119999853e-01,4.276475313120000066e-01,4.275270316859999808e-01,4.275622754930000213e-01,4.278629199840000008e-01,4.278869056669999948e-01,4.279112237200000113e-01
CFzwtot,-1.841900880000000109e-04,4.296389754100000125e-01,4.284231365339999931e-01,4.278493445150000074e-01,4.282526037919999751e-01,4.285149673199999953e-01,4.287263239720000008e-01,4.288121731769999889e-01,4.288371267289999844e-01,4.288248460990000122e-01,4.287799282590000205e-01,4.287401463320000272e-01,4.286932979540000188e-01,4.286451513089999943e-01,4.285670977459999920e-01,4.284958890519999786e-01,4.285202545030000199e-01,4.286673280469999736e-01,4.287109323489999846e-01,4.287771542270000236e-01
CLi,0.000000000000000000e+00,4.299437452550000094e-01,4.279167671829999797e-01,4.272411426300000148e-01,4.275865632999999999e-01,4.278537448390000164e-01,4.280583242329999982e-01,4.281405099310000018e-01,4.281652112420000211e-01,4.281523235909999725e-01,4.281051793930000238e-01,4.280631316140000031e-01,4.280120473869999942e-01,4.279580681369999917e-01,4.278697235969999846e-01,4.277492203520000258e-01,4.277844641579999774e-01,4.280851121520000135e-01,4.281090990279999842e-01,4.281334227099999890e-01
CLiw,0.000000000000000000e+00,4.298612655380000258e-01,4.286454094239999790e-01,4.280715716040000007e-01,4.284748178209999980e-01,4.287371779279999795e-01,4.289485398030000174e-01,4.290343916430000015e-01,4.290593467450000142e-01,4.290470660210000120e-01,4.290021421079999731e-01,4.289623536370000267e-01,4.289154996580000212e-01,4.288673486340000007e-01,4.287892900320000034e-01,4.287180777190000014e-01,4.287424431679999759e-01,4.288895202160000197e-01,4.289331257099999739e-01,4.289993532179999791e-01
CLo,-1.841900880000000109e-04,-2.222901279999999911e-04,-2.222728899999999968e-04,-2.222270889999999953e-04,-2.222140290000000032e-04,-2.222106080000000119e-04,-2.222158310000000127e-04,-2.222184660000000006e-04,-2.222200159999999870e-04,-2.222199220000000103e-04,-2.222138489999999906e-04,-2.222073060000000059e-04,-2.222017040000000016e-04,-2.221973249999999894e-04,-2.221922849999999892e-04,-2.221886660000000030e-04,-2.221886660000000030e-04,-2.221921689999999919e-04,-2.221933609999999994e-04,-2.221989900000000042e-04
CLtot,-1.841900880000000109e-04,4.297214551269999960e-01,4.276944942929999938e-01,4.270189155410000215e-01,4.273643492720000103e-01,4.276315342309999767e-01,4.278361084019999816e-01,4.279182914649999891e-01,4.279429912259999913e-01,4.279301036689999727e-01,4.278829655449999936e-01,4.278409243090000036e-01,4.277898456829999918e-01,4.277358708119999853e-01,4.276475313120000066e-01,4.275270316859999808e-01,4.275622754930000213e-01,4.278629199840000008e-01,4.278869056669999948e-01,4.279112237200000113e-01
CLwtot,-1.841900880000000109e-04,4.296389754100000125e-01,4.284231365339999931e-01,4.278493445150000074e-01,4.282526037919999751e-01,4.285149673199999953e-01,4.287263239720000008e-01,4.288121731769999889e-01,4.288371267289999844e-01,4.288248460990000122e-01,4.287799282590000205e-01,4.287401463320000272e-01,4.286932979540000188e-01,4.286451513089999943e-01,4.285670977459999920e-01,4.284958890519999786e-01,4.285202545030000199e-01,4.286673280469999736e-01,4.287109323489999846e-01,4.287771542270000236e-01
CMxi,0.000000000000000000e+00,-8.222710380000000261e-04,-9.053249390000000368e-04,-9.215155450000000201e-04,-8.910469459999999535e-04,-8.938049529999999828e-04,-8.770997149999999612e-04,-8.724408039999999743e-04,-8.721999659999999776e-04,-8.689345839999999691e-04,-8.690378070000000493e-04,-8.658159419999999530e-04,-8.667679780000000535e-04,-8.636285600000000043e-04,-8.629784809999999518e-04,-8.353846500000000012e-04,-8.961698730000000265e-04,-8.915268650000000286e-04,-8.637968860000000458e-04,-8.702316840000000418e-04
CMxo,-0.000000000000000000e+00,2.322500000000000117e-08,3.726699999999999880e-08,4.015999999999999698e-08,4.013299999999999945e-08,3.974900000000000077e-08,3.958299999999999783e-08,3.948200000000000242e-08,3.942599999999999848e-08,3.939599999999999755e-08,3.933000000000000212e-08,3.930700000000000251e-08,3.932199999999999966e-08,3.930399999999999910e-08,3.923899999999999819e-08,3.923899999999999819e-08,3.988799999999999957e-08,3.948100000000000128e-08,3.935800000000000078e-08,3.986100000000000204e-08
CMxtot,-0.000000000000000000e+00,-8.222478130000000210e-04,-9.052876719999999790e-04,-9.214753860000000256e-04,-8.910068129999999635e-04,-8.937652049999999723e-04,-8.770601320000000504e-04,-8.724013219999999852e-04,-8.721605409999999775e-04,-8.688951879999999616e-04,-8.689984769999999949e-04,-8.657766350000000236e-04,-8.667286549999999711e-04,-8.635892559999999545e-04,-8.629392419999999675e-04,-8.353454110000000168e-04,-8.961299840000000374e-04,-8.914873840000000355e-04,-8.637575269999999989e-04,-8.701918230000000492e-04
CMyi,0.000000000000000000e+00,7.329686165700000089e-02,7.891631632499999938e-02,8.013134359399999573e-02,7.881156504599999557e-02,7.787211840299999854e-02,7.726245413900000025e-02,7.700922861499999439e-02,7.692812649100000399e-02,7.693681855900000310e-02,7.689684045399999834e-02,7.684358974699999345e-02,7.683858375900000370e-02,7.685031506099999909e-02,7.691292770400000312e-02,7.692779262599999668e-02,7.692486283900000499e-02,7.687241087799999428e-02,7.685745172100000300e-02,7.679743710500000486e-02
CMyo,6.243602487999999791e-03,7.019655700999999880e-03,7.020749764999999719e-03,7.020202849999999765e-03,7.019477308999999728e-03,7.019097539999999760e-03,7.018984540999999820e-03,7.018921998000000363e-03,7.018898067999999706e-03,7.018872239999999693e-03,7.018695020000000062e-03,7.018514949999999676e-03,7.018377604999999873e-03,7.018265105999999670e-03,7.018138014000000098e-03,7.018013594000000258e-03,7.018092846999999732e-03,7.018369350000000333e-03,7.018430429999999998e-03,7.018554683000000072e-03
CMytot,6.243602487999999791e-03,8.031651735700000294e-02,8.593706608999999996e-02,8.715154644399999984e-02,8.583104235499999790e-02,8.489121594300000351e-02,8.428143868000000094e-02,8.402815061399999952e-02,8.394702455899999416e-02,8.395569079900000453e-02,8.391553547400000534e-02,8.386210469600000050e-02,8.385696136400000444e-02,8.386858016699999530e-02,8.393106571800000582e-02,8.394580622000000214e-02,8.394295568600000645e-02,8.389078022800000589e-02,8.387588215100000300e-02,8.381599178699999930e-02
CMzi,0.000000000000000000e+00,5.366437190000000051e-04,5.317040220000000513e-04,4.820313439999999875e-04,4.653867750000000264e-04,4.507650729999999775e-04,4.470678729999999750e-04,4.456071659999999782e-04,4.449818699999999938e-04,4.447346250000000110e-04,4.446645900000000245e-04,4.442392090000000051e-04,4.443050009999999781e-04,4.451862500000000069e-04,4.454924490000000182e-04,4.358747690000000117e-04,4.414559170000000162e-04,4.508340739999999757e-04,4.452177009999999939e-04,4.451090189999999886e-04
CMzo,-1.640400000000000051e-07,4.002819999999999840e-07,1.264690999999999899e-06,1.386364000000000039e-06,1.420303000000000062e-06,1.387307000000000023e-06,1.401893000000000098e-06,1.400979000000000067e-06,1.399622999999999906e-06,1.397784999999999993e-06,1.393037000000000009e-06,1.390560000000000032e-06,1.389829999999999998e-06,1.385662999999999959e-06,1.376606000000000038e-06,1.377058000000000021e-06,1.470653999999999955e-06,1.418172999999999923e-06,1.400058000000000055e-06,1.422803000000000038e-06
CMztot,-1.640400000000000051e-07,5.370440019999999683e-04,5.329687129999999533e-04,4.834177079999999729e-04,4.668070779999999777e-04,4.521523799999999896e-04,4.484697659999999802e-04,4.470081450000000034e-04,4.463814930000000163e-04,4.461324100000000053e-04,4.460576270000000173e-04,4.456297689999999751e-04,4.456948309999999918e-04,4.465719129999999744e-04,4.468690540000000216e-04,4.372518259999999980e-04,4.429265710000000029e-04,4.522522469999999814e-04,4.466177590000000130e-04,4.465318229999999753e-04
CSi,0.000000000000000000e+00,1.601913641999999985e-03,1.488420117000000030e-03,1.341570090999999899e-03,1.293053097999999996e-03,1.250654847999999996e-03,1.239756660000000026e-03,1.236251869000000057e-03,1.225300907999999972e-03,1.234112067000000049e-03,1.224963990000000084e-03,1.233870560999999902e-03,1.226884422999999962e-03,1.241430824999999920e-03,1.245556049999999894e-03,1.254696982999999998e-03,1.050483172000000022e-03,1.244273269999999956e-03,1.241432136000000103e-03,1.238580541999999979e-03
CSiw,0.000000000000000000e+00,1.471219619000000084e-03,1.327900717000000085e-03,1.235344976999999981e-03,1.176825554000000005e-03,1.131628417000000043e-03,1.120458005999999933e-03,1.116644823999999930e-03,1.115307981000000044e-03,1.113874556000000104e-03,1.112845123000000052e-03,1.111585553999999958e-03,1.112333223000000048e-03,1.113037435000000094e-03,1.113568650999999894e-03,1.113772447000000018e-03,1.119420128000000016e-03,1.115437448000000100e-03,1.113839638999999980e-03,1.116441330999999896e-03
CSo,0.000000000000000000e+00,-4.157999999999999910e-09,-5.640000000000000376e-09,-6.136000000000000318e-09,-6.120999999999999852e-09,-6.044000000000000222e-09,-6.022000000000000091e-09,-6.007999999999999932e-09,-5.999999999999999960e-09,-5.998999999999999653e-09,-5.993999999999999774e-09,-5.995000000000000081e-09,-5.998000000000000174e-09,-5.998999999999999653e-09,-5.995000000000000081e-09,-5.993999999999999774e-09,-6.047999999999999794e-09,-6.004000000000000360e-09,-5.991999999999999988e-09,-6.084000000000000084e-09
CStot,0.000000000000000000e+00,1.601909483999999903e-03,1.488414477000000015e-03,1.341563954999999914e-03,1.293046975999999956e-03,1.250648804000000077e-03,1.239750639000000015e-03,1.236245860999999995e-03,1.225294908000000094e-03,1.234106067999999950e-03,1.224957995999999966e-03,1.233864566000000005e-03,1.226878425000000076e-03,1.241424826000000039e-03,1.245550055999999992e-03,1.254690989000000097e-03,1.050477123999999903e-03,1.244267266000000094e-03,1.241426143999999976e-03,1.238574458000000003e-03
CSwtot,0.000000000000000000e+00,1.471215461000000002e-03,1.327895077000000069e-03,1.235338840000000001e-03,1.176819432999999960e-03,1.131622372999999907e-03,1.120451983999999927e-03,1.116638816000000084e-03,1.115301980999999949e-03,1.113868557000000006e-03,1.112839128999999934e-03,1.111579559000000061e-03,1.112327224999999946e-03,1.113031435999999996e-03,1.113562655999999996e-03,1.113766452999999899e-03,1.119414079999999896e-03,1.115431444000000022e-03,1.113833647000000071e-03,1.116435246999999921e-03
E,0.000000000000000000e+00,7.704596655540000283e-01,7.653712204289999654e-01,7.612089941259999604e-01,7.613744885759999859e-01,7.612676686239999713e-01,7.614910110270000088e-01,7.614905794499999825e-01,7.614811787940000132e-01,7.605246668639999985e-01,7.601350310609999994e-01,7.598389579830000518e-01,7.597966015239999704e-01,7.592829665870000078e-01,7.590879513549999569e-01,7.612583114430000464e-01,7.626463966730000488e-01,7.603406478590000184e-01,7.602610396460000031e-01,7.608060620409999864e-01
Ew,0.000000000000000000e+00,1.070261647784999992e+00,1.070894965294999945e+00,1.059792986521999936e+00,1.059842878648999953e+00,1.058763523347999946e+00,1.058692915219000108e+00,1.058601255731999924e+00,1.058450590470999986e+00,1.057511011796999911e+00,1.056708587319999948e+00,1.056188281507000060e+00,1.055792541786999994e+00,1.055360758653999920e+00,1.054589784467999891e+00,1.053393256734000083e+00,1.055270778509999952e+00,1.054561326139000110e+00,1.055052717179000066e+00,1.056902201213999914e+00
FC_AoA_,0.000000000000000000e+00
FC_Beta_,0.000000000000000000e+00
FC_Bref_,1.639999999999999858e+01
FC_Cref_,1.881000000000000005e+00
FC_Mach_,6.049999999999999822e-02
FC_Pitch_Rate,0.000000000000000000e+00
FC_ReCref_,2.650000000000000000e+06
FC_Rho_,1.225000000000000089e+00
FC_Roll__Rate,0.000000000000000000e+00
FC_Sref_,3.000000340000000065e+01
FC_Vinf_,2.057999999999999829e+01
FC_Xcg_,3.703120000000000189e+00
FC_Yaw___Rate,0.000000000000000000e+00
FC_Ycg_,0.000000000000000000e+00
FC_Zcg_,0.000000000000000000e+00
L/D,0.000000000000000000e+00,1.987368994861899907e+01,1.979973553705099931e+01,1.975154515840799974e+01,1.975808175359300023e+01,1.976038192737300037e+01,1.976491683488299955e+01,1.976584220324799901e+01,1.976602829937199957e+01,1.975613491667899879e+01,1.975197866941200076e+01,1.974884091647799877e+01,1.974814312398600080e+01,1.974253108291100034e+01,1.973987256098200049e+01,1.976115336760399899e+01,1.977557418450900073e+01,1.975448672260599992e+01,1.975381133802000022e+01,1.975944326524900063e+01
L/Dw,0.000000000000000000e+00,2.233591896928300002e+01,2.231421691199300028e+01,2.223068199971800141e+01,2.224043219487500167e+01,2.223909274174199879e+01,2.224288768806799865e+01,2.224403707567899957e+01,2.224354210090499961e+01,2.223703432378099976e+01,2.223116845278099873e+01,2.222730998341599928e+01,2.222406205083499842e+01,2.222048716201300067e+01,2.221408348070600169e+01,2.220492543676899899e+01,2.221791752055399982e+01,2.221533080669100002e+01,2.221934525116000003e+01,2.223280968148799985e+01
Mach,6.049999999999999822e-02,6.049999999999999822e-02,6.049999999999999822e-02,6.049999999999999822e-02,6.049999999999999822e-02,6.049999999999999822e-02,6.049999999999999822e-02,6.049999999999999822e-02,6.049999999999999822e-02,6.049999999999999822e-02,6.049999999999999822e-02,6.049999999999999822e-02,6.049999999999999822e-02,6.049999999999999822e-02,6.049999999999999822e-02,6.049999999999999822e-02,6.049999999999999822e-02,6.049999999999999822e-02,6.049999999999999822e-02,6.049999999999999822e-02
T/QS,0.000000000000000000e+00,0.000000000000000000e+00,0.000000000000000000e+00,0.000000000000000000e+00,0.000000000000000000e+00,0.000000000000000000e+00,0.000000000000000000e+00,0.000000000000000000e+00,0.000000000000000000e+00,0.000000000000000000e+00,0.000000000000000000e+00,0.000000000000000000e+00,0.000000000000000000e+00,0.000000000000000000e+00,0.000000000000000000e+00,0.000000000000000000e+00,0.000000000000000000e+00,0.000000000000000000e+00,0.000000000000000000e+00,0.000000000000000000e+00
WakeIter,1,2,3,4,5,6,7,8,9,10,11,12,13,14,15,16,17,18,19,20
WallTime,2.135699999999599896e+01,5.299100000000200339e+01,8.275699999999800127e+01,1.134539999999980040e+02,1.436900000000019872e+02,1.745559999999969989e+02,2.055800000000020020e+02,2.344859999999970057e+02,2.637889999999969746e+02,2.949190000000019722e+02,3.242249999999989996e+02,3.544100000000029809e+02,3.925570000000009827e+02,4.267160000000000082e+02,4.632200000000009936e+02,5.025129999999990105e+02,5.396220000000030268e+02,5.681189999999990050e+02,5.988229999999970232e+02,6.347560000000009950e+02
log10( L2Residual ),4.686278431600000155e-02,-1.070816891381999980e+00,-1.184228066815999902e+00,-1.239095543521000042e+00,-1.519445213325000044e+00,-1.776835672255999921e+00,-1.955532433696000050e+00,-2.040912812240000207e+00,-2.072110961318999856e+00,-2.109665409798000102e+00,-2.140350902940999944e+00,-2.135168181776999852e+00,-2.174718760968000097e+00,-2.134996927980000070e+00,-2.137528118630000140e+00,-1.708361870897000090e+00,-1.668562300353999994e+00,-1.805489920662000092e+00,-1.841117712546999963e+00,-1.831611376579999950e+00
log10( MaxResidual ),7.252871446459999705e-01,3.178452185499999749e-01,6.298655749100000312e-02,6.608444685999999638e-03,-6.131081663799999720e-02,-2.821598550619999757e-01,-5.378108432610000378e-01,-7.900579868739999734e-01,-8.227930007629999931e-01,-8.535411532859999983e-01,-8.687335339939999956e-01,-9.049721825940000297e-01,-8.207215466449999663e-01,-7.912796012360000519e-01,-7.341362492130000250e-01,2.355049095079999877e-01,1.422046242140000138e-01,-2.207658243160000033e-01,-3.983254449690000198e-01,-2.457943096849999898e-01
Results_Name,VSPAERO_Polar
Results_Timestamp,1787380024
Results_Date,8,22,2026
Results_Time,11,57,4
Alpha,0.000000000000000000e+00
Beta,0.000000000000000000e+00
CDi,8.553977943000000070e-03
CDiw,6.182473980000000383e-03
CDo,1.311330371799999950e-02
CDtot,2.166728166200000000e-02
CDwtot,1.929577769800000162e-02
CFix,8.553977943000000070e-03
CFiy,1.238580541999999979e-03
CFiz,4.281334227099999890e-01
CFox,1.311330371799999950e-02
CFoy,-6.084000000000000084e-09
CFoz,-2.221989900000000042e-04
CFxtot,2.166728166200000000e-02
CFytot,1.238574458000000003e-03
CFztot,4.279112237200000113e-01
CLi,4.281334227099999890e-01
CLiw,4.289993532179999791e-01
CLo,-2.221989900000000042e-04
CLtot,4.279112237200000113e-01
CLwtot,4.287771542270000236e-01
CMix,-8.702316840000000418e-04
CMiy,7.679743710500000486e-02
CMiz,4.451090189999999886e-04
CMox,3.986100000000000204e-08
CMoy,7.018554683000000072e-03
CMoz,1.422803000000000038e-06
CMxtot,-8.701918230000000492e-04
CMytot,8.381599178699999930e-02
CMztot,4.465318229999999753e-04
CSi,1.238580541999999979e-03
CSiw,1.116441330999999896e-03
CSo,-6.084000000000000084e-09
CStot,1.238574458000000003e-03
CSwtot,1.116435246999999921e-03
E,7.600165582940000553e-01
Ew,7.600165582940000553e-01
L_D,1.974918821830999960e+01
L_Dw,1.974918821830999960e+01
Mach,6.049999999999999822e-02
Re_1e6,2.649999999999999911e+00
StallFactor,1.000000000000000000e+00
Results_Name,VSPAERO_Load
Results_Timestamp,1787380024
Results_Date,8,22,2026
Results_Time,11,57,4
Angle ,0.000000000000000000e+00,0.000000000000000000e+00,0.000000000000000000e+00,0.000000000000000000e+00,0.000000000000000000e+00,0.000000000000000000e+00,0.000000000000000000e+00,0.000000000000000000e+00,0.000000000000000000e+00,0.000000000000000000e+00,0.000000000000000000e+00,0.000000000000000000e+00,0.000000000000000000e+00,0.000000000000000000e+00,0.000000000000000000e+00,0.000000000000000000e+00,0.000000000000000000e+00,0.000000000000000000e+00,0.000000000000000000e+00,0.000000000000000000e+00,0.000000000000000000e+00,0.000000000000000000e+00,0.000000000000000000e+00,0.000000000000000000e+00,0.000000000000000000e+00,0.000000000000000000e+00,0.000000000000000000e+00,0.000000000000000000e+00,0.000000000000000000e+00,0.000000000000000000e+00,0.000000000000000000e+00,0.000000000000000000e+00,0.000000000000000000e+00,0.000000000000000000e+00,0.000000000000000000e+00,0.000000000000000000e+00,0.000000000000000000e+00,0.000000000000000000e+00,0.000000000000000000e+00,0.000000000000000000e+00,0.000000000000000000e+00,0.000000000000000000e+00,0.000000000000000000e+00,0.000000000000000000e+00,0.000000000000000000e+00,0.000000000000000000e+00,0.000000000000000000e+00,0.000000000000000000e+00,0.000000000000000000e+00,0.000000000000000000e+00,0.000000000000000000e+00,0.000000000000000000e+00,0.000000000000000000e+00,0.000000000000000000e+00,0.000000000000000000e+00,0.000000000000000000e+00,0.000000000000000000e+00,0.000000000000000000e+00,0.000000000000000000e+00,0.000000000000000000e+00,0.000000000000000000e+00,0.000000000000000000e+00,0.000000000000000000e+00,0.000000000000000000e+00,0.000000000000000000e+00,0.000000000000000000e+00,0.000000000000000000e+00,0.000000000000000000e+00,0.000000000000000000e+00,0.000000000000000000e+00,0.000000000000000000e+00,0.000000000000000000e+00,0.000000000000000000e+00,0.000000000000000000e+00,0.000000000000000000e+00,0.000000000000000000e+00,0.000000000000000000e+00,0.000000000000000000e+00,0.000000000000000000e+00,0.000000000000000000e+00,0.000000000000000000e+00,0.000000000000000000e+00,0.000000000000000000e+00,0.000000000000000000e+00,0.000000000000000000e+00,0.000000000000000000e+00,0.000000000000000000e+00,0.000000000000000000e+00,0.000000000000000000e+00,0.000000000000000000e+00,0.000000000000000000e+00,0.000000000000000000e+00,0.000000000000000000e+00,0.000000000000000000e+00,0.000000000000000000e+00,0.000000000000000000e+00,0.000000000000000000e+00,0.000000000000000000e+00,0.000000000000000000e+00,0.000000000000000000e+00,0.000000000000000000e+00,0.000000000000000000e+00,0.000000000000000000e+00,0.000000000000000000e+00,0.000000000000000000e+00,0.000000000000000000e+00,0.000000000000000000e+00,0.000000000000000000e+00,0.000000000000000000e+00,0.000000000000000000e+00,0.000000000000000000e+00,0.000000000000000000e+00,0.000000000000000000e+00,0.000000000000000000e+00,0.000000000000000000e+00,0.000000000000000000e+00,0.000000000000000000e+00,0.000000000000000000e+00,0.000000000000000000e+00,0.000000000000000000e+00,0.000000000000000000e+00,0.000000000000000000e+00,0.000000000000000000e+00,0.000000000000000000e+00,0.000000000000000000e+00,0.000000000000000000e+00,0.000000000000000000e+00,0.000000000000000000e+00,0.000000000000000000e+00,0.000000000000000000e+00,0.000000000000000000e+00,0.000000000000000000e+00,0.000000000000000000e+00,0.000000000000000000e+00,0.000000000000000000e+00,0.000000000000000000e+00,0.000000000000000000e+00,0.000000000000000000e+00,0.000000000000000000e+00,0.000000000000000000e+00,0.000000000000000000e+00,0.000000000000000000e+00,0.000000000000000000e+00,0.000000000000000000e+00,0.000000000000000000e+00,0.000000000000000000e+00,0.000000000000000000e+00,0.000000000000000000e+00,0.000000000000000000e+00,0.000000000000000000e+00,0.000000000000000000e+00,0.000000000000000000e+00,0.000000000000000000e+00,0.000000000000000000e+00,0.000000000000000000e+00,0.000000000000000000e+00,0.000000000000000000e+00,0.000000000000000000e+00,0.000000000000000000e+00,0.000000000000000000e+00,0.000000000000000000e+00,0.000000000000000000e+00,0.000000000000000000e+00,0.000000000000000000e+00,0.000000000000000000e+00,0.000000000000000000e+00,0.000000000000000000e+00,0.000000000000000000e+00,0.000000000000000000e+00,0.000000000000000000e+00,0.000000000000000000e+00,0.000000000000000000e+00,0.000000000000000000e+00,0.000000000000000000e+00,0.000000000000000000e+00,0.000000000000000000e+00,0.000000000000000000e+00,0.000000000000000000e+00,0.000000000000000000e+00,0.000000000000000000e+00,0.000000000000000000e+00,0.000000000000000000e+00,0.000000000000000000e+00,0.000000000000000000e+00,0.000000000000000000e+00,0.000000000000000000e+00,0.000000000000000000e+00,0.000000000000000000e+00,0.000000000000000000e+00,0.000000000000000000e+00,0.000000000000000000e+00,0.000000000000000000e+00,0.000000000000000000e+00,0.000000000000000000e+00,0.000000000000000000e+00,0.000000000000000000e+00,0.000000000000000000e+00,0.000000000000000000e+00,0.000000000000000000e+00,0.000000000000000000e+00,0.000000000000000000e+00,0.000000000000000000e+00,0.000000000000000000e+00,0.000000000000000000e+00,0.000000000000000000e+00,0.000000000000000000e+00,0.000000000000000000e+00,0.000000000000000000e+00,0.000000000000000000e+00,0.000000000000000000e+00,0.000000000000000000e+00,0.000000000000000000e+00,0.000000000000000000e+00,0.000000000000000000e+00,0.000000000000000000e+00,0.000000000000000000e+00,0.000000000000000000e+00,0.000000000000000000e+00,0.000000000000000000e+00,0.000000000000000000e+00,0.000000000000000000e+00,0.000000000000000000e+00,0.000000000000000000e+00,0.000000000000000000e+00,0.000000000000000000e+00,0.000000000000000000e+00,0.000000000000000000e+00,0.000000000000000000e+00,0.000000000000000000e+00,0.000000000000000000e+00,0.000000000000000000e+00,0.000000000000000000e+00,0.000000000000000000e+00,0.000000000000000000e+00,0.000000000000000000e+00,0.000000000000000000e+00,0.000000000000000000e+00,0.000000000000000000e+00
CP,0.000000000000000000e+00,0.000000000000000000e+00,0.000000000000000000e+00,0.000000000000000000e+00,0.000000000000000000e+00,0.000000000000000000e+00,0.000000000000000000e+00,0.000000000000000000e+00,0.000000000000000000e+00,0.000000000000000000e+00,0.000000000000000000e+00,0.000000000000000000e+00,0.000000000000000000e+00,0.000000000000000000e+00,0.000000000000000000e+00,0.000000000000000000e+00,0.000000000000000000e+00,0.000000000000000000e+00,0.000000000000000000e+00,0.000000000000000000e+00,0.000000000000000000e+00,0.000000000000000000e+00,0.000000000000000000e+00,0.000000000000000000e+00,0.000000000000000000e+00,0.000000000000000000e+00,0.000000000000000000e+00,0.000000000000000000e+00,0.000000000000000000e+00,0.000000000000000000e+00,0.000000000000000000e+00,0.000000000000000000e+00,0.000000000000000000e+00,0.000000000000000000e+00,0.000000000000000000e+00,0.000000000000000000e+00,0.000000000000000000e+00,0.000000000000000000e+00,0.000000000000000000e+00,0.000000000000000000e+00,0.000000000000000000e+00,0.000000000000000000e+00,0.000000000000000000e+00,0.000000000000000000e+00,0.000000000000000000e+00,0.000000000000000000e+00,0.000000000000000000e+00,0.000000000000000000e+00,0.000000000000000000e+00,0.000000000000000000e+00,0.000000000000000000e+00,0.000000000000000000e+00,0.000000000000000000e+00,0.000000000000000000e+00,0.000000000000000000e+00,0.000000000000000000e+00,0.000000000000000000e+00,0.000000000000000000e+00,0.000000000000000000e+00,0.000000000000000000e+00,0.000000000000000000e+00,0.000000000000000000e+00,0.000000000000000000e+00,0.000000000000000000e+00,0.000000000000000000e+00,0.000000000000000000e+00,0.000000000000000000e+00,0.000000000000000000e+00,0.000000000000000000e+00,0.000000000000000000e+00,0.000000000000000000e+00,0.000000000000000000e+00,0.000000000000000000e+00,0.000000000000000000e+00,0.000000000000000000e+00,0.000000000000000000e+00,0.000000000000000000e+00,0.000000000000000000e+00,0.000000000000000000e+00,0.000000000000000000e+00,0.000000000000000000e+00,0.000000000000000000e+00,0.000000000000000000e+00,0.000000000000000000e+00,0.000000000000000000e+00,0.000000000000000000e+00,0.000000000000000000e+00,0.000000000000000000e+00,0.000000000000000000e+00,0.000000000000000000e+00,0.000000000000000000e+00,0.000000000000000000e+00,0.000000000000000000e+00,0.000000000000000000e+00,0.000000000000000000e+00,0.000000000000000000e+00,0.000000000000000000e+00,0.000000000000000000e+00,0.000000000000000000e+00,0.000000000000000000e+00,0.000000000000000000e+00,0.000000000000000000e+00,0.000000000000000000e+00,0.000000000000000000e+00,0.000000000000000000e+00,0.000000000000000000e+00,0.000000000000000000e+00,0.000000000000000000e+00,0.000000000000000000e+00,0.000000000000000000e+00,0.000000000000000000e+00,0.000000000000000000e+00,0.000000000000000000e+00,0.000000000000000000e+00,0.000000000000000000e+00,0.000000000000000000e+00,0.000000000000000000e+00,0.000000000000000000e+00,0.000000000000000000e+00,0.000000000000000000e+00,0.000000000000000000e+00,0.000000000000000000e+00,0.000000000000000000e+00,0.000000000000000000e+00,0.000000000000000000e+00,0.000000000000000000e+00,0.000000000000000000e+00,0.000000000000000000e+00,0.000000000000000000e+00,0.000000000000000000e+00,0.000000000000000000e+00,0.000000000000000000e+00,0.000000000000000000e+00,0.000000000000000000e+00,0.000000000000000000e+00,0.000000000000000000e+00,0.000000000000000000e+00,0.000000000000000000e+00,0.000000000000000000e+00,0.000000000000000000e+00,0.000000000000000000e+00,0.000000000000000000e+00,0.000000000000000000e+00,0.000000000000000000e+00,0.000000000000000000e+00,0.000000000000000000e+00,0.000000000000000000e+00,0.000000000000000000e+00,0.000000000000000000e+00,0.000000000000000000e+00,0.000000000000000000e+00,0.000000000000000000e+00,0.000000000000000000e+00,0.000000000000000000e+00,0.000000000000000000e+00,0.000000000000000000e+00,0.000000000000000000e+00,0.000000000000000000e+00,0.000000000000000000e+00,0.000000000000000000e+00,0.000000000000000000e+00,0.000000000000000000e+00,0.000000000000000000e+00,0.000000000000000000e+00,0.000000000000000000e+00,0.000000000000000000e+00,0.000000000000000000e+00,0.000000000000000000e+00,0.000000000000000000e+00,0.000000000000000000e+00,0.000000000000000000e+00,0.000000000000000000e+00,0.000000000000000000e+00,0.000000000000000000e+00,0.000000000000000000e+00,0.000000000000000000e+00,0.000000000000000000e+00,0.000000000000000000e+00,0.000000000000000000e+00,0.000000000000000000e+00,0.000000000000000000e+00,0.000000000000000000e+00,0.000000000000000000e+00,0.000000000000000000e+00,0.000000000000000000e+00,0.000000000000000000e+00,0.000000000000000000e+00,0.000000000000000000e+00,0.000000000000000000e+00,0.000000000000000000e+00,0.000000000000000000e+00,0.000000000000000000e+00,0.000000000000000000e+00,0.000000000000000000e+00,0.000000000000000000e+00,0.000000000000000000e+00,0.000000000000000000e+00,0.000000000000000000e+00,0.000000000000000000e+00,0.000000000000000000e+00,0.000000000000000000e+00,0.000000000000000000e+00,0.000000000000000000e+00,0.000000000000000000e+00,0.000000000000000000e+00,0.000000000000000000e+00,0.000000000000000000e+00,0.000000000000000000e+00,0.000000000000000000e+00,0.000000000000000000e+00,0.000000000000000000e+00,0.000000000000000000e+00,0.000000000000000000e+00,0.000000000000000000e+00,0.000000000000000000e+00,0.000000000000000000e+00,0.000000000000000000e+00,0.000000000000000000e+00,0.000000000000000000e+00,0.000000000000000000e+00,0.000000000000000000e+00,0.000000000000000000e+00,0.000000000000000000e+00,0.000000000000000000e+00,0.000000000000000000e+00,0.000000000000000000e+00,0.000000000000000000e+00,0.000000000000000000e+00,0.000000000000000000e+00,0.000000000000000000e+00,0.000000000000000000e+00,0.000000000000000000e+00,0.000000000000000000e+00,0.000000000000000000e+00,0.000000000000000000e+00,0.000000000000000000e+00,0.000000000000000000e+00,0.000000000000000000e+00
CP_h,0.000000000000000000e+00,0.000000000000000000e+00,0.000000000000000000e+00,0.000000000000000000e+00,0.000000000000000000e+00,0.000000000000000000e+00,0.000000000000000000e+00,0.000000000000000000e+00,0.000000000000000000e+00,0.000000000000000000e+00,0.000000000000000000e+00,0.000000000000000000e+00,0.000000000000000000e+00,0.000000000000000000e+00,0.000000000000000000e+00,0.000000000000000000e+00,0.000000000000000000e+00,0.000000000000000000e+00,0.000000000000000000e+00,0.000000000000000000e+00,0.000000000000000000e+00,0.000000000000000000e+00,0.000000000000000000e+00,0.000000000000000000e+00,0.000000000000000000e+00,0.000000000000000000e+00,0.000000000000000000e+00,0.000000000000000000e+00,0.000000000000000000e+00,0.000000000000000000e+00,0.000000000000000000e+00,0.000000000000000000e+00,0.000000000000000000e+00,0.000000000000000000e+00,0.000000000000000000e+00,0.000000000000000000e+00,0.000000000000000000e+00,0.000000000000000000e+00,0.000000000000000000e+00,0.000000000000000000e+00,0.000000000000000000e+00,0.000000000000000000e+00,0.000000000000000000e+00,0.000000000000000000e+00,0.000000000000000000e+00,0.000000000000000000e+00,0.000000000000000000e+00,0.000000000000000000e+00,0.000000000000000000e+00,0.000000000000000000e+00,0.000000000000000000e+00,0.000000000000000000e+00,0.000000000000000000e+00,0.000000000000000000e+00,0.000000000000000000e+00,0.000000000000000000e+00,0.000000000000000000e+00,0.000000000000000000e+00,0.000000000000000000e+00,0.000000000000000000e+00,0.000000000000000000e+00,0.000000000000000000e+00,0.000000000000000000e+00,0.000000000000000000e+00,0.000000000000000000e+00,0.000000000000000000e+00,0.000000000000000000e+00,0.000000000000000000e+00,0.000000000000000000e+00,0.000000000000000000e+00,0.000000000000000000e+00,0.000000000000000000e+00,0.000000000000000000e+00,0.000000000000000000e+00,0.000000000000000000e+00,0.000000000000000000e+00,0.000000000000000000e+00,0.000000000000000000e+00,0.000000000000000000e+00,0.000000000000000000e+00,0.000000000000000000e+00,0.000000000000000000e+00,0.000000000000000000e+00,0.000000000000000000e+00,0.000000000000000000e+00,0.000000000000000000e+00,0.000000000000000000e+00,0.000000000000000000e+00,0.000000000000000000e+00,0.000000000000000000e+00,0.000000000000000000e+00,0.000000000000000000e+00,0.000000000000000000e+00,0.000000000000000000e+00,0.000000000000000000e+00,0.000000000000000000e+00,0.000000000000000000e+00,0.000000000000000000e+00,0.000000000000000000e+00,0.000000000000000000e+00,0.000000000000000000e+00,0.000000000000000000e+00,0.000000000000000000e+00,0.000000000000000000e+00,0.000000000000000000e+00,0.000000000000000000e+00,0.000000000000000000e+00,0.000000000000000000e+00,0.000000000000000000e+00,0.000000000000000000e+00,0.000000000000000000e+00,0.000000000000000000e+00,0.000000000000000000e+00,0.000000000000000000e+00,0.000000000000000000e+00,0.000000000000000000e+00,0.000000000000000000e+00,0.000000000000000000e+00,0.000000000000000000e+00,0.000000000000000000e+00,0.000000000000000000e+00,0.000000000000000000e+00,0.000000000000000000e+00,0.000000000000000000e+00,0.000000000000000000e+00,0.000000000000000000e+00,0.000000000000000000e+00,0.000000000000000000e+00,0.000000000000000000e+00,0.000000000000000000e+00,0.000000000000000000e+00,0.000000000000000000e+00,0.000000000000000000e+00,0.000000000000000000e+00,0.000000000000000000e+00,0.000000000000000000e+00,0.000000000000000000e+00,0.000000000000000000e+00,0.000000000000000000e+00,0.000000000000000000e+00,0.000000000000000000e+00,0.000000000000000000e+00,0.000000000000000000e+00,0.000000000000000000e+00,0.000000000000000000e+00,0.000000000000000000e+00,0.000000000000000000e+00,0.000000000000000000e+00,0.000000000000000000e+00,0.000000000000000000e+00,0.000000000000000000e+00,0.000000000000000000e+00,0.000000000000000000e+00,0.000000000000000000e+00,0.000000000000000000e+00,0.000000000000000000e+00,0.000000000000000000e+00,0.000000000000000000e+00,0.000000000000000000e+00,0.000000000000000000e+00,0.000000000000000000e+00,0.000000000000000000e+00,0.000000000000000000e+00,0.000000000000000000e+00,0.000000000000000000e+00,0.000000000000000000e+00,0.000000000000000000e+00,0.000000000000000000e+00,0.000000000000000000e+00,0.000000000000000000e+00,0.000000000000000000e+00,0.000000000000000000e+00,0.000000000000000000e+00,0.000000000000000000e+00,0.000000000000000000e+00,0.000000000000000000e+00,0.000000000000000000e+00,0.000000000000000000e+00,0.000000000000000000e+00,0.000000000000000000e+00,0.000000000000000000e+00,0.000000000000000000e+00,0.000000000000000000e+00,0.000000000000000000e+00,0.000000000000000000e+00,0.000000000000000000e+00,0.000000000000000000e+00,0.000000000000000000e+00,0.000000000000000000e+00,0.000000000000000000e+00,0.000000000000000000e+00,0.000000000000000000e+00,0.000000000000000000e+00,0.000000000000000000e+00,0.000000000000000000e+00,0.000000000000000000e+00,0.000000000000000000e+00,0.000000000000000000e+00,0.000000000000000000e+00,0.000000000000000000e+00,0.000000000000000000e+00,0.000000000000000000e+00,0.000000000000000000e+00,0.000000000000000000e+00,0.000000000000000000e+00,0.000000000000000000e+00,0.000000000000000000e+00,0.000000000000000000e+00,0.000000000000000000e+00,0.000000000000000000e+00,0.000000000000000000e+00,0.000000000000000000e+00,0.000000000000000000e+00,0.000000000000000000e+00,0.000000000000000000e+00,0.000000000000000000e+00,0.000000000000000000e+00,0.000000000000000000e+00,0.000000000000000000e+00,0.000000000000000000e+00,0.000000000000000000e+00,0.000000000000000000e+00,0.000000000000000000e+00,0.000000000000000000e+00,0.000000000000000000e+00,0.000000000000000000e+00,0.000000000000000000e+00,0.000000000000000000e+00,0.000000000000000000e+00,0.000000000000000000e+00,0.000000000000000000e+00,0.000000000000000000e+00,0.000000000000000000e+00,0.000000000000000000e+00,0.000000000000000000e+00,0.000000000000000000e+00,0.000000000000000000e+00,0.000000000000000000e+00
CQ,0.000000000000000000e+00,0.000000000000000000e+00,0.000000000000000000e+00,0.000000000000000000e+00,0.000000000000000000e+00,0.000000000000000000e+00,0.000000000000000000e+00,0.000000000000000000e+00,0.000000000000000000e+00,0.000000000000000000e+00,0.000000000000000000e+00,0.000000000000000000e+00,0.000000000000000000e+00,0.000000000000000000e+00,0.000000000000000000e+00,0.000000000000000000e+00,0.000000000000000000e+00,0.000000000000000000e+00,0.000000000000000000e+00,0.000000000000000000e+00,0.000000000000000000e+00,0.000000000000000000e+00,0.000000000000000000e+00,0.000000000000000000e+00,0.000000000000000000e+00,0.000000000000000000e+00,0.000000000000000000e+00,0.000000000000000000e+00,0.000000000000000000e+00,0.000000000000000000e+00,0.000000000000000000e+00,0.000000000000000000e+00,0.000000000000000000e+00,0.000000000000000000e+00,0.000000000000000000e+00,0.000000000000000000e+00,0.000000000000000000e+00,0.000000000000000000e+00,0.000000000000000000e+00,0.000000000000000000e+00,0.000000000000000000e+00,0.000000000000000000e+00,0.000000000000000000e+00,0.000000000000000000e+00,0.000000000000000000e+00,0.000000000000000000e+00,0.000000000000000000e+00,0.000000000000000000e+00,0.000000000000000000e+00,0.000000000000000000e+00,0.000000000000000000e+00,0.000000000000000000e+00,0.000000000000000000e+00,0.000000000000000000e+00,0.000000000000000000e+00,0.000000000000000000e+00,0.000000000000000000e+00,0.000000000000000000e+00,0.000000000000000000e+00,0.000000000000000000e+00,0.000000000000000000e+00,0.000000000000000000e+00,0.000000000000000000e+00,0.000000000000000000e+00,0.000000000000000000e+00,0.000000000000000000e+00,0.000000000000000000e+00,0.000000000000000000e+00,0.000000000000000000e+00,0.000000000000000000e+00,0.000000000000000000e+00,0.000000000000000000e+00,0.000000000000000000e+00,0.000000000000000000e+00,0.000000000000000000e+00,0.000000000000000000e+00,0.000000000000000000e+00,0.000000000000000000e+00,0.000000000000000000e+00,0.000000000000000000e+00,0.000000000000000000e+00,0.000000000000000000e+00,0.000000000000000000e+00,0.000000000000000000e+00,0.000000000000000000e+00,0.000000000000000000e+00,0.000000000000000000e+00,0.000000000000000000e+00,0.000000000000000000e+00,0.000000000000000000e+00,0.000000000000000000e+00,0.000000000000000000e+00,0.000000000000000000e+00,0.000000000000000000e+00,0.000000000000000000e+00,0.000000000000000000e+00,0.000000000000000000e+00,0.000000000000000000e+00,0.000000000000000000e+00,0.000000000000000000e+00,0.000000000000000000e+00,0.000000000000000000e+00,0.000000000000000000e+00,0.000000000000000000e+00,0.000000000000000000e+00,0.000000000000000000e+00,0.000000000000000000e+00,0.000000000000000000e+00,0.000000000000000000e+00,0.000000000000000000e+00,0.000000000000000000e+00,0.000000000000000000e+00,0.000000000000000000e+00,0.000000000000000000e+00,0.000000000000000000e+00,0.000000000000000000e+00,0.000000000000000000e+00,0.000000000000000000e+00,0.000000000000000000e+00,0.000000000000000000e+00,0.000000000000000000e+00,0.000000000000000000e+00,0.000000000000000000e+00,0.000000000000000000e+00,0.000000000000000000e+00,0.000000000000000000e+00,0.000000000000000000e+00,0.000000000000000000e+00,0.000000000000000000e+00,0.000000000000000000e+00,0.000000000000000000e+00,0.000000000000000000e+00,0.000000000000000000e+00,0.000000000000000000e+00,0.000000000000000000e+00,0.000000000000000000e+00,0.000000000000000000e+00,0.000000000000000000e+00,0.000000000000000000e+00,0.000000000000000000e+00,0.000000000000000000e+00,0.000000000000000000e+00,0.000000000000000000e+00,0.000000000000000000e+00,0.000000000000000000e+00,0.000000000000000000e+00,0.000000000000000000e+00,0.000000000000000000e+00,0.000000000000000000e+00,0.000000000000000000e+00,0.000000000000000000e+00,0.000000000000000000e+00,0.000000000000000000e+00,0.000000000000000000e+00,0.000000000000000000e+00,0.000000000000000000e+00,0.000000000000000000e+00,0.000000000000000000e+00,0.000000000000000000e+00,0.000000000000000000e+00,0.000000000000000000e+00,0.000000000000000000e+00,0.000000000000000000e+00,0.000000000000000000e+00,0.000000000000000000e+00,0.000000000000000000e+00,0.000000000000000000e+00,0.000000000000000000e+00,0.000000000000000000e+00,0.000000000000000000e+00,0.000000000000000000e+00,0.000000000000000000e+00,0.000000000000000000e+00,0.000000000000000000e+00,0.000000000000000000e+00,0.000000000000000000e+00,0.000000000000000000e+00,0.000000000000000000e+00,0.000000000000000000e+00,0.000000000000000000e+00,0.000000000000000000e+00,0.000000000000000000e+00,0.000000000000000000e+00,0.000000000000000000e+00,0.000000000000000000e+00,0.000000000000000000e+00,0.000000000000000000e+00,0.000000000000000000e+00,0.000000000000000000e+00,0.000000000000000000e+00,0.000000000000000000e+00,0.000000000000000000e+00,0.000000000000000000e+00,0.000000000000000000e+00,0.000000000000000000e+00,0.000000000000000000e+00,0.000000000000000000e+00,0.000000000000000000e+00,0.000000000000000000e+00,0.000000000000000000e+00,0.000000000000000000e+00,0.000000000000000000e+00,0.000000000000000000e+00,0.000000000000000000e+00,0.000000000000000000e+00,0.000000000000000000e+00,0.000000000000000000e+00,0.000000000000000000e+00,0.000000000000000000e+00,0.000000000000000000e+00,0.000000000000000000e+00,0.000000000000000000e+00,0.000000000000000000e+00,0.000000000000000000e+00,0.000000000000000000e+00,0.000000000000000000e+00,0.000000000000000000e+00,0.000000000000000000e+00,0.000000000000000000e+00,0.000000000000000000e+00,0.000000000000000000e+00,0.000000000000000000e+00,0.000000000000000000e+00,0.000000000000000000e+00,0.000000000000000000e+00,0.000000000000000000e+00,0.000000000000000000e+00,0.000000000000000000e+00,0.000000000000000000e+00,0.000000000000000000e+00,0.000000000000000000e+00,0.000000000000000000e+00,0.000000000000000000e+00,0.000000000000000000e+00,0.000000000000000000e+00,0.000000000000000000e+00,0.000000000000000000e+00,0.000000000000000000e+00
CQ_h,0.000000000000000000e+00,0.000000000000000000e+00,0.000000000000000000e+00,0.000000000000000000e+00,0.000000000000000000e+00,0.000000000000000000e+00,0.000000000000000000e+00,0.000000000000000000e+00,0.000000000000000000e+00,0.000000000000000000e+00,0.000000000000000000e+00,0.000000000000000000e+00,0.000000000000000000e+00,0.000000000000000000e+00,0.000000000000000000e+00,0.000000000000000000e+00,0.000000000000000000e+00,0.000000000000000000e+00,0.000000000000000000e+00,0.000000000000000000e+00,0.000000000000000000e+00,0.000000000000000000e+00,0.000000000000000000e+00,0.000000000000000000e+00,0.000000000000000000e+00,0.000000000000000000e+00,0.000000000000000000e+00,0.000000000000000000e+00,0.000000000000000000e+00,0.000000000000000000e+00,0.000000000000000000e+00,0.000000000000000000e+00,0.000000000000000000e+00,0.000000000000000000e+00,0.000000000000000000e+00,0.000000000000000000e+00,0.000000000000000000e+00,0.000000000000000000e+00,0.000000000000000000e+00,0.000000000000000000e+00,0.000000000000000000e+00,0.000000000000000000e+00,0.000000000000000000e+00,0.000000000000000000e+00,0.000000000000000000e+00,0.000000000000000000e+00,0.000000000000000000e+00,0.000000000000000000e+00,0.000000000000000000e+00,0.000000000000000000e+00,0.000000000000000000e+00,0.000000000000000000e+00,0.000000000000000000e+00,0.000000000000000000e+00,0.000000000000000000e+00,0.000000000000000000e+00,0.000000000000000000e+00,0.000000000000000000e+00,0.000000000000000000e+00,0.000000000000000000e+00,0.000000000000000000e+00,0.000000000000000000e+00,0.000000000000000000e+00,0.000000000000000000e+00,0.000000000000000000e+00,0.000000000000000000e+00,0.000000000000000000e+00,0.000000000000000000e+00,0.000000000000000000e+00,0.000000000000000000e+00,0.000000000000000000e+00,0.000000000000000000e+00,0.000000000000000000e+00,0.000000000000000000e+00,0.000000000000000000e+00,0.000000000000000000e+00,0.000000000000000000e+00,0.000000000000000000e+00,0.000000000000000000e+00,0.000000000000000000e+00,0.000000000000000000e+00,0.000000000000000000e+00,0.000000000000000000e+00,0.000000000000000000e+00,0.000000000000000000e+00,0.000000000000000000e+00,0.000000000000000000e+00,0.000000000000000000e+00,0.000000000000000000e+00,0.000000000000000000e+00,0.000000000000000000e+00,0.000000000000000000e+00,0.000000000000000000e+00,0.000000000000000000e+00,0.000000000000000000e+00,0.000000000000000000e+00,0.000000000000000000e+00,0.000000000000000000e+00,0.000000000000000000e+00,0.000000000000000000e+00,0.000000000000000000e+00,0.000000000000000000e+00,0.000000000000000000e+00,0.000000000000000000e+00,0.000000000000000000e+00,0.000000000000000000e+00,0.000000000000000000e+00,0.000000000000000000e+00,0.000000000000000000e+00,0.000000000000000000e+00,0.000000000000000000e+00,0.000000000000000000e+00,0.000000000000000000e+00,0.000000000000000000e+00,0.000000000000000000e+00,0.000000000000000000e+00,0.000000000000000000e+00,0.000000000000000000e+00,0.000000000000000000e+00,0.000000000000000000e+00,0.000000000000000000e+00,0.000000000000000000e+00,0.000000000000000000e+00,0.000000000000000000e+00,0.000000000000000000e+00,0.000000000000000000e+00,0.000000000000000000e+00,0.000000000000000000e+00,0.000000000000000000e+00,0.000000000000000000e+00,0.000000000000000000e+00,0.000000000000000000e+00,0.000000000000000000e+00,0.000000000000000000e+00,0.000000000000000000e+00,0.000000000000000000e+00,0.000000000000000000e+00,0.000000000000000000e+00,0.000000000000000000e+00,0.000000000000000000e+00,0.000000000000000000e+00,0.000000000000000000e+00,0.000000000000000000e+00,0.000000000000000000e+00,0.000000000000000000e+00,0.000000000000000000e+00,0.000000000000000000e+00,0.000000000000000000e+00,0.000000000000000000e+00,0.000000000000000000e+00,0.000000000000000000e+00,0.000000000000000000e+00,0.000000000000000000e+00,0.000000000000000000e+00,0.000000000000000000e+00,0.000000000000000000e+00,0.000000000000000000e+00,0.000000000000000000e+00,0.000000000000000000e+00,0.000000000000000000e+00,0.000000000000000000e+00,0.000000000000000000e+00,0.000000000000000000e+00,0.000000000000000000e+00,0.000000000000000000e+00,0.000000000000000000e+00,0.000000000000000000e+00,0.000000000000000000e+00,0.000000000000000000e+00,0.000000000000000000e+00,0.000000000000000000e+00,0.000000000000000000e+00,0.000000000000000000e+00,0.000000000000000000e+00,0.000000000000000000e+00,0.000000000000000000e+00,0.000000000000000000e+00,0.000000000000000000e+00,0.000000000000000000e+00,0.000000000000000000e+00,0.000000000000000000e+00,0.000000000000000000e+00,0.000000000000000000e+00,0.000000000000000000e+00,0.000000000000000000e+00,0.000000000000000000e+00,0.000000000000000000e+00,0.000000000000000000e+00,0.000000000000000000e+00,0.000000000000000000e+00,0.000000000000000000e+00,0.000000000000000000e+00,0.000000000000000000e+00,0.000000000000000000e+00,0.000000000000000000e+00,0.000000000000000000e+00,0.000000000000000000e+00,0.000000000000000000e+00,0.000000000000000000e+00,0.000000000000000000e+00,0.000000000000000000e+00,0.000000000000000000e+00,0.000000000000000000e+00,0.000000000000000000e+00,0.000000000000000000e+00,0.000000000000000000e+00,0.000000000000000000e+00,0.000000000000000000e+00,0.000000000000000000e+00,0.000000000000000000e+00,0.000000000000000000e+00,0.000000000000000000e+00,0.000000000000000000e+00,0.000000000000000000e+00,0.000000000000000000e+00,0.000000000000000000e+00,0.000000000000000000e+00,0.000000000000000000e+00,0.000000000000000000e+00,0.000000000000000000e+00,0.000000000000000000e+00,0.000000000000000000e+00,0.000000000000000000e+00,0.000000000000000000e+00,0.000000000000000000e+00,0.000000000000000000e+00,0.000000000000000000e+00,0.000000000000000000e+00,0.000000000000000000e+00,0.000000000000000000e+00,0.000000000000000000e+00,0.000000000000000000e+00,0.000000000000000000e+00,0.000000000000000000e+00,0.000000000000000000e+00,0.000000000000000000e+00,0.000000000000000000e+00,0.000000000000000000e+00
CT,0.000000000000000000e+00,0.000000000000000000e+00,0.000000000000000000e+00,0.000000000000000000e+00,0.000000000000000000e+00,0.000000000000000000e+00,0.000000000000000000e+00,0.000000000000000000e+00,0.000000000000000000e+00,0.000000000000000000e+00,0.000000000000000000e+00,0.000000000000000000e+00,0.000000000000000000e+00,0.000000000000000000e+00,0.000000000000000000e+00,0.000000000000000000e+00,0.000000000000000000e+00,0.000000000000000000e+00,0.000000000000000000e+00,0.000000000000000000e+00,0.000000000000000000e+00,0.000000000000000000e+00,0.000000000000000000e+00,0.000000000000000000e+00,0.000000000000000000e+00,0.000000000000000000e+00,0.000000000000000000e+00,0.000000000000000000e+00,0.000000000000000000e+00,0.000000000000000000e+00,0.000000000000000000e+00,0.000000000000000000e+00,0.000000000000000000e+00,0.000000000000000000e+00,0.000000000000000000e+00,0.000000000000000000e+00,0.000000000000000000e+00,0.000000000000000000e+00,0.000000000000000000e+00,0.000000000000000000e+00,0.000000000000000000e+00,0.000000000000000000e+00,0.000000000000000000e+00,0.000000000000000000e+00,0.000000000000000000e+00,0.000000000000000000e+00,0.000000000000000000e+00,0.000000000000000000e+00,0.000000000000000000e+00,0.000000000000000000e+00,0.000000000000000000e+00,0.000000000000000000e+00,0.000000000000000000e+00,0.000000000000000000e+00,0.000000000000000000e+00,0.000000000000000000e+00,0.000000000000000000e+00,0.000000000000000000e+00,0.000000000000000000e+00,0.000000000000000000e+00,0.000000000000000000e+00,0.000000000000000000e+00,0.000000000000000000e+00,0.000000000000000000e+00,0.000000000000000000e+00,0.000000000000000000e+00,0.000000000000000000e+00,0.000000000000000000e+00,0.000000000000000000e+00,0.000000000000000000e+00,0.000000000000000000e+00,0.000000000000000000e+00,0.000000000000000000e+00,0.000000000000000000e+00,0.000000000000000000e+00,0.000000000000000000e+00,0.000000000000000000e+00,0.000000000000000000e+00,0.000000000000000000e+00,0.000000000000000000e+00,0.000000000000000000e+00,0.000000000000000000e+00,0.000000000000000000e+00,0.000000000000000000e+00,0.000000000000000000e+00,0.000000000000000000e+00,0.000000000000000000e+00,0.000000000000000000e+00,0.000000000000000000e+00,0.000000000000000000e+00,0.000000000000000000e+00,0.000000000000000000e+00,0.000000000000000000e+00,0.000000000000000000e+00,0.000000000000000000e+00,0.000000000000000000e+00,0.000000000000000000e+00,0.000000000000000000e+00,0.000000000000000000e+00,0.000000000000000000e+00,0.000000000000000000e+00,0.000000000000000000e+00,0.000000000000000000e+00,0.000000000000000000e+00,0.000000000000000000e+00,0.000000000000000000e+00,0.000000000000000000e+00,0.000000000000000000e+00,0.000000000000000000e+00,0.000000000000000000e+00,0.000000000000000000e+00,0.000000000000000000e+00,0.000000000000000000e+00,0.000000000000000000e+00,0.000000000000000000e+00,0.000000000000000000e+00,0.000000000000000000e+00,0.000000000000000000e+00,0.000000000000000000e+00,0.000000000000000000e+00,0.000000000000000000e+00,0.000000000000000000e+00,0.000000000000000000e+00,0.000000000000000000e+00,0.000000000000000000e+00,0.000000000000000000e+00,0.000000000000000000e+00,0.000000000000000000e+00,0.000000000000000000e+00,0.000000000000000000e+00,0.000000000000000000e+00,0.000000000000000000e+00,0.000000000000000000e+00,0.000000000000000000e+00,0.000000000000000000e+00,0.000000000000000000e+00,0.000000000000000000e+00,0.000000000000000000e+00,0.000000000000000000e+00,0.000000000000000000e+00,0.000000000000000000e+00,0.000000000000000000e+00,0.000000000000000000e+00,0.000000000000000000e+00,0.000000000000000000e+00,0.000000000000000000e+00,0.000000000000000000e+00,0.000000000000000000e+00,0.000000000000000000e+00,0.000000000000000000e+00,0.000000000000000000e+00,0.000000000000000000e+00,0.000000000000000000e+00,0.000000000000000000e+00,0.000000000000000000e+00,0.000000000000000000e+00,0.000000000000000000e+00,0.000000000000000000e+00,0.000000000000000000e+00,0.000000000000000000e+00,0.000000000000000000e+00,0.000000000000000000e+00,0.000000000000000000e+00,0.000000000000000000e+00,0.000000000000000000e+00,0.000000000000000000e+00,0.000000000000000000e+00,0.000000000000000000e+00,0.000000000000000000e+00,0.000000000000000000e+00,0.000000000000000000e+00,0.000000000000000000e+00,0.000000000000000000e+00,0.000000000000000000e+00,0.000000000000000000e+00,0.000000000000000000e+00,0.000000000000000000e+00,0.000000000000000000e+00,0.000000000000000000e+00,0.000000000000000000e+00,0.000000000000000000e+00,0.000000000000000000e+00,0.000000000000000000e+00,0.000000000000000000e+00,0.000000000000000000e+00,0.000000000000000000e+00,0.000000000000000000e+00,0.000000000000000000e+00,0.000000000000000000e+00,0.000000000000000000e+00,0.000000000000000000e+00,0.000000000000000000e+00,0.000000000000000000e+00,0.000000000000000000e+00,0.000000000000000000e+00,0.000000000000000000e+00,0.000000000000000000e+00,0.000000000000000000e+00,0.000000000000000000e+00,0.000000000000000000e+00,0.000000000000000000e+00,0.000000000000000000e+00,0.000000000000000000e+00,0.000000000000000000e+00,0.000000000000000000e+00,0.000000000000000000e+00,0.000000000000000000e+00,0.000000000000000000e+00,0.000000000000000000e+00,0.000000000000000000e+00,0.000000000000000000e+00,0.000000000000000000e+00,0.000000000000000000e+00,0.000000000000000000e+00,0.000000000000000000e+00,0.000000000000000000e+00,0.000000000000000000e+00,0.000000000000000000e+00,0.000000000000000000e+00,0.000000000000000000e+00,0.000000000000000000e+00,0.000000000000000000e+00,0.000000000000000000e+00,0.000000000000000000e+00,0.000000000000000000e+00,0.000000000000000000e+00,0.000000000000000000e+00,0.000000000000000000e+00,0.000000000000000000e+00,0.000000000000000000e+00,0.000000000000000000e+00,0.000000000000000000e+00,0.000000000000000000e+00,0.000000000000000000e+00,0.000000000000000000e+00,0.000000000000000000e+00,0.000000000000000000e+00,0.000000000000000000e+00
CT_h,0.000000000000000000e+00,0.000000000000000000e+00,0.000000000000000000e+00,0.000000000000000000e+00,0.000000000000000000e+00,0.000000000000000000e+00,0.000000000000000000e+00,0.000000000000000000e+00,0.000000000000000000e+00,0.000000000000000000e+00,0.000000000000000000e+00,0.000000000000000000e+00,0.000000000000000000e+00,0.000000000000000000e+00,0.000000000000000000e+00,0.000000000000000000e+00,0.000000000000000000e+00,0.000000000000000000e+00,0.000000000000000000e+00,0.000000000000000000e+00,0.000000000000000000e+00,0.000000000000000000e+00,0.000000000000000000e+00,0.000000000000000000e+00,0.000000000000000000e+00,0.000000000000000000e+00,0.000000000000000000e+00,0.000000000000000000e+00,0.000000000000000000e+00,0.000000000000000000e+00,0.000000000000000000e+00,0.000000000000000000e+00,0.000000000000000000e+00,0.000000000000000000e+00,0.000000000000000000e+00,0.000000000000000000e+00,0.000000000000000000e+00,0.000000000000000000e+00,0.000000000000000000e+00,0.000000000000000000e+00,0.000000000000000000e+00,0.000000000000000000e+00,0.000000000000000000e+00,0.000000000000000000e+00,0.000000000000000000e+00,0.000000000000000000e+00,0.000000000000000000e+00,0.000000000000000000e+00,0.000000000000000000e+00,0.000000000000000000e+00,0.000000000000000000e+00,0.000000000000000000e+00,0.000000000000000000e+00,0.000000000000000000e+00,0.000000000000000000e+00,0.000000000000000000e+00,0.000000000000000000e+00,0.000000000000000000e+00,0.000000000000000000e+00,0.000000000000000000e+00,0.000000000000000000e+00,0.000000000000000000e+00,0.000000000000000000e+00,0.000000000000000000e+00,0.000000000000000000e+00,0.000000000000000000e+00,0.000000000000000000e+00,0.000000000000000000e+00,0.000000000000000000e+00,0.000000000000000000e+00,0.000000000000000000e+00,0.000000000000000000e+00,0.000000000000000000e+00,0.000000000000000000e+00,0.000000000000000000e+00,0.000000000000000000e+00,0.000000000000000000e+00,0.000000000000000000e+00,0.000000000000000000e+00,0.000000000000000000e+00,0.000000000000000000e+00,0.000000000000000000e+00,0.000000000000000000e+00,0.000000000000000000e+00,0.000000000000000000e+00,0.000000000000000000e+00,0.000000000000000000e+00,0.000000000000000000e+00,0.000000000000000000e+00,0.000000000000000000e+00,0.000000000000000000e+00,0.000000000000000000e+00,0.000000000000000000e+00,0.000000000000000000e+00,0.000000000000000000e+00,0.000000000000000000e+00,0.000000000000000000e+00,0.000000000000000000e+00,0.000000000000000000e+00,0.000000000000000000e+00,0.000000000000000000e+00,0.000000000000000000e+00,0.000000000000000000e+00,0.000000000000000000e+00,0.000000000000000000e+00,0.000000000000000000e+00,0.000000000000000000e+00,0.000000000000000000e+00,0.000000000000000000e+00,0.000000000000000000e+00,0.000000000000000000e+00,0.000000000000000000e+00,0.000000000000000000e+00,0.000000000000000000e+00,0.000000000000000000e+00,0.000000000000000000e+00,0.000000000000000000e+00,0.000000000000000000e+00,0.000000000000000000e+00,0.000000000000000000e+00,0.000000000000000000e+00,0.000000000000000000e+00,0.000000000000000000e+00,0.000000000000000000e+00,0.000000000000000000e+00,0.000000000000000000e+00,0.000000000000000000e+00,0.000000000000000000e+00,0.000000000000000000e+00,0.000000000000000000e+00,0.000000000000000000e+00,0.000000000000000000e+00,0.000000000000000000e+00,0.000000000000000000e+00,0.000000000000000000e+00,0.000000000000000000e+00,0.000000000000000000e+00,0.000000000000000000e+00,0.000000000000000000e+00,0.000000000000000000e+00,0.000000000000000000e+00,0.000000000000000000e+00,0.000000000000000000e+00,0.000000000000000000e+00,0.000000000000000000e+00,0.000000000000000000e+00,0.000000000000000000e+00,0.000000000000000000e+00,0.000000000000000000e+00,0.000000000000000000e+00,0.000000000000000000e+00,0.000000000000000000e+00,0.000000000000000000e+00,0.000000000000000000e+00,0.000000000000000000e+00,0.000000000000000000e+00,0.000000000000000000e+00,0.000000000000000000e+00,0.000000000000000000e+00,0.000000000000000000e+00,0.000000000000000000e+00,0.000000000000000000e+00,0.000000000000000000e+00,0.000000000000000000e+00,0.000000000000000000e+00,0.000000000000000000e+00,0.000000000000000000e+00,0.000000000000000000e+00,0.000000000000000000e+00,0.000000000000000000e+00,0.000000000000000000e+00,0.000000000000000000e+00,0.000000000000000000e+00,0.000000000000000000e+00,0.000000000000000000e+00,0.000000000000000000e+00,0.000000000000000000e+00,0.000000000000000000e+00,0.000000000000000000e+00,0.000000000000000000e+00,0.000000000000000000e+00,0.000000000000000000e+00,0.000000000000000000e+00,0.000000000000000000e+00,0.000000000000000000e+00,0.000000000000000000e+00,0.000000000000000000e+00,0.000000000000000000e+00,0.000000000000000000e+00,0.000000000000000000e+00,0.000000000000000000e+00,0.000000000000000000e+00,0.000000000000000000e+00,0.000000000000000000e+00,0.000000000000000000e+00,0.000000000000000000e+00,0.000000000000000000e+00,0.000000000000000000e+00,0.000000000000000000e+00,0.000000000000000000e+00,0.000000000000000000e+00,0.000000000000000000e+00,0.000000000000000000e+00,0.000000000000000000e+00,0.000000000000000000e+00,0.000000000000000000e+00,0.000000000000000000e+00,0.000000000000000000e+00,0.000000000000000000e+00,0.000000000000000000e+00,0.000000000000000000e+00,0.000000000000000000e+00,0.000000000000000000e+00,0.000000000000000000e+00,0.000000000000000000e+00,0.000000000000000000e+00,0.000000000000000000e+00,0.000000000000000000e+00,0.000000000000000000e+00,0.000000000000000000e+00,0.000000000000000000e+00,0.000000000000000000e+00,0.000000000000000000e+00,0.000000000000000000e+00,0.000000000000000000e+00,0.000000000000000000e+00,0.000000000000000000e+00,0.000000000000000000e+00,0.000000000000000000e+00,0.000000000000000000e+00,0.000000000000000000e+00,0.000000000000000000e+00,0.000000000000000000e+00,0.000000000000000000e+00,0.000000000000000000e+00,0.000000000000000000e+00,0.000000000000000000e+00,0.000000000000000000e+00
Chord,1.306300000000000017e+00,1.322480000000000100e+00,1.338670000000000027e+00,1.354859999999999953e+00,1.371050000000000102e+00,1.387240000000000029e+00,1.403429999999999955e+00,1.419620000000000104e+00,1.435810000000000031e+00,1.452010000000000023e+00,1.468199999999999950e+00,1.484390000000000098e+00,1.500580000000000025e+00,1.516780000000000017e+00,1.532969999999999944e+00,1.549160000000000093e+00,1.565360000000000085e+00,1.581550000000000011e+00,1.590729999999999977e+00,1.592889999999999917e+00,1.595050000000000079e+00,1.597210000000000019e+00,1.599369999999999958e+00,1.601520000000000055e+00,1.611590000000000078e+00,1.629569999999999963e+00,1.647550000000000070e+00,1.665529999999999955e+00,1.683510000000000062e+00,1.701489999999999947e+00,1.719470000000000054e+00,1.737460000000000004e+00,1.755439999999999889e+00,1.773430000000000062e+00,1.791409999999999947e+00,1.809399999999999897e+00,1.827390000000000070e+00,1.845369999999999955e+00,1.863359999999999905e+00,1.881350000000000078e+00,1.899340000000000028e+00,1.917329999999999979e+00,1.935319999999999929e+00,1.953319999999999945e+00,1.971309999999999896e+00,1.989300000000000068e+00,2.007299999999999862e+00,2.025290000000000035e+00,2.043289999999999829e+00,2.061280000000000001e+00,2.079279999999999795e+00,2.097280000000000033e+00,2.115270000000000206e+00,2.133270000000000000e+00,2.151269999999999794e+00,2.169270000000000032e+00,2.187269999999999825e+00,2.205270000000000064e+00,2.223269999999999857e+00,2.241270000000000095e+00,2.257150000000000212e+00,2.270910000000000206e+00,2.284670000000000201e+00,2.298430000000000195e+00,2.312190000000000190e+00,2.325959999999999805e+00,2.339719999999999800e+00,2.353489999999999860e+00,2.353489999999999860e+00,2.339719999999999800e+00,2.325959999999999805e+00,2.312190000000000190e+00,2.298430000000000195e+00,2.284670000000000201e+00,2.270910000000000206e+00,2.257150000000000212e+00,2.241270000000000095e+00,2.223269999999999857e+00,2.205270000000000064e+00,2.187269999999999825e+00,2.169270000000000032e+00,2.151269999999999794e+00,2.133270000000000000e+00,2.115270000000000206e+00,2.097280000000000033e+00,2.079279999999999795e+00,2.061280000000000001e+00,2.043289999999999829e+00,2.025290000000000035e+00,2.007299999999999862e+00,1.989300000000000068e+00,1.971309999999999896e+00,1.953319999999999945e+00,1.935319999999999929e+00,1.917329999999999979e+00,1.899340000000000028e+00,1.881350000000000078e+00,1.863359999999999905e+00,1.845369999999999955e+00,1.827390000000000070e+00,1.809399999999999897e+00,1.791409999999999947e+00,1.773430000000000062e+00,1.755439999999999889e+00,1.737460000000000004e+00,1.719470000000000054e+00,1.701489999999999947e+00,1.683510000000000062e+00,1.665529999999999955e+00,1.647550000000000070e+00,1.629569999999999963e+00,1.611590000000000078e+00,1.601520000000000055e+00,1.599369999999999958e+00,1.597210000000000019e+00,1.595050000000000079e+00,1.592889999999999917e+00,1.590729999999999977e+00,1.581550000000000011e+00,1.565360000000000085e+00,1.549160000000000093e+00,1.532969999999999944e+00,1.516780000000000017e+00,1.500580000000000025e+00,1.484390000000000098e+00,1.468199999999999950e+00,1.452010000000000023e+00,1.435810000000000031e+00,1.419620000000000104e+00,1.403429999999999955e+00,1.387240000000000029e+00,1.371050000000000102e+00,1.354859999999999953e+00,1.338670000000000027e+00,1.322480000000000100e+00,1.306300000000000017e+00,1.043050000000000033e+00,1.067590000000000039e+00,1.092130000000000045e+00,1.116670000000000051e+00,1.141219999999999901e+00,1.165759999999999907e+00,1.190299999999999914e+00,1.214839999999999920e+00,1.239389999999999992e+00,1.263929999999999998e+00,1.288470000000000004e+00,1.313010000000000010e+00,1.337560000000000082e+00,1.362100000000000088e+00,1.386640000000000095e+00,1.411180000000000101e+00,1.435720000000000107e+00,1.460269999999999957e+00,1.484809999999999963e+00,1.509349999999999969e+00,1.533889999999999976e+00,1.558440000000000047e+00,1.582980000000000054e+00,1.607520000000000060e+00,1.632060000000000066e+00,1.656609999999999916e+00,1.681149999999999922e+00,1.705689999999999928e+00,1.043050000000000033e+00,1.067590000000000039e+00,1.092130000000000045e+00,1.116670000000000051e+00,1.141219999999999901e+00,1.165759999999999907e+00,1.190299999999999914e+00,1.214839999999999920e+00,1.239389999999999992e+00,1.263929999999999998e+00,1.288470000000000004e+00,1.313010000000000010e+00,1.337560000000000082e+00,1.362100000000000088e+00,1.386640000000000095e+00,1.411180000000000101e+00,1.435720000000000107e+00,1.460269999999999957e+00,1.484809999999999963e+00,1.509349999999999969e+00,1.533889999999999976e+00,1.558440000000000047e+00,1.582980000000000054e+00,1.607520000000000060e+00,1.632060000000000066e+00,1.656609999999999916e+00,1.681149999999999922e+00,9.870100000000000540e-01,1.021649999999999947e+00,1.056280000000000108e+00,1.090910000000000046e+00,1.125539999999999985e+00,1.160169999999999924e+00,1.194809999999999928e+00,1.229440000000000088e+00,1.264070000000000027e+00,1.298699999999999966e+00,1.333329999999999904e+00,1.367969999999999908e+00,1.402600000000000069e+00,1.437230000000000008e+00,1.471859999999999946e+00,1.506490000000000107e+00,1.541130000000000111e+00,1.575760000000000050e+00,1.610389999999999988e+00,1.645019999999999927e+00,1.679650000000000087e+00,1.714290000000000092e+00,1.748920000000000030e+00,1.783549999999999969e+00,1.818179999999999907e+00,1.852810000000000068e+00,1.887450000000000072e+00,2.999999999999999889e-01,2.999999999999999889e-01,2.974999999999999867e-01,2.924999999999999822e-01,2.874999999999999778e-01,2.824999999999999734e-01,2.775000000000000244e-01,2.725000000000000200e-01,2.700000000000000178e-01,2.700000000000000178e-01,2.999999999999999889e-01,2.999999999999999889e-01,2.974999999999999867e-01,2.924999999999999822e-01,2.874999999999999778e-01,2.824999999999999734e-01,2.775000000000000244e-01,2.725000000000000200e-01,2.700000000000000178e-01,2.700000000000000178e-01
Diameter,0.000000000000000000e+00,0.000000000000000000e+00,0.000000000000000000e+00,0.000000000000000000e+00,0.000000000000000000e+00,0.000000000000000000e+00,0.000000000000000000e+00,0.000000000000000000e+00,0.000000000000000000e+00,0.000000000000000000e+00,0.000000000000000000e+00,0.000000000000000000e+00,0.000000000000000000e+00,0.000000000000000000e+00,0.000000000000000000e+00,0.000000000000000000e+00,0.000000000000000000e+00,0.000000000000000000e+00,0.000000000000000000e+00,0.000000000000000000e+00,0.000000000000000000e+00,0.000000000000000000e+00,0.000000000000000000e+00,0.000000000000000000e+00,0.000000000000000000e+00,0.000000000000000000e+00,0.000000000000000000e+00,0.000000000000000000e+00,0.000000000000000000e+00,0.000000000000000000e+00,0.000000000000000000e+00,0.000000000000000000e+00,0.000000000000000000e+00,0.000000000000000000e+00,0.000000000000000000e+00,0.000000000000000000e+00,0.000000000000000000e+00,0.000000000000000000e+00,0.000000000000000000e+00,0.000000000000000000e+00,0.000000000000000000e+00,0.000000000000000000e+00,0.000000000000000000e+00,0.000000000000000000e+00,0.000000000000000000e+00,0.000000000000000000e+00,0.000000000000000000e+00,0.000000000000000000e+00,0.000000000000000000e+00,0.000000000000000000e+00,0.000000000000000000e+00,0.000000000000000000e+00,0.000000000000000000e+00,0.000000000000000000e+00,0.000000000000000000e+00,0.000000000000000000e+00,0.000000000000000000e+00,0.000000000000000000e+00,0.000000000000000000e+00,0.000000000000000000e+00,0.000000000000000000e+00,0.000000000000000000e+00,0.000000000000000000e+00,0.000000000000000000e+00,0.000000000000000000e+00,0.000000000000000000e+00,0.000000000000000000e+00,0.000000000000000000e+00,0.000000000000000000e+00,0.000000000000000000e+00,0.000000000000000000e+00,0.000000000000000000e+00,0.000000000000000000e+00,0.000000000000000000e+00,0.000000000000000000e+00,0.000000000000000000e+00,0.000000000000000000e+00,0.000000000000000000e+00,0.000000000000000000e+00,0.000000000000000000e+00,0.000000000000000000e+00,0.000000000000000000e+00,0.000000000000000000e+00,0.000000000000000000e+00,0.000000000000000000e+00,0.000000000000000000e+00,0.000000000000000000e+00,0.000000000000000000e+00,0.000000000000000000e+00,0.000000000000000000e+00,0.000000000000000000e+00,0.000000000000000000e+00,0.000000000000000000e+00,0.000000000000000000e+00,0.000000000000000000e+00,0.000000000000000000e+00,0.000000000000000000e+00,0.000000000000000000e+00,0.000000000000000000e+00,0.000000000000000000e+00,0.000000000000000000e+00,0.000000000000000000e+00,0.000000000000000000e+00,0.000000000000000000e+00,0.000000000000000000e+00,0.000000000000000000e+00,0.000000000000000000e+00,0.000000000000000000e+00,0.000000000000000000e+00,0.000000000000000000e+00,0.000000000000000000e+00,0.000000000000000000e+00,0.000000000000000000e+00,0.000000000000000000e+00,0.000000000000000000e+00,0.000000000000000000e+00,0.000000000000000000e+00,0.000000000000000000e+00,0.000000000000000000e+00,0.000000000000000000e+00,0.000000000000000000e+00,0.000000000000000000e+00,0.000000000000000000e+00,0.000000000000000000e+00,0.000000000000000000e+00,0.000000000000000000e+00,0.000000000000000000e+00,0.000000000000000000e+00,0.000000000000000000e+00,0.000000000000000000e+00,0.000000000000000000e+00,0.000000000000000000e+00,0.000000000000000000e+00,0.000000000000000000e+00,0.000000000000000000e+00,0.000000000000000000e+00,0.000000000000000000e+00,0.000000000000000000e+00,0.000000000000000000e+00,0.000000000000000000e+00,0.000000000000000000e+00,0.000000000000000000e+00,0.000000000000000000e+00,0.000000000000000000e+00,0.000000000000000000e+00,0.000000000000000000e+00,0.000000000000000000e+00,0.000000000000000000e+00,0.000000000000000000e+00,0.000000000000000000e+00,0.000000000000000000e+00,0.000000000000000000e+00,0.000000000000000000e+00,0.000000000000000000e+00,0.000000000000000000e+00,0.000000000000000000e+00,0.000000000000000000e+00,0.000000000000000000e+00,0.000000000000000000e+00,0.000000000000000000e+00,0.000000000000000000e+00,0.000000000000000000e+00,0.000000000000000000e+00,0.000000000000000000e+00,0.000000000000000000e+00,0.000000000000000000e+00,0.000000000000000000e+00,0.000000000000000000e+00,0.000000000000000000e+00,0.000000000000000000e+00,0.000000000000000000e+00,0.000000000000000000e+00,0.000000000000000000e+00,0.000000000000000000e+00,0.000000000000000000e+00,0.000000000000000000e+00,0.000000000000000000e+00,0.000000000000000000e+00,0.000000000000000000e+00,0.000000000000000000e+00,0.000000000000000000e+00,0.000000000000000000e+00,0.000000000000000000e+00,0.000000000000000000e+00,0.000000000000000000e+00,0.000000000000000000e+00,0.000000000000000000e+00,0.000000000000000000e+00,0.000000000000000000e+00,0.000000000000000000e+00,0.000000000000000000e+00,0.000000000000000000e+00,0.000000000000000000e+00,0.000000000000000000e+00,0.000000000000000000e+00,0.000000000000000000e+00,0.000000000000000000e+00,0.000000000000000000e+00,0.000000000000000000e+00,0.000000000000000000e+00,0.000000000000000000e+00,0.000000000000000000e+00,0.000000000000000000e+00,0.000000000000000000e+00,0.000000000000000000e+00,0.000000000000000000e+00,0.000000000000000000e+00,0.000000000000000000e+00,0.000000000000000000e+00,0.000000000000000000e+00,0.000000000000000000e+00,0.000000000000000000e+00,0.000000000000000000e+00,0.000000000000000000e+00,0.000000000000000000e+00,0.000000000000000000e+00,0.000000000000000000e+00,0.000000000000000000e+00,0.000000000000000000e+00,0.000000000000000000e+00,0.000000000000000000e+00,0.000000000000000000e+00,0.000000000000000000e+00,0.000000000000000000e+00,0.000000000000000000e+00,0.000000000000000000e+00,0.000000000000000000e+00,0.000000000000000000e+00,0.000000000000000000e+00,0.000000000000000000e+00,0.000000000000000000e+00,0.000000000000000000e+00,0.000000000000000000e+00,0.000000000000000000e+00,0.000000000000000000e+00,0.000000000000000000e+00,0.000000000000000000e+00,0.000000000000000000e+00
ETAP,0.000000000000000000e+00,0.000000000000000000e+00,0.000000000000000000e+00,0.000000000000000000e+00,0.000000000000000000e+00,0.000000000000000000e+00,0.000000000000000000e+00,0.000000000000000000e+00,0.000000000000000000e+00,0.000000000000000000e+00,0.000000000000000000e+00,0.000000000000000000e+00,0.000000000000000000e+00,0.000000000000000000e+00,0.000000000000000000e+00,0.000000000000000000e+00,0.000000000000000000e+00,0.000000000000000000e+00,0.000000000000000000e+00,0.000000000000000000e+00,0.000000000000000000e+00,0.000000000000000000e+00,0.000000000000000000e+00,0.000000000000000000e+00,0.000000000000000000e+00,0.000000000000000000e+00,0.000000000000000000e+00,0.000000000000000000e+00,0.000000000000000000e+00,0.000000000000000000e+00,0.000000000000000000e+00,0.000000000000000000e+00,0.000000000000000000e+00,0.000000000000000000e+00,0.000000000000000000e+00,0.000000000000000000e+00,0.000000000000000000e+00,0.000000000000000000e+00,0.000000000000000000e+00,0.000000000000000000e+00,0.000000000000000000e+00,0.000000000000000000e+00,0.000000000000000000e+00,0.000000000000000000e+00,0.000000000000000000e+00,0.000000000000000000e+00,0.000000000000000000e+00,0.000000000000000000e+00,0.000000000000000000e+00,0.000000000000000000e+00,0.000000000000000000e+00,0.000000000000000000e+00,0.000000000000000000e+00,0.000000000000000000e+00,0.000000000000000000e+00,0.000000000000000000e+00,0.000000000000000000e+00,0.000000000000000000e+00,0.000000000000000000e+00,0.000000000000000000e+00,0.000000000000000000e+00,0.000000000000000000e+00,0.000000000000000000e+00,0.000000000000000000e+00,0.000000000000000000e+00,0.000000000000000000e+00,0.000000000000000000e+00,0.000000000000000000e+00,0.000000000000000000e+00,0.000000000000000000e+00,0.000000000000000000e+00,0.000000000000000000e+00,0.000000000000000000e+00,0.000000000000000000e+00,0.000000000000000000e+00,0.000000000000000000e+00,0.000000000000000000e+00,0.000000000000000000e+00,0.000000000000000000e+00,0.000000000000000000e+00,0.000000000000000000e+00,0.000000000000000000e+00,0.000000000000000000e+00,0.000000000000000000e+00,0.000000000000000000e+00,0.000000000000000000e+00,0.000000000000000000e+00,0.000000000000000000e+00,0.000000000000000000e+00,0.000000000000000000e+00,0.000000000000000000e+00,0.000000000000000000e+00,0.000000000000000000e+00,0.000000000000000000e+00,0.000000000000000000e+00,0.000000000000000000e+00,0.000000000000000000e+00,0.000000000000000000e+00,0.000000000000000000e+00,0.000000000000000000e+00,0.000000000000000000e+00,0.000000000000000000e+00,0.000000000000000000e+00,0.000000000000000000e+00,0.000000000000000000e+00,0.000000000000000000e+00,0.000000000000000000e+00,0.000000000000000000e+00,0.000000000000000000e+00,0.000000000000000000e+00,0.000000000000000000e+00,0.000000000000000000e+00,0.000000000000000000e+00,0.000000000000000000e+00,0.000000000000000000e+00,0.000000000000000000e+00,0.000000000000000000e+00,0.000000000000000000e+00,0.000000000000000000e+00,0.000000000000000000e+00,0.000000000000000000e+00,0.000000000000000000e+00,0.000000000000000000e+00,0.000000000000000000e+00,0.000000000000000000e+00,0.000000000000000000e+00,0.000000000000000000e+00,0.000000000000000000e+00,0.000000000000000000e+00,0.000000000000000000e+00,0.000000000000000000e+00,0.000000000000000000e+00,0.000000000000000000e+00,0.000000000000000000e+00,0.000000000000000000e+00,0.000000000000000000e+00,0.000000000000000000e+00,0.000000000000000000e+00,0.000000000000000000e+00,0.000000000000000000e+00,0.000000000000000000e+00,0.000000000000000000e+00,0.000000000000000000e+00,0.000000000000000000e+00,0.000000000000000000e+00,0.000000000000000000e+00,0.000000000000000000e+00,0.000000000000000000e+00,0.000000000000000000e+00,0.000000000000000000e+00,0.000000000000000000e+00,0.000000000000000000e+00,0.000000000000000000e+00,0.000000000000000000e+00,0.000000000000000000e+00,0.000000000000000000e+00,0.000000000000000000e+00,0.000000000000000000e+00,0.000000000000000000e+00,0.000000000000000000e+00,0.000000000000000000e+00,0.000000000000000000e+00,0.000000000000000000e+00,0.000000000000000000e+00,0.000000000000000000e+00,0.000000000000000000e+00,0.000000000000000000e+00,0.000000000000000000e+00,0.000000000000000000e+00,0.000000000000000000e+00,0.000000000000000000e+00,0.000000000000000000e+00,0.000000000000000000e+00,0.000000000000000000e+00,0.000000000000000000e+00,0.000000000000000000e+00,0.000000000000000000e+00,0.000000000000000000e+00,0.000000000000000000e+00,0.000000000000000000e+00,0.000000000000000000e+00,0.000000000000000000e+00,0.000000000000000000e+00,0.000000000000000000e+00,0.000000000000000000e+00,0.000000000000000000e+00,0.000000000000000000e+00,0.000000000000000000e+00,0.000000000000000000e+00,0.000000000000000000e+00,0.000000000000000000e+00,0.000000000000000000e+00,0.000000000000000000e+00,0.000000000000000000e+00,0.000000000000000000e+00,0.000000000000000000e+00,0.000000000000000000e+00,0.000000000000000000e+00,0.000000000000000000e+00,0.000000000000000000e+00,0.000000000000000000e+00,0.000000000000000000e+00,0.000000000000000000e+00,0.000000000000000000e+00,0.000000000000000000e+00,0.000000000000000000e+00,0.000000000000000000e+00,0.000000000000000000e+00,0.000000000000000000e+00,0.000000000000000000e+00,0.000000000000000000e+00,0.000000000000000000e+00,0.000000000000000000e+00,0.000000000000000000e+00,0.000000000000000000e+00,0.000000000000000000e+00,0.000000000000000000e+00,0.000000000000000000e+00,0.000000000000000000e+00,0.000000000000000000e+00,0.000000000000000000e+00,0.000000000000000000e+00,0.000000000000000000e+00,0.000000000000000000e+00,0.000000000000000000e+00,0.000000000000000000e+00,0.000000000000000000e+00,0.000000000000000000e+00,0.000000000000000000e+00,0.000000000000000000e+00,0.000000000000000000e+00,0.000000000000000000e+00,0.000000000000000000e+00,0.000000000000000000e+00,0.000000000000000000e+00,0.000000000000000000e+00,0.000000000000000000e+00,0.000000000000000000e+00
FC_AoA_,0.000000000000000000e+00
FC_Beta_,0.000000000000000000e+00
FC_Bref_,1.639999999999999858e+01
FC_Cref_,1.881000000000000005e+00
FC_Mach_,6.049999999999999822e-02
FC_Pitch_Rate,0.000000000000000000e+00
FC_Rho_,1.225000000000000089e+00
FC_Roll__Rate,0.000000000000000000e+00
FC_Sref_,3.000000340000000065e+01
FC_Vinf_,2.057999999999999829e+01
FC_Xcg_,3.703120000000000189e+00
FC_Yaw___Rate,0.000000000000000000e+00
FC_Ycg_,0.000000000000000000e+00
FC_Zcg_,0.000000000000000000e+00
FOM,0.000000000000000000e+00,0.000000000000000000e+00,0.000000000000000000e+00,0.000000000000000000e+00,0.000000000000000000e+00,0.000000000000000000e+00,0.000000000000000000e+00,0.000000000000000000e+00,0.000000000000000000e+00,0.000000000000000000e+00,0.000000000000000000e+00,0.000000000000000000e+00,0.000000000000000000e+00,0.000000000000000000e+00,0.000000000000000000e+00,0.000000000000000000e+00,0.000000000000000000e+00,0.000000000000000000e+00,0.000000000000000000e+00,0.000000000000000000e+00,0.000000000000000000e+00,0.000000000000000000e+00,0.000000000000000000e+00,0.000000000000000000e+00,0.000000000000000000e+00,0.000000000000000000e+00,0.000000000000000000e+00,0.000000000000000000e+00,0.000000000000000000e+00,0.000000000000000000e+00,0.000000000000000000e+00,0.000000000000000000e+00,0.000000000000000000e+00,0.000000000000000000e+00,0.000000000000000000e+00,0.000000000000000000e+00,0.000000000000000000e+00,0.000000000000000000e+00,0.000000000000000000e+00,0.000000000000000000e+00,0.000000000000000000e+00,0.000000000000000000e+00,0.000000000000000000e+00,0.000000000000000000e+00,0.000000000000000000e+00,0.000000000000000000e+00,0.000000000000000000e+00,0.000000000000000000e+00,0.000000000000000000e+00,0.000000000000000000e+00,0.000000000000000000e+00,0.000000000000000000e+00,0.000000000000000000e+00,0.000000000000000000e+00,0.000000000000000000e+00,0.000000000000000000e+00,0.000000000000000000e+00,0.000000000000000000e+00,0.000000000000000000e+00,0.000000000000000000e+00,0.000000000000000000e+00,0.000000000000000000e+00,0.000000000000000000e+00,0.000000000000000000e+00,0.000000000000000000e+00,0.000000000000000000e+00,0.000000000000000000e+00,0.000000000000000000e+00,0.000000000000000000e+00,0.000000000000000000e+00,0.000000000000000000e+00,0.000000000000000000e+00,0.000000000000000000e+00,0.000000000000000000e+00,0.000000000000000000e+00,0.000000000000000000e+00,0.000000000000000000e+00,0.000000000000000000e+00,0.000000000000000000e+00,0.000000000000000000e+00,0.000000000000000000e+00,0.000000000000000000e+00,0.000000000000000000e+00,0.000000000000000000e+00,0.000000000000000000e+00,0.000000000000000000e+00,0.000000000000000000e+00,0.000000000000000000e+00,0.000000000000000000e+00,0.000000000000000000e+00,0.000000000000000000e+00,0.000000000000000000e+00,0.000000000000000000e+00,0.000000000000000000e+00,0.000000000000000000e+00,0.000000000000000000e+00,0.000000000000000000e+00,0.000000000000000000e+00,0.000000000000000000e+00,0.000000000000000000e+00,0.000000000000000000e+00,0.000000000000000000e+00,0.000000000000000000e+00,0.000000000000000000e+00,0.000000000000000000e+00,0.000000000000000000e+00,0.000000000000000000e+00,0.000000000000000000e+00,0.000000000000000000e+00,0.000000000000000000e+00,0.000000000000000000e+00,0.000000000000000000e+00,0.000000000000000000e+00,0.000000000000000000e+00,0.000000000000000000e+00,0.000000000000000000e+00,0.000000000000000000e+00,0.000000000000000000e+00,0.000000000000000000e+00,0.000000000000000000e+00,0.000000000000000000e+00,0.000000000000000000e+00,0.000000000000000000e+00,0.000000000000000000e+00,0.000000000000000000e+00,0.000000000000000000e+00,0.000000000000000000e+00,0.000000000000000000e+00,0.000000000000000000e+00,0.000000000000000000e+00,0.000000000000000000e+00,0.000000000000000000e+00,0.000000000000000000e+00,0.000000000000000000e+00,0.000000000000000000e+00,0.000000000000000000e+00,0.000000000000000000e+00,0.000000000000000000e+00,0.000000000000000000e+00,0.000000000000000000e+00,0.000000000000000000e+00,0.000000000000000000e+00,0.000000000000000000e+00,0.000000000000000000e+00,0.000000000000000000e+00,0.000000000000000000e+00,0.000000000000000000e+00,0.000000000000000000e+00,0.000000000000000000e+00,0.000000000000000000e+00,0.000000000000000000e+00,0.000000000000000000e+00,0.000000000000000000e+00,0.000000000000000000e+00,0.000000000000000000e+00,0.000000000000000000e+00,0.000000000000000000e+00,0.000000000000000000e+00,0.000000000000000000e+00,0.000000000000000000e+00,0.000000000000000000e+00,0.000000000000000000e+00,0.000000000000000000e+00,0.000000000000000000e+00,0.000000000000000000e+00,0.000000000000000000e+00,0.000000000000000000e+00,0.000000000000000000e+00,0.000000000000000000e+00,0.000000000000000000e+00,0.000000000000000000e+00,0.000000000000000000e+00,0.000000000000000000e+00,0.000000000000000000e+00,0.000000000000000000e+00,0.000000000000000000e+00,0.000000000000000000e+00,0.000000000000000000e+00,0.000000000000000000e+00,0.000000000000000000e+00,0.000000000000000000e+00,0.000000000000000000e+00,0.000000000000000000e+00,0.000000000000000000e+00,0.000000000000000000e+00,0.000000000000000000e+00,0.000000000000000000e+00,0.000000000000000000e+00,0.000000000000000000e+00,0.000000000000000000e+00,0.000000000000000000e+00,0.000000000000000000e+00,0.000000000000000000e+00,0.000000000000000000e+00,0.000000000000000000e+00,0.000000000000000000e+00,0.000000000000000000e+00,0.000000000000000000e+00,0.000000000000000000e+00,0.000000000000000000e+00,0.000000000000000000e+00,0.000000000000000000e+00,0.000000000000000000e+00,0.000000000000000000e+00,0.000000000000000000e+00,0.000000000000000000e+00,0.000000000000000000e+00,0.000000000000000000e+00,0.000000000000000000e+00,0.000000000000000000e+00,0.000000000000000000e+00,0.000000000000000000e+00,0.000000000000000000e+00,0.000000000000000000e+00,0.000000000000000000e+00,0.000000000000000000e+00,0.000000000000000000e+00,0.000000000000000000e+00,0.000000000000000000e+00,0.000000000000000000e+00,0.000000000000000000e+00,0.000000000000000000e+00,0.000000000000000000e+00,0.000000000000000000e+00,0.000000000000000000e+00,0.000000000000000000e+00,0.000000000000000000e+00,0.000000000000000000e+00,0.000000000000000000e+00,0.000000000000000000e+00,0.000000000000000000e+00,0.000000000000000000e+00,0.000000000000000000e+00,0.000000000000000000e+00,0.000000000000000000e+00,0.000000000000000000e+00,0.000000000000000000e+00,0.000000000000000000e+00
IsARotor,0,0,0,0,0,0,0,0,0,0,0,0,0,0,0,0,0,0,0,0,0,0,0,0,0,0,0,0,0,0,0,0,0,0,0,0,0,0,0,0,0,0,0,0,0,0,0,0,0,0,0,0,0,0,0,0,0,0,0,0,0,0,0,0,0,0,0,0,0,0,0,0,0,0,0,0,0,0,0,0,0,0,0,0,0,0,0,0,0,0,0,0,0,0,0,0,0,0,0,0,0,0,0,0,0,0,0,0,0,0,0,0,0,0,0,0,0,0,0,0,0,0,0,0,0,0,0,0,0,0,0,0,0,0,0,0,0,0,0,0,0,0,0,0,0,0,0,0,0,0,0,0,0,0,0,0,0,0,0,0,0,0,0,0,0,0,0,0,0,0,0,0,0,0,0,0,0,0,0,0,0,0,0,0,0,0,0,0,0,0,0,0,0,0,0,0,0,0,0,0,0,0,0,0,0,0,0,0,0,0,0,0,0,0,0,0,0,0,0,0,0,0,0,0,0,0,0,0,0,0,0,0,0,0,0,0,0,0
Iter,20,20,20,20,20,20,20,20,20,20,20,20,20,20,20,20,20,20,20,20,20,20,20,20,20,20,20,20,20,20,20,20,20,20,20,20,20,20,20,20,20,20,20,20,20,20,20,20,20,20,20,20,20,20,20,20,20,20,20,20,20,20,20,20,20,20,20,20,20,20,20,20,20,20,20,20,20,20,20,20,20,20,20,20,20,20,20,20,20,20,20,20,20,20,20,20,20,20,20,20,20,20,20,20,20,20,20,20,20,20,20,20,20,20,20,20,20,20,20,20,20,20,20,20,20,20,20,20,20,20,20,20,20,20,20,20,20,20,20,20,20,20,20,20,20,20,20,20,20,20,20,20,20,20,20,20,20,20,20,20,20,20,20,20,20,20,20,20,20,20,20,20,20,20,20,20,20,20,20,20,20,20,20,20,20,20,20,20,20,20,20,20,20,20,20,20,20,20,20,20,20,20,20,20,20,20,20,20,20,20,20,20,20,20,20,20,20,20,20,20,20,20,20,20,20,20,20,20,20,20,20,20,20,20,20,20,20,20
J,0.000000000000000000e+00,0.000000000000000000e+00,0.000000000000000000e+00,0.000000000000000000e+00,0.000000000000000000e+00,0.000000000000000000e+00,0.000000000000000000e+00,0.000000000000000000e+00,0.000000000000000000e+00,0.000000000000000000e+00,0.000000000000000000e+00,0.000000000000000000e+00,0.000000000000000000e+00,0.000000000000000000e+00,0.000000000000000000e+00,0.000000000000000000e+00,0.000000000000000000e+00,0.000000000000000000e+00,0.000000000000000000e+00,0.000000000000000000e+00,0.000000000000000000e+00,0.000000000000000000e+00,0.000000000000000000e+00,0.000000000000000000e+00,0.000000000000000000e+00,0.000000000000000000e+00,0.000000000000000000e+00,0.000000000000000000e+00,0.000000000000000000e+00,0.000000000000000000e+00,0.000000000000000000e+00,0.000000000000000000e+00,0.000000000000000000e+00,0.000000000000000000e+00,0.000000000000000000e+00,0.000000000000000000e+00,0.000000000000000000e+00,0.000000000000000000e+00,0.000000000000000000e+00,0.000000000000000000e+00,0.000000000000000000e+00,0.000000000000000000e+00,0.000000000000000000e+00,0.000000000000000000e+00,0.000000000000000000e+00,0.000000000000000000e+00,0.000000000000000000e+00,0.000000000000000000e+00,0.000000000000000000e+00,0.000000000000000000e+00,0.000000000000000000e+00,0.000000000000000000e+00,0.000000000000000000e+00,0.000000000000000000e+00,0.000000000000000000e+00,0.000000000000000000e+00,0.000000000000000000e+00,0.000000000000000000e+00,0.000000000000000000e+00,0.000000000000000000e+00,0.000000000000000000e+00,0.000000000000000000e+00,0.000000000000000000e+00,0.000000000000000000e+00,0.000000000000000000e+00,0.000000000000000000e+00,0.000000000000000000e+00,0.000000000000000000e+00,0.000000000000000000e+00,0.000000000000000000e+00,0.000000000000000000e+00,0.000000000000000000e+00,0.000000000000000000e+00,0.000000000000000000e+00,0.000000000000000000e+00,0.000000000000000000e+00,0.000000000000000000e+00,0.000000000000000000e+00,0.000000000000000000e+00,0.000000000000000000e+00,0.000000000000000000e+00,0.000000000000000000e+00,0.000000000000000000e+00,0.000000000000000000e+00,0.000000000000000000e+00,0.000000000000000000e+00,0.000000000000000000e+00,0.000000000000000000e+00,0.000000000000000000e+00,0.000000000000000000e+00,0.000000000000000000e+00,0.000000000000000000e+00,0.000000000000000000e+00,0.000000000000000000e+00,0.000000000000000000e+00,0.000000000000000000e+00,0.000000000000000000e+00,0.000000000000000000e+00,0.000000000000000000e+00,0.000000000000000000e+00,0.000000000000000000e+00,0.000000000000000000e+00,0.000000000000000000e+00,0.000000000000000000e+00,0.000000000000000000e+00,0.000000000000000000e+00,0.000000000000000000e+00,0.000000000000000000e+00,0.000000000000000000e+00,0.000000000000000000e+00,0.000000000000000000e+00,0.000000000000000000e+00,0.000000000000000000e+00,0.000000000000000000e+00,0.000000000000000000e+00,0.000000000000000000e+00,0.000000000000000000e+00,0.000000000000000000e+00,0.000000000000000000e+00,0.000000000000000000e+00,0.000000000000000000e+00,0.000000000000000000e+00,0.000000000000000000e+00,0.000000000000000000e+00,0.000000000000000000e+00,0.000000000000000000e+00,0.000000000000000000e+00,0.000000000000000000e+00,0.000000000000000000e+00,0.000000000000000000e+00,0.000000000000000000e+00,0.000000000000000000e+00,0.000000000000000000e+00,0.000000000000000000e+00,0.000000000000000000e+00,0.000000000000000000e+00,0.000000000000000000e+00,0.000000000000000000e+00,0.000000000000000000e+00,0.000000000000000000e+00,0.000000000000000000e+00,0.000000000000000000e+00,0.000000000000000000e+00,0.000000000000000000e+00,0.000000000000000000e+00,0.000000000000000000e+00,0.000000000000000000e+00,0.000000000000000000e+00,0.000000000000000000e+00,0.000000000000000000e+00,0.000000000000000000e+00,0.000000000000000000e+00,0.000000000000000000e+00,0.000000000000000000e+00,0.000000000000000000e+00,0.000000000000000000e+00,0.000000000000000000e+00,0.000000000000000000e+00,0.000000000000000000e+00,0.000000000000000000e+00,0.000000000000000000e+00,0.000000000000000000e+00,0.000000000000000000e+00,0.000000000000000000e+00,0.000000000000000000e+00,0.000000000000000000e+00,0.000000000000000000e+00,0.000000000000000000e+00,0.000000000000000000e+00,0.000000000000000000e+00,0.000000000000000000e+00,0.000000000000000000e+00,0.000000000000000000e+00,0.000000000000000000e+00,0.000000000000000000e+00,0.000000000000000000e+00,0.000000000000000000e+00,0.000000000000000000e+00,0.000000000000000000e+00,0.000000000000000000e+00,0.000000000000000000e+00,0.000000000000000000e+00,0.000000000000000000e+00,0.000000000000000000e+00,0.000000000000000000e+00,0.000000000000000000e+00,0.000000000000000000e+00,0.000000000000000000e+00,0.000000000000000000e+00,0.000000000000000000e+00,0.000000000000000000e+00,0.000000000000000000e+00,0.000000000000000000e+00,0.000000000000000000e+00,0.000000000000000000e+00,0.000000000000000000e+00,0.000000000000000000e+00,0.000000000000000000e+00,0.000000000000000000e+00,0.000000000000000000e+00,0.000000000000000000e+00,0.000000000000000000e+00,0.000000000000000000e+00,0.000000000000000000e+00,0.000000000000000000e+00,0.000000000000000000e+00,0.000000000000000000e+00,0.000000000000000000e+00,0.000000000000000000e+00,0.000000000000000000e+00,0.000000000000000000e+00,0.000000000000000000e+00,0.000000000000000000e+00,0.000000000000000000e+00,0.000000000000000000e+00,0.000000000000000000e+00,0.000000000000000000e+00,0.000000000000000000e+00,0.000000000000000000e+00,0.000000000000000000e+00,0.000000000000000000e+00,0.000000000000000000e+00,0.000000000000000000e+00,0.000000000000000000e+00,0.000000000000000000e+00,0.000000000000000000e+00,0.000000000000000000e+00,0.000000000000000000e+00,0.000000000000000000e+00,0.000000000000000000e+00,0.000000000000000000e+00,0.000000000000000000e+00,0.000000000000000000e+00,0.000000000000000000e+00,0.000000000000000000e+00,0.000000000000000000e+00,0.000000000000000000e+00,0.000000000000000000e+00
Moment,0.000000000000000000e+00,0.000000000000000000e+00,0.000000000000000000e+00,0.000000000000000000e+00,0.000000000000000000e+00,0.000000000000000000e+00,0.000000000000000000e+00,0.000000000000000000e+00,0.000000000000000000e+00,0.000000000000000000e+00,0.000000000000000000e+00,0.000000000000000000e+00,0.000000000000000000e+00,0.000000000000000000e+00,0.000000000000000000e+00,0.000000000000000000e+00,0.000000000000000000e+00,0.000000000000000000e+00,0.000000000000000000e+00,0.000000000000000000e+00,0.000000000000000000e+00,0.000000000000000000e+00,0.000000000000000000e+00,0.000000000000000000e+00,0.000000000000000000e+00,0.000000000000000000e+00,0.000000000000000000e+00,0.000000000000000000e+00,0.000000000000000000e+00,0.000000000000000000e+00,0.000000000000000000e+00,0.000000000000000000e+00,0.000000000000000000e+00,0.000000000000000000e+00,0.000000000000000000e+00,0.000000000000000000e+00,0.000000000000000000e+00,0.000000000000000000e+00,0.000000000000000000e+00,0.000000000000000000e+00,0.000000000000000000e+00,0.000000000000000000e+00,0.000000000000000000e+00,0.000000000000000000e+00,0.000000000000000000e+00,0.000000000000000000e+00,0.000000000000000000e+00,0.000000000000000000e+00,0.000000000000000000e+00,0.000000000000000000e+00,0.000000000000000000e+00,0.000000000000000000e+00,0.000000000000000000e+00,0.000000000000000000e+00,0.000000000000000000e+00,0.000000000000000000e+00,0.000000000000000000e+00,0.000000000000000000e+00,0.000000000000000000e+00,0.000000000000000000e+00,0.000000000000000000e+00,0.000000000000000000e+00,0.000000000000000000e+00,0.000000000000000000e+00,0.000000000000000000e+00,0.000000000000000000e+00,0.000000000000000000e+00,0.000000000000000000e+00,0.000000000000000000e+00,0.000000000000000000e+00,0.000000000000000000e+00,0.000000000000000000e+00,0.000000000000000000e+00,0.000000000000000000e+00,0.000000000000000000e+00,0.000000000000000000e+00,0.000000000000000000e+00,0.000000000000000000e+00,0.000000000000000000e+00,0.000000000000000000e+00,0.000000000000000000e+00,0.000000000000000000e+00,0.000000000000000000e+00,0.000000000000000000e+00,0.000000000000000000e+00,0.000000000000000000e+00,0.000000000000000000e+00,0.000000000000000000e+00,0.000000000000000000e+00,0.000000000000000000e+00,0.000000000000000000e+00,0.000000000000000000e+00,0.000000000000000000e+00,0.000000000000000000e+00,0.000000000000000000e+00,0.000000000000000000e+00,0.000000000000000000e+00,0.000000000000000000e+00,0.000000000000000000e+00,0.000000000000000000e+00,0.000000000000000000e+00,0.000000000000000000e+00,0.000000000000000000e+00,0.000000000000000000e+00,0.000000000000000000e+00,0.000000000000000000e+00,0.000000000000000000e+00,0.000000000000000000e+00,0.000000000000000000e+00,0.000000000000000000e+00,0.000000000000000000e+00,0.000000000000000000e+00,0.000000000000000000e+00,0.000000000000000000e+00,0.000000000000000000e+00,0.000000000000000000e+00,0.000000000000000000e+00,0.000000000000000000e+00,0.000000000000000000e+00,0.000000000000000000e+00,0.000000000000000000e+00,0.000000000000000000e+00,0.000000000000000000e+00,0.000000000000000000e+00,0.000000000000000000e+00,0.000000000000000000e+00,0.000000000000000000e+00,0.000000000000000000e+00,0.000000000000000000e+00,0.000000000000000000e+00,0.000000000000000000e+00,0.000000000000000000e+00,0.000000000000000000e+00,0.000000000000000000e+00,0.000000000000000000e+00,0.000000000000000000e+00,0.000000000000000000e+00,0.000000000000000000e+00,0.000000000000000000e+00,0.000000000000000000e+00,0.000000000000000000e+00,0.000000000000000000e+00,0.000000000000000000e+00,0.000000000000000000e+00,0.000000000000000000e+00,0.000000000000000000e+00,0.000000000000000000e+00,0.000000000000000000e+00,0.000000000000000000e+00,0.000000000000000000e+00,0.000000000000000000e+00,0.000000000000000000e+00,0.000000000000000000e+00,0.000000000000000000e+00,0.000000000000000000e+00,0.000000000000000000e+00,0.000000000000000000e+00,0.000000000000000000e+00,0.000000000000000000e+00,0.000000000000000000e+00,0.000000000000000000e+00,0.000000000000000000e+00,0.000000000000000000e+00,0.000000000000000000e+00,0.000000000000000000e+00,0.000000000000000000e+00,0.000000000000000000e+00,0.000000000000000000e+00,0.000000000000000000e+00,0.000000000000000000e+00,0.000000000000000000e+00,0.000000000000000000e+00,0.000000000000000000e+00,0.000000000000000000e+00,0.000000000000000000e+00,0.000000000000000000e+00,0.000000000000000000e+00,0.000000000000000000e+00,0.000000000000000000e+00,0.000000000000000000e+00,0.000000000000000000e+00,0.000000000000000000e+00,0.000000000000000000e+00,0.000000000000000000e+00,0.000000000000000000e+00,0.000000000000000000e+00,0.000000000000000000e+00,0.000000000000000000e+00,0.000000000000000000e+00,0.000000000000000000e+00,0.000000000000000000e+00,0.000000000000000000e+00,0.000000000000000000e+00,0.000000000000000000e+00,0.000000000000000000e+00,0.000000000000000000e+00,0.000000000000000000e+00,0.000000000000000000e+00,0.000000000000000000e+00,0.000000000000000000e+00,0.000000000000000000e+00,0.000000000000000000e+00,0.000000000000000000e+00,0.000000000000000000e+00,0.000000000000000000e+00,0.000000000000000000e+00,0.000000000000000000e+00,0.000000000000000000e+00,0.000000000000000000e+00,0.000000000000000000e+00,0.000000000000000000e+00,0.000000000000000000e+00,0.000000000000000000e+00,0.000000000000000000e+00,0.000000000000000000e+00,0.000000000000000000e+00,0.000000000000000000e+00,0.000000000000000000e+00,0.000000000000000000e+00,0.000000000000000000e+00,0.000000000000000000e+00,0.000000000000000000e+00,0.000000000000000000e+00,0.000000000000000000e+00,0.000000000000000000e+00,0.000000000000000000e+00,0.000000000000000000e+00,0.000000000000000000e+00,0.000000000000000000e+00,0.000000000000000000e+00,0.000000000000000000e+00,0.000000000000000000e+00,0.000000000000000000e+00,0.000000000000000000e+00,0.000000000000000000e+00,0.000000000000000000e+00,0.000000000000000000e+00,0.000000000000000000e+00
Momenti,0.000000000000000000e+00,0.000000000000000000e+00,0.000000000000000000e+00,0.000000000000000000e+00,0.000000000000000000e+00,0.000000000000000000e+00,0.000000000000000000e+00,0.000000000000000000e+00,0.000000000000000000e+00,0.000000000000000000e+00,0.000000000000000000e+00,0.000000000000000000e+00,0.000000000000000000e+00,0.000000000000000000e+00,0.000000000000000000e+00,0.000000000000000000e+00,0.000000000000000000e+00,0.000000000000000000e+00,0.000000000000000000e+00,0.000000000000000000e+00,0.000000000000000000e+00,0.000000000000000000e+00,0.000000000000000000e+00,0.000000000000000000e+00,0.000000000000000000e+00,0.000000000000000000e+00,0.000000000000000000e+00,0.000000000000000000e+00,0.000000000000000000e+00,0.000000000000000000e+00,0.000000000000000000e+00,0.000000000000000000e+00,0.000000000000000000e+00,0.000000000000000000e+00,0.000000000000000000e+00,0.000000000000000000e+00,0.000000000000000000e+00,0.000000000000000000e+00,0.000000000000000000e+00,0.000000000000000000e+00,0.000000000000000000e+00,0.000000000000000000e+00,0.000000000000000000e+00,0.000000000000000000e+00,0.000000000000000000e+00,0.000000000000000000e+00,0.000000000000000000e+00,0.000000000000000000e+00,0.000000000000000000e+00,0.000000000000000000e+00,0.000000000000000000e+00,0.000000000000000000e+00,0.000000000000000000e+00,0.000000000000000000e+00,0.000000000000000000e+00,0.000000000000000000e+00,0.000000000000000000e+00,0.000000000000000000e+00,0.000000000000000000e+00,0.000000000000000000e+00,0.000000000000000000e+00,0.000000000000000000e+00,0.000000000000000000e+00,0.000000000000000000e+00,0.000000000000000000e+00,0.000000000000000000e+00,0.000000000000000000e+00,0.000000000000000000e+00,0.000000000000000000e+00,0.000000000000000000e+00,0.000000000000000000e+00,0.000000000000000000e+00,0.000000000000000000e+00,0.000000000000000000e+00,0.000000000000000000e+00,0.000000000000000000e+00,0.000000000000000000e+00,0.000000000000000000e+00,0.000000000000000000e+00,0.000000000000000000e+00,0.000000000000000000e+00,0.000000000000000000e+00,0.000000000000000000e+00,0.000000000000000000e+00,0.000000000000000000e+00,0.000000000000000000e+00,0.000000000000000000e+00,0.000000000000000000e+00,0.000000000000000000e+00,0.000000000000000000e+00,0.000000000000000000e+00,0.000000000000000000e+00,0.000000000000000000e+00,0.000000000000000000e+00,0.000000000000000000e+00,0.000000000000000000e+00,0.000000000000000000e+00,0.000000000000000000e+00,0.000000000000000000e+00,0.000000000000000000e+00,0.000000000000000000e+00,0.000000000000000000e+00,0.000000000000000000e+00,0.000000000000000000e+00,0.000000000000000000e+00,0.000000000000000000e+00,0.000000000000000000e+00,0.000000000000000000e+00,0.000000000000000000e+00,0.000000000000000000e+00,0.000000000000000000e+00,0.000000000000000000e+00,0.000000000000000000e+00,0.000000000000000000e+00,0.000000000000000000e+00,0.000000000000000000e+00,0.000000000000000000e+00,0.000000000000000000e+00,0.000000000000000000e+00,0.000000000000000000e+00,0.000000000000000000e+00,0.000000000000000000e+00,0.000000000000000000e+00,0.000000000000000000e+00,0.000000000000000000e+00,0.000000000000000000e+00,0.000000000000000000e+00,0.000000000000000000e+00,0.000000000000000000e+00,0.000000000000000000e+00,0.000000000000000000e+00,0.000000000000000000e+00,0.000000000000000000e+00,0.000000000000000000e+00,0.000000000000000000e+00,0.000000000000000000e+00,0.000000000000000000e+00,0.000000000000000000e+00,0.000000000000000000e+00,0.000000000000000000e+00,0.000000000000000000e+00,0.000000000000000000e+00,0.000000000000000000e+00,0.000000000000000000e+00,0.000000000000000000e+00,0.000000000000000000e+00,0.000000000000000000e+00,0.000000000000000000e+00,0.000000000000000000e+00,0.000000000000000000e+00,0.000000000000000000e+00,0.000000000000000000e+00,0.000000000000000000e+00,0.000000000000000000e+00,0.000000000000000000e+00,0.000000000000000000e+00,0.000000000000000000e+00,0.000000000000000000e+00,0.000000000000000000e+00,0.000000000000000000e+00,0.000000000000000000e+00,0.000000000000000000e+00,0.000000000000000000e+00,0.000000000000000000e+00,0.000000000000000000e+00,0.000000000000000000e+00,0.000000000000000000e+00,0.000000000000000000e+00,0.000000000000000000e+00,0.000000000000000000e+00,0.000000000000000000e+00,0.000000000000000000e+00,0.000000000000000000e+00,0.000000000000000000e+00,0.000000000000000000e+00,0.000000000000000000e+00,0.000000000000000000e+00,0.000000000000000000e+00,0.000000000000000000e+00,0.000000000000000000e+00,0.000000000000000000e+00,0.000000000000000000e+00,0.000000000000000000e+00,0.000000000000000000e+00,0.000000000000000000e+00,0.000000000000000000e+00,0.000000000000000000e+00,0.000000000000000000e+00,0.000000000000000000e+00,0.000000000000000000e+00,0.000000000000000000e+00,0.000000000000000000e+00,0.000000000000000000e+00,0.000000000000000000e+00,0.000000000000000000e+00,0.000000000000000000e+00,0.000000000000000000e+00,0.000000000000000000e+00,0.000000000000000000e+00,0.000000000000000000e+00,0.000000000000000000e+00,0.000000000000000000e+00,0.000000000000000000e+00,0.000000000000000000e+00,0.000000000000000000e+00,0.000000000000000000e+00,0.000000000000000000e+00,0.000000000000000000e+00,0.000000000000000000e+00,0.000000000000000000e+00,0.000000000000000000e+00,0.000000000000000000e+00,0.000000000000000000e+00,0.000000000000000000e+00,0.000000000000000000e+00,0.000000000000000000e+00,0.000000000000000000e+00,0.000000000000000000e+00,0.000000000000000000e+00,0.000000000000000000e+00,0.000000000000000000e+00,0.000000000000000000e+00,0.000000000000000000e+00,0.000000000000000000e+00,0.000000000000000000e+00,0.000000000000000000e+00,0.000000000000000000e+00,0.000000000000000000e+00,0.000000000000000000e+00,0.000000000000000000e+00,0.000000000000000000e+00,0.000000000000000000e+00,0.000000000000000000e+00,0.000000000000000000e+00,0.000000000000000000e+00,0.000000000000000000e+00,0.000000000000000000e+00,0.000000000000000000e+00
Momento,0.000000000000000000e+00,0.000000000000000000e+00,0.000000000000000000e+00,0.000000000000000000e+00,0.000000000000000000e+00,0.000000000000000000e+00,0.000000000000000000e+00,0.000000000000000000e+00,0.000000000000000000e+00,0.000000000000000000e+00,0.000000000000000000e+00,0.000000000000000000e+00,0.000000000000000000e+00,0.000000000000000000e+00,0.000000000000000000e+00,0.000000000000000000e+00,0.000000000000000000e+00,0.000000000000000000e+00,0.000000000000000000e+00,0.000000000000000000e+00,0.000000000000000000e+00,0.000000000000000000e+00,0.000000000000000000e+00,0.000000000000000000e+00,0.000000000000000000e+00,0.000000000000000000e+00,0.000000000000000000e+00,0.000000000000000000e+00,0.000000000000000000e+00,0.000000000000000000e+00,0.000000000000000000e+00,0.000000000000000000e+00,0.000000000000000000e+00,0.000000000000000000e+00,0.000000000000000000e+00,0.000000000000000000e+00,0.000000000000000000e+00,0.000000000000000000e+00,0.000000000000000000e+00,0.000000000000000000e+00,0.000000000000000000e+00,0.000000000000000000e+00,0.000000000000000000e+00,0.000000000000000000e+00,0.000000000000000000e+00,0.000000000000000000e+00,0.000000000000000000e+00,0.000000000000000000e+00,0.000000000000000000e+00,0.000000000000000000e+00,0.000000000000000000e+00,0.000000000000000000e+00,0.000000000000000000e+00,0.000000000000000000e+00,0.000000000000000000e+00,0.000000000000000000e+00,0.000000000000000000e+00,0.000000000000000000e+00,0.000000000000000000e+00,0.000000000000000000e+00,0.000000000000000000e+00,0.000000000000000000e+00,0.000000000000000000e+00,0.000000000000000000e+00,0.000000000000000000e+00,0.000000000000000000e+00,0.000000000000000000e+00,0.000000000000000000e+00,0.000000000000000000e+00,0.000000000000000000e+00,0.000000000000000000e+00,0.000000000000000000e+00,0.000000000000000000e+00,0.000000000000000000e+00,0.000000000000000000e+00,0.000000000000000000e+00,0.000000000000000000e+00,0.000000000000000000e+00,0.000000000000000000e+00,0.000000000000000000e+00,0.000000000000000000e+00,0.000000000000000000e+00,0.000000000000000000e+00,0.000000000000000000e+00,0.000000000000000000e+00,0.000000000000000000e+00,0.000000000000000000e+00,0.000000000000000000e+00,0.000000000000000000e+00,0.000000000000000000e+00,0.000000000000000000e+00,0.000000000000000000e+00,0.000000000000000000e+00,0.000000000000000000e+00,0.000000000000000000e+00,0.000000000000000000e+00,0.000000000000000000e+00,0.000000000000000000e+00,0.000000000000000000e+00,0.000000000000000000e+00,0.000000000000000000e+00,0.000000000000000000e+00,0.000000000000000000e+00,0.000000000000000000e+00,0.000000000000000000e+00,0.000000000000000000e+00,0.000000000000000000e+00,0.000000000000000000e+00,0.000000000000000000e+00,0.000000000000000000e+00,0.000000000000000000e+00,0.000000000000000000e+00,0.000000000000000000e+00,0.000000000000000000e+00,0.000000000000000000e+00,0.000000000000000000e+00,0.000000000000000000e+00,0.000000000000000000e+00,0.000000000000000000e+00,0.000000000000000000e+00,0.000000000000000000e+00,0.000000000000000000e+00,0.000000000000000000e+00,0.000000000000000000e+00,0.000000000000000000e+00,0.000000000000000000e+00,0.000000000000000000e+00,0.000000000000000000e+00,0.000000000000000000e+00,0.000000000000000000e+00,0.000000000000000000e+00,0.000000000000000000e+00,0.000000000000000000e+00,0.000000000000000000e+00,0.000000000000000000e+00,0.000000000000000000e+00,0.000000000000000000e+00,0.000000000000000000e+00,0.000000000000000000e+00,0.000000000000000000e+00,0.000000000000000000e+00,0.000000000000000000e+00,0.000000000000000000e+00,0.000000000000000000e+00,0.000000000000000000e+00,0.000000000000000000e+00,0.000000000000000000e+00,0.000000000000000000e+00,0.000000000000000000e+00,0.000000000000000000e+00,0.000000000000000000e+00,0.000000000000000000e+00,0.000000000000000000e+00,0.000000000000000000e+00,0.000000000000000000e+00,0.000000000000000000e+00,0.000000000000000000e+00,0.000000000000000000e+00,0.000000000000000000e+00,0.000000000000000000e+00,0.000000000000000000e+00,0.000000000000000000e+00,0.000000000000000000e+00,0.000000000000000000e+00,0.000000000000000000e+00,0.000000000000000000e+00,0.000000000000000000e+00,0.000000000000000000e+00,0.000000000000000000e+00,0.000000000000000000e+00,0.000000000000000000e+00,0.000000000000000000e+00,0.000000000000000000e+00,0.000000000000000000e+00,0.000000000000000000e+00,0.000000000000000000e+00,0.000000000000000000e+00,0.000000000000000000e+00,0.000000000000000000e+00,0.000000000000000000e+00,0.000000000000000000e+00,0.000000000000000000e+00,0.000000000000000000e+00,0.000000000000000000e+00,0.000000000000000000e+00,0.000000000000000000e+00,0.000000000000000000e+00,0.000000000000000000e+00,0.000000000000000000e+00,0.000000000000000000e+00,0.000000000000000000e+00,0.000000000000000000e+00,0.000000000000000000e+00,0.000000000000000000e+00,0.000000000000000000e+00,0.000000000000000000e+00,0.000000000000000000e+00,0.000000000000000000e+00,0.000000000000000000e+00,0.000000000000000000e+00,0.000000000000000000e+00,0.000000000000000000e+00,0.000000000000000000e+00,0.000000000000000000e+00,0.000000000000000000e+00,0.000000000000000000e+00,0.000000000000000000e+00,0.000000000000000000e+00,0.000000000000000000e+00,0.000000000000000000e+00,0.000000000000000000e+00,0.000000000000000000e+00,0.000000000000000000e+00,0.000000000000000000e+00,0.000000000000000000e+00,0.000000000000000000e+00,0.000000000000000000e+00,0.000000000000000000e+00,0.000000000000000000e+00,0.000000000000000000e+00,0.000000000000000000e+00,0.000000000000000000e+00,0.000000000000000000e+00,0.000000000000000000e+00,0.000000000000000000e+00,0.000000000000000000e+00,0.000000000000000000e+00,0.000000000000000000e+00,0.000000000000000000e+00,0.000000000000000000e+00,0.000000000000000000e+00,0.000000000000000000e+00,0.000000000000000000e+00,0.000000000000000000e+00,0.000000000000000000e+00,0.000000000000000000e+00,0.000000000000000000e+00,0.000000000000000000e+00
Power,0.000000000000000000e+00,0.000000000000000000e+00,0.000000000000000000e+00,0.000000000000000000e+00,0.000000000000000000e+00,0.000000000000000000e+00,0.000000000000000000e+00,0.000000000000000000e+00,0.000000000000000000e+00,0.000000000000000000e+00,0.000000000000000000e+00,0.000000000000000000e+00,0.000000000000000000e+00,0.000000000000000000e+00,0.000000000000000000e+00,0.000000000000000000e+00,0.000000000000000000e+00,0.000000000000000000e+00,0.000000000000000000e+00,0.000000000000000000e+00,0.000000000000000000e+00,0.000000000000000000e+00,0.000000000000000000e+00,0.000000000000000000e+00,0.000000000000000000e+00,0.000000000000000000e+00,0.000000000000000000e+00,0.000000000000000000e+00,0.000000000000000000e+00,0.000000000000000000e+00,0.000000000000000000e+00,0.000000000000000000e+00,0.000000000000000000e+00,0.000000000000000000e+00,0.000000000000000000e+00,0.000000000000000000e+00,0.000000000000000000e+00,0.000000000000000000e+00,0.000000000000000000e+00,0.000000000000000000e+00,0.000000000000000000e+00,0.000000000000000000e+00,0.000000000000000000e+00,0.000000000000000000e+00,0.000000000000000000e+00,0.000000000000000000e+00,0.000000000000000000e+00,0.000000000000000000e+00,0.000000000000000000e+00,0.000000000000000000e+00,0.000000000000000000e+00,0.000000000000000000e+00,0.000000000000000000e+00,0.000000000000000000e+00,0.000000000000000000e+00,0.000000000000000000e+00,0.000000000000000000e+00,0.000000000000000000e+00,0.000000000000000000e+00,0.000000000000000000e+00,0.000000000000000000e+00,0.000000000000000000e+00,0.000000000000000000e+00,0.000000000000000000e+00,0.000000000000000000e+00,0.000000000000000000e+00,0.000000000000000000e+00,0.000000000000000000e+00,0.000000000000000000e+00,0.000000000000000000e+00,0.000000000000000000e+00,0.000000000000000000e+00,0.000000000000000000e+00,0.000000000000000000e+00,0.000000000000000000e+00,0.000000000000000000e+00,0.000000000000000000e+00,0.000000000000000000e+00,0.000000000000000000e+00,0.000000000000000000e+00,0.000000000000000000e+00,0.000000000000000000e+00,0.000000000000000000e+00,0.000000000000000000e+00,0.000000000000000000e+00,0.000000000000000000e+00,0.000000000000000000e+00,0.000000000000000000e+00,0.000000000000000000e+00,0.000000000000000000e+00,0.000000000000000000e+00,0.000000000000000000e+00,0.000000000000000000e+00,0.000000000000000000e+00,0.000000000000000000e+00,0.000000000000000000e+00,0.000000000000000000e+00,0.000000000000000000e+00,0.000000000000000000e+00,0.000000000000000000e+00,0.000000000000000000e+00,0.000000000000000000e+00,0.000000000000000000e+00,0.000000000000000000e+00,0.000000000000000000e+00,0.000000000000000000e+00,0.000000000000000000e+00,0.000000000000000000e+00,0.000000000000000000e+00,0.000000000000000000e+00,0.000000000000000000e+00,0.000000000000000000e+00,0.000000000000000000e+00,0.000000000000000000e+00,0.000000000000000000e+00,0.000000000000000000e+00,0.000000000000000000e+00,0.000000000000000000e+00,0.000000000000000000e+00,0.000000000000000000e+00,0.000000000000000000e+00,0.000000000000000000e+00,0.000000000000000000e+00,0.000000000000000000e+00,0.000000000000000000e+00,0.000000000000000000e+00,0.000000000000000000e+00,0.000000000000000000e+00,0.000000000000000000e+00,0.000000000000000000e+00,0.000000000000000000e+00,0.000000000000000000e+00,0.000000000000000000e+00,0.000000000000000000e+00,0.000000000000000000e+00,0.000000000000000000e+00,0.000000000000000000e+00,0.000000000000000000e+00,0.000000000000000000e+00,0.000000000000000000e+00,0.000000000000000000e+00,0.000000000000000000e+00,0.000000000000000000e+00,0.000000000000000000e+00,0.000000000000000000e+00,0.000000000000000000e+00,0.000000000000000000e+00,0.000000000000000000e+00,0.000000000000000000e+00,0.000000000000000000e+00,0.000000000000000000e+00,0.000000000000000000e+00,0.000000000000000000e+00,0.000000000000000000e+00,0.000000000000000000e+00,0.000000000000000000e+00,0.000000000000000000e+00,0.000000000000000000e+00,0.000000000000000000e+00,0.000000000000000000e+00,0.000000000000000000e+00,0.000000000000000000e+00,0.000000000000000000e+00,0.000000000000000000e+00,0.000000000000000000e+00,0.000000000000000000e+00,0.000000000000000000e+00,0.000000000000000000e+00,0.000000000000000000e+00,0.000000000000000000e+00,0.000000000000000000e+00,0.000000000000000000e+00,0.000000000000000000e+00,0.000000000000000000e+00,0.000000000000000000e+00,0.000000000000000000e+00,0.000000000000000000e+00,0.000000000000000000e+00,0.000000000000000000e+00,0.000000000000000000e+00,0.000000000000000000e+00,0.000000000000000000e+00,0.000000000000000000e+00,0.000000000000000000e+00,0.000000000000000000e+00,0.000000000000000000e+00,0.000000000000000000e+00,0.000000000000000000e+00,0.000000000000000000e+00,0.000000000000000000e+00,0.000000000000000000e+00,0.000000000000000000e+00,0.000000000000000000e+00,0.000000000000000000e+00,0.000000000000000000e+00,0.000000000000000000e+00,0.000000000000000000e+00,0.000000000000000000e+00,0.000000000000000000e+00,0.000000000000000000e+00,0.000000000000000000e+00,0.000000000000000000e+00,0.000000000000000000e+00,0.000000000000000000e+00,0.000000000000000000e+00,0.000000000000000000e+00,0.000000000000000000e+00,0.000000000000000000e+00,0.000000000000000000e+00,0.000000000000000000e+00,0.000000000000000000e+00,0.000000000000000000e+00,0.000000000000000000e+00,0.000000000000000000e+00,0.000000000000000000e+00,0.000000000000000000e+00,0.000000000000000000e+00,0.000000000000000000e+00,0.000000000000000000e+00,0.000000000000000000e+00,0.000000000000000000e+00,0.000000000000000000e+00,0.000000000000000000e+00,0.000000000000000000e+00,0.000000000000000000e+00,0.000000000000000000e+00,0.000000000000000000e+00,0.000000000000000000e+00,0.000000000000000000e+00,0.000000000000000000e+00,0.000000000000000000e+00,0.000000000000000000e+00,0.000000000000000000e+00,0.000000000000000000e+00,0.000000000000000000e+00,0.000000000000000000e+00,0.000000000000000000e+00,0.000000000000000000e+00
Poweri,0.000000000000000000e+00,0.000000000000000000e+00,0.000000000000000000e+00,0.000000000000000000e+00,0.000000000000000000e+00,0.000000000000000000e+00,0.000000000000000000e+00,0.000000000000000000e+00,0.000000000000000000e+00,0.000000000000000000e+00,0.000000000000000000e+00,0.000000000000000000e+00,0.000000000000000000e+00,0.000000000000000000e+00,0.000000000000000000e+00,0.000000000000000000e+00,0.000000000000000000e+00,0.000000000000000000e+00,0.000000000000000000e+00,0.000000000000000000e+00,0.000000000000000000e+00,0.000000000000000000e+00,0.000000000000000000e+00,0.000000000000000000e+00,0.000000000000000000e+00,0.000000000000000000e+00,0.000000000000000000e+00,0.000000000000000000e+00,0.000000000000000000e+00,0.000000000000000000e+00,0.000000000000000000e+00,0.000000000000000000e+00,0.000000000000000000e+00,0.000000000000000000e+00,0.000000000000000000e+00,0.000000000000000000e+00,0.000000000000000000e+00,0.000000000000000000e+00,0.000000000000000000e+00,0.000000000000000000e+00,0.000000000000000000e+00,0.000000000000000000e+00,0.000000000000000000e+00,0.000000000000000000e+00,0.000000000000000000e+00,0.000000000000000000e+00,0.000000000000000000e+00,0.000000000000000000e+00,0.000000000000000000e+00,0.000000000000000000e+00,0.000000000000000000e+00,0.000000000000000000e+00,0.000000000000000000e+00,0.000000000000000000e+00,0.000000000000000000e+00,0.000000000000000000e+00,0.000000000000000000e+00,0.000000000000000000e+00,0.000000000000000000e+00,0.000000000000000000e+00,0.000000000000000000e+00,0.000000000000000000e+00,0.000000000000000000e+00,0.000000000000000000e+00,0.000000000000000000e+00,0.000000000000000000e+00,0.000000000000000000e+00,0.000000000000000000e+00,0.000000000000000000e+00,0.000000000000000000e+00,0.000000000000000000e+00,0.000000000000000000e+00,0.000000000000000000e+00,0.000000000000000000e+00,0.000000000000000000e+00,0.000000000000000000e+00,0.000000000000000000e+00,0.000000000000000000e+00,0.000000000000000000e+00,0.000000000000000000e+00,0.000000000000000000e+00,0.000000000000000000e+00,0.000000000000000000e+00,0.000000000000000000e+00,0.000000000000000000e+00,0.000000000000000000e+00,0.000000000000000000e+00,0.000000000000000000e+00,0.000000000000000000e+00,0.000000000000000000e+00,0.000000000000000000e+00,0.000000000000000000e+00,0.000000000000000000e+00,0.000000000000000000e+00,0.000000000000000000e+00,0.000000000000000000e+00,0.000000000000000000e+00,0.000000000000000000e+00,0.000000000000000000e+00,0.000000000000000000e+00,0.000000000000000000e+00,0.000000000000000000e+00,0.000000000000000000e+00,0.000000000000000000e+00,0.000000000000000000e+00,0.000000000000000000e+00,0.000000000000000000e+00,0.000000000000000000e+00,0.000000000000000000e+00,0.000000000000000000e+00,0.000000000000000000e+00,0.000000000000000000e+00,0.000000000000000000e+00,0.000000000000000000e+00,0.000000000000000000e+00,0.000000000000000000e+00,0.000000000000000000e+00,0.000000000000000000e+00,0.000000000000000000e+00,0.000000000000000000e+00,0.000000000000000000e+00,0.000000000000000000e+00,0.000000000000000000e+00,0.000000000000000000e+00,0.000000000000000000e+00,0.000000000000000000e+00,0.000000000000000000e+00,0.000000000000000000e+00,0.000000000000000000e+00,0.000000000000000000e+00,0.000000000000000000e+00,0.000000000000000000e+00,0.000000000000000000e+00,0.000000000000000000e+00,0.000000000000000000e+00,0.000000000000000000e+00,0.000000000000000000e+00,0.000000000000000000e+00,0.000000000000000000e+00,0.000000000000000000e+00,0.000000000000000000e+00,0.000000000000000000e+00,0.000000000000000000e+00,0.000000000000000000e+00,0.000000000000000000e+00,0.000000000000000000e+00,0.000000000000000000e+00,0.000000000000000000e+00,0.000000000000000000e+00,0.000000000000000000e+00,0.000000000000000000e+00,0.000000000000000000e+00,0.000000000000000000e+00,0.000000000000000000e+00,0.000000000000000000e+00,0.000000000000000000e+00,0.000000000000000000e+00,0.000000000000000000e+00,0.000000000000000000e+00,0.000000000000000000e+00,0.000000000000000000e+00,0.000000000000000000e+00,0.000000000000000000e+00,0.000000000000000000e+00,0.000000000000000000e+00,0.000000000000000000e+00,0.000000000000000000e+00,0.000000000000000000e+00,0.000000000000000000e+00,0.000000000000000000e+00,0.000000000000000000e+00,0.000000000000000000e+00,0.000000000000000000e+00,0.000000000000000000e+00,0.000000000000000000e+00,0.000000000000000000e+00,0.000000000000000000e+00,0.000000000000000000e+00,0.000000000000000000e+00,0.000000000000000000e+00,0.000000000000000000e+00,0.000000000000000000e+00,0.000000000000000000e+00,0.000000000000000000e+00,0.000000000000000000e+00,0.000000000000000000e+00,0.000000000000000000e+00,0.000000000000000000e+00,0.000000000000000000e+00,0.000000000000000000e+00,0.000000000000000000e+00,0.000000000000000000e+00,0.000000000000000000e+00,0.000000000000000000e+00,0.000000000000000000e+00,0.000000000000000000e+00,0.000000000000000000e+00,0.000000000000000000e+00,0.000000000000000000e+00,0.000000000000000000e+00,0.000000000000000000e+00,0.000000000000000000e+00,0.000000000000000000e+00,0.000000000000000000e+00,0.000000000000000000e+00,0.000000000000000000e+00,0.000000000000000000e+00,0.000000000000000000e+00,0.000000000000000000e+00,0.000000000000000000e+00,0.000000000000000000e+00,0.000000000000000000e+00,0.000000000000000000e+00,0.000000000000000000e+00,0.000000000000000000e+00,0.000000000000000000e+00,0.000000000000000000e+00,0.000000000000000000e+00,0.000000000000000000e+00,0.000000000000000000e+00,0.000000000000000000e+00,0.000000000000000000e+00,0.000000000000000000e+00,0.000000000000000000e+00,0.000000000000000000e+00,0.000000000000000000e+00,0.000000000000000000e+00,0.000000000000000000e+00,0.000000000000000000e+00,0.000000000000000000e+00,0.000000000000000000e+00,0.000000000000000000e+00,0.000000000000000000e+00,0.000000000000000000e+00,0.000000000000000000e+00,0.000000000000000000e+00,0.000000000000000000e+00,0.000000000000000000e+00
Powero,0.000000000000000000e+00,0.000000000000000000e+00,0.000000000000000000e+00,0.000000000000000000e+00,0.000000000000000000e+00,0.000000000000000000e+00,0.000000000000000000e+00,0.000000000000000000e+00,0.000000000000000000e+00,0.000000000000000000e+00,0.000000000000000000e+00,0.000000000000000000e+00,0.000000000000000000e+00,0.000000000000000000e+00,0.000000000000000000e+00,0.000000000000000000e+00,0.000000000000000000e+00,0.000000000000000000e+00,0.000000000000000000e+00,0.000000000000000000e+00,0.000000000000000000e+00,0.000000000000000000e+00,0.000000000000000000e+00,0.000000000000000000e+00,0.000000000000000000e+00,0.000000000000000000e+00,0.000000000000000000e+00,0.000000000000000000e+00,0.000000000000000000e+00,0.000000000000000000e+00,0.000000000000000000e+00,0.000000000000000000e+00,0.000000000000000000e+00,0.000000000000000000e+00,0.000000000000000000e+00,0.000000000000000000e+00,0.000000000000000000e+00,0.000000000000000000e+00,0.000000000000000000e+00,0.000000000000000000e+00,0.000000000000000000e+00,0.000000000000000000e+00,0.000000000000000000e+00,0.000000000000000000e+00,0.000000000000000000e+00,0.000000000000000000e+00,0.000000000000000000e+00,0.000000000000000000e+00,0.000000000000000000e+00,0.000000000000000000e+00,0.000000000000000000e+00,0.000000000000000000e+00,0.000000000000000000e+00,0.000000000000000000e+00,0.000000000000000000e+00,0.000000000000000000e+00,0.000000000000000000e+00,0.000000000000000000e+00,0.000000000000000000e+00,0.000000000000000000e+00,0.000000000000000000e+00,0.000000000000000000e+00,0.000000000000000000e+00,0.000000000000000000e+00,0.000000000000000000e+00,0.000000000000000000e+00,0.000000000000000000e+00,0.000000000000000000e+00,0.000000000000000000e+00,0.000000000000000000e+00,0.000000000000000000e+00,0.000000000000000000e+00,0.000000000000000000e+00,0.000000000000000000e+00,0.000000000000000000e+00,0.000000000000000000e+00,0.000000000000000000e+00,0.000000000000000000e+00,0.000000000000000000e+00,0.000000000000000000e+00,0.000000000000000000e+00,0.000000000000000000e+00,0.000000000000000000e+00,0.000000000000000000e+00,0.000000000000000000e+00,0.000000000000000000e+00,0.000000000000000000e+00,0.000000000000000000e+00,0.000000000000000000e+00,0.000000000000000000e+00,0.000000000000000000e+00,0.000000000000000000e+00,0.000000000000000000e+00,0.000000000000000000e+00,0.000000000000000000e+00,0.000000000000000000e+00,0.000000000000000000e+00,0.000000000000000000e+00,0.000000000000000000e+00,0.000000000000000000e+00,0.000000000000000000e+00,0.000000000000000000e+00,0.000000000000000000e+00,0.000000000000000000e+00,0.000000000000000000e+00,0.000000000000000000e+00,0.000000000000000000e+00,0.000000000000000000e+00,0.000000000000000000e+00,0.000000000000000000e+00,0.000000000000000000e+00,0.000000000000000000e+00,0.000000000000000000e+00,0.000000000000000000e+00,0.000000000000000000e+00,0.000000000000000000e+00,0.000000000000000000e+00,0.000000000000000000e+00,0.000000000000000000e+00,0.000000000000000000e+00,0.000000000000000000e+00,0.000000000000000000e+00,0.000000000000000000e+00,0.000000000000000000e+00,0.000000000000000000e+00,0.000000000000000000e+00,0.000000000000000000e+00,0.000000000000000000e+00,0.000000000000000000e+00,0.000000000000000000e+00,0.000000000000000000e+00,0.000000000000000000e+00,0.000000000000000000e+00,0.000000000000000000e+00,0.000000000000000000e+00,0.000000000000000000e+00,0.000000000000000000e+00,0.000000000000000000e+00,0.000000000000000000e+00,0.000000000000000000e+00,0.000000000000000000e+00,0.000000000000000000e+00,0.000000000000000000e+00,0.000000000000000000e+00,0.000000000000000000e+00,0.000000000000000000e+00,0.000000000000000000e+00,0.000000000000000000e+00,0.000000000000000000e+00,0.000000000000000000e+00,0.000000000000000000e+00,0.000000000000000000e+00,0.000000000000000000e+00,0.000000000000000000e+00,0.000000000000000000e+00,0.000000000000000000e+00,0.000000000000000000e+00,0.000000000000000000e+00,0.000000000000000000e+00,0.000000000000000000e+00,0.000000000000000000e+00,0.000000000000000000e+00,0.000000000000000000e+00,0.000000000000000000e+00,0.000000000000000000e+00,0.000000000000000000e+00,0.000000000000000000e+00,0.000000000000000000e+00,0.000000000000000000e+00,0.000000000000000000e+00,0.000000000000000000e+00,0.000000000000000000e+00,0.000000000000000000e+00,0.000000000000000000e+00,0.000000000000000000e+00,0.000000000000000000e+00,0.000000000000000000e+00,0.000000000000000000e+00,0.000000000000000000e+00,0.000000000000000000e+00,0.000000000000000000e+00,0.000000000000000000e+00,0.000000000000000000e+00,0.000000000000000000e+00,0.000000000000000000e+00,0.000000000000000000e+00,0.000000000000000000e+00,0.000000000000000000e+00,0.000000000000000000e+00,0.000000000000000000e+00,0.000000000000000000e+00,0.000000000000000000e+00,0.000000000000000000e+00,0.000000000000000000e+00,0.000000000000000000e+00,0.000000000000000000e+00,0.000000000000000000e+00,0.000000000000000000e+00,0.000000000000000000e+00,0.000000000000000000e+00,0.000000000000000000e+00,0.000000000000000000e+00,0.000000000000000000e+00,0.000000000000000000e+00,0.000000000000000000e+00,0.000000000000000000e+00,0.000000000000000000e+00,0.000000000000000000e+00,0.000000000000000000e+00,0.000000000000000000e+00,0.000000000000000000e+00,0.000000000000000000e+00,0.000000000000000000e+00,0.000000000000000000e+00,0.000000000000000000e+00,0.000000000000000000e+00,0.000000000000000000e+00,0.000000000000000000e+00,0.000000000000000000e+00,0.000000000000000000e+00,0.000000000000000000e+00,0.000000000000000000e+00,0.000000000000000000e+00,0.000000000000000000e+00,0.000000000000000000e+00,0.000000000000000000e+00,0.000000000000000000e+00,0.000000000000000000e+00,0.000000000000000000e+00,0.000000000000000000e+00,0.000000000000000000e+00,0.000000000000000000e+00,0.000000000000000000e+00,0.000000000000000000e+00,0.000000000000000000e+00,0.000000000000000000e+00,0.000000000000000000e+00,0.000000000000000000e+00
RPM,0.000000000000000000e+00,0.000000000000000000e+00,0.000000000000000000e+00,0.000000000000000000e+00,0.000000000000000000e+00,0.000000000000000000e+00,0.000000000000000000e+00,0.000000000000000000e+00,0.000000000000000000e+00,0.000000000000000000e+00,0.000000000000000000e+00,0.000000000000000000e+00,0.000000000000000000e+00,0.000000000000000000e+00,0.000000000000000000e+00,0.000000000000000000e+00,0.000000000000000000e+00,0.000000000000000000e+00,0.000000000000000000e+00,0.000000000000000000e+00,0.000000000000000000e+00,0.000000000000000000e+00,0.000000000000000000e+00,0.000000000000000000e+00,0.000000000000000000e+00,0.000000000000000000e+00,0.000000000000000000e+00,0.000000000000000000e+00,0.000000000000000000e+00,0.000000000000000000e+00,0.000000000000000000e+00,0.000000000000000000e+00,0.000000000000000000e+00,0.000000000000000000e+00,0.000000000000000000e+00,0.000000000000000000e+00,0.000000000000000000e+00,0.000000000000000000e+00,0.000000000000000000e+00,0.000000000000000000e+00,0.000000000000000000e+00,0.000000000000000000e+00,0.000000000000000000e+00,0.000000000000000000e+00,0.000000000000000000e+00,0.000000000000000000e+00,0.000000000000000000e+00,0.000000000000000000e+00,0.000000000000000000e+00,0.000000000000000000e+00,0.000000000000000000e+00,0.000000000000000000e+00,0.000000000000000000e+00,0.000000000000000000e+00,0.000000000000000000e+00,0.000000000000000000e+00,0.000000000000000000e+00,0.000000000000000000e+00,0.000000000000000000e+00,0.000000000000000000e+00,0.000000000000000000e+00,0.000000000000000000e+00,0.000000000000000000e+00,0.000000000000000000e+00,0.000000000000000000e+00,0.000000000000000000e+00,0.000000000000000000e+00,0.000000000000000000e+00,0.000000000000000000e+00,0.000000000000000000e+00,0.000000000000000000e+00,0.000000000000000000e+00,0.000000000000000000e+00,0.000000000000000000e+00,0.000000000000000000e+00,0.000000000000000000e+00,0.000000000000000000e+00,0.000000000000000000e+00,0.000000000000000000e+00,0.000000000000000000e+00,0.000000000000000000e+00,0.000000000000000000e+00,0.000000000000000000e+00,0.000000000000000000e+00,0.000000000000000000e+00,0.000000000000000000e+00,0.000000000000000000e+00,0.000000000000000000e+00,0.000000000000000000e+00,0.000000000000000000e+00,0.000000000000000000e+00,0.000000000000000000e+00,0.000000000000000000e+00,0.000000000000000000e+00,0.000000000000000000e+00,0.000000000000000000e+00,0.000000000000000000e+00,0.000000000000000000e+00,0.000000000000000000e+00,0.000000000000000000e+00,0.000000000000000000e+00,0.000000000000000000e+00,0.000000000000000000e+00,0.000000000000000000e+00,0.000000000000000000e+00,0.000000000000000000e+00,0.000000000000000000e+00,0.000000000000000000e+00,0.000000000000000000e+00,0.000000000000000000e+00,0.000000000000000000e+00,0.000000000000000000e+00,0.000000000000000000e+00,0.000000000000000000e+00,0.000000000000000000e+00,0.000000000000000000e+00,0.000000000000000000e+00,0.000000000000000000e+00,0.000000000000000000e+00,0.000000000000000000e+00,0.000000000000000000e+00,0.000000000000000000e+00,0.000000000000000000e+00,0.000000000000000000e+00,0.000000000000000000e+00,0.000000000000000000e+00,0.000000000000000000e+00,0.000000000000000000e+00,0.000000000000000000e+00,0.000000000000000000e+00,0.000000000000000000e+00,0.000000000000000000e+00,0.000000000000000000e+00,0.000000000000000000e+00,0.000000000000000000e+00,0.000000000000000000e+00,0.000000000000000000e+00,0.000000000000000000e+00,0.000000000000000000e+00,0.000000000000000000e+00,0.000000000000000000e+00,0.000000000000000000e+00,0.000000000000000000e+00,0.000000000000000000e+00,0.000000000000000000e+00,0.000000000000000000e+00,0.000000000000000000e+00,0.000000000000000000e+00,0.000000000000000000e+00,0.000000000000000000e+00,0.000000000000000000e+00,0.000000000000000000e+00,0.000000000000000000e+00,0.000000000000000000e+00,0.000000000000000000e+00,0.000000000000000000e+00,0.000000000000000000e+00,0.000000000000000000e+00,0.000000000000000000e+00,0.000000000000000000e+00,0.000000000000000000e+00,0.000000000000000000e+00,0.000000000000000000e+00,0.000000000000000000e+00,0.000000000000000000e+00,0.000000000000000000e+00,0.000000000000000000e+00,0.000000000000000000e+00,0.000000000000000000e+00,0.000000000000000000e+00,0.000000000000000000e+00,0.000000000000000000e+00,0.000000000000000000e+00,0.000000000000000000e+00,0.000000000000000000e+00,0.000000000000000000e+00,0.000000000000000000e+00,0.000000000000000000e+00,0.000000000000000000e+00,0.000000000000000000e+00,0.000000000000000000e+00,0.000000000000000000e+00,0.000000000000000000e+00,0.000000000000000000e+00,0.000000000000000000e+00,0.000000000000000000e+00,0.000000000000000000e+00,0.000000000000000000e+00,0.000000000000000000e+00,0.000000000000000000e+00,0.000000000000000000e+00,0.000000000000000000e+00,0.000000000000000000e+00,0.000000000000000000e+00,0.000000000000000000e+00,0.000000000000000000e+00,0.000000000000000000e+00,0.000000000000000000e+00,0.000000000000000000e+00,0.000000000000000000e+00,0.000000000000000000e+00,0.000000000000000000e+00,0.000000000000000000e+00,0.000000000000000000e+00,0.000000000000000000e+00,0.000000000000000000e+00,0.000000000000000000e+00,0.000000000000000000e+00,0.000000000000000000e+00,0.000000000000000000e+00,0.000000000000000000e+00,0.000000000000000000e+00,0.000000000000000000e+00,0.000000000000000000e+00,0.000000000000000000e+00,0.000000000000000000e+00,0.000000000000000000e+00,0.000000000000000000e+00,0.000000000000000000e+00,0.000000000000000000e+00,0.000000000000000000e+00,0.000000000000000000e+00,0.000000000000000000e+00,0.000000000000000000e+00,0.000000000000000000e+00,0.000000000000000000e+00,0.000000000000000000e+00,0.000000000000000000e+00,0.000000000000000000e+00,0.000000000000000000e+00,0.000000000000000000e+00,0.000000000000000000e+00,0.000000000000000000e+00,0.000000000000000000e+00,0.000000000000000000e+00,0.000000000000000000e+00,0.000000000000000000e+00,0.000000000000000000e+00
SoverB,7.620000000000000037e-03,1.524000000000000007e-02,2.285999999999999838e-02,3.048000000000000015e-02,3.810000000000000192e-02,4.571999999999999675e-02,5.333999999999999853e-02,6.096000000000000030e-02,6.858000000000000207e-02,7.620000000000000384e-02,8.382000000000000561e-02,9.143999999999999351e-02,9.905999999999999528e-02,1.066700000000000009e-01,1.142900000000000027e-01,1.219100000000000045e-01,1.295300000000000062e-01,1.371499999999999941e-01,1.381699999999999873e-01,1.391900000000000082e-01,1.401999999999999913e-01,1.412200000000000122e-01,1.422299999999999953e-01,1.432499999999999885e-01,1.517199999999999938e-01,1.601799999999999891e-01,1.686499999999999944e-01,1.771099999999999897e-01,1.855799999999999950e-01,1.940500000000000003e-01,2.025099999999999956e-01,2.109800000000000009e-01,2.194500000000000062e-01,2.279100000000000015e-01,2.363800000000000068e-01,2.448500000000000121e-01,2.533099999999999796e-01,2.617800000000000127e-01,2.702399999999999802e-01,2.787100000000000133e-01,2.871799999999999908e-01,2.956400000000000139e-01,3.041099999999999914e-01,3.125800000000000245e-01,3.210399999999999920e-01,3.295100000000000251e-01,3.379699999999999926e-01,3.464400000000000257e-01,3.549100000000000033e-01,3.633700000000000263e-01,3.718400000000000039e-01,3.803099999999999814e-01,3.887700000000000045e-01,3.972399999999999820e-01,4.057000000000000051e-01,4.141699999999999826e-01,4.226400000000000157e-01,4.310999999999999832e-01,4.395700000000000163e-01,4.480399999999999938e-01,4.545299999999999896e-01,4.610299999999999954e-01,4.675199999999999911e-01,4.740199999999999969e-01,4.805099999999999927e-01,4.870099999999999985e-01,4.934999999999999942e-01,5.000000000000000000e-01,5.064999999999999503e-01,5.129899999999999460e-01,5.194900000000000073e-01,5.259800000000000031e-01,5.324799999999999534e-01,5.389699999999999491e-01,5.454700000000000104e-01,5.519600000000000062e-01,5.604299999999999837e-01,5.688999999999999613e-01,5.773599999999999843e-01,5.858299999999999619e-01,5.943000000000000504e-01,6.027599999999999625e-01,6.112300000000000511e-01,6.196899999999999631e-01,6.281600000000000517e-01,6.366300000000000292e-01,6.450900000000000523e-01,6.535600000000000298e-01,6.620300000000000074e-01,6.704900000000000304e-01,6.789600000000000080e-01,6.874200000000000310e-01,6.958900000000000086e-01,7.043599999999999861e-01,7.128200000000000092e-01,7.212899999999999867e-01,7.297599999999999643e-01,7.382199999999999873e-01,7.466899999999999649e-01,7.551499999999999879e-01,7.636199999999999655e-01,7.720900000000000540e-01,7.805499999999999661e-01,7.890200000000000546e-01,7.974900000000000322e-01,8.059500000000000552e-01,8.144200000000000328e-01,8.228900000000000103e-01,8.313500000000000334e-01,8.398200000000000109e-01,8.482800000000000340e-01,8.567500000000000115e-01,8.577700000000000324e-01,8.587799999999999878e-01,8.598000000000000087e-01,8.608099999999999641e-01,8.618299999999999850e-01,8.628500000000000059e-01,8.704699999999999660e-01,8.780900000000000372e-01,8.857099999999999973e-01,8.933299999999999574e-01,9.009399999999999631e-01,9.085600000000000342e-01,9.161799999999999944e-01,9.237999999999999545e-01,9.314200000000000257e-01,9.390399999999999858e-01,9.466599999999999460e-01,9.542800000000000171e-01,9.618999999999999773e-01,9.695200000000000484e-01,9.771400000000000086e-01,9.847599999999999687e-01,9.923800000000000399e-01,1.000000000000000000e+00,3.570999999999999869e-02,7.142999999999999350e-02,1.071399999999999991e-01,1.428599999999999870e-01,1.785700000000000065e-01,2.142900000000000083e-01,2.500000000000000000e-01,2.857100000000000195e-01,3.214299999999999935e-01,3.571400000000000130e-01,3.928599999999999870e-01,4.285700000000000065e-01,4.642899999999999805e-01,5.000000000000000000e-01,5.357100000000000195e-01,5.714299999999999935e-01,6.071400000000000130e-01,6.428599999999999870e-01,6.785700000000000065e-01,7.142899999999999805e-01,7.500000000000000000e-01,7.857100000000000195e-01,8.214299999999999935e-01,8.571400000000000130e-01,8.928599999999999870e-01,9.285700000000000065e-01,9.642899999999999805e-01,1.000000000000000000e+00,3.703999999999999654e-02,7.406999999999999695e-02,1.111100000000000004e-01,1.481500000000000039e-01,1.851899999999999935e-01,2.222200000000000009e-01,2.592599999999999905e-01,2.963000000000000078e-01,3.333300000000000152e-01,3.703699999999999770e-01,4.074099999999999944e-01,4.444400000000000017e-01,4.814800000000000191e-01,5.185199999999999809e-01,5.555600000000000538e-01,5.925899999999999501e-01,6.296300000000000230e-01,6.666699999999999848e-01,7.036999999999999922e-01,7.407399999999999540e-01,7.777800000000000269e-01,8.148100000000000342e-01,8.518499999999999961e-01,8.888899999999999579e-01,9.259300000000000308e-01,9.629600000000000382e-01,1.000000000000000000e+00,3.703999999999999654e-02,7.406999999999999695e-02,1.111100000000000004e-01,1.481500000000000039e-01,1.851899999999999935e-01,2.222200000000000009e-01,2.592599999999999905e-01,2.963000000000000078e-01,3.333300000000000152e-01,3.703699999999999770e-01,4.074099999999999944e-01,4.444400000000000017e-01,4.814800000000000191e-01,5.185199999999999809e-01,5.555600000000000538e-01,5.925899999999999501e-01,6.296300000000000230e-01,6.666699999999999848e-01,7.036999999999999922e-01,7.407399999999999540e-01,7.777800000000000269e-01,8.148100000000000342e-01,8.518499999999999961e-01,8.888899999999999579e-01,9.259300000000000308e-01,9.629600000000000382e-01,1.000000000000000000e+00,6.629999999999999609e-03,1.324999999999999963e-02,1.679900000000000004e-01,3.227300000000000169e-01,4.774700000000000055e-01,6.322200000000000042e-01,7.869599999999999929e-01,9.416999999999999815e-01,9.708499999999999908e-01,1.000000000000000000e+00,6.629999999999999609e-03,1.324999999999999963e-02,1.679900000000000004e-01,3.227300000000000169e-01,4.774700000000000055e-01,6.322200000000000042e-01,7.869599999999999929e-01,9.416999999999999815e-01,9.708499999999999908e-01,1.000000000000000000e+00
StallFact,1.000000000000000000e+00,1.000000000000000000e+00,1.000000000000000000e+00,1.000000000000000000e+00,1.000000000000000000e+00,1.000000000000000000e+00,1.000000000000000000e+00,1.000000000000000000e+00,1.000000000000000000e+00,1.000000000000000000e+00,1.000000000000000000e+00,1.000000000000000000e+00,1.000000000000000000e+00,1.000000000000000000e+00,1.000000000000000000e+00,1.000000000000000000e+00,1.000000000000000000e+00,1.000000000000000000e+00,1.000000000000000000e+00,1.000000000000000000e+00,1.000000000000000000e+00,1.000000000000000000e+00,1.000000000000000000e+00,1.000000000000000000e+00,1.000000000000000000e+00,1.000000000000000000e+00,1.000000000000000000e+00,1.000000000000000000e+00,1.000000000000000000e+00,1.000000000000000000e+00,1.000000000000000000e+00,1.000000000000000000e+00,1.000000000000000000e+00,1.000000000000000000e+00,1.000000000000000000e+00,1.000000000000000000e+00,1.000000000000000000e+00,1.000000000000000000e+00,1.000000000000000000e+00,1.000000000000000000e+00,1.000000000000000000e+00,1.000000000000000000e+00,1.000000000000000000e+00,1.000000000000000000e+00,1.000000000000000000e+00,1.000000000000000000e+00,1.000000000000000000e+00,1.000000000000000000e+00,1.000000000000000000e+00,1.000000000000000000e+00,1.000000000000000000e+00,1.000000000000000000e+00,1.000000000000000000e+00,1.000000000000000000e+00,1.000000000000000000e+00,1.000000000000000000e+00,1.000000000000000000e+00,1.000000000000000000e+00,1.000000000000000000e+00,1.000000000000000000e+00,1.000000000000000000e+00,1.000000000000000000e+00,1.000000000000000000e+00,1.000000000000000000e+00,1.000000000000000000e+00,1.000000000000000000e+00,1.000000000000000000e+00,1.000000000000000000e+00,1.000000000000000000e+00,1.000000000000000000e+00,1.000000000000000000e+00,1.000000000000000000e+00,1.000000000000000000e+00,1.000000000000000000e+00,1.000000000000000000e+00,1.000000000000000000e+00,1.000000000000000000e+00,1.000000000000000000e+00,1.000000000000000000e+00,1.000000000000000000e+00,1.000000000000000000e+00,1.000000000000000000e+00,1.000000000000000000e+00,1.000000000000000000e+00,1.000000000000000000e+00,1.000000000000000000e+00,1.000000000000000000e+00,1.000000000000000000e+00,1.000000000000000000e+00,1.000000000000000000e+00,1.000000000000000000e+00,1.000000000000000000e+00,1.000000000000000000e+00,1.000000000000000000e+00,1.000000000000000000e+00,1.000000000000000000e+00,1.000000000000000000e+00,1.000000000000000000e+00,1.000000000000000000e+00,1.000000000000000000e+00,1.000000000000000000e+00,1.000000000000000000e+00,1.000000000000000000e+00,1.000000000000000000e+00,1.000000000000000000e+00,1.000000000000000000e+00,1.000000000000000000e+00,1.000000000000000000e+00,1.000000000000000000e+00,1.000000000000000000e+00,1.000000000000000000e+00,1.000000000000000000e+00,1.000000000000000000e+00,1.000000000000000000e+00,1.000000000000000000e+00,1.000000000000000000e+00,1.000000000000000000e+00,1.000000000000000000e+00,1.000000000000000000e+00,1.000000000000000000e+00,1.000000000000000000e+00,1.000000000000000000e+00,1.000000000000000000e+00,1.000000000000000000e+00,1.000000000000000000e+00,1.000000000000000000e+00,1.000000000000000000e+00,1.000000000000000000e+00,1.000000000000000000e+00,1.000000000000000000e+00,1.000000000000000000e+00,1.000000000000000000e+00,1.000000000000000000e+00,1.000000000000000000e+00,1.000000000000000000e+00,1.000000000000000000e+00,1.000000000000000000e+00,1.000000000000000000e+00,1.000000000000000000e+00,1.000000000000000000e+00,1.000000000000000000e+00,1.000000000000000000e+00,1.000000000000000000e+00,1.000000000000000000e+00,1.000000000000000000e+00,1.000000000000000000e+00,1.000000000000000000e+00,1.000000000000000000e+00,1.000000000000000000e+00,1.000000000000000000e+00,1.000000000000000000e+00,1.000000000000000000e+00,1.000000000000000000e+00,1.000000000000000000e+00,1.000000000000000000e+00,1.000000000000000000e+00,1.000000000000000000e+00,1.000000000000000000e+00,1.000000000000000000e+00,1.000000000000000000e+00,1.000000000000000000e+00,1.000000000000000000e+00,1.000000000000000000e+00,1.000000000000000000e+00,1.000000000000000000e+00,1.000000000000000000e+00,1.000000000000000000e+00,1.000000000000000000e+00,1.000000000000000000e+00,1.000000000000000000e+00,1.000000000000000000e+00,1.000000000000000000e+00,1.000000000000000000e+00,1.000000000000000000e+00,1.000000000000000000e+00,1.000000000000000000e+00,1.000000000000000000e+00,1.000000000000000000e+00,1.000000000000000000e+00,1.000000000000000000e+00,1.000000000000000000e+00,1.000000000000000000e+00,1.000000000000000000e+00,1.000000000000000000e+00,1.000000000000000000e+00,1.000000000000000000e+00,1.000000000000000000e+00,1.000000000000000000e+00,1.000000000000000000e+00,1.000000000000000000e+00,1.000000000000000000e+00,1.000000000000000000e+00,1.000000000000000000e+00,1.000000000000000000e+00,1.000000000000000000e+00,1.000000000000000000e+00,1.000000000000000000e+00,1.000000000000000000e+00,1.000000000000000000e+00,1.000000000000000000e+00,1.000000000000000000e+00,1.000000000000000000e+00,1.000000000000000000e+00,1.000000000000000000e+00,1.000000000000000000e+00,1.000000000000000000e+00,1.000000000000000000e+00,1.000000000000000000e+00,1.000000000000000000e+00,1.000000000000000000e+00,1.000000000000000000e+00,1.000000000000000000e+00,1.000000000000000000e+00,1.000000000000000000e+00,1.000000000000000000e+00,1.000000000000000000e+00,1.000000000000000000e+00,1.000000000000000000e+00,1.000000000000000000e+00,1.000000000000000000e+00,1.000000000000000000e+00,1.000000000000000000e+00,1.000000000000000000e+00,1.000000000000000000e+00,1.000000000000000000e+00,1.000000000000000000e+00,1.000000000000000000e+00,1.000000000000000000e+00,1.000000000000000000e+00,1.000000000000000000e+00,1.000000000000000000e+00,1.000000000000000000e+00,1.000000000000000000e+00,1.000000000000000000e+00,1.000000000000000000e+00,1.000000000000000000e+00,1.000000000000000000e+00,1.000000000000000000e+00
Thrust,0.000000000000000000e+00,0.000000000000000000e+00,0.000000000000000000e+00,0.000000000000000000e+00,0.000000000000000000e+00,0.000000000000000000e+00,0.000000000000000000e+00,0.000000000000000000e+00,0.000000000000000000e+00,0.000000000000000000e+00,0.000000000000000000e+00,0.000000000000000000e+00,0.000000000000000000e+00,0.000000000000000000e+00,0.000000000000000000e+00,0.000000000000000000e+00,0.000000000000000000e+00,0.000000000000000000e+00,0.000000000000000000e+00,0.000000000000000000e+00,0.000000000000000000e+00,0.000000000000000000e+00,0.000000000000000000e+00,0.000000000000000000e+00,0.000000000000000000e+00,0.000000000000000000e+00,0.000000000000000000e+00,0.000000000000000000e+00,0.000000000000000000e+00,0.000000000000000000e+00,0.000000000000000000e+00,0.000000000000000000e+00,0.000000000000000000e+00,0.000000000000000000e+00,0.000000000000000000e+00,0.000000000000000000e+00,0.000000000000000000e+00,0.000000000000000000e+00,0.000000000000000000e+00,0.000000000000000000e+00,0.000000000000000000e+00,0.000000000000000000e+00,0.000000000000000000e+00,0.000000000000000000e+00,0.000000000000000000e+00,0.000000000000000000e+00,0.000000000000000000e+00,0.000000000000000000e+00,0.000000000000000000e+00,0.000000000000000000e+00,0.000000000000000000e+00,0.000000000000000000e+00,0.000000000000000000e+00,0.000000000000000000e+00,0.000000000000000000e+00,0.000000000000000000e+00,0.000000000000000000e+00,0.000000000000000000e+00,0.000000000000000000e+00,0.000000000000000000e+00,0.000000000000000000e+00,0.000000000000000000e+00,0.000000000000000000e+00,0.000000000000000000e+00,0.000000000000000000e+00,0.000000000000000000e+00,0.000000000000000000e+00,0.000000000000000000e+00,0.000000000000000000e+00,0.000000000000000000e+00,0.000000000000000000e+00,0.000000000000000000e+00,0.000000000000000000e+00,0.000000000000000000e+00,0.000000000000000000e+00,0.000000000000000000e+00,0.000000000000000000e+00,0.000000000000000000e+00,0.000000000000000000e+00,0.000000000000000000e+00,0.000000000000000000e+00,0.000000000000000000e+00,0.000000000000000000e+00,0.000000000000000000e+00,0.000000000000000000e+00,0.000000000000000000e+00,0.000000000000000000e+00,0.000000000000000000e+00,0.000000000000000000e+00,0.000000000000000000e+00,0.000000000000000000e+00,0.000000000000000000e+00,0.000000000000000000e+00,0.000000000000000000e+00,0.000000000000000000e+00,0.000000000000000000e+00,0.000000000000000000e+00,0.000000000000000000e+00,0.000000000000000000e+00,0.000000000000000000e+00,0.000000000000000000e+00,0.000000000000000000e+00,0.000000000000000000e+00,0.000000000000000000e+00,0.000000000000000000e+00,0.000000000000000000e+00,0.000000000000000000e+00,0.000000000000000000e+00,0.000000000000000000e+00,0.000000000000000000e+00,0.000000000000000000e+00,0.000000000000000000e+00,0.000000000000000000e+00,0.000000000000000000e+00,0.000000000000000000e+00,0.000000000000000000e+00,0.000000000000000000e+00,0.000000000000000000e+00,0.000000000000000000e+00,0.000000000000000000e+00,0.000000000000000000e+00,0.000000000000000000e+00,0.000000000000000000e+00,0.000000000000000000e+00,0.000000000000000000e+00,0.000000000000000000e+00,0.000000000000000000e+00,0.000000000000000000e+00,0.000000000000000000e+00,0.000000000000000000e+00,0.000000000000000000e+00,0.000000000000000000e+00,0.000000000000000000e+00,0.000000000000000000e+00,0.000000000000000000e+00,0.000000000000000000e+00,0.000000000000000000e+00,0.000000000000000000e+00,0.000000000000000000e+00,0.000000000000000000e+00,0.000000000000000000e+00,0.000000000000000000e+00,0.000000000000000000e+00,0.000000000000000000e+00,0.000000000000000000e+00,0.000000000000000000e+00,0.000000000000000000e+00,0.000000000000000000e+00,0.000000000000000000e+00,0.000000000000000000e+00,0.000000000000000000e+00,0.000000000000000000e+00,0.000000000000000000e+00,0.000000000000000000e+00,0.000000000000000000e+00,0.000000000000000000e+00,0.000000000000000000e+00,0.000000000000000000e+00,0.000000000000000000e+00,0.000000000000000000e+00,0.000000000000000000e+00,0.000000000000000000e+00,0.000000000000000000e+00,0.000000000000000000e+00,0.000000000000000000e+00,0.000000000000000000e+00,0.000000000000000000e+00,0.000000000000000000e+00,0.000000000000000000e+00,0.000000000000000000e+00,0.000000000000000000e+00,0.000000000000000000e+00,0.000000000000000000e+00,0.000000000000000000e+00,0.000000000000000000e+00,0.000000000000000000e+00,0.000000000000000000e+00,0.000000000000000000e+00,0.000000000000000000e+00,0.000000000000000000e+00,0.000000000000000000e+00,0.000000000000000000e+00,0.000000000000000000e+00,0.000000000000000000e+00,0.000000000000000000e+00,0.000000000000000000e+00,0.000000000000000000e+00,0.000000000000000000e+00,0.000000000000000000e+00,0.000000000000000000e+00,0.000000000000000000e+00,0.000000000000000000e+00,0.000000000000000000e+00,0.000000000000000000e+00,0.000000000000000000e+00,0.000000000000000000e+00,0.000000000000000000e+00,0.000000000000000000e+00,0.000000000000000000e+00,0.000000000000000000e+00,0.000000000000000000e+00,0.000000000000000000e+00,0.000000000000000000e+00,0.000000000000000000e+00,0.000000000000000000e+00,0.000000000000000000e+00,0.000000000000000000e+00,0.000000000000000000e+00,0.000000000000000000e+00,0.000000000000000000e+00,0.000000000000000000e+00,0.000000000000000000e+00,0.000000000000000000e+00,0.000000000000000000e+00,0.000000000000000000e+00,0.000000000000000000e+00,0.000000000000000000e+00,0.000000000000000000e+00,0.000000000000000000e+00,0.000000000000000000e+00,0.000000000000000000e+00,0.000000000000000000e+00,0.000000000000000000e+00,0.000000000000000000e+00,0.000000000000000000e+00,0.000000000000000000e+00,0.000000000000000000e+00,0.000000000000000000e+00,0.000000000000000000e+00,0.000000000000000000e+00,0.000000000000000000e+00,0.000000000000000000e+00,0.000000000000000000e+00,0.000000000000000000e+00,0.000000000000000000e+00,0.000000000000000000e+00,0.000000000000000000e+00,0.000000000000000000e+00
Thrusti,0.000000000000000000e+00,0.000000000000000000e+00,0.000000000000000000e+00,0.000000000000000000e+00,0.000000000000000000e+00,0.000000000000000000e+00,0.000000000000000000e+00,0.000000000000000000e+00,0.000000000000000000e+00,0.000000000000000000e+00,0.000000000000000000e+00,0.000000000000000000e+00,0.000000000000000000e+00,0.000000000000000000e+00,0.000000000000000000e+00,0.000000000000000000e+00,0.000000000000000000e+00,0.000000000000000000e+00,0.000000000000000000e+00,0.000000000000000000e+00,0.000000000000000000e+00,0.000000000000000000e+00,0.000000000000000000e+00,0.000000000000000000e+00,0.000000000000000000e+00,0.000000000000000000e+00,0.000000000000000000e+00,0.000000000000000000e+00,0.000000000000000000e+00,0.000000000000000000e+00,0.000000000000000000e+00,0.000000000000000000e+00,0.000000000000000000e+00,0.000000000000000000e+00,0.000000000000000000e+00,0.000000000000000000e+00,0.000000000000000000e+00,0.000000000000000000e+00,0.000000000000000000e+00,0.000000000000000000e+00,0.000000000000000000e+00,0.000000000000000000e+00,0.000000000000000000e+00,0.000000000000000000e+00,0.000000000000000000e+00,0.000000000000000000e+00,0.000000000000000000e+00,0.000000000000000000e+00,0.000000000000000000e+00,0.000000000000000000e+00,0.000000000000000000e+00,0.000000000000000000e+00,0.000000000000000000e+00,0.000000000000000000e+00,0.000000000000000000e+00,0.000000000000000000e+00,0.000000000000000000e+00,0.000000000000000000e+00,0.000000000000000000e+00,0.000000000000000000e+00,0.000000000000000000e+00,0.000000000000000000e+00,0.000000000000000000e+00,0.000000000000000000e+00,0.000000000000000000e+00,0.000000000000000000e+00,0.000000000000000000e+00,0.000000000000000000e+00,0.000000000000000000e+00,0.000000000000000000e+00,0.000000000000000000e+00,0.000000000000000000e+00,0.000000000000000000e+00,0.000000000000000000e+00,0.000000000000000000e+00,0.000000000000000000e+00,0.000000000000000000e+00,0.000000000000000000e+00,0.000000000000000000e+00,0.000000000000000000e+00,0.000000000000000000e+00,0.000000000000000000e+00,0.000000000000000000e+00,0.000000000000000000e+00,0.000000000000000000e+00,0.000000000000000000e+00,0.000000000000000000e+00,0.000000000000000000e+00,0.000000000000000000e+00,0.000000000000000000e+00,0.000000000000000000e+00,0.000000000000000000e+00,0.000000000000000000e+00,0.000000000000000000e+00,0.000000000000000000e+00,0.000000000000000000e+00,0.000000000000000000e+00,0.000000000000000000e+00,0.000000000000000000e+00,0.000000000000000000e+00,0.000000000000000000e+00,0.000000000000000000e+00,0.000000000000000000e+00,0.000000000000000000e+00,0.000000000000000000e+00,0.000000000000000000e+00,0.000000000000000000e+00,0.000000000000000000e+00,0.000000000000000000e+00,0.000000000000000000e+00,0.000000000000000000e+00,0.000000000000000000e+00,0.000000000000000000e+00,0.000000000000000000e+00,0.000000000000000000e+00,0.000000000000000000e+00,0.000000000000000000e+00,0.000000000000000000e+00,0.000000000000000000e+00,0.000000000000000000e+00,0.000000000000000000e+00,0.000000000000000000e+00,0.000000000000000000e+00,0.000000000000000000e+00,0.000000000000000000e+00,0.000000000000000000e+00,0.000000000000000000e+00,0.000000000000000000e+00,0.000000000000000000e+00,0.000000000000000000e+00,0.000000000000000000e+00,0.000000000000000000e+00,0.000000000000000000e+00,0.000000000000000000e+00,0.000000000000000000e+00,0.000000000000000000e+00,0.000000000000000000e+00,0.000000000000000000e+00,0.000000000000000000e+00,0.000000000000000000e+00,0.000000000000000000e+00,0.000000000000000000e+00,0.000000000000000000e+00,0.000000000000000000e+00,0.000000000000000000e+00,0.000000000000000000e+00,0.000000000000000000e+00,0.000000000000000000e+00,0.000000000000000000e+00,0.000000000000000000e+00,0.000000000000000000e+00,0.000000000000000000e+00,0.000000000000000000e+00,0.000000000000000000e+00,0.000000000000000000e+00,0.000000000000000000e+00,0.000000000000000000e+00,0.000000000000000000e+00,0.000000000000000000e+00,0.000000000000000000e+00,0.000000000000000000e+00,0.000000000000000000e+00,0.000000000000000000e+00,0.000000000000000000e+00,0.000000000000000000e+00,0.000000000000000000e+00,0.000000000000000000e+00,0.000000000000000000e+00,0.000000000000000000e+00,0.000000000000000000e+00,0.000000000000000000e+00,0.000000000000000000e+00,0.000000000000000000e+00,0.000000000000000000e+00,0.000000000000000000e+00,0.000000000000000000e+00,0.000000000000000000e+00,0.000000000000000000e+00,0.000000000000000000e+00,0.000000000000000000e+00,0.000000000000000000e+00,0.000000000000000000e+00,0.000000000000000000e+00,0.000000000000000000e+00,0.000000000000000000e+00,0.000000000000000000e+00,0.000000000000000000e+00,0.000000000000000000e+00,0.000000000000000000e+00,0.000000000000000000e+00,0.000000000000000000e+00,0.000000000000000000e+00,0.000000000000000000e+00,0.000000000000000000e+00,0.000000000000000000e+00,0.000000000000000000e+00,0.000000000000000000e+00,0.000000000000000000e+00,0.000000000000000000e+00,0.000000000000000000e+00,0.000000000000000000e+00,0.000000000000000000e+00,0.000000000000000000e+00,0.000000000000000000e+00,0.000000000000000000e+00,0.000000000000000000e+00,0.000000000000000000e+00,0.000000000000000000e+00,0.000000000000000000e+00,0.000000000000000000e+00,0.000000000000000000e+00,0.000000000000000000e+00,0.000000000000000000e+00,0.000000000000000000e+00,0.000000000000000000e+00,0.000000000000000000e+00,0.000000000000000000e+00,0.000000000000000000e+00,0.000000000000000000e+00,0.000000000000000000e+00,0.000000000000000000e+00,0.000000000000000000e+00,0.000000000000000000e+00,0.000000000000000000e+00,0.000000000000000000e+00,0.000000000000000000e+00,0.000000000000000000e+00,0.000000000000000000e+00,0.000000000000000000e+00,0.000000000000000000e+00,0.000000000000000000e+00,0.000000000000000000e+00,0.000000000000000000e+00,0.000000000000000000e+00,0.000000000000000000e+00,0.000000000000000000e+00,0.000000000000000000e+00,0.000000000000000000e+00
Thrusto,0.000000000000000000e+00,0.000000000000000000e+00,0.000000000000000000e+00,0.000000000000000000e+00,0.000000000000000000e+00,0.000000000000000000e+00,0.000000000000000000e+00,0.000000000000000000e+00,0.000000000000000000e+00,0.000000000000000000e+00,0.000000000000000000e+00,0.000000000000000000e+00,0.000000000000000000e+00,0.000000000000000000e+00,0.000000000000000000e+00,0.000000000000000000e+00,0.000000000000000000e+00,0.000000000000000000e+00,0.000000000000000000e+00,0.000000000000000000e+00,0.000000000000000000e+00,0.000000000000000000e+00,0.000000000000000000e+00,0.000000000000000000e+00,0.000000000000000000e+00,0.000000000000000000e+00,0.000000000000000000e+00,0.000000000000000000e+00,0.000000000000000000e+00,0.000000000000000000e+00,0.000000000000000000e+00,0.000000000000000000e+00,0.000000000000000000e+00,0.000000000000000000e+00,0.000000000000000000e+00,0.000000000000000000e+00,0.000000000000000000e+00,0.000000000000000000e+00,0.000000000000000000e+00,0.000000000000000000e+00,0.000000000000000000e+00,0.000000000000000000e+00,0.000000000000000000e+00,0.000000000000000000e+00,0.000000000000000000e+00,0.000000000000000000e+00,0.000000000000000000e+00,0.000000000000000000e+00,0.000000000000000000e+00,0.000000000000000000e+00,0.000000000000000000e+00,0.000000000000000000e+00,0.000000000000000000e+00,0.000000000000000000e+00,0.000000000000000000e+00,0.000000000000000000e+00,0.000000000000000000e+00,0.000000000000000000e+00,0.000000000000000000e+00,0.000000000000000000e+00,0.000000000000000000e+00,0.000000000000000000e+00,0.000000000000000000e+00,0.000000000000000000e+00,0.000000000000000000e+00,0.000000000000000000e+00,0.000000000000000000e+00,0.000000000000000000e+00,0.000000000000000000e+00,0.000000000000000000e+00,0.000000000000000000e+00,0.000000000000000000e+00,0.000000000000000000e+00,0.000000000000000000e+00,0.000000000000000000e+00,0.000000000000000000e+00,0.000000000000000000e+00,0.000000000000000000e+00,0.000000000000000000e+00,0.000000000000000000e+00,0.000000000000000000e+00,0.000000000000000000e+00,0.000000000000000000e+00,0.000000000000000000e+00,0.000000000000000000e+00,0.000000000000000000e+00,0.000000000000000000e+00,0.000000000000000000e+00,0.000000000000000000e+00,0.000000000000000000e+00,0.000000000000000000e+00,0.000000000000000000e+00,0.000000000000000000e+00,0.000000000000000000e+00,0.000000000000000000e+00,0.000000000000000000e+00,0.000000000000000000e+00,0.000000000000000000e+00,0.000000000000000000e+00,0.000000000000000000e+00,0.000000000000000000e+00,0.000000000000000000e+00,0.000000000000000000e+00,0.000000000000000000e+00,0.000000000000000000e+00,0.000000000000000000e+00,0.000000000000000000e+00,0.000000000000000000e+00,0.000000000000000000e+00,0.000000000000000000e+00,0.000000000000000000e+00,0.000000000000000000e+00,0.000000000000000000e+00,0.000000000000000000e+00,0.000000000000000000e+00,0.000000000000000000e+00,0.000000000000000000e+00,0.000000000000000000e+00,0.000000000000000000e+00,0.000000000000000000e+00,0.000000000000000000e+00,0.000000000000000000e+00,0.000000000000000000e+00,0.000000000000000000e+00,0.000000000000000000e+00,0.000000000000000000e+00,0.000000000000000000e+00,0.000000000000000000e+00,0.000000000000000000e+00,0.000000000000000000e+00,0.000000000000000000e+00,0.000000000000000000e+00,0.000000000000000000e+00,0.000000000000000000e+00,0.000000000000000000e+00,0.000000000000000000e+00,0.000000000000000000e+00,0.000000000000000000e+00,0.000000000000000000e+00,0.000000000000000000e+00,0.000000000000000000e+00,0.000000000000000000e+00,0.000000000000000000e+00,0.000000000000000000e+00,0.000000000000000000e+00,0.000000000000000000e+00,0.000000000000000000e+00,0.000000000000000000e+00,0.000000000000000000e+00,0.000000000000000000e+00,0.000000000000000000e+00,0.000000000000000000e+00,0.000000000000000000e+00,0.000000000000000000e+00,0.000000000000000000e+00,0.000000000000000000e+00,0.000000000000000000e+00,0.000000000000000000e+00,0.000000000000000000e+00,0.000000000000000000e+00,0.000000000000000000e+00,0.000000000000000000e+00,0.000000000000000000e+00,0.000000000000000000e+00,0.000000000000000000e+00,0.000000000000000000e+00,0.000000000000000000e+00,0.000000000000000000e+00,0.000000000000000000e+00,0.000000000000000000e+00,0.000000000000000000e+00,0.000000000000000000e+00,0.000000000000000000e+00,0.000000000000000000e+00,0.000000000000000000e+00,0.000000000000000000e+00,0.000000000000000000e+00,0.000000000000000000e+00,0.000000000000000000e+00,0.000000000000000000e+00,0.000000000000000000e+00,0.000000000000000000e+00,0.000000000000000000e+00,0.000000000000000000e+00,0.000000000000000000e+00,0.000000000000000000e+00,0.000000000000000000e+00,0.000000000000000000e+00,0.000000000000000000e+00,0.000000000000000000e+00,0.000000000000000000e+00,0.000000000000000000e+00,0.000000000000000000e+00,0.000000000000000000e+00,0.000000000000000000e+00,0.000000000000000000e+00,0.000000000000000000e+00,0.000000000000000000e+00,0.000000000000000000e+00,0.000000000000000000e+00,0.000000000000000000e+00,0.000000000000000000e+00,0.000000000000000000e+00,0.000000000000000000e+00,0.000000000000000000e+00,0.000000000000000000e+00,0.000000000000000000e+00,0.000000000000000000e+00,0.000000000000000000e+00,0.000000000000000000e+00,0.000000000000000000e+00,0.000000000000000000e+00,0.000000000000000000e+00,0.000000000000000000e+00,0.000000000000000000e+00,0.000000000000000000e+00,0.000000000000000000e+00,0.000000000000000000e+00,0.000000000000000000e+00,0.000000000000000000e+00,0.000000000000000000e+00,0.000000000000000000e+00,0.000000000000000000e+00,0.000000000000000000e+00,0.000000000000000000e+00,0.000000000000000000e+00,0.000000000000000000e+00,0.000000000000000000e+00,0.000000000000000000e+00,0.000000000000000000e+00,0.000000000000000000e+00,0.000000000000000000e+00,0.000000000000000000e+00,0.000000000000000000e+00,0.000000000000000000e+00,0.000000000000000000e+00,0.000000000000000000e+00,0.000000000000000000e+00
TrailVort,1,2,3,4,5,6,7,8,9,10,11,12,13,14,15,16,17,18,19,20,21,22,23,24,25,26,27,28,29,30,31,32,33,34,35,36,37,38,39,40,41,42,43,44,45,46,47,48,49,50,51,52,53,54,55,56,57,58,59,60,61,62,63,64,65,66,67,68,69,70,71,72,73,74,75,76,77,78,79,80,81,82,83,84,85,86,87,88,89,90,91,92,93,94,95,96,97,98,99,100,101,102,103,104,105,106,107,108,109,110,111,112,113,114,115,116,117,118,119,120,121,122,123,124,125,126,127,128,129,130,131,132,133,134,135,136,1,2,3,4,5,6,7,8,9,10,11,12,13,14,15,16,17,18,19,20,21,22,23,24,25,26,27,28,1,2,3,4,5,6,7,8,9,10,11,12,13,14,15,16,17,18,19,20,21,22,23,24,25,26,27,1,2,3,4,5,6,7,8,9,10,11,12,13,14,15,16,17,18,19,20,21,22,23,24,25,26,27,1,2,3,4,5,6,7,8,9,10,1,2,3,4,5,6,7,8,9,10
Unsteady,0
V/Vref,1.000000000000000000e+00,1.000000000000000000e+00,1.000000000000000000e+00,1.000000000000000000e+00,1.000000000000000000e+00,1.000000000000000000e+00,1.000000000000000000e+00,1.000000000000000000e+00,1.000000000000000000e+00,1.000000000000000000e+00,1.000000000000000000e+00,1.000000000000000000e+00,1.000000000000000000e+00,1.000000000000000000e+00,1.000000000000000000e+00,1.000000000000000000e+00,1.000000000000000000e+00,1.000000000000000000e+00,1.000000000000000000e+00,1.000000000000000000e+00,1.000000000000000000e+00,1.000000000000000000e+00,1.000000000000000000e+00,1.000000000000000000e+00,1.000000000000000000e+00,1.000000000000000000e+00,1.000000000000000000e+00,1.000000000000000000e+00,1.000000000000000000e+00,1.000000000000000000e+00,1.000000000000000000e+00,1.000000000000000000e+00,1.000000000000000000e+00,1.000000000000000000e+00,1.000000000000000000e+00,1.000000000000000000e+00,1.000000000000000000e+00,1.000000000000000000e+00,1.000000000000000000e+00,1.000000000000000000e+00,1.000000000000000000e+00,1.000000000000000000e+00,1.000000000000000000e+00,1.000000000000000000e+00,1.000000000000000000e+00,1.000000000000000000e+00,1.000000000000000000e+00,1.000000000000000000e+00,1.000000000000000000e+00,1.000000000000000000e+00,1.000000000000000000e+00,1.000000000000000000e+00,1.000000000000000000e+00,1.000000000000000000e+00,1.000000000000000000e+00,1.000000000000000000e+00,1.000000000000000000e+00,1.000000000000000000e+00,1.000000000000000000e+00,1.000000000000000000e+00,1.000000000000000000e+00,1.000000000000000000e+00,1.000000000000000000e+00,1.000000000000000000e+00,1.000000000000000000e+00,1.000000000000000000e+00,1.000000000000000000e+00,1.000000000000000000e+00,1.000000000000000000e+00,1.000000000000000000e+00,1.000000000000000000e+00,1.000000000000000000e+00,1.000000000000000000e+00,1.000000000000000000e+00,1.000000000000000000e+00,1.000000000000000000e+00,1.000000000000000000e+00,1.000000000000000000e+00,1.000000000000000000e+00,1.000000000000000000e+00,1.000000000000000000e+00,1.000000000000000000e+00,1.000000000000000000e+00,1.000000000000000000e+00,1.000000000000000000e+00,1.000000000000000000e+00,1.000000000000000000e+00,1.000000000000000000e+00,1.000000000000000000e+00,1.000000000000000000e+00,1.000000000000000000e+00,1.000000000000000000e+00,1.000000000000000000e+00,1.000000000000000000e+00,1.000000000000000000e+00,1.000000000000000000e+00,1.000000000000000000e+00,1.000000000000000000e+00,1.000000000000000000e+00,1.000000000000000000e+00,1.000000000000000000e+00,1.000000000000000000e+00,1.000000000000000000e+00,1.000000000000000000e+00,1.000000000000000000e+00,1.000000000000000000e+00,1.000000000000000000e+00,1.000000000000000000e+00,1.000000000000000000e+00,1.000000000000000000e+00,1.000000000000000000e+00,1.000000000000000000e+00,1.000000000000000000e+00,1.000000000000000000e+00,1.000000000000000000e+00,1.000000000000000000e+00,1.000000000000000000e+00,1.000000000000000000e+00,1.000000000000000000e+00,1.000000000000000000e+00,1.000000000000000000e+00,1.000000000000000000e+00,1.000000000000000000e+00,1.000000000000000000e+00,1.000000000000000000e+00,1.000000000000000000e+00,1.000000000000000000e+00,1.000000000000000000e+00,1.000000000000000000e+00,1.000000000000000000e+00,1.000000000000000000e+00,1.000000000000000000e+00,1.000000000000000000e+00,1.000000000000000000e+00,1.000000000000000000e+00,1.000000000000000000e+00,1.000000000000000000e+00,1.000000000000000000e+00,1.000000000000000000e+00,1.000000000000000000e+00,1.000000000000000000e+00,1.000000000000000000e+00,1.000000000000000000e+00,1.000000000000000000e+00,1.000000000000000000e+00,1.000000000000000000e+00,1.000000000000000000e+00,1.000000000000000000e+00,1.000000000000000000e+00,1.000000000000000000e+00,1.000000000000000000e+00,1.000000000000000000e+00,1.000000000000000000e+00,1.000000000000000000e+00,1.000000000000000000e+00,1.000000000000000000e+00,1.000000000000000000e+00,1.000000000000000000e+00,1.000000000000000000e+00,1.000000000000000000e+00,1.000000000000000000e+00,1.000000000000000000e+00,1.000000000000000000e+00,1.000000000000000000e+00,1.000000000000000000e+00,1.000000000000000000e+00,1.000000000000000000e+00,1.000000000000000000e+00,1.000000000000000000e+00,1.000000000000000000e+00,1.000000000000000000e+00,1.000000000000000000e+00,1.000000000000000000e+00,1.000000000000000000e+00,1.000000000000000000e+00,1.000000000000000000e+00,1.000000000000000000e+00,1.000000000000000000e+00,1.000000000000000000e+00,1.000000000000000000e+00,1.000000000000000000e+00,1.000000000000000000e+00,1.000000000000000000e+00,1.000000000000000000e+00,1.000000000000000000e+00,1.000000000000000000e+00,1.000000000000000000e+00,1.000000000000000000e+00,1.000000000000000000e+00,1.000000000000000000e+00,1.000000000000000000e+00,1.000000000000000000e+00,1.000000000000000000e+00,1.000000000000000000e+00,1.000000000000000000e+00,1.000000000000000000e+00,1.000000000000000000e+00,1.000000000000000000e+00,1.000000000000000000e+00,1.000000000000000000e+00,1.000000000000000000e+00,1.000000000000000000e+00,1.000000000000000000e+00,1.000000000000000000e+00,1.000000000000000000e+00,1.000000000000000000e+00,1.000000000000000000e+00,1.000000000000000000e+00,1.000000000000000000e+00,1.000000000000000000e+00,1.000000000000000000e+00,1.000000000000000000e+00,1.000000000000000000e+00,1.000000000000000000e+00,1.000000000000000000e+00,1.000000000000000000e+00,1.000000000000000000e+00,1.000000000000000000e+00,1.000000000000000000e+00,1.000000000000000000e+00,1.000000000000000000e+00,1.000000000000000000e+00,1.000000000000000000e+00,1.000000000000000000e+00,1.000000000000000000e+00,1.000000000000000000e+00,1.000000000000000000e+00,1.000000000000000000e+00,1.000000000000000000e+00,1.000000000000000000e+00,1.000000000000000000e+00,1.000000000000000000e+00,1.000000000000000000e+00,1.000000000000000000e+00,1.000000000000000000e+00,1.000000000000000000e+00,1.000000000000000000e+00,1.000000000000000000e+00
VortexSheet,1,1,1,1,1,1,1,1,1,1,1,1,1,1,1,1,1,1,1,1,1,1,1,1,1,1,1,1,1,1,1,1,1,1,1,1,1,1,1,1,1,1,1,1,1,1,1,1,1,1,1,1,1,1,1,1,1,1,1,1,1,1,1,1,1,1,1,1,1,1,1,1,1,1,1,1,1,1,1,1,1,1,1,1,1,1,1,1,1,1,1,1,1,1,1,1,1,1,1,1,1,1,1,1,1,1,1,1,1,1,1,1,1,1,1,1,1,1,1,1,1,1,1,1,1,1,1,1,1,1,1,1,1,1,1,1,2,2,2,2,2,2,2,2,2,2,2,2,2,2,2,2,2,2,2,2,2,2,2,2,2,2,2,2,3,3,3,3,3,3,3,3,3,3,3,3,3,3,3,3,3,3,3,3,3,3,3,3,3,3,3,4,4,4,4,4,4,4,4,4,4,4,4,4,4,4,4,4,4,4,4,4,4,4,4,4,4,4,5,5,5,5,5,5,5,5,5,5,6,6,6,6,6,6,6,6,6,6
Xavg,4.499880000000000102e+00,4.512010000000000076e+00,4.524149999999999672e+00,4.536290000000000155e+00,4.548420000000000130e+00,4.560559999999999725e+00,4.572700000000000209e+00,4.584830000000000183e+00,4.596969999999999779e+00,4.609110000000000262e+00,4.621249999999999858e+00,4.633379999999999832e+00,4.645520000000000316e+00,4.657659999999999911e+00,4.669789999999999885e+00,4.681930000000000369e+00,4.694069999999999965e+00,4.706199999999999939e+00,4.713079999999999714e+00,4.714699999999999669e+00,4.716319999999999624e+00,4.717929999999999957e+00,4.719549999999999912e+00,4.721169999999999867e+00,4.728710000000000413e+00,4.742180000000000284e+00,4.755639999999999645e+00,4.769110000000000404e+00,4.782569999999999766e+00,4.796039999999999637e+00,4.809499999999999886e+00,4.822969999999999757e+00,4.836430000000000007e+00,4.849899999999999878e+00,4.863360000000000127e+00,4.876829999999999998e+00,4.890290000000000248e+00,4.903760000000000119e+00,4.917220000000000368e+00,4.930690000000000239e+00,4.944149999999999601e+00,4.957620000000000360e+00,4.971079999999999721e+00,4.984549999999999592e+00,4.998009999999999842e+00,5.011479999999999713e+00,5.024939999999999962e+00,5.038409999999999833e+00,5.051870000000000083e+00,5.065339999999999954e+00,5.078800000000000203e+00,5.092270000000000074e+00,5.105730000000000324e+00,5.119200000000000195e+00,5.132659999999999556e+00,5.146130000000000315e+00,5.159589999999999677e+00,5.173060000000000436e+00,5.186519999999999797e+00,5.199989999999999668e+00,5.211859999999999715e+00,5.222150000000000070e+00,5.232429999999999914e+00,5.242720000000000269e+00,5.253000000000000114e+00,5.263279999999999959e+00,5.273570000000000313e+00,5.283850000000000158e+00,5.283850000000000158e+00,5.273570000000000313e+00,5.263279999999999959e+00,5.253000000000000114e+00,5.242720000000000269e+00,5.232429999999999914e+00,5.222150000000000070e+00,5.211859999999999715e+00,5.199989999999999668e+00,5.186519999999999797e+00,5.173060000000000436e+00,5.159589999999999677e+00,5.146130000000000315e+00,5.132659999999999556e+00,5.119200000000000195e+00,5.105730000000000324e+00,5.092270000000000074e+00,5.078800000000000203e+00,5.065339999999999954e+00,5.051870000000000083e+00,5.038409999999999833e+00,5.024939999999999962e+00,5.011479999999999713e+00,4.998009999999999842e+00,4.984549999999999592e+00,4.971079999999999721e+00,4.957620000000000360e+00,4.944149999999999601e+00,4.930690000000000239e+00,4.917220000000000368e+00,4.903760000000000119e+00,4.890290000000000248e+00,4.876829999999999998e+00,4.863360000000000127e+00,4.849899999999999878e+00,4.836430000000000007e+00,4.822969999999999757e+00,4.809499999999999886e+00,4.796039999999999637e+00,4.782569999999999766e+00,4.769110000000000404e+00,4.755639999999999645e+00,4.742180000000000284e+00,4.728710000000000413e+00,4.721169999999999867e+00,4.719549999999999912e+00,4.717929999999999957e+00,4.716319999999999624e+00,4.714699999999999669e+00,4.713079999999999714e+00,4.706199999999999939e+00,4.694069999999999965e+00,4.681930000000000369e+00,4.669789999999999885e+00,4.657659999999999911e+00,4.645520000000000316e+00,4.633379999999999832e+00,4.621249999999999858e+00,4.609110000000000262e+00,4.596969999999999779e+00,4.584830000000000183e+00,4.572700000000000209e+00,4.560559999999999725e+00,4.548420000000000130e+00,4.536290000000000155e+00,4.524149999999999672e+00,4.512010000000000076e+00,4.499880000000000102e+00,1.020245000000000068e+01,1.022086000000000006e+01,1.023926999999999943e+01,1.025766999999999918e+01,1.027608000000000033e+01,1.029448999999999970e+01,1.031288999999999945e+01,1.033130000000000059e+01,1.034970999999999997e+01,1.036810999999999972e+01,1.038652000000000086e+01,1.040493000000000023e+01,1.042332999999999998e+01,1.044173999999999936e+01,1.046015000000000050e+01,1.047855000000000025e+01,1.049695999999999962e+01,1.051537000000000077e+01,1.053377000000000052e+01,1.055217999999999989e+01,1.057058999999999926e+01,1.058899000000000079e+01,1.060740000000000016e+01,1.062580999999999953e+01,1.064420999999999928e+01,1.066262000000000043e+01,1.068102999999999980e+01,1.069942999999999955e+01,1.020245000000000068e+01,1.022086000000000006e+01,1.023926999999999943e+01,1.025766999999999918e+01,1.027608000000000033e+01,1.029448999999999970e+01,1.031288999999999945e+01,1.033130000000000059e+01,1.034970999999999997e+01,1.036810999999999972e+01,1.038652000000000086e+01,1.040493000000000023e+01,1.042332999999999998e+01,1.044173999999999936e+01,1.046015000000000050e+01,1.047855000000000025e+01,1.049695999999999962e+01,1.051537000000000077e+01,1.053377000000000052e+01,1.055217999999999989e+01,1.057058999999999926e+01,1.058899000000000079e+01,1.060740000000000016e+01,1.062580999999999953e+01,1.064420999999999928e+01,1.066262000000000043e+01,1.068102999999999980e+01,1.072038000000000046e+01,1.072003999999999913e+01,1.071969999999999956e+01,1.071935000000000038e+01,1.071901000000000082e+01,1.071866999999999948e+01,1.071832999999999991e+01,1.071798000000000073e+01,1.071763999999999939e+01,1.071729999999999983e+01,1.071696000000000026e+01,1.071660999999999930e+01,1.071626999999999974e+01,1.071593000000000018e+01,1.071559000000000061e+01,1.071524999999999928e+01,1.071490000000000009e+01,1.071456000000000053e+01,1.071421999999999919e+01,1.071387999999999963e+01,1.071353000000000044e+01,1.071319000000000088e+01,1.071284999999999954e+01,1.071250999999999998e+01,1.071216000000000079e+01,1.071181999999999945e+01,1.071147999999999989e+01,3.669999999999999929e+00,3.669999999999999929e+00,3.668120000000000047e+00,3.664369999999999905e+00,3.660629999999999828e+00,3.656870000000000065e+00,3.653129999999999988e+00,3.649379999999999846e+00,3.647499999999999964e+00,3.647499999999999964e+00,3.669999999999999929e+00,3.669999999999999929e+00,3.668120000000000047e+00,3.664369999999999905e+00,3.660629999999999828e+00,3.656870000000000065e+00,3.653129999999999988e+00,3.649379999999999846e+00,3.647499999999999964e+00,3.647499999999999964e+00
Yavg,8.132749999999999702e+00,8.007849999999999469e+00,7.882950000000000124e+00,7.758049999999999891e+00,7.633149999999999658e+00,7.508250000000000313e+00,7.383350000000000080e+00,7.258449999999999847e+00,7.133549999999999613e+00,7.008659999999999890e+00,6.883759999999999657e+00,6.758860000000000312e+00,6.633960000000000079e+00,6.509059999999999846e+00,6.384159999999999613e+00,6.259260000000000268e+00,6.134360000000000035e+00,6.009459999999999802e+00,5.938690000000000246e+00,5.922030000000000349e+00,5.905380000000000074e+00,5.888729999999999798e+00,5.872069999999999901e+00,5.855419999999999625e+00,5.777709999999999901e+00,5.638950000000000351e+00,5.500189999999999912e+00,5.361430000000000362e+00,5.222669999999999924e+00,5.083899999999999864e+00,4.945140000000000313e+00,4.806379999999999875e+00,4.667620000000000324e+00,4.528859999999999886e+00,4.390089999999999826e+00,4.251330000000000275e+00,4.112569999999999837e+00,3.973809999999999842e+00,3.835049999999999848e+00,3.696279999999999788e+00,3.557519999999999794e+00,3.418759999999999799e+00,3.279999999999999805e+00,3.141239999999999810e+00,3.002470000000000194e+00,2.863710000000000200e+00,2.724950000000000205e+00,2.586190000000000211e+00,2.447420000000000151e+00,2.308660000000000156e+00,2.169900000000000162e+00,2.031140000000000168e+00,1.892379999999999951e+00,1.753609999999999891e+00,1.614849999999999897e+00,1.476089999999999902e+00,1.337329999999999908e+00,1.198569999999999913e+00,1.059800000000000075e+00,9.210399999999999698e-01,7.984299999999999731e-01,6.919699999999999740e-01,5.855200000000000404e-01,4.790599999999999858e-01,3.725999999999999868e-01,2.661399999999999877e-01,1.596899999999999986e-01,5.322999999999999954e-02,-5.322999999999999954e-02,-1.596899999999999986e-01,-2.661399999999999877e-01,-3.725999999999999868e-01,-4.790599999999999858e-01,-5.855200000000000404e-01,-6.919699999999999740e-01,-7.984299999999999731e-01,-9.210399999999999698e-01,-1.059800000000000075e+00,-1.198569999999999913e+00,-1.337329999999999908e+00,-1.476089999999999902e+00,-1.614849999999999897e+00,-1.753609999999999891e+00,-1.892379999999999951e+00,-2.031140000000000168e+00,-2.169900000000000162e+00,-2.308660000000000156e+00,-2.447420000000000151e+00,-2.586190000000000211e+00,-2.724950000000000205e+00,-2.863710000000000200e+00,-3.002470000000000194e+00,-3.141239999999999810e+00,-3.279999999999999805e+00,-3.418759999999999799e+00,-3.557519999999999794e+00,-3.696279999999999788e+00,-3.835049999999999848e+00,-3.973809999999999842e+00,-4.112569999999999837e+00,-4.251330000000000275e+00,-4.390089999999999826e+00,-4.528859999999999886e+00,-4.667620000000000324e+00,-4.806379999999999875e+00,-4.945140000000000313e+00,-5.083899999999999864e+00,-5.222669999999999924e+00,-5.361430000000000362e+00,-5.500189999999999912e+00,-5.638950000000000351e+00,-5.777709999999999901e+00,-5.855419999999999625e+00,-5.872069999999999901e+00,-5.888729999999999798e+00,-5.905380000000000074e+00,-5.922030000000000349e+00,-5.938690000000000246e+00,-6.009459999999999802e+00,-6.134360000000000035e+00,-6.259260000000000268e+00,-6.384159999999999613e+00,-6.509059999999999846e+00,-6.633960000000000079e+00,-6.758860000000000312e+00,-6.883759999999999657e+00,-7.008659999999999890e+00,-7.133549999999999613e+00,-7.258449999999999847e+00,-7.383350000000000080e+00,-7.508250000000000313e+00,-7.633149999999999658e+00,-7.758049999999999891e+00,-7.882950000000000124e+00,-8.007849999999999469e+00,-8.132749999999999702e+00,3.037110000000000198e+00,2.926670000000000105e+00,2.816230000000000011e+00,2.705789999999999917e+00,2.595349999999999824e+00,2.484910000000000174e+00,2.374470000000000081e+00,2.264029999999999987e+00,2.153589999999999893e+00,2.043149999999999800e+00,1.932709999999999928e+00,1.822270000000000056e+00,1.711819999999999897e+00,1.601380000000000026e+00,1.490939999999999932e+00,1.380500000000000060e+00,1.270059999999999967e+00,1.159620000000000095e+00,1.049180000000000001e+00,9.387400000000000189e-01,8.283000000000000362e-01,7.178600000000000536e-01,6.074199999999999600e-01,4.969799999999999773e-01,3.865399999999999947e-01,2.761000000000000121e-01,1.656600000000000017e-01,5.521999999999999825e-02,-3.037110000000000198e+00,-2.926670000000000105e+00,-2.816230000000000011e+00,-2.705789999999999917e+00,-2.595349999999999824e+00,-2.484910000000000174e+00,-2.374470000000000081e+00,-2.264029999999999987e+00,-2.153589999999999893e+00,-2.043149999999999800e+00,-1.932709999999999928e+00,-1.822270000000000056e+00,-1.711819999999999897e+00,-1.601380000000000026e+00,-1.490939999999999932e+00,-1.380500000000000060e+00,-1.270059999999999967e+00,-1.159620000000000095e+00,-1.049180000000000001e+00,-9.387400000000000189e-01,-8.283000000000000362e-01,-7.178600000000000536e-01,-6.074199999999999600e-01,-4.969799999999999773e-01,-3.865399999999999947e-01,-2.761000000000000121e-01,-1.656600000000000017e-01,0.000000000000000000e+00,0.000000000000000000e+00,0.000000000000000000e+00,0.000000000000000000e+00,0.000000000000000000e+00,0.000000000000000000e+00,0.000000000000000000e+00,0.000000000000000000e+00,0.000000000000000000e+00,0.000000000000000000e+00,0.000000000000000000e+00,0.000000000000000000e+00,0.000000000000000000e+00,0.000000000000000000e+00,0.000000000000000000e+00,0.000000000000000000e+00,0.000000000000000000e+00,0.000000000000000000e+00,0.000000000000000000e+00,0.000000000000000000e+00,0.000000000000000000e+00,0.000000000000000000e+00,0.000000000000000000e+00,0.000000000000000000e+00,0.000000000000000000e+00,0.000000000000000000e+00,0.000000000000000000e+00,7.404800000000000271e-01,7.634900000000000020e-01,1.043749999999999956e+00,1.581250000000000044e+00,2.118749999999999911e+00,2.656250000000000000e+00,3.193750000000000089e+00,3.731250000000000178e+00,4.050629999999999953e+00,4.151880000000000237e+00,-7.404800000000000271e-01,-7.634900000000000020e-01,-1.043749999999999956e+00,-1.581250000000000044e+00,-2.118749999999999911e+00,-2.656250000000000000e+00,-3.193750000000000089e+00,-3.731250000000000178e+00,-4.050629999999999953e+00,-4.151880000000000237e+00
Zavg,1.158079999999999998e+00,1.153019999999999934e+00,1.147950000000000026e+00,1.142889999999999961e+00,1.137820000000000054e+00,1.132749999999999924e+00,1.127690000000000081e+00,1.122619999999999951e+00,1.117560000000000109e+00,1.112489999999999979e+00,1.107429999999999914e+00,1.102360000000000007e+00,1.097290000000000099e+00,1.092230000000000034e+00,1.087159999999999904e+00,1.082100000000000062e+00,1.077029999999999932e+00,1.071970000000000089e+00,1.069090000000000096e+00,1.068400000000000016e+00,1.067700000000000093e+00,1.067010000000000014e+00,1.066319999999999935e+00,1.065630000000000077e+00,1.062259999999999982e+00,1.056200000000000028e+00,1.050140000000000073e+00,1.044089999999999963e+00,1.038030000000000008e+00,1.031979999999999897e+00,1.025919999999999943e+00,1.019859999999999989e+00,1.013810000000000100e+00,1.007749999999999924e+00,1.001700000000000035e+00,9.956399999999999695e-01,9.895800000000000152e-01,9.835300000000000153e-01,9.774699999999999500e-01,9.714199999999999502e-01,9.653599999999999959e-01,9.593000000000000416e-01,9.532500000000000417e-01,9.471899999999999764e-01,9.411399999999999766e-01,9.350800000000000223e-01,9.290199999999999569e-01,9.229699999999999571e-01,9.169100000000000028e-01,9.108600000000000030e-01,9.048000000000000487e-01,8.987399999999999833e-01,8.926899999999999835e-01,8.866300000000000292e-01,8.805800000000000294e-01,8.745199999999999640e-01,8.684600000000000097e-01,8.624100000000000099e-01,8.563499999999999446e-01,8.502999999999999448e-01,8.448200000000000154e-01,8.399299999999999544e-01,8.350300000000000500e-01,8.301300000000000345e-01,8.252399999999999736e-01,8.203399999999999581e-01,8.154500000000000082e-01,8.105499999999999927e-01,8.105499999999999927e-01,8.154500000000000082e-01,8.203399999999999581e-01,8.252399999999999736e-01,8.301300000000000345e-01,8.350300000000000500e-01,8.399299999999999544e-01,8.448200000000000154e-01,8.502999999999999448e-01,8.563499999999999446e-01,8.624100000000000099e-01,8.684600000000000097e-01,8.745199999999999640e-01,8.805800000000000294e-01,8.866300000000000292e-01,8.926899999999999835e-01,8.987399999999999833e-01,9.048000000000000487e-01,9.108600000000000030e-01,9.169100000000000028e-01,9.229699999999999571e-01,9.290199999999999569e-01,9.350800000000000223e-01,9.411399999999999766e-01,9.471899999999999764e-01,9.532500000000000417e-01,9.593000000000000416e-01,9.653599999999999959e-01,9.714199999999999502e-01,9.774699999999999500e-01,9.835300000000000153e-01,9.895800000000000152e-01,9.956399999999999695e-01,1.001700000000000035e+00,1.007749999999999924e+00,1.013810000000000100e+00,1.019859999999999989e+00,1.025919999999999943e+00,1.031979999999999897e+00,1.038030000000000008e+00,1.044089999999999963e+00,1.050140000000000073e+00,1.056200000000000028e+00,1.062259999999999982e+00,1.065630000000000077e+00,1.066319999999999935e+00,1.067010000000000014e+00,1.067700000000000093e+00,1.068400000000000016e+00,1.069090000000000096e+00,1.071970000000000089e+00,1.077029999999999932e+00,1.082100000000000062e+00,1.087159999999999904e+00,1.092230000000000034e+00,1.097290000000000099e+00,1.102360000000000007e+00,1.107429999999999914e+00,1.112489999999999979e+00,1.117560000000000109e+00,1.122619999999999951e+00,1.127690000000000081e+00,1.132749999999999924e+00,1.137820000000000054e+00,1.142889999999999961e+00,1.147950000000000026e+00,1.153019999999999934e+00,1.158079999999999998e+00,8.000000000000000444e-01,8.000000000000000444e-01,8.000000000000000444e-01,8.000000000000000444e-01,8.000000000000000444e-01,8.000000000000000444e-01,8.000000000000000444e-01,8.000000000000000444e-01,8.000000000000000444e-01,8.000000000000000444e-01,8.000000000000000444e-01,8.000000000000000444e-01,8.000000000000000444e-01,8.000000000000000444e-01,8.000000000000000444e-01,8.000000000000000444e-01,8.000000000000000444e-01,8.000000000000000444e-01,8.000000000000000444e-01,8.000000000000000444e-01,8.000000000000000444e-01,8.000000000000000444e-01,8.000000000000000444e-01,8.000000000000000444e-01,8.000000000000000444e-01,8.000000000000000444e-01,8.000000000000000444e-01,8.000000000000000444e-01,8.000000000000000444e-01,8.000000000000000444e-01,8.000000000000000444e-01,8.000000000000000444e-01,8.000000000000000444e-01,8.000000000000000444e-01,8.000000000000000444e-01,8.000000000000000444e-01,8.000000000000000444e-01,8.000000000000000444e-01,8.000000000000000444e-01,8.000000000000000444e-01,8.000000000000000444e-01,8.000000000000000444e-01,8.000000000000000444e-01,8.000000000000000444e-01,8.000000000000000444e-01,8.000000000000000444e-01,8.000000000000000444e-01,8.000000000000000444e-01,8.000000000000000444e-01,8.000000000000000444e-01,8.000000000000000444e-01,8.000000000000000444e-01,8.000000000000000444e-01,8.000000000000000444e-01,8.000000000000000444e-01,3.500890000000000057e+00,3.402680000000000149e+00,3.304460000000000175e+00,3.206249999999999822e+00,3.108039999999999914e+00,3.009819999999999940e+00,2.911610000000000031e+00,2.813390000000000057e+00,2.715180000000000149e+00,2.616960000000000175e+00,2.518749999999999822e+00,2.420539999999999914e+00,2.322319999999999940e+00,2.224110000000000031e+00,2.125890000000000057e+00,2.027680000000000149e+00,1.929459999999999953e+00,1.831250000000000044e+00,1.733039999999999914e+00,1.634819999999999940e+00,1.536610000000000031e+00,1.438390000000000057e+00,1.340179999999999927e+00,1.241959999999999953e+00,1.143750000000000044e+00,1.045539999999999914e+00,9.473200000000000509e-01,-5.204900000000000082e-01,-5.107199999999999518e-01,-3.917599999999999971e-01,-1.635999999999999954e-01,6.454999999999999627e-02,2.927100000000000257e-01,5.208599999999999897e-01,7.490200000000000191e-01,8.845800000000000329e-01,9.275600000000000511e-01,-5.204900000000000082e-01,-5.107199999999999518e-01,-3.917599999999999971e-01,-1.635999999999999954e-01,6.454999999999999627e-02,2.927100000000000257e-01,5.208599999999999897e-01,7.490200000000000191e-01,8.845800000000000329e-01,9.275600000000000511e-01
cd,1.948000000000000079e-02,1.535000000000000080e-02,1.548000000000000070e-02,1.586999999999999869e-02,1.599000000000000074e-02,1.595999999999999849e-02,1.611999999999999891e-02,1.604999999999999830e-02,1.651000000000000037e-02,1.655999999999999833e-02,1.651999999999999996e-02,1.645999999999999894e-02,1.626999999999999974e-02,1.624000000000000096e-02,1.626999999999999974e-02,1.618999999999999953e-02,1.711000000000000021e-02,1.736000000000000043e-02,1.873999999999999971e-02,1.854000000000000092e-02,1.739999999999999880e-02,1.740999999999999839e-02,1.727000000000000063e-02,1.782999999999999863e-02,1.703000000000000000e-02,1.683000000000000121e-02,1.650000000000000078e-02,1.660999999999999976e-02,1.694000000000000020e-02,1.721999999999999920e-02,1.722999999999999879e-02,1.743000000000000105e-02,1.746999999999999942e-02,1.771999999999999964e-02,1.773999999999999883e-02,1.796000000000000027e-02,1.822999999999999968e-02,1.838000000000000050e-02,1.824999999999999886e-02,1.845000000000000112e-02,1.862000000000000113e-02,1.884999999999999870e-02,1.888000000000000095e-02,1.917999999999999913e-02,1.932999999999999996e-02,1.957000000000000059e-02,1.986999999999999877e-02,2.010999999999999940e-02,2.050000000000000086e-02,2.077000000000000027e-02,2.139999999999999888e-02,2.152000000000000093e-02,2.219000000000000139e-02,2.234999999999999834e-02,2.257999999999999938e-02,2.285999999999999838e-02,2.319999999999999840e-02,2.341999999999999985e-02,2.380000000000000171e-02,2.393999999999999947e-02,2.398000000000000131e-02,2.426000000000000031e-02,2.460999999999999993e-02,2.475000000000000117e-02,2.486000000000000015e-02,2.519000000000000059e-02,2.542000000000000162e-02,2.570000000000000062e-02,2.569000000000000103e-02,2.539999999999999897e-02,2.512999999999999956e-02,2.479999999999999913e-02,2.460999999999999993e-02,2.445999999999999910e-02,2.408000000000000071e-02,2.380000000000000171e-02,2.392000000000000029e-02,2.377999999999999906e-02,2.335999999999999882e-02,2.316000000000000003e-02,2.278000000000000164e-02,2.248999999999999957e-02,2.225999999999999854e-02,2.208999999999999853e-02,2.146999999999999950e-02,2.135000000000000092e-02,2.070999999999999924e-02,2.044999999999999943e-02,2.006000000000000144e-02,1.982000000000000081e-02,1.949999999999999997e-02,1.924999999999999975e-02,1.907999999999999974e-02,1.875999999999999890e-02,1.872000000000000053e-02,1.849999999999999908e-02,1.828000000000000111e-02,1.806999999999999926e-02,1.820000000000000090e-02,1.804000000000000048e-02,1.776000000000000148e-02,1.754000000000000004e-02,1.751000000000000126e-02,1.725000000000000144e-02,1.720000000000000001e-02,1.699000000000000163e-02,1.697999999999999857e-02,1.670999999999999916e-02,1.642000000000000057e-02,1.629999999999999852e-02,1.666000000000000120e-02,1.685999999999999999e-02,1.767000000000000168e-02,1.710000000000000062e-02,1.721999999999999920e-02,1.718000000000000083e-02,1.822999999999999968e-02,1.846000000000000071e-02,1.705999999999999878e-02,1.680999999999999855e-02,1.594999999999999890e-02,1.602999999999999911e-02,1.600999999999999993e-02,1.604999999999999830e-02,1.617000000000000035e-02,1.623000000000000137e-02,1.624000000000000096e-02,1.619999999999999912e-02,1.583999999999999991e-02,1.592999999999999972e-02,1.580000000000000154e-02,1.583999999999999991e-02,1.575000000000000011e-02,1.535000000000000080e-02,1.521999999999999915e-02,1.948000000000000079e-02,6.550000000000000266e-03,5.340000000000000129e-03,4.429999999999999910e-03,3.769999999999999914e-03,3.020000000000000115e-03,2.560000000000000209e-03,2.069999999999999792e-03,1.670000000000000043e-03,8.199999999999999824e-04,5.400000000000000069e-04,1.499999999999999869e-04,-9.000000000000000567e-05,-3.000000000000000076e-05,-2.000000000000000096e-04,-2.300000000000000070e-04,-3.600000000000000227e-04,1.000000000000000048e-04,2.000000000000000164e-05,-2.500000000000000052e-04,-2.799999999999999755e-04,-4.200000000000000174e-04,-4.699999999999999859e-04,-3.099999999999999999e-04,-2.999999999999999737e-04,-1.299999999999999886e-04,-3.000000000000000076e-05,1.299999999999999886e-04,3.699999999999999947e-04,6.890000000000000291e-03,5.899999999999999863e-03,5.179999999999999709e-03,4.640000000000000027e-03,4.020000000000000136e-03,3.629999999999999980e-03,3.229999999999999798e-03,2.899999999999999800e-03,2.249999999999999830e-03,2.010000000000000068e-03,1.680000000000000070e-03,1.479999999999999979e-03,1.479999999999999979e-03,1.309999999999999967e-03,1.229999999999999974e-03,1.090000000000000040e-03,1.270000000000000078e-03,1.149999999999999981e-03,8.000000000000000383e-04,6.899999999999999667e-04,4.600000000000000139e-04,3.299999999999999982e-04,3.400000000000000244e-04,2.400000000000000061e-04,2.400000000000000061e-04,2.999999999999999737e-04,-4.499999999999999877e-04,8.399999999999999481e-03,8.359999999999999376e-03,8.309999999999999679e-03,8.269999999999999574e-03,8.229999999999999469e-03,8.189999999999999364e-03,8.160000000000000586e-03,8.120000000000000481e-03,8.089999999999999969e-03,8.059999999999999457e-03,8.030000000000000679e-03,8.000000000000000167e-03,7.979999999999999247e-03,7.950000000000000469e-03,7.919999999999999957e-03,7.889999999999999444e-03,7.870000000000000259e-03,7.839999999999999747e-03,7.820000000000000562e-03,7.799999999999999642e-03,7.769999999999999997e-03,7.749999999999999944e-03,7.729999999999999892e-03,7.709999999999999840e-03,7.689999999999999787e-03,7.669999999999999735e-03,7.640000000000000090e-03,1.009999999999999960e-02,1.009000000000000001e-02,1.012000000000000052e-02,1.016000000000000063e-02,1.013999999999999971e-02,1.013999999999999971e-02,1.000000000000000021e-02,9.889999999999999486e-03,1.000000000000000021e-02,1.009999999999999960e-02,1.010999999999999920e-02,1.009000000000000001e-02,1.012000000000000052e-02,1.016000000000000063e-02,1.013999999999999971e-02,1.013000000000000012e-02,9.969999999999999696e-03,9.860000000000000708e-03,9.990000000000000616e-03,1.009000000000000001e-02
cd*c/cref,1.352829558745348437e-02,1.079216799574694331e-02,1.101680574162679400e-02,1.143095598086124251e-02,1.165501834130781671e-02,1.177052121212121029e-02,1.202726826156299764e-02,1.211318500797448072e-02,1.260245778841041948e-02,1.278324593301435365e-02,1.289455821371610945e-02,1.298939893673578018e-02,1.297949845826688008e-02,1.309543179160021359e-02,1.325966076555023902e-02,1.333381201488569902e-02,1.423886741095162223e-02,1.459633599149388547e-02,1.584810217969165325e-02,1.570025550239234624e-02,1.475484848484848524e-02,1.478332062732588825e-02,1.468427426900584774e-02,1.518080893141945595e-02,1.459084407230196861e-02,1.458036315789473791e-02,1.445219298245613987e-02,1.470731169590643213e-02,1.516143508771929799e-02,1.557663891547049310e-02,1.575038176501860482e-02,1.609990845295055858e-02,1.630384731525784045e-02,1.670663455608718817e-02,1.689506294524189059e-02,1.727635513024986663e-02,1.771043046251993824e-02,1.803184508240297801e-02,1.807885167464114498e-02,1.845343301435407174e-02,1.880154747474747576e-02,1.921407256778309355e-02,1.942522147793726561e-02,1.991742562466772629e-02,2.025806608187134469e-02,2.069675757575757669e-02,2.120417384370015465e-02,2.165262195640616644e-02,2.226871079213184682e-02,2.276065156831472841e-02,2.365581711855395744e-02,2.399439957469430909e-02,2.495366363636364326e-02,2.534746650717703206e-02,2.582438947368420612e-02,2.636337703349282344e-02,2.697749282296650272e-02,2.745742870813397060e-02,2.813068899521531038e-02,2.852525454545454600e-02,2.877536257309941739e-02,2.928882328548644901e-02,2.989140281765019155e-02,3.024250000000000549e-02,3.055876842105263377e-02,3.114882105263157633e-02,3.161918256246677023e-02,3.215560499734183841e-02,3.214309308878256222e-02,3.159430515683146756e-02,3.107462775119616827e-02,3.048501435406698878e-02,3.007143131313131518e-02,2.970921222753854576e-02,2.907151132376396135e-02,2.855936735778841218e-02,2.850142392344497816e-02,2.810704976076554631e-02,2.738708516746411400e-02,2.693097990430621744e-02,2.627111674641148878e-02,2.572145789473683983e-02,2.524539617224880184e-02,2.484120909090909227e-02,2.393865050505050371e-02,2.360054651780967364e-02,2.269490101010101027e-02,2.221439686337054603e-02,2.159878649654439070e-02,2.115081658692184730e-02,2.062272727272727174e-02,2.017422514619883131e-02,1.981358086124401785e-02,1.930175608718766311e-02,1.908156172248803850e-02,1.868037745879851108e-02,1.828340138224349154e-02,1.790053971291865817e-02,1.785525465178097043e-02,1.752584561403508837e-02,1.708396810207336511e-02,1.670458872939925565e-02,1.650864396597554601e-02,1.609853269537480161e-02,1.588745986177565045e-02,1.553099165337586650e-02,1.535954290271132096e-02,1.495558325358851623e-02,1.453907634237107914e-02,1.427701488569909499e-02,1.443308676236044856e-02,1.444519266347687493e-02,1.504458181818181875e-02,1.453972727272727188e-02,1.462198628389154570e-02,1.456829292929293085e-02,1.543773774587985093e-02,1.561131089845826762e-02,1.434409516214779287e-02,1.398920871876661344e-02,1.313615204678362548e-02,1.306406650717703219e-02,1.290996693248272140e-02,1.280399202551834106e-02,1.276054561403509001e-02,1.266820095693780082e-02,1.253622668793195200e-02,1.236582775119617061e-02,1.195469473684210478e-02,1.188550765550239197e-02,1.165252099946836872e-02,1.154568421052631563e-02,1.134452153110047760e-02,1.092428734715576895e-02,1.070076852737905301e-02,1.352829558745348437e-02,3.632098617756512882e-03,3.030797767145136049e-03,2.572108399787347358e-03,2.238089261031366625e-03,1.832261775651249352e-03,1.586573950026581685e-03,1.309899521531100210e-03,1.078566081871344976e-03,5.402976076555023261e-04,3.628507177033492358e-04,1.027488038277511869e-04,-6.282344497607655258e-05,-2.133269537480064038e-05,-1.448272195640616894e-04,-1.695519404572036395e-04,-2.700822966507177643e-04,7.632748538011697493e-05,1.552652844231791599e-05,-1.973431685273790341e-04,-2.246772993088782232e-04,-3.424953748006379604e-04,-3.894028708133971499e-04,-2.608845295055821399e-04,-2.563827751196172400e-04,-1.127952153110047906e-04,-2.642121212121211886e-05,1.161879319510898310e-04,3.355158426368952526e-04,3.820635034556087769e-03,3.348634237107921477e-03,3.007566932482722260e-03,2.754571398192451163e-03,2.438970972886762411e-03,2.249712280701754007e-03,2.043949494949494784e-03,1.872959064327485174e-03,1.482523923444975782e-03,1.350611004784688964e-03,1.150786602870813380e-03,1.033096650717703303e-03,1.052412971823498159e-03,9.486182881446040193e-04,9.067342902711324031e-04,8.177491759702287246e-04,9.693590643274855451e-04,8.927753854332800762e-04,6.314981392876129959e-04,5.536690590111642421e-04,3.751139819245082269e-04,2.734105263157894801e-04,2.861314194577352713e-04,2.051062200956937974e-04,2.082373205741627070e-04,2.642121212121211751e-04,-4.021889952153109783e-04,4.407700159489632945e-03,4.540666666666665942e-03,4.666500159489633814e-03,4.796292238171185641e-03,4.924611483253587933e-03,5.051457894736841557e-03,5.183226794258373460e-03,5.307311430090378562e-03,5.436643434343435034e-03,5.564870813397128704e-03,5.691993567251462174e-03,5.818054226475279089e-03,5.950424242424242303e-03,6.074417065390749597e-03,6.197305263157894088e-03,6.319088835725677512e-03,6.448002711323765068e-03,6.567760978203083383e-03,6.694975970228602032e-03,6.821454545454544612e-03,6.938267145135566458e-03,7.063129984051036425e-03,7.187215098351939710e-03,7.310563795853268661e-03,7.433176076555024145e-03,7.555051940457203560e-03,7.666197767145136940e-03,1.610845295055821210e-03,1.609250398724082834e-03,1.600584795321637489e-03,1.579904306220095535e-03,1.549840510366825869e-03,1.522886762360446461e-03,1.475279106858054219e-03,1.432761828814460483e-03,1.435406698564593289e-03,1.449760765550239111e-03,1.612440191387559587e-03,1.609250398724082834e-03,1.600584795321637489e-03,1.579904306220095535e-03,1.549840510366825869e-03,1.521384901648059574e-03,1.470853269537480057e-03,1.428415736310473250e-03,1.433971291866028772e-03,1.448325358851674594e-03
cdi,1.125999999999999918e-02,6.980000000000000093e-03,7.009999999999999738e-03,7.300000000000000065e-03,7.349999999999999763e-03,7.259999999999999960e-03,7.360000000000000223e-03,7.230000000000000315e-03,7.660000000000000142e-03,7.669999999999999735e-03,7.590000000000000392e-03,7.510000000000000182e-03,7.289999999999999605e-03,7.239999999999999908e-03,7.250000000000000368e-03,7.150000000000000105e-03,8.049999999999999864e-03,8.290000000000000493e-03,9.669999999999999776e-03,9.459999999999999659e-03,8.309999999999999679e-03,8.319999999999999271e-03,8.179999999999999771e-03,8.729999999999999913e-03,7.919999999999999957e-03,7.720000000000000299e-03,7.369999999999999815e-03,7.470000000000000077e-03,7.790000000000000049e-03,8.059999999999999457e-03,8.059999999999999457e-03,8.250000000000000389e-03,8.279999999999999166e-03,8.519999999999999796e-03,8.540000000000000716e-03,8.750000000000000833e-03,9.020000000000000240e-03,9.169999999999999332e-03,9.029999999999999832e-03,9.230000000000000357e-03,9.400000000000000369e-03,9.620000000000000079e-03,9.650000000000000591e-03,9.950000000000000511e-03,1.009999999999999960e-02,1.034999999999999983e-02,1.064999999999999974e-02,1.089000000000000037e-02,1.128000000000000010e-02,1.154999999999999950e-02,1.217999999999999985e-02,1.230999999999999976e-02,1.298999999999999981e-02,1.315000000000000023e-02,1.339000000000000086e-02,1.367999999999999945e-02,1.403000000000000080e-02,1.425000000000000051e-02,1.464999999999999983e-02,1.480000000000000066e-02,1.485000000000000035e-02,1.514000000000000068e-02,1.549999999999999989e-02,1.565000000000000072e-02,1.576999999999999930e-02,1.611999999999999891e-02,1.636999999999999914e-02,1.666000000000000120e-02,1.665000000000000160e-02,1.634000000000000036e-02,1.606000000000000136e-02,1.572000000000000133e-02,1.550999999999999948e-02,1.535000000000000080e-02,1.495999999999999934e-02,1.467000000000000075e-02,1.477000000000000014e-02,1.460999999999999972e-02,1.418999999999999949e-02,1.396999999999999978e-02,1.358999999999999965e-02,1.328999999999999973e-02,1.305000000000000084e-02,1.286999999999999950e-02,1.223999999999999914e-02,1.212000000000000056e-02,1.148000000000000062e-02,1.120999999999999948e-02,1.081999999999999976e-02,1.056999999999999953e-02,1.026000000000000002e-02,1.000000000000000021e-02,9.830000000000000196e-03,9.520000000000000684e-03,9.480000000000000579e-03,9.259999999999999135e-03,9.039999999999999425e-03,8.829999999999999308e-03,8.959999999999999215e-03,8.800000000000000530e-03,8.529999999999999388e-03,8.309999999999999679e-03,8.279999999999999166e-03,8.040000000000000271e-03,7.990000000000000574e-03,7.790000000000000049e-03,7.790000000000000049e-03,7.530000000000000235e-03,7.250000000000000368e-03,7.150000000000000105e-03,7.519999999999999775e-03,7.729999999999999892e-03,8.540000000000000716e-03,7.979999999999999247e-03,8.109999999999999154e-03,8.070000000000000784e-03,9.129999999999999227e-03,9.360000000000000264e-03,7.969999999999999654e-03,7.729999999999999892e-03,6.890000000000000291e-03,6.989999999999999686e-03,6.989999999999999686e-03,7.040000000000000251e-03,7.190000000000000210e-03,7.280000000000000013e-03,7.320000000000000118e-03,7.329999999999999710e-03,7.009999999999999738e-03,7.150000000000000105e-03,7.069999999999999896e-03,7.190000000000000210e-03,7.170000000000000158e-03,6.859999999999999779e-03,6.850000000000000186e-03,1.124999999999999958e-02,-1.820000000000000003e-03,-3.040000000000000167e-03,-3.939999999999999926e-03,-4.599999999999999922e-03,-5.340000000000000129e-03,-5.799999999999999600e-03,-6.279999999999999992e-03,-6.669999999999999714e-03,-7.510000000000000182e-03,-7.779999999999999589e-03,-8.149999999999999259e-03,-8.380000000000000296e-03,-8.300000000000000086e-03,-8.460000000000000506e-03,-8.479999999999999691e-03,-8.590000000000000413e-03,-8.109999999999999154e-03,-8.179999999999999771e-03,-8.420000000000000401e-03,-8.439999999999999586e-03,-8.559999999999999901e-03,-8.590000000000000413e-03,-8.399999999999999481e-03,-8.370000000000000703e-03,-8.170000000000000179e-03,-8.049999999999999864e-03,-7.849999999999999339e-03,-7.559999999999999880e-03,-1.479999999999999979e-03,-2.459999999999999947e-03,-3.180000000000000101e-03,-3.710000000000000190e-03,-4.320000000000000055e-03,-4.689999999999999725e-03,-5.080000000000000314e-03,-5.389999999999999826e-03,-6.029999999999999770e-03,-6.250000000000000347e-03,-6.559999999999999859e-03,-6.749999999999999924e-03,-6.729999999999999871e-03,-6.879999999999999831e-03,-6.949999999999999581e-03,-7.069999999999999896e-03,-6.870000000000000238e-03,-6.969999999999999633e-03,-7.309999999999999658e-03,-7.389999999999999868e-03,-7.590000000000000392e-03,-7.709999999999999840e-03,-7.680000000000000195e-03,-7.749999999999999944e-03,-7.720000000000000299e-03,-7.620000000000000037e-03,-8.309999999999999679e-03,-1.000000000000000082e-05,-1.000000000000000082e-05,-2.000000000000000164e-05,-2.000000000000000164e-05,-2.000000000000000164e-05,-2.000000000000000164e-05,-2.000000000000000164e-05,-2.000000000000000164e-05,-2.000000000000000164e-05,-2.000000000000000164e-05,-2.000000000000000164e-05,-2.000000000000000164e-05,-1.000000000000000082e-05,-1.000000000000000082e-05,-1.000000000000000082e-05,-1.000000000000000082e-05,-1.000000000000000082e-05,-1.000000000000000082e-05,-0.000000000000000000e+00,-0.000000000000000000e+00,-0.000000000000000000e+00,-0.000000000000000000e+00,-0.000000000000000000e+00,-0.000000000000000000e+00,-0.000000000000000000e+00,-0.000000000000000000e+00,-0.000000000000000000e+00,-2.000000000000000164e-05,-4.000000000000000327e-05,-2.000000000000000164e-05,-1.000000000000000082e-05,-6.000000000000000152e-05,-9.000000000000000567e-05,-2.500000000000000052e-04,-4.000000000000000192e-04,-2.999999999999999737e-04,-2.000000000000000096e-04,-2.000000000000000164e-05,-3.000000000000000076e-05,-2.000000000000000164e-05,-1.000000000000000082e-05,-6.000000000000000152e-05,-9.000000000000000567e-05,-2.799999999999999755e-04,-4.299999999999999894e-04,-3.099999999999999999e-04,-2.100000000000000087e-04
cdi*c/cref,7.819743753322699886e-03,4.907448378522062671e-03,4.988876501860712437e-03,5.258095693779904142e-03,5.357372408293460675e-03,5.354259649122806823e-03,5.491358213716108182e-03,5.456593620414673662e-03,5.847051887293992431e-03,5.920742530568846342e-03,5.924315789473684653e-03,5.926511908559277918e-03,5.815644976076555540e-03,5.838111217437533251e-03,5.908576555023923975e-03,5.888619883040935830e-03,6.699174906964380782e-03,6.970254917597023051e-03,8.177756034024454695e-03,8.011025730994152105e-03,7.046712121212121184e-03,7.064745986177563969e-03,6.955261350345560631e-03,7.432891866028707578e-03,6.785642105263158148e-03,6.688081020733652876e-03,6.455312865497075427e-03,6.614305741626793841e-03,6.972112121212120997e-03,7.290807761828813419e-03,7.367851249335459311e-03,7.620438596491228150e-03,7.727295693779902795e-03,8.032761084529506032e-03,8.133249016480595048e-03,8.416932482721956391e-03,8.762922807017544183e-03,8.996301382243486813e-03,8.945316746411483000e-03,9.231717437533228793e-03,9.491651249335460519e-03,9.805802551834131089e-03,9.928675172780435446e-03,1.033255396065922357e-02,1.058491812865497081e-02,1.094590909090909121e-02,1.136509569377990199e-02,1.172536315789473628e-02,1.225322232854864427e-02,1.265698245614035010e-02,1.346391834130781368e-02,1.372542094630515609e-02,1.460784545454545634e-02,1.491361004784689040e-02,1.531393157894736685e-02,1.577650909090909034e-02,1.631440622009569519e-02,1.670659090909091052e-02,1.731573923444975835e-02,1.763466028708134126e-02,1.781960526315789356e-02,1.827835055821372054e-02,1.882636097820308482e-02,1.912303535353535727e-02,1.938502727272727391e-02,1.993326698564593102e-02,2.036215651249335262e-02,2.084483965975544861e-02,2.083232775119617242e-02,2.032484040404040210e-02,1.985907368421052643e-02,1.932356555023923700e-02,1.895196666666666696e-02,1.864417038809144597e-02,1.806103859649122942e-02,1.760361004784689182e-02,1.759891435406698776e-02,1.726846076555023715e-02,1.663624736842105045e-02,1.624463684210526379e-02,1.567271626794258452e-02,1.519956315789473475e-02,1.480019856459330319e-02,1.447290000000000208e-02,1.364737224880382613e-02,1.339759362041467207e-02,1.258027347155768298e-02,1.217718282828282768e-02,1.164999351408825025e-02,1.127972408293460675e-02,1.085072727272727230e-02,1.048011695906432734e-02,1.020794024455077068e-02,9.794920999468367806e-03,9.663098564593302839e-03,9.350286230728335063e-03,9.041682083997873431e-03,8.747192344497606645e-03,8.790279213184475082e-03,8.549192982456141343e-03,8.205306751727802286e-03,7.914203668261562269e-03,7.806486124401912884e-03,7.503316108452950071e-03,7.380279319510898647e-03,7.121037373737373714e-03,7.046574747474746922e-03,6.739410047846890010e-03,6.419506911217437613e-03,6.262616959064327450e-03,6.514814673046252259e-03,6.622855236576289349e-03,7.271122169059011237e-03,6.785206060606059457e-03,6.886429080276447283e-03,6.843196969696971332e-03,7.731571345029239137e-03,7.915594258373206266e-03,6.701198032961190425e-03,6.432872301967039116e-03,5.674488250930356456e-03,5.696682775119616716e-03,5.636518979266347783e-03,5.616205847953217173e-03,5.673984104199894345e-03,5.682347687400318877e-03,5.650565231259968395e-03,5.595155396065922340e-03,5.290556193514088512e-03,5.334675438596491251e-03,5.214134396597554753e-03,5.240749335459862421e-03,5.164458373205741727e-03,4.882124508240297776e-03,4.816048910154173239e-03,7.812799043062201854e-03,-1.009224348750664604e-03,-1.725397979797979988e-03,-2.287608825093035998e-03,-2.730825093035619665e-03,-3.239827113237639562e-03,-3.594581605528973222e-03,-3.973994683678893670e-03,-4.307805847953215944e-03,-4.948335406698564469e-03,-5.227738118022328025e-03,-5.582685007974480876e-03,-5.849560765550238829e-03,-5.902045720361510754e-03,-6.126191387559809347e-03,-6.251306326422116644e-03,-6.444463689526848046e-03,-6.190159064327484945e-03,-6.350350132908026864e-03,-6.646517916002126804e-03,-6.772415736310472174e-03,-6.980381924508239841e-03,-7.116958851674641887e-03,-7.069129186602870693e-03,-7.153079425837321689e-03,-7.088745454545455557e-03,-7.089691919191918289e-03,-7.015963583200424646e-03,-6.855404784688995043e-03,-8.206879319510899332e-04,-1.396210207336523327e-03,-1.846344178628389404e-03,-2.202469803296119594e-03,-2.620983732057415895e-03,-2.906653056884635385e-03,-3.214632642211589716e-03,-3.481120467836257022e-03,-3.973164114832535357e-03,-4.199661084529505289e-03,-4.493547687400318603e-03,-4.711758373205741403e-03,-4.785634662413610491e-03,-4.982056353003722071e-03,-5.123417331206804939e-03,-5.304116214779373319e-03,-5.243698245614035816e-03,-5.410995162147793497e-03,-5.770314247740562785e-03,-5.929875863902179210e-03,-6.189380701754385906e-03,-6.387864114832535883e-03,-6.463203827751197277e-03,-6.623221690590112322e-03,-6.698300478468900698e-03,-6.710987878787878259e-03,-7.427090111642742701e-03,-5.247262094630516572e-06,-5.431419457735247424e-06,-1.123104731525784310e-05,-1.159925571504518966e-05,-1.196746411483253623e-05,-1.233567251461988279e-05,-1.270398724082934788e-05,-1.307219564061669613e-05,-1.344040404040404269e-05,-1.380861244019138926e-05,-1.417682083997873582e-05,-1.454513556618819752e-05,-7.456671982987772888e-06,-7.640776182881446168e-06,-7.824880382775119449e-06,-8.008984582668794423e-06,-8.193141945773526122e-06,-8.377246145667199403e-06,-0.000000000000000000e+00,-0.000000000000000000e+00,-0.000000000000000000e+00,-0.000000000000000000e+00,-0.000000000000000000e+00,-0.000000000000000000e+00,-0.000000000000000000e+00,-0.000000000000000000e+00,-0.000000000000000000e+00,-3.189792663476873728e-06,-6.379585326953747457e-06,-3.163211057947900420e-06,-1.555023923444976054e-06,-9.170653907496012234e-06,-1.351674641148325391e-05,-3.688197767145135955e-05,-5.794790005316321786e-05,-4.306220095693779216e-05,-2.870813397129186822e-05,-3.189792663476873728e-06,-4.784688995215310804e-06,-3.163211057947900420e-06,-1.555023923444976054e-06,-9.170653907496012234e-06,-1.351674641148325391e-05,-4.130781499202551565e-05,-6.229399255715045106e-05,-4.449760765550239065e-05,-3.014354066985645993e-05
cdo,8.229999999999999469e-03,8.370000000000000703e-03,8.479999999999999691e-03,8.569999999999999493e-03,8.640000000000000110e-03,8.710000000000000728e-03,8.760000000000000425e-03,8.810000000000000123e-03,8.850000000000000228e-03,8.890000000000000333e-03,8.930000000000000437e-03,8.949999999999999623e-03,8.980000000000000135e-03,8.999999999999999320e-03,9.020000000000000240e-03,9.039999999999999425e-03,9.060000000000000345e-03,9.069999999999999937e-03,9.069999999999999937e-03,9.079999999999999530e-03,9.079999999999999530e-03,9.090000000000000857e-03,9.100000000000000450e-03,9.100000000000000450e-03,9.100000000000000450e-03,9.119999999999999635e-03,9.129999999999999227e-03,9.140000000000000555e-03,9.150000000000000147e-03,9.159999999999999740e-03,9.169999999999999332e-03,9.180000000000000659e-03,9.190000000000000252e-03,9.199999999999999845e-03,9.209999999999999437e-03,9.209999999999999437e-03,9.209999999999999437e-03,9.209999999999999437e-03,9.220000000000000764e-03,9.220000000000000764e-03,9.220000000000000764e-03,9.220000000000000764e-03,9.230000000000000357e-03,9.230000000000000357e-03,9.230000000000000357e-03,9.230000000000000357e-03,9.230000000000000357e-03,9.220000000000000764e-03,9.220000000000000764e-03,9.220000000000000764e-03,9.220000000000000764e-03,9.209999999999999437e-03,9.209999999999999437e-03,9.199999999999999845e-03,9.190000000000000252e-03,9.180000000000000659e-03,9.169999999999999332e-03,9.159999999999999740e-03,9.150000000000000147e-03,9.140000000000000555e-03,9.129999999999999227e-03,9.119999999999999635e-03,9.110000000000000042e-03,9.100000000000000450e-03,9.090000000000000857e-03,9.069999999999999937e-03,9.060000000000000345e-03,9.039999999999999425e-03,9.039999999999999425e-03,9.060000000000000345e-03,9.069999999999999937e-03,9.090000000000000857e-03,9.100000000000000450e-03,9.110000000000000042e-03,9.129999999999999227e-03,9.140000000000000555e-03,9.150000000000000147e-03,9.159999999999999740e-03,9.169999999999999332e-03,9.180000000000000659e-03,9.190000000000000252e-03,9.199999999999999845e-03,9.209999999999999437e-03,9.220000000000000764e-03,9.230000000000000357e-03,9.230000000000000357e-03,9.239999999999999949e-03,9.239999999999999949e-03,9.239999999999999949e-03,9.239999999999999949e-03,9.239999999999999949e-03,9.249999999999999542e-03,9.249999999999999542e-03,9.249999999999999542e-03,9.239999999999999949e-03,9.239999999999999949e-03,9.239999999999999949e-03,9.239999999999999949e-03,9.239999999999999949e-03,9.230000000000000357e-03,9.230000000000000357e-03,9.230000000000000357e-03,9.220000000000000764e-03,9.220000000000000764e-03,9.209999999999999437e-03,9.199999999999999845e-03,9.190000000000000252e-03,9.180000000000000659e-03,9.169999999999999332e-03,9.159999999999999740e-03,9.140000000000000555e-03,9.129999999999999227e-03,9.129999999999999227e-03,9.119999999999999635e-03,9.119999999999999635e-03,9.110000000000000042e-03,9.100000000000000450e-03,9.100000000000000450e-03,9.090000000000000857e-03,9.079999999999999530e-03,9.060000000000000345e-03,9.039999999999999425e-03,9.020000000000000240e-03,8.999999999999999320e-03,8.980000000000000135e-03,8.949999999999999623e-03,8.909999999999999518e-03,8.869999999999999413e-03,8.829999999999999308e-03,8.779999999999999610e-03,8.720000000000000320e-03,8.659999999999999296e-03,8.580000000000000820e-03,8.479999999999999691e-03,8.370000000000000703e-03,8.229999999999999469e-03,8.370000000000000703e-03,8.370000000000000703e-03,8.370000000000000703e-03,8.370000000000000703e-03,8.370000000000000703e-03,8.359999999999999376e-03,8.349999999999999784e-03,8.340000000000000191e-03,8.330000000000000598e-03,8.319999999999999271e-03,8.300000000000000086e-03,8.290000000000000493e-03,8.269999999999999574e-03,8.259999999999999981e-03,8.240000000000000796e-03,8.229999999999999469e-03,8.210000000000000284e-03,8.189999999999999364e-03,8.170000000000000179e-03,8.160000000000000586e-03,8.139999999999999666e-03,8.120000000000000481e-03,8.099999999999999561e-03,8.070000000000000784e-03,8.049999999999999864e-03,8.019999999999999352e-03,7.979999999999999247e-03,7.929999999999999549e-03,8.359999999999999376e-03,8.359999999999999376e-03,8.349999999999999784e-03,8.349999999999999784e-03,8.330000000000000598e-03,8.319999999999999271e-03,8.309999999999999679e-03,8.300000000000000086e-03,8.279999999999999166e-03,8.259999999999999981e-03,8.250000000000000389e-03,8.229999999999999469e-03,8.210000000000000284e-03,8.189999999999999364e-03,8.179999999999999771e-03,8.160000000000000586e-03,8.139999999999999666e-03,8.120000000000000481e-03,8.099999999999999561e-03,8.080000000000000376e-03,8.059999999999999457e-03,8.040000000000000271e-03,8.009999999999999759e-03,7.990000000000000574e-03,7.960000000000000062e-03,7.919999999999999957e-03,7.860000000000000667e-03,8.410000000000000808e-03,8.370000000000000703e-03,8.330000000000000598e-03,8.290000000000000493e-03,8.250000000000000389e-03,8.210000000000000284e-03,8.179999999999999771e-03,8.139999999999999666e-03,8.109999999999999154e-03,8.080000000000000376e-03,8.040000000000000271e-03,8.009999999999999759e-03,7.990000000000000574e-03,7.960000000000000062e-03,7.929999999999999549e-03,7.900000000000000772e-03,7.879999999999999852e-03,7.849999999999999339e-03,7.820000000000000562e-03,7.799999999999999642e-03,7.779999999999999589e-03,7.749999999999999944e-03,7.729999999999999892e-03,7.709999999999999840e-03,7.689999999999999787e-03,7.669999999999999735e-03,7.649999999999999682e-03,1.013000000000000012e-02,1.013000000000000012e-02,1.013999999999999971e-02,1.017000000000000022e-02,1.020000000000000073e-02,1.022999999999999951e-02,1.026000000000000002e-02,1.029000000000000054e-02,1.030000000000000013e-02,1.030000000000000013e-02,1.013000000000000012e-02,1.013000000000000012e-02,1.013999999999999971e-02,1.017000000000000022e-02,1.020000000000000073e-02,1.022999999999999951e-02,1.026000000000000002e-02,1.029000000000000054e-02,1.030000000000000013e-02,1.030000000000000013e-02
cdo*c/cref,5.715496544391280784e-03,5.884719617224880642e-03,6.035046039340775936e-03,6.172860287081339235e-03,6.297645933014354297e-03,6.423636576289208124e-03,6.535910047846889455e-03,6.649044231791600458e-03,6.755405901116427921e-03,6.862503402445508174e-03,6.970242424242424802e-03,7.062887028176502262e-03,7.163853482190325403e-03,7.257320574162679470e-03,7.351084210526315915e-03,7.445192131844763188e-03,7.539692503987241445e-03,7.626081073896863287e-03,7.670346145667197683e-03,7.689229771398191533e-03,7.699656565656565893e-03,7.718574641148326018e-03,7.737515683147262215e-03,7.747917065390750105e-03,7.796634237107922041e-03,7.900945454545454591e-03,7.996880116959063575e-03,8.093005954279638287e-03,8.189322966507176990e-03,8.285831153641679686e-03,8.382530515683146374e-03,8.479469856459330435e-03,8.576551621477936788e-03,8.673873471557682138e-03,8.771337639553428156e-03,8.859422647527908506e-03,8.947507655502392326e-03,9.035543700159489461e-03,9.133534928229665451e-03,9.221715576820841212e-03,9.309896225412015239e-03,9.398076874003191000e-03,9.496546305156830167e-03,9.584871664008506181e-03,9.673147953216373884e-03,9.761424242424243322e-03,9.849749601275915867e-03,9.927258798511430157e-03,1.001548846358320081e-02,1.010366911217437658e-02,1.019189877724614550e-02,1.026897862838915300e-02,1.035706363636363682e-02,1.043385645933014340e-02,1.051045789473684100e-02,1.058686794258373309e-02,1.066308660287081274e-02,1.073911387559808514e-02,1.081494976076554856e-02,1.089059425837320648e-02,1.095575730994152036e-02,1.101047272727272847e-02,1.106504183944710500e-02,1.111946464646464822e-02,1.117374114832536160e-02,1.121555406698564530e-02,1.126946475279106720e-02,1.131076533758638807e-02,1.131076533758638807e-02,1.126946475279106720e-02,1.121555406698564530e-02,1.117374114832536160e-02,1.111946464646464822e-02,1.106504183944710500e-02,1.102254561403508831e-02,1.096775704412546529e-02,1.090250956937799214e-02,1.082676937799042886e-02,1.075083779904306182e-02,1.067471483253588579e-02,1.059840047846890079e-02,1.052189473684210334e-02,1.044519760765550212e-02,1.036830909090909365e-02,1.029127825624667758e-02,1.020295289739500157e-02,1.012558596491228147e-02,1.003721403508771835e-02,9.948792982456140452e-03,9.860421052631577338e-03,9.771999999999999437e-03,9.694108187134502230e-03,9.605640616693247175e-03,9.517123870281763917e-03,9.418463157894737398e-03,9.330091228070176018e-03,9.241719298245614639e-03,9.153347368421051525e-03,9.064975438596491880e-03,8.966937639553430525e-03,8.878661350345561087e-03,8.790385061137693384e-03,8.692729718234981640e-03,8.604549069643805878e-03,8.507180542264751802e-03,8.409954279638490182e-03,8.312968155236575771e-03,8.216173205741627086e-03,8.119569431153640660e-03,8.023156831472619960e-03,7.918272089314195433e-03,7.822337426900584714e-03,7.773459649122805779e-03,7.754521212121211551e-03,7.744048484848484182e-03,7.725095959595960383e-03,7.706166400850611789e-03,7.695716640085061358e-03,7.642897129186603314e-03,7.556336416799574324e-03,7.461663795853270761e-03,7.367383732057415473e-03,7.273447953216374481e-03,7.179808612440191640e-03,7.086561509835194797e-03,6.985853269537480210e-03,6.877942105263158169e-03,6.770672355130249141e-03,6.664138543328017132e-03,6.550832216905900715e-03,6.431011589580011047e-03,6.312223817118553862e-03,6.180063157894736744e-03,6.035046039340775936e-03,5.884719617224880642e-03,5.715496544391280784e-03,4.641322966507177919e-03,4.750520095693780420e-03,4.859717224880383789e-03,4.968914354066986290e-03,5.078155980861243785e-03,5.181155555555554473e-03,5.283894205209993880e-03,5.386371929824561137e-03,5.488633014354067120e-03,5.590588835725676664e-03,5.685433811802232361e-03,5.786737320574162832e-03,5.880713024986709836e-03,5.981364167995747820e-03,6.074382562466774244e-03,6.174381392876129686e-03,6.266486549707603153e-03,6.358113397129185745e-03,6.449174747474747255e-03,6.547738437001594629e-03,6.637886549707601447e-03,6.727555980861245170e-03,6.816660287081340031e-03,6.896696650717704449e-03,6.984626794258373336e-03,7.063270707070705770e-03,7.132151515151514097e-03,7.190920627325889970e-03,4.635777777777777726e-03,4.744844444444444587e-03,4.848104997341839972e-03,4.957041201488570324e-03,5.053887612971823436e-03,5.156365337586388958e-03,5.258582137161084066e-03,5.360538011695906158e-03,5.455688038277510706e-03,5.550272089314194253e-03,5.651184210526316067e-03,5.744855023923444055e-03,5.838047634237108867e-03,5.930674641148325765e-03,6.030151621477937776e-03,6.121865390749602585e-03,6.213057309941520494e-03,6.303770547581073573e-03,6.393918660287080391e-03,6.483544922913343778e-03,6.572649335459861131e-03,6.661274641148326285e-03,6.740919617224880311e-03,6.828327910685806634e-03,6.906537799043062538e-03,6.975199999999999977e-03,7.024901116427432861e-03,4.412947421584264424e-03,4.546098086124402034e-03,4.677731206804891864e-03,4.807891493886231292e-03,4.936578947368421184e-03,5.063793567251461542e-03,5.195930781499202671e-03,5.320383625730994506e-03,5.450083838383838579e-03,5.578679425837320717e-03,5.699081977671451547e-03,5.825326794258372208e-03,5.957880914407230957e-03,6.082057841573631184e-03,6.205130143540668608e-03,6.327097820308347567e-03,6.456195853269538001e-03,6.576138224348750116e-03,6.694975970228602032e-03,6.821454545454544612e-03,6.947196703880914592e-03,7.063129984051036425e-03,7.187215098351939710e-03,7.310563795853268661e-03,7.433176076555024145e-03,7.555051940457203560e-03,7.676232057416268635e-03,1.615629984051036557e-03,1.615629984051036557e-03,1.603748006379585337e-03,1.581459330143540447e-03,1.559011164274322131e-03,1.536403508771929738e-03,1.513636363636363703e-03,1.490709728867623809e-03,1.478468899521531189e-03,1.478468899521531189e-03,1.615629984051036557e-03,1.615629984051036557e-03,1.603748006379585337e-03,1.581459330143540447e-03,1.559011164274322131e-03,1.536403508771929738e-03,1.513636363636363703e-03,1.490709728867623809e-03,1.478468899521531189e-03,1.478468899521531189e-03
cl,1.991900000000000059e-01,2.227200000000000013e-01,2.637599999999999945e-01,2.943899999999999850e-01,3.178400000000000114e-01,3.371500000000000052e-01,3.531500000000000195e-01,3.670100000000000029e-01,3.788199999999999901e-01,3.893800000000000039e-01,3.986000000000000099e-01,4.068800000000000194e-01,4.140199999999999991e-01,4.206699999999999884e-01,4.268600000000000172e-01,4.324200000000000266e-01,4.376200000000000090e-01,4.422200000000000020e-01,4.439100000000000268e-01,4.454199999999999826e-01,4.467900000000000205e-01,4.480999999999999983e-01,4.495000000000000107e-01,4.508599999999999830e-01,4.524799999999999933e-01,4.567800000000000193e-01,4.613399999999999723e-01,4.654300000000000104e-01,4.693200000000000149e-01,4.731199999999999850e-01,4.769599999999999951e-01,4.804899999999999727e-01,4.839800000000000213e-01,4.871300000000000074e-01,4.900700000000000056e-01,4.925999999999999823e-01,4.947300000000000031e-01,4.968000000000000194e-01,4.990200000000000191e-01,5.011299999999999644e-01,5.033100000000000351e-01,5.052699999999999969e-01,5.072299999999999587e-01,5.089500000000000135e-01,5.105600000000000138e-01,5.120500000000000052e-01,5.135300000000000420e-01,5.148399999999999643e-01,5.161099999999999577e-01,5.171799999999999731e-01,5.180900000000000505e-01,5.187500000000000444e-01,5.192099999999999493e-01,5.195999999999999508e-01,5.199799999999999978e-01,5.194600000000000328e-01,5.194999999999999618e-01,5.194299999999999473e-01,5.186500000000000554e-01,5.182799999999999629e-01,5.162200000000000122e-01,5.162299999999999667e-01,5.155999999999999472e-01,5.149099999999999788e-01,5.139899999999999469e-01,5.130099999999999660e-01,5.117500000000000382e-01,5.103299999999999503e-01,5.103999999999999648e-01,5.119500000000000162e-01,5.133299999999999530e-01,5.144100000000000339e-01,5.154400000000000093e-01,5.162499999999999867e-01,5.169899999999999496e-01,5.171599999999999531e-01,5.194199999999999928e-01,5.199200000000000488e-01,5.208000000000000407e-01,5.209899999999999531e-01,5.210599999999999676e-01,5.216600000000000126e-01,5.214100000000000401e-01,5.211500000000000021e-01,5.208599999999999897e-01,5.203400000000000247e-01,5.195499999999999563e-01,5.185999999999999499e-01,5.174400000000000110e-01,5.162400000000000322e-01,5.148700000000000498e-01,5.134900000000000020e-01,5.120299999999999851e-01,5.104199999999999848e-01,5.085600000000000120e-01,5.066899999999999737e-01,5.046000000000000485e-01,5.025800000000000267e-01,5.004499999999999504e-01,4.984999999999999987e-01,4.965100000000000069e-01,4.940800000000000192e-01,4.912099999999999800e-01,4.881199999999999983e-01,4.846799999999999997e-01,4.812000000000000166e-01,4.773899999999999810e-01,4.736400000000000055e-01,4.697899999999999854e-01,4.657399999999999873e-01,4.612100000000000088e-01,4.569300000000000028e-01,4.553300000000000125e-01,4.539599999999999747e-01,4.525500000000000078e-01,4.512399999999999745e-01,4.498699999999999921e-01,4.483599999999999808e-01,4.466800000000000215e-01,4.420700000000000185e-01,4.368699999999999806e-01,4.312900000000000067e-01,4.250800000000000134e-01,4.183899999999999841e-01,4.112100000000000199e-01,4.028700000000000059e-01,3.935699999999999754e-01,3.829099999999999726e-01,3.709700000000000220e-01,3.569700000000000095e-01,3.407800000000000273e-01,3.212300000000000155e-01,2.974700000000000122e-01,2.663800000000000057e-01,2.246700000000000086e-01,2.008399999999999908e-01,-7.983999999999999431e-02,-1.023700000000000027e-01,-1.223899999999999988e-01,-1.377500000000000113e-01,-1.494300000000000073e-01,-1.592300000000000104e-01,-1.669299999999999951e-01,-1.736800000000000010e-01,-1.790599999999999969e-01,-1.839300000000000102e-01,-1.879399999999999959e-01,-1.914299999999999891e-01,-1.941400000000000070e-01,-1.966199999999999892e-01,-1.987299999999999900e-01,-2.003399999999999903e-01,-2.016000000000000014e-01,-2.024700000000000111e-01,-2.031199999999999950e-01,-2.031900000000000095e-01,-2.027599999999999958e-01,-2.019499999999999906e-01,-2.006400000000000128e-01,-1.984400000000000053e-01,-1.951100000000000056e-01,-1.901500000000000135e-01,-1.822900000000000076e-01,-1.688199999999999978e-01,-6.947000000000000397e-02,-8.931000000000000050e-02,-1.068800000000000028e-01,-1.201799999999999952e-01,-1.300800000000000012e-01,-1.384199999999999875e-01,-1.449199999999999933e-01,-1.505700000000000094e-01,-1.548599999999999977e-01,-1.588100000000000067e-01,-1.619099999999999984e-01,-1.646400000000000086e-01,-1.665600000000000136e-01,-1.683900000000000119e-01,-1.697700000000000042e-01,-1.707500000000000129e-01,-1.713300000000000101e-01,-1.715299999999999880e-01,-1.713699999999999946e-01,-1.706300000000000039e-01,-1.693099999999999883e-01,-1.673699999999999910e-01,-1.646100000000000063e-01,-1.603499999999999925e-01,-1.537900000000000100e-01,-1.425400000000000000e-01,-1.189700000000000063e-01,2.200000000000000078e-04,2.000000000000000164e-05,1.000000000000000082e-05,1.000000000000000082e-05,1.000000000000000082e-05,1.000000000000000082e-05,1.000000000000000082e-05,1.000000000000000082e-05,1.000000000000000082e-05,1.000000000000000082e-05,1.000000000000000082e-05,0.000000000000000000e+00,0.000000000000000000e+00,0.000000000000000000e+00,0.000000000000000000e+00,0.000000000000000000e+00,0.000000000000000000e+00,-0.000000000000000000e+00,-0.000000000000000000e+00,-0.000000000000000000e+00,-1.000000000000000082e-05,-1.000000000000000082e-05,-1.000000000000000082e-05,-1.000000000000000082e-05,-2.000000000000000164e-05,-3.000000000000000076e-05,-3.600000000000000227e-04,-9.249999999999999542e-03,-1.339000000000000086e-02,-2.004999999999999838e-02,-1.566999999999999990e-02,-8.349999999999999784e-03,1.369999999999999907e-03,1.141000000000000000e-02,1.497000000000000067e-02,9.769999999999999171e-03,4.460000000000000422e-03,-8.940000000000000030e-03,-1.290999999999999960e-02,-1.925999999999999934e-02,-1.493000000000000056e-02,-6.769999999999999976e-03,2.830000000000000050e-03,1.318000000000000074e-02,1.625000000000000056e-02,1.069999999999999944e-02,4.969999999999999592e-03
cl*c/cref,1.383316836788942295e-01,1.565883814992025669e-01,1.877127055821371515e-01,2.120453138755980516e-01,2.316717341839447386e-01,2.486485730994152099e-01,2.634882001594896495e-01,2.769881638490164777e-01,2.891619054758107210e-01,3.005761051568314746e-01,3.111241467304625141e-01,3.210891032429559200e-01,3.302871513024986938e-01,3.392152273258904893e-01,3.478806880382775413e-01,3.561338475279107185e-01,3.641854562466773082e-01,3.718197985114300996e-01,3.754072059011164253e-01,3.771956745348218898e-01,3.788688939393939914e-01,3.804943120680489010e-01,3.821992636895268358e-01,3.838709767145135343e-01,3.876726439128123647e-01,3.957230114832536172e-01,4.040833157894736516e-01,4.121146347155767997e-01,4.200451425837321007e-01,4.279686064859117289e-01,4.360012818713450145e-01,4.438235807549175682e-01,4.516734987772461074e-01,4.592721721956405934e-01,4.667284947900052772e-01,4.738492503987239979e-01,4.806298004784689271e-01,4.873895885167464637e-01,4.943401952153110290e-01,5.012232458798512313e-01,5.082173393939394268e-01,5.150288830940988882e-01,5.218779179160020210e-01,5.285179234449760566e-01,5.350728514619883525e-01,5.415316666666667444e-01,5.480110414673046160e-01,5.543329631047314576e-01,5.606392354598617178e-01,5.667478949494949569e-01,5.727029107921318696e-01,5.783965975544922422e-01,5.838752454545454995e-01,5.892860669856458955e-01,5.946929157894735862e-01,5.990691090909091576e-01,6.040865311004783855e-01,6.089757555023922464e-01,6.130244473684209883e-01,6.175467387559808730e-01,6.194502780435938716e-01,6.232386333333334028e-01,6.262497884104200052e-01,6.291784111111111688e-01,6.318142148325358587e-01,6.343650928229663810e-01,6.365506166932481946e-01,6.385202295055819599e-01,6.386078128654969488e-01,6.367993907496012351e-01,6.347607904306218352e-01,6.323304933014355367e-01,6.298260282828284096e-01,6.270392809675705559e-01,6.241561727272727511e-01,6.205782530568846322e-01,6.189050842105263683e-01,6.145255387559808158e-01,6.105819330143541501e-01,6.058191373205741304e-01,6.009143148325358785e-01,5.966143052631578403e-01,5.913388148325359195e-01,5.860568636363637784e-01,5.807492082934608835e-01,5.751900878256246408e-01,5.693450419989366518e-01,5.633440691121742727e-01,5.571324070175438514e-01,5.509030047846890099e-01,5.445140303030303608e-01,5.381435257309941100e-01,5.317163421584263361e-01,5.251600395534289367e-01,5.183824267942583885e-01,5.116302948431684650e-01,5.046938915470495779e-01,4.978668095693780105e-01,4.909704500265815730e-01,4.842923524720893491e-01,4.776104167995746663e-01,4.705475028176501762e-01,4.631188465178096569e-01,4.555371466241360801e-01,4.476938398724082946e-01,4.398771738437001755e-01,4.318311063795852722e-01,4.239115770334928035e-01,4.159751933545985936e-01,4.079372339181286389e-01,3.995608610845295394e-01,3.914852837320574319e-01,3.876768216905900899e-01,3.859914966507176914e-01,3.842729322169058936e-01,3.826424040404040605e-01,3.809640745879850909e-01,3.791704959064327030e-01,3.755697788410420346e-01,3.678887268474216321e-01,3.597987927698033106e-01,3.514910320574162750e-01,3.427713144072302431e-01,3.337733472620946218e-01,3.245061200956938507e-01,3.144570622009569272e-01,3.038105133971291671e-01,2.922838953216373992e-01,2.799768375332270520e-01,2.663383344497607386e-01,2.513257029239766016e-01,2.341426855396065987e-01,2.142637980861243907e-01,1.895773070707070795e-01,1.579593735247208919e-01,1.394775608718766546e-01,-4.427278681552365702e-02,-5.810164183944711153e-02,-7.106102642211589715e-02,-8.177633838383839560e-02,-9.066055534290271001e-02,-9.868366018075491741e-02,-1.056335879851142967e-01,-1.121708725146198793e-01,-1.179825483253588436e-01,-1.235909861244019053e-01,-1.287374012759170405e-01,-1.336254674641148277e-01,-1.380509826687932040e-01,-1.423796395534290271e-01,-1.465002483785220744e-01,-1.503007980861243986e-01,-1.538762105263158098e-01,-1.571828106858054186e-01,-1.603373775651249222e-01,-1.630435015948963340e-01,-1.653437195108984348e-01,-1.673189569377990515e-01,-1.688512000000000346e-01,-1.695886596491228138e-01,-1.692882650717703608e-01,-1.674664494949494875e-01,-1.629222931951089803e-01,-1.530859041998936521e-01,-3.852242610313663662e-02,-5.068924130781499865e-02,-6.205574396597555303e-02,-7.134577384370016651e-02,-7.892073237639553318e-02,-8.578654928229663412e-02,-9.170562254120147305e-02,-9.724532631578947095e-02,-1.020371799043062050e-01,-1.067117082934609246e-01,-1.109070588516746364e-01,-1.149250220095693747e-01,-1.184391247208931575e-01,-1.219372775119617475e-01,-1.251514475279106864e-01,-1.281015337586390301e-01,-1.307718807017544116e-01,-1.331632711855395834e-01,-1.352747951621477707e-01,-1.369167413609782002e-01,-1.380664093035619266e-01,-1.386688478468899588e-01,-1.385296851674641394e-01,-1.370365933014354165e-01,-1.334367397129186672e-01,-1.255359858585858579e-01,-1.063298328017012184e-01,1.154397660818713510e-04,1.086283891547049485e-05,5.615523657628921552e-06,5.799627857522594832e-06,5.983732057416268113e-06,6.167836257309941393e-06,6.351993620414673939e-06,6.536097820308348067e-06,6.720202020202021347e-06,6.904306220095694628e-06,7.088410419989367908e-06,0.000000000000000000e+00,0.000000000000000000e+00,0.000000000000000000e+00,0.000000000000000000e+00,0.000000000000000000e+00,0.000000000000000000e+00,-0.000000000000000000e+00,-0.000000000000000000e+00,-0.000000000000000000e+00,-8.929558745348220938e-06,-9.113716108452950943e-06,-9.297820308346624224e-06,-9.481924508240297504e-06,-1.933205741626794496e-05,-2.955039872408293897e-05,-3.612344497607656224e-04,-1.475279106858054003e-03,-2.135566188197767033e-03,-3.171119085592769438e-03,-2.436722488038276999e-03,-1.276249335459861628e-03,2.057549175970228286e-04,1.683293460925039875e-03,2.168700159489633274e-03,1.402392344497607442e-03,6.401913875598087052e-04,-1.425837320574162596e-03,-2.059011164274321924e-03,-3.046172248803827570e-03,-2.321650717703349198e-03,-1.034755449229133326e-03,4.250265816055289890e-04,1.944417862838915701e-03,2.354133439659755658e-03,1.535885167464114695e-03,7.133971291866027676e-04
cli,1.992299999999999904e-01,2.227699999999999958e-01,2.638099999999999890e-01,2.944399999999999795e-01,3.179000000000000159e-01,3.372200000000000197e-01,3.532299999999999884e-01,3.670800000000000174e-01,3.789000000000000146e-01,3.894699999999999829e-01,3.986899999999999888e-01,4.069800000000000084e-01,4.141199999999999881e-01,4.207799999999999874e-01,4.269700000000000162e-01,4.325300000000000256e-01,4.377300000000000080e-01,4.423500000000000210e-01,4.440399999999999903e-01,4.455500000000000016e-01,4.469199999999999839e-01,4.482300000000000173e-01,4.496299999999999741e-01,4.509900000000000020e-01,4.526200000000000223e-01,4.569199999999999928e-01,4.614900000000000113e-01,4.655799999999999939e-01,4.694900000000000184e-01,4.732899999999999885e-01,4.771400000000000086e-01,4.806699999999999862e-01,4.841699999999999893e-01,4.873199999999999754e-01,4.902699999999999836e-01,4.928100000000000258e-01,4.949500000000000011e-01,4.970200000000000173e-01,4.992500000000000271e-01,5.013600000000000279e-01,5.035399999999999876e-01,5.055199999999999694e-01,5.074800000000000422e-01,5.092100000000000515e-01,5.108200000000000518e-01,5.123199999999999976e-01,5.138000000000000345e-01,5.151200000000000223e-01,5.163900000000000157e-01,5.174600000000000311e-01,5.183799999999999519e-01,5.190500000000000114e-01,5.195100000000000273e-01,5.199000000000000288e-01,5.202900000000000302e-01,5.197699999999999543e-01,5.198099999999999943e-01,5.197399999999999798e-01,5.189599999999999769e-01,5.186100000000000154e-01,5.165499999999999536e-01,5.165600000000000191e-01,5.159299999999999997e-01,5.152400000000000313e-01,5.143299999999999539e-01,5.133600000000000385e-01,5.120999999999999996e-01,5.106800000000000228e-01,5.107500000000000373e-01,5.122999999999999776e-01,5.136699999999999600e-01,5.147599999999999953e-01,5.157800000000000162e-01,5.165800000000000392e-01,5.173200000000000021e-01,5.174900000000000055e-01,5.197500000000000453e-01,5.202400000000000357e-01,5.211099999999999621e-01,5.212999999999999856e-01,5.213700000000000001e-01,5.219700000000000450e-01,5.217100000000000071e-01,5.214499999999999691e-01,5.211599999999999566e-01,5.206300000000000372e-01,5.198300000000000143e-01,5.188800000000000079e-01,5.177199999999999580e-01,5.165100000000000247e-01,5.151400000000000423e-01,5.137500000000000400e-01,5.122799999999999576e-01,5.106699999999999573e-01,5.088099999999999845e-01,5.069299999999999917e-01,5.048300000000000010e-01,5.028000000000000247e-01,5.006699999999999484e-01,4.987099999999999866e-01,4.967199999999999949e-01,4.942799999999999971e-01,4.914000000000000035e-01,4.883100000000000218e-01,4.848600000000000132e-01,4.813700000000000201e-01,4.775599999999999845e-01,4.737999999999999989e-01,4.699499999999999789e-01,4.658900000000000263e-01,4.613499999999999823e-01,4.570600000000000218e-01,4.554599999999999760e-01,4.540899999999999936e-01,4.526800000000000268e-01,4.513699999999999934e-01,4.500000000000000111e-01,4.484899999999999998e-01,4.467999999999999750e-01,4.421900000000000275e-01,4.369799999999999796e-01,4.314100000000000157e-01,4.251900000000000124e-01,4.184999999999999831e-01,4.113100000000000089e-01,4.029599999999999849e-01,3.936600000000000099e-01,3.829899999999999971e-01,3.710499999999999909e-01,3.570400000000000240e-01,3.408399999999999763e-01,3.212900000000000200e-01,2.975300000000000167e-01,2.664300000000000002e-01,2.247099999999999931e-01,2.008800000000000030e-01,-7.983999999999999431e-02,-1.023700000000000027e-01,-1.223899999999999988e-01,-1.377500000000000113e-01,-1.494300000000000073e-01,-1.592300000000000104e-01,-1.669299999999999951e-01,-1.736800000000000010e-01,-1.790599999999999969e-01,-1.839300000000000102e-01,-1.879399999999999959e-01,-1.914299999999999891e-01,-1.941400000000000070e-01,-1.966199999999999892e-01,-1.987299999999999900e-01,-2.003399999999999903e-01,-2.016000000000000014e-01,-2.024700000000000111e-01,-2.031199999999999950e-01,-2.031900000000000095e-01,-2.027599999999999958e-01,-2.019499999999999906e-01,-2.006400000000000128e-01,-1.984400000000000053e-01,-1.951100000000000056e-01,-1.901500000000000135e-01,-1.822900000000000076e-01,-1.688199999999999978e-01,-6.947000000000000397e-02,-8.931000000000000050e-02,-1.068800000000000028e-01,-1.201799999999999952e-01,-1.300800000000000012e-01,-1.384199999999999875e-01,-1.449199999999999933e-01,-1.505700000000000094e-01,-1.548599999999999977e-01,-1.588100000000000067e-01,-1.619099999999999984e-01,-1.646400000000000086e-01,-1.665600000000000136e-01,-1.683900000000000119e-01,-1.697700000000000042e-01,-1.707500000000000129e-01,-1.713300000000000101e-01,-1.715299999999999880e-01,-1.713699999999999946e-01,-1.706300000000000039e-01,-1.693099999999999883e-01,-1.673699999999999910e-01,-1.646100000000000063e-01,-1.603499999999999925e-01,-1.537900000000000100e-01,-1.425400000000000000e-01,-1.189700000000000063e-01,2.200000000000000078e-04,2.000000000000000164e-05,1.000000000000000082e-05,1.000000000000000082e-05,1.000000000000000082e-05,1.000000000000000082e-05,1.000000000000000082e-05,1.000000000000000082e-05,1.000000000000000082e-05,1.000000000000000082e-05,1.000000000000000082e-05,0.000000000000000000e+00,0.000000000000000000e+00,0.000000000000000000e+00,0.000000000000000000e+00,0.000000000000000000e+00,0.000000000000000000e+00,-0.000000000000000000e+00,-0.000000000000000000e+00,-0.000000000000000000e+00,-1.000000000000000082e-05,-1.000000000000000082e-05,-1.000000000000000082e-05,-1.000000000000000082e-05,-2.000000000000000164e-05,-3.000000000000000076e-05,-3.600000000000000227e-04,-9.249999999999999542e-03,-1.339000000000000086e-02,-2.004999999999999838e-02,-1.566999999999999990e-02,-8.349999999999999784e-03,1.369999999999999907e-03,1.141000000000000000e-02,1.497000000000000067e-02,9.769999999999999171e-03,4.460000000000000422e-03,-8.940000000000000030e-03,-1.290999999999999960e-02,-1.925999999999999934e-02,-1.493000000000000056e-02,-6.769999999999999976e-03,2.830000000000000050e-03,1.318000000000000074e-02,1.625000000000000056e-02,1.069999999999999944e-02,4.969999999999999592e-03
cli*c/cref,1.383594625199361938e-01,1.566235351408825083e-01,1.877482895800106077e-01,2.120813282296650504e-01,2.317154678362573217e-01,2.487001981924508442e-01,2.635478888357256633e-01,2.770409939393939647e-01,2.892229712918660267e-01,3.006455793195109139e-01,3.111943955342902912e-01,3.211680181818182267e-01,3.303669269537480302e-01,3.393039279106858097e-01,3.479703354066985832e-01,3.562244416799575375e-01,3.642769977671451720e-01,3.719291028708134328e-01,3.755171447102604865e-01,3.773057626262625863e-01,3.789791313131313233e-01,3.806046987240829238e-01,3.823097996278574939e-01,3.839816612440191124e-01,3.877925921318448044e-01,3.958442979266347805e-01,4.042146993620414630e-01,4.122474520999467873e-01,4.201972939393939788e-01,4.281223828282827992e-01,4.361658244550771224e-01,4.439898448697501276e-01,4.518508159489632581e-01,4.594513065390749551e-01,4.669189690058478948e-01,4.740512567783093933e-01,4.808435303030303420e-01,4.876054212652844444e-01,4.945680382775119455e-01,5.014532886762361752e-01,5.084495819245081760e-01,5.152837116427432251e-01,5.221351374800637934e-01,5.287879198298777172e-01,5.353453345029239863e-01,5.418172121212121439e-01,5.482991706539074306e-01,5.546344416799574573e-01,5.609433934609250327e-01,5.670547308878256532e-01,5.730234802764485602e-01,5.787310919723550606e-01,5.842126090909092184e-01,5.896263014354067300e-01,5.950474578947367865e-01,5.994266177033492626e-01,6.044470062200956173e-01,6.093391971291866049e-01,6.133908555023922515e-01,6.179399440191388759e-01,6.198462692716639744e-01,6.236370385964913332e-01,6.266506077086656523e-01,6.295816444444445326e-01,6.322321545454545610e-01,6.347978870813396624e-01,6.369859712918659600e-01,6.389581463051567933e-01,6.390457296650716712e-01,6.372347453482188895e-01,6.351812191387559148e-01,6.327607253588517500e-01,6.302414808080809561e-01,6.274401002658162030e-01,6.245545779904306816e-01,6.209742442849548461e-01,6.192982894736842603e-01,6.149037665071769299e-01,6.109453746411482866e-01,6.061796124401913621e-01,6.012718234449760946e-01,5.969688473684210406e-01,5.916790492822966430e-01,5.863942272727273863e-01,5.810837027113237019e-01,5.755106573099414424e-01,5.696518779372674590e-01,5.636482271132375876e-01,5.574338855927697400e-01,5.511911339712918245e-01,5.447995757575758713e-01,5.384160087719298549e-01,5.319759540669856124e-01,5.254172591174905982e-01,5.186372553429027255e-01,5.118726348750664012e-01,5.049239343434344107e-01,4.980847464114832590e-01,4.911862827751195537e-01,4.844963673046251973e-01,4.778124231791599508e-01,4.707379770334927938e-01,4.632979808612440187e-01,4.557144637958532307e-01,4.478601039872408540e-01,4.400325751727804935e-01,4.319848827219563980e-01,4.240547783094099077e-01,4.161168652312599026e-01,4.080686174906964503e-01,3.996821475279107028e-01,3.915966642211590187e-01,3.877875062200956680e-01,3.861020325890483496e-01,3.843833188729399164e-01,3.827526414141414479e-01,3.810741626794258430e-01,3.792804347155768196e-01,3.756706751727804106e-01,3.679885903242955947e-01,3.598893869218500741e-01,3.515888291866028914e-01,3.428600149920255635e-01,3.338611004784688974e-01,3.245850350345561575e-01,3.145273110047847043e-01,3.038799875598086619e-01,2.923449611376927049e-01,2.800372147793726563e-01,2.663905620414673270e-01,2.513699530037213914e-01,2.341864191919192095e-01,2.143070153110047671e-01,1.896128910685805358e-01,1.579874964380648672e-01,1.395053397129186745e-01,-4.427278681552365702e-02,-5.810164183944711153e-02,-7.106102642211589715e-02,-8.177633838383839560e-02,-9.066055534290271001e-02,-9.868366018075491741e-02,-1.056335879851142967e-01,-1.121708725146198793e-01,-1.179825483253588436e-01,-1.235909861244019053e-01,-1.287374012759170405e-01,-1.336254674641148277e-01,-1.380509826687932040e-01,-1.423796395534290271e-01,-1.465002483785220744e-01,-1.503007980861243986e-01,-1.538762105263158098e-01,-1.571828106858054186e-01,-1.603373775651249222e-01,-1.630435015948963340e-01,-1.653437195108984348e-01,-1.673189569377990515e-01,-1.688512000000000346e-01,-1.695886596491228138e-01,-1.692882650717703608e-01,-1.674664494949494875e-01,-1.629222931951089803e-01,-1.530859041998936521e-01,-3.852242610313663662e-02,-5.068924130781499865e-02,-6.205574396597555303e-02,-7.134577384370016651e-02,-7.892073237639553318e-02,-8.578654928229663412e-02,-9.170562254120147305e-02,-9.724532631578947095e-02,-1.020371799043062050e-01,-1.067117082934609246e-01,-1.109070588516746364e-01,-1.149250220095693747e-01,-1.184391247208931575e-01,-1.219372775119617475e-01,-1.251514475279106864e-01,-1.281015337586390301e-01,-1.307718807017544116e-01,-1.331632711855395834e-01,-1.352747951621477707e-01,-1.369167413609782002e-01,-1.380664093035619266e-01,-1.386688478468899588e-01,-1.385296851674641394e-01,-1.370365933014354165e-01,-1.334367397129186672e-01,-1.255359858585858579e-01,-1.063298328017012184e-01,1.154397660818713510e-04,1.086283891547049485e-05,5.615523657628921552e-06,5.799627857522594832e-06,5.983732057416268113e-06,6.167836257309941393e-06,6.351993620414673939e-06,6.536097820308348067e-06,6.720202020202021347e-06,6.904306220095694628e-06,7.088410419989367908e-06,0.000000000000000000e+00,0.000000000000000000e+00,0.000000000000000000e+00,0.000000000000000000e+00,0.000000000000000000e+00,0.000000000000000000e+00,-0.000000000000000000e+00,-0.000000000000000000e+00,-0.000000000000000000e+00,-8.929558745348220938e-06,-9.113716108452950943e-06,-9.297820308346624224e-06,-9.481924508240297504e-06,-1.933205741626794496e-05,-2.955039872408293897e-05,-3.612344497607656224e-04,-1.475279106858054003e-03,-2.135566188197767033e-03,-3.171119085592769438e-03,-2.436722488038276999e-03,-1.276249335459861628e-03,2.057549175970228286e-04,1.683293460925039875e-03,2.168700159489633274e-03,1.402392344497607442e-03,6.401913875598087052e-04,-1.425837320574162596e-03,-2.059011164274321924e-03,-3.046172248803827570e-03,-2.321650717703349198e-03,-1.034755449229133326e-03,4.250265816055289890e-04,1.944417862838915701e-03,2.354133439659755658e-03,1.535885167464114695e-03,7.133971291866027676e-04
clo,-4.000000000000000327e-05,-4.000000000000000327e-05,-5.000000000000000240e-05,-6.000000000000000152e-05,-6.000000000000000152e-05,-6.999999999999999387e-05,-6.999999999999999387e-05,-8.000000000000000654e-05,-8.000000000000000654e-05,-9.000000000000000567e-05,-9.000000000000000567e-05,-1.000000000000000048e-04,-1.000000000000000048e-04,-1.100000000000000039e-04,-1.100000000000000039e-04,-1.200000000000000030e-04,-1.200000000000000030e-04,-1.200000000000000030e-04,-1.299999999999999886e-04,-1.299999999999999886e-04,-1.299999999999999886e-04,-1.299999999999999886e-04,-1.299999999999999886e-04,-1.299999999999999886e-04,-1.299999999999999886e-04,-1.399999999999999877e-04,-1.499999999999999869e-04,-1.600000000000000131e-04,-1.600000000000000131e-04,-1.700000000000000122e-04,-1.800000000000000113e-04,-1.800000000000000113e-04,-1.900000000000000105e-04,-2.000000000000000096e-04,-2.000000000000000096e-04,-2.100000000000000087e-04,-2.200000000000000078e-04,-2.200000000000000078e-04,-2.300000000000000070e-04,-2.300000000000000070e-04,-2.400000000000000061e-04,-2.400000000000000061e-04,-2.500000000000000052e-04,-2.500000000000000052e-04,-2.599999999999999772e-04,-2.599999999999999772e-04,-2.700000000000000035e-04,-2.700000000000000035e-04,-2.799999999999999755e-04,-2.799999999999999755e-04,-2.900000000000000017e-04,-2.900000000000000017e-04,-2.999999999999999737e-04,-2.999999999999999737e-04,-2.999999999999999737e-04,-3.099999999999999999e-04,-3.099999999999999999e-04,-3.200000000000000262e-04,-3.200000000000000262e-04,-3.200000000000000262e-04,-3.299999999999999982e-04,-3.299999999999999982e-04,-3.299999999999999982e-04,-3.400000000000000244e-04,-3.400000000000000244e-04,-3.499999999999999964e-04,-3.499999999999999964e-04,-3.499999999999999964e-04,-3.499999999999999964e-04,-3.499999999999999964e-04,-3.499999999999999964e-04,-3.400000000000000244e-04,-3.400000000000000244e-04,-3.299999999999999982e-04,-3.299999999999999982e-04,-3.299999999999999982e-04,-3.200000000000000262e-04,-3.200000000000000262e-04,-3.200000000000000262e-04,-3.099999999999999999e-04,-3.099999999999999999e-04,-3.099999999999999999e-04,-2.999999999999999737e-04,-2.999999999999999737e-04,-2.900000000000000017e-04,-2.900000000000000017e-04,-2.799999999999999755e-04,-2.799999999999999755e-04,-2.700000000000000035e-04,-2.700000000000000035e-04,-2.599999999999999772e-04,-2.599999999999999772e-04,-2.500000000000000052e-04,-2.500000000000000052e-04,-2.400000000000000061e-04,-2.400000000000000061e-04,-2.300000000000000070e-04,-2.300000000000000070e-04,-2.200000000000000078e-04,-2.200000000000000078e-04,-2.100000000000000087e-04,-2.000000000000000096e-04,-2.000000000000000096e-04,-1.900000000000000105e-04,-1.800000000000000113e-04,-1.800000000000000113e-04,-1.700000000000000122e-04,-1.600000000000000131e-04,-1.600000000000000131e-04,-1.499999999999999869e-04,-1.399999999999999877e-04,-1.299999999999999886e-04,-1.299999999999999886e-04,-1.299999999999999886e-04,-1.299999999999999886e-04,-1.299999999999999886e-04,-1.299999999999999886e-04,-1.299999999999999886e-04,-1.200000000000000030e-04,-1.200000000000000030e-04,-1.200000000000000030e-04,-1.100000000000000039e-04,-1.100000000000000039e-04,-1.000000000000000048e-04,-1.000000000000000048e-04,-9.000000000000000567e-05,-9.000000000000000567e-05,-8.000000000000000654e-05,-8.000000000000000654e-05,-6.999999999999999387e-05,-6.999999999999999387e-05,-6.000000000000000152e-05,-6.000000000000000152e-05,-5.000000000000000240e-05,-4.000000000000000327e-05,-4.000000000000000327e-05,0.000000000000000000e+00,0.000000000000000000e+00,0.000000000000000000e+00,0.000000000000000000e+00,0.000000000000000000e+00,0.000000000000000000e+00,0.000000000000000000e+00,0.000000000000000000e+00,0.000000000000000000e+00,0.000000000000000000e+00,0.000000000000000000e+00,0.000000000000000000e+00,0.000000000000000000e+00,0.000000000000000000e+00,0.000000000000000000e+00,0.000000000000000000e+00,0.000000000000000000e+00,0.000000000000000000e+00,0.000000000000000000e+00,0.000000000000000000e+00,0.000000000000000000e+00,0.000000000000000000e+00,0.000000000000000000e+00,0.000000000000000000e+00,0.000000000000000000e+00,0.000000000000000000e+00,0.000000000000000000e+00,0.000000000000000000e+00,0.000000000000000000e+00,0.000000000000000000e+00,0.000000000000000000e+00,0.000000000000000000e+00,0.000000000000000000e+00,0.000000000000000000e+00,0.000000000000000000e+00,0.000000000000000000e+00,0.000000000000000000e+00,0.000000000000000000e+00,0.000000000000000000e+00,0.000000000000000000e+00,0.000000000000000000e+00,0.000000000000000000e+00,0.000000000000000000e+00,0.000000000000000000e+00,0.000000000000000000e+00,0.000000000000000000e+00,0.000000000000000000e+00,0.000000000000000000e+00,0.000000000000000000e+00,0.000000000000000000e+00,0.000000000000000000e+00,0.000000000000000000e+00,0.000000000000000000e+00,0.000000000000000000e+00,0.000000000000000000e+00,-0.000000000000000000e+00,-0.000000000000000000e+00,-0.000000000000000000e+00,0.000000000000000000e+00,0.000000000000000000e+00,0.000000000000000000e+00,0.000000000000000000e+00,0.000000000000000000e+00,0.000000000000000000e+00,0.000000000000000000e+00,0.000000000000000000e+00,0.000000000000000000e+00,0.000000000000000000e+00,0.000000000000000000e+00,0.000000000000000000e+00,0.000000000000000000e+00,0.000000000000000000e+00,0.000000000000000000e+00,0.000000000000000000e+00,0.000000000000000000e+00,0.000000000000000000e+00,0.000000000000000000e+00,0.000000000000000000e+00,0.000000000000000000e+00,0.000000000000000000e+00,0.000000000000000000e+00,0.000000000000000000e+00,0.000000000000000000e+00,0.000000000000000000e+00,0.000000000000000000e+00,0.000000000000000000e+00,0.000000000000000000e+00,0.000000000000000000e+00,0.000000000000000000e+00,0.000000000000000000e+00,0.000000000000000000e+00,0.000000000000000000e+00,0.000000000000000000e+00,0.000000000000000000e+00,0.000000000000000000e+00,0.000000000000000000e+00,0.000000000000000000e+00,0.000000000000000000e+00,0.000000000000000000e+00,0.000000000000000000e+00,0.000000000000000000e+00,0.000000000000000000e+00
clo*c/cref,-2.777884104199894070e-05,-2.812291334396597875e-05,-3.558399787347155802e-05,-4.321722488038277145e-05,-4.373365231259968412e-05,-5.162509303561934373e-05,-5.222759170653906501e-05,-6.037724614566720467e-05,-6.106581605528974813e-05,-6.947416267942584447e-05,-7.024880382775119654e-05,-7.891493886230729882e-05,-7.977565124933546628e-05,-8.870058479532163869e-05,-8.964736842105263510e-05,-9.882998405103668644e-05,-9.986347687400319248e-05,-1.008963317384370043e-04,-1.099388091440722912e-04,-1.100880914407230019e-04,-1.102373737373737398e-04,-1.103866560340244370e-04,-1.105359383306751613e-04,-1.106845295055821211e-04,-1.113804891015417322e-04,-1.212864433811802176e-04,-1.313835725677830882e-04,-1.416718766613503443e-04,-1.432012759170653998e-04,-1.537763423710792135e-04,-1.645425837320574260e-04,-1.662641148325359015e-04,-1.773171717171717014e-04,-1.885624667729930888e-04,-1.904742158426368879e-04,-2.020063795853269464e-04,-2.137298245614035173e-04,-2.158327485380117153e-04,-2.278430622009569302e-04,-2.300427963849017000e-04,-2.423400318979266428e-04,-2.446354066985646281e-04,-2.572195640616692716e-04,-2.596119085592769448e-04,-2.724830409356725084e-04,-2.749696969696969790e-04,-2.881291866028707748e-04,-2.907114832535884880e-04,-3.041580010632641794e-04,-3.068359383306751352e-04,-3.205694843168527220e-04,-3.233446039340775926e-04,-3.373636363636364028e-04,-3.402344497607655456e-04,-3.431052631578946342e-04,-3.575086124401914223e-04,-3.604751196172248373e-04,-3.751655502392344963e-04,-3.782277511961722378e-04,-3.812899521531100877e-04,-3.959912280701754269e-04,-3.984052631578947857e-04,-4.008192982456140903e-04,-4.154525252525253587e-04,-4.179397129186603423e-04,-4.327942583732057144e-04,-4.353545986177564313e-04,-4.379167995746942690e-04,-4.379167995746942690e-04,-4.353545986177564313e-04,-4.327942583732057144e-04,-4.179397129186603423e-04,-4.154525252525253587e-04,-4.008192982456140903e-04,-3.984052631578947857e-04,-3.959912280701754269e-04,-3.812899521531100877e-04,-3.782277511961722378e-04,-3.751655502392344963e-04,-3.604751196172248373e-04,-3.575086124401914223e-04,-3.545421052631578447e-04,-3.402344497607655456e-04,-3.373636363636364028e-04,-3.233446039340775926e-04,-3.205694843168527220e-04,-3.068359383306751352e-04,-3.041580010632641794e-04,-2.907114832535884880e-04,-2.881291866028707748e-04,-2.749696969696969790e-04,-2.724830409356725084e-04,-2.596119085592769448e-04,-2.572195640616692716e-04,-2.446354066985646281e-04,-2.423400318979266428e-04,-2.300427963849017000e-04,-2.278430622009569302e-04,-2.158327485380117153e-04,-2.137298245614035173e-04,-2.020063795853269464e-04,-1.904742158426368879e-04,-1.885624667729930888e-04,-1.773171717171717014e-04,-1.662641148325359015e-04,-1.645425837320574260e-04,-1.537763423710792135e-04,-1.432012759170653998e-04,-1.416718766613503443e-04,-1.313835725677830882e-04,-1.212864433811802176e-04,-1.113804891015417322e-04,-1.106845295055821211e-04,-1.105359383306751613e-04,-1.103866560340244370e-04,-1.102373737373737398e-04,-1.100880914407230019e-04,-1.099388091440722912e-04,-1.008963317384370043e-04,-9.986347687400319248e-05,-9.882998405103668644e-05,-8.964736842105263510e-05,-8.870058479532163869e-05,-7.977565124933546628e-05,-7.891493886230729882e-05,-7.024880382775119654e-05,-6.947416267942584447e-05,-6.106581605528974813e-05,-6.037724614566720467e-05,-5.222759170653906501e-05,-5.162509303561934373e-05,-4.373365231259968412e-05,-4.321722488038277145e-05,-3.558399787347155802e-05,-2.812291334396597875e-05,-2.777884104199894070e-05,0.000000000000000000e+00,0.000000000000000000e+00,0.000000000000000000e+00,0.000000000000000000e+00,0.000000000000000000e+00,0.000000000000000000e+00,0.000000000000000000e+00,0.000000000000000000e+00,0.000000000000000000e+00,0.000000000000000000e+00,0.000000000000000000e+00,0.000000000000000000e+00,0.000000000000000000e+00,0.000000000000000000e+00,0.000000000000000000e+00,0.000000000000000000e+00,0.000000000000000000e+00,0.000000000000000000e+00,0.000000000000000000e+00,0.000000000000000000e+00,0.000000000000000000e+00,0.000000000000000000e+00,0.000000000000000000e+00,0.000000000000000000e+00,0.000000000000000000e+00,0.000000000000000000e+00,0.000000000000000000e+00,0.000000000000000000e+00,0.000000000000000000e+00,0.000000000000000000e+00,0.000000000000000000e+00,0.000000000000000000e+00,0.000000000000000000e+00,0.000000000000000000e+00,0.000000000000000000e+00,0.000000000000000000e+00,0.000000000000000000e+00,0.000000000000000000e+00,0.000000000000000000e+00,0.000000000000000000e+00,0.000000000000000000e+00,0.000000000000000000e+00,0.000000000000000000e+00,0.000000000000000000e+00,0.000000000000000000e+00,0.000000000000000000e+00,0.000000000000000000e+00,0.000000000000000000e+00,0.000000000000000000e+00,0.000000000000000000e+00,0.000000000000000000e+00,0.000000000000000000e+00,0.000000000000000000e+00,0.000000000000000000e+00,0.000000000000000000e+00,-0.000000000000000000e+00,-0.000000000000000000e+00,-0.000000000000000000e+00,0.000000000000000000e+00,0.000000000000000000e+00,0.000000000000000000e+00,0.000000000000000000e+00,0.000000000000000000e+00,0.000000000000000000e+00,0.000000000000000000e+00,0.000000000000000000e+00,0.000000000000000000e+00,0.000000000000000000e+00,0.000000000000000000e+00,0.000000000000000000e+00,0.000000000000000000e+00,0.000000000000000000e+00,0.000000000000000000e+00,0.000000000000000000e+00,0.000000000000000000e+00,0.000000000000000000e+00,0.000000000000000000e+00,0.000000000000000000e+00,0.000000000000000000e+00,0.000000000000000000e+00,0.000000000000000000e+00,0.000000000000000000e+00,0.000000000000000000e+00,0.000000000000000000e+00,0.000000000000000000e+00,0.000000000000000000e+00,0.000000000000000000e+00,0.000000000000000000e+00,0.000000000000000000e+00,0.000000000000000000e+00,0.000000000000000000e+00,0.000000000000000000e+00,0.000000000000000000e+00,0.000000000000000000e+00,0.000000000000000000e+00,0.000000000000000000e+00,0.000000000000000000e+00,0.000000000000000000e+00,0.000000000000000000e+00,0.000000000000000000e+00,0.000000000000000000e+00,0.000000000000000000e+00
cmx,1.186690000000000023e+00,1.351269999999999971e+00,1.559099999999999930e+00,1.692989999999999995e+00,1.777649999999999952e+00,1.833450000000000024e+00,1.866940000000000044e+00,1.885729999999999906e+00,1.891580000000000039e+00,1.889210000000000056e+00,1.878630000000000022e+00,1.862489999999999979e+00,1.840249999999999941e+00,1.815250000000000030e+00,1.787619999999999987e+00,1.757109999999999950e+00,1.724930000000000074e+00,1.689920000000000089e+00,1.666299999999999892e+00,1.666029999999999900e+00,1.664220000000000033e+00,1.661859999999999893e+00,1.660330000000000084e+00,1.661810000000000009e+00,1.632549999999999946e+00,1.590710000000000068e+00,1.550049999999999928e+00,1.507989999999999942e+00,1.465629999999999988e+00,1.423200000000000021e+00,1.381170000000000009e+00,1.338570000000000038e+00,1.296170000000000044e+00,1.253139999999999921e+00,1.210020000000000095e+00,1.166339999999999932e+00,1.122239999999999904e+00,1.078510000000000080e+00,1.035639999999999894e+00,9.930499999999999883e-01,9.510699999999999710e-01,9.091900000000000537e-01,8.677899999999999503e-01,8.265200000000000324e-01,7.855699999999999905e-01,7.449500000000000011e-01,7.048600000000000421e-01,6.650700000000000500e-01,6.257300000000000084e-01,5.866799999999999793e-01,5.480000000000000426e-01,5.096399999999999819e-01,4.716400000000000037e-01,4.341499999999999804e-01,3.972399999999999820e-01,3.603000000000000091e-01,3.242800000000000127e-01,2.888600000000000056e-01,2.536399999999999766e-01,2.192900000000000127e-01,1.888700000000000101e-01,1.636100000000000054e-01,1.384599999999999997e-01,1.137399999999999939e-01,8.923999999999999988e-02,6.504000000000000059e-02,4.125000000000000194e-02,1.780999999999999944e-02,-1.780999999999999944e-02,-4.125999999999999807e-02,-6.507999999999999896e-02,-8.930000000000000437e-02,-1.138500000000000068e-01,-1.386300000000000032e-01,-1.638400000000000134e-01,-1.892099999999999893e-01,-2.197600000000000109e-01,-2.542599999999999860e-01,-2.896099999999999786e-01,-3.252099999999999991e-01,-3.613999999999999990e-01,-3.985199999999999854e-01,-4.356599999999999917e-01,-4.733999999999999875e-01,-5.117000000000000437e-01,-5.503700000000000259e-01,-5.893699999999999495e-01,-6.287399999999999656e-01,-6.684200000000000141e-01,-7.085799999999999876e-01,-7.490499999999999936e-01,-7.900899999999999590e-01,-8.315200000000000369e-01,-8.732400000000000162e-01,-9.151200000000000445e-01,-9.574700000000000433e-01,-9.999200000000000310e-01,-1.043020000000000058e+00,-1.086419999999999941e+00,-1.130759999999999987e+00,-1.175589999999999913e+00,-1.219910000000000050e+00,-1.263630000000000031e+00,-1.307250000000000023e+00,-1.350240000000000107e+00,-1.393440000000000012e+00,-1.436050000000000049e+00,-1.479090000000000016e+00,-1.522129999999999983e+00,-1.564829999999999943e+00,-1.606119999999999992e+00,-1.648579999999999934e+00,-1.678299999999999903e+00,-1.676819999999999977e+00,-1.678369999999999918e+00,-1.680790000000000006e+00,-1.682639999999999914e+00,-1.682979999999999920e+00,-1.706930000000000058e+00,-1.742480000000000029e+00,-1.775190000000000046e+00,-1.806179999999999897e+00,-1.834270000000000067e+00,-1.859669999999999934e+00,-1.882279999999999953e+00,-1.898730000000000029e+00,-1.909520000000000106e+00,-1.911960000000000104e+00,-1.906079999999999997e+00,-1.887070000000000025e+00,-1.853150000000000075e+00,-1.796599999999999975e+00,-1.710720000000000018e+00,-1.574540000000000051e+00,-1.362970000000000015e+00,-1.195969999999999978e+00,-2.602599999999999913e-01,-2.823599999999999999e-01,-3.165799999999999725e-01,-3.345899999999999985e-01,-3.406000000000000139e-01,-3.401299999999999879e-01,-3.337200000000000166e-01,-3.245399999999999952e-01,-3.120600000000000041e-01,-2.981300000000000061e-01,-2.826799999999999868e-01,-2.665199999999999791e-01,-2.492099999999999871e-01,-2.316900000000000071e-01,-2.141599999999999893e-01,-1.964700000000000057e-01,-1.787600000000000022e-01,-1.611400000000000055e-01,-1.438699999999999979e-01,-1.267800000000000038e-01,-1.098800000000000054e-01,-9.332999999999999630e-02,-7.725999999999999535e-02,-6.158999999999999891e-02,-4.642999999999999905e-02,-3.187000000000000249e-02,-1.798999999999999905e-02,-7.130000000000000053e-03,2.240199999999999969e-01,2.462100000000000122e-01,2.763700000000000045e-01,2.918299999999999783e-01,2.963999999999999968e-01,2.956099999999999839e-01,2.896500000000000186e-01,2.812999999999999945e-01,2.698099999999999943e-01,2.573599999999999777e-01,2.434999999999999942e-01,2.291799999999999948e-01,2.137900000000000078e-01,1.984299999999999953e-01,1.829600000000000115e-01,1.674700000000000077e-01,1.519399999999999917e-01,1.365500000000000047e-01,1.214400000000000063e-01,1.065399999999999958e-01,9.184000000000000496e-02,7.742000000000000270e-02,6.345000000000000639e-02,4.982999999999999929e-02,3.663999999999999896e-02,2.376999999999999946e-02,1.153999999999999991e-02,-2.176000000000000156e-02,-2.522999999999999896e-02,-2.764000000000000137e-02,-2.876000000000000084e-02,-2.911000000000000046e-02,-2.872999999999999859e-02,-2.792999999999999997e-02,-2.688000000000000111e-02,-2.576000000000000165e-02,-2.443000000000000033e-02,-2.304000000000000145e-02,-2.153000000000000053e-02,-2.004999999999999838e-02,-1.855000000000000052e-02,-1.718000000000000083e-02,-1.569999999999999868e-02,-1.429000000000000062e-02,-1.290999999999999960e-02,-1.157000000000000042e-02,-1.018999999999999941e-02,-8.810000000000000123e-03,-7.499999999999999722e-03,-6.159999999999999677e-03,-4.740000000000000289e-03,-3.170000000000000075e-03,-1.420000000000000038e-03,9.200000000000000278e-04,-1.744000000000000064e-02,-2.408000000000000071e-02,-5.911999999999999894e-02,-8.097999999999999643e-02,-6.237000000000000183e-02,1.340000000000000045e-02,1.402700000000000058e-01,2.223700000000000121e-01,1.601899999999999991e-01,7.463000000000000189e-02,1.679999999999999896e-02,2.322000000000000106e-02,5.679000000000000020e-02,7.716000000000000636e-02,5.057999999999999996e-02,-2.774000000000000077e-02,-1.620600000000000096e-01,-2.414399999999999880e-01,-1.753899999999999904e-01,-8.304999999999999882e-02
cmx*c/cref,8.241218219032430126e-01,9.500412278575225411e-01,1.109580221690590118e+00,1.219438825837320550e+00,1.295718783891547154e+00,1.352171811802232781e+00,1.392939715151515045e+00,1.423189804678362647e+00,1.443885954173312003e+00,1.458347587506645615e+00,1.466350114832535967e+00,1.469782844816587053e+00,1.468071422115895919e+00,1.463761241360978183e+00,1.456867533971291762e+00,1.447126277299308983e+00,1.435479226368952865e+00,1.420889407761828815e+00,1.409161828282828210e+00,1.410846638330675029e+00,1.411224939393939559e+00,1.411132063051568242e+00,1.411739496065922417e+00,1.414897369059011201e+00,1.398724749867092054e+00,1.378082559649122851e+00,1.357674044391281143e+00,1.335248583040935522e+00,1.311750537639553515e+00,1.287379355661881997e+00,1.262562668740031979e+00,1.236423089952153109e+00,1.209648412971823461e+00,1.181475848059542644e+00,1.152388053269537416e+00,1.121943432216905734e+00,1.090255265071770285e+00,1.058080807389686351e+00,1.025927777990430556e+00,9.932347780435939466e-01,9.603430589048378430e-01,9.267502725677831954e-01,8.928502619883039726e-01,8.582977386496544181e-01,8.232865479532163189e-01,7.878410606060606280e-01,7.521879202551833288e-01,7.160869858054226267e-01,6.797170928761296915e-01,6.429089582137160752e-01,6.057657841573630408e-01,5.682391170653906531e-01,5.303806181818182530e-01,4.923759545454545195e-01,4.543171157894735912e-01,4.155172679425838123e-01,3.770802315789473780e-01,3.386572526315789755e-01,2.997927712918659338e-01,2.612908550239234629e-01,2.266389795321637479e-01,1.975245003189793069e-01,1.681740607123870523e-01,1.389810888888889095e-01,1.096968822966507273e-01,8.042553875598085211e-02,5.130964912280701340e-02,2.228370914407229800e-02,-2.228370914407229800e-02,-5.132208782562466126e-02,-8.047500095693778388e-02,-1.097706363636363758e-01,-1.391155000000000308e-01,-1.683805433811802477e-01,-1.978021767145136112e-01,-2.270469704944178546e-01,-2.618508746411483679e-01,-3.005255875598085713e-01,-3.395365468899521066e-01,-3.781616569377990178e-01,-4.167858468899521829e-01,-4.557810315789472821e-01,-4.940884679425837089e-01,-5.323598181818182118e-01,-5.705359787347156209e-01,-6.083856106326421820e-01,-6.458567749069643593e-01,-6.829867913875597996e-01,-7.196939616161616149e-01,-7.561577001594895764e-01,-7.921771212121212491e-01,-8.280235608187134222e-01,-8.634899768208399440e-01,-8.984576484848484368e-01,-9.327948057416268757e-01,-9.668054597554492924e-01,-1.000106056353003980e+00,-1.033238568421052550e+00,-1.065840975757575748e+00,-1.098532438277512124e+00,-1.130841332270069000e+00,-1.161807003242955938e+00,-1.191365949441786309e+00,-1.219988803827751100e+00,-1.247202546730462602e+00,-1.273778988197767248e+00,-1.299003038011695921e+00,-1.323797344976076484e+00,-1.347768835140882304e+00,-1.370619705741626726e+00,-1.391432731738436956e+00,-1.412458820946305149e+00,-1.428937275917065319e+00,-1.425760554704944116e+00,-1.425151168367889243e+00,-1.425275964646464777e+00,-1.424912509090908941e+00,-1.423267823179159786e+00,-1.435191462785752270e+00,-1.450084259861775804e+00,-1.462016661562998587e+00,-1.471993489952152956e+00,-1.479098378841042116e+00,-1.483563853588516723e+00,-1.485400111217437757e+00,-1.482039014354067152e+00,-1.474025590217969306e+00,-1.459442470813397286e+00,-1.438548266666666686e+00,-1.407958878309409911e+00,-1.366700587985114401e+00,-1.309531329080276363e+00,-1.232209515789473686e+00,-1.120568560233918154e+00,-9.582671800106327131e-01,-8.305665130249867412e-01,-1.443190818713450396e-01,-1.602576886762360764e-01,-1.838099497076023381e-01,-1.986319060606060727e-01,-2.066451525784157306e-01,-2.107974209463051307e-01,-2.111785837320574177e-01,-2.096034947368420887e-01,-2.056161846889952016e-01,-2.003271934609250349e-01,-1.936335457735247068e-01,-1.860411617224880243e-01,-1.772107004784689022e-01,-1.677750925039872554e-01,-1.578749720361510012e-01,-1.473974133971291955e-01,-1.364430128654970931e-01,-1.250972396597554437e-01,-1.135670466241360949e-01,-1.017306714513556559e-01,-8.960331376927166414e-02,-7.732546794258372824e-02,-6.501915725677831492e-02,-5.263538373205742249e-02,-4.028524497607655769e-02,-2.806813434343434499e-02,-1.607862227538543048e-02,-6.465480967570441315e-03,1.242233179160021350e-01,1.397402094098883774e-01,1.604635662413609887e-01,1.732471058479532200e-01,1.798286060606060499e-01,1.832059083466241189e-01,1.832910127591706462e-01,1.816770292397660580e-01,1.777776799043062073e-01,1.729319642743221419e-01,1.667955582137160830e-01,1.599764124401913679e-01,1.520238981392876276e-01,1.436903258904838054e-01,1.348748827219564406e-01,1.256407839447102881e-01,1.159719812865497163e-01,1.060073729399255704e-01,9.586141754385964220e-02,8.548971238702816888e-02,7.489232195640616041e-02,6.414376650717704131e-02,5.339717224880383833e-02,4.258517894736842113e-02,3.179089760765550082e-02,2.093440707070707077e-02,1.031391334396597470e-02,-1.141804231791600406e-02,-1.370347129186602793e-02,-1.552130738968633857e-02,-1.667972971823498268e-02,-1.741864401913875704e-02,-1.772019356725145975e-02,-1.774111818181818220e-02,-1.756903094098883830e-02,-1.731124040404040734e-02,-1.686722009569378150e-02,-1.633169760765550149e-02,-1.565783843700159494e-02,-1.495062732589048232e-02,-1.417363981924508153e-02,-1.344314449760765535e-02,-1.257410579479000499e-02,-1.170799984051036809e-02,-1.081502477405635321e-02,-9.905482349813929735e-03,-8.911618181818181661e-03,-7.866941254651781124e-03,-6.835287081339712530e-03,-5.727457309941519532e-03,-4.494432216905900820e-03,-3.064131100478469181e-03,-1.398718872939925823e-03,9.231547049441788007e-04,-2.781499202551834023e-03,-3.840510366826155927e-03,-9.350451887293992695e-03,-1.259258373205741390e-02,-9.532894736842104783e-03,2.012493354598617577e-03,2.069374003189792741e-02,3.221468633705476536e-02,2.299377990430621910e-02,1.071244019138756047e-02,2.679425837320573590e-03,3.703349282296650342e-03,8.981937799043061485e-03,1.199856459330143552e-02,7.730861244019137692e-03,-4.166161616161616343e-03,-2.390837320574162872e-02,-3.497735247208931531e-02,-2.517559808612439970e-02,-1.192105263157894682e-02
cmxi,1.186930000000000041e+00,1.351529999999999898e+00,1.559390000000000054e+00,1.693300000000000027e+00,1.777989999999999959e+00,1.833820000000000006e+00,1.867320000000000091e+00,1.886130000000000084e+00,1.891990000000000061e+00,1.889639999999999986e+00,1.879070000000000018e+00,1.862929999999999975e+00,1.840700000000000003e+00,1.815709999999999935e+00,1.788079999999999892e+00,1.757570000000000077e+00,1.725400000000000045e+00,1.690390000000000059e+00,1.666770000000000085e+00,1.666500000000000092e+00,1.664690000000000003e+00,1.662330000000000085e+00,1.660809999999999897e+00,1.662290000000000045e+00,1.633029999999999982e+00,1.591210000000000013e+00,1.550550000000000095e+00,1.508499999999999952e+00,1.466139999999999999e+00,1.423710000000000031e+00,1.381690000000000085e+00,1.339080000000000048e+00,1.296680000000000055e+00,1.253649999999999931e+00,1.210520000000000040e+00,1.166840000000000099e+00,1.122730000000000006e+00,1.078989999999999894e+00,1.036119999999999930e+00,9.935100000000000042e-01,9.515299999999999869e-01,9.096300000000000496e-01,8.682100000000000373e-01,8.269400000000000084e-01,7.859699999999999465e-01,7.453400000000000025e-01,7.052300000000000235e-01,6.654200000000000115e-01,6.260700000000000154e-01,5.869999999999999662e-01,5.483000000000000096e-01,5.099299999999999944e-01,4.719099999999999961e-01,4.344100000000000183e-01,3.974800000000000000e-01,3.605099999999999971e-01,3.244799999999999907e-01,2.890400000000000191e-01,2.538000000000000256e-01,2.194299999999999862e-01,1.889899999999999913e-01,1.637099999999999944e-01,1.385500000000000065e-01,1.138200000000000045e-01,8.928999999999999437e-02,6.507999999999999896e-02,4.127999999999999725e-02,1.781999999999999904e-02,-1.781999999999999904e-02,-4.127999999999999725e-02,-6.511999999999999733e-02,-8.935999999999999499e-02,-1.139300000000000035e-01,-1.387200000000000100e-01,-1.639400000000000024e-01,-1.893299999999999983e-01,-2.199000000000000121e-01,-2.544199999999999795e-01,-2.897899999999999920e-01,-3.254000000000000226e-01,-3.616099999999999870e-01,-3.987499999999999933e-01,-4.359100000000000197e-01,-4.736699999999999799e-01,-5.119899999999999451e-01,-5.506699999999999928e-01,-5.896900000000000475e-01,-6.290799999999999725e-01,-6.687800000000000411e-01,-7.089499999999999691e-01,-7.494399999999999951e-01,-7.904900000000000260e-01,-8.319299999999999473e-01,-8.736699999999999466e-01,-9.155600000000000405e-01,-9.579199999999999937e-01,-1.000389999999999890e+00,-1.043490000000000029e+00,-1.086899999999999977e+00,-1.131250000000000089e+00,-1.176090000000000080e+00,-1.220420000000000060e+00,-1.264140000000000041e+00,-1.307770000000000099e+00,-1.350759999999999961e+00,-1.393950000000000022e+00,-1.436560000000000059e+00,-1.479600000000000026e+00,-1.522629999999999928e+00,-1.565330000000000110e+00,-1.606610000000000094e+00,-1.649070000000000036e+00,-1.678779999999999939e+00,-1.677300000000000013e+00,-1.678840000000000110e+00,-1.681259999999999977e+00,-1.683119999999999949e+00,-1.683449999999999891e+00,-1.707400000000000029e+00,-1.742960000000000065e+00,-1.775660000000000016e+00,-1.806650000000000089e+00,-1.834729999999999972e+00,-1.860130000000000061e+00,-1.882730000000000015e+00,-1.899170000000000025e+00,-1.909939999999999971e+00,-1.912369999999999903e+00,-1.906479999999999952e+00,-1.887450000000000072e+00,-1.853509999999999991e+00,-1.796950000000000047e+00,-1.711039999999999894e+00,-1.574829999999999952e+00,-1.363240000000000007e+00,-1.196209999999999996e+00,-2.602599999999999913e-01,-2.823599999999999999e-01,-3.165799999999999725e-01,-3.345899999999999985e-01,-3.406000000000000139e-01,-3.401299999999999879e-01,-3.337200000000000166e-01,-3.245399999999999952e-01,-3.120600000000000041e-01,-2.981300000000000061e-01,-2.826799999999999868e-01,-2.665199999999999791e-01,-2.492099999999999871e-01,-2.316900000000000071e-01,-2.141599999999999893e-01,-1.964700000000000057e-01,-1.787600000000000022e-01,-1.611400000000000055e-01,-1.438699999999999979e-01,-1.267800000000000038e-01,-1.098800000000000054e-01,-9.332999999999999630e-02,-7.725999999999999535e-02,-6.158999999999999891e-02,-4.642999999999999905e-02,-3.187000000000000249e-02,-1.798999999999999905e-02,-7.130000000000000053e-03,2.240199999999999969e-01,2.462100000000000122e-01,2.763700000000000045e-01,2.918299999999999783e-01,2.963999999999999968e-01,2.956099999999999839e-01,2.896500000000000186e-01,2.812999999999999945e-01,2.698099999999999943e-01,2.573599999999999777e-01,2.434999999999999942e-01,2.291799999999999948e-01,2.137900000000000078e-01,1.984299999999999953e-01,1.829600000000000115e-01,1.674700000000000077e-01,1.519399999999999917e-01,1.365500000000000047e-01,1.214400000000000063e-01,1.065399999999999958e-01,9.184000000000000496e-02,7.742000000000000270e-02,6.345000000000000639e-02,4.982999999999999929e-02,3.663999999999999896e-02,2.376999999999999946e-02,1.153999999999999991e-02,-2.176000000000000156e-02,-2.522999999999999896e-02,-2.764000000000000137e-02,-2.876000000000000084e-02,-2.911000000000000046e-02,-2.872999999999999859e-02,-2.792999999999999997e-02,-2.688000000000000111e-02,-2.576000000000000165e-02,-2.443000000000000033e-02,-2.304000000000000145e-02,-2.153000000000000053e-02,-2.004999999999999838e-02,-1.855000000000000052e-02,-1.718000000000000083e-02,-1.569999999999999868e-02,-1.429000000000000062e-02,-1.290999999999999960e-02,-1.157000000000000042e-02,-1.018999999999999941e-02,-8.810000000000000123e-03,-7.499999999999999722e-03,-6.159999999999999677e-03,-4.740000000000000289e-03,-3.170000000000000075e-03,-1.420000000000000038e-03,9.200000000000000278e-04,-1.744000000000000064e-02,-2.408000000000000071e-02,-5.911999999999999894e-02,-8.097999999999999643e-02,-6.237000000000000183e-02,1.340000000000000045e-02,1.402700000000000058e-01,2.223700000000000121e-01,1.601899999999999991e-01,7.463000000000000189e-02,1.679999999999999896e-02,2.322000000000000106e-02,5.679000000000000020e-02,7.716000000000000636e-02,5.057999999999999996e-02,-2.774000000000000077e-02,-1.620600000000000096e-01,-2.414399999999999880e-01,-1.753899999999999904e-01,-8.304999999999999882e-02
cmxi*c/cref,8.242884949494950764e-01,9.502240267942583252e-01,1.109786608878256198e+00,1.219662114832535726e+00,1.295966607921318348e+00,1.352444687293992587e+00,1.393223236363636319e+00,1.423491690909091112e+00,1.444198916480595507e+00,1.458679519617225084e+00,1.466693553429027075e+00,1.470130070547581269e+00,1.468430412546517960e+00,1.464132171079213229e+00,1.457242422966507078e+00,1.447505125571504792e+00,1.435870358320042506e+00,1.421284585061137751e+00,1.409559299362041385e+00,1.411244649122807004e+00,1.411623489898990114e+00,1.411531153269537597e+00,1.412147628761297069e+00,1.415306050398724036e+00,1.399136000903774768e+00,1.378515725518341339e+00,1.358111989633173922e+00,1.335700162147793524e+00,1.312206991706539094e+00,1.287840684688995152e+00,1.263038013981924612e+00,1.236894171610845250e+00,1.210124369590643179e+00,1.181956682349813770e+00,1.152864238809144126e+00,1.122424399787347093e+00,1.090731299681020783e+00,1.058551715204678390e+00,1.026403276555023725e+00,9.936948636363637233e-01,9.608075439659755634e-01,9.271987708133971884e-01,8.932823908559276438e-01,8.587338866560340067e-01,8.237057526315788580e-01,7.882535151515152050e-01,7.525827639553428483e-01,7.164638340244550152e-01,6.800864275917065660e-01,6.432596278575225535e-01,6.060974077618287437e-01,5.685624616693247813e-01,5.306842454545455112e-01,4.926708244019138982e-01,4.545915999999999291e-01,4.157594511961723027e-01,3.773127961722487766e-01,3.388682832535885314e-01,2.999818851674641018e-01,2.614576693779904204e-01,2.267829763423710732e-01,1.976452291866029054e-01,1.682833750664540495e-01,1.390788424242424548e-01,1.097583440191387538e-01,8.047500095693778388e-02,5.134696523125995699e-02,2.229622105263157419e-02,-2.229622105263157419e-02,-5.134696523125995699e-02,-8.052446315789472953e-02,-1.098443904306220104e-01,-1.392132535353535483e-01,-1.684898577352472449e-01,-1.979229055821372096e-01,-2.271909673046252076e-01,-2.620176889952153254e-01,-3.007147014354066283e-01,-3.397475775119617181e-01,-3.783825933014354215e-01,-4.170280301435406733e-01,-4.560440789473683698e-01,-4.943719966507177377e-01,-5.326634454545454700e-01,-5.708593233386495269e-01,-6.087172342371078848e-01,-6.462074445507709486e-01,-6.833561261031365630e-01,-7.200815769271663447e-01,-7.565525438596489849e-01,-7.925895757575758260e-01,-8.284427654970760724e-01,-8.639157403508770372e-01,-8.989000661350343702e-01,-9.332433039872408687e-01,-9.672598473152578258e-01,-1.000576143806485963e+00,-1.033704160765550162e+00,-1.066311883572567787e+00,-1.099008472886762622e+00,-1.131322299840510359e+00,-1.162292712493354641e+00,-1.191846783732057435e+00,-1.220474092929292986e+00,-1.247682865284423182e+00,-1.274245192185007980e+00,-1.299464367038809076e+00,-1.324253799043062285e+00,-1.348211559755449152e+00,-1.371057650983519505e+00,-1.391857234290271306e+00,-1.412878639712918716e+00,-1.429345957256778155e+00,-1.426168687400318991e+00,-1.425550258585858598e+00,-1.425674515151515331e+00,-1.425318988197767034e+00,-1.423665294258372960e+00,-1.435586640085061205e+00,-1.450483713769271654e+00,-1.462403745667198329e+00,-1.472376528708134069e+00,-1.479469308559276941e+00,-1.483930821584263926e+00,-1.485755228442318110e+00,-1.482382452950558260e+00,-1.474349802977139801e+00,-1.459755433120680346e+00,-1.438850152897394929e+00,-1.408242399521530963e+00,-1.366966088463583251e+00,-1.309786442052099931e+00,-1.232440007655502212e+00,-1.120774947421584233e+00,-9.584570096757044633e-01,-8.307331860712388050e-01,-1.443190818713450396e-01,-1.602576886762360764e-01,-1.838099497076023381e-01,-1.986319060606060727e-01,-2.066451525784157306e-01,-2.107974209463051307e-01,-2.111785837320574177e-01,-2.096034947368420887e-01,-2.056161846889952016e-01,-2.003271934609250349e-01,-1.936335457735247068e-01,-1.860411617224880243e-01,-1.772107004784689022e-01,-1.677750925039872554e-01,-1.578749720361510012e-01,-1.473974133971291955e-01,-1.364430128654970931e-01,-1.250972396597554437e-01,-1.135670466241360949e-01,-1.017306714513556559e-01,-8.960331376927166414e-02,-7.732546794258372824e-02,-6.501915725677831492e-02,-5.263538373205742249e-02,-4.028524497607655769e-02,-2.806813434343434499e-02,-1.607862227538543048e-02,-6.465480967570441315e-03,1.242233179160021350e-01,1.397402094098883774e-01,1.604635662413609887e-01,1.732471058479532200e-01,1.798286060606060499e-01,1.832059083466241189e-01,1.832910127591706462e-01,1.816770292397660580e-01,1.777776799043062073e-01,1.729319642743221419e-01,1.667955582137160830e-01,1.599764124401913679e-01,1.520238981392876276e-01,1.436903258904838054e-01,1.348748827219564406e-01,1.256407839447102881e-01,1.159719812865497163e-01,1.060073729399255704e-01,9.586141754385964220e-02,8.548971238702816888e-02,7.489232195640616041e-02,6.414376650717704131e-02,5.339717224880383833e-02,4.258517894736842113e-02,3.179089760765550082e-02,2.093440707070707077e-02,1.031391334396597470e-02,-1.141804231791600406e-02,-1.370347129186602793e-02,-1.552130738968633857e-02,-1.667972971823498268e-02,-1.741864401913875704e-02,-1.772019356725145975e-02,-1.774111818181818220e-02,-1.756903094098883830e-02,-1.731124040404040734e-02,-1.686722009569378150e-02,-1.633169760765550149e-02,-1.565783843700159494e-02,-1.495062732589048232e-02,-1.417363981924508153e-02,-1.344314449760765535e-02,-1.257410579479000499e-02,-1.170799984051036809e-02,-1.081502477405635321e-02,-9.905482349813929735e-03,-8.911618181818181661e-03,-7.866941254651781124e-03,-6.835287081339712530e-03,-5.727457309941519532e-03,-4.494432216905900820e-03,-3.064131100478469181e-03,-1.398718872939925823e-03,9.231547049441788007e-04,-2.781499202551834023e-03,-3.840510366826155927e-03,-9.350451887293992695e-03,-1.259258373205741390e-02,-9.532894736842104783e-03,2.012493354598617577e-03,2.069374003189792741e-02,3.221468633705476536e-02,2.299377990430621910e-02,1.071244019138756047e-02,2.679425837320573590e-03,3.703349282296650342e-03,8.981937799043061485e-03,1.199856459330143552e-02,7.730861244019137692e-03,-4.166161616161616343e-03,-2.390837320574162872e-02,-3.497735247208931531e-02,-2.517559808612439970e-02,-1.192105263157894682e-02
cmxo,-2.400000000000000061e-04,-2.700000000000000035e-04,-2.900000000000000017e-04,-3.200000000000000262e-04,-3.400000000000000244e-04,-3.600000000000000227e-04,-3.800000000000000209e-04,-4.000000000000000192e-04,-4.099999999999999912e-04,-4.200000000000000174e-04,-4.299999999999999894e-04,-4.400000000000000157e-04,-4.499999999999999877e-04,-4.600000000000000139e-04,-4.600000000000000139e-04,-4.699999999999999859e-04,-4.699999999999999859e-04,-4.699999999999999859e-04,-4.699999999999999859e-04,-4.699999999999999859e-04,-4.699999999999999859e-04,-4.800000000000000122e-04,-4.800000000000000122e-04,-4.800000000000000122e-04,-4.800000000000000122e-04,-4.899999999999999842e-04,-5.000000000000000104e-04,-5.100000000000000366e-04,-5.100000000000000366e-04,-5.100000000000000366e-04,-5.100000000000000366e-04,-5.100000000000000366e-04,-5.100000000000000366e-04,-5.100000000000000366e-04,-5.000000000000000104e-04,-5.000000000000000104e-04,-4.899999999999999842e-04,-4.800000000000000122e-04,-4.699999999999999859e-04,-4.600000000000000139e-04,-4.499999999999999877e-04,-4.400000000000000157e-04,-4.299999999999999894e-04,-4.099999999999999912e-04,-4.000000000000000192e-04,-3.800000000000000209e-04,-3.699999999999999947e-04,-3.499999999999999964e-04,-3.400000000000000244e-04,-3.200000000000000262e-04,-2.999999999999999737e-04,-2.900000000000000017e-04,-2.700000000000000035e-04,-2.500000000000000052e-04,-2.300000000000000070e-04,-2.100000000000000087e-04,-2.000000000000000096e-04,-1.800000000000000113e-04,-1.600000000000000131e-04,-1.399999999999999877e-04,-1.200000000000000030e-04,-1.000000000000000048e-04,-9.000000000000000567e-05,-6.999999999999999387e-05,-6.000000000000000152e-05,-4.000000000000000327e-05,-2.000000000000000164e-05,-1.000000000000000082e-05,1.000000000000000082e-05,2.000000000000000164e-05,4.000000000000000327e-05,6.000000000000000152e-05,6.999999999999999387e-05,9.000000000000000567e-05,1.000000000000000048e-04,1.200000000000000030e-04,1.399999999999999877e-04,1.600000000000000131e-04,1.800000000000000113e-04,2.000000000000000096e-04,2.100000000000000087e-04,2.300000000000000070e-04,2.500000000000000052e-04,2.700000000000000035e-04,2.900000000000000017e-04,3.099999999999999999e-04,3.200000000000000262e-04,3.400000000000000244e-04,3.600000000000000227e-04,3.699999999999999947e-04,3.899999999999999929e-04,4.000000000000000192e-04,4.099999999999999912e-04,4.299999999999999894e-04,4.400000000000000157e-04,4.499999999999999877e-04,4.600000000000000139e-04,4.699999999999999859e-04,4.800000000000000122e-04,4.899999999999999842e-04,5.000000000000000104e-04,5.000000000000000104e-04,5.100000000000000366e-04,5.100000000000000366e-04,5.100000000000000366e-04,5.100000000000000366e-04,5.100000000000000366e-04,5.100000000000000366e-04,5.100000000000000366e-04,5.000000000000000104e-04,4.899999999999999842e-04,4.800000000000000122e-04,4.800000000000000122e-04,4.800000000000000122e-04,4.800000000000000122e-04,4.800000000000000122e-04,4.800000000000000122e-04,4.699999999999999859e-04,4.699999999999999859e-04,4.699999999999999859e-04,4.699999999999999859e-04,4.699999999999999859e-04,4.600000000000000139e-04,4.499999999999999877e-04,4.499999999999999877e-04,4.400000000000000157e-04,4.200000000000000174e-04,4.099999999999999912e-04,4.000000000000000192e-04,3.800000000000000209e-04,3.600000000000000227e-04,3.400000000000000244e-04,3.200000000000000262e-04,2.900000000000000017e-04,2.700000000000000035e-04,2.400000000000000061e-04,0.000000000000000000e+00,0.000000000000000000e+00,0.000000000000000000e+00,0.000000000000000000e+00,0.000000000000000000e+00,0.000000000000000000e+00,0.000000000000000000e+00,0.000000000000000000e+00,0.000000000000000000e+00,0.000000000000000000e+00,0.000000000000000000e+00,0.000000000000000000e+00,0.000000000000000000e+00,0.000000000000000000e+00,0.000000000000000000e+00,0.000000000000000000e+00,0.000000000000000000e+00,0.000000000000000000e+00,0.000000000000000000e+00,0.000000000000000000e+00,0.000000000000000000e+00,0.000000000000000000e+00,0.000000000000000000e+00,0.000000000000000000e+00,0.000000000000000000e+00,0.000000000000000000e+00,0.000000000000000000e+00,0.000000000000000000e+00,-0.000000000000000000e+00,-0.000000000000000000e+00,-0.000000000000000000e+00,-0.000000000000000000e+00,-0.000000000000000000e+00,-0.000000000000000000e+00,-0.000000000000000000e+00,-0.000000000000000000e+00,-0.000000000000000000e+00,-0.000000000000000000e+00,-0.000000000000000000e+00,-0.000000000000000000e+00,-0.000000000000000000e+00,-0.000000000000000000e+00,-0.000000000000000000e+00,-0.000000000000000000e+00,-0.000000000000000000e+00,-0.000000000000000000e+00,-0.000000000000000000e+00,-0.000000000000000000e+00,-0.000000000000000000e+00,-0.000000000000000000e+00,-0.000000000000000000e+00,-0.000000000000000000e+00,-0.000000000000000000e+00,-0.000000000000000000e+00,-0.000000000000000000e+00,-0.000000000000000000e+00,-0.000000000000000000e+00,-0.000000000000000000e+00,0.000000000000000000e+00,0.000000000000000000e+00,0.000000000000000000e+00,0.000000000000000000e+00,0.000000000000000000e+00,0.000000000000000000e+00,0.000000000000000000e+00,0.000000000000000000e+00,0.000000000000000000e+00,0.000000000000000000e+00,0.000000000000000000e+00,0.000000000000000000e+00,0.000000000000000000e+00,0.000000000000000000e+00,0.000000000000000000e+00,0.000000000000000000e+00,0.000000000000000000e+00,0.000000000000000000e+00,0.000000000000000000e+00,0.000000000000000000e+00,0.000000000000000000e+00,0.000000000000000000e+00,0.000000000000000000e+00,0.000000000000000000e+00,0.000000000000000000e+00,0.000000000000000000e+00,0.000000000000000000e+00,0.000000000000000000e+00,0.000000000000000000e+00,0.000000000000000000e+00,0.000000000000000000e+00,0.000000000000000000e+00,0.000000000000000000e+00,0.000000000000000000e+00,0.000000000000000000e+00,0.000000000000000000e+00,0.000000000000000000e+00,0.000000000000000000e+00,-0.000000000000000000e+00,-0.000000000000000000e+00,-0.000000000000000000e+00,-0.000000000000000000e+00,-0.000000000000000000e+00,-0.000000000000000000e+00
cmxo*c/cref,-1.666730462519936307e-04,-1.898296650717703354e-04,-2.063871876661350338e-04,-2.304918660287081234e-04,-2.478240297713982417e-04,-2.655004784688995401e-04,-2.835212121212121001e-04,-3.018862307283360301e-04,-3.129623072833599066e-04,-3.242127591706539590e-04,-3.356331738437001808e-04,-3.472257309941520877e-04,-3.589904306220095711e-04,-3.709297182349814031e-04,-3.748889952153110195e-04,-3.870841041998937179e-04,-3.911319510898458428e-04,-3.951772993088782204e-04,-3.974710792131844498e-04,-3.980107921318447295e-04,-3.985505050505050635e-04,-4.075814992025518133e-04,-4.081326953748006165e-04,-4.086813397129186428e-04,-4.112510366826156684e-04,-4.245025518341307954e-04,-4.379452418926102941e-04,-4.515791068580542189e-04,-4.564540669856459432e-04,-4.613290271132376675e-04,-4.662039872408293918e-04,-4.710816586921850362e-04,-4.759566188197767063e-04,-4.808342902711324049e-04,-4.761855396065922197e-04,-4.809675704412546215e-04,-4.760346092503987370e-04,-4.709078149920255360e-04,-4.655923444976076023e-04,-4.600855927698034001e-04,-4.543875598086124417e-04,-4.484982456140351064e-04,-4.424176501860711775e-04,-4.257635300372142155e-04,-4.192046783625730981e-04,-4.018787878787879173e-04,-3.948437001594896044e-04,-3.768482190324295034e-04,-3.693347155768208589e-04,-3.506696438064859462e-04,-3.316236044657096564e-04,-3.233446039340775926e-04,-3.036272727272727842e-04,-2.835287081339712880e-04,-2.630473684210525944e-04,-2.421832535885167848e-04,-2.325645933014353973e-04,-2.110306220095693839e-04,-1.891138755980861189e-04,-1.668143540669856566e-04,-1.439968102073365189e-04,-1.207288676236044855e-04,-1.093143540669856684e-04,-8.553434343434343468e-05,-7.375406698564593798e-05,-4.946220095693779864e-05,-2.487740563530037253e-05,-1.251190855927697960e-05,1.251190855927697960e-05,2.487740563530037253e-05,4.946220095693779864e-05,7.375406698564593798e-05,8.553434343434343468e-05,1.093143540669856684e-04,1.207288676236044855e-04,1.439968102073365189e-04,1.668143540669856566e-04,1.891138755980861189e-04,2.110306220095693839e-04,2.325645933014353973e-04,2.421832535885167848e-04,2.630473684210525944e-04,2.835287081339712880e-04,3.036272727272727842e-04,3.233446039340775926e-04,3.426777246145666991e-04,3.506696438064859462e-04,3.693347155768208589e-04,3.876153110047847049e-04,3.948437001594896044e-04,4.124545454545454413e-04,4.192046783625730981e-04,4.257635300372142155e-04,4.424176501860711775e-04,4.484982456140351064e-04,4.543875598086124417e-04,4.600855927698034001e-04,4.655923444976076023e-04,4.709078149920255360e-04,4.760346092503987370e-04,4.809675704412546215e-04,4.761855396065922197e-04,4.808342902711324049e-04,4.759566188197767063e-04,4.710816586921850362e-04,4.662039872408293918e-04,4.613290271132376675e-04,4.564540669856459432e-04,4.515791068580542189e-04,4.379452418926102941e-04,4.245025518341307954e-04,4.112510366826156684e-04,4.086813397129186428e-04,4.081326953748006165e-04,4.075814992025518133e-04,4.070303030303030643e-04,4.064791068580542069e-04,3.974710792131844498e-04,3.951772993088782204e-04,3.911319510898458428e-04,3.870841041998937179e-04,3.830387559808612319e-04,3.709297182349814031e-04,3.589904306220095711e-04,3.551172248803828244e-04,3.434385964912281021e-04,3.242127591706539590e-04,3.129623072833599066e-04,3.018862307283360301e-04,2.835212121212121001e-04,2.655004784688995401e-04,2.478240297713982417e-04,2.304918660287081234e-04,2.063871876661350338e-04,1.898296650717703354e-04,1.666730462519936307e-04,0.000000000000000000e+00,0.000000000000000000e+00,0.000000000000000000e+00,0.000000000000000000e+00,0.000000000000000000e+00,0.000000000000000000e+00,0.000000000000000000e+00,0.000000000000000000e+00,0.000000000000000000e+00,0.000000000000000000e+00,0.000000000000000000e+00,0.000000000000000000e+00,0.000000000000000000e+00,0.000000000000000000e+00,0.000000000000000000e+00,0.000000000000000000e+00,0.000000000000000000e+00,0.000000000000000000e+00,0.000000000000000000e+00,0.000000000000000000e+00,0.000000000000000000e+00,0.000000000000000000e+00,0.000000000000000000e+00,0.000000000000000000e+00,0.000000000000000000e+00,0.000000000000000000e+00,0.000000000000000000e+00,0.000000000000000000e+00,-0.000000000000000000e+00,-0.000000000000000000e+00,-0.000000000000000000e+00,-0.000000000000000000e+00,-0.000000000000000000e+00,-0.000000000000000000e+00,-0.000000000000000000e+00,-0.000000000000000000e+00,-0.000000000000000000e+00,-0.000000000000000000e+00,-0.000000000000000000e+00,-0.000000000000000000e+00,-0.000000000000000000e+00,-0.000000000000000000e+00,-0.000000000000000000e+00,-0.000000000000000000e+00,-0.000000000000000000e+00,-0.000000000000000000e+00,-0.000000000000000000e+00,-0.000000000000000000e+00,-0.000000000000000000e+00,-0.000000000000000000e+00,-0.000000000000000000e+00,-0.000000000000000000e+00,-0.000000000000000000e+00,-0.000000000000000000e+00,-0.000000000000000000e+00,-0.000000000000000000e+00,-0.000000000000000000e+00,-0.000000000000000000e+00,0.000000000000000000e+00,0.000000000000000000e+00,0.000000000000000000e+00,0.000000000000000000e+00,0.000000000000000000e+00,0.000000000000000000e+00,0.000000000000000000e+00,0.000000000000000000e+00,0.000000000000000000e+00,0.000000000000000000e+00,0.000000000000000000e+00,0.000000000000000000e+00,0.000000000000000000e+00,0.000000000000000000e+00,0.000000000000000000e+00,0.000000000000000000e+00,0.000000000000000000e+00,0.000000000000000000e+00,0.000000000000000000e+00,0.000000000000000000e+00,0.000000000000000000e+00,0.000000000000000000e+00,0.000000000000000000e+00,0.000000000000000000e+00,0.000000000000000000e+00,0.000000000000000000e+00,0.000000000000000000e+00,0.000000000000000000e+00,0.000000000000000000e+00,0.000000000000000000e+00,0.000000000000000000e+00,0.000000000000000000e+00,0.000000000000000000e+00,0.000000000000000000e+00,0.000000000000000000e+00,0.000000000000000000e+00,0.000000000000000000e+00,0.000000000000000000e+00,-0.000000000000000000e+00,-0.000000000000000000e+00,-0.000000000000000000e+00,-0.000000000000000000e+00,-0.000000000000000000e+00,-0.000000000000000000e+00
cmy,-4.667999999999999927e-02,-4.043000000000000066e-02,-4.567000000000000226e-02,-4.821000000000000285e-02,-4.955999999999999989e-02,-5.056999999999999690e-02,-5.091999999999999998e-02,-5.140999999999999737e-02,-5.127999999999999919e-02,-5.147999999999999798e-02,-5.161999999999999922e-02,-5.183999999999999719e-02,-5.202999999999999986e-02,-5.226999999999999702e-02,-5.236999999999999988e-02,-5.270999999999999991e-02,-5.215000000000000191e-02,-5.231999999999999845e-02,-5.165000000000000147e-02,-5.174999999999999739e-02,-5.254999999999999949e-02,-5.254999999999999949e-02,-5.265999999999999848e-02,-5.210999999999999660e-02,-5.297000000000000319e-02,-5.342999999999999833e-02,-5.383999999999999897e-02,-5.405000000000000082e-02,-5.405999999999999694e-02,-5.423000000000000043e-02,-5.451000000000000290e-02,-5.467000000000000332e-02,-5.485000000000000292e-02,-5.500000000000000028e-02,-5.526999999999999968e-02,-5.550000000000000072e-02,-5.575999999999999707e-02,-5.611000000000000015e-02,-5.652999999999999692e-02,-5.671999999999999958e-02,-5.682000000000000245e-02,-5.698999999999999899e-02,-5.727000000000000146e-02,-5.745000000000000107e-02,-5.764999999999999986e-02,-5.786000000000000171e-02,-5.804000000000000131e-02,-5.827000000000000235e-02,-5.838999999999999746e-02,-5.863000000000000156e-02,-5.866999999999999993e-02,-5.895999999999999852e-02,-5.895000000000000240e-02,-5.924000000000000099e-02,-5.949999999999999734e-02,-5.949000000000000121e-02,-5.970000000000000306e-02,-6.001999999999999696e-02,-6.003000000000000003e-02,-6.038999999999999924e-02,-6.069000000000000089e-02,-6.101000000000000173e-02,-6.108000000000000235e-02,-6.124999999999999889e-02,-6.142000000000000237e-02,-6.144000000000000156e-02,-6.146000000000000074e-02,-6.142000000000000237e-02,-6.142000000000000237e-02,-6.146000000000000074e-02,-6.144000000000000156e-02,-6.142000000000000237e-02,-6.128000000000000114e-02,-6.110000000000000153e-02,-6.103999999999999704e-02,-6.074000000000000232e-02,-6.037000000000000005e-02,-5.999999999999999778e-02,-5.997999999999999859e-02,-5.963999999999999857e-02,-5.943999999999999978e-02,-5.943999999999999978e-02,-5.918000000000000344e-02,-5.888999999999999790e-02,-5.884000000000000341e-02,-5.854000000000000176e-02,-5.850000000000000339e-02,-5.825999999999999929e-02,-5.813000000000000111e-02,-5.790000000000000008e-02,-5.772000000000000047e-02,-5.750000000000000250e-02,-5.729000000000000065e-02,-5.709999999999999798e-02,-5.682000000000000245e-02,-5.664000000000000284e-02,-5.655000000000000304e-02,-5.634999999999999731e-02,-5.591999999999999749e-02,-5.555999999999999828e-02,-5.526999999999999968e-02,-5.501999999999999946e-02,-5.475000000000000006e-02,-5.458999999999999964e-02,-5.442000000000000309e-02,-5.423999999999999655e-02,-5.396000000000000102e-02,-5.376999999999999835e-02,-5.371999999999999692e-02,-5.349999999999999895e-02,-5.306999999999999912e-02,-5.260000000000000092e-02,-5.174000000000000127e-02,-5.229999999999999927e-02,-5.220000000000000334e-02,-5.220999999999999946e-02,-5.147000000000000186e-02,-5.134999999999999981e-02,-5.202999999999999986e-02,-5.186000000000000332e-02,-5.235999999999999682e-02,-5.201999999999999680e-02,-5.190999999999999781e-02,-5.167000000000000065e-02,-5.152999999999999942e-02,-5.131000000000000144e-02,-5.120000000000000245e-02,-5.099000000000000060e-02,-5.102999999999999897e-02,-5.054999999999999771e-02,-5.018000000000000238e-02,-4.918000000000000149e-02,-4.780999999999999833e-02,-4.528999999999999693e-02,-4.003000000000000308e-02,-4.644000000000000211e-02,4.416399999999999770e-01,5.481800000000000006e-01,6.396699999999999608e-01,7.036400000000000432e-01,7.466800000000000104e-01,7.786300000000000443e-01,7.992099999999999760e-01,8.145299999999999763e-01,8.226499999999999924e-01,8.285400000000000542e-01,8.303099999999999925e-01,8.298100000000000476e-01,8.260899999999999910e-01,8.214700000000000335e-01,8.156600000000000517e-01,8.078899999999999970e-01,7.993799999999999795e-01,7.892900000000000471e-01,7.785400000000000098e-01,7.660099999999999687e-01,7.519700000000000273e-01,7.369299999999999740e-01,7.206099999999999728e-01,7.013099999999999890e-01,6.784099999999999575e-01,6.498800000000000132e-01,6.109499999999999931e-01,5.510800000000000143e-01,3.843500000000000250e-01,4.782299999999999884e-01,5.585200000000000164e-01,6.137500000000000178e-01,6.496600000000000152e-01,6.763799999999999812e-01,6.931899999999999729e-01,7.054000000000000270e-01,7.104700000000000459e-01,7.141600000000000170e-01,7.138799999999999590e-01,7.119600000000000373e-01,7.066500000000000004e-01,7.010999999999999455e-01,6.938600000000000323e-01,6.851500000000000368e-01,6.752099999999999769e-01,6.638199999999999656e-01,6.511099999999999666e-01,6.364800000000000457e-01,6.198000000000000176e-01,6.011300000000000532e-01,5.795799999999999841e-01,5.524599999999999511e-01,5.166199999999999681e-01,4.625500000000000167e-01,3.588000000000000078e-01,2.835999999999999979e-02,2.773000000000000118e-02,2.594000000000000125e-02,2.425000000000000072e-02,2.267999999999999877e-02,2.120999999999999969e-02,1.984000000000000000e-02,1.855000000000000052e-02,1.733000000000000165e-02,1.620999999999999872e-02,1.514000000000000068e-02,1.413999999999999979e-02,1.319000000000000034e-02,1.227999999999999925e-02,1.142999999999999919e-02,1.061999999999999923e-02,9.849999999999999381e-03,9.119999999999999635e-03,8.420000000000000401e-03,7.769999999999999997e-03,7.139999999999999646e-03,6.519999999999999754e-03,5.950000000000000427e-03,5.400000000000000286e-03,4.899999999999999842e-03,4.449999999999999963e-03,5.150000000000000064e-03,-2.423000000000000154e-02,-2.707000000000000031e-02,-2.853999999999999940e-02,-1.670999999999999916e-02,-1.629999999999999939e-03,1.620999999999999872e-02,3.504000000000000170e-02,4.775000000000000078e-02,4.805000000000000243e-02,4.411000000000000337e-02,-2.395999999999999866e-02,-2.665000000000000008e-02,-2.783000000000000057e-02,-1.604999999999999830e-02,-1.800000000000000113e-04,1.756999999999999881e-02,3.674000000000000182e-02,4.898000000000000270e-02,4.891000000000000208e-02,4.458000000000000157e-02
cmy*c/cref,-3.241790749601276139e-02,-2.842523466241361069e-02,-3.250242365762891911e-02,-3.472504019138755726e-02,-3.612399681020733722e-02,-3.729544221158957729e-02,-3.799184242424242380e-02,-3.879992780435938260e-02,-3.914318809144072542e-02,-3.973922105263157784e-02,-4.029159170653907884e-02,-4.090950430622009720e-02,-4.150727134502923965e-02,-4.214890515683147182e-02,-4.268029712918660484e-02,-4.341107049441786381e-02,-4.339900265816055286e-02,-4.399080063795852980e-02,-4.367953455608718921e-02,-4.382352870813396861e-02,-4.456133838383839058e-02,-4.462168288144603701e-02,-4.477555778841041390e-02,-4.436746794258372706e-02,-4.538326544391281525e-02,-4.628810478468899786e-02,-4.715794364699627678e-02,-4.785853083466241192e-02,-4.838413110047846966e-02,-4.905465321637426934e-02,-4.982897910685805953e-02,-5.049810643274853933e-02,-5.118866772993088676e-02,-5.185467836257309782e-02,-5.263754954811269982e-02,-5.338740031897926119e-02,-5.417079553429027250e-02,-5.504716145667198218e-02,-5.599986220095693606e-02,-5.673055396065922878e-02,-5.737400255183413428e-02,-5.809071594896331875e-02,-5.892385773524719955e-02,-5.965881658692184786e-02,-6.041787426900584873e-02,-6.119133333333334063e-02,-6.193710366826155750e-02,-6.273984492291334591e-02,-6.342780600744284125e-02,-6.424925380116959517e-02,-6.485452291334395380e-02,-6.573930292397660302e-02,-6.629195454545455668e-02,-6.718496267942583589e-02,-6.804921052631578149e-02,-6.860705598086125345e-02,-6.942053110047846642e-02,-7.036698851674640098e-02,-7.095316220095693183e-02,-7.195656315789474011e-02,-7.282638676236044550e-02,-7.365668213716110302e-02,-7.418800829346093584e-02,-7.484255050505050910e-02,-7.549957990430622434e-02,-7.597394066985645178e-02,-7.644826751727804015e-02,-7.684814237107920332e-02,-7.684814237107920332e-02,-7.644826751727804015e-02,-7.597394066985645178e-02,-7.549957990430622434e-02,-7.487920808080808510e-02,-7.421230037214249231e-02,-7.369290079744816868e-02,-7.288638543328017361e-02,-7.193273253588516880e-02,-7.091770334928228225e-02,-7.032009282296650121e-02,-6.935076172248803850e-02,-6.854939330143541842e-02,-6.798058947368419702e-02,-6.711691578947369397e-02,-6.622448181818182955e-02,-6.560550515683147288e-02,-6.471081935140882146e-02,-6.410679425837320644e-02,-6.328658979266348072e-02,-6.258910563530037385e-02,-6.178770334928228997e-02,-6.104327272727273074e-02,-6.026067251461988267e-02,-5.949266496544390603e-02,-5.874894843168526615e-02,-5.791743253588517437e-02,-5.719224752791068900e-02,-5.656052232854865552e-02,-5.582155023923444231e-02,-5.486076044657096917e-02,-5.397649569377990786e-02,-5.316615523657628600e-02,-5.239945677830940701e-02,-5.161897527910686012e-02,-5.094602317916002016e-02,-5.026718405103668130e-02,-4.958216523125996700e-02,-4.881042020202019938e-02,-4.812457878787878424e-02,-4.756633258904837541e-02,-4.686014088250930326e-02,-4.597622535885167311e-02,-4.506625943646996868e-02,-4.405244274322168974e-02,-4.446945826687932063e-02,-4.432448803827751527e-02,-4.427302525252525822e-02,-4.358641589580010411e-02,-4.342582961190855767e-02,-4.374696783625731111e-02,-4.315766592238171745e-02,-4.312281637426900599e-02,-4.239505550239234394e-02,-4.185861233386496683e-02,-4.122007900053163698e-02,-4.066486799574695055e-02,-4.004962360446571307e-02,-3.952307921318447964e-02,-3.892182450824029777e-02,-3.851313588516746406e-02,-3.771578229665071419e-02,-3.700781669324827022e-02,-3.584701701222754028e-02,-3.443692535885167078e-02,-3.223198527379053657e-02,-2.814400552897395116e-02,-3.225123444976076698e-02,2.448977150451887574e-01,3.111278501860712531e-01,3.713996794790005440e-01,4.177212540138224850e-01,4.530176233918128403e-01,4.825601854332801643e-01,5.057414476342370069e-01,5.260625333333333042e-01,5.420436913875598117e-01,5.567339511961721943e-01,5.687557287081339563e-01,5.792391430622009230e-01,5.874242107389686662e-01,5.948560802764487621e-01,6.012901554492292577e-01,6.061021851143009176e-01,6.101466526315789674e-01,6.127466817118554232e-01,6.145582017012227727e-01,6.146609215842636642e-01,6.132053499734183566e-01,6.105588459330143491e-01,6.064387122807017860e-01,5.993460133971292292e-01,5.886261693779903936e-01,5.723539111111111133e-01,5.460385925039872301e-01,4.997191096225411799e-01,2.131293288144604225e-01,2.714266696969697135e-01,3.242830662413610510e-01,3.643573697501329423e-01,3.941546970760233526e-01,4.191901907496012325e-01,4.386518112706007111e-01,4.555811461988303890e-01,4.681283430622009689e-01,4.798767936204146323e-01,4.890021071770334071e-01,4.969753320574162858e-01,5.024916395534291258e-01,5.076918181818181885e-01,5.115013452418927242e-01,5.140191265284423938e-01,5.153708140350877764e-01,5.153410055289738834e-01,5.139684418394470100e-01,5.107235980861244418e-01,5.054253173843700209e-01,4.980462717703350028e-01,4.877530826156299959e-01,4.721374264752791206e-01,4.482481856459330505e-01,4.073710555555555279e-01,3.206786921850079408e-01,1.488123530037214343e-02,1.506132615629984101e-02,1.456666836788942342e-02,1.406409755449229172e-02,1.357110430622009492e-02,1.308198070175438550e-02,1.260235534290271228e-02,1.212446145667198452e-02,1.164611010101010251e-02,1.119188038277511843e-02,1.073185337586390203e-02,1.028341084529505421e-02,9.835350345560872967e-03,9.382873152578415088e-03,8.943838277511960422e-03,8.505541626794257265e-03,8.070244816586922068e-03,7.640048484848485123e-03,7.208656990962254880e-03,6.795218181818181609e-03,6.375704944178628777e-03,5.942142902711323310e-03,5.532203083466241157e-03,5.120239234449760340e-03,4.736354066985646108e-03,4.383309144072301995e-03,5.167659489633174945e-03,-3.864433811802232659e-03,-4.317384370015948068e-03,-4.513902179691653242e-03,-2.598444976076554752e-03,-2.491360978203083394e-04,2.434516214779372523e-03,5.169377990430622238e-03,6.917530568846358766e-03,6.897129186602871283e-03,6.331578947368421591e-03,-3.821371610845294541e-03,-4.250398724082934086e-03,-4.401608187134502768e-03,-2.495813397129185811e-03,-2.751196172248803840e-05,2.638769271664008140e-03,5.420175438596491757e-03,7.095720361509835761e-03,7.020574162679426265e-03,6.399043062200957151e-03
cmyi,-5.399999999999999939e-02,-4.775000000000000078e-02,-5.297000000000000319e-02,-5.546999999999999847e-02,-5.677999999999999714e-02,-5.772000000000000047e-02,-5.800999999999999907e-02,-5.841999999999999971e-02,-5.822000000000000092e-02,-5.834999999999999909e-02,-5.840999999999999664e-02,-5.854999999999999788e-02,-5.865999999999999687e-02,-5.881999999999999729e-02,-5.884000000000000341e-02,-5.908999999999999669e-02,-5.845999999999999808e-02,-5.854000000000000176e-02,-5.782000000000000334e-02,-5.791999999999999926e-02,-5.870999999999999830e-02,-5.870000000000000218e-02,-5.881000000000000116e-02,-5.825000000000000316e-02,-5.906000000000000139e-02,-5.942000000000000060e-02,-5.974999999999999756e-02,-5.988000000000000267e-02,-5.981000000000000205e-02,-5.990000000000000185e-02,-6.010000000000000064e-02,-6.017999999999999738e-02,-6.029000000000000331e-02,-6.035000000000000087e-02,-6.054999999999999966e-02,-6.071000000000000008e-02,-6.088999999999999968e-02,-6.117000000000000215e-02,-6.151000000000000217e-02,-6.162999999999999728e-02,-6.165999999999999953e-02,-6.176999999999999852e-02,-6.198000000000000037e-02,-6.208999999999999936e-02,-6.221999999999999753e-02,-6.237000000000000183e-02,-6.248000000000000081e-02,-6.265999999999999348e-02,-6.271999999999999797e-02,-6.289000000000000146e-02,-6.286999999999999533e-02,-6.310000000000000331e-02,-6.303000000000000269e-02,-6.325999999999999679e-02,-6.346000000000000252e-02,-6.339999999999999802e-02,-6.354999999999999538e-02,-6.382000000000000173e-02,-6.376999999999999336e-02,-6.407999999999999807e-02,-6.432999999999999829e-02,-6.460000000000000464e-02,-6.463000000000000689e-02,-6.475999999999999812e-02,-6.489000000000000323e-02,-6.486999999999999711e-02,-6.485000000000000486e-02,-6.476999999999999424e-02,-6.476999999999999424e-02,-6.485000000000000486e-02,-6.487999999999999323e-02,-6.489999999999999936e-02,-6.479999999999999649e-02,-6.465999999999999526e-02,-6.464000000000000301e-02,-6.438000000000000667e-02,-6.404999999999999583e-02,-6.374000000000000499e-02,-6.378000000000000336e-02,-6.350000000000000089e-02,-6.335000000000000353e-02,-6.340999999999999415e-02,-6.321000000000000230e-02,-6.296999999999999820e-02,-6.299000000000000432e-02,-6.275000000000000022e-02,-6.277000000000000635e-02,-6.259000000000000674e-02,-6.253000000000000225e-02,-6.235000000000000264e-02,-6.223999999999999672e-02,-6.208999999999999936e-02,-6.194000000000000200e-02,-6.181999999999999995e-02,-6.160999999999999810e-02,-6.149000000000000299e-02,-6.146999999999999686e-02,-6.133999999999999869e-02,-6.099000000000000254e-02,-6.069999999999999701e-02,-6.049000000000000210e-02,-6.031999999999999862e-02,-6.010999999999999677e-02,-6.004000000000000309e-02,-5.994000000000000022e-02,-5.983999999999999736e-02,-5.963999999999999857e-02,-5.952999999999999958e-02,-5.956000000000000183e-02,-5.942999999999999672e-02,-5.908000000000000057e-02,-5.870999999999999830e-02,-5.790000000000000008e-02,-5.845999999999999808e-02,-5.836999999999999827e-02,-5.838999999999999746e-02,-5.766000000000000292e-02,-5.754999999999999699e-02,-5.827000000000000235e-02,-5.818000000000000255e-02,-5.877000000000000279e-02,-5.850999999999999951e-02,-5.847999999999999726e-02,-5.831000000000000072e-02,-5.825999999999999929e-02,-5.811000000000000193e-02,-5.809000000000000274e-02,-5.795000000000000151e-02,-5.806999999999999662e-02,-5.764999999999999986e-02,-5.734000000000000208e-02,-5.639999999999999875e-02,-5.507999999999999702e-02,-5.258999999999999786e-02,-4.735999999999999932e-02,-5.376000000000000223e-02,4.352199999999999958e-01,5.419000000000000483e-01,6.335300000000000376e-01,6.976400000000000379e-01,7.408099999999999685e-01,7.728899999999999659e-01,7.935999999999999721e-01,8.090300000000000269e-01,8.172700000000000520e-01,8.232800000000000118e-01,8.251600000000000046e-01,8.247600000000000486e-01,8.211399999999999810e-01,8.166200000000000125e-01,8.108999999999999542e-01,8.032200000000000450e-01,7.947999999999999510e-01,7.848000000000000531e-01,7.741400000000000503e-01,7.616899999999999782e-01,7.477200000000000513e-01,7.327599999999999669e-01,7.165200000000000458e-01,6.972899999999999654e-01,6.744700000000000140e-01,6.460099999999999731e-01,6.071499999999999675e-01,5.473599999999999577e-01,3.779299999999999882e-01,4.719599999999999906e-01,5.524000000000000021e-01,6.077700000000000324e-01,6.438099999999999934e-01,6.706699999999999884e-01,6.876100000000000545e-01,6.999400000000000066e-01,7.051300000000000345e-01,7.089299999999999491e-01,7.087599999999999456e-01,7.069499999999999673e-01,7.017299999999999649e-01,6.962800000000000100e-01,6.891399999999999748e-01,6.805200000000000138e-01,6.706800000000000539e-01,6.593799999999999661e-01,6.467500000000000471e-01,6.321999999999999842e-01,6.156000000000000361e-01,5.969999999999999751e-01,5.755299999999999860e-01,5.484799999999999676e-01,5.127199999999999536e-01,4.587200000000000166e-01,3.550599999999999867e-01,-1.479999999999999979e-03,-1.399999999999999877e-04,-1.100000000000000039e-04,-1.100000000000000039e-04,-1.000000000000000048e-04,-9.000000000000000567e-05,-9.000000000000000567e-05,-9.000000000000000567e-05,-8.000000000000000654e-05,-6.999999999999999387e-05,-5.000000000000000240e-05,-5.000000000000000240e-05,-3.000000000000000076e-05,-3.000000000000000076e-05,-2.000000000000000164e-05,-2.000000000000000164e-05,-1.000000000000000082e-05,-1.000000000000000082e-05,0.000000000000000000e+00,2.000000000000000164e-05,2.000000000000000164e-05,2.000000000000000164e-05,2.000000000000000164e-05,3.000000000000000076e-05,6.000000000000000152e-05,1.299999999999999886e-04,1.309999999999999967e-03,-6.660000000000000121e-03,-9.830000000000000196e-03,-1.518000000000000078e-02,-1.102000000000000028e-02,-3.919999999999999873e-03,5.619999999999999996e-03,1.578999999999999848e-02,1.947000000000000119e-02,1.430000000000000021e-02,8.720000000000000320e-03,-6.389999999999999847e-03,-9.409999999999999962e-03,-1.447999999999999982e-02,-1.035999999999999942e-02,-2.469999999999999973e-03,6.980000000000000093e-03,1.748999999999999860e-02,2.069999999999999965e-02,1.515999999999999986e-02,9.190000000000000252e-03
cmyi*c/cref,-3.750143540669856335e-02,-3.357172780435938725e-02,-3.769768734715576997e-02,-3.995432440191386964e-02,-4.138661297182349985e-02,-4.256857671451355629e-02,-4.328175135566187520e-02,-4.409048399787347111e-02,-4.444064763423710707e-02,-4.504241547049442351e-02,-4.559147368421052199e-02,-4.620469670388091532e-02,-4.679639702286018249e-02,-4.743062179691653196e-02,-4.795319234449760964e-02,-4.866553131313131747e-02,-4.865015715045188649e-02,-4.922059383306751773e-02,-4.889739957469431408e-02,-4.904847889420520940e-02,-4.978489393939394131e-02,-4.984382083997873636e-02,-5.000475794790005396e-02,-4.959518341307814909e-02,-5.060101297182350438e-02,-5.147743189792663987e-02,-5.233445640616692790e-02,-5.302069984051036716e-02,-5.353042695374801013e-02,-5.418354651780967618e-02,-5.493894045720362079e-02,-5.558763572567782668e-02,-5.626553833067517163e-02,-5.689872434875066498e-02,-5.766606884635831765e-02,-5.839908240297713576e-02,-5.915458644338118105e-02,-6.001131467304625378e-02,-6.093315980861244152e-02,-6.164146757044126207e-02,-6.226119319510898392e-02,-6.296303779904306730e-02,-6.376987432216904561e-02,-6.447721360978202199e-02,-6.520728771929824863e-02,-6.596100000000000574e-02,-6.667522807017543796e-02,-6.746659829877722780e-02,-6.813139223817117618e-02,-6.891754343434343399e-02,-6.949725337586389051e-02,-7.035532589048378027e-02,-7.088010000000001531e-02,-7.174410430622009394e-02,-7.257819999999999550e-02,-7.311627751196173031e-02,-7.389739952153109859e-02,-7.482207942583732341e-02,-7.537369904306218116e-02,-7.635331291866029324e-02,-7.719429000531631557e-02,-7.799084848484851007e-02,-7.849985225943649503e-02,-7.913148686868687331e-02,-7.976502344497608810e-02,-8.021532440191386781e-02,-8.066498777246144947e-02,-8.103963173843697909e-02,-8.103963173843697909e-02,-8.066498777246144947e-02,-8.022768995215309729e-02,-7.977731578947369617e-02,-7.918036363636364594e-02,-7.853629037745880892e-02,-7.803914003189794946e-02,-7.725428867623605755e-02,-7.631756698564592933e-02,-7.533824019138755934e-02,-7.477518373205742364e-02,-7.383925837320573504e-02,-7.305861483253589528e-02,-7.252101578947366123e-02,-7.168739856459330206e-02,-7.081262727272728819e-02,-7.023267793726740982e-02,-6.936460393407760383e-02,-6.878604231791600465e-02,-6.799017602339181565e-02,-6.732662610313662477e-02,-6.653649920255183536e-02,-6.582351515151514676e-02,-6.507104619883040397e-02,-6.432144646464646454e-02,-6.360525380116958949e-02,-6.279994752791068224e-02,-6.208953567251462163e-02,-6.148143779904306772e-02,-6.076475406698564341e-02,-5.983472424242424620e-02,-5.897000159489633464e-02,-5.818745667198298166e-02,-5.744702349813927966e-02,-5.667244938862307096e-02,-5.603222626262625850e-02,-5.536595023923444880e-02,-5.470126783625731126e-02,-5.394835917065390202e-02,-5.327982472089314026e-02,-5.273735608718766593e-02,-5.205417145135565749e-02,-5.118287910685805769e-02,-5.030114242424242599e-02,-4.929718660287081555e-02,-4.970716119085592105e-02,-4.956360855927697401e-02,-4.951354040404040702e-02,-4.882830271132376776e-02,-4.866906512493354015e-02,-4.899357708665603300e-02,-4.841714237107921925e-02,-4.840198468899522405e-02,-4.768425023923444916e-02,-4.715645635300372285e-02,-4.651718224348751207e-02,-4.597584338118022862e-02,-4.535731100478469086e-02,-4.484171233386496924e-02,-4.423455050505050584e-02,-4.382633354598617498e-02,-4.301315231259968119e-02,-4.228832620946305215e-02,-4.110963317384370291e-02,-3.967341244019138152e-02,-3.742724896331738049e-02,-3.329752939925571809e-02,-3.733476236044657587e-02,2.413377038809144393e-01,3.075635412014886549e-01,3.678347256246677910e-01,4.141593082402977855e-01,4.494562404040403636e-01,4.790027891547048999e-01,5.021914300903773665e-01,5.225103695906432311e-01,5.384988119617224456e-01,5.531995164274321475e-01,5.652280197767144410e-01,5.757140497607655671e-01,5.839043160021265555e-01,5.913440202020202596e-01,5.977811674641148043e-01,6.025986175438596826e-01,6.066508538011695650e-01,6.092609760765550497e-01,6.110849619351408357e-01,6.111944718234980645e-01,6.097396229665071887e-01,6.071039311004784444e-01,6.029967196172250077e-01,5.959104842105262811e-01,5.852076066985646419e-01,5.689455747474746472e-01,5.426423298777245385e-01,4.963458152046782978e-01,2.095693176501860766e-01,2.678680363636363748e-01,3.207297246145667802e-01,3.608072971291866882e-01,3.906054482721956211e-01,4.156513871345028921e-01,4.351207777777778007e-01,4.520548163742689751e-01,4.646098196172248618e-01,4.763625172248803219e-01,4.854949480063794898e-01,4.934781602870813022e-01,4.989930775119617579e-01,5.042014821903243460e-01,5.080218445507709291e-01,5.105455681020734104e-01,5.119131789473685412e-01,5.118941162147793156e-01,5.105267769803296662e-01,5.072892450824029176e-01,5.020003636363636890e-01,4.946244976076555333e-01,4.843447524720893571e-01,4.687360816586921830e-01,4.448643291866028471e-01,4.039979474747474875e-01,3.173360547581073887e-01,-7.765947900053163985e-04,-7.603987240829345547e-05,-6.177076023391813537e-05,-6.379590643274854315e-05,-5.983732057416267774e-05,-5.551052631578947593e-05,-5.716794258373206460e-05,-5.882488038277512921e-05,-5.376161616161617078e-05,-4.833014354066985562e-05,-3.544205209994683785e-05,-3.636283891547049295e-05,-2.237001594896331866e-05,-2.292232854864433681e-05,-1.564976076555023890e-05,-1.601796916533758885e-05,-8.193141945773526122e-06,-8.377246145667199403e-06,0.000000000000000000e+00,1.749090909090909193e-05,1.785911749069644188e-05,1.822743221690590189e-05,1.859564061669324845e-05,2.844577352472089251e-05,5.799617224880382810e-05,1.280517278043593796e-04,1.314492025518341567e-03,-1.062200956937798873e-03,-1.567783094098883310e-03,-2.400877192982456450e-03,-1.713636363636363361e-03,-5.991493886230727338e-04,8.440457203615097824e-04,2.329465709728867438e-03,2.820614035087719556e-03,2.052631578947368418e-03,1.251674641148325332e-03,-1.019138755980861189e-03,-1.500797448165869111e-03,-2.290164805954279792e-03,-1.611004784688994853e-03,-3.775252525252524734e-04,1.048298777246145725e-03,2.580263157894736523e-03,2.998803827751196117e-03,2.176076555023923401e-03,1.319138755980861326e-03
cmyo,7.320000000000000118e-03,7.320000000000000118e-03,7.300000000000000065e-03,7.259999999999999960e-03,7.210000000000000263e-03,7.150000000000000105e-03,7.089999999999999948e-03,7.020000000000000198e-03,6.939999999999999988e-03,6.870000000000000238e-03,6.790000000000000029e-03,6.709999999999999819e-03,6.629999999999999609e-03,6.550000000000000266e-03,6.470000000000000057e-03,6.389999999999999847e-03,6.309999999999999637e-03,6.230000000000000294e-03,6.179999999999999730e-03,6.170000000000000137e-03,6.159999999999999677e-03,6.150000000000000085e-03,6.150000000000000085e-03,6.139999999999999625e-03,6.089999999999999927e-03,6.000000000000000125e-03,5.910000000000000323e-03,5.830000000000000113e-03,5.749999999999999903e-03,5.669999999999999693e-03,5.590000000000000351e-03,5.510000000000000141e-03,5.429999999999999931e-03,5.349999999999999721e-03,5.279999999999999971e-03,5.199999999999999761e-03,5.130000000000000011e-03,5.049999999999999802e-03,4.980000000000000052e-03,4.910000000000000302e-03,4.839999999999999684e-03,4.769999999999999934e-03,4.709999999999999777e-03,4.640000000000000027e-03,4.579999999999999870e-03,4.510000000000000120e-03,4.449999999999999963e-03,4.380000000000000213e-03,4.320000000000000055e-03,4.259999999999999898e-03,4.199999999999999740e-03,4.139999999999999583e-03,4.080000000000000293e-03,4.020000000000000136e-03,3.969999999999999571e-03,3.910000000000000281e-03,3.850000000000000124e-03,3.789999999999999966e-03,3.739999999999999835e-03,3.680000000000000111e-03,3.640000000000000006e-03,3.589999999999999875e-03,3.550000000000000204e-03,3.510000000000000099e-03,3.469999999999999994e-03,3.429999999999999889e-03,3.389999999999999784e-03,3.350000000000000113e-03,3.350000000000000113e-03,3.389999999999999784e-03,3.429999999999999889e-03,3.469999999999999994e-03,3.510000000000000099e-03,3.559999999999999797e-03,3.599999999999999901e-03,3.640000000000000006e-03,3.690000000000000138e-03,3.739999999999999835e-03,3.799999999999999992e-03,3.850000000000000124e-03,3.910000000000000281e-03,3.969999999999999571e-03,4.029999999999999728e-03,4.089999999999999886e-03,4.150000000000000043e-03,4.210000000000000200e-03,4.270000000000000358e-03,4.329999999999999648e-03,4.389999999999999805e-03,4.460000000000000422e-03,4.519999999999999712e-03,4.579999999999999870e-03,4.649999999999999620e-03,4.720000000000000237e-03,4.789999999999999987e-03,4.850000000000000144e-03,4.919999999999999894e-03,4.989999999999999644e-03,5.069999999999999854e-03,5.139999999999999604e-03,5.219999999999999814e-03,5.290000000000000431e-03,5.369999999999999774e-03,5.449999999999999983e-03,5.519999999999999733e-03,5.599999999999999943e-03,5.680000000000000153e-03,5.760000000000000363e-03,5.850000000000000165e-03,5.930000000000000375e-03,6.020000000000000177e-03,6.100000000000000387e-03,6.159999999999999677e-03,6.159999999999999677e-03,6.170000000000000137e-03,6.179999999999999730e-03,6.190000000000000190e-03,6.190000000000000190e-03,6.239999999999999887e-03,6.320000000000000097e-03,6.400000000000000307e-03,6.479999999999999649e-03,6.559999999999999859e-03,6.649999999999999661e-03,6.729999999999999871e-03,6.810000000000000081e-03,6.879999999999999831e-03,6.960000000000000041e-03,7.029999999999999791e-03,7.100000000000000408e-03,7.170000000000000158e-03,7.219999999999999855e-03,7.270000000000000420e-03,7.309999999999999658e-03,7.329999999999999710e-03,7.320000000000000118e-03,6.420000000000000359e-03,6.279999999999999992e-03,6.130000000000000032e-03,6.000000000000000125e-03,5.870000000000000218e-03,5.740000000000000310e-03,5.610000000000000403e-03,5.490000000000000088e-03,5.380000000000000233e-03,5.259999999999999919e-03,5.159999999999999656e-03,5.049999999999999802e-03,4.950000000000000407e-03,4.850000000000000144e-03,4.760000000000000342e-03,4.660000000000000080e-03,4.570000000000000277e-03,4.490000000000000067e-03,4.400000000000000265e-03,4.320000000000000055e-03,4.239999999999999845e-03,4.170000000000000095e-03,4.089999999999999886e-03,4.020000000000000136e-03,3.939999999999999926e-03,3.870000000000000176e-03,3.799999999999999992e-03,3.720000000000000216e-03,6.420000000000000359e-03,6.259999999999999939e-03,6.119999999999999572e-03,5.980000000000000072e-03,5.839999999999999705e-03,5.709999999999999798e-03,5.579999999999999891e-03,5.459999999999999576e-03,5.340000000000000129e-03,5.230000000000000274e-03,5.120000000000000419e-03,5.009999999999999697e-03,4.910000000000000302e-03,4.810000000000000039e-03,4.720000000000000237e-03,4.629999999999999567e-03,4.539999999999999765e-03,4.449999999999999963e-03,4.360000000000000160e-03,4.279999999999999950e-03,4.199999999999999740e-03,4.129999999999999991e-03,4.049999999999999781e-03,3.969999999999999571e-03,3.899999999999999821e-03,3.820000000000000045e-03,3.739999999999999835e-03,2.983999999999999847e-02,2.787999999999999853e-02,2.605000000000000024e-02,2.435999999999999971e-02,2.278000000000000164e-02,2.130999999999999908e-02,1.992999999999999980e-02,1.863000000000000073e-02,1.742000000000000146e-02,1.626999999999999974e-02,1.519999999999999997e-02,1.417999999999999990e-02,1.322000000000000085e-02,1.230999999999999976e-02,1.145000000000000011e-02,1.064000000000000015e-02,9.860000000000000708e-03,9.119999999999999635e-03,8.420000000000000401e-03,7.749999999999999944e-03,7.110000000000000001e-03,6.510000000000000162e-03,5.919999999999999915e-03,5.369999999999999774e-03,4.839999999999999684e-03,4.329999999999999648e-03,3.840000000000000097e-03,-1.756999999999999881e-02,-1.723999999999999838e-02,-1.336000000000000035e-02,-5.689999999999999745e-03,2.289999999999999935e-03,1.060000000000000005e-02,1.924999999999999975e-02,2.827999999999999958e-02,3.375000000000000222e-02,3.538999999999999785e-02,-1.756999999999999881e-02,-1.723999999999999838e-02,-1.336000000000000035e-02,-5.689999999999999745e-03,2.289999999999999935e-03,1.060000000000000005e-02,1.924999999999999975e-02,2.827999999999999958e-02,3.375000000000000222e-02,3.538999999999999785e-02
cmyo*c/cref,5.083527910685805423e-03,5.146493141945773959e-03,5.195263689526847389e-03,5.229284210526314973e-03,5.255327219564061986e-03,5.273134502923976404e-03,5.289908931419457470e-03,5.298103349282296849e-03,5.297459542796385118e-03,5.303194417862839606e-03,5.299881977671451819e-03,5.295192397660818985e-03,5.289125677830941105e-03,5.281716640085061878e-03,5.272895215311004802e-03,5.262696650717703546e-03,5.251154492291334498e-03,5.238201222753854046e-03,5.226321850079744362e-03,5.224950186071238185e-03,5.223555555555555938e-03,5.222137958532695017e-03,5.229200159489633126e-03,5.227715470494417697e-03,5.217747527910686529e-03,5.197990430622009828e-03,5.176512759170653726e-03,5.162169005847952637e-03,5.146295853269537007e-03,5.128893301435405970e-03,5.109961350345561260e-03,5.089529292929292556e-03,5.067538118022327925e-03,5.044045986177564563e-03,5.028519298245613493e-03,5.002062732589047413e-03,4.983790909090909417e-03,4.954342636895268763e-03,4.933297607655501987e-03,4.910913609782031550e-03,4.887190643274853113e-03,4.862128708133971015e-03,4.846016586921849528e-03,4.818397022860180200e-03,4.799893567251461469e-03,4.769666666666666846e-03,4.748795853269536724e-03,4.715986283891546692e-03,4.692723444976076158e-03,4.668289633173844030e-03,4.642730462519934972e-03,4.616022966507176382e-03,4.588145454545456033e-03,4.559141626794258918e-03,4.540426315789472880e-03,4.509221531100479456e-03,4.476868421052631296e-03,4.443366985645932736e-03,4.420536842105262341e-03,4.384834449760765737e-03,4.367903242955874406e-03,4.334166347687400979e-03,4.311843965975546179e-03,4.288936363636364213e-03,4.265443540669856815e-03,4.241383732057416034e-03,4.216720255183411918e-03,4.191489367357787918e-03,4.191489367357787918e-03,4.216720255183411918e-03,4.241383732057416034e-03,4.265443540669856815e-03,4.288936363636364213e-03,4.323990005316321814e-03,4.346239234449761693e-03,4.367903242955874406e-03,4.396749760765550526e-03,4.420536842105262341e-03,4.455090909090909414e-03,4.476868421052631296e-03,4.509221531100479456e-03,4.540426315789472880e-03,4.570482775119616772e-03,4.599390909090909398e-03,4.627172780435937806e-03,4.653784582668792774e-03,4.679248059542797343e-03,4.703586230728335794e-03,4.726753375863901839e-03,4.759467304625199062e-03,4.780242424242423828e-03,4.799893567251461469e-03,4.828781499202550696e-03,4.856305369484316403e-03,4.882514992025518280e-03,4.897288144603934371e-03,4.920915470494418263e-03,4.943203827751195892e-03,4.973963795853269219e-03,4.993505901116427649e-03,5.021301435406698259e-03,5.038043009037746107e-03,5.062902232854864064e-03,5.086203083466240941e-03,5.098766188197766634e-03,5.119102604997341661e-03,5.137938968633705243e-03,5.155245933014354284e-03,5.179877990430621464e-03,5.194030568846358560e-03,5.215317065390749803e-03,5.226315257841574087e-03,5.244743859649122347e-03,5.237702923976607361e-03,5.239120520999468282e-03,5.240515151515151397e-03,5.241886815523657574e-03,5.234778681552365587e-03,5.246609250398723626e-03,5.259476448697501805e-03,5.270932482721956899e-03,5.281044976076555014e-03,5.289780329611908950e-03,5.305080808080808209e-03,5.310975385433280675e-03,5.315492822966507228e-03,5.310913769271664170e-03,5.312725996810207206e-03,5.305650505050505186e-03,5.297370015948963534e-03,5.287884529505582250e-03,5.262616161616161768e-03,5.236487081339712482e-03,5.202380489101541758e-03,5.153523870281765187e-03,5.083527910685805423e-03,3.560011164274322955e-03,3.564308984582669274e-03,3.559147740563530556e-03,3.561945773524721227e-03,3.561382987772461137e-03,3.557396278575225817e-03,3.550017543859649086e-03,3.545705263157894471e-03,3.544879425837320613e-03,3.534434768740031627e-03,3.534558851674640678e-03,3.525093301435406560e-03,3.519894736842105968e-03,3.512060074428495927e-03,3.508987985114301635e-03,3.496065284423179476e-03,3.488166081871345650e-03,3.485705635300372172e-03,3.473239766081871478e-03,3.466449760765550302e-03,3.457572355130249762e-03,3.454914832535885619e-03,3.441992663476874190e-03,3.435529186602871276e-03,3.418562679425837629e-03,3.408336363636363733e-03,3.396262626262626112e-03,3.373294417862839154e-03,3.560011164274322955e-03,3.552957682083998040e-03,3.553341626794258648e-03,3.550072620946305695e-03,3.543181711855395658e-03,3.538803615098351681e-03,3.531033492822966292e-03,3.526329824561403019e-03,3.518523444976076348e-03,3.514276395534290422e-03,3.507159170653907383e-03,3.497171770334927664e-03,3.491451143009038222e-03,3.483094630515683448e-03,3.479500691121744423e-03,3.473558426368952585e-03,3.465267836257310101e-03,3.454652578415736211e-03,3.441664859117490784e-03,3.434353003721424442e-03,3.424953748006379171e-03,3.421774162679426176e-03,3.408330143540670015e-03,3.392798724082934491e-03,3.383856459330143555e-03,3.364301010101009969e-03,3.342637426900584626e-03,1.565783009037746004e-02,1.514279744816586851e-02,1.462843912812334009e-02,1.412789346092504020e-02,1.363094162679425944e-02,1.314365906432748456e-02,1.265952328548644416e-02,1.217675023923445177e-02,1.170659191919192106e-02,1.123330622009569360e-02,1.077438383838383827e-02,1.031250111642743189e-02,9.857720361509836327e-03,9.405795481127059848e-03,8.959488038277511196e-03,8.521559595959595640e-03,8.078437958532696736e-03,7.640048484848485123e-03,7.208656990962254880e-03,6.777727272727272073e-03,6.348916267942584374e-03,5.933029186602870562e-03,5.504309622541201513e-03,5.091793460925039295e-03,4.678357894736842083e-03,4.265107549175970077e-03,3.853167464114833161e-03,-2.802232854864433135e-03,-2.749601275917064758e-03,-2.113024986709197226e-03,-8.848086124401911747e-04,3.500132908027644486e-04,1.591972355130249735e-03,2.839912280701754367e-03,4.096916533758639643e-03,4.844497607655502865e-03,5.079904306220094957e-03,-2.802232854864433135e-03,-2.749601275917064758e-03,-2.113024986709197226e-03,-8.848086124401911747e-04,3.500132908027644486e-04,1.591972355130249735e-03,2.839912280701754367e-03,4.096916533758639643e-03,4.844497607655502865e-03,5.079904306220094957e-03
cmz,-9.445000000000000617e-02,-9.278999999999999748e-02,-9.234000000000000541e-02,-9.245000000000000440e-02,-9.085000000000000020e-02,-8.830000000000000349e-02,-8.674999999999999378e-02,-8.400000000000000522e-02,-8.401000000000000134e-02,-8.194999999999999507e-02,-7.945000000000000673e-02,-7.696999999999999675e-02,-7.396999999999999409e-02,-7.180999999999999883e-02,-6.986000000000000543e-02,-6.754999999999999893e-02,-6.926999999999999824e-02,-6.808999999999999775e-02,-7.244000000000000439e-02,-7.137000000000000288e-02,-6.690999999999999726e-02,-6.646000000000000518e-02,-6.578000000000000513e-02,-7.005000000000000115e-02,-6.368999999999999662e-02,-6.074999999999999845e-02,-5.748000000000000331e-02,-5.580999999999999850e-02,-5.487999999999999823e-02,-5.376999999999999835e-02,-5.186000000000000332e-02,-5.056000000000000077e-02,-4.877999999999999697e-02,-4.753999999999999893e-02,-4.578000000000000125e-02,-4.451999999999999708e-02,-4.336000000000000271e-02,-4.189999999999999974e-02,-3.987999999999999878e-02,-3.858999999999999930e-02,-3.721000000000000002e-02,-3.592000000000000054e-02,-3.432000000000000328e-02,-3.318000000000000116e-02,-3.178000000000000269e-02,-3.050999999999999893e-02,-2.931999999999999884e-02,-2.803999999999999895e-02,-2.690999999999999989e-02,-2.562000000000000041e-02,-2.468000000000000055e-02,-2.322000000000000106e-02,-2.223999999999999935e-02,-2.075000000000000108e-02,-1.932999999999999996e-02,-1.794000000000000108e-02,-1.653999999999999915e-02,-1.506000000000000047e-02,-1.366999999999999986e-02,-1.218999999999999945e-02,-1.094999999999999966e-02,-9.870000000000000301e-03,-8.800000000000000530e-03,-7.749999999999999944e-03,-6.590000000000000371e-03,-5.400000000000000286e-03,-4.230000000000000253e-03,-3.020000000000000115e-03,3.020000000000000115e-03,4.219999999999999793e-03,5.380000000000000233e-03,6.570000000000000319e-03,7.709999999999999840e-03,8.750000000000000833e-03,9.799999999999999684e-03,1.088000000000000078e-02,1.217000000000000026e-02,1.365000000000000067e-02,1.502999999999999996e-02,1.651000000000000037e-02,1.788000000000000006e-02,1.925999999999999934e-02,2.067000000000000087e-02,2.213999999999999996e-02,2.316000000000000003e-02,2.462999999999999912e-02,2.554000000000000020e-02,2.683999999999999928e-02,2.796999999999999834e-02,2.923999999999999863e-02,3.039999999999999994e-02,3.164999999999999758e-02,3.300999999999999768e-02,3.411999999999999755e-02,3.570000000000000256e-02,3.697000000000000286e-02,3.826000000000000234e-02,3.951999999999999957e-02,4.150000000000000216e-02,4.290999999999999676e-02,4.404000000000000276e-02,4.526999999999999774e-02,4.700000000000000011e-02,4.819999999999999979e-02,4.989999999999999991e-02,5.117000000000000021e-02,5.303999999999999687e-02,5.414000000000000062e-02,5.519000000000000294e-02,5.682000000000000245e-02,6.013999999999999901e-02,6.308999999999999331e-02,6.948999999999999622e-02,6.514999999999999958e-02,6.574000000000000676e-02,6.610000000000000597e-02,7.022000000000000464e-02,7.137999999999999901e-02,6.693999999999999950e-02,6.808000000000000163e-02,6.660000000000000642e-02,6.887000000000000066e-02,7.083000000000000407e-02,7.298000000000000320e-02,7.562000000000000666e-02,7.807999999999999663e-02,8.037999999999999312e-02,8.243999999999999939e-02,8.291999999999999371e-02,8.572000000000000453e-02,8.737000000000000322e-02,8.999000000000000055e-02,9.173000000000000598e-02,9.149000000000000188e-02,9.196000000000000008e-02,9.415999999999999370e-02,1.885199999999999931e-01,-1.770000000000000089e-03,-4.290000000000000410e-03,-3.079999999999999839e-03,-1.199999999999999895e-03,-1.900000000000000105e-04,1.110000000000000092e-03,3.330000000000000061e-03,5.369999999999999774e-03,5.020000000000000157e-03,5.409999999999999878e-03,6.360000000000000202e-03,5.550000000000000246e-03,4.029999999999999728e-03,3.680000000000000111e-03,3.810000000000000019e-03,2.929999999999999879e-03,2.409999999999999816e-03,2.560000000000000209e-03,3.010000000000000089e-03,2.939999999999999905e-03,2.289999999999999935e-03,1.949999999999999910e-03,1.719999999999999958e-03,1.440000000000000091e-03,1.100000000000000066e-03,-1.399999999999999877e-04,1.482999999999999943e-02,-1.421699999999999908e-01,5.919999999999999915e-03,7.669999999999999735e-03,6.669999999999999714e-03,4.870000000000000197e-03,3.629999999999999980e-03,2.289999999999999935e-03,3.200000000000000262e-04,-1.469999999999999953e-03,-1.500000000000000031e-03,-2.060000000000000199e-03,-3.030000000000000141e-03,-2.660000000000000038e-03,-1.699999999999999905e-03,-1.690000000000000096e-03,-2.010000000000000068e-03,-1.580000000000000024e-03,-1.399999999999999986e-03,-1.840000000000000056e-03,-2.579999999999999828e-03,-2.660000000000000038e-03,-2.060000000000000199e-03,-1.830000000000000029e-03,-1.670000000000000043e-03,-1.350000000000000071e-03,3.499999999999999964e-04,1.959999999999999937e-03,3.907999999999999668e-02,4.630999999999999700e-02,5.206000000000000211e-02,5.571000000000000257e-02,5.806999999999999662e-02,5.904000000000000220e-02,5.920000000000000262e-02,5.884000000000000341e-02,5.836000000000000215e-02,5.732999999999999902e-02,5.609999999999999709e-02,5.451000000000000290e-02,5.292000000000000176e-02,5.111999999999999877e-02,4.961999999999999744e-02,4.760999999999999954e-02,4.571999999999999675e-02,4.368999999999999967e-02,4.159000000000000197e-02,3.912999999999999812e-02,3.633999999999999730e-02,3.345000000000000057e-02,2.989999999999999949e-02,2.535000000000000100e-02,1.905000000000000096e-02,1.021000000000000033e-02,-4.969999999999999592e-03,-2.742999999999999952e-02,-2.998999999999999930e-02,-4.197000000000000036e-02,-5.963000000000000245e-02,-7.641000000000000569e-02,-9.295000000000000484e-02,-1.082499999999999990e-01,-1.267300000000000093e-01,-1.436199999999999977e-01,-1.514600000000000113e-01,2.733999999999999972e-02,2.980999999999999969e-02,4.168000000000000177e-02,5.936000000000000304e-02,7.581000000000000238e-02,9.231000000000000316e-02,1.071499999999999952e-01,1.257399999999999907e-01,1.429799999999999960e-01,1.511200000000000043e-01
cmz*c/cref,-6.559278841042000263e-02,-6.523812822966507108e-02,-6.571652727272726813e-02,-6.659054066985645171e-02,-6.622003854332801642e-02,-6.512136735778840946e-02,-6.472490829346091989e-02,-6.339610845295055863e-02,-6.412674008506114021e-02,-6.326008479532163609e-02,-6.201408293460925619e-02,-6.074082844231792205e-02,-5.901004922913343637e-02,-5.790535449229133186e-02,-5.693422870813397152e-02,-5.563304518872939919e-02,-5.764619202551834326e-02,-5.725026023391812519e-02,-6.126128718766613718e-02,-6.043836220095694101e-02,-5.673832828282828616e-02,-5.643305507708665930e-02,-5.593118479532163678e-02,-5.964193301435406769e-02,-5.456787192982456153e-02,-5.262965311004784430e-02,-5.034618500797448382e-02,-4.941692147793726175e-02,-4.911803763955342739e-02,-4.863855252525252360e-02,-4.740654662413610471e-02,-4.670174247740563334e-02,-4.552385071770334579e-02,-4.482129835194045842e-02,-4.359954800637958622e-02,-4.282535247208930917e-02,-4.212420542264753293e-02,-4.110632801701222944e-02,-3.950600574162679152e-02,-3.859718048910154575e-02,-3.757280244550770948e-02,-3.661376586921850224e-02,-3.531110175438596094e-02,-3.445569250398723693e-02,-3.330581169590643431e-02,-3.226663636363636539e-02,-3.128869537480063329e-02,-3.019092589048378086e-02,-2.923175645933014100e-02,-2.807548835725677885e-02,-2.728156852737904925e-02,-2.588986794258373025e-02,-2.500989090909091356e-02,-2.353288277511961929e-02,-2.210741578947368266e-02,-2.068936937799043321e-02,-1.923309186602870785e-02,-1.765622870813397111e-02,-1.615741674641148207e-02,-1.452476411483253661e-02,-1.313970893141945713e-02,-1.191593923444976381e-02,-1.068851461988304385e-02,-9.469873737373738637e-03,-8.100655023923446565e-03,-6.677397129186602234e-03,-5.261571291866028351e-03,-3.778596384901647832e-03,3.778596384901647832e-03,5.249132589048377887e-03,6.652666028708133748e-03,8.076070334928230413e-03,9.420996969696971216e-03,1.062778442317916308e-02,1.183142902711323968e-02,1.305571079213184611e-02,1.450093349282296877e-02,1.613377751196172147e-02,1.762105693779904281e-02,1.919820717703349389e-02,2.062017416267942702e-02,2.202735789473683758e-02,2.344215358851674952e-02,2.489743636363636950e-02,2.582296905901116171e-02,2.722629792663476545e-02,2.798782094630515929e-02,2.915571695906432614e-02,3.011555624667729483e-02,3.120332376395533805e-02,3.215030303030302905e-02,3.316957017543859659e-02,3.427915640616692461e-02,3.510532610313662344e-02,3.638951674641148493e-02,3.733046241360978706e-02,3.826711908559277814e-02,3.914938181818181789e-02,4.071390483785220643e-02,4.168703078149920555e-02,4.236362360446570968e-02,4.311383875598085585e-02,4.431217969165337361e-02,4.498256671982987093e-02,4.609210738968633897e-02,4.677580005316320927e-02,4.797821881977670788e-02,4.845573173843700093e-02,4.886794295587453679e-02,4.976809728867623989e-02,5.210119074960127550e-02,5.405380813397128725e-02,5.916513811802232709e-02,5.539551063264221142e-02,5.582168282828282868e-02,5.605146464646465487e-02,5.946450600744285220e-02,6.036486305156830989e-02,5.628333705475810356e-02,5.665587921318447628e-02,5.485064114832537141e-02,5.612740239234449702e-02,5.711511291866028933e-02,5.822027028176502556e-02,5.967547676767678139e-02,6.094474003189792599e-02,6.204814662413609544e-02,6.292832344497607810e-02,6.258101562998405476e-02,6.395641658692184650e-02,6.443549112174375149e-02,6.559318952684742299e-02,6.607193397129186574e-02,6.511159930887826242e-02,6.465457777777777748e-02,6.539139181286549030e-02,1.045378979266347735e-01,-1.004590271132376617e-03,-2.490822807017544546e-03,-1.828465497076023610e-03,-7.280510366826154541e-04,-1.177535353535353560e-04,7.024098883572567646e-04,2.150673684210526425e-03,3.538290430622009330e-03,3.373167783094098947e-03,3.705806858054226053e-03,4.439523444976076726e-03,3.946548644338118694e-03,2.918268474215842713e-03,2.712831047315258232e-03,2.858370972886762739e-03,2.236395321637427158e-03,1.870946677299308719e-03,2.020794045720361760e-03,2.415280967570440987e-03,2.397467623604465723e-03,1.897303349282296802e-03,1.641047846889952125e-03,1.469927910685805408e-03,1.249423923444976242e-03,9.687777777777778227e-04,-1.251254651780967452e-04,1.344783769271663820e-02,-7.883594816586922405e-02,3.359985539606592710e-03,4.453289261031366693e-03,3.959696384901648276e-03,2.954673790536948511e-03,2.249712280701754007e-03,1.449115895800106137e-03,2.066713450292397578e-04,-9.685822966507176123e-04,-1.007918660287081313e-03,-1.411083572567783159e-03,-2.115055980861244023e-03,-1.891498989898990173e-03,-1.231031366294524278e-03,-1.245838171185539682e-03,-1.507959489633173972e-03,-1.205974269005848044e-03,-1.086856990962254072e-03,-1.452445720361509717e-03,-2.070240829346092336e-03,-2.169137373737373749e-03,-1.706744497607655875e-03,-1.540060287081339817e-03,-1.427197448165869274e-03,-1.171334928229665227e-03,3.082474747474747223e-04,1.751756512493354541e-03,2.050630026581605481e-02,2.515290350877192813e-02,2.923441616161616408e-02,3.230972679425837824e-02,3.474753205741626383e-02,3.641490526315789567e-02,3.760380223285486601e-02,3.845839957469431719e-02,3.921909898989899695e-02,3.958238755980861279e-02,3.976598245614034605e-02,3.964276698564592888e-02,3.946070813397129645e-02,3.905964784688994995e-02,3.882705645933013511e-02,3.813077559808612793e-02,3.745904497607655675e-02,3.660018841041998844e-02,3.560665608718766723e-02,3.422096363636363547e-02,3.245001648059542970e-02,3.048538038277512005e-02,2.780048272195640574e-02,2.403667862838915550e-02,1.841378468899521753e-02,1.005698569909622628e-02,-4.987042264752791429e-03,-4.374800637958532225e-03,-4.783094098883572225e-03,-6.637998405103668481e-03,-9.272607655502390633e-03,-1.167882775119617224e-02,-1.395979532163742730e-02,-1.596989633173843612e-02,-1.835934343434343641e-02,-2.061531100478468728e-02,-2.174066985645933120e-02,4.360446570972886619e-03,4.754385964912280146e-03,6.592131844763424349e-03,9.230622009569377368e-03,1.158712121212121179e-02,1.386367623604465790e-02,1.580761562998405159e-02,1.821592238171185554e-02,2.052344497607655471e-02,2.169186602870813371e-02
cmzi,-4.322999999999999760e-02,-4.213999999999999690e-02,-4.243000000000000244e-02,-4.338999999999999801e-02,-4.272000000000000103e-02,-4.116000000000000214e-02,-4.064999999999999863e-02,-3.894000000000000239e-02,-4.002000000000000002e-02,-3.903000000000000219e-02,-3.760999999999999760e-02,-3.620999999999999913e-02,-3.427999999999999797e-02,-3.318999999999999728e-02,-3.228999999999999926e-02,-3.104000000000000162e-02,-3.377999999999999753e-02,-3.363000000000000017e-02,-3.857000000000000012e-02,-3.762000000000000066e-02,-3.327999999999999708e-02,-3.293999999999999706e-02,-3.237999999999999906e-02,-3.676999999999999713e-02,-3.105000000000000121e-02,-2.920999999999999985e-02,-2.699999999999999969e-02,-2.639000000000000026e-02,-2.649999999999999925e-02,-2.639999999999999986e-02,-2.548999999999999877e-02,-2.515999999999999834e-02,-2.435000000000000012e-02,-2.406000000000000152e-02,-2.323000000000000065e-02,-2.289000000000000062e-02,-2.263000000000000081e-02,-2.206999999999999934e-02,-2.092000000000000109e-02,-2.049000000000000127e-02,-1.994999999999999898e-02,-1.948000000000000079e-02,-1.868999999999999828e-02,-1.833999999999999866e-02,-1.772999999999999923e-02,-1.722999999999999879e-02,-1.679999999999999896e-02,-1.626000000000000015e-02,-1.585999999999999910e-02,-1.529999999999999936e-02,-1.507000000000000006e-02,-1.430999999999999980e-02,-1.400999999999999988e-02,-1.319999999999999993e-02,-1.243999999999999967e-02,-1.169000000000000074e-02,-1.094000000000000007e-02,-1.008000000000000042e-02,-9.320000000000000159e-03,-8.439999999999999586e-03,-7.720000000000000299e-03,-7.089999999999999948e-03,-6.470000000000000057e-03,-5.850000000000000165e-03,-5.130000000000000011e-03,-4.360000000000000160e-03,-3.619999999999999954e-03,-2.820000000000000024e-03,2.809999999999999998e-03,3.609999999999999928e-03,4.349999999999999700e-03,5.109999999999999959e-03,5.810000000000000060e-03,6.420000000000000359e-03,7.029999999999999791e-03,7.649999999999999682e-03,8.420000000000000401e-03,9.289999999999999647e-03,1.004999999999999991e-02,1.090999999999999956e-02,1.162999999999999971e-02,1.235999999999999946e-02,1.311000000000000013e-02,1.389999999999999916e-02,1.423999999999999919e-02,1.499999999999999944e-02,1.520999999999999956e-02,1.577999999999999889e-02,1.617999999999999994e-02,1.669999999999999957e-02,1.710000000000000062e-02,1.757999999999999841e-02,1.814999999999999947e-02,1.845000000000000112e-02,1.922000000000000097e-02,1.966999999999999998e-02,2.010999999999999940e-02,2.051000000000000045e-02,2.162000000000000033e-02,2.213999999999999996e-02,2.234999999999999834e-02,2.265999999999999959e-02,2.344999999999999862e-02,2.369999999999999885e-02,2.443000000000000033e-02,2.471999999999999892e-02,2.559000000000000163e-02,2.568000000000000144e-02,2.568000000000000144e-02,2.625999999999999862e-02,2.851000000000000062e-02,3.036000000000000157e-02,3.611000000000000321e-02,3.166000000000000064e-02,3.212999999999999884e-02,3.237000000000000294e-02,3.638000000000000261e-02,3.742999999999999799e-02,3.239000000000000212e-02,3.250000000000000111e-02,2.998999999999999930e-02,3.121000000000000163e-02,3.209999999999999659e-02,3.318999999999999728e-02,3.475000000000000311e-02,3.613000000000000239e-02,3.735999999999999738e-02,3.835000000000000214e-02,3.776999999999999802e-02,3.953000000000000264e-02,4.014999999999999819e-02,4.179000000000000076e-02,4.259999999999999898e-02,4.152999999999999747e-02,4.127000000000000113e-02,4.291999999999999982e-02,2.129000000000000059e-01,2.119000000000000050e-02,1.729999999999999941e-02,1.720999999999999960e-02,1.782999999999999863e-02,1.762999999999999984e-02,1.777000000000000107e-02,1.888000000000000095e-02,1.984000000000000000e-02,1.846000000000000071e-02,1.786000000000000087e-02,1.786000000000000087e-02,1.614000000000000157e-02,1.374000000000000048e-02,1.255000000000000039e-02,1.186000000000000075e-02,1.018999999999999941e-02,8.909999999999999518e-03,8.340000000000000191e-03,8.089999999999999969e-03,7.340000000000000170e-03,6.029999999999999770e-03,5.060000000000000261e-03,4.210000000000000200e-03,3.350000000000000113e-03,2.439999999999999895e-03,6.499999999999999702e-04,1.508999999999999925e-02,-1.665200000000000014e-01,-1.700000000000000122e-02,-1.387999999999999998e-02,-1.354999999999999954e-02,-1.408000000000000050e-02,-1.412000000000000061e-02,-1.429000000000000062e-02,-1.514000000000000068e-02,-1.585999999999999910e-02,-1.485999999999999995e-02,-1.443000000000000012e-02,-1.444999999999999930e-02,-1.318000000000000074e-02,-1.133999999999999939e-02,-1.048999999999999932e-02,-9.990000000000000616e-03,-8.779999999999999610e-03,-7.849999999999999339e-03,-7.559999999999999880e-03,-7.599999999999999985e-03,-7.009999999999999738e-03,-5.769999999999999955e-03,-4.899999999999999842e-03,-4.139999999999999583e-03,-3.229999999999999798e-03,-9.700000000000000505e-04,1.180000000000000059e-03,3.907999999999999668e-02,4.630999999999999700e-02,5.206000000000000211e-02,5.571000000000000257e-02,5.806999999999999662e-02,5.904000000000000220e-02,5.920000000000000262e-02,5.884000000000000341e-02,5.836000000000000215e-02,5.732999999999999902e-02,5.609999999999999709e-02,5.451000000000000290e-02,5.292000000000000176e-02,5.111999999999999877e-02,4.961999999999999744e-02,4.760999999999999954e-02,4.571999999999999675e-02,4.368999999999999967e-02,4.159000000000000197e-02,3.912999999999999812e-02,3.633999999999999730e-02,3.345000000000000057e-02,2.989999999999999949e-02,2.535000000000000100e-02,1.905000000000000096e-02,1.021000000000000033e-02,-4.969999999999999592e-03,-2.429999999999999868e-03,-4.210000000000000200e-03,-6.380000000000000254e-03,-4.649999999999999620e-03,-1.260000000000000052e-03,3.200000000000000153e-03,9.790000000000000091e-03,1.413999999999999979e-02,1.093000000000000048e-02,6.949999999999999581e-03,2.340000000000000066e-03,4.029999999999999728e-03,6.089999999999999927e-03,4.380000000000000213e-03,6.599999999999999964e-04,-3.840000000000000097e-03,-1.089999999999999997e-02,-1.512999999999999935e-02,-1.158000000000000002e-02,-7.289999999999999605e-03
cmzi*c/cref,-3.002198245614035033e-02,-2.962748920786815315e-02,-3.019658059542796452e-02,-3.125325645933013652e-02,-3.113836044657097499e-02,-3.035555470494417929e-02,-3.032930861244018811e-02,-2.938862456140351256e-02,-3.054817448165869295e-02,-3.012862854864434281e-02,-2.935619457735247004e-02,-2.857509936204146936e-02,-2.734709324827219734e-02,-2.676338553960658923e-02,-2.631557751196172273e-02,-2.556402254120149209e-02,-2.811156874003189685e-02,-2.827619696969696853e-02,-3.261799898989899138e-02,-3.185779999999999862e-02,-2.822076767676767739e-02,-2.797028038277511730e-02,-2.753195140882509079e-02,-3.130669346092503774e-02,-2.660280143540670258e-02,-2.530555007974481796e-02,-2.364904306220095773e-02,-2.336700515683147114e-02,-2.371771132376395558e-02,-2.388056140350876960e-02,-2.330105810738968691e-02,-2.324002849548112426e-02,-2.272459542796384860e-02,-2.268406475279106937e-02,-2.212358017012227424e-02,-2.201869537480063629e-02,-2.198502695374800892e-02,-2.165194891015417150e-02,-2.072381244019138799e-02,-2.049381259968102373e-02,-2.014451515151514938e-02,-1.985624051036682589e-02,-1.922973460925039499e-02,-1.904512961190855599e-02,-1.858124736842105273e-02,-1.822203030303030241e-02,-1.792803827751195817e-02,-1.750729154704944168e-02,-1.722837820308346576e-02,-1.676639234449760901e-02,-1.665855906432748418e-02,-1.595538373205741475e-02,-1.575488181818181926e-02,-1.497031578947368401e-02,-1.422743157894736619e-02,-1.348153444976076844e-02,-1.272128325358851640e-02,-1.181771483253588571e-02,-1.101588325358851539e-02,-1.005652248803827822e-02,-9.263794790005316915e-03,-8.559676714513558132e-03,-7.858487453482191840e-03,-7.148227272727273977e-03,-6.305972727272728118e-03,-5.391379904306220147e-03,-4.502810419989366521e-03,-3.528358213716107847e-03,3.515846305156830783e-03,4.490371717171716924e-03,5.379014354066984603e-03,6.281388038277512832e-03,7.099350505050505689e-03,7.797757256778311066e-03,8.487239393939395582e-03,9.179796650717702428e-03,1.003269186602870865e-02,1.098042440191387276e-02,1.178254306220095741e-02,1.268639856459330070e-02,1.341233923444976224e-02,1.413593684210526051e-02,1.486824545454545551e-02,1.563118181818181837e-02,1.587733503455608652e-02,1.658118022328548477e-02,1.666776650717703354e-02,1.714147591706538867e-02,1.742115481127060050e-02,1.782132376395533999e-02,1.808454545454545731e-02,1.842404561403508667e-02,1.884782456140350615e-02,1.898280382775119346e-02,1.959121881977671578e-02,1.986178511430090193e-02,2.011374189261031648e-02,2.031765741626794311e-02,2.121047283359914909e-02,2.150899234449760861e-02,2.149925039872407906e-02,2.158072865497075860e-02,2.210894922913343719e-02,2.211798405103667861e-02,2.256573514088251048e-02,2.259718149920255173e-02,2.314786236044657011e-02,2.298380478468899785e-02,2.273833620414672865e-02,2.300088410419989099e-02,2.469911786283891797e-02,2.601162807017544029e-02,3.074475661881977823e-02,2.691975236576289038e-02,2.728248660287081045e-02,2.744910606060606620e-02,3.080772897395002777e-02,3.165392020202020124e-02,2.723360154173312328e-02,2.704635832004253365e-02,2.469926018075491864e-02,2.543540334928229632e-02,2.588444338118022284e-02,2.647753864965443973e-02,2.742294125465178853e-02,2.820099202551834550e-02,2.883949686337054785e-02,2.927342557150451954e-02,2.850560733652312412e-02,2.949366714513556795e-02,2.961067836257309793e-02,3.046048883572568047e-02,3.068422966507176886e-02,2.955606863370547482e-02,2.901581584263689811e-02,2.980669643806485927e-02,1.180570680489101687e-01,1.202670499734184023e-02,1.004457682083997883e-02,1.021684779372674171e-02,1.081762498670919490e-02,1.092628856990962224e-02,1.124488623072833655e-02,1.219360935672514530e-02,1.307256650717703202e-02,1.240411897926634727e-02,1.223395757575757546e-02,1.246696363636363644e-02,1.147699011164274481e-02,9.949629984051038337e-03,9.251638490164807577e-03,8.897711217437534112e-03,7.777770760233918175e-03,6.917068421052630436e-03,6.583368102073365417e-03,6.491569112174374809e-03,5.985514407230196551e-03,4.995955980861244497e-03,4.258308771929825327e-03,3.597904944178628803e-03,2.906645933014354380e-03,2.148925252525252325e-03,5.809396597554492090e-04,1.368360558213715938e-02,-9.233848272195641083e-02,-9.648607123870283839e-03,-8.058885911749070347e-03,-8.044060871876661592e-03,-8.542465497076023526e-03,-8.750946943115364349e-03,-9.042736310473151531e-03,-9.778138011695906850e-03,-1.045014641148325242e-02,-9.985114194577352290e-03,-9.884434928229664241e-03,-1.008665311004784508e-02,-9.372164167995748058e-03,-8.211703349282296546e-03,-7.733042849548113148e-03,-7.494783732057417810e-03,-6.701553216374269047e-03,-6.094162413609781163e-03,-5.967657416267942334e-03,-6.098383838383837803e-03,-5.716410898458266013e-03,-4.780541626794258987e-03,-4.123658692185007760e-03,-3.538082296650717565e-03,-2.802527272727272593e-03,-8.542858585858585348e-04,1.054628920786815447e-03,2.050630026581605481e-02,2.515290350877192813e-02,2.923441616161616408e-02,3.230972679425837824e-02,3.474753205741626383e-02,3.641490526315789567e-02,3.760380223285486601e-02,3.845839957469431719e-02,3.921909898989899695e-02,3.958238755980861279e-02,3.976598245614034605e-02,3.964276698564592888e-02,3.946070813397129645e-02,3.905964784688994995e-02,3.882705645933013511e-02,3.813077559808612793e-02,3.745904497607655675e-02,3.660018841041998844e-02,3.560665608718766723e-02,3.422096363636363547e-02,3.245001648059542970e-02,3.048538038277512005e-02,2.780048272195640574e-02,2.403667862838915550e-02,1.841378468899521753e-02,1.005698569909622628e-02,-4.987042264752791429e-03,-3.875598086124401294e-04,-6.714513556618818824e-04,-1.009064327485380231e-03,-7.230861244019137464e-04,-1.925837320574162552e-04,4.805954279638490400e-04,1.444298245614035079e-03,2.048458266879319822e-03,1.568899521531100542e-03,9.976076555023923476e-04,3.732057416267941987e-04,6.427432216905900209e-04,9.631977671451355571e-04,6.811004784688995048e-04,1.008771929824561363e-04,-5.767145135566187613e-04,-1.608054226475279106e-03,-2.191879319510898518e-03,-1.662200956937799146e-03,-1.046411483253588534e-03
cmzo,-5.122000000000000164e-02,-5.065000000000000058e-02,-4.991000000000000297e-02,-4.905999999999999944e-02,-4.812000000000000305e-02,-4.714000000000000135e-02,-4.610999999999999821e-02,-4.506000000000000283e-02,-4.399000000000000132e-02,-4.291999999999999982e-02,-4.184000000000000219e-02,-4.077000000000000068e-02,-3.969000000000000306e-02,-3.862000000000000155e-02,-3.756000000000000311e-02,-3.651999999999999691e-02,-3.547999999999999765e-02,-3.445999999999999758e-02,-3.386000000000000121e-02,-3.375000000000000222e-02,-3.363000000000000017e-02,-3.350999999999999812e-02,-3.339999999999999913e-02,-3.327999999999999708e-02,-3.264000000000000234e-02,-3.153999999999999859e-02,-3.048000000000000015e-02,-2.942000000000000171e-02,-2.838999999999999857e-02,-2.736999999999999850e-02,-2.638000000000000067e-02,-2.539999999999999897e-02,-2.443999999999999992e-02,-2.349000000000000046e-02,-2.255000000000000060e-02,-2.162999999999999992e-02,-2.071999999999999884e-02,-1.983000000000000040e-02,-1.896000000000000116e-02,-1.811000000000000110e-02,-1.727000000000000063e-02,-1.643999999999999975e-02,-1.563000000000000153e-02,-1.482999999999999943e-02,-1.404999999999999999e-02,-1.328000000000000014e-02,-1.251999999999999988e-02,-1.176999999999999921e-02,-1.103999999999999947e-02,-1.031999999999999931e-02,-9.610000000000000486e-03,-8.909999999999999518e-03,-8.229999999999999469e-03,-7.550000000000000287e-03,-6.890000000000000291e-03,-6.239999999999999887e-03,-5.599999999999999943e-03,-4.969999999999999592e-03,-4.360000000000000160e-03,-3.749999999999999861e-03,-3.220000000000000206e-03,-2.769999999999999893e-03,-2.330000000000000040e-03,-1.889999999999999970e-03,-1.459999999999999926e-03,-1.039999999999999909e-03,-6.199999999999999999e-04,-2.000000000000000096e-04,2.000000000000000096e-04,6.199999999999999999e-04,1.039999999999999909e-03,1.459999999999999926e-03,1.889999999999999970e-03,2.330000000000000040e-03,2.769999999999999893e-03,3.220000000000000206e-03,3.749999999999999861e-03,4.360000000000000160e-03,4.980000000000000052e-03,5.610000000000000403e-03,6.250000000000000347e-03,6.899999999999999883e-03,7.559999999999999880e-03,8.240000000000000796e-03,8.930000000000000437e-03,9.629999999999999671e-03,1.034000000000000023e-02,1.106000000000000039e-02,1.179000000000000013e-02,1.254000000000000080e-02,1.329999999999999932e-02,1.408000000000000050e-02,1.485999999999999995e-02,1.566000000000000031e-02,1.648000000000000159e-02,1.730999999999999900e-02,1.814999999999999947e-02,1.900999999999999912e-02,1.987999999999999837e-02,2.077999999999999986e-02,2.169000000000000095e-02,2.262000000000000122e-02,2.355000000000000149e-02,2.450000000000000094e-02,2.546999999999999958e-02,2.645000000000000129e-02,2.744999999999999871e-02,2.846999999999999878e-02,2.949999999999999845e-02,3.056000000000000036e-02,3.162999999999999839e-02,3.273000000000000215e-02,3.337999999999999995e-02,3.348999999999999894e-02,3.361000000000000099e-02,3.371999999999999997e-02,3.384000000000000202e-02,3.395999999999999713e-02,3.454999999999999738e-02,3.558000000000000052e-02,3.660999999999999671e-02,3.765999999999999903e-02,3.871999999999999748e-02,3.978999999999999898e-02,4.086999999999999661e-02,4.193999999999999811e-02,4.302000000000000268e-02,4.408999999999999725e-02,4.515000000000000263e-02,4.619999999999999801e-02,4.721999999999999809e-02,4.819999999999999979e-02,4.913000000000000006e-02,4.995999999999999747e-02,5.068999999999999895e-02,5.124000000000000082e-02,-2.437999999999999889e-02,-2.296000000000000124e-02,-2.160000000000000114e-02,-2.028999999999999901e-02,-1.902999999999999831e-02,-1.781999999999999904e-02,-1.666000000000000120e-02,-1.554999999999999959e-02,-1.447000000000000022e-02,-1.344000000000000056e-02,-1.246000000000000059e-02,-1.149999999999999981e-02,-1.059000000000000045e-02,-9.709999999999999881e-03,-8.859999999999999820e-03,-8.049999999999999864e-03,-7.259999999999999960e-03,-6.510000000000000162e-03,-5.780000000000000415e-03,-5.069999999999999854e-03,-4.389999999999999805e-03,-3.739999999999999835e-03,-3.109999999999999917e-03,-2.500000000000000052e-03,-1.910000000000000022e-03,-1.340000000000000045e-03,-7.900000000000000121e-04,-2.599999999999999772e-04,2.435999999999999971e-02,2.291999999999999940e-02,2.154000000000000012e-02,2.021999999999999839e-02,1.896000000000000116e-02,1.773999999999999883e-02,1.658000000000000099e-02,1.545999999999999978e-02,1.439000000000000001e-02,1.336000000000000035e-02,1.237000000000000079e-02,1.141999999999999960e-02,1.051000000000000024e-02,9.629999999999999671e-03,8.789999999999999203e-03,7.979999999999999247e-03,7.199999999999999803e-03,6.450000000000000004e-03,5.720000000000000258e-03,5.029999999999999749e-03,4.349999999999999700e-03,3.700000000000000164e-03,3.069999999999999812e-03,2.469999999999999973e-03,1.879999999999999944e-03,1.319999999999999993e-03,7.699999999999999597e-04,-0.000000000000000000e+00,-0.000000000000000000e+00,-0.000000000000000000e+00,-0.000000000000000000e+00,-0.000000000000000000e+00,-0.000000000000000000e+00,-0.000000000000000000e+00,-0.000000000000000000e+00,-0.000000000000000000e+00,-0.000000000000000000e+00,-0.000000000000000000e+00,-0.000000000000000000e+00,-0.000000000000000000e+00,-0.000000000000000000e+00,-0.000000000000000000e+00,-0.000000000000000000e+00,-0.000000000000000000e+00,-0.000000000000000000e+00,-0.000000000000000000e+00,-0.000000000000000000e+00,-0.000000000000000000e+00,-0.000000000000000000e+00,-0.000000000000000000e+00,-0.000000000000000000e+00,-0.000000000000000000e+00,-0.000000000000000000e+00,-0.000000000000000000e+00,-2.500000000000000139e-02,-2.578000000000000083e-02,-3.558999999999999664e-02,-5.498000000000000109e-02,-7.514999999999999458e-02,-9.614999999999999936e-02,-1.180400000000000060e-01,-1.408699999999999952e-01,-1.545600000000000029e-01,-1.584099999999999953e-01,2.500000000000000139e-02,2.578000000000000083e-02,3.558999999999999664e-02,5.498000000000000109e-02,7.514999999999999458e-02,9.614999999999999936e-02,1.180500000000000022e-01,1.408699999999999952e-01,1.545600000000000029e-01,1.584099999999999953e-01
cmzo*c/cref,-3.557080595427963843e-02,-3.561063902179691792e-02,-3.551994667729931054e-02,-3.533728421052631519e-02,-3.507438915470494772e-02,-3.476581265284423017e-02,-3.440306076555023351e-02,-3.400748389154704954e-02,-3.357856560340244378e-02,-3.313145624667730021e-02,-3.265788835725678269e-02,-3.217362057416268267e-02,-3.166295598086124596e-02,-3.114196895268474263e-02,-3.061050143540670204e-02,-3.007725847953216305e-02,-2.952630132908027477e-02,-2.897406326422115666e-02,-2.863483136629452544e-02,-2.858056220095693892e-02,-2.851756060606060877e-02,-2.845428341307814843e-02,-2.839923338649654252e-02,-2.833523955342902301e-02,-2.796507049441786588e-02,-2.732410303030302981e-02,-2.669714194577352262e-02,-2.604991632110579408e-02,-2.540927639553429082e-02,-2.475799112174375052e-02,-2.411462977139819386e-02,-2.346171398192450561e-02,-2.280858777246145414e-02,-2.214666172248803966e-02,-2.147596783625730851e-02,-2.080665709728867288e-02,-2.012946347687400231e-02,-1.945437910685805447e-02,-1.878219330143540700e-02,-1.811336975013291134e-02,-1.743838479532163616e-02,-1.675752535885167635e-02,-1.608136714513556595e-02,-1.540017841573630870e-02,-1.472456432748537984e-02,-1.404460606060606125e-02,-1.336065709728867512e-02,-1.267286725146198577e-02,-1.199251547049441646e-02,-1.130909601275916984e-02,-1.062300946305156681e-02,-9.934484210526313766e-03,-9.255009090909092559e-03,-8.562566985645933548e-03,-7.879984210526314731e-03,-7.196302392344497943e-03,-6.511808612440191449e-03,-5.826789952153109582e-03,-5.153353110047846110e-03,-4.468241626794258389e-03,-3.863914407230197023e-03,-3.344189633173844101e-03,-2.830027166400851148e-03,-2.309427272727272804e-03,-1.794682296650717797e-03,-1.286017224880382521e-03,-7.711995746943114266e-04,-2.502381711855396055e-04,2.502381711855396055e-04,7.711995746943114266e-04,1.286017224880382521e-03,1.794682296650717797e-03,2.309427272727272804e-03,2.830027166400851148e-03,3.344189633173844101e-03,3.863914407230197023e-03,4.468241626794258389e-03,5.153353110047846110e-03,5.838513875598086260e-03,6.523436842105263637e-03,7.207834928229666510e-03,7.891421052631577074e-03,8.573908133971292270e-03,9.266254545454547659e-03,9.956783838383838348e-03,1.064511770334928067e-02,1.133101286549707647e-02,1.201424104199893747e-02,1.269440143540669780e-02,1.338199999999999980e-02,1.406575757575757521e-02,1.475600467836257410e-02,1.543133184476342193e-02,1.611223349282296310e-02,1.679829792663477261e-02,1.747877480063795771e-02,1.815337719298245819e-02,1.883172440191387478e-02,1.950343200425305734e-02,2.018775342902711517e-02,2.086437320574162715e-02,2.154263381180223161e-02,2.220323046251993643e-02,2.286458266879319579e-02,2.352637224880382849e-02,2.417861855396066101e-02,2.483035645933014124e-02,2.548087703349282210e-02,2.612075225943646592e-02,2.676721318447634196e-02,2.740207288676236100e-02,2.804218006379585737e-02,2.842038149920255233e-02,2.847575826687931758e-02,2.853919622541201476e-02,2.859387878787878964e-02,2.865677703349282443e-02,2.871939968102072901e-02,2.904973551302498375e-02,2.960952089314194610e-02,3.015138096757044237e-02,3.069199904306220070e-02,3.122260584795321509e-02,3.174273163211058235e-02,3.225253551302498939e-02,3.273594258373205973e-02,3.320864976076555453e-02,3.365489787347155509e-02,3.407540829346093064e-02,3.447021052631578375e-02,3.482481275917065355e-02,3.513270069112174598e-02,3.538770430622008994e-02,3.555553067517278065e-02,3.563876193514087937e-02,3.558469537480064143e-02,-1.351917012227538649e-02,-1.303129526847421858e-02,-1.254120574162679615e-02,-1.204531329080276575e-02,-1.154567602339181057e-02,-1.104404210526315627e-02,-1.054247634237107968e-02,-1.004293567251461974e-02,-9.534276076555023988e-03,-9.030951196172249187e-03,-8.535000637958532407e-03,-8.027440191387558849e-03,-7.530441467304626116e-03,-7.031361509835194756e-03,-6.531435619351409066e-03,-6.039340244550770939e-03,-5.541375438596491884e-03,-5.053885007974481466e-03,-4.562574056353003657e-03,-4.068263955342902791e-03,-3.579892131844763289e-03,-3.098652631578947478e-03,-2.617260925039872552e-03,-2.136523125996810622e-03,-1.657222009569378138e-03,-1.180147474747474719e-03,-7.060651249335460084e-04,-2.357678894205209649e-04,1.350807974481658784e-02,1.300859266347687525e-02,1.250636905901116556e-02,1.200375725677830900e-02,1.150320637958532691e-02,1.099446166932482524e-02,1.049185220627325832e-02,9.984809356725144955e-03,9.481564114832535459e-03,8.977195534290270326e-03,8.473351355661882384e-03,7.971597129186602793e-03,7.473554279638490623e-03,6.973430622009569799e-03,6.479832854864434055e-03,5.986824242424242104e-03,5.495578947368421653e-03,5.007305422647527308e-03,4.515211695906433051e-03,4.036167198298776931e-03,3.547273524720892697e-03,3.065511961722488469e-03,2.583598405103668377e-03,2.110884848484848725e-03,1.631192344497607799e-03,1.162533333333333257e-03,6.881900584795320715e-04,-0.000000000000000000e+00,-0.000000000000000000e+00,-0.000000000000000000e+00,-0.000000000000000000e+00,-0.000000000000000000e+00,-0.000000000000000000e+00,-0.000000000000000000e+00,-0.000000000000000000e+00,-0.000000000000000000e+00,-0.000000000000000000e+00,-0.000000000000000000e+00,-0.000000000000000000e+00,-0.000000000000000000e+00,-0.000000000000000000e+00,-0.000000000000000000e+00,-0.000000000000000000e+00,-0.000000000000000000e+00,-0.000000000000000000e+00,-0.000000000000000000e+00,-0.000000000000000000e+00,-0.000000000000000000e+00,-0.000000000000000000e+00,-0.000000000000000000e+00,-0.000000000000000000e+00,-0.000000000000000000e+00,-0.000000000000000000e+00,-0.000000000000000000e+00,-3.987240829346092204e-03,-4.111642743221690342e-03,-5.628934077618287166e-03,-8.549521531100476995e-03,-1.148624401913875444e-02,-1.444039074960127601e-02,-1.741419457735247228e-02,-2.040780170122275319e-02,-2.218564593301435364e-02,-2.273827751196172073e-02,3.987240829346092204e-03,4.111642743221690342e-03,5.628934077618287166e-03,8.549521531100476995e-03,1.148624401913875444e-02,1.444039074960127601e-02,1.741566985645933222e-02,2.040780170122275319e-02,2.218564593301435364e-02,2.273827751196172073e-02
cs,6.110000000000000153e-02,-3.129999999999999970e-03,-6.960000000000000041e-03,-8.689999999999999808e-03,-9.830000000000000196e-03,-1.064000000000000015e-02,-1.124999999999999958e-02,-1.171999999999999952e-02,-1.220000000000000077e-02,-1.271000000000000081e-02,-1.297000000000000063e-02,-1.324999999999999963e-02,-1.354999999999999954e-02,-1.387999999999999998e-02,-1.403000000000000080e-02,-1.429000000000000062e-02,-1.454000000000000084e-02,-1.418999999999999949e-02,-1.352000000000000077e-02,-1.498000000000000026e-02,-1.502999999999999996e-02,-1.463000000000000064e-02,-1.499999999999999944e-02,-2.000000000000000042e-02,-1.570999999999999827e-02,-1.553999999999999999e-02,-1.555999999999999918e-02,-1.558000000000000010e-02,-1.570999999999999827e-02,-1.580000000000000154e-02,-1.587999999999999828e-02,-1.601999999999999952e-02,-1.611999999999999891e-02,-1.614000000000000157e-02,-1.620999999999999872e-02,-1.628999999999999893e-02,-1.634000000000000036e-02,-1.637999999999999873e-02,-1.643000000000000016e-02,-1.646999999999999853e-02,-1.651999999999999996e-02,-1.654999999999999874e-02,-1.657000000000000139e-02,-1.666000000000000120e-02,-1.670999999999999916e-02,-1.671999999999999875e-02,-1.677999999999999978e-02,-1.683000000000000121e-02,-1.686999999999999958e-02,-1.689999999999999836e-02,-1.691000000000000142e-02,-1.697999999999999857e-02,-1.700000000000000122e-02,-1.699000000000000163e-02,-1.699000000000000163e-02,-1.696999999999999897e-02,-1.691000000000000142e-02,-1.680999999999999855e-02,-1.676000000000000059e-02,-1.674000000000000141e-02,-1.677999999999999978e-02,-1.679999999999999896e-02,-1.680999999999999855e-02,-1.702000000000000041e-02,-1.694999999999999979e-02,-1.675000000000000100e-02,-1.666000000000000120e-02,-1.649000000000000118e-02,1.648000000000000159e-02,1.665000000000000160e-02,1.674000000000000141e-02,1.694999999999999979e-02,1.701000000000000081e-02,1.680999999999999855e-02,1.679999999999999896e-02,1.677999999999999978e-02,1.675000000000000100e-02,1.677999999999999978e-02,1.684000000000000080e-02,1.694000000000000020e-02,1.701000000000000081e-02,1.703000000000000000e-02,1.703000000000000000e-02,1.704999999999999918e-02,1.703000000000000000e-02,1.696999999999999897e-02,1.696999999999999897e-02,1.694999999999999979e-02,1.691000000000000142e-02,1.685999999999999999e-02,1.680999999999999855e-02,1.679999999999999896e-02,1.675000000000000100e-02,1.667000000000000079e-02,1.665000000000000160e-02,1.662999999999999895e-02,1.658000000000000099e-02,1.652999999999999955e-02,1.649000000000000118e-02,1.644999999999999934e-02,1.641000000000000097e-02,1.633000000000000076e-02,1.626000000000000015e-02,1.625000000000000056e-02,1.616000000000000075e-02,1.600999999999999993e-02,1.592999999999999972e-02,1.584999999999999951e-02,1.572000000000000133e-02,1.569999999999999868e-02,1.568999999999999909e-02,1.585999999999999910e-02,2.025000000000000064e-02,1.515999999999999986e-02,1.477000000000000014e-02,1.516999999999999946e-02,1.510000000000000057e-02,1.363999999999999935e-02,1.431999999999999940e-02,1.468000000000000034e-02,1.443000000000000012e-02,1.416000000000000071e-02,1.401999999999999948e-02,1.367999999999999945e-02,1.336999999999999994e-02,1.310000000000000053e-02,1.281999999999999980e-02,1.230000000000000017e-02,1.183000000000000024e-02,1.135000000000000071e-02,1.073999999999999955e-02,9.919999999999999998e-03,8.750000000000000833e-03,6.960000000000000041e-03,3.040000000000000167e-03,-6.217000000000000304e-02,3.568999999999999950e-02,2.259999999999999856e-03,1.299999999999999940e-03,1.129999999999999928e-03,1.090000000000000040e-03,1.039999999999999909e-03,1.059999999999999961e-03,1.319999999999999993e-03,1.420000000000000038e-03,1.260000000000000052e-03,1.240000000000000000e-03,1.389999999999999960e-03,1.260000000000000052e-03,8.999999999999999754e-04,8.300000000000000086e-04,8.499999999999999526e-04,7.600000000000000418e-04,6.300000000000000261e-04,6.400000000000000524e-04,7.600000000000000418e-04,7.399999999999999894e-04,5.900000000000000296e-04,5.299999999999999807e-04,4.899999999999999842e-04,4.400000000000000157e-04,3.600000000000000227e-04,6.000000000000000152e-05,3.720000000000000216e-03,-2.791000000000000078e-02,-1.799999999999999951e-03,-1.030000000000000100e-03,-8.499999999999999526e-04,-8.199999999999999824e-04,-8.099999999999999561e-04,-8.400000000000000348e-04,-1.039999999999999909e-03,-1.129999999999999928e-03,-1.020000000000000073e-03,-1.010000000000000047e-03,-1.129999999999999928e-03,-1.039999999999999909e-03,-7.699999999999999597e-04,-7.299999999999999632e-04,-7.600000000000000418e-04,-6.800000000000000488e-04,-5.999999999999999474e-04,-6.300000000000000261e-04,-8.000000000000000383e-04,-7.900000000000000121e-04,-6.199999999999999999e-04,-5.699999999999999772e-04,-5.199999999999999544e-04,-4.400000000000000157e-04,-4.000000000000000327e-05,3.899999999999999929e-04,6.130000000000000032e-03,7.570000000000000340e-03,8.840000000000000635e-03,9.790000000000000091e-03,1.054000000000000076e-02,1.107999999999999957e-02,1.145999999999999970e-02,1.175000000000000003e-02,1.199000000000000066e-02,1.212000000000000056e-02,1.218999999999999945e-02,1.217000000000000026e-02,1.210999999999999924e-02,1.197999999999999933e-02,1.188999999999999953e-02,1.166000000000000023e-02,1.141999999999999960e-02,1.111000000000000008e-02,1.074999999999999914e-02,1.026000000000000002e-02,9.629999999999999671e-03,8.940000000000000030e-03,8.030000000000000679e-03,6.810000000000000081e-03,5.040000000000000209e-03,2.520000000000000104e-03,-1.860000000000000108e-03,3.109999999999999917e-03,5.879999999999999810e-03,8.529999999999999388e-03,6.680000000000000174e-03,3.599999999999999901e-03,-5.000000000000000104e-04,-4.789999999999999987e-03,-6.340000000000000149e-03,-4.129999999999999991e-03,-1.760000000000000063e-03,-3.040000000000000167e-03,-5.669999999999999693e-03,-8.189999999999999364e-03,-6.360000000000000202e-03,-2.929999999999999879e-03,1.119999999999999902e-03,5.539999999999999786e-03,6.879999999999999831e-03,4.530000000000000172e-03,1.959999999999999937e-03
cs*c/cref,4.243217969165338083e-02,-2.200617969165337591e-03,-4.953292503987240594e-03,-6.259294736842105009e-03,-7.165030037214248360e-03,-7.847014141414141927e-03,-8.393720095693779637e-03,-8.845266560340243889e-03,-9.312536948431685349e-03,-9.811295640616694499e-03,-1.012363317384370152e-02,-1.045622939925571621e-02,-1.080960074428495565e-02,-1.119240106326422138e-02,-1.143411435406698623e-02,-1.176900393407761918e-02,-1.210012461456672073e-02,-1.193099122807017402e-02,-1.143363615098351958e-02,-1.268553545986177492e-02,-1.274513636363636473e-02,-1.242274444444444424e-02,-1.275414673046251952e-02,-1.702838915470494471e-02,-1.345990372142477284e-02,-1.346279521531100476e-02,-1.362885592769803172e-02,-1.379529898989898841e-02,-1.406057527910685619e-02,-1.429215417331206918e-02,-1.451631238702817510e-02,-1.479750622009569361e-02,-1.504396214779372444e-02,-1.521699106858054318e-02,-1.543793519404571858e-02,-1.566992344497607215e-02,-1.587429696969697157e-02,-1.606972918660286992e-02,-1.627591961722487865e-02,-1.647306459330143483e-02,-1.668107219564061647e-02,-1.686964992025518154e-02,-1.704851270600744179e-02,-1.730053758639021888e-02,-1.751227543859648975e-02,-1.768266666666666598e-02,-1.790669537480063522e-02,-1.812101578947368508e-02,-1.832551956406166735e-02,-1.851974056353003495e-02,-1.869251717171717050e-02,-1.893238405103667837e-02,-1.911727272727273275e-02,-1.926861100478469147e-02,-1.943119473684210355e-02,-1.957071339712918717e-02,-1.966333636363636408e-02,-1.970791531100478389e-02,-1.980967846889952061e-02,-1.994623062200957114e-02,-2.013555396065922279e-02,-2.028244976076555225e-02,-2.041749213184476316e-02,-2.079706464646464970e-02,-2.083552392344497836e-02,-2.071229665071770351e-02,-2.072287889420521001e-02,-2.063213721424773939e-02,2.061962530568846319e-02,2.071044019138755868e-02,2.069993110047846710e-02,2.083552392344497836e-02,2.078484545454545654e-02,2.041749213184476316e-02,2.028244976076555225e-02,2.013555396065922279e-02,1.995814593301435680e-02,1.983331770334927774e-02,1.974308708133971219e-02,1.969822105263157805e-02,1.961684354066985797e-02,1.947694210526315639e-02,1.931397559808612635e-02,1.917350000000000304e-02,1.898813312068048723e-02,1.875884189261031038e-02,1.859644954811270554e-02,1.841242185007974444e-02,1.820715252525252625e-02,1.799206698564593046e-02,1.777784848484848315e-02,1.760659649122806730e-02,1.739399787347155682e-02,1.715140053163211054e-02,1.697158133971292046e-02,1.679214471026049815e-02,1.658308506113769648e-02,1.637498181818181769e-02,1.617764556087187763e-02,1.598116188197767212e-02,1.578535566188197722e-02,1.555221972355130301e-02,1.533012854864433845e-02,1.516528442317915948e-02,1.492682275385433244e-02,1.463514869750132986e-02,1.440974784688995106e-02,1.418587639553428939e-02,1.391926188197767193e-02,1.375148059542796210e-02,1.359274497607655501e-02,1.358841967038809141e-02,1.724124401913875587e-02,1.289019096225411942e-02,1.254162238171185537e-02,1.286385353535353555e-02,1.278715523657628951e-02,1.153511812865496908e-02,1.204029558745348116e-02,1.221663200425305781e-02,1.188430558213716265e-02,1.154006124401913899e-02,1.130529271664008559e-02,1.091330909090909053e-02,1.055092732589048461e-02,1.022510366826156342e-02,9.896208506113769038e-03,9.388869218500796657e-03,8.928285273790538198e-03,8.468330940988835071e-03,7.920764274322169424e-03,7.230630515683147269e-03,6.302511961722488329e-03,4.953292503987240594e-03,2.137341414141414372e-03,-4.317526368952685073e-02,1.979077857522594519e-02,1.282697182349814028e-03,7.547947900053164107e-04,6.708331206804891674e-04,6.613130249867091694e-04,6.445456671982986198e-04,6.707698032961190637e-04,8.525192982456140109e-04,9.356373205741626070e-04,8.466516746411483071e-04,8.493901116427431163e-04,9.702732057416266556e-04,8.959732057416269638e-04,6.517224880382775209e-04,6.118613503455609410e-04,6.376943115364168456e-04,5.800888888888890149e-04,4.890856459330143215e-04,5.051985114300904401e-04,6.098383838383838454e-04,6.034442317916002005e-04,4.888248803827751525e-04,4.460283891547049402e-04,4.187585326953748217e-04,3.817684210526316115e-04,3.170545454545454535e-04,5.362519936204146513e-05,3.373294417862839154e-03,-1.547662174375332572e-02,-1.021617224880382816e-03,-5.980297182349815022e-04,-5.046089845826687900e-04,-4.975015417331206218e-04,-5.020019138755979927e-04,-5.315534290271132448e-04,-6.716818713450291517e-04,-7.445564593301434242e-04,-6.853846889952153014e-04,-6.918419457735247146e-04,-7.887832535885166540e-04,-7.395334396597554429e-04,-5.575847953216373984e-04,-5.381431153641680213e-04,-5.701737373737374723e-04,-5.190269005847954458e-04,-4.657958532695374051e-04,-4.973047846889951584e-04,-6.419351408825092710e-04,-6.442174906964380065e-04,-5.136803827751196261e-04,-4.796909090909091153e-04,-4.443968102073365023e-04,-3.817684210526316115e-04,-3.522828282828282967e-05,3.485637958532694929e-04,3.216571664008506266e-03,4.111584529505582335e-03,4.964122913343966929e-03,5.677835672514620381e-03,6.306853588516746906e-03,6.833962573099414128e-03,7.279384688995214903e-03,7.679914938862308568e-03,8.057522222222222516e-03,8.368019138755981509e-03,8.640772301967037869e-03,8.850714992025518132e-03,9.030029771398192032e-03,9.153649867091970954e-03,9.303782775119616086e-03,9.338476023391812861e-03,9.356568102073366255e-03,9.307120467836257904e-03,9.203451621477936467e-03,8.972836363636363735e-03,8.599165071770335095e-03,8.147662200956938550e-03,7.466149707602339619e-03,6.457190590111642516e-03,4.871678468899521587e-03,2.482233492822966819e-03,-1.866377990430622292e-03,4.960127591706538523e-04,9.377990430622008431e-04,1.349109516214779285e-03,1.038755980861243936e-03,5.502392344497607137e-04,-7.509303561935140234e-05,-7.066586921850079696e-04,-9.184742158426370193e-04,-5.928229665071770363e-04,-2.526315789473684132e-04,-4.848484848484848372e-04,-9.043062200956936353e-04,-1.295334928229664988e-03,-9.889952153110045940e-04,-4.478335991493885429e-04,1.682083997873471477e-04,8.173046251993620415e-04,9.967038809144072170e-04,6.502392344497607592e-04,2.813397129186602746e-04
csi,6.110000000000000153e-02,-3.139999999999999996e-03,-6.960000000000000041e-03,-8.689999999999999808e-03,-9.830000000000000196e-03,-1.064999999999999974e-02,-1.124999999999999958e-02,-1.173000000000000084e-02,-1.220000000000000077e-02,-1.271000000000000081e-02,-1.298000000000000022e-02,-1.324999999999999963e-02,-1.354999999999999954e-02,-1.387999999999999998e-02,-1.403000000000000080e-02,-1.429000000000000062e-02,-1.455000000000000043e-02,-1.418999999999999949e-02,-1.353000000000000036e-02,-1.498000000000000026e-02,-1.503999999999999955e-02,-1.464000000000000024e-02,-1.499999999999999944e-02,-2.000000000000000042e-02,-1.570999999999999827e-02,-1.553999999999999999e-02,-1.555999999999999918e-02,-1.558000000000000010e-02,-1.572000000000000133e-02,-1.580000000000000154e-02,-1.587999999999999828e-02,-1.602999999999999911e-02,-1.611999999999999891e-02,-1.614000000000000157e-02,-1.621999999999999831e-02,-1.629999999999999852e-02,-1.634999999999999995e-02,-1.637999999999999873e-02,-1.643000000000000016e-02,-1.648000000000000159e-02,-1.652999999999999955e-02,-1.655999999999999833e-02,-1.658000000000000099e-02,-1.667000000000000079e-02,-1.671999999999999875e-02,-1.672999999999999834e-02,-1.678999999999999937e-02,-1.684000000000000080e-02,-1.687999999999999917e-02,-1.691000000000000142e-02,-1.692000000000000101e-02,-1.699000000000000163e-02,-1.701000000000000081e-02,-1.700000000000000122e-02,-1.700000000000000122e-02,-1.697999999999999857e-02,-1.692000000000000101e-02,-1.682000000000000162e-02,-1.677000000000000018e-02,-1.675000000000000100e-02,-1.678999999999999937e-02,-1.679999999999999896e-02,-1.682000000000000162e-02,-1.702000000000000041e-02,-1.695999999999999938e-02,-1.675000000000000100e-02,-1.667000000000000079e-02,-1.649000000000000118e-02,1.648000000000000159e-02,1.665000000000000160e-02,1.674000000000000141e-02,1.694999999999999979e-02,1.702000000000000041e-02,1.682000000000000162e-02,1.680999999999999855e-02,1.678999999999999937e-02,1.677000000000000018e-02,1.678999999999999937e-02,1.685000000000000039e-02,1.694999999999999979e-02,1.702000000000000041e-02,1.703999999999999959e-02,1.703999999999999959e-02,1.705999999999999878e-02,1.703999999999999959e-02,1.697999999999999857e-02,1.697999999999999857e-02,1.695999999999999938e-02,1.692000000000000101e-02,1.686999999999999958e-02,1.682000000000000162e-02,1.680999999999999855e-02,1.676000000000000059e-02,1.668000000000000038e-02,1.666000000000000120e-02,1.662999999999999895e-02,1.659000000000000058e-02,1.653999999999999915e-02,1.649000000000000118e-02,1.645999999999999894e-02,1.641000000000000097e-02,1.634000000000000036e-02,1.626999999999999974e-02,1.625000000000000056e-02,1.616000000000000075e-02,1.600999999999999993e-02,1.592999999999999972e-02,1.584999999999999951e-02,1.572000000000000133e-02,1.570999999999999827e-02,1.568999999999999909e-02,1.586999999999999869e-02,2.025000000000000064e-02,1.515999999999999986e-02,1.477999999999999974e-02,1.516999999999999946e-02,1.511000000000000017e-02,1.365000000000000067e-02,1.433000000000000072e-02,1.468000000000000034e-02,1.443000000000000012e-02,1.417000000000000030e-02,1.401999999999999948e-02,1.367999999999999945e-02,1.337999999999999953e-02,1.310000000000000053e-02,1.282999999999999939e-02,1.230999999999999976e-02,1.183000000000000024e-02,1.135000000000000071e-02,1.073999999999999955e-02,9.919999999999999998e-03,8.750000000000000833e-03,6.960000000000000041e-03,3.040000000000000167e-03,-6.217000000000000304e-02,3.568999999999999950e-02,2.259999999999999856e-03,1.299999999999999940e-03,1.129999999999999928e-03,1.090000000000000040e-03,1.039999999999999909e-03,1.059999999999999961e-03,1.319999999999999993e-03,1.420000000000000038e-03,1.260000000000000052e-03,1.240000000000000000e-03,1.389999999999999960e-03,1.260000000000000052e-03,8.999999999999999754e-04,8.300000000000000086e-04,8.499999999999999526e-04,7.600000000000000418e-04,6.300000000000000261e-04,6.400000000000000524e-04,7.600000000000000418e-04,7.399999999999999894e-04,5.900000000000000296e-04,5.299999999999999807e-04,4.899999999999999842e-04,4.400000000000000157e-04,3.600000000000000227e-04,6.000000000000000152e-05,3.720000000000000216e-03,-2.791000000000000078e-02,-1.799999999999999951e-03,-1.030000000000000100e-03,-8.499999999999999526e-04,-8.199999999999999824e-04,-8.099999999999999561e-04,-8.400000000000000348e-04,-1.039999999999999909e-03,-1.129999999999999928e-03,-1.020000000000000073e-03,-1.010000000000000047e-03,-1.129999999999999928e-03,-1.039999999999999909e-03,-7.699999999999999597e-04,-7.299999999999999632e-04,-7.600000000000000418e-04,-6.800000000000000488e-04,-5.999999999999999474e-04,-6.300000000000000261e-04,-8.000000000000000383e-04,-7.900000000000000121e-04,-6.199999999999999999e-04,-5.699999999999999772e-04,-5.199999999999999544e-04,-4.400000000000000157e-04,-4.000000000000000327e-05,3.899999999999999929e-04,6.130000000000000032e-03,7.570000000000000340e-03,8.840000000000000635e-03,9.790000000000000091e-03,1.054000000000000076e-02,1.107999999999999957e-02,1.145999999999999970e-02,1.175000000000000003e-02,1.199000000000000066e-02,1.212000000000000056e-02,1.218999999999999945e-02,1.217000000000000026e-02,1.210999999999999924e-02,1.197999999999999933e-02,1.188999999999999953e-02,1.166000000000000023e-02,1.141999999999999960e-02,1.111000000000000008e-02,1.074999999999999914e-02,1.026000000000000002e-02,9.629999999999999671e-03,8.940000000000000030e-03,8.030000000000000679e-03,6.810000000000000081e-03,5.040000000000000209e-03,2.520000000000000104e-03,-1.860000000000000108e-03,3.109999999999999917e-03,5.879999999999999810e-03,8.529999999999999388e-03,6.680000000000000174e-03,3.599999999999999901e-03,-5.000000000000000104e-04,-4.789999999999999987e-03,-6.340000000000000149e-03,-4.129999999999999991e-03,-1.760000000000000063e-03,-3.040000000000000167e-03,-5.669999999999999693e-03,-8.189999999999999364e-03,-6.360000000000000202e-03,-2.929999999999999879e-03,1.119999999999999902e-03,5.539999999999999786e-03,6.879999999999999831e-03,4.530000000000000172e-03,1.959999999999999937e-03
csi*c/cref,4.243217969165338083e-02,-2.207648697501329253e-03,-4.953292503987240594e-03,-6.259294736842105009e-03,-7.165030037214248360e-03,-7.854389154704943116e-03,-8.393720095693779637e-03,-8.852813716108453093e-03,-9.312536948431685349e-03,-9.811295640616694499e-03,-1.013143859649122923e-02,-1.045622939925571621e-02,-1.080960074428495565e-02,-1.119240106326422138e-02,-1.143411435406698623e-02,-1.176900393407761918e-02,-1.210844657097288717e-02,-1.193099122807017402e-02,-1.144209298245613994e-02,-1.268553545986177492e-02,-1.275361616161616203e-02,-1.243123572567783088e-02,-1.275414673046251952e-02,-1.702838915470494471e-02,-1.345990372142477284e-02,-1.346279521531100476e-02,-1.362885592769803172e-02,-1.379529898989898841e-02,-1.406952535885167520e-02,-1.429215417331206918e-02,-1.451631238702817510e-02,-1.480674311536416682e-02,-1.504396214779372444e-02,-1.521699106858054318e-02,-1.544745890483784946e-02,-1.567954279638490017e-02,-1.588401196172248980e-02,-1.606972918660286992e-02,-1.627591961722487865e-02,-1.648306645401382761e-02,-1.669116969696969599e-02,-1.687984306220095473e-02,-1.705880148856990866e-02,-1.731092206273258938e-02,-1.752275555555555392e-02,-1.769324242424242383e-02,-1.791736682615629669e-02,-1.813178288144604022e-02,-1.833638234981392612e-02,-1.853069898989899086e-02,-1.870357129186602657e-02,-1.894353386496544500e-02,-1.912851818181818611e-02,-1.927995215311004845e-02,-1.944263157894736763e-02,-1.958224593301435487e-02,-1.967496459330143541e-02,-1.971963923444976230e-02,-1.982149808612439917e-02,-1.995814593301435680e-02,-2.014755369484316772e-02,-2.028244976076555225e-02,-2.042963817118554487e-02,-2.079706464646464970e-02,-2.084781626794258644e-02,-2.071229665071770351e-02,-2.073531759702285787e-02,-2.063213721424773939e-02,2.061962530568846319e-02,2.071044019138755868e-02,2.069993110047846710e-02,2.083552392344497836e-02,2.079706464646464970e-02,2.042963817118554487e-02,2.029452264752791210e-02,2.014755369484316772e-02,1.998197655502392464e-02,1.984513732057415977e-02,1.975481100478469060e-02,1.970984928229664937e-02,1.962837607655502567e-02,1.948837894736841700e-02,1.932531674641148334e-02,1.918474545454545641e-02,1.899928293460924691e-02,1.876989601275916644e-02,1.860740797448165798e-02,1.842328463583200321e-02,1.821791961722488140e-02,1.800273843700159193e-02,1.778842424242424447e-02,1.761707660818713148e-02,1.740438234981392732e-02,1.716168931419457394e-02,1.698177448165869366e-02,1.679214471026049815e-02,1.659308692185008233e-02,1.638488803827750986e-02,1.617764556087187763e-02,1.599087687400319036e-02,1.578535566188197722e-02,1.556174343434343389e-02,1.533955667198298733e-02,1.516528442317915948e-02,1.492682275385433244e-02,1.463514869750132986e-02,1.440974784688995106e-02,1.418587639553428939e-02,1.391926188197767193e-02,1.376023950026581365e-02,1.359274497607655501e-02,1.359698740031897897e-02,1.724124401913875587e-02,1.289019096225411942e-02,1.255011366294524200e-02,1.286385353535353555e-02,1.279562355130249747e-02,1.154357496012759117e-02,1.204870361509835161e-02,1.221663200425305781e-02,1.188430558213716265e-02,1.154821100478468920e-02,1.130529271664008559e-02,1.091330909090909053e-02,1.055881881977671632e-02,1.022510366826156342e-02,9.903927857522594469e-03,9.396502445507708134e-03,8.928285273790538198e-03,8.468330940988835071e-03,7.920764274322169424e-03,7.230630515683147269e-03,6.302511961722488329e-03,4.953292503987240594e-03,2.137341414141414372e-03,-4.317526368952685073e-02,1.979077857522594519e-02,1.282697182349814028e-03,7.547947900053164107e-04,6.708331206804891674e-04,6.613130249867091694e-04,6.445456671982986198e-04,6.707698032961190637e-04,8.525192982456140109e-04,9.356373205741626070e-04,8.466516746411483071e-04,8.493901116427431163e-04,9.702732057416266556e-04,8.959732057416269638e-04,6.517224880382775209e-04,6.118613503455609410e-04,6.376943115364168456e-04,5.800888888888890149e-04,4.890856459330143215e-04,5.051985114300904401e-04,6.098383838383838454e-04,6.034442317916002005e-04,4.888248803827751525e-04,4.460283891547049402e-04,4.187585326953748217e-04,3.817684210526316115e-04,3.170545454545454535e-04,5.362519936204146513e-05,3.373294417862839154e-03,-1.547662174375332572e-02,-1.021617224880382816e-03,-5.980297182349815022e-04,-5.046089845826687900e-04,-4.975015417331206218e-04,-5.020019138755979927e-04,-5.315534290271132448e-04,-6.716818713450291517e-04,-7.445564593301434242e-04,-6.853846889952153014e-04,-6.918419457735247146e-04,-7.887832535885166540e-04,-7.395334396597554429e-04,-5.575847953216373984e-04,-5.381431153641680213e-04,-5.701737373737374723e-04,-5.190269005847954458e-04,-4.657958532695374051e-04,-4.973047846889951584e-04,-6.419351408825092710e-04,-6.442174906964380065e-04,-5.136803827751196261e-04,-4.796909090909091153e-04,-4.443968102073365023e-04,-3.817684210526316115e-04,-3.522828282828282967e-05,3.485637958532694929e-04,3.216571664008506266e-03,4.111584529505582335e-03,4.964122913343966929e-03,5.677835672514620381e-03,6.306853588516746906e-03,6.833962573099414128e-03,7.279384688995214903e-03,7.679914938862308568e-03,8.057522222222222516e-03,8.368019138755981509e-03,8.640772301967037869e-03,8.850714992025518132e-03,9.030029771398192032e-03,9.153649867091970954e-03,9.303782775119616086e-03,9.338476023391812861e-03,9.356568102073366255e-03,9.307120467836257904e-03,9.203451621477936467e-03,8.972836363636363735e-03,8.599165071770335095e-03,8.147662200956938550e-03,7.466149707602339619e-03,6.457190590111642516e-03,4.871678468899521587e-03,2.482233492822966819e-03,-1.866377990430622292e-03,4.960127591706538523e-04,9.377990430622008431e-04,1.349109516214779285e-03,1.038755980861243936e-03,5.502392344497607137e-04,-7.509303561935140234e-05,-7.066586921850079696e-04,-9.184742158426370193e-04,-5.928229665071770363e-04,-2.526315789473684132e-04,-4.848484848484848372e-04,-9.043062200956936353e-04,-1.295334928229664988e-03,-9.889952153110045940e-04,-4.478335991493885429e-04,1.682083997873471477e-04,8.173046251993620415e-04,9.967038809144072170e-04,6.502392344497607592e-04,2.813397129186602746e-04
cso,0.000000000000000000e+00,0.000000000000000000e+00,0.000000000000000000e+00,0.000000000000000000e+00,0.000000000000000000e+00,0.000000000000000000e+00,0.000000000000000000e+00,0.000000000000000000e+00,0.000000000000000000e+00,0.000000000000000000e+00,0.000000000000000000e+00,0.000000000000000000e+00,0.000000000000000000e+00,0.000000000000000000e+00,0.000000000000000000e+00,0.000000000000000000e+00,0.000000000000000000e+00,0.000000000000000000e+00,0.000000000000000000e+00,0.000000000000000000e+00,0.000000000000000000e+00,0.000000000000000000e+00,0.000000000000000000e+00,0.000000000000000000e+00,0.000000000000000000e+00,0.000000000000000000e+00,1.000000000000000082e-05,1.000000000000000082e-05,1.000000000000000082e-05,1.000000000000000082e-05,1.000000000000000082e-05,1.000000000000000082e-05,1.000000000000000082e-05,1.000000000000000082e-05,1.000000000000000082e-05,1.000000000000000082e-05,1.000000000000000082e-05,1.000000000000000082e-05,1.000000000000000082e-05,1.000000000000000082e-05,1.000000000000000082e-05,1.000000000000000082e-05,1.000000000000000082e-05,1.000000000000000082e-05,1.000000000000000082e-05,1.000000000000000082e-05,1.000000000000000082e-05,1.000000000000000082e-05,1.000000000000000082e-05,1.000000000000000082e-05,1.000000000000000082e-05,1.000000000000000082e-05,1.000000000000000082e-05,1.000000000000000082e-05,1.000000000000000082e-05,1.000000000000000082e-05,1.000000000000000082e-05,1.000000000000000082e-05,1.000000000000000082e-05,1.000000000000000082e-05,1.000000000000000082e-05,1.000000000000000082e-05,1.000000000000000082e-05,1.000000000000000082e-05,0.000000000000000000e+00,0.000000000000000000e+00,0.000000000000000000e+00,0.000000000000000000e+00,-0.000000000000000000e+00,-0.000000000000000000e+00,-0.000000000000000000e+00,-0.000000000000000000e+00,-1.000000000000000082e-05,-1.000000000000000082e-05,-1.000000000000000082e-05,-1.000000000000000082e-05,-1.000000000000000082e-05,-1.000000000000000082e-05,-1.000000000000000082e-05,-1.000000000000000082e-05,-1.000000000000000082e-05,-1.000000000000000082e-05,-1.000000000000000082e-05,-1.000000000000000082e-05,-1.000000000000000082e-05,-1.000000000000000082e-05,-1.000000000000000082e-05,-1.000000000000000082e-05,-1.000000000000000082e-05,-1.000000000000000082e-05,-1.000000000000000082e-05,-1.000000000000000082e-05,-1.000000000000000082e-05,-1.000000000000000082e-05,-1.000000000000000082e-05,-1.000000000000000082e-05,-1.000000000000000082e-05,-1.000000000000000082e-05,-1.000000000000000082e-05,-1.000000000000000082e-05,-1.000000000000000082e-05,-1.000000000000000082e-05,-1.000000000000000082e-05,-1.000000000000000082e-05,-1.000000000000000082e-05,-1.000000000000000082e-05,-1.000000000000000082e-05,-1.000000000000000082e-05,-1.000000000000000082e-05,-1.000000000000000082e-05,-0.000000000000000000e+00,-0.000000000000000000e+00,-0.000000000000000000e+00,-0.000000000000000000e+00,-0.000000000000000000e+00,-0.000000000000000000e+00,-0.000000000000000000e+00,-0.000000000000000000e+00,-0.000000000000000000e+00,-0.000000000000000000e+00,-0.000000000000000000e+00,-0.000000000000000000e+00,-0.000000000000000000e+00,-0.000000000000000000e+00,-0.000000000000000000e+00,-0.000000000000000000e+00,-0.000000000000000000e+00,-0.000000000000000000e+00,-0.000000000000000000e+00,-0.000000000000000000e+00,-0.000000000000000000e+00,-0.000000000000000000e+00,-0.000000000000000000e+00,-0.000000000000000000e+00,-0.000000000000000000e+00,-0.000000000000000000e+00,0.000000000000000000e+00,0.000000000000000000e+00,0.000000000000000000e+00,0.000000000000000000e+00,0.000000000000000000e+00,0.000000000000000000e+00,0.000000000000000000e+00,0.000000000000000000e+00,0.000000000000000000e+00,0.000000000000000000e+00,0.000000000000000000e+00,0.000000000000000000e+00,0.000000000000000000e+00,0.000000000000000000e+00,0.000000000000000000e+00,0.000000000000000000e+00,0.000000000000000000e+00,0.000000000000000000e+00,0.000000000000000000e+00,0.000000000000000000e+00,0.000000000000000000e+00,0.000000000000000000e+00,0.000000000000000000e+00,0.000000000000000000e+00,0.000000000000000000e+00,0.000000000000000000e+00,0.000000000000000000e+00,0.000000000000000000e+00,0.000000000000000000e+00,0.000000000000000000e+00,0.000000000000000000e+00,0.000000000000000000e+00,0.000000000000000000e+00,0.000000000000000000e+00,0.000000000000000000e+00,0.000000000000000000e+00,0.000000000000000000e+00,0.000000000000000000e+00,0.000000000000000000e+00,0.000000000000000000e+00,0.000000000000000000e+00,0.000000000000000000e+00,0.000000000000000000e+00,0.000000000000000000e+00,0.000000000000000000e+00,0.000000000000000000e+00,0.000000000000000000e+00,0.000000000000000000e+00,0.000000000000000000e+00,0.000000000000000000e+00,0.000000000000000000e+00,0.000000000000000000e+00,0.000000000000000000e+00,0.000000000000000000e+00,0.000000000000000000e+00,0.000000000000000000e+00,0.000000000000000000e+00,0.000000000000000000e+00,0.000000000000000000e+00,0.000000000000000000e+00,0.000000000000000000e+00,0.000000000000000000e+00,0.000000000000000000e+00,0.000000000000000000e+00,0.000000000000000000e+00,0.000000000000000000e+00,0.000000000000000000e+00,0.000000000000000000e+00,0.000000000000000000e+00,0.000000000000000000e+00,0.000000000000000000e+00,0.000000000000000000e+00,0.000000000000000000e+00,0.000000000000000000e+00,0.000000000000000000e+00,0.000000000000000000e+00,0.000000000000000000e+00,0.000000000000000000e+00,0.000000000000000000e+00,0.000000000000000000e+00,0.000000000000000000e+00,0.000000000000000000e+00,0.000000000000000000e+00,0.000000000000000000e+00,0.000000000000000000e+00,0.000000000000000000e+00,0.000000000000000000e+00,0.000000000000000000e+00,0.000000000000000000e+00,0.000000000000000000e+00,0.000000000000000000e+00,0.000000000000000000e+00,0.000000000000000000e+00,0.000000000000000000e+00,0.000000000000000000e+00,0.000000000000000000e+00,0.000000000000000000e+00,0.000000000000000000e+00,0.000000000000000000e+00,0.000000000000000000e+00,0.000000000000000000e+00,0.000000000000000000e+00
cso*c/cref,0.000000000000000000e+00,0.000000000000000000e+00,0.000000000000000000e+00,0.000000000000000000e+00,0.000000000000000000e+00,0.000000000000000000e+00,0.000000000000000000e+00,0.000000000000000000e+00,0.000000000000000000e+00,0.000000000000000000e+00,0.000000000000000000e+00,0.000000000000000000e+00,0.000000000000000000e+00,0.000000000000000000e+00,0.000000000000000000e+00,0.000000000000000000e+00,0.000000000000000000e+00,0.000000000000000000e+00,0.000000000000000000e+00,0.000000000000000000e+00,0.000000000000000000e+00,0.000000000000000000e+00,0.000000000000000000e+00,0.000000000000000000e+00,0.000000000000000000e+00,0.000000000000000000e+00,8.758904837852207238e-06,8.854492291334396516e-06,8.950079744816587487e-06,9.045667198298776765e-06,9.141254651780969431e-06,9.236895268474217127e-06,9.332482721956406404e-06,9.428123338649655794e-06,9.523710792131845072e-06,9.619351408825092768e-06,9.714992025518342158e-06,9.810579479000533130e-06,9.906220095693780826e-06,1.000186071238703022e-05,1.009750132908027622e-05,1.019314194577352561e-05,1.028878256246677330e-05,1.038447634237107942e-05,1.048011695906432881e-05,1.057575757575757650e-05,1.067145135566188093e-05,1.076709197235513032e-05,1.086278575225943643e-05,1.095842636895268582e-05,1.105412014885699024e-05,1.114981392876129635e-05,1.124545454545454913e-05,1.134114832535885355e-05,1.143684210526315797e-05,1.153253588516746578e-05,1.162822966507177020e-05,1.172392344497607801e-05,1.181961722488038243e-05,1.191531100478469024e-05,1.199973418394471160e-05,1.207288676236044990e-05,1.214603934077618481e-05,1.221919191919192142e-05,0.000000000000000000e+00,0.000000000000000000e+00,0.000000000000000000e+00,0.000000000000000000e+00,-0.000000000000000000e+00,-0.000000000000000000e+00,-0.000000000000000000e+00,-0.000000000000000000e+00,-1.221919191919192142e-05,-1.214603934077618481e-05,-1.207288676236044990e-05,-1.199973418394471160e-05,-1.191531100478469024e-05,-1.181961722488038243e-05,-1.172392344497607801e-05,-1.162822966507177020e-05,-1.153253588516746578e-05,-1.143684210526315797e-05,-1.134114832535885355e-05,-1.124545454545454913e-05,-1.114981392876129635e-05,-1.105412014885699024e-05,-1.095842636895268582e-05,-1.086278575225943643e-05,-1.076709197235513032e-05,-1.067145135566188093e-05,-1.057575757575757650e-05,-1.048011695906432881e-05,-1.038447634237107942e-05,-1.028878256246677330e-05,-1.019314194577352561e-05,-1.009750132908027622e-05,-1.000186071238703022e-05,-9.906220095693780826e-06,-9.810579479000533130e-06,-9.714992025518342158e-06,-9.619351408825092768e-06,-9.523710792131845072e-06,-9.428123338649655794e-06,-9.332482721956406404e-06,-9.236895268474217127e-06,-9.141254651780969431e-06,-9.045667198298776765e-06,-8.950079744816587487e-06,-8.854492291334396516e-06,-8.758904837852207238e-06,-0.000000000000000000e+00,-0.000000000000000000e+00,-0.000000000000000000e+00,-0.000000000000000000e+00,-0.000000000000000000e+00,-0.000000000000000000e+00,-0.000000000000000000e+00,-0.000000000000000000e+00,-0.000000000000000000e+00,-0.000000000000000000e+00,-0.000000000000000000e+00,-0.000000000000000000e+00,-0.000000000000000000e+00,-0.000000000000000000e+00,-0.000000000000000000e+00,-0.000000000000000000e+00,-0.000000000000000000e+00,-0.000000000000000000e+00,-0.000000000000000000e+00,-0.000000000000000000e+00,-0.000000000000000000e+00,-0.000000000000000000e+00,-0.000000000000000000e+00,-0.000000000000000000e+00,-0.000000000000000000e+00,-0.000000000000000000e+00,0.000000000000000000e+00,0.000000000000000000e+00,0.000000000000000000e+00,0.000000000000000000e+00,0.000000000000000000e+00,0.000000000000000000e+00,0.000000000000000000e+00,0.000000000000000000e+00,0.000000000000000000e+00,0.000000000000000000e+00,0.000000000000000000e+00,0.000000000000000000e+00,0.000000000000000000e+00,0.000000000000000000e+00,0.000000000000000000e+00,0.000000000000000000e+00,0.000000000000000000e+00,0.000000000000000000e+00,0.000000000000000000e+00,0.000000000000000000e+00,0.000000000000000000e+00,0.000000000000000000e+00,0.000000000000000000e+00,0.000000000000000000e+00,0.000000000000000000e+00,0.000000000000000000e+00,0.000000000000000000e+00,0.000000000000000000e+00,0.000000000000000000e+00,0.000000000000000000e+00,0.000000000000000000e+00,0.000000000000000000e+00,0.000000000000000000e+00,0.000000000000000000e+00,0.000000000000000000e+00,0.000000000000000000e+00,0.000000000000000000e+00,0.000000000000000000e+00,0.000000000000000000e+00,0.000000000000000000e+00,0.000000000000000000e+00,0.000000000000000000e+00,0.000000000000000000e+00,0.000000000000000000e+00,0.000000000000000000e+00,0.000000000000000000e+00,0.000000000000000000e+00,0.000000000000000000e+00,0.000000000000000000e+00,0.000000000000000000e+00,0.000000000000000000e+00,0.000000000000000000e+00,0.000000000000000000e+00,0.000000000000000000e+00,0.000000000000000000e+00,0.000000000000000000e+00,0.000000000000000000e+00,0.000000000000000000e+00,0.000000000000000000e+00,0.000000000000000000e+00,0.000000000000000000e+00,0.000000000000000000e+00,0.000000000000000000e+00,0.000000000000000000e+00,0.000000000000000000e+00,0.000000000000000000e+00,0.000000000000000000e+00,0.000000000000000000e+00,0.000000000000000000e+00,0.000000000000000000e+00,0.000000000000000000e+00,0.000000000000000000e+00,0.000000000000000000e+00,0.000000000000000000e+00,0.000000000000000000e+00,0.000000000000000000e+00,0.000000000000000000e+00,0.000000000000000000e+00,0.000000000000000000e+00,0.000000000000000000e+00,0.000000000000000000e+00,0.000000000000000000e+00,0.000000000000000000e+00,0.000000000000000000e+00,0.000000000000000000e+00,0.000000000000000000e+00,0.000000000000000000e+00,0.000000000000000000e+00,0.000000000000000000e+00,0.000000000000000000e+00,0.000000000000000000e+00,0.000000000000000000e+00,0.000000000000000000e+00,0.000000000000000000e+00,0.000000000000000000e+00,0.000000000000000000e+00,0.000000000000000000e+00,0.000000000000000000e+00,0.000000000000000000e+00,0.000000000000000000e+00,0.000000000000000000e+00,0.000000000000000000e+00
cx,1.948000000000000079e-02,1.535000000000000080e-02,1.548000000000000070e-02,1.586999999999999869e-02,1.599000000000000074e-02,1.595999999999999849e-02,1.611999999999999891e-02,1.604999999999999830e-02,1.651000000000000037e-02,1.655999999999999833e-02,1.651999999999999996e-02,1.645999999999999894e-02,1.626999999999999974e-02,1.624000000000000096e-02,1.626999999999999974e-02,1.618999999999999953e-02,1.711000000000000021e-02,1.736000000000000043e-02,1.873999999999999971e-02,1.854000000000000092e-02,1.739999999999999880e-02,1.740999999999999839e-02,1.727000000000000063e-02,1.782999999999999863e-02,1.703000000000000000e-02,1.683000000000000121e-02,1.650000000000000078e-02,1.660999999999999976e-02,1.694000000000000020e-02,1.721999999999999920e-02,1.722999999999999879e-02,1.743000000000000105e-02,1.746999999999999942e-02,1.771999999999999964e-02,1.773999999999999883e-02,1.796000000000000027e-02,1.822999999999999968e-02,1.838000000000000050e-02,1.824999999999999886e-02,1.845000000000000112e-02,1.862000000000000113e-02,1.884999999999999870e-02,1.888000000000000095e-02,1.917999999999999913e-02,1.932999999999999996e-02,1.957000000000000059e-02,1.986999999999999877e-02,2.010999999999999940e-02,2.050000000000000086e-02,2.077000000000000027e-02,2.139999999999999888e-02,2.152000000000000093e-02,2.219000000000000139e-02,2.234999999999999834e-02,2.257999999999999938e-02,2.285999999999999838e-02,2.319999999999999840e-02,2.341999999999999985e-02,2.380000000000000171e-02,2.393999999999999947e-02,2.398000000000000131e-02,2.426000000000000031e-02,2.460999999999999993e-02,2.475000000000000117e-02,2.486000000000000015e-02,2.519000000000000059e-02,2.542000000000000162e-02,2.570000000000000062e-02,2.569000000000000103e-02,2.539999999999999897e-02,2.512999999999999956e-02,2.479999999999999913e-02,2.460999999999999993e-02,2.445999999999999910e-02,2.408000000000000071e-02,2.380000000000000171e-02,2.392000000000000029e-02,2.377999999999999906e-02,2.335999999999999882e-02,2.316000000000000003e-02,2.278000000000000164e-02,2.248999999999999957e-02,2.225999999999999854e-02,2.208999999999999853e-02,2.146999999999999950e-02,2.135000000000000092e-02,2.070999999999999924e-02,2.044999999999999943e-02,2.006000000000000144e-02,1.982000000000000081e-02,1.949999999999999997e-02,1.924999999999999975e-02,1.907999999999999974e-02,1.875999999999999890e-02,1.872000000000000053e-02,1.849999999999999908e-02,1.828000000000000111e-02,1.806999999999999926e-02,1.820000000000000090e-02,1.804000000000000048e-02,1.776000000000000148e-02,1.754000000000000004e-02,1.751000000000000126e-02,1.725000000000000144e-02,1.720000000000000001e-02,1.699000000000000163e-02,1.697999999999999857e-02,1.670999999999999916e-02,1.642000000000000057e-02,1.629999999999999852e-02,1.666000000000000120e-02,1.685999999999999999e-02,1.767000000000000168e-02,1.710000000000000062e-02,1.721999999999999920e-02,1.718000000000000083e-02,1.822999999999999968e-02,1.846000000000000071e-02,1.705999999999999878e-02,1.680999999999999855e-02,1.594999999999999890e-02,1.602999999999999911e-02,1.600999999999999993e-02,1.604999999999999830e-02,1.617000000000000035e-02,1.623000000000000137e-02,1.624000000000000096e-02,1.619999999999999912e-02,1.583999999999999991e-02,1.592999999999999972e-02,1.580000000000000154e-02,1.583999999999999991e-02,1.575000000000000011e-02,1.535000000000000080e-02,1.521999999999999915e-02,1.948000000000000079e-02,6.550000000000000266e-03,5.340000000000000129e-03,4.429999999999999910e-03,3.769999999999999914e-03,3.020000000000000115e-03,2.560000000000000209e-03,2.069999999999999792e-03,1.670000000000000043e-03,8.199999999999999824e-04,5.400000000000000069e-04,1.499999999999999869e-04,-9.000000000000000567e-05,-3.000000000000000076e-05,-2.000000000000000096e-04,-2.300000000000000070e-04,-3.600000000000000227e-04,1.000000000000000048e-04,2.000000000000000164e-05,-2.500000000000000052e-04,-2.799999999999999755e-04,-4.200000000000000174e-04,-4.699999999999999859e-04,-3.099999999999999999e-04,-2.999999999999999737e-04,-1.299999999999999886e-04,-3.000000000000000076e-05,1.299999999999999886e-04,3.699999999999999947e-04,6.890000000000000291e-03,5.899999999999999863e-03,5.179999999999999709e-03,4.640000000000000027e-03,4.020000000000000136e-03,3.629999999999999980e-03,3.229999999999999798e-03,2.899999999999999800e-03,2.249999999999999830e-03,2.010000000000000068e-03,1.680000000000000070e-03,1.479999999999999979e-03,1.479999999999999979e-03,1.309999999999999967e-03,1.229999999999999974e-03,1.090000000000000040e-03,1.270000000000000078e-03,1.149999999999999981e-03,8.000000000000000383e-04,6.899999999999999667e-04,4.600000000000000139e-04,3.299999999999999982e-04,3.400000000000000244e-04,2.400000000000000061e-04,2.400000000000000061e-04,2.999999999999999737e-04,-4.499999999999999877e-04,8.399999999999999481e-03,8.359999999999999376e-03,8.309999999999999679e-03,8.269999999999999574e-03,8.229999999999999469e-03,8.189999999999999364e-03,8.160000000000000586e-03,8.120000000000000481e-03,8.089999999999999969e-03,8.059999999999999457e-03,8.030000000000000679e-03,8.000000000000000167e-03,7.979999999999999247e-03,7.950000000000000469e-03,7.919999999999999957e-03,7.889999999999999444e-03,7.870000000000000259e-03,7.839999999999999747e-03,7.820000000000000562e-03,7.799999999999999642e-03,7.769999999999999997e-03,7.749999999999999944e-03,7.729999999999999892e-03,7.709999999999999840e-03,7.689999999999999787e-03,7.669999999999999735e-03,7.640000000000000090e-03,1.009999999999999960e-02,1.009000000000000001e-02,1.012000000000000052e-02,1.016000000000000063e-02,1.013999999999999971e-02,1.013999999999999971e-02,1.000000000000000021e-02,9.889999999999999486e-03,1.000000000000000021e-02,1.009999999999999960e-02,1.010999999999999920e-02,1.009000000000000001e-02,1.012000000000000052e-02,1.016000000000000063e-02,1.013999999999999971e-02,1.013000000000000012e-02,9.969999999999999696e-03,9.860000000000000708e-03,9.990000000000000616e-03,1.009000000000000001e-02
cx*c/cref,1.352829558745348437e-02,1.079216799574694331e-02,1.101680574162679400e-02,1.143095598086124251e-02,1.165501834130781671e-02,1.177052121212121029e-02,1.202726826156299764e-02,1.211318500797448072e-02,1.260245778841041948e-02,1.278324593301435365e-02,1.289455821371610945e-02,1.298939893673578018e-02,1.297949845826688008e-02,1.309543179160021359e-02,1.325966076555023902e-02,1.333381201488569902e-02,1.423886741095162223e-02,1.459633599149388547e-02,1.584810217969165325e-02,1.570025550239234624e-02,1.475484848484848524e-02,1.478332062732588825e-02,1.468427426900584774e-02,1.518080893141945595e-02,1.459084407230196861e-02,1.458036315789473791e-02,1.445219298245613987e-02,1.470731169590643213e-02,1.516143508771929799e-02,1.557663891547049310e-02,1.575038176501860482e-02,1.609990845295055858e-02,1.630384731525784045e-02,1.670663455608718817e-02,1.689506294524189059e-02,1.727635513024986663e-02,1.771043046251993824e-02,1.803184508240297801e-02,1.807885167464114498e-02,1.845343301435407174e-02,1.880154747474747576e-02,1.921407256778309355e-02,1.942522147793726561e-02,1.991742562466772629e-02,2.025806608187134469e-02,2.069675757575757669e-02,2.120417384370015465e-02,2.165262195640616644e-02,2.226871079213184682e-02,2.276065156831472841e-02,2.365581711855395744e-02,2.399439957469430909e-02,2.495366363636364326e-02,2.534746650717703206e-02,2.582438947368420612e-02,2.636337703349282344e-02,2.697749282296650272e-02,2.745742870813397060e-02,2.813068899521531038e-02,2.852525454545454600e-02,2.877536257309941739e-02,2.928882328548644901e-02,2.989140281765019155e-02,3.024250000000000549e-02,3.055876842105263377e-02,3.114882105263157633e-02,3.161918256246677023e-02,3.215560499734183841e-02,3.214309308878256222e-02,3.159430515683146756e-02,3.107462775119616827e-02,3.048501435406698878e-02,3.007143131313131518e-02,2.970921222753854576e-02,2.907151132376396135e-02,2.855936735778841218e-02,2.850142392344497816e-02,2.810704976076554631e-02,2.738708516746411400e-02,2.693097990430621744e-02,2.627111674641148878e-02,2.572145789473683983e-02,2.524539617224880184e-02,2.484120909090909227e-02,2.393865050505050371e-02,2.360054651780967364e-02,2.269490101010101027e-02,2.221439686337054603e-02,2.159878649654439070e-02,2.115081658692184730e-02,2.062272727272727174e-02,2.017422514619883131e-02,1.981358086124401785e-02,1.930175608718766311e-02,1.908156172248803850e-02,1.868037745879851108e-02,1.828340138224349154e-02,1.790053971291865817e-02,1.785525465178097043e-02,1.752584561403508837e-02,1.708396810207336511e-02,1.670458872939925565e-02,1.650864396597554601e-02,1.609853269537480161e-02,1.588745986177565045e-02,1.553099165337586650e-02,1.535954290271132096e-02,1.495558325358851623e-02,1.453907634237107914e-02,1.427701488569909499e-02,1.443308676236044856e-02,1.444519266347687493e-02,1.504458181818181875e-02,1.453972727272727188e-02,1.462198628389154570e-02,1.456829292929293085e-02,1.543773774587985093e-02,1.561131089845826762e-02,1.434409516214779287e-02,1.398920871876661344e-02,1.313615204678362548e-02,1.306406650717703219e-02,1.290996693248272140e-02,1.280399202551834106e-02,1.276054561403509001e-02,1.266820095693780082e-02,1.253622668793195200e-02,1.236582775119617061e-02,1.195469473684210478e-02,1.188550765550239197e-02,1.165252099946836872e-02,1.154568421052631563e-02,1.134452153110047760e-02,1.092428734715576895e-02,1.070076852737905301e-02,1.352829558745348437e-02,3.632098617756512882e-03,3.030797767145136049e-03,2.572108399787347358e-03,2.238089261031366625e-03,1.832261775651249352e-03,1.586573950026581685e-03,1.309899521531100210e-03,1.078566081871344976e-03,5.402976076555023261e-04,3.628507177033492358e-04,1.027488038277511869e-04,-6.282344497607655258e-05,-2.133269537480064038e-05,-1.448272195640616894e-04,-1.695519404572036395e-04,-2.700822966507177643e-04,7.632748538011697493e-05,1.552652844231791599e-05,-1.973431685273790341e-04,-2.246772993088782232e-04,-3.424953748006379604e-04,-3.894028708133971499e-04,-2.608845295055821399e-04,-2.563827751196172400e-04,-1.127952153110047906e-04,-2.642121212121211886e-05,1.161879319510898310e-04,3.355158426368952526e-04,3.820635034556087769e-03,3.348634237107921477e-03,3.007566932482722260e-03,2.754571398192451163e-03,2.438970972886762411e-03,2.249712280701754007e-03,2.043949494949494784e-03,1.872959064327485174e-03,1.482523923444975782e-03,1.350611004784688964e-03,1.150786602870813380e-03,1.033096650717703303e-03,1.052412971823498159e-03,9.486182881446040193e-04,9.067342902711324031e-04,8.177491759702287246e-04,9.693590643274855451e-04,8.927753854332800762e-04,6.314981392876129959e-04,5.536690590111642421e-04,3.751139819245082269e-04,2.734105263157894801e-04,2.861314194577352713e-04,2.051062200956937974e-04,2.082373205741627070e-04,2.642121212121211751e-04,-4.021889952153109783e-04,4.407700159489632945e-03,4.540666666666665942e-03,4.666500159489633814e-03,4.796292238171185641e-03,4.924611483253587933e-03,5.051457894736841557e-03,5.183226794258373460e-03,5.307311430090378562e-03,5.436643434343435034e-03,5.564870813397128704e-03,5.691993567251462174e-03,5.818054226475279089e-03,5.950424242424242303e-03,6.074417065390749597e-03,6.197305263157894088e-03,6.319088835725677512e-03,6.448002711323765068e-03,6.567760978203083383e-03,6.694975970228602032e-03,6.821454545454544612e-03,6.938267145135566458e-03,7.063129984051036425e-03,7.187215098351939710e-03,7.310563795853268661e-03,7.433176076555024145e-03,7.555051940457203560e-03,7.666197767145136940e-03,1.610845295055821210e-03,1.609250398724082834e-03,1.600584795321637489e-03,1.579904306220095535e-03,1.549840510366825869e-03,1.522886762360446461e-03,1.475279106858054219e-03,1.432761828814460483e-03,1.435406698564593289e-03,1.449760765550239111e-03,1.612440191387559587e-03,1.609250398724082834e-03,1.600584795321637489e-03,1.579904306220095535e-03,1.549840510366825869e-03,1.521384901648059574e-03,1.470853269537480057e-03,1.428415736310473250e-03,1.433971291866028772e-03,1.448325358851674594e-03
cxi,1.125999999999999918e-02,6.980000000000000093e-03,7.009999999999999738e-03,7.300000000000000065e-03,7.349999999999999763e-03,7.259999999999999960e-03,7.360000000000000223e-03,7.230000000000000315e-03,7.660000000000000142e-03,7.669999999999999735e-03,7.590000000000000392e-03,7.510000000000000182e-03,7.289999999999999605e-03,7.239999999999999908e-03,7.250000000000000368e-03,7.150000000000000105e-03,8.049999999999999864e-03,8.290000000000000493e-03,9.669999999999999776e-03,9.459999999999999659e-03,8.309999999999999679e-03,8.319999999999999271e-03,8.179999999999999771e-03,8.729999999999999913e-03,7.919999999999999957e-03,7.720000000000000299e-03,7.369999999999999815e-03,7.470000000000000077e-03,7.790000000000000049e-03,8.059999999999999457e-03,8.059999999999999457e-03,8.250000000000000389e-03,8.279999999999999166e-03,8.519999999999999796e-03,8.540000000000000716e-03,8.750000000000000833e-03,9.020000000000000240e-03,9.169999999999999332e-03,9.029999999999999832e-03,9.230000000000000357e-03,9.400000000000000369e-03,9.620000000000000079e-03,9.650000000000000591e-03,9.950000000000000511e-03,1.009999999999999960e-02,1.034999999999999983e-02,1.064999999999999974e-02,1.089000000000000037e-02,1.128000000000000010e-02,1.154999999999999950e-02,1.217999999999999985e-02,1.230999999999999976e-02,1.298999999999999981e-02,1.315000000000000023e-02,1.339000000000000086e-02,1.367999999999999945e-02,1.403000000000000080e-02,1.425000000000000051e-02,1.464999999999999983e-02,1.480000000000000066e-02,1.485000000000000035e-02,1.514000000000000068e-02,1.549999999999999989e-02,1.565000000000000072e-02,1.576999999999999930e-02,1.611999999999999891e-02,1.636999999999999914e-02,1.666000000000000120e-02,1.665000000000000160e-02,1.634000000000000036e-02,1.606000000000000136e-02,1.572000000000000133e-02,1.550999999999999948e-02,1.535000000000000080e-02,1.495999999999999934e-02,1.467000000000000075e-02,1.477000000000000014e-02,1.460999999999999972e-02,1.418999999999999949e-02,1.396999999999999978e-02,1.358999999999999965e-02,1.328999999999999973e-02,1.305000000000000084e-02,1.286999999999999950e-02,1.223999999999999914e-02,1.212000000000000056e-02,1.148000000000000062e-02,1.120999999999999948e-02,1.081999999999999976e-02,1.056999999999999953e-02,1.026000000000000002e-02,1.000000000000000021e-02,9.830000000000000196e-03,9.520000000000000684e-03,9.480000000000000579e-03,9.259999999999999135e-03,9.039999999999999425e-03,8.829999999999999308e-03,8.959999999999999215e-03,8.800000000000000530e-03,8.529999999999999388e-03,8.309999999999999679e-03,8.279999999999999166e-03,8.040000000000000271e-03,7.990000000000000574e-03,7.790000000000000049e-03,7.790000000000000049e-03,7.530000000000000235e-03,7.250000000000000368e-03,7.150000000000000105e-03,7.519999999999999775e-03,7.729999999999999892e-03,8.540000000000000716e-03,7.979999999999999247e-03,8.109999999999999154e-03,8.070000000000000784e-03,9.129999999999999227e-03,9.360000000000000264e-03,7.969999999999999654e-03,7.729999999999999892e-03,6.890000000000000291e-03,6.989999999999999686e-03,6.989999999999999686e-03,7.040000000000000251e-03,7.190000000000000210e-03,7.280000000000000013e-03,7.320000000000000118e-03,7.329999999999999710e-03,7.009999999999999738e-03,7.150000000000000105e-03,7.069999999999999896e-03,7.190000000000000210e-03,7.170000000000000158e-03,6.859999999999999779e-03,6.850000000000000186e-03,1.124999999999999958e-02,-1.820000000000000003e-03,-3.040000000000000167e-03,-3.939999999999999926e-03,-4.599999999999999922e-03,-5.340000000000000129e-03,-5.799999999999999600e-03,-6.279999999999999992e-03,-6.669999999999999714e-03,-7.510000000000000182e-03,-7.779999999999999589e-03,-8.149999999999999259e-03,-8.380000000000000296e-03,-8.300000000000000086e-03,-8.460000000000000506e-03,-8.479999999999999691e-03,-8.590000000000000413e-03,-8.109999999999999154e-03,-8.179999999999999771e-03,-8.420000000000000401e-03,-8.439999999999999586e-03,-8.559999999999999901e-03,-8.590000000000000413e-03,-8.399999999999999481e-03,-8.370000000000000703e-03,-8.170000000000000179e-03,-8.049999999999999864e-03,-7.849999999999999339e-03,-7.559999999999999880e-03,-1.479999999999999979e-03,-2.459999999999999947e-03,-3.180000000000000101e-03,-3.710000000000000190e-03,-4.320000000000000055e-03,-4.689999999999999725e-03,-5.080000000000000314e-03,-5.389999999999999826e-03,-6.029999999999999770e-03,-6.250000000000000347e-03,-6.559999999999999859e-03,-6.749999999999999924e-03,-6.729999999999999871e-03,-6.879999999999999831e-03,-6.949999999999999581e-03,-7.069999999999999896e-03,-6.870000000000000238e-03,-6.969999999999999633e-03,-7.309999999999999658e-03,-7.389999999999999868e-03,-7.590000000000000392e-03,-7.709999999999999840e-03,-7.680000000000000195e-03,-7.749999999999999944e-03,-7.720000000000000299e-03,-7.620000000000000037e-03,-8.309999999999999679e-03,-1.000000000000000082e-05,-1.000000000000000082e-05,-2.000000000000000164e-05,-2.000000000000000164e-05,-2.000000000000000164e-05,-2.000000000000000164e-05,-2.000000000000000164e-05,-2.000000000000000164e-05,-2.000000000000000164e-05,-2.000000000000000164e-05,-2.000000000000000164e-05,-2.000000000000000164e-05,-1.000000000000000082e-05,-1.000000000000000082e-05,-1.000000000000000082e-05,-1.000000000000000082e-05,-1.000000000000000082e-05,-1.000000000000000082e-05,-0.000000000000000000e+00,-0.000000000000000000e+00,-0.000000000000000000e+00,-0.000000000000000000e+00,-0.000000000000000000e+00,-0.000000000000000000e+00,-0.000000000000000000e+00,-0.000000000000000000e+00,-0.000000000000000000e+00,-2.000000000000000164e-05,-4.000000000000000327e-05,-2.000000000000000164e-05,-1.000000000000000082e-05,-6.000000000000000152e-05,-9.000000000000000567e-05,-2.500000000000000052e-04,-4.000000000000000192e-04,-2.999999999999999737e-04,-2.000000000000000096e-04,-2.000000000000000164e-05,-3.000000000000000076e-05,-2.000000000000000164e-05,-1.000000000000000082e-05,-6.000000000000000152e-05,-9.000000000000000567e-05,-2.799999999999999755e-04,-4.299999999999999894e-04,-3.099999999999999999e-04,-2.100000000000000087e-04
cxi*c/cref,7.819743753322699886e-03,4.907448378522062671e-03,4.988876501860712437e-03,5.258095693779904142e-03,5.357372408293460675e-03,5.354259649122806823e-03,5.491358213716108182e-03,5.456593620414673662e-03,5.847051887293992431e-03,5.920742530568846342e-03,5.924315789473684653e-03,5.926511908559277918e-03,5.815644976076555540e-03,5.838111217437533251e-03,5.908576555023923975e-03,5.888619883040935830e-03,6.699174906964380782e-03,6.970254917597023051e-03,8.177756034024454695e-03,8.011025730994152105e-03,7.046712121212121184e-03,7.064745986177563969e-03,6.955261350345560631e-03,7.432891866028707578e-03,6.785642105263158148e-03,6.688081020733652876e-03,6.455312865497075427e-03,6.614305741626793841e-03,6.972112121212120997e-03,7.290807761828813419e-03,7.367851249335459311e-03,7.620438596491228150e-03,7.727295693779902795e-03,8.032761084529506032e-03,8.133249016480595048e-03,8.416932482721956391e-03,8.762922807017544183e-03,8.996301382243486813e-03,8.945316746411483000e-03,9.231717437533228793e-03,9.491651249335460519e-03,9.805802551834131089e-03,9.928675172780435446e-03,1.033255396065922357e-02,1.058491812865497081e-02,1.094590909090909121e-02,1.136509569377990199e-02,1.172536315789473628e-02,1.225322232854864427e-02,1.265698245614035010e-02,1.346391834130781368e-02,1.372542094630515609e-02,1.460784545454545634e-02,1.491361004784689040e-02,1.531393157894736685e-02,1.577650909090909034e-02,1.631440622009569519e-02,1.670659090909091052e-02,1.731573923444975835e-02,1.763466028708134126e-02,1.781960526315789356e-02,1.827835055821372054e-02,1.882636097820308482e-02,1.912303535353535727e-02,1.938502727272727391e-02,1.993326698564593102e-02,2.036215651249335262e-02,2.084483965975544861e-02,2.083232775119617242e-02,2.032484040404040210e-02,1.985907368421052643e-02,1.932356555023923700e-02,1.895196666666666696e-02,1.864417038809144597e-02,1.806103859649122942e-02,1.760361004784689182e-02,1.759891435406698776e-02,1.726846076555023715e-02,1.663624736842105045e-02,1.624463684210526379e-02,1.567271626794258452e-02,1.519956315789473475e-02,1.480019856459330319e-02,1.447290000000000208e-02,1.364737224880382613e-02,1.339759362041467207e-02,1.258027347155768298e-02,1.217718282828282768e-02,1.164999351408825025e-02,1.127972408293460675e-02,1.085072727272727230e-02,1.048011695906432734e-02,1.020794024455077068e-02,9.794920999468367806e-03,9.663098564593302839e-03,9.350286230728335063e-03,9.041682083997873431e-03,8.747192344497606645e-03,8.790279213184475082e-03,8.549192982456141343e-03,8.205306751727802286e-03,7.914203668261562269e-03,7.806486124401912884e-03,7.503316108452950071e-03,7.380279319510898647e-03,7.121037373737373714e-03,7.046574747474746922e-03,6.739410047846890010e-03,6.419506911217437613e-03,6.262616959064327450e-03,6.514814673046252259e-03,6.622855236576289349e-03,7.271122169059011237e-03,6.785206060606059457e-03,6.886429080276447283e-03,6.843196969696971332e-03,7.731571345029239137e-03,7.915594258373206266e-03,6.701198032961190425e-03,6.432872301967039116e-03,5.674488250930356456e-03,5.696682775119616716e-03,5.636518979266347783e-03,5.616205847953217173e-03,5.673984104199894345e-03,5.682347687400318877e-03,5.650565231259968395e-03,5.595155396065922340e-03,5.290556193514088512e-03,5.334675438596491251e-03,5.214134396597554753e-03,5.240749335459862421e-03,5.164458373205741727e-03,4.882124508240297776e-03,4.816048910154173239e-03,7.812799043062201854e-03,-1.009224348750664604e-03,-1.725397979797979988e-03,-2.287608825093035998e-03,-2.730825093035619665e-03,-3.239827113237639562e-03,-3.594581605528973222e-03,-3.973994683678893670e-03,-4.307805847953215944e-03,-4.948335406698564469e-03,-5.227738118022328025e-03,-5.582685007974480876e-03,-5.849560765550238829e-03,-5.902045720361510754e-03,-6.126191387559809347e-03,-6.251306326422116644e-03,-6.444463689526848046e-03,-6.190159064327484945e-03,-6.350350132908026864e-03,-6.646517916002126804e-03,-6.772415736310472174e-03,-6.980381924508239841e-03,-7.116958851674641887e-03,-7.069129186602870693e-03,-7.153079425837321689e-03,-7.088745454545455557e-03,-7.089691919191918289e-03,-7.015963583200424646e-03,-6.855404784688995043e-03,-8.206879319510899332e-04,-1.396210207336523327e-03,-1.846344178628389404e-03,-2.202469803296119594e-03,-2.620983732057415895e-03,-2.906653056884635385e-03,-3.214632642211589716e-03,-3.481120467836257022e-03,-3.973164114832535357e-03,-4.199661084529505289e-03,-4.493547687400318603e-03,-4.711758373205741403e-03,-4.785634662413610491e-03,-4.982056353003722071e-03,-5.123417331206804939e-03,-5.304116214779373319e-03,-5.243698245614035816e-03,-5.410995162147793497e-03,-5.770314247740562785e-03,-5.929875863902179210e-03,-6.189380701754385906e-03,-6.387864114832535883e-03,-6.463203827751197277e-03,-6.623221690590112322e-03,-6.698300478468900698e-03,-6.710987878787878259e-03,-7.427090111642742701e-03,-5.247262094630516572e-06,-5.431419457735247424e-06,-1.123104731525784310e-05,-1.159925571504518966e-05,-1.196746411483253623e-05,-1.233567251461988279e-05,-1.270398724082934788e-05,-1.307219564061669613e-05,-1.344040404040404269e-05,-1.380861244019138926e-05,-1.417682083997873582e-05,-1.454513556618819752e-05,-7.456671982987772888e-06,-7.640776182881446168e-06,-7.824880382775119449e-06,-8.008984582668794423e-06,-8.193141945773526122e-06,-8.377246145667199403e-06,-0.000000000000000000e+00,-0.000000000000000000e+00,-0.000000000000000000e+00,-0.000000000000000000e+00,-0.000000000000000000e+00,-0.000000000000000000e+00,-0.000000000000000000e+00,-0.000000000000000000e+00,-0.000000000000000000e+00,-3.189792663476873728e-06,-6.379585326953747457e-06,-3.163211057947900420e-06,-1.555023923444976054e-06,-9.170653907496012234e-06,-1.351674641148325391e-05,-3.688197767145135955e-05,-5.794790005316321786e-05,-4.306220095693779216e-05,-2.870813397129186822e-05,-3.189792663476873728e-06,-4.784688995215310804e-06,-3.163211057947900420e-06,-1.555023923444976054e-06,-9.170653907496012234e-06,-1.351674641148325391e-05,-4.130781499202551565e-05,-6.229399255715045106e-05,-4.449760765550239065e-05,-3.014354066985645993e-05
cxo,8.229999999999999469e-03,8.370000000000000703e-03,8.479999999999999691e-03,8.569999999999999493e-03,8.640000000000000110e-03,8.710000000000000728e-03,8.760000000000000425e-03,8.810000000000000123e-03,8.850000000000000228e-03,8.890000000000000333e-03,8.930000000000000437e-03,8.949999999999999623e-03,8.980000000000000135e-03,8.999999999999999320e-03,9.020000000000000240e-03,9.039999999999999425e-03,9.060000000000000345e-03,9.069999999999999937e-03,9.069999999999999937e-03,9.079999999999999530e-03,9.079999999999999530e-03,9.090000000000000857e-03,9.100000000000000450e-03,9.100000000000000450e-03,9.100000000000000450e-03,9.119999999999999635e-03,9.129999999999999227e-03,9.140000000000000555e-03,9.150000000000000147e-03,9.159999999999999740e-03,9.169999999999999332e-03,9.180000000000000659e-03,9.190000000000000252e-03,9.199999999999999845e-03,9.209999999999999437e-03,9.209999999999999437e-03,9.209999999999999437e-03,9.209999999999999437e-03,9.220000000000000764e-03,9.220000000000000764e-03,9.220000000000000764e-03,9.220000000000000764e-03,9.230000000000000357e-03,9.230000000000000357e-03,9.230000000000000357e-03,9.230000000000000357e-03,9.230000000000000357e-03,9.220000000000000764e-03,9.220000000000000764e-03,9.220000000000000764e-03,9.220000000000000764e-03,9.209999999999999437e-03,9.209999999999999437e-03,9.199999999999999845e-03,9.190000000000000252e-03,9.180000000000000659e-03,9.169999999999999332e-03,9.159999999999999740e-03,9.150000000000000147e-03,9.140000000000000555e-03,9.129999999999999227e-03,9.119999999999999635e-03,9.110000000000000042e-03,9.100000000000000450e-03,9.090000000000000857e-03,9.069999999999999937e-03,9.060000000000000345e-03,9.039999999999999425e-03,9.039999999999999425e-03,9.060000000000000345e-03,9.069999999999999937e-03,9.090000000000000857e-03,9.100000000000000450e-03,9.110000000000000042e-03,9.129999999999999227e-03,9.140000000000000555e-03,9.150000000000000147e-03,9.159999999999999740e-03,9.169999999999999332e-03,9.180000000000000659e-03,9.190000000000000252e-03,9.199999999999999845e-03,9.209999999999999437e-03,9.220000000000000764e-03,9.230000000000000357e-03,9.230000000000000357e-03,9.239999999999999949e-03,9.239999999999999949e-03,9.239999999999999949e-03,9.239999999999999949e-03,9.239999999999999949e-03,9.249999999999999542e-03,9.249999999999999542e-03,9.249999999999999542e-03,9.239999999999999949e-03,9.239999999999999949e-03,9.239999999999999949e-03,9.239999999999999949e-03,9.239999999999999949e-03,9.230000000000000357e-03,9.230000000000000357e-03,9.230000000000000357e-03,9.220000000000000764e-03,9.220000000000000764e-03,9.209999999999999437e-03,9.199999999999999845e-03,9.190000000000000252e-03,9.180000000000000659e-03,9.169999999999999332e-03,9.159999999999999740e-03,9.140000000000000555e-03,9.129999999999999227e-03,9.129999999999999227e-03,9.119999999999999635e-03,9.119999999999999635e-03,9.110000000000000042e-03,9.100000000000000450e-03,9.100000000000000450e-03,9.090000000000000857e-03,9.079999999999999530e-03,9.060000000000000345e-03,9.039999999999999425e-03,9.020000000000000240e-03,8.999999999999999320e-03,8.980000000000000135e-03,8.949999999999999623e-03,8.909999999999999518e-03,8.869999999999999413e-03,8.829999999999999308e-03,8.779999999999999610e-03,8.720000000000000320e-03,8.659999999999999296e-03,8.580000000000000820e-03,8.479999999999999691e-03,8.370000000000000703e-03,8.229999999999999469e-03,8.370000000000000703e-03,8.370000000000000703e-03,8.370000000000000703e-03,8.370000000000000703e-03,8.370000000000000703e-03,8.359999999999999376e-03,8.349999999999999784e-03,8.340000000000000191e-03,8.330000000000000598e-03,8.319999999999999271e-03,8.300000000000000086e-03,8.290000000000000493e-03,8.269999999999999574e-03,8.259999999999999981e-03,8.240000000000000796e-03,8.229999999999999469e-03,8.210000000000000284e-03,8.189999999999999364e-03,8.170000000000000179e-03,8.160000000000000586e-03,8.139999999999999666e-03,8.120000000000000481e-03,8.099999999999999561e-03,8.070000000000000784e-03,8.049999999999999864e-03,8.019999999999999352e-03,7.979999999999999247e-03,7.929999999999999549e-03,8.359999999999999376e-03,8.359999999999999376e-03,8.349999999999999784e-03,8.349999999999999784e-03,8.330000000000000598e-03,8.319999999999999271e-03,8.309999999999999679e-03,8.300000000000000086e-03,8.279999999999999166e-03,8.259999999999999981e-03,8.250000000000000389e-03,8.229999999999999469e-03,8.210000000000000284e-03,8.189999999999999364e-03,8.179999999999999771e-03,8.160000000000000586e-03,8.139999999999999666e-03,8.120000000000000481e-03,8.099999999999999561e-03,8.080000000000000376e-03,8.059999999999999457e-03,8.040000000000000271e-03,8.009999999999999759e-03,7.990000000000000574e-03,7.960000000000000062e-03,7.919999999999999957e-03,7.860000000000000667e-03,8.410000000000000808e-03,8.370000000000000703e-03,8.330000000000000598e-03,8.290000000000000493e-03,8.250000000000000389e-03,8.210000000000000284e-03,8.179999999999999771e-03,8.139999999999999666e-03,8.109999999999999154e-03,8.080000000000000376e-03,8.040000000000000271e-03,8.009999999999999759e-03,7.990000000000000574e-03,7.960000000000000062e-03,7.929999999999999549e-03,7.900000000000000772e-03,7.879999999999999852e-03,7.849999999999999339e-03,7.820000000000000562e-03,7.799999999999999642e-03,7.779999999999999589e-03,7.749999999999999944e-03,7.729999999999999892e-03,7.709999999999999840e-03,7.689999999999999787e-03,7.669999999999999735e-03,7.649999999999999682e-03,1.013000000000000012e-02,1.013000000000000012e-02,1.013999999999999971e-02,1.017000000000000022e-02,1.020000000000000073e-02,1.022999999999999951e-02,1.026000000000000002e-02,1.029000000000000054e-02,1.030000000000000013e-02,1.030000000000000013e-02,1.013000000000000012e-02,1.013000000000000012e-02,1.013999999999999971e-02,1.017000000000000022e-02,1.020000000000000073e-02,1.022999999999999951e-02,1.026000000000000002e-02,1.029000000000000054e-02,1.030000000000000013e-02,1.030000000000000013e-02
cxo*c/cref,5.715496544391280784e-03,5.884719617224880642e-03,6.035046039340775936e-03,6.172860287081339235e-03,6.297645933014354297e-03,6.423636576289208124e-03,6.535910047846889455e-03,6.649044231791600458e-03,6.755405901116427921e-03,6.862503402445508174e-03,6.970242424242424802e-03,7.062887028176502262e-03,7.163853482190325403e-03,7.257320574162679470e-03,7.351084210526315915e-03,7.445192131844763188e-03,7.539692503987241445e-03,7.626081073896863287e-03,7.670346145667197683e-03,7.689229771398191533e-03,7.699656565656565893e-03,7.718574641148326018e-03,7.737515683147262215e-03,7.747917065390750105e-03,7.796634237107922041e-03,7.900945454545454591e-03,7.996880116959063575e-03,8.093005954279638287e-03,8.189322966507176990e-03,8.285831153641679686e-03,8.382530515683146374e-03,8.479469856459330435e-03,8.576551621477936788e-03,8.673873471557682138e-03,8.771337639553428156e-03,8.859422647527908506e-03,8.947507655502392326e-03,9.035543700159489461e-03,9.133534928229665451e-03,9.221715576820841212e-03,9.309896225412015239e-03,9.398076874003191000e-03,9.496546305156830167e-03,9.584871664008506181e-03,9.673147953216373884e-03,9.761424242424243322e-03,9.849749601275915867e-03,9.927258798511430157e-03,1.001548846358320081e-02,1.010366911217437658e-02,1.019189877724614550e-02,1.026897862838915300e-02,1.035706363636363682e-02,1.043385645933014340e-02,1.051045789473684100e-02,1.058686794258373309e-02,1.066308660287081274e-02,1.073911387559808514e-02,1.081494976076554856e-02,1.089059425837320648e-02,1.095575730994152036e-02,1.101047272727272847e-02,1.106504183944710500e-02,1.111946464646464822e-02,1.117374114832536160e-02,1.121555406698564530e-02,1.126946475279106720e-02,1.131076533758638807e-02,1.131076533758638807e-02,1.126946475279106720e-02,1.121555406698564530e-02,1.117374114832536160e-02,1.111946464646464822e-02,1.106504183944710500e-02,1.102254561403508831e-02,1.096775704412546529e-02,1.090250956937799214e-02,1.082676937799042886e-02,1.075083779904306182e-02,1.067471483253588579e-02,1.059840047846890079e-02,1.052189473684210334e-02,1.044519760765550212e-02,1.036830909090909365e-02,1.029127825624667758e-02,1.020295289739500157e-02,1.012558596491228147e-02,1.003721403508771835e-02,9.948792982456140452e-03,9.860421052631577338e-03,9.771999999999999437e-03,9.694108187134502230e-03,9.605640616693247175e-03,9.517123870281763917e-03,9.418463157894737398e-03,9.330091228070176018e-03,9.241719298245614639e-03,9.153347368421051525e-03,9.064975438596491880e-03,8.966937639553430525e-03,8.878661350345561087e-03,8.790385061137693384e-03,8.692729718234981640e-03,8.604549069643805878e-03,8.507180542264751802e-03,8.409954279638490182e-03,8.312968155236575771e-03,8.216173205741627086e-03,8.119569431153640660e-03,8.023156831472619960e-03,7.918272089314195433e-03,7.822337426900584714e-03,7.773459649122805779e-03,7.754521212121211551e-03,7.744048484848484182e-03,7.725095959595960383e-03,7.706166400850611789e-03,7.695716640085061358e-03,7.642897129186603314e-03,7.556336416799574324e-03,7.461663795853270761e-03,7.367383732057415473e-03,7.273447953216374481e-03,7.179808612440191640e-03,7.086561509835194797e-03,6.985853269537480210e-03,6.877942105263158169e-03,6.770672355130249141e-03,6.664138543328017132e-03,6.550832216905900715e-03,6.431011589580011047e-03,6.312223817118553862e-03,6.180063157894736744e-03,6.035046039340775936e-03,5.884719617224880642e-03,5.715496544391280784e-03,4.641322966507177919e-03,4.750520095693780420e-03,4.859717224880383789e-03,4.968914354066986290e-03,5.078155980861243785e-03,5.181155555555554473e-03,5.283894205209993880e-03,5.386371929824561137e-03,5.488633014354067120e-03,5.590588835725676664e-03,5.685433811802232361e-03,5.786737320574162832e-03,5.880713024986709836e-03,5.981364167995747820e-03,6.074382562466774244e-03,6.174381392876129686e-03,6.266486549707603153e-03,6.358113397129185745e-03,6.449174747474747255e-03,6.547738437001594629e-03,6.637886549707601447e-03,6.727555980861245170e-03,6.816660287081340031e-03,6.896696650717704449e-03,6.984626794258373336e-03,7.063270707070705770e-03,7.132151515151514097e-03,7.190920627325889970e-03,4.635777777777777726e-03,4.744844444444444587e-03,4.848104997341839972e-03,4.957041201488570324e-03,5.053887612971823436e-03,5.156365337586388958e-03,5.258582137161084066e-03,5.360538011695906158e-03,5.455688038277510706e-03,5.550272089314194253e-03,5.651184210526316067e-03,5.744855023923444055e-03,5.838047634237108867e-03,5.930674641148325765e-03,6.030151621477937776e-03,6.121865390749602585e-03,6.213057309941520494e-03,6.303770547581073573e-03,6.393918660287080391e-03,6.483544922913343778e-03,6.572649335459861131e-03,6.661274641148326285e-03,6.740919617224880311e-03,6.828327910685806634e-03,6.906537799043062538e-03,6.975199999999999977e-03,7.024901116427432861e-03,4.412947421584264424e-03,4.546098086124402034e-03,4.677731206804891864e-03,4.807891493886231292e-03,4.936578947368421184e-03,5.063793567251461542e-03,5.195930781499202671e-03,5.320383625730994506e-03,5.450083838383838579e-03,5.578679425837320717e-03,5.699081977671451547e-03,5.825326794258372208e-03,5.957880914407230957e-03,6.082057841573631184e-03,6.205130143540668608e-03,6.327097820308347567e-03,6.456195853269538001e-03,6.576138224348750116e-03,6.694975970228602032e-03,6.821454545454544612e-03,6.947196703880914592e-03,7.063129984051036425e-03,7.187215098351939710e-03,7.310563795853268661e-03,7.433176076555024145e-03,7.555051940457203560e-03,7.676232057416268635e-03,1.615629984051036557e-03,1.615629984051036557e-03,1.603748006379585337e-03,1.581459330143540447e-03,1.559011164274322131e-03,1.536403508771929738e-03,1.513636363636363703e-03,1.490709728867623809e-03,1.478468899521531189e-03,1.478468899521531189e-03,1.615629984051036557e-03,1.615629984051036557e-03,1.603748006379585337e-03,1.581459330143540447e-03,1.559011164274322131e-03,1.536403508771929738e-03,1.513636363636363703e-03,1.490709728867623809e-03,1.478468899521531189e-03,1.478468899521531189e-03
cy,6.110000000000000153e-02,-3.129999999999999970e-03,-6.960000000000000041e-03,-8.689999999999999808e-03,-9.830000000000000196e-03,-1.064000000000000015e-02,-1.124999999999999958e-02,-1.171999999999999952e-02,-1.220000000000000077e-02,-1.271000000000000081e-02,-1.297000000000000063e-02,-1.324999999999999963e-02,-1.354999999999999954e-02,-1.387999999999999998e-02,-1.403000000000000080e-02,-1.429000000000000062e-02,-1.454000000000000084e-02,-1.418999999999999949e-02,-1.352000000000000077e-02,-1.498000000000000026e-02,-1.502999999999999996e-02,-1.463000000000000064e-02,-1.499999999999999944e-02,-2.000000000000000042e-02,-1.570999999999999827e-02,-1.553999999999999999e-02,-1.555999999999999918e-02,-1.558000000000000010e-02,-1.570999999999999827e-02,-1.580000000000000154e-02,-1.587999999999999828e-02,-1.601999999999999952e-02,-1.611999999999999891e-02,-1.614000000000000157e-02,-1.620999999999999872e-02,-1.628999999999999893e-02,-1.634000000000000036e-02,-1.637999999999999873e-02,-1.643000000000000016e-02,-1.646999999999999853e-02,-1.651999999999999996e-02,-1.654999999999999874e-02,-1.657000000000000139e-02,-1.666000000000000120e-02,-1.670999999999999916e-02,-1.671999999999999875e-02,-1.677999999999999978e-02,-1.683000000000000121e-02,-1.686999999999999958e-02,-1.689999999999999836e-02,-1.691000000000000142e-02,-1.697999999999999857e-02,-1.700000000000000122e-02,-1.699000000000000163e-02,-1.699000000000000163e-02,-1.696999999999999897e-02,-1.691000000000000142e-02,-1.680999999999999855e-02,-1.676000000000000059e-02,-1.674000000000000141e-02,-1.677999999999999978e-02,-1.679999999999999896e-02,-1.680999999999999855e-02,-1.702000000000000041e-02,-1.694999999999999979e-02,-1.675000000000000100e-02,-1.666000000000000120e-02,-1.649000000000000118e-02,1.648000000000000159e-02,1.665000000000000160e-02,1.674000000000000141e-02,1.694999999999999979e-02,1.701000000000000081e-02,1.680999999999999855e-02,1.679999999999999896e-02,1.677999999999999978e-02,1.675000000000000100e-02,1.677999999999999978e-02,1.684000000000000080e-02,1.694000000000000020e-02,1.701000000000000081e-02,1.703000000000000000e-02,1.703000000000000000e-02,1.704999999999999918e-02,1.703000000000000000e-02,1.696999999999999897e-02,1.696999999999999897e-02,1.694999999999999979e-02,1.691000000000000142e-02,1.685999999999999999e-02,1.680999999999999855e-02,1.679999999999999896e-02,1.675000000000000100e-02,1.667000000000000079e-02,1.665000000000000160e-02,1.662999999999999895e-02,1.658000000000000099e-02,1.652999999999999955e-02,1.649000000000000118e-02,1.644999999999999934e-02,1.641000000000000097e-02,1.633000000000000076e-02,1.626000000000000015e-02,1.625000000000000056e-02,1.616000000000000075e-02,1.600999999999999993e-02,1.592999999999999972e-02,1.584999999999999951e-02,1.572000000000000133e-02,1.569999999999999868e-02,1.568999999999999909e-02,1.585999999999999910e-02,2.025000000000000064e-02,1.515999999999999986e-02,1.477000000000000014e-02,1.516999999999999946e-02,1.510000000000000057e-02,1.363999999999999935e-02,1.431999999999999940e-02,1.468000000000000034e-02,1.443000000000000012e-02,1.416000000000000071e-02,1.401999999999999948e-02,1.367999999999999945e-02,1.336999999999999994e-02,1.310000000000000053e-02,1.281999999999999980e-02,1.230000000000000017e-02,1.183000000000000024e-02,1.135000000000000071e-02,1.073999999999999955e-02,9.919999999999999998e-03,8.750000000000000833e-03,6.960000000000000041e-03,3.040000000000000167e-03,-6.217000000000000304e-02,3.568999999999999950e-02,2.259999999999999856e-03,1.299999999999999940e-03,1.129999999999999928e-03,1.090000000000000040e-03,1.039999999999999909e-03,1.059999999999999961e-03,1.319999999999999993e-03,1.420000000000000038e-03,1.260000000000000052e-03,1.240000000000000000e-03,1.389999999999999960e-03,1.260000000000000052e-03,8.999999999999999754e-04,8.300000000000000086e-04,8.499999999999999526e-04,7.600000000000000418e-04,6.300000000000000261e-04,6.400000000000000524e-04,7.600000000000000418e-04,7.399999999999999894e-04,5.900000000000000296e-04,5.299999999999999807e-04,4.899999999999999842e-04,4.400000000000000157e-04,3.600000000000000227e-04,6.000000000000000152e-05,3.720000000000000216e-03,-2.791000000000000078e-02,-1.799999999999999951e-03,-1.030000000000000100e-03,-8.499999999999999526e-04,-8.199999999999999824e-04,-8.099999999999999561e-04,-8.400000000000000348e-04,-1.039999999999999909e-03,-1.129999999999999928e-03,-1.020000000000000073e-03,-1.010000000000000047e-03,-1.129999999999999928e-03,-1.039999999999999909e-03,-7.699999999999999597e-04,-7.299999999999999632e-04,-7.600000000000000418e-04,-6.800000000000000488e-04,-5.999999999999999474e-04,-6.300000000000000261e-04,-8.000000000000000383e-04,-7.900000000000000121e-04,-6.199999999999999999e-04,-5.699999999999999772e-04,-5.199999999999999544e-04,-4.400000000000000157e-04,-4.000000000000000327e-05,3.899999999999999929e-04,6.130000000000000032e-03,7.570000000000000340e-03,8.840000000000000635e-03,9.790000000000000091e-03,1.054000000000000076e-02,1.107999999999999957e-02,1.145999999999999970e-02,1.175000000000000003e-02,1.199000000000000066e-02,1.212000000000000056e-02,1.218999999999999945e-02,1.217000000000000026e-02,1.210999999999999924e-02,1.197999999999999933e-02,1.188999999999999953e-02,1.166000000000000023e-02,1.141999999999999960e-02,1.111000000000000008e-02,1.074999999999999914e-02,1.026000000000000002e-02,9.629999999999999671e-03,8.940000000000000030e-03,8.030000000000000679e-03,6.810000000000000081e-03,5.040000000000000209e-03,2.520000000000000104e-03,-1.860000000000000108e-03,3.109999999999999917e-03,5.879999999999999810e-03,8.529999999999999388e-03,6.680000000000000174e-03,3.599999999999999901e-03,-5.000000000000000104e-04,-4.789999999999999987e-03,-6.340000000000000149e-03,-4.129999999999999991e-03,-1.760000000000000063e-03,-3.040000000000000167e-03,-5.669999999999999693e-03,-8.189999999999999364e-03,-6.360000000000000202e-03,-2.929999999999999879e-03,1.119999999999999902e-03,5.539999999999999786e-03,6.879999999999999831e-03,4.530000000000000172e-03,1.959999999999999937e-03
cy*c/cref,4.243217969165338083e-02,-2.200617969165337591e-03,-4.953292503987240594e-03,-6.259294736842105009e-03,-7.165030037214248360e-03,-7.847014141414141927e-03,-8.393720095693779637e-03,-8.845266560340243889e-03,-9.312536948431685349e-03,-9.811295640616694499e-03,-1.012363317384370152e-02,-1.045622939925571621e-02,-1.080960074428495565e-02,-1.119240106326422138e-02,-1.143411435406698623e-02,-1.176900393407761918e-02,-1.210012461456672073e-02,-1.193099122807017402e-02,-1.143363615098351958e-02,-1.268553545986177492e-02,-1.274513636363636473e-02,-1.242274444444444424e-02,-1.275414673046251952e-02,-1.702838915470494471e-02,-1.345990372142477284e-02,-1.346279521531100476e-02,-1.362885592769803172e-02,-1.379529898989898841e-02,-1.406057527910685619e-02,-1.429215417331206918e-02,-1.451631238702817510e-02,-1.479750622009569361e-02,-1.504396214779372444e-02,-1.521699106858054318e-02,-1.543793519404571858e-02,-1.566992344497607215e-02,-1.587429696969697157e-02,-1.606972918660286992e-02,-1.627591961722487865e-02,-1.647306459330143483e-02,-1.668107219564061647e-02,-1.686964992025518154e-02,-1.704851270600744179e-02,-1.730053758639021888e-02,-1.751227543859648975e-02,-1.768266666666666598e-02,-1.790669537480063522e-02,-1.812101578947368508e-02,-1.832551956406166735e-02,-1.851974056353003495e-02,-1.869251717171717050e-02,-1.893238405103667837e-02,-1.911727272727273275e-02,-1.926861100478469147e-02,-1.943119473684210355e-02,-1.957071339712918717e-02,-1.966333636363636408e-02,-1.970791531100478389e-02,-1.980967846889952061e-02,-1.994623062200957114e-02,-2.013555396065922279e-02,-2.028244976076555225e-02,-2.041749213184476316e-02,-2.079706464646464970e-02,-2.083552392344497836e-02,-2.071229665071770351e-02,-2.072287889420521001e-02,-2.063213721424773939e-02,2.061962530568846319e-02,2.071044019138755868e-02,2.069993110047846710e-02,2.083552392344497836e-02,2.078484545454545654e-02,2.041749213184476316e-02,2.028244976076555225e-02,2.013555396065922279e-02,1.995814593301435680e-02,1.983331770334927774e-02,1.974308708133971219e-02,1.969822105263157805e-02,1.961684354066985797e-02,1.947694210526315639e-02,1.931397559808612635e-02,1.917350000000000304e-02,1.898813312068048723e-02,1.875884189261031038e-02,1.859644954811270554e-02,1.841242185007974444e-02,1.820715252525252625e-02,1.799206698564593046e-02,1.777784848484848315e-02,1.760659649122806730e-02,1.739399787347155682e-02,1.715140053163211054e-02,1.697158133971292046e-02,1.679214471026049815e-02,1.658308506113769648e-02,1.637498181818181769e-02,1.617764556087187763e-02,1.598116188197767212e-02,1.578535566188197722e-02,1.555221972355130301e-02,1.533012854864433845e-02,1.516528442317915948e-02,1.492682275385433244e-02,1.463514869750132986e-02,1.440974784688995106e-02,1.418587639553428939e-02,1.391926188197767193e-02,1.375148059542796210e-02,1.359274497607655501e-02,1.358841967038809141e-02,1.724124401913875587e-02,1.289019096225411942e-02,1.254162238171185537e-02,1.286385353535353555e-02,1.278715523657628951e-02,1.153511812865496908e-02,1.204029558745348116e-02,1.221663200425305781e-02,1.188430558213716265e-02,1.154006124401913899e-02,1.130529271664008559e-02,1.091330909090909053e-02,1.055092732589048461e-02,1.022510366826156342e-02,9.896208506113769038e-03,9.388869218500796657e-03,8.928285273790538198e-03,8.468330940988835071e-03,7.920764274322169424e-03,7.230630515683147269e-03,6.302511961722488329e-03,4.953292503987240594e-03,2.137341414141414372e-03,-4.317526368952685073e-02,1.979077857522594519e-02,1.282697182349814028e-03,7.547947900053164107e-04,6.708331206804891674e-04,6.613130249867091694e-04,6.445456671982986198e-04,6.707698032961190637e-04,8.525192982456140109e-04,9.356373205741626070e-04,8.466516746411483071e-04,8.493901116427431163e-04,9.702732057416266556e-04,8.959732057416269638e-04,6.517224880382775209e-04,6.118613503455609410e-04,6.376943115364168456e-04,5.800888888888890149e-04,4.890856459330143215e-04,5.051985114300904401e-04,6.098383838383838454e-04,6.034442317916002005e-04,4.888248803827751525e-04,4.460283891547049402e-04,4.187585326953748217e-04,3.817684210526316115e-04,3.170545454545454535e-04,5.362519936204146513e-05,3.373294417862839154e-03,-1.547662174375332572e-02,-1.021617224880382816e-03,-5.980297182349815022e-04,-5.046089845826687900e-04,-4.975015417331206218e-04,-5.020019138755979927e-04,-5.315534290271132448e-04,-6.716818713450291517e-04,-7.445564593301434242e-04,-6.853846889952153014e-04,-6.918419457735247146e-04,-7.887832535885166540e-04,-7.395334396597554429e-04,-5.575847953216373984e-04,-5.381431153641680213e-04,-5.701737373737374723e-04,-5.190269005847954458e-04,-4.657958532695374051e-04,-4.973047846889951584e-04,-6.419351408825092710e-04,-6.442174906964380065e-04,-5.136803827751196261e-04,-4.796909090909091153e-04,-4.443968102073365023e-04,-3.817684210526316115e-04,-3.522828282828282967e-05,3.485637958532694929e-04,3.216571664008506266e-03,4.111584529505582335e-03,4.964122913343966929e-03,5.677835672514620381e-03,6.306853588516746906e-03,6.833962573099414128e-03,7.279384688995214903e-03,7.679914938862308568e-03,8.057522222222222516e-03,8.368019138755981509e-03,8.640772301967037869e-03,8.850714992025518132e-03,9.030029771398192032e-03,9.153649867091970954e-03,9.303782775119616086e-03,9.338476023391812861e-03,9.356568102073366255e-03,9.307120467836257904e-03,9.203451621477936467e-03,8.972836363636363735e-03,8.599165071770335095e-03,8.147662200956938550e-03,7.466149707602339619e-03,6.457190590111642516e-03,4.871678468899521587e-03,2.482233492822966819e-03,-1.866377990430622292e-03,4.960127591706538523e-04,9.377990430622008431e-04,1.349109516214779285e-03,1.038755980861243936e-03,5.502392344497607137e-04,-7.509303561935140234e-05,-7.066586921850079696e-04,-9.184742158426370193e-04,-5.928229665071770363e-04,-2.526315789473684132e-04,-4.848484848484848372e-04,-9.043062200956936353e-04,-1.295334928229664988e-03,-9.889952153110045940e-04,-4.478335991493885429e-04,1.682083997873471477e-04,8.173046251993620415e-04,9.967038809144072170e-04,6.502392344497607592e-04,2.813397129186602746e-04
cyi,6.110000000000000153e-02,-3.139999999999999996e-03,-6.960000000000000041e-03,-8.689999999999999808e-03,-9.830000000000000196e-03,-1.064999999999999974e-02,-1.124999999999999958e-02,-1.173000000000000084e-02,-1.220000000000000077e-02,-1.271000000000000081e-02,-1.298000000000000022e-02,-1.324999999999999963e-02,-1.354999999999999954e-02,-1.387999999999999998e-02,-1.403000000000000080e-02,-1.429000000000000062e-02,-1.455000000000000043e-02,-1.418999999999999949e-02,-1.353000000000000036e-02,-1.498000000000000026e-02,-1.503999999999999955e-02,-1.464000000000000024e-02,-1.499999999999999944e-02,-2.000000000000000042e-02,-1.570999999999999827e-02,-1.553999999999999999e-02,-1.555999999999999918e-02,-1.558000000000000010e-02,-1.572000000000000133e-02,-1.580000000000000154e-02,-1.587999999999999828e-02,-1.602999999999999911e-02,-1.611999999999999891e-02,-1.614000000000000157e-02,-1.621999999999999831e-02,-1.629999999999999852e-02,-1.634999999999999995e-02,-1.637999999999999873e-02,-1.643000000000000016e-02,-1.648000000000000159e-02,-1.652999999999999955e-02,-1.655999999999999833e-02,-1.658000000000000099e-02,-1.667000000000000079e-02,-1.671999999999999875e-02,-1.672999999999999834e-02,-1.678999999999999937e-02,-1.684000000000000080e-02,-1.687999999999999917e-02,-1.691000000000000142e-02,-1.692000000000000101e-02,-1.699000000000000163e-02,-1.701000000000000081e-02,-1.700000000000000122e-02,-1.700000000000000122e-02,-1.697999999999999857e-02,-1.692000000000000101e-02,-1.682000000000000162e-02,-1.677000000000000018e-02,-1.675000000000000100e-02,-1.678999999999999937e-02,-1.679999999999999896e-02,-1.682000000000000162e-02,-1.702000000000000041e-02,-1.695999999999999938e-02,-1.675000000000000100e-02,-1.667000000000000079e-02,-1.649000000000000118e-02,1.648000000000000159e-02,1.665000000000000160e-02,1.674000000000000141e-02,1.694999999999999979e-02,1.702000000000000041e-02,1.682000000000000162e-02,1.680999999999999855e-02,1.678999999999999937e-02,1.677000000000000018e-02,1.678999999999999937e-02,1.685000000000000039e-02,1.694999999999999979e-02,1.702000000000000041e-02,1.703999999999999959e-02,1.703999999999999959e-02,1.705999999999999878e-02,1.703999999999999959e-02,1.697999999999999857e-02,1.697999999999999857e-02,1.695999999999999938e-02,1.692000000000000101e-02,1.686999999999999958e-02,1.682000000000000162e-02,1.680999999999999855e-02,1.676000000000000059e-02,1.668000000000000038e-02,1.666000000000000120e-02,1.662999999999999895e-02,1.659000000000000058e-02,1.653999999999999915e-02,1.649000000000000118e-02,1.645999999999999894e-02,1.641000000000000097e-02,1.634000000000000036e-02,1.626999999999999974e-02,1.625000000000000056e-02,1.616000000000000075e-02,1.600999999999999993e-02,1.592999999999999972e-02,1.584999999999999951e-02,1.572000000000000133e-02,1.570999999999999827e-02,1.568999999999999909e-02,1.586999999999999869e-02,2.025000000000000064e-02,1.515999999999999986e-02,1.477999999999999974e-02,1.516999999999999946e-02,1.511000000000000017e-02,1.365000000000000067e-02,1.433000000000000072e-02,1.468000000000000034e-02,1.443000000000000012e-02,1.417000000000000030e-02,1.401999999999999948e-02,1.367999999999999945e-02,1.337999999999999953e-02,1.310000000000000053e-02,1.282999999999999939e-02,1.230999999999999976e-02,1.183000000000000024e-02,1.135000000000000071e-02,1.073999999999999955e-02,9.919999999999999998e-03,8.750000000000000833e-03,6.960000000000000041e-03,3.040000000000000167e-03,-6.217000000000000304e-02,3.568999999999999950e-02,2.259999999999999856e-03,1.299999999999999940e-03,1.129999999999999928e-03,1.090000000000000040e-03,1.039999999999999909e-03,1.059999999999999961e-03,1.319999999999999993e-03,1.420000000000000038e-03,1.260000000000000052e-03,1.240000000000000000e-03,1.389999999999999960e-03,1.260000000000000052e-03,8.999999999999999754e-04,8.300000000000000086e-04,8.499999999999999526e-04,7.600000000000000418e-04,6.300000000000000261e-04,6.400000000000000524e-04,7.600000000000000418e-04,7.399999999999999894e-04,5.900000000000000296e-04,5.299999999999999807e-04,4.899999999999999842e-04,4.400000000000000157e-04,3.600000000000000227e-04,6.000000000000000152e-05,3.720000000000000216e-03,-2.791000000000000078e-02,-1.799999999999999951e-03,-1.030000000000000100e-03,-8.499999999999999526e-04,-8.199999999999999824e-04,-8.099999999999999561e-04,-8.400000000000000348e-04,-1.039999999999999909e-03,-1.129999999999999928e-03,-1.020000000000000073e-03,-1.010000000000000047e-03,-1.129999999999999928e-03,-1.039999999999999909e-03,-7.699999999999999597e-04,-7.299999999999999632e-04,-7.600000000000000418e-04,-6.800000000000000488e-04,-5.999999999999999474e-04,-6.300000000000000261e-04,-8.000000000000000383e-04,-7.900000000000000121e-04,-6.199999999999999999e-04,-5.699999999999999772e-04,-5.199999999999999544e-04,-4.400000000000000157e-04,-4.000000000000000327e-05,3.899999999999999929e-04,6.130000000000000032e-03,7.570000000000000340e-03,8.840000000000000635e-03,9.790000000000000091e-03,1.054000000000000076e-02,1.107999999999999957e-02,1.145999999999999970e-02,1.175000000000000003e-02,1.199000000000000066e-02,1.212000000000000056e-02,1.218999999999999945e-02,1.217000000000000026e-02,1.210999999999999924e-02,1.197999999999999933e-02,1.188999999999999953e-02,1.166000000000000023e-02,1.141999999999999960e-02,1.111000000000000008e-02,1.074999999999999914e-02,1.026000000000000002e-02,9.629999999999999671e-03,8.940000000000000030e-03,8.030000000000000679e-03,6.810000000000000081e-03,5.040000000000000209e-03,2.520000000000000104e-03,-1.860000000000000108e-03,3.109999999999999917e-03,5.879999999999999810e-03,8.529999999999999388e-03,6.680000000000000174e-03,3.599999999999999901e-03,-5.000000000000000104e-04,-4.789999999999999987e-03,-6.340000000000000149e-03,-4.129999999999999991e-03,-1.760000000000000063e-03,-3.040000000000000167e-03,-5.669999999999999693e-03,-8.189999999999999364e-03,-6.360000000000000202e-03,-2.929999999999999879e-03,1.119999999999999902e-03,5.539999999999999786e-03,6.879999999999999831e-03,4.530000000000000172e-03,1.959999999999999937e-03
cyi*c/cref,4.243217969165338083e-02,-2.207648697501329253e-03,-4.953292503987240594e-03,-6.259294736842105009e-03,-7.165030037214248360e-03,-7.854389154704943116e-03,-8.393720095693779637e-03,-8.852813716108453093e-03,-9.312536948431685349e-03,-9.811295640616694499e-03,-1.013143859649122923e-02,-1.045622939925571621e-02,-1.080960074428495565e-02,-1.119240106326422138e-02,-1.143411435406698623e-02,-1.176900393407761918e-02,-1.210844657097288717e-02,-1.193099122807017402e-02,-1.144209298245613994e-02,-1.268553545986177492e-02,-1.275361616161616203e-02,-1.243123572567783088e-02,-1.275414673046251952e-02,-1.702838915470494471e-02,-1.345990372142477284e-02,-1.346279521531100476e-02,-1.362885592769803172e-02,-1.379529898989898841e-02,-1.406952535885167520e-02,-1.429215417331206918e-02,-1.451631238702817510e-02,-1.480674311536416682e-02,-1.504396214779372444e-02,-1.521699106858054318e-02,-1.544745890483784946e-02,-1.567954279638490017e-02,-1.588401196172248980e-02,-1.606972918660286992e-02,-1.627591961722487865e-02,-1.648306645401382761e-02,-1.669116969696969599e-02,-1.687984306220095473e-02,-1.705880148856990866e-02,-1.731092206273258938e-02,-1.752275555555555392e-02,-1.769324242424242383e-02,-1.791736682615629669e-02,-1.813178288144604022e-02,-1.833638234981392612e-02,-1.853069898989899086e-02,-1.870357129186602657e-02,-1.894353386496544500e-02,-1.912851818181818611e-02,-1.927995215311004845e-02,-1.944263157894736763e-02,-1.958224593301435487e-02,-1.967496459330143541e-02,-1.971963923444976230e-02,-1.982149808612439917e-02,-1.995814593301435680e-02,-2.014755369484316772e-02,-2.028244976076555225e-02,-2.042963817118554487e-02,-2.079706464646464970e-02,-2.084781626794258644e-02,-2.071229665071770351e-02,-2.073531759702285787e-02,-2.063213721424773939e-02,2.061962530568846319e-02,2.071044019138755868e-02,2.069993110047846710e-02,2.083552392344497836e-02,2.079706464646464970e-02,2.042963817118554487e-02,2.029452264752791210e-02,2.014755369484316772e-02,1.998197655502392464e-02,1.984513732057415977e-02,1.975481100478469060e-02,1.970984928229664937e-02,1.962837607655502567e-02,1.948837894736841700e-02,1.932531674641148334e-02,1.918474545454545641e-02,1.899928293460924691e-02,1.876989601275916644e-02,1.860740797448165798e-02,1.842328463583200321e-02,1.821791961722488140e-02,1.800273843700159193e-02,1.778842424242424447e-02,1.761707660818713148e-02,1.740438234981392732e-02,1.716168931419457394e-02,1.698177448165869366e-02,1.679214471026049815e-02,1.659308692185008233e-02,1.638488803827750986e-02,1.617764556087187763e-02,1.599087687400319036e-02,1.578535566188197722e-02,1.556174343434343389e-02,1.533955667198298733e-02,1.516528442317915948e-02,1.492682275385433244e-02,1.463514869750132986e-02,1.440974784688995106e-02,1.418587639553428939e-02,1.391926188197767193e-02,1.376023950026581365e-02,1.359274497607655501e-02,1.359698740031897897e-02,1.724124401913875587e-02,1.289019096225411942e-02,1.255011366294524200e-02,1.286385353535353555e-02,1.279562355130249747e-02,1.154357496012759117e-02,1.204870361509835161e-02,1.221663200425305781e-02,1.188430558213716265e-02,1.154821100478468920e-02,1.130529271664008559e-02,1.091330909090909053e-02,1.055881881977671632e-02,1.022510366826156342e-02,9.903927857522594469e-03,9.396502445507708134e-03,8.928285273790538198e-03,8.468330940988835071e-03,7.920764274322169424e-03,7.230630515683147269e-03,6.302511961722488329e-03,4.953292503987240594e-03,2.137341414141414372e-03,-4.317526368952685073e-02,1.979077857522594519e-02,1.282697182349814028e-03,7.547947900053164107e-04,6.708331206804891674e-04,6.613130249867091694e-04,6.445456671982986198e-04,6.707698032961190637e-04,8.525192982456140109e-04,9.356373205741626070e-04,8.466516746411483071e-04,8.493901116427431163e-04,9.702732057416266556e-04,8.959732057416269638e-04,6.517224880382775209e-04,6.118613503455609410e-04,6.376943115364168456e-04,5.800888888888890149e-04,4.890856459330143215e-04,5.051985114300904401e-04,6.098383838383838454e-04,6.034442317916002005e-04,4.888248803827751525e-04,4.460283891547049402e-04,4.187585326953748217e-04,3.817684210526316115e-04,3.170545454545454535e-04,5.362519936204146513e-05,3.373294417862839154e-03,-1.547662174375332572e-02,-1.021617224880382816e-03,-5.980297182349815022e-04,-5.046089845826687900e-04,-4.975015417331206218e-04,-5.020019138755979927e-04,-5.315534290271132448e-04,-6.716818713450291517e-04,-7.445564593301434242e-04,-6.853846889952153014e-04,-6.918419457735247146e-04,-7.887832535885166540e-04,-7.395334396597554429e-04,-5.575847953216373984e-04,-5.381431153641680213e-04,-5.701737373737374723e-04,-5.190269005847954458e-04,-4.657958532695374051e-04,-4.973047846889951584e-04,-6.419351408825092710e-04,-6.442174906964380065e-04,-5.136803827751196261e-04,-4.796909090909091153e-04,-4.443968102073365023e-04,-3.817684210526316115e-04,-3.522828282828282967e-05,3.485637958532694929e-04,3.216571664008506266e-03,4.111584529505582335e-03,4.964122913343966929e-03,5.677835672514620381e-03,6.306853588516746906e-03,6.833962573099414128e-03,7.279384688995214903e-03,7.679914938862308568e-03,8.057522222222222516e-03,8.368019138755981509e-03,8.640772301967037869e-03,8.850714992025518132e-03,9.030029771398192032e-03,9.153649867091970954e-03,9.303782775119616086e-03,9.338476023391812861e-03,9.356568102073366255e-03,9.307120467836257904e-03,9.203451621477936467e-03,8.972836363636363735e-03,8.599165071770335095e-03,8.147662200956938550e-03,7.466149707602339619e-03,6.457190590111642516e-03,4.871678468899521587e-03,2.482233492822966819e-03,-1.866377990430622292e-03,4.960127591706538523e-04,9.377990430622008431e-04,1.349109516214779285e-03,1.038755980861243936e-03,5.502392344497607137e-04,-7.509303561935140234e-05,-7.066586921850079696e-04,-9.184742158426370193e-04,-5.928229665071770363e-04,-2.526315789473684132e-04,-4.848484848484848372e-04,-9.043062200956936353e-04,-1.295334928229664988e-03,-9.889952153110045940e-04,-4.478335991493885429e-04,1.682083997873471477e-04,8.173046251993620415e-04,9.967038809144072170e-04,6.502392344497607592e-04,2.813397129186602746e-04
cyo,0.000000000000000000e+00,0.000000000000000000e+00,0.000000000000000000e+00,0.000000000000000000e+00,0.000000000000000000e+00,0.000000000000000000e+00,0.000000000000000000e+00,0.000000000000000000e+00,0.000000000000000000e+00,0.000000000000000000e+00,0.000000000000000000e+00,0.000000000000000000e+00,0.000000000000000000e+00,0.000000000000000000e+00,0.000000000000000000e+00,0.000000000000000000e+00,0.000000000000000000e+00,0.000000000000000000e+00,0.000000000000000000e+00,0.000000000000000000e+00,0.000000000000000000e+00,0.000000000000000000e+00,0.000000000000000000e+00,0.000000000000000000e+00,0.000000000000000000e+00,0.000000000000000000e+00,1.000000000000000082e-05,1.000000000000000082e-05,1.000000000000000082e-05,1.000000000000000082e-05,1.000000000000000082e-05,1.000000000000000082e-05,1.000000000000000082e-05,1.000000000000000082e-05,1.000000000000000082e-05,1.000000000000000082e-05,1.000000000000000082e-05,1.000000000000000082e-05,1.000000000000000082e-05,1.000000000000000082e-05,1.000000000000000082e-05,1.000000000000000082e-05,1.000000000000000082e-05,1.000000000000000082e-05,1.000000000000000082e-05,1.000000000000000082e-05,1.000000000000000082e-05,1.000000000000000082e-05,1.000000000000000082e-05,1.000000000000000082e-05,1.000000000000000082e-05,1.000000000000000082e-05,1.000000000000000082e-05,1.000000000000000082e-05,1.000000000000000082e-05,1.000000000000000082e-05,1.000000000000000082e-05,1.000000000000000082e-05,1.000000000000000082e-05,1.000000000000000082e-05,1.000000000000000082e-05,1.000000000000000082e-05,1.000000000000000082e-05,1.000000000000000082e-05,0.000000000000000000e+00,0.000000000000000000e+00,0.000000000000000000e+00,0.000000000000000000e+00,-0.000000000000000000e+00,-0.000000000000000000e+00,-0.000000000000000000e+00,-0.000000000000000000e+00,-1.000000000000000082e-05,-1.000000000000000082e-05,-1.000000000000000082e-05,-1.000000000000000082e-05,-1.000000000000000082e-05,-1.000000000000000082e-05,-1.000000000000000082e-05,-1.000000000000000082e-05,-1.000000000000000082e-05,-1.000000000000000082e-05,-1.000000000000000082e-05,-1.000000000000000082e-05,-1.000000000000000082e-05,-1.000000000000000082e-05,-1.000000000000000082e-05,-1.000000000000000082e-05,-1.000000000000000082e-05,-1.000000000000000082e-05,-1.000000000000000082e-05,-1.000000000000000082e-05,-1.000000000000000082e-05,-1.000000000000000082e-05,-1.000000000000000082e-05,-1.000000000000000082e-05,-1.000000000000000082e-05,-1.000000000000000082e-05,-1.000000000000000082e-05,-1.000000000000000082e-05,-1.000000000000000082e-05,-1.000000000000000082e-05,-1.000000000000000082e-05,-1.000000000000000082e-05,-1.000000000000000082e-05,-1.000000000000000082e-05,-1.000000000000000082e-05,-1.000000000000000082e-05,-1.000000000000000082e-05,-1.000000000000000082e-05,-0.000000000000000000e+00,-0.000000000000000000e+00,-0.000000000000000000e+00,-0.000000000000000000e+00,-0.000000000000000000e+00,-0.000000000000000000e+00,-0.000000000000000000e+00,-0.000000000000000000e+00,-0.000000000000000000e+00,-0.000000000000000000e+00,-0.000000000000000000e+00,-0.000000000000000000e+00,-0.000000000000000000e+00,-0.000000000000000000e+00,-0.000000000000000000e+00,-0.000000000000000000e+00,-0.000000000000000000e+00,-0.000000000000000000e+00,-0.000000000000000000e+00,-0.000000000000000000e+00,-0.000000000000000000e+00,-0.000000000000000000e+00,-0.000000000000000000e+00,-0.000000000000000000e+00,-0.000000000000000000e+00,-0.000000000000000000e+00,0.000000000000000000e+00,0.000000000000000000e+00,0.000000000000000000e+00,0.000000000000000000e+00,0.000000000000000000e+00,0.000000000000000000e+00,0.000000000000000000e+00,0.000000000000000000e+00,0.000000000000000000e+00,0.000000000000000000e+00,0.000000000000000000e+00,0.000000000000000000e+00,0.000000000000000000e+00,0.000000000000000000e+00,0.000000000000000000e+00,0.000000000000000000e+00,0.000000000000000000e+00,0.000000000000000000e+00,0.000000000000000000e+00,0.000000000000000000e+00,0.000000000000000000e+00,0.000000000000000000e+00,0.000000000000000000e+00,0.000000000000000000e+00,0.000000000000000000e+00,0.000000000000000000e+00,0.000000000000000000e+00,0.000000000000000000e+00,0.000000000000000000e+00,0.000000000000000000e+00,0.000000000000000000e+00,0.000000000000000000e+00,0.000000000000000000e+00,0.000000000000000000e+00,0.000000000000000000e+00,0.000000000000000000e+00,0.000000000000000000e+00,0.000000000000000000e+00,0.000000000000000000e+00,0.000000000000000000e+00,0.000000000000000000e+00,0.000000000000000000e+00,0.000000000000000000e+00,0.000000000000000000e+00,0.000000000000000000e+00,0.000000000000000000e+00,0.000000000000000000e+00,0.000000000000000000e+00,0.000000000000000000e+00,0.000000000000000000e+00,0.000000000000000000e+00,0.000000000000000000e+00,0.000000000000000000e+00,0.000000000000000000e+00,0.000000000000000000e+00,0.000000000000000000e+00,0.000000000000000000e+00,0.000000000000000000e+00,0.000000000000000000e+00,0.000000000000000000e+00,0.000000000000000000e+00,0.000000000000000000e+00,0.000000000000000000e+00,0.000000000000000000e+00,0.000000000000000000e+00,0.000000000000000000e+00,0.000000000000000000e+00,0.000000000000000000e+00,0.000000000000000000e+00,0.000000000000000000e+00,0.000000000000000000e+00,0.000000000000000000e+00,0.000000000000000000e+00,0.000000000000000000e+00,0.000000000000000000e+00,0.000000000000000000e+00,0.000000000000000000e+00,0.000000000000000000e+00,0.000000000000000000e+00,0.000000000000000000e+00,0.000000000000000000e+00,0.000000000000000000e+00,0.000000000000000000e+00,0.000000000000000000e+00,0.000000000000000000e+00,0.000000000000000000e+00,0.000000000000000000e+00,0.000000000000000000e+00,0.000000000000000000e+00,0.000000000000000000e+00,0.000000000000000000e+00,0.000000000000000000e+00,0.000000000000000000e+00,0.000000000000000000e+00,0.000000000000000000e+00,0.000000000000000000e+00,0.000000000000000000e+00,0.000000000000000000e+00,0.000000000000000000e+00,0.000000000000000000e+00,0.000000000000000000e+00,0.000000000000000000e+00
cyo*c/cref,0.000000000000000000e+00,0.000000000000000000e+00,0.000000000000000000e+00,0.000000000000000000e+00,0.000000000000000000e+00,0.000000000000000000e+00,0.000000000000000000e+00,0.000000000000000000e+00,0.000000000000000000e+00,0.000000000000000000e+00,0.000000000000000000e+00,0.000000000000000000e+00,0.000000000000000000e+00,0.000000000000000000e+00,0.000000000000000000e+00,0.000000000000000000e+00,0.000000000000000000e+00,0.000000000000000000e+00,0.000000000000000000e+00,0.000000000000000000e+00,0.000000000000000000e+00,0.000000000000000000e+00,0.000000000000000000e+00,0.000000000000000000e+00,0.000000000000000000e+00,0.000000000000000000e+00,8.758904837852207238e-06,8.854492291334396516e-06,8.950079744816587487e-06,9.045667198298776765e-06,9.141254651780969431e-06,9.236895268474217127e-06,9.332482721956406404e-06,9.428123338649655794e-06,9.523710792131845072e-06,9.619351408825092768e-06,9.714992025518342158e-06,9.810579479000533130e-06,9.906220095693780826e-06,1.000186071238703022e-05,1.009750132908027622e-05,1.019314194577352561e-05,1.028878256246677330e-05,1.038447634237107942e-05,1.048011695906432881e-05,1.057575757575757650e-05,1.067145135566188093e-05,1.076709197235513032e-05,1.086278575225943643e-05,1.095842636895268582e-05,1.105412014885699024e-05,1.114981392876129635e-05,1.124545454545454913e-05,1.134114832535885355e-05,1.143684210526315797e-05,1.153253588516746578e-05,1.162822966507177020e-05,1.172392344497607801e-05,1.181961722488038243e-05,1.191531100478469024e-05,1.199973418394471160e-05,1.207288676236044990e-05,1.214603934077618481e-05,1.221919191919192142e-05,0.000000000000000000e+00,0.000000000000000000e+00,0.000000000000000000e+00,0.000000000000000000e+00,-0.000000000000000000e+00,-0.000000000000000000e+00,-0.000000000000000000e+00,-0.000000000000000000e+00,-1.221919191919192142e-05,-1.214603934077618481e-05,-1.207288676236044990e-05,-1.199973418394471160e-05,-1.191531100478469024e-05,-1.181961722488038243e-05,-1.172392344497607801e-05,-1.162822966507177020e-05,-1.153253588516746578e-05,-1.143684210526315797e-05,-1.134114832535885355e-05,-1.124545454545454913e-05,-1.114981392876129635e-05,-1.105412014885699024e-05,-1.095842636895268582e-05,-1.086278575225943643e-05,-1.076709197235513032e-05,-1.067145135566188093e-05,-1.057575757575757650e-05,-1.048011695906432881e-05,-1.038447634237107942e-05,-1.028878256246677330e-05,-1.019314194577352561e-05,-1.009750132908027622e-05,-1.000186071238703022e-05,-9.906220095693780826e-06,-9.810579479000533130e-06,-9.714992025518342158e-06,-9.619351408825092768e-06,-9.523710792131845072e-06,-9.428123338649655794e-06,-9.332482721956406404e-06,-9.236895268474217127e-06,-9.141254651780969431e-06,-9.045667198298776765e-06,-8.950079744816587487e-06,-8.854492291334396516e-06,-8.758904837852207238e-06,-0.000000000000000000e+00,-0.000000000000000000e+00,-0.000000000000000000e+00,-0.000000000000000000e+00,-0.000000000000000000e+00,-0.000000000000000000e+00,-0.000000000000000000e+00,-0.000000000000000000e+00,-0.000000000000000000e+00,-0.000000000000000000e+00,-0.000000000000000000e+00,-0.000000000000000000e+00,-0.000000000000000000e+00,-0.000000000000000000e+00,-0.000000000000000000e+00,-0.000000000000000000e+00,-0.000000000000000000e+00,-0.000000000000000000e+00,-0.000000000000000000e+00,-0.000000000000000000e+00,-0.000000000000000000e+00,-0.000000000000000000e+00,-0.000000000000000000e+00,-0.000000000000000000e+00,-0.000000000000000000e+00,-0.000000000000000000e+00,0.000000000000000000e+00,0.000000000000000000e+00,0.000000000000000000e+00,0.000000000000000000e+00,0.000000000000000000e+00,0.000000000000000000e+00,0.000000000000000000e+00,0.000000000000000000e+00,0.000000000000000000e+00,0.000000000000000000e+00,0.000000000000000000e+00,0.000000000000000000e+00,0.000000000000000000e+00,0.000000000000000000e+00,0.000000000000000000e+00,0.000000000000000000e+00,0.000000000000000000e+00,0.000000000000000000e+00,0.000000000000000000e+00,0.000000000000000000e+00,0.000000000000000000e+00,0.000000000000000000e+00,0.000000000000000000e+00,0.000000000000000000e+00,0.000000000000000000e+00,0.000000000000000000e+00,0.000000000000000000e+00,0.000000000000000000e+00,0.000000000000000000e+00,0.000000000000000000e+00,0.000000000000000000e+00,0.000000000000000000e+00,0.000000000000000000e+00,0.000000000000000000e+00,0.000000000000000000e+00,0.000000000000000000e+00,0.000000000000000000e+00,0.000000000000000000e+00,0.000000000000000000e+00,0.000000000000000000e+00,0.000000000000000000e+00,0.000000000000000000e+00,0.000000000000000000e+00,0.000000000000000000e+00,0.000000000000000000e+00,0.000000000000000000e+00,0.000000000000000000e+00,0.000000000000000000e+00,0.000000000000000000e+00,0.000000000000000000e+00,0.000000000000000000e+00,0.000000000000000000e+00,0.000000000000000000e+00,0.000000000000000000e+00,0.000000000000000000e+00,0.000000000000000000e+00,0.000000000000000000e+00,0.000000000000000000e+00,0.000000000000000000e+00,0.000000000000000000e+00,0.000000000000000000e+00,0.000000000000000000e+00,0.000000000000000000e+00,0.000000000000000000e+00,0.000000000000000000e+00,0.000000000000000000e+00,0.000000000000000000e+00,0.000000000000000000e+00,0.000000000000000000e+00,0.000000000000000000e+00,0.000000000000000000e+00,0.000000000000000000e+00,0.000000000000000000e+00,0.000000000000000000e+00,0.000000000000000000e+00,0.000000000000000000e+00,0.000000000000000000e+00,0.000000000000000000e+00,0.000000000000000000e+00,0.000000000000000000e+00,0.000000000000000000e+00,0.000000000000000000e+00,0.000000000000000000e+00,0.000000000000000000e+00,0.000000000000000000e+00,0.000000000000000000e+00,0.000000000000000000e+00,0.000000000000000000e+00,0.000000000000000000e+00,0.000000000000000000e+00,0.000000000000000000e+00,0.000000000000000000e+00,0.000000000000000000e+00,0.000000000000000000e+00,0.000000000000000000e+00,0.000000000000000000e+00,0.000000000000000000e+00,0.000000000000000000e+00,0.000000000000000000e+00,0.000000000000000000e+00,0.000000000000000000e+00,0.000000000000000000e+00
cz,1.991900000000000059e-01,2.227200000000000013e-01,2.637599999999999945e-01,2.943899999999999850e-01,3.178400000000000114e-01,3.371500000000000052e-01,3.531500000000000195e-01,3.670100000000000029e-01,3.788199999999999901e-01,3.893800000000000039e-01,3.986000000000000099e-01,4.068800000000000194e-01,4.140199999999999991e-01,4.206699999999999884e-01,4.268600000000000172e-01,4.324200000000000266e-01,4.376200000000000090e-01,4.422200000000000020e-01,4.439100000000000268e-01,4.454199999999999826e-01,4.467900000000000205e-01,4.480999999999999983e-01,4.495000000000000107e-01,4.508599999999999830e-01,4.524799999999999933e-01,4.567800000000000193e-01,4.613399999999999723e-01,4.654300000000000104e-01,4.693200000000000149e-01,4.731199999999999850e-01,4.769599999999999951e-01,4.804899999999999727e-01,4.839800000000000213e-01,4.871300000000000074e-01,4.900700000000000056e-01,4.925999999999999823e-01,4.947300000000000031e-01,4.968000000000000194e-01,4.990200000000000191e-01,5.011299999999999644e-01,5.033100000000000351e-01,5.052699999999999969e-01,5.072299999999999587e-01,5.089500000000000135e-01,5.105600000000000138e-01,5.120500000000000052e-01,5.135300000000000420e-01,5.148399999999999643e-01,5.161099999999999577e-01,5.171799999999999731e-01,5.180900000000000505e-01,5.187500000000000444e-01,5.192099999999999493e-01,5.195999999999999508e-01,5.199799999999999978e-01,5.194600000000000328e-01,5.194999999999999618e-01,5.194299999999999473e-01,5.186500000000000554e-01,5.182799999999999629e-01,5.162200000000000122e-01,5.162299999999999667e-01,5.155999999999999472e-01,5.149099999999999788e-01,5.139899999999999469e-01,5.130099999999999660e-01,5.117500000000000382e-01,5.103299999999999503e-01,5.103999999999999648e-01,5.119500000000000162e-01,5.133299999999999530e-01,5.144100000000000339e-01,5.154400000000000093e-01,5.162499999999999867e-01,5.169899999999999496e-01,5.171599999999999531e-01,5.194199999999999928e-01,5.199200000000000488e-01,5.208000000000000407e-01,5.209899999999999531e-01,5.210599999999999676e-01,5.216600000000000126e-01,5.214100000000000401e-01,5.211500000000000021e-01,5.208599999999999897e-01,5.203400000000000247e-01,5.195499999999999563e-01,5.185999999999999499e-01,5.174400000000000110e-01,5.162400000000000322e-01,5.148700000000000498e-01,5.134900000000000020e-01,5.120299999999999851e-01,5.104199999999999848e-01,5.085600000000000120e-01,5.066899999999999737e-01,5.046000000000000485e-01,5.025800000000000267e-01,5.004499999999999504e-01,4.984999999999999987e-01,4.965100000000000069e-01,4.940800000000000192e-01,4.912099999999999800e-01,4.881199999999999983e-01,4.846799999999999997e-01,4.812000000000000166e-01,4.773899999999999810e-01,4.736400000000000055e-01,4.697899999999999854e-01,4.657399999999999873e-01,4.612100000000000088e-01,4.569300000000000028e-01,4.553300000000000125e-01,4.539599999999999747e-01,4.525500000000000078e-01,4.512399999999999745e-01,4.498699999999999921e-01,4.483599999999999808e-01,4.466800000000000215e-01,4.420700000000000185e-01,4.368699999999999806e-01,4.312900000000000067e-01,4.250800000000000134e-01,4.183899999999999841e-01,4.112100000000000199e-01,4.028700000000000059e-01,3.935699999999999754e-01,3.829099999999999726e-01,3.709700000000000220e-01,3.569700000000000095e-01,3.407800000000000273e-01,3.212300000000000155e-01,2.974700000000000122e-01,2.663800000000000057e-01,2.246700000000000086e-01,2.008399999999999908e-01,-7.983999999999999431e-02,-1.023700000000000027e-01,-1.223899999999999988e-01,-1.377500000000000113e-01,-1.494300000000000073e-01,-1.592300000000000104e-01,-1.669299999999999951e-01,-1.736800000000000010e-01,-1.790599999999999969e-01,-1.839300000000000102e-01,-1.879399999999999959e-01,-1.914299999999999891e-01,-1.941400000000000070e-01,-1.966199999999999892e-01,-1.987299999999999900e-01,-2.003399999999999903e-01,-2.016000000000000014e-01,-2.024700000000000111e-01,-2.031199999999999950e-01,-2.031900000000000095e-01,-2.027599999999999958e-01,-2.019499999999999906e-01,-2.006400000000000128e-01,-1.984400000000000053e-01,-1.951100000000000056e-01,-1.901500000000000135e-01,-1.822900000000000076e-01,-1.688199999999999978e-01,-6.947000000000000397e-02,-8.931000000000000050e-02,-1.068800000000000028e-01,-1.201799999999999952e-01,-1.300800000000000012e-01,-1.384199999999999875e-01,-1.449199999999999933e-01,-1.505700000000000094e-01,-1.548599999999999977e-01,-1.588100000000000067e-01,-1.619099999999999984e-01,-1.646400000000000086e-01,-1.665600000000000136e-01,-1.683900000000000119e-01,-1.697700000000000042e-01,-1.707500000000000129e-01,-1.713300000000000101e-01,-1.715299999999999880e-01,-1.713699999999999946e-01,-1.706300000000000039e-01,-1.693099999999999883e-01,-1.673699999999999910e-01,-1.646100000000000063e-01,-1.603499999999999925e-01,-1.537900000000000100e-01,-1.425400000000000000e-01,-1.189700000000000063e-01,2.200000000000000078e-04,2.000000000000000164e-05,1.000000000000000082e-05,1.000000000000000082e-05,1.000000000000000082e-05,1.000000000000000082e-05,1.000000000000000082e-05,1.000000000000000082e-05,1.000000000000000082e-05,1.000000000000000082e-05,1.000000000000000082e-05,0.000000000000000000e+00,0.000000000000000000e+00,0.000000000000000000e+00,0.000000000000000000e+00,0.000000000000000000e+00,0.000000000000000000e+00,-0.000000000000000000e+00,-0.000000000000000000e+00,-0.000000000000000000e+00,-1.000000000000000082e-05,-1.000000000000000082e-05,-1.000000000000000082e-05,-1.000000000000000082e-05,-2.000000000000000164e-05,-3.000000000000000076e-05,-3.600000000000000227e-04,-9.249999999999999542e-03,-1.339000000000000086e-02,-2.004999999999999838e-02,-1.566999999999999990e-02,-8.349999999999999784e-03,1.369999999999999907e-03,1.141000000000000000e-02,1.497000000000000067e-02,9.769999999999999171e-03,4.460000000000000422e-03,-8.940000000000000030e-03,-1.290999999999999960e-02,-1.925999999999999934e-02,-1.493000000000000056e-02,-6.769999999999999976e-03,2.830000000000000050e-03,1.318000000000000074e-02,1.625000000000000056e-02,1.069999999999999944e-02,4.969999999999999592e-03
cz*c/cref,1.383316836788942295e-01,1.565883814992025669e-01,1.877127055821371515e-01,2.120453138755980516e-01,2.316717341839447386e-01,2.486485730994152099e-01,2.634882001594896495e-01,2.769881638490164777e-01,2.891619054758107210e-01,3.005761051568314746e-01,3.111241467304625141e-01,3.210891032429559200e-01,3.302871513024986938e-01,3.392152273258904893e-01,3.478806880382775413e-01,3.561338475279107185e-01,3.641854562466773082e-01,3.718197985114300996e-01,3.754072059011164253e-01,3.771956745348218898e-01,3.788688939393939914e-01,3.804943120680489010e-01,3.821992636895268358e-01,3.838709767145135343e-01,3.876726439128123647e-01,3.957230114832536172e-01,4.040833157894736516e-01,4.121146347155767997e-01,4.200451425837321007e-01,4.279686064859117289e-01,4.360012818713450145e-01,4.438235807549175682e-01,4.516734987772461074e-01,4.592721721956405934e-01,4.667284947900052772e-01,4.738492503987239979e-01,4.806298004784689271e-01,4.873895885167464637e-01,4.943401952153110290e-01,5.012232458798512313e-01,5.082173393939394268e-01,5.150288830940988882e-01,5.218779179160020210e-01,5.285179234449760566e-01,5.350728514619883525e-01,5.415316666666667444e-01,5.480110414673046160e-01,5.543329631047314576e-01,5.606392354598617178e-01,5.667478949494949569e-01,5.727029107921318696e-01,5.783965975544922422e-01,5.838752454545454995e-01,5.892860669856458955e-01,5.946929157894735862e-01,5.990691090909091576e-01,6.040865311004783855e-01,6.089757555023922464e-01,6.130244473684209883e-01,6.175467387559808730e-01,6.194502780435938716e-01,6.232386333333334028e-01,6.262497884104200052e-01,6.291784111111111688e-01,6.318142148325358587e-01,6.343650928229663810e-01,6.365506166932481946e-01,6.385202295055819599e-01,6.386078128654969488e-01,6.367993907496012351e-01,6.347607904306218352e-01,6.323304933014355367e-01,6.298260282828284096e-01,6.270392809675705559e-01,6.241561727272727511e-01,6.205782530568846322e-01,6.189050842105263683e-01,6.145255387559808158e-01,6.105819330143541501e-01,6.058191373205741304e-01,6.009143148325358785e-01,5.966143052631578403e-01,5.913388148325359195e-01,5.860568636363637784e-01,5.807492082934608835e-01,5.751900878256246408e-01,5.693450419989366518e-01,5.633440691121742727e-01,5.571324070175438514e-01,5.509030047846890099e-01,5.445140303030303608e-01,5.381435257309941100e-01,5.317163421584263361e-01,5.251600395534289367e-01,5.183824267942583885e-01,5.116302948431684650e-01,5.046938915470495779e-01,4.978668095693780105e-01,4.909704500265815730e-01,4.842923524720893491e-01,4.776104167995746663e-01,4.705475028176501762e-01,4.631188465178096569e-01,4.555371466241360801e-01,4.476938398724082946e-01,4.398771738437001755e-01,4.318311063795852722e-01,4.239115770334928035e-01,4.159751933545985936e-01,4.079372339181286389e-01,3.995608610845295394e-01,3.914852837320574319e-01,3.876768216905900899e-01,3.859914966507176914e-01,3.842729322169058936e-01,3.826424040404040605e-01,3.809640745879850909e-01,3.791704959064327030e-01,3.755697788410420346e-01,3.678887268474216321e-01,3.597987927698033106e-01,3.514910320574162750e-01,3.427713144072302431e-01,3.337733472620946218e-01,3.245061200956938507e-01,3.144570622009569272e-01,3.038105133971291671e-01,2.922838953216373992e-01,2.799768375332270520e-01,2.663383344497607386e-01,2.513257029239766016e-01,2.341426855396065987e-01,2.142637980861243907e-01,1.895773070707070795e-01,1.579593735247208919e-01,1.394775608718766546e-01,-4.427278681552365702e-02,-5.810164183944711153e-02,-7.106102642211589715e-02,-8.177633838383839560e-02,-9.066055534290271001e-02,-9.868366018075491741e-02,-1.056335879851142967e-01,-1.121708725146198793e-01,-1.179825483253588436e-01,-1.235909861244019053e-01,-1.287374012759170405e-01,-1.336254674641148277e-01,-1.380509826687932040e-01,-1.423796395534290271e-01,-1.465002483785220744e-01,-1.503007980861243986e-01,-1.538762105263158098e-01,-1.571828106858054186e-01,-1.603373775651249222e-01,-1.630435015948963340e-01,-1.653437195108984348e-01,-1.673189569377990515e-01,-1.688512000000000346e-01,-1.695886596491228138e-01,-1.692882650717703608e-01,-1.674664494949494875e-01,-1.629222931951089803e-01,-1.530859041998936521e-01,-3.852242610313663662e-02,-5.068924130781499865e-02,-6.205574396597555303e-02,-7.134577384370016651e-02,-7.892073237639553318e-02,-8.578654928229663412e-02,-9.170562254120147305e-02,-9.724532631578947095e-02,-1.020371799043062050e-01,-1.067117082934609246e-01,-1.109070588516746364e-01,-1.149250220095693747e-01,-1.184391247208931575e-01,-1.219372775119617475e-01,-1.251514475279106864e-01,-1.281015337586390301e-01,-1.307718807017544116e-01,-1.331632711855395834e-01,-1.352747951621477707e-01,-1.369167413609782002e-01,-1.380664093035619266e-01,-1.386688478468899588e-01,-1.385296851674641394e-01,-1.370365933014354165e-01,-1.334367397129186672e-01,-1.255359858585858579e-01,-1.063298328017012184e-01,1.154397660818713510e-04,1.086283891547049485e-05,5.615523657628921552e-06,5.799627857522594832e-06,5.983732057416268113e-06,6.167836257309941393e-06,6.351993620414673939e-06,6.536097820308348067e-06,6.720202020202021347e-06,6.904306220095694628e-06,7.088410419989367908e-06,0.000000000000000000e+00,0.000000000000000000e+00,0.000000000000000000e+00,0.000000000000000000e+00,0.000000000000000000e+00,0.000000000000000000e+00,-0.000000000000000000e+00,-0.000000000000000000e+00,-0.000000000000000000e+00,-8.929558745348220938e-06,-9.113716108452950943e-06,-9.297820308346624224e-06,-9.481924508240297504e-06,-1.933205741626794496e-05,-2.955039872408293897e-05,-3.612344497607656224e-04,-1.475279106858054003e-03,-2.135566188197767033e-03,-3.171119085592769438e-03,-2.436722488038276999e-03,-1.276249335459861628e-03,2.057549175970228286e-04,1.683293460925039875e-03,2.168700159489633274e-03,1.402392344497607442e-03,6.401913875598087052e-04,-1.425837320574162596e-03,-2.059011164274321924e-03,-3.046172248803827570e-03,-2.321650717703349198e-03,-1.034755449229133326e-03,4.250265816055289890e-04,1.944417862838915701e-03,2.354133439659755658e-03,1.535885167464114695e-03,7.133971291866027676e-04
czi,1.992299999999999904e-01,2.227699999999999958e-01,2.638099999999999890e-01,2.944399999999999795e-01,3.179000000000000159e-01,3.372200000000000197e-01,3.532299999999999884e-01,3.670800000000000174e-01,3.789000000000000146e-01,3.894699999999999829e-01,3.986899999999999888e-01,4.069800000000000084e-01,4.141199999999999881e-01,4.207799999999999874e-01,4.269700000000000162e-01,4.325300000000000256e-01,4.377300000000000080e-01,4.423500000000000210e-01,4.440399999999999903e-01,4.455500000000000016e-01,4.469199999999999839e-01,4.482300000000000173e-01,4.496299999999999741e-01,4.509900000000000020e-01,4.526200000000000223e-01,4.569199999999999928e-01,4.614900000000000113e-01,4.655799999999999939e-01,4.694900000000000184e-01,4.732899999999999885e-01,4.771400000000000086e-01,4.806699999999999862e-01,4.841699999999999893e-01,4.873199999999999754e-01,4.902699999999999836e-01,4.928100000000000258e-01,4.949500000000000011e-01,4.970200000000000173e-01,4.992500000000000271e-01,5.013600000000000279e-01,5.035399999999999876e-01,5.055199999999999694e-01,5.074800000000000422e-01,5.092100000000000515e-01,5.108200000000000518e-01,5.123199999999999976e-01,5.138000000000000345e-01,5.151200000000000223e-01,5.163900000000000157e-01,5.174600000000000311e-01,5.183799999999999519e-01,5.190500000000000114e-01,5.195100000000000273e-01,5.199000000000000288e-01,5.202900000000000302e-01,5.197699999999999543e-01,5.198099999999999943e-01,5.197399999999999798e-01,5.189599999999999769e-01,5.186100000000000154e-01,5.165499999999999536e-01,5.165600000000000191e-01,5.159299999999999997e-01,5.152400000000000313e-01,5.143299999999999539e-01,5.133600000000000385e-01,5.120999999999999996e-01,5.106800000000000228e-01,5.107500000000000373e-01,5.122999999999999776e-01,5.136699999999999600e-01,5.147599999999999953e-01,5.157800000000000162e-01,5.165800000000000392e-01,5.173200000000000021e-01,5.174900000000000055e-01,5.197500000000000453e-01,5.202400000000000357e-01,5.211099999999999621e-01,5.212999999999999856e-01,5.213700000000000001e-01,5.219700000000000450e-01,5.217100000000000071e-01,5.214499999999999691e-01,5.211599999999999566e-01,5.206300000000000372e-01,5.198300000000000143e-01,5.188800000000000079e-01,5.177199999999999580e-01,5.165100000000000247e-01,5.151400000000000423e-01,5.137500000000000400e-01,5.122799999999999576e-01,5.106699999999999573e-01,5.088099999999999845e-01,5.069299999999999917e-01,5.048300000000000010e-01,5.028000000000000247e-01,5.006699999999999484e-01,4.987099999999999866e-01,4.967199999999999949e-01,4.942799999999999971e-01,4.914000000000000035e-01,4.883100000000000218e-01,4.848600000000000132e-01,4.813700000000000201e-01,4.775599999999999845e-01,4.737999999999999989e-01,4.699499999999999789e-01,4.658900000000000263e-01,4.613499999999999823e-01,4.570600000000000218e-01,4.554599999999999760e-01,4.540899999999999936e-01,4.526800000000000268e-01,4.513699999999999934e-01,4.500000000000000111e-01,4.484899999999999998e-01,4.467999999999999750e-01,4.421900000000000275e-01,4.369799999999999796e-01,4.314100000000000157e-01,4.251900000000000124e-01,4.184999999999999831e-01,4.113100000000000089e-01,4.029599999999999849e-01,3.936600000000000099e-01,3.829899999999999971e-01,3.710499999999999909e-01,3.570400000000000240e-01,3.408399999999999763e-01,3.212900000000000200e-01,2.975300000000000167e-01,2.664300000000000002e-01,2.247099999999999931e-01,2.008800000000000030e-01,-7.983999999999999431e-02,-1.023700000000000027e-01,-1.223899999999999988e-01,-1.377500000000000113e-01,-1.494300000000000073e-01,-1.592300000000000104e-01,-1.669299999999999951e-01,-1.736800000000000010e-01,-1.790599999999999969e-01,-1.839300000000000102e-01,-1.879399999999999959e-01,-1.914299999999999891e-01,-1.941400000000000070e-01,-1.966199999999999892e-01,-1.987299999999999900e-01,-2.003399999999999903e-01,-2.016000000000000014e-01,-2.024700000000000111e-01,-2.031199999999999950e-01,-2.031900000000000095e-01,-2.027599999999999958e-01,-2.019499999999999906e-01,-2.006400000000000128e-01,-1.984400000000000053e-01,-1.951100000000000056e-01,-1.901500000000000135e-01,-1.822900000000000076e-01,-1.688199999999999978e-01,-6.947000000000000397e-02,-8.931000000000000050e-02,-1.068800000000000028e-01,-1.201799999999999952e-01,-1.300800000000000012e-01,-1.384199999999999875e-01,-1.449199999999999933e-01,-1.505700000000000094e-01,-1.548599999999999977e-01,-1.588100000000000067e-01,-1.619099999999999984e-01,-1.646400000000000086e-01,-1.665600000000000136e-01,-1.683900000000000119e-01,-1.697700000000000042e-01,-1.707500000000000129e-01,-1.713300000000000101e-01,-1.715299999999999880e-01,-1.713699999999999946e-01,-1.706300000000000039e-01,-1.693099999999999883e-01,-1.673699999999999910e-01,-1.646100000000000063e-01,-1.603499999999999925e-01,-1.537900000000000100e-01,-1.425400000000000000e-01,-1.189700000000000063e-01,2.200000000000000078e-04,2.000000000000000164e-05,1.000000000000000082e-05,1.000000000000000082e-05,1.000000000000000082e-05,1.000000000000000082e-05,1.000000000000000082e-05,1.000000000000000082e-05,1.000000000000000082e-05,1.000000000000000082e-05,1.000000000000000082e-05,0.000000000000000000e+00,0.000000000000000000e+00,0.000000000000000000e+00,0.000000000000000000e+00,0.000000000000000000e+00,0.000000000000000000e+00,-0.000000000000000000e+00,-0.000000000000000000e+00,-0.000000000000000000e+00,-1.000000000000000082e-05,-1.000000000000000082e-05,-1.000000000000000082e-05,-1.000000000000000082e-05,-2.000000000000000164e-05,-3.000000000000000076e-05,-3.600000000000000227e-04,-9.249999999999999542e-03,-1.339000000000000086e-02,-2.004999999999999838e-02,-1.566999999999999990e-02,-8.349999999999999784e-03,1.369999999999999907e-03,1.141000000000000000e-02,1.497000000000000067e-02,9.769999999999999171e-03,4.460000000000000422e-03,-8.940000000000000030e-03,-1.290999999999999960e-02,-1.925999999999999934e-02,-1.493000000000000056e-02,-6.769999999999999976e-03,2.830000000000000050e-03,1.318000000000000074e-02,1.625000000000000056e-02,1.069999999999999944e-02,4.969999999999999592e-03
czi*c/cref,1.383594625199361938e-01,1.566235351408825083e-01,1.877482895800106077e-01,2.120813282296650504e-01,2.317154678362573217e-01,2.487001981924508442e-01,2.635478888357256633e-01,2.770409939393939647e-01,2.892229712918660267e-01,3.006455793195109139e-01,3.111943955342902912e-01,3.211680181818182267e-01,3.303669269537480302e-01,3.393039279106858097e-01,3.479703354066985832e-01,3.562244416799575375e-01,3.642769977671451720e-01,3.719291028708134328e-01,3.755171447102604865e-01,3.773057626262625863e-01,3.789791313131313233e-01,3.806046987240829238e-01,3.823097996278574939e-01,3.839816612440191124e-01,3.877925921318448044e-01,3.958442979266347805e-01,4.042146993620414630e-01,4.122474520999467873e-01,4.201972939393939788e-01,4.281223828282827992e-01,4.361658244550771224e-01,4.439898448697501276e-01,4.518508159489632581e-01,4.594513065390749551e-01,4.669189690058478948e-01,4.740512567783093933e-01,4.808435303030303420e-01,4.876054212652844444e-01,4.945680382775119455e-01,5.014532886762361752e-01,5.084495819245081760e-01,5.152837116427432251e-01,5.221351374800637934e-01,5.287879198298777172e-01,5.353453345029239863e-01,5.418172121212121439e-01,5.482991706539074306e-01,5.546344416799574573e-01,5.609433934609250327e-01,5.670547308878256532e-01,5.730234802764485602e-01,5.787310919723550606e-01,5.842126090909092184e-01,5.896263014354067300e-01,5.950474578947367865e-01,5.994266177033492626e-01,6.044470062200956173e-01,6.093391971291866049e-01,6.133908555023922515e-01,6.179399440191388759e-01,6.198462692716639744e-01,6.236370385964913332e-01,6.266506077086656523e-01,6.295816444444445326e-01,6.322321545454545610e-01,6.347978870813396624e-01,6.369859712918659600e-01,6.389581463051567933e-01,6.390457296650716712e-01,6.372347453482188895e-01,6.351812191387559148e-01,6.327607253588517500e-01,6.302414808080809561e-01,6.274401002658162030e-01,6.245545779904306816e-01,6.209742442849548461e-01,6.192982894736842603e-01,6.149037665071769299e-01,6.109453746411482866e-01,6.061796124401913621e-01,6.012718234449760946e-01,5.969688473684210406e-01,5.916790492822966430e-01,5.863942272727273863e-01,5.810837027113237019e-01,5.755106573099414424e-01,5.696518779372674590e-01,5.636482271132375876e-01,5.574338855927697400e-01,5.511911339712918245e-01,5.447995757575758713e-01,5.384160087719298549e-01,5.319759540669856124e-01,5.254172591174905982e-01,5.186372553429027255e-01,5.118726348750664012e-01,5.049239343434344107e-01,4.980847464114832590e-01,4.911862827751195537e-01,4.844963673046251973e-01,4.778124231791599508e-01,4.707379770334927938e-01,4.632979808612440187e-01,4.557144637958532307e-01,4.478601039872408540e-01,4.400325751727804935e-01,4.319848827219563980e-01,4.240547783094099077e-01,4.161168652312599026e-01,4.080686174906964503e-01,3.996821475279107028e-01,3.915966642211590187e-01,3.877875062200956680e-01,3.861020325890483496e-01,3.843833188729399164e-01,3.827526414141414479e-01,3.810741626794258430e-01,3.792804347155768196e-01,3.756706751727804106e-01,3.679885903242955947e-01,3.598893869218500741e-01,3.515888291866028914e-01,3.428600149920255635e-01,3.338611004784688974e-01,3.245850350345561575e-01,3.145273110047847043e-01,3.038799875598086619e-01,2.923449611376927049e-01,2.800372147793726563e-01,2.663905620414673270e-01,2.513699530037213914e-01,2.341864191919192095e-01,2.143070153110047671e-01,1.896128910685805358e-01,1.579874964380648672e-01,1.395053397129186745e-01,-4.427278681552365702e-02,-5.810164183944711153e-02,-7.106102642211589715e-02,-8.177633838383839560e-02,-9.066055534290271001e-02,-9.868366018075491741e-02,-1.056335879851142967e-01,-1.121708725146198793e-01,-1.179825483253588436e-01,-1.235909861244019053e-01,-1.287374012759170405e-01,-1.336254674641148277e-01,-1.380509826687932040e-01,-1.423796395534290271e-01,-1.465002483785220744e-01,-1.503007980861243986e-01,-1.538762105263158098e-01,-1.571828106858054186e-01,-1.603373775651249222e-01,-1.630435015948963340e-01,-1.653437195108984348e-01,-1.673189569377990515e-01,-1.688512000000000346e-01,-1.695886596491228138e-01,-1.692882650717703608e-01,-1.674664494949494875e-01,-1.629222931951089803e-01,-1.530859041998936521e-01,-3.852242610313663662e-02,-5.068924130781499865e-02,-6.205574396597555303e-02,-7.134577384370016651e-02,-7.892073237639553318e-02,-8.578654928229663412e-02,-9.170562254120147305e-02,-9.724532631578947095e-02,-1.020371799043062050e-01,-1.067117082934609246e-01,-1.109070588516746364e-01,-1.149250220095693747e-01,-1.184391247208931575e-01,-1.219372775119617475e-01,-1.251514475279106864e-01,-1.281015337586390301e-01,-1.307718807017544116e-01,-1.331632711855395834e-01,-1.352747951621477707e-01,-1.369167413609782002e-01,-1.380664093035619266e-01,-1.386688478468899588e-01,-1.385296851674641394e-01,-1.370365933014354165e-01,-1.334367397129186672e-01,-1.255359858585858579e-01,-1.063298328017012184e-01,1.154397660818713510e-04,1.086283891547049485e-05,5.615523657628921552e-06,5.799627857522594832e-06,5.983732057416268113e-06,6.167836257309941393e-06,6.351993620414673939e-06,6.536097820308348067e-06,6.720202020202021347e-06,6.904306220095694628e-06,7.088410419989367908e-06,0.000000000000000000e+00,0.000000000000000000e+00,0.000000000000000000e+00,0.000000000000000000e+00,0.000000000000000000e+00,0.000000000000000000e+00,-0.000000000000000000e+00,-0.000000000000000000e+00,-0.000000000000000000e+00,-8.929558745348220938e-06,-9.113716108452950943e-06,-9.297820308346624224e-06,-9.481924508240297504e-06,-1.933205741626794496e-05,-2.955039872408293897e-05,-3.612344497607656224e-04,-1.475279106858054003e-03,-2.135566188197767033e-03,-3.171119085592769438e-03,-2.436722488038276999e-03,-1.276249335459861628e-03,2.057549175970228286e-04,1.683293460925039875e-03,2.168700159489633274e-03,1.402392344497607442e-03,6.401913875598087052e-04,-1.425837320574162596e-03,-2.059011164274321924e-03,-3.046172248803827570e-03,-2.321650717703349198e-03,-1.034755449229133326e-03,4.250265816055289890e-04,1.944417862838915701e-03,2.354133439659755658e-03,1.535885167464114695e-03,7.133971291866027676e-04
czo,-4.000000000000000327e-05,-4.000000000000000327e-05,-5.000000000000000240e-05,-6.000000000000000152e-05,-6.000000000000000152e-05,-6.999999999999999387e-05,-6.999999999999999387e-05,-8.000000000000000654e-05,-8.000000000000000654e-05,-9.000000000000000567e-05,-9.000000000000000567e-05,-1.000000000000000048e-04,-1.000000000000000048e-04,-1.100000000000000039e-04,-1.100000000000000039e-04,-1.200000000000000030e-04,-1.200000000000000030e-04,-1.200000000000000030e-04,-1.299999999999999886e-04,-1.299999999999999886e-04,-1.299999999999999886e-04,-1.299999999999999886e-04,-1.299999999999999886e-04,-1.299999999999999886e-04,-1.299999999999999886e-04,-1.399999999999999877e-04,-1.499999999999999869e-04,-1.600000000000000131e-04,-1.600000000000000131e-04,-1.700000000000000122e-04,-1.800000000000000113e-04,-1.800000000000000113e-04,-1.900000000000000105e-04,-2.000000000000000096e-04,-2.000000000000000096e-04,-2.100000000000000087e-04,-2.200000000000000078e-04,-2.200000000000000078e-04,-2.300000000000000070e-04,-2.300000000000000070e-04,-2.400000000000000061e-04,-2.400000000000000061e-04,-2.500000000000000052e-04,-2.500000000000000052e-04,-2.599999999999999772e-04,-2.599999999999999772e-04,-2.700000000000000035e-04,-2.700000000000000035e-04,-2.799999999999999755e-04,-2.799999999999999755e-04,-2.900000000000000017e-04,-2.900000000000000017e-04,-2.999999999999999737e-04,-2.999999999999999737e-04,-2.999999999999999737e-04,-3.099999999999999999e-04,-3.099999999999999999e-04,-3.200000000000000262e-04,-3.200000000000000262e-04,-3.200000000000000262e-04,-3.299999999999999982e-04,-3.299999999999999982e-04,-3.299999999999999982e-04,-3.400000000000000244e-04,-3.400000000000000244e-04,-3.499999999999999964e-04,-3.499999999999999964e-04,-3.499999999999999964e-04,-3.499999999999999964e-04,-3.499999999999999964e-04,-3.499999999999999964e-04,-3.400000000000000244e-04,-3.400000000000000244e-04,-3.299999999999999982e-04,-3.299999999999999982e-04,-3.299999999999999982e-04,-3.200000000000000262e-04,-3.200000000000000262e-04,-3.200000000000000262e-04,-3.099999999999999999e-04,-3.099999999999999999e-04,-3.099999999999999999e-04,-2.999999999999999737e-04,-2.999999999999999737e-04,-2.900000000000000017e-04,-2.900000000000000017e-04,-2.799999999999999755e-04,-2.799999999999999755e-04,-2.700000000000000035e-04,-2.700000000000000035e-04,-2.599999999999999772e-04,-2.599999999999999772e-04,-2.500000000000000052e-04,-2.500000000000000052e-04,-2.400000000000000061e-04,-2.400000000000000061e-04,-2.300000000000000070e-04,-2.300000000000000070e-04,-2.200000000000000078e-04,-2.200000000000000078e-04,-2.100000000000000087e-04,-2.000000000000000096e-04,-2.000000000000000096e-04,-1.900000000000000105e-04,-1.800000000000000113e-04,-1.800000000000000113e-04,-1.700000000000000122e-04,-1.600000000000000131e-04,-1.600000000000000131e-04,-1.499999999999999869e-04,-1.399999999999999877e-04,-1.299999999999999886e-04,-1.299999999999999886e-04,-1.299999999999999886e-04,-1.299999999999999886e-04,-1.299999999999999886e-04,-1.299999999999999886e-04,-1.299999999999999886e-04,-1.200000000000000030e-04,-1.200000000000000030e-04,-1.200000000000000030e-04,-1.100000000000000039e-04,-1.100000000000000039e-04,-1.000000000000000048e-04,-1.000000000000000048e-04,-9.000000000000000567e-05,-9.000000000000000567e-05,-8.000000000000000654e-05,-8.000000000000000654e-05,-6.999999999999999387e-05,-6.999999999999999387e-05,-6.000000000000000152e-05,-6.000000000000000152e-05,-5.000000000000000240e-05,-4.000000000000000327e-05,-4.000000000000000327e-05,0.000000000000000000e+00,0.000000000000000000e+00,0.000000000000000000e+00,0.000000000000000000e+00,0.000000000000000000e+00,0.000000000000000000e+00,0.000000000000000000e+00,0.000000000000000000e+00,0.000000000000000000e+00,0.000000000000000000e+00,0.000000000000000000e+00,0.000000000000000000e+00,0.000000000000000000e+00,0.000000000000000000e+00,0.000000000000000000e+00,0.000000000000000000e+00,0.000000000000000000e+00,0.000000000000000000e+00,0.000000000000000000e+00,0.000000000000000000e+00,0.000000000000000000e+00,0.000000000000000000e+00,0.000000000000000000e+00,0.000000000000000000e+00,0.000000000000000000e+00,0.000000000000000000e+00,0.000000000000000000e+00,0.000000000000000000e+00,0.000000000000000000e+00,0.000000000000000000e+00,0.000000000000000000e+00,0.000000000000000000e+00,0.000000000000000000e+00,0.000000000000000000e+00,0.000000000000000000e+00,0.000000000000000000e+00,0.000000000000000000e+00,0.000000000000000000e+00,0.000000000000000000e+00,0.000000000000000000e+00,0.000000000000000000e+00,0.000000000000000000e+00,0.000000000000000000e+00,0.000000000000000000e+00,0.000000000000000000e+00,0.000000000000000000e+00,0.000000000000000000e+00,0.000000000000000000e+00,0.000000000000000000e+00,0.000000000000000000e+00,0.000000000000000000e+00,0.000000000000000000e+00,0.000000000000000000e+00,0.000000000000000000e+00,0.000000000000000000e+00,-0.000000000000000000e+00,-0.000000000000000000e+00,-0.000000000000000000e+00,0.000000000000000000e+00,0.000000000000000000e+00,0.000000000000000000e+00,0.000000000000000000e+00,0.000000000000000000e+00,0.000000000000000000e+00,0.000000000000000000e+00,0.000000000000000000e+00,0.000000000000000000e+00,0.000000000000000000e+00,0.000000000000000000e+00,0.000000000000000000e+00,0.000000000000000000e+00,0.000000000000000000e+00,0.000000000000000000e+00,0.000000000000000000e+00,0.000000000000000000e+00,0.000000000000000000e+00,0.000000000000000000e+00,0.000000000000000000e+00,0.000000000000000000e+00,0.000000000000000000e+00,0.000000000000000000e+00,0.000000000000000000e+00,0.000000000000000000e+00,0.000000000000000000e+00,0.000000000000000000e+00,0.000000000000000000e+00,0.000000000000000000e+00,0.000000000000000000e+00,0.000000000000000000e+00,0.000000000000000000e+00,0.000000000000000000e+00,0.000000000000000000e+00,0.000000000000000000e+00,0.000000000000000000e+00,0.000000000000000000e+00,0.000000000000000000e+00,0.000000000000000000e+00,0.000000000000000000e+00,0.000000000000000000e+00,0.000000000000000000e+00,0.000000000000000000e+00,0.000000000000000000e+00
czo*c/cref,-2.777884104199894070e-05,-2.812291334396597875e-05,-3.558399787347155802e-05,-4.321722488038277145e-05,-4.373365231259968412e-05,-5.162509303561934373e-05,-5.222759170653906501e-05,-6.037724614566720467e-05,-6.106581605528974813e-05,-6.947416267942584447e-05,-7.024880382775119654e-05,-7.891493886230729882e-05,-7.977565124933546628e-05,-8.870058479532163869e-05,-8.964736842105263510e-05,-9.882998405103668644e-05,-9.986347687400319248e-05,-1.008963317384370043e-04,-1.099388091440722912e-04,-1.100880914407230019e-04,-1.102373737373737398e-04,-1.103866560340244370e-04,-1.105359383306751613e-04,-1.106845295055821211e-04,-1.113804891015417322e-04,-1.212864433811802176e-04,-1.313835725677830882e-04,-1.416718766613503443e-04,-1.432012759170653998e-04,-1.537763423710792135e-04,-1.645425837320574260e-04,-1.662641148325359015e-04,-1.773171717171717014e-04,-1.885624667729930888e-04,-1.904742158426368879e-04,-2.020063795853269464e-04,-2.137298245614035173e-04,-2.158327485380117153e-04,-2.278430622009569302e-04,-2.300427963849017000e-04,-2.423400318979266428e-04,-2.446354066985646281e-04,-2.572195640616692716e-04,-2.596119085592769448e-04,-2.724830409356725084e-04,-2.749696969696969790e-04,-2.881291866028707748e-04,-2.907114832535884880e-04,-3.041580010632641794e-04,-3.068359383306751352e-04,-3.205694843168527220e-04,-3.233446039340775926e-04,-3.373636363636364028e-04,-3.402344497607655456e-04,-3.431052631578946342e-04,-3.575086124401914223e-04,-3.604751196172248373e-04,-3.751655502392344963e-04,-3.782277511961722378e-04,-3.812899521531100877e-04,-3.959912280701754269e-04,-3.984052631578947857e-04,-4.008192982456140903e-04,-4.154525252525253587e-04,-4.179397129186603423e-04,-4.327942583732057144e-04,-4.353545986177564313e-04,-4.379167995746942690e-04,-4.379167995746942690e-04,-4.353545986177564313e-04,-4.327942583732057144e-04,-4.179397129186603423e-04,-4.154525252525253587e-04,-4.008192982456140903e-04,-3.984052631578947857e-04,-3.959912280701754269e-04,-3.812899521531100877e-04,-3.782277511961722378e-04,-3.751655502392344963e-04,-3.604751196172248373e-04,-3.575086124401914223e-04,-3.545421052631578447e-04,-3.402344497607655456e-04,-3.373636363636364028e-04,-3.233446039340775926e-04,-3.205694843168527220e-04,-3.068359383306751352e-04,-3.041580010632641794e-04,-2.907114832535884880e-04,-2.881291866028707748e-04,-2.749696969696969790e-04,-2.724830409356725084e-04,-2.596119085592769448e-04,-2.572195640616692716e-04,-2.446354066985646281e-04,-2.423400318979266428e-04,-2.300427963849017000e-04,-2.278430622009569302e-04,-2.158327485380117153e-04,-2.137298245614035173e-04,-2.020063795853269464e-04,-1.904742158426368879e-04,-1.885624667729930888e-04,-1.773171717171717014e-04,-1.662641148325359015e-04,-1.645425837320574260e-04,-1.537763423710792135e-04,-1.432012759170653998e-04,-1.416718766613503443e-04,-1.313835725677830882e-04,-1.212864433811802176e-04,-1.113804891015417322e-04,-1.106845295055821211e-04,-1.105359383306751613e-04,-1.103866560340244370e-04,-1.102373737373737398e-04,-1.100880914407230019e-04,-1.099388091440722912e-04,-1.008963317384370043e-04,-9.986347687400319248e-05,-9.882998405103668644e-05,-8.964736842105263510e-05,-8.870058479532163869e-05,-7.977565124933546628e-05,-7.891493886230729882e-05,-7.024880382775119654e-05,-6.947416267942584447e-05,-6.106581605528974813e-05,-6.037724614566720467e-05,-5.222759170653906501e-05,-5.162509303561934373e-05,-4.373365231259968412e-05,-4.321722488038277145e-05,-3.558399787347155802e-05,-2.812291334396597875e-05,-2.777884104199894070e-05,0.000000000000000000e+00,0.000000000000000000e+00,0.000000000000000000e+00,0.000000000000000000e+00,0.000000000000000000e+00,0.000000000000000000e+00,0.000000000000000000e+00,0.000000000000000000e+00,0.000000000000000000e+00,0.000000000000000000e+00,0.000000000000000000e+00,0.000000000000000000e+00,0.000000000000000000e+00,0.000000000000000000e+00,0.000000000000000000e+00,0.000000000000000000e+00,0.000000000000000000e+00,0.000000000000000000e+00,0.000000000000000000e+00,0.000000000000000000e+00,0.000000000000000000e+00,0.000000000000000000e+00,0.000000000000000000e+00,0.000000000000000000e+00,0.000000000000000000e+00,0.000000000000000000e+00,0.000000000000000000e+00,0.000000000000000000e+00,0.000000000000000000e+00,0.000000000000000000e+00,0.000000000000000000e+00,0.000000000000000000e+00,0.000000000000000000e+00,0.000000000000000000e+00,0.000000000000000000e+00,0.000000000000000000e+00,0.000000000000000000e+00,0.000000000000000000e+00,0.000000000000000000e+00,0.000000000000000000e+00,0.000000000000000000e+00,0.000000000000000000e+00,0.000000000000000000e+00,0.000000000000000000e+00,0.000000000000000000e+00,0.000000000000000000e+00,0.000000000000000000e+00,0.000000000000000000e+00,0.000000000000000000e+00,0.000000000000000000e+00,0.000000000000000000e+00,0.000000000000000000e+00,0.000000000000000000e+00,0.000000000000000000e+00,0.000000000000000000e+00,-0.000000000000000000e+00,-0.000000000000000000e+00,-0.000000000000000000e+00,0.000000000000000000e+00,0.000000000000000000e+00,0.000000000000000000e+00,0.000000000000000000e+00,0.000000000000000000e+00,0.000000000000000000e+00,0.000000000000000000e+00,0.000000000000000000e+00,0.000000000000000000e+00,0.000000000000000000e+00,0.000000000000000000e+00,0.000000000000000000e+00,0.000000000000000000e+00,0.000000000000000000e+00,0.000000000000000000e+00,0.000000000000000000e+00,0.000000000000000000e+00,0.000000000000000000e+00,0.000000000000000000e+00,0.000000000000000000e+00,0.000000000000000000e+00,0.000000000000000000e+00,0.000000000000000000e+00,0.000000000000000000e+00,0.000000000000000000e+00,0.000000000000000000e+00,0.000000000000000000e+00,0.000000000000000000e+00,0.000000000000000000e+00,0.000000000000000000e+00,0.000000000000000000e+00,0.000000000000000000e+00,0.000000000000000000e+00,0.000000000000000000e+00,0.000000000000000000e+00,0.000000000000000000e+00,0.000000000000000000e+00,0.000000000000000000e+00,0.000000000000000000e+00,0.000000000000000000e+00,0.000000000000000000e+00,0.000000000000000000e+00,0.000000000000000000e+00,0.000000000000000000e+00
dArea,1.632899999999999907e-01,1.653100000000000125e-01,1.673399999999999888e-01,1.693600000000000105e-01,1.713800000000000046e-01,1.734100000000000086e-01,1.754300000000000026e-01,1.774499999999999966e-01,1.794800000000000006e-01,1.814999999999999947e-01,1.835299999999999987e-01,1.855499999999999927e-01,1.875699999999999867e-01,1.895999999999999908e-01,1.916200000000000125e-01,1.936499999999999888e-01,1.956700000000000106e-01,1.976999999999999869e-01,2.650999999999999884e-02,2.655000000000000068e-02,2.657999999999999946e-02,2.662000000000000130e-02,2.665999999999999967e-02,2.668999999999999845e-02,2.238400000000000112e-01,2.263300000000000034e-01,2.288300000000000056e-01,2.313300000000000078e-01,2.338300000000000101e-01,2.363200000000000023e-01,2.388200000000000045e-01,2.413200000000000067e-01,2.438200000000000089e-01,2.463100000000000012e-01,2.488100000000000034e-01,2.513099999999999778e-01,2.538099999999999801e-01,2.563099999999999823e-01,2.588099999999999845e-01,2.612999999999999767e-01,2.637999999999999790e-01,2.662999999999999812e-01,2.687999999999999834e-01,2.712999999999999856e-01,2.737999999999999878e-01,2.762999999999999901e-01,2.787999999999999923e-01,2.812999999999999945e-01,2.837899999999999867e-01,2.862899999999999889e-01,2.887899999999999912e-01,2.912899999999999934e-01,2.937899999999999956e-01,2.962899999999999978e-01,2.987900000000000000e-01,3.012900000000000023e-01,3.037900000000000045e-01,3.062900000000000067e-01,3.087900000000000089e-01,3.112900000000000111e-01,2.405299999999999938e-01,2.419999999999999929e-01,2.434600000000000097e-01,2.449199999999999988e-01,2.463799999999999879e-01,2.478499999999999870e-01,2.493100000000000038e-01,2.507699999999999929e-01,2.507699999999999929e-01,2.493100000000000038e-01,2.478499999999999870e-01,2.463799999999999879e-01,2.449199999999999988e-01,2.434600000000000097e-01,2.419999999999999929e-01,2.405299999999999938e-01,3.112900000000000111e-01,3.087900000000000089e-01,3.062900000000000067e-01,3.037900000000000045e-01,3.012900000000000023e-01,2.987900000000000000e-01,2.962899999999999978e-01,2.937899999999999956e-01,2.912899999999999934e-01,2.887899999999999912e-01,2.862899999999999889e-01,2.837899999999999867e-01,2.812999999999999945e-01,2.787999999999999923e-01,2.762999999999999901e-01,2.737999999999999878e-01,2.712999999999999856e-01,2.687999999999999834e-01,2.662999999999999812e-01,2.637999999999999790e-01,2.612999999999999767e-01,2.588099999999999845e-01,2.563099999999999823e-01,2.538099999999999801e-01,2.513099999999999778e-01,2.488100000000000034e-01,2.463100000000000012e-01,2.438200000000000089e-01,2.413200000000000067e-01,2.388200000000000045e-01,2.363200000000000023e-01,2.338300000000000101e-01,2.313300000000000078e-01,2.288300000000000056e-01,2.263300000000000034e-01,2.238400000000000112e-01,2.668999999999999845e-02,2.665999999999999967e-02,2.662000000000000130e-02,2.657999999999999946e-02,2.655000000000000068e-02,2.650999999999999884e-02,1.976999999999999869e-01,1.956700000000000106e-01,1.936499999999999888e-01,1.916200000000000125e-01,1.895999999999999908e-01,1.875699999999999867e-01,1.855499999999999927e-01,1.835299999999999987e-01,1.814999999999999947e-01,1.794800000000000006e-01,1.774499999999999966e-01,1.754300000000000026e-01,1.734100000000000086e-01,1.713800000000000046e-01,1.693600000000000105e-01,1.673399999999999888e-01,1.653100000000000125e-01,1.632899999999999907e-01,1.151900000000000007e-01,1.179000000000000048e-01,1.206200000000000050e-01,1.233299999999999952e-01,1.260400000000000131e-01,1.287500000000000033e-01,1.314599999999999935e-01,1.341700000000000115e-01,1.368800000000000017e-01,1.395899999999999919e-01,1.423000000000000098e-01,1.450100000000000000e-01,1.477199999999999902e-01,1.504300000000000082e-01,1.531399999999999983e-01,1.558499999999999885e-01,1.585600000000000065e-01,1.612699999999999967e-01,1.639799999999999869e-01,1.666900000000000048e-01,1.693999999999999950e-01,1.721100000000000130e-01,1.748200000000000032e-01,1.775400000000000034e-01,1.802499999999999936e-01,1.829600000000000115e-01,1.856700000000000017e-01,1.883799999999999919e-01,1.151900000000000007e-01,1.179000000000000048e-01,1.206200000000000050e-01,1.233299999999999952e-01,1.260400000000000131e-01,1.287500000000000033e-01,1.314599999999999935e-01,1.341700000000000115e-01,1.368800000000000017e-01,1.395899999999999919e-01,1.423000000000000098e-01,1.450100000000000000e-01,1.477199999999999902e-01,1.504300000000000082e-01,1.531399999999999983e-01,1.558499999999999885e-01,1.585600000000000065e-01,1.612699999999999967e-01,1.639799999999999869e-01,1.666900000000000048e-01,1.693999999999999950e-01,1.721100000000000130e-01,1.748200000000000032e-01,1.775400000000000034e-01,1.802499999999999936e-01,1.829600000000000115e-01,1.856700000000000017e-01,9.693999999999999839e-02,1.003399999999999986e-01,1.037399999999999989e-01,1.071399999999999991e-01,1.105399999999999994e-01,1.139499999999999957e-01,1.173499999999999960e-01,1.207499999999999962e-01,1.241499999999999965e-01,1.275499999999999967e-01,1.309500000000000108e-01,1.343499999999999972e-01,1.377599999999999936e-01,1.411600000000000077e-01,1.445599999999999941e-01,1.479600000000000082e-01,1.513599999999999945e-01,1.547600000000000087e-01,1.581599999999999950e-01,1.615600000000000092e-01,1.649700000000000055e-01,1.683699999999999919e-01,1.717700000000000060e-01,1.751699999999999924e-01,1.785700000000000065e-01,1.819699999999999929e-01,1.853700000000000070e-01,7.499999999999999722e-03,7.499999999999999722e-03,1.737200000000000133e-01,1.708000000000000074e-01,1.678800000000000014e-01,1.649599999999999955e-01,1.620399999999999896e-01,1.591200000000000114e-01,2.970000000000000070e-02,2.970000000000000070e-02,7.499999999999999722e-03,7.499999999999999722e-03,1.737200000000000133e-01,1.708000000000000074e-01,1.678800000000000014e-01,1.649599999999999955e-01,1.620399999999999896e-01,1.591200000000000114e-01,2.970000000000000070e-02,2.970000000000000070e-02
dSpan,1.250000000000000000e-01,1.250000000000000000e-01,1.250000000000000000e-01,1.250000000000000000e-01,1.250000000000000000e-01,1.250000000000000000e-01,1.250000000000000000e-01,1.250000000000000000e-01,1.250000000000000000e-01,1.250000000000000000e-01,1.250000000000000000e-01,1.250000000000000000e-01,1.250000000000000000e-01,1.250000000000000000e-01,1.250000000000000000e-01,1.250000000000000000e-01,1.250000000000000000e-01,1.250000000000000000e-01,1.667000000000000079e-02,1.667000000000000079e-02,1.667000000000000079e-02,1.667000000000000079e-02,1.667000000000000079e-02,1.667000000000000079e-02,1.388900000000000134e-01,1.388900000000000134e-01,1.388900000000000134e-01,1.388900000000000134e-01,1.388900000000000134e-01,1.388900000000000134e-01,1.388900000000000134e-01,1.388900000000000134e-01,1.388900000000000134e-01,1.388900000000000134e-01,1.388900000000000134e-01,1.388900000000000134e-01,1.388900000000000134e-01,1.388900000000000134e-01,1.388900000000000134e-01,1.388900000000000134e-01,1.388900000000000134e-01,1.388900000000000134e-01,1.388900000000000134e-01,1.388900000000000134e-01,1.388900000000000134e-01,1.388900000000000134e-01,1.388900000000000134e-01,1.388900000000000134e-01,1.388900000000000134e-01,1.388900000000000134e-01,1.388900000000000134e-01,1.388900000000000134e-01,1.388900000000000134e-01,1.388900000000000134e-01,1.388900000000000134e-01,1.388900000000000134e-01,1.388900000000000134e-01,1.388900000000000134e-01,1.388900000000000134e-01,1.388900000000000134e-01,1.065699999999999981e-01,1.065600000000000019e-01,1.065600000000000019e-01,1.065600000000000019e-01,1.065600000000000019e-01,1.065600000000000019e-01,1.065500000000000058e-01,1.065500000000000058e-01,1.065500000000000058e-01,1.065500000000000058e-01,1.065600000000000019e-01,1.065600000000000019e-01,1.065600000000000019e-01,1.065600000000000019e-01,1.065600000000000019e-01,1.065699999999999981e-01,1.388900000000000134e-01,1.388900000000000134e-01,1.388900000000000134e-01,1.388900000000000134e-01,1.388900000000000134e-01,1.388900000000000134e-01,1.388900000000000134e-01,1.388900000000000134e-01,1.388900000000000134e-01,1.388900000000000134e-01,1.388900000000000134e-01,1.388900000000000134e-01,1.388900000000000134e-01,1.388900000000000134e-01,1.388900000000000134e-01,1.388900000000000134e-01,1.388900000000000134e-01,1.388900000000000134e-01,1.388900000000000134e-01,1.388900000000000134e-01,1.388900000000000134e-01,1.388900000000000134e-01,1.388900000000000134e-01,1.388900000000000134e-01,1.388900000000000134e-01,1.388900000000000134e-01,1.388900000000000134e-01,1.388900000000000134e-01,1.388900000000000134e-01,1.388900000000000134e-01,1.388900000000000134e-01,1.388900000000000134e-01,1.388900000000000134e-01,1.388900000000000134e-01,1.388900000000000134e-01,1.388900000000000134e-01,1.667000000000000079e-02,1.667000000000000079e-02,1.667000000000000079e-02,1.667000000000000079e-02,1.667000000000000079e-02,1.667000000000000079e-02,1.250000000000000000e-01,1.250000000000000000e-01,1.250000000000000000e-01,1.250000000000000000e-01,1.250000000000000000e-01,1.250000000000000000e-01,1.250000000000000000e-01,1.250000000000000000e-01,1.250000000000000000e-01,1.250000000000000000e-01,1.250000000000000000e-01,1.250000000000000000e-01,1.250000000000000000e-01,1.250000000000000000e-01,1.250000000000000000e-01,1.250000000000000000e-01,1.250000000000000000e-01,1.250000000000000000e-01,1.104399999999999965e-01,1.104399999999999965e-01,1.104399999999999965e-01,1.104399999999999965e-01,1.104399999999999965e-01,1.104399999999999965e-01,1.104399999999999965e-01,1.104399999999999965e-01,1.104399999999999965e-01,1.104399999999999965e-01,1.104399999999999965e-01,1.104399999999999965e-01,1.104399999999999965e-01,1.104399999999999965e-01,1.104399999999999965e-01,1.104399999999999965e-01,1.104399999999999965e-01,1.104399999999999965e-01,1.104399999999999965e-01,1.104399999999999965e-01,1.104399999999999965e-01,1.104399999999999965e-01,1.104399999999999965e-01,1.104399999999999965e-01,1.104399999999999965e-01,1.104399999999999965e-01,1.104399999999999965e-01,1.104399999999999965e-01,1.104399999999999965e-01,1.104399999999999965e-01,1.104399999999999965e-01,1.104399999999999965e-01,1.104399999999999965e-01,1.104399999999999965e-01,1.104399999999999965e-01,1.104399999999999965e-01,1.104399999999999965e-01,1.104399999999999965e-01,1.104399999999999965e-01,1.104399999999999965e-01,1.104399999999999965e-01,1.104399999999999965e-01,1.104399999999999965e-01,1.104399999999999965e-01,1.104399999999999965e-01,1.104399999999999965e-01,1.104399999999999965e-01,1.104399999999999965e-01,1.104399999999999965e-01,1.104399999999999965e-01,1.104399999999999965e-01,1.104399999999999965e-01,1.104399999999999965e-01,1.104399999999999965e-01,1.104399999999999965e-01,9.821000000000000563e-02,9.821000000000000563e-02,9.821000000000000563e-02,9.821000000000000563e-02,9.821000000000000563e-02,9.821000000000000563e-02,9.821000000000000563e-02,9.821000000000000563e-02,9.821000000000000563e-02,9.821000000000000563e-02,9.821000000000000563e-02,9.821000000000000563e-02,9.821000000000000563e-02,9.821000000000000563e-02,9.821000000000000563e-02,9.821000000000000563e-02,9.821000000000000563e-02,9.821000000000000563e-02,9.821000000000000563e-02,9.821000000000000563e-02,9.821000000000000563e-02,9.821000000000000563e-02,9.821000000000000563e-02,9.821000000000000563e-02,9.821000000000000563e-02,9.821000000000000563e-02,9.821000000000000563e-02,2.500000000000000139e-02,2.500000000000000139e-02,5.839199999999999946e-01,5.839199999999999946e-01,5.839199999999999946e-01,5.839199999999999946e-01,5.839199999999999946e-01,5.839199999999999946e-01,1.100000000000000006e-01,1.100000000000000006e-01,2.500000000000000139e-02,2.500000000000000139e-02,5.839199999999999946e-01,5.839199999999999946e-01,5.839199999999999946e-01,5.839199999999999946e-01,5.839199999999999946e-01,5.839199999999999946e-01,1.100000000000000006e-01,1.100000000000000006e-01
roverR,inf,inf,inf,inf,inf,inf,inf,inf,inf,inf,inf,inf,inf,inf,inf,inf,inf,inf,inf,inf,inf,inf,inf,inf,inf,inf,inf,inf,inf,inf,inf,inf,inf,inf,inf,inf,inf,inf,inf,inf,inf,inf,inf,inf,inf,inf,inf,inf,inf,inf,inf,inf,inf,inf,inf,inf,inf,inf,inf,inf,inf,inf,inf,inf,inf,inf,inf,inf,inf,inf,inf,inf,inf,inf,inf,inf,inf,inf,inf,inf,inf,inf,inf,inf,inf,inf,inf,inf,inf,inf,inf,inf,inf,inf,inf,inf,inf,inf,inf,inf,inf,inf,inf,inf,inf,inf,inf,inf,inf,inf,inf,inf,inf,inf,inf,inf,inf,inf,inf,inf,inf,inf,inf,inf,inf,inf,inf,inf,inf,inf,inf,inf,inf,inf,inf,inf,inf,inf,inf,inf,inf,inf,inf,inf,inf,inf,inf,inf,inf,inf,inf,inf,inf,inf,inf,inf,inf,inf,inf,inf,inf,inf,inf,inf,inf,inf,inf,inf,inf,inf,inf,inf,inf,inf,inf,inf,inf,inf,inf,inf,inf,inf,inf,inf,inf,inf,inf,inf,inf,inf,inf,inf,inf,inf,inf,inf,inf,inf,inf,inf,inf,inf,inf,inf,inf,inf,inf,inf,inf,inf,inf,inf,inf,inf,inf,inf,inf,inf,inf,inf,inf,inf,inf,inf,inf,inf,inf,inf,inf,inf,inf,inf,inf,inf,inf,inf,inf,inf
Results_Name,CpSlice_Wrapper
Results_Timestamp,1787380025
Results_Date,8,22,2026
Results_Time,11,57,5
CpSlice_Case_ID_Vec,YZGSPOG
Num_Cuts,1
Results_Name,CpSlicer_Case
Results_Timestamp,1787380025
Results_Date,8,22,2026
Results_Time,11,57,5
Alpha,0.000000000000000000e+00
Beta,0.000000000000000000e+00
Case,1
Cp,-1.900000000000000022e-01,-1.900000000000000022e-01,-3.416000000000000147e-01,-3.416000000000000147e-01,-4.234999999999999876e-01,-4.234999999999999876e-01,-4.657000000000000028e-01,-4.657000000000000028e-01,-4.928000000000000158e-01,-4.928000000000000158e-01,-5.210000000000000187e-01,-5.210000000000000187e-01,-5.441000000000000281e-01,-5.441000000000000281e-01,-5.547999999999999599e-01,-5.547999999999999599e-01,-5.572000000000000286e-01,-5.572000000000000286e-01,-5.583000000000000185e-01,-5.583000000000000185e-01,-5.493000000000000105e-01,-5.493000000000000105e-01,-5.285999999999999588e-01,-5.285999999999999588e-01,-5.116000000000000547e-01,-5.116000000000000547e-01,-4.978000000000000203e-01,-4.978000000000000203e-01,-4.742000000000000104e-01,-4.742000000000000104e-01,-4.408000000000000251e-01,-4.408000000000000251e-01,-4.132000000000000117e-01,-4.132000000000000117e-01,-4.043999999999999817e-01,-4.043999999999999817e-01,-4.082999999999999963e-01,-4.082999999999999963e-01,-4.149999999999999800e-01,-4.149999999999999800e-01,-4.274999999999999911e-01,-4.274999999999999911e-01,-4.420000000000000040e-01,-4.420000000000000040e-01,-4.593999999999999750e-01,-4.593999999999999750e-01,-4.593999999999999750e-01,-4.894000000000000017e-01,-4.894000000000000017e-01,-5.217000000000000526e-01,-5.217000000000000526e-01,-5.627999999999999670e-01,-5.627999999999999670e-01,-6.117000000000000215e-01,-6.117000000000000215e-01,-6.637999999999999456e-01,-6.637999999999999456e-01,-7.375000000000000444e-01,-7.375000000000000444e-01,-8.060000000000000497e-01,-8.060000000000000497e-01,-8.516000000000000236e-01,-8.516000000000000236e-01,-8.789000000000000146e-01,-8.789000000000000146e-01,-8.873999999999999666e-01,-8.873999999999999666e-01,-1.094700000000000006e+00,-1.094700000000000006e+00,-1.149000000000000021e+00,-1.149000000000000021e+00,-1.900000000000000022e-01,-1.900000000000000022e-01,-3.416000000000000147e-01,-3.416000000000000147e-01,-4.234999999999999876e-01,-4.234999999999999876e-01,-4.657000000000000028e-01,-4.657000000000000028e-01,-4.928000000000000158e-01,-4.928000000000000158e-01,-5.210000000000000187e-01,-5.210000000000000187e-01,-5.441000000000000281e-01,-5.441000000000000281e-01,-5.547999999999999599e-01,-5.547999999999999599e-01,-5.572000000000000286e-01,-5.572000000000000286e-01,-5.583000000000000185e-01,-5.583000000000000185e-01,-5.493000000000000105e-01,-5.493000000000000105e-01,-5.285999999999999588e-01,-5.285999999999999588e-01,-5.116000000000000547e-01,-5.116000000000000547e-01,-4.978000000000000203e-01,-4.978000000000000203e-01,-4.742000000000000104e-01,-4.742000000000000104e-01,-4.408000000000000251e-01,-4.408000000000000251e-01,-4.132000000000000117e-01,-4.132000000000000117e-01,-4.043999999999999817e-01,-4.043999999999999817e-01,-4.082999999999999963e-01,-4.082999999999999963e-01,-4.149999999999999800e-01,-4.149999999999999800e-01,-4.274999999999999911e-01,-4.274999999999999911e-01,-4.420000000000000040e-01,-4.420000000000000040e-01,-4.593999999999999750e-01,-4.593999999999999750e-01,-4.593999999999999750e-01,-4.894000000000000017e-01,-4.894000000000000017e-01,-5.217000000000000526e-01,-5.217000000000000526e-01,-5.627999999999999670e-01,-5.627999999999999670e-01,-6.117000000000000215e-01,-6.117000000000000215e-01,-6.637999999999999456e-01,-7.375000000000000444e-01,-6.637999999999999456e-01,-8.060000000000000497e-01,-7.375000000000000444e-01,-8.516000000000000236e-01,-8.060000000000000497e-01,-8.789000000000000146e-01,-8.516000000000000236e-01,-8.873999999999999666e-01,-8.789000000000000146e-01,-1.094700000000000006e+00,-8.873999999999999666e-01,-1.149000000000000021e+00,-1.094700000000000006e+00,-1.149000000000000021e+00,-2.989999999999999880e-01,-2.989999999999999880e-01,-2.122999999999999887e-01,-2.989999999999999880e-01,-2.469999999999999973e-02,-6.478000000000000425e-01,-6.478000000000000425e-01,-4.691000000000000170e-01,-4.663999999999999813e-01,-4.663999999999999813e-01,-6.478000000000000425e-01,-4.663999999999999813e-01,-4.681000000000000161e-01,-4.536999999999999922e-01,-4.536999999999999922e-01,-4.663999999999999813e-01,-4.536999999999999922e-01,-3.738000000000000211e-01,-3.462000000000000077e-01,-3.462000000000000077e-01,-4.536999999999999922e-01,-3.462000000000000077e-01,-1.993000000000000049e-01,-1.993000000000000049e-01,-2.212999999999999967e-01,-1.993000000000000049e-01,-3.462000000000000077e-01,-1.212000000000000022e-01,-1.212000000000000022e-01,-1.259000000000000119e-01,-1.212000000000000022e-01,-1.993000000000000049e-01,-1.060999999999999999e-01,-1.060999999999999999e-01,-1.151999999999999968e-01,-1.060999999999999999e-01,-1.212000000000000022e-01,-9.009999999999999953e-02,-7.989999999999999880e-02,-7.989999999999999880e-02,-1.060999999999999999e-01,-7.989999999999999880e-02,-6.279999999999999472e-02,-5.340000000000000302e-02,-5.340000000000000302e-02,-7.989999999999999880e-02,-5.340000000000000302e-02,-3.869999999999999829e-02,-3.869999999999999829e-02,-5.340000000000000302e-02,-2.740000000000000074e-02,-2.740000000000000074e-02,-1.729999999999999941e-02,-2.740000000000000074e-02,-1.729999999999999941e-02,-1.110000000000000049e-02,-1.110000000000000049e-02,1.199999999999999895e-03,1.199999999999999895e-03,-1.110000000000000049e-02,2.399999999999999790e-03,2.399999999999999790e-03,1.600000000000000033e-02,1.600000000000000033e-02,2.399999999999999790e-03,1.549999999999999989e-02,1.549999999999999989e-02,2.850000000000000103e-02,2.850000000000000103e-02,1.389999999999999916e-02,1.389999999999999916e-02,1.409999999999999969e-02,1.409999999999999969e-02,1.389999999999999916e-02,2.929999999999999966e-02,2.929999999999999966e-02,1.409999999999999969e-02,2.699999999999999969e-02,2.369999999999999885e-02,2.369999999999999885e-02,4.150000000000000216e-02,4.150000000000000216e-02,5.630000000000000282e-02,5.630000000000000282e-02,3.189999999999999780e-02,4.150000000000000216e-02,5.630000000000000282e-02,6.469999999999999363e-02,6.469999999999999363e-02,5.630000000000000282e-02,7.059999999999999609e-02,7.059999999999999609e-02,8.200000000000000344e-02,7.059999999999999609e-02,8.200000000000000344e-02,9.080000000000000571e-02,9.080000000000000571e-02,1.212000000000000022e-01,9.080000000000000571e-02,1.212000000000000022e-01,8.369999999999999662e-02,8.369999999999999662e-02,1.395000000000000129e-01,8.369999999999999662e-02,1.395000000000000129e-01,8.790000000000000591e-02,8.790000000000000591e-02,1.361999999999999877e-01,8.790000000000000591e-02,1.361999999999999877e-01,1.096000000000000030e-01,1.096000000000000030e-01,1.096000000000000030e-01,1.204999999999999960e-01,1.477999999999999869e-01,1.678999999999999937e-01,1.477999999999999869e-01,1.769000000000000017e-01,1.877999999999999947e-01,1.877999999999999947e-01,1.769000000000000017e-01,1.678999999999999937e-01,2.232999999999999985e-01,2.232999999999999985e-01,1.983000000000000040e-01,1.983000000000000040e-01,1.877999999999999947e-01,2.411000000000000087e-01,2.411000000000000087e-01,2.833999999999999853e-01,2.833999999999999853e-01,1.983000000000000040e-01,2.822000000000000064e-01,2.822000000000000064e-01,3.875000000000000111e-01,3.875000000000000111e-01,2.833999999999999853e-01,3.875000000000000111e-01,4.063999999999999835e-01,2.358999999999999986e-01,4.993000000000000216e-01,4.993000000000000216e-01,4.063999999999999835e-01,4.063999999999999835e-01,4.993000000000000216e-01,5.847999999999999865e-01,5.847999999999999865e-01,7.995999999999999774e-01,7.995999999999999774e-01,4.053999999999999826e-01,1.386300000000000088e+00,1.386300000000000088e+00,7.995999999999999774e-01,1.386300000000000088e+00,1.280000000000000027e+00,1.280000000000000027e+00,-2.122999999999999887e-01,-2.989999999999999880e-01,-2.989999999999999880e-01,-6.478000000000000425e-01,-6.478000000000000425e-01,-4.663999999999999813e-01,-4.691000000000000170e-01,-4.663999999999999813e-01,-4.536999999999999922e-01,-4.681000000000000161e-01,-4.536999999999999922e-01,-3.462000000000000077e-01,-3.738000000000000211e-01,-3.462000000000000077e-01,-2.212999999999999967e-01,-1.993000000000000049e-01,-1.993000000000000049e-01,-1.259000000000000119e-01,-1.212000000000000022e-01,-1.212000000000000022e-01,-1.151999999999999968e-01,-1.060999999999999999e-01,-1.060999999999999999e-01,-7.989999999999999880e-02,-7.989999999999999880e-02,-9.009999999999999953e-02,-5.340000000000000302e-02,-5.340000000000000302e-02,-6.279999999999999472e-02,-2.740000000000000074e-02,-3.869999999999999829e-02,-3.869999999999999829e-02,-1.110000000000000049e-02,-1.729999999999999941e-02,-1.729999999999999941e-02,2.399999999999999790e-03,1.199999999999999895e-03,1.199999999999999895e-03,1.549999999999999989e-02,1.600000000000000033e-02,1.600000000000000033e-02,1.389999999999999916e-02,1.389999999999999916e-02,1.409999999999999969e-02,2.850000000000000103e-02,2.850000000000000103e-02,2.929999999999999966e-02,2.699999999999999969e-02,2.369999999999999885e-02,2.929999999999999966e-02,4.150000000000000216e-02,4.150000000000000216e-02,5.630000000000000282e-02,5.630000000000000282e-02,3.189999999999999780e-02,7.059999999999999609e-02,6.469999999999999363e-02,6.469999999999999363e-02,9.080000000000000571e-02,8.200000000000000344e-02,8.200000000000000344e-02,8.369999999999999662e-02,1.212000000000000022e-01,1.212000000000000022e-01,1.395000000000000129e-01,8.790000000000000591e-02,1.395000000000000129e-01,1.361999999999999877e-01,1.096000000000000030e-01,1.361999999999999877e-01,1.096000000000000030e-01,1.204999999999999960e-01,1.477999999999999869e-01,1.477999999999999869e-01,1.678999999999999937e-01,1.769000000000000017e-01,1.769000000000000017e-01,1.877999999999999947e-01,2.232999999999999985e-01,2.232999999999999985e-01,1.983000000000000040e-01,2.411000000000000087e-01,2.411000000000000087e-01,2.833999999999999853e-01,2.822000000000000064e-01,2.822000000000000064e-01,3.875000000000000111e-01,3.875000000000000111e-01,4.063999999999999835e-01,2.358999999999999986e-01,4.063999999999999835e-01,4.993000000000000216e-01,4.993000000000000216e-01,5.847999999999999865e-01,5.847999999999999865e-01,7.995999999999999774e-01,4.053999999999999826e-01,1.386300000000000088e+00,7.995999999999999774e-01,1.386300000000000088e+00,1.280000000000000027e+00,1.280000000000000027e+00,-2.469999999999999973e-02,1.784000000000000030e-01,-2.989999999999999880e-01,-2.989999999999999880e-01,-6.478000000000000425e-01,-4.663999999999999813e-01,-4.663999999999999813e-01,-4.536999999999999922e-01,-4.536999999999999922e-01,-3.462000000000000077e-01,-3.462000000000000077e-01,-1.993000000000000049e-01,-1.993000000000000049e-01,-1.212000000000000022e-01,-1.212000000000000022e-01,-1.060999999999999999e-01,-3.749999999999999861e-02,-1.060999999999999999e-01,-7.989999999999999880e-02,-7.989999999999999880e-02,-5.340000000000000302e-02,-5.340000000000000302e-02,-2.740000000000000074e-02,-2.740000000000000074e-02,-1.110000000000000049e-02,-1.110000000000000049e-02,2.399999999999999790e-03,2.399999999999999790e-03,1.389999999999999916e-02,1.549999999999999989e-02,1.389999999999999916e-02,1.409999999999999969e-02,1.409999999999999969e-02,4.150000000000000216e-02,2.369999999999999885e-02,2.369999999999999885e-02,5.630000000000000282e-02,7.059999999999999609e-02,9.080000000000000571e-02,8.369999999999999662e-02,8.369999999999999662e-02,8.790000000000000591e-02,8.790000000000000591e-02,1.477999999999999869e-01,1.204999999999999960e-01,1.096000000000000030e-01,1.096000000000000030e-01,-3.799999999999999992e-03,-3.799999999999999992e-03,1.983000000000000040e-01,1.877999999999999947e-01,-3.799999999999999992e-03,2.833999999999999853e-01,4.063999999999999835e-01,3.875000000000000111e-01,7.995999999999999774e-01,4.993000000000000216e-01,5.847999999999999865e-01,2.265000000000000069e-01,1.386300000000000088e+00,1.280000000000000027e+00,-2.099999999999999870e-03,-2.099999999999999870e-03,1.129999999999999928e-02,1.691999999999999893e-01,7.100000000000000408e-03,2.899999999999999800e-03,-2.700000000000000143e-03,-2.700000000000000143e-03,-3.799999999999999992e-03,-2.700000000000000143e-03,-3.000000000000000062e-03,-3.099999999999999891e-03,9.599999999999999159e-03,1.099999999999999936e-02,1.940000000000000058e-02,1.870000000000000134e-02,-2.700000000000000143e-03,-2.700000000000000143e-03,-1.500000000000000031e-03,-2.799999999999999972e-03,-2.799999999999999972e-03,7.199999999999999803e-03,9.100000000000000450e-03,2.120000000000000009e-02,2.100000000000000130e-02,-1.000000000000000021e-03,-2.000000000000000096e-04,-1.399999999999999986e-03,-1.199999999999999895e-03,5.599999999999999943e-03,6.799999999999999621e-03,2.060000000000000026e-02,2.089999999999999844e-02,8.000000000000000383e-04,1.100000000000000066e-03,1.299999999999999940e-03,1.799999999999999951e-03,4.499999999999999660e-03,5.199999999999999761e-03,1.890000000000000013e-02,1.930000000000000118e-02,2.299999999999999961e-03,2.700000000000000143e-03,2.299999999999999961e-03,2.299999999999999961e-03,2.299999999999999961e-03,2.299999999999999961e-03,4.300000000000000003e-03,4.899999999999999842e-03,3.700000000000000164e-03,4.100000000000000346e-03,1.689999999999999836e-02,1.739999999999999880e-02,4.000000000000000083e-03,4.000000000000000083e-03,4.000000000000000083e-03,4.000000000000000083e-03,3.700000000000000164e-03,3.700000000000000164e-03,2.299999999999999961e-03,3.700000000000000164e-03,7.799999999999999642e-03,8.800000000000000530e-03,3.200000000000000153e-03,3.500000000000000073e-03,1.490000000000000005e-02,1.549999999999999989e-02,4.000000000000000083e-03,4.000000000000000083e-03,5.300000000000000024e-03,4.499999999999999660e-03,3.700000000000000164e-03,5.199999999999999761e-03,3.700000000000000164e-03,5.199999999999999761e-03,1.239999999999999956e-02,1.389999999999999916e-02,2.799999999999999972e-03,3.000000000000000062e-03,1.319999999999999993e-02,1.379999999999999977e-02,6.499999999999999702e-03,6.499999999999999702e-03,6.499999999999999702e-03,5.599999999999999943e-03,6.499999999999999702e-03,5.799999999999999600e-03,6.700000000000000226e-03,1.820000000000000090e-02,2.009999999999999981e-02,2.399999999999999790e-03,2.599999999999999881e-03,1.179999999999999973e-02,1.230000000000000017e-02,7.900000000000000772e-03,7.900000000000000772e-03,6.499999999999999702e-03,7.900000000000000772e-03,7.900000000000000772e-03,8.300000000000000086e-03,2.350000000000000006e-02,2.539999999999999897e-02,2.200000000000000133e-03,2.299999999999999961e-03,1.050000000000000065e-02,1.099999999999999936e-02,7.900000000000000772e-03,7.900000000000000772e-03,9.499999999999999764e-03,9.700000000000000289e-03,2.860000000000000042e-02,3.080000000000000099e-02,2.000000000000000042e-03,2.099999999999999870e-03,9.400000000000000369e-03,9.900000000000000813e-03,1.110000000000000049e-02,1.110000000000000049e-02,1.110000000000000049e-02,1.110000000000000049e-02,3.400000000000000244e-02,3.660000000000000059e-02,1.899999999999999996e-03,1.899999999999999996e-03,8.500000000000000611e-03,8.999999999999999320e-03,1.110000000000000049e-02,1.110000000000000049e-02,1.239999999999999956e-02,3.989999999999999797e-02,4.290000000000000063e-02,1.699999999999999905e-03,1.699999999999999905e-03,7.799999999999999642e-03,8.200000000000000691e-03,1.299999999999999940e-02,1.370000000000000037e-02,1.569999999999999868e-02,1.549999999999999989e-02,1.580000000000000154e-02,1.689999999999999836e-02,1.990000000000000102e-02,2.019999999999999921e-02,1.940000000000000058e-02,2.100000000000000130e-02,4.549999999999999878e-02,4.819999999999999979e-02,1.600000000000000077e-03,1.600000000000000077e-03,7.199999999999999803e-03,7.599999999999999985e-03,1.420000000000000082e-02,1.490000000000000005e-02,1.629999999999999852e-02,1.660000000000000017e-02,1.849999999999999908e-02,1.909999999999999892e-02,2.110000000000000070e-02,2.309999999999999901e-02,5.050000000000000322e-02,5.349999999999999895e-02,1.500000000000000031e-03,1.500000000000000031e-03,6.499999999999999702e-03,6.899999999999999883e-03,1.559999999999999928e-02,1.609999999999999973e-02,1.689999999999999836e-02,1.729999999999999941e-02,2.340000000000000066e-02,2.529999999999999957e-02,5.569999999999999951e-02,5.920000000000000262e-02,1.500000000000000031e-03,1.500000000000000031e-03,6.000000000000000125e-03,6.400000000000000307e-03,1.700000000000000122e-02,1.720000000000000001e-02,1.750000000000000167e-02,1.779999999999999985e-02,2.570000000000000062e-02,2.750000000000000014e-02,6.149999999999999911e-02,6.539999999999999980e-02,1.399999999999999986e-03,1.399999999999999986e-03,5.599999999999999943e-03,5.899999999999999863e-03,1.770000000000000046e-02,1.789999999999999925e-02,2.809999999999999998e-02,2.920000000000000026e-02,6.679999999999999827e-02,7.000000000000000666e-02,1.399999999999999986e-03,1.399999999999999986e-03,5.100000000000000366e-03,5.499999999999999681e-03,2.989999999999999949e-02,3.080000000000000099e-02,7.109999999999999654e-02,7.389999999999999347e-02,1.299999999999999940e-03,1.399999999999999986e-03,4.400000000000000265e-03,4.400000000000000265e-03,4.400000000000000265e-03,4.400000000000000265e-03,5.100000000000000366e-03,3.160000000000000309e-02,3.230000000000000232e-02,7.480000000000000537e-02,7.770000000000000517e-02,1.199999999999999895e-03,1.299999999999999940e-03,3.799999999999999992e-03,3.799999999999999992e-03,4.400000000000000265e-03,4.400000000000000265e-03,3.320000000000000034e-02,3.359999999999999792e-02,7.839999999999999747e-02,8.119999999999999440e-02,1.199999999999999895e-03,1.199999999999999895e-03,3.299999999999999982e-03,3.399999999999999811e-03,3.409999999999999837e-02,3.450000000000000289e-02,8.150000000000000300e-02,8.369999999999999662e-02,1.299999999999999940e-03,1.199999999999999895e-03,2.899999999999999800e-03,3.000000000000000062e-03,3.509999999999999926e-02,3.520000000000000212e-02,8.390000000000000235e-02,8.519999999999999796e-02,1.199999999999999895e-03,1.199999999999999895e-03,2.599999999999999881e-03,2.700000000000000143e-03,3.520000000000000212e-02,3.520000000000000212e-02,4.760000000000000342e-02,4.549999999999999878e-02,4.410000000000000031e-02,4.830000000000000265e-02,8.649999999999999356e-02,8.630000000000000171e-02,8.619999999999999885e-02,8.530000000000000082e-02,1.100000000000000066e-03,1.100000000000000066e-03,2.099999999999999870e-03,2.299999999999999961e-03,3.450000000000000289e-02,3.450000000000000289e-02,3.450000000000000289e-02,3.969999999999999918e-02,3.450000000000000289e-02,4.839999999999999858e-02,4.970000000000000112e-02,8.290000000000000147e-02,8.240000000000000102e-02,1.299999999999999940e-03,1.199999999999999895e-03,1.799999999999999951e-03,1.899999999999999996e-03,3.450000000000000289e-02,3.450000000000000289e-02,4.950000000000000233e-02,4.929999999999999660e-02,7.699999999999999900e-02,7.539999999999999480e-02,1.799999999999999951e-03,1.699999999999999905e-03,-1.600000000000000077e-03,2.000000000000000096e-04,4.739999999999999769e-02,4.510000000000000120e-02,6.800000000000000488e-02,6.379999999999999560e-02,2.200000000000000133e-03,-2.899999999999999800e-03,4.139999999999999930e-02,5.970000000000000306e-02
Cut_Loc,0.000000000000000000e+00
Cut_Num,1
Cut_Type,1
Mach,6.049999999999999822e-02
X_Loc,5.271200000000000330e+00,5.271200000000000330e+00,5.250099999999999767e+00,5.250099999999999767e+00,5.225200000000000067e+00,5.225200000000000067e+00,5.195899999999999963e+00,5.195899999999999963e+00,5.161699999999999733e+00,5.161699999999999733e+00,5.121900000000000119e+00,5.121900000000000119e+00,5.075999999999999623e+00,5.075999999999999623e+00,5.023200000000000109e+00,5.023200000000000109e+00,4.963199999999999612e+00,4.963199999999999612e+00,4.895400000000000418e+00,4.895400000000000418e+00,4.819600000000000328e+00,4.819600000000000328e+00,4.735699999999999577e+00,4.735699999999999577e+00,4.643799999999999706e+00,4.643799999999999706e+00,4.544200000000000017e+00,4.544200000000000017e+00,4.437800000000000189e+00,4.437800000000000189e+00,4.325599999999999667e+00,4.325599999999999667e+00,4.209100000000000286e+00,4.209100000000000286e+00,4.090300000000000047e+00,4.090300000000000047e+00,3.971200000000000063e+00,3.971200000000000063e+00,3.854000000000000092e+00,3.854000000000000092e+00,3.740600000000000147e+00,3.740600000000000147e+00,3.632499999999999840e+00,3.632499999999999840e+00,3.531000000000000139e+00,3.531000000000000139e+00,3.531000000000000139e+00,3.437300000000000022e+00,3.437300000000000022e+00,3.351799999999999891e+00,3.351799999999999891e+00,3.274900000000000144e+00,3.274900000000000144e+00,3.206599999999999895e+00,3.206599999999999895e+00,3.146500000000000075e+00,3.146500000000000075e+00,3.094300000000000050e+00,3.094300000000000050e+00,3.049799999999999844e+00,3.049799999999999844e+00,3.012500000000000178e+00,3.012500000000000178e+00,2.982099999999999973e+00,2.982099999999999973e+00,2.958200000000000163e+00,2.958200000000000163e+00,2.941399999999999793e+00,2.941399999999999793e+00,2.932700000000000085e+00,2.932700000000000085e+00,5.271200000000000330e+00,5.271200000000000330e+00,5.250099999999999767e+00,5.250099999999999767e+00,5.225200000000000067e+00,5.225200000000000067e+00,5.195899999999999963e+00,5.195899999999999963e+00,5.161699999999999733e+00,5.161699999999999733e+00,5.121900000000000119e+00,5.121900000000000119e+00,5.075999999999999623e+00,5.075999999999999623e+00,5.023200000000000109e+00,5.023200000000000109e+00,4.963199999999999612e+00,4.963199999999999612e+00,4.895400000000000418e+00,4.895400000000000418e+00,4.819600000000000328e+00,4.819600000000000328e+00,4.735699999999999577e+00,4.735699999999999577e+00,4.643799999999999706e+00,4.643799999999999706e+00,4.544200000000000017e+00,4.544200000000000017e+00,4.437800000000000189e+00,4.437800000000000189e+00,4.325599999999999667e+00,4.325599999999999667e+00,4.209100000000000286e+00,4.209100000000000286e+00,4.090300000000000047e+00,4.090300000000000047e+00,3.971200000000000063e+00,3.971200000000000063e+00,3.854000000000000092e+00,3.854000000000000092e+00,3.740600000000000147e+00,3.740600000000000147e+00,3.632499999999999840e+00,3.632499999999999840e+00,3.531000000000000139e+00,3.531000000000000139e+00,3.531000000000000139e+00,3.437300000000000022e+00,3.437300000000000022e+00,3.351799999999999891e+00,3.351799999999999891e+00,3.274900000000000144e+00,3.274900000000000144e+00,3.206599999999999895e+00,3.206599999999999895e+00,3.146500000000000075e+00,3.094300000000000050e+00,3.146500000000000075e+00,3.049799999999999844e+00,3.094300000000000050e+00,3.012500000000000178e+00,3.049799999999999844e+00,2.982099999999999973e+00,3.012500000000000178e+00,2.958200000000000163e+00,2.982099999999999973e+00,2.941399999999999793e+00,2.958200000000000163e+00,2.932700000000000085e+00,2.941399999999999793e+00,2.932700000000000085e+00,1.069549999999999912e+01,1.069549999999999912e+01,1.069619999999999926e+01,1.069549999999999912e+01,1.070860000000000056e+01,1.067999999999999972e+01,1.067999999999999972e+01,1.067869999999999919e+01,1.066179999999999950e+01,1.066179999999999950e+01,1.067999999999999972e+01,1.066179999999999950e+01,1.065809999999999924e+01,1.064049999999999940e+01,1.064049999999999940e+01,1.066179999999999950e+01,1.064049999999999940e+01,1.063400000000000034e+01,1.061560000000000059e+01,1.061560000000000059e+01,1.064049999999999940e+01,1.061560000000000059e+01,1.058660000000000068e+01,1.058660000000000068e+01,1.060590000000000011e+01,1.058660000000000068e+01,1.061560000000000059e+01,1.055320000000000036e+01,1.055320000000000036e+01,1.057319999999999993e+01,1.055320000000000036e+01,1.058660000000000068e+01,1.051469999999999949e+01,1.051469999999999949e+01,1.053539999999999921e+01,1.051469999999999949e+01,1.055320000000000036e+01,1.049210000000000065e+01,1.047100000000000009e+01,1.047100000000000009e+01,1.051469999999999949e+01,1.047100000000000009e+01,1.044270000000000032e+01,1.042149999999999999e+01,1.042149999999999999e+01,1.047100000000000009e+01,1.042149999999999999e+01,1.038679999999999914e+01,1.038679999999999914e+01,1.042149999999999999e+01,1.036609999999999943e+01,1.036609999999999943e+01,1.032429999999999914e+01,1.036609999999999943e+01,1.032429999999999914e+01,1.030480000000000018e+01,1.030480000000000018e+01,1.025510000000000055e+01,1.025510000000000055e+01,1.030480000000000018e+01,1.023770000000000024e+01,1.023770000000000024e+01,1.017929999999999957e+01,1.017929999999999957e+01,1.023770000000000024e+01,1.016520000000000046e+01,1.016520000000000046e+01,1.009750000000000014e+01,1.009750000000000014e+01,1.015060000000000073e+01,1.015060000000000073e+01,1.008789999999999942e+01,1.008789999999999942e+01,1.015060000000000073e+01,1.006119999999999948e+01,1.006119999999999948e+01,1.008789999999999942e+01,1.001019999999999932e+01,1.000680000000000014e+01,1.000680000000000014e+01,9.922900000000000276e+00,9.922900000000000276e+00,9.837699999999999889e+00,9.837699999999999889e+00,9.918699999999999406e+00,9.922900000000000276e+00,9.837699999999999889e+00,9.823999999999999844e+00,9.823999999999999844e+00,9.837699999999999889e+00,9.752299999999999969e+00,9.752299999999999969e+00,9.727700000000000458e+00,9.752299999999999969e+00,9.727700000000000458e+00,9.668300000000000338e+00,9.668300000000000338e+00,9.631399999999999295e+00,9.668300000000000338e+00,9.631399999999999295e+00,9.586899999999999977e+00,9.586899999999999977e+00,9.536500000000000199e+00,9.586899999999999977e+00,9.536500000000000199e+00,9.509299999999999642e+00,9.509299999999999642e+00,9.444599999999999440e+00,9.509299999999999642e+00,9.444599999999999440e+00,9.436400000000000787e+00,9.436400000000000787e+00,9.436400000000000787e+00,9.368900000000000006e+00,9.356999999999999318e+00,9.307299999999999685e+00,9.356999999999999318e+00,9.274699999999999278e+00,9.251799999999999358e+00,9.251799999999999358e+00,9.274699999999999278e+00,9.307299999999999685e+00,9.227000000000000313e+00,9.227000000000000313e+00,9.202299999999999258e+00,9.202299999999999258e+00,9.251799999999999358e+00,9.198600000000000776e+00,9.198600000000000776e+00,9.158699999999999619e+00,9.158699999999999619e+00,9.202299999999999258e+00,9.128999999999999559e+00,9.128999999999999559e+00,9.120699999999999363e+00,9.120699999999999363e+00,9.158699999999999619e+00,9.120699999999999363e+00,9.087899999999999423e+00,9.066300000000000026e+00,9.060000000000000497e+00,9.060000000000000497e+00,9.087899999999999423e+00,9.087899999999999423e+00,9.060000000000000497e+00,9.036699999999999733e+00,9.036699999999999733e+00,9.017699999999999605e+00,9.017699999999999605e+00,9.010500000000000398e+00,9.003099999999999881e+00,9.003099999999999881e+00,9.017699999999999605e+00,9.003099999999999881e+00,8.993800000000000239e+00,8.993800000000000239e+00,1.069619999999999926e+01,1.069549999999999912e+01,1.069549999999999912e+01,1.067999999999999972e+01,1.067999999999999972e+01,1.066179999999999950e+01,1.067869999999999919e+01,1.066179999999999950e+01,1.064049999999999940e+01,1.065809999999999924e+01,1.064049999999999940e+01,1.061560000000000059e+01,1.063400000000000034e+01,1.061560000000000059e+01,1.060590000000000011e+01,1.058660000000000068e+01,1.058660000000000068e+01,1.057319999999999993e+01,1.055320000000000036e+01,1.055320000000000036e+01,1.053539999999999921e+01,1.051469999999999949e+01,1.051469999999999949e+01,1.047100000000000009e+01,1.047100000000000009e+01,1.049210000000000065e+01,1.042149999999999999e+01,1.042149999999999999e+01,1.044270000000000032e+01,1.036609999999999943e+01,1.038679999999999914e+01,1.038679999999999914e+01,1.030480000000000018e+01,1.032429999999999914e+01,1.032429999999999914e+01,1.023770000000000024e+01,1.025510000000000055e+01,1.025510000000000055e+01,1.016520000000000046e+01,1.017929999999999957e+01,1.017929999999999957e+01,1.015060000000000073e+01,1.015060000000000073e+01,1.008789999999999942e+01,1.009750000000000014e+01,1.009750000000000014e+01,1.006119999999999948e+01,1.001019999999999932e+01,1.000680000000000014e+01,1.006119999999999948e+01,9.922900000000000276e+00,9.922900000000000276e+00,9.837699999999999889e+00,9.837699999999999889e+00,9.918699999999999406e+00,9.752299999999999969e+00,9.823999999999999844e+00,9.823999999999999844e+00,9.668300000000000338e+00,9.727700000000000458e+00,9.727700000000000458e+00,9.586899999999999977e+00,9.631399999999999295e+00,9.631399999999999295e+00,9.536500000000000199e+00,9.509299999999999642e+00,9.536500000000000199e+00,9.444599999999999440e+00,9.436400000000000787e+00,9.444599999999999440e+00,9.436400000000000787e+00,9.368900000000000006e+00,9.356999999999999318e+00,9.356999999999999318e+00,9.307299999999999685e+00,9.274699999999999278e+00,9.274699999999999278e+00,9.251799999999999358e+00,9.227000000000000313e+00,9.227000000000000313e+00,9.202299999999999258e+00,9.198600000000000776e+00,9.198600000000000776e+00,9.158699999999999619e+00,9.128999999999999559e+00,9.128999999999999559e+00,9.120699999999999363e+00,9.120699999999999363e+00,9.087899999999999423e+00,9.066300000000000026e+00,9.087899999999999423e+00,9.060000000000000497e+00,9.060000000000000497e+00,9.036699999999999733e+00,9.036699999999999733e+00,9.017699999999999605e+00,9.010500000000000398e+00,9.003099999999999881e+00,9.017699999999999605e+00,9.003099999999999881e+00,8.993800000000000239e+00,8.993800000000000239e+00,1.070860000000000056e+01,1.071080000000000076e+01,1.069549999999999912e+01,1.069549999999999912e+01,1.067999999999999972e+01,1.066179999999999950e+01,1.066179999999999950e+01,1.064049999999999940e+01,1.064049999999999940e+01,1.061560000000000059e+01,1.061560000000000059e+01,1.058660000000000068e+01,1.058660000000000068e+01,1.055320000000000036e+01,1.055320000000000036e+01,1.051469999999999949e+01,1.049789999999999957e+01,1.051469999999999949e+01,1.047100000000000009e+01,1.047100000000000009e+01,1.042149999999999999e+01,1.042149999999999999e+01,1.036609999999999943e+01,1.036609999999999943e+01,1.030480000000000018e+01,1.030480000000000018e+01,1.023770000000000024e+01,1.023770000000000024e+01,1.015060000000000073e+01,1.016520000000000046e+01,1.015060000000000073e+01,1.008789999999999942e+01,1.008789999999999942e+01,9.922900000000000276e+00,1.000680000000000014e+01,1.000680000000000014e+01,9.837699999999999889e+00,9.752299999999999969e+00,9.668300000000000338e+00,9.586899999999999977e+00,9.586899999999999977e+00,9.509299999999999642e+00,9.509299999999999642e+00,9.356999999999999318e+00,9.368900000000000006e+00,9.436400000000000787e+00,9.436400000000000787e+00,9.300700000000000855e+00,9.300700000000000855e+00,9.202299999999999258e+00,9.251799999999999358e+00,9.300700000000000855e+00,9.158699999999999619e+00,9.087899999999999423e+00,9.120699999999999363e+00,9.017699999999999605e+00,9.060000000000000497e+00,9.036699999999999733e+00,8.990700000000000358e+00,9.003099999999999881e+00,8.993800000000000239e+00,8.805799999999999628e+00,8.806599999999999540e+00,1.071059999999999945e+01,1.071080000000000076e+01,1.050380000000000003e+01,1.050339999999999918e+01,9.326700000000000657e+00,9.326700000000000657e+00,9.300700000000000855e+00,9.326700000000000657e+00,8.839999999999999858e+00,8.841699999999999449e+00,1.071039999999999992e+01,1.071059999999999945e+01,1.050960000000000072e+01,1.050900000000000034e+01,9.326700000000000657e+00,9.326700000000000657e+00,9.328699999999999548e+00,8.874200000000000088e+00,8.876699999999999591e+00,1.071030000000000015e+01,1.071039999999999992e+01,1.051510000000000034e+01,1.051430000000000042e+01,9.334799999999999542e+00,9.343299999999999272e+00,8.908400000000000318e+00,8.911799999999999500e+00,1.071010000000000062e+01,1.071020000000000039e+01,1.052059999999999995e+01,1.051960000000000051e+01,9.346199999999999619e+00,9.352700000000000458e+00,8.942500000000000782e+00,8.946899999999999409e+00,1.070989999999999931e+01,1.071010000000000062e+01,1.052630000000000088e+01,1.052519999999999989e+01,9.373200000000000642e+00,9.376300000000000523e+00,9.244600000000000151e+00,9.244600000000000151e+00,9.244600000000000151e+00,9.244600000000000151e+00,8.976599999999999469e+00,8.981899999999999551e+00,1.070969999999999978e+01,1.070989999999999931e+01,1.053170000000000073e+01,1.053040000000000020e+01,9.390000000000000568e+00,9.390000000000000568e+00,9.390000000000000568e+00,9.390000000000000568e+00,9.274300000000000210e+00,9.274300000000000210e+00,9.244600000000000151e+00,9.274300000000000210e+00,9.010600000000000165e+00,9.016999999999999460e+00,1.070960000000000001e+01,1.070969999999999978e+01,1.053759999999999941e+01,1.053589999999999982e+01,9.390000000000000568e+00,9.390000000000000568e+00,9.387600000000000833e+00,9.316599999999999326e+00,9.274300000000000210e+00,9.339900000000000091e+00,9.274300000000000210e+00,9.288100000000000023e+00,9.044600000000000861e+00,9.051999999999999602e+00,1.070940000000000047e+01,1.070950000000000024e+01,1.054299999999999926e+01,1.054119999999999990e+01,9.386400000000000077e+00,9.386400000000000077e+00,9.386400000000000077e+00,9.351800000000000779e+00,9.386400000000000077e+00,9.297200000000000131e+00,9.310299999999999798e+00,9.078599999999999781e+00,9.087099999999999511e+00,1.070919999999999916e+01,1.070930000000000071e+01,1.054879999999999995e+01,1.054659999999999975e+01,9.414899999999999380e+00,9.414899999999999380e+00,9.386400000000000077e+00,9.414899999999999380e+00,9.321600000000000108e+00,9.325200000000000600e+00,9.112500000000000711e+00,9.122099999999999653e+00,1.070899999999999963e+01,1.070909999999999940e+01,1.055450000000000088e+01,1.055199999999999960e+01,9.414899999999999380e+00,9.414899999999999380e+00,9.350799999999999557e+00,9.357200000000000628e+00,9.146300000000000097e+00,9.157199999999999562e+00,1.070889999999999986e+01,1.070899999999999963e+01,1.056010000000000026e+01,1.055760000000000076e+01,9.378999999999999559e+00,9.378999999999999559e+00,9.378999999999999559e+00,9.378999999999999559e+00,9.180199999999999250e+00,9.192299999999999471e+00,1.070870000000000033e+01,1.070880000000000010e+01,1.056579999999999941e+01,1.056279999999999930e+01,9.378999999999999559e+00,9.378999999999999559e+00,9.400199999999999889e+00,9.213900000000000645e+00,9.227299999999999613e+00,1.070850000000000080e+01,1.070860000000000056e+01,1.057099999999999973e+01,1.056809999999999938e+01,9.407600000000000406e+00,9.428100000000000591e+00,9.371299999999999741e+00,9.360500000000000043e+00,9.374900000000000233e+00,9.357400000000000162e+00,9.318099999999999383e+00,9.308699999999999974e+00,9.331699999999999662e+00,9.319399999999999906e+00,9.247600000000000264e+00,9.262399999999999523e+00,1.070829999999999949e+01,1.070839999999999925e+01,1.057709999999999972e+01,1.057329999999999970e+01,9.438299999999999912e+00,9.453099999999999170e+00,9.403600000000000847e+00,9.416199999999999903e+00,9.354599999999999582e+00,9.346000000000000085e+00,9.320399999999999352e+00,9.351800000000000779e+00,9.281299999999999883e+00,9.297399999999999665e+00,1.070819999999999972e+01,1.070819999999999972e+01,1.058259999999999934e+01,1.057890000000000086e+01,9.468400000000000816e+00,9.476699999999999235e+00,9.435499999999999332e+00,9.455500000000000682e+00,9.354900000000000659e+00,9.384199999999999875e+00,9.314899999999999736e+00,9.332499999999999574e+00,1.070800000000000018e+01,1.070800000000000018e+01,1.058820000000000050e+01,1.058409999999999940e+01,9.498799999999999244e+00,9.503099999999999881e+00,9.467200000000000060e+00,9.492300000000000182e+00,9.389599999999999724e+00,9.416199999999999903e+00,9.348300000000000054e+00,9.367499999999999716e+00,1.070780000000000065e+01,1.070780000000000065e+01,1.059409999999999918e+01,1.058939999999999948e+01,9.513999999999999346e+00,9.498599999999999710e+00,9.424899999999999167e+00,9.448700000000000543e+00,9.381800000000000139e+00,9.402599999999999625e+00,1.070770000000000088e+01,1.070759999999999934e+01,1.059950000000000081e+01,1.059479999999999933e+01,9.460000000000000853e+00,9.480900000000000105e+00,9.415100000000000691e+00,9.437599999999999767e+00,1.070730000000000004e+01,1.070759999999999934e+01,1.060500000000000043e+01,1.060500000000000043e+01,1.060500000000000043e+01,1.060500000000000043e+01,1.059989999999999988e+01,9.495200000000000529e+00,9.513199999999999434e+00,9.448499999999999233e+00,9.472699999999999676e+00,1.070710000000000051e+01,1.070730000000000004e+01,1.061030000000000051e+01,1.060989999999999966e+01,1.060500000000000043e+01,1.060500000000000043e+01,9.531000000000000583e+00,9.545199999999999463e+00,9.481500000000000483e+00,9.507799999999999585e+00,1.070669999999999966e+01,1.070700000000000074e+01,1.061560000000000059e+01,1.061490000000000045e+01,9.566200000000000259e+00,9.577700000000000102e+00,9.514599999999999724e+00,9.542799999999999727e+00,1.070650000000000013e+01,1.070669999999999966e+01,1.062110000000000021e+01,1.061989999999999945e+01,9.602800000000000225e+00,9.609600000000000364e+00,9.547399999999999665e+00,9.577899999999999636e+00,1.070620000000000083e+01,1.070630000000000059e+01,1.062640000000000029e+01,1.062470000000000070e+01,9.638700000000000045e+00,9.642099999999999227e+00,9.614599999999999369e+00,9.624700000000000699e+00,9.631899999999999906e+00,9.628000000000000114e+00,9.610400000000000276e+00,9.612700000000000244e+00,9.612999999999999545e+00,9.580399999999999139e+00,1.070589999999999975e+01,1.070599999999999952e+01,1.063160000000000061e+01,1.062959999999999994e+01,9.674699999999999633e+00,9.674699999999999633e+00,9.674699999999999633e+00,9.649200000000000443e+00,9.674699999999999633e+00,9.629599999999999937e+00,9.661300000000000665e+00,9.644500000000000739e+00,9.648600000000000065e+00,1.070560000000000045e+01,1.070570000000000022e+01,1.063669999999999938e+01,1.063419999999999987e+01,9.674699999999999633e+00,9.674699999999999633e+00,9.667899999999999494e+00,9.694599999999999440e+00,9.675900000000000389e+00,9.684300000000000352e+00,1.070529999999999937e+01,1.070529999999999937e+01,1.064220000000000077e+01,1.063899999999999935e+01,9.706799999999999429e+00,9.727800000000000225e+00,9.707100000000000506e+00,9.720000000000000639e+00,1.070500000000000007e+01,1.064380000000000059e+01,9.746000000000000441e+00,9.737800000000000011e+00
Y_Loc,0.000000000000000000e+00,0.000000000000000000e+00,0.000000000000000000e+00,0.000000000000000000e+00,0.000000000000000000e+00,0.000000000000000000e+00,0.000000000000000000e+00,0.000000000000000000e+00,0.000000000000000000e+00,0.000000000000000000e+00,0.000000000000000000e+00,0.000000000000000000e+00,0.000000000000000000e+00,0.000000000000000000e+00,0.000000000000000000e+00,0.000000000000000000e+00,0.000000000000000000e+00,0.000000000000000000e+00,0.000000000000000000e+00,0.000000000000000000e+00,0.000000000000000000e+00,0.000000000000000000e+00,0.000000000000000000e+00,0.000000000000000000e+00,0.000000000000000000e+00,0.000000000000000000e+00,0.000000000000000000e+00,0.000000000000000000e+00,0.000000000000000000e+00,0.000000000000000000e+00,0.000000000000000000e+00,0.000000000000000000e+00,0.000000000000000000e+00,0.000000000000000000e+00,0.000000000000000000e+00,0.000000000000000000e+00,0.000000000000000000e+00,0.000000000000000000e+00,0.000000000000000000e+00,0.000000000000000000e+00,0.000000000000000000e+00,0.000000000000000000e+00,0.000000000000000000e+00,0.000000000000000000e+00,0.000000000000000000e+00,0.000000000000000000e+00,0.000000000000000000e+00,0.000000000000000000e+00,0.000000000000000000e+00,0.000000000000000000e+00,0.000000000000000000e+00,0.000000000000000000e+00,0.000000000000000000e+00,0.000000000000000000e+00,0.000000000000000000e+00,0.000000000000000000e+00,0.000000000000000000e+00,0.000000000000000000e+00,0.000000000000000000e+00,0.000000000000000000e+00,0.000000000000000000e+00,0.000000000000000000e+00,0.000000000000000000e+00,0.000000000000000000e+00,0.000000000000000000e+00,0.000000000000000000e+00,0.000000000000000000e+00,0.000000000000000000e+00,0.000000000000000000e+00,0.000000000000000000e+00,0.000000000000000000e+00,0.000000000000000000e+00,0.000000000000000000e+00,0.000000000000000000e+00,0.000000000000000000e+00,0.000000000000000000e+00,0.000000000000000000e+00,0.000000000000000000e+00,0.000000000000000000e+00,0.000000000000000000e+00,0.000000000000000000e+00,0.000000000000000000e+00,0.000000000000000000e+00,0.000000000000000000e+00,0.000000000000000000e+00,0.000000000000000000e+00,0.000000000000000000e+00,0.000000000000000000e+00,0.000000000000000000e+00,0.000000000000000000e+00,0.000000000000000000e+00,0.000000000000000000e+00,0.000000000000000000e+00,0.000000000000000000e+00,0.000000000000000000e+00,0.000000000000000000e+00,0.000000000000000000e+00,0.000000000000000000e+00,0.000000000000000000e+00,0.000000000000000000e+00,0.000000000000000000e+00,0.000000000000000000e+00,0.000000000000000000e+00,0.000000000000000000e+00,0.000000000000000000e+00,0.000000000000000000e+00,0.000000000000000000e+00,0.000000000000000000e+00,0.000000000000000000e+00,0.000000000000000000e+00,0.000000000000000000e+00,0.000000000000000000e+00,0.000000000000000000e+00,0.000000000000000000e+00,0.000000000000000000e+00,0.000000000000000000e+00,0.000000000000000000e+00,0.000000000000000000e+00,0.000000000000000000e+00,0.000000000000000000e+00,0.000000000000000000e+00,0.000000000000000000e+00,0.000000000000000000e+00,0.000000000000000000e+00,0.000000000000000000e+00,0.000000000000000000e+00,0.000000000000000000e+00,0.000000000000000000e+00,0.000000000000000000e+00,0.000000000000000000e+00,0.000000000000000000e+00,0.000000000000000000e+00,0.000000000000000000e+00,0.000000000000000000e+00,0.000000000000000000e+00,0.000000000000000000e+00,0.000000000000000000e+00,0.000000000000000000e+00,0.000000000000000000e+00,0.000000000000000000e+00,0.000000000000000000e+00,0.000000000000000000e+00,0.000000000000000000e+00,0.000000000000000000e+00,0.000000000000000000e+00,0.000000000000000000e+00,0.000000000000000000e+00,0.000000000000000000e+00,0.000000000000000000e+00,0.000000000000000000e+00,0.000000000000000000e+00,0.000000000000000000e+00,0.000000000000000000e+00,0.000000000000000000e+00,0.000000000000000000e+00,0.000000000000000000e+00,0.000000000000000000e+00,0.000000000000000000e+00,0.000000000000000000e+00,0.000000000000000000e+00,0.000000000000000000e+00,0.000000000000000000e+00,0.000000000000000000e+00,0.000000000000000000e+00,0.000000000000000000e+00,0.000000000000000000e+00,0.000000000000000000e+00,0.000000000000000000e+00,0.000000000000000000e+00,0.000000000000000000e+00,0.000000000000000000e+00,0.000000000000000000e+00,0.000000000000000000e+00,0.000000000000000000e+00,0.000000000000000000e+00,0.000000000000000000e+00,0.000000000000000000e+00,0.000000000000000000e+00,0.000000000000000000e+00,0.000000000000000000e+00,0.000000000000000000e+00,0.000000000000000000e+00,0.000000000000000000e+00,0.000000000000000000e+00,0.000000000000000000e+00,0.000000000000000000e+00,0.000000000000000000e+00,0.000000000000000000e+00,0.000000000000000000e+00,0.000000000000000000e+00,0.000000000000000000e+00,0.000000000000000000e+00,0.000000000000000000e+00,0.000000000000000000e+00,0.000000000000000000e+00,0.000000000000000000e+00,0.000000000000000000e+00,0.000000000000000000e+00,0.000000000000000000e+00,0.000000000000000000e+00,0.000000000000000000e+00,0.000000000000000000e+00,0.000000000000000000e+00,0.000000000000000000e+00,0.000000000000000000e+00,0.000000000000000000e+00,0.000000000000000000e+00,0.000000000000000000e+00,0.000000000000000000e+00,0.000000000000000000e+00,0.000000000000000000e+00,0.000000000000000000e+00,0.000000000000000000e+00,0.000000000000000000e+00,0.000000000000000000e+00,0.000000000000000000e+00,0.000000000000000000e+00,0.000000000000000000e+00,0.000000000000000000e+00,0.000000000000000000e+00,0.000000000000000000e+00,0.000000000000000000e+00,0.000000000000000000e+00,0.000000000000000000e+00,0.000000000000000000e+00,0.000000000000000000e+00,0.000000000000000000e+00,0.000000000000000000e+00,0.000000000000000000e+00,0.000000000000000000e+00,0.000000000000000000e+00,0.000000000000000000e+00,0.000000000000000000e+00,0.000000000000000000e+00,0.000000000000000000e+00,0.000000000000000000e+00,0.000000000000000000e+00,0.000000000000000000e+00,0.000000000000000000e+00,0.000000000000000000e+00,0.000000000000000000e+00,0.000000000000000000e+00,0.000000000000000000e+00,0.000000000000000000e+00,0.000000000000000000e+00,0.000000000000000000e+00,0.000000000000000000e+00,0.000000000000000000e+00,0.000000000000000000e+00,0.000000000000000000e+00,0.000000000000000000e+00,0.000000000000000000e+00,0.000000000000000000e+00,0.000000000000000000e+00,0.000000000000000000e+00,0.000000000000000000e+00,0.000000000000000000e+00,0.000000000000000000e+00,0.000000000000000000e+00,0.000000000000000000e+00,0.000000000000000000e+00,0.000000000000000000e+00,0.000000000000000000e+00,0.000000000000000000e+00,0.000000000000000000e+00,0.000000000000000000e+00,0.000000000000000000e+00,0.000000000000000000e+00,0.000000000000000000e+00,0.000000000000000000e+00,0.000000000000000000e+00,0.000000000000000000e+00,0.000000000000000000e+00,0.000000000000000000e+00,0.000000000000000000e+00,0.000000000000000000e+00,0.000000000000000000e+00,0.000000000000000000e+00,0.000000000000000000e+00,0.000000000000000000e+00,0.000000000000000000e+00,0.000000000000000000e+00,0.000000000000000000e+00,0.000000000000000000e+00,0.000000000000000000e+00,0.000000000000000000e+00,0.000000000000000000e+00,0.000000000000000000e+00,0.000000000000000000e+00,0.000000000000000000e+00,0.000000000000000000e+00,0.000000000000000000e+00,0.000000000000000000e+00,0.000000000000000000e+00,0.000000000000000000e+00,0.000000000000000000e+00,0.000000000000000000e+00,0.000000000000000000e+00,-0.000000000000000000e+00,0.000000000000000000e+00,0.000000000000000000e+00,0.000000000000000000e+00,0.000000000000000000e+00,0.000000000000000000e+00,0.000000000000000000e+00,0.000000000000000000e+00,0.000000000000000000e+00,0.000000000000000000e+00,0.000000000000000000e+00,0.000000000000000000e+00,0.000000000000000000e+00,0.000000000000000000e+00,0.000000000000000000e+00,0.000000000000000000e+00,0.000000000000000000e+00,0.000000000000000000e+00,0.000000000000000000e+00,0.000000000000000000e+00,0.000000000000000000e+00,0.000000000000000000e+00,0.000000000000000000e+00,0.000000000000000000e+00,0.000000000000000000e+00,0.000000000000000000e+00,0.000000000000000000e+00,0.000000000000000000e+00,0.000000000000000000e+00,0.000000000000000000e+00,0.000000000000000000e+00,0.000000000000000000e+00,0.000000000000000000e+00,0.000000000000000000e+00,0.000000000000000000e+00,0.000000000000000000e+00,0.000000000000000000e+00,0.000000000000000000e+00,0.000000000000000000e+00,0.000000000000000000e+00,0.000000000000000000e+00,0.000000000000000000e+00,0.000000000000000000e+00,0.000000000000000000e+00,0.000000000000000000e+00,0.000000000000000000e+00,0.000000000000000000e+00,-0.000000000000000000e+00,0.000000000000000000e+00,0.000000000000000000e+00,0.000000000000000000e+00,0.000000000000000000e+00,0.000000000000000000e+00,0.000000000000000000e+00,0.000000000000000000e+00,0.000000000000000000e+00,0.000000000000000000e+00,0.000000000000000000e+00,0.000000000000000000e+00,-0.000000000000000000e+00,-0.000000000000000000e+00,0.000000000000000000e+00,-0.000000000000000000e+00,-0.000000000000000000e+00,-0.000000000000000000e+00,0.000000000000000000e+00,-0.000000000000000000e+00,-0.000000000000000000e+00,0.000000000000000000e+00,-0.000000000000000000e+00,0.000000000000000000e+00,0.000000000000000000e+00,0.000000000000000000e+00,0.000000000000000000e+00,0.000000000000000000e+00,0.000000000000000000e+00,0.000000000000000000e+00,0.000000000000000000e+00,0.000000000000000000e+00,-0.000000000000000000e+00,0.000000000000000000e+00,0.000000000000000000e+00,0.000000000000000000e+00,0.000000000000000000e+00,0.000000000000000000e+00,0.000000000000000000e+00,0.000000000000000000e+00,0.000000000000000000e+00,0.000000000000000000e+00,0.000000000000000000e+00,0.000000000000000000e+00,0.000000000000000000e+00,0.000000000000000000e+00,0.000000000000000000e+00,0.000000000000000000e+00,0.000000000000000000e+00,0.000000000000000000e+00,0.000000000000000000e+00,0.000000000000000000e+00,0.000000000000000000e+00,0.000000000000000000e+00,0.000000000000000000e+00,0.000000000000000000e+00,0.000000000000000000e+00,0.000000000000000000e+00,0.000000000000000000e+00,0.000000000000000000e+00,0.000000000000000000e+00,0.000000000000000000e+00,0.000000000000000000e+00,0.000000000000000000e+00,0.000000000000000000e+00,0.000000000000000000e+00,0.000000000000000000e+00,0.000000000000000000e+00,0.000000000000000000e+00,0.000000000000000000e+00,0.000000000000000000e+00,-0.000000000000000000e+00,0.000000000000000000e+00,0.000000000000000000e+00,0.000000000000000000e+00,0.000000000000000000e+00,0.000000000000000000e+00,0.000000000000000000e+00,0.000000000000000000e+00,0.000000000000000000e+00,0.000000000000000000e+00,0.000000000000000000e+00,0.000000000000000000e+00,0.000000000000000000e+00,0.000000000000000000e+00,0.000000000000000000e+00,0.000000000000000000e+00,0.000000000000000000e+00,0.000000000000000000e+00,0.000000000000000000e+00,0.000000000000000000e+00,0.000000000000000000e+00,0.000000000000000000e+00,0.000000000000000000e+00,0.000000000000000000e+00,0.000000000000000000e+00,0.000000000000000000e+00,0.000000000000000000e+00,0.000000000000000000e+00,0.000000000000000000e+00,0.000000000000000000e+00,0.000000000000000000e+00,0.000000000000000000e+00,0.000000000000000000e+00,0.000000000000000000e+00,0.000000000000000000e+00,0.000000000000000000e+00,0.000000000000000000e+00,0.000000000000000000e+00,0.000000000000000000e+00,0.000000000000000000e+00,0.000000000000000000e+00,0.000000000000000000e+00,0.000000000000000000e+00,0.000000000000000000e+00,0.000000000000000000e+00,0.000000000000000000e+00,-0.000000000000000000e+00,0.000000000000000000e+00,0.000000000000000000e+00,0.000000000000000000e+00,-0.000000000000000000e+00,0.000000000000000000e+00,0.000000000000000000e+00,0.000000000000000000e+00,0.000000000000000000e+00,0.000000000000000000e+00,0.000000000000000000e+00,0.000000000000000000e+00,0.000000000000000000e+00,-0.000000000000000000e+00,-0.000000000000000000e+00,0.000000000000000000e+00,0.000000000000000000e+00,0.000000000000000000e+00,0.000000000000000000e+00,0.000000000000000000e+00,0.000000000000000000e+00,0.000000000000000000e+00,0.000000000000000000e+00,-0.000000000000000000e+00,0.000000000000000000e+00,0.000000000000000000e+00,-0.000000000000000000e+00,0.000000000000000000e+00,0.000000000000000000e+00,0.000000000000000000e+00,0.000000000000000000e+00,0.000000000000000000e+00,0.000000000000000000e+00,0.000000000000000000e+00,0.000000000000000000e+00,0.000000000000000000e+00,-0.000000000000000000e+00,0.000000000000000000e+00,0.000000000000000000e+00,0.000000000000000000e+00,0.000000000000000000e+00,0.000000000000000000e+00,0.000000000000000000e+00,0.000000000000000000e+00,0.000000000000000000e+00,0.000000000000000000e+00,0.000000000000000000e+00,0.000000000000000000e+00,0.000000000000000000e+00,-0.000000000000000000e+00,0.000000000000000000e+00,0.000000000000000000e+00,0.000000000000000000e+00,0.000000000000000000e+00,0.000000000000000000e+00,0.000000000000000000e+00,0.000000000000000000e+00,0.000000000000000000e+00,0.000000000000000000e+00,0.000000000000000000e+00,-0.000000000000000000e+00,0.000000000000000000e+00,0.000000000000000000e+00,0.000000000000000000e+00,0.000000000000000000e+00,0.000000000000000000e+00,0.000000000000000000e+00,0.000000000000000000e+00,0.000000000000000000e+00,0.000000000000000000e+00,0.000000000000000000e+00,-0.000000000000000000e+00,0.000000000000000000e+00,0.000000000000000000e+00,0.000000000000000000e+00,-0.000000000000000000e+00,0.000000000000000000e+00,0.000000000000000000e+00,-0.000000000000000000e+00,0.000000000000000000e+00,0.000000000000000000e+00,0.000000000000000000e+00,0.000000000000000000e+00,0.000000000000000000e+00,0.000000000000000000e+00,0.000000000000000000e+00,0.000000000000000000e+00,0.000000000000000000e+00,0.000000000000000000e+00,-0.000000000000000000e+00,0.000000000000000000e+00,-0.000000000000000000e+00,0.000000000000000000e+00,0.000000000000000000e+00,0.000000000000000000e+00,0.000000000000000000e+00,0.000000000000000000e+00,0.000000000000000000e+00,0.000000000000000000e+00,0.000000000000000000e+00,0.000000000000000000e+00,0.000000000000000000e+00,0.000000000000000000e+00,0.000000000000000000e+00,0.000000000000000000e+00,0.000000000000000000e+00,0.000000000000000000e+00,0.000000000000000000e+00,0.000000000000000000e+00,0.000000000000000000e+00,0.000000000000000000e+00,0.000000000000000000e+00,0.000000000000000000e+00,0.000000000000000000e+00,0.000000000000000000e+00,0.000000000000000000e+00,0.000000000000000000e+00,0.000000000000000000e+00,0.000000000000000000e+00,0.000000000000000000e+00,0.000000000000000000e+00,0.000000000000000000e+00,-0.000000000000000000e+00,-0.000000000000000000e+00,0.000000000000000000e+00,0.000000000000000000e+00,0.000000000000000000e+00,0.000000000000000000e+00,0.000000000000000000e+00,0.000000000000000000e+00,0.000000000000000000e+00,0.000000000000000000e+00,-0.000000000000000000e+00,-0.000000000000000000e+00,0.000000000000000000e+00,0.000000000000000000e+00,0.000000000000000000e+00,-0.000000000000000000e+00,0.000000000000000000e+00,0.000000000000000000e+00,0.000000000000000000e+00,-0.000000000000000000e+00,0.000000000000000000e+00,0.000000000000000000e+00,0.000000000000000000e+00,0.000000000000000000e+00,-0.000000000000000000e+00,0.000000000000000000e+00,0.000000000000000000e+00,0.000000000000000000e+00,0.000000000000000000e+00,0.000000000000000000e+00,-0.000000000000000000e+00,0.000000000000000000e+00,-0.000000000000000000e+00,0.000000000000000000e+00,0.000000000000000000e+00,0.000000000000000000e+00,-0.000000000000000000e+00,0.000000000000000000e+00,0.000000000000000000e+00,0.000000000000000000e+00,0.000000000000000000e+00,0.000000000000000000e+00,0.000000000000000000e+00,0.000000000000000000e+00,0.000000000000000000e+00,0.000000000000000000e+00,-0.000000000000000000e+00,0.000000000000000000e+00,0.000000000000000000e+00,0.000000000000000000e+00,0.000000000000000000e+00,0.000000000000000000e+00,0.000000000000000000e+00,0.000000000000000000e+00,0.000000000000000000e+00,-0.000000000000000000e+00,-0.000000000000000000e+00,0.000000000000000000e+00,0.000000000000000000e+00,0.000000000000000000e+00,0.000000000000000000e+00,0.000000000000000000e+00,0.000000000000000000e+00,0.000000000000000000e+00,0.000000000000000000e+00,0.000000000000000000e+00,0.000000000000000000e+00,-0.000000000000000000e+00,0.000000000000000000e+00,0.000000000000000000e+00,0.000000000000000000e+00,0.000000000000000000e+00,0.000000000000000000e+00,0.000000000000000000e+00,-0.000000000000000000e+00,0.000000000000000000e+00,0.000000000000000000e+00,0.000000000000000000e+00,0.000000000000000000e+00,0.000000000000000000e+00,0.000000000000000000e+00,0.000000000000000000e+00,0.000000000000000000e+00,0.000000000000000000e+00,0.000000000000000000e+00,0.000000000000000000e+00,-0.000000000000000000e+00,0.000000000000000000e+00,0.000000000000000000e+00,0.000000000000000000e+00,0.000000000000000000e+00,0.000000000000000000e+00,0.000000000000000000e+00,0.000000000000000000e+00,0.000000000000000000e+00,0.000000000000000000e+00,0.000000000000000000e+00,0.000000000000000000e+00,0.000000000000000000e+00,0.000000000000000000e+00,0.000000000000000000e+00,0.000000000000000000e+00,0.000000000000000000e+00,-0.000000000000000000e+00,-0.000000000000000000e+00,0.000000000000000000e+00,0.000000000000000000e+00,0.000000000000000000e+00,0.000000000000000000e+00,0.000000000000000000e+00,0.000000000000000000e+00,0.000000000000000000e+00,0.000000000000000000e+00,0.000000000000000000e+00,0.000000000000000000e+00,0.000000000000000000e+00,0.000000000000000000e+00,-0.000000000000000000e+00,0.000000000000000000e+00,0.000000000000000000e+00,0.000000000000000000e+00,0.000000000000000000e+00,-0.000000000000000000e+00,0.000000000000000000e+00,0.000000000000000000e+00,0.000000000000000000e+00,0.000000000000000000e+00,0.000000000000000000e+00,0.000000000000000000e+00,0.000000000000000000e+00,0.000000000000000000e+00,0.000000000000000000e+00,0.000000000000000000e+00,0.000000000000000000e+00,0.000000000000000000e+00,0.000000000000000000e+00,0.000000000000000000e+00,0.000000000000000000e+00,0.000000000000000000e+00,0.000000000000000000e+00,0.000000000000000000e+00,0.000000000000000000e+00,0.000000000000000000e+00,0.000000000000000000e+00,0.000000000000000000e+00,0.000000000000000000e+00,-0.000000000000000000e+00,0.000000000000000000e+00,0.000000000000000000e+00,0.000000000000000000e+00,0.000000000000000000e+00,0.000000000000000000e+00,0.000000000000000000e+00,0.000000000000000000e+00,-0.000000000000000000e+00,0.000000000000000000e+00,-0.000000000000000000e+00,0.000000000000000000e+00,0.000000000000000000e+00,0.000000000000000000e+00,0.000000000000000000e+00,0.000000000000000000e+00,0.000000000000000000e+00,0.000000000000000000e+00,0.000000000000000000e+00,0.000000000000000000e+00
Z_Loc,8.128999999999999559e-01,8.128999999999999559e-01,8.182000000000000384e-01,8.182000000000000384e-01,8.238999999999999657e-01,8.238999999999999657e-01,8.298999999999999710e-01,8.298999999999999710e-01,8.363000000000000433e-01,8.363000000000000433e-01,8.430999999999999606e-01,8.430999999999999606e-01,8.501999999999999558e-01,8.501999999999999558e-01,8.572999999999999510e-01,8.572999999999999510e-01,8.643999999999999462e-01,8.643999999999999462e-01,8.713999999999999524e-01,8.713999999999999524e-01,8.780999999999999917e-01,8.780999999999999917e-01,8.840999999999999970e-01,8.840999999999999970e-01,8.899000000000000243e-01,8.899000000000000243e-01,8.951000000000000068e-01,8.951000000000000068e-01,8.994999999999999662e-01,8.994999999999999662e-01,9.031000000000000139e-01,9.031000000000000139e-01,9.062000000000000055e-01,9.062000000000000055e-01,9.095999999999999641e-01,9.095999999999999641e-01,9.127999999999999448e-01,9.127999999999999448e-01,9.155999999999999694e-01,9.155999999999999694e-01,9.177999999999999492e-01,9.177999999999999492e-01,9.193999999999999950e-01,9.193999999999999950e-01,9.204999999999999849e-01,9.204999999999999849e-01,9.204999999999999849e-01,9.213000000000000078e-01,9.213000000000000078e-01,9.215999999999999748e-01,9.215999999999999748e-01,9.213000000000000078e-01,9.213000000000000078e-01,9.207999999999999519e-01,9.207999999999999519e-01,9.194999999999999840e-01,9.194999999999999840e-01,9.176999999999999602e-01,9.176999999999999602e-01,9.154999999999999805e-01,9.154999999999999805e-01,9.122000000000000108e-01,9.122000000000000108e-01,9.088000000000000522e-01,9.088000000000000522e-01,9.050000000000000266e-01,9.050000000000000266e-01,9.019000000000000350e-01,9.019000000000000350e-01,9.006999999999999451e-01,9.006999999999999451e-01,8.128999999999999559e-01,8.128999999999999559e-01,8.182000000000000384e-01,8.182000000000000384e-01,8.238999999999999657e-01,8.238999999999999657e-01,8.298999999999999710e-01,8.298999999999999710e-01,8.363000000000000433e-01,8.363000000000000433e-01,8.430999999999999606e-01,8.430999999999999606e-01,8.501999999999999558e-01,8.501999999999999558e-01,8.572999999999999510e-01,8.572999999999999510e-01,8.643999999999999462e-01,8.643999999999999462e-01,8.713999999999999524e-01,8.713999999999999524e-01,8.780999999999999917e-01,8.780999999999999917e-01,8.840999999999999970e-01,8.840999999999999970e-01,8.899000000000000243e-01,8.899000000000000243e-01,8.951000000000000068e-01,8.951000000000000068e-01,8.994999999999999662e-01,8.994999999999999662e-01,9.031000000000000139e-01,9.031000000000000139e-01,9.062000000000000055e-01,9.062000000000000055e-01,9.095999999999999641e-01,9.095999999999999641e-01,9.127999999999999448e-01,9.127999999999999448e-01,9.155999999999999694e-01,9.155999999999999694e-01,9.177999999999999492e-01,9.177999999999999492e-01,9.193999999999999950e-01,9.193999999999999950e-01,9.204999999999999849e-01,9.204999999999999849e-01,9.204999999999999849e-01,9.213000000000000078e-01,9.213000000000000078e-01,9.215999999999999748e-01,9.215999999999999748e-01,9.213000000000000078e-01,9.213000000000000078e-01,9.207999999999999519e-01,9.207999999999999519e-01,9.194999999999999840e-01,9.176999999999999602e-01,9.194999999999999840e-01,9.154999999999999805e-01,9.176999999999999602e-01,9.122000000000000108e-01,9.154999999999999805e-01,9.088000000000000522e-01,9.122000000000000108e-01,9.050000000000000266e-01,9.088000000000000522e-01,9.019000000000000350e-01,9.050000000000000266e-01,9.006999999999999451e-01,9.019000000000000350e-01,9.006999999999999451e-01,8.000000000000000444e-01,8.000000000000000444e-01,8.000000000000000444e-01,8.000000000000000444e-01,8.000000000000000444e-01,8.000000000000000444e-01,8.000000000000000444e-01,8.000000000000000444e-01,8.000000000000000444e-01,8.000000000000000444e-01,8.000000000000000444e-01,8.000000000000000444e-01,8.000000000000000444e-01,8.000000000000000444e-01,8.000000000000000444e-01,8.000000000000000444e-01,8.000000000000000444e-01,8.000000000000000444e-01,8.000000000000000444e-01,8.000000000000000444e-01,8.000000000000000444e-01,8.000000000000000444e-01,8.000000000000000444e-01,8.000000000000000444e-01,8.000000000000000444e-01,8.000000000000000444e-01,8.000000000000000444e-01,8.000000000000000444e-01,8.000000000000000444e-01,8.000000000000000444e-01,8.000000000000000444e-01,8.000000000000000444e-01,8.000000000000000444e-01,8.000000000000000444e-01,8.000000000000000444e-01,8.000000000000000444e-01,8.000000000000000444e-01,8.000000000000000444e-01,8.000000000000000444e-01,8.000000000000000444e-01,8.000000000000000444e-01,8.000000000000000444e-01,8.000000000000000444e-01,8.000000000000000444e-01,8.000000000000000444e-01,8.000000000000000444e-01,8.000000000000000444e-01,8.000000000000000444e-01,8.000000000000000444e-01,8.000000000000000444e-01,8.000000000000000444e-01,8.000000000000000444e-01,8.000000000000000444e-01,8.000000000000000444e-01,8.000000000000000444e-01,8.000000000000000444e-01,8.000000000000000444e-01,8.000000000000000444e-01,8.000000000000000444e-01,8.000000000000000444e-01,8.000000000000000444e-01,8.000000000000000444e-01,8.000000000000000444e-01,8.000000000000000444e-01,8.000000000000000444e-01,8.000000000000000444e-01,8.000000000000000444e-01,8.000000000000000444e-01,8.000000000000000444e-01,8.000000000000000444e-01,8.000000000000000444e-01,8.000000000000000444e-01,8.000000000000000444e-01,8.000000000000000444e-01,8.000000000000000444e-01,8.000000000000000444e-01,8.000000000000000444e-01,8.000000000000000444e-01,8.000000000000000444e-01,8.000000000000000444e-01,8.000000000000000444e-01,8.000000000000000444e-01,8.000000000000000444e-01,8.000000000000000444e-01,8.000000000000000444e-01,8.000000000000000444e-01,8.000000000000000444e-01,8.000000000000000444e-01,8.000000000000000444e-01,8.000000000000000444e-01,8.000000000000000444e-01,8.000000000000000444e-01,8.000000000000000444e-01,8.000000000000000444e-01,8.000000000000000444e-01,8.000000000000000444e-01,8.000000000000000444e-01,8.000000000000000444e-01,8.000000000000000444e-01,8.000000000000000444e-01,8.000000000000000444e-01,8.000000000000000444e-01,8.000000000000000444e-01,8.000000000000000444e-01,8.000000000000000444e-01,8.000000000000000444e-01,8.000000000000000444e-01,8.000000000000000444e-01,8.000000000000000444e-01,8.000000000000000444e-01,8.000000000000000444e-01,8.000000000000000444e-01,8.000000000000000444e-01,8.000000000000000444e-01,8.000000000000000444e-01,8.000000000000000444e-01,8.000000000000000444e-01,8.000000000000000444e-01,8.000000000000000444e-01,8.000000000000000444e-01,8.000000000000000444e-01,8.000000000000000444e-01,8.000000000000000444e-01,8.000000000000000444e-01,8.000000000000000444e-01,8.000000000000000444e-01,8.000000000000000444e-01,8.000000000000000444e-01,8.000000000000000444e-01,8.000000000000000444e-01,8.000000000000000444e-01,8.000000000000000444e-01,8.000000000000000444e-01,8.000000000000000444e-01,8.000000000000000444e-01,8.000000000000000444e-01,8.000000000000000444e-01,8.000000000000000444e-01,8.000000000000000444e-01,8.000000000000000444e-01,8.000000000000000444e-01,8.000000000000000444e-01,8.000000000000000444e-01,8.000000000000000444e-01,8.000000000000000444e-01,8.000000000000000444e-01,8.000000000000000444e-01,8.000000000000000444e-01,8.000000000000000444e-01,8.000000000000000444e-01,8.000000000000000444e-01,8.000000000000000444e-01,8.000000000000000444e-01,8.000000000000000444e-01,8.000000000000000444e-01,8.000000000000000444e-01,8.000000000000000444e-01,8.000000000000000444e-01,8.000000000000000444e-01,8.000000000000000444e-01,8.000000000000000444e-01,8.000000000000000444e-01,8.000000000000000444e-01,8.000000000000000444e-01,8.000000000000000444e-01,8.000000000000000444e-01,8.000000000000000444e-01,8.000000000000000444e-01,8.000000000000000444e-01,8.000000000000000444e-01,8.000000000000000444e-01,8.000000000000000444e-01,8.000000000000000444e-01,8.000000000000000444e-01,8.000000000000000444e-01,8.000000000000000444e-01,8.000000000000000444e-01,8.000000000000000444e-01,8.000000000000000444e-01,8.000000000000000444e-01,8.000000000000000444e-01,8.000000000000000444e-01,8.000000000000000444e-01,8.000000000000000444e-01,8.000000000000000444e-01,8.000000000000000444e-01,8.000000000000000444e-01,8.000000000000000444e-01,8.000000000000000444e-01,8.000000000000000444e-01,8.000000000000000444e-01,8.000000000000000444e-01,8.000000000000000444e-01,8.000000000000000444e-01,8.000000000000000444e-01,8.000000000000000444e-01,8.000000000000000444e-01,8.000000000000000444e-01,8.000000000000000444e-01,8.000000000000000444e-01,8.000000000000000444e-01,8.000000000000000444e-01,8.000000000000000444e-01,8.000000000000000444e-01,8.000000000000000444e-01,8.000000000000000444e-01,8.000000000000000444e-01,8.000000000000000444e-01,8.000000000000000444e-01,8.000000000000000444e-01,8.000000000000000444e-01,8.000000000000000444e-01,8.000000000000000444e-01,8.000000000000000444e-01,8.000000000000000444e-01,8.000000000000000444e-01,8.000000000000000444e-01,8.000000000000000444e-01,8.000000000000000444e-01,8.000000000000000444e-01,8.000000000000000444e-01,8.000000000000000444e-01,8.000000000000000444e-01,8.000000000000000444e-01,8.000000000000000444e-01,8.000000000000000444e-01,8.000000000000000444e-01,8.000000000000000444e-01,8.000000000000000444e-01,8.000000000000000444e-01,8.000000000000000444e-01,8.000000000000000444e-01,8.000000000000000444e-01,8.000000000000000444e-01,8.000000000000000444e-01,8.000000000000000444e-01,8.000000000000000444e-01,8.000000000000000444e-01,8.000000000000000444e-01,8.000000000000000444e-01,8.000000000000000444e-01,8.000000000000000444e-01,8.000000000000000444e-01,8.000000000000000444e-01,8.000000000000000444e-01,8.000000000000000444e-01,8.000000000000000444e-01,8.000000000000000444e-01,8.000000000000000444e-01,8.000000000000000444e-01,8.000000000000000444e-01,8.000000000000000444e-01,8.000000000000000444e-01,8.000000000000000444e-01,8.000000000000000444e-01,8.000000000000000444e-01,8.000000000000000444e-01,8.000000000000000444e-01,8.000000000000000444e-01,8.981999999999999984e-01,8.000000000000000444e-01,8.000000000000000444e-01,8.000000000000000444e-01,8.000000000000000444e-01,8.000000000000000444e-01,8.000000000000000444e-01,8.000000000000000444e-01,8.000000000000000444e-01,8.000000000000000444e-01,8.000000000000000444e-01,8.000000000000000444e-01,8.000000000000000444e-01,8.000000000000000444e-01,8.000000000000000444e-01,8.981999999999999984e-01,8.000000000000000444e-01,8.000000000000000444e-01,8.000000000000000444e-01,8.000000000000000444e-01,8.000000000000000444e-01,8.000000000000000444e-01,8.000000000000000444e-01,8.000000000000000444e-01,8.000000000000000444e-01,8.000000000000000444e-01,8.000000000000000444e-01,8.000000000000000444e-01,8.000000000000000444e-01,8.000000000000000444e-01,8.000000000000000444e-01,8.000000000000000444e-01,8.000000000000000444e-01,8.000000000000000444e-01,8.000000000000000444e-01,8.000000000000000444e-01,8.000000000000000444e-01,8.000000000000000444e-01,8.000000000000000444e-01,8.000000000000000444e-01,8.000000000000000444e-01,8.000000000000000444e-01,8.000000000000000444e-01,8.000000000000000444e-01,8.000000000000000444e-01,8.000000000000000444e-01,8.981999999999999984e-01,8.981999999999999984e-01,8.000000000000000444e-01,8.000000000000000444e-01,8.981999999999999984e-01,8.000000000000000444e-01,8.000000000000000444e-01,8.000000000000000444e-01,8.000000000000000444e-01,8.000000000000000444e-01,8.000000000000000444e-01,8.000000000000000444e-01,8.000000000000000444e-01,8.000000000000000444e-01,8.959000000000000297e-01,8.981999999999999984e-01,9.963999999999999524e-01,9.019000000000000350e-01,9.963999999999999524e-01,9.892999999999999572e-01,9.963999999999999524e-01,9.963999999999999524e-01,8.981999999999999984e-01,9.963999999999999524e-01,9.918000000000000149e-01,9.963999999999999524e-01,1.094600000000000017e+00,1.004000000000000004e+00,1.094600000000000017e+00,1.083800000000000097e+00,9.963999999999999524e-01,9.963999999999999524e-01,1.094600000000000017e+00,1.087599999999999900e+00,1.094600000000000017e+00,1.192900000000000071e+00,1.106200000000000072e+00,1.192900000000000071e+00,1.179000000000000048e+00,1.133899999999999908e+00,1.192900000000000071e+00,1.183200000000000029e+00,1.192900000000000071e+00,1.291099999999999914e+00,1.208499999999999908e+00,1.291099999999999914e+00,1.274100000000000010e+00,1.266499999999999959e+00,1.291099999999999914e+00,1.278799999999999937e+00,1.291099999999999914e+00,1.389299999999999979e+00,1.311099999999999932e+00,1.389299999999999979e+00,1.368100000000000094e+00,1.364700000000000024e+00,1.389299999999999979e+00,1.389299999999999979e+00,1.389299999999999979e+00,1.389299999999999979e+00,1.389299999999999979e+00,1.374300000000000077e+00,1.389299999999999979e+00,1.487500000000000044e+00,1.413799999999999946e+00,1.487500000000000044e+00,1.463200000000000056e+00,1.487500000000000044e+00,1.487500000000000044e+00,1.487500000000000044e+00,1.487500000000000044e+00,1.487500000000000044e+00,1.487500000000000044e+00,1.389299999999999979e+00,1.487500000000000044e+00,1.469700000000000006e+00,1.487500000000000044e+00,1.585700000000000109e+00,1.516699999999999937e+00,1.585700000000000109e+00,1.557199999999999918e+00,1.487500000000000044e+00,1.487500000000000044e+00,1.585700000000000109e+00,1.536599999999999966e+00,1.487500000000000044e+00,1.585700000000000109e+00,1.487500000000000044e+00,1.585700000000000109e+00,1.564999999999999947e+00,1.585700000000000109e+00,1.683899999999999952e+00,1.619799999999999907e+00,1.683899999999999952e+00,1.651499999999999968e+00,1.683899999999999952e+00,1.683899999999999952e+00,1.683899999999999952e+00,1.610300000000000065e+00,1.683899999999999952e+00,1.625000000000000000e+00,1.683899999999999952e+00,1.659999999999999920e+00,1.683899999999999952e+00,1.782100000000000017e+00,1.723200000000000065e+00,1.782100000000000017e+00,1.745300000000000074e+00,1.782100000000000017e+00,1.782100000000000017e+00,1.683899999999999952e+00,1.782100000000000017e+00,1.757600000000000051e+00,1.782100000000000017e+00,1.755200000000000093e+00,1.782100000000000017e+00,1.880400000000000071e+00,1.826799999999999979e+00,1.880400000000000071e+00,1.839199999999999946e+00,1.782100000000000017e+00,1.782100000000000017e+00,1.864000000000000101e+00,1.880400000000000071e+00,1.849900000000000100e+00,1.880400000000000071e+00,1.978599999999999914e+00,1.930600000000000094e+00,1.978599999999999914e+00,1.932199999999999918e+00,1.978599999999999914e+00,1.978599999999999914e+00,1.978599999999999914e+00,1.978599999999999914e+00,1.944700000000000095e+00,1.978599999999999914e+00,2.076799999999999979e+00,2.034800000000000164e+00,2.076799999999999979e+00,2.025999999999999801e+00,1.978599999999999914e+00,1.978599999999999914e+00,2.076799999999999979e+00,2.039299999999999891e+00,2.076799999999999979e+00,2.174999999999999822e+00,2.139200000000000212e+00,2.174999999999999822e+00,2.119000000000000217e+00,2.109500000000000153e+00,2.174999999999999822e+00,2.167400000000000215e+00,2.142300000000000093e+00,2.174999999999999822e+00,2.174999999999999822e+00,2.155400000000000205e+00,2.142300000000000093e+00,2.174999999999999822e+00,2.174999999999999822e+00,2.133700000000000152e+00,2.174999999999999822e+00,2.273200000000000109e+00,2.243900000000000006e+00,2.273200000000000109e+00,2.212699999999999889e+00,2.214300000000000157e+00,2.273200000000000109e+00,2.240499999999999936e+00,2.273200000000000109e+00,2.207699999999999996e+00,2.199600000000000222e+00,2.178100000000000147e+00,2.273200000000000109e+00,2.228000000000000203e+00,2.273200000000000109e+00,2.371399999999999952e+00,2.349000000000000199e+00,2.371399999999999952e+00,2.304399999999999782e+00,2.332100000000000062e+00,2.371399999999999952e+00,2.318499999999999783e+00,2.371399999999999952e+00,2.282700000000000173e+00,2.371399999999999952e+00,2.322099999999999831e+00,2.371399999999999952e+00,2.469599999999999795e+00,2.454400000000000137e+00,2.469599999999999795e+00,2.396900000000000031e+00,2.453300000000000036e+00,2.469599999999999795e+00,2.404199999999999893e+00,2.469599999999999795e+00,2.387799999999999923e+00,2.469599999999999795e+00,2.415799999999999947e+00,2.469599999999999795e+00,2.567899999999999849e+00,2.560299999999999798e+00,2.567899999999999849e+00,2.489300000000000068e+00,2.518699999999999939e+00,2.486000000000000210e+00,2.495800000000000018e+00,2.567899999999999849e+00,2.509700000000000042e+00,2.567899999999999849e+00,2.661300000000000221e+00,2.666100000000000136e+00,2.666100000000000136e+00,2.580600000000000005e+00,2.602899999999999991e+00,2.666100000000000136e+00,2.602899999999999991e+00,2.666100000000000136e+00,2.764299999999999979e+00,2.666500000000000092e+00,2.764299999999999979e+00,2.764299999999999979e+00,2.764299999999999979e+00,2.764299999999999979e+00,2.672600000000000087e+00,2.709700000000000220e+00,2.764299999999999979e+00,2.696400000000000130e+00,2.764299999999999979e+00,2.862499999999999822e+00,2.773600000000000065e+00,2.862499999999999822e+00,2.855500000000000149e+00,2.764299999999999979e+00,2.764299999999999979e+00,2.819300000000000139e+00,2.862499999999999822e+00,2.789000000000000146e+00,2.862499999999999822e+00,2.960700000000000109e+00,2.881299999999999972e+00,2.960700000000000109e+00,2.946299999999999919e+00,2.925399999999999778e+00,2.960700000000000109e+00,2.881699999999999928e+00,2.960700000000000109e+00,3.058899999999999952e+00,2.989500000000000046e+00,3.058899999999999952e+00,3.036500000000000199e+00,3.038499999999999979e+00,3.058899999999999952e+00,2.973599999999999799e+00,3.058899999999999952e+00,3.157099999999999795e+00,3.098599999999999799e+00,3.157099999999999795e+00,3.126900000000000013e+00,3.146700000000000053e+00,3.157099999999999795e+00,3.117900000000000116e+00,3.140800000000000036e+00,3.157099999999999795e+00,3.157099999999999795e+00,3.150100000000000122e+00,3.156200000000000117e+00,3.157099999999999795e+00,3.065999999999999837e+00,3.255399999999999849e+00,3.208299999999999930e+00,3.255399999999999849e+00,3.216200000000000170e+00,3.255399999999999849e+00,3.255399999999999849e+00,3.255399999999999849e+00,3.194900000000000073e+00,3.255399999999999849e+00,3.161900000000000155e+00,3.255399999999999849e+00,3.244000000000000217e+00,3.255399999999999849e+00,3.353600000000000136e+00,3.318599999999999994e+00,3.353600000000000136e+00,3.306299999999999795e+00,3.255399999999999849e+00,3.255399999999999849e+00,3.274999999999999911e+00,3.353600000000000136e+00,3.330499999999999794e+00,3.353600000000000136e+00,3.451799999999999979e+00,3.430499999999999883e+00,3.451799999999999979e+00,3.394899999999999807e+00,3.389800000000000146e+00,3.451799999999999979e+00,3.416100000000000136e+00,3.451799999999999979e+00,3.543000000000000149e+00,3.482699999999999907e+00,3.505599999999999827e+00,3.500599999999999934e+00
