Results_Name,VSPAERO_History
Results_Timestamp,1787753759
Results_Date,8,26,2026
Results_Time,19,45,59
Alpha,0.000000000000000000e+00,0.000000000000000000e+00,0.000000000000000000e+00,0.000000000000000000e+00,0.000000000000000000e+00,0.000000000000000000e+00,0.000000000000000000e+00,0.000000000000000000e+00,0.000000000000000000e+00,0.000000000000000000e+00,0.000000000000000000e+00,0.000000000000000000e+00,0.000000000000000000e+00,0.000000000000000000e+00,0.000000000000000000e+00,0.000000000000000000e+00,0.000000000000000000e+00,0.000000000000000000e+00,0.000000000000000000e+00,0.000000000000000000e+00
Beta,0.000000000000000000e+00,0.000000000000000000e+00,0.000000000000000000e+00,0.000000000000000000e+00,0.000000000000000000e+00,0.000000000000000000e+00,0.000000000000000000e+00,0.000000000000000000e+00,0.000000000000000000e+00,0.000000000000000000e+00,0.000000000000000000e+00,0.000000000000000000e+00,0.000000000000000000e+00,0.000000000000000000e+00,0.000000000000000000e+00,0.000000000000000000e+00,0.000000000000000000e+00,0.000000000000000000e+00,0.000000000000000000e+00,0.000000000000000000e+00
CDi,0.000000000000000000e+00,6.520908161300000006e-02,6.682646615899999476e-02,6.532658244000000280e-02,6.511364816999999638e-02,6.537210692099999776e-02,6.533576898500000063e-02,6.546965236500000562e-02,6.541605406299999537e-02,6.542651922200000414e-02,6.561141063200000290e-02,6.551976594399999687e-02,6.545287921400000375e-02,6.546081806400000369e-02,6.553281320800000143e-02,6.548918396099999428e-02,6.543208379999999880e-02,6.550281880500000153e-02,6.531175072700000361e-02,6.559060785400000482e-02
CDiw,0.000000000000000000e+00,5.412445545499999788e-02,5.433355385500000106e-02,5.298973050499999893e-02,5.312048615900000215e-02,5.318380535500000228e-02,5.310509647500000208e-02,5.308224740800000091e-02,5.322733949899999956e-02,5.321219850299999804e-02,5.332327229000000113e-02,5.323925068100000130e-02,5.313287821399999972e-02,5.331492563600000179e-02,5.322618982300000162e-02,5.319852736999999832e-02,5.324533920499999878e-02,5.329160339399999918e-02,5.318865821299999935e-02,5.324032372299999927e-02
CDo,1.171557173400000068e-02,1.857779290800000080e-02,1.856385436299999928e-02,1.851817718800000123e-02,1.851666186999999936e-02,1.851747269900000034e-02,1.851687594500000048e-02,1.851444414900000127e-02,1.851496981399999853e-02,1.851316728799999936e-02,1.851288593700000165e-02,1.850878339199999931e-02,1.850652900699999853e-02,1.851019435300000140e-02,1.850867598000000003e-02,1.851236058100000012e-02,1.851114468699999877e-02,1.850853397899999975e-02,1.850518300699999924e-02,1.850833163700000075e-02
CDtot,1.171557173400000068e-02,8.378687452100000432e-02,8.539032052200000444e-02,8.384475962800000404e-02,8.363031004000000268e-02,8.388957962000000157e-02,8.385264492999999764e-02,8.398409651400000342e-02,8.393102387699999389e-02,8.393968651000000003e-02,8.412429656900000108e-02,8.402854933599999965e-02,8.395940822099999534e-02,8.397101241700000163e-02,8.404148918800000145e-02,8.400154454300000351e-02,8.394322848700000450e-02,8.401135278400000128e-02,8.381693373399999591e-02,8.409893949100000210e-02
CDwtot,1.171557173400000068e-02,7.270224836300000215e-02,7.289740821800000381e-02,7.150790769300000016e-02,7.163714802899999456e-02,7.170127805400000609e-02,7.162197241999999908e-02,7.159669155700000565e-02,7.174230931300000502e-02,7.172536579100000087e-02,7.183615822699999931e-02,7.174803407299999713e-02,7.163940722099999825e-02,7.182511998899999972e-02,7.173486580299999471e-02,7.171088795100000191e-02,7.175648389199999755e-02,7.180013737399999763e-02,7.169384121999999859e-02,7.174865535999999655e-02
CFxi,0.000000000000000000e+00,6.520908161300000006e-02,6.682646615899999476e-02,6.532658244000000280e-02,6.511364816999999638e-02,6.537210692099999776e-02,6.533576898500000063e-02,6.546965236500000562e-02,6.541605406299999537e-02,6.542651922200000414e-02,6.561141063200000290e-02,6.551976594399999687e-02,6.545287921400000375e-02,6.546081806400000369e-02,6.553281320800000143e-02,6.548918396099999428e-02,6.543208379999999880e-02,6.550281880500000153e-02,6.531175072700000361e-02,6.559060785400000482e-02
CFxiw,0.000000000000000000e+00,5.412445545499999788e-02,5.433355385500000106e-02,5.298973050499999893e-02,5.312048615900000215e-02,5.318380535500000228e-02,5.310509647500000208e-02,5.308224740800000091e-02,5.322733949899999956e-02,5.321219850299999804e-02,5.332327229000000113e-02,5.323925068100000130e-02,5.313287821399999972e-02,5.331492563600000179e-02,5.322618982300000162e-02,5.319852736999999832e-02,5.324533920499999878e-02,5.329160339399999918e-02,5.318865821299999935e-02,5.324032372299999927e-02
CFxo,1.171557173400000068e-02,1.857779290800000080e-02,1.856385436299999928e-02,1.851817718800000123e-02,1.851666186999999936e-02,1.851747269900000034e-02,1.851687594500000048e-02,1.851444414900000127e-02,1.851496981399999853e-02,1.851316728799999936e-02,1.851288593700000165e-02,1.850878339199999931e-02,1.850652900699999853e-02,1.851019435300000140e-02,1.850867598000000003e-02,1.851236058100000012e-02,1.851114468699999877e-02,1.850853397899999975e-02,1.850518300699999924e-02,1.850833163700000075e-02
CFxtot,1.171557173400000068e-02,8.378687452100000432e-02,8.539032052200000444e-02,8.384475962800000404e-02,8.363031004000000268e-02,8.388957962000000157e-02,8.385264492999999764e-02,8.398409651400000342e-02,8.393102387699999389e-02,8.393968651000000003e-02,8.412429656900000108e-02,8.402854933599999965e-02,8.395940822099999534e-02,8.397101241700000163e-02,8.404148918800000145e-02,8.400154454300000351e-02,8.394322848700000450e-02,8.401135278400000128e-02,8.381693373399999591e-02,8.409893949100000210e-02
CFxwtot,1.171557173400000068e-02,7.270224836300000215e-02,7.289740821800000381e-02,7.150790769300000016e-02,7.163714802899999456e-02,7.170127805400000609e-02,7.162197241999999908e-02,7.159669155700000565e-02,7.174230931300000502e-02,7.172536579100000087e-02,7.183615822699999931e-02,7.174803407299999713e-02,7.163940722099999825e-02,7.182511998899999972e-02,7.173486580299999471e-02,7.171088795100000191e-02,7.175648389199999755e-02,7.180013737399999763e-02,7.169384121999999859e-02,7.174865535999999655e-02
CFyi,0.000000000000000000e+00,2.203091600000000108e-03,3.017669170999999918e-03,3.509327226999999980e-03,3.910588401000000131e-03,3.912005133999999981e-03,4.150508724000000378e-03,4.177070782000000086e-03,4.345445479999999680e-03,4.000504398999999919e-03,3.868334005000000162e-03,3.895297984999999789e-03,3.854524642999999830e-03,3.814781606999999904e-03,4.084890308000000379e-03,3.897735304999999911e-03,3.841463463000000141e-03,3.858149537999999972e-03,3.919010690999999956e-03,4.066169463000000005e-03
CFyiw,0.000000000000000000e+00,3.107905225000000184e-03,3.882444672999999999e-03,4.458390072999999718e-03,5.063657989999999567e-03,5.169689235999999806e-03,5.130558466000000213e-03,5.228641374999999820e-03,5.028660550000000305e-03,4.837137327999999591e-03,4.943123128000000144e-03,5.017680033999999921e-03,5.112543310999999834e-03,4.748333920000000208e-03,4.950787927999999657e-03,4.865548378999999708e-03,4.885159334000000429e-03,4.921639513000000341e-03,5.033951769000000014e-03,5.025848004999999841e-03
CFyo,-9.466499999999999436e-08,-2.200410000000000048e-07,-2.166630000000000125e-07,-2.145370000000000105e-07,-2.206480000000000048e-07,-2.170919999999999960e-07,-2.139220000000000014e-07,-2.135350000000000126e-07,-2.139510000000000078e-07,-2.137229999999999875e-07,-2.141299999999999990e-07,-2.154599999999999984e-07,-2.155800000000000021e-07,-2.111549999999999873e-07,-2.156520000000000043e-07,-2.148299999999999987e-07,-2.133410000000000043e-07,-2.122280000000000128e-07,-2.144600000000000026e-07,-2.134989999999999982e-07
CFytot,-9.466499999999999436e-08,2.202871559999999840e-03,3.017452508000000033e-03,3.509112689999999840e-03,3.910367752999999690e-03,3.911788042000000076e-03,4.150294801000000387e-03,4.176857247999999842e-03,4.345231528999999801e-03,4.000290675999999997e-03,3.868119875000000131e-03,3.895082524999999869e-03,3.854309062999999955e-03,3.814570452000000129e-03,4.084674655999999925e-03,3.897520474000000078e-03,3.841250121999999993e-03,3.857937310000000147e-03,3.918796230000000380e-03,4.065955964000000054e-03
CFywtot,-9.466499999999999436e-08,3.107685184999999916e-03,3.882228011000000110e-03,4.458175535999999578e-03,5.063437343000000423e-03,5.169472143000000339e-03,5.130344543999999785e-03,5.228427840000000014e-03,5.028446599000000426e-03,4.836923604999999668e-03,4.942908997999999679e-03,5.017464574999999996e-03,5.112327730999999958e-03,4.748122765000000432e-03,4.950572276000000070e-03,4.865333547999999876e-03,4.884945992999999848e-03,4.921427285000000082e-03,5.033737309000000000e-03,5.025634505999999890e-03
CFzi,0.000000000000000000e+00,1.122364385930999964e+00,1.119361553819000044e+00,1.113762830401999970e+00,1.113660905716000071e+00,1.113974776424000002e+00,1.113991069874000095e+00,1.113440864927000007e+00,1.113463264541999953e+00,1.113469443825999994e+00,1.113985373173000060e+00,1.113422057698999934e+00,1.113031744259000089e+00,1.113504635623999928e+00,1.113306209572000105e+00,1.113685942553999997e+00,1.113335111497999907e+00,1.113059000383999964e+00,1.112432227490999903e+00,1.113451430540000064e+00
CFziw,0.000000000000000000e+00,1.129123598617000068e+00,1.124573995315000019e+00,1.119053872722999943e+00,1.118917277173999913e+00,1.118789161202000004e+00,1.118833365391999957e+00,1.118230770410000074e+00,1.118455975869999897e+00,1.118342308896000059e+00,1.118523226476000110e+00,1.118050850236000038e+00,1.117731278798999917e+00,1.118418310333000099e+00,1.118042762168000026e+00,1.118552190251000056e+00,1.118278392397999976e+00,1.118113771134999990e+00,1.117314140318000026e+00,1.117948047567000058e+00
CFzo,-7.756761079999999935e-04,-1.346895566999999983e-03,-1.345390264999999936e-03,-1.340576311000000066e-03,-1.340864286999999926e-03,-1.341121592000000043e-03,-1.341103251000000038e-03,-1.340875135999999943e-03,-1.341016625000000101e-03,-1.340870244999999971e-03,-1.340751095000000106e-03,-1.340399722000000082e-03,-1.340296800999999987e-03,-1.340726655999999965e-03,-1.340476283999999900e-03,-1.340809437000000087e-03,-1.340674249999999901e-03,-1.340429331999999944e-03,-1.340138434000000050e-03,-1.340426382000000022e-03
CFztot,-7.756761079999999935e-04,1.121017490364000002e+00,1.118016163555000109e+00,1.112422254091000040e+00,1.112320041428999984e+00,1.112633654831999941e+00,1.112649966623000086e+00,1.112099989790999999e+00,1.112122247917000095e+00,1.112128573581000035e+00,1.112644622077999967e+00,1.112081657977000093e+00,1.111691447459000059e+00,1.112163908967999992e+00,1.111965733287999969e+00,1.112345133117000007e+00,1.111994437247999956e+00,1.111718571051999893e+00,1.111092089056999965e+00,1.112111004158000016e+00
CFzwtot,-7.756761079999999935e-04,1.127776703050000107e+00,1.123228605049999995e+00,1.117713296412000012e+00,1.117576412885999959e+00,1.117448039609999944e+00,1.117492262140999948e+00,1.116889895274000066e+00,1.117114959245000039e+00,1.117001438651000100e+00,1.117182475381000017e+00,1.116710450513000108e+00,1.116390981999000109e+00,1.117077583678000030e+00,1.116702285883999890e+00,1.117211380814999933e+00,1.116937718148000025e+00,1.116773341802000052e+00,1.115974001884000089e+00,1.116607621185000010e+00
CLi,0.000000000000000000e+00,1.122364385930999964e+00,1.119361553819000044e+00,1.113762830401999970e+00,1.113660905716000071e+00,1.113974776424000002e+00,1.113991069874000095e+00,1.113440864927000007e+00,1.113463264541999953e+00,1.113469443825999994e+00,1.113985373173000060e+00,1.113422057698999934e+00,1.113031744259000089e+00,1.113504635623999928e+00,1.113306209572000105e+00,1.113685942553999997e+00,1.113335111497999907e+00,1.113059000383999964e+00,1.112432227490999903e+00,1.113451430540000064e+00
CLiw,0.000000000000000000e+00,1.129123598617000068e+00,1.124573995315000019e+00,1.119053872722999943e+00,1.118917277173999913e+00,1.118789161202000004e+00,1.118833365391999957e+00,1.118230770410000074e+00,1.118455975869999897e+00,1.118342308896000059e+00,1.118523226476000110e+00,1.118050850236000038e+00,1.117731278798999917e+00,1.118418310333000099e+00,1.118042762168000026e+00,1.118552190251000056e+00,1.118278392397999976e+00,1.118113771134999990e+00,1.117314140318000026e+00,1.117948047567000058e+00
CLo,-7.756761079999999935e-04,-1.346895566999999983e-03,-1.345390264999999936e-03,-1.340576311000000066e-03,-1.340864286999999926e-03,-1.341121592000000043e-03,-1.341103251000000038e-03,-1.340875135999999943e-03,-1.341016625000000101e-03,-1.340870244999999971e-03,-1.340751095000000106e-03,-1.340399722000000082e-03,-1.340296800999999987e-03,-1.340726655999999965e-03,-1.340476283999999900e-03,-1.340809437000000087e-03,-1.340674249999999901e-03,-1.340429331999999944e-03,-1.340138434000000050e-03,-1.340426382000000022e-03
CLtot,-7.756761079999999935e-04,1.121017490364000002e+00,1.118016163555000109e+00,1.112422254091000040e+00,1.112320041428999984e+00,1.112633654831999941e+00,1.112649966623000086e+00,1.112099989790999999e+00,1.112122247917000095e+00,1.112128573581000035e+00,1.112644622077999967e+00,1.112081657977000093e+00,1.111691447459000059e+00,1.112163908967999992e+00,1.111965733287999969e+00,1.112345133117000007e+00,1.111994437247999956e+00,1.111718571051999893e+00,1.111092089056999965e+00,1.112111004158000016e+00
CLwtot,-7.756761079999999935e-04,1.127776703050000107e+00,1.123228605049999995e+00,1.117713296412000012e+00,1.117576412885999959e+00,1.117448039609999944e+00,1.117492262140999948e+00,1.116889895274000066e+00,1.117114959245000039e+00,1.117001438651000100e+00,1.117182475381000017e+00,1.116710450513000108e+00,1.116390981999000109e+00,1.117077583678000030e+00,1.116702285883999890e+00,1.117211380814999933e+00,1.116937718148000025e+00,1.116773341802000052e+00,1.115974001884000089e+00,1.116607621185000010e+00
CMxi,0.000000000000000000e+00,2.871680824999999892e-03,2.618248641000000144e-03,2.467557974000000008e-03,2.384769023000000033e-03,2.330623489000000197e-03,2.263479759000000101e-03,2.198596590999999951e-03,2.242536405999999947e-03,2.260586917999999994e-03,2.201478782000000113e-03,2.212644348000000066e-03,2.265250260000000165e-03,2.217328107000000187e-03,2.155400871000000013e-03,2.147599278999999788e-03,2.160346331000000033e-03,2.251338728999999986e-03,2.251742906000000002e-03,2.238811635999999900e-03
CMxo,-1.576000000000000017e-08,-1.972907000000000184e-06,-1.841918999999999991e-06,-1.741172000000000022e-06,-1.741327000000000065e-06,-1.721135000000000039e-06,-1.707239999999999980e-06,-1.675983999999999902e-06,-1.689094000000000103e-06,-1.662251000000000079e-06,-1.655125999999999914e-06,-1.657390999999999968e-06,-1.683844000000000026e-06,-1.647707000000000105e-06,-1.637921999999999994e-06,-1.632993999999999912e-06,-1.637545999999999991e-06,-1.668770000000000033e-06,-1.668703000000000090e-06,-1.654594000000000052e-06
CMxtot,-1.576000000000000017e-08,2.869707917999999788e-03,2.616406722000000091e-03,2.465816801999999846e-03,2.383027696000000056e-03,2.328902354000000202e-03,2.261772519000000096e-03,2.196920606999999952e-03,2.240847311999999859e-03,2.258924666000000202e-03,2.199823656000000037e-03,2.210986956999999933e-03,2.263566415999999915e-03,2.215680399999999956e-03,2.153762949000000149e-03,2.145966285000000182e-03,2.158708785999999963e-03,2.249669958999999785e-03,2.250074201999999971e-03,2.237157042999999863e-03
CMyi,0.000000000000000000e+00,-8.037188501230000393e-01,-7.964006511450000270e-01,-7.868464632260000480e-01,-7.893517178350000219e-01,-7.907705857300000307e-01,-7.913550625049999843e-01,-7.896448398450000017e-01,-7.901699502989999457e-01,-7.906217570829999763e-01,-7.913196725729999548e-01,-7.903785986029999711e-01,-7.903541605739999865e-01,-7.921019947540000050e-01,-7.910300874979999675e-01,-7.916164157620000363e-01,-7.905403190209999709e-01,-7.899462604050000447e-01,-7.887592963770000409e-01,-7.910702749970000003e-01
CMyo,7.066636341000000210e-03,1.076777466900000028e-02,1.075830220299999959e-02,1.072798352900000002e-02,1.072978995199999966e-02,1.073127471400000046e-02,1.073098713200000033e-02,1.072910948999999947e-02,1.072974426599999920e-02,1.072895510799999966e-02,1.072893103899999999e-02,1.072650424299999988e-02,1.072565814699999974e-02,1.072851727500000012e-02,1.072685769200000007e-02,1.072909746299999939e-02,1.072805789299999951e-02,1.072621692299999957e-02,1.072413959999999993e-02,1.072647518800000019e-02
CMytot,7.066636341000000210e-03,-7.929510754540000095e-01,-7.856423489420000239e-01,-7.761184796969999855e-01,-7.786219278829999979e-01,-7.800393110159999921e-01,-7.806240753730000481e-01,-7.789157303549999467e-01,-7.794402060330000159e-01,-7.798928019749999940e-01,-7.805907415339999877e-01,-7.796520943600000475e-01,-7.796285024269999919e-01,-7.813734774789999893e-01,-7.803032298059999761e-01,-7.808873182990000439e-01,-7.798122611279999505e-01,-7.792200434830000022e-01,-7.780351567769999699e-01,-7.803437998090000383e-01
CMzi,0.000000000000000000e+00,1.043139915000000032e-03,1.369083995000000033e-03,1.552031529999999991e-03,1.698841009999999940e-03,1.681294104000000079e-03,1.803778894999999915e-03,1.827700839999999924e-03,1.881522551000000022e-03,1.678658841000000082e-03,1.673981923999999944e-03,1.690503184000000016e-03,1.662712657999999974e-03,1.671463161999999988e-03,1.771708932000000056e-03,1.694667900000000052e-03,1.684603920000000022e-03,1.671206080000000064e-03,1.707148608000000085e-03,1.759474349999999923e-03
CMzo,-3.734520000000000012e-07,-2.488882200000000150e-05,-2.300491899999999922e-05,-2.169359600000000086e-05,-2.155356000000000036e-05,-2.121472400000000102e-05,-2.101202699999999858e-05,-2.050667999999999998e-05,-2.066453299999999868e-05,-2.041617799999999926e-05,-2.024434600000000114e-05,-2.030120600000000114e-05,-2.072084099999999869e-05,-2.020428899999999889e-05,-1.992453100000000021e-05,-1.983859800000000131e-05,-2.002245500000000039e-05,-2.046897100000000071e-05,-2.046146399999999868e-05,-2.035335099999999994e-05
CMztot,-3.734520000000000012e-07,1.018251094000000023e-03,1.346079075999999939e-03,1.530337934000000058e-03,1.677287448999999903e-03,1.660079380000000068e-03,1.782766868000000083e-03,1.807194161000000038e-03,1.860858018000000101e-03,1.658242663000000046e-03,1.653737578000000034e-03,1.670201978000000059e-03,1.641991816999999968e-03,1.651258874000000043e-03,1.751784401000000069e-03,1.674829301999999952e-03,1.664581464999999923e-03,1.650737108999999992e-03,1.686687143999999940e-03,1.739120998999999943e-03
CSi,0.000000000000000000e+00,2.203091600000000108e-03,3.017669170999999918e-03,3.509327226999999980e-03,3.910588401000000131e-03,3.912005133999999981e-03,4.150508724000000378e-03,4.177070782000000086e-03,4.345445479999999680e-03,4.000504398999999919e-03,3.868334005000000162e-03,3.895297984999999789e-03,3.854524642999999830e-03,3.814781606999999904e-03,4.084890308000000379e-03,3.897735304999999911e-03,3.841463463000000141e-03,3.858149537999999972e-03,3.919010690999999956e-03,4.066169463000000005e-03
CSiw,0.000000000000000000e+00,3.107905225000000184e-03,3.882444672999999999e-03,4.458390072999999718e-03,5.063657989999999567e-03,5.169689235999999806e-03,5.130558466000000213e-03,5.228641374999999820e-03,5.028660550000000305e-03,4.837137327999999591e-03,4.943123128000000144e-03,5.017680033999999921e-03,5.112543310999999834e-03,4.748333920000000208e-03,4.950787927999999657e-03,4.865548378999999708e-03,4.885159334000000429e-03,4.921639513000000341e-03,5.033951769000000014e-03,5.025848004999999841e-03
CSo,-9.466499999999999436e-08,-2.200410000000000048e-07,-2.166630000000000125e-07,-2.145370000000000105e-07,-2.206480000000000048e-07,-2.170919999999999960e-07,-2.139220000000000014e-07,-2.135350000000000126e-07,-2.139510000000000078e-07,-2.137229999999999875e-07,-2.141299999999999990e-07,-2.154599999999999984e-07,-2.155800000000000021e-07,-2.111549999999999873e-07,-2.156520000000000043e-07,-2.148299999999999987e-07,-2.133410000000000043e-07,-2.122280000000000128e-07,-2.144600000000000026e-07,-2.134989999999999982e-07
CStot,-9.466499999999999436e-08,2.202871559999999840e-03,3.017452508000000033e-03,3.509112689999999840e-03,3.910367752999999690e-03,3.911788042000000076e-03,4.150294801000000387e-03,4.176857247999999842e-03,4.345231528999999801e-03,4.000290675999999997e-03,3.868119875000000131e-03,3.895082524999999869e-03,3.854309062999999955e-03,3.814570452000000129e-03,4.084674655999999925e-03,3.897520474000000078e-03,3.841250121999999993e-03,3.857937310000000147e-03,3.918796230000000380e-03,4.065955964000000054e-03
CSwtot,-9.466499999999999436e-08,3.107685184999999916e-03,3.882228011000000110e-03,4.458175535999999578e-03,5.063437343000000423e-03,5.169472143000000339e-03,5.130344543999999785e-03,5.228427840000000014e-03,5.028446599000000426e-03,4.836923604999999668e-03,4.942908997999999679e-03,5.017464574999999996e-03,5.112327730999999958e-03,4.748122765000000432e-03,4.950572276000000070e-03,4.865333547999999876e-03,4.884945992999999848e-03,4.921427285000000082e-03,5.033737309000000000e-03,5.025634505999999890e-03
E,0.000000000000000000e+00,6.858726671439999700e-01,6.656962363030000107e-01,6.741853735780000134e-01,6.762662982160000391e-01,6.739723146089999783e-01,6.743668859460000276e-01,6.723232079240000214e-01,6.729011457460000178e-01,6.728009807839999690e-01,6.715269191639999802e-01,6.717862784729999870e-01,6.720013892520000365e-01,6.724909669280000335e-01,6.715127696239999722e-01,6.724186053899999793e-01,6.725814494840000046e-01,6.715219404100000178e-01,6.727281847110000434e-01,6.710961143270000040e-01
Ew,0.000000000000000000e+00,8.363214837900000420e-01,8.264028109509999886e-01,8.390620968930000423e-01,8.367924313100000289e-01,8.356047826500000442e-01,8.369093909839999679e-01,8.363679846899999548e-01,8.344241293890000133e-01,8.344919142519999777e-01,8.330231014019999769e-01,8.336332009369999962e-01,8.348247025589999870e-01,8.329972240559999630e-01,8.338256971780000359e-01,8.350196958919999801e-01,8.338771887379999859e-01,8.329079944030000071e-01,8.333268600859999875e-01,8.334631074639999859e-01
FC_AoA_,0.000000000000000000e+00
FC_Beta_,0.000000000000000000e+00
FC_Bref_,1.639999999999999858e+01
FC_Cref_,1.881000000000000005e+00
FC_Mach_,6.339999999999999802e-02
FC_Pitch_Rate,0.000000000000000000e+00
FC_ReCref_,2.410000000000000000e+06
FC_Rho_,1.225000000000000089e+00
FC_Roll__Rate,0.000000000000000000e+00
FC_Sref_,3.000000340000000065e+01
FC_Vinf_,2.216000000000000014e+01
FC_Xcg_,3.373740000000000183e+00
FC_Yaw___Rate,0.000000000000000000e+00
FC_Ycg_,0.000000000000000000e+00
FC_Zcg_,0.000000000000000000e+00
L/D,0.000000000000000000e+00,1.339546787426099961e+01,1.310876393222999958e+01,1.328363078799000085e+01,1.331647467503700000e+01,1.327906018208100036e+01,1.328510353855200066e+01,1.325775844650499913e+01,1.326640869016100055e+01,1.326511320350999945e+01,1.324213596549200034e+01,1.325052100151500056e+01,1.325678405606000076e+01,1.326058366532400079e+01,1.324710235771300049e+01,1.325792220391499932e+01,1.326295320728999982e+01,1.324891176610299937e+01,1.327216563442799924e+01,1.323977968423099938e+01
L/Dw,0.000000000000000000e+00,1.553079339410800053e+01,1.542680354221699979e+01,1.564937233983700082e+01,1.561923259041700085e+01,1.560347585930700021e+01,1.562137047595800077e+01,1.561846987738199921e+01,1.558990763715000050e+01,1.559200565330399968e+01,1.557047668024200071e+01,1.558301721686500052e+01,1.560218491688499931e+01,1.557140886783700040e+01,1.558576502020300047e+01,1.559808032247200060e+01,1.558435324227800045e+01,1.557258540212700026e+01,1.558452052923600029e+01,1.558144946359700000e+01
Mach,6.339999999999999802e-02,6.339999999999999802e-02,6.339999999999999802e-02,6.339999999999999802e-02,6.339999999999999802e-02,6.339999999999999802e-02,6.339999999999999802e-02,6.339999999999999802e-02,6.339999999999999802e-02,6.339999999999999802e-02,6.339999999999999802e-02,6.339999999999999802e-02,6.339999999999999802e-02,6.339999999999999802e-02,6.339999999999999802e-02,6.339999999999999802e-02,6.339999999999999802e-02,6.339999999999999802e-02,6.339999999999999802e-02,6.339999999999999802e-02
T/QS,0.000000000000000000e+00,0.000000000000000000e+00,0.000000000000000000e+00,0.000000000000000000e+00,0.000000000000000000e+00,0.000000000000000000e+00,0.000000000000000000e+00,0.000000000000000000e+00,0.000000000000000000e+00,0.000000000000000000e+00,0.000000000000000000e+00,0.000000000000000000e+00,0.000000000000000000e+00,0.000000000000000000e+00,0.000000000000000000e+00,0.000000000000000000e+00,0.000000000000000000e+00,0.000000000000000000e+00,0.000000000000000000e+00,0.000000000000000000e+00
WakeIter,1,2,3,4,5,6,7,8,9,10,11,12,13,14,15,16,17,18,19,20
WallTime,1.758499999999200014e+01,4.168399999999400052e+01,6.613700000000200419e+01,9.023600000000399746e+01,1.143040000000039953e+02,1.384569999999949914e+02,1.638410000000000082e+02,1.882409999999950116e+02,2.138270000000050004e+02,2.384630000000030066e+02,2.629489999999930205e+02,2.884409999999920160e+02,3.143549999999959823e+02,3.392170000000040204e+02,3.638739999999959878e+02,3.883879999999920187e+02,4.130849999999920215e+02,4.380869999999999891e+02,4.630819999999949914e+02,4.932609999999990009e+02
log10( L2Residual ),4.286603079040000042e-01,-5.987100870739999747e-01,-5.377604429879999648e-01,-7.597092772760000168e-01,-8.782404258610000403e-01,-1.046630201776999947e+00,-1.044705066482999989e+00,-1.046893929943000012e+00,-1.062161490368999983e+00,-1.112144533965000015e+00,-1.112574067434999980e+00,-1.141477807985999959e+00,-1.110451497479000071e+00,-1.065236104363999958e+00,-1.084937004099999935e+00,-1.116189313053000065e+00,-1.140631049190999891e+00,-1.135765998891000050e+00,-1.044594472798999973e+00,-1.111108132997000064e+00
log10( MaxResidual ),1.344729242544000059e+00,1.113634628006999971e+00,1.007109510400000074e+00,9.268702596950000316e-01,8.420307094900000289e-01,7.532782094300000120e-01,6.616243581770000493e-01,6.218815438360000281e-01,4.349982211710000102e-01,4.617428463059999877e-01,3.634129801780000002e-01,5.631072765210000108e-01,4.549512369950000079e-01,4.566728386319999777e-01,4.942840870669999997e-01,4.030679560620000212e-01,3.645573402839999977e-01,3.484641907270000227e-01,5.659671686970000337e-01,2.656277488239999762e-01
Results_Name,VSPAERO_Polar
Results_Timestamp,1787753759
Results_Date,8,26,2026
Results_Time,19,45,59
Alpha,0.000000000000000000e+00
Beta,0.000000000000000000e+00
CDi,6.559060785400000482e-02
CDiw,5.324032372299999927e-02
CDo,1.850833163700000075e-02
CDtot,8.409893949100000210e-02
CDwtot,7.174865535999999655e-02
CFix,6.559060785400000482e-02
CFiy,4.066169463000000005e-03
CFiz,1.113451430540000064e+00
CFox,1.850833163700000075e-02
CFoy,-2.134989999999999982e-07
CFoz,-1.340426382000000022e-03
CFxtot,8.409893949100000210e-02
CFytot,4.065955964000000054e-03
CFztot,1.112111004158000016e+00
CLi,1.113451430540000064e+00
CLiw,1.117948047567000058e+00
CLo,-1.340426382000000022e-03
CLtot,1.112111004158000016e+00
CLwtot,1.116607621185000010e+00
CMix,2.238811635999999900e-03
CMiy,-7.910702749970000003e-01
CMiz,1.759474349999999923e-03
CMox,-1.654594000000000052e-06
CMoy,1.072647518800000019e-02
CMoz,-2.035335099999999994e-05
CMxtot,2.237157042999999863e-03
CMytot,-7.803437998090000383e-01
CMztot,1.739120998999999943e-03
CSi,4.066169463000000005e-03
CSiw,5.025848004999999841e-03
CSo,-2.134989999999999982e-07
CStot,4.065955964000000054e-03
CSwtot,5.025634505999999890e-03
E,6.694812913580000524e-01
Ew,6.694812913580000524e-01
L_D,1.322384100070300050e+01
L_Dw,1.322384100070300050e+01
Mach,6.339999999999999802e-02
Re_1e6,2.410000000000000142e+00
StallFactor,1.000000000000000000e+00
Results_Name,VSPAERO_Load
Results_Timestamp,1787753759
Results_Date,8,26,2026
Results_Time,19,45,59
Angle ,0.000000000000000000e+00,0.000000000000000000e+00,0.000000000000000000e+00,0.000000000000000000e+00,0.000000000000000000e+00,0.000000000000000000e+00,0.000000000000000000e+00,0.000000000000000000e+00,0.000000000000000000e+00,0.000000000000000000e+00,0.000000000000000000e+00,0.000000000000000000e+00,0.000000000000000000e+00,0.000000000000000000e+00,0.000000000000000000e+00,0.000000000000000000e+00,0.000000000000000000e+00,0.000000000000000000e+00,0.000000000000000000e+00,0.000000000000000000e+00,0.000000000000000000e+00,0.000000000000000000e+00,0.000000000000000000e+00,0.000000000000000000e+00,0.000000000000000000e+00,0.000000000000000000e+00,0.000000000000000000e+00,0.000000000000000000e+00,0.000000000000000000e+00,0.000000000000000000e+00,0.000000000000000000e+00,0.000000000000000000e+00,0.000000000000000000e+00,0.000000000000000000e+00,0.000000000000000000e+00,0.000000000000000000e+00,0.000000000000000000e+00,0.000000000000000000e+00,0.000000000000000000e+00,0.000000000000000000e+00,0.000000000000000000e+00,0.000000000000000000e+00,0.000000000000000000e+00,0.000000000000000000e+00,0.000000000000000000e+00,0.000000000000000000e+00,0.000000000000000000e+00,0.000000000000000000e+00,0.000000000000000000e+00,0.000000000000000000e+00,0.000000000000000000e+00,0.000000000000000000e+00,0.000000000000000000e+00,0.000000000000000000e+00,0.000000000000000000e+00,0.000000000000000000e+00,0.000000000000000000e+00,0.000000000000000000e+00,0.000000000000000000e+00,0.000000000000000000e+00,0.000000000000000000e+00,0.000000000000000000e+00,0.000000000000000000e+00,0.000000000000000000e+00,0.000000000000000000e+00,0.000000000000000000e+00,0.000000000000000000e+00,0.000000000000000000e+00,0.000000000000000000e+00,0.000000000000000000e+00,0.000000000000000000e+00,0.000000000000000000e+00,0.000000000000000000e+00,0.000000000000000000e+00,0.000000000000000000e+00,0.000000000000000000e+00,0.000000000000000000e+00,0.000000000000000000e+00,0.000000000000000000e+00,0.000000000000000000e+00,0.000000000000000000e+00,0.000000000000000000e+00,0.000000000000000000e+00,0.000000000000000000e+00,0.000000000000000000e+00,0.000000000000000000e+00,0.000000000000000000e+00,0.000000000000000000e+00,0.000000000000000000e+00,0.000000000000000000e+00,0.000000000000000000e+00,0.000000000000000000e+00,0.000000000000000000e+00,0.000000000000000000e+00,0.000000000000000000e+00,0.000000000000000000e+00,0.000000000000000000e+00,0.000000000000000000e+00,0.000000000000000000e+00,0.000000000000000000e+00,0.000000000000000000e+00,0.000000000000000000e+00,0.000000000000000000e+00,0.000000000000000000e+00,0.000000000000000000e+00,0.000000000000000000e+00,0.000000000000000000e+00,0.000000000000000000e+00,0.000000000000000000e+00,0.000000000000000000e+00,0.000000000000000000e+00,0.000000000000000000e+00,0.000000000000000000e+00,0.000000000000000000e+00,0.000000000000000000e+00,0.000000000000000000e+00,0.000000000000000000e+00,0.000000000000000000e+00,0.000000000000000000e+00,0.000000000000000000e+00,0.000000000000000000e+00,0.000000000000000000e+00,0.000000000000000000e+00,0.000000000000000000e+00,0.000000000000000000e+00,0.000000000000000000e+00,0.000000000000000000e+00,0.000000000000000000e+00,0.000000000000000000e+00,0.000000000000000000e+00,0.000000000000000000e+00,0.000000000000000000e+00,0.000000000000000000e+00,0.000000000000000000e+00,0.000000000000000000e+00,0.000000000000000000e+00,0.000000000000000000e+00,0.000000000000000000e+00,0.000000000000000000e+00,0.000000000000000000e+00,0.000000000000000000e+00,0.000000000000000000e+00,0.000000000000000000e+00,0.000000000000000000e+00,0.000000000000000000e+00,0.000000000000000000e+00,0.000000000000000000e+00,0.000000000000000000e+00,0.000000000000000000e+00,0.000000000000000000e+00,0.000000000000000000e+00,0.000000000000000000e+00,0.000000000000000000e+00,0.000000000000000000e+00,0.000000000000000000e+00,0.000000000000000000e+00,0.000000000000000000e+00,0.000000000000000000e+00,0.000000000000000000e+00,0.000000000000000000e+00,0.000000000000000000e+00,0.000000000000000000e+00,0.000000000000000000e+00,0.000000000000000000e+00,0.000000000000000000e+00,0.000000000000000000e+00,0.000000000000000000e+00,0.000000000000000000e+00,0.000000000000000000e+00,0.000000000000000000e+00,0.000000000000000000e+00,0.000000000000000000e+00,0.000000000000000000e+00,0.000000000000000000e+00,0.000000000000000000e+00,0.000000000000000000e+00,0.000000000000000000e+00,0.000000000000000000e+00,0.000000000000000000e+00,0.000000000000000000e+00,0.000000000000000000e+00,0.000000000000000000e+00,0.000000000000000000e+00,0.000000000000000000e+00,0.000000000000000000e+00,0.000000000000000000e+00,0.000000000000000000e+00,0.000000000000000000e+00,0.000000000000000000e+00,0.000000000000000000e+00,0.000000000000000000e+00,0.000000000000000000e+00,0.000000000000000000e+00,0.000000000000000000e+00,0.000000000000000000e+00,0.000000000000000000e+00,0.000000000000000000e+00,0.000000000000000000e+00,0.000000000000000000e+00,0.000000000000000000e+00,0.000000000000000000e+00,0.000000000000000000e+00,0.000000000000000000e+00,0.000000000000000000e+00,0.000000000000000000e+00,0.000000000000000000e+00,0.000000000000000000e+00,0.000000000000000000e+00,0.000000000000000000e+00,0.000000000000000000e+00,0.000000000000000000e+00,0.000000000000000000e+00,0.000000000000000000e+00,0.000000000000000000e+00,0.000000000000000000e+00,0.000000000000000000e+00,0.000000000000000000e+00,0.000000000000000000e+00,0.000000000000000000e+00,0.000000000000000000e+00,0.000000000000000000e+00,0.000000000000000000e+00,0.000000000000000000e+00,0.000000000000000000e+00,0.000000000000000000e+00,0.000000000000000000e+00,0.000000000000000000e+00,0.000000000000000000e+00,0.000000000000000000e+00,0.000000000000000000e+00,0.000000000000000000e+00,0.000000000000000000e+00,0.000000000000000000e+00,0.000000000000000000e+00,0.000000000000000000e+00,0.000000000000000000e+00,0.000000000000000000e+00,0.000000000000000000e+00
CP,0.000000000000000000e+00,0.000000000000000000e+00,0.000000000000000000e+00,0.000000000000000000e+00,0.000000000000000000e+00,0.000000000000000000e+00,0.000000000000000000e+00,0.000000000000000000e+00,0.000000000000000000e+00,0.000000000000000000e+00,0.000000000000000000e+00,0.000000000000000000e+00,0.000000000000000000e+00,0.000000000000000000e+00,0.000000000000000000e+00,0.000000000000000000e+00,0.000000000000000000e+00,0.000000000000000000e+00,0.000000000000000000e+00,0.000000000000000000e+00,0.000000000000000000e+00,0.000000000000000000e+00,0.000000000000000000e+00,0.000000000000000000e+00,0.000000000000000000e+00,0.000000000000000000e+00,0.000000000000000000e+00,0.000000000000000000e+00,0.000000000000000000e+00,0.000000000000000000e+00,0.000000000000000000e+00,0.000000000000000000e+00,0.000000000000000000e+00,0.000000000000000000e+00,0.000000000000000000e+00,0.000000000000000000e+00,0.000000000000000000e+00,0.000000000000000000e+00,0.000000000000000000e+00,0.000000000000000000e+00,0.000000000000000000e+00,0.000000000000000000e+00,0.000000000000000000e+00,0.000000000000000000e+00,0.000000000000000000e+00,0.000000000000000000e+00,0.000000000000000000e+00,0.000000000000000000e+00,0.000000000000000000e+00,0.000000000000000000e+00,0.000000000000000000e+00,0.000000000000000000e+00,0.000000000000000000e+00,0.000000000000000000e+00,0.000000000000000000e+00,0.000000000000000000e+00,0.000000000000000000e+00,0.000000000000000000e+00,0.000000000000000000e+00,0.000000000000000000e+00,0.000000000000000000e+00,0.000000000000000000e+00,0.000000000000000000e+00,0.000000000000000000e+00,0.000000000000000000e+00,0.000000000000000000e+00,0.000000000000000000e+00,0.000000000000000000e+00,0.000000000000000000e+00,0.000000000000000000e+00,0.000000000000000000e+00,0.000000000000000000e+00,0.000000000000000000e+00,0.000000000000000000e+00,0.000000000000000000e+00,0.000000000000000000e+00,0.000000000000000000e+00,0.000000000000000000e+00,0.000000000000000000e+00,0.000000000000000000e+00,0.000000000000000000e+00,0.000000000000000000e+00,0.000000000000000000e+00,0.000000000000000000e+00,0.000000000000000000e+00,0.000000000000000000e+00,0.000000000000000000e+00,0.000000000000000000e+00,0.000000000000000000e+00,0.000000000000000000e+00,0.000000000000000000e+00,0.000000000000000000e+00,0.000000000000000000e+00,0.000000000000000000e+00,0.000000000000000000e+00,0.000000000000000000e+00,0.000000000000000000e+00,0.000000000000000000e+00,0.000000000000000000e+00,0.000000000000000000e+00,0.000000000000000000e+00,0.000000000000000000e+00,0.000000000000000000e+00,0.000000000000000000e+00,0.000000000000000000e+00,0.000000000000000000e+00,0.000000000000000000e+00,0.000000000000000000e+00,0.000000000000000000e+00,0.000000000000000000e+00,0.000000000000000000e+00,0.000000000000000000e+00,0.000000000000000000e+00,0.000000000000000000e+00,0.000000000000000000e+00,0.000000000000000000e+00,0.000000000000000000e+00,0.000000000000000000e+00,0.000000000000000000e+00,0.000000000000000000e+00,0.000000000000000000e+00,0.000000000000000000e+00,0.000000000000000000e+00,0.000000000000000000e+00,0.000000000000000000e+00,0.000000000000000000e+00,0.000000000000000000e+00,0.000000000000000000e+00,0.000000000000000000e+00,0.000000000000000000e+00,0.000000000000000000e+00,0.000000000000000000e+00,0.000000000000000000e+00,0.000000000000000000e+00,0.000000000000000000e+00,0.000000000000000000e+00,0.000000000000000000e+00,0.000000000000000000e+00,0.000000000000000000e+00,0.000000000000000000e+00,0.000000000000000000e+00,0.000000000000000000e+00,0.000000000000000000e+00,0.000000000000000000e+00,0.000000000000000000e+00,0.000000000000000000e+00,0.000000000000000000e+00,0.000000000000000000e+00,0.000000000000000000e+00,0.000000000000000000e+00,0.000000000000000000e+00,0.000000000000000000e+00,0.000000000000000000e+00,0.000000000000000000e+00,0.000000000000000000e+00,0.000000000000000000e+00,0.000000000000000000e+00,0.000000000000000000e+00,0.000000000000000000e+00,0.000000000000000000e+00,0.000000000000000000e+00,0.000000000000000000e+00,0.000000000000000000e+00,0.000000000000000000e+00,0.000000000000000000e+00,0.000000000000000000e+00,0.000000000000000000e+00,0.000000000000000000e+00,0.000000000000000000e+00,0.000000000000000000e+00,0.000000000000000000e+00,0.000000000000000000e+00,0.000000000000000000e+00,0.000000000000000000e+00,0.000000000000000000e+00,0.000000000000000000e+00,0.000000000000000000e+00,0.000000000000000000e+00,0.000000000000000000e+00,0.000000000000000000e+00,0.000000000000000000e+00,0.000000000000000000e+00,0.000000000000000000e+00,0.000000000000000000e+00,0.000000000000000000e+00,0.000000000000000000e+00,0.000000000000000000e+00,0.000000000000000000e+00,0.000000000000000000e+00,0.000000000000000000e+00,0.000000000000000000e+00,0.000000000000000000e+00,0.000000000000000000e+00,0.000000000000000000e+00,0.000000000000000000e+00,0.000000000000000000e+00,0.000000000000000000e+00,0.000000000000000000e+00,0.000000000000000000e+00,0.000000000000000000e+00,0.000000000000000000e+00,0.000000000000000000e+00,0.000000000000000000e+00,0.000000000000000000e+00,0.000000000000000000e+00,0.000000000000000000e+00,0.000000000000000000e+00,0.000000000000000000e+00,0.000000000000000000e+00,0.000000000000000000e+00,0.000000000000000000e+00,0.000000000000000000e+00,0.000000000000000000e+00,0.000000000000000000e+00,0.000000000000000000e+00,0.000000000000000000e+00,0.000000000000000000e+00,0.000000000000000000e+00,0.000000000000000000e+00,0.000000000000000000e+00,0.000000000000000000e+00,0.000000000000000000e+00,0.000000000000000000e+00,0.000000000000000000e+00,0.000000000000000000e+00,0.000000000000000000e+00,0.000000000000000000e+00,0.000000000000000000e+00,0.000000000000000000e+00,0.000000000000000000e+00,0.000000000000000000e+00,0.000000000000000000e+00,0.000000000000000000e+00,0.000000000000000000e+00,0.000000000000000000e+00,0.000000000000000000e+00,0.000000000000000000e+00,0.000000000000000000e+00
CP_h,0.000000000000000000e+00,0.000000000000000000e+00,0.000000000000000000e+00,0.000000000000000000e+00,0.000000000000000000e+00,0.000000000000000000e+00,0.000000000000000000e+00,0.000000000000000000e+00,0.000000000000000000e+00,0.000000000000000000e+00,0.000000000000000000e+00,0.000000000000000000e+00,0.000000000000000000e+00,0.000000000000000000e+00,0.000000000000000000e+00,0.000000000000000000e+00,0.000000000000000000e+00,0.000000000000000000e+00,0.000000000000000000e+00,0.000000000000000000e+00,0.000000000000000000e+00,0.000000000000000000e+00,0.000000000000000000e+00,0.000000000000000000e+00,0.000000000000000000e+00,0.000000000000000000e+00,0.000000000000000000e+00,0.000000000000000000e+00,0.000000000000000000e+00,0.000000000000000000e+00,0.000000000000000000e+00,0.000000000000000000e+00,0.000000000000000000e+00,0.000000000000000000e+00,0.000000000000000000e+00,0.000000000000000000e+00,0.000000000000000000e+00,0.000000000000000000e+00,0.000000000000000000e+00,0.000000000000000000e+00,0.000000000000000000e+00,0.000000000000000000e+00,0.000000000000000000e+00,0.000000000000000000e+00,0.000000000000000000e+00,0.000000000000000000e+00,0.000000000000000000e+00,0.000000000000000000e+00,0.000000000000000000e+00,0.000000000000000000e+00,0.000000000000000000e+00,0.000000000000000000e+00,0.000000000000000000e+00,0.000000000000000000e+00,0.000000000000000000e+00,0.000000000000000000e+00,0.000000000000000000e+00,0.000000000000000000e+00,0.000000000000000000e+00,0.000000000000000000e+00,0.000000000000000000e+00,0.000000000000000000e+00,0.000000000000000000e+00,0.000000000000000000e+00,0.000000000000000000e+00,0.000000000000000000e+00,0.000000000000000000e+00,0.000000000000000000e+00,0.000000000000000000e+00,0.000000000000000000e+00,0.000000000000000000e+00,0.000000000000000000e+00,0.000000000000000000e+00,0.000000000000000000e+00,0.000000000000000000e+00,0.000000000000000000e+00,0.000000000000000000e+00,0.000000000000000000e+00,0.000000000000000000e+00,0.000000000000000000e+00,0.000000000000000000e+00,0.000000000000000000e+00,0.000000000000000000e+00,0.000000000000000000e+00,0.000000000000000000e+00,0.000000000000000000e+00,0.000000000000000000e+00,0.000000000000000000e+00,0.000000000000000000e+00,0.000000000000000000e+00,0.000000000000000000e+00,0.000000000000000000e+00,0.000000000000000000e+00,0.000000000000000000e+00,0.000000000000000000e+00,0.000000000000000000e+00,0.000000000000000000e+00,0.000000000000000000e+00,0.000000000000000000e+00,0.000000000000000000e+00,0.000000000000000000e+00,0.000000000000000000e+00,0.000000000000000000e+00,0.000000000000000000e+00,0.000000000000000000e+00,0.000000000000000000e+00,0.000000000000000000e+00,0.000000000000000000e+00,0.000000000000000000e+00,0.000000000000000000e+00,0.000000000000000000e+00,0.000000000000000000e+00,0.000000000000000000e+00,0.000000000000000000e+00,0.000000000000000000e+00,0.000000000000000000e+00,0.000000000000000000e+00,0.000000000000000000e+00,0.000000000000000000e+00,0.000000000000000000e+00,0.000000000000000000e+00,0.000000000000000000e+00,0.000000000000000000e+00,0.000000000000000000e+00,0.000000000000000000e+00,0.000000000000000000e+00,0.000000000000000000e+00,0.000000000000000000e+00,0.000000000000000000e+00,0.000000000000000000e+00,0.000000000000000000e+00,0.000000000000000000e+00,0.000000000000000000e+00,0.000000000000000000e+00,0.000000000000000000e+00,0.000000000000000000e+00,0.000000000000000000e+00,0.000000000000000000e+00,0.000000000000000000e+00,0.000000000000000000e+00,0.000000000000000000e+00,0.000000000000000000e+00,0.000000000000000000e+00,0.000000000000000000e+00,0.000000000000000000e+00,0.000000000000000000e+00,0.000000000000000000e+00,0.000000000000000000e+00,0.000000000000000000e+00,0.000000000000000000e+00,0.000000000000000000e+00,0.000000000000000000e+00,0.000000000000000000e+00,0.000000000000000000e+00,0.000000000000000000e+00,0.000000000000000000e+00,0.000000000000000000e+00,0.000000000000000000e+00,0.000000000000000000e+00,0.000000000000000000e+00,0.000000000000000000e+00,0.000000000000000000e+00,0.000000000000000000e+00,0.000000000000000000e+00,0.000000000000000000e+00,0.000000000000000000e+00,0.000000000000000000e+00,0.000000000000000000e+00,0.000000000000000000e+00,0.000000000000000000e+00,0.000000000000000000e+00,0.000000000000000000e+00,0.000000000000000000e+00,0.000000000000000000e+00,0.000000000000000000e+00,0.000000000000000000e+00,0.000000000000000000e+00,0.000000000000000000e+00,0.000000000000000000e+00,0.000000000000000000e+00,0.000000000000000000e+00,0.000000000000000000e+00,0.000000000000000000e+00,0.000000000000000000e+00,0.000000000000000000e+00,0.000000000000000000e+00,0.000000000000000000e+00,0.000000000000000000e+00,0.000000000000000000e+00,0.000000000000000000e+00,0.000000000000000000e+00,0.000000000000000000e+00,0.000000000000000000e+00,0.000000000000000000e+00,0.000000000000000000e+00,0.000000000000000000e+00,0.000000000000000000e+00,0.000000000000000000e+00,0.000000000000000000e+00,0.000000000000000000e+00,0.000000000000000000e+00,0.000000000000000000e+00,0.000000000000000000e+00,0.000000000000000000e+00,0.000000000000000000e+00,0.000000000000000000e+00,0.000000000000000000e+00,0.000000000000000000e+00,0.000000000000000000e+00,0.000000000000000000e+00,0.000000000000000000e+00,0.000000000000000000e+00,0.000000000000000000e+00,0.000000000000000000e+00,0.000000000000000000e+00,0.000000000000000000e+00,0.000000000000000000e+00,0.000000000000000000e+00,0.000000000000000000e+00,0.000000000000000000e+00,0.000000000000000000e+00,0.000000000000000000e+00,0.000000000000000000e+00,0.000000000000000000e+00,0.000000000000000000e+00,0.000000000000000000e+00,0.000000000000000000e+00,0.000000000000000000e+00,0.000000000000000000e+00,0.000000000000000000e+00,0.000000000000000000e+00,0.000000000000000000e+00,0.000000000000000000e+00,0.000000000000000000e+00,0.000000000000000000e+00,0.000000000000000000e+00,0.000000000000000000e+00,0.000000000000000000e+00
CQ,0.000000000000000000e+00,0.000000000000000000e+00,0.000000000000000000e+00,0.000000000000000000e+00,0.000000000000000000e+00,0.000000000000000000e+00,0.000000000000000000e+00,0.000000000000000000e+00,0.000000000000000000e+00,0.000000000000000000e+00,0.000000000000000000e+00,0.000000000000000000e+00,0.000000000000000000e+00,0.000000000000000000e+00,0.000000000000000000e+00,0.000000000000000000e+00,0.000000000000000000e+00,0.000000000000000000e+00,0.000000000000000000e+00,0.000000000000000000e+00,0.000000000000000000e+00,0.000000000000000000e+00,0.000000000000000000e+00,0.000000000000000000e+00,0.000000000000000000e+00,0.000000000000000000e+00,0.000000000000000000e+00,0.000000000000000000e+00,0.000000000000000000e+00,0.000000000000000000e+00,0.000000000000000000e+00,0.000000000000000000e+00,0.000000000000000000e+00,0.000000000000000000e+00,0.000000000000000000e+00,0.000000000000000000e+00,0.000000000000000000e+00,0.000000000000000000e+00,0.000000000000000000e+00,0.000000000000000000e+00,0.000000000000000000e+00,0.000000000000000000e+00,0.000000000000000000e+00,0.000000000000000000e+00,0.000000000000000000e+00,0.000000000000000000e+00,0.000000000000000000e+00,0.000000000000000000e+00,0.000000000000000000e+00,0.000000000000000000e+00,0.000000000000000000e+00,0.000000000000000000e+00,0.000000000000000000e+00,0.000000000000000000e+00,0.000000000000000000e+00,0.000000000000000000e+00,0.000000000000000000e+00,0.000000000000000000e+00,0.000000000000000000e+00,0.000000000000000000e+00,0.000000000000000000e+00,0.000000000000000000e+00,0.000000000000000000e+00,0.000000000000000000e+00,0.000000000000000000e+00,0.000000000000000000e+00,0.000000000000000000e+00,0.000000000000000000e+00,0.000000000000000000e+00,0.000000000000000000e+00,0.000000000000000000e+00,0.000000000000000000e+00,0.000000000000000000e+00,0.000000000000000000e+00,0.000000000000000000e+00,0.000000000000000000e+00,0.000000000000000000e+00,0.000000000000000000e+00,0.000000000000000000e+00,0.000000000000000000e+00,0.000000000000000000e+00,0.000000000000000000e+00,0.000000000000000000e+00,0.000000000000000000e+00,0.000000000000000000e+00,0.000000000000000000e+00,0.000000000000000000e+00,0.000000000000000000e+00,0.000000000000000000e+00,0.000000000000000000e+00,0.000000000000000000e+00,0.000000000000000000e+00,0.000000000000000000e+00,0.000000000000000000e+00,0.000000000000000000e+00,0.000000000000000000e+00,0.000000000000000000e+00,0.000000000000000000e+00,0.000000000000000000e+00,0.000000000000000000e+00,0.000000000000000000e+00,0.000000000000000000e+00,0.000000000000000000e+00,0.000000000000000000e+00,0.000000000000000000e+00,0.000000000000000000e+00,0.000000000000000000e+00,0.000000000000000000e+00,0.000000000000000000e+00,0.000000000000000000e+00,0.000000000000000000e+00,0.000000000000000000e+00,0.000000000000000000e+00,0.000000000000000000e+00,0.000000000000000000e+00,0.000000000000000000e+00,0.000000000000000000e+00,0.000000000000000000e+00,0.000000000000000000e+00,0.000000000000000000e+00,0.000000000000000000e+00,0.000000000000000000e+00,0.000000000000000000e+00,0.000000000000000000e+00,0.000000000000000000e+00,0.000000000000000000e+00,0.000000000000000000e+00,0.000000000000000000e+00,0.000000000000000000e+00,0.000000000000000000e+00,0.000000000000000000e+00,0.000000000000000000e+00,0.000000000000000000e+00,0.000000000000000000e+00,0.000000000000000000e+00,0.000000000000000000e+00,0.000000000000000000e+00,0.000000000000000000e+00,0.000000000000000000e+00,0.000000000000000000e+00,0.000000000000000000e+00,0.000000000000000000e+00,0.000000000000000000e+00,0.000000000000000000e+00,0.000000000000000000e+00,0.000000000000000000e+00,0.000000000000000000e+00,0.000000000000000000e+00,0.000000000000000000e+00,0.000000000000000000e+00,0.000000000000000000e+00,0.000000000000000000e+00,0.000000000000000000e+00,0.000000000000000000e+00,0.000000000000000000e+00,0.000000000000000000e+00,0.000000000000000000e+00,0.000000000000000000e+00,0.000000000000000000e+00,0.000000000000000000e+00,0.000000000000000000e+00,0.000000000000000000e+00,0.000000000000000000e+00,0.000000000000000000e+00,0.000000000000000000e+00,0.000000000000000000e+00,0.000000000000000000e+00,0.000000000000000000e+00,0.000000000000000000e+00,0.000000000000000000e+00,0.000000000000000000e+00,0.000000000000000000e+00,0.000000000000000000e+00,0.000000000000000000e+00,0.000000000000000000e+00,0.000000000000000000e+00,0.000000000000000000e+00,0.000000000000000000e+00,0.000000000000000000e+00,0.000000000000000000e+00,0.000000000000000000e+00,0.000000000000000000e+00,0.000000000000000000e+00,0.000000000000000000e+00,0.000000000000000000e+00,0.000000000000000000e+00,0.000000000000000000e+00,0.000000000000000000e+00,0.000000000000000000e+00,0.000000000000000000e+00,0.000000000000000000e+00,0.000000000000000000e+00,0.000000000000000000e+00,0.000000000000000000e+00,0.000000000000000000e+00,0.000000000000000000e+00,0.000000000000000000e+00,0.000000000000000000e+00,0.000000000000000000e+00,0.000000000000000000e+00,0.000000000000000000e+00,0.000000000000000000e+00,0.000000000000000000e+00,0.000000000000000000e+00,0.000000000000000000e+00,0.000000000000000000e+00,0.000000000000000000e+00,0.000000000000000000e+00,0.000000000000000000e+00,0.000000000000000000e+00,0.000000000000000000e+00,0.000000000000000000e+00,0.000000000000000000e+00,0.000000000000000000e+00,0.000000000000000000e+00,0.000000000000000000e+00,0.000000000000000000e+00,0.000000000000000000e+00,0.000000000000000000e+00,0.000000000000000000e+00,0.000000000000000000e+00,0.000000000000000000e+00,0.000000000000000000e+00,0.000000000000000000e+00,0.000000000000000000e+00,0.000000000000000000e+00,0.000000000000000000e+00,0.000000000000000000e+00,0.000000000000000000e+00,0.000000000000000000e+00,0.000000000000000000e+00,0.000000000000000000e+00,0.000000000000000000e+00,0.000000000000000000e+00,0.000000000000000000e+00,0.000000000000000000e+00,0.000000000000000000e+00,0.000000000000000000e+00
CQ_h,0.000000000000000000e+00,0.000000000000000000e+00,0.000000000000000000e+00,0.000000000000000000e+00,0.000000000000000000e+00,0.000000000000000000e+00,0.000000000000000000e+00,0.000000000000000000e+00,0.000000000000000000e+00,0.000000000000000000e+00,0.000000000000000000e+00,0.000000000000000000e+00,0.000000000000000000e+00,0.000000000000000000e+00,0.000000000000000000e+00,0.000000000000000000e+00,0.000000000000000000e+00,0.000000000000000000e+00,0.000000000000000000e+00,0.000000000000000000e+00,0.000000000000000000e+00,0.000000000000000000e+00,0.000000000000000000e+00,0.000000000000000000e+00,0.000000000000000000e+00,0.000000000000000000e+00,0.000000000000000000e+00,0.000000000000000000e+00,0.000000000000000000e+00,0.000000000000000000e+00,0.000000000000000000e+00,0.000000000000000000e+00,0.000000000000000000e+00,0.000000000000000000e+00,0.000000000000000000e+00,0.000000000000000000e+00,0.000000000000000000e+00,0.000000000000000000e+00,0.000000000000000000e+00,0.000000000000000000e+00,0.000000000000000000e+00,0.000000000000000000e+00,0.000000000000000000e+00,0.000000000000000000e+00,0.000000000000000000e+00,0.000000000000000000e+00,0.000000000000000000e+00,0.000000000000000000e+00,0.000000000000000000e+00,0.000000000000000000e+00,0.000000000000000000e+00,0.000000000000000000e+00,0.000000000000000000e+00,0.000000000000000000e+00,0.000000000000000000e+00,0.000000000000000000e+00,0.000000000000000000e+00,0.000000000000000000e+00,0.000000000000000000e+00,0.000000000000000000e+00,0.000000000000000000e+00,0.000000000000000000e+00,0.000000000000000000e+00,0.000000000000000000e+00,0.000000000000000000e+00,0.000000000000000000e+00,0.000000000000000000e+00,0.000000000000000000e+00,0.000000000000000000e+00,0.000000000000000000e+00,0.000000000000000000e+00,0.000000000000000000e+00,0.000000000000000000e+00,0.000000000000000000e+00,0.000000000000000000e+00,0.000000000000000000e+00,0.000000000000000000e+00,0.000000000000000000e+00,0.000000000000000000e+00,0.000000000000000000e+00,0.000000000000000000e+00,0.000000000000000000e+00,0.000000000000000000e+00,0.000000000000000000e+00,0.000000000000000000e+00,0.000000000000000000e+00,0.000000000000000000e+00,0.000000000000000000e+00,0.000000000000000000e+00,0.000000000000000000e+00,0.000000000000000000e+00,0.000000000000000000e+00,0.000000000000000000e+00,0.000000000000000000e+00,0.000000000000000000e+00,0.000000000000000000e+00,0.000000000000000000e+00,0.000000000000000000e+00,0.000000000000000000e+00,0.000000000000000000e+00,0.000000000000000000e+00,0.000000000000000000e+00,0.000000000000000000e+00,0.000000000000000000e+00,0.000000000000000000e+00,0.000000000000000000e+00,0.000000000000000000e+00,0.000000000000000000e+00,0.000000000000000000e+00,0.000000000000000000e+00,0.000000000000000000e+00,0.000000000000000000e+00,0.000000000000000000e+00,0.000000000000000000e+00,0.000000000000000000e+00,0.000000000000000000e+00,0.000000000000000000e+00,0.000000000000000000e+00,0.000000000000000000e+00,0.000000000000000000e+00,0.000000000000000000e+00,0.000000000000000000e+00,0.000000000000000000e+00,0.000000000000000000e+00,0.000000000000000000e+00,0.000000000000000000e+00,0.000000000000000000e+00,0.000000000000000000e+00,0.000000000000000000e+00,0.000000000000000000e+00,0.000000000000000000e+00,0.000000000000000000e+00,0.000000000000000000e+00,0.000000000000000000e+00,0.000000000000000000e+00,0.000000000000000000e+00,0.000000000000000000e+00,0.000000000000000000e+00,0.000000000000000000e+00,0.000000000000000000e+00,0.000000000000000000e+00,0.000000000000000000e+00,0.000000000000000000e+00,0.000000000000000000e+00,0.000000000000000000e+00,0.000000000000000000e+00,0.000000000000000000e+00,0.000000000000000000e+00,0.000000000000000000e+00,0.000000000000000000e+00,0.000000000000000000e+00,0.000000000000000000e+00,0.000000000000000000e+00,0.000000000000000000e+00,0.000000000000000000e+00,0.000000000000000000e+00,0.000000000000000000e+00,0.000000000000000000e+00,0.000000000000000000e+00,0.000000000000000000e+00,0.000000000000000000e+00,0.000000000000000000e+00,0.000000000000000000e+00,0.000000000000000000e+00,0.000000000000000000e+00,0.000000000000000000e+00,0.000000000000000000e+00,0.000000000000000000e+00,0.000000000000000000e+00,0.000000000000000000e+00,0.000000000000000000e+00,0.000000000000000000e+00,0.000000000000000000e+00,0.000000000000000000e+00,0.000000000000000000e+00,0.000000000000000000e+00,0.000000000000000000e+00,0.000000000000000000e+00,0.000000000000000000e+00,0.000000000000000000e+00,0.000000000000000000e+00,0.000000000000000000e+00,0.000000000000000000e+00,0.000000000000000000e+00,0.000000000000000000e+00,0.000000000000000000e+00,0.000000000000000000e+00,0.000000000000000000e+00,0.000000000000000000e+00,0.000000000000000000e+00,0.000000000000000000e+00,0.000000000000000000e+00,0.000000000000000000e+00,0.000000000000000000e+00,0.000000000000000000e+00,0.000000000000000000e+00,0.000000000000000000e+00,0.000000000000000000e+00,0.000000000000000000e+00,0.000000000000000000e+00,0.000000000000000000e+00,0.000000000000000000e+00,0.000000000000000000e+00,0.000000000000000000e+00,0.000000000000000000e+00,0.000000000000000000e+00,0.000000000000000000e+00,0.000000000000000000e+00,0.000000000000000000e+00,0.000000000000000000e+00,0.000000000000000000e+00,0.000000000000000000e+00,0.000000000000000000e+00,0.000000000000000000e+00,0.000000000000000000e+00,0.000000000000000000e+00,0.000000000000000000e+00,0.000000000000000000e+00,0.000000000000000000e+00,0.000000000000000000e+00,0.000000000000000000e+00,0.000000000000000000e+00,0.000000000000000000e+00,0.000000000000000000e+00,0.000000000000000000e+00,0.000000000000000000e+00,0.000000000000000000e+00,0.000000000000000000e+00,0.000000000000000000e+00,0.000000000000000000e+00,0.000000000000000000e+00,0.000000000000000000e+00,0.000000000000000000e+00,0.000000000000000000e+00,0.000000000000000000e+00,0.000000000000000000e+00,0.000000000000000000e+00,0.000000000000000000e+00
CT,0.000000000000000000e+00,0.000000000000000000e+00,0.000000000000000000e+00,0.000000000000000000e+00,0.000000000000000000e+00,0.000000000000000000e+00,0.000000000000000000e+00,0.000000000000000000e+00,0.000000000000000000e+00,0.000000000000000000e+00,0.000000000000000000e+00,0.000000000000000000e+00,0.000000000000000000e+00,0.000000000000000000e+00,0.000000000000000000e+00,0.000000000000000000e+00,0.000000000000000000e+00,0.000000000000000000e+00,0.000000000000000000e+00,0.000000000000000000e+00,0.000000000000000000e+00,0.000000000000000000e+00,0.000000000000000000e+00,0.000000000000000000e+00,0.000000000000000000e+00,0.000000000000000000e+00,0.000000000000000000e+00,0.000000000000000000e+00,0.000000000000000000e+00,0.000000000000000000e+00,0.000000000000000000e+00,0.000000000000000000e+00,0.000000000000000000e+00,0.000000000000000000e+00,0.000000000000000000e+00,0.000000000000000000e+00,0.000000000000000000e+00,0.000000000000000000e+00,0.000000000000000000e+00,0.000000000000000000e+00,0.000000000000000000e+00,0.000000000000000000e+00,0.000000000000000000e+00,0.000000000000000000e+00,0.000000000000000000e+00,0.000000000000000000e+00,0.000000000000000000e+00,0.000000000000000000e+00,0.000000000000000000e+00,0.000000000000000000e+00,0.000000000000000000e+00,0.000000000000000000e+00,0.000000000000000000e+00,0.000000000000000000e+00,0.000000000000000000e+00,0.000000000000000000e+00,0.000000000000000000e+00,0.000000000000000000e+00,0.000000000000000000e+00,0.000000000000000000e+00,0.000000000000000000e+00,0.000000000000000000e+00,0.000000000000000000e+00,0.000000000000000000e+00,0.000000000000000000e+00,0.000000000000000000e+00,0.000000000000000000e+00,0.000000000000000000e+00,0.000000000000000000e+00,0.000000000000000000e+00,0.000000000000000000e+00,0.000000000000000000e+00,0.000000000000000000e+00,0.000000000000000000e+00,0.000000000000000000e+00,0.000000000000000000e+00,0.000000000000000000e+00,0.000000000000000000e+00,0.000000000000000000e+00,0.000000000000000000e+00,0.000000000000000000e+00,0.000000000000000000e+00,0.000000000000000000e+00,0.000000000000000000e+00,0.000000000000000000e+00,0.000000000000000000e+00,0.000000000000000000e+00,0.000000000000000000e+00,0.000000000000000000e+00,0.000000000000000000e+00,0.000000000000000000e+00,0.000000000000000000e+00,0.000000000000000000e+00,0.000000000000000000e+00,0.000000000000000000e+00,0.000000000000000000e+00,0.000000000000000000e+00,0.000000000000000000e+00,0.000000000000000000e+00,0.000000000000000000e+00,0.000000000000000000e+00,0.000000000000000000e+00,0.000000000000000000e+00,0.000000000000000000e+00,0.000000000000000000e+00,0.000000000000000000e+00,0.000000000000000000e+00,0.000000000000000000e+00,0.000000000000000000e+00,0.000000000000000000e+00,0.000000000000000000e+00,0.000000000000000000e+00,0.000000000000000000e+00,0.000000000000000000e+00,0.000000000000000000e+00,0.000000000000000000e+00,0.000000000000000000e+00,0.000000000000000000e+00,0.000000000000000000e+00,0.000000000000000000e+00,0.000000000000000000e+00,0.000000000000000000e+00,0.000000000000000000e+00,0.000000000000000000e+00,0.000000000000000000e+00,0.000000000000000000e+00,0.000000000000000000e+00,0.000000000000000000e+00,0.000000000000000000e+00,0.000000000000000000e+00,0.000000000000000000e+00,0.000000000000000000e+00,0.000000000000000000e+00,0.000000000000000000e+00,0.000000000000000000e+00,0.000000000000000000e+00,0.000000000000000000e+00,0.000000000000000000e+00,0.000000000000000000e+00,0.000000000000000000e+00,0.000000000000000000e+00,0.000000000000000000e+00,0.000000000000000000e+00,0.000000000000000000e+00,0.000000000000000000e+00,0.000000000000000000e+00,0.000000000000000000e+00,0.000000000000000000e+00,0.000000000000000000e+00,0.000000000000000000e+00,0.000000000000000000e+00,0.000000000000000000e+00,0.000000000000000000e+00,0.000000000000000000e+00,0.000000000000000000e+00,0.000000000000000000e+00,0.000000000000000000e+00,0.000000000000000000e+00,0.000000000000000000e+00,0.000000000000000000e+00,0.000000000000000000e+00,0.000000000000000000e+00,0.000000000000000000e+00,0.000000000000000000e+00,0.000000000000000000e+00,0.000000000000000000e+00,0.000000000000000000e+00,0.000000000000000000e+00,0.000000000000000000e+00,0.000000000000000000e+00,0.000000000000000000e+00,0.000000000000000000e+00,0.000000000000000000e+00,0.000000000000000000e+00,0.000000000000000000e+00,0.000000000000000000e+00,0.000000000000000000e+00,0.000000000000000000e+00,0.000000000000000000e+00,0.000000000000000000e+00,0.000000000000000000e+00,0.000000000000000000e+00,0.000000000000000000e+00,0.000000000000000000e+00,0.000000000000000000e+00,0.000000000000000000e+00,0.000000000000000000e+00,0.000000000000000000e+00,0.000000000000000000e+00,0.000000000000000000e+00,0.000000000000000000e+00,0.000000000000000000e+00,0.000000000000000000e+00,0.000000000000000000e+00,0.000000000000000000e+00,0.000000000000000000e+00,0.000000000000000000e+00,0.000000000000000000e+00,0.000000000000000000e+00,0.000000000000000000e+00,0.000000000000000000e+00,0.000000000000000000e+00,0.000000000000000000e+00,0.000000000000000000e+00,0.000000000000000000e+00,0.000000000000000000e+00,0.000000000000000000e+00,0.000000000000000000e+00,0.000000000000000000e+00,0.000000000000000000e+00,0.000000000000000000e+00,0.000000000000000000e+00,0.000000000000000000e+00,0.000000000000000000e+00,0.000000000000000000e+00,0.000000000000000000e+00,0.000000000000000000e+00,0.000000000000000000e+00,0.000000000000000000e+00,0.000000000000000000e+00,0.000000000000000000e+00,0.000000000000000000e+00,0.000000000000000000e+00,0.000000000000000000e+00,0.000000000000000000e+00,0.000000000000000000e+00,0.000000000000000000e+00,0.000000000000000000e+00,0.000000000000000000e+00,0.000000000000000000e+00,0.000000000000000000e+00,0.000000000000000000e+00,0.000000000000000000e+00,0.000000000000000000e+00,0.000000000000000000e+00,0.000000000000000000e+00,0.000000000000000000e+00,0.000000000000000000e+00
CT_h,0.000000000000000000e+00,0.000000000000000000e+00,0.000000000000000000e+00,0.000000000000000000e+00,0.000000000000000000e+00,0.000000000000000000e+00,0.000000000000000000e+00,0.000000000000000000e+00,0.000000000000000000e+00,0.000000000000000000e+00,0.000000000000000000e+00,0.000000000000000000e+00,0.000000000000000000e+00,0.000000000000000000e+00,0.000000000000000000e+00,0.000000000000000000e+00,0.000000000000000000e+00,0.000000000000000000e+00,0.000000000000000000e+00,0.000000000000000000e+00,0.000000000000000000e+00,0.000000000000000000e+00,0.000000000000000000e+00,0.000000000000000000e+00,0.000000000000000000e+00,0.000000000000000000e+00,0.000000000000000000e+00,0.000000000000000000e+00,0.000000000000000000e+00,0.000000000000000000e+00,0.000000000000000000e+00,0.000000000000000000e+00,0.000000000000000000e+00,0.000000000000000000e+00,0.000000000000000000e+00,0.000000000000000000e+00,0.000000000000000000e+00,0.000000000000000000e+00,0.000000000000000000e+00,0.000000000000000000e+00,0.000000000000000000e+00,0.000000000000000000e+00,0.000000000000000000e+00,0.000000000000000000e+00,0.000000000000000000e+00,0.000000000000000000e+00,0.000000000000000000e+00,0.000000000000000000e+00,0.000000000000000000e+00,0.000000000000000000e+00,0.000000000000000000e+00,0.000000000000000000e+00,0.000000000000000000e+00,0.000000000000000000e+00,0.000000000000000000e+00,0.000000000000000000e+00,0.000000000000000000e+00,0.000000000000000000e+00,0.000000000000000000e+00,0.000000000000000000e+00,0.000000000000000000e+00,0.000000000000000000e+00,0.000000000000000000e+00,0.000000000000000000e+00,0.000000000000000000e+00,0.000000000000000000e+00,0.000000000000000000e+00,0.000000000000000000e+00,0.000000000000000000e+00,0.000000000000000000e+00,0.000000000000000000e+00,0.000000000000000000e+00,0.000000000000000000e+00,0.000000000000000000e+00,0.000000000000000000e+00,0.000000000000000000e+00,0.000000000000000000e+00,0.000000000000000000e+00,0.000000000000000000e+00,0.000000000000000000e+00,0.000000000000000000e+00,0.000000000000000000e+00,0.000000000000000000e+00,0.000000000000000000e+00,0.000000000000000000e+00,0.000000000000000000e+00,0.000000000000000000e+00,0.000000000000000000e+00,0.000000000000000000e+00,0.000000000000000000e+00,0.000000000000000000e+00,0.000000000000000000e+00,0.000000000000000000e+00,0.000000000000000000e+00,0.000000000000000000e+00,0.000000000000000000e+00,0.000000000000000000e+00,0.000000000000000000e+00,0.000000000000000000e+00,0.000000000000000000e+00,0.000000000000000000e+00,0.000000000000000000e+00,0.000000000000000000e+00,0.000000000000000000e+00,0.000000000000000000e+00,0.000000000000000000e+00,0.000000000000000000e+00,0.000000000000000000e+00,0.000000000000000000e+00,0.000000000000000000e+00,0.000000000000000000e+00,0.000000000000000000e+00,0.000000000000000000e+00,0.000000000000000000e+00,0.000000000000000000e+00,0.000000000000000000e+00,0.000000000000000000e+00,0.000000000000000000e+00,0.000000000000000000e+00,0.000000000000000000e+00,0.000000000000000000e+00,0.000000000000000000e+00,0.000000000000000000e+00,0.000000000000000000e+00,0.000000000000000000e+00,0.000000000000000000e+00,0.000000000000000000e+00,0.000000000000000000e+00,0.000000000000000000e+00,0.000000000000000000e+00,0.000000000000000000e+00,0.000000000000000000e+00,0.000000000000000000e+00,0.000000000000000000e+00,0.000000000000000000e+00,0.000000000000000000e+00,0.000000000000000000e+00,0.000000000000000000e+00,0.000000000000000000e+00,0.000000000000000000e+00,0.000000000000000000e+00,0.000000000000000000e+00,0.000000000000000000e+00,0.000000000000000000e+00,0.000000000000000000e+00,0.000000000000000000e+00,0.000000000000000000e+00,0.000000000000000000e+00,0.000000000000000000e+00,0.000000000000000000e+00,0.000000000000000000e+00,0.000000000000000000e+00,0.000000000000000000e+00,0.000000000000000000e+00,0.000000000000000000e+00,0.000000000000000000e+00,0.000000000000000000e+00,0.000000000000000000e+00,0.000000000000000000e+00,0.000000000000000000e+00,0.000000000000000000e+00,0.000000000000000000e+00,0.000000000000000000e+00,0.000000000000000000e+00,0.000000000000000000e+00,0.000000000000000000e+00,0.000000000000000000e+00,0.000000000000000000e+00,0.000000000000000000e+00,0.000000000000000000e+00,0.000000000000000000e+00,0.000000000000000000e+00,0.000000000000000000e+00,0.000000000000000000e+00,0.000000000000000000e+00,0.000000000000000000e+00,0.000000000000000000e+00,0.000000000000000000e+00,0.000000000000000000e+00,0.000000000000000000e+00,0.000000000000000000e+00,0.000000000000000000e+00,0.000000000000000000e+00,0.000000000000000000e+00,0.000000000000000000e+00,0.000000000000000000e+00,0.000000000000000000e+00,0.000000000000000000e+00,0.000000000000000000e+00,0.000000000000000000e+00,0.000000000000000000e+00,0.000000000000000000e+00,0.000000000000000000e+00,0.000000000000000000e+00,0.000000000000000000e+00,0.000000000000000000e+00,0.000000000000000000e+00,0.000000000000000000e+00,0.000000000000000000e+00,0.000000000000000000e+00,0.000000000000000000e+00,0.000000000000000000e+00,0.000000000000000000e+00,0.000000000000000000e+00,0.000000000000000000e+00,0.000000000000000000e+00,0.000000000000000000e+00,0.000000000000000000e+00,0.000000000000000000e+00,0.000000000000000000e+00,0.000000000000000000e+00,0.000000000000000000e+00,0.000000000000000000e+00,0.000000000000000000e+00,0.000000000000000000e+00,0.000000000000000000e+00,0.000000000000000000e+00,0.000000000000000000e+00,0.000000000000000000e+00,0.000000000000000000e+00,0.000000000000000000e+00,0.000000000000000000e+00,0.000000000000000000e+00,0.000000000000000000e+00,0.000000000000000000e+00,0.000000000000000000e+00,0.000000000000000000e+00,0.000000000000000000e+00,0.000000000000000000e+00,0.000000000000000000e+00,0.000000000000000000e+00,0.000000000000000000e+00,0.000000000000000000e+00,0.000000000000000000e+00,0.000000000000000000e+00,0.000000000000000000e+00,0.000000000000000000e+00,0.000000000000000000e+00
Chord,1.306300000000000017e+00,1.322480000000000100e+00,1.338670000000000027e+00,1.354859999999999953e+00,1.371050000000000102e+00,1.387240000000000029e+00,1.403429999999999955e+00,1.419620000000000104e+00,1.435810000000000031e+00,1.452010000000000023e+00,1.468199999999999950e+00,1.484390000000000098e+00,1.500580000000000025e+00,1.516780000000000017e+00,1.532969999999999944e+00,1.549160000000000093e+00,1.565360000000000085e+00,1.581550000000000011e+00,1.590729999999999977e+00,1.592889999999999917e+00,1.595050000000000079e+00,1.597210000000000019e+00,1.599369999999999958e+00,1.601520000000000055e+00,1.603189999999999893e+00,1.614239999999999897e+00,1.632050000000000001e+00,1.649860000000000104e+00,1.667680000000000051e+00,1.685489999999999933e+00,1.703310000000000102e+00,1.721130000000000049e+00,1.738939999999999930e+00,1.756760000000000099e+00,1.774580000000000046e+00,1.792399999999999993e+00,1.810219999999999940e+00,1.828049999999999953e+00,1.845869999999999900e+00,1.863690000000000069e+00,1.881520000000000081e+00,1.899340000000000028e+00,1.917170000000000041e+00,1.934989999999999988e+00,1.952820000000000000e+00,1.970650000000000013e+00,1.988480000000000025e+00,2.006299999999999972e+00,2.024129999999999985e+00,2.041959999999999997e+00,2.059790000000000010e+00,2.077620000000000022e+00,2.095450000000000035e+00,2.113290000000000113e+00,2.131120000000000125e+00,2.148950000000000138e+00,2.166780000000000150e+00,2.184619999999999784e+00,2.202449999999999797e+00,2.220279999999999809e+00,2.236000000000000210e+00,2.249610000000000110e+00,2.263209999999999944e+00,2.286599999999999966e+00,2.312190000000000190e+00,2.325959999999999805e+00,2.339719999999999800e+00,2.353489999999999860e+00,2.353489999999999860e+00,2.339719999999999800e+00,2.325959999999999805e+00,2.312190000000000190e+00,2.286599999999999966e+00,2.263209999999999944e+00,2.249610000000000110e+00,2.236000000000000210e+00,2.220279999999999809e+00,2.202449999999999797e+00,2.184619999999999784e+00,2.166780000000000150e+00,2.148950000000000138e+00,2.131120000000000125e+00,2.113290000000000113e+00,2.095450000000000035e+00,2.077620000000000022e+00,2.059790000000000010e+00,2.041959999999999997e+00,2.024129999999999985e+00,2.006299999999999972e+00,1.988480000000000025e+00,1.970650000000000013e+00,1.952820000000000000e+00,1.934989999999999988e+00,1.917170000000000041e+00,1.899340000000000028e+00,1.881520000000000081e+00,1.863690000000000069e+00,1.845869999999999900e+00,1.828049999999999953e+00,1.810219999999999940e+00,1.792399999999999993e+00,1.774580000000000046e+00,1.756760000000000099e+00,1.738939999999999930e+00,1.721130000000000049e+00,1.703310000000000102e+00,1.685489999999999933e+00,1.667680000000000051e+00,1.649860000000000104e+00,1.632050000000000001e+00,1.614239999999999897e+00,1.603189999999999893e+00,1.601520000000000055e+00,1.599369999999999958e+00,1.597210000000000019e+00,1.595050000000000079e+00,1.592889999999999917e+00,1.590729999999999977e+00,1.581550000000000011e+00,1.565360000000000085e+00,1.549160000000000093e+00,1.532969999999999944e+00,1.516780000000000017e+00,1.500580000000000025e+00,1.484390000000000098e+00,1.468199999999999950e+00,1.452010000000000023e+00,1.435810000000000031e+00,1.419620000000000104e+00,1.403429999999999955e+00,1.387240000000000029e+00,1.371050000000000102e+00,1.354859999999999953e+00,1.338670000000000027e+00,1.322480000000000100e+00,1.306300000000000017e+00,1.028750000000000053e+00,1.052959999999999896e+00,1.077159999999999895e+00,1.101369999999999960e+00,1.125580000000000025e+00,1.149780000000000024e+00,1.173990000000000089e+00,1.198199999999999932e+00,1.222399999999999931e+00,1.246609999999999996e+00,1.270809999999999995e+00,1.295020000000000060e+00,1.319229999999999903e+00,1.343429999999999902e+00,1.367639999999999967e+00,1.391850000000000032e+00,1.416050000000000031e+00,1.440260000000000096e+00,1.464460000000000095e+00,1.488669999999999938e+00,1.512880000000000003e+00,1.537080000000000002e+00,1.561290000000000067e+00,1.585499999999999909e+00,1.609699999999999909e+00,1.633909999999999973e+00,1.658120000000000038e+00,1.690989999999999993e+00,1.028750000000000053e+00,1.052959999999999896e+00,1.077159999999999895e+00,1.101369999999999960e+00,1.125580000000000025e+00,1.149780000000000024e+00,1.173990000000000089e+00,1.198199999999999932e+00,1.222399999999999931e+00,1.246609999999999996e+00,1.270809999999999995e+00,1.295020000000000060e+00,1.319229999999999903e+00,1.343429999999999902e+00,1.367639999999999967e+00,1.391850000000000032e+00,1.416050000000000031e+00,1.440260000000000096e+00,1.464460000000000095e+00,1.488669999999999938e+00,1.512880000000000003e+00,1.537080000000000002e+00,1.561290000000000067e+00,1.585499999999999909e+00,1.609699999999999909e+00,1.633909999999999973e+00,1.658120000000000038e+00,9.870100000000000540e-01,1.021649999999999947e+00,1.056280000000000108e+00,1.090910000000000046e+00,1.125539999999999985e+00,1.160169999999999924e+00,1.194809999999999928e+00,1.229440000000000088e+00,1.264070000000000027e+00,1.298699999999999966e+00,1.333329999999999904e+00,1.367969999999999908e+00,1.402600000000000069e+00,1.437230000000000008e+00,1.471859999999999946e+00,1.506490000000000107e+00,1.541130000000000111e+00,1.575760000000000050e+00,1.610389999999999988e+00,1.645019999999999927e+00,1.679650000000000087e+00,1.714290000000000092e+00,1.748920000000000030e+00,1.783549999999999969e+00,1.818179999999999907e+00,1.852810000000000068e+00,1.887450000000000072e+00,2.999999999999999889e-01,2.999999999999999889e-01,2.974999999999999867e-01,2.924999999999999822e-01,2.874999999999999778e-01,2.824999999999999734e-01,2.775000000000000244e-01,2.725000000000000200e-01,2.700000000000000178e-01,2.700000000000000178e-01,2.999999999999999889e-01,2.999999999999999889e-01,2.974999999999999867e-01,2.924999999999999822e-01,2.874999999999999778e-01,2.824999999999999734e-01,2.775000000000000244e-01,2.725000000000000200e-01,2.700000000000000178e-01,2.700000000000000178e-01
Diameter,0.000000000000000000e+00,0.000000000000000000e+00,0.000000000000000000e+00,0.000000000000000000e+00,0.000000000000000000e+00,0.000000000000000000e+00,0.000000000000000000e+00,0.000000000000000000e+00,0.000000000000000000e+00,0.000000000000000000e+00,0.000000000000000000e+00,0.000000000000000000e+00,0.000000000000000000e+00,0.000000000000000000e+00,0.000000000000000000e+00,0.000000000000000000e+00,0.000000000000000000e+00,0.000000000000000000e+00,0.000000000000000000e+00,0.000000000000000000e+00,0.000000000000000000e+00,0.000000000000000000e+00,0.000000000000000000e+00,0.000000000000000000e+00,0.000000000000000000e+00,0.000000000000000000e+00,0.000000000000000000e+00,0.000000000000000000e+00,0.000000000000000000e+00,0.000000000000000000e+00,0.000000000000000000e+00,0.000000000000000000e+00,0.000000000000000000e+00,0.000000000000000000e+00,0.000000000000000000e+00,0.000000000000000000e+00,0.000000000000000000e+00,0.000000000000000000e+00,0.000000000000000000e+00,0.000000000000000000e+00,0.000000000000000000e+00,0.000000000000000000e+00,0.000000000000000000e+00,0.000000000000000000e+00,0.000000000000000000e+00,0.000000000000000000e+00,0.000000000000000000e+00,0.000000000000000000e+00,0.000000000000000000e+00,0.000000000000000000e+00,0.000000000000000000e+00,0.000000000000000000e+00,0.000000000000000000e+00,0.000000000000000000e+00,0.000000000000000000e+00,0.000000000000000000e+00,0.000000000000000000e+00,0.000000000000000000e+00,0.000000000000000000e+00,0.000000000000000000e+00,0.000000000000000000e+00,0.000000000000000000e+00,0.000000000000000000e+00,0.000000000000000000e+00,0.000000000000000000e+00,0.000000000000000000e+00,0.000000000000000000e+00,0.000000000000000000e+00,0.000000000000000000e+00,0.000000000000000000e+00,0.000000000000000000e+00,0.000000000000000000e+00,0.000000000000000000e+00,0.000000000000000000e+00,0.000000000000000000e+00,0.000000000000000000e+00,0.000000000000000000e+00,0.000000000000000000e+00,0.000000000000000000e+00,0.000000000000000000e+00,0.000000000000000000e+00,0.000000000000000000e+00,0.000000000000000000e+00,0.000000000000000000e+00,0.000000000000000000e+00,0.000000000000000000e+00,0.000000000000000000e+00,0.000000000000000000e+00,0.000000000000000000e+00,0.000000000000000000e+00,0.000000000000000000e+00,0.000000000000000000e+00,0.000000000000000000e+00,0.000000000000000000e+00,0.000000000000000000e+00,0.000000000000000000e+00,0.000000000000000000e+00,0.000000000000000000e+00,0.000000000000000000e+00,0.000000000000000000e+00,0.000000000000000000e+00,0.000000000000000000e+00,0.000000000000000000e+00,0.000000000000000000e+00,0.000000000000000000e+00,0.000000000000000000e+00,0.000000000000000000e+00,0.000000000000000000e+00,0.000000000000000000e+00,0.000000000000000000e+00,0.000000000000000000e+00,0.000000000000000000e+00,0.000000000000000000e+00,0.000000000000000000e+00,0.000000000000000000e+00,0.000000000000000000e+00,0.000000000000000000e+00,0.000000000000000000e+00,0.000000000000000000e+00,0.000000000000000000e+00,0.000000000000000000e+00,0.000000000000000000e+00,0.000000000000000000e+00,0.000000000000000000e+00,0.000000000000000000e+00,0.000000000000000000e+00,0.000000000000000000e+00,0.000000000000000000e+00,0.000000000000000000e+00,0.000000000000000000e+00,0.000000000000000000e+00,0.000000000000000000e+00,0.000000000000000000e+00,0.000000000000000000e+00,0.000000000000000000e+00,0.000000000000000000e+00,0.000000000000000000e+00,0.000000000000000000e+00,0.000000000000000000e+00,0.000000000000000000e+00,0.000000000000000000e+00,0.000000000000000000e+00,0.000000000000000000e+00,0.000000000000000000e+00,0.000000000000000000e+00,0.000000000000000000e+00,0.000000000000000000e+00,0.000000000000000000e+00,0.000000000000000000e+00,0.000000000000000000e+00,0.000000000000000000e+00,0.000000000000000000e+00,0.000000000000000000e+00,0.000000000000000000e+00,0.000000000000000000e+00,0.000000000000000000e+00,0.000000000000000000e+00,0.000000000000000000e+00,0.000000000000000000e+00,0.000000000000000000e+00,0.000000000000000000e+00,0.000000000000000000e+00,0.000000000000000000e+00,0.000000000000000000e+00,0.000000000000000000e+00,0.000000000000000000e+00,0.000000000000000000e+00,0.000000000000000000e+00,0.000000000000000000e+00,0.000000000000000000e+00,0.000000000000000000e+00,0.000000000000000000e+00,0.000000000000000000e+00,0.000000000000000000e+00,0.000000000000000000e+00,0.000000000000000000e+00,0.000000000000000000e+00,0.000000000000000000e+00,0.000000000000000000e+00,0.000000000000000000e+00,0.000000000000000000e+00,0.000000000000000000e+00,0.000000000000000000e+00,0.000000000000000000e+00,0.000000000000000000e+00,0.000000000000000000e+00,0.000000000000000000e+00,0.000000000000000000e+00,0.000000000000000000e+00,0.000000000000000000e+00,0.000000000000000000e+00,0.000000000000000000e+00,0.000000000000000000e+00,0.000000000000000000e+00,0.000000000000000000e+00,0.000000000000000000e+00,0.000000000000000000e+00,0.000000000000000000e+00,0.000000000000000000e+00,0.000000000000000000e+00,0.000000000000000000e+00,0.000000000000000000e+00,0.000000000000000000e+00,0.000000000000000000e+00,0.000000000000000000e+00,0.000000000000000000e+00,0.000000000000000000e+00,0.000000000000000000e+00,0.000000000000000000e+00,0.000000000000000000e+00,0.000000000000000000e+00,0.000000000000000000e+00,0.000000000000000000e+00,0.000000000000000000e+00,0.000000000000000000e+00,0.000000000000000000e+00,0.000000000000000000e+00,0.000000000000000000e+00,0.000000000000000000e+00,0.000000000000000000e+00,0.000000000000000000e+00,0.000000000000000000e+00,0.000000000000000000e+00,0.000000000000000000e+00,0.000000000000000000e+00,0.000000000000000000e+00,0.000000000000000000e+00,0.000000000000000000e+00,0.000000000000000000e+00,0.000000000000000000e+00,0.000000000000000000e+00,0.000000000000000000e+00,0.000000000000000000e+00,0.000000000000000000e+00,0.000000000000000000e+00,0.000000000000000000e+00,0.000000000000000000e+00,0.000000000000000000e+00
ETAP,0.000000000000000000e+00,0.000000000000000000e+00,0.000000000000000000e+00,0.000000000000000000e+00,0.000000000000000000e+00,0.000000000000000000e+00,0.000000000000000000e+00,0.000000000000000000e+00,0.000000000000000000e+00,0.000000000000000000e+00,0.000000000000000000e+00,0.000000000000000000e+00,0.000000000000000000e+00,0.000000000000000000e+00,0.000000000000000000e+00,0.000000000000000000e+00,0.000000000000000000e+00,0.000000000000000000e+00,0.000000000000000000e+00,0.000000000000000000e+00,0.000000000000000000e+00,0.000000000000000000e+00,0.000000000000000000e+00,0.000000000000000000e+00,0.000000000000000000e+00,0.000000000000000000e+00,0.000000000000000000e+00,0.000000000000000000e+00,0.000000000000000000e+00,0.000000000000000000e+00,0.000000000000000000e+00,0.000000000000000000e+00,0.000000000000000000e+00,0.000000000000000000e+00,0.000000000000000000e+00,0.000000000000000000e+00,0.000000000000000000e+00,0.000000000000000000e+00,0.000000000000000000e+00,0.000000000000000000e+00,0.000000000000000000e+00,0.000000000000000000e+00,0.000000000000000000e+00,0.000000000000000000e+00,0.000000000000000000e+00,0.000000000000000000e+00,0.000000000000000000e+00,0.000000000000000000e+00,0.000000000000000000e+00,0.000000000000000000e+00,0.000000000000000000e+00,0.000000000000000000e+00,0.000000000000000000e+00,0.000000000000000000e+00,0.000000000000000000e+00,0.000000000000000000e+00,0.000000000000000000e+00,0.000000000000000000e+00,0.000000000000000000e+00,0.000000000000000000e+00,0.000000000000000000e+00,0.000000000000000000e+00,0.000000000000000000e+00,0.000000000000000000e+00,0.000000000000000000e+00,0.000000000000000000e+00,0.000000000000000000e+00,0.000000000000000000e+00,0.000000000000000000e+00,0.000000000000000000e+00,0.000000000000000000e+00,0.000000000000000000e+00,0.000000000000000000e+00,0.000000000000000000e+00,0.000000000000000000e+00,0.000000000000000000e+00,0.000000000000000000e+00,0.000000000000000000e+00,0.000000000000000000e+00,0.000000000000000000e+00,0.000000000000000000e+00,0.000000000000000000e+00,0.000000000000000000e+00,0.000000000000000000e+00,0.000000000000000000e+00,0.000000000000000000e+00,0.000000000000000000e+00,0.000000000000000000e+00,0.000000000000000000e+00,0.000000000000000000e+00,0.000000000000000000e+00,0.000000000000000000e+00,0.000000000000000000e+00,0.000000000000000000e+00,0.000000000000000000e+00,0.000000000000000000e+00,0.000000000000000000e+00,0.000000000000000000e+00,0.000000000000000000e+00,0.000000000000000000e+00,0.000000000000000000e+00,0.000000000000000000e+00,0.000000000000000000e+00,0.000000000000000000e+00,0.000000000000000000e+00,0.000000000000000000e+00,0.000000000000000000e+00,0.000000000000000000e+00,0.000000000000000000e+00,0.000000000000000000e+00,0.000000000000000000e+00,0.000000000000000000e+00,0.000000000000000000e+00,0.000000000000000000e+00,0.000000000000000000e+00,0.000000000000000000e+00,0.000000000000000000e+00,0.000000000000000000e+00,0.000000000000000000e+00,0.000000000000000000e+00,0.000000000000000000e+00,0.000000000000000000e+00,0.000000000000000000e+00,0.000000000000000000e+00,0.000000000000000000e+00,0.000000000000000000e+00,0.000000000000000000e+00,0.000000000000000000e+00,0.000000000000000000e+00,0.000000000000000000e+00,0.000000000000000000e+00,0.000000000000000000e+00,0.000000000000000000e+00,0.000000000000000000e+00,0.000000000000000000e+00,0.000000000000000000e+00,0.000000000000000000e+00,0.000000000000000000e+00,0.000000000000000000e+00,0.000000000000000000e+00,0.000000000000000000e+00,0.000000000000000000e+00,0.000000000000000000e+00,0.000000000000000000e+00,0.000000000000000000e+00,0.000000000000000000e+00,0.000000000000000000e+00,0.000000000000000000e+00,0.000000000000000000e+00,0.000000000000000000e+00,0.000000000000000000e+00,0.000000000000000000e+00,0.000000000000000000e+00,0.000000000000000000e+00,0.000000000000000000e+00,0.000000000000000000e+00,0.000000000000000000e+00,0.000000000000000000e+00,0.000000000000000000e+00,0.000000000000000000e+00,0.000000000000000000e+00,0.000000000000000000e+00,0.000000000000000000e+00,0.000000000000000000e+00,0.000000000000000000e+00,0.000000000000000000e+00,0.000000000000000000e+00,0.000000000000000000e+00,0.000000000000000000e+00,0.000000000000000000e+00,0.000000000000000000e+00,0.000000000000000000e+00,0.000000000000000000e+00,0.000000000000000000e+00,0.000000000000000000e+00,0.000000000000000000e+00,0.000000000000000000e+00,0.000000000000000000e+00,0.000000000000000000e+00,0.000000000000000000e+00,0.000000000000000000e+00,0.000000000000000000e+00,0.000000000000000000e+00,0.000000000000000000e+00,0.000000000000000000e+00,0.000000000000000000e+00,0.000000000000000000e+00,0.000000000000000000e+00,0.000000000000000000e+00,0.000000000000000000e+00,0.000000000000000000e+00,0.000000000000000000e+00,0.000000000000000000e+00,0.000000000000000000e+00,0.000000000000000000e+00,0.000000000000000000e+00,0.000000000000000000e+00,0.000000000000000000e+00,0.000000000000000000e+00,0.000000000000000000e+00,0.000000000000000000e+00,0.000000000000000000e+00,0.000000000000000000e+00,0.000000000000000000e+00,0.000000000000000000e+00,0.000000000000000000e+00,0.000000000000000000e+00,0.000000000000000000e+00,0.000000000000000000e+00,0.000000000000000000e+00,0.000000000000000000e+00,0.000000000000000000e+00,0.000000000000000000e+00,0.000000000000000000e+00,0.000000000000000000e+00,0.000000000000000000e+00,0.000000000000000000e+00,0.000000000000000000e+00,0.000000000000000000e+00,0.000000000000000000e+00,0.000000000000000000e+00,0.000000000000000000e+00,0.000000000000000000e+00,0.000000000000000000e+00,0.000000000000000000e+00,0.000000000000000000e+00,0.000000000000000000e+00,0.000000000000000000e+00,0.000000000000000000e+00,0.000000000000000000e+00,0.000000000000000000e+00,0.000000000000000000e+00,0.000000000000000000e+00,0.000000000000000000e+00,0.000000000000000000e+00,0.000000000000000000e+00,0.000000000000000000e+00,0.000000000000000000e+00
FC_AoA_,0.000000000000000000e+00
FC_Beta_,0.000000000000000000e+00
FC_Bref_,1.639999999999999858e+01
FC_Cref_,1.881000000000000005e+00
FC_Mach_,6.339999999999999802e-02
FC_Pitch_Rate,0.000000000000000000e+00
FC_Rho_,1.225000000000000089e+00
FC_Roll__Rate,0.000000000000000000e+00
FC_Sref_,3.000000340000000065e+01
FC_Vinf_,2.216000000000000014e+01
FC_Xcg_,3.373740000000000183e+00
FC_Yaw___Rate,0.000000000000000000e+00
FC_Ycg_,0.000000000000000000e+00
FC_Zcg_,0.000000000000000000e+00
FOM,0.000000000000000000e+00,0.000000000000000000e+00,0.000000000000000000e+00,0.000000000000000000e+00,0.000000000000000000e+00,0.000000000000000000e+00,0.000000000000000000e+00,0.000000000000000000e+00,0.000000000000000000e+00,0.000000000000000000e+00,0.000000000000000000e+00,0.000000000000000000e+00,0.000000000000000000e+00,0.000000000000000000e+00,0.000000000000000000e+00,0.000000000000000000e+00,0.000000000000000000e+00,0.000000000000000000e+00,0.000000000000000000e+00,0.000000000000000000e+00,0.000000000000000000e+00,0.000000000000000000e+00,0.000000000000000000e+00,0.000000000000000000e+00,0.000000000000000000e+00,0.000000000000000000e+00,0.000000000000000000e+00,0.000000000000000000e+00,0.000000000000000000e+00,0.000000000000000000e+00,0.000000000000000000e+00,0.000000000000000000e+00,0.000000000000000000e+00,0.000000000000000000e+00,0.000000000000000000e+00,0.000000000000000000e+00,0.000000000000000000e+00,0.000000000000000000e+00,0.000000000000000000e+00,0.000000000000000000e+00,0.000000000000000000e+00,0.000000000000000000e+00,0.000000000000000000e+00,0.000000000000000000e+00,0.000000000000000000e+00,0.000000000000000000e+00,0.000000000000000000e+00,0.000000000000000000e+00,0.000000000000000000e+00,0.000000000000000000e+00,0.000000000000000000e+00,0.000000000000000000e+00,0.000000000000000000e+00,0.000000000000000000e+00,0.000000000000000000e+00,0.000000000000000000e+00,0.000000000000000000e+00,0.000000000000000000e+00,0.000000000000000000e+00,0.000000000000000000e+00,0.000000000000000000e+00,0.000000000000000000e+00,0.000000000000000000e+00,0.000000000000000000e+00,0.000000000000000000e+00,0.000000000000000000e+00,0.000000000000000000e+00,0.000000000000000000e+00,0.000000000000000000e+00,0.000000000000000000e+00,0.000000000000000000e+00,0.000000000000000000e+00,0.000000000000000000e+00,0.000000000000000000e+00,0.000000000000000000e+00,0.000000000000000000e+00,0.000000000000000000e+00,0.000000000000000000e+00,0.000000000000000000e+00,0.000000000000000000e+00,0.000000000000000000e+00,0.000000000000000000e+00,0.000000000000000000e+00,0.000000000000000000e+00,0.000000000000000000e+00,0.000000000000000000e+00,0.000000000000000000e+00,0.000000000000000000e+00,0.000000000000000000e+00,0.000000000000000000e+00,0.000000000000000000e+00,0.000000000000000000e+00,0.000000000000000000e+00,0.000000000000000000e+00,0.000000000000000000e+00,0.000000000000000000e+00,0.000000000000000000e+00,0.000000000000000000e+00,0.000000000000000000e+00,0.000000000000000000e+00,0.000000000000000000e+00,0.000000000000000000e+00,0.000000000000000000e+00,0.000000000000000000e+00,0.000000000000000000e+00,0.000000000000000000e+00,0.000000000000000000e+00,0.000000000000000000e+00,0.000000000000000000e+00,0.000000000000000000e+00,0.000000000000000000e+00,0.000000000000000000e+00,0.000000000000000000e+00,0.000000000000000000e+00,0.000000000000000000e+00,0.000000000000000000e+00,0.000000000000000000e+00,0.000000000000000000e+00,0.000000000000000000e+00,0.000000000000000000e+00,0.000000000000000000e+00,0.000000000000000000e+00,0.000000000000000000e+00,0.000000000000000000e+00,0.000000000000000000e+00,0.000000000000000000e+00,0.000000000000000000e+00,0.000000000000000000e+00,0.000000000000000000e+00,0.000000000000000000e+00,0.000000000000000000e+00,0.000000000000000000e+00,0.000000000000000000e+00,0.000000000000000000e+00,0.000000000000000000e+00,0.000000000000000000e+00,0.000000000000000000e+00,0.000000000000000000e+00,0.000000000000000000e+00,0.000000000000000000e+00,0.000000000000000000e+00,0.000000000000000000e+00,0.000000000000000000e+00,0.000000000000000000e+00,0.000000000000000000e+00,0.000000000000000000e+00,0.000000000000000000e+00,0.000000000000000000e+00,0.000000000000000000e+00,0.000000000000000000e+00,0.000000000000000000e+00,0.000000000000000000e+00,0.000000000000000000e+00,0.000000000000000000e+00,0.000000000000000000e+00,0.000000000000000000e+00,0.000000000000000000e+00,0.000000000000000000e+00,0.000000000000000000e+00,0.000000000000000000e+00,0.000000000000000000e+00,0.000000000000000000e+00,0.000000000000000000e+00,0.000000000000000000e+00,0.000000000000000000e+00,0.000000000000000000e+00,0.000000000000000000e+00,0.000000000000000000e+00,0.000000000000000000e+00,0.000000000000000000e+00,0.000000000000000000e+00,0.000000000000000000e+00,0.000000000000000000e+00,0.000000000000000000e+00,0.000000000000000000e+00,0.000000000000000000e+00,0.000000000000000000e+00,0.000000000000000000e+00,0.000000000000000000e+00,0.000000000000000000e+00,0.000000000000000000e+00,0.000000000000000000e+00,0.000000000000000000e+00,0.000000000000000000e+00,0.000000000000000000e+00,0.000000000000000000e+00,0.000000000000000000e+00,0.000000000000000000e+00,0.000000000000000000e+00,0.000000000000000000e+00,0.000000000000000000e+00,0.000000000000000000e+00,0.000000000000000000e+00,0.000000000000000000e+00,0.000000000000000000e+00,0.000000000000000000e+00,0.000000000000000000e+00,0.000000000000000000e+00,0.000000000000000000e+00,0.000000000000000000e+00,0.000000000000000000e+00,0.000000000000000000e+00,0.000000000000000000e+00,0.000000000000000000e+00,0.000000000000000000e+00,0.000000000000000000e+00,0.000000000000000000e+00,0.000000000000000000e+00,0.000000000000000000e+00,0.000000000000000000e+00,0.000000000000000000e+00,0.000000000000000000e+00,0.000000000000000000e+00,0.000000000000000000e+00,0.000000000000000000e+00,0.000000000000000000e+00,0.000000000000000000e+00,0.000000000000000000e+00,0.000000000000000000e+00,0.000000000000000000e+00,0.000000000000000000e+00,0.000000000000000000e+00,0.000000000000000000e+00,0.000000000000000000e+00,0.000000000000000000e+00,0.000000000000000000e+00,0.000000000000000000e+00,0.000000000000000000e+00,0.000000000000000000e+00,0.000000000000000000e+00,0.000000000000000000e+00,0.000000000000000000e+00,0.000000000000000000e+00,0.000000000000000000e+00,0.000000000000000000e+00,0.000000000000000000e+00,0.000000000000000000e+00,0.000000000000000000e+00
IsARotor,0,0,0,0,0,0,0,0,0,0,0,0,0,0,0,0,0,0,0,0,0,0,0,0,0,0,0,0,0,0,0,0,0,0,0,0,0,0,0,0,0,0,0,0,0,0,0,0,0,0,0,0,0,0,0,0,0,0,0,0,0,0,0,0,0,0,0,0,0,0,0,0,0,0,0,0,0,0,0,0,0,0,0,0,0,0,0,0,0,0,0,0,0,0,0,0,0,0,0,0,0,0,0,0,0,0,0,0,0,0,0,0,0,0,0,0,0,0,0,0,0,0,0,0,0,0,0,0,0,0,0,0,0,0,0,0,0,0,0,0,0,0,0,0,0,0,0,0,0,0,0,0,0,0,0,0,0,0,0,0,0,0,0,0,0,0,0,0,0,0,0,0,0,0,0,0,0,0,0,0,0,0,0,0,0,0,0,0,0,0,0,0,0,0,0,0,0,0,0,0,0,0,0,0,0,0,0,0,0,0,0,0,0,0,0,0,0,0,0,0,0,0,0,0,0,0,0,0,0,0,0,0,0,0,0,0,0,0
Iter,20,20,20,20,20,20,20,20,20,20,20,20,20,20,20,20,20,20,20,20,20,20,20,20,20,20,20,20,20,20,20,20,20,20,20,20,20,20,20,20,20,20,20,20,20,20,20,20,20,20,20,20,20,20,20,20,20,20,20,20,20,20,20,20,20,20,20,20,20,20,20,20,20,20,20,20,20,20,20,20,20,20,20,20,20,20,20,20,20,20,20,20,20,20,20,20,20,20,20,20,20,20,20,20,20,20,20,20,20,20,20,20,20,20,20,20,20,20,20,20,20,20,20,20,20,20,20,20,20,20,20,20,20,20,20,20,20,20,20,20,20,20,20,20,20,20,20,20,20,20,20,20,20,20,20,20,20,20,20,20,20,20,20,20,20,20,20,20,20,20,20,20,20,20,20,20,20,20,20,20,20,20,20,20,20,20,20,20,20,20,20,20,20,20,20,20,20,20,20,20,20,20,20,20,20,20,20,20,20,20,20,20,20,20,20,20,20,20,20,20,20,20,20,20,20,20,20,20,20,20,20,20,20,20,20,20,20,20
J,0.000000000000000000e+00,0.000000000000000000e+00,0.000000000000000000e+00,0.000000000000000000e+00,0.000000000000000000e+00,0.000000000000000000e+00,0.000000000000000000e+00,0.000000000000000000e+00,0.000000000000000000e+00,0.000000000000000000e+00,0.000000000000000000e+00,0.000000000000000000e+00,0.000000000000000000e+00,0.000000000000000000e+00,0.000000000000000000e+00,0.000000000000000000e+00,0.000000000000000000e+00,0.000000000000000000e+00,0.000000000000000000e+00,0.000000000000000000e+00,0.000000000000000000e+00,0.000000000000000000e+00,0.000000000000000000e+00,0.000000000000000000e+00,0.000000000000000000e+00,0.000000000000000000e+00,0.000000000000000000e+00,0.000000000000000000e+00,0.000000000000000000e+00,0.000000000000000000e+00,0.000000000000000000e+00,0.000000000000000000e+00,0.000000000000000000e+00,0.000000000000000000e+00,0.000000000000000000e+00,0.000000000000000000e+00,0.000000000000000000e+00,0.000000000000000000e+00,0.000000000000000000e+00,0.000000000000000000e+00,0.000000000000000000e+00,0.000000000000000000e+00,0.000000000000000000e+00,0.000000000000000000e+00,0.000000000000000000e+00,0.000000000000000000e+00,0.000000000000000000e+00,0.000000000000000000e+00,0.000000000000000000e+00,0.000000000000000000e+00,0.000000000000000000e+00,0.000000000000000000e+00,0.000000000000000000e+00,0.000000000000000000e+00,0.000000000000000000e+00,0.000000000000000000e+00,0.000000000000000000e+00,0.000000000000000000e+00,0.000000000000000000e+00,0.000000000000000000e+00,0.000000000000000000e+00,0.000000000000000000e+00,0.000000000000000000e+00,0.000000000000000000e+00,0.000000000000000000e+00,0.000000000000000000e+00,0.000000000000000000e+00,0.000000000000000000e+00,0.000000000000000000e+00,0.000000000000000000e+00,0.000000000000000000e+00,0.000000000000000000e+00,0.000000000000000000e+00,0.000000000000000000e+00,0.000000000000000000e+00,0.000000000000000000e+00,0.000000000000000000e+00,0.000000000000000000e+00,0.000000000000000000e+00,0.000000000000000000e+00,0.000000000000000000e+00,0.000000000000000000e+00,0.000000000000000000e+00,0.000000000000000000e+00,0.000000000000000000e+00,0.000000000000000000e+00,0.000000000000000000e+00,0.000000000000000000e+00,0.000000000000000000e+00,0.000000000000000000e+00,0.000000000000000000e+00,0.000000000000000000e+00,0.000000000000000000e+00,0.000000000000000000e+00,0.000000000000000000e+00,0.000000000000000000e+00,0.000000000000000000e+00,0.000000000000000000e+00,0.000000000000000000e+00,0.000000000000000000e+00,0.000000000000000000e+00,0.000000000000000000e+00,0.000000000000000000e+00,0.000000000000000000e+00,0.000000000000000000e+00,0.000000000000000000e+00,0.000000000000000000e+00,0.000000000000000000e+00,0.000000000000000000e+00,0.000000000000000000e+00,0.000000000000000000e+00,0.000000000000000000e+00,0.000000000000000000e+00,0.000000000000000000e+00,0.000000000000000000e+00,0.000000000000000000e+00,0.000000000000000000e+00,0.000000000000000000e+00,0.000000000000000000e+00,0.000000000000000000e+00,0.000000000000000000e+00,0.000000000000000000e+00,0.000000000000000000e+00,0.000000000000000000e+00,0.000000000000000000e+00,0.000000000000000000e+00,0.000000000000000000e+00,0.000000000000000000e+00,0.000000000000000000e+00,0.000000000000000000e+00,0.000000000000000000e+00,0.000000000000000000e+00,0.000000000000000000e+00,0.000000000000000000e+00,0.000000000000000000e+00,0.000000000000000000e+00,0.000000000000000000e+00,0.000000000000000000e+00,0.000000000000000000e+00,0.000000000000000000e+00,0.000000000000000000e+00,0.000000000000000000e+00,0.000000000000000000e+00,0.000000000000000000e+00,0.000000000000000000e+00,0.000000000000000000e+00,0.000000000000000000e+00,0.000000000000000000e+00,0.000000000000000000e+00,0.000000000000000000e+00,0.000000000000000000e+00,0.000000000000000000e+00,0.000000000000000000e+00,0.000000000000000000e+00,0.000000000000000000e+00,0.000000000000000000e+00,0.000000000000000000e+00,0.000000000000000000e+00,0.000000000000000000e+00,0.000000000000000000e+00,0.000000000000000000e+00,0.000000000000000000e+00,0.000000000000000000e+00,0.000000000000000000e+00,0.000000000000000000e+00,0.000000000000000000e+00,0.000000000000000000e+00,0.000000000000000000e+00,0.000000000000000000e+00,0.000000000000000000e+00,0.000000000000000000e+00,0.000000000000000000e+00,0.000000000000000000e+00,0.000000000000000000e+00,0.000000000000000000e+00,0.000000000000000000e+00,0.000000000000000000e+00,0.000000000000000000e+00,0.000000000000000000e+00,0.000000000000000000e+00,0.000000000000000000e+00,0.000000000000000000e+00,0.000000000000000000e+00,0.000000000000000000e+00,0.000000000000000000e+00,0.000000000000000000e+00,0.000000000000000000e+00,0.000000000000000000e+00,0.000000000000000000e+00,0.000000000000000000e+00,0.000000000000000000e+00,0.000000000000000000e+00,0.000000000000000000e+00,0.000000000000000000e+00,0.000000000000000000e+00,0.000000000000000000e+00,0.000000000000000000e+00,0.000000000000000000e+00,0.000000000000000000e+00,0.000000000000000000e+00,0.000000000000000000e+00,0.000000000000000000e+00,0.000000000000000000e+00,0.000000000000000000e+00,0.000000000000000000e+00,0.000000000000000000e+00,0.000000000000000000e+00,0.000000000000000000e+00,0.000000000000000000e+00,0.000000000000000000e+00,0.000000000000000000e+00,0.000000000000000000e+00,0.000000000000000000e+00,0.000000000000000000e+00,0.000000000000000000e+00,0.000000000000000000e+00,0.000000000000000000e+00,0.000000000000000000e+00,0.000000000000000000e+00,0.000000000000000000e+00,0.000000000000000000e+00,0.000000000000000000e+00,0.000000000000000000e+00,0.000000000000000000e+00,0.000000000000000000e+00,0.000000000000000000e+00,0.000000000000000000e+00,0.000000000000000000e+00,0.000000000000000000e+00,0.000000000000000000e+00,0.000000000000000000e+00,0.000000000000000000e+00,0.000000000000000000e+00,0.000000000000000000e+00,0.000000000000000000e+00,0.000000000000000000e+00,0.000000000000000000e+00,0.000000000000000000e+00
Moment,0.000000000000000000e+00,0.000000000000000000e+00,0.000000000000000000e+00,0.000000000000000000e+00,0.000000000000000000e+00,0.000000000000000000e+00,0.000000000000000000e+00,0.000000000000000000e+00,0.000000000000000000e+00,0.000000000000000000e+00,0.000000000000000000e+00,0.000000000000000000e+00,0.000000000000000000e+00,0.000000000000000000e+00,0.000000000000000000e+00,0.000000000000000000e+00,0.000000000000000000e+00,0.000000000000000000e+00,0.000000000000000000e+00,0.000000000000000000e+00,0.000000000000000000e+00,0.000000000000000000e+00,0.000000000000000000e+00,0.000000000000000000e+00,0.000000000000000000e+00,0.000000000000000000e+00,0.000000000000000000e+00,0.000000000000000000e+00,0.000000000000000000e+00,0.000000000000000000e+00,0.000000000000000000e+00,0.000000000000000000e+00,0.000000000000000000e+00,0.000000000000000000e+00,0.000000000000000000e+00,0.000000000000000000e+00,0.000000000000000000e+00,0.000000000000000000e+00,0.000000000000000000e+00,0.000000000000000000e+00,0.000000000000000000e+00,0.000000000000000000e+00,0.000000000000000000e+00,0.000000000000000000e+00,0.000000000000000000e+00,0.000000000000000000e+00,0.000000000000000000e+00,0.000000000000000000e+00,0.000000000000000000e+00,0.000000000000000000e+00,0.000000000000000000e+00,0.000000000000000000e+00,0.000000000000000000e+00,0.000000000000000000e+00,0.000000000000000000e+00,0.000000000000000000e+00,0.000000000000000000e+00,0.000000000000000000e+00,0.000000000000000000e+00,0.000000000000000000e+00,0.000000000000000000e+00,0.000000000000000000e+00,0.000000000000000000e+00,0.000000000000000000e+00,0.000000000000000000e+00,0.000000000000000000e+00,0.000000000000000000e+00,0.000000000000000000e+00,0.000000000000000000e+00,0.000000000000000000e+00,0.000000000000000000e+00,0.000000000000000000e+00,0.000000000000000000e+00,0.000000000000000000e+00,0.000000000000000000e+00,0.000000000000000000e+00,0.000000000000000000e+00,0.000000000000000000e+00,0.000000000000000000e+00,0.000000000000000000e+00,0.000000000000000000e+00,0.000000000000000000e+00,0.000000000000000000e+00,0.000000000000000000e+00,0.000000000000000000e+00,0.000000000000000000e+00,0.000000000000000000e+00,0.000000000000000000e+00,0.000000000000000000e+00,0.000000000000000000e+00,0.000000000000000000e+00,0.000000000000000000e+00,0.000000000000000000e+00,0.000000000000000000e+00,0.000000000000000000e+00,0.000000000000000000e+00,0.000000000000000000e+00,0.000000000000000000e+00,0.000000000000000000e+00,0.000000000000000000e+00,0.000000000000000000e+00,0.000000000000000000e+00,0.000000000000000000e+00,0.000000000000000000e+00,0.000000000000000000e+00,0.000000000000000000e+00,0.000000000000000000e+00,0.000000000000000000e+00,0.000000000000000000e+00,0.000000000000000000e+00,0.000000000000000000e+00,0.000000000000000000e+00,0.000000000000000000e+00,0.000000000000000000e+00,0.000000000000000000e+00,0.000000000000000000e+00,0.000000000000000000e+00,0.000000000000000000e+00,0.000000000000000000e+00,0.000000000000000000e+00,0.000000000000000000e+00,0.000000000000000000e+00,0.000000000000000000e+00,0.000000000000000000e+00,0.000000000000000000e+00,0.000000000000000000e+00,0.000000000000000000e+00,0.000000000000000000e+00,0.000000000000000000e+00,0.000000000000000000e+00,0.000000000000000000e+00,0.000000000000000000e+00,0.000000000000000000e+00,0.000000000000000000e+00,0.000000000000000000e+00,0.000000000000000000e+00,0.000000000000000000e+00,0.000000000000000000e+00,0.000000000000000000e+00,0.000000000000000000e+00,0.000000000000000000e+00,0.000000000000000000e+00,0.000000000000000000e+00,0.000000000000000000e+00,0.000000000000000000e+00,0.000000000000000000e+00,0.000000000000000000e+00,0.000000000000000000e+00,0.000000000000000000e+00,0.000000000000000000e+00,0.000000000000000000e+00,0.000000000000000000e+00,0.000000000000000000e+00,0.000000000000000000e+00,0.000000000000000000e+00,0.000000000000000000e+00,0.000000000000000000e+00,0.000000000000000000e+00,0.000000000000000000e+00,0.000000000000000000e+00,0.000000000000000000e+00,0.000000000000000000e+00,0.000000000000000000e+00,0.000000000000000000e+00,0.000000000000000000e+00,0.000000000000000000e+00,0.000000000000000000e+00,0.000000000000000000e+00,0.000000000000000000e+00,0.000000000000000000e+00,0.000000000000000000e+00,0.000000000000000000e+00,0.000000000000000000e+00,0.000000000000000000e+00,0.000000000000000000e+00,0.000000000000000000e+00,0.000000000000000000e+00,0.000000000000000000e+00,0.000000000000000000e+00,0.000000000000000000e+00,0.000000000000000000e+00,0.000000000000000000e+00,0.000000000000000000e+00,0.000000000000000000e+00,0.000000000000000000e+00,0.000000000000000000e+00,0.000000000000000000e+00,0.000000000000000000e+00,0.000000000000000000e+00,0.000000000000000000e+00,0.000000000000000000e+00,0.000000000000000000e+00,0.000000000000000000e+00,0.000000000000000000e+00,0.000000000000000000e+00,0.000000000000000000e+00,0.000000000000000000e+00,0.000000000000000000e+00,0.000000000000000000e+00,0.000000000000000000e+00,0.000000000000000000e+00,0.000000000000000000e+00,0.000000000000000000e+00,0.000000000000000000e+00,0.000000000000000000e+00,0.000000000000000000e+00,0.000000000000000000e+00,0.000000000000000000e+00,0.000000000000000000e+00,0.000000000000000000e+00,0.000000000000000000e+00,0.000000000000000000e+00,0.000000000000000000e+00,0.000000000000000000e+00,0.000000000000000000e+00,0.000000000000000000e+00,0.000000000000000000e+00,0.000000000000000000e+00,0.000000000000000000e+00,0.000000000000000000e+00,0.000000000000000000e+00,0.000000000000000000e+00,0.000000000000000000e+00,0.000000000000000000e+00,0.000000000000000000e+00,0.000000000000000000e+00,0.000000000000000000e+00,0.000000000000000000e+00,0.000000000000000000e+00,0.000000000000000000e+00,0.000000000000000000e+00,0.000000000000000000e+00,0.000000000000000000e+00,0.000000000000000000e+00,0.000000000000000000e+00,0.000000000000000000e+00,0.000000000000000000e+00,0.000000000000000000e+00
Momenti,0.000000000000000000e+00,0.000000000000000000e+00,0.000000000000000000e+00,0.000000000000000000e+00,0.000000000000000000e+00,0.000000000000000000e+00,0.000000000000000000e+00,0.000000000000000000e+00,0.000000000000000000e+00,0.000000000000000000e+00,0.000000000000000000e+00,0.000000000000000000e+00,0.000000000000000000e+00,0.000000000000000000e+00,0.000000000000000000e+00,0.000000000000000000e+00,0.000000000000000000e+00,0.000000000000000000e+00,0.000000000000000000e+00,0.000000000000000000e+00,0.000000000000000000e+00,0.000000000000000000e+00,0.000000000000000000e+00,0.000000000000000000e+00,0.000000000000000000e+00,0.000000000000000000e+00,0.000000000000000000e+00,0.000000000000000000e+00,0.000000000000000000e+00,0.000000000000000000e+00,0.000000000000000000e+00,0.000000000000000000e+00,0.000000000000000000e+00,0.000000000000000000e+00,0.000000000000000000e+00,0.000000000000000000e+00,0.000000000000000000e+00,0.000000000000000000e+00,0.000000000000000000e+00,0.000000000000000000e+00,0.000000000000000000e+00,0.000000000000000000e+00,0.000000000000000000e+00,0.000000000000000000e+00,0.000000000000000000e+00,0.000000000000000000e+00,0.000000000000000000e+00,0.000000000000000000e+00,0.000000000000000000e+00,0.000000000000000000e+00,0.000000000000000000e+00,0.000000000000000000e+00,0.000000000000000000e+00,0.000000000000000000e+00,0.000000000000000000e+00,0.000000000000000000e+00,0.000000000000000000e+00,0.000000000000000000e+00,0.000000000000000000e+00,0.000000000000000000e+00,0.000000000000000000e+00,0.000000000000000000e+00,0.000000000000000000e+00,0.000000000000000000e+00,0.000000000000000000e+00,0.000000000000000000e+00,0.000000000000000000e+00,0.000000000000000000e+00,0.000000000000000000e+00,0.000000000000000000e+00,0.000000000000000000e+00,0.000000000000000000e+00,0.000000000000000000e+00,0.000000000000000000e+00,0.000000000000000000e+00,0.000000000000000000e+00,0.000000000000000000e+00,0.000000000000000000e+00,0.000000000000000000e+00,0.000000000000000000e+00,0.000000000000000000e+00,0.000000000000000000e+00,0.000000000000000000e+00,0.000000000000000000e+00,0.000000000000000000e+00,0.000000000000000000e+00,0.000000000000000000e+00,0.000000000000000000e+00,0.000000000000000000e+00,0.000000000000000000e+00,0.000000000000000000e+00,0.000000000000000000e+00,0.000000000000000000e+00,0.000000000000000000e+00,0.000000000000000000e+00,0.000000000000000000e+00,0.000000000000000000e+00,0.000000000000000000e+00,0.000000000000000000e+00,0.000000000000000000e+00,0.000000000000000000e+00,0.000000000000000000e+00,0.000000000000000000e+00,0.000000000000000000e+00,0.000000000000000000e+00,0.000000000000000000e+00,0.000000000000000000e+00,0.000000000000000000e+00,0.000000000000000000e+00,0.000000000000000000e+00,0.000000000000000000e+00,0.000000000000000000e+00,0.000000000000000000e+00,0.000000000000000000e+00,0.000000000000000000e+00,0.000000000000000000e+00,0.000000000000000000e+00,0.000000000000000000e+00,0.000000000000000000e+00,0.000000000000000000e+00,0.000000000000000000e+00,0.000000000000000000e+00,0.000000000000000000e+00,0.000000000000000000e+00,0.000000000000000000e+00,0.000000000000000000e+00,0.000000000000000000e+00,0.000000000000000000e+00,0.000000000000000000e+00,0.000000000000000000e+00,0.000000000000000000e+00,0.000000000000000000e+00,0.000000000000000000e+00,0.000000000000000000e+00,0.000000000000000000e+00,0.000000000000000000e+00,0.000000000000000000e+00,0.000000000000000000e+00,0.000000000000000000e+00,0.000000000000000000e+00,0.000000000000000000e+00,0.000000000000000000e+00,0.000000000000000000e+00,0.000000000000000000e+00,0.000000000000000000e+00,0.000000000000000000e+00,0.000000000000000000e+00,0.000000000000000000e+00,0.000000000000000000e+00,0.000000000000000000e+00,0.000000000000000000e+00,0.000000000000000000e+00,0.000000000000000000e+00,0.000000000000000000e+00,0.000000000000000000e+00,0.000000000000000000e+00,0.000000000000000000e+00,0.000000000000000000e+00,0.000000000000000000e+00,0.000000000000000000e+00,0.000000000000000000e+00,0.000000000000000000e+00,0.000000000000000000e+00,0.000000000000000000e+00,0.000000000000000000e+00,0.000000000000000000e+00,0.000000000000000000e+00,0.000000000000000000e+00,0.000000000000000000e+00,0.000000000000000000e+00,0.000000000000000000e+00,0.000000000000000000e+00,0.000000000000000000e+00,0.000000000000000000e+00,0.000000000000000000e+00,0.000000000000000000e+00,0.000000000000000000e+00,0.000000000000000000e+00,0.000000000000000000e+00,0.000000000000000000e+00,0.000000000000000000e+00,0.000000000000000000e+00,0.000000000000000000e+00,0.000000000000000000e+00,0.000000000000000000e+00,0.000000000000000000e+00,0.000000000000000000e+00,0.000000000000000000e+00,0.000000000000000000e+00,0.000000000000000000e+00,0.000000000000000000e+00,0.000000000000000000e+00,0.000000000000000000e+00,0.000000000000000000e+00,0.000000000000000000e+00,0.000000000000000000e+00,0.000000000000000000e+00,0.000000000000000000e+00,0.000000000000000000e+00,0.000000000000000000e+00,0.000000000000000000e+00,0.000000000000000000e+00,0.000000000000000000e+00,0.000000000000000000e+00,0.000000000000000000e+00,0.000000000000000000e+00,0.000000000000000000e+00,0.000000000000000000e+00,0.000000000000000000e+00,0.000000000000000000e+00,0.000000000000000000e+00,0.000000000000000000e+00,0.000000000000000000e+00,0.000000000000000000e+00,0.000000000000000000e+00,0.000000000000000000e+00,0.000000000000000000e+00,0.000000000000000000e+00,0.000000000000000000e+00,0.000000000000000000e+00,0.000000000000000000e+00,0.000000000000000000e+00,0.000000000000000000e+00,0.000000000000000000e+00,0.000000000000000000e+00,0.000000000000000000e+00,0.000000000000000000e+00,0.000000000000000000e+00,0.000000000000000000e+00,0.000000000000000000e+00,0.000000000000000000e+00,0.000000000000000000e+00,0.000000000000000000e+00,0.000000000000000000e+00,0.000000000000000000e+00,0.000000000000000000e+00,0.000000000000000000e+00,0.000000000000000000e+00
Momento,0.000000000000000000e+00,0.000000000000000000e+00,0.000000000000000000e+00,0.000000000000000000e+00,0.000000000000000000e+00,0.000000000000000000e+00,0.000000000000000000e+00,0.000000000000000000e+00,0.000000000000000000e+00,0.000000000000000000e+00,0.000000000000000000e+00,0.000000000000000000e+00,0.000000000000000000e+00,0.000000000000000000e+00,0.000000000000000000e+00,0.000000000000000000e+00,0.000000000000000000e+00,0.000000000000000000e+00,0.000000000000000000e+00,0.000000000000000000e+00,0.000000000000000000e+00,0.000000000000000000e+00,0.000000000000000000e+00,0.000000000000000000e+00,0.000000000000000000e+00,0.000000000000000000e+00,0.000000000000000000e+00,0.000000000000000000e+00,0.000000000000000000e+00,0.000000000000000000e+00,0.000000000000000000e+00,0.000000000000000000e+00,0.000000000000000000e+00,0.000000000000000000e+00,0.000000000000000000e+00,0.000000000000000000e+00,0.000000000000000000e+00,0.000000000000000000e+00,0.000000000000000000e+00,0.000000000000000000e+00,0.000000000000000000e+00,0.000000000000000000e+00,0.000000000000000000e+00,0.000000000000000000e+00,0.000000000000000000e+00,0.000000000000000000e+00,0.000000000000000000e+00,0.000000000000000000e+00,0.000000000000000000e+00,0.000000000000000000e+00,0.000000000000000000e+00,0.000000000000000000e+00,0.000000000000000000e+00,0.000000000000000000e+00,0.000000000000000000e+00,0.000000000000000000e+00,0.000000000000000000e+00,0.000000000000000000e+00,0.000000000000000000e+00,0.000000000000000000e+00,0.000000000000000000e+00,0.000000000000000000e+00,0.000000000000000000e+00,0.000000000000000000e+00,0.000000000000000000e+00,0.000000000000000000e+00,0.000000000000000000e+00,0.000000000000000000e+00,0.000000000000000000e+00,0.000000000000000000e+00,0.000000000000000000e+00,0.000000000000000000e+00,0.000000000000000000e+00,0.000000000000000000e+00,0.000000000000000000e+00,0.000000000000000000e+00,0.000000000000000000e+00,0.000000000000000000e+00,0.000000000000000000e+00,0.000000000000000000e+00,0.000000000000000000e+00,0.000000000000000000e+00,0.000000000000000000e+00,0.000000000000000000e+00,0.000000000000000000e+00,0.000000000000000000e+00,0.000000000000000000e+00,0.000000000000000000e+00,0.000000000000000000e+00,0.000000000000000000e+00,0.000000000000000000e+00,0.000000000000000000e+00,0.000000000000000000e+00,0.000000000000000000e+00,0.000000000000000000e+00,0.000000000000000000e+00,0.000000000000000000e+00,0.000000000000000000e+00,0.000000000000000000e+00,0.000000000000000000e+00,0.000000000000000000e+00,0.000000000000000000e+00,0.000000000000000000e+00,0.000000000000000000e+00,0.000000000000000000e+00,0.000000000000000000e+00,0.000000000000000000e+00,0.000000000000000000e+00,0.000000000000000000e+00,0.000000000000000000e+00,0.000000000000000000e+00,0.000000000000000000e+00,0.000000000000000000e+00,0.000000000000000000e+00,0.000000000000000000e+00,0.000000000000000000e+00,0.000000000000000000e+00,0.000000000000000000e+00,0.000000000000000000e+00,0.000000000000000000e+00,0.000000000000000000e+00,0.000000000000000000e+00,0.000000000000000000e+00,0.000000000000000000e+00,0.000000000000000000e+00,0.000000000000000000e+00,0.000000000000000000e+00,0.000000000000000000e+00,0.000000000000000000e+00,0.000000000000000000e+00,0.000000000000000000e+00,0.000000000000000000e+00,0.000000000000000000e+00,0.000000000000000000e+00,0.000000000000000000e+00,0.000000000000000000e+00,0.000000000000000000e+00,0.000000000000000000e+00,0.000000000000000000e+00,0.000000000000000000e+00,0.000000000000000000e+00,0.000000000000000000e+00,0.000000000000000000e+00,0.000000000000000000e+00,0.000000000000000000e+00,0.000000000000000000e+00,0.000000000000000000e+00,0.000000000000000000e+00,0.000000000000000000e+00,0.000000000000000000e+00,0.000000000000000000e+00,0.000000000000000000e+00,0.000000000000000000e+00,0.000000000000000000e+00,0.000000000000000000e+00,0.000000000000000000e+00,0.000000000000000000e+00,0.000000000000000000e+00,0.000000000000000000e+00,0.000000000000000000e+00,0.000000000000000000e+00,0.000000000000000000e+00,0.000000000000000000e+00,0.000000000000000000e+00,0.000000000000000000e+00,0.000000000000000000e+00,0.000000000000000000e+00,0.000000000000000000e+00,0.000000000000000000e+00,0.000000000000000000e+00,0.000000000000000000e+00,0.000000000000000000e+00,0.000000000000000000e+00,0.000000000000000000e+00,0.000000000000000000e+00,0.000000000000000000e+00,0.000000000000000000e+00,0.000000000000000000e+00,0.000000000000000000e+00,0.000000000000000000e+00,0.000000000000000000e+00,0.000000000000000000e+00,0.000000000000000000e+00,0.000000000000000000e+00,0.000000000000000000e+00,0.000000000000000000e+00,0.000000000000000000e+00,0.000000000000000000e+00,0.000000000000000000e+00,0.000000000000000000e+00,0.000000000000000000e+00,0.000000000000000000e+00,0.000000000000000000e+00,0.000000000000000000e+00,0.000000000000000000e+00,0.000000000000000000e+00,0.000000000000000000e+00,0.000000000000000000e+00,0.000000000000000000e+00,0.000000000000000000e+00,0.000000000000000000e+00,0.000000000000000000e+00,0.000000000000000000e+00,0.000000000000000000e+00,0.000000000000000000e+00,0.000000000000000000e+00,0.000000000000000000e+00,0.000000000000000000e+00,0.000000000000000000e+00,0.000000000000000000e+00,0.000000000000000000e+00,0.000000000000000000e+00,0.000000000000000000e+00,0.000000000000000000e+00,0.000000000000000000e+00,0.000000000000000000e+00,0.000000000000000000e+00,0.000000000000000000e+00,0.000000000000000000e+00,0.000000000000000000e+00,0.000000000000000000e+00,0.000000000000000000e+00,0.000000000000000000e+00,0.000000000000000000e+00,0.000000000000000000e+00,0.000000000000000000e+00,0.000000000000000000e+00,0.000000000000000000e+00,0.000000000000000000e+00,0.000000000000000000e+00,0.000000000000000000e+00,0.000000000000000000e+00,0.000000000000000000e+00,0.000000000000000000e+00,0.000000000000000000e+00,0.000000000000000000e+00,0.000000000000000000e+00,0.000000000000000000e+00
Power,0.000000000000000000e+00,0.000000000000000000e+00,0.000000000000000000e+00,0.000000000000000000e+00,0.000000000000000000e+00,0.000000000000000000e+00,0.000000000000000000e+00,0.000000000000000000e+00,0.000000000000000000e+00,0.000000000000000000e+00,0.000000000000000000e+00,0.000000000000000000e+00,0.000000000000000000e+00,0.000000000000000000e+00,0.000000000000000000e+00,0.000000000000000000e+00,0.000000000000000000e+00,0.000000000000000000e+00,0.000000000000000000e+00,0.000000000000000000e+00,0.000000000000000000e+00,0.000000000000000000e+00,0.000000000000000000e+00,0.000000000000000000e+00,0.000000000000000000e+00,0.000000000000000000e+00,0.000000000000000000e+00,0.000000000000000000e+00,0.000000000000000000e+00,0.000000000000000000e+00,0.000000000000000000e+00,0.000000000000000000e+00,0.000000000000000000e+00,0.000000000000000000e+00,0.000000000000000000e+00,0.000000000000000000e+00,0.000000000000000000e+00,0.000000000000000000e+00,0.000000000000000000e+00,0.000000000000000000e+00,0.000000000000000000e+00,0.000000000000000000e+00,0.000000000000000000e+00,0.000000000000000000e+00,0.000000000000000000e+00,0.000000000000000000e+00,0.000000000000000000e+00,0.000000000000000000e+00,0.000000000000000000e+00,0.000000000000000000e+00,0.000000000000000000e+00,0.000000000000000000e+00,0.000000000000000000e+00,0.000000000000000000e+00,0.000000000000000000e+00,0.000000000000000000e+00,0.000000000000000000e+00,0.000000000000000000e+00,0.000000000000000000e+00,0.000000000000000000e+00,0.000000000000000000e+00,0.000000000000000000e+00,0.000000000000000000e+00,0.000000000000000000e+00,0.000000000000000000e+00,0.000000000000000000e+00,0.000000000000000000e+00,0.000000000000000000e+00,0.000000000000000000e+00,0.000000000000000000e+00,0.000000000000000000e+00,0.000000000000000000e+00,0.000000000000000000e+00,0.000000000000000000e+00,0.000000000000000000e+00,0.000000000000000000e+00,0.000000000000000000e+00,0.000000000000000000e+00,0.000000000000000000e+00,0.000000000000000000e+00,0.000000000000000000e+00,0.000000000000000000e+00,0.000000000000000000e+00,0.000000000000000000e+00,0.000000000000000000e+00,0.000000000000000000e+00,0.000000000000000000e+00,0.000000000000000000e+00,0.000000000000000000e+00,0.000000000000000000e+00,0.000000000000000000e+00,0.000000000000000000e+00,0.000000000000000000e+00,0.000000000000000000e+00,0.000000000000000000e+00,0.000000000000000000e+00,0.000000000000000000e+00,0.000000000000000000e+00,0.000000000000000000e+00,0.000000000000000000e+00,0.000000000000000000e+00,0.000000000000000000e+00,0.000000000000000000e+00,0.000000000000000000e+00,0.000000000000000000e+00,0.000000000000000000e+00,0.000000000000000000e+00,0.000000000000000000e+00,0.000000000000000000e+00,0.000000000000000000e+00,0.000000000000000000e+00,0.000000000000000000e+00,0.000000000000000000e+00,0.000000000000000000e+00,0.000000000000000000e+00,0.000000000000000000e+00,0.000000000000000000e+00,0.000000000000000000e+00,0.000000000000000000e+00,0.000000000000000000e+00,0.000000000000000000e+00,0.000000000000000000e+00,0.000000000000000000e+00,0.000000000000000000e+00,0.000000000000000000e+00,0.000000000000000000e+00,0.000000000000000000e+00,0.000000000000000000e+00,0.000000000000000000e+00,0.000000000000000000e+00,0.000000000000000000e+00,0.000000000000000000e+00,0.000000000000000000e+00,0.000000000000000000e+00,0.000000000000000000e+00,0.000000000000000000e+00,0.000000000000000000e+00,0.000000000000000000e+00,0.000000000000000000e+00,0.000000000000000000e+00,0.000000000000000000e+00,0.000000000000000000e+00,0.000000000000000000e+00,0.000000000000000000e+00,0.000000000000000000e+00,0.000000000000000000e+00,0.000000000000000000e+00,0.000000000000000000e+00,0.000000000000000000e+00,0.000000000000000000e+00,0.000000000000000000e+00,0.000000000000000000e+00,0.000000000000000000e+00,0.000000000000000000e+00,0.000000000000000000e+00,0.000000000000000000e+00,0.000000000000000000e+00,0.000000000000000000e+00,0.000000000000000000e+00,0.000000000000000000e+00,0.000000000000000000e+00,0.000000000000000000e+00,0.000000000000000000e+00,0.000000000000000000e+00,0.000000000000000000e+00,0.000000000000000000e+00,0.000000000000000000e+00,0.000000000000000000e+00,0.000000000000000000e+00,0.000000000000000000e+00,0.000000000000000000e+00,0.000000000000000000e+00,0.000000000000000000e+00,0.000000000000000000e+00,0.000000000000000000e+00,0.000000000000000000e+00,0.000000000000000000e+00,0.000000000000000000e+00,0.000000000000000000e+00,0.000000000000000000e+00,0.000000000000000000e+00,0.000000000000000000e+00,0.000000000000000000e+00,0.000000000000000000e+00,0.000000000000000000e+00,0.000000000000000000e+00,0.000000000000000000e+00,0.000000000000000000e+00,0.000000000000000000e+00,0.000000000000000000e+00,0.000000000000000000e+00,0.000000000000000000e+00,0.000000000000000000e+00,0.000000000000000000e+00,0.000000000000000000e+00,0.000000000000000000e+00,0.000000000000000000e+00,0.000000000000000000e+00,0.000000000000000000e+00,0.000000000000000000e+00,0.000000000000000000e+00,0.000000000000000000e+00,0.000000000000000000e+00,0.000000000000000000e+00,0.000000000000000000e+00,0.000000000000000000e+00,0.000000000000000000e+00,0.000000000000000000e+00,0.000000000000000000e+00,0.000000000000000000e+00,0.000000000000000000e+00,0.000000000000000000e+00,0.000000000000000000e+00,0.000000000000000000e+00,0.000000000000000000e+00,0.000000000000000000e+00,0.000000000000000000e+00,0.000000000000000000e+00,0.000000000000000000e+00,0.000000000000000000e+00,0.000000000000000000e+00,0.000000000000000000e+00,0.000000000000000000e+00,0.000000000000000000e+00,0.000000000000000000e+00,0.000000000000000000e+00,0.000000000000000000e+00,0.000000000000000000e+00,0.000000000000000000e+00,0.000000000000000000e+00,0.000000000000000000e+00,0.000000000000000000e+00,0.000000000000000000e+00,0.000000000000000000e+00,0.000000000000000000e+00,0.000000000000000000e+00,0.000000000000000000e+00,0.000000000000000000e+00
Poweri,0.000000000000000000e+00,0.000000000000000000e+00,0.000000000000000000e+00,0.000000000000000000e+00,0.000000000000000000e+00,0.000000000000000000e+00,0.000000000000000000e+00,0.000000000000000000e+00,0.000000000000000000e+00,0.000000000000000000e+00,0.000000000000000000e+00,0.000000000000000000e+00,0.000000000000000000e+00,0.000000000000000000e+00,0.000000000000000000e+00,0.000000000000000000e+00,0.000000000000000000e+00,0.000000000000000000e+00,0.000000000000000000e+00,0.000000000000000000e+00,0.000000000000000000e+00,0.000000000000000000e+00,0.000000000000000000e+00,0.000000000000000000e+00,0.000000000000000000e+00,0.000000000000000000e+00,0.000000000000000000e+00,0.000000000000000000e+00,0.000000000000000000e+00,0.000000000000000000e+00,0.000000000000000000e+00,0.000000000000000000e+00,0.000000000000000000e+00,0.000000000000000000e+00,0.000000000000000000e+00,0.000000000000000000e+00,0.000000000000000000e+00,0.000000000000000000e+00,0.000000000000000000e+00,0.000000000000000000e+00,0.000000000000000000e+00,0.000000000000000000e+00,0.000000000000000000e+00,0.000000000000000000e+00,0.000000000000000000e+00,0.000000000000000000e+00,0.000000000000000000e+00,0.000000000000000000e+00,0.000000000000000000e+00,0.000000000000000000e+00,0.000000000000000000e+00,0.000000000000000000e+00,0.000000000000000000e+00,0.000000000000000000e+00,0.000000000000000000e+00,0.000000000000000000e+00,0.000000000000000000e+00,0.000000000000000000e+00,0.000000000000000000e+00,0.000000000000000000e+00,0.000000000000000000e+00,0.000000000000000000e+00,0.000000000000000000e+00,0.000000000000000000e+00,0.000000000000000000e+00,0.000000000000000000e+00,0.000000000000000000e+00,0.000000000000000000e+00,0.000000000000000000e+00,0.000000000000000000e+00,0.000000000000000000e+00,0.000000000000000000e+00,0.000000000000000000e+00,0.000000000000000000e+00,0.000000000000000000e+00,0.000000000000000000e+00,0.000000000000000000e+00,0.000000000000000000e+00,0.000000000000000000e+00,0.000000000000000000e+00,0.000000000000000000e+00,0.000000000000000000e+00,0.000000000000000000e+00,0.000000000000000000e+00,0.000000000000000000e+00,0.000000000000000000e+00,0.000000000000000000e+00,0.000000000000000000e+00,0.000000000000000000e+00,0.000000000000000000e+00,0.000000000000000000e+00,0.000000000000000000e+00,0.000000000000000000e+00,0.000000000000000000e+00,0.000000000000000000e+00,0.000000000000000000e+00,0.000000000000000000e+00,0.000000000000000000e+00,0.000000000000000000e+00,0.000000000000000000e+00,0.000000000000000000e+00,0.000000000000000000e+00,0.000000000000000000e+00,0.000000000000000000e+00,0.000000000000000000e+00,0.000000000000000000e+00,0.000000000000000000e+00,0.000000000000000000e+00,0.000000000000000000e+00,0.000000000000000000e+00,0.000000000000000000e+00,0.000000000000000000e+00,0.000000000000000000e+00,0.000000000000000000e+00,0.000000000000000000e+00,0.000000000000000000e+00,0.000000000000000000e+00,0.000000000000000000e+00,0.000000000000000000e+00,0.000000000000000000e+00,0.000000000000000000e+00,0.000000000000000000e+00,0.000000000000000000e+00,0.000000000000000000e+00,0.000000000000000000e+00,0.000000000000000000e+00,0.000000000000000000e+00,0.000000000000000000e+00,0.000000000000000000e+00,0.000000000000000000e+00,0.000000000000000000e+00,0.000000000000000000e+00,0.000000000000000000e+00,0.000000000000000000e+00,0.000000000000000000e+00,0.000000000000000000e+00,0.000000000000000000e+00,0.000000000000000000e+00,0.000000000000000000e+00,0.000000000000000000e+00,0.000000000000000000e+00,0.000000000000000000e+00,0.000000000000000000e+00,0.000000000000000000e+00,0.000000000000000000e+00,0.000000000000000000e+00,0.000000000000000000e+00,0.000000000000000000e+00,0.000000000000000000e+00,0.000000000000000000e+00,0.000000000000000000e+00,0.000000000000000000e+00,0.000000000000000000e+00,0.000000000000000000e+00,0.000000000000000000e+00,0.000000000000000000e+00,0.000000000000000000e+00,0.000000000000000000e+00,0.000000000000000000e+00,0.000000000000000000e+00,0.000000000000000000e+00,0.000000000000000000e+00,0.000000000000000000e+00,0.000000000000000000e+00,0.000000000000000000e+00,0.000000000000000000e+00,0.000000000000000000e+00,0.000000000000000000e+00,0.000000000000000000e+00,0.000000000000000000e+00,0.000000000000000000e+00,0.000000000000000000e+00,0.000000000000000000e+00,0.000000000000000000e+00,0.000000000000000000e+00,0.000000000000000000e+00,0.000000000000000000e+00,0.000000000000000000e+00,0.000000000000000000e+00,0.000000000000000000e+00,0.000000000000000000e+00,0.000000000000000000e+00,0.000000000000000000e+00,0.000000000000000000e+00,0.000000000000000000e+00,0.000000000000000000e+00,0.000000000000000000e+00,0.000000000000000000e+00,0.000000000000000000e+00,0.000000000000000000e+00,0.000000000000000000e+00,0.000000000000000000e+00,0.000000000000000000e+00,0.000000000000000000e+00,0.000000000000000000e+00,0.000000000000000000e+00,0.000000000000000000e+00,0.000000000000000000e+00,0.000000000000000000e+00,0.000000000000000000e+00,0.000000000000000000e+00,0.000000000000000000e+00,0.000000000000000000e+00,0.000000000000000000e+00,0.000000000000000000e+00,0.000000000000000000e+00,0.000000000000000000e+00,0.000000000000000000e+00,0.000000000000000000e+00,0.000000000000000000e+00,0.000000000000000000e+00,0.000000000000000000e+00,0.000000000000000000e+00,0.000000000000000000e+00,0.000000000000000000e+00,0.000000000000000000e+00,0.000000000000000000e+00,0.000000000000000000e+00,0.000000000000000000e+00,0.000000000000000000e+00,0.000000000000000000e+00,0.000000000000000000e+00,0.000000000000000000e+00,0.000000000000000000e+00,0.000000000000000000e+00,0.000000000000000000e+00,0.000000000000000000e+00,0.000000000000000000e+00,0.000000000000000000e+00,0.000000000000000000e+00,0.000000000000000000e+00,0.000000000000000000e+00,0.000000000000000000e+00,0.000000000000000000e+00,0.000000000000000000e+00,0.000000000000000000e+00,0.000000000000000000e+00,0.000000000000000000e+00
Powero,0.000000000000000000e+00,0.000000000000000000e+00,0.000000000000000000e+00,0.000000000000000000e+00,0.000000000000000000e+00,0.000000000000000000e+00,0.000000000000000000e+00,0.000000000000000000e+00,0.000000000000000000e+00,0.000000000000000000e+00,0.000000000000000000e+00,0.000000000000000000e+00,0.000000000000000000e+00,0.000000000000000000e+00,0.000000000000000000e+00,0.000000000000000000e+00,0.000000000000000000e+00,0.000000000000000000e+00,0.000000000000000000e+00,0.000000000000000000e+00,0.000000000000000000e+00,0.000000000000000000e+00,0.000000000000000000e+00,0.000000000000000000e+00,0.000000000000000000e+00,0.000000000000000000e+00,0.000000000000000000e+00,0.000000000000000000e+00,0.000000000000000000e+00,0.000000000000000000e+00,0.000000000000000000e+00,0.000000000000000000e+00,0.000000000000000000e+00,0.000000000000000000e+00,0.000000000000000000e+00,0.000000000000000000e+00,0.000000000000000000e+00,0.000000000000000000e+00,0.000000000000000000e+00,0.000000000000000000e+00,0.000000000000000000e+00,0.000000000000000000e+00,0.000000000000000000e+00,0.000000000000000000e+00,0.000000000000000000e+00,0.000000000000000000e+00,0.000000000000000000e+00,0.000000000000000000e+00,0.000000000000000000e+00,0.000000000000000000e+00,0.000000000000000000e+00,0.000000000000000000e+00,0.000000000000000000e+00,0.000000000000000000e+00,0.000000000000000000e+00,0.000000000000000000e+00,0.000000000000000000e+00,0.000000000000000000e+00,0.000000000000000000e+00,0.000000000000000000e+00,0.000000000000000000e+00,0.000000000000000000e+00,0.000000000000000000e+00,0.000000000000000000e+00,0.000000000000000000e+00,0.000000000000000000e+00,0.000000000000000000e+00,0.000000000000000000e+00,0.000000000000000000e+00,0.000000000000000000e+00,0.000000000000000000e+00,0.000000000000000000e+00,0.000000000000000000e+00,0.000000000000000000e+00,0.000000000000000000e+00,0.000000000000000000e+00,0.000000000000000000e+00,0.000000000000000000e+00,0.000000000000000000e+00,0.000000000000000000e+00,0.000000000000000000e+00,0.000000000000000000e+00,0.000000000000000000e+00,0.000000000000000000e+00,0.000000000000000000e+00,0.000000000000000000e+00,0.000000000000000000e+00,0.000000000000000000e+00,0.000000000000000000e+00,0.000000000000000000e+00,0.000000000000000000e+00,0.000000000000000000e+00,0.000000000000000000e+00,0.000000000000000000e+00,0.000000000000000000e+00,0.000000000000000000e+00,0.000000000000000000e+00,0.000000000000000000e+00,0.000000000000000000e+00,0.000000000000000000e+00,0.000000000000000000e+00,0.000000000000000000e+00,0.000000000000000000e+00,0.000000000000000000e+00,0.000000000000000000e+00,0.000000000000000000e+00,0.000000000000000000e+00,0.000000000000000000e+00,0.000000000000000000e+00,0.000000000000000000e+00,0.000000000000000000e+00,0.000000000000000000e+00,0.000000000000000000e+00,0.000000000000000000e+00,0.000000000000000000e+00,0.000000000000000000e+00,0.000000000000000000e+00,0.000000000000000000e+00,0.000000000000000000e+00,0.000000000000000000e+00,0.000000000000000000e+00,0.000000000000000000e+00,0.000000000000000000e+00,0.000000000000000000e+00,0.000000000000000000e+00,0.000000000000000000e+00,0.000000000000000000e+00,0.000000000000000000e+00,0.000000000000000000e+00,0.000000000000000000e+00,0.000000000000000000e+00,0.000000000000000000e+00,0.000000000000000000e+00,0.000000000000000000e+00,0.000000000000000000e+00,0.000000000000000000e+00,0.000000000000000000e+00,0.000000000000000000e+00,0.000000000000000000e+00,0.000000000000000000e+00,0.000000000000000000e+00,0.000000000000000000e+00,0.000000000000000000e+00,0.000000000000000000e+00,0.000000000000000000e+00,0.000000000000000000e+00,0.000000000000000000e+00,0.000000000000000000e+00,0.000000000000000000e+00,0.000000000000000000e+00,0.000000000000000000e+00,0.000000000000000000e+00,0.000000000000000000e+00,0.000000000000000000e+00,0.000000000000000000e+00,0.000000000000000000e+00,0.000000000000000000e+00,0.000000000000000000e+00,0.000000000000000000e+00,0.000000000000000000e+00,0.000000000000000000e+00,0.000000000000000000e+00,0.000000000000000000e+00,0.000000000000000000e+00,0.000000000000000000e+00,0.000000000000000000e+00,0.000000000000000000e+00,0.000000000000000000e+00,0.000000000000000000e+00,0.000000000000000000e+00,0.000000000000000000e+00,0.000000000000000000e+00,0.000000000000000000e+00,0.000000000000000000e+00,0.000000000000000000e+00,0.000000000000000000e+00,0.000000000000000000e+00,0.000000000000000000e+00,0.000000000000000000e+00,0.000000000000000000e+00,0.000000000000000000e+00,0.000000000000000000e+00,0.000000000000000000e+00,0.000000000000000000e+00,0.000000000000000000e+00,0.000000000000000000e+00,0.000000000000000000e+00,0.000000000000000000e+00,0.000000000000000000e+00,0.000000000000000000e+00,0.000000000000000000e+00,0.000000000000000000e+00,0.000000000000000000e+00,0.000000000000000000e+00,0.000000000000000000e+00,0.000000000000000000e+00,0.000000000000000000e+00,0.000000000000000000e+00,0.000000000000000000e+00,0.000000000000000000e+00,0.000000000000000000e+00,0.000000000000000000e+00,0.000000000000000000e+00,0.000000000000000000e+00,0.000000000000000000e+00,0.000000000000000000e+00,0.000000000000000000e+00,0.000000000000000000e+00,0.000000000000000000e+00,0.000000000000000000e+00,0.000000000000000000e+00,0.000000000000000000e+00,0.000000000000000000e+00,0.000000000000000000e+00,0.000000000000000000e+00,0.000000000000000000e+00,0.000000000000000000e+00,0.000000000000000000e+00,0.000000000000000000e+00,0.000000000000000000e+00,0.000000000000000000e+00,0.000000000000000000e+00,0.000000000000000000e+00,0.000000000000000000e+00,0.000000000000000000e+00,0.000000000000000000e+00,0.000000000000000000e+00,0.000000000000000000e+00,0.000000000000000000e+00,0.000000000000000000e+00,0.000000000000000000e+00,0.000000000000000000e+00,0.000000000000000000e+00,0.000000000000000000e+00,0.000000000000000000e+00,0.000000000000000000e+00,0.000000000000000000e+00,0.000000000000000000e+00
RPM,0.000000000000000000e+00,0.000000000000000000e+00,0.000000000000000000e+00,0.000000000000000000e+00,0.000000000000000000e+00,0.000000000000000000e+00,0.000000000000000000e+00,0.000000000000000000e+00,0.000000000000000000e+00,0.000000000000000000e+00,0.000000000000000000e+00,0.000000000000000000e+00,0.000000000000000000e+00,0.000000000000000000e+00,0.000000000000000000e+00,0.000000000000000000e+00,0.000000000000000000e+00,0.000000000000000000e+00,0.000000000000000000e+00,0.000000000000000000e+00,0.000000000000000000e+00,0.000000000000000000e+00,0.000000000000000000e+00,0.000000000000000000e+00,0.000000000000000000e+00,0.000000000000000000e+00,0.000000000000000000e+00,0.000000000000000000e+00,0.000000000000000000e+00,0.000000000000000000e+00,0.000000000000000000e+00,0.000000000000000000e+00,0.000000000000000000e+00,0.000000000000000000e+00,0.000000000000000000e+00,0.000000000000000000e+00,0.000000000000000000e+00,0.000000000000000000e+00,0.000000000000000000e+00,0.000000000000000000e+00,0.000000000000000000e+00,0.000000000000000000e+00,0.000000000000000000e+00,0.000000000000000000e+00,0.000000000000000000e+00,0.000000000000000000e+00,0.000000000000000000e+00,0.000000000000000000e+00,0.000000000000000000e+00,0.000000000000000000e+00,0.000000000000000000e+00,0.000000000000000000e+00,0.000000000000000000e+00,0.000000000000000000e+00,0.000000000000000000e+00,0.000000000000000000e+00,0.000000000000000000e+00,0.000000000000000000e+00,0.000000000000000000e+00,0.000000000000000000e+00,0.000000000000000000e+00,0.000000000000000000e+00,0.000000000000000000e+00,0.000000000000000000e+00,0.000000000000000000e+00,0.000000000000000000e+00,0.000000000000000000e+00,0.000000000000000000e+00,0.000000000000000000e+00,0.000000000000000000e+00,0.000000000000000000e+00,0.000000000000000000e+00,0.000000000000000000e+00,0.000000000000000000e+00,0.000000000000000000e+00,0.000000000000000000e+00,0.000000000000000000e+00,0.000000000000000000e+00,0.000000000000000000e+00,0.000000000000000000e+00,0.000000000000000000e+00,0.000000000000000000e+00,0.000000000000000000e+00,0.000000000000000000e+00,0.000000000000000000e+00,0.000000000000000000e+00,0.000000000000000000e+00,0.000000000000000000e+00,0.000000000000000000e+00,0.000000000000000000e+00,0.000000000000000000e+00,0.000000000000000000e+00,0.000000000000000000e+00,0.000000000000000000e+00,0.000000000000000000e+00,0.000000000000000000e+00,0.000000000000000000e+00,0.000000000000000000e+00,0.000000000000000000e+00,0.000000000000000000e+00,0.000000000000000000e+00,0.000000000000000000e+00,0.000000000000000000e+00,0.000000000000000000e+00,0.000000000000000000e+00,0.000000000000000000e+00,0.000000000000000000e+00,0.000000000000000000e+00,0.000000000000000000e+00,0.000000000000000000e+00,0.000000000000000000e+00,0.000000000000000000e+00,0.000000000000000000e+00,0.000000000000000000e+00,0.000000000000000000e+00,0.000000000000000000e+00,0.000000000000000000e+00,0.000000000000000000e+00,0.000000000000000000e+00,0.000000000000000000e+00,0.000000000000000000e+00,0.000000000000000000e+00,0.000000000000000000e+00,0.000000000000000000e+00,0.000000000000000000e+00,0.000000000000000000e+00,0.000000000000000000e+00,0.000000000000000000e+00,0.000000000000000000e+00,0.000000000000000000e+00,0.000000000000000000e+00,0.000000000000000000e+00,0.000000000000000000e+00,0.000000000000000000e+00,0.000000000000000000e+00,0.000000000000000000e+00,0.000000000000000000e+00,0.000000000000000000e+00,0.000000000000000000e+00,0.000000000000000000e+00,0.000000000000000000e+00,0.000000000000000000e+00,0.000000000000000000e+00,0.000000000000000000e+00,0.000000000000000000e+00,0.000000000000000000e+00,0.000000000000000000e+00,0.000000000000000000e+00,0.000000000000000000e+00,0.000000000000000000e+00,0.000000000000000000e+00,0.000000000000000000e+00,0.000000000000000000e+00,0.000000000000000000e+00,0.000000000000000000e+00,0.000000000000000000e+00,0.000000000000000000e+00,0.000000000000000000e+00,0.000000000000000000e+00,0.000000000000000000e+00,0.000000000000000000e+00,0.000000000000000000e+00,0.000000000000000000e+00,0.000000000000000000e+00,0.000000000000000000e+00,0.000000000000000000e+00,0.000000000000000000e+00,0.000000000000000000e+00,0.000000000000000000e+00,0.000000000000000000e+00,0.000000000000000000e+00,0.000000000000000000e+00,0.000000000000000000e+00,0.000000000000000000e+00,0.000000000000000000e+00,0.000000000000000000e+00,0.000000000000000000e+00,0.000000000000000000e+00,0.000000000000000000e+00,0.000000000000000000e+00,0.000000000000000000e+00,0.000000000000000000e+00,0.000000000000000000e+00,0.000000000000000000e+00,0.000000000000000000e+00,0.000000000000000000e+00,0.000000000000000000e+00,0.000000000000000000e+00,0.000000000000000000e+00,0.000000000000000000e+00,0.000000000000000000e+00,0.000000000000000000e+00,0.000000000000000000e+00,0.000000000000000000e+00,0.000000000000000000e+00,0.000000000000000000e+00,0.000000000000000000e+00,0.000000000000000000e+00,0.000000000000000000e+00,0.000000000000000000e+00,0.000000000000000000e+00,0.000000000000000000e+00,0.000000000000000000e+00,0.000000000000000000e+00,0.000000000000000000e+00,0.000000000000000000e+00,0.000000000000000000e+00,0.000000000000000000e+00,0.000000000000000000e+00,0.000000000000000000e+00,0.000000000000000000e+00,0.000000000000000000e+00,0.000000000000000000e+00,0.000000000000000000e+00,0.000000000000000000e+00,0.000000000000000000e+00,0.000000000000000000e+00,0.000000000000000000e+00,0.000000000000000000e+00,0.000000000000000000e+00,0.000000000000000000e+00,0.000000000000000000e+00,0.000000000000000000e+00,0.000000000000000000e+00,0.000000000000000000e+00,0.000000000000000000e+00,0.000000000000000000e+00,0.000000000000000000e+00,0.000000000000000000e+00,0.000000000000000000e+00,0.000000000000000000e+00,0.000000000000000000e+00,0.000000000000000000e+00,0.000000000000000000e+00,0.000000000000000000e+00,0.000000000000000000e+00,0.000000000000000000e+00,0.000000000000000000e+00
SoverB,7.530000000000000235e-03,1.504999999999999914e-02,2.257999999999999938e-02,3.011000000000000135e-02,3.763999999999999985e-02,4.515999999999999875e-02,5.269000000000000072e-02,6.022000000000000269e-02,6.773999999999999466e-02,7.527000000000000357e-02,8.279999999999999860e-02,9.031999999999999751e-02,9.785000000000000642e-02,1.053800000000000014e-01,1.129099999999999965e-01,1.204299999999999954e-01,1.279599999999999904e-01,1.354899999999999993e-01,1.364900000000000002e-01,1.374900000000000011e-01,1.385000000000000120e-01,1.395000000000000129e-01,1.405099999999999960e-01,1.415099999999999969e-01,1.518400000000000027e-01,1.602000000000000091e-01,1.685699999999999976e-01,1.769300000000000039e-01,1.852999999999999925e-01,1.936599999999999988e-01,2.020200000000000051e-01,2.103899999999999937e-01,2.187500000000000000e-01,2.271199999999999886e-01,2.354799999999999949e-01,2.438400000000000012e-01,2.522099999999999898e-01,2.605700000000000238e-01,2.689400000000000124e-01,2.772999999999999909e-01,2.856600000000000250e-01,2.940300000000000136e-01,3.023899999999999921e-01,3.107599999999999807e-01,3.191200000000000148e-01,3.274799999999999933e-01,3.358499999999999819e-01,3.442100000000000160e-01,3.525800000000000045e-01,3.609399999999999831e-01,3.693000000000000171e-01,3.776700000000000057e-01,3.860299999999999843e-01,3.943999999999999728e-01,4.027600000000000069e-01,4.111199999999999855e-01,4.194899999999999740e-01,4.278500000000000081e-01,4.362099999999999866e-01,4.445799999999999752e-01,4.510000000000000120e-01,4.574099999999999833e-01,4.638300000000000201e-01,4.743299999999999739e-01,4.807500000000000107e-01,4.871699999999999919e-01,4.935800000000000187e-01,5.000000000000000000e-01,5.064199999999999813e-01,5.128300000000000081e-01,5.192499999999999893e-01,5.256699999999999706e-01,5.361700000000000355e-01,5.425900000000000167e-01,5.490000000000000435e-01,5.554200000000000248e-01,5.637900000000000134e-01,5.721500000000000474e-01,5.805099999999999705e-01,5.888799999999999590e-01,5.972399999999999931e-01,6.056000000000000272e-01,6.139700000000000157e-01,6.223300000000000498e-01,6.307000000000000384e-01,6.390599999999999614e-01,6.474199999999999955e-01,6.557899999999999840e-01,6.641500000000000181e-01,6.725200000000000067e-01,6.808800000000000407e-01,6.892399999999999638e-01,6.976099999999999524e-01,7.059699999999999864e-01,7.143399999999999750e-01,7.227000000000000091e-01,7.310600000000000431e-01,7.394300000000000317e-01,7.477899999999999547e-01,7.561600000000000543e-01,7.645199999999999774e-01,7.728800000000000114e-01,7.812500000000000000e-01,7.896100000000000341e-01,7.979800000000000226e-01,8.063399999999999457e-01,8.146999999999999797e-01,8.230699999999999683e-01,8.314300000000000024e-01,8.397999999999999909e-01,8.481600000000000250e-01,8.584899999999999753e-01,8.594899999999999762e-01,8.605000000000000426e-01,8.615000000000000435e-01,8.625099999999999989e-01,8.635099999999999998e-01,8.645100000000000007e-01,8.720400000000000373e-01,8.795699999999999630e-01,8.870900000000000452e-01,8.946199999999999708e-01,9.021500000000000075e-01,9.096800000000000441e-01,9.172000000000000153e-01,9.247300000000000519e-01,9.322599999999999776e-01,9.397799999999999487e-01,9.473099999999999854e-01,9.548400000000000221e-01,9.623599999999999932e-01,9.698900000000000299e-01,9.774199999999999555e-01,9.849499999999999922e-01,9.924699999999999633e-01,1.000000000000000000e+00,3.436999999999999778e-02,6.875000000000000555e-02,1.031200000000000033e-01,1.375000000000000111e-01,1.718699999999999950e-01,2.062499999999999889e-01,2.406200000000000006e-01,2.750000000000000222e-01,3.093699999999999783e-01,3.437399999999999900e-01,3.781200000000000117e-01,4.124900000000000233e-01,4.468699999999999894e-01,4.812400000000000011e-01,5.156199999999999672e-01,5.499899999999999789e-01,5.843699999999999450e-01,6.187399999999999567e-01,6.531200000000000339e-01,6.874900000000000455e-01,7.218599999999999461e-01,7.562400000000000233e-01,7.906100000000000350e-01,8.249900000000000011e-01,8.593600000000000128e-01,8.937399999999999789e-01,9.281099999999999905e-01,1.000000000000000000e+00,3.703999999999999654e-02,7.406999999999999695e-02,1.111100000000000004e-01,1.481500000000000039e-01,1.851899999999999935e-01,2.222200000000000009e-01,2.592599999999999905e-01,2.963000000000000078e-01,3.333300000000000152e-01,3.703699999999999770e-01,4.074099999999999944e-01,4.444400000000000017e-01,4.814800000000000191e-01,5.185199999999999809e-01,5.555600000000000538e-01,5.925899999999999501e-01,6.296300000000000230e-01,6.666699999999999848e-01,7.036999999999999922e-01,7.407399999999999540e-01,7.777800000000000269e-01,8.148100000000000342e-01,8.518499999999999961e-01,8.888899999999999579e-01,9.259300000000000308e-01,9.629600000000000382e-01,1.000000000000000000e+00,3.703999999999999654e-02,7.406999999999999695e-02,1.111100000000000004e-01,1.481500000000000039e-01,1.851899999999999935e-01,2.222200000000000009e-01,2.592599999999999905e-01,2.963000000000000078e-01,3.333300000000000152e-01,3.703699999999999770e-01,4.074099999999999944e-01,4.444400000000000017e-01,4.814800000000000191e-01,5.185199999999999809e-01,5.555600000000000538e-01,5.925899999999999501e-01,6.296300000000000230e-01,6.666699999999999848e-01,7.036999999999999922e-01,7.407399999999999540e-01,7.777800000000000269e-01,8.148100000000000342e-01,8.518499999999999961e-01,8.888899999999999579e-01,9.259300000000000308e-01,9.629600000000000382e-01,1.000000000000000000e+00,6.629999999999999609e-03,1.324999999999999963e-02,1.679900000000000004e-01,3.227300000000000169e-01,4.774700000000000055e-01,6.322200000000000042e-01,7.869599999999999929e-01,9.416999999999999815e-01,9.708499999999999908e-01,1.000000000000000000e+00,6.629999999999999609e-03,1.324999999999999963e-02,1.679900000000000004e-01,3.227300000000000169e-01,4.774700000000000055e-01,6.322200000000000042e-01,7.869599999999999929e-01,9.416999999999999815e-01,9.708499999999999908e-01,1.000000000000000000e+00
StallFact,1.000000000000000000e+00,1.000000000000000000e+00,1.000000000000000000e+00,1.000000000000000000e+00,1.000000000000000000e+00,1.000000000000000000e+00,1.000000000000000000e+00,1.000000000000000000e+00,1.000000000000000000e+00,1.000000000000000000e+00,1.000000000000000000e+00,1.000000000000000000e+00,1.000000000000000000e+00,1.000000000000000000e+00,1.000000000000000000e+00,1.000000000000000000e+00,1.000000000000000000e+00,1.000000000000000000e+00,1.000000000000000000e+00,1.000000000000000000e+00,1.000000000000000000e+00,1.000000000000000000e+00,1.000000000000000000e+00,1.000000000000000000e+00,1.000000000000000000e+00,1.000000000000000000e+00,1.000000000000000000e+00,1.000000000000000000e+00,1.000000000000000000e+00,1.000000000000000000e+00,1.000000000000000000e+00,1.000000000000000000e+00,1.000000000000000000e+00,1.000000000000000000e+00,1.000000000000000000e+00,1.000000000000000000e+00,1.000000000000000000e+00,1.000000000000000000e+00,1.000000000000000000e+00,1.000000000000000000e+00,1.000000000000000000e+00,1.000000000000000000e+00,1.000000000000000000e+00,1.000000000000000000e+00,1.000000000000000000e+00,1.000000000000000000e+00,1.000000000000000000e+00,1.000000000000000000e+00,1.000000000000000000e+00,1.000000000000000000e+00,1.000000000000000000e+00,1.000000000000000000e+00,1.000000000000000000e+00,1.000000000000000000e+00,1.000000000000000000e+00,1.000000000000000000e+00,1.000000000000000000e+00,1.000000000000000000e+00,1.000000000000000000e+00,1.000000000000000000e+00,1.000000000000000000e+00,1.000000000000000000e+00,1.000000000000000000e+00,1.000000000000000000e+00,1.000000000000000000e+00,1.000000000000000000e+00,1.000000000000000000e+00,1.000000000000000000e+00,1.000000000000000000e+00,1.000000000000000000e+00,1.000000000000000000e+00,1.000000000000000000e+00,1.000000000000000000e+00,1.000000000000000000e+00,1.000000000000000000e+00,1.000000000000000000e+00,1.000000000000000000e+00,1.000000000000000000e+00,1.000000000000000000e+00,1.000000000000000000e+00,1.000000000000000000e+00,1.000000000000000000e+00,1.000000000000000000e+00,1.000000000000000000e+00,1.000000000000000000e+00,1.000000000000000000e+00,1.000000000000000000e+00,1.000000000000000000e+00,1.000000000000000000e+00,1.000000000000000000e+00,1.000000000000000000e+00,1.000000000000000000e+00,1.000000000000000000e+00,1.000000000000000000e+00,1.000000000000000000e+00,1.000000000000000000e+00,1.000000000000000000e+00,1.000000000000000000e+00,1.000000000000000000e+00,1.000000000000000000e+00,1.000000000000000000e+00,1.000000000000000000e+00,1.000000000000000000e+00,1.000000000000000000e+00,1.000000000000000000e+00,1.000000000000000000e+00,1.000000000000000000e+00,1.000000000000000000e+00,1.000000000000000000e+00,1.000000000000000000e+00,1.000000000000000000e+00,1.000000000000000000e+00,1.000000000000000000e+00,1.000000000000000000e+00,1.000000000000000000e+00,1.000000000000000000e+00,1.000000000000000000e+00,1.000000000000000000e+00,1.000000000000000000e+00,1.000000000000000000e+00,1.000000000000000000e+00,1.000000000000000000e+00,1.000000000000000000e+00,1.000000000000000000e+00,1.000000000000000000e+00,1.000000000000000000e+00,1.000000000000000000e+00,1.000000000000000000e+00,1.000000000000000000e+00,1.000000000000000000e+00,1.000000000000000000e+00,1.000000000000000000e+00,1.000000000000000000e+00,1.000000000000000000e+00,1.000000000000000000e+00,1.000000000000000000e+00,1.000000000000000000e+00,1.000000000000000000e+00,1.000000000000000000e+00,1.000000000000000000e+00,1.000000000000000000e+00,1.000000000000000000e+00,1.000000000000000000e+00,1.000000000000000000e+00,1.000000000000000000e+00,1.000000000000000000e+00,1.000000000000000000e+00,1.000000000000000000e+00,1.000000000000000000e+00,1.000000000000000000e+00,1.000000000000000000e+00,1.000000000000000000e+00,1.000000000000000000e+00,1.000000000000000000e+00,1.000000000000000000e+00,1.000000000000000000e+00,1.000000000000000000e+00,1.000000000000000000e+00,1.000000000000000000e+00,1.000000000000000000e+00,1.000000000000000000e+00,1.000000000000000000e+00,1.000000000000000000e+00,1.000000000000000000e+00,1.000000000000000000e+00,1.000000000000000000e+00,1.000000000000000000e+00,1.000000000000000000e+00,1.000000000000000000e+00,1.000000000000000000e+00,1.000000000000000000e+00,1.000000000000000000e+00,1.000000000000000000e+00,1.000000000000000000e+00,1.000000000000000000e+00,1.000000000000000000e+00,1.000000000000000000e+00,1.000000000000000000e+00,1.000000000000000000e+00,1.000000000000000000e+00,1.000000000000000000e+00,1.000000000000000000e+00,1.000000000000000000e+00,1.000000000000000000e+00,1.000000000000000000e+00,1.000000000000000000e+00,1.000000000000000000e+00,1.000000000000000000e+00,1.000000000000000000e+00,1.000000000000000000e+00,1.000000000000000000e+00,1.000000000000000000e+00,1.000000000000000000e+00,1.000000000000000000e+00,1.000000000000000000e+00,1.000000000000000000e+00,1.000000000000000000e+00,1.000000000000000000e+00,1.000000000000000000e+00,1.000000000000000000e+00,1.000000000000000000e+00,1.000000000000000000e+00,1.000000000000000000e+00,1.000000000000000000e+00,1.000000000000000000e+00,1.000000000000000000e+00,1.000000000000000000e+00,1.000000000000000000e+00,1.000000000000000000e+00,1.000000000000000000e+00,1.000000000000000000e+00,1.000000000000000000e+00,1.000000000000000000e+00,1.000000000000000000e+00,1.000000000000000000e+00,1.000000000000000000e+00,1.000000000000000000e+00,1.000000000000000000e+00,1.000000000000000000e+00,1.000000000000000000e+00,1.000000000000000000e+00,1.000000000000000000e+00,1.000000000000000000e+00,1.000000000000000000e+00,1.000000000000000000e+00,1.000000000000000000e+00,1.000000000000000000e+00,1.000000000000000000e+00,1.000000000000000000e+00,1.000000000000000000e+00,1.000000000000000000e+00,1.000000000000000000e+00,1.000000000000000000e+00,1.000000000000000000e+00,1.000000000000000000e+00,1.000000000000000000e+00,1.000000000000000000e+00,1.000000000000000000e+00
Thrust,0.000000000000000000e+00,0.000000000000000000e+00,0.000000000000000000e+00,0.000000000000000000e+00,0.000000000000000000e+00,0.000000000000000000e+00,0.000000000000000000e+00,0.000000000000000000e+00,0.000000000000000000e+00,0.000000000000000000e+00,0.000000000000000000e+00,0.000000000000000000e+00,0.000000000000000000e+00,0.000000000000000000e+00,0.000000000000000000e+00,0.000000000000000000e+00,0.000000000000000000e+00,0.000000000000000000e+00,0.000000000000000000e+00,0.000000000000000000e+00,0.000000000000000000e+00,0.000000000000000000e+00,0.000000000000000000e+00,0.000000000000000000e+00,0.000000000000000000e+00,0.000000000000000000e+00,0.000000000000000000e+00,0.000000000000000000e+00,0.000000000000000000e+00,0.000000000000000000e+00,0.000000000000000000e+00,0.000000000000000000e+00,0.000000000000000000e+00,0.000000000000000000e+00,0.000000000000000000e+00,0.000000000000000000e+00,0.000000000000000000e+00,0.000000000000000000e+00,0.000000000000000000e+00,0.000000000000000000e+00,0.000000000000000000e+00,0.000000000000000000e+00,0.000000000000000000e+00,0.000000000000000000e+00,0.000000000000000000e+00,0.000000000000000000e+00,0.000000000000000000e+00,0.000000000000000000e+00,0.000000000000000000e+00,0.000000000000000000e+00,0.000000000000000000e+00,0.000000000000000000e+00,0.000000000000000000e+00,0.000000000000000000e+00,0.000000000000000000e+00,0.000000000000000000e+00,0.000000000000000000e+00,0.000000000000000000e+00,0.000000000000000000e+00,0.000000000000000000e+00,0.000000000000000000e+00,0.000000000000000000e+00,0.000000000000000000e+00,0.000000000000000000e+00,0.000000000000000000e+00,0.000000000000000000e+00,0.000000000000000000e+00,0.000000000000000000e+00,0.000000000000000000e+00,0.000000000000000000e+00,0.000000000000000000e+00,0.000000000000000000e+00,0.000000000000000000e+00,0.000000000000000000e+00,0.000000000000000000e+00,0.000000000000000000e+00,0.000000000000000000e+00,0.000000000000000000e+00,0.000000000000000000e+00,0.000000000000000000e+00,0.000000000000000000e+00,0.000000000000000000e+00,0.000000000000000000e+00,0.000000000000000000e+00,0.000000000000000000e+00,0.000000000000000000e+00,0.000000000000000000e+00,0.000000000000000000e+00,0.000000000000000000e+00,0.000000000000000000e+00,0.000000000000000000e+00,0.000000000000000000e+00,0.000000000000000000e+00,0.000000000000000000e+00,0.000000000000000000e+00,0.000000000000000000e+00,0.000000000000000000e+00,0.000000000000000000e+00,0.000000000000000000e+00,0.000000000000000000e+00,0.000000000000000000e+00,0.000000000000000000e+00,0.000000000000000000e+00,0.000000000000000000e+00,0.000000000000000000e+00,0.000000000000000000e+00,0.000000000000000000e+00,0.000000000000000000e+00,0.000000000000000000e+00,0.000000000000000000e+00,0.000000000000000000e+00,0.000000000000000000e+00,0.000000000000000000e+00,0.000000000000000000e+00,0.000000000000000000e+00,0.000000000000000000e+00,0.000000000000000000e+00,0.000000000000000000e+00,0.000000000000000000e+00,0.000000000000000000e+00,0.000000000000000000e+00,0.000000000000000000e+00,0.000000000000000000e+00,0.000000000000000000e+00,0.000000000000000000e+00,0.000000000000000000e+00,0.000000000000000000e+00,0.000000000000000000e+00,0.000000000000000000e+00,0.000000000000000000e+00,0.000000000000000000e+00,0.000000000000000000e+00,0.000000000000000000e+00,0.000000000000000000e+00,0.000000000000000000e+00,0.000000000000000000e+00,0.000000000000000000e+00,0.000000000000000000e+00,0.000000000000000000e+00,0.000000000000000000e+00,0.000000000000000000e+00,0.000000000000000000e+00,0.000000000000000000e+00,0.000000000000000000e+00,0.000000000000000000e+00,0.000000000000000000e+00,0.000000000000000000e+00,0.000000000000000000e+00,0.000000000000000000e+00,0.000000000000000000e+00,0.000000000000000000e+00,0.000000000000000000e+00,0.000000000000000000e+00,0.000000000000000000e+00,0.000000000000000000e+00,0.000000000000000000e+00,0.000000000000000000e+00,0.000000000000000000e+00,0.000000000000000000e+00,0.000000000000000000e+00,0.000000000000000000e+00,0.000000000000000000e+00,0.000000000000000000e+00,0.000000000000000000e+00,0.000000000000000000e+00,0.000000000000000000e+00,0.000000000000000000e+00,0.000000000000000000e+00,0.000000000000000000e+00,0.000000000000000000e+00,0.000000000000000000e+00,0.000000000000000000e+00,0.000000000000000000e+00,0.000000000000000000e+00,0.000000000000000000e+00,0.000000000000000000e+00,0.000000000000000000e+00,0.000000000000000000e+00,0.000000000000000000e+00,0.000000000000000000e+00,0.000000000000000000e+00,0.000000000000000000e+00,0.000000000000000000e+00,0.000000000000000000e+00,0.000000000000000000e+00,0.000000000000000000e+00,0.000000000000000000e+00,0.000000000000000000e+00,0.000000000000000000e+00,0.000000000000000000e+00,0.000000000000000000e+00,0.000000000000000000e+00,0.000000000000000000e+00,0.000000000000000000e+00,0.000000000000000000e+00,0.000000000000000000e+00,0.000000000000000000e+00,0.000000000000000000e+00,0.000000000000000000e+00,0.000000000000000000e+00,0.000000000000000000e+00,0.000000000000000000e+00,0.000000000000000000e+00,0.000000000000000000e+00,0.000000000000000000e+00,0.000000000000000000e+00,0.000000000000000000e+00,0.000000000000000000e+00,0.000000000000000000e+00,0.000000000000000000e+00,0.000000000000000000e+00,0.000000000000000000e+00,0.000000000000000000e+00,0.000000000000000000e+00,0.000000000000000000e+00,0.000000000000000000e+00,0.000000000000000000e+00,0.000000000000000000e+00,0.000000000000000000e+00,0.000000000000000000e+00,0.000000000000000000e+00,0.000000000000000000e+00,0.000000000000000000e+00,0.000000000000000000e+00,0.000000000000000000e+00,0.000000000000000000e+00,0.000000000000000000e+00,0.000000000000000000e+00,0.000000000000000000e+00,0.000000000000000000e+00,0.000000000000000000e+00,0.000000000000000000e+00,0.000000000000000000e+00,0.000000000000000000e+00,0.000000000000000000e+00,0.000000000000000000e+00,0.000000000000000000e+00,0.000000000000000000e+00
Thrusti,0.000000000000000000e+00,0.000000000000000000e+00,0.000000000000000000e+00,0.000000000000000000e+00,0.000000000000000000e+00,0.000000000000000000e+00,0.000000000000000000e+00,0.000000000000000000e+00,0.000000000000000000e+00,0.000000000000000000e+00,0.000000000000000000e+00,0.000000000000000000e+00,0.000000000000000000e+00,0.000000000000000000e+00,0.000000000000000000e+00,0.000000000000000000e+00,0.000000000000000000e+00,0.000000000000000000e+00,0.000000000000000000e+00,0.000000000000000000e+00,0.000000000000000000e+00,0.000000000000000000e+00,0.000000000000000000e+00,0.000000000000000000e+00,0.000000000000000000e+00,0.000000000000000000e+00,0.000000000000000000e+00,0.000000000000000000e+00,0.000000000000000000e+00,0.000000000000000000e+00,0.000000000000000000e+00,0.000000000000000000e+00,0.000000000000000000e+00,0.000000000000000000e+00,0.000000000000000000e+00,0.000000000000000000e+00,0.000000000000000000e+00,0.000000000000000000e+00,0.000000000000000000e+00,0.000000000000000000e+00,0.000000000000000000e+00,0.000000000000000000e+00,0.000000000000000000e+00,0.000000000000000000e+00,0.000000000000000000e+00,0.000000000000000000e+00,0.000000000000000000e+00,0.000000000000000000e+00,0.000000000000000000e+00,0.000000000000000000e+00,0.000000000000000000e+00,0.000000000000000000e+00,0.000000000000000000e+00,0.000000000000000000e+00,0.000000000000000000e+00,0.000000000000000000e+00,0.000000000000000000e+00,0.000000000000000000e+00,0.000000000000000000e+00,0.000000000000000000e+00,0.000000000000000000e+00,0.000000000000000000e+00,0.000000000000000000e+00,0.000000000000000000e+00,0.000000000000000000e+00,0.000000000000000000e+00,0.000000000000000000e+00,0.000000000000000000e+00,0.000000000000000000e+00,0.000000000000000000e+00,0.000000000000000000e+00,0.000000000000000000e+00,0.000000000000000000e+00,0.000000000000000000e+00,0.000000000000000000e+00,0.000000000000000000e+00,0.000000000000000000e+00,0.000000000000000000e+00,0.000000000000000000e+00,0.000000000000000000e+00,0.000000000000000000e+00,0.000000000000000000e+00,0.000000000000000000e+00,0.000000000000000000e+00,0.000000000000000000e+00,0.000000000000000000e+00,0.000000000000000000e+00,0.000000000000000000e+00,0.000000000000000000e+00,0.000000000000000000e+00,0.000000000000000000e+00,0.000000000000000000e+00,0.000000000000000000e+00,0.000000000000000000e+00,0.000000000000000000e+00,0.000000000000000000e+00,0.000000000000000000e+00,0.000000000000000000e+00,0.000000000000000000e+00,0.000000000000000000e+00,0.000000000000000000e+00,0.000000000000000000e+00,0.000000000000000000e+00,0.000000000000000000e+00,0.000000000000000000e+00,0.000000000000000000e+00,0.000000000000000000e+00,0.000000000000000000e+00,0.000000000000000000e+00,0.000000000000000000e+00,0.000000000000000000e+00,0.000000000000000000e+00,0.000000000000000000e+00,0.000000000000000000e+00,0.000000000000000000e+00,0.000000000000000000e+00,0.000000000000000000e+00,0.000000000000000000e+00,0.000000000000000000e+00,0.000000000000000000e+00,0.000000000000000000e+00,0.000000000000000000e+00,0.000000000000000000e+00,0.000000000000000000e+00,0.000000000000000000e+00,0.000000000000000000e+00,0.000000000000000000e+00,0.000000000000000000e+00,0.000000000000000000e+00,0.000000000000000000e+00,0.000000000000000000e+00,0.000000000000000000e+00,0.000000000000000000e+00,0.000000000000000000e+00,0.000000000000000000e+00,0.000000000000000000e+00,0.000000000000000000e+00,0.000000000000000000e+00,0.000000000000000000e+00,0.000000000000000000e+00,0.000000000000000000e+00,0.000000000000000000e+00,0.000000000000000000e+00,0.000000000000000000e+00,0.000000000000000000e+00,0.000000000000000000e+00,0.000000000000000000e+00,0.000000000000000000e+00,0.000000000000000000e+00,0.000000000000000000e+00,0.000000000000000000e+00,0.000000000000000000e+00,0.000000000000000000e+00,0.000000000000000000e+00,0.000000000000000000e+00,0.000000000000000000e+00,0.000000000000000000e+00,0.000000000000000000e+00,0.000000000000000000e+00,0.000000000000000000e+00,0.000000000000000000e+00,0.000000000000000000e+00,0.000000000000000000e+00,0.000000000000000000e+00,0.000000000000000000e+00,0.000000000000000000e+00,0.000000000000000000e+00,0.000000000000000000e+00,0.000000000000000000e+00,0.000000000000000000e+00,0.000000000000000000e+00,0.000000000000000000e+00,0.000000000000000000e+00,0.000000000000000000e+00,0.000000000000000000e+00,0.000000000000000000e+00,0.000000000000000000e+00,0.000000000000000000e+00,0.000000000000000000e+00,0.000000000000000000e+00,0.000000000000000000e+00,0.000000000000000000e+00,0.000000000000000000e+00,0.000000000000000000e+00,0.000000000000000000e+00,0.000000000000000000e+00,0.000000000000000000e+00,0.000000000000000000e+00,0.000000000000000000e+00,0.000000000000000000e+00,0.000000000000000000e+00,0.000000000000000000e+00,0.000000000000000000e+00,0.000000000000000000e+00,0.000000000000000000e+00,0.000000000000000000e+00,0.000000000000000000e+00,0.000000000000000000e+00,0.000000000000000000e+00,0.000000000000000000e+00,0.000000000000000000e+00,0.000000000000000000e+00,0.000000000000000000e+00,0.000000000000000000e+00,0.000000000000000000e+00,0.000000000000000000e+00,0.000000000000000000e+00,0.000000000000000000e+00,0.000000000000000000e+00,0.000000000000000000e+00,0.000000000000000000e+00,0.000000000000000000e+00,0.000000000000000000e+00,0.000000000000000000e+00,0.000000000000000000e+00,0.000000000000000000e+00,0.000000000000000000e+00,0.000000000000000000e+00,0.000000000000000000e+00,0.000000000000000000e+00,0.000000000000000000e+00,0.000000000000000000e+00,0.000000000000000000e+00,0.000000000000000000e+00,0.000000000000000000e+00,0.000000000000000000e+00,0.000000000000000000e+00,0.000000000000000000e+00,0.000000000000000000e+00,0.000000000000000000e+00,0.000000000000000000e+00,0.000000000000000000e+00,0.000000000000000000e+00,0.000000000000000000e+00,0.000000000000000000e+00,0.000000000000000000e+00,0.000000000000000000e+00,0.000000000000000000e+00
Thrusto,0.000000000000000000e+00,0.000000000000000000e+00,0.000000000000000000e+00,0.000000000000000000e+00,0.000000000000000000e+00,0.000000000000000000e+00,0.000000000000000000e+00,0.000000000000000000e+00,0.000000000000000000e+00,0.000000000000000000e+00,0.000000000000000000e+00,0.000000000000000000e+00,0.000000000000000000e+00,0.000000000000000000e+00,0.000000000000000000e+00,0.000000000000000000e+00,0.000000000000000000e+00,0.000000000000000000e+00,0.000000000000000000e+00,0.000000000000000000e+00,0.000000000000000000e+00,0.000000000000000000e+00,0.000000000000000000e+00,0.000000000000000000e+00,0.000000000000000000e+00,0.000000000000000000e+00,0.000000000000000000e+00,0.000000000000000000e+00,0.000000000000000000e+00,0.000000000000000000e+00,0.000000000000000000e+00,0.000000000000000000e+00,0.000000000000000000e+00,0.000000000000000000e+00,0.000000000000000000e+00,0.000000000000000000e+00,0.000000000000000000e+00,0.000000000000000000e+00,0.000000000000000000e+00,0.000000000000000000e+00,0.000000000000000000e+00,0.000000000000000000e+00,0.000000000000000000e+00,0.000000000000000000e+00,0.000000000000000000e+00,0.000000000000000000e+00,0.000000000000000000e+00,0.000000000000000000e+00,0.000000000000000000e+00,0.000000000000000000e+00,0.000000000000000000e+00,0.000000000000000000e+00,0.000000000000000000e+00,0.000000000000000000e+00,0.000000000000000000e+00,0.000000000000000000e+00,0.000000000000000000e+00,0.000000000000000000e+00,0.000000000000000000e+00,0.000000000000000000e+00,0.000000000000000000e+00,0.000000000000000000e+00,0.000000000000000000e+00,0.000000000000000000e+00,0.000000000000000000e+00,0.000000000000000000e+00,0.000000000000000000e+00,0.000000000000000000e+00,0.000000000000000000e+00,0.000000000000000000e+00,0.000000000000000000e+00,0.000000000000000000e+00,0.000000000000000000e+00,0.000000000000000000e+00,0.000000000000000000e+00,0.000000000000000000e+00,0.000000000000000000e+00,0.000000000000000000e+00,0.000000000000000000e+00,0.000000000000000000e+00,0.000000000000000000e+00,0.000000000000000000e+00,0.000000000000000000e+00,0.000000000000000000e+00,0.000000000000000000e+00,0.000000000000000000e+00,0.000000000000000000e+00,0.000000000000000000e+00,0.000000000000000000e+00,0.000000000000000000e+00,0.000000000000000000e+00,0.000000000000000000e+00,0.000000000000000000e+00,0.000000000000000000e+00,0.000000000000000000e+00,0.000000000000000000e+00,0.000000000000000000e+00,0.000000000000000000e+00,0.000000000000000000e+00,0.000000000000000000e+00,0.000000000000000000e+00,0.000000000000000000e+00,0.000000000000000000e+00,0.000000000000000000e+00,0.000000000000000000e+00,0.000000000000000000e+00,0.000000000000000000e+00,0.000000000000000000e+00,0.000000000000000000e+00,0.000000000000000000e+00,0.000000000000000000e+00,0.000000000000000000e+00,0.000000000000000000e+00,0.000000000000000000e+00,0.000000000000000000e+00,0.000000000000000000e+00,0.000000000000000000e+00,0.000000000000000000e+00,0.000000000000000000e+00,0.000000000000000000e+00,0.000000000000000000e+00,0.000000000000000000e+00,0.000000000000000000e+00,0.000000000000000000e+00,0.000000000000000000e+00,0.000000000000000000e+00,0.000000000000000000e+00,0.000000000000000000e+00,0.000000000000000000e+00,0.000000000000000000e+00,0.000000000000000000e+00,0.000000000000000000e+00,0.000000000000000000e+00,0.000000000000000000e+00,0.000000000000000000e+00,0.000000000000000000e+00,0.000000000000000000e+00,0.000000000000000000e+00,0.000000000000000000e+00,0.000000000000000000e+00,0.000000000000000000e+00,0.000000000000000000e+00,0.000000000000000000e+00,0.000000000000000000e+00,0.000000000000000000e+00,0.000000000000000000e+00,0.000000000000000000e+00,0.000000000000000000e+00,0.000000000000000000e+00,0.000000000000000000e+00,0.000000000000000000e+00,0.000000000000000000e+00,0.000000000000000000e+00,0.000000000000000000e+00,0.000000000000000000e+00,0.000000000000000000e+00,0.000000000000000000e+00,0.000000000000000000e+00,0.000000000000000000e+00,0.000000000000000000e+00,0.000000000000000000e+00,0.000000000000000000e+00,0.000000000000000000e+00,0.000000000000000000e+00,0.000000000000000000e+00,0.000000000000000000e+00,0.000000000000000000e+00,0.000000000000000000e+00,0.000000000000000000e+00,0.000000000000000000e+00,0.000000000000000000e+00,0.000000000000000000e+00,0.000000000000000000e+00,0.000000000000000000e+00,0.000000000000000000e+00,0.000000000000000000e+00,0.000000000000000000e+00,0.000000000000000000e+00,0.000000000000000000e+00,0.000000000000000000e+00,0.000000000000000000e+00,0.000000000000000000e+00,0.000000000000000000e+00,0.000000000000000000e+00,0.000000000000000000e+00,0.000000000000000000e+00,0.000000000000000000e+00,0.000000000000000000e+00,0.000000000000000000e+00,0.000000000000000000e+00,0.000000000000000000e+00,0.000000000000000000e+00,0.000000000000000000e+00,0.000000000000000000e+00,0.000000000000000000e+00,0.000000000000000000e+00,0.000000000000000000e+00,0.000000000000000000e+00,0.000000000000000000e+00,0.000000000000000000e+00,0.000000000000000000e+00,0.000000000000000000e+00,0.000000000000000000e+00,0.000000000000000000e+00,0.000000000000000000e+00,0.000000000000000000e+00,0.000000000000000000e+00,0.000000000000000000e+00,0.000000000000000000e+00,0.000000000000000000e+00,0.000000000000000000e+00,0.000000000000000000e+00,0.000000000000000000e+00,0.000000000000000000e+00,0.000000000000000000e+00,0.000000000000000000e+00,0.000000000000000000e+00,0.000000000000000000e+00,0.000000000000000000e+00,0.000000000000000000e+00,0.000000000000000000e+00,0.000000000000000000e+00,0.000000000000000000e+00,0.000000000000000000e+00,0.000000000000000000e+00,0.000000000000000000e+00,0.000000000000000000e+00,0.000000000000000000e+00,0.000000000000000000e+00,0.000000000000000000e+00,0.000000000000000000e+00,0.000000000000000000e+00,0.000000000000000000e+00,0.000000000000000000e+00,0.000000000000000000e+00,0.000000000000000000e+00,0.000000000000000000e+00,0.000000000000000000e+00
TrailVort,1,2,3,4,5,6,7,8,9,10,11,12,13,14,15,16,17,18,19,20,21,22,23,24,25,26,27,28,29,30,31,32,33,34,35,36,37,38,39,40,41,42,43,44,45,46,47,48,49,50,51,52,53,54,55,56,57,58,59,60,61,62,63,64,65,66,67,68,69,70,71,72,73,74,75,76,77,78,79,80,81,82,83,84,85,86,87,88,89,90,91,92,93,94,95,96,97,98,99,100,101,102,103,104,105,106,107,108,109,110,111,112,113,114,115,116,117,118,119,120,121,122,123,124,125,126,127,128,129,130,131,132,133,134,135,136,1,2,3,4,5,6,7,8,9,10,11,12,13,14,15,16,17,18,19,20,21,22,23,24,25,26,27,28,1,2,3,4,5,6,7,8,9,10,11,12,13,14,15,16,17,18,19,20,21,22,23,24,25,26,27,1,2,3,4,5,6,7,8,9,10,11,12,13,14,15,16,17,18,19,20,21,22,23,24,25,26,27,1,2,3,4,5,6,7,8,9,10,1,2,3,4,5,6,7,8,9,10
Unsteady,0
V/Vref,1.000000000000000000e+00,1.000000000000000000e+00,1.000000000000000000e+00,1.000000000000000000e+00,1.000000000000000000e+00,1.000000000000000000e+00,1.000000000000000000e+00,1.000000000000000000e+00,1.000000000000000000e+00,1.000000000000000000e+00,1.000000000000000000e+00,1.000000000000000000e+00,1.000000000000000000e+00,1.000000000000000000e+00,1.000000000000000000e+00,1.000000000000000000e+00,1.000000000000000000e+00,1.000000000000000000e+00,1.000000000000000000e+00,1.000000000000000000e+00,1.000000000000000000e+00,1.000000000000000000e+00,1.000000000000000000e+00,1.000000000000000000e+00,1.000000000000000000e+00,1.000000000000000000e+00,1.000000000000000000e+00,1.000000000000000000e+00,1.000000000000000000e+00,1.000000000000000000e+00,1.000000000000000000e+00,1.000000000000000000e+00,1.000000000000000000e+00,1.000000000000000000e+00,1.000000000000000000e+00,1.000000000000000000e+00,1.000000000000000000e+00,1.000000000000000000e+00,1.000000000000000000e+00,1.000000000000000000e+00,1.000000000000000000e+00,1.000000000000000000e+00,1.000000000000000000e+00,1.000000000000000000e+00,1.000000000000000000e+00,1.000000000000000000e+00,1.000000000000000000e+00,1.000000000000000000e+00,1.000000000000000000e+00,1.000000000000000000e+00,1.000000000000000000e+00,1.000000000000000000e+00,1.000000000000000000e+00,1.000000000000000000e+00,1.000000000000000000e+00,1.000000000000000000e+00,1.000000000000000000e+00,1.000000000000000000e+00,1.000000000000000000e+00,1.000000000000000000e+00,1.000000000000000000e+00,1.000000000000000000e+00,1.000000000000000000e+00,1.000000000000000000e+00,1.000000000000000000e+00,1.000000000000000000e+00,1.000000000000000000e+00,1.000000000000000000e+00,1.000000000000000000e+00,1.000000000000000000e+00,1.000000000000000000e+00,1.000000000000000000e+00,1.000000000000000000e+00,1.000000000000000000e+00,1.000000000000000000e+00,1.000000000000000000e+00,1.000000000000000000e+00,1.000000000000000000e+00,1.000000000000000000e+00,1.000000000000000000e+00,1.000000000000000000e+00,1.000000000000000000e+00,1.000000000000000000e+00,1.000000000000000000e+00,1.000000000000000000e+00,1.000000000000000000e+00,1.000000000000000000e+00,1.000000000000000000e+00,1.000000000000000000e+00,1.000000000000000000e+00,1.000000000000000000e+00,1.000000000000000000e+00,1.000000000000000000e+00,1.000000000000000000e+00,1.000000000000000000e+00,1.000000000000000000e+00,1.000000000000000000e+00,1.000000000000000000e+00,1.000000000000000000e+00,1.000000000000000000e+00,1.000000000000000000e+00,1.000000000000000000e+00,1.000000000000000000e+00,1.000000000000000000e+00,1.000000000000000000e+00,1.000000000000000000e+00,1.000000000000000000e+00,1.000000000000000000e+00,1.000000000000000000e+00,1.000000000000000000e+00,1.000000000000000000e+00,1.000000000000000000e+00,1.000000000000000000e+00,1.000000000000000000e+00,1.000000000000000000e+00,1.000000000000000000e+00,1.000000000000000000e+00,1.000000000000000000e+00,1.000000000000000000e+00,1.000000000000000000e+00,1.000000000000000000e+00,1.000000000000000000e+00,1.000000000000000000e+00,1.000000000000000000e+00,1.000000000000000000e+00,1.000000000000000000e+00,1.000000000000000000e+00,1.000000000000000000e+00,1.000000000000000000e+00,1.000000000000000000e+00,1.000000000000000000e+00,1.000000000000000000e+00,1.000000000000000000e+00,1.000000000000000000e+00,1.000000000000000000e+00,1.000000000000000000e+00,1.000000000000000000e+00,1.000000000000000000e+00,1.000000000000000000e+00,1.000000000000000000e+00,1.000000000000000000e+00,1.000000000000000000e+00,1.000000000000000000e+00,1.000000000000000000e+00,1.000000000000000000e+00,1.000000000000000000e+00,1.000000000000000000e+00,1.000000000000000000e+00,1.000000000000000000e+00,1.000000000000000000e+00,1.000000000000000000e+00,1.000000000000000000e+00,1.000000000000000000e+00,1.000000000000000000e+00,1.000000000000000000e+00,1.000000000000000000e+00,1.000000000000000000e+00,1.000000000000000000e+00,1.000000000000000000e+00,1.000000000000000000e+00,1.000000000000000000e+00,1.000000000000000000e+00,1.000000000000000000e+00,1.000000000000000000e+00,1.000000000000000000e+00,1.000000000000000000e+00,1.000000000000000000e+00,1.000000000000000000e+00,1.000000000000000000e+00,1.000000000000000000e+00,1.000000000000000000e+00,1.000000000000000000e+00,1.000000000000000000e+00,1.000000000000000000e+00,1.000000000000000000e+00,1.000000000000000000e+00,1.000000000000000000e+00,1.000000000000000000e+00,1.000000000000000000e+00,1.000000000000000000e+00,1.000000000000000000e+00,1.000000000000000000e+00,1.000000000000000000e+00,1.000000000000000000e+00,1.000000000000000000e+00,1.000000000000000000e+00,1.000000000000000000e+00,1.000000000000000000e+00,1.000000000000000000e+00,1.000000000000000000e+00,1.000000000000000000e+00,1.000000000000000000e+00,1.000000000000000000e+00,1.000000000000000000e+00,1.000000000000000000e+00,1.000000000000000000e+00,1.000000000000000000e+00,1.000000000000000000e+00,1.000000000000000000e+00,1.000000000000000000e+00,1.000000000000000000e+00,1.000000000000000000e+00,1.000000000000000000e+00,1.000000000000000000e+00,1.000000000000000000e+00,1.000000000000000000e+00,1.000000000000000000e+00,1.000000000000000000e+00,1.000000000000000000e+00,1.000000000000000000e+00,1.000000000000000000e+00,1.000000000000000000e+00,1.000000000000000000e+00,1.000000000000000000e+00,1.000000000000000000e+00,1.000000000000000000e+00,1.000000000000000000e+00,1.000000000000000000e+00,1.000000000000000000e+00,1.000000000000000000e+00,1.000000000000000000e+00,1.000000000000000000e+00,1.000000000000000000e+00,1.000000000000000000e+00,1.000000000000000000e+00,1.000000000000000000e+00,1.000000000000000000e+00,1.000000000000000000e+00,1.000000000000000000e+00,1.000000000000000000e+00,1.000000000000000000e+00,1.000000000000000000e+00,1.000000000000000000e+00,1.000000000000000000e+00,1.000000000000000000e+00,1.000000000000000000e+00,1.000000000000000000e+00,1.000000000000000000e+00
VortexSheet,1,1,1,1,1,1,1,1,1,1,1,1,1,1,1,1,1,1,1,1,1,1,1,1,1,1,1,1,1,1,1,1,1,1,1,1,1,1,1,1,1,1,1,1,1,1,1,1,1,1,1,1,1,1,1,1,1,1,1,1,1,1,1,1,1,1,1,1,1,1,1,1,1,1,1,1,1,1,1,1,1,1,1,1,1,1,1,1,1,1,1,1,1,1,1,1,1,1,1,1,1,1,1,1,1,1,1,1,1,1,1,1,1,1,1,1,1,1,1,1,1,1,1,1,1,1,1,1,1,1,1,1,1,1,1,1,2,2,2,2,2,2,2,2,2,2,2,2,2,2,2,2,2,2,2,2,2,2,2,2,2,2,2,2,3,3,3,3,3,3,3,3,3,3,3,3,3,3,3,3,3,3,3,3,3,3,3,3,3,3,3,4,4,4,4,4,4,4,4,4,4,4,4,4,4,4,4,4,4,4,4,4,4,4,4,4,4,4,5,5,5,5,5,5,5,5,5,5,6,6,6,6,6,6,6,6,6,6
Xavg,4.499880000000000102e+00,4.512010000000000076e+00,4.524149999999999672e+00,4.536290000000000155e+00,4.548420000000000130e+00,4.560559999999999725e+00,4.572700000000000209e+00,4.584830000000000183e+00,4.596969999999999779e+00,4.609110000000000262e+00,4.621249999999999858e+00,4.633379999999999832e+00,4.645520000000000316e+00,4.657659999999999911e+00,4.669789999999999885e+00,4.681930000000000369e+00,4.694069999999999965e+00,4.706199999999999939e+00,4.713079999999999714e+00,4.714699999999999669e+00,4.716319999999999624e+00,4.717929999999999957e+00,4.719549999999999912e+00,4.721169999999999867e+00,4.718840000000000146e+00,4.722279999999999589e+00,4.735450000000000159e+00,4.748619999999999841e+00,4.761790000000000411e+00,4.774960000000000093e+00,4.788129999999999775e+00,4.801300000000000345e+00,4.814470000000000027e+00,4.827639999999999709e+00,4.840810000000000279e+00,4.853979999999999961e+00,4.867149999999999643e+00,4.880320000000000213e+00,4.893489999999999895e+00,4.906649999999999956e+00,4.919819999999999638e+00,4.932990000000000208e+00,4.946159999999999890e+00,4.959329999999999572e+00,4.972500000000000142e+00,4.985669999999999824e+00,4.998840000000000394e+00,5.012010000000000076e+00,5.025179999999999758e+00,5.038350000000000328e+00,5.051520000000000010e+00,5.064689999999999692e+00,5.077860000000000262e+00,5.091029999999999944e+00,5.104199999999999626e+00,5.117370000000000196e+00,5.130539999999999878e+00,5.143709999999999560e+00,5.156880000000000130e+00,5.170049999999999812e+00,5.181639999999999802e+00,5.191639999999999588e+00,5.201649999999999885e+00,5.227260000000000240e+00,5.253000000000000114e+00,5.263279999999999959e+00,5.273570000000000313e+00,5.283850000000000158e+00,5.283850000000000158e+00,5.273570000000000313e+00,5.263279999999999959e+00,5.253000000000000114e+00,5.227260000000000240e+00,5.201649999999999885e+00,5.191639999999999588e+00,5.181639999999999802e+00,5.170049999999999812e+00,5.156880000000000130e+00,5.143709999999999560e+00,5.130539999999999878e+00,5.117370000000000196e+00,5.104199999999999626e+00,5.091029999999999944e+00,5.077860000000000262e+00,5.064689999999999692e+00,5.051520000000000010e+00,5.038350000000000328e+00,5.025179999999999758e+00,5.012010000000000076e+00,4.998840000000000394e+00,4.985669999999999824e+00,4.972500000000000142e+00,4.959329999999999572e+00,4.946159999999999890e+00,4.932990000000000208e+00,4.919819999999999638e+00,4.906649999999999956e+00,4.893489999999999895e+00,4.880320000000000213e+00,4.867149999999999643e+00,4.853979999999999961e+00,4.840810000000000279e+00,4.827639999999999709e+00,4.814470000000000027e+00,4.801300000000000345e+00,4.788129999999999775e+00,4.774960000000000093e+00,4.761790000000000411e+00,4.748619999999999841e+00,4.735450000000000159e+00,4.722279999999999589e+00,4.718840000000000146e+00,4.721169999999999867e+00,4.719549999999999912e+00,4.717929999999999957e+00,4.716319999999999624e+00,4.714699999999999669e+00,4.713079999999999714e+00,4.706199999999999939e+00,4.694069999999999965e+00,4.681930000000000369e+00,4.669789999999999885e+00,4.657659999999999911e+00,4.645520000000000316e+00,4.633379999999999832e+00,4.621249999999999858e+00,4.609110000000000262e+00,4.596969999999999779e+00,4.584830000000000183e+00,4.572700000000000209e+00,4.560559999999999725e+00,4.548420000000000130e+00,4.536290000000000155e+00,4.524149999999999672e+00,4.512010000000000076e+00,4.499880000000000102e+00,1.018060999999999972e+01,1.019849999999999923e+01,1.021640000000000015e+01,1.023428999999999967e+01,1.025219000000000058e+01,1.027008000000000010e+01,1.028796999999999962e+01,1.030587000000000053e+01,1.032376000000000005e+01,1.034164999999999957e+01,1.035955000000000048e+01,1.037744000000000000e+01,1.039533999999999914e+01,1.041323000000000043e+01,1.043111999999999995e+01,1.044902000000000086e+01,1.046691000000000038e+01,1.048480999999999952e+01,1.050270000000000081e+01,1.052059000000000033e+01,1.053848999999999947e+01,1.055638000000000076e+01,1.057427999999999990e+01,1.059216999999999942e+01,1.061006000000000071e+01,1.062795999999999985e+01,1.064584999999999937e+01,1.068172000000000033e+01,1.018060999999999972e+01,1.019849999999999923e+01,1.021640000000000015e+01,1.023428999999999967e+01,1.025219000000000058e+01,1.027008000000000010e+01,1.028796999999999962e+01,1.030587000000000053e+01,1.032376000000000005e+01,1.034164999999999957e+01,1.035955000000000048e+01,1.037744000000000000e+01,1.039533999999999914e+01,1.041323000000000043e+01,1.043111999999999995e+01,1.044902000000000086e+01,1.046691000000000038e+01,1.048480999999999952e+01,1.050270000000000081e+01,1.052059000000000033e+01,1.053848999999999947e+01,1.055638000000000076e+01,1.057427999999999990e+01,1.059216999999999942e+01,1.061006000000000071e+01,1.062795999999999985e+01,1.064584999999999937e+01,1.072038000000000046e+01,1.072003999999999913e+01,1.071969999999999956e+01,1.071935000000000038e+01,1.071901000000000082e+01,1.071866999999999948e+01,1.071832999999999991e+01,1.071798000000000073e+01,1.071763999999999939e+01,1.071729999999999983e+01,1.071696000000000026e+01,1.071660999999999930e+01,1.071626999999999974e+01,1.071593000000000018e+01,1.071559000000000061e+01,1.071524999999999928e+01,1.071490000000000009e+01,1.071456000000000053e+01,1.071421999999999919e+01,1.071387999999999963e+01,1.071353000000000044e+01,1.071319000000000088e+01,1.071284999999999954e+01,1.071250999999999998e+01,1.071216000000000079e+01,1.071181999999999945e+01,1.071147999999999989e+01,3.669999999999999929e+00,3.669999999999999929e+00,3.668120000000000047e+00,3.664369999999999905e+00,3.660629999999999828e+00,3.656870000000000065e+00,3.653129999999999988e+00,3.649379999999999846e+00,3.647499999999999964e+00,3.647499999999999964e+00,3.669999999999999929e+00,3.669999999999999929e+00,3.668120000000000047e+00,3.664369999999999905e+00,3.660629999999999828e+00,3.656870000000000065e+00,3.653129999999999988e+00,3.649379999999999846e+00,3.647499999999999964e+00,3.647499999999999964e+00
Yavg,8.132749999999999702e+00,8.007849999999999469e+00,7.882950000000000124e+00,7.758049999999999891e+00,7.633149999999999658e+00,7.508250000000000313e+00,7.383350000000000080e+00,7.258449999999999847e+00,7.133549999999999613e+00,7.008659999999999890e+00,6.883759999999999657e+00,6.758860000000000312e+00,6.633960000000000079e+00,6.509059999999999846e+00,6.384159999999999613e+00,6.259260000000000268e+00,6.134360000000000035e+00,6.009459999999999802e+00,5.938690000000000246e+00,5.922030000000000349e+00,5.905380000000000074e+00,5.888729999999999798e+00,5.872069999999999901e+00,5.855419999999999625e+00,5.778959999999999653e+00,5.641460000000000363e+00,5.502720000000000056e+00,5.363979999999999748e+00,5.225240000000000329e+00,5.086500000000000021e+00,4.947759999999999714e+00,4.809020000000000294e+00,4.670279999999999987e+00,4.531539999999999679e+00,4.392800000000000260e+00,4.254059999999999953e+00,4.115319999999999645e+00,3.976579999999999782e+00,3.837839999999999918e+00,3.699100000000000055e+00,3.560360000000000191e+00,3.421619999999999884e+00,3.282880000000000020e+00,3.144149999999999778e+00,3.005409999999999915e+00,2.866670000000000051e+00,2.727930000000000188e+00,2.589189999999999880e+00,2.450450000000000017e+00,2.311710000000000154e+00,2.172969999999999846e+00,2.034229999999999983e+00,1.895489999999999897e+00,1.756750000000000034e+00,1.618009999999999948e+00,1.479270000000000085e+00,1.340529999999999999e+00,1.201789999999999914e+00,1.063050000000000050e+00,9.243099999999999650e-01,8.017199999999999882e-01,6.952800000000000091e-01,5.888299999999999645e-01,4.807199999999999807e-01,3.725999999999999868e-01,2.661399999999999877e-01,1.596899999999999986e-01,5.322999999999999954e-02,-5.322999999999999954e-02,-1.596899999999999986e-01,-2.661399999999999877e-01,-3.725999999999999868e-01,-4.807199999999999807e-01,-5.888299999999999645e-01,-6.952800000000000091e-01,-8.017199999999999882e-01,-9.243099999999999650e-01,-1.063050000000000050e+00,-1.201789999999999914e+00,-1.340529999999999999e+00,-1.479270000000000085e+00,-1.618009999999999948e+00,-1.756750000000000034e+00,-1.895489999999999897e+00,-2.034229999999999983e+00,-2.172969999999999846e+00,-2.311710000000000154e+00,-2.450450000000000017e+00,-2.589189999999999880e+00,-2.727930000000000188e+00,-2.866670000000000051e+00,-3.005409999999999915e+00,-3.144149999999999778e+00,-3.282880000000000020e+00,-3.421619999999999884e+00,-3.560360000000000191e+00,-3.699100000000000055e+00,-3.837839999999999918e+00,-3.976579999999999782e+00,-4.115319999999999645e+00,-4.254059999999999953e+00,-4.392800000000000260e+00,-4.531539999999999679e+00,-4.670279999999999987e+00,-4.809020000000000294e+00,-4.947759999999999714e+00,-5.086500000000000021e+00,-5.225240000000000329e+00,-5.363979999999999748e+00,-5.502720000000000056e+00,-5.641460000000000363e+00,-5.778959999999999653e+00,-5.855419999999999625e+00,-5.872069999999999901e+00,-5.888729999999999798e+00,-5.905380000000000074e+00,-5.922030000000000349e+00,-5.938690000000000246e+00,-6.009459999999999802e+00,-6.134360000000000035e+00,-6.259260000000000268e+00,-6.384159999999999613e+00,-6.509059999999999846e+00,-6.633960000000000079e+00,-6.758860000000000312e+00,-6.883759999999999657e+00,-7.008659999999999890e+00,-7.133549999999999613e+00,-7.258449999999999847e+00,-7.383350000000000080e+00,-7.508250000000000313e+00,-7.633149999999999658e+00,-7.758049999999999891e+00,-7.882950000000000124e+00,-8.007849999999999469e+00,-8.132749999999999702e+00,3.035159999999999858e+00,2.924679999999999946e+00,2.814189999999999969e+00,2.703710000000000058e+00,2.593220000000000081e+00,2.482730000000000103e+00,2.372250000000000192e+00,2.261760000000000215e+00,2.151279999999999859e+00,2.040789999999999882e+00,1.930299999999999905e+00,1.819819999999999993e+00,1.709330000000000016e+00,1.598850000000000104e+00,1.488359999999999905e+00,1.377869999999999928e+00,1.267390000000000017e+00,1.156900000000000039e+00,1.046419999999999906e+00,9.359300000000000397e-01,8.254399999999999515e-01,7.149600000000000399e-01,6.044699999999999518e-01,4.939899999999999847e-01,3.835000000000000075e-01,2.730099999999999749e-01,1.625300000000000078e-01,5.364000000000000018e-02,-3.035159999999999858e+00,-2.924679999999999946e+00,-2.814189999999999969e+00,-2.703710000000000058e+00,-2.593220000000000081e+00,-2.482730000000000103e+00,-2.372250000000000192e+00,-2.261760000000000215e+00,-2.151279999999999859e+00,-2.040789999999999882e+00,-1.930299999999999905e+00,-1.819819999999999993e+00,-1.709330000000000016e+00,-1.598850000000000104e+00,-1.488359999999999905e+00,-1.377869999999999928e+00,-1.267390000000000017e+00,-1.156900000000000039e+00,-1.046419999999999906e+00,-9.359300000000000397e-01,-8.254399999999999515e-01,-7.149600000000000399e-01,-6.044699999999999518e-01,-4.939899999999999847e-01,-3.835000000000000075e-01,-2.730099999999999749e-01,-1.625300000000000078e-01,0.000000000000000000e+00,0.000000000000000000e+00,0.000000000000000000e+00,0.000000000000000000e+00,0.000000000000000000e+00,0.000000000000000000e+00,0.000000000000000000e+00,0.000000000000000000e+00,0.000000000000000000e+00,0.000000000000000000e+00,0.000000000000000000e+00,0.000000000000000000e+00,0.000000000000000000e+00,0.000000000000000000e+00,0.000000000000000000e+00,0.000000000000000000e+00,0.000000000000000000e+00,0.000000000000000000e+00,0.000000000000000000e+00,0.000000000000000000e+00,0.000000000000000000e+00,0.000000000000000000e+00,0.000000000000000000e+00,0.000000000000000000e+00,0.000000000000000000e+00,0.000000000000000000e+00,0.000000000000000000e+00,7.404800000000000271e-01,7.634900000000000020e-01,1.043749999999999956e+00,1.581250000000000044e+00,2.118749999999999911e+00,2.656250000000000000e+00,3.193750000000000089e+00,3.731250000000000178e+00,4.050629999999999953e+00,4.151880000000000237e+00,-7.404800000000000271e-01,-7.634900000000000020e-01,-1.043749999999999956e+00,-1.581250000000000044e+00,-2.118749999999999911e+00,-2.656250000000000000e+00,-3.193750000000000089e+00,-3.731250000000000178e+00,-4.050629999999999953e+00,-4.151880000000000237e+00
Zavg,1.158079999999999998e+00,1.153019999999999934e+00,1.147950000000000026e+00,1.142889999999999961e+00,1.137820000000000054e+00,1.132749999999999924e+00,1.127690000000000081e+00,1.122619999999999951e+00,1.117560000000000109e+00,1.112489999999999979e+00,1.107429999999999914e+00,1.102360000000000007e+00,1.097290000000000099e+00,1.092230000000000034e+00,1.087159999999999904e+00,1.082100000000000062e+00,1.077029999999999932e+00,1.071970000000000089e+00,1.069090000000000096e+00,1.068400000000000016e+00,1.067700000000000093e+00,1.067010000000000014e+00,1.066319999999999935e+00,1.065630000000000077e+00,1.013249999999999984e+00,9.576599999999999557e-01,9.505299999999999860e-01,9.434000000000000163e-01,9.362800000000000011e-01,9.291500000000000314e-01,9.220199999999999507e-01,9.148899999999999810e-01,9.077699999999999658e-01,9.006399999999999961e-01,8.935100000000000264e-01,8.863799999999999457e-01,8.792600000000000415e-01,8.721299999999999608e-01,8.649999999999999911e-01,8.578700000000000214e-01,8.507500000000000062e-01,8.436200000000000365e-01,8.364899999999999558e-01,8.293599999999999861e-01,8.222399999999999709e-01,8.151100000000000012e-01,8.079800000000000315e-01,8.008499999999999508e-01,7.937199999999999811e-01,7.865999999999999659e-01,7.794699999999999962e-01,7.723400000000000265e-01,7.652099999999999458e-01,7.580900000000000416e-01,7.509599999999999609e-01,7.438299999999999912e-01,7.367000000000000215e-01,7.295800000000000063e-01,7.224500000000000366e-01,7.153199999999999559e-01,7.089100000000000401e-01,7.032000000000000473e-01,6.975000000000000089e-01,7.611700000000000133e-01,8.252399999999999736e-01,8.203399999999999581e-01,8.154500000000000082e-01,8.105499999999999927e-01,8.105499999999999927e-01,8.154500000000000082e-01,8.203399999999999581e-01,8.252399999999999736e-01,7.611700000000000133e-01,6.975000000000000089e-01,7.032000000000000473e-01,7.089100000000000401e-01,7.153199999999999559e-01,7.224500000000000366e-01,7.295800000000000063e-01,7.367000000000000215e-01,7.438299999999999912e-01,7.509599999999999609e-01,7.580900000000000416e-01,7.652099999999999458e-01,7.723400000000000265e-01,7.794699999999999962e-01,7.865999999999999659e-01,7.937199999999999811e-01,8.008499999999999508e-01,8.079800000000000315e-01,8.151100000000000012e-01,8.222399999999999709e-01,8.293599999999999861e-01,8.364899999999999558e-01,8.436200000000000365e-01,8.507500000000000062e-01,8.578700000000000214e-01,8.649999999999999911e-01,8.721299999999999608e-01,8.792600000000000415e-01,8.863799999999999457e-01,8.935100000000000264e-01,9.006399999999999961e-01,9.077699999999999658e-01,9.148899999999999810e-01,9.220199999999999507e-01,9.291500000000000314e-01,9.362800000000000011e-01,9.434000000000000163e-01,9.505299999999999860e-01,9.576599999999999557e-01,1.013249999999999984e+00,1.065630000000000077e+00,1.066319999999999935e+00,1.067010000000000014e+00,1.067700000000000093e+00,1.068400000000000016e+00,1.069090000000000096e+00,1.071970000000000089e+00,1.077029999999999932e+00,1.082100000000000062e+00,1.087159999999999904e+00,1.092230000000000034e+00,1.097290000000000099e+00,1.102360000000000007e+00,1.107429999999999914e+00,1.112489999999999979e+00,1.117560000000000109e+00,1.122619999999999951e+00,1.127690000000000081e+00,1.132749999999999924e+00,1.137820000000000054e+00,1.142889999999999961e+00,1.147950000000000026e+00,1.153019999999999934e+00,1.158079999999999998e+00,6.756400000000000183e-01,6.727199999999999847e-01,6.697999999999999510e-01,6.668800000000000283e-01,6.639599999999999946e-01,6.610399999999999610e-01,6.581200000000000383e-01,6.552000000000000046e-01,6.522799999999999709e-01,6.493600000000000483e-01,6.464400000000000146e-01,6.435199999999999809e-01,6.405999999999999472e-01,6.376800000000000246e-01,6.347599999999999909e-01,6.318399999999999572e-01,6.289200000000000346e-01,6.260000000000000009e-01,6.230799999999999672e-01,6.201600000000000446e-01,6.172400000000000109e-01,6.143199999999999772e-01,6.114000000000000545e-01,6.084800000000000209e-01,6.055599999999999872e-01,6.026399999999999535e-01,5.997200000000000308e-01,6.991300000000000292e-01,6.756400000000000183e-01,6.727199999999999847e-01,6.697999999999999510e-01,6.668800000000000283e-01,6.639599999999999946e-01,6.610399999999999610e-01,6.581200000000000383e-01,6.552000000000000046e-01,6.522799999999999709e-01,6.493600000000000483e-01,6.464400000000000146e-01,6.435199999999999809e-01,6.405999999999999472e-01,6.376800000000000246e-01,6.347599999999999909e-01,6.318399999999999572e-01,6.289200000000000346e-01,6.260000000000000009e-01,6.230799999999999672e-01,6.201600000000000446e-01,6.172400000000000109e-01,6.143199999999999772e-01,6.114000000000000545e-01,6.084800000000000209e-01,6.055599999999999872e-01,6.026399999999999535e-01,5.997200000000000308e-01,3.500890000000000057e+00,3.402680000000000149e+00,3.304460000000000175e+00,3.206249999999999822e+00,3.108039999999999914e+00,3.009819999999999940e+00,2.911610000000000031e+00,2.813390000000000057e+00,2.715180000000000149e+00,2.616960000000000175e+00,2.518749999999999822e+00,2.420539999999999914e+00,2.322319999999999940e+00,2.224110000000000031e+00,2.125890000000000057e+00,2.027680000000000149e+00,1.929459999999999953e+00,1.831250000000000044e+00,1.733039999999999914e+00,1.634819999999999940e+00,1.536610000000000031e+00,1.438390000000000057e+00,1.340179999999999927e+00,1.241959999999999953e+00,1.143750000000000044e+00,1.045539999999999914e+00,9.473200000000000509e-01,-5.204900000000000082e-01,-5.107199999999999518e-01,-3.917599999999999971e-01,-1.635999999999999954e-01,6.454999999999999627e-02,2.927100000000000257e-01,5.208599999999999897e-01,7.490200000000000191e-01,8.845800000000000329e-01,9.275600000000000511e-01,-5.204900000000000082e-01,-5.107199999999999518e-01,-3.917599999999999971e-01,-1.635999999999999954e-01,6.454999999999999627e-02,2.927100000000000257e-01,5.208599999999999897e-01,7.490200000000000191e-01,8.845800000000000329e-01,9.275600000000000511e-01
cd,2.007000000000000103e-02,1.366999999999999986e-02,1.182000000000000065e-02,1.140000000000000041e-02,1.064999999999999974e-02,9.860000000000000708e-03,9.190000000000000252e-03,8.359999999999999376e-03,8.109999999999999154e-03,7.369999999999999815e-03,6.899999999999999883e-03,5.960000000000000020e-03,5.440000000000000391e-03,4.859999999999999737e-03,4.440000000000000370e-03,3.469999999999999994e-03,4.120000000000000398e-03,5.610000000000000403e-03,8.959999999999999215e-03,8.109999999999999154e-03,6.150000000000000085e-03,1.030999999999999972e-02,9.299999999999999239e-03,1.728999999999999981e-02,2.881999999999999840e-02,6.365999999999999437e-02,6.610000000000000597e-02,6.715000000000000135e-02,6.811000000000000387e-02,6.908999999999999864e-02,6.969000000000000195e-02,6.980999999999999706e-02,7.015000000000000402e-02,7.055000000000000160e-02,7.069999999999999896e-02,7.076000000000000345e-02,6.975000000000000644e-02,7.025000000000000688e-02,6.937999999999999723e-02,6.980999999999999706e-02,7.002999999999999503e-02,7.073000000000000120e-02,7.048999999999999710e-02,7.091000000000000081e-02,7.199999999999999456e-02,7.248999999999999888e-02,7.231999999999999540e-02,7.324999999999999567e-02,7.505000000000000560e-02,7.570999999999999952e-02,7.678999999999999715e-02,7.722999999999999310e-02,7.933999999999999386e-02,7.986999999999999655e-02,7.895000000000000628e-02,7.958999999999999408e-02,7.971999999999999920e-02,7.942000000000000448e-02,7.935000000000000386e-02,7.795000000000000540e-02,7.469000000000000639e-02,7.308000000000000607e-02,7.199999999999999456e-02,2.959000000000000172e-02,1.558999999999999969e-02,1.499999999999999944e-02,1.580000000000000154e-02,1.688999999999999876e-02,1.674000000000000141e-02,1.563000000000000153e-02,1.484000000000000076e-02,1.541999999999999968e-02,2.962000000000000050e-02,7.201000000000000456e-02,7.308000000000000607e-02,7.466000000000000414e-02,7.821000000000000174e-02,7.961000000000000021e-02,7.975000000000000144e-02,8.013000000000000678e-02,7.989000000000000268e-02,7.928999999999999937e-02,8.015999999999999515e-02,7.974000000000000532e-02,7.742999999999999883e-02,7.702000000000000512e-02,7.603000000000000036e-02,7.535999999999999643e-02,7.373999999999999999e-02,7.285999999999999421e-02,7.313000000000000056e-02,7.266000000000000236e-02,7.172000000000000597e-02,7.134999999999999676e-02,7.166000000000000147e-02,7.101999999999999980e-02,7.090000000000000469e-02,7.051999999999999935e-02,7.138999999999999513e-02,7.093000000000000693e-02,7.194000000000000394e-02,7.191999999999999782e-02,7.179000000000000659e-02,7.141999999999999738e-02,7.098000000000000143e-02,7.088999999999999468e-02,7.030000000000000138e-02,6.933000000000000274e-02,6.840000000000000246e-02,6.729999999999999871e-02,6.479000000000000037e-02,2.981999999999999929e-02,1.611999999999999891e-02,9.570000000000000381e-03,1.243000000000000008e-02,1.106999999999999998e-02,1.115000000000000019e-02,1.082999999999999935e-02,7.219999999999999855e-03,5.819999999999999653e-03,4.799999999999999580e-03,5.729999999999999850e-03,6.130000000000000032e-03,6.669999999999999714e-03,7.570000000000000340e-03,8.429999999999999993e-03,8.850000000000000228e-03,9.530000000000000276e-03,9.310000000000000567e-03,1.007000000000000083e-02,1.060000000000000005e-02,1.128000000000000010e-02,1.188999999999999953e-02,1.225000000000000047e-02,1.293000000000000052e-02,1.959999999999999937e-02,1.147699999999999970e-01,8.297000000000000208e-02,9.196000000000000008e-02,1.004199999999999954e-01,9.563000000000000667e-02,1.043199999999999961e-01,1.086499999999999966e-01,1.103100000000000053e-01,1.292200000000000015e-01,1.310900000000000121e-01,1.355200000000000016e-01,1.369900000000000007e-01,1.381499999999999950e-01,1.390000000000000124e-01,1.342700000000000005e-01,1.350699999999999956e-01,1.223100000000000021e-01,1.220799999999999941e-01,1.203199999999999964e-01,1.199699999999999933e-01,1.122800000000000048e-01,1.112199999999999994e-01,1.087800000000000017e-01,1.072000000000000036e-01,1.028099999999999986e-01,9.690000000000000002e-02,8.880000000000000393e-02,1.856999999999999970e-02,9.753000000000000558e-02,8.047999999999999599e-02,8.917999999999999539e-02,9.632999999999999896e-02,9.149000000000000188e-02,9.934999999999999387e-02,1.035200000000000009e-01,1.048199999999999965e-01,1.232599999999999946e-01,1.246000000000000024e-01,1.286299999999999943e-01,1.295000000000000040e-01,1.297999999999999987e-01,1.299200000000000077e-01,1.245799999999999963e-01,1.243999999999999967e-01,1.103599999999999998e-01,1.091099999999999987e-01,1.054299999999999959e-01,1.030599999999999988e-01,9.443999999999999617e-02,9.064999999999999447e-02,8.469999999999999751e-02,7.820000000000000562e-02,6.665999999999999703e-02,5.177999999999999964e-02,3.733999999999999819e-02,8.410000000000000808e-03,8.349999999999999784e-03,8.300000000000000086e-03,8.250000000000000389e-03,8.219999999999999876e-03,8.189999999999999364e-03,8.149999999999999259e-03,8.120000000000000481e-03,8.080000000000000376e-03,8.049999999999999864e-03,8.040000000000000271e-03,8.009999999999999759e-03,8.000000000000000167e-03,7.960000000000000062e-03,7.939999999999999142e-03,7.919999999999999957e-03,7.879999999999999852e-03,7.860000000000000667e-03,7.830000000000000154e-03,7.799999999999999642e-03,7.779999999999999589e-03,7.760000000000000404e-03,7.729999999999999892e-03,7.709999999999999840e-03,7.689999999999999787e-03,7.660000000000000142e-03,7.740000000000000352e-03,1.010999999999999920e-02,1.009000000000000001e-02,1.020000000000000073e-02,1.017999999999999981e-02,9.969999999999999696e-03,9.950000000000000511e-03,9.509999999999999357e-03,9.509999999999999357e-03,9.790000000000000091e-03,1.001999999999999939e-02,1.010999999999999920e-02,1.009000000000000001e-02,1.020000000000000073e-02,1.018999999999999941e-02,9.979999999999999288e-03,9.990000000000000616e-03,9.639999999999999264e-03,9.620000000000000079e-03,9.839999999999999789e-03,1.004000000000000031e-02
cd*c/cref,1.393803349282296891e-02,9.611005635300371927e-03,8.412057097288675941e-03,8.211272727272726779e-03,7.762723285486443532e-03,7.271763104731526067e-03,6.856736682615629380e-03,6.309422222222221821e-03,6.190547102604996785e-03,5.689161988304093816e-03,5.385741626794258302e-03,4.703330356193514278e-03,4.339795427963849712e-03,3.918953110047846897e-03,3.618493779904306470e-03,2.857833705475810743e-03,3.428646039340776767e-03,4.716903508771929689e-03,7.577320999468366812e-03,6.867803242955873751e-03,5.215075757575757774e-03,8.754510951621477868e-03,7.907570972886761654e-03,1.472104242424242433e-02,2.456349590643274600e-02,5.463185454545453623e-02,5.735167729930887998e-02,5.889851089845827420e-02,6.038579734183945752e-02,6.190882727272726399e-02,6.310668468899521821e-02,6.387670669856458650e-02,6.485201541733121022e-02,6.589017437533227495e-02,6.670005635300371716e-02,6.742701967038809696e-02,6.712538277511961859e-02,6.827246810207336647e-02,6.808424274322168179e-02,6.916756985645933220e-02,7.004935970228601261e-02,7.141962690058480112e-02,7.184546161616160720e-02,7.294531679957469428e-02,7.474909090909090392e-02,7.594493274853801601e-02,7.645235172780436017e-02,7.812943912812334024e-02,8.076074242424242933e-02,8.218861860712387002e-02,8.408892828282828191e-02,8.530281371610844154e-02,8.838543487506644869e-02,8.973337177033494094e-02,8.944812546517810770e-02,9.092766108452950136e-02,9.183184561403509583e-02,9.223951111111110268e-02,9.291037081339711956e-02,9.201000850611378012e-02,8.878619883040936300e-02,8.740111578947369619e-02,8.663004784688994875e-02,3.597049122807018107e-02,1.916376507177033547e-02,1.854832535885167152e-02,1.965315045188729265e-02,2.113261355661881502e-02,2.094493492822966513e-02,1.944169250398724083e-02,1.835047655502392364e-02,1.895479521531100511e-02,3.600696012759170561e-02,8.664207979797980408e-02,8.740111578947369619e-02,8.875053694843169916e-02,9.231690526315790291e-02,9.321480303030300896e-02,9.262277777777776222e-02,9.230413684210528324e-02,9.127039633173844591e-02,8.983333588516746737e-02,9.005918468899522245e-02,8.883103827751195891e-02,8.552371961722488036e-02,8.434078989898990963e-02,8.253600148856991836e-02,8.109433110047846449e-02,7.865207974481659703e-02,7.702320723019670523e-02,7.661543567251462294e-02,7.543429090909090085e-02,7.377856608187134679e-02,7.272199867091971859e-02,7.235869452418926262e-02,7.103963338649654791e-02,7.024753907496013305e-02,6.920295183413077700e-02,6.938037719298244255e-02,6.826098064859117964e-02,6.855143859649122373e-02,6.785103328017011437e-02,6.704827240829346058e-02,6.602610037214247385e-02,6.494726602870813659e-02,6.419332583732056952e-02,6.299306060606060798e-02,6.146743987240829710e-02,5.999490909090909874e-02,5.839285752259436302e-02,5.560160000000000102e-02,2.541580318979266145e-02,1.372488165869218367e-02,8.137145614035088542e-03,1.055466257309941452e-02,9.387136363636364861e-03,9.442170919723550521e-03,9.158748484848483820e-03,6.070595959595958928e-03,4.843378628389154693e-03,3.953199362041467241e-03,4.669812918660286478e-03,4.943041679957469250e-03,5.321035938330675313e-03,5.973860871876662121e-03,6.579971291866029172e-03,6.831625996810208185e-03,7.274465337586390190e-03,7.026402020202020780e-03,7.513312121212121358e-03,7.817514088250930235e-03,8.221926634768740236e-03,8.564213397129184779e-03,8.718079479000532053e-03,9.090731738437001982e-03,1.361163211057947985e-02,6.276961057947899603e-02,4.644555619351408565e-02,5.266115555555554717e-02,5.879828569909622410e-02,5.722446326422116897e-02,6.376663987240829834e-02,6.781180940988836003e-02,7.026764593301434991e-02,8.397582562466772427e-02,8.687831201488570299e-02,9.155777309941519337e-02,9.431408282828282474e-02,9.689081578947367213e-02,9.927526315789474143e-02,9.762521148325359333e-02,9.994533732057417352e-02,9.207712679425837654e-02,9.347524763423711858e-02,9.367561254651780855e-02,9.494723014354065904e-02,9.030630855927698764e-02,9.088465582137160437e-02,9.029086985645932983e-02,9.035917065390750014e-02,8.798152950558213448e-02,8.417112121212121101e-02,7.827807336523126547e-02,1.669414370015949098e-02,5.334076953748006361e-02,4.505168569909621945e-02,5.106918064859116563e-02,5.640349393939393663e-02,5.474711015417332155e-02,6.072867783094098443e-02,6.461001850079746422e-02,6.677050717703347793e-02,8.010261775651247862e-02,8.257714300903774840e-02,8.690286565656564488e-02,8.915741095162148244e-02,9.103458479532162972e-02,9.279023157894736307e-02,9.057979330143541008e-02,9.205004784688995689e-02,8.308095587453483144e-02,8.354426826156301222e-02,8.208294407230197487e-02,8.156423721424772844e-02,7.595767527910685102e-02,7.407565231259967409e-02,7.030370175438596658e-02,6.591499202551834302e-02,5.704550877192982039e-02,4.497812854864433746e-02,3.291557724614566777e-02,4.412947421584264424e-03,4.535235247208931585e-03,4.660884635832004790e-03,4.784692982456140858e-03,4.918627751196172175e-03,5.051457894736841557e-03,5.176874800637958421e-03,5.307311430090378562e-03,5.429923232323233262e-03,5.557966507177033132e-03,5.699081977671451547e-03,5.825326794258372208e-03,5.965337586390217876e-03,6.082057841573631184e-03,6.212955023923443995e-03,6.343115789473684207e-03,6.456195853269538001e-03,6.584515470494418585e-03,6.703537320574162565e-03,6.821454545454544612e-03,6.947196703880914592e-03,7.072243700159490040e-03,7.187215098351939710e-03,7.310563795853268661e-03,7.433176076555024145e-03,7.545201807549176479e-03,7.766540669856460827e-03,1.612440191387559587e-03,1.609250398724082834e-03,1.613237639553429100e-03,1.583014354066985359e-03,1.523856990962253960e-03,1.494351408825093019e-03,1.402990430622009415e-03,1.377711323763955312e-03,1.405263157894736910e-03,1.438277511961722323e-03,1.612440191387559587e-03,1.609250398724082834e-03,1.613237639553429100e-03,1.584569377990430270e-03,1.525385433280169968e-03,1.500358851674641215e-03,1.422169059011164265e-03,1.393646996278575384e-03,1.412440191387559713e-03,1.441148325358851791e-03
cdi,1.173000000000000084e-02,5.060000000000000261e-03,3.000000000000000062e-03,2.399999999999999790e-03,1.479999999999999979e-03,5.299999999999999807e-04,-2.900000000000000017e-04,-1.260000000000000052e-03,-1.660000000000000017e-03,-2.540000000000000157e-03,-3.150000000000000022e-03,-4.219999999999999793e-03,-4.890000000000000249e-03,-5.629999999999999588e-03,-6.230000000000000294e-03,-7.400000000000000328e-03,-6.989999999999999686e-03,-5.799999999999999600e-03,-2.619999999999999933e-03,-3.579999999999999849e-03,-5.660000000000000100e-03,-1.600000000000000077e-03,-2.739999999999999814e-03,5.100000000000000366e-03,1.629999999999999852e-02,5.029999999999999749e-02,5.226999999999999702e-02,5.296000000000000013e-02,5.365000000000000324e-02,5.437999999999999778e-02,5.476999999999999924e-02,5.471000000000000169e-02,5.489000000000000129e-02,5.514999999999999764e-02,5.517999999999999988e-02,5.514000000000000151e-02,5.405999999999999694e-02,5.448999999999999677e-02,5.356000000000000344e-02,5.394000000000000183e-02,5.412000000000000144e-02,5.480000000000000149e-02,5.451999999999999902e-02,5.492999999999999966e-02,5.603000000000000341e-02,5.652000000000000079e-02,5.636000000000000038e-02,5.730999999999999983e-02,5.913000000000000200e-02,5.983000000000000124e-02,6.094999999999999724e-02,6.144000000000000156e-02,6.363000000000000600e-02,6.422999999999999543e-02,6.339000000000000190e-02,6.414000000000000257e-02,6.436999999999999666e-02,6.421000000000000318e-02,6.429999999999999605e-02,6.310000000000000331e-02,6.006000000000000227e-02,5.870000000000000218e-02,5.791999999999999926e-02,1.611999999999999891e-02,2.550000000000000183e-03,2.170000000000000054e-03,3.109999999999999917e-03,4.300000000000000003e-03,4.150000000000000043e-03,2.949999999999999931e-03,2.020000000000000094e-03,2.390000000000000197e-03,1.617000000000000035e-02,5.797000000000000069e-02,5.872999999999999748e-02,6.006999999999999840e-02,6.339999999999999802e-02,6.461000000000000076e-02,6.458999999999999464e-02,6.485000000000000486e-02,6.450000000000000178e-02,6.381000000000000560e-02,6.460000000000000464e-02,6.411000000000000032e-02,6.174000000000000321e-02,6.128000000000000114e-02,6.024000000000000188e-02,5.954999999999999877e-02,5.791999999999999926e-02,5.702000000000000124e-02,5.729000000000000065e-02,5.680999999999999939e-02,5.587999999999999912e-02,5.551999999999999991e-02,5.587000000000000299e-02,5.525999999999999662e-02,5.517999999999999988e-02,5.485999999999999904e-02,5.578999999999999931e-02,5.539999999999999786e-02,5.648999999999999855e-02,5.657000000000000223e-02,5.655999999999999917e-02,5.634000000000000119e-02,5.605000000000000260e-02,5.614000000000000240e-02,5.575999999999999707e-02,5.503000000000000252e-02,5.437000000000000166e-02,5.362999999999999712e-02,5.158999999999999697e-02,1.744000000000000064e-02,4.069999999999999833e-03,-2.330000000000000040e-03,6.400000000000000524e-04,-5.999999999999999474e-04,-4.200000000000000174e-04,-6.300000000000000261e-04,-4.069999999999999833e-03,-5.170000000000000116e-03,-5.950000000000000427e-03,-4.819999999999999632e-03,-4.259999999999999898e-03,-3.559999999999999797e-03,-2.520000000000000104e-03,-1.520000000000000084e-03,-9.700000000000000505e-04,-1.499999999999999869e-04,-2.400000000000000061e-04,6.599999999999999964e-04,1.330000000000000019e-03,2.170000000000000054e-03,2.939999999999999905e-03,3.480000000000000020e-03,4.360000000000000160e-03,1.127000000000000050e-02,1.059100000000000041e-01,7.363999999999999713e-02,8.228000000000000591e-02,9.045999999999999874e-02,8.544999999999999818e-02,9.396999999999999797e-02,9.818000000000000338e-02,9.972999999999999921e-02,1.185699999999999948e-01,1.203800000000000009e-01,1.247599999999999959e-01,1.262000000000000066e-01,1.273499999999999910e-01,1.281799999999999884e-01,1.234299999999999981e-01,1.242400000000000032e-01,1.114799999999999958e-01,1.112699999999999939e-01,1.095200000000000062e-01,1.091799999999999993e-01,1.015000000000000069e-01,1.004499999999999976e-01,9.800999999999999990e-02,9.646000000000000407e-02,9.216000000000000580e-02,8.641999999999999682e-02,7.870000000000000606e-02,9.390000000000000777e-03,8.876000000000000556e-02,7.131999999999999451e-02,7.974000000000000532e-02,8.669000000000000317e-02,8.169999999999999485e-02,8.944000000000000561e-02,9.353000000000000203e-02,9.476999999999999313e-02,1.131800000000000028e-01,1.144899999999999946e-01,1.185100000000000042e-01,1.193800000000000000e-01,1.196900000000000047e-01,1.198199999999999960e-01,1.145000000000000046e-01,1.143600000000000033e-01,1.003499999999999948e-01,9.914000000000000590e-02,9.550000000000000155e-02,9.318999999999999506e-02,8.462000000000000077e-02,8.089999999999999969e-02,7.502000000000000335e-02,6.864000000000000656e-02,5.727000000000000146e-02,4.266999999999999960e-02,2.879999999999999921e-02,-3.000000000000000076e-05,-5.000000000000000240e-05,-6.000000000000000152e-05,-6.000000000000000152e-05,-5.000000000000000240e-05,-5.000000000000000240e-05,-5.000000000000000240e-05,-5.000000000000000240e-05,-5.000000000000000240e-05,-5.000000000000000240e-05,-3.000000000000000076e-05,-3.000000000000000076e-05,-1.000000000000000082e-05,-2.000000000000000164e-05,-2.000000000000000164e-05,-0.000000000000000000e+00,-2.000000000000000164e-05,-2.000000000000000164e-05,-2.000000000000000164e-05,-2.000000000000000164e-05,-2.000000000000000164e-05,-2.000000000000000164e-05,-3.000000000000000076e-05,-2.000000000000000164e-05,-3.000000000000000076e-05,-3.000000000000000076e-05,6.000000000000000152e-05,-5.000000000000000240e-05,-6.999999999999999387e-05,2.000000000000000164e-05,-2.000000000000000164e-05,-2.599999999999999772e-04,-3.099999999999999999e-04,-7.900000000000000121e-04,-8.099999999999999561e-04,-5.400000000000000069e-04,-3.099999999999999999e-04,-5.000000000000000240e-05,-6.999999999999999387e-05,2.000000000000000164e-05,-2.000000000000000164e-05,-2.500000000000000052e-04,-2.700000000000000035e-04,-6.599999999999999964e-04,-6.999999999999999929e-04,-5.000000000000000104e-04,-2.900000000000000017e-04
cdi*c/cref,8.146145135566188952e-03,3.557548538011696179e-03,2.135039872408293644e-03,1.728688995215310695e-03,1.078763423710792091e-03,3.908757044125465226e-04,-2.163714513556618630e-04,-9.509416267942584922e-04,-1.267115683147262148e-03,-1.960715257841574074e-03,-2.458708133971291947e-03,-3.330210419989367617e-03,-3.901029346092504350e-03,-4.539857203615098313e-03,-5.077300956937798836e-03,-6.094515683147262719e-03,-5.817047527910685321e-03,-4.876656034024454307e-03,-2.215689845826687623e-03,-3.031656671982987678e-03,-4.799565656565657305e-03,-1.358604997341839558e-03,-2.329757469431153246e-03,4.342239234449761162e-03,1.389260871876661120e-02,4.316654545454545050e-02,4.535207522594364438e-02,4.645219861775651965e-02,4.756567357788411138e-02,4.872777575757575308e-02,4.959611307814992126e-02,5.006008628389155279e-02,5.074450643274853318e-02,5.150734396597553971e-02,5.205812036150983535e-02,5.254276236044656823e-02,5.202578054226474763e-02,5.295611084529504992e-02,5.255970079744816392e-02,5.344361435406699140e-02,5.413496140350877034e-02,5.533430728335991811e-02,5.556837235513024942e-02,5.650664577352471768e-02,5.816932727272727116e-02,5.921378947368421963e-02,5.958040021265285230e-02,6.112761988304094007e-02,6.362934976076554949e-02,6.494974311536416689e-02,6.674332828282827923e-02,6.786229282296650511e-02,7.088436124401914507e-02,7.216194401913876566e-02,7.181908389154706418e-02,7.327679585326954403e-02,7.414972280701755125e-02,7.457440202020201858e-02,7.528842902711321838e-02,7.448148219032429962e-02,7.139508771929825581e-02,7.020314035087719950e-02,6.968906071238703537e-02,1.959595534290271140e-02,3.134547846889952812e-03,2.683324401913875397e-03,3.868436576289207163e-03,5.380120680489100353e-03,5.192442052099946123e-03,3.669417331206804508e-03,2.497841148325358716e-03,2.937870334928230093e-03,1.965673684210526503e-02,6.974922046783625651e-02,7.023901929824562240e-02,7.140697501329079655e-02,7.483559383306750967e-02,7.565140590111640861e-02,7.501573939393937906e-02,7.470264912280702441e-02,7.368807814992026084e-02,7.229493205741628625e-02,7.257763636363637194e-02,7.141908532695374900e-02,6.819365167464115640e-02,6.710469494949494740e-02,6.539482743221690375e-02,6.408130861244019927e-02,6.177825412014886081e-02,6.027811249335460198e-02,6.002048830409357355e-02,5.897910909090908760e-02,5.748391345029239125e-02,5.658760148856990801e-02,5.641473992557150680e-02,5.527527655502392084e-02,5.467220318979266330e-02,5.383542169059010729e-02,5.421951594896331356e-02,5.331535778841041406e-02,5.382917384370015934e-02,5.336947931951090129e-02,5.282421350345560540e-02,5.208499712918659985e-02,5.128619696969697467e-02,5.083669505582137649e-02,4.996433939393939150e-02,4.878917086656034408e-02,4.768893577884104895e-02,4.653207947900053071e-02,4.427359999999999629e-02,1.486423902179691628e-02,3.465277192982456084e-03,-1.981144125465177964e-03,5.434419989367358234e-04,-5.087878787878787491e-04,-3.556692185007974513e-04,-5.327803827751196025e-04,-3.422067251461987942e-03,-4.302451461988304054e-03,-4.900320042530569888e-03,-3.928184688995214544e-03,-3.435131738437001772e-03,-2.840013184476342361e-03,-1.988656459330143903e-03,-1.186424242424242515e-03,-7.487770866560340775e-04,-1.144984051036682489e-04,-1.811317384370016072e-04,4.924315789473683331e-04,9.808767676767677409e-04,1.581700425305688574e-03,2.117644019138755808e-03,2.476646251993620297e-03,3.065397554492291579e-03,7.826688463583201388e-03,5.792393009037746093e-02,4.122274024455076930e-02,4.711787602339181230e-02,5.296647006911217592e-02,5.113280754917597093e-02,5.744009920255183782e-02,6.127716012759171910e-02,6.352816905901115252e-02,7.705474109516213810e-02,7.978038904837851664e-02,8.428828048910153026e-02,8.688544603934078570e-02,8.931628947368419613e-02,9.154750526315787174e-02,8.974364976076554257e-02,9.193165550239235095e-02,8.392411164274322932e-02,8.519815534290271775e-02,8.526722977139820914e-02,8.640775683147261521e-02,8.163600212652843968e-02,8.208383094098882504e-02,8.135142631578948236e-02,8.130639553429026833e-02,7.886759808612439637e-02,7.506778426368952706e-02,6.937482402977139528e-02,8.441465231259968199e-03,4.854431153641679958e-02,3.992403359914938055e-02,4.566333779904305917e-02,5.075904587985114597e-02,4.888882828282828386e-02,5.467109154704944546e-02,5.837495199362042336e-02,6.036864114832534572e-02,7.355195746943114787e-02,7.587686278575225818e-02,8.006575922381711785e-02,8.219005188729398836e-02,8.394398654970759710e-02,8.557670526315788728e-02,8.325081339712918360e-02,8.462092822966507666e-02,7.554525119617225282e-02,7.591035427963850613e-02,7.435190324295588848e-02,7.375287469431152099e-02,6.805949261031365993e-02,6.610833173843699839e-02,6.226899298245614639e-02,5.785684210526316484e-02,4.900984529505581638e-02,3.706482706007442618e-02,2.538748325358851365e-02,-1.574178628389154972e-05,-2.715709728867623797e-05,-3.369314194577352592e-05,-3.479776714513556899e-05,-2.991866028708133887e-05,-3.083918128654970358e-05,-3.175996810207336546e-05,-3.268048910154173694e-05,-3.360101010101010843e-05,-3.452153110047847314e-05,-2.126523125996810203e-05,-2.181770334928229374e-05,-7.456671982987772888e-06,-1.528155236576289234e-05,-1.564976076555023890e-05,-0.000000000000000000e+00,-1.638628389154705224e-05,-1.675449229133439881e-05,-1.712270069112174537e-05,-1.749090909090909193e-05,-1.785911749069644188e-05,-1.822743221690590189e-05,-2.789346092503987098e-05,-1.896384901648059501e-05,-2.899808612440191405e-05,-2.955039872408293897e-05,6.020574162679426814e-05,-7.974481658692184109e-06,-1.116427432216905741e-05,3.163211057947900420e-06,-3.110047846889952108e-06,-3.973950026581605019e-05,-4.655768208399787270e-05,-1.165470494417862845e-04,-1.173444976076554999e-04,-7.751196172248803402e-05,-4.449760765550239065e-05,-7.974481658692184109e-06,-1.116427432216905741e-05,3.163211057947900420e-06,-3.110047846889952108e-06,-3.821105794790004956e-05,-4.055023923444975835e-05,-9.736842105263158326e-05,-1.014088250930356312e-04,-7.177033492822966715e-05,-4.162679425837320722e-05
cdo,8.340000000000000191e-03,8.609999999999999598e-03,8.819999999999999715e-03,9.010000000000000647e-03,9.169999999999999332e-03,9.329999999999999752e-03,9.480000000000000579e-03,9.629999999999999671e-03,9.769999999999999171e-03,9.900000000000000813e-03,1.004000000000000031e-02,1.018999999999999941e-02,1.033000000000000064e-02,1.048999999999999932e-02,1.067000000000000066e-02,1.086999999999999945e-02,1.111000000000000008e-02,1.141000000000000000e-02,1.158999999999999961e-02,1.170000000000000033e-02,1.180999999999999932e-02,1.192000000000000004e-02,1.204000000000000035e-02,1.218999999999999945e-02,1.251999999999999988e-02,1.336000000000000035e-02,1.383000000000000028e-02,1.418999999999999949e-02,1.446000000000000063e-02,1.471000000000000085e-02,1.491999999999999924e-02,1.510000000000000057e-02,1.525999999999999926e-02,1.540000000000000049e-02,1.552000000000000081e-02,1.562000000000000020e-02,1.568999999999999909e-02,1.575999999999999970e-02,1.582000000000000073e-02,1.586999999999999869e-02,1.591000000000000053e-02,1.593999999999999931e-02,1.595999999999999849e-02,1.597000000000000156e-02,1.597000000000000156e-02,1.597000000000000156e-02,1.595999999999999849e-02,1.593999999999999931e-02,1.592000000000000012e-02,1.589000000000000135e-02,1.583999999999999991e-02,1.577999999999999889e-02,1.570999999999999827e-02,1.564000000000000112e-02,1.554999999999999959e-02,1.545000000000000019e-02,1.535000000000000080e-02,1.520999999999999956e-02,1.504999999999999914e-02,1.485000000000000035e-02,1.463000000000000064e-02,1.439000000000000001e-02,1.406999999999999917e-02,1.346999999999999933e-02,1.305000000000000084e-02,1.282999999999999939e-02,1.268999999999999989e-02,1.260000000000000009e-02,1.259000000000000050e-02,1.268000000000000030e-02,1.281999999999999980e-02,1.302999999999999992e-02,1.345000000000000015e-02,1.404999999999999999e-02,1.435999999999999950e-02,1.460000000000000013e-02,1.481000000000000025e-02,1.499999999999999944e-02,1.515000000000000027e-02,1.528999999999999977e-02,1.538999999999999917e-02,1.548000000000000070e-02,1.555999999999999918e-02,1.563000000000000153e-02,1.568999999999999909e-02,1.574000000000000052e-02,1.577999999999999889e-02,1.581000000000000114e-02,1.583000000000000032e-02,1.583999999999999991e-02,1.584999999999999951e-02,1.584999999999999951e-02,1.583999999999999991e-02,1.582000000000000073e-02,1.580000000000000154e-02,1.575999999999999970e-02,1.572000000000000133e-02,1.566999999999999990e-02,1.559999999999999928e-02,1.553000000000000040e-02,1.545000000000000019e-02,1.535000000000000080e-02,1.523000000000000048e-02,1.508999999999999925e-02,1.493000000000000056e-02,1.474999999999999922e-02,1.454000000000000084e-02,1.430000000000000021e-02,1.401999999999999948e-02,1.366999999999999986e-02,1.319999999999999993e-02,1.238000000000000038e-02,1.204999999999999995e-02,1.191000000000000045e-02,1.179000000000000013e-02,1.167999999999999941e-02,1.157000000000000042e-02,1.145999999999999970e-02,1.128999999999999969e-02,1.098999999999999977e-02,1.074999999999999914e-02,1.055999999999999994e-02,1.038999999999999993e-02,1.022999999999999951e-02,1.009000000000000001e-02,9.950000000000000511e-03,9.820000000000000603e-03,9.679999999999999369e-03,9.549999999999999462e-03,9.409999999999999962e-03,9.270000000000000462e-03,9.119999999999999635e-03,8.959999999999999215e-03,8.779999999999999610e-03,8.569999999999999493e-03,8.330000000000000598e-03,8.859999999999999820e-03,9.329999999999999752e-03,9.679999999999999369e-03,9.969999999999999696e-03,1.017999999999999981e-02,1.034999999999999983e-02,1.047000000000000014e-02,1.058000000000000086e-02,1.065999999999999934e-02,1.072000000000000036e-02,1.076000000000000047e-02,1.078999999999999924e-02,1.081000000000000016e-02,1.081999999999999976e-02,1.082999999999999935e-02,1.082999999999999935e-02,1.082999999999999935e-02,1.081000000000000016e-02,1.081000000000000016e-02,1.078999999999999924e-02,1.077999999999999965e-02,1.077000000000000006e-02,1.077000000000000006e-02,1.073999999999999955e-02,1.064999999999999974e-02,1.047999999999999973e-02,1.010999999999999920e-02,9.180000000000000659e-03,8.760000000000000425e-03,9.159999999999999740e-03,9.440000000000000474e-03,9.639999999999999264e-03,9.790000000000000091e-03,9.910000000000000406e-03,9.990000000000000616e-03,1.004999999999999991e-02,1.009000000000000001e-02,1.010999999999999920e-02,1.012000000000000052e-02,1.012000000000000052e-02,1.010999999999999920e-02,1.009999999999999960e-02,1.008000000000000042e-02,1.004999999999999991e-02,1.000999999999999980e-02,9.969999999999999696e-03,9.929999999999999591e-03,9.870000000000000301e-03,9.820000000000000603e-03,9.749999999999999986e-03,9.679999999999999369e-03,9.570000000000000381e-03,9.390000000000000777e-03,9.119999999999999635e-03,8.540000000000000716e-03,8.439999999999999586e-03,8.399999999999999481e-03,8.359999999999999376e-03,8.319999999999999271e-03,8.279999999999999166e-03,8.240000000000000796e-03,8.200000000000000691e-03,8.170000000000000179e-03,8.139999999999999666e-03,8.099999999999999561e-03,8.070000000000000784e-03,8.040000000000000271e-03,8.009999999999999759e-03,7.979999999999999247e-03,7.950000000000000469e-03,7.929999999999999549e-03,7.900000000000000772e-03,7.870000000000000259e-03,7.849999999999999339e-03,7.820000000000000562e-03,7.799999999999999642e-03,7.779999999999999589e-03,7.749999999999999944e-03,7.729999999999999892e-03,7.709999999999999840e-03,7.700000000000000247e-03,7.680000000000000195e-03,1.016000000000000063e-02,1.016000000000000063e-02,1.017999999999999981e-02,1.021000000000000033e-02,1.022999999999999951e-02,1.026000000000000002e-02,1.029000000000000054e-02,1.031999999999999931e-02,1.034000000000000023e-02,1.034000000000000023e-02,1.016000000000000063e-02,1.016000000000000063e-02,1.017999999999999981e-02,1.021000000000000033e-02,1.022999999999999951e-02,1.026000000000000002e-02,1.029000000000000054e-02,1.031999999999999931e-02,1.034000000000000023e-02,1.034000000000000023e-02
cdo*c/cref,5.791888357256779092e-03,6.053457097288676182e-03,6.277017224880382731e-03,6.489786602870813159e-03,6.683959861775650574e-03,6.880887400318978948e-03,7.073108133971292219e-03,7.267911004784689301e-03,7.457662785752258716e-03,7.642157894736842892e-03,7.836644338118023412e-03,8.041432270069112306e-03,8.240824774056354496e-03,8.458810313662945210e-03,8.695794736842106173e-03,8.952349388623073029e-03,9.245693567251462089e-03,9.593559542796383996e-03,9.801467676767676093e-03,9.907928229665071557e-03,1.001464141414141508e-02,1.012160723019670319e-02,1.023732844231791533e-02,1.037880318979266317e-02,1.067088718766613480e-02,1.146530909090909094e-02,1.199960207336523040e-02,1.244631228070175455e-02,1.282012376395534441e-02,1.318105151515151438e-02,1.351057161084529522e-02,1.381662041467304758e-02,1.410750898458266664e-02,1.438283040935672483e-02,1.464193599149388701e-02,1.488425730994152006e-02,1.509960223285486229e-02,1.531635725677830788e-02,1.552454194577352481e-02,1.572395550239234427e-02,1.591439829877724574e-02,1.609541711855395907e-02,1.626689696969696800e-02,1.642838399787347262e-02,1.657976363636363623e-02,1.673114327485380332e-02,1.687195151515151481e-02,1.700181924508240364e-02,1.713139266347687636e-02,1.724973120680489344e-02,1.734559999999999921e-02,1.742947559808612212e-02,1.750107363104731403e-02,1.757142775119617528e-02,1.761771185539606766e-02,1.765086523125997120e-02,1.768212280701754457e-02,1.766510909090908757e-02,1.762194178628388730e-02,1.752852631578947357e-02,1.739111111111111066e-02,1.720993508771929970e-02,1.692895518341307887e-02,1.637453588516746272e-02,1.604150956937799161e-02,1.586500095693779699e-02,1.578471387559808245e-02,1.576500478468899347e-02,1.575249287612971727e-02,1.577227517278043459e-02,1.585263540669856405e-02,1.601692488038277545e-02,1.635022328548644405e-02,1.690489128123338555e-02,1.717405614035088027e-02,1.735544922913343988e-02,1.748131143009037936e-02,1.756339712918660034e-02,1.759542424242423880e-02,1.761300701754386216e-02,1.758231818181818160e-02,1.753840382775119847e-02,1.748154832535885397e-02,1.741195295055821338e-02,1.733006794258373090e-02,1.723609494949494836e-02,1.713031834130781389e-02,1.701302248803827910e-02,1.688449175970228866e-02,1.674509473684210673e-02,1.660542397660818778e-02,1.645518181818181672e-02,1.629465263157894514e-02,1.612420489101541732e-02,1.595405209994683882e-02,1.576435683147262012e-02,1.557533588516746628e-02,1.537734338118022272e-02,1.516086124401913766e-02,1.494562286018075517e-02,1.472226475279106786e-02,1.448155396065922522e-02,1.422405890483785344e-02,1.395034800637958393e-02,1.366106905901116539e-02,1.335663078149920170e-02,1.302872121212121127e-02,1.267826900584795476e-02,1.229720212652844237e-02,1.186077804359383231e-02,1.132799999999999953e-02,1.055156416799574691e-02,1.025960446570972802e-02,1.012679250398724161e-02,1.001122057416267870e-02,9.904404040404041557e-03,9.797840138224349002e-03,9.691528867623604507e-03,9.492663211057947303e-03,9.145830090377459615e-03,8.853519404572036261e-03,8.606147368421052102e-03,8.378173418394471023e-03,8.161049122807018108e-03,7.962517331206805590e-03,7.766395534290271470e-03,7.580403083466242045e-03,7.388963742690058019e-03,7.207533758639021737e-03,7.020880542264752375e-03,6.836637320574163144e-03,6.647515151515151662e-03,6.453772248803826481e-03,6.248550026581605257e-03,6.025334183944710403e-03,5.784943646996279325e-03,4.845680489101542032e-03,5.222815948963317224e-03,5.543279532163741807e-03,5.837670866560339643e-03,6.091655715045189365e-03,6.326540669856459652e-03,6.534649282296652213e-03,6.739476874003189587e-03,6.927583200425304136e-03,7.104550345560871859e-03,7.269492610313662249e-03,7.428636788942052059e-03,7.581539766081871537e-03,7.727757894736841070e-03,7.874290909090909257e-03,8.013681818181819100e-03,8.153015151515150688e-03,8.277092291334397361e-03,8.416168314726210284e-03,8.539473312068047300e-03,8.670306432748537545e-03,8.800824880382774121e-03,8.939443540669856150e-03,9.052775119617224864e-03,9.113931419457734634e-03,9.103336948431685685e-03,8.912064433811801509e-03,8.252678468899522779e-03,4.790988835725678262e-03,5.127652099946836302e-03,5.405842849548112526e-03,5.644448059542795867e-03,5.858281871345029888e-03,6.057586283891547643e-03,6.235066507177034791e-03,6.401866028708133073e-03,6.557158958001062590e-03,6.700280223285485885e-03,6.837106432748537438e-03,6.967359064327486272e-03,7.090598245614034359e-03,7.213526315789472315e-03,7.328979904306220407e-03,7.436519138755981473e-03,7.535704678362573419e-03,7.633913981924508700e-03,7.731040829346092456e-03,7.811362519936203980e-03,7.898182668793196290e-03,7.967320574162679164e-03,8.034708771929823662e-03,8.066578947368421154e-03,8.035663476874004008e-03,7.921987878787879397e-03,7.528093992557150643e-03,4.428689207868155391e-03,4.562392344497606840e-03,4.694577777777778071e-03,4.825290377458798033e-03,4.954530143540669326e-03,5.082297076023391952e-03,5.208634768740032749e-03,5.339991919191920157e-03,5.470244444444444763e-03,5.592488038277511862e-03,5.720347208931419666e-03,5.847144497607655034e-03,5.972794258373205663e-03,6.097339393939393490e-03,6.220779904306220250e-03,6.351124774056352527e-03,6.472582137161085603e-03,6.592892716640085318e-03,6.720660021265283633e-03,6.838945454545455015e-03,6.965055821371610861e-03,7.090471132376395536e-03,7.205810738968633673e-03,7.329527644869749357e-03,7.452508133971291575e-03,7.584602339181287407e-03,7.706334928229666321e-03,1.620414673046251903e-03,1.620414673046251903e-03,1.610074428495481035e-03,1.587679425837320310e-03,1.563596491228069936e-03,1.540909090909090831e-03,1.518062200956937866e-03,1.495055821371610826e-03,1.484210526315789475e-03,1.484210526315789475e-03,1.620414673046251903e-03,1.620414673046251903e-03,1.610074428495481035e-03,1.587679425837320310e-03,1.563596491228069936e-03,1.540909090909090831e-03,1.518062200956937866e-03,1.495055821371610826e-03,1.484210526315789475e-03,1.484210526315789475e-03
cl,2.673699999999999966e-01,2.953399999999999914e-01,3.481099999999999750e-01,3.919500000000000206e-01,4.278000000000000136e-01,4.588499999999999801e-01,4.866400000000000170e-01,5.122499999999999831e-01,5.360599999999999810e-01,5.584799999999999764e-01,5.800800000000000400e-01,6.014899999999999691e-01,6.223899999999999988e-01,6.443400000000000238e-01,6.678300000000000347e-01,6.933000000000000274e-01,7.224699999999999456e-01,7.584199999999999831e-01,7.909199999999999564e-01,7.977300000000000502e-01,8.085299999999999709e-01,8.196900000000000297e-01,8.331600000000000117e-01,8.459900000000000198e-01,7.076900000000000412e-01,9.438199999999999923e-01,9.810600000000000431e-01,1.010089999999999932e+00,1.032729999999999926e+00,1.051709999999999923e+00,1.068130000000000024e+00,1.082400000000000029e+00,1.094969999999999999e+00,1.105790000000000051e+00,1.115410000000000013e+00,1.123269999999999991e+00,1.129250000000000087e+00,1.134789999999999965e+00,1.139969999999999928e+00,1.143950000000000022e+00,1.147659999999999902e+00,1.150220000000000020e+00,1.152590000000000003e+00,1.153860000000000108e+00,1.154290000000000038e+00,1.154470000000000107e+00,1.154640000000000111e+00,1.153850000000000042e+00,1.152930000000000010e+00,1.151000000000000023e+00,1.148619999999999974e+00,1.145140000000000047e+00,1.140770000000000062e+00,1.135829999999999895e+00,1.130810000000000093e+00,1.124370000000000092e+00,1.117289999999999894e+00,1.108230000000000048e+00,1.097569999999999935e+00,1.084089999999999998e+00,1.064019999999999966e+00,1.046459999999999946e+00,1.023369999999999891e+00,6.046200000000000463e-01,9.515799999999999814e-01,9.305400000000000338e-01,9.179599999999999982e-01,9.107800000000000340e-01,9.105400000000000160e-01,9.173299999999999788e-01,9.294999999999999929e-01,9.500399999999999956e-01,6.033500000000000529e-01,1.021139999999999937e+00,1.043919999999999959e+00,1.061150000000000038e+00,1.080750000000000099e+00,1.093830000000000080e+00,1.104070000000000107e+00,1.112729999999999997e+00,1.119369999999999976e+00,1.125410000000000021e+00,1.130009999999999959e+00,1.134540000000000104e+00,1.138419999999999987e+00,1.141510000000000025e+00,1.143510000000000026e+00,1.145100000000000007e+00,1.145629999999999926e+00,1.146079999999999988e+00,1.145559999999999912e+00,1.145019999999999927e+00,1.144179999999999975e+00,1.142560000000000020e+00,1.139899999999999913e+00,1.137059999999999960e+00,1.133099999999999996e+00,1.128859999999999975e+00,1.123399999999999954e+00,1.117529999999999912e+00,1.111040000000000028e+00,1.102899999999999991e+00,1.093210000000000015e+00,1.082209999999999894e+00,1.069499999999999895e+00,1.055099999999999927e+00,1.038589999999999902e+00,1.019500000000000073e+00,9.967899999999999539e-01,9.676799999999999846e-01,9.303399999999999448e-01,6.969699999999999784e-01,8.358900000000000219e-01,8.211600000000000010e-01,8.068300000000000471e-01,7.944299999999999695e-01,7.829800000000000093e-01,7.730299999999999949e-01,7.448399999999999466e-01,7.091399999999999926e-01,6.799699999999999633e-01,6.544999999999999707e-01,6.310799999999999743e-01,6.092100000000000293e-01,5.884000000000000341e-01,5.671300000000000230e-01,5.457199999999999829e-01,5.235300000000000509e-01,5.000499999999999945e-01,4.748100000000000098e-01,4.474699999999999789e-01,4.169900000000000273e-01,3.818199999999999927e-01,3.387100000000000111e-01,2.857799999999999785e-01,2.550499999999999989e-01,4.282400000000000095e-01,4.127100000000000213e-01,4.759800000000000142e-01,5.230299999999999949e-01,5.647100000000000453e-01,5.854899999999999549e-01,6.050699999999999967e-01,6.210200000000000164e-01,6.332900000000000196e-01,6.433299999999999574e-01,6.509200000000000541e-01,6.570000000000000284e-01,6.612200000000000299e-01,6.669699999999999518e-01,6.698600000000000110e-01,6.718399999999999928e-01,6.744099999999999540e-01,6.753599999999999604e-01,6.770899999999999697e-01,6.774499999999999966e-01,6.782500000000000195e-01,6.784700000000000175e-01,6.796699999999999964e-01,6.790399999999999769e-01,6.734299999999999731e-01,6.585800000000000542e-01,6.253199999999999870e-01,2.422900000000000054e-01,3.609100000000000086e-01,3.742599999999999816e-01,4.292900000000000049e-01,4.683700000000000085e-01,5.027000000000000357e-01,5.189700000000000424e-01,5.340799999999999992e-01,5.461599999999999788e-01,5.543099999999999694e-01,5.609699999999999687e-01,5.647600000000000398e-01,5.675599999999999534e-01,5.680500000000000549e-01,5.704000000000000181e-01,5.691199999999999593e-01,5.676299999999999679e-01,5.658100000000000351e-01,5.624900000000000455e-01,5.597199999999999953e-01,5.542399999999999549e-01,5.488100000000000200e-01,5.408199999999999674e-01,5.315100000000000380e-01,5.178700000000000525e-01,4.959500000000000020e-01,4.621100000000000207e-01,4.035299999999999998e-01,7.500000000000000156e-04,6.000000000000000152e-05,4.000000000000000327e-05,4.000000000000000327e-05,3.000000000000000076e-05,2.000000000000000164e-05,2.000000000000000164e-05,1.000000000000000082e-05,1.000000000000000082e-05,1.000000000000000082e-05,0.000000000000000000e+00,-0.000000000000000000e+00,-1.000000000000000082e-05,-2.000000000000000164e-05,-1.000000000000000082e-05,-1.000000000000000082e-05,-3.000000000000000076e-05,-8.000000000000000654e-05,-1.000000000000000048e-04,-8.000000000000000654e-05,-1.000000000000000048e-04,-2.000000000000000096e-04,-2.300000000000000070e-04,-2.400000000000000061e-04,-3.699999999999999947e-04,-6.899999999999999667e-04,-6.170000000000000137e-03,-1.086999999999999945e-02,-1.553999999999999999e-02,-2.281000000000000041e-02,-1.888000000000000095e-02,-8.670000000000000623e-03,1.789999999999999925e-03,1.353999999999999995e-02,1.042000000000000044e-02,3.699999999999999947e-04,-2.980000000000000010e-03,-1.137999999999999949e-02,-1.634999999999999995e-02,-2.410999999999999949e-02,-2.025000000000000064e-02,-1.259000000000000050e-02,-2.020000000000000094e-03,8.980000000000000135e-03,7.259999999999999960e-03,-1.779999999999999898e-03,-4.040000000000000188e-03
cl*c/cref,1.856807182349813901e-01,2.076455306751727736e-01,2.477429099946836522e-01,2.823165215311004839e-01,3.118209409888357264e-01,3.384024848484848413e-01,3.630862175438596129e-01,3.866030542264752845e-01,4.091867669324826817e-01,4.311103374800638321e-01,4.527769569377990688e-01,4.746654657628920915e-01,4.965156758107390211e-01,5.195757709728867635e-01,5.442654732057417011e-01,5.709902328548644990e-01,6.012363844763423115e-01,6.376816326422115599e-01,6.688677148325358202e-01,6.755428706539075012e-01,6.856171060606061074e-01,6.960218314194577260e-01,7.084163259968101478e-01,7.202923470494417835e-01,6.031693413609782173e-01,8.099691636363636205e-01,8.512168915470494923e-01,8.859686801701223136e-01,9.156104021265284443e-01,9.423958999999998420e-01,9.672283414673047419e-01,9.904046315789474253e-01,1.012273860606060394e+00,1.032752599893673517e+00,1.052304241254651718e+00,1.070361056884635786e+00,1.086757541201488708e+00,1.102845751993620338e+00,1.118679651196172076e+00,1.133422740829346020e+00,1.147977269112174348e+00,1.161434797873471592e+00,1.174753306911217487e+00,1.186979033173843678e+00,1.198362890909090872e+00,1.209492985380117291e+00,1.220615920893142192e+00,1.230711990962254143e+00,1.240659330622009726e+00,1.249492801701222788e+00,1.257796911111111138e+00,1.264840918022328564e+00,1.270827483519404666e+00,1.276096853110047835e+00,1.281175867729931195e+00,1.284537433014354191e+00,1.287039673684210461e+00,1.287113993939393852e+00,1.285137185805422355e+00,1.279629635938330567e+00,1.264831855396066018e+00,1.251529442105263179e+00,1.231313778681552229e+00,7.349942009569379042e-01,1.169714917703349455e+00,1.150663911961722352e+00,1.141823163849016387e+00,1.139559607761828630e+00,1.139259321956406001e+00,1.141039525571504454e+00,1.149377894736842043e+00,1.167821896650717894e+00,7.334503508771931246e-01,1.228630653588516752e+00,1.248491691228070355e+00,1.261420202020202108e+00,1.275687192982456253e+00,1.280758045454545302e+00,1.282282511111111134e+00,1.281786873684210626e+00,1.278825178894205328e+00,1.275057819883041121e+00,1.269558124880382888e+00,1.263887210526315918e+00,1.257418479744816464e+00,1.250011102020202047e+00,1.241361871132376393e+00,1.232233526315789529e+00,1.221944427963848945e+00,1.211566804040404177e+00,1.200158327485380205e+00,1.188738945454545171e+00,1.177021189898989739e+00,1.164530438702817694e+00,1.151014176501860664e+00,1.137374338755980707e+00,1.122672588516746339e+00,1.107777144178628381e+00,1.091776379585326806e+00,1.075478552153109835e+00,1.058707121743753365e+00,1.040502010632642138e+00,1.021003508559277018e+00,1.000477542477405501e+00,9.786010287081339243e-01,9.554292296650717109e-01,9.306395848484847466e-01,9.038807868155237513e-01,8.743030034024454888e-01,8.396077320574162339e-01,7.984008727272726702e-01,5.940326072833598259e-01,7.116930105263158390e-01,6.982130086124401780e-01,6.851020437533227314e-01,6.736605909090909172e-01,6.630521064327484781e-01,6.537384433280170049e-01,6.262635311004783878e-01,5.901432165869218149e-01,5.600118687931950889e-01,5.334018421052630909e-01,5.088833186602870207e-01,4.860012449760766073e-01,4.643355002658161590e-01,4.426689346092504418e-01,4.212604450824030122e-01,3.996223334928230009e-01,3.773955241892610335e-01,3.542597545454545527e-01,3.300097197235512536e-01,3.039415946305157323e-01,2.750200133971291705e-01,2.410531183944710221e-01,2.009241543859648926e-01,1.771248351940457322e-01,2.342115364167995928e-01,2.310298360446570998e-01,2.725713007974481239e-01,3.062464386496544511e-01,3.379193417331207150e-01,3.578865987240829050e-01,3.776428119617225576e-01,3.955907304625199128e-01,4.115543306751727193e-01,4.263591766613503142e-01,4.397637667198298628e-01,4.523275598086124449e-01,4.637433602339181005e-01,4.763569947368420099e-01,4.870427062200957113e-01,4.971294545454545966e-01,5.077077514619883214e-01,5.171153607655503137e-01,5.271511012227538817e-01,5.361507131844762686e-01,5.455134821903242504e-01,5.544192810207336786e-01,5.641477800637958451e-01,5.723646570972886760e-01,5.762999845826687340e-01,5.720682869750133293e-01,5.512257301435405932e-01,2.178149745348219035e-01,1.973876461988304243e-01,2.095060125465177947e-01,2.458341395002657803e-01,2.742417155236576143e-01,3.008129005847953730e-01,3.172255856459330614e-01,3.333357677830941501e-01,3.479047910685805212e-01,3.602278277511961058e-01,3.717760827751195873e-01,3.815537775651249297e-01,3.907504259436469507e-01,3.983990438596491379e-01,4.073856842105262888e-01,4.137965320574162331e-01,4.200190406698564582e-01,4.259517546517810338e-01,4.306921038809145008e-01,4.357722228601808023e-01,4.386392667729930306e-01,4.414054613503455848e-01,4.419370577352471630e-01,4.411702540669856787e-01,4.365140271132376681e-01,4.244182429558744918e-01,4.014067783625731023e-01,3.557156637958532319e-01,3.935446570972887022e-04,3.258851674641148285e-05,2.246209463051568621e-05,2.319851143009037933e-05,1.795119617224880264e-05,1.233567251461988279e-05,1.270398724082934788e-05,6.536097820308348067e-06,6.720202020202021347e-06,6.904306220095694628e-06,0.000000000000000000e+00,-0.000000000000000000e+00,-7.456671982987772888e-06,-1.528155236576289234e-05,-7.824880382775119449e-06,-8.008984582668794423e-06,-2.457942583732057837e-05,-6.701796916533759522e-05,-8.561350345560872683e-05,-6.996363636363636771e-05,-8.929558745348219922e-05,-1.822743221690590189e-04,-2.138498670919723656e-04,-2.275661881977671401e-04,-3.576430622009569411e-04,-6.796591706539075557e-04,-6.191157097288677198e-03,-1.733652312599680756e-03,-2.478468899521530776e-03,-3.607642211589579938e-03,-2.935885167464114681e-03,-1.325159489633173865e-03,2.688330675172780158e-04,1.997527910685805656e-03,1.509542796384901820e-03,5.311004784688995450e-05,-4.277511961722487788e-04,-1.814992025518340994e-03,-2.607655502392344261e-03,-3.813250930356193360e-03,-3.148923444976076038e-03,-1.924308878256246599e-03,-3.033758639021797072e-04,1.324800637958532682e-03,1.051754385964912388e-03,-2.555023923444976102e-04,-5.799043062200957312e-04
cli,2.674099999999999810e-01,2.953899999999999859e-01,3.481600000000000250e-01,3.920100000000000251e-01,4.278699999999999726e-01,4.589199999999999946e-01,4.867199999999999860e-01,5.123299999999999521e-01,5.361500000000000155e-01,5.585799999999999654e-01,5.801800000000000290e-01,6.016000000000000236e-01,6.225100000000000078e-01,6.444699999999999873e-01,6.679599999999999982e-01,6.934399999999999453e-01,7.226200000000000401e-01,7.585800000000000320e-01,7.910800000000000054e-01,7.978899999999999881e-01,8.086999999999999744e-01,8.198600000000000332e-01,8.333300000000000152e-01,8.461699999999999777e-01,7.082600000000000007e-01,9.448400000000000132e-01,9.821400000000000130e-01,1.011209999999999942e+00,1.033879999999999910e+00,1.052890000000000104e+00,1.069329999999999892e+00,1.083630000000000093e+00,1.096219999999999972e+00,1.107069999999999999e+00,1.116710000000000091e+00,1.124579999999999913e+00,1.130579999999999918e+00,1.136130000000000084e+00,1.141329999999999956e+00,1.145319999999999894e+00,1.149049999999999905e+00,1.151620000000000088e+00,1.153999999999999915e+00,1.155280000000000085e+00,1.155720000000000081e+00,1.155909999999999993e+00,1.156090000000000062e+00,1.155310000000000059e+00,1.154390000000000027e+00,1.152470000000000105e+00,1.150090000000000057e+00,1.146619999999999973e+00,1.142239999999999922e+00,1.137299999999999978e+00,1.132279999999999953e+00,1.125839999999999952e+00,1.118759999999999977e+00,1.109690000000000065e+00,1.099020000000000108e+00,1.085530000000000106e+00,1.065450000000000008e+00,1.047870000000000079e+00,1.024759999999999893e+00,6.055399999999999672e-01,9.520699999999999719e-01,9.310300000000000242e-01,9.184499999999999886e-01,9.112700000000000244e-01,9.110300000000000065e-01,9.178199999999999692e-01,9.299800000000000288e-01,9.505400000000000515e-01,6.042600000000000193e-01,1.022520000000000095e+00,1.045320000000000027e+00,1.062570000000000014e+00,1.082179999999999920e+00,1.095269999999999966e+00,1.105520000000000058e+00,1.114200000000000079e+00,1.120840000000000058e+00,1.126880000000000104e+00,1.131469999999999976e+00,1.136009999999999964e+00,1.139880000000000004e+00,1.142970000000000041e+00,1.144970000000000043e+00,1.146549999999999958e+00,1.147080000000000100e+00,1.147520000000000095e+00,1.146989999999999954e+00,1.146439999999999904e+00,1.145590000000000108e+00,1.143960000000000088e+00,1.141289999999999916e+00,1.138439999999999896e+00,1.134460000000000024e+00,1.130209999999999937e+00,1.124740000000000073e+00,1.118849999999999900e+00,1.112340000000000106e+00,1.104179999999999939e+00,1.094479999999999897e+00,1.083450000000000024e+00,1.070719999999999894e+00,1.056289999999999951e+00,1.039760000000000018e+00,1.020639999999999992e+00,9.978900000000000547e-01,9.687400000000000455e-01,9.313599999999999657e-01,6.975299999999999834e-01,8.360600000000000254e-01,8.213300000000000045e-01,8.070000000000000506e-01,7.945900000000000185e-01,7.831399999999999473e-01,7.731900000000000439e-01,7.449900000000000411e-01,7.092800000000000216e-01,6.801000000000000378e-01,6.546300000000000452e-01,6.311999999999999833e-01,6.093300000000000383e-01,5.885099999999999776e-01,5.672399999999999665e-01,5.458100000000000174e-01,5.236199999999999743e-01,5.001400000000000290e-01,4.748899999999999788e-01,4.475500000000000034e-01,4.170499999999999763e-01,3.818699999999999872e-01,3.387600000000000056e-01,2.858299999999999730e-01,2.550799999999999734e-01,4.293199999999999794e-01,4.138499999999999956e-01,4.771500000000000186e-01,5.242400000000000393e-01,5.659499999999999531e-01,5.867599999999999483e-01,6.063399999999999901e-01,6.223100000000000298e-01,6.345800000000000329e-01,6.446300000000000363e-01,6.522299999999999764e-01,6.583099999999999508e-01,6.625299999999999523e-01,6.682799999999999851e-01,6.711799999999999988e-01,6.731599999999999806e-01,6.757300000000000528e-01,6.766799999999999482e-01,6.784000000000000030e-01,6.787600000000000300e-01,6.795700000000000074e-01,6.797800000000000509e-01,6.809800000000000297e-01,6.803500000000000103e-01,6.747199999999999864e-01,6.598600000000000021e-01,6.265500000000000513e-01,2.428400000000000003e-01,3.619800000000000240e-01,3.753799999999999915e-01,4.304399999999999893e-01,4.695400000000000129e-01,5.039000000000000146e-01,5.201700000000000212e-01,5.352999999999999980e-01,5.473799999999999777e-01,5.555400000000000338e-01,5.622000000000000330e-01,5.659899999999999931e-01,5.687900000000000178e-01,5.692800000000000082e-01,5.716299999999999715e-01,5.703500000000000236e-01,5.688499999999999668e-01,5.670300000000000340e-01,5.637100000000000444e-01,5.609300000000000397e-01,5.554400000000000448e-01,5.500099999999999989e-01,5.420000000000000373e-01,5.326899999999999968e-01,5.190299999999999914e-01,4.970899999999999763e-01,4.632100000000000106e-01,4.045699999999999852e-01,7.500000000000000156e-04,6.000000000000000152e-05,4.000000000000000327e-05,4.000000000000000327e-05,3.000000000000000076e-05,2.000000000000000164e-05,2.000000000000000164e-05,1.000000000000000082e-05,1.000000000000000082e-05,1.000000000000000082e-05,0.000000000000000000e+00,-0.000000000000000000e+00,-1.000000000000000082e-05,-2.000000000000000164e-05,-1.000000000000000082e-05,-1.000000000000000082e-05,-3.000000000000000076e-05,-8.000000000000000654e-05,-1.000000000000000048e-04,-8.000000000000000654e-05,-1.000000000000000048e-04,-2.000000000000000096e-04,-2.300000000000000070e-04,-2.400000000000000061e-04,-3.699999999999999947e-04,-6.899999999999999667e-04,-6.170000000000000137e-03,-1.086999999999999945e-02,-1.553999999999999999e-02,-2.281000000000000041e-02,-1.888000000000000095e-02,-8.670000000000000623e-03,1.789999999999999925e-03,1.353999999999999995e-02,1.042000000000000044e-02,3.699999999999999947e-04,-2.980000000000000010e-03,-1.137999999999999949e-02,-1.634999999999999995e-02,-2.410999999999999949e-02,-2.025000000000000064e-02,-1.259000000000000050e-02,-2.020000000000000094e-03,8.980000000000000135e-03,7.259999999999999960e-03,-1.779999999999999898e-03,-4.040000000000000188e-03
cli*c/cref,1.857084970760233822e-01,2.076806843168527428e-01,2.477784939925571639e-01,2.823597387559808602e-01,3.118719635832004067e-01,3.384541099415204757e-01,3.631459062200956822e-01,3.866634314726209443e-01,4.092554659755449076e-01,4.311875309941520795e-01,4.528550111642743459e-01,4.747522721956407010e-01,4.966114065922382359e-01,5.196805989367357936e-01,5.443714200956937255e-01,5.711055345029240060e-01,6.013612138224349035e-01,6.378161610845295426e-01,6.690030241360978014e-01,6.756783636895268286e-01,6.857612626262626909e-01,6.961661832004253370e-01,7.085608729930887861e-01,7.204456025518340967e-01,6.036551565124933516e-01,8.108445090909091046e-01,8.521539537480063986e-01,8.869510529505582053e-01,9.166299832004253245e-01,9.434532515151515808e-01,9.683149826156298712e-01,9.915300913875598754e-01,1.013429456034024234e+00,1.033948055927698118e+00,1.053530692078681552e+00,1.071609352472089105e+00,1.088037494736842081e+00,1.104148031100478544e+00,1.120014251515151438e+00,1.134780133333333163e+00,1.149367653375863885e+00,1.162848448059542905e+00,1.176190419989367131e+00,1.188439791174906945e+00,1.199847490909090819e+00,1.211001616959064497e+00,1.222148773631047458e+00,1.232269246677299535e+00,1.242230425677830929e+00,1.251088591812865580e+00,1.259406635353535364e+00,1.266475621690590136e+00,1.272465076023391761e+00,1.277748387559808796e+00,1.282841336310473146e+00,1.286216835725677798e+00,1.288733010526315947e+00,1.288809658585858386e+00,1.286834980861243816e+00,1.281329371823498153e+00,1.266531738437001620e+00,1.253215752631579250e+00,1.232986219883040802e+00,7.361125805422646939e-01,1.170317242583732043e+00,1.151269823923444902e+00,1.142432660287081125e+00,1.140172691281233330e+00,1.139872405475810480e+00,1.141649022009569192e+00,1.149971441148325280e+00,1.168436513875598326e+00,7.345565741626794987e-01,1.230291062838915650e+00,1.250166042105263386e+00,1.263108197767145224e+00,1.277375125146198664e+00,1.282444131578947211e+00,1.283966561616161517e+00,1.283480210526315890e+00,1.280504581605529157e+00,1.276723288463583517e+00,1.271198424401914107e+00,1.265524803030303014e+00,1.259031092822966436e+00,1.251609875757575763e+00,1.242946805528974075e+00,1.233793860446571022e+00,1.223491017543859805e+00,1.213089085380117060e+00,1.201656482456140429e+00,1.190213163636363536e+00,1.178471660871876603e+00,1.165957359489633305e+00,1.152417729186602680e+00,1.138754720255183317e+00,1.124020073046251955e+00,1.109101931259967921e+00,1.093078658692185012e+00,1.076748881977671379e+00,1.059945888357256782e+00,1.041709592982456023e+00,1.022189625093035570e+00,1.001623893141945665e+00,9.797173384370014837e-01,9.565068154704944314e-01,9.316879757575756704e-01,9.048915019670388249e-01,8.752678338118023982e-01,8.405274412546518414e-01,7.992762181818181544e-01,5.945098993620414607e-01,7.118377518341307830e-01,6.983575556087187053e-01,6.852463955342903423e-01,6.737962676767677017e-01,6.631875994683678055e-01,6.538737526315789861e-01,6.263896515151515798e-01,5.902597239766081971e-01,5.601189346092504406e-01,5.335077889952153374e-01,5.089800829346092792e-01,4.860969757575758221e-01,4.644223066985646575e-01,4.427547942583732188e-01,4.213299192450824515e-01,3.996910325358851712e-01,3.774634485911749215e-01,3.543194432216905665e-01,3.300687198298777325e-01,3.039853282828282599e-01,2.750560277511961416e-01,2.410887023923445061e-01,2.009593080276448618e-01,1.771456693248271985e-01,2.348022062732589010e-01,2.316679936204146528e-01,2.732413046251993549e-01,3.069549222753854556e-01,3.386613508771930126e-01,3.586628988835725562e-01,3.784354580542265145e-01,3.964124625199361707e-01,4.123926592238170707e-01,4.272207359383307090e-01,4.406488071770334192e-01,4.532294610313662431e-01,4.646621222222221403e-01,4.772926105263157193e-01,4.880024535885167380e-01,4.981061913875598490e-01,5.087014707602339758e-01,5.181260695374800829e-01,5.281710069112174333e-01,5.371874796384901174e-01,5.465751523657629285e-01,5.554897620414672721e-01,5.652351218500797359e-01,5.734688596491227530e-01,5.774039255715044394e-01,5.731801449229133594e-01,5.523099872408293587e-01,2.183094160552897511e-01,1.979728468899521754e-01,2.101329743753322377e-01,2.464926902711323253e-01,2.749267782030834772e-01,3.015309739500266484e-01,3.179590976076555053e-01,3.340972073365231498e-01,3.486819330143540174e-01,3.610271642743221321e-01,3.725912503987240942e-01,3.823847697501328580e-01,3.915972492291334706e-01,3.992616982456140273e-01,4.082641631578946551e-01,4.146908421052631910e-01,4.209217822966507261e-01,4.268701921850080461e-01,4.316262438064860096e-01,4.367142731525784916e-01,4.395889765018606843e-01,4.423706160552897115e-01,4.429013078149920402e-01,4.421496917065390608e-01,4.374917942583732011e-01,4.253938187134502225e-01,4.023622812865497167e-01,3.566324340244550473e-01,3.935446570972887022e-04,3.258851674641148285e-05,2.246209463051568621e-05,2.319851143009037933e-05,1.795119617224880264e-05,1.233567251461988279e-05,1.270398724082934788e-05,6.536097820308348067e-06,6.720202020202021347e-06,6.904306220095694628e-06,0.000000000000000000e+00,-0.000000000000000000e+00,-7.456671982987772888e-06,-1.528155236576289234e-05,-7.824880382775119449e-06,-8.008984582668794423e-06,-2.457942583732057837e-05,-6.701796916533759522e-05,-8.561350345560872683e-05,-6.996363636363636771e-05,-8.929558745348219922e-05,-1.822743221690590189e-04,-2.138498670919723656e-04,-2.275661881977671401e-04,-3.576430622009569411e-04,-6.796591706539075557e-04,-6.191157097288677198e-03,-1.733652312599680756e-03,-2.478468899521530776e-03,-3.607642211589579938e-03,-2.935885167464114681e-03,-1.325159489633173865e-03,2.688330675172780158e-04,1.997527910685805656e-03,1.509542796384901820e-03,5.311004784688995450e-05,-4.277511961722487788e-04,-1.814992025518340994e-03,-2.607655502392344261e-03,-3.813250930356193360e-03,-3.148923444976076038e-03,-1.924308878256246599e-03,-3.033758639021797072e-04,1.324800637958532682e-03,1.051754385964912388e-03,-2.555023923444976102e-04,-5.799043062200957312e-04
clo,-4.000000000000000327e-05,-5.000000000000000240e-05,-5.000000000000000240e-05,-6.000000000000000152e-05,-6.000000000000000152e-05,-6.999999999999999387e-05,-8.000000000000000654e-05,-8.000000000000000654e-05,-9.000000000000000567e-05,-1.000000000000000048e-04,-1.000000000000000048e-04,-1.100000000000000039e-04,-1.200000000000000030e-04,-1.200000000000000030e-04,-1.299999999999999886e-04,-1.399999999999999877e-04,-1.499999999999999869e-04,-1.600000000000000131e-04,-1.600000000000000131e-04,-1.600000000000000131e-04,-1.700000000000000122e-04,-1.700000000000000122e-04,-1.700000000000000122e-04,-1.700000000000000122e-04,-5.699999999999999772e-04,-1.030000000000000100e-03,-1.069999999999999988e-03,-1.110000000000000092e-03,-1.149999999999999981e-03,-1.180000000000000059e-03,-1.199999999999999895e-03,-1.229999999999999974e-03,-1.250000000000000026e-03,-1.280000000000000105e-03,-1.299999999999999940e-03,-1.309999999999999967e-03,-1.330000000000000019e-03,-1.350000000000000071e-03,-1.360000000000000098e-03,-1.379999999999999933e-03,-1.389999999999999960e-03,-1.399999999999999986e-03,-1.410000000000000012e-03,-1.420000000000000038e-03,-1.430000000000000064e-03,-1.440000000000000091e-03,-1.449999999999999900e-03,-1.449999999999999900e-03,-1.459999999999999926e-03,-1.469999999999999953e-03,-1.469999999999999953e-03,-1.469999999999999953e-03,-1.469999999999999953e-03,-1.469999999999999953e-03,-1.469999999999999953e-03,-1.469999999999999953e-03,-1.469999999999999953e-03,-1.459999999999999926e-03,-1.449999999999999900e-03,-1.440000000000000091e-03,-1.420000000000000038e-03,-1.410000000000000012e-03,-1.379999999999999933e-03,-9.100000000000000016e-04,-4.899999999999999842e-04,-4.899999999999999842e-04,-4.899999999999999842e-04,-4.899999999999999842e-04,-4.899999999999999842e-04,-4.899999999999999842e-04,-4.899999999999999842e-04,-4.899999999999999842e-04,-9.100000000000000016e-04,-1.379999999999999933e-03,-1.399999999999999986e-03,-1.420000000000000038e-03,-1.440000000000000091e-03,-1.449999999999999900e-03,-1.459999999999999926e-03,-1.459999999999999926e-03,-1.459999999999999926e-03,-1.469999999999999953e-03,-1.469999999999999953e-03,-1.469999999999999953e-03,-1.459999999999999926e-03,-1.459999999999999926e-03,-1.459999999999999926e-03,-1.449999999999999900e-03,-1.440000000000000091e-03,-1.440000000000000091e-03,-1.430000000000000064e-03,-1.420000000000000038e-03,-1.410000000000000012e-03,-1.399999999999999986e-03,-1.389999999999999960e-03,-1.379999999999999933e-03,-1.360000000000000098e-03,-1.350000000000000071e-03,-1.330000000000000019e-03,-1.319999999999999993e-03,-1.299999999999999940e-03,-1.280000000000000105e-03,-1.260000000000000052e-03,-1.240000000000000000e-03,-1.219999999999999947e-03,-1.190000000000000085e-03,-1.160000000000000007e-03,-1.129999999999999928e-03,-1.100000000000000066e-03,-1.059999999999999961e-03,-1.020000000000000073e-03,-5.599999999999999509e-04,-1.700000000000000122e-04,-1.700000000000000122e-04,-1.700000000000000122e-04,-1.600000000000000131e-04,-1.600000000000000131e-04,-1.600000000000000131e-04,-1.499999999999999869e-04,-1.399999999999999877e-04,-1.399999999999999877e-04,-1.299999999999999886e-04,-1.200000000000000030e-04,-1.200000000000000030e-04,-1.100000000000000039e-04,-1.000000000000000048e-04,-1.000000000000000048e-04,-9.000000000000000567e-05,-8.000000000000000654e-05,-8.000000000000000654e-05,-6.999999999999999387e-05,-6.000000000000000152e-05,-6.000000000000000152e-05,-5.000000000000000240e-05,-4.000000000000000327e-05,-4.000000000000000327e-05,-1.080000000000000014e-03,-1.139999999999999954e-03,-1.180000000000000059e-03,-1.209999999999999921e-03,-1.240000000000000000e-03,-1.260000000000000052e-03,-1.280000000000000105e-03,-1.289999999999999914e-03,-1.299999999999999940e-03,-1.299999999999999940e-03,-1.309999999999999967e-03,-1.309999999999999967e-03,-1.319999999999999993e-03,-1.319999999999999993e-03,-1.319999999999999993e-03,-1.319999999999999993e-03,-1.319999999999999993e-03,-1.319999999999999993e-03,-1.319999999999999993e-03,-1.309999999999999967e-03,-1.309999999999999967e-03,-1.309999999999999967e-03,-1.309999999999999967e-03,-1.309999999999999967e-03,-1.299999999999999940e-03,-1.280000000000000105e-03,-1.229999999999999974e-03,-5.500000000000000331e-04,-1.069999999999999988e-03,-1.119999999999999902e-03,-1.149999999999999981e-03,-1.170000000000000033e-03,-1.190000000000000085e-03,-1.209999999999999921e-03,-1.219999999999999947e-03,-1.219999999999999947e-03,-1.229999999999999974e-03,-1.229999999999999974e-03,-1.229999999999999974e-03,-1.229999999999999974e-03,-1.229999999999999974e-03,-1.229999999999999974e-03,-1.229999999999999974e-03,-1.219999999999999947e-03,-1.219999999999999947e-03,-1.209999999999999921e-03,-1.209999999999999921e-03,-1.199999999999999895e-03,-1.190000000000000085e-03,-1.190000000000000085e-03,-1.180000000000000059e-03,-1.160000000000000007e-03,-1.139999999999999954e-03,-1.110000000000000092e-03,-1.039999999999999909e-03,-0.000000000000000000e+00,-0.000000000000000000e+00,-0.000000000000000000e+00,0.000000000000000000e+00,0.000000000000000000e+00,0.000000000000000000e+00,0.000000000000000000e+00,0.000000000000000000e+00,0.000000000000000000e+00,0.000000000000000000e+00,0.000000000000000000e+00,0.000000000000000000e+00,0.000000000000000000e+00,0.000000000000000000e+00,0.000000000000000000e+00,0.000000000000000000e+00,0.000000000000000000e+00,0.000000000000000000e+00,0.000000000000000000e+00,0.000000000000000000e+00,0.000000000000000000e+00,0.000000000000000000e+00,0.000000000000000000e+00,0.000000000000000000e+00,0.000000000000000000e+00,0.000000000000000000e+00,0.000000000000000000e+00,0.000000000000000000e+00,0.000000000000000000e+00,0.000000000000000000e+00,0.000000000000000000e+00,0.000000000000000000e+00,0.000000000000000000e+00,0.000000000000000000e+00,0.000000000000000000e+00,0.000000000000000000e+00,0.000000000000000000e+00,0.000000000000000000e+00,0.000000000000000000e+00,0.000000000000000000e+00,0.000000000000000000e+00,0.000000000000000000e+00,0.000000000000000000e+00,0.000000000000000000e+00,0.000000000000000000e+00,0.000000000000000000e+00,0.000000000000000000e+00
clo*c/cref,-2.777884104199894070e-05,-3.515364167995747429e-05,-3.558399787347155802e-05,-4.321722488038277145e-05,-4.373365231259968412e-05,-5.162509303561934373e-05,-5.968867623604466122e-05,-6.037724614566720467e-05,-6.869904306220095478e-05,-7.719351408825093680e-05,-7.805422647527911781e-05,-8.680643274853802193e-05,-9.573078149920255682e-05,-9.676427432216906286e-05,-1.059468899521531007e-04,-1.153016480595427963e-04,-1.248293460925039872e-04,-1.345284423179160147e-04,-1.353093035619351526e-04,-1.354930356193514204e-04,-1.441565656565656889e-04,-1.443517809675704531e-04,-1.445469962785752443e-04,-1.447413078149920442e-04,-4.858151515151514551e-04,-8.839272727272727949e-04,-9.283856990962253497e-04,-9.736015948963318940e-04,-1.019581073896863328e-03,-1.057351515151515190e-03,-1.086641148325358892e-03,-1.125459808612440122e-03,-1.155595427963848967e-03,-1.195456034024455251e-03,-1.226450824029771307e-03,-1.248295587453482087e-03,-1.279953535353535281e-03,-1.311997607655502381e-03,-1.334600318979266417e-03,-1.367300478468899379e-03,-1.390384263689526745e-03,-1.413650186071238731e-03,-1.437113078149920191e-03,-1.460758001063264212e-03,-1.484599999999999982e-03,-1.508631578947368639e-03,-1.532852737905369533e-03,-1.546589580010632745e-03,-1.571095055821371614e-03,-1.595790111642743153e-03,-1.609724242424242450e-03,-1.623658373205741530e-03,-1.637592503987240610e-03,-1.651534449760765815e-03,-1.665468580542264895e-03,-1.679402711323763975e-03,-1.693336842105263272e-03,-1.695664646464646076e-03,-1.697795055821371170e-03,-1.699735885167464244e-03,-1.687995746943115509e-03,-1.686310526315789671e-03,-1.660409250398723951e-03,-1.106223285486443442e-03,-6.023248803827751467e-04,-6.059119617224879894e-04,-6.094964380648590797e-04,-6.130835194045719224e-04,-6.130835194045719224e-04,-6.094964380648590797e-04,-6.059119617224879894e-04,-6.023248803827751467e-04,-1.106223285486443442e-03,-1.660409250398723951e-03,-1.674350877192982544e-03,-1.687995746943115509e-03,-1.699735885167464244e-03,-1.697795055821371170e-03,-1.695664646464646076e-03,-1.681817543859649104e-03,-1.667978203083466358e-03,-1.665468580542264895e-03,-1.651534449760765815e-03,-1.637592503987240610e-03,-1.612613078149920066e-03,-1.598773737373737321e-03,-1.584934396597554359e-03,-1.560334130781499155e-03,-1.535923444976076838e-03,-1.522281339712918931e-03,-1.498154970760234156e-03,-1.474218181818181834e-03,-1.450470972886762182e-03,-1.426920786815523683e-03,-1.403552684742158342e-03,-1.380381499202551661e-03,-1.347484529505582314e-03,-1.324787081339712973e-03,-1.292560606060605887e-03,-1.270329824561403477e-03,-1.238766613503455589e-03,-1.207582349813928922e-03,-1.176777033492823043e-03,-1.146350664540138169e-03,-1.116309728867623599e-03,-1.077585805422647675e-03,-1.039430303030302932e-03,-1.001849229133439621e-03,-9.648304093567252378e-04,-9.197091972355129694e-04,-8.753454545454545819e-04,-4.772920786815523049e-04,-1.447413078149920442e-04,-1.445469962785752443e-04,-1.443517809675704531e-04,-1.356767676767676881e-04,-1.354930356193514204e-04,-1.353093035619351526e-04,-1.261204146730462452e-04,-1.165073896863370466e-04,-1.153016480595427963e-04,-1.059468899521531007e-04,-9.676427432216906286e-05,-9.573078149920255682e-05,-8.680643274853802193e-05,-7.805422647527911781e-05,-7.719351408825093680e-05,-6.869904306220095478e-05,-6.037724614566720467e-05,-5.968867623604466122e-05,-5.162509303561934373e-05,-4.373365231259968412e-05,-4.321722488038277145e-05,-3.558399787347155802e-05,-2.812291334396597875e-05,-2.777884104199894070e-05,-5.906698564593301521e-04,-6.381575757575757126e-04,-6.757303561935140658e-04,-7.084836257309941321e-04,-7.420091440723020114e-04,-7.701875598086125284e-04,-7.988874003189794324e-04,-8.217320574162678519e-04,-8.448272195640615196e-04,-8.615592769803295369e-04,-8.850404572036150519e-04,-9.019012227538542991e-04,-9.257754385964911490e-04,-9.427578947368420300e-04,-9.597473684210526155e-04,-9.767368421052633094e-04,-9.937192982456140820e-04,-1.010708771929824668e-03,-1.027691228070175440e-03,-1.036766454013822360e-03,-1.053627219564061716e-03,-1.070481020733652288e-03,-1.087341786283891644e-03,-1.104202551834130783e-03,-1.112498670919723383e-03,-1.111857947900053321e-03,-1.084257097288676176e-03,-4.944415204678363415e-04,-5.852006911217437317e-04,-6.269618288144603035e-04,-6.585507708665601888e-04,-6.850626794258373765e-04,-7.120894205209995923e-04,-7.396245614035087826e-04,-7.614395534290271461e-04,-7.771419457735245654e-04,-7.993365231259967228e-04,-8.151676236044656972e-04,-8.309921850079743421e-04,-8.468232854864434249e-04,-8.626543859649121824e-04,-8.784789473684209357e-04,-8.943100478468899101e-04,-9.027416267942584048e-04,-9.184375332270069579e-04,-9.264830409356725758e-04,-9.420502923976608201e-04,-9.497097288676234527e-04,-9.571117490696438423e-04,-9.724216905901116861e-04,-9.794376395534291988e-04,-9.777671451355661545e-04,-9.755757575757574530e-04,-9.641893141945774267e-04,-9.167702286018074255e-04,-0.000000000000000000e+00,-0.000000000000000000e+00,-0.000000000000000000e+00,0.000000000000000000e+00,0.000000000000000000e+00,0.000000000000000000e+00,0.000000000000000000e+00,0.000000000000000000e+00,0.000000000000000000e+00,0.000000000000000000e+00,0.000000000000000000e+00,0.000000000000000000e+00,0.000000000000000000e+00,0.000000000000000000e+00,0.000000000000000000e+00,0.000000000000000000e+00,0.000000000000000000e+00,0.000000000000000000e+00,0.000000000000000000e+00,0.000000000000000000e+00,0.000000000000000000e+00,0.000000000000000000e+00,0.000000000000000000e+00,0.000000000000000000e+00,0.000000000000000000e+00,0.000000000000000000e+00,0.000000000000000000e+00,0.000000000000000000e+00,0.000000000000000000e+00,0.000000000000000000e+00,0.000000000000000000e+00,0.000000000000000000e+00,0.000000000000000000e+00,0.000000000000000000e+00,0.000000000000000000e+00,0.000000000000000000e+00,0.000000000000000000e+00,0.000000000000000000e+00,0.000000000000000000e+00,0.000000000000000000e+00,0.000000000000000000e+00,0.000000000000000000e+00,0.000000000000000000e+00,0.000000000000000000e+00,0.000000000000000000e+00,0.000000000000000000e+00,0.000000000000000000e+00
cmx,1.540869999999999962e+00,1.791369999999999907e+00,2.056839999999999780e+00,2.253299999999999859e+00,2.392069999999999919e+00,2.494779999999999998e+00,2.572229999999999794e+00,2.631320000000000103e+00,2.675980000000000025e+00,2.709319999999999951e+00,2.733750000000000124e+00,2.753280000000000172e+00,2.766640000000000210e+00,2.780980000000000008e+00,2.797439999999999927e+00,2.818490000000000162e+00,2.850480000000000125e+00,2.895570000000000199e+00,2.936179999999999790e+00,2.985770000000000035e+00,3.019060000000000077e+00,3.048779999999999824e+00,3.095149999999999846e+00,3.268130000000000202e+00,2.616099999999999870e+00,3.312879999999999825e+00,3.326090000000000213e+00,3.302410000000000068e+00,3.254290000000000127e+00,3.192169999999999952e+00,3.120740000000000069e+00,3.042390000000000150e+00,2.958639999999999937e+00,2.869979999999999976e+00,2.778480000000000061e+00,2.683129999999999793e+00,2.584150000000000169e+00,2.485139999999999905e+00,2.386480000000000157e+00,2.286570000000000213e+00,2.187450000000000117e+00,2.087479999999999780e+00,1.988760000000000083e+00,1.889839999999999964e+00,1.791099999999999914e+00,1.693689999999999918e+00,1.598070000000000102e+00,1.502909999999999968e+00,1.409319999999999906e+00,1.316279999999999895e+00,1.224639999999999951e+00,1.133879999999999999e+00,1.044229999999999992e+00,9.561699999999999644e-01,8.701900000000000190e-01,7.852599999999999580e-01,7.022000000000000464e-01,6.202199999999999935e-01,5.399100000000000010e-01,4.609199999999999964e-01,3.909000000000000252e-01,3.327399999999999802e-01,2.786699999999999733e-01,1.036399999999999960e-01,1.605100000000000138e-01,1.166399999999999937e-01,7.321999999999999342e-02,3.137999999999999817e-02,-3.141999999999999654e-02,-7.323000000000000342e-02,-1.165699999999999931e-01,-1.603900000000000048e-01,-1.034899999999999987e-01,-2.780900000000000039e-01,-3.319699999999999873e-01,-3.899099999999999788e-01,-4.595400000000000040e-01,-5.381000000000000227e-01,-6.179200000000000248e-01,-6.993599999999999817e-01,-7.818000000000000504e-01,-8.660700000000000065e-01,-9.513099999999999890e-01,-1.038580000000000059e+00,-1.127269999999999994e+00,-1.217090000000000005e+00,-1.307739999999999903e+00,-1.399780000000000024e+00,-1.492220000000000102e+00,-1.586249999999999938e+00,-1.680639999999999912e+00,-1.776750000000000052e+00,-1.874000000000000110e+00,-1.971470000000000056e+00,-2.068779999999999841e+00,-2.167279999999999873e+00,-2.264909999999999979e+00,-2.363249999999999851e+00,-2.460230000000000139e+00,-2.557370000000000143e+00,-2.653960000000000097e+00,-2.747349999999999959e+00,-2.837349999999999817e+00,-2.924179999999999779e+00,-3.006139999999999812e+00,-3.082669999999999799e+00,-3.152359999999999829e+00,-3.212639999999999940e+00,-3.258950000000000014e+00,-3.280689999999999884e+00,-3.265449999999999964e+00,-2.576389999999999958e+00,-3.223949999999999871e+00,-3.049560000000000048e+00,-3.000739999999999963e+00,-2.967979999999999841e+00,-2.932690000000000019e+00,-2.870480000000000143e+00,-2.843789999999999818e+00,-2.797909999999999897e+00,-2.764299999999999979e+00,-2.741610000000000102e+00,-2.723720000000000141e+00,-2.708110000000000017e+00,-2.693459999999999965e+00,-2.672820000000000196e+00,-2.647460000000000147e+00,-2.613529999999999909e+00,-2.568740000000000023e+00,-2.509759999999999991e+00,-2.432939999999999880e+00,-2.331580000000000208e+00,-2.195009999999999906e+00,-2.001219999999999999e+00,-1.733160000000000034e+00,-1.470939999999999914e+00,1.076149999999999940e+00,1.136900000000000022e+00,1.238580000000000014e+00,1.282650000000000068e+00,1.309870000000000090e+00,1.261910000000000087e+00,1.220310000000000006e+00,1.170719999999999983e+00,1.112710000000000088e+00,1.051430000000000087e+00,9.869799999999999685e-01,9.221500000000000252e-01,8.561900000000000066e-01,7.928100000000000147e-01,7.243199999999999639e-01,6.612500000000000044e-01,6.001999999999999558e-01,5.392799999999999816e-01,4.808499999999999996e-01,4.234499999999999931e-01,3.680999999999999828e-01,3.135399999999999854e-01,2.613199999999999967e-01,2.095899999999999985e-01,1.584800000000000098e-01,1.082100000000000006e-01,7.599000000000000199e-02,-5.360000000000000181e-03,-8.995800000000000463e-01,-1.032729999999999926e+00,-1.117779999999999996e+00,-1.148770000000000069e+00,-1.166360000000000063e+00,-1.118020000000000014e+00,-1.076610000000000067e+00,-1.029020000000000046e+00,-9.731999999999999540e-01,-9.159800000000000164e-01,-8.554300000000000237e-01,-7.956699999999999884e-01,-7.346700000000000452e-01,-6.772799999999999931e-01,-6.144600000000000062e-01,-5.579499999999999460e-01,-5.030000000000000027e-01,-4.486700000000000133e-01,-3.971399999999999930e-01,-3.463300000000000267e-01,-2.978999999999999981e-01,-2.500499999999999945e-01,-2.047100000000000031e-01,-1.603799999999999948e-01,-1.176200000000000023e-01,-7.817999999999999949e-02,-5.151000000000000023e-02,5.761999999999999761e-02,5.210000000000000048e-02,5.408000000000000307e-02,5.421999999999999736e-02,5.333999999999999853e-02,5.065999999999999670e-02,4.716999999999999665e-02,4.356999999999999762e-02,4.028000000000000330e-02,3.622999999999999832e-02,3.209999999999999659e-02,2.758000000000000035e-02,2.350000000000000006e-02,1.957000000000000059e-02,1.581000000000000114e-02,1.157000000000000042e-02,7.620000000000000037e-03,3.469999999999999994e-03,-4.000000000000000192e-04,-4.810000000000000039e-03,-8.859999999999999820e-03,-1.237000000000000079e-02,-1.620999999999999872e-02,-2.071999999999999884e-02,-2.517000000000000140e-02,-2.981999999999999929e-02,-3.694999999999999674e-02,-2.065000000000000169e-02,-2.753999999999999851e-02,-6.722999999999999809e-02,-9.754000000000000170e-02,-6.478000000000000425e-02,1.742000000000000146e-02,1.664100000000000024e-01,1.548400000000000054e-01,6.239999999999999887e-03,-5.027999999999999831e-02,2.174999999999999850e-02,2.892000000000000126e-02,7.105999999999999817e-02,1.045999999999999985e-01,9.400999999999999635e-02,2.012999999999999859e-02,-1.103200000000000014e-01,-1.078599999999999975e-01,2.898999999999999841e-02,6.804999999999999938e-02
cmx*c/cref,1.070089569909622673e+00,1.259463581924508135e+00,1.463811803721424498e+00,1.623022880382774868e+00,1.743565961456672087e+00,1.839903565762891935e+00,1.919162545933014163e+00,1.985898191600212748e+00,2.042636280595428122e+00,2.091419315895800324e+00,2.133807416267942791e+00,2.172749228708134250e+00,2.207105077724615061e+00,2.242495930037214258e+00,2.279846675598085959e+00,2.321261014566720071e+00,2.372157029665071803e+00,2.434603260765550559e+00,2.483077943328016790e+00,2.528444006007442901e+00,2.560101888888889121e+00,2.588804839872408170e+00,2.631733150186070791e+00,2.782549472408293756e+00,2.229721083997873166e+00,2.843053381818181791e+00,2.885882607389686605e+00,2.896605083785221080e+00,2.885228254758107624e+00,2.860377784848484595e+00,2.825937081020733821e+00,2.783811111483253775e+00,2.735192685592769291e+00,2.680417897288676077e+00,2.621283911961722612e+00,2.556747587453481962e+00,2.486911224348750782e+00,2.415183507177033118e+00,2.341909536204146658e+00,2.265527721052631893e+00,2.188054717703349361e+00,2.107833207442849410e+00,2.027002131419457509e+00,1.944083732908027384e+00,1.859487454545454277e+00,1.774412652046783778e+00,1.689383430940988973e+00,1.603024100478468883e+00,1.516558687719298248e+00,1.428916059968101893e+00,1.341042650505050560e+00,1.252403915789473743e+00,1.163281102339181139e+00,1.074250132535885305e+00,9.859007510898459836e-01,8.971209340776182817e-01,8.088851228070176314e-01,7.203322787878786437e-01,6.321769162679424792e-01,5.440571279106858338e-01,4.646743221690590731e-01,3.979453649122807191e-01,3.352943810207336117e-01,1.259878915470494520e-01,1.973044215311005045e-01,1.442317779904306041e-01,9.107618203083464592e-02,3.926236905901115543e-02,-3.931241669324826021e-02,-9.108862073365230072e-02,-1.441452191387559700e-01,-1.971569133971292076e-01,-1.258055470494418016e-01,-3.345965278575225854e-01,-3.970244719298245961e-01,-4.634974800637958192e-01,-5.424282143540669621e-01,-6.300575996810205970e-01,-7.176610262626261783e-01,-8.056136421052632057e-01,-8.931680542264753830e-01,-9.812329071770335975e-01,-1.068789957416268033e+00,-1.156986954279638491e+00,-1.245102975757575781e+00,-1.332775019191919208e+00,-1.419645279319510900e+00,-1.506292765231260100e+00,-1.591622002126528601e+00,-1.676888038277511983e+00,-1.760740678362573197e+00,-1.844589545454545343e+00,-1.927789080276448797e+00,-2.009379659702286158e+00,-2.088950879957469198e+00,-2.167879141733120463e+00,-2.244067048325359082e+00,-2.319113385167463903e+00,-2.390974721690589888e+00,-2.461138926847421526e+00,-2.528951570441254848e+00,-2.591915131844763298e+00,-2.649943107921318486e+00,-2.703335230834662095e+00,-2.750642072408293171e+00,-2.791463390590111615e+00,-2.824705612121211740e+00,-2.848301688038277657e+00,-2.858485511430090664e+00,-2.846491288942051945e+00,-2.802349818181818275e+00,-2.195875961775651142e+00,-2.744933760765550179e+00,-2.592969046889952001e+00,-2.548012724827219522e+00,-2.516787080808081001e+00,-2.483494191440723142e+00,-2.427516560552897218e+00,-2.391066493620414679e+00,-2.328408504837852000e+00,-2.276631040935672701e+00,-2.234346561244019203e+00,-2.196323243806486136e+00,-2.160412389048378845e+00,-2.125542312280702006e+00,-2.086248976076555461e+00,-2.043667408080808379e+00,-1.994966777937267288e+00,-1.938668090802764477e+00,-1.872553150877192873e+00,-1.794296483572567658e+00,-1.699475150983519534e+00,-1.581037346411483080e+00,-1.424228164486974979e+00,-1.218537712280701735e+00,-1.021525211057947802e+00,5.885642278043593523e-01,6.364222349813928314e-01,7.092763598086123666e-01,7.510219194577353319e-01,7.838189657628922280e-01,7.713550663476874680e-01,7.616330339712920061e-01,7.457505071770333949e-01,7.231136119085592728e-01,6.968225158426368804e-01,6.668070461456671039e-01,6.348764981392875928e-01,6.004846005847952473e-01,5.662332473684209555e-01,5.266395559808612070e-01,4.892933612440191760e-01,4.518411536416799268e-01,4.129204746411483939e-01,3.743676719829878152e-01,3.351288205741626558e-01,2.960612057416267540e-01,2.562126864433811324e-01,2.169039355661881996e-01,1.766639792663476927e-01,1.356221456671982961e-01,9.399542854864434416e-02,6.698593237639553777e-02,-4.818557363104731400e-03,-4.919951754385964993e-01,-5.781091870281763745e-01,-6.400998962254119684e-01,-6.726320121743754044e-01,-6.979433752259437407e-01,-6.834008695374801379e-01,-6.719454406698566196e-01,-6.554873811802232053e-01,-6.324506539074958855e-01,-6.070546665603402392e-01,-5.779314185539605742e-01,-5.477982793195108613e-01,-5.152571526315790074e-01,-4.837205052631578517e-01,-4.467624000000000040e-01,-4.128563038277511810e-01,-3.786672780435938468e-01,-3.435414429558745764e-01,-3.091949199362041822e-01,-2.740941419989367245e-01,-2.395996555023923447e-01,-2.043311291866028445e-01,-1.699158298245614096e-01,-1.351847368421052464e-01,-1.006554566719829874e-01,-6.791019872408293745e-02,-4.540657161084529075e-02,3.023472418926103147e-02,2.829769537480063615e-02,3.036875194045720802e-02,3.144558224348750763e-02,3.191722679425837428e-02,3.124625847953215949e-02,2.996235390749601296e-02,2.847777820308346891e-02,2.706897373737374157e-02,2.501430143540669948e-02,2.275379744816586475e-02,2.005774194577352246e-02,1.752317916002126691e-02,1.495299898989898950e-02,1.237113588516746375e-02,9.266395162147793643e-03,6.243174162679426126e-03,2.906904412546517866e-03,-3.424540138224349073e-04,-4.206563636363636234e-03,-7.911589048378521796e-03,-1.127366682615630125e-02,-1.507176671982987659e-02,-1.964654758107389418e-02,-2.432939425837320549e-02,-2.937309633173844012e-02,-3.707670255183413005e-02,-3.293460925039872183e-03,-4.392344497607655017e-03,-1.063313397129186585e-02,-1.516770334928229519e-02,-9.901249335459862133e-03,2.616241360978203111e-03,2.455011961722488104e-02,2.243163211057947956e-02,8.956937799043062070e-04,-7.217224880382774876e-03,3.468899521531099671e-03,4.612440191387559216e-03,1.123888888888888854e-02,1.626555023923444837e-02,1.436888623072833486e-02,3.023245614035087458e-03,-1.627527910685805379e-02,-1.562565124933545935e-02,4.161244019138755391e-03,9.767942583732057427e-03
cmxi,1.541109999999999980e+00,1.791649999999999965e+00,2.057150000000000034e+00,2.253629999999999800e+00,2.392430000000000057e+00,2.495159999999999823e+00,2.572639999999999816e+00,2.631749999999999812e+00,2.676439999999999930e+00,2.709789999999999921e+00,2.734230000000000160e+00,2.753789999999999960e+00,2.767160000000000064e+00,2.781519999999999992e+00,2.797989999999999977e+00,2.819049999999999834e+00,2.851059999999999928e+00,2.896160000000000068e+00,2.936780000000000168e+00,2.986380000000000035e+00,3.019680000000000142e+00,3.049399999999999888e+00,3.095779999999999976e+00,3.268759999999999888e+00,2.618160000000000043e+00,3.316479999999999873e+00,3.329730000000000079e+00,3.306049999999999933e+00,3.257899999999999796e+00,3.195739999999999803e+00,3.124260000000000037e+00,3.045840000000000103e+00,2.962029999999999941e+00,2.873289999999999900e+00,2.781709999999999905e+00,2.686269999999999936e+00,2.587190000000000101e+00,2.488090000000000135e+00,2.389330000000000176e+00,2.289320000000000022e+00,2.190100000000000158e+00,2.090030000000000054e+00,1.991190000000000015e+00,1.892160000000000064e+00,1.793320000000000025e+00,1.695799999999999974e+00,1.600070000000000103e+00,1.504799999999999915e+00,1.411110000000000086e+00,1.317960000000000020e+00,1.226210000000000022e+00,1.135329999999999950e+00,1.045579999999999954e+00,9.574099999999999833e-01,8.713199999999999834e-01,7.862799999999999789e-01,7.031199999999999672e-01,6.210400000000000365e-01,5.406300000000000550e-01,4.615299999999999958e-01,3.914300000000000002e-01,3.331899999999999862e-01,2.790400000000000102e-01,1.038400000000000017e-01,1.605900000000000105e-01,1.166900000000000021e-01,7.326000000000000567e-02,3.139000000000000123e-02,-3.142999999999999960e-02,-7.326000000000000567e-02,-1.166299999999999976e-01,-1.604700000000000015e-01,-1.036900000000000044e-01,-2.784599999999999853e-01,-3.324199999999999933e-01,-3.904299999999999993e-01,-4.601600000000000135e-01,-5.388100000000000112e-01,-6.187300000000000022e-01,-7.002800000000000136e-01,-7.828199999999999603e-01,-8.671999999999999709e-01,-9.525400000000000533e-01,-1.039919999999999956e+00,-1.128710000000000102e+00,-1.218639999999999946e+00,-1.309409999999999963e+00,-1.401550000000000074e+00,-1.494099999999999984e+00,-1.588230000000000031e+00,-1.682739999999999903e+00,-1.778950000000000031e+00,-1.876309999999999922e+00,-1.973889999999999922e+00,-2.071299999999999919e+00,-2.169900000000000162e+00,-2.267630000000000035e+00,-2.366070000000000118e+00,-2.463150000000000173e+00,-2.560379999999999878e+00,-2.657070000000000043e+00,-2.750539999999999985e+00,-2.840619999999999923e+00,-2.927529999999999966e+00,-3.009560000000000013e+00,-3.086149999999999949e+00,-3.155889999999999862e+00,-3.216209999999999791e+00,-3.262539999999999996e+00,-3.284289999999999932e+00,-3.269010000000000193e+00,-2.578419999999999934e+00,-3.224580000000000002e+00,-3.050190000000000179e+00,-3.001349999999999962e+00,-2.968589999999999840e+00,-2.933300000000000018e+00,-2.871080000000000076e+00,-2.844380000000000130e+00,-2.798490000000000144e+00,-2.764860000000000095e+00,-2.742160000000000153e+00,-2.724250000000000060e+00,-2.708619999999999806e+00,-2.693960000000000132e+00,-2.673309999999999853e+00,-2.647930000000000117e+00,-2.613980000000000192e+00,-2.569170000000000176e+00,-2.510170000000000012e+00,-2.433320000000000149e+00,-2.331939999999999902e+00,-2.195339999999999847e+00,-2.001520000000000188e+00,-1.733440000000000092e+00,-1.471179999999999932e+00,1.079320000000000057e+00,1.140050000000000008e+00,1.241649999999999920e+00,1.285619999999999985e+00,1.312720000000000109e+00,1.264620000000000077e+00,1.222869999999999902e+00,1.173140000000000072e+00,1.114989999999999926e+00,1.053549999999999986e+00,9.889599999999999502e-01,9.239800000000000235e-01,8.578900000000000414e-01,7.943700000000000205e-01,7.257400000000000517e-01,6.625499999999999723e-01,6.013699999999999601e-01,5.403299999999999770e-01,4.817799999999999860e-01,4.242699999999999805e-01,3.688100000000000267e-01,3.141399999999999748e-01,2.618199999999999972e-01,2.099900000000000100e-01,1.587800000000000045e-01,1.084200000000000025e-01,7.610000000000000098e-02,-5.349999999999999721e-03,-9.027199999999999669e-01,-1.035819999999999963e+00,-1.120770000000000044e+00,-1.151639999999999997e+00,-1.169089999999999963e+00,-1.120619999999999949e+00,-1.079050000000000065e+00,-1.031320000000000014e+00,-9.753500000000000503e-01,-9.179899999999999727e-01,-8.572899999999999965e-01,-7.973900000000000432e-01,-7.362600000000000255e-01,-6.787400000000000100e-01,-6.157799999999999940e-01,-5.591599999999999904e-01,-5.040900000000000380e-01,-4.496399999999999841e-01,-3.979900000000000104e-01,-3.470799999999999996e-01,-2.985400000000000276e-01,-2.505899999999999794e-01,-2.051600000000000090e-01,-1.607399999999999940e-01,-1.178899999999999948e-01,-7.835999999999999910e-02,-5.161000000000000310e-02,5.761999999999999761e-02,5.210000000000000048e-02,5.408000000000000307e-02,5.421999999999999736e-02,5.333999999999999853e-02,5.065999999999999670e-02,4.716999999999999665e-02,4.356999999999999762e-02,4.028000000000000330e-02,3.622999999999999832e-02,3.209999999999999659e-02,2.758000000000000035e-02,2.350000000000000006e-02,1.957000000000000059e-02,1.581000000000000114e-02,1.157000000000000042e-02,7.620000000000000037e-03,3.469999999999999994e-03,-4.000000000000000192e-04,-4.810000000000000039e-03,-8.859999999999999820e-03,-1.237000000000000079e-02,-1.620999999999999872e-02,-2.071999999999999884e-02,-2.517000000000000140e-02,-2.981999999999999929e-02,-3.694999999999999674e-02,-2.065000000000000169e-02,-2.753999999999999851e-02,-6.722999999999999809e-02,-9.754000000000000170e-02,-6.478000000000000425e-02,1.742000000000000146e-02,1.664100000000000024e-01,1.548400000000000054e-01,6.239999999999999887e-03,-5.027999999999999831e-02,2.174999999999999850e-02,2.892000000000000126e-02,7.105999999999999817e-02,1.045999999999999985e-01,9.400999999999999635e-02,2.012999999999999859e-02,-1.103200000000000014e-01,-1.078599999999999975e-01,2.898999999999999841e-02,6.804999999999999938e-02
cmxi*c/cref,1.070256242955874626e+00,1.259660442317916074e+00,1.464032424508240338e+00,1.623260575119616966e+00,1.743828363370547585e+00,1.840183816267942474e+00,1.919468450398723824e+00,1.986222719298245565e+00,2.042987409037746005e+00,2.091782125412014803e+00,2.134182076555024121e+00,2.173151694896331865e+00,2.207519911111111455e+00,2.242931369271663922e+00,2.280294912440191446e+00,2.321722221158958099e+00,2.372639703136629308e+00,2.435099334396597648e+00,2.483585353216374081e+00,2.528960573205741635e+00,2.560627636363636661e+00,2.589331299308878176e+00,2.632268824348750424e+00,2.783085866666666686e+00,2.231476837001594937e+00,2.846142836363636075e+00,2.889040854066985631e+00,2.899797795321637395e+00,2.888428852737905395e+00,2.863576721212120813e+00,2.829124561722488274e+00,2.786967888995215414e+00,2.738326660393407330e+00,2.683509271876661106e+00,2.624331170547581138e+00,2.559739685273790588e+00,2.489836832429558555e+00,2.418050464912280706e+00,2.344706308931419514e+00,2.268252414035087927e+00,2.190705450292397938e+00,2.110408070281764914e+00,2.029478858213716208e+00,1.946470323444976058e+00,1.861792218181818059e+00,1.776623216374269232e+00,1.691497710579479286e+00,1.605040000000000022e+00,1.518484893301435656e+00,1.430739820095693782e+00,1.342761879797979896e+00,1.254005483572567803e+00,1.164785013822434712e+00,1.075643263636363756e+00,9.871810092503987555e-01,8.982862339181286737e-01,8.099448982456139978e-01,7.212846383838382724e-01,6.330199593301435446e-01,5.447771549175970396e-01,4.653043487506645648e-01,3.984835491228070348e-01,3.357395632110579675e-01,1.262310175438596527e-01,1.974027602870813691e-01,1.442936057416267792e-01,9.112593684210526512e-02,3.927488096757043856e-02,-3.932492860180754335e-02,-9.112593684210526512e-02,-1.442194124401913746e-01,-1.972552521531100722e-01,-1.260486730462520022e-01,-3.350417100478468857e-01,-3.975626561403509118e-01,-4.641156193514088257e-01,-5.431600450824030091e-01,-6.308889338118021106e-01,-7.186017717171716557e-01,-8.066734175438596832e-01,-8.943333540669856641e-01,-9.825131653375864804e-01,-1.070171853588516964e+00,-1.158479725677830752e+00,-1.246693498245614151e+00,-1.334472347474747522e+00,-1.421458183732057456e+00,-1.508197448963317422e+00,-1.593627235513024987e+00,-1.678981175119617308e+00,-1.762940766081871447e+00,-1.846873545454545296e+00,-1.930165383785220401e+00,-2.011846194205209937e+00,-2.091495450292397695e+00,-2.170499866028708258e+00,-2.246762017384369869e+00,-2.321880718181818182e+00,-2.393812523923445124e+00,-2.464035663795852926e+00,-2.531915081339712881e+00,-2.594924653482190369e+00,-2.652997124508240212e+00,-2.706432226581605427e+00,-2.753771399681020693e+00,-2.794614649920255101e+00,-2.827868706060605586e+00,-2.851466822328548645e+00,-2.861634367038809579e+00,-2.849614829611908373e+00,-2.805404945454545551e+00,-2.197606145560871749e+00,-2.745470155023923553e+00,-2.593504721052631634e+00,-2.548530692982455825e+00,-2.517304348484848742e+00,-2.484010758639021876e+00,-2.428023970441254509e+00,-2.391562567251462212e+00,-2.328891178309409948e+00,-2.277092247527910729e+00,-2.234794798086124690e+00,-2.196750619351409028e+00,-2.160819244869750300e+00,-2.125936886975013707e+00,-2.086631441786283681e+00,-2.044030217597023302e+00,-1.995310273152578473e+00,-1.938992618500797738e+00,-1.872859055342902534e+00,-1.794576734077618418e+00,-1.699737552897395032e+00,-1.581275041148325178e+00,-1.424441668474216049e+00,-1.218734572674109673e+00,-1.021691884104199977e+00,5.902979532163743492e-01,6.381855651249335182e-01,7.110344040404038557e-01,7.527609247208931764e-01,7.855243900053164863e-01,7.730115808612441075e-01,7.632308087719298362e-01,7.472920510366826141e-01,7.245953088782560725e-01,6.982275202020201688e-01,6.681447408825091916e-01,6.361364059542796712e-01,6.016768871345029579e-01,5.673474157894736747e-01,5.276720114832536002e-01,4.902552990430622537e-01,4.527219502923976457e-01,4.137244475279107103e-01,3.750917271664008790e-01,3.357777888888888174e-01,2.966322556087188089e-01,2.567029830940988355e-01,2.173189515151515150e-01,1.770011403508771897e-01,1.358788761297182179e-01,9.417784274322169025e-02,6.708289845826687081e-02,-4.809567517278043151e-03,-4.937124933545986027e-01,-5.798389299308878142e-01,-6.418121282296650465e-01,-6.743124650717703394e-01,-6.995769921318447659e-01,-6.849901454545455071e-01,-6.734683197767146190e-01,-6.569524848484847857e-01,-6.338478681552365268e-01,-6.083867697501328387e-01,-5.791880408825093030e-01,-5.489824549707602586e-01,-5.163722912280701571e-01,-4.847632526315789336e-01,-4.477221473684210307e-01,-4.137516459330143892e-01,-3.794878492822966742e-01,-3.442841607655502956e-01,-3.098566908027645117e-01,-2.746877105794789942e-01,-2.401144046783625918e-01,-2.047723961722487662e-01,-1.702893441786283990e-01,-1.354881818181818132e-01,-1.008865140882509170e-01,-6.806655374800638092e-02,-4.549472259436469768e-02,3.023472418926103147e-02,2.829769537480063615e-02,3.036875194045720802e-02,3.144558224348750763e-02,3.191722679425837428e-02,3.124625847953215949e-02,2.996235390749601296e-02,2.847777820308346891e-02,2.706897373737374157e-02,2.501430143540669948e-02,2.275379744816586475e-02,2.005774194577352246e-02,1.752317916002126691e-02,1.495299898989898950e-02,1.237113588516746375e-02,9.266395162147793643e-03,6.243174162679426126e-03,2.906904412546517866e-03,-3.424540138224349073e-04,-4.206563636363636234e-03,-7.911589048378521796e-03,-1.127366682615630125e-02,-1.507176671982987659e-02,-1.964654758107389418e-02,-2.432939425837320549e-02,-2.937309633173844012e-02,-3.707670255183413005e-02,-3.293460925039872183e-03,-4.392344497607655017e-03,-1.063313397129186585e-02,-1.516770334928229519e-02,-9.901249335459862133e-03,2.616241360978203111e-03,2.455011961722488104e-02,2.243163211057947956e-02,8.956937799043062070e-04,-7.217224880382774876e-03,3.468899521531099671e-03,4.612440191387559216e-03,1.123888888888888854e-02,1.626555023923444837e-02,1.436888623072833486e-02,3.023245614035087458e-03,-1.627527910685805379e-02,-1.562565124933545935e-02,4.161244019138755391e-03,9.767942583732057427e-03
cmxo,-2.400000000000000061e-04,-2.700000000000000035e-04,-3.099999999999999999e-04,-3.400000000000000244e-04,-3.600000000000000227e-04,-3.899999999999999929e-04,-4.099999999999999912e-04,-4.299999999999999894e-04,-4.499999999999999877e-04,-4.699999999999999859e-04,-4.899999999999999842e-04,-5.100000000000000366e-04,-5.199999999999999544e-04,-5.299999999999999807e-04,-5.500000000000000331e-04,-5.599999999999999509e-04,-5.800000000000000034e-04,-5.900000000000000296e-04,-5.999999999999999474e-04,-6.099999999999999737e-04,-6.199999999999999999e-04,-6.199999999999999999e-04,-6.300000000000000261e-04,-6.400000000000000524e-04,-2.060000000000000199e-03,-3.609999999999999928e-03,-3.640000000000000006e-03,-3.640000000000000006e-03,-3.609999999999999928e-03,-3.569999999999999823e-03,-3.520000000000000125e-03,-3.459999999999999968e-03,-3.389999999999999784e-03,-3.310000000000000008e-03,-3.229999999999999798e-03,-3.139999999999999996e-03,-3.040000000000000167e-03,-2.949999999999999931e-03,-2.850000000000000103e-03,-2.749999999999999840e-03,-2.650000000000000012e-03,-2.540000000000000157e-03,-2.439999999999999895e-03,-2.330000000000000040e-03,-2.220000000000000185e-03,-2.109999999999999896e-03,-2.000000000000000042e-03,-1.889999999999999970e-03,-1.779999999999999898e-03,-1.670000000000000043e-03,-1.569999999999999998e-03,-1.459999999999999926e-03,-1.350000000000000071e-03,-1.240000000000000000e-03,-1.129999999999999928e-03,-1.030000000000000100e-03,-9.200000000000000278e-04,-8.199999999999999824e-04,-7.100000000000000191e-04,-6.099999999999999737e-04,-5.199999999999999544e-04,-4.499999999999999877e-04,-3.699999999999999947e-04,-2.000000000000000096e-04,-8.000000000000000654e-05,-6.000000000000000152e-05,-3.000000000000000076e-05,-1.000000000000000082e-05,1.000000000000000082e-05,3.000000000000000076e-05,6.000000000000000152e-05,8.000000000000000654e-05,2.000000000000000096e-04,3.699999999999999947e-04,4.499999999999999877e-04,5.199999999999999544e-04,6.099999999999999737e-04,7.100000000000000191e-04,8.099999999999999561e-04,9.200000000000000278e-04,1.020000000000000073e-03,1.129999999999999928e-03,1.229999999999999974e-03,1.340000000000000045e-03,1.449999999999999900e-03,1.559999999999999972e-03,1.660000000000000017e-03,1.770000000000000089e-03,1.879999999999999944e-03,1.990000000000000015e-03,2.089999999999999844e-03,2.200000000000000133e-03,2.309999999999999987e-03,2.409999999999999816e-03,2.520000000000000104e-03,2.619999999999999933e-03,2.720000000000000195e-03,2.820000000000000024e-03,2.919999999999999853e-03,3.010000000000000089e-03,3.109999999999999917e-03,3.190000000000000127e-03,3.269999999999999903e-03,3.350000000000000113e-03,3.419999999999999863e-03,3.480000000000000020e-03,3.530000000000000152e-03,3.569999999999999823e-03,3.599999999999999901e-03,3.599999999999999901e-03,3.569999999999999823e-03,2.030000000000000120e-03,6.300000000000000261e-04,6.199999999999999999e-04,6.199999999999999999e-04,6.099999999999999737e-04,5.999999999999999474e-04,5.999999999999999474e-04,5.900000000000000296e-04,5.699999999999999772e-04,5.599999999999999509e-04,5.400000000000000069e-04,5.299999999999999807e-04,5.199999999999999544e-04,5.000000000000000104e-04,4.800000000000000122e-04,4.699999999999999859e-04,4.499999999999999877e-04,4.299999999999999894e-04,4.099999999999999912e-04,3.800000000000000209e-04,3.600000000000000227e-04,3.299999999999999982e-04,2.999999999999999737e-04,2.700000000000000035e-04,2.400000000000000061e-04,-3.170000000000000075e-03,-3.139999999999999996e-03,-3.069999999999999812e-03,-2.969999999999999984e-03,-2.850000000000000103e-03,-2.710000000000000169e-03,-2.569999999999999802e-03,-2.419999999999999842e-03,-2.269999999999999882e-03,-2.129999999999999949e-03,-1.979999999999999989e-03,-1.840000000000000056e-03,-1.690000000000000096e-03,-1.559999999999999972e-03,-1.430000000000000064e-03,-1.299999999999999940e-03,-1.170000000000000033e-03,-1.049999999999999935e-03,-9.300000000000000541e-04,-8.199999999999999824e-04,-7.100000000000000191e-04,-5.999999999999999474e-04,-5.000000000000000104e-04,-4.000000000000000192e-04,-2.999999999999999737e-04,-2.100000000000000087e-04,-1.100000000000000039e-04,-1.000000000000000082e-05,3.139999999999999996e-03,3.089999999999999865e-03,2.990000000000000036e-03,2.870000000000000155e-03,2.739999999999999814e-03,2.589999999999999854e-03,2.449999999999999921e-03,2.299999999999999961e-03,2.150000000000000001e-03,2.010000000000000068e-03,1.860000000000000108e-03,1.719999999999999958e-03,1.590000000000000050e-03,1.449999999999999900e-03,1.330000000000000019e-03,1.199999999999999895e-03,1.080000000000000014e-03,9.700000000000000505e-04,8.599999999999999789e-04,7.500000000000000156e-04,6.400000000000000524e-04,5.400000000000000069e-04,4.499999999999999877e-04,3.600000000000000227e-04,2.700000000000000035e-04,1.800000000000000113e-04,1.000000000000000048e-04,-0.000000000000000000e+00,-0.000000000000000000e+00,-0.000000000000000000e+00,0.000000000000000000e+00,0.000000000000000000e+00,0.000000000000000000e+00,0.000000000000000000e+00,0.000000000000000000e+00,0.000000000000000000e+00,0.000000000000000000e+00,0.000000000000000000e+00,0.000000000000000000e+00,0.000000000000000000e+00,0.000000000000000000e+00,0.000000000000000000e+00,0.000000000000000000e+00,0.000000000000000000e+00,0.000000000000000000e+00,0.000000000000000000e+00,0.000000000000000000e+00,0.000000000000000000e+00,0.000000000000000000e+00,0.000000000000000000e+00,0.000000000000000000e+00,0.000000000000000000e+00,0.000000000000000000e+00,0.000000000000000000e+00,0.000000000000000000e+00,0.000000000000000000e+00,0.000000000000000000e+00,0.000000000000000000e+00,0.000000000000000000e+00,0.000000000000000000e+00,0.000000000000000000e+00,0.000000000000000000e+00,0.000000000000000000e+00,0.000000000000000000e+00,0.000000000000000000e+00,0.000000000000000000e+00,0.000000000000000000e+00,0.000000000000000000e+00,-0.000000000000000000e+00,-0.000000000000000000e+00,-0.000000000000000000e+00,-0.000000000000000000e+00,-0.000000000000000000e+00,-0.000000000000000000e+00
cmxo*c/cref,-1.666730462519936307e-04,-1.898296650717703354e-04,-2.206207868155236624e-04,-2.448976076555024100e-04,-2.624019138755981318e-04,-2.876255183413078216e-04,-3.059044657097288278e-04,-3.245276980329612039e-04,-3.434952153110047875e-04,-3.628095162147793799e-04,-3.824657097288676000e-04,-4.024661881977672443e-04,-4.148333864965443813e-04,-4.273755449229133451e-04,-4.482368421052632026e-04,-4.612065922381711853e-04,-4.826734715576820947e-04,-4.960736310473152924e-04,-5.074098883572566868e-04,-5.165671982987772495e-04,-5.257474747474747507e-04,-5.264594364699627747e-04,-5.356741626794257922e-04,-5.449084529505582265e-04,-1.755753003721424949e-03,-3.098036363636363401e-03,-3.158246677299308622e-03,-3.192711536416799854e-03,-3.200597979797980067e-03,-3.198936363636363089e-03,-3.187480701754386286e-03,-3.165927591706539038e-03,-3.133974800637958150e-03,-3.091374587985114188e-03,-3.047258585858585774e-03,-2.992097820308346409e-03,-2.925608080808080828e-03,-2.866957735247208875e-03,-2.796772727272727171e-03,-2.724692982456140226e-03,-2.650732589048378478e-03,-2.564765337586390366e-03,-2.486919085592769613e-03,-2.396877565124933343e-03,-2.304763636363636303e-03,-2.210564327485380325e-03,-2.114279638490164977e-03,-2.015899521531100674e-03,-1.915444657097288561e-03,-1.812904412546517945e-03,-1.719229292929292871e-03,-1.612613078149920066e-03,-1.503911483253588541e-03,-1.393131100478469005e-03,-1.280258160552897413e-03,-1.176724348750664718e-03,-1.059775438596491370e-03,-9.523595959595957533e-04,-8.313341307814991078e-04,-7.200270069112174034e-04,-6.181392876129718217e-04,-5.381842105263158179e-04,-4.451821903242955702e-04,-2.431259968102073617e-04,-9.833875598086126420e-05,-7.419330143540669119e-05,-3.731610845295055203e-05,-1.251190855927697960e-05,1.251190855927697960e-05,3.731610845295055203e-05,7.419330143540669119e-05,9.833875598086126420e-05,2.431259968102073617e-04,4.451821903242955702e-04,5.381842105263158179e-04,6.181392876129718217e-04,7.200270069112174034e-04,8.313341307814991078e-04,9.407454545454543285e-04,1.059775438596491370e-03,1.165299840510367101e-03,1.280258160552897413e-03,1.381896172248804058e-03,1.492771398192450742e-03,1.601567783094098819e-03,1.708278787878787742e-03,1.802048697501329151e-03,1.904683732057416536e-03,2.005233386496544333e-03,2.103708240297714159e-03,2.189611111111111359e-03,2.284000000000000006e-03,2.376303508771929716e-03,2.456342211589579872e-03,2.544570334928229587e-03,2.620724295587453442e-03,2.694969059011164628e-03,2.767333014354066839e-03,2.837802232854864243e-03,2.896736948431685200e-03,2.963510898458266915e-03,3.009521637426900570e-03,3.054016586921850206e-03,3.096995746943114955e-03,3.129327272727272513e-03,3.151259330143540982e-03,3.163093939393939440e-03,3.165134290271132220e-03,3.157626794258373230e-03,3.123540669856459100e-03,3.063709090909090549e-03,1.730183785220627390e-03,5.363942583732057932e-04,5.271713981924507986e-04,5.264594364699627747e-04,5.172676767676768041e-04,5.080988835725676637e-04,5.074098883572566868e-04,4.960736310473152924e-04,4.743515151515151677e-04,4.612065922381711853e-04,4.400870813397129359e-04,4.273755449229133451e-04,4.148333864965443813e-04,3.945746943115364534e-04,3.746602870813397330e-04,3.628095162147793799e-04,3.434952153110047875e-04,3.245276980329612039e-04,3.059044657097288278e-04,2.802505050505050611e-04,2.624019138755981318e-04,2.376947368421052531e-04,2.135039872408293210e-04,1.898296650717703354e-04,1.666730462519936307e-04,-1.733725412014885730e-03,-1.757732270069111953e-03,-1.758044231791599859e-03,-1.739005263157894629e-03,-1.705424242424242662e-03,-1.656514513556619096e-03,-1.604016108452950605e-03,-1.541543859649122539e-03,-1.475198298777245830e-03,-1.411631738437001430e-03,-1.337694736842105075e-03,-1.266792557150451951e-03,-1.185273099415204727e-03,-1.114168421052631362e-03,-1.039726315789473712e-03,-9.619377990430622418e-04,-8.807966507177034500e-04,-8.039728867623605014e-04,-7.240551834130782693e-04,-6.489683147262093792e-04,-5.710498670919723473e-04,-4.902966507177032281e-04,-4.150159489633174011e-04,-3.371610845295055668e-04,-2.567304625199361861e-04,-1.824141945773524861e-04,-9.696608187134502345e-05,-8.989845826687932096e-06,1.717317916002126469e-03,1.729742902711323485e-03,1.712232004253056621e-03,1.680452897395002740e-03,1.639600850611377079e-03,1.583163317384369932e-03,1.529120414673046466e-03,1.465103668261562775e-03,1.397214247740563228e-03,1.332103189792663419e-03,1.256622328548644228e-03,1.184175651249335477e-03,1.115138596491228049e-03,1.035605263157894553e-03,9.670181818181818652e-04,8.879425837320574456e-04,8.130430622009570058e-04,7.427178096757045727e-04,6.695564061669325231e-04,5.935685805422646986e-04,5.147491759702286238e-04,4.412669856459329812e-04,3.735143540669856664e-04,3.034449760765550209e-04,2.310574162679425675e-04,1.563550239234449881e-04,8.815098351940457786e-05,-0.000000000000000000e+00,-0.000000000000000000e+00,-0.000000000000000000e+00,0.000000000000000000e+00,0.000000000000000000e+00,0.000000000000000000e+00,0.000000000000000000e+00,0.000000000000000000e+00,0.000000000000000000e+00,0.000000000000000000e+00,0.000000000000000000e+00,0.000000000000000000e+00,0.000000000000000000e+00,0.000000000000000000e+00,0.000000000000000000e+00,0.000000000000000000e+00,0.000000000000000000e+00,0.000000000000000000e+00,0.000000000000000000e+00,0.000000000000000000e+00,0.000000000000000000e+00,0.000000000000000000e+00,0.000000000000000000e+00,0.000000000000000000e+00,0.000000000000000000e+00,0.000000000000000000e+00,0.000000000000000000e+00,0.000000000000000000e+00,0.000000000000000000e+00,0.000000000000000000e+00,0.000000000000000000e+00,0.000000000000000000e+00,0.000000000000000000e+00,0.000000000000000000e+00,0.000000000000000000e+00,0.000000000000000000e+00,0.000000000000000000e+00,0.000000000000000000e+00,0.000000000000000000e+00,0.000000000000000000e+00,0.000000000000000000e+00,-0.000000000000000000e+00,-0.000000000000000000e+00,-0.000000000000000000e+00,-0.000000000000000000e+00,-0.000000000000000000e+00,-0.000000000000000000e+00
cmy,-1.202199999999999935e-01,-1.094500000000000056e-01,-1.247299999999999937e-01,-1.360399999999999943e-01,-1.444300000000000028e-01,-1.514900000000000135e-01,-1.571099999999999997e-01,-1.624500000000000111e-01,-1.665600000000000136e-01,-1.707799999999999874e-01,-1.743500000000000050e-01,-1.786899999999999877e-01,-1.824900000000000133e-01,-1.872099999999999875e-01,-1.923400000000000110e-01,-1.993399999999999894e-01,-2.068399999999999961e-01,-2.183599999999999985e-01,-2.334900000000000031e-01,-2.343099999999999905e-01,-2.394300000000000039e-01,-2.403500000000000081e-01,-2.460400000000000087e-01,-2.444999999999999951e-01,-1.968499999999999972e-01,-2.556899999999999729e-01,-2.656399999999999872e-01,-2.734500000000000264e-01,-2.784800000000000053e-01,-2.820799999999999974e-01,-2.846500000000000141e-01,-2.869599999999999929e-01,-2.885199999999999987e-01,-2.897600000000000176e-01,-2.907299999999999884e-01,-2.915499999999999758e-01,-2.923299999999999788e-01,-2.925699999999999967e-01,-2.933399999999999896e-01,-2.931699999999999862e-01,-2.928100000000000147e-01,-2.922299999999999898e-01,-2.921000000000000263e-01,-2.915400000000000214e-01,-2.903899999999999815e-01,-2.897000000000000131e-01,-2.894200000000000106e-01,-2.883499999999999952e-01,-2.867000000000000104e-01,-2.855900000000000105e-01,-2.841699999999999782e-01,-2.828200000000000158e-01,-2.803100000000000036e-01,-2.785599999999999743e-01,-2.772800000000000264e-01,-2.750199999999999867e-01,-2.724400000000000155e-01,-2.693999999999999728e-01,-2.653900000000000148e-01,-2.605500000000000038e-01,-2.538799999999999946e-01,-2.461099999999999954e-01,-2.351300000000000057e-01,-1.393300000000000094e-01,-2.230000000000000038e-01,-2.134300000000000086e-01,-2.076600000000000112e-01,-2.041999999999999926e-01,-2.042299999999999949e-01,-2.076300000000000090e-01,-2.133200000000000096e-01,-2.227500000000000036e-01,-1.390200000000000047e-01,-2.347200000000000120e-01,-2.457000000000000017e-01,-2.534699999999999731e-01,-2.600600000000000134e-01,-2.648599999999999843e-01,-2.687800000000000189e-01,-2.717300000000000271e-01,-2.742899999999999783e-01,-2.764699999999999935e-01,-2.777000000000000024e-01,-2.793700000000000072e-01,-2.819800000000000084e-01,-2.832799999999999763e-01,-2.846099999999999741e-01,-2.856899999999999995e-01,-2.871699999999999808e-01,-2.881600000000000272e-01,-2.883499999999999952e-01,-2.889700000000000046e-01,-2.900499999999999745e-01,-2.905300000000000105e-01,-2.906000000000000250e-01,-2.911099999999999799e-01,-2.913899999999999824e-01,-2.914999999999999813e-01,-2.906900000000000039e-01,-2.903999999999999915e-01,-2.895199999999999996e-01,-2.886199999999999877e-01,-2.877000000000000113e-01,-2.863999999999999879e-01,-2.848800000000000221e-01,-2.825300000000000034e-01,-2.799400000000000222e-01,-2.763200000000000101e-01,-2.712899999999999756e-01,-2.635000000000000120e-01,-2.535600000000000076e-01,-1.952099999999999946e-01,-2.464300000000000102e-01,-2.455900000000000027e-01,-2.379000000000000004e-01,-2.341199999999999948e-01,-2.298900000000000110e-01,-2.274400000000000033e-01,-2.157600000000000073e-01,-2.043500000000000039e-01,-1.970800000000000052e-01,-1.900600000000000067e-01,-1.849200000000000010e-01,-1.802100000000000091e-01,-1.761099999999999888e-01,-1.718300000000000105e-01,-1.682899999999999952e-01,-1.640999999999999959e-01,-1.603900000000000048e-01,-1.550900000000000056e-01,-1.495799999999999907e-01,-1.426000000000000045e-01,-1.343100000000000127e-01,-1.228800000000000031e-01,-1.074500000000000038e-01,-1.136299999999999949e-01,-2.638609999999999900e+00,-2.464319999999999844e+00,-2.776479999999999837e+00,-2.981780000000000097e+00,-3.161529999999999951e+00,-3.205670000000000019e+00,-3.244660000000000100e+00,-3.264899999999999913e+00,-3.254150000000000098e+00,-3.243529999999999802e+00,-3.219580000000000108e+00,-3.191399999999999793e+00,-3.155740000000000212e+00,-3.130360000000000031e+00,-3.095009999999999817e+00,-3.053580000000000183e+00,-3.023639999999999883e+00,-2.980850000000000222e+00,-2.943299999999999805e+00,-2.900360000000000049e+00,-2.863949999999999996e+00,-2.822220000000000173e+00,-2.785340000000000149e+00,-2.740200000000000191e+00,-2.677059999999999995e+00,-2.576709999999999834e+00,-2.407309999999999839e+00,-9.078300000000000258e-01,-2.227689999999999948e+00,-2.244619999999999838e+00,-2.514930000000000110e+00,-2.682230000000000114e+00,-2.827669999999999906e+00,-2.855199999999999960e+00,-2.877889999999999837e+00,-2.885569999999999968e+00,-2.861330000000000151e+00,-2.841479999999999784e+00,-2.806239999999999846e+00,-2.769839999999999858e+00,-2.723910000000000053e+00,-2.689999999999999947e+00,-2.642360000000000042e+00,-2.592429999999999790e+00,-2.549690000000000012e+00,-2.494779999999999998e+00,-2.444550000000000001e+00,-2.382929999999999993e+00,-2.325330000000000119e+00,-2.254980000000000206e+00,-2.180029999999999912e+00,-2.086969999999999992e+00,-1.962220000000000075e+00,-1.790419999999999900e+00,-1.521900000000000031e+00,2.452999999999999972e-02,2.742999999999999952e-02,2.570000000000000062e-02,2.399000000000000091e-02,2.250999999999999876e-02,2.111000000000000029e-02,1.977999999999999897e-02,1.853000000000000133e-02,1.733000000000000165e-02,1.619999999999999912e-02,1.516999999999999946e-02,1.418999999999999949e-02,1.329999999999999932e-02,1.239999999999999956e-02,1.153000000000000032e-02,1.069999999999999944e-02,9.979999999999999288e-03,9.480000000000000579e-03,8.850000000000000228e-03,8.089999999999999969e-03,7.530000000000000235e-03,7.309999999999999658e-03,6.859999999999999779e-03,6.320000000000000097e-03,6.309999999999999637e-03,6.989999999999999686e-03,2.759999999999999953e-02,-1.247000000000000018e-02,-1.016000000000000063e-02,-3.530000000000000152e-03,4.550000000000000225e-03,1.144000000000000052e-02,1.822999999999999968e-02,2.460000000000000034e-02,3.345000000000000057e-02,4.014999999999999819e-02,4.159999999999999809e-02,-1.239999999999999956e-02,-1.001999999999999939e-02,-3.249999999999999851e-03,4.870000000000000197e-03,1.233000000000000068e-02,1.915000000000000036e-02,2.574999999999999858e-02,3.436000000000000165e-02,4.077000000000000068e-02,4.188000000000000056e-02
cmy*c/cref,-8.348930675172780425e-02,-7.695132163742690601e-02,-8.876784109516214216e-02,-9.798785454545452800e-02,-1.052741900584795443e-01,-1.117240763423710814e-01,-1.172210990430621880e-01,-1.226035454545454650e-01,-1.271390290271132428e-01,-1.318310833599149468e-01,-1.360875438596491349e-01,-1.410131042530568812e-01,-1.455825859649123033e-01,-1.509603316321105615e-01,-1.567524985645933067e-01,-1.641730751727804305e-01,-1.721313463051568349e-01,-1.835976916533758607e-01,-1.974585580542264629e-01,-1.984210823498138987e-01,-2.030318030303030485e-01,-2.040879444444444468e-01,-2.092020174375332220e-01,-2.081720574162679305e-01,-1.677766887293992426e-01,-2.194285090909090519e-01,-2.304825954279638434e-01,-2.398480685805423063e-01,-2.468982064859117642e-01,-2.527607757575757175e-01,-2.577603357256778582e-01,-2.625706883572567762e-01,-2.667299143009037588e-01,-2.706213597022860129e-01,-2.742815754385964921e-01,-2.778172355130249516e-01,-2.813299375863901886e-01,-2.843341778309409484e-01,-2.878615129186602450e-01,-2.904720878787878657e-01,-2.928909469431153489e-01,-2.950792813397128955e-01,-2.977168298777246314e-01,-2.999080194577352643e-01,-3.014776181818181189e-01,-3.035073391812865840e-01,-3.059574064859117981e-01,-3.075580037214247775e-01,-3.085157208931419981e-01,-3.100283659755449506e-01,-3.111805020202019767e-01,-3.123830347687400200e-01,-3.122677243487506638e-01,-3.129601607655502771e-01,-3.141504272195640990e-01,-3.141968256246677194e-01,-3.138317614035088243e-01,-3.128849696969696059e-01,-3.107433309409887712e-01,-3.075459617224880482e-01,-3.017946198830409599e-01,-2.943389245614035366e-01,-2.829072659755449415e-01,-1.693737256778309608e-01,-2.741192822966507237e-01,-2.639179387559808521e-01,-2.583021027113237555e-01,-2.554931727804358732e-01,-2.555307085061137018e-01,-2.582647866028707773e-01,-2.637819177033492446e-01,-2.738119736842105634e-01,-1.689968803827751331e-01,-2.824139559808612754e-01,-2.938485789473684329e-01,-3.013072408293460680e-01,-3.069675793726741042e-01,-3.101227575757575239e-01,-3.121648929292928920e-01,-3.130138912280702179e-01,-3.133628365231260204e-01,-3.132327200425306102e-01,-3.119939569377990773e-01,-3.112205563530037189e-01,-3.114552299840510630e-01,-3.102059070707070543e-01,-3.089645059011164041e-01,-3.074288674641148522e-01,-3.062993997873471597e-01,-3.046254103136630254e-01,-3.020929970760234395e-01,-3.000033999999999756e-01,-2.983752522594364520e-01,-2.961166401382243629e-01,-2.934333886230728328e-01,-2.911904769803295712e-01,-2.887084684210526331e-01,-2.860558771929824218e-01,-2.825070996810207236e-01,-2.794725614035087347e-01,-2.758828538011695586e-01,-2.722909514088250882e-01,-2.686974226475279393e-01,-2.647700244550770243e-01,-2.606674717703349464e-01,-2.558406030303030376e-01,-2.508432060606060610e-01,-2.449831672514620196e-01,-2.379534925039872295e-01,-2.286258240297714128e-01,-2.176005818181818152e-01,-1.663789047846889746e-01,-2.098152969696969739e-01,-2.088193930356193329e-01,-2.020075805422647530e-01,-1.985290303030303183e-01,-1.946780872408293561e-01,-1.923421750132907893e-01,-1.814116044657097249e-01,-1.700591791600212788e-01,-1.623117771398192577e-01,-1.548943531100478443e-01,-1.491137467304625153e-01,-1.437637011164274448e-01,-1.389770988304093735e-01,-1.341205773524720979e-01,-1.299089648591174873e-01,-1.252612551834130783e-01,-1.210488313662945320e-01,-1.157139599681020758e-01,-1.103154488038277370e-01,-1.039403136629452468e-01,-9.674175789473683784e-02,-8.745123317384370654e-02,-7.554517597022861186e-02,-7.891274269005847664e-02,-1.443099435140882347e+00,-1.379495155342902457e+00,-1.589959168952684410e+00,-1.745902731844763522e+00,-1.891842071982988038e+00,-1.959497741945773530e+00,-2.025092181499203114e+00,-2.079746507177033354e+00,-2.114764997341839425e+00,-2.149610278203083258e+00,-2.175159202445507756e+00,-2.197196612440191377e+00,-2.213262562573099501e+00,-2.235736063157894637e+00,-2.250324017224880180e+00,-2.259503095693780050e+00,-2.276249559808612322e+00,-2.282402456671983604e+00,-2.291517872408293410e+00,-2.295416757682083642e+00,-2.303462347687400325e+00,-2.306208355980861047e+00,-2.311921046570973193e+00,-2.309722009569378010e+00,-2.290942839978734380e+00,-2.238230853854332736e+00,-2.122067441360977913e+00,-8.161251736842105586e-01,-1.218360493088782581e+00,-1.256509875172780344e+00,-1.440181817543859433e+00,-1.570509120202020270e+00,-1.692062093886230745e+00,-1.745269460925039873e+00,-1.796179734768740266e+00,-1.838112692185007724e+00,-1.859484206273258833e+00,-1.883156503349282085e+00,-1.895905292078681192e+00,-1.906963422009569253e+00,-1.910400738596491177e+00,-1.921226315789473560e+00,-1.921210648803827858e+00,-1.918274160287081420e+00,-1.919451634502923998e+00,-1.910224265178096958e+00,-1.903214084529505801e+00,-1.885909836842105003e+00,-1.870252658373205756e+00,-1.842681902392344639e+00,-1.809494438437001529e+00,-1.759112671451355636e+00,-1.679205493886230638e+00,-1.555228677405635196e+00,-1.341569818181818086e+00,1.287153391812865567e-02,1.489838357256778253e-02,1.443189580010632855e-02,1.391330723019670521e-02,1.346938086124401836e-02,1.302030233918128645e-02,1.256424338118022378e-02,1.211138926103136858e-02,1.164611010101010251e-02,1.118497607655502372e-02,1.075311860712386929e-02,1.031977368421052588e-02,9.917373737373736883e-03,9.474562466772992395e-03,9.022087081339712558e-03,8.569613503455609030e-03,8.176755661881977139e-03,7.941629346092504010e-03,7.576795055821371715e-03,7.075072727272727242e-03,6.723957735247209494e-03,6.662126475279106855e-03,6.378304731525783963e-03,5.992576289207868050e-03,6.099264114832535916e-03,6.885242902711323845e-03,2.769464114832536142e-02,-1.988835725677830756e-03,-1.620414673046251903e-03,-5.583067517278044118e-04,7.075358851674640875e-04,1.748538011695906398e-03,2.737892078681552176e-03,3.629186602870813558e-03,4.845893141945774134e-03,5.763157894736841563e-03,5.971291866028708047e-03,-1.977671451355661469e-03,-1.598086124401913548e-03,-5.140217969165337703e-04,7.572966507177033213e-04,1.884569377990430623e-03,2.876063264221158725e-03,3.798843700159489512e-03,4.977724614566720641e-03,5.852153110047847266e-03,6.011483253588517130e-03
cmyi,-1.276400000000000035e-01,-1.170000000000000068e-01,-1.323400000000000132e-01,-1.436900000000000122e-01,-1.521000000000000130e-01,-1.591700000000000059e-01,-1.648000000000000020e-01,-1.701300000000000034e-01,-1.742400000000000060e-01,-1.784600000000000075e-01,-1.820199999999999874e-01,-1.863400000000000056e-01,-1.901400000000000035e-01,-1.948699999999999877e-01,-2.000200000000000033e-01,-2.070500000000000118e-01,-2.146000000000000130e-01,-2.262200000000000044e-01,-2.414199999999999957e-01,-2.422900000000000054e-01,-2.474800000000000055e-01,-2.484599999999999864e-01,-2.542099999999999915e-01,-2.527499999999999747e-01,-2.052400000000000058e-01,-2.644699999999999829e-01,-2.745900000000000007e-01,-2.824900000000000189e-01,-2.875599999999999823e-01,-2.911699999999999844e-01,-2.937199999999999811e-01,-2.959999999999999853e-01,-2.975200000000000067e-01,-2.987099999999999755e-01,-2.996099999999999874e-01,-3.003500000000000059e-01,-3.010499999999999843e-01,-3.011900000000000133e-01,-3.018799999999999817e-01,-3.016099999999999892e-01,-3.011499999999999733e-01,-3.004600000000000048e-01,-3.002199999999999869e-01,-2.995499999999999829e-01,-2.982899999999999996e-01,-2.974899999999999767e-01,-2.970800000000000107e-01,-2.958999999999999964e-01,-2.941400000000000126e-01,-2.928999999999999937e-01,-2.913600000000000079e-01,-2.898800000000000265e-01,-2.872399999999999953e-01,-2.853600000000000025e-01,-2.839599999999999902e-01,-2.815599999999999770e-01,-2.788399999999999768e-01,-2.756600000000000161e-01,-2.715000000000000191e-01,-2.665000000000000147e-01,-2.596700000000000119e-01,-2.517499999999999738e-01,-2.405799999999999883e-01,-1.445500000000000118e-01,-2.280500000000000027e-01,-2.183599999999999985e-01,-2.124800000000000022e-01,-2.089399999999999868e-01,-2.089699999999999891e-01,-2.124500000000000000e-01,-2.182399999999999896e-01,-2.278000000000000025e-01,-1.442299999999999971e-01,-2.401600000000000124e-01,-2.513199999999999878e-01,-2.592400000000000260e-01,-2.659900000000000042e-01,-2.709599999999999786e-01,-2.750199999999999867e-01,-2.781199999999999783e-01,-2.807999999999999940e-01,-2.831199999999999828e-01,-2.844700000000000006e-01,-2.862700000000000244e-01,-2.889999999999999791e-01,-2.904300000000000215e-01,-2.918799999999999728e-01,-2.930699999999999972e-01,-2.946699999999999875e-01,-2.957699999999999774e-01,-2.960699999999999998e-01,-2.968100000000000183e-01,-2.979899999999999771e-01,-2.985800000000000121e-01,-2.987600000000000255e-01,-2.993700000000000250e-01,-2.997400000000000064e-01,-2.999499999999999944e-01,-2.992299999999999960e-01,-2.990300000000000180e-01,-2.982299999999999951e-01,-2.974100000000000077e-01,-2.965499999999999803e-01,-2.953000000000000069e-01,-2.938200000000000256e-01,-2.914999999999999813e-01,-2.889200000000000101e-01,-2.852899999999999880e-01,-2.802299999999999791e-01,-2.723499999999999810e-01,-2.622399999999999731e-01,-2.034999999999999865e-01,-2.545899999999999830e-01,-2.536700000000000066e-01,-2.459099999999999897e-01,-2.420700000000000074e-01,-2.377900000000000014e-01,-2.352799999999999891e-01,-2.235399999999999887e-01,-2.120299999999999963e-01,-2.047100000000000031e-01,-1.976600000000000024e-01,-1.925099999999999867e-01,-1.877900000000000125e-01,-1.837000000000000022e-01,-1.794300000000000062e-01,-1.758899999999999908e-01,-1.717100000000000015e-01,-1.680099999999999927e-01,-1.627200000000000035e-01,-1.572099999999999886e-01,-1.502199999999999924e-01,-1.419199999999999906e-01,-1.304500000000000104e-01,-1.149600000000000066e-01,-1.210500000000000048e-01,-2.651569999999999983e+00,-2.477650000000000130e+00,-2.789979999999999905e+00,-2.995379999999999932e+00,-3.175120000000000164e+00,-3.219180000000000152e+00,-3.258039999999999825e+00,-3.278140000000000054e+00,-3.267209999999999948e+00,-3.256400000000000183e+00,-3.232250000000000068e+00,-3.203870000000000218e+00,-3.168000000000000149e+00,-3.142399999999999860e+00,-3.106840000000000046e+00,-3.065199999999999925e+00,-3.035039999999999960e+00,-2.992049999999999876e+00,-2.954299999999999926e+00,-2.911160000000000192e+00,-2.874559999999999782e+00,-2.832640000000000047e+00,-2.795599999999999863e+00,-2.750269999999999992e+00,-2.686890000000000001e+00,-2.586240000000000094e+00,-2.416360000000000063e+00,-9.140000000000000346e-01,-2.240499999999999936e+00,-2.257699999999999818e+00,-2.528099999999999792e+00,-2.695390000000000175e+00,-2.840730000000000199e+00,-2.868129999999999846e+00,-2.890649999999999942e+00,-2.898140000000000160e+00,-2.873689999999999856e+00,-2.853619999999999823e+00,-2.818160000000000220e+00,-2.781530000000000058e+00,-2.735370000000000079e+00,-2.701229999999999798e+00,-2.653369999999999784e+00,-2.603200000000000180e+00,-2.560239999999999849e+00,-2.505100000000000104e+00,-2.454649999999999999e+00,-2.392809999999999881e+00,-2.334989999999999899e+00,-2.264429999999999943e+00,-2.189249999999999918e+00,-2.095950000000000202e+00,-1.970890000000000031e+00,-1.798710000000000031e+00,-1.529549999999999965e+00,-5.409999999999999878e-03,-5.299999999999999807e-04,-4.400000000000000157e-04,-4.499999999999999877e-04,-3.499999999999999964e-04,-2.599999999999999772e-04,-2.100000000000000087e-04,-1.600000000000000131e-04,-1.499999999999999869e-04,-1.200000000000000030e-04,-8.000000000000000654e-05,-4.000000000000000327e-05,4.000000000000000327e-05,5.000000000000000240e-05,4.000000000000000327e-05,3.000000000000000076e-05,9.000000000000000567e-05,3.299999999999999982e-04,4.099999999999999912e-04,3.200000000000000262e-04,3.899999999999999929e-04,7.900000000000000121e-04,9.100000000000000016e-04,9.399999999999999719e-04,1.459999999999999926e-03,2.650000000000000012e-03,2.374000000000000069e-02,5.159999999999999656e-03,7.139999999999999646e-03,9.870000000000000301e-03,1.026000000000000002e-02,9.140000000000000555e-03,7.590000000000000392e-03,5.279999999999999971e-03,5.080000000000000314e-03,6.289999999999999584e-03,6.089999999999999927e-03,5.239999999999999866e-03,7.280000000000000013e-03,1.014999999999999930e-02,1.058000000000000086e-02,1.004000000000000031e-02,8.519999999999999796e-03,6.429999999999999952e-03,5.989999999999999665e-03,6.899999999999999883e-03,6.360000000000000202e-03
cmyi*c/cref,-8.864228176501862122e-02,-8.225952153110048515e-02,-9.418372557150452018e-02,-1.034980507177033493e-01,-1.108648086124402049e-01,-1.173880865497076015e-01,-1.229586730462519928e-01,-1.283997610845295234e-01,-1.330013473684210634e-01,-1.377595452418926281e-01,-1.420743030303030230e-01,-1.470500970760234283e-01,-1.516854232854864537e-01,-1.571371178096757082e-01,-1.630115148325358976e-01,-1.705229016480595550e-01,-1.785891844763423941e-01,-1.902064013822434840e-01,-2.041648254120148609e-01,-2.051787975013290855e-01,-2.098580404040404357e-01,-2.109743735247208707e-01,-2.161487760233918032e-01,-2.151962679425837022e-01,-1.749275468367889330e-01,-2.269633454545454398e-01,-2.382480645933014174e-01,-2.477772203083466740e-01,-2.549484640085061260e-01,-2.609059666666666555e-01,-2.659735317384370190e-01,-2.708423604465709511e-01,-2.750502013822434533e-01,-2.789802124401913885e-01,-2.826591779904306101e-01,-2.862027325890483809e-01,-2.897218133971291576e-01,-2.927115255183412867e-01,-2.962420178628388800e-01,-2.988344183413078059e-01,-3.012332525252525151e-01,-3.033895249335459843e-01,-3.059929704412546192e-01,-3.081479290271131877e-01,-3.096792545454545298e-01,-3.116686169590643374e-01,-3.140550975013290946e-01,-3.156109356725146364e-01,-3.165218491228070641e-01,-3.179638936735778576e-01,-3.190539151515151550e-01,-3.201810130781499453e-01,-3.199878032961190888e-01,-3.205999119617225501e-01,-3.217186790005316377e-01,-3.216684540138224357e-01,-3.212041122807017257e-01,-3.201554222222222079e-01,-3.178974880382774981e-01,-3.145691759702285983e-01,-3.086773631047315392e-01,-3.010841666666666527e-01,-2.894646793195109202e-01,-1.757193141945773696e-01,-2.803269162679425941e-01,-2.700141550239233967e-01,-2.642975574694311214e-01,-2.614238174375331791e-01,-2.614613531632110077e-01,-2.642602413609781986e-01,-2.698657684210525876e-01,-2.800196076555024338e-01,-1.753303125996810152e-01,-2.889593373737374127e-01,-3.005699017543859708e-01,-3.081662094630516213e-01,-3.139671861775651385e-01,-3.172652057416266991e-01,-3.194121171717170804e-01,-3.203747228070175646e-01,-3.208001913875598299e-01,-3.207669826687932213e-01,-3.196000033492823467e-01,-3.189072150451887633e-01,-3.192090271132376200e-01,-3.180355181818181887e-01,-3.168566107389685915e-01,-3.153704301435406587e-01,-3.142990010632642495e-01,-3.126702443381180196e-01,-3.101809385964912624e-01,-3.081427454545454525e-01,-3.065431526315788857e-01,-3.043214346624136257e-01,-3.016729497076023336e-01,-2.994527604465709869e-01,-2.969816271132376673e-01,-2.943480629984050467e-01,-2.908066993620414542e-01,-2.877778238171185832e-01,-2.841825901116427078e-01,-2.805836458266879330e-01,-2.769628803827751118e-01,-2.729978639021796716e-01,-2.688476430622009916e-01,-2.639632456140350580e-01,-2.588898303030303105e-01,-2.529358996278575078e-01,-2.457949323763955474e-01,-2.363045281765018268e-01,-2.250495999999999608e-01,-1.734445321637426707e-01,-2.167628797448165612e-01,-2.156896267410951529e-01,-2.088090968102073175e-01,-2.052704696969697151e-01,-2.013680558745348237e-01,-1.989723308878255936e-01,-1.879530499734183846e-01,-1.764504416799574649e-01,-1.685957169590643345e-01,-1.610881712918660336e-01,-1.552340870813397056e-01,-1.498106954811270763e-01,-1.449667426900584921e-01,-1.400526985645933198e-01,-1.357756719298245651e-01,-1.310701409356725133e-01,-1.267997640616693178e-01,-1.214067674641148287e-01,-1.159425839447102563e-01,-1.094944875066453938e-01,-1.022231425837320379e-01,-9.283865045188730014e-02,-8.082525295055821568e-02,-8.406571770334929361e-02,-1.450187473418394379e+00,-1.386957120680489153e+00,-1.597689982349813631e+00,-1.753865853588516766e+00,-1.899974252844232048e+00,-1.967755864114832720e+00,-2.033443051355662057e+00,-2.088180408293460744e+00,-2.123252261562998289e+00,-2.158139715045188645e+00,-2.183719097554492006e+00,-2.205781885911749285e+00,-2.221861052631578737e+00,-2.244335157894736366e+00,-2.258925389473684042e+00,-2.268101339712918829e+00,-2.284831681020733640e+00,-2.290978167464114978e+00,-2.300081965975544929e+00,-2.303964145241892414e+00,-2.311995923870281633e+00,-2.314723174481658763e+00,-2.320437173843699963e+00,-2.318210039872408146e+00,-2.299355041467304517e+00,-2.246508983732057541e+00,-2.130045105369484215e+00,-8.216719085592770755e-01,-1.225366493886230757e+00,-1.263831893673577733e+00,-1.447723655502392015e+00,-1.578214611536416845e+00,-1.699877125677831335e+00,-1.753173052312599678e+00,-1.804143643540670139e+00,-1.846119802232854878e+00,-1.867516563530036811e+00,-1.891202141520467617e+00,-1.903958484635831949e+00,-1.915011685592769908e+00,-1.918438152631579019e+00,-1.929246899999999654e+00,-1.929215814354066749e+00,-1.926243444976076802e+00,-1.927393860712387053e+00,-1.918126170122275820e+00,-1.911077479532163892e+00,-1.893729113609781800e+00,-1.878022153748006184e+00,-1.850404074641148089e+00,-1.817147332535885118e+00,-1.766681937799043256e+00,-1.686625004253056836e+00,-1.562429694896331878e+00,-1.348313368421052649e+00,-2.838768793195109181e-03,-2.878652312599680940e-04,-2.470830409356725415e-04,-2.609832535885167268e-04,-2.094306220095693721e-04,-1.603637426900584423e-04,-1.333918660287081485e-04,-1.045775651249335691e-04,-1.008030303030302982e-04,-8.285167464114833553e-05,-5.670728335991494326e-05,-2.909027113237639504e-05,2.982668793195109155e-05,3.820388091440722915e-05,3.129952153110047779e-05,2.402695374800637988e-05,7.373827751196173849e-05,2.764491228070175481e-04,3.510153641679957665e-04,2.798545454545454708e-04,3.482527910685805539e-04,7.199835725677831109e-04,8.461016480595428060e-04,8.913009037745878637e-04,1.411240191387559684e-03,2.610285220627326253e-03,2.382140510366826530e-02,8.229665071770332890e-04,1.138755980861243765e-03,1.561044657097288620e-03,1.595454545454545302e-03,1.396996278575225996e-03,1.139912280701754462e-03,7.789473684210526661e-04,7.359383306751728993e-04,9.028708133971291181e-04,8.741626794258372567e-04,8.357256778309408432e-04,1.161084529505581903e-03,1.605329611908559153e-03,1.645215311004784645e-03,1.534556087187666012e-03,1.279585326953747897e-03,9.486044657097288373e-04,8.677698032961190817e-04,9.904306220095693281e-04,9.129186602870813889e-04
cmyo,7.429999999999999973e-03,7.550000000000000287e-03,7.609999999999999577e-03,7.649999999999999682e-03,7.669999999999999735e-03,7.680000000000000195e-03,7.680000000000000195e-03,7.680000000000000195e-03,7.680000000000000195e-03,7.669999999999999735e-03,7.660000000000000142e-03,7.660000000000000142e-03,7.649999999999999682e-03,7.660000000000000142e-03,7.680000000000000195e-03,7.709999999999999840e-03,7.760000000000000404e-03,7.860000000000000667e-03,7.919999999999999957e-03,7.979999999999999247e-03,8.040000000000000271e-03,8.099999999999999561e-03,8.170000000000000179e-03,8.250000000000000389e-03,8.389999999999999888e-03,8.779999999999999610e-03,8.949999999999999623e-03,9.039999999999999425e-03,9.079999999999999530e-03,9.090000000000000857e-03,9.079999999999999530e-03,9.050000000000000752e-03,8.999999999999999320e-03,8.949999999999999623e-03,8.880000000000000740e-03,8.810000000000000123e-03,8.720000000000000320e-03,8.630000000000000518e-03,8.529999999999999388e-03,8.439999999999999586e-03,8.340000000000000191e-03,8.229999999999999469e-03,8.120000000000000481e-03,8.009999999999999759e-03,7.900000000000000772e-03,7.779999999999999589e-03,7.669999999999999735e-03,7.550000000000000287e-03,7.429999999999999973e-03,7.309999999999999658e-03,7.190000000000000210e-03,7.060000000000000303e-03,6.939999999999999988e-03,6.810000000000000081e-03,6.680000000000000174e-03,6.539999999999999807e-03,6.409999999999999899e-03,6.259999999999999939e-03,6.109999999999999980e-03,5.950000000000000427e-03,5.790000000000000008e-03,5.629999999999999588e-03,5.459999999999999576e-03,5.219999999999999814e-03,5.060000000000000261e-03,4.919999999999999894e-03,4.819999999999999632e-03,4.740000000000000289e-03,4.740000000000000289e-03,4.819999999999999632e-03,4.919999999999999894e-03,5.049999999999999802e-03,5.210000000000000221e-03,5.440000000000000391e-03,5.619999999999999996e-03,5.780000000000000415e-03,5.930000000000000375e-03,6.089999999999999927e-03,6.239999999999999887e-03,6.380000000000000254e-03,6.510000000000000162e-03,6.649999999999999661e-03,6.769999999999999976e-03,6.899999999999999883e-03,7.020000000000000198e-03,7.150000000000000105e-03,7.270000000000000420e-03,7.380000000000000275e-03,7.499999999999999722e-03,7.609999999999999577e-03,7.720000000000000299e-03,7.830000000000000154e-03,7.939999999999999142e-03,8.049999999999999864e-03,8.160000000000000586e-03,8.259999999999999981e-03,8.359999999999999376e-03,8.449999999999999178e-03,8.540000000000000716e-03,8.630000000000000518e-03,8.710000000000000728e-03,8.789999999999999203e-03,8.850000000000000228e-03,8.899999999999999925e-03,8.949999999999999623e-03,8.970000000000000542e-03,8.980000000000000135e-03,8.970000000000000542e-03,8.930000000000000437e-03,8.850000000000000228e-03,8.680000000000000215e-03,8.290000000000000493e-03,8.160000000000000586e-03,8.080000000000000376e-03,8.009999999999999759e-03,7.950000000000000469e-03,7.900000000000000772e-03,7.839999999999999747e-03,7.779999999999999589e-03,7.680000000000000195e-03,7.629999999999999630e-03,7.599999999999999985e-03,7.579999999999999932e-03,7.579999999999999932e-03,7.590000000000000392e-03,7.590000000000000392e-03,7.599999999999999985e-03,7.609999999999999577e-03,7.620000000000000037e-03,7.629999999999999630e-03,7.629999999999999630e-03,7.620000000000000037e-03,7.609999999999999577e-03,7.570000000000000340e-03,7.510000000000000182e-03,7.420000000000000380e-03,1.295999999999999930e-02,1.332999999999999984e-02,1.350999999999999944e-02,1.358999999999999965e-02,1.358000000000000006e-02,1.350999999999999944e-02,1.337999999999999953e-02,1.323000000000000044e-02,1.306000000000000043e-02,1.288000000000000082e-02,1.267000000000000071e-02,1.246000000000000059e-02,1.225000000000000047e-02,1.204000000000000035e-02,1.183000000000000024e-02,1.162000000000000012e-02,1.141000000000000000e-02,1.119999999999999989e-02,1.099999999999999936e-02,1.080000000000000057e-02,1.060999999999999964e-02,1.043000000000000003e-02,1.026000000000000002e-02,1.007000000000000083e-02,9.839999999999999789e-03,9.530000000000000276e-03,9.050000000000000752e-03,6.170000000000000137e-03,1.281000000000000021e-02,1.307999999999999961e-02,1.316999999999999942e-02,1.315000000000000023e-02,1.306000000000000043e-02,1.293000000000000052e-02,1.276000000000000051e-02,1.256999999999999958e-02,1.235999999999999946e-02,1.214999999999999934e-02,1.192000000000000004e-02,1.169000000000000074e-02,1.145999999999999970e-02,1.123000000000000040e-02,1.099999999999999936e-02,1.077999999999999965e-02,1.055000000000000035e-02,1.031999999999999931e-02,1.009999999999999960e-02,9.879999999999999893e-03,9.660000000000000184e-03,9.440000000000000474e-03,9.220000000000000764e-03,8.970000000000000542e-03,8.670000000000000623e-03,8.290000000000000493e-03,7.649999999999999682e-03,2.994000000000000133e-02,2.796999999999999834e-02,2.614000000000000004e-02,2.443999999999999992e-02,2.284999999999999878e-02,2.137999999999999970e-02,1.999000000000000082e-02,1.868999999999999828e-02,1.746999999999999942e-02,1.633000000000000076e-02,1.524999999999999967e-02,1.422999999999999959e-02,1.325999999999999922e-02,1.234999999999999987e-02,1.149000000000000021e-02,1.067000000000000066e-02,9.889999999999999486e-03,9.150000000000000147e-03,8.449999999999999178e-03,7.779999999999999589e-03,7.139999999999999646e-03,6.530000000000000214e-03,5.939999999999999968e-03,5.389999999999999826e-03,4.850000000000000144e-03,4.340000000000000108e-03,3.860000000000000150e-03,-1.762999999999999984e-02,-1.729999999999999941e-02,-1.341000000000000004e-02,-5.709999999999999798e-03,2.299999999999999961e-03,1.063000000000000056e-02,1.932000000000000037e-02,2.836999999999999938e-02,3.386000000000000121e-02,3.550999999999999990e-02,-1.762999999999999984e-02,-1.729999999999999941e-02,-1.341000000000000004e-02,-5.709999999999999798e-03,2.299999999999999961e-03,1.063000000000000056e-02,1.932000000000000037e-02,2.836999999999999938e-02,3.386000000000000121e-02,3.550999999999999990e-02
cmyo*c/cref,5.159919723551302864e-03,5.308199893673578272e-03,5.415884476342370211e-03,5.510196172248803086e-03,5.590618553960658918e-03,5.664010207336523522e-03,5.730112918660286610e-03,5.796215629984051432e-03,5.862318341307815386e-03,5.920742530568846342e-03,5.978953748006379451e-03,6.044884316852738859e-03,6.102837320574162547e-03,6.176786177565125012e-03,6.259016267942583978e-03,6.349826475279107124e-03,6.457838171185540169e-03,6.608709728867624179e-03,6.697810526315788916e-03,6.757715151515150329e-03,6.817757575757576842e-03,6.877937799043061518e-03,6.946758585858585529e-03,7.024210526315789911e-03,7.150858107389686073e-03,7.534836363636362826e-03,7.765469165337586174e-03,7.929151727804359048e-03,8.050257522594365250e-03,8.145190909090908524e-03,8.222251355661881755e-03,8.280822169059011764e-03,8.320287081339711871e-03,8.358852737905368702e-03,8.377602551834131828e-03,8.395026049973417642e-03,8.391875810738969044e-03,8.387066188197766711e-03,8.370691706539073323e-03,8.362330462519936697e-03,8.342305582137160905e-03,8.310243593833066197e-03,8.276140563530038144e-03,8.239909569377989323e-03,8.201636363636364072e-03,8.150801169590644532e-03,8.108262413609781602e-03,8.052931951089846788e-03,7.995367304625199817e-03,7.935527698032960806e-03,7.873413131313131488e-03,7.797978309409888883e-03,7.731219032429558283e-03,7.650986124401915230e-03,7.568251780967571660e-03,7.471628389154705112e-03,7.383870175438596653e-03,7.270452525252523931e-03,7.154157097288674910e-03,7.023214247740564020e-03,6.882743221690590558e-03,6.733282456140351341e-03,6.569445295055821067e-03,6.345588516746411382e-03,6.219926315789475052e-03,6.083850717703348163e-03,5.995454758107388385e-03,5.930644657097288580e-03,5.930644657097288580e-03,5.995454758107388385e-03,6.083850717703348163e-03,6.207633971291866108e-03,6.333432216905902044e-03,6.545381392876130355e-03,6.721322807017544865e-03,6.870855927698033341e-03,6.999606804891016047e-03,7.130739234449759607e-03,7.247224242424241299e-03,7.349312280701755448e-03,7.437354864433812912e-03,7.534262626262626730e-03,7.606046411483254575e-03,7.686658692185007954e-03,7.753797129186603028e-03,7.829611111111111840e-03,7.892104837852206498e-03,7.941562679425837740e-03,7.999601275917065518e-03,8.044834024455077559e-03,8.087941520467836765e-03,8.128963636363636600e-03,8.167900372142475329e-03,8.204794524189261071e-03,8.239561084529506071e-03,8.262283466241360230e-03,8.283066666666666703e-03,8.292185805422645772e-03,8.299599681020734115e-03,8.305262413609782596e-03,8.299736310473152662e-03,8.292694417862837841e-03,8.265457735247208962e-03,8.227839447102603884e-03,8.189321371610845668e-03,8.122642583732058580e-03,8.046624242424242623e-03,7.952732376395535083e-03,7.832668686868687891e-03,7.678704146730462587e-03,7.449018181818181997e-03,7.065627379053695221e-03,6.947582775119617686e-03,6.870233705475810478e-03,6.801516267942583557e-03,6.741439393939395106e-03,6.689968633705476245e-03,6.630155874534821719e-03,6.541445507708664939e-03,6.391262519936204319e-03,6.283939819245082901e-03,6.193818181818181411e-03,6.112276661350345835e-03,6.046994364699628116e-03,5.989643859649123811e-03,5.924315789473684653e-03,5.866707070707070926e-03,5.808885752259435910e-03,5.750932695374800542e-03,5.692807496012758893e-03,5.627135140882508907e-03,5.554173843700160006e-03,5.481384688995214784e-03,5.387417278043593605e-03,5.280076980329612493e-03,5.152975013290803097e-03,7.088038277511960958e-03,7.461965337586389489e-03,7.736539925571502864e-03,7.957266507177034043e-03,8.126196916533759071e-03,8.258122169059011267e-03,8.350869856459330887e-03,8.427531100478467818e-03,8.487264221158957039e-03,8.536064221158958659e-03,8.559895108984583167e-03,8.578388729399255563e-03,8.591476608187135003e-03,8.599094736842104528e-03,8.601372248803827725e-03,8.598244019138756231e-03,8.589649388623072507e-03,8.575710792131846505e-03,8.564093567251462868e-03,8.547387559808612700e-03,8.533576182881445413e-03,8.522990111642743047e-03,8.516127272727273129e-03,8.488030303030302814e-03,8.420759170653907555e-03,8.278129877724615601e-03,7.977664008506114846e-03,5.546734875066454407e-03,7.006000797448165736e-03,7.322018500797447364e-03,7.541837958532694210e-03,7.699636097820308431e-03,7.815031791600214259e-03,7.903591387559808640e-03,7.963908771929826061e-03,8.007110047846889220e-03,8.032357256778307336e-03,8.052265550239233807e-03,8.053192557150451458e-03,8.048263583200425397e-03,8.037414035087718858e-03,8.020584210526315871e-03,7.997894736842104876e-03,7.976684210526316376e-03,7.942226209463052952e-03,7.901904944178628903e-03,7.863395002658160604e-03,7.819276767676765910e-03,7.769495374800637968e-03,7.714000637958532726e-03,7.652894098883573568e-03,7.560837320574162641e-03,7.419510366826156077e-03,7.201017490696438872e-03,6.743550239234449156e-03,1.571030271132376616e-02,1.519168022328548466e-02,1.467897884104200044e-02,1.417429048378522106e-02,1.367282775119617148e-02,1.318683391812865320e-02,1.269763524720893266e-02,1.221596682615629960e-02,1.174019292929292906e-02,1.127473205741626877e-02,1.080982589048378427e-02,1.034886395534290182e-02,9.887547049441785738e-03,9.436358585858586195e-03,8.990787559808612744e-03,8.545586549707603202e-03,8.103017384370015536e-03,7.665180223285487059e-03,7.234341041998936482e-03,6.803963636363635943e-03,6.375704944178628777e-03,5.951256618819776925e-03,5.522905263157894609e-03,5.110757309941519992e-03,4.688023923444976232e-03,4.274957682083998026e-03,3.873236044657097851e-03,-2.811802232854864261e-03,-2.759170653907495451e-03,-2.120933014354067173e-03,-8.879186602870812149e-04,3.515417331206804560e-04,1.596477937267411044e-03,2.850239234449760892e-03,4.109954811270600909e-03,4.860287081339713204e-03,5.097129186602870898e-03,-2.811802232854864261e-03,-2.759170653907495451e-03,-2.120933014354067173e-03,-8.879186602870812149e-04,3.515417331206804560e-04,1.596477937267411044e-03,2.850239234449760892e-03,4.109954811270600909e-03,4.860287081339713204e-03,5.097129186602870898e-03
cmz,-3.296999999999999931e-02,-8.290000000000000147e-02,-7.208000000000000518e-02,-6.882000000000000617e-02,-6.353000000000000314e-02,-5.806000000000000050e-02,-5.337999999999999690e-02,-4.775999999999999690e-02,-4.542999999999999816e-02,-4.120000000000000051e-02,-3.821000000000000091e-02,-3.330000000000000321e-02,-3.056999999999999995e-02,-2.801000000000000018e-02,-2.586000000000000104e-02,-2.225999999999999854e-02,-2.636000000000000149e-02,-2.696000000000000132e-02,-1.418999999999999949e-02,-4.184999999999999831e-02,-4.025000000000000105e-02,-5.614000000000000240e-02,-6.121999999999999664e-02,-2.301799999999999957e-01,-1.654599999999999960e-01,-2.278199999999999947e-01,-2.325599999999999890e-01,-2.281299999999999994e-01,-2.232899999999999885e-01,-2.182399999999999896e-01,-2.121099999999999930e-01,-2.049199999999999910e-01,-1.982599999999999918e-01,-1.916700000000000070e-01,-1.847100000000000131e-01,-1.776899999999999868e-01,-1.683000000000000052e-01,-1.624700000000000033e-01,-1.537999999999999923e-01,-1.480599999999999972e-01,-1.419300000000000006e-01,-1.366900000000000059e-01,-1.299200000000000077e-01,-1.244999999999999996e-01,-1.200299999999999978e-01,-1.145300000000000068e-01,-1.082499999999999990e-01,-1.035699999999999954e-01,-9.982000000000000595e-02,-9.454999999999999516e-02,-8.971999999999999420e-02,-8.426999999999999769e-02,-8.029999999999999638e-02,-7.474000000000000088e-02,-6.814000000000000612e-02,-6.278000000000000247e-02,-5.714000000000000329e-02,-5.124999999999999695e-02,-4.553999999999999715e-02,-3.912999999999999812e-02,-3.336999999999999689e-02,-2.910000000000000087e-02,-3.137000000000000205e-02,4.556000000000000327e-02,-2.870000000000000155e-03,-7.579999999999999932e-03,-7.660000000000000142e-03,-7.329999999999999710e-03,7.389999999999999868e-03,7.729999999999999892e-03,7.649999999999999682e-03,3.069999999999999812e-03,-4.533999999999999836e-02,3.137999999999999817e-02,2.914999999999999883e-02,3.343000000000000138e-02,3.928000000000000241e-02,4.569000000000000145e-02,5.145000000000000268e-02,5.741000000000000270e-02,6.300000000000000044e-02,6.840999999999999859e-02,7.499000000000000110e-02,8.068000000000000171e-02,8.448999999999999566e-02,8.995999999999999830e-02,9.489000000000000212e-02,1.001699999999999952e-01,1.041799999999999948e-01,1.089600000000000013e-01,1.154300000000000048e-01,1.210100000000000064e-01,1.257900000000000129e-01,1.313600000000000045e-01,1.383399999999999908e-01,1.437700000000000089e-01,1.501800000000000079e-01,1.561400000000000010e-01,1.648999999999999910e-01,1.709600000000000009e-01,1.804600000000000093e-01,1.876899999999999957e-01,1.948100000000000109e-01,2.016100000000000114e-01,2.081300000000000094e-01,2.155100000000000071e-01,2.218299999999999994e-01,2.270500000000000018e-01,2.321300000000000030e-01,2.364900000000000058e-01,2.316100000000000103e-01,1.680800000000000072e-01,2.181599999999999928e-01,6.074999999999999845e-02,6.346999999999999864e-02,6.001000000000000084e-02,5.528999999999999887e-02,2.248999999999999957e-02,3.307999999999999829e-02,3.293000000000000094e-02,2.755000000000000157e-02,3.116999999999999979e-02,3.332999999999999852e-02,3.595000000000000279e-02,4.059000000000000108e-02,4.531000000000000305e-02,4.825999999999999734e-02,5.244000000000000050e-02,5.254999999999999949e-02,5.797000000000000069e-02,6.199999999999999956e-02,6.700000000000000400e-02,7.156999999999999473e-02,7.452999999999999903e-02,7.825000000000000011e-02,3.447999999999999676e-02,1.399780000000000024e+00,-1.383800000000000030e-01,-1.890999999999999903e-01,-2.274599999999999955e-01,-2.791299999999999892e-01,-1.960800000000000043e-01,-1.900499999999999967e-01,-1.850300000000000000e-01,-2.018999999999999961e-01,-1.891599999999999948e-01,-1.803700000000000025e-01,-1.724299999999999999e-01,-1.634099999999999997e-01,-1.461399999999999921e-01,-9.604000000000000037e-02,-9.003999999999999504e-02,-6.905999999999999639e-02,-5.927999999999999936e-02,-4.916999999999999843e-02,-4.250999999999999918e-02,-3.232000000000000151e-02,-2.188000000000000014e-02,-1.399000000000000070e-02,-4.179999999999999688e-03,4.590000000000000330e-03,1.027999999999999921e-02,-1.645399999999999918e-01,8.951000000000000623e-02,-1.241020000000000012e+00,1.554999999999999993e-01,1.940900000000000125e-01,2.212300000000000100e-01,2.656100000000000128e-01,1.846399999999999986e-01,1.787999999999999867e-01,1.727299999999999947e-01,1.883799999999999919e-01,1.747700000000000087e-01,1.657200000000000062e-01,1.566500000000000115e-01,1.472700000000000120e-01,1.316900000000000015e-01,8.523999999999999633e-02,8.011000000000000065e-02,6.026000000000000106e-02,5.106999999999999734e-02,4.159000000000000197e-02,3.658000000000000140e-02,2.812999999999999876e-02,1.907000000000000015e-02,1.362000000000000016e-02,6.450000000000000004e-03,2.830000000000000050e-03,1.565000000000000072e-02,1.421499999999999986e-01,-1.101599999999999940e-01,-1.012200000000000044e-01,-1.077199999999999963e-01,-1.109900000000000053e-01,-1.124300000000000022e-01,-1.099900000000000044e-01,-1.056700000000000000e-01,-1.009099999999999997e-01,-9.674000000000000654e-02,-9.021999999999999464e-02,-8.309999999999999332e-02,-7.441000000000000392e-02,-6.642000000000000681e-02,-5.815000000000000030e-02,-4.970000000000000112e-02,-3.883999999999999952e-02,-2.803999999999999895e-02,-1.523000000000000048e-02,-2.150000000000000001e-03,1.486999999999999954e-02,3.239999999999999825e-02,5.009999999999999870e-02,7.247000000000000663e-02,1.022600000000000037e-01,1.369799999999999907e-01,1.801800000000000068e-01,2.522800000000000042e-01,-2.356000000000000108e-02,-2.242999999999999855e-02,-3.157000000000000084e-02,-5.063999999999999752e-02,-6.948999999999999622e-02,-9.006999999999999729e-02,-1.064900000000000013e-01,-1.271899999999999975e-01,-1.435700000000000032e-01,-1.511000000000000121e-01,2.360999999999999904e-02,2.233999999999999875e-02,3.144000000000000267e-02,5.052999999999999853e-02,6.915000000000000313e-02,9.005000000000000504e-02,1.075900000000000051e-01,1.283299999999999996e-01,1.440099999999999991e-01,1.513200000000000101e-01
cmz*c/cref,-2.289670972886762371e-02,-5.828473790536948390e-02,-5.129789133439659893e-02,-4.957015693779904392e-02,-4.630664885699096317e-02,-4.281932716640084874e-02,-3.982726921850079232e-02,-3.604521594896331615e-02,-3.467775029239766188e-02,-3.180372780435938851e-02,-2.982451993620414965e-02,-2.627867464114833074e-02,-2.438741658692185343e-02,-2.258639436469962736e-02,-2.107528133971291878e-02,-1.833296204146730307e-02,-2.193667708665603469e-02,-2.266804253056884863e-02,-1.200024385964912170e-02,-3.543989712918659690e-02,-3.413118686868687329e-02,-4.767005284423179307e-02,-5.205392418926102494e-02,-1.959797307814991896e-01,-1.410227631047315244e-01,-1.955109818181818004e-01,-2.017807272727272505e-01,-2.000970557150452134e-01,-1.979671808612440131e-01,-1.955562666666666449e-01,-1.920728783094098890e-01,-1.875034341307814933e-01,-1.832866796384901298e-01,-1.790102015948963343e-01,-1.742597936204146880e-01,-1.693203381180223011e-01,-1.619670526315789560e-01,-1.578964824561403524e-01,-1.509275948963317293e-01,-1.466974701754386046e-01,-1.419692363636363697e-01,-1.380227456671982988e-01,-1.324182490164806103e-01,-1.280735007974481698e-01,-1.246129636363636217e-01,-1.199885935672514864e-01,-1.144353854332801762e-01,-1.104691605528973913e-01,-1.074155537480063899e-01,-1.026407857522594336e-01,-9.824793131313130923e-02,-9.307870143540669661e-02,-8.945488304093567045e-02,-8.396985358851676018e-02,-7.720070005316322093e-02,-7.172306273258906295e-02,-6.582127017543860925e-02,-5.952247474747473371e-02,-5.332247368421051681e-02,-4.618796193514088100e-02,-3.966790005316320894e-02,-3.480257894736842744e-02,-3.774423056884636252e-02,5.538410207336523505e-02,-3.527902870813397814e-03,-9.373087081339711440e-03,-9.528046358320042125e-03,-9.171228973950024815e-03,9.246300425305687201e-03,9.615117278043592772e-03,9.459645933014352442e-03,3.773749760765550236e-03,-5.511666347687400186e-02,3.775626251993620397e-02,3.486237719298245635e-02,3.973922381711855745e-02,4.636501775651249296e-02,5.349810765550238462e-02,5.975475757575757219e-02,6.613229122807018356e-02,7.197440191387560748e-02,7.750660244550772182e-02,8.425072679425837929e-02,8.987820627325890377e-02,9.332169792663476404e-02,9.851074343434343406e-02,1.030098800637958556e-01,1.077921861244019175e-01,1.111197947900053190e-01,1.151859547049441934e-01,1.209314883040935873e-01,1.256303818181818133e-01,1.294005274322169163e-01,1.338859389686337109e-01,1.396888333864965415e-01,1.438097450292397661e-01,1.487979607655502412e-01,1.532238925039872413e-01,1.602580781499202411e-01,1.645269597022860075e-01,1.719598639021796826e-01,1.770711962785752325e-01,1.819428046783625741e-01,1.863836753854332673e-01,1.904406097288676436e-01,1.951516948963317455e-01,1.987731242424242151e-01,2.013007676767676890e-01,2.036055299308878463e-01,2.051905925039872458e-01,1.987634909090909008e-01,1.432558081871345146e-01,1.857456688995215155e-01,5.165429425837320121e-02,5.389416198830408733e-02,5.088726767676768348e-02,4.682131212121212055e-02,1.901941398192450589e-02,2.781375544922913209e-02,2.740420244550770962e-02,2.268971717171717334e-02,2.540280430622009547e-02,2.687627719298245690e-02,2.867934662413610183e-02,3.203157368421052920e-02,3.536637001594896551e-02,3.725358989898990003e-02,4.002864242424242214e-02,3.966030356193514517e-02,4.325190701754385442e-02,4.572508240297713800e-02,4.883591174906964927e-02,5.155094641148324358e-02,5.304150723019670360e-02,5.501544922913344238e-02,2.394536097820308337e-02,7.655628256246677088e-01,-7.746337309941520033e-02,-1.082886528442317670e-01,-1.331832111642743122e-01,-1.670298486975013430e-01,-1.198558545454545543e-01,-1.186160550239234585e-01,-1.178644051036682461e-01,-1.312081658692184905e-01,-1.253635021796916382e-01,-1.218585856990962168e-01,-1.187136090377458875e-01,-1.146067912280701734e-01,-1.043747263157894650e-01,-6.982889186602871112e-02,-6.662529186602871023e-02,-5.198958692185007974e-02,-4.539001212121212409e-02,-3.828149824561404013e-02,-3.364346714513555964e-02,-2.599483338649654501e-02,-1.787948452950558278e-02,-1.161214625199362069e-02,-3.523333333333333178e-03,3.927976076555024162e-03,8.929609144072300775e-03,-1.450436282828282686e-01,8.046810999468369252e-02,-6.787343567251462595e-01,8.704693248272195316e-02,1.111461905369484221e-01,1.295353987772461524e-01,1.589395554492291640e-01,1.128630405103668299e-01,1.115945837320574258e-01,1.100292854864433623e-01,1.224219627857522363e-01,1.158267037214247702e-01,1.119609958532695321e-01,1.078494859117490740e-01,1.032870824561403500e-01,9.405438421052630948e-02,6.197641339712918473e-02,5.927756698564593668e-02,4.536479160021265888e-02,3.910370983519404625e-02,3.238005922381712032e-02,2.895031823498139117e-02,2.262483487506645324e-02,1.558326188197767075e-02,1.130503444976076535e-02,5.436722488038277061e-03,2.421824029771397959e-03,1.359420069112174390e-02,1.253066230728336061e-01,-5.780383923444976091e-02,-5.497682775119617365e-02,-6.049042083997873548e-02,-6.437006959064328626e-02,-6.727509952153110095e-02,-6.784003099415204796e-02,-6.712151658692185052e-02,-6.595576310473152959e-02,-6.501123434343435148e-02,-6.229065071770334416e-02,-5.890469059011163577e-02,-5.411517687400319021e-02,-4.952721531100479080e-02,-4.443111350345560484e-02,-3.888965550239234514e-02,-3.110689611908559402e-02,-2.297357001594896309e-02,-1.275854587985114467e-02,-1.840690324295587424e-03,1.300449090909090895e-02,2.893177033492823000e-02,4.565971770334928403e-02,6.738130377458799447e-02,9.696216002126528677e-02,1.324052612440191345e-01,1.774796947368421363e-01,2.531450749601276140e-01,-3.757575757575757312e-03,-3.577352472089313611e-03,-4.993128654970760243e-03,-7.874641148325357137e-03,-1.062114566719829685e-02,-1.352725943646996241e-02,-1.571024720893142088e-02,-1.842598351940457138e-02,-2.060813397129186708e-02,-2.168899521531100771e-02,3.765550239234448978e-03,3.562998405103667571e-03,4.972567783094098900e-03,7.857535885167462458e-03,1.056917862838915347e-02,1.352425571504518864e-02,1.587252791068580540e-02,1.859113503455608885e-02,2.067129186602870844e-02,2.172057416267942839e-02
cmzi,1.895000000000000157e-02,-3.076999999999999874e-02,-2.015000000000000124e-02,-1.725000000000000144e-02,-1.244999999999999926e-02,-7.550000000000000287e-03,-3.500000000000000073e-03,1.459999999999999926e-03,3.089999999999999865e-03,6.610000000000000424e-03,8.880000000000000740e-03,1.307999999999999961e-02,1.510000000000000057e-02,1.701000000000000081e-02,1.856000000000000011e-02,2.163999999999999951e-02,1.714999999999999858e-02,1.638999999999999832e-02,2.905999999999999903e-02,1.639999999999999965e-03,3.449999999999999942e-03,-1.221999999999999996e-02,-1.702000000000000041e-02,-1.856399999999999995e-01,-1.203400000000000025e-01,-1.811699999999999977e-01,-1.859599999999999864e-01,-1.820400000000000074e-01,-1.779900000000000093e-01,-1.738899999999999890e-01,-1.688000000000000056e-01,-1.627599999999999880e-01,-1.573100000000000054e-01,-1.519800000000000040e-01,-1.463299999999999879e-01,-1.406600000000000072e-01,-1.326600000000000001e-01,-1.282200000000000006e-01,-1.209500000000000020e-01,-1.165999999999999953e-01,-1.118500000000000050e-01,-1.080099999999999949e-01,-1.026200000000000029e-01,-9.858000000000000096e-02,-9.547999999999999543e-02,-9.132999999999999452e-02,-8.638999999999999457e-02,-8.303000000000000658e-02,-8.057999999999999885e-02,-7.660000000000000142e-02,-7.303999999999999382e-02,-6.884999999999999454e-02,-6.611999999999999822e-02,-6.176999999999999852e-02,-5.636000000000000038e-02,-5.217999999999999722e-02,-4.768000000000000016e-02,-4.291999999999999982e-02,-3.830999999999999683e-02,-3.296999999999999931e-02,-2.815000000000000141e-02,-2.469000000000000014e-02,-2.773000000000000118e-02,4.837000000000000327e-02,-7.699999999999999597e-04,-6.119999999999999572e-03,-6.799999999999999621e-03,-7.040000000000000251e-03,7.110000000000000001e-03,6.870000000000000238e-03,6.190000000000000190e-03,9.700000000000000505e-04,-4.814999999999999836e-02,2.775000000000000036e-02,2.474000000000000157e-02,2.823000000000000162e-02,3.314999999999999891e-02,3.848000000000000032e-02,4.313999999999999779e-02,4.798999999999999794e-02,5.244000000000000050e-02,5.668999999999999734e-02,6.208999999999999936e-02,6.657000000000000417e-02,6.915999999999999925e-02,7.338000000000000078e-02,7.706000000000000349e-02,8.107000000000000317e-02,8.379000000000000337e-02,8.727000000000000035e-02,9.241000000000000603e-02,9.665999999999999592e-02,1.000800000000000023e-01,1.043000000000000038e-01,1.099099999999999938e-01,1.139700000000000019e-01,1.190100000000000047e-01,1.236000000000000015e-01,1.309899999999999953e-01,1.356799999999999951e-01,1.438200000000000034e-01,1.497300000000000020e-01,1.555600000000000038e-01,1.611100000000000032e-01,1.664400000000000046e-01,1.726900000000000102e-01,1.779900000000000093e-01,1.822799999999999976e-01,1.865700000000000136e-01,1.904299999999999882e-01,1.854999999999999982e-01,1.234800000000000064e-01,1.741099999999999870e-01,1.703999999999999959e-02,2.001999999999999960e-02,1.677999999999999978e-02,1.227999999999999925e-02,-2.029999999999999860e-02,-9.799999999999999684e-03,-1.013000000000000012e-02,-1.590000000000000094e-02,-1.280000000000000061e-02,-1.123999999999999999e-02,-9.280000000000000054e-03,-5.360000000000000181e-03,-1.350000000000000071e-03,8.800000000000000313e-04,4.329999999999999648e-03,3.729999999999999809e-03,8.460000000000000506e-03,1.183999999999999983e-02,1.624000000000000096e-02,2.027999999999999942e-02,2.282999999999999960e-02,2.634999999999999842e-02,-1.738999999999999921e-02,1.426050000000000040e+00,-1.123500000000000054e-01,-1.637000000000000122e-01,-2.028800000000000048e-01,-2.555499999999999994e-01,-1.736099999999999866e-01,-1.687700000000000033e-01,-1.649500000000000133e-01,-1.830400000000000083e-01,-1.715000000000000135e-01,-1.639200000000000101e-01,-1.571599999999999941e-01,-1.492900000000000060e-01,-1.331499999999999906e-01,-8.415000000000000258e-02,-7.921000000000000263e-02,-5.927000000000000324e-02,-5.049000000000000016e-02,-4.134000000000000175e-02,-3.563000000000000195e-02,-2.633999999999999883e-02,-1.677999999999999978e-02,-9.719999999999999474e-03,-7.399999999999999894e-04,7.219999999999999855e-03,1.212000000000000056e-02,-1.634599999999999942e-01,8.984000000000000319e-02,-1.266979999999999995e+00,1.299599999999999922e-01,1.693199999999999983e-01,1.974400000000000044e-01,2.429300000000000070e-01,1.631400000000000072e-01,1.585100000000000120e-01,1.536599999999999910e-01,1.705200000000000049e-01,1.580999999999999905e-01,1.502400000000000124e-01,1.423200000000000021e-01,1.340699999999999947e-01,1.195699999999999957e-01,7.417999999999999594e-02,7.006999999999999340e-02,5.120000000000000245e-02,4.297000000000000125e-02,3.441000000000000308e-02,3.028000000000000136e-02,2.267999999999999877e-02,1.444999999999999930e-02,9.780000000000000498e-03,3.389999999999999784e-03,5.199999999999999544e-04,1.404999999999999999e-02,1.412400000000000044e-01,-1.101599999999999940e-01,-1.012200000000000044e-01,-1.077199999999999963e-01,-1.109900000000000053e-01,-1.124300000000000022e-01,-1.099900000000000044e-01,-1.056700000000000000e-01,-1.009099999999999997e-01,-9.674000000000000654e-02,-9.021999999999999464e-02,-8.309999999999999332e-02,-7.441000000000000392e-02,-6.642000000000000681e-02,-5.815000000000000030e-02,-4.970000000000000112e-02,-3.883999999999999952e-02,-2.803999999999999895e-02,-1.523000000000000048e-02,-2.150000000000000001e-03,1.486999999999999954e-02,3.239999999999999825e-02,5.009999999999999870e-02,7.247000000000000663e-02,1.022600000000000037e-01,1.369799999999999907e-01,1.801800000000000068e-01,2.522800000000000042e-01,1.520000000000000084e-03,3.439999999999999915e-03,4.139999999999999583e-03,4.539999999999999765e-03,5.910000000000000323e-03,6.400000000000000307e-03,1.196999999999999974e-02,1.414999999999999938e-02,1.149999999999999981e-02,7.839999999999999747e-03,-1.469999999999999953e-03,-3.530000000000000152e-03,-4.270000000000000358e-03,-4.649999999999999620e-03,-6.259999999999999939e-03,-6.429999999999999952e-03,-1.085999999999999986e-02,-1.299999999999999940e-02,-1.106000000000000039e-02,-7.629999999999999630e-03
cmzi*c/cref,1.316022594364699844e-02,-2.163355108984582609e-02,-1.434035114300903808e-02,-1.242495215311004847e-02,-9.074732854864432999e-03,-5.568135034556087257e-03,-2.611379585326953617e-03,1.101884742158426318e-03,2.358667145135565947e-03,5.102491281233387070e-03,6.931215311004785412e-03,1.032207400318979444e-02,1.204612333864965579e-02,1.371633588516746501e-02,1.512595598086124461e-02,1.782234045720361773e-02,1.427215523657628798e-02,1.378075730994151801e-02,2.457555225943646934e-02,1.388803615098351896e-03,2.925530303030303078e-03,-1.037634566719829871e-02,-1.447170515683147279e-02,-1.580575081339712917e-01,-1.025666584795321551e-01,-1.554767999999999983e-01,-1.613482286018075307e-01,-1.596706615629984172e-01,-1.578045524720893267e-01,-1.558159787878787561e-01,-1.528541881977671657e-01,-1.489266979266347657e-01,-1.454293734183944586e-01,-1.419417250398724017e-01,-1.380511916002126471e-01,-1.340345475810738873e-01,-1.276681473684210533e-01,-1.246106172248803712e-01,-1.186911092503987186e-01,-1.155269824561403480e-01,-1.118809207868155242e-01,-1.090631118553960638e-01,-1.045932936735778779e-01,-1.014095237639553310e-01,-9.912559999999998039e-02,-9.568286257309942255e-02,-9.132630898458267421e-02,-8.856091919191920458e-02,-8.671153397129187368e-02,-8.315477724614567245e-02,-7.998248888888888353e-02,-7.604685645933013938e-02,-7.365824242424241775e-02,-6.939815167464115364e-02,-6.385429197235513443e-02,-5.961308399787347556e-02,-5.492401403508772456e-02,-4.984789494949494471e-02,-4.485691626794257453e-02,-3.891686953748006023e-02,-3.346273258904838149e-02,-2.952837368421052863e-02,-3.336460037214247776e-02,5.880002232854864702e-02,-9.465105263157894697e-04,-7.567716746411481607e-03,-8.458317916002124764e-03,-8.808383625730992553e-03,8.895966985645931135e-03,8.545388835725677146e-03,7.654275598086123476e-03,1.192357416267942867e-03,-5.853258373205741383e-02,3.338866427432216760e-02,2.958817192982456795e-02,3.355783094098883923e-02,3.912933652312599458e-02,4.505596810207335851e-02,5.010340606060605106e-02,5.528111228070175381e-02,5.991012121212122010e-02,6.422817267410951825e-02,6.975766937799043887e-02,7.415954625199362715e-02,7.638926060606060497e-02,8.035480606060606268e-02,8.365414013822435046e-02,8.723881929824561787e-02,8.937154545454546739e-02,9.225659202551834970e-02,9.681433625730995196e-02,1.003506545454545262e-01,1.029525779904306160e-01,1.063055986177565138e-01,1.109816371079213049e-01,1.140015068580542273e-01,1.179148043062201029e-01,1.212916172248803687e-01,1.273026419457735092e-01,1.305745080276448644e-01,1.370457033492822885e-01,1.412588322169059107e-01,1.452852661350345631e-01,1.489423835194045587e-01,1.522939272727272808e-01,1.563767165869218712e-01,1.594898272727272581e-01,1.616080331738437015e-01,1.636440086124402171e-01,1.652266249335459791e-01,1.591927272727272635e-01,1.052429033492822963e-01,1.482406417862838777e-01,1.448871068580542126e-02,1.699954502923976471e-02,1.422910101010101125e-02,1.039909048378521994e-02,-1.716736788942051922e-02,-8.239867091972354757e-03,-8.430141839447102478e-03,-1.309497288676236305e-02,-1.043169377990430663e-02,-9.063587028176502483e-03,-7.403180435938331097e-03,-4.229840723019671379e-03,-1.053732057416268070e-03,6.793029239766082330e-04,3.305187293992556657e-03,2.815089101541733141e-03,6.312077511961722287e-03,8.732015736310473619e-03,1.183724189261031387e-02,1.460742200956937666e-02,1.624765342902711324e-02,1.852596916533758714e-02,-1.207685114300903820e-02,7.799303229665072168e-01,-6.289210845295055419e-02,-9.374327060074427731e-02,-1.187910396597554458e-01,-1.529197070707070949e-01,-1.061208430622009591e-01,-1.053345519936204344e-01,-1.050734130781499215e-01,-1.189516725146198689e-01,-1.136595507708665631e-01,-1.107449097288676215e-01,-1.082006077618288126e-01,-1.047037994152046764e-01,-9.509713157894734981e-02,-6.118389473684211072e-02,-5.861161004784689460e-02,-4.461950212652844583e-02,-3.865961052631579353e-02,-3.218542073365231876e-02,-2.819846469962785512e-02,-2.118514577352471895e-02,-1.371196299840510280e-02,-8.067910047846888963e-03,-6.237480063795852606e-04,6.178646464646463977e-03,1.052790494417862877e-02,-1.440915976608186932e-01,8.076477490696438999e-02,-6.929323099415204412e-01,7.274996363636362928e-02,9.696157958532694576e-02,1.156057909622541235e-01,1.453679688463583308e-01,9.972095119617226111e-02,9.893097017543861504e-02,9.788166507177031850e-02,1.108153365231259874e-01,1.047788628389154653e-01,1.015026551834130736e-01,9.798365039872408699e-02,9.402932807017543027e-02,8.539815263157893299e-02,5.393489377990430544e-02,5.184844736842104951e-02,3.854426368952685450e-02,3.290163328017012973e-02,2.679004178628389618e-02,2.396434215842636883e-02,1.824142392344497640e-02,1.180797767145135360e-02,8.117711961722487782e-03,2.857440191387559600e-03,4.449994683678893531e-04,1.220437825624667676e-02,1.245044491228070177e-01,-5.780383923444976091e-02,-5.497682775119617365e-02,-6.049042083997873548e-02,-6.437006959064328626e-02,-6.727509952153110095e-02,-6.784003099415204796e-02,-6.712151658692185052e-02,-6.595576310473152959e-02,-6.501123434343435148e-02,-6.229065071770334416e-02,-5.890469059011163577e-02,-5.411517687400319021e-02,-4.952721531100479080e-02,-4.443111350345560484e-02,-3.888965550239234514e-02,-3.110689611908559402e-02,-2.297357001594896309e-02,-1.275854587985114467e-02,-1.840690324295587424e-03,1.300449090909090895e-02,2.893177033492823000e-02,4.565971770334928403e-02,6.738130377458799447e-02,9.696216002126528677e-02,1.324052612440191345e-01,1.774796947368421363e-01,2.531450749601276140e-01,2.424242424242424186e-04,5.486443381180222288e-04,6.547846889952152081e-04,7.059808612440189590e-04,9.033094098883572313e-04,9.611908559276980801e-04,1.765909090909090987e-03,2.049906964380648466e-03,1.650717703349282358e-03,1.125358851674641099e-03,-2.344497607655502108e-04,-5.629984051036682679e-04,-6.753455608718766587e-04,-7.230861244019137464e-04,-9.568048910154172736e-04,-9.656964380648590642e-04,-1.602153110047846961e-03,-1.883306751727804309e-03,-1.587559808612440350e-03,-1.095215311004784720e-03
cmzo,-5.192000000000000087e-02,-5.213000000000000272e-02,-5.192999999999999700e-02,-5.156999999999999779e-02,-5.108000000000000040e-02,-5.050999999999999934e-02,-4.988000000000000073e-02,-4.921999999999999986e-02,-4.850999999999999757e-02,-4.780999999999999833e-02,-4.708999999999999991e-02,-4.637999999999999762e-02,-4.567000000000000226e-02,-4.501999999999999752e-02,-4.442000000000000115e-02,-4.390000000000000152e-02,-4.352000000000000313e-02,-4.334999999999999964e-02,-4.324999999999999678e-02,-4.349000000000000088e-02,-4.370000000000000273e-02,-4.392999999999999683e-02,-4.420000000000000318e-02,-4.454999999999999932e-02,-4.510999999999999732e-02,-4.664999999999999702e-02,-4.660000000000000253e-02,-4.610000000000000209e-02,-4.529999999999999999e-02,-4.435999999999999666e-02,-4.331000000000000127e-02,-4.216999999999999915e-02,-4.095000000000000029e-02,-3.969000000000000306e-02,-3.837999999999999745e-02,-3.703000000000000042e-02,-3.563999999999999807e-02,-3.425000000000000266e-02,-3.286000000000000032e-02,-3.146000000000000185e-02,-3.006999999999999951e-02,-2.868000000000000063e-02,-2.730000000000000135e-02,-2.591999999999999860e-02,-2.454999999999999891e-02,-2.319999999999999840e-02,-2.186000000000000096e-02,-2.053999999999999923e-02,-1.924000000000000016e-02,-1.795000000000000068e-02,-1.668000000000000038e-02,-1.541999999999999968e-02,-1.417999999999999990e-02,-1.297000000000000063e-02,-1.178000000000000054e-02,-1.060999999999999964e-02,-9.459999999999999659e-03,-8.330000000000000598e-03,-7.230000000000000315e-03,-6.150000000000000085e-03,-5.210000000000000221e-03,-4.420000000000000318e-03,-3.640000000000000006e-03,-2.820000000000000024e-03,-2.099999999999999870e-03,-1.459999999999999926e-03,-8.599999999999999789e-04,-2.799999999999999755e-04,2.799999999999999755e-04,8.599999999999999789e-04,1.459999999999999926e-03,2.089999999999999844e-03,2.809999999999999998e-03,3.629999999999999980e-03,4.409999999999999858e-03,5.199999999999999761e-03,6.130000000000000032e-03,7.210000000000000263e-03,8.300000000000000086e-03,9.419999999999999554e-03,1.055999999999999994e-02,1.171999999999999952e-02,1.290000000000000001e-02,1.410999999999999928e-02,1.532999999999999988e-02,1.657000000000000139e-02,1.782999999999999863e-02,1.910999999999999852e-02,2.038999999999999840e-02,2.170000000000000054e-02,2.301999999999999880e-02,2.435000000000000012e-02,2.570000000000000062e-02,2.706000000000000072e-02,2.842000000000000082e-02,2.980000000000000010e-02,3.116999999999999979e-02,3.253999999999999948e-02,3.391000000000000264e-02,3.527999999999999886e-02,3.663999999999999896e-02,3.796000000000000069e-02,3.925000000000000017e-02,4.050000000000000128e-02,4.168999999999999789e-02,4.281000000000000083e-02,4.385000000000000009e-02,4.476999999999999730e-02,4.556000000000000327e-02,4.605999999999999678e-02,4.610999999999999821e-02,4.460000000000000075e-02,4.404999999999999888e-02,4.370999999999999885e-02,4.345000000000000251e-02,4.322999999999999760e-02,4.300999999999999962e-02,4.279000000000000165e-02,4.288999999999999757e-02,4.306000000000000105e-02,4.345000000000000251e-02,4.397000000000000214e-02,4.456999999999999851e-02,4.522999999999999937e-02,4.594999999999999779e-02,4.666000000000000009e-02,4.739000000000000157e-02,4.810999999999999999e-02,4.882999999999999841e-02,4.950999999999999845e-02,5.016000000000000320e-02,5.075999999999999956e-02,5.129000000000000226e-02,5.170000000000000290e-02,5.190000000000000169e-02,5.186999999999999944e-02,-2.625999999999999862e-02,-2.603000000000000105e-02,-2.540999999999999856e-02,-2.458000000000000115e-02,-2.358000000000000027e-02,-2.247000000000000039e-02,-2.128000000000000030e-02,-2.008000000000000063e-02,-1.887000000000000136e-02,-1.765999999999999862e-02,-1.645999999999999894e-02,-1.527000000000000059e-02,-1.410999999999999928e-02,-1.298999999999999981e-02,-1.188999999999999953e-02,-1.081999999999999976e-02,-9.790000000000000091e-03,-8.789999999999999203e-03,-7.820000000000000562e-03,-6.879999999999999831e-03,-5.980000000000000072e-03,-5.109999999999999959e-03,-4.259999999999999898e-03,-3.439999999999999915e-03,-2.629999999999999959e-03,-1.840000000000000056e-03,-1.080000000000000014e-03,-3.299999999999999982e-04,2.596000000000000044e-02,2.554999999999999979e-02,2.477000000000000035e-02,2.377999999999999906e-02,2.267999999999999877e-02,2.149999999999999828e-02,2.028999999999999901e-02,1.907000000000000015e-02,1.786000000000000087e-02,1.666000000000000120e-02,1.548000000000000070e-02,1.433000000000000072e-02,1.319999999999999993e-02,1.212000000000000056e-02,1.106000000000000039e-02,1.004000000000000031e-02,9.060000000000000345e-03,8.099999999999999561e-03,7.190000000000000210e-03,6.300000000000000044e-03,5.440000000000000391e-03,4.619999999999999975e-03,3.830000000000000071e-03,3.059999999999999786e-03,2.320000000000000014e-03,1.600000000000000077e-03,9.100000000000000016e-04,-0.000000000000000000e+00,-0.000000000000000000e+00,-0.000000000000000000e+00,-0.000000000000000000e+00,-0.000000000000000000e+00,-0.000000000000000000e+00,-0.000000000000000000e+00,-0.000000000000000000e+00,-0.000000000000000000e+00,-0.000000000000000000e+00,-0.000000000000000000e+00,-0.000000000000000000e+00,-0.000000000000000000e+00,-0.000000000000000000e+00,-0.000000000000000000e+00,-0.000000000000000000e+00,-0.000000000000000000e+00,-0.000000000000000000e+00,-0.000000000000000000e+00,-0.000000000000000000e+00,-0.000000000000000000e+00,-0.000000000000000000e+00,-0.000000000000000000e+00,-0.000000000000000000e+00,-0.000000000000000000e+00,-0.000000000000000000e+00,-0.000000000000000000e+00,-2.508000000000000160e-02,-2.587000000000000063e-02,-3.572000000000000175e-02,-5.517999999999999988e-02,-7.541000000000000481e-02,-9.647999999999999632e-02,-1.184599999999999959e-01,-1.413399999999999934e-01,-1.550700000000000134e-01,-1.589500000000000079e-01,2.508000000000000160e-02,2.587000000000000063e-02,3.572000000000000175e-02,5.517999999999999988e-02,7.541000000000000481e-02,9.647999999999999632e-02,1.184400000000000036e-01,1.413300000000000112e-01,1.550700000000000134e-01,1.589500000000000079e-01
cmzo*c/cref,-3.605693567251462561e-02,-3.665118681552365781e-02,-3.695754019138755564e-02,-3.714520478468898851e-02,-3.723191600212653191e-02,-3.725119213184475975e-02,-3.721588963317384174e-02,-3.714710069112174551e-02,-3.702878421052631375e-02,-3.690621908559277298e-02,-3.675573524720893159e-02,-3.660074864433811997e-02,-3.643353992557150922e-02,-3.630273024986709063e-02,-3.620123732057416166e-02,-3.615530249867092427e-02,-3.621715427963849432e-02,-3.644879984051036664e-02,-3.657579611908558931e-02,-3.682870074428495205e-02,-3.705671717171717811e-02,-3.730219845826687752e-02,-3.758221903242955908e-02,-3.793073684210526014e-02,-3.844758155236575881e-02,-4.003418181818181598e-02,-4.043249867091972677e-02,-4.043516533758639842e-02,-4.016262838915470729e-02,-3.974924848484848172e-02,-3.921869011164274416e-02,-3.858588628389154895e-02,-3.785730622009569196e-02,-3.706847655502392563e-02,-3.620860202020202007e-02,-3.528579053694842760e-02,-3.429890526315788890e-02,-3.328586523125996732e-02,-3.224629888357256197e-02,-3.117048771929824616e-02,-3.007831281233386278e-02,-2.895963381180223159e-02,-2.782495534290271161e-02,-2.666397703349282153e-02,-2.548736363636363439e-02,-2.430573099415204649e-02,-2.310907644869750546e-02,-2.190824136097820410e-02,-2.070401977671451621e-02,-1.948600850611377153e-02,-1.826544242424242570e-02,-1.703184497607655376e-02,-1.579664061669324923e-02,-1.457170191387560133e-02,-1.334640808080808302e-02,-1.212140324295587525e-02,-1.089725614035087775e-02,-9.674579797979797682e-03,-8.465557416267942281e-03,-7.259288676236044617e-03,-6.193280170122275434e-03,-5.286164912280702684e-03,-4.379630196703881290e-03,-3.428076555023923475e-03,-2.581392344497607585e-03,-1.805370334928229400e-03,-1.069728442317915843e-03,-3.503334396597553610e-04,3.503334396597553610e-04,1.069728442317915843e-03,1.805370334928229400e-03,2.569099999999999943e-03,3.415920255183413270e-03,4.367598245614035500e-03,5.274205263157895340e-03,6.181392876129718217e-03,7.235681233386496644e-03,8.442139553429026111e-03,9.639737373737371565e-03,1.085117894736842108e-02,1.206428070175438738e-02,1.327842977139819317e-02,1.449305741626794389e-02,1.571866002126528356e-02,1.693243732057416254e-02,1.814498686868687080e-02,1.935573992557150513e-02,2.056412775119617273e-02,2.174824933545986202e-02,2.293993407761828890e-02,2.411715204678362839e-02,2.527972727272726969e-02,2.643766241360978250e-02,2.758034035087719368e-02,2.869709877724614666e-02,2.980823817118553876e-02,3.088315645933014525e-02,3.193227527910685176e-02,3.295543620414673192e-02,3.395245167464114311e-02,3.491416055289739417e-02,3.581236406166932174e-02,3.665753854332801792e-02,3.744129186602870862e-02,3.814668245614034892e-02,3.876592296650718111e-02,3.929225757575757066e-02,3.969273450292397365e-02,3.996152131844764310e-02,3.996396757044125281e-02,3.957076363636363031e-02,3.801290483785220442e-02,3.750502711323763783e-02,3.716558357256777995e-02,3.689461695906432609e-02,3.665816666666666529e-02,3.642222163742690061e-02,3.618678187134503205e-02,3.606203056884635383e-02,3.583434428495481383e-02,3.578469005847953466e-02,3.583449808612440557e-02,3.593986422115896112e-02,3.608252706007442773e-02,3.626141440723019971e-02,3.642010207336523336e-02,3.658200632642211875e-02,3.672345513024986852e-02,3.685276161616161950e-02,3.693982950558213213e-02,3.699306666666667132e-02,3.699866985645933193e-02,3.694352440191387560e-02,3.679385380116959037e-02,3.648948006379585524e-02,3.602221212121212157e-02,-1.436202817650186064e-02,-1.457126464646464614e-02,-1.455110877192982224e-02,-1.439217150451887334e-02,-1.411014162679426025e-02,-1.373501148325359002e-02,-1.328150303030303271e-02,-1.279099202551834021e-02,-1.226299202551834125e-02,-1.170395140882509247e-02,-1.112043200425305578e-02,-1.051300127591706622e-02,-9.895978362573098000e-03,-9.277594736842104811e-03,-8.644997129186602139e-03,-8.006282296650717861e-03,-7.370084795321638245e-03,-6.730401594896332287e-03,-6.088291972355131323e-03,-5.445002445507707983e-03,-4.809687612971823463e-03,-4.175693141945773131e-03,-3.535935885167464099e-03,-2.899585326953748026e-03,-2.250670388091440682e-03,-1.598295800106326473e-03,-9.520306220095693705e-04,-2.966649122807017507e-04,1.419795321637426846e-02,1.430256671982987719e-02,1.418461095162147634e-02,1.392375257841573476e-02,1.357158660287081410e-02,1.314208931419457750e-02,1.266361355661882113e-02,1.214762041467304550e-02,1.160662626262626111e-02,1.104121350345560991e-02,1.045834066985645849e-02,9.865835513024986958e-03,9.257754385964911056e-03,8.656231578947367819e-03,8.041519617224881025e-03,7.429119617224881102e-03,6.820527910685806119e-03,6.202076555023924333e-03,5.597802977139820259e-03,4.985976076555023208e-03,4.375367995746943031e-03,3.775284210526315409e-03,3.179022169059011246e-03,2.579282296650717461e-03,1.985382243487506578e-03,1.389822434875066489e-03,8.021739500265815922e-04,-0.000000000000000000e+00,-0.000000000000000000e+00,-0.000000000000000000e+00,-0.000000000000000000e+00,-0.000000000000000000e+00,-0.000000000000000000e+00,-0.000000000000000000e+00,-0.000000000000000000e+00,-0.000000000000000000e+00,-0.000000000000000000e+00,-0.000000000000000000e+00,-0.000000000000000000e+00,-0.000000000000000000e+00,-0.000000000000000000e+00,-0.000000000000000000e+00,-0.000000000000000000e+00,-0.000000000000000000e+00,-0.000000000000000000e+00,-0.000000000000000000e+00,-0.000000000000000000e+00,-0.000000000000000000e+00,-0.000000000000000000e+00,-0.000000000000000000e+00,-0.000000000000000000e+00,-0.000000000000000000e+00,-0.000000000000000000e+00,-0.000000000000000000e+00,-4.000000000000000083e-03,-4.125996810207335948e-03,-5.649494949494949375e-03,-8.580622009569376096e-03,-1.152598351940457150e-02,-1.448995215311004760e-02,-1.747615629984050969e-02,-2.047589048378522028e-02,-2.225885167464115161e-02,-2.281578947368421290e-02,4.000000000000000083e-03,4.125996810207335948e-03,5.649494949494949375e-03,8.580622009569376096e-03,1.152598351940457150e-02,1.448995215311004760e-02,1.747320574162679330e-02,2.047444178628389511e-02,2.225885167464115161e-02,2.281578947368421290e-02
cs,1.397599999999999953e-01,-3.409999999999999837e-03,-8.179999999999999771e-03,-1.068000000000000026e-02,-1.251000000000000029e-02,-1.387999999999999998e-02,-1.504999999999999914e-02,-1.553000000000000040e-02,-1.634999999999999995e-02,-1.779999999999999985e-02,-1.862000000000000113e-02,-1.957000000000000059e-02,-2.065000000000000169e-02,-2.203000000000000097e-02,-2.287000000000000144e-02,-2.469999999999999973e-02,-2.789000000000000160e-02,-2.057000000000000148e-02,2.307000000000000023e-02,-2.976000000000000173e-02,-3.801999999999999824e-02,-3.964000000000000162e-02,-5.360999999999999793e-02,-2.567999999999999727e-01,-9.857000000000000484e-02,-2.408000000000000071e-02,-3.087000000000000161e-02,-3.167999999999999983e-02,-3.235999999999999988e-02,-3.261000000000000010e-02,-3.280000000000000276e-02,-3.337999999999999995e-02,-3.368000000000000160e-02,-3.375999999999999834e-02,-3.395999999999999713e-02,-3.418000000000000205e-02,-3.429000000000000103e-02,-3.425999999999999879e-02,-3.422999999999999654e-02,-3.427000000000000185e-02,-3.429000000000000103e-02,-3.411999999999999755e-02,-3.409000000000000224e-02,-3.431000000000000022e-02,-3.422000000000000042e-02,-3.404000000000000081e-02,-3.404000000000000081e-02,-3.407000000000000306e-02,-3.400999999999999857e-02,-3.377999999999999753e-02,-3.357000000000000262e-02,-3.348000000000000281e-02,-3.321999999999999953e-02,-3.286000000000000032e-02,-3.257000000000000173e-02,-3.214000000000000190e-02,-3.180999999999999800e-02,-3.128000000000000225e-02,-3.064000000000000057e-02,-2.963000000000000009e-02,-2.912999999999999964e-02,-2.876000000000000084e-02,-3.731000000000000288e-02,6.302000000000000657e-02,-1.881999999999999992e-02,-2.675999999999999907e-02,-2.775999999999999995e-02,-2.823000000000000162e-02,2.835999999999999979e-02,2.789000000000000160e-02,2.689000000000000071e-02,1.915000000000000036e-02,-6.271999999999999797e-02,3.729999999999999982e-02,2.878999999999999962e-02,2.920000000000000026e-02,2.964999999999999927e-02,3.062000000000000138e-02,3.123000000000000081e-02,3.175999999999999657e-02,3.207000000000000128e-02,3.248999999999999805e-02,3.278999999999999970e-02,3.314000000000000279e-02,3.337999999999999995e-02,3.341999999999999832e-02,3.361999999999999711e-02,3.382999999999999896e-02,3.386999999999999733e-02,3.382000000000000284e-02,3.380999999999999978e-02,3.398999999999999938e-02,3.406000000000000000e-02,3.382999999999999896e-02,3.384999999999999815e-02,3.400999999999999857e-02,3.398000000000000326e-02,3.393999999999999795e-02,3.395999999999999713e-02,3.398999999999999938e-02,3.388000000000000039e-02,3.363000000000000017e-02,3.341000000000000220e-02,3.330000000000000321e-02,3.298999999999999849e-02,3.241000000000000131e-02,3.223000000000000170e-02,3.200000000000000067e-02,3.130999999999999756e-02,3.041999999999999912e-02,2.352999999999999883e-02,9.699000000000000676e-02,2.461699999999999999e-01,5.133999999999999675e-02,3.871999999999999748e-02,3.969999999999999918e-02,3.230999999999999844e-02,-2.148999999999999869e-02,2.026999999999999982e-02,2.744999999999999871e-02,2.426000000000000031e-02,2.244000000000000161e-02,2.159000000000000155e-02,2.028999999999999901e-02,1.930000000000000118e-02,1.830000000000000029e-02,1.745999999999999983e-02,1.607000000000000095e-02,1.523000000000000048e-02,1.473000000000000004e-02,1.357000000000000046e-02,1.217999999999999985e-02,1.038000000000000034e-02,7.870000000000000259e-03,3.000000000000000062e-03,-1.317000000000000115e-01,2.704500000000000237e-01,1.464000000000000024e-02,8.340000000000000191e-03,3.150000000000000022e-03,-1.043999999999999963e-02,5.040000000000000209e-03,5.190000000000000169e-03,4.120000000000000398e-03,4.629999999999999567e-03,4.700000000000000185e-03,4.799999999999999580e-03,3.820000000000000045e-03,3.000000000000000062e-03,3.820000000000000045e-03,1.026999999999999962e-02,9.060000000000000345e-03,8.489999999999999283e-03,8.269999999999999574e-03,7.950000000000000469e-03,7.170000000000000158e-03,6.349999999999999742e-03,6.649999999999999661e-03,6.320000000000000097e-03,6.680000000000000174e-03,6.740000000000000331e-03,6.279999999999999992e-03,-3.604999999999999871e-02,2.234999999999999834e-02,-2.376600000000000101e-01,-1.086999999999999945e-02,-6.389999999999999847e-03,-2.540000000000000157e-03,9.709999999999999881e-03,-5.190000000000000169e-03,-5.369999999999999774e-03,-4.499999999999999660e-03,-5.230000000000000274e-03,-5.440000000000000391e-03,-5.629999999999999588e-03,-4.879999999999999789e-03,-4.080000000000000293e-03,-4.570000000000000277e-03,-1.034000000000000023e-02,-8.949999999999999623e-03,-8.099999999999999561e-03,-7.799999999999999642e-03,-7.280000000000000013e-03,-6.109999999999999980e-03,-5.080000000000000314e-03,-5.100000000000000366e-03,-4.250000000000000305e-03,-4.020000000000000136e-03,-2.959999999999999958e-03,1.490000000000000005e-03,3.210999999999999965e-02,-1.618999999999999953e-02,-1.564000000000000112e-02,-1.728999999999999981e-02,-1.845000000000000112e-02,-1.931000000000000077e-02,-1.951999999999999916e-02,-1.935999999999999874e-02,-1.904000000000000137e-02,-1.874999999999999931e-02,-1.797999999999999945e-02,-1.699000000000000163e-02,-1.558000000000000010e-02,-1.418999999999999949e-02,-1.264999999999999979e-02,-1.094000000000000007e-02,-8.590000000000000413e-03,-6.080000000000000335e-03,-2.969999999999999984e-03,3.800000000000000209e-04,4.859999999999999737e-03,9.700000000000000289e-03,1.476000000000000055e-02,2.118000000000000091e-02,2.980000000000000010e-02,4.003999999999999920e-02,5.290999999999999870e-02,7.398000000000000409e-02,3.569999999999999823e-03,7.049999999999999843e-03,9.719999999999999474e-03,8.109999999999999154e-03,3.860000000000000150e-03,-5.400000000000000069e-04,-5.640000000000000048e-03,-4.440000000000000370e-03,-2.100000000000000087e-04,1.280000000000000105e-03,-3.660000000000000059e-03,-7.450000000000000025e-03,-1.026999999999999962e-02,-8.670000000000000623e-03,-5.510000000000000141e-03,-1.080000000000000014e-03,3.700000000000000164e-03,3.089999999999999865e-03,-7.100000000000000191e-04,-1.729999999999999984e-03
cs*c/cref,9.705927060074429069e-02,-2.397478362573099344e-03,-5.821542052099946615e-03,-7.692666028708133874e-03,-9.118466507177033428e-03,-1.023651844763423698e-02,-1.122893221690589999e-02,-1.172073290802764546e-02,-1.248032615629984104e-02,-1.374044550770866721e-02,-1.453369696969697075e-02,-1.544365353535353744e-02,-1.647367198298777674e-02,-1.776430802764487199e-02,-1.863850287081339832e-02,-2.034250505050505184e-02,-2.320993641679957795e-02,-1.729531286549707697e-02,1.950991020733652132e-02,-2.520170462519936289e-02,-3.224019191919191840e-02,-3.365943880914407105e-02,-4.558332041467304252e-02,-2.186445167464114436e-01,-8.401192892078682140e-02,-2.066501818181818231e-02,-2.678436124401913782e-02,-2.778711578947368546e-02,-2.869012482721956456e-02,-2.922053636363636242e-02,-2.970152472089314724e-02,-3.054296618819776765e-02,-3.113636321105794566e-02,-3.153015289739500432e-02,-3.203866921850079263e-02,-3.257003296119085484e-02,-3.299970430622009565e-02,-3.329558373205741134e-02,-3.359071244019137814e-02,-3.395462854864433888e-02,-3.429947942583732451e-02,-3.445267453482189768e-02,-3.474552115895800097e-02,-3.529479367357787889e-02,-3.552658181818181549e-02,-3.566237426900585594e-02,-3.598503944710260832e-02,-3.633952206273259600e-02,-3.659790606060606133e-02,-3.667060542264752310e-02,-3.676084545454545716e-02,-3.697964784688995143e-02,-3.700736257309941019e-02,-3.691797416267943166e-02,-3.690089229133440563e-02,-3.671836948431685815e-02,-3.664288771929824495e-02,-3.632903434343433963e-02,-3.587616586921849732e-02,-3.497442658160553053e-02,-3.462768740031897663e-02,-3.439595087719298644e-02,-4.489120951621478756e-02,7.660900159489633654e-02,-2.313419234449760886e-02,-3.309021244019138414e-02,-3.452983902179691117e-02,-3.532111786283891053e-02,3.548377267410950803e-02,3.469154215842636807e-02,3.325096459330142973e-02,2.353983971291866151e-02,-7.624431259968102170e-02,4.487917756512493223e-02,3.443182982456140934e-02,3.471089845826687975e-02,3.499803402445507416e-02,3.585274800637958115e-02,3.627096363636363174e-02,3.658529122807017281e-02,3.663839792663477202e-02,3.681025454545455017e-02,3.683932966507177248e-02,3.691824189261031647e-02,3.686919489633173896e-02,3.659658787878787567e-02,3.649691398192450587e-02,3.640420940988835924e-02,3.612619936204146398e-02,3.575246868686868945e-02,3.542141228070175979e-02,3.528779999999999417e-02,3.503761796916533833e-02,3.448052158426368613e-02,3.418004199893673323e-02,3.401940202020201781e-02,3.366729728867624144e-02,3.330612854864433564e-02,3.300402870813396589e-02,3.271099298245613851e-02,3.228416374269005990e-02,3.172733939393939523e-02,3.120327038809144263e-02,3.078506220095693705e-02,3.018611307814992109e-02,2.934836634768740390e-02,2.888003333333333256e-02,2.837095162147794045e-02,2.746258192450824059e-02,2.639391866028708081e-02,2.019301818181817865e-02,8.266528341307814720e-02,2.095939279106857900e-01,4.365319287612971083e-02,3.287824093567250777e-02,3.366479797979798211e-02,2.736112488038277418e-02,-1.817373083466241115e-02,1.704307203615098437e-02,2.284377033492823034e-02,1.998012844231791818e-02,1.828806315789473919e-02,1.740950568846358348e-02,1.618647963849016366e-02,1.523058320042530896e-02,1.428392344497607727e-02,1.347798755980861296e-02,1.226659580010632661e-02,1.149431823498139361e-02,1.099017751196172156e-02,1.000789303561935156e-02,8.877931419457736270e-03,7.476579904306219874e-03,5.600921265284422926e-03,2.109218500797448159e-03,-9.146183413078151636e-02,1.479135765550239345e-01,8.195286762360446883e-03,4.775924720893141157e-03,1.844399521531100462e-03,-6.247238277511961771e-03,3.080750239234450114e-03,3.239238755980861865e-03,2.624446570972886923e-03,3.008884635832003666e-03,3.114868155236576435e-03,3.242896331738436520e-03,2.629971504518872905e-03,2.104035087719298164e-03,2.728284210526315656e-03,7.467125358851674742e-03,6.703966507177034316e-03,6.391421850079744872e-03,6.332243593833068208e-03,6.189503987240830597e-03,5.674515629984050805e-03,5.107276980329611762e-03,5.434121212121211311e-03,5.245801594896332305e-03,5.630590111642743215e-03,5.767877724614566513e-03,5.455053056884635529e-03,-3.177842955874534553e-02,2.009230542264752589e-02,-1.299801834130781542e-01,-6.084888463583199708e-03,-3.659251674641147718e-03,-1.487230090377458964e-03,5.810410313662945671e-03,-3.172439234449760809e-03,-3.351582296650717965e-03,-2.866507177033492376e-03,-3.398804891015416892e-03,-3.605294205209994603e-03,-3.803647155768207638e-03,-3.359754173312067774e-03,-2.861487719298245764e-03,-3.263942105263157711e-03,-7.518021052631579382e-03,-6.622571770334928498e-03,-6.097822966507177381e-03,-5.972370015948963787e-03,-5.667872833599149791e-03,-4.835605369484316171e-03,-4.085821584263689410e-03,-4.167521531100478252e-03,-3.527635566188198207e-03,-3.388468899521530995e-03,-2.533073896863370297e-03,1.294272142477405699e-03,2.830528080808080577e-02,-8.495317331206805531e-03,-8.494740031897927632e-03,-9.709240404040404490e-03,-1.070031339712918840e-02,-1.155458660287081440e-02,-1.203961637426900419e-02,-1.229745964912280602e-02,-1.244473024986709510e-02,-1.260037878787878887e-02,-1.241394258373205647e-02,-1.204320930356193517e-02,-1.133066060606060556e-02,-1.058101754385964814e-02,-9.665581871345028594e-03,-8.560419138755980331e-03,-6.879717756512493745e-03,-4.981430303030304207e-03,-2.488042105263158204e-03,3.253313131313131349e-04,4.250290909090908772e-03,8.661671982987773771e-03,1.345184497607655565e-02,1.969278341307814997e-02,2.825613503455608536e-02,3.870277894736842000e-02,5.211705321637426919e-02,7.423367942583733448e-02,5.693779904306218824e-04,1.124401913875597942e-03,1.537320574162679429e-03,1.261124401913875197e-03,5.899787347155767978e-04,-8.110047846889951670e-05,-8.320574162679426206e-04,-6.432216905901117074e-04,-3.014354066985645993e-05,1.837320574162679566e-04,-5.837320574162679215e-04,-1.188197767145135388e-03,-1.624308878256246680e-03,-1.348205741626794154e-03,-8.421717171717171520e-04,-1.622009569377990334e-04,5.458532695374801241e-04,4.476475279106858335e-04,-1.019138755980861271e-04,-2.483253588516746448e-04
csi,1.397500000000000131e-01,-3.409999999999999837e-03,-8.179999999999999771e-03,-1.068000000000000026e-02,-1.251000000000000029e-02,-1.388999999999999957e-02,-1.504999999999999914e-02,-1.553000000000000040e-02,-1.635999999999999954e-02,-1.779999999999999985e-02,-1.863000000000000073e-02,-1.958000000000000018e-02,-2.065000000000000169e-02,-2.203000000000000097e-02,-2.288000000000000103e-02,-2.469999999999999973e-02,-2.790000000000000119e-02,-2.058000000000000107e-02,2.307000000000000023e-02,-2.976000000000000173e-02,-3.803000000000000130e-02,-3.964000000000000162e-02,-5.360999999999999793e-02,-2.568099999999999827e-01,-9.858999999999999708e-02,-2.409999999999999989e-02,-3.090000000000000038e-02,-3.171000000000000207e-02,-3.239000000000000212e-02,-3.264000000000000234e-02,-3.282999999999999807e-02,-3.341000000000000220e-02,-3.370999999999999691e-02,-3.379999999999999671e-02,-3.398999999999999938e-02,-3.422000000000000042e-02,-3.432999999999999940e-02,-3.429999999999999716e-02,-3.427000000000000185e-02,-3.431000000000000022e-02,-3.432999999999999940e-02,-3.414999999999999980e-02,-3.413000000000000062e-02,-3.434999999999999859e-02,-3.425999999999999879e-02,-3.407999999999999918e-02,-3.407999999999999918e-02,-3.411000000000000143e-02,-3.404999999999999694e-02,-3.382999999999999896e-02,-3.361000000000000099e-02,-3.352000000000000118e-02,-3.325999999999999790e-02,-3.289999999999999869e-02,-3.261000000000000010e-02,-3.218000000000000027e-02,-3.185999999999999943e-02,-3.132000000000000062e-02,-3.067999999999999894e-02,-2.966999999999999846e-02,-2.917000000000000148e-02,-2.879999999999999921e-02,-3.733999999999999819e-02,6.300000000000000044e-02,-1.882999999999999952e-02,-2.675999999999999907e-02,-2.776999999999999955e-02,-2.823000000000000162e-02,2.835999999999999979e-02,2.790000000000000119e-02,2.690000000000000030e-02,1.915999999999999995e-02,-6.270000000000000573e-02,3.733000000000000207e-02,2.881999999999999840e-02,2.923999999999999863e-02,2.969000000000000111e-02,3.065999999999999975e-02,3.126999999999999919e-02,3.180000000000000188e-02,3.210999999999999965e-02,3.253999999999999948e-02,3.282999999999999807e-02,3.318000000000000116e-02,3.341999999999999832e-02,3.345999999999999669e-02,3.366000000000000242e-02,3.386999999999999733e-02,3.391000000000000264e-02,3.386000000000000121e-02,3.384999999999999815e-02,3.402999999999999775e-02,3.409999999999999837e-02,3.386999999999999733e-02,3.389000000000000346e-02,3.404999999999999694e-02,3.402000000000000163e-02,3.397000000000000020e-02,3.400000000000000244e-02,3.402999999999999775e-02,3.391000000000000264e-02,3.366000000000000242e-02,3.343999999999999750e-02,3.334000000000000158e-02,3.302999999999999686e-02,3.243999999999999662e-02,3.225999999999999701e-02,3.203000000000000291e-02,3.133999999999999980e-02,3.045000000000000137e-02,2.355000000000000149e-02,9.700999999999999901e-02,2.461699999999999999e-01,5.133999999999999675e-02,3.873000000000000054e-02,3.971000000000000224e-02,3.232000000000000151e-02,-2.148999999999999869e-02,2.027999999999999942e-02,2.745999999999999830e-02,2.426999999999999991e-02,2.245000000000000120e-02,2.159000000000000155e-02,2.028999999999999901e-02,1.930000000000000118e-02,1.830000000000000029e-02,1.745999999999999983e-02,1.607000000000000095e-02,1.523000000000000048e-02,1.473000000000000004e-02,1.357000000000000046e-02,1.217999999999999985e-02,1.038000000000000034e-02,7.870000000000000259e-03,3.010000000000000089e-03,-1.317000000000000115e-01,2.704599999999999782e-01,1.465999999999999942e-02,8.359999999999999376e-03,3.170000000000000075e-03,-1.042000000000000044e-02,5.060000000000000261e-03,5.210000000000000221e-03,4.139999999999999583e-03,4.649999999999999620e-03,4.720000000000000237e-03,4.819999999999999632e-03,3.840000000000000097e-03,3.020000000000000115e-03,3.840000000000000097e-03,1.029000000000000054e-02,9.090000000000000857e-03,8.510000000000000203e-03,8.290000000000000493e-03,7.969999999999999654e-03,7.190000000000000210e-03,6.369999999999999794e-03,6.669999999999999714e-03,6.340000000000000149e-03,6.700000000000000226e-03,6.769999999999999976e-03,6.300000000000000044e-03,-3.602999999999999953e-02,2.236000000000000140e-02,-2.376800000000000024e-01,-1.088000000000000078e-02,-6.409999999999999899e-03,-2.560000000000000209e-03,9.690000000000000696e-03,-5.210000000000000221e-03,-5.389999999999999826e-03,-4.519999999999999712e-03,-5.250000000000000326e-03,-5.459999999999999576e-03,-5.649999999999999641e-03,-4.899999999999999842e-03,-4.100000000000000346e-03,-4.590000000000000330e-03,-1.035999999999999942e-02,-8.970000000000000542e-03,-8.120000000000000481e-03,-7.820000000000000562e-03,-7.300000000000000065e-03,-6.130000000000000032e-03,-5.100000000000000366e-03,-5.120000000000000419e-03,-4.270000000000000358e-03,-4.040000000000000188e-03,-2.980000000000000010e-03,1.469999999999999953e-03,3.209000000000000047e-02,-1.618999999999999953e-02,-1.564000000000000112e-02,-1.728999999999999981e-02,-1.845000000000000112e-02,-1.931000000000000077e-02,-1.951999999999999916e-02,-1.935999999999999874e-02,-1.904000000000000137e-02,-1.874999999999999931e-02,-1.797999999999999945e-02,-1.699000000000000163e-02,-1.558000000000000010e-02,-1.418999999999999949e-02,-1.264999999999999979e-02,-1.094000000000000007e-02,-8.590000000000000413e-03,-6.080000000000000335e-03,-2.969999999999999984e-03,3.800000000000000209e-04,4.859999999999999737e-03,9.700000000000000289e-03,1.476000000000000055e-02,2.118000000000000091e-02,2.980000000000000010e-02,4.003999999999999920e-02,5.290999999999999870e-02,7.398000000000000409e-02,3.569999999999999823e-03,7.049999999999999843e-03,9.719999999999999474e-03,8.109999999999999154e-03,3.860000000000000150e-03,-5.400000000000000069e-04,-5.640000000000000048e-03,-4.440000000000000370e-03,-2.100000000000000087e-04,1.280000000000000105e-03,-3.660000000000000059e-03,-7.450000000000000025e-03,-1.026999999999999962e-02,-8.670000000000000623e-03,-5.510000000000000141e-03,-1.080000000000000014e-03,3.700000000000000164e-03,3.089999999999999865e-03,-7.100000000000000191e-04,-1.729999999999999984e-03
csi*c/cref,9.705232589048380654e-02,-2.397478362573099344e-03,-5.821542052099946615e-03,-7.692666028708133874e-03,-9.118466507177033428e-03,-1.024389346092503990e-02,-1.122893221690589999e-02,-1.172073290802764546e-02,-1.248795938330675079e-02,-1.374044550770866721e-02,-1.454150239234449846e-02,-1.545154502923976741e-02,-1.647367198298777674e-02,-1.776430802764487199e-02,-1.864665263157894853e-02,-2.034250505050505184e-02,-2.321825837320574265e-02,-1.730372089314194742e-02,1.950991020733652132e-02,-2.520170462519936289e-02,-3.224867171717172437e-02,-3.365943880914407105e-02,-4.558332041467304252e-02,-2.186530309409888129e-01,-8.402897506645400083e-02,-2.068218181818181831e-02,-2.681039074960127680e-02,-2.781342934609250944e-02,-2.871672259436470337e-02,-2.924741818181818276e-02,-2.972869074960127547e-02,-3.057041642743222112e-02,-3.116409750132907372e-02,-3.156751089845826613e-02,-3.206697192982455730e-02,-3.260814885699096083e-02,-3.303819914938862373e-02,-3.333445773524720129e-02,-3.362996539074959712e-02,-3.399426044657097301e-02,-3.433949048378522051e-02,-3.448296703880913971e-02,-3.478629032429558787e-02,-3.533594178628388788e-02,-3.556810909090908635e-02,-3.570428070175438867e-02,-3.602732503987240986e-02,-3.638218660287081963e-02,-3.664094976076554683e-02,-3.672488399787347119e-02,-3.680464747474747333e-02,-3.702382902711323642e-02,-3.705192291334396398e-02,-3.696291387559808711e-02,-3.694621116427432295e-02,-3.676406751727804428e-02,-3.670048421052631710e-02,-3.637549090909090316e-02,-3.592300159489632272e-02,-3.502164146730462474e-02,-3.467523657628920897e-02,-3.444378947368421234e-02,-4.492730536948431885e-02,7.658468899521531092e-02,-2.314648468899521694e-02,-3.309021244019138414e-02,-3.454227772461455903e-02,-3.532111786283891053e-02,3.548377267410950803e-02,3.470398086124401593e-02,3.326333014354066614e-02,2.355213205741626958e-02,-7.622000000000000997e-02,4.491527341839447740e-02,3.446770877192982530e-02,3.475844763423710515e-02,3.504524891015417531e-02,3.589958373205740655e-02,3.631742020202019527e-02,3.663136842105263469e-02,3.668409595959596509e-02,3.686690313662945723e-02,3.688426937799043487e-02,3.696280223285486333e-02,3.691337607655502395e-02,3.664038989898989879e-02,3.654033684210526711e-02,3.644725311004784474e-02,3.616886390217969455e-02,3.579475427963849099e-02,3.546331871345029252e-02,3.532932727272726503e-02,3.507876608187134038e-02,3.452129074960127303e-02,3.422043200425305826e-02,3.405941307814991381e-02,3.370692918660287557e-02,3.333556826156299641e-02,3.304290271132376278e-02,3.274948782562466659e-02,3.231275066454013939e-02,3.175564210526315989e-02,3.123128888888888552e-02,3.082204125465178024e-02,3.022271339712918545e-02,2.937553237639553214e-02,2.890691515151514596e-02,2.839754938862307579e-02,2.748889548112706110e-02,2.641994816586921979e-02,2.021018181818181811e-02,8.268232955874534051e-02,2.095939279106857900e-01,4.365319287612971083e-02,3.288673221690589787e-02,3.367327777777778114e-02,2.736959319510898561e-02,-1.817373083466241115e-02,1.705148006379585135e-02,2.285209229133439504e-02,1.998836427432217067e-02,1.829621291866028940e-02,1.740950568846358348e-02,1.618647963849016366e-02,1.523058320042530896e-02,1.428392344497607727e-02,1.347798755980861296e-02,1.226659580010632661e-02,1.149431823498139361e-02,1.099017751196172156e-02,1.000789303561935156e-02,8.877931419457736270e-03,7.476579904306219874e-03,5.600921265284422926e-03,2.116249229133439821e-03,-9.146183413078151636e-02,1.479190457203614917e-01,8.206482509303560449e-03,4.787377777777776858e-03,1.856109994683678840e-03,-6.235270388091442018e-03,3.092975438596491568e-03,3.251721371610845780e-03,2.637186602870812864e-03,3.021881977671450874e-03,3.128122913343966104e-03,3.256408399787346589e-03,2.643740988835725867e-03,2.118061988304093587e-03,2.742568421052631478e-03,7.481666985645933458e-03,6.726165071770336297e-03,6.406478203083466882e-03,6.347557363104733112e-03,6.205075066454014167e-03,5.690344125465177268e-03,5.123362892078681119e-03,5.450464433811801936e-03,5.262402232854864956e-03,5.647448165869218759e-03,5.793550770866559563e-03,5.472425837320574367e-03,-3.176079936204146553e-02,2.010129526847421674e-02,-1.299911217437533240e-01,-6.090486337054758226e-03,-3.670704731525783419e-03,-1.498940563530037342e-03,5.798442424242425050e-03,-3.184664433811802697e-03,-3.364064912280702313e-03,-2.879247208931419184e-03,-3.411802232854864100e-03,-3.618548963317383838e-03,-3.817159223817118141e-03,-3.373523657628920737e-03,-2.875514619883041186e-03,-3.278226315789473534e-03,-7.532562679425837231e-03,-6.637370813397130108e-03,-6.112879319510899391e-03,-5.987683785220628691e-03,-5.683443912812334228e-03,-4.851433864965443502e-03,-4.101907496012759634e-03,-4.183864752791068876e-03,-3.544236204146730858e-03,-3.405326953748006539e-03,-2.550189261031366242e-03,1.276899362041467294e-03,2.828765061137692577e-02,-8.495317331206805531e-03,-8.494740031897927632e-03,-9.709240404040404490e-03,-1.070031339712918840e-02,-1.155458660287081440e-02,-1.203961637426900419e-02,-1.229745964912280602e-02,-1.244473024986709510e-02,-1.260037878787878887e-02,-1.241394258373205647e-02,-1.204320930356193517e-02,-1.133066060606060556e-02,-1.058101754385964814e-02,-9.665581871345028594e-03,-8.560419138755980331e-03,-6.879717756512493745e-03,-4.981430303030304207e-03,-2.488042105263158204e-03,3.253313131313131349e-04,4.250290909090908772e-03,8.661671982987773771e-03,1.345184497607655565e-02,1.969278341307814997e-02,2.825613503455608536e-02,3.870277894736842000e-02,5.211705321637426919e-02,7.423367942583733448e-02,5.693779904306218824e-04,1.124401913875597942e-03,1.537320574162679429e-03,1.261124401913875197e-03,5.899787347155767978e-04,-8.110047846889951670e-05,-8.320574162679426206e-04,-6.432216905901117074e-04,-3.014354066985645993e-05,1.837320574162679566e-04,-5.837320574162679215e-04,-1.188197767145135388e-03,-1.624308878256246680e-03,-1.348205741626794154e-03,-8.421717171717171520e-04,-1.622009569377990334e-04,5.458532695374801241e-04,4.476475279106858335e-04,-1.019138755980861271e-04,-2.483253588516746448e-04
cso,0.000000000000000000e+00,0.000000000000000000e+00,0.000000000000000000e+00,0.000000000000000000e+00,0.000000000000000000e+00,0.000000000000000000e+00,0.000000000000000000e+00,0.000000000000000000e+00,0.000000000000000000e+00,0.000000000000000000e+00,0.000000000000000000e+00,0.000000000000000000e+00,0.000000000000000000e+00,0.000000000000000000e+00,0.000000000000000000e+00,0.000000000000000000e+00,1.000000000000000082e-05,1.000000000000000082e-05,1.000000000000000082e-05,1.000000000000000082e-05,1.000000000000000082e-05,1.000000000000000082e-05,1.000000000000000082e-05,1.000000000000000082e-05,2.000000000000000164e-05,3.000000000000000076e-05,3.000000000000000076e-05,3.000000000000000076e-05,3.000000000000000076e-05,3.000000000000000076e-05,3.000000000000000076e-05,3.000000000000000076e-05,3.000000000000000076e-05,4.000000000000000327e-05,4.000000000000000327e-05,4.000000000000000327e-05,4.000000000000000327e-05,4.000000000000000327e-05,4.000000000000000327e-05,4.000000000000000327e-05,4.000000000000000327e-05,4.000000000000000327e-05,4.000000000000000327e-05,4.000000000000000327e-05,4.000000000000000327e-05,4.000000000000000327e-05,4.000000000000000327e-05,4.000000000000000327e-05,4.000000000000000327e-05,4.000000000000000327e-05,4.000000000000000327e-05,4.000000000000000327e-05,4.000000000000000327e-05,4.000000000000000327e-05,4.000000000000000327e-05,4.000000000000000327e-05,4.000000000000000327e-05,4.000000000000000327e-05,4.000000000000000327e-05,4.000000000000000327e-05,4.000000000000000327e-05,4.000000000000000327e-05,3.000000000000000076e-05,2.000000000000000164e-05,1.000000000000000082e-05,0.000000000000000000e+00,0.000000000000000000e+00,0.000000000000000000e+00,-0.000000000000000000e+00,-0.000000000000000000e+00,-0.000000000000000000e+00,-1.000000000000000082e-05,-2.000000000000000164e-05,-3.000000000000000076e-05,-4.000000000000000327e-05,-4.000000000000000327e-05,-4.000000000000000327e-05,-4.000000000000000327e-05,-4.000000000000000327e-05,-4.000000000000000327e-05,-4.000000000000000327e-05,-4.000000000000000327e-05,-4.000000000000000327e-05,-4.000000000000000327e-05,-4.000000000000000327e-05,-4.000000000000000327e-05,-4.000000000000000327e-05,-4.000000000000000327e-05,-4.000000000000000327e-05,-4.000000000000000327e-05,-4.000000000000000327e-05,-4.000000000000000327e-05,-4.000000000000000327e-05,-4.000000000000000327e-05,-4.000000000000000327e-05,-4.000000000000000327e-05,-4.000000000000000327e-05,-4.000000000000000327e-05,-4.000000000000000327e-05,-4.000000000000000327e-05,-4.000000000000000327e-05,-4.000000000000000327e-05,-3.000000000000000076e-05,-3.000000000000000076e-05,-3.000000000000000076e-05,-3.000000000000000076e-05,-3.000000000000000076e-05,-3.000000000000000076e-05,-3.000000000000000076e-05,-3.000000000000000076e-05,-3.000000000000000076e-05,-2.000000000000000164e-05,-1.000000000000000082e-05,-1.000000000000000082e-05,-1.000000000000000082e-05,-1.000000000000000082e-05,-1.000000000000000082e-05,-1.000000000000000082e-05,-1.000000000000000082e-05,-1.000000000000000082e-05,-0.000000000000000000e+00,-0.000000000000000000e+00,-0.000000000000000000e+00,-0.000000000000000000e+00,-0.000000000000000000e+00,-0.000000000000000000e+00,-0.000000000000000000e+00,-0.000000000000000000e+00,-0.000000000000000000e+00,-0.000000000000000000e+00,-0.000000000000000000e+00,-0.000000000000000000e+00,-0.000000000000000000e+00,-0.000000000000000000e+00,-0.000000000000000000e+00,-0.000000000000000000e+00,-2.000000000000000164e-05,-2.000000000000000164e-05,-2.000000000000000164e-05,-2.000000000000000164e-05,-2.000000000000000164e-05,-2.000000000000000164e-05,-2.000000000000000164e-05,-2.000000000000000164e-05,-2.000000000000000164e-05,-2.000000000000000164e-05,-2.000000000000000164e-05,-2.000000000000000164e-05,-2.000000000000000164e-05,-2.000000000000000164e-05,-2.000000000000000164e-05,-2.000000000000000164e-05,-2.000000000000000164e-05,-2.000000000000000164e-05,-2.000000000000000164e-05,-2.000000000000000164e-05,-2.000000000000000164e-05,-2.000000000000000164e-05,-2.000000000000000164e-05,-2.000000000000000164e-05,-2.000000000000000164e-05,-2.000000000000000164e-05,-2.000000000000000164e-05,-1.000000000000000082e-05,2.000000000000000164e-05,2.000000000000000164e-05,2.000000000000000164e-05,2.000000000000000164e-05,2.000000000000000164e-05,2.000000000000000164e-05,2.000000000000000164e-05,2.000000000000000164e-05,2.000000000000000164e-05,2.000000000000000164e-05,2.000000000000000164e-05,2.000000000000000164e-05,2.000000000000000164e-05,2.000000000000000164e-05,2.000000000000000164e-05,2.000000000000000164e-05,2.000000000000000164e-05,2.000000000000000164e-05,2.000000000000000164e-05,2.000000000000000164e-05,2.000000000000000164e-05,2.000000000000000164e-05,2.000000000000000164e-05,2.000000000000000164e-05,2.000000000000000164e-05,2.000000000000000164e-05,2.000000000000000164e-05,0.000000000000000000e+00,0.000000000000000000e+00,0.000000000000000000e+00,0.000000000000000000e+00,0.000000000000000000e+00,0.000000000000000000e+00,0.000000000000000000e+00,0.000000000000000000e+00,0.000000000000000000e+00,0.000000000000000000e+00,0.000000000000000000e+00,0.000000000000000000e+00,0.000000000000000000e+00,0.000000000000000000e+00,0.000000000000000000e+00,0.000000000000000000e+00,0.000000000000000000e+00,0.000000000000000000e+00,0.000000000000000000e+00,0.000000000000000000e+00,0.000000000000000000e+00,0.000000000000000000e+00,0.000000000000000000e+00,0.000000000000000000e+00,0.000000000000000000e+00,0.000000000000000000e+00,0.000000000000000000e+00,0.000000000000000000e+00,0.000000000000000000e+00,0.000000000000000000e+00,0.000000000000000000e+00,0.000000000000000000e+00,0.000000000000000000e+00,0.000000000000000000e+00,0.000000000000000000e+00,0.000000000000000000e+00,0.000000000000000000e+00,0.000000000000000000e+00,0.000000000000000000e+00,0.000000000000000000e+00,0.000000000000000000e+00,0.000000000000000000e+00,0.000000000000000000e+00,0.000000000000000000e+00,0.000000000000000000e+00,0.000000000000000000e+00,0.000000000000000000e+00
cso*c/cref,0.000000000000000000e+00,0.000000000000000000e+00,0.000000000000000000e+00,0.000000000000000000e+00,0.000000000000000000e+00,0.000000000000000000e+00,0.000000000000000000e+00,0.000000000000000000e+00,0.000000000000000000e+00,0.000000000000000000e+00,0.000000000000000000e+00,0.000000000000000000e+00,0.000000000000000000e+00,0.000000000000000000e+00,0.000000000000000000e+00,0.000000000000000000e+00,8.321956406166933836e-06,8.408027644869750920e-06,8.456831472620947039e-06,8.468314726209463772e-06,8.479797979797980506e-06,8.491281233386497240e-06,8.502764486975013974e-06,8.514194577352472289e-06,1.704614566719830047e-05,2.574545454545454414e-05,2.602950558213716143e-05,2.631355661881977872e-05,2.659776714513556958e-05,2.688181818181818009e-05,2.716602870813397433e-05,2.745023923444976180e-05,2.773429027113237570e-05,3.735800106326422660e-05,3.773694843168527881e-05,3.811589580010633102e-05,3.849484316852738323e-05,3.887400318979266235e-05,3.925295055821371456e-05,3.963189792663477355e-05,4.001105794790005266e-05,4.039000531632110487e-05,4.076916533758639076e-05,4.114811270600744297e-05,4.152727272727272886e-05,4.190643274853802152e-05,4.228559276980330063e-05,4.266454013822435285e-05,4.304370015948963873e-05,4.342286018075492462e-05,4.380202020202020373e-05,4.418118022328548962e-05,4.456034024455077550e-05,4.493971291866029506e-05,4.531887293992558095e-05,4.569803296119086684e-05,4.607719298245614595e-05,4.645656565656565196e-05,4.683572567783093784e-05,4.721488569909623051e-05,4.754917597022860427e-05,4.783859649122807948e-05,3.609585326953748398e-05,2.431259968102073617e-05,1.229234449760765802e-05,0.000000000000000000e+00,0.000000000000000000e+00,0.000000000000000000e+00,-0.000000000000000000e+00,-0.000000000000000000e+00,-0.000000000000000000e+00,-1.229234449760765802e-05,-2.431259968102073617e-05,-3.609585326953748398e-05,-4.783859649122807948e-05,-4.754917597022860427e-05,-4.721488569909623051e-05,-4.683572567783093784e-05,-4.645656565656565196e-05,-4.607719298245614595e-05,-4.569803296119086684e-05,-4.531887293992558095e-05,-4.493971291866029506e-05,-4.456034024455077550e-05,-4.418118022328548962e-05,-4.380202020202020373e-05,-4.342286018075492462e-05,-4.304370015948963873e-05,-4.266454013822435285e-05,-4.228559276980330063e-05,-4.190643274853802152e-05,-4.152727272727272886e-05,-4.114811270600744297e-05,-4.076916533758639076e-05,-4.039000531632110487e-05,-4.001105794790005266e-05,-3.963189792663477355e-05,-3.925295055821371456e-05,-3.887400318979266235e-05,-3.849484316852738323e-05,-3.811589580010633102e-05,-3.773694843168527881e-05,-2.801850079744816656e-05,-2.773429027113237570e-05,-2.745023923444976180e-05,-2.716602870813397433e-05,-2.688181818181818009e-05,-2.659776714513556958e-05,-2.631355661881977872e-05,-2.602950558213716143e-05,-2.574545454545454414e-05,-1.704614566719830047e-05,-8.514194577352472289e-06,-8.502764486975013974e-06,-8.491281233386497240e-06,-8.479797979797980506e-06,-8.468314726209463772e-06,-8.456831472620947039e-06,-8.408027644869750920e-06,-8.321956406166933836e-06,-0.000000000000000000e+00,-0.000000000000000000e+00,-0.000000000000000000e+00,-0.000000000000000000e+00,-0.000000000000000000e+00,-0.000000000000000000e+00,-0.000000000000000000e+00,-0.000000000000000000e+00,-0.000000000000000000e+00,-0.000000000000000000e+00,-0.000000000000000000e+00,-0.000000000000000000e+00,-0.000000000000000000e+00,-0.000000000000000000e+00,-0.000000000000000000e+00,-0.000000000000000000e+00,-1.093833067517278154e-05,-1.119574694311536498e-05,-1.145305688463583159e-05,-1.171047315257841674e-05,-1.196788942052100188e-05,-1.222519936204146849e-05,-1.248261562998405363e-05,-1.274003189792663539e-05,-1.299734183944710200e-05,-1.325475810738968714e-05,-1.351206804891015375e-05,-1.376948431685273889e-05,-1.402690058479532234e-05,-1.428421052631578895e-05,-1.454162679425837409e-05,-1.479904306220095923e-05,-1.505635300372142754e-05,-1.531376927166401268e-05,-1.557107921318447760e-05,-1.582849548112705935e-05,-1.608591174906964449e-05,-1.634322169059011280e-05,-1.660063795853269794e-05,-1.685805422647527969e-05,-1.711536416799574800e-05,-1.737278043593833314e-05,-1.763019670388091490e-05,-8.989845826687932096e-06,1.093833067517278154e-05,1.119574694311536498e-05,1.145305688463583159e-05,1.171047315257841674e-05,1.196788942052100188e-05,1.222519936204146849e-05,1.248261562998405363e-05,1.274003189792663539e-05,1.299734183944710200e-05,1.325475810738968714e-05,1.351206804891015375e-05,1.376948431685273889e-05,1.402690058479532234e-05,1.428421052631578895e-05,1.454162679425837409e-05,1.479904306220095923e-05,1.505635300372142754e-05,1.531376927166401268e-05,1.557107921318447760e-05,1.582849548112705935e-05,1.608591174906964449e-05,1.634322169059011280e-05,1.660063795853269794e-05,1.685805422647527969e-05,1.711536416799574800e-05,1.737278043593833314e-05,1.763019670388091490e-05,0.000000000000000000e+00,0.000000000000000000e+00,0.000000000000000000e+00,0.000000000000000000e+00,0.000000000000000000e+00,0.000000000000000000e+00,0.000000000000000000e+00,0.000000000000000000e+00,0.000000000000000000e+00,0.000000000000000000e+00,0.000000000000000000e+00,0.000000000000000000e+00,0.000000000000000000e+00,0.000000000000000000e+00,0.000000000000000000e+00,0.000000000000000000e+00,0.000000000000000000e+00,0.000000000000000000e+00,0.000000000000000000e+00,0.000000000000000000e+00,0.000000000000000000e+00,0.000000000000000000e+00,0.000000000000000000e+00,0.000000000000000000e+00,0.000000000000000000e+00,0.000000000000000000e+00,0.000000000000000000e+00,0.000000000000000000e+00,0.000000000000000000e+00,0.000000000000000000e+00,0.000000000000000000e+00,0.000000000000000000e+00,0.000000000000000000e+00,0.000000000000000000e+00,0.000000000000000000e+00,0.000000000000000000e+00,0.000000000000000000e+00,0.000000000000000000e+00,0.000000000000000000e+00,0.000000000000000000e+00,0.000000000000000000e+00,0.000000000000000000e+00,0.000000000000000000e+00,0.000000000000000000e+00,0.000000000000000000e+00,0.000000000000000000e+00,0.000000000000000000e+00
cx,2.007000000000000103e-02,1.366999999999999986e-02,1.182000000000000065e-02,1.140000000000000041e-02,1.064999999999999974e-02,9.860000000000000708e-03,9.190000000000000252e-03,8.359999999999999376e-03,8.109999999999999154e-03,7.369999999999999815e-03,6.899999999999999883e-03,5.960000000000000020e-03,5.440000000000000391e-03,4.859999999999999737e-03,4.440000000000000370e-03,3.469999999999999994e-03,4.120000000000000398e-03,5.610000000000000403e-03,8.959999999999999215e-03,8.109999999999999154e-03,6.150000000000000085e-03,1.030999999999999972e-02,9.299999999999999239e-03,1.728999999999999981e-02,2.881999999999999840e-02,6.365999999999999437e-02,6.610000000000000597e-02,6.715000000000000135e-02,6.811000000000000387e-02,6.908999999999999864e-02,6.969000000000000195e-02,6.980999999999999706e-02,7.015000000000000402e-02,7.055000000000000160e-02,7.069999999999999896e-02,7.076000000000000345e-02,6.975000000000000644e-02,7.025000000000000688e-02,6.937999999999999723e-02,6.980999999999999706e-02,7.002999999999999503e-02,7.073000000000000120e-02,7.048999999999999710e-02,7.091000000000000081e-02,7.199999999999999456e-02,7.248999999999999888e-02,7.231999999999999540e-02,7.324999999999999567e-02,7.505000000000000560e-02,7.570999999999999952e-02,7.678999999999999715e-02,7.722999999999999310e-02,7.933999999999999386e-02,7.986999999999999655e-02,7.895000000000000628e-02,7.958999999999999408e-02,7.971999999999999920e-02,7.942000000000000448e-02,7.935000000000000386e-02,7.795000000000000540e-02,7.469000000000000639e-02,7.308000000000000607e-02,7.199999999999999456e-02,2.959000000000000172e-02,1.558999999999999969e-02,1.499999999999999944e-02,1.580000000000000154e-02,1.688999999999999876e-02,1.674000000000000141e-02,1.563000000000000153e-02,1.484000000000000076e-02,1.541999999999999968e-02,2.962000000000000050e-02,7.201000000000000456e-02,7.308000000000000607e-02,7.466000000000000414e-02,7.821000000000000174e-02,7.961000000000000021e-02,7.975000000000000144e-02,8.013000000000000678e-02,7.989000000000000268e-02,7.928999999999999937e-02,8.015999999999999515e-02,7.974000000000000532e-02,7.742999999999999883e-02,7.702000000000000512e-02,7.603000000000000036e-02,7.535999999999999643e-02,7.373999999999999999e-02,7.285999999999999421e-02,7.313000000000000056e-02,7.266000000000000236e-02,7.172000000000000597e-02,7.134999999999999676e-02,7.166000000000000147e-02,7.101999999999999980e-02,7.090000000000000469e-02,7.051999999999999935e-02,7.138999999999999513e-02,7.093000000000000693e-02,7.194000000000000394e-02,7.191999999999999782e-02,7.179000000000000659e-02,7.141999999999999738e-02,7.098000000000000143e-02,7.088999999999999468e-02,7.030000000000000138e-02,6.933000000000000274e-02,6.840000000000000246e-02,6.729999999999999871e-02,6.479000000000000037e-02,2.981999999999999929e-02,1.611999999999999891e-02,9.570000000000000381e-03,1.243000000000000008e-02,1.106999999999999998e-02,1.115000000000000019e-02,1.082999999999999935e-02,7.219999999999999855e-03,5.819999999999999653e-03,4.799999999999999580e-03,5.729999999999999850e-03,6.130000000000000032e-03,6.669999999999999714e-03,7.570000000000000340e-03,8.429999999999999993e-03,8.850000000000000228e-03,9.530000000000000276e-03,9.310000000000000567e-03,1.007000000000000083e-02,1.060000000000000005e-02,1.128000000000000010e-02,1.188999999999999953e-02,1.225000000000000047e-02,1.293000000000000052e-02,1.959999999999999937e-02,1.147699999999999970e-01,8.297000000000000208e-02,9.196000000000000008e-02,1.004199999999999954e-01,9.563000000000000667e-02,1.043199999999999961e-01,1.086499999999999966e-01,1.103100000000000053e-01,1.292200000000000015e-01,1.310900000000000121e-01,1.355200000000000016e-01,1.369900000000000007e-01,1.381499999999999950e-01,1.390000000000000124e-01,1.342700000000000005e-01,1.350699999999999956e-01,1.223100000000000021e-01,1.220799999999999941e-01,1.203199999999999964e-01,1.199699999999999933e-01,1.122800000000000048e-01,1.112199999999999994e-01,1.087800000000000017e-01,1.072000000000000036e-01,1.028099999999999986e-01,9.690000000000000002e-02,8.880000000000000393e-02,1.856999999999999970e-02,9.753000000000000558e-02,8.047999999999999599e-02,8.917999999999999539e-02,9.632999999999999896e-02,9.149000000000000188e-02,9.934999999999999387e-02,1.035200000000000009e-01,1.048199999999999965e-01,1.232599999999999946e-01,1.246000000000000024e-01,1.286299999999999943e-01,1.295000000000000040e-01,1.297999999999999987e-01,1.299200000000000077e-01,1.245799999999999963e-01,1.243999999999999967e-01,1.103599999999999998e-01,1.091099999999999987e-01,1.054299999999999959e-01,1.030599999999999988e-01,9.443999999999999617e-02,9.064999999999999447e-02,8.469999999999999751e-02,7.820000000000000562e-02,6.665999999999999703e-02,5.177999999999999964e-02,3.733999999999999819e-02,8.410000000000000808e-03,8.349999999999999784e-03,8.300000000000000086e-03,8.250000000000000389e-03,8.219999999999999876e-03,8.189999999999999364e-03,8.149999999999999259e-03,8.120000000000000481e-03,8.080000000000000376e-03,8.049999999999999864e-03,8.040000000000000271e-03,8.009999999999999759e-03,8.000000000000000167e-03,7.960000000000000062e-03,7.939999999999999142e-03,7.919999999999999957e-03,7.879999999999999852e-03,7.860000000000000667e-03,7.830000000000000154e-03,7.799999999999999642e-03,7.779999999999999589e-03,7.760000000000000404e-03,7.729999999999999892e-03,7.709999999999999840e-03,7.689999999999999787e-03,7.660000000000000142e-03,7.740000000000000352e-03,1.010999999999999920e-02,1.009000000000000001e-02,1.020000000000000073e-02,1.017999999999999981e-02,9.969999999999999696e-03,9.950000000000000511e-03,9.509999999999999357e-03,9.509999999999999357e-03,9.790000000000000091e-03,1.001999999999999939e-02,1.010999999999999920e-02,1.009000000000000001e-02,1.020000000000000073e-02,1.018999999999999941e-02,9.979999999999999288e-03,9.990000000000000616e-03,9.639999999999999264e-03,9.620000000000000079e-03,9.839999999999999789e-03,1.004000000000000031e-02
cx*c/cref,1.393803349282296891e-02,9.611005635300371927e-03,8.412057097288675941e-03,8.211272727272726779e-03,7.762723285486443532e-03,7.271763104731526067e-03,6.856736682615629380e-03,6.309422222222221821e-03,6.190547102604996785e-03,5.689161988304093816e-03,5.385741626794258302e-03,4.703330356193514278e-03,4.339795427963849712e-03,3.918953110047846897e-03,3.618493779904306470e-03,2.857833705475810743e-03,3.428646039340776767e-03,4.716903508771929689e-03,7.577320999468366812e-03,6.867803242955873751e-03,5.215075757575757774e-03,8.754510951621477868e-03,7.907570972886761654e-03,1.472104242424242433e-02,2.456349590643274600e-02,5.463185454545453623e-02,5.735167729930887998e-02,5.889851089845827420e-02,6.038579734183945752e-02,6.190882727272726399e-02,6.310668468899521821e-02,6.387670669856458650e-02,6.485201541733121022e-02,6.589017437533227495e-02,6.670005635300371716e-02,6.742701967038809696e-02,6.712538277511961859e-02,6.827246810207336647e-02,6.808424274322168179e-02,6.916756985645933220e-02,7.004935970228601261e-02,7.141962690058480112e-02,7.184546161616160720e-02,7.294531679957469428e-02,7.474909090909090392e-02,7.594493274853801601e-02,7.645235172780436017e-02,7.812943912812334024e-02,8.076074242424242933e-02,8.218861860712387002e-02,8.408892828282828191e-02,8.530281371610844154e-02,8.838543487506644869e-02,8.973337177033494094e-02,8.944812546517810770e-02,9.092766108452950136e-02,9.183184561403509583e-02,9.223951111111110268e-02,9.291037081339711956e-02,9.201000850611378012e-02,8.878619883040936300e-02,8.740111578947369619e-02,8.663004784688994875e-02,3.597049122807018107e-02,1.916376507177033547e-02,1.854832535885167152e-02,1.965315045188729265e-02,2.113261355661881502e-02,2.094493492822966513e-02,1.944169250398724083e-02,1.835047655502392364e-02,1.895479521531100511e-02,3.600696012759170561e-02,8.664207979797980408e-02,8.740111578947369619e-02,8.875053694843169916e-02,9.231690526315790291e-02,9.321480303030300896e-02,9.262277777777776222e-02,9.230413684210528324e-02,9.127039633173844591e-02,8.983333588516746737e-02,9.005918468899522245e-02,8.883103827751195891e-02,8.552371961722488036e-02,8.434078989898990963e-02,8.253600148856991836e-02,8.109433110047846449e-02,7.865207974481659703e-02,7.702320723019670523e-02,7.661543567251462294e-02,7.543429090909090085e-02,7.377856608187134679e-02,7.272199867091971859e-02,7.235869452418926262e-02,7.103963338649654791e-02,7.024753907496013305e-02,6.920295183413077700e-02,6.938037719298244255e-02,6.826098064859117964e-02,6.855143859649122373e-02,6.785103328017011437e-02,6.704827240829346058e-02,6.602610037214247385e-02,6.494726602870813659e-02,6.419332583732056952e-02,6.299306060606060798e-02,6.146743987240829710e-02,5.999490909090909874e-02,5.839285752259436302e-02,5.560160000000000102e-02,2.541580318979266145e-02,1.372488165869218367e-02,8.137145614035088542e-03,1.055466257309941452e-02,9.387136363636364861e-03,9.442170919723550521e-03,9.158748484848483820e-03,6.070595959595958928e-03,4.843378628389154693e-03,3.953199362041467241e-03,4.669812918660286478e-03,4.943041679957469250e-03,5.321035938330675313e-03,5.973860871876662121e-03,6.579971291866029172e-03,6.831625996810208185e-03,7.274465337586390190e-03,7.026402020202020780e-03,7.513312121212121358e-03,7.817514088250930235e-03,8.221926634768740236e-03,8.564213397129184779e-03,8.718079479000532053e-03,9.090731738437001982e-03,1.361163211057947985e-02,6.276961057947899603e-02,4.644555619351408565e-02,5.266115555555554717e-02,5.879828569909622410e-02,5.722446326422116897e-02,6.376663987240829834e-02,6.781180940988836003e-02,7.026764593301434991e-02,8.397582562466772427e-02,8.687831201488570299e-02,9.155777309941519337e-02,9.431408282828282474e-02,9.689081578947367213e-02,9.927526315789474143e-02,9.762521148325359333e-02,9.994533732057417352e-02,9.207712679425837654e-02,9.347524763423711858e-02,9.367561254651780855e-02,9.494723014354065904e-02,9.030630855927698764e-02,9.088465582137160437e-02,9.029086985645932983e-02,9.035917065390750014e-02,8.798152950558213448e-02,8.417112121212121101e-02,7.827807336523126547e-02,1.669414370015949098e-02,5.334076953748006361e-02,4.505168569909621945e-02,5.106918064859116563e-02,5.640349393939393663e-02,5.474711015417332155e-02,6.072867783094098443e-02,6.461001850079746422e-02,6.677050717703347793e-02,8.010261775651247862e-02,8.257714300903774840e-02,8.690286565656564488e-02,8.915741095162148244e-02,9.103458479532162972e-02,9.279023157894736307e-02,9.057979330143541008e-02,9.205004784688995689e-02,8.308095587453483144e-02,8.354426826156301222e-02,8.208294407230197487e-02,8.156423721424772844e-02,7.595767527910685102e-02,7.407565231259967409e-02,7.030370175438596658e-02,6.591499202551834302e-02,5.704550877192982039e-02,4.497812854864433746e-02,3.291557724614566777e-02,4.412947421584264424e-03,4.535235247208931585e-03,4.660884635832004790e-03,4.784692982456140858e-03,4.918627751196172175e-03,5.051457894736841557e-03,5.176874800637958421e-03,5.307311430090378562e-03,5.429923232323233262e-03,5.557966507177033132e-03,5.699081977671451547e-03,5.825326794258372208e-03,5.965337586390217876e-03,6.082057841573631184e-03,6.212955023923443995e-03,6.343115789473684207e-03,6.456195853269538001e-03,6.584515470494418585e-03,6.703537320574162565e-03,6.821454545454544612e-03,6.947196703880914592e-03,7.072243700159490040e-03,7.187215098351939710e-03,7.310563795853268661e-03,7.433176076555024145e-03,7.545201807549176479e-03,7.766540669856460827e-03,1.612440191387559587e-03,1.609250398724082834e-03,1.613237639553429100e-03,1.583014354066985359e-03,1.523856990962253960e-03,1.494351408825093019e-03,1.402990430622009415e-03,1.377711323763955312e-03,1.405263157894736910e-03,1.438277511961722323e-03,1.612440191387559587e-03,1.609250398724082834e-03,1.613237639553429100e-03,1.584569377990430270e-03,1.525385433280169968e-03,1.500358851674641215e-03,1.422169059011164265e-03,1.393646996278575384e-03,1.412440191387559713e-03,1.441148325358851791e-03
cxi,1.173000000000000084e-02,5.060000000000000261e-03,3.000000000000000062e-03,2.399999999999999790e-03,1.479999999999999979e-03,5.299999999999999807e-04,-2.900000000000000017e-04,-1.260000000000000052e-03,-1.660000000000000017e-03,-2.540000000000000157e-03,-3.150000000000000022e-03,-4.219999999999999793e-03,-4.890000000000000249e-03,-5.629999999999999588e-03,-6.230000000000000294e-03,-7.400000000000000328e-03,-6.989999999999999686e-03,-5.799999999999999600e-03,-2.619999999999999933e-03,-3.579999999999999849e-03,-5.660000000000000100e-03,-1.600000000000000077e-03,-2.739999999999999814e-03,5.100000000000000366e-03,1.629999999999999852e-02,5.029999999999999749e-02,5.226999999999999702e-02,5.296000000000000013e-02,5.365000000000000324e-02,5.437999999999999778e-02,5.476999999999999924e-02,5.471000000000000169e-02,5.489000000000000129e-02,5.514999999999999764e-02,5.517999999999999988e-02,5.514000000000000151e-02,5.405999999999999694e-02,5.448999999999999677e-02,5.356000000000000344e-02,5.394000000000000183e-02,5.412000000000000144e-02,5.480000000000000149e-02,5.451999999999999902e-02,5.492999999999999966e-02,5.603000000000000341e-02,5.652000000000000079e-02,5.636000000000000038e-02,5.730999999999999983e-02,5.913000000000000200e-02,5.983000000000000124e-02,6.094999999999999724e-02,6.144000000000000156e-02,6.363000000000000600e-02,6.422999999999999543e-02,6.339000000000000190e-02,6.414000000000000257e-02,6.436999999999999666e-02,6.421000000000000318e-02,6.429999999999999605e-02,6.310000000000000331e-02,6.006000000000000227e-02,5.870000000000000218e-02,5.791999999999999926e-02,1.611999999999999891e-02,2.550000000000000183e-03,2.170000000000000054e-03,3.109999999999999917e-03,4.300000000000000003e-03,4.150000000000000043e-03,2.949999999999999931e-03,2.020000000000000094e-03,2.390000000000000197e-03,1.617000000000000035e-02,5.797000000000000069e-02,5.872999999999999748e-02,6.006999999999999840e-02,6.339999999999999802e-02,6.461000000000000076e-02,6.458999999999999464e-02,6.485000000000000486e-02,6.450000000000000178e-02,6.381000000000000560e-02,6.460000000000000464e-02,6.411000000000000032e-02,6.174000000000000321e-02,6.128000000000000114e-02,6.024000000000000188e-02,5.954999999999999877e-02,5.791999999999999926e-02,5.702000000000000124e-02,5.729000000000000065e-02,5.680999999999999939e-02,5.587999999999999912e-02,5.551999999999999991e-02,5.587000000000000299e-02,5.525999999999999662e-02,5.517999999999999988e-02,5.485999999999999904e-02,5.578999999999999931e-02,5.539999999999999786e-02,5.648999999999999855e-02,5.657000000000000223e-02,5.655999999999999917e-02,5.634000000000000119e-02,5.605000000000000260e-02,5.614000000000000240e-02,5.575999999999999707e-02,5.503000000000000252e-02,5.437000000000000166e-02,5.362999999999999712e-02,5.158999999999999697e-02,1.744000000000000064e-02,4.069999999999999833e-03,-2.330000000000000040e-03,6.400000000000000524e-04,-5.999999999999999474e-04,-4.200000000000000174e-04,-6.300000000000000261e-04,-4.069999999999999833e-03,-5.170000000000000116e-03,-5.950000000000000427e-03,-4.819999999999999632e-03,-4.259999999999999898e-03,-3.559999999999999797e-03,-2.520000000000000104e-03,-1.520000000000000084e-03,-9.700000000000000505e-04,-1.499999999999999869e-04,-2.400000000000000061e-04,6.599999999999999964e-04,1.330000000000000019e-03,2.170000000000000054e-03,2.939999999999999905e-03,3.480000000000000020e-03,4.360000000000000160e-03,1.127000000000000050e-02,1.059100000000000041e-01,7.363999999999999713e-02,8.228000000000000591e-02,9.045999999999999874e-02,8.544999999999999818e-02,9.396999999999999797e-02,9.818000000000000338e-02,9.972999999999999921e-02,1.185699999999999948e-01,1.203800000000000009e-01,1.247599999999999959e-01,1.262000000000000066e-01,1.273499999999999910e-01,1.281799999999999884e-01,1.234299999999999981e-01,1.242400000000000032e-01,1.114799999999999958e-01,1.112699999999999939e-01,1.095200000000000062e-01,1.091799999999999993e-01,1.015000000000000069e-01,1.004499999999999976e-01,9.800999999999999990e-02,9.646000000000000407e-02,9.216000000000000580e-02,8.641999999999999682e-02,7.870000000000000606e-02,9.390000000000000777e-03,8.876000000000000556e-02,7.131999999999999451e-02,7.974000000000000532e-02,8.669000000000000317e-02,8.169999999999999485e-02,8.944000000000000561e-02,9.353000000000000203e-02,9.476999999999999313e-02,1.131800000000000028e-01,1.144899999999999946e-01,1.185100000000000042e-01,1.193800000000000000e-01,1.196900000000000047e-01,1.198199999999999960e-01,1.145000000000000046e-01,1.143600000000000033e-01,1.003499999999999948e-01,9.914000000000000590e-02,9.550000000000000155e-02,9.318999999999999506e-02,8.462000000000000077e-02,8.089999999999999969e-02,7.502000000000000335e-02,6.864000000000000656e-02,5.727000000000000146e-02,4.266999999999999960e-02,2.879999999999999921e-02,-3.000000000000000076e-05,-5.000000000000000240e-05,-6.000000000000000152e-05,-6.000000000000000152e-05,-5.000000000000000240e-05,-5.000000000000000240e-05,-5.000000000000000240e-05,-5.000000000000000240e-05,-5.000000000000000240e-05,-5.000000000000000240e-05,-3.000000000000000076e-05,-3.000000000000000076e-05,-1.000000000000000082e-05,-2.000000000000000164e-05,-2.000000000000000164e-05,-0.000000000000000000e+00,-2.000000000000000164e-05,-2.000000000000000164e-05,-2.000000000000000164e-05,-2.000000000000000164e-05,-2.000000000000000164e-05,-2.000000000000000164e-05,-3.000000000000000076e-05,-2.000000000000000164e-05,-3.000000000000000076e-05,-3.000000000000000076e-05,6.000000000000000152e-05,-5.000000000000000240e-05,-6.999999999999999387e-05,2.000000000000000164e-05,-2.000000000000000164e-05,-2.599999999999999772e-04,-3.099999999999999999e-04,-7.900000000000000121e-04,-8.099999999999999561e-04,-5.400000000000000069e-04,-3.099999999999999999e-04,-5.000000000000000240e-05,-6.999999999999999387e-05,2.000000000000000164e-05,-2.000000000000000164e-05,-2.500000000000000052e-04,-2.700000000000000035e-04,-6.599999999999999964e-04,-6.999999999999999929e-04,-5.000000000000000104e-04,-2.900000000000000017e-04
cxi*c/cref,8.146145135566188952e-03,3.557548538011696179e-03,2.135039872408293644e-03,1.728688995215310695e-03,1.078763423710792091e-03,3.908757044125465226e-04,-2.163714513556618630e-04,-9.509416267942584922e-04,-1.267115683147262148e-03,-1.960715257841574074e-03,-2.458708133971291947e-03,-3.330210419989367617e-03,-3.901029346092504350e-03,-4.539857203615098313e-03,-5.077300956937798836e-03,-6.094515683147262719e-03,-5.817047527910685321e-03,-4.876656034024454307e-03,-2.215689845826687623e-03,-3.031656671982987678e-03,-4.799565656565657305e-03,-1.358604997341839558e-03,-2.329757469431153246e-03,4.342239234449761162e-03,1.389260871876661120e-02,4.316654545454545050e-02,4.535207522594364438e-02,4.645219861775651965e-02,4.756567357788411138e-02,4.872777575757575308e-02,4.959611307814992126e-02,5.006008628389155279e-02,5.074450643274853318e-02,5.150734396597553971e-02,5.205812036150983535e-02,5.254276236044656823e-02,5.202578054226474763e-02,5.295611084529504992e-02,5.255970079744816392e-02,5.344361435406699140e-02,5.413496140350877034e-02,5.533430728335991811e-02,5.556837235513024942e-02,5.650664577352471768e-02,5.816932727272727116e-02,5.921378947368421963e-02,5.958040021265285230e-02,6.112761988304094007e-02,6.362934976076554949e-02,6.494974311536416689e-02,6.674332828282827923e-02,6.786229282296650511e-02,7.088436124401914507e-02,7.216194401913876566e-02,7.181908389154706418e-02,7.327679585326954403e-02,7.414972280701755125e-02,7.457440202020201858e-02,7.528842902711321838e-02,7.448148219032429962e-02,7.139508771929825581e-02,7.020314035087719950e-02,6.968906071238703537e-02,1.959595534290271140e-02,3.134547846889952812e-03,2.683324401913875397e-03,3.868436576289207163e-03,5.380120680489100353e-03,5.192442052099946123e-03,3.669417331206804508e-03,2.497841148325358716e-03,2.937870334928230093e-03,1.965673684210526503e-02,6.974922046783625651e-02,7.023901929824562240e-02,7.140697501329079655e-02,7.483559383306750967e-02,7.565140590111640861e-02,7.501573939393937906e-02,7.470264912280702441e-02,7.368807814992026084e-02,7.229493205741628625e-02,7.257763636363637194e-02,7.141908532695374900e-02,6.819365167464115640e-02,6.710469494949494740e-02,6.539482743221690375e-02,6.408130861244019927e-02,6.177825412014886081e-02,6.027811249335460198e-02,6.002048830409357355e-02,5.897910909090908760e-02,5.748391345029239125e-02,5.658760148856990801e-02,5.641473992557150680e-02,5.527527655502392084e-02,5.467220318979266330e-02,5.383542169059010729e-02,5.421951594896331356e-02,5.331535778841041406e-02,5.382917384370015934e-02,5.336947931951090129e-02,5.282421350345560540e-02,5.208499712918659985e-02,5.128619696969697467e-02,5.083669505582137649e-02,4.996433939393939150e-02,4.878917086656034408e-02,4.768893577884104895e-02,4.653207947900053071e-02,4.427359999999999629e-02,1.486423902179691628e-02,3.465277192982456084e-03,-1.981144125465177964e-03,5.434419989367358234e-04,-5.087878787878787491e-04,-3.556692185007974513e-04,-5.327803827751196025e-04,-3.422067251461987942e-03,-4.302451461988304054e-03,-4.900320042530569888e-03,-3.928184688995214544e-03,-3.435131738437001772e-03,-2.840013184476342361e-03,-1.988656459330143903e-03,-1.186424242424242515e-03,-7.487770866560340775e-04,-1.144984051036682489e-04,-1.811317384370016072e-04,4.924315789473683331e-04,9.808767676767677409e-04,1.581700425305688574e-03,2.117644019138755808e-03,2.476646251993620297e-03,3.065397554492291579e-03,7.826688463583201388e-03,5.792393009037746093e-02,4.122274024455076930e-02,4.711787602339181230e-02,5.296647006911217592e-02,5.113280754917597093e-02,5.744009920255183782e-02,6.127716012759171910e-02,6.352816905901115252e-02,7.705474109516213810e-02,7.978038904837851664e-02,8.428828048910153026e-02,8.688544603934078570e-02,8.931628947368419613e-02,9.154750526315787174e-02,8.974364976076554257e-02,9.193165550239235095e-02,8.392411164274322932e-02,8.519815534290271775e-02,8.526722977139820914e-02,8.640775683147261521e-02,8.163600212652843968e-02,8.208383094098882504e-02,8.135142631578948236e-02,8.130639553429026833e-02,7.886759808612439637e-02,7.506778426368952706e-02,6.937482402977139528e-02,8.441465231259968199e-03,4.854431153641679958e-02,3.992403359914938055e-02,4.566333779904305917e-02,5.075904587985114597e-02,4.888882828282828386e-02,5.467109154704944546e-02,5.837495199362042336e-02,6.036864114832534572e-02,7.355195746943114787e-02,7.587686278575225818e-02,8.006575922381711785e-02,8.219005188729398836e-02,8.394398654970759710e-02,8.557670526315788728e-02,8.325081339712918360e-02,8.462092822966507666e-02,7.554525119617225282e-02,7.591035427963850613e-02,7.435190324295588848e-02,7.375287469431152099e-02,6.805949261031365993e-02,6.610833173843699839e-02,6.226899298245614639e-02,5.785684210526316484e-02,4.900984529505581638e-02,3.706482706007442618e-02,2.538748325358851365e-02,-1.574178628389154972e-05,-2.715709728867623797e-05,-3.369314194577352592e-05,-3.479776714513556899e-05,-2.991866028708133887e-05,-3.083918128654970358e-05,-3.175996810207336546e-05,-3.268048910154173694e-05,-3.360101010101010843e-05,-3.452153110047847314e-05,-2.126523125996810203e-05,-2.181770334928229374e-05,-7.456671982987772888e-06,-1.528155236576289234e-05,-1.564976076555023890e-05,-0.000000000000000000e+00,-1.638628389154705224e-05,-1.675449229133439881e-05,-1.712270069112174537e-05,-1.749090909090909193e-05,-1.785911749069644188e-05,-1.822743221690590189e-05,-2.789346092503987098e-05,-1.896384901648059501e-05,-2.899808612440191405e-05,-2.955039872408293897e-05,6.020574162679426814e-05,-7.974481658692184109e-06,-1.116427432216905741e-05,3.163211057947900420e-06,-3.110047846889952108e-06,-3.973950026581605019e-05,-4.655768208399787270e-05,-1.165470494417862845e-04,-1.173444976076554999e-04,-7.751196172248803402e-05,-4.449760765550239065e-05,-7.974481658692184109e-06,-1.116427432216905741e-05,3.163211057947900420e-06,-3.110047846889952108e-06,-3.821105794790004956e-05,-4.055023923444975835e-05,-9.736842105263158326e-05,-1.014088250930356312e-04,-7.177033492822966715e-05,-4.162679425837320722e-05
cxo,8.340000000000000191e-03,8.609999999999999598e-03,8.819999999999999715e-03,9.010000000000000647e-03,9.169999999999999332e-03,9.329999999999999752e-03,9.480000000000000579e-03,9.629999999999999671e-03,9.769999999999999171e-03,9.900000000000000813e-03,1.004000000000000031e-02,1.018999999999999941e-02,1.033000000000000064e-02,1.048999999999999932e-02,1.067000000000000066e-02,1.086999999999999945e-02,1.111000000000000008e-02,1.141000000000000000e-02,1.158999999999999961e-02,1.170000000000000033e-02,1.180999999999999932e-02,1.192000000000000004e-02,1.204000000000000035e-02,1.218999999999999945e-02,1.251999999999999988e-02,1.336000000000000035e-02,1.383000000000000028e-02,1.418999999999999949e-02,1.446000000000000063e-02,1.471000000000000085e-02,1.491999999999999924e-02,1.510000000000000057e-02,1.525999999999999926e-02,1.540000000000000049e-02,1.552000000000000081e-02,1.562000000000000020e-02,1.568999999999999909e-02,1.575999999999999970e-02,1.582000000000000073e-02,1.586999999999999869e-02,1.591000000000000053e-02,1.593999999999999931e-02,1.595999999999999849e-02,1.597000000000000156e-02,1.597000000000000156e-02,1.597000000000000156e-02,1.595999999999999849e-02,1.593999999999999931e-02,1.592000000000000012e-02,1.589000000000000135e-02,1.583999999999999991e-02,1.577999999999999889e-02,1.570999999999999827e-02,1.564000000000000112e-02,1.554999999999999959e-02,1.545000000000000019e-02,1.535000000000000080e-02,1.520999999999999956e-02,1.504999999999999914e-02,1.485000000000000035e-02,1.463000000000000064e-02,1.439000000000000001e-02,1.406999999999999917e-02,1.346999999999999933e-02,1.305000000000000084e-02,1.282999999999999939e-02,1.268999999999999989e-02,1.260000000000000009e-02,1.259000000000000050e-02,1.268000000000000030e-02,1.281999999999999980e-02,1.302999999999999992e-02,1.345000000000000015e-02,1.404999999999999999e-02,1.435999999999999950e-02,1.460000000000000013e-02,1.481000000000000025e-02,1.499999999999999944e-02,1.515000000000000027e-02,1.528999999999999977e-02,1.538999999999999917e-02,1.548000000000000070e-02,1.555999999999999918e-02,1.563000000000000153e-02,1.568999999999999909e-02,1.574000000000000052e-02,1.577999999999999889e-02,1.581000000000000114e-02,1.583000000000000032e-02,1.583999999999999991e-02,1.584999999999999951e-02,1.584999999999999951e-02,1.583999999999999991e-02,1.582000000000000073e-02,1.580000000000000154e-02,1.575999999999999970e-02,1.572000000000000133e-02,1.566999999999999990e-02,1.559999999999999928e-02,1.553000000000000040e-02,1.545000000000000019e-02,1.535000000000000080e-02,1.523000000000000048e-02,1.508999999999999925e-02,1.493000000000000056e-02,1.474999999999999922e-02,1.454000000000000084e-02,1.430000000000000021e-02,1.401999999999999948e-02,1.366999999999999986e-02,1.319999999999999993e-02,1.238000000000000038e-02,1.204999999999999995e-02,1.191000000000000045e-02,1.179000000000000013e-02,1.167999999999999941e-02,1.157000000000000042e-02,1.145999999999999970e-02,1.128999999999999969e-02,1.098999999999999977e-02,1.074999999999999914e-02,1.055999999999999994e-02,1.038999999999999993e-02,1.022999999999999951e-02,1.009000000000000001e-02,9.950000000000000511e-03,9.820000000000000603e-03,9.679999999999999369e-03,9.549999999999999462e-03,9.409999999999999962e-03,9.270000000000000462e-03,9.119999999999999635e-03,8.959999999999999215e-03,8.779999999999999610e-03,8.569999999999999493e-03,8.330000000000000598e-03,8.859999999999999820e-03,9.329999999999999752e-03,9.679999999999999369e-03,9.969999999999999696e-03,1.017999999999999981e-02,1.034999999999999983e-02,1.047000000000000014e-02,1.058000000000000086e-02,1.065999999999999934e-02,1.072000000000000036e-02,1.076000000000000047e-02,1.078999999999999924e-02,1.081000000000000016e-02,1.081999999999999976e-02,1.082999999999999935e-02,1.082999999999999935e-02,1.082999999999999935e-02,1.081000000000000016e-02,1.081000000000000016e-02,1.078999999999999924e-02,1.077999999999999965e-02,1.077000000000000006e-02,1.077000000000000006e-02,1.073999999999999955e-02,1.064999999999999974e-02,1.047999999999999973e-02,1.010999999999999920e-02,9.180000000000000659e-03,8.760000000000000425e-03,9.159999999999999740e-03,9.440000000000000474e-03,9.639999999999999264e-03,9.790000000000000091e-03,9.910000000000000406e-03,9.990000000000000616e-03,1.004999999999999991e-02,1.009000000000000001e-02,1.010999999999999920e-02,1.012000000000000052e-02,1.012000000000000052e-02,1.010999999999999920e-02,1.009999999999999960e-02,1.008000000000000042e-02,1.004999999999999991e-02,1.000999999999999980e-02,9.969999999999999696e-03,9.929999999999999591e-03,9.870000000000000301e-03,9.820000000000000603e-03,9.749999999999999986e-03,9.679999999999999369e-03,9.570000000000000381e-03,9.390000000000000777e-03,9.119999999999999635e-03,8.540000000000000716e-03,8.439999999999999586e-03,8.399999999999999481e-03,8.359999999999999376e-03,8.319999999999999271e-03,8.279999999999999166e-03,8.240000000000000796e-03,8.200000000000000691e-03,8.170000000000000179e-03,8.139999999999999666e-03,8.099999999999999561e-03,8.070000000000000784e-03,8.040000000000000271e-03,8.009999999999999759e-03,7.979999999999999247e-03,7.950000000000000469e-03,7.929999999999999549e-03,7.900000000000000772e-03,7.870000000000000259e-03,7.849999999999999339e-03,7.820000000000000562e-03,7.799999999999999642e-03,7.779999999999999589e-03,7.749999999999999944e-03,7.729999999999999892e-03,7.709999999999999840e-03,7.700000000000000247e-03,7.680000000000000195e-03,1.016000000000000063e-02,1.016000000000000063e-02,1.017999999999999981e-02,1.021000000000000033e-02,1.022999999999999951e-02,1.026000000000000002e-02,1.029000000000000054e-02,1.031999999999999931e-02,1.034000000000000023e-02,1.034000000000000023e-02,1.016000000000000063e-02,1.016000000000000063e-02,1.017999999999999981e-02,1.021000000000000033e-02,1.022999999999999951e-02,1.026000000000000002e-02,1.029000000000000054e-02,1.031999999999999931e-02,1.034000000000000023e-02,1.034000000000000023e-02
cxo*c/cref,5.791888357256779092e-03,6.053457097288676182e-03,6.277017224880382731e-03,6.489786602870813159e-03,6.683959861775650574e-03,6.880887400318978948e-03,7.073108133971292219e-03,7.267911004784689301e-03,7.457662785752258716e-03,7.642157894736842892e-03,7.836644338118023412e-03,8.041432270069112306e-03,8.240824774056354496e-03,8.458810313662945210e-03,8.695794736842106173e-03,8.952349388623073029e-03,9.245693567251462089e-03,9.593559542796383996e-03,9.801467676767676093e-03,9.907928229665071557e-03,1.001464141414141508e-02,1.012160723019670319e-02,1.023732844231791533e-02,1.037880318979266317e-02,1.067088718766613480e-02,1.146530909090909094e-02,1.199960207336523040e-02,1.244631228070175455e-02,1.282012376395534441e-02,1.318105151515151438e-02,1.351057161084529522e-02,1.381662041467304758e-02,1.410750898458266664e-02,1.438283040935672483e-02,1.464193599149388701e-02,1.488425730994152006e-02,1.509960223285486229e-02,1.531635725677830788e-02,1.552454194577352481e-02,1.572395550239234427e-02,1.591439829877724574e-02,1.609541711855395907e-02,1.626689696969696800e-02,1.642838399787347262e-02,1.657976363636363623e-02,1.673114327485380332e-02,1.687195151515151481e-02,1.700181924508240364e-02,1.713139266347687636e-02,1.724973120680489344e-02,1.734559999999999921e-02,1.742947559808612212e-02,1.750107363104731403e-02,1.757142775119617528e-02,1.761771185539606766e-02,1.765086523125997120e-02,1.768212280701754457e-02,1.766510909090908757e-02,1.762194178628388730e-02,1.752852631578947357e-02,1.739111111111111066e-02,1.720993508771929970e-02,1.692895518341307887e-02,1.637453588516746272e-02,1.604150956937799161e-02,1.586500095693779699e-02,1.578471387559808245e-02,1.576500478468899347e-02,1.575249287612971727e-02,1.577227517278043459e-02,1.585263540669856405e-02,1.601692488038277545e-02,1.635022328548644405e-02,1.690489128123338555e-02,1.717405614035088027e-02,1.735544922913343988e-02,1.748131143009037936e-02,1.756339712918660034e-02,1.759542424242423880e-02,1.761300701754386216e-02,1.758231818181818160e-02,1.753840382775119847e-02,1.748154832535885397e-02,1.741195295055821338e-02,1.733006794258373090e-02,1.723609494949494836e-02,1.713031834130781389e-02,1.701302248803827910e-02,1.688449175970228866e-02,1.674509473684210673e-02,1.660542397660818778e-02,1.645518181818181672e-02,1.629465263157894514e-02,1.612420489101541732e-02,1.595405209994683882e-02,1.576435683147262012e-02,1.557533588516746628e-02,1.537734338118022272e-02,1.516086124401913766e-02,1.494562286018075517e-02,1.472226475279106786e-02,1.448155396065922522e-02,1.422405890483785344e-02,1.395034800637958393e-02,1.366106905901116539e-02,1.335663078149920170e-02,1.302872121212121127e-02,1.267826900584795476e-02,1.229720212652844237e-02,1.186077804359383231e-02,1.132799999999999953e-02,1.055156416799574691e-02,1.025960446570972802e-02,1.012679250398724161e-02,1.001122057416267870e-02,9.904404040404041557e-03,9.797840138224349002e-03,9.691528867623604507e-03,9.492663211057947303e-03,9.145830090377459615e-03,8.853519404572036261e-03,8.606147368421052102e-03,8.378173418394471023e-03,8.161049122807018108e-03,7.962517331206805590e-03,7.766395534290271470e-03,7.580403083466242045e-03,7.388963742690058019e-03,7.207533758639021737e-03,7.020880542264752375e-03,6.836637320574163144e-03,6.647515151515151662e-03,6.453772248803826481e-03,6.248550026581605257e-03,6.025334183944710403e-03,5.784943646996279325e-03,4.845680489101542032e-03,5.222815948963317224e-03,5.543279532163741807e-03,5.837670866560339643e-03,6.091655715045189365e-03,6.326540669856459652e-03,6.534649282296652213e-03,6.739476874003189587e-03,6.927583200425304136e-03,7.104550345560871859e-03,7.269492610313662249e-03,7.428636788942052059e-03,7.581539766081871537e-03,7.727757894736841070e-03,7.874290909090909257e-03,8.013681818181819100e-03,8.153015151515150688e-03,8.277092291334397361e-03,8.416168314726210284e-03,8.539473312068047300e-03,8.670306432748537545e-03,8.800824880382774121e-03,8.939443540669856150e-03,9.052775119617224864e-03,9.113931419457734634e-03,9.103336948431685685e-03,8.912064433811801509e-03,8.252678468899522779e-03,4.790988835725678262e-03,5.127652099946836302e-03,5.405842849548112526e-03,5.644448059542795867e-03,5.858281871345029888e-03,6.057586283891547643e-03,6.235066507177034791e-03,6.401866028708133073e-03,6.557158958001062590e-03,6.700280223285485885e-03,6.837106432748537438e-03,6.967359064327486272e-03,7.090598245614034359e-03,7.213526315789472315e-03,7.328979904306220407e-03,7.436519138755981473e-03,7.535704678362573419e-03,7.633913981924508700e-03,7.731040829346092456e-03,7.811362519936203980e-03,7.898182668793196290e-03,7.967320574162679164e-03,8.034708771929823662e-03,8.066578947368421154e-03,8.035663476874004008e-03,7.921987878787879397e-03,7.528093992557150643e-03,4.428689207868155391e-03,4.562392344497606840e-03,4.694577777777778071e-03,4.825290377458798033e-03,4.954530143540669326e-03,5.082297076023391952e-03,5.208634768740032749e-03,5.339991919191920157e-03,5.470244444444444763e-03,5.592488038277511862e-03,5.720347208931419666e-03,5.847144497607655034e-03,5.972794258373205663e-03,6.097339393939393490e-03,6.220779904306220250e-03,6.351124774056352527e-03,6.472582137161085603e-03,6.592892716640085318e-03,6.720660021265283633e-03,6.838945454545455015e-03,6.965055821371610861e-03,7.090471132376395536e-03,7.205810738968633673e-03,7.329527644869749357e-03,7.452508133971291575e-03,7.584602339181287407e-03,7.706334928229666321e-03,1.620414673046251903e-03,1.620414673046251903e-03,1.610074428495481035e-03,1.587679425837320310e-03,1.563596491228069936e-03,1.540909090909090831e-03,1.518062200956937866e-03,1.495055821371610826e-03,1.484210526315789475e-03,1.484210526315789475e-03,1.620414673046251903e-03,1.620414673046251903e-03,1.610074428495481035e-03,1.587679425837320310e-03,1.563596491228069936e-03,1.540909090909090831e-03,1.518062200956937866e-03,1.495055821371610826e-03,1.484210526315789475e-03,1.484210526315789475e-03
cy,1.397599999999999953e-01,-3.409999999999999837e-03,-8.179999999999999771e-03,-1.068000000000000026e-02,-1.251000000000000029e-02,-1.387999999999999998e-02,-1.504999999999999914e-02,-1.553000000000000040e-02,-1.634999999999999995e-02,-1.779999999999999985e-02,-1.862000000000000113e-02,-1.957000000000000059e-02,-2.065000000000000169e-02,-2.203000000000000097e-02,-2.287000000000000144e-02,-2.469999999999999973e-02,-2.789000000000000160e-02,-2.057000000000000148e-02,2.307000000000000023e-02,-2.976000000000000173e-02,-3.801999999999999824e-02,-3.964000000000000162e-02,-5.360999999999999793e-02,-2.567999999999999727e-01,-9.857000000000000484e-02,-2.408000000000000071e-02,-3.087000000000000161e-02,-3.167999999999999983e-02,-3.235999999999999988e-02,-3.261000000000000010e-02,-3.280000000000000276e-02,-3.337999999999999995e-02,-3.368000000000000160e-02,-3.375999999999999834e-02,-3.395999999999999713e-02,-3.418000000000000205e-02,-3.429000000000000103e-02,-3.425999999999999879e-02,-3.422999999999999654e-02,-3.427000000000000185e-02,-3.429000000000000103e-02,-3.411999999999999755e-02,-3.409000000000000224e-02,-3.431000000000000022e-02,-3.422000000000000042e-02,-3.404000000000000081e-02,-3.404000000000000081e-02,-3.407000000000000306e-02,-3.400999999999999857e-02,-3.377999999999999753e-02,-3.357000000000000262e-02,-3.348000000000000281e-02,-3.321999999999999953e-02,-3.286000000000000032e-02,-3.257000000000000173e-02,-3.214000000000000190e-02,-3.180999999999999800e-02,-3.128000000000000225e-02,-3.064000000000000057e-02,-2.963000000000000009e-02,-2.912999999999999964e-02,-2.876000000000000084e-02,-3.731000000000000288e-02,6.302000000000000657e-02,-1.881999999999999992e-02,-2.675999999999999907e-02,-2.775999999999999995e-02,-2.823000000000000162e-02,2.835999999999999979e-02,2.789000000000000160e-02,2.689000000000000071e-02,1.915000000000000036e-02,-6.271999999999999797e-02,3.729999999999999982e-02,2.878999999999999962e-02,2.920000000000000026e-02,2.964999999999999927e-02,3.062000000000000138e-02,3.123000000000000081e-02,3.175999999999999657e-02,3.207000000000000128e-02,3.248999999999999805e-02,3.278999999999999970e-02,3.314000000000000279e-02,3.337999999999999995e-02,3.341999999999999832e-02,3.361999999999999711e-02,3.382999999999999896e-02,3.386999999999999733e-02,3.382000000000000284e-02,3.380999999999999978e-02,3.398999999999999938e-02,3.406000000000000000e-02,3.382999999999999896e-02,3.384999999999999815e-02,3.400999999999999857e-02,3.398000000000000326e-02,3.393999999999999795e-02,3.395999999999999713e-02,3.398999999999999938e-02,3.388000000000000039e-02,3.363000000000000017e-02,3.341000000000000220e-02,3.330000000000000321e-02,3.298999999999999849e-02,3.241000000000000131e-02,3.223000000000000170e-02,3.200000000000000067e-02,3.130999999999999756e-02,3.041999999999999912e-02,2.352999999999999883e-02,9.699000000000000676e-02,2.461699999999999999e-01,5.133999999999999675e-02,3.871999999999999748e-02,3.969999999999999918e-02,3.230999999999999844e-02,-2.148999999999999869e-02,2.026999999999999982e-02,2.744999999999999871e-02,2.426000000000000031e-02,2.244000000000000161e-02,2.159000000000000155e-02,2.028999999999999901e-02,1.930000000000000118e-02,1.830000000000000029e-02,1.745999999999999983e-02,1.607000000000000095e-02,1.523000000000000048e-02,1.473000000000000004e-02,1.357000000000000046e-02,1.217999999999999985e-02,1.038000000000000034e-02,7.870000000000000259e-03,3.000000000000000062e-03,-1.317000000000000115e-01,2.704500000000000237e-01,1.464000000000000024e-02,8.340000000000000191e-03,3.150000000000000022e-03,-1.043999999999999963e-02,5.040000000000000209e-03,5.190000000000000169e-03,4.120000000000000398e-03,4.629999999999999567e-03,4.700000000000000185e-03,4.799999999999999580e-03,3.820000000000000045e-03,3.000000000000000062e-03,3.820000000000000045e-03,1.026999999999999962e-02,9.060000000000000345e-03,8.489999999999999283e-03,8.269999999999999574e-03,7.950000000000000469e-03,7.170000000000000158e-03,6.349999999999999742e-03,6.649999999999999661e-03,6.320000000000000097e-03,6.680000000000000174e-03,6.740000000000000331e-03,6.279999999999999992e-03,-3.604999999999999871e-02,2.234999999999999834e-02,-2.376600000000000101e-01,-1.086999999999999945e-02,-6.389999999999999847e-03,-2.540000000000000157e-03,9.709999999999999881e-03,-5.190000000000000169e-03,-5.369999999999999774e-03,-4.499999999999999660e-03,-5.230000000000000274e-03,-5.440000000000000391e-03,-5.629999999999999588e-03,-4.879999999999999789e-03,-4.080000000000000293e-03,-4.570000000000000277e-03,-1.034000000000000023e-02,-8.949999999999999623e-03,-8.099999999999999561e-03,-7.799999999999999642e-03,-7.280000000000000013e-03,-6.109999999999999980e-03,-5.080000000000000314e-03,-5.100000000000000366e-03,-4.250000000000000305e-03,-4.020000000000000136e-03,-2.959999999999999958e-03,1.490000000000000005e-03,3.210999999999999965e-02,-1.618999999999999953e-02,-1.564000000000000112e-02,-1.728999999999999981e-02,-1.845000000000000112e-02,-1.931000000000000077e-02,-1.951999999999999916e-02,-1.935999999999999874e-02,-1.904000000000000137e-02,-1.874999999999999931e-02,-1.797999999999999945e-02,-1.699000000000000163e-02,-1.558000000000000010e-02,-1.418999999999999949e-02,-1.264999999999999979e-02,-1.094000000000000007e-02,-8.590000000000000413e-03,-6.080000000000000335e-03,-2.969999999999999984e-03,3.800000000000000209e-04,4.859999999999999737e-03,9.700000000000000289e-03,1.476000000000000055e-02,2.118000000000000091e-02,2.980000000000000010e-02,4.003999999999999920e-02,5.290999999999999870e-02,7.398000000000000409e-02,3.569999999999999823e-03,7.049999999999999843e-03,9.719999999999999474e-03,8.109999999999999154e-03,3.860000000000000150e-03,-5.400000000000000069e-04,-5.640000000000000048e-03,-4.440000000000000370e-03,-2.100000000000000087e-04,1.280000000000000105e-03,-3.660000000000000059e-03,-7.450000000000000025e-03,-1.026999999999999962e-02,-8.670000000000000623e-03,-5.510000000000000141e-03,-1.080000000000000014e-03,3.700000000000000164e-03,3.089999999999999865e-03,-7.100000000000000191e-04,-1.729999999999999984e-03
cy*c/cref,9.705927060074429069e-02,-2.397478362573099344e-03,-5.821542052099946615e-03,-7.692666028708133874e-03,-9.118466507177033428e-03,-1.023651844763423698e-02,-1.122893221690589999e-02,-1.172073290802764546e-02,-1.248032615629984104e-02,-1.374044550770866721e-02,-1.453369696969697075e-02,-1.544365353535353744e-02,-1.647367198298777674e-02,-1.776430802764487199e-02,-1.863850287081339832e-02,-2.034250505050505184e-02,-2.320993641679957795e-02,-1.729531286549707697e-02,1.950991020733652132e-02,-2.520170462519936289e-02,-3.224019191919191840e-02,-3.365943880914407105e-02,-4.558332041467304252e-02,-2.186445167464114436e-01,-8.401192892078682140e-02,-2.066501818181818231e-02,-2.678436124401913782e-02,-2.778711578947368546e-02,-2.869012482721956456e-02,-2.922053636363636242e-02,-2.970152472089314724e-02,-3.054296618819776765e-02,-3.113636321105794566e-02,-3.153015289739500432e-02,-3.203866921850079263e-02,-3.257003296119085484e-02,-3.299970430622009565e-02,-3.329558373205741134e-02,-3.359071244019137814e-02,-3.395462854864433888e-02,-3.429947942583732451e-02,-3.445267453482189768e-02,-3.474552115895800097e-02,-3.529479367357787889e-02,-3.552658181818181549e-02,-3.566237426900585594e-02,-3.598503944710260832e-02,-3.633952206273259600e-02,-3.659790606060606133e-02,-3.667060542264752310e-02,-3.676084545454545716e-02,-3.697964784688995143e-02,-3.700736257309941019e-02,-3.691797416267943166e-02,-3.690089229133440563e-02,-3.671836948431685815e-02,-3.664288771929824495e-02,-3.632903434343433963e-02,-3.587616586921849732e-02,-3.497442658160553053e-02,-3.462768740031897663e-02,-3.439595087719298644e-02,-4.489120951621478756e-02,7.660900159489633654e-02,-2.313419234449760886e-02,-3.309021244019138414e-02,-3.452983902179691117e-02,-3.532111786283891053e-02,3.548377267410950803e-02,3.469154215842636807e-02,3.325096459330142973e-02,2.353983971291866151e-02,-7.624431259968102170e-02,4.487917756512493223e-02,3.443182982456140934e-02,3.471089845826687975e-02,3.499803402445507416e-02,3.585274800637958115e-02,3.627096363636363174e-02,3.658529122807017281e-02,3.663839792663477202e-02,3.681025454545455017e-02,3.683932966507177248e-02,3.691824189261031647e-02,3.686919489633173896e-02,3.659658787878787567e-02,3.649691398192450587e-02,3.640420940988835924e-02,3.612619936204146398e-02,3.575246868686868945e-02,3.542141228070175979e-02,3.528779999999999417e-02,3.503761796916533833e-02,3.448052158426368613e-02,3.418004199893673323e-02,3.401940202020201781e-02,3.366729728867624144e-02,3.330612854864433564e-02,3.300402870813396589e-02,3.271099298245613851e-02,3.228416374269005990e-02,3.172733939393939523e-02,3.120327038809144263e-02,3.078506220095693705e-02,3.018611307814992109e-02,2.934836634768740390e-02,2.888003333333333256e-02,2.837095162147794045e-02,2.746258192450824059e-02,2.639391866028708081e-02,2.019301818181817865e-02,8.266528341307814720e-02,2.095939279106857900e-01,4.365319287612971083e-02,3.287824093567250777e-02,3.366479797979798211e-02,2.736112488038277418e-02,-1.817373083466241115e-02,1.704307203615098437e-02,2.284377033492823034e-02,1.998012844231791818e-02,1.828806315789473919e-02,1.740950568846358348e-02,1.618647963849016366e-02,1.523058320042530896e-02,1.428392344497607727e-02,1.347798755980861296e-02,1.226659580010632661e-02,1.149431823498139361e-02,1.099017751196172156e-02,1.000789303561935156e-02,8.877931419457736270e-03,7.476579904306219874e-03,5.600921265284422926e-03,2.109218500797448159e-03,-9.146183413078151636e-02,1.479135765550239345e-01,8.195286762360446883e-03,4.775924720893141157e-03,1.844399521531100462e-03,-6.247238277511961771e-03,3.080750239234450114e-03,3.239238755980861865e-03,2.624446570972886923e-03,3.008884635832003666e-03,3.114868155236576435e-03,3.242896331738436520e-03,2.629971504518872905e-03,2.104035087719298164e-03,2.728284210526315656e-03,7.467125358851674742e-03,6.703966507177034316e-03,6.391421850079744872e-03,6.332243593833068208e-03,6.189503987240830597e-03,5.674515629984050805e-03,5.107276980329611762e-03,5.434121212121211311e-03,5.245801594896332305e-03,5.630590111642743215e-03,5.767877724614566513e-03,5.455053056884635529e-03,-3.177842955874534553e-02,2.009230542264752589e-02,-1.299801834130781542e-01,-6.084888463583199708e-03,-3.659251674641147718e-03,-1.487230090377458964e-03,5.810410313662945671e-03,-3.172439234449760809e-03,-3.351582296650717965e-03,-2.866507177033492376e-03,-3.398804891015416892e-03,-3.605294205209994603e-03,-3.803647155768207638e-03,-3.359754173312067774e-03,-2.861487719298245764e-03,-3.263942105263157711e-03,-7.518021052631579382e-03,-6.622571770334928498e-03,-6.097822966507177381e-03,-5.972370015948963787e-03,-5.667872833599149791e-03,-4.835605369484316171e-03,-4.085821584263689410e-03,-4.167521531100478252e-03,-3.527635566188198207e-03,-3.388468899521530995e-03,-2.533073896863370297e-03,1.294272142477405699e-03,2.830528080808080577e-02,-8.495317331206805531e-03,-8.494740031897927632e-03,-9.709240404040404490e-03,-1.070031339712918840e-02,-1.155458660287081440e-02,-1.203961637426900419e-02,-1.229745964912280602e-02,-1.244473024986709510e-02,-1.260037878787878887e-02,-1.241394258373205647e-02,-1.204320930356193517e-02,-1.133066060606060556e-02,-1.058101754385964814e-02,-9.665581871345028594e-03,-8.560419138755980331e-03,-6.879717756512493745e-03,-4.981430303030304207e-03,-2.488042105263158204e-03,3.253313131313131349e-04,4.250290909090908772e-03,8.661671982987773771e-03,1.345184497607655565e-02,1.969278341307814997e-02,2.825613503455608536e-02,3.870277894736842000e-02,5.211705321637426919e-02,7.423367942583733448e-02,5.693779904306218824e-04,1.124401913875597942e-03,1.537320574162679429e-03,1.261124401913875197e-03,5.899787347155767978e-04,-8.110047846889951670e-05,-8.320574162679426206e-04,-6.432216905901117074e-04,-3.014354066985645993e-05,1.837320574162679566e-04,-5.837320574162679215e-04,-1.188197767145135388e-03,-1.624308878256246680e-03,-1.348205741626794154e-03,-8.421717171717171520e-04,-1.622009569377990334e-04,5.458532695374801241e-04,4.476475279106858335e-04,-1.019138755980861271e-04,-2.483253588516746448e-04
cyi,1.397500000000000131e-01,-3.409999999999999837e-03,-8.179999999999999771e-03,-1.068000000000000026e-02,-1.251000000000000029e-02,-1.388999999999999957e-02,-1.504999999999999914e-02,-1.553000000000000040e-02,-1.635999999999999954e-02,-1.779999999999999985e-02,-1.863000000000000073e-02,-1.958000000000000018e-02,-2.065000000000000169e-02,-2.203000000000000097e-02,-2.288000000000000103e-02,-2.469999999999999973e-02,-2.790000000000000119e-02,-2.058000000000000107e-02,2.307000000000000023e-02,-2.976000000000000173e-02,-3.803000000000000130e-02,-3.964000000000000162e-02,-5.360999999999999793e-02,-2.568099999999999827e-01,-9.858999999999999708e-02,-2.409999999999999989e-02,-3.090000000000000038e-02,-3.171000000000000207e-02,-3.239000000000000212e-02,-3.264000000000000234e-02,-3.282999999999999807e-02,-3.341000000000000220e-02,-3.370999999999999691e-02,-3.379999999999999671e-02,-3.398999999999999938e-02,-3.422000000000000042e-02,-3.432999999999999940e-02,-3.429999999999999716e-02,-3.427000000000000185e-02,-3.431000000000000022e-02,-3.432999999999999940e-02,-3.414999999999999980e-02,-3.413000000000000062e-02,-3.434999999999999859e-02,-3.425999999999999879e-02,-3.407999999999999918e-02,-3.407999999999999918e-02,-3.411000000000000143e-02,-3.404999999999999694e-02,-3.382999999999999896e-02,-3.361000000000000099e-02,-3.352000000000000118e-02,-3.325999999999999790e-02,-3.289999999999999869e-02,-3.261000000000000010e-02,-3.218000000000000027e-02,-3.185999999999999943e-02,-3.132000000000000062e-02,-3.067999999999999894e-02,-2.966999999999999846e-02,-2.917000000000000148e-02,-2.879999999999999921e-02,-3.733999999999999819e-02,6.300000000000000044e-02,-1.882999999999999952e-02,-2.675999999999999907e-02,-2.776999999999999955e-02,-2.823000000000000162e-02,2.835999999999999979e-02,2.790000000000000119e-02,2.690000000000000030e-02,1.915999999999999995e-02,-6.270000000000000573e-02,3.733000000000000207e-02,2.881999999999999840e-02,2.923999999999999863e-02,2.969000000000000111e-02,3.065999999999999975e-02,3.126999999999999919e-02,3.180000000000000188e-02,3.210999999999999965e-02,3.253999999999999948e-02,3.282999999999999807e-02,3.318000000000000116e-02,3.341999999999999832e-02,3.345999999999999669e-02,3.366000000000000242e-02,3.386999999999999733e-02,3.391000000000000264e-02,3.386000000000000121e-02,3.384999999999999815e-02,3.402999999999999775e-02,3.409999999999999837e-02,3.386999999999999733e-02,3.389000000000000346e-02,3.404999999999999694e-02,3.402000000000000163e-02,3.397000000000000020e-02,3.400000000000000244e-02,3.402999999999999775e-02,3.391000000000000264e-02,3.366000000000000242e-02,3.343999999999999750e-02,3.334000000000000158e-02,3.302999999999999686e-02,3.243999999999999662e-02,3.225999999999999701e-02,3.203000000000000291e-02,3.133999999999999980e-02,3.045000000000000137e-02,2.355000000000000149e-02,9.700999999999999901e-02,2.461699999999999999e-01,5.133999999999999675e-02,3.873000000000000054e-02,3.971000000000000224e-02,3.232000000000000151e-02,-2.148999999999999869e-02,2.027999999999999942e-02,2.745999999999999830e-02,2.426999999999999991e-02,2.245000000000000120e-02,2.159000000000000155e-02,2.028999999999999901e-02,1.930000000000000118e-02,1.830000000000000029e-02,1.745999999999999983e-02,1.607000000000000095e-02,1.523000000000000048e-02,1.473000000000000004e-02,1.357000000000000046e-02,1.217999999999999985e-02,1.038000000000000034e-02,7.870000000000000259e-03,3.010000000000000089e-03,-1.317000000000000115e-01,2.704599999999999782e-01,1.465999999999999942e-02,8.359999999999999376e-03,3.170000000000000075e-03,-1.042000000000000044e-02,5.060000000000000261e-03,5.210000000000000221e-03,4.139999999999999583e-03,4.649999999999999620e-03,4.720000000000000237e-03,4.819999999999999632e-03,3.840000000000000097e-03,3.020000000000000115e-03,3.840000000000000097e-03,1.029000000000000054e-02,9.090000000000000857e-03,8.510000000000000203e-03,8.290000000000000493e-03,7.969999999999999654e-03,7.190000000000000210e-03,6.369999999999999794e-03,6.669999999999999714e-03,6.340000000000000149e-03,6.700000000000000226e-03,6.769999999999999976e-03,6.300000000000000044e-03,-3.602999999999999953e-02,2.236000000000000140e-02,-2.376800000000000024e-01,-1.088000000000000078e-02,-6.409999999999999899e-03,-2.560000000000000209e-03,9.690000000000000696e-03,-5.210000000000000221e-03,-5.389999999999999826e-03,-4.519999999999999712e-03,-5.250000000000000326e-03,-5.459999999999999576e-03,-5.649999999999999641e-03,-4.899999999999999842e-03,-4.100000000000000346e-03,-4.590000000000000330e-03,-1.035999999999999942e-02,-8.970000000000000542e-03,-8.120000000000000481e-03,-7.820000000000000562e-03,-7.300000000000000065e-03,-6.130000000000000032e-03,-5.100000000000000366e-03,-5.120000000000000419e-03,-4.270000000000000358e-03,-4.040000000000000188e-03,-2.980000000000000010e-03,1.469999999999999953e-03,3.209000000000000047e-02,-1.618999999999999953e-02,-1.564000000000000112e-02,-1.728999999999999981e-02,-1.845000000000000112e-02,-1.931000000000000077e-02,-1.951999999999999916e-02,-1.935999999999999874e-02,-1.904000000000000137e-02,-1.874999999999999931e-02,-1.797999999999999945e-02,-1.699000000000000163e-02,-1.558000000000000010e-02,-1.418999999999999949e-02,-1.264999999999999979e-02,-1.094000000000000007e-02,-8.590000000000000413e-03,-6.080000000000000335e-03,-2.969999999999999984e-03,3.800000000000000209e-04,4.859999999999999737e-03,9.700000000000000289e-03,1.476000000000000055e-02,2.118000000000000091e-02,2.980000000000000010e-02,4.003999999999999920e-02,5.290999999999999870e-02,7.398000000000000409e-02,3.569999999999999823e-03,7.049999999999999843e-03,9.719999999999999474e-03,8.109999999999999154e-03,3.860000000000000150e-03,-5.400000000000000069e-04,-5.640000000000000048e-03,-4.440000000000000370e-03,-2.100000000000000087e-04,1.280000000000000105e-03,-3.660000000000000059e-03,-7.450000000000000025e-03,-1.026999999999999962e-02,-8.670000000000000623e-03,-5.510000000000000141e-03,-1.080000000000000014e-03,3.700000000000000164e-03,3.089999999999999865e-03,-7.100000000000000191e-04,-1.729999999999999984e-03
cyi*c/cref,9.705232589048380654e-02,-2.397478362573099344e-03,-5.821542052099946615e-03,-7.692666028708133874e-03,-9.118466507177033428e-03,-1.024389346092503990e-02,-1.122893221690589999e-02,-1.172073290802764546e-02,-1.248795938330675079e-02,-1.374044550770866721e-02,-1.454150239234449846e-02,-1.545154502923976741e-02,-1.647367198298777674e-02,-1.776430802764487199e-02,-1.864665263157894853e-02,-2.034250505050505184e-02,-2.321825837320574265e-02,-1.730372089314194742e-02,1.950991020733652132e-02,-2.520170462519936289e-02,-3.224867171717172437e-02,-3.365943880914407105e-02,-4.558332041467304252e-02,-2.186530309409888129e-01,-8.402897506645400083e-02,-2.068218181818181831e-02,-2.681039074960127680e-02,-2.781342934609250944e-02,-2.871672259436470337e-02,-2.924741818181818276e-02,-2.972869074960127547e-02,-3.057041642743222112e-02,-3.116409750132907372e-02,-3.156751089845826613e-02,-3.206697192982455730e-02,-3.260814885699096083e-02,-3.303819914938862373e-02,-3.333445773524720129e-02,-3.362996539074959712e-02,-3.399426044657097301e-02,-3.433949048378522051e-02,-3.448296703880913971e-02,-3.478629032429558787e-02,-3.533594178628388788e-02,-3.556810909090908635e-02,-3.570428070175438867e-02,-3.602732503987240986e-02,-3.638218660287081963e-02,-3.664094976076554683e-02,-3.672488399787347119e-02,-3.680464747474747333e-02,-3.702382902711323642e-02,-3.705192291334396398e-02,-3.696291387559808711e-02,-3.694621116427432295e-02,-3.676406751727804428e-02,-3.670048421052631710e-02,-3.637549090909090316e-02,-3.592300159489632272e-02,-3.502164146730462474e-02,-3.467523657628920897e-02,-3.444378947368421234e-02,-4.492730536948431885e-02,7.658468899521531092e-02,-2.314648468899521694e-02,-3.309021244019138414e-02,-3.454227772461455903e-02,-3.532111786283891053e-02,3.548377267410950803e-02,3.470398086124401593e-02,3.326333014354066614e-02,2.355213205741626958e-02,-7.622000000000000997e-02,4.491527341839447740e-02,3.446770877192982530e-02,3.475844763423710515e-02,3.504524891015417531e-02,3.589958373205740655e-02,3.631742020202019527e-02,3.663136842105263469e-02,3.668409595959596509e-02,3.686690313662945723e-02,3.688426937799043487e-02,3.696280223285486333e-02,3.691337607655502395e-02,3.664038989898989879e-02,3.654033684210526711e-02,3.644725311004784474e-02,3.616886390217969455e-02,3.579475427963849099e-02,3.546331871345029252e-02,3.532932727272726503e-02,3.507876608187134038e-02,3.452129074960127303e-02,3.422043200425305826e-02,3.405941307814991381e-02,3.370692918660287557e-02,3.333556826156299641e-02,3.304290271132376278e-02,3.274948782562466659e-02,3.231275066454013939e-02,3.175564210526315989e-02,3.123128888888888552e-02,3.082204125465178024e-02,3.022271339712918545e-02,2.937553237639553214e-02,2.890691515151514596e-02,2.839754938862307579e-02,2.748889548112706110e-02,2.641994816586921979e-02,2.021018181818181811e-02,8.268232955874534051e-02,2.095939279106857900e-01,4.365319287612971083e-02,3.288673221690589787e-02,3.367327777777778114e-02,2.736959319510898561e-02,-1.817373083466241115e-02,1.705148006379585135e-02,2.285209229133439504e-02,1.998836427432217067e-02,1.829621291866028940e-02,1.740950568846358348e-02,1.618647963849016366e-02,1.523058320042530896e-02,1.428392344497607727e-02,1.347798755980861296e-02,1.226659580010632661e-02,1.149431823498139361e-02,1.099017751196172156e-02,1.000789303561935156e-02,8.877931419457736270e-03,7.476579904306219874e-03,5.600921265284422926e-03,2.116249229133439821e-03,-9.146183413078151636e-02,1.479190457203614917e-01,8.206482509303560449e-03,4.787377777777776858e-03,1.856109994683678840e-03,-6.235270388091442018e-03,3.092975438596491568e-03,3.251721371610845780e-03,2.637186602870812864e-03,3.021881977671450874e-03,3.128122913343966104e-03,3.256408399787346589e-03,2.643740988835725867e-03,2.118061988304093587e-03,2.742568421052631478e-03,7.481666985645933458e-03,6.726165071770336297e-03,6.406478203083466882e-03,6.347557363104733112e-03,6.205075066454014167e-03,5.690344125465177268e-03,5.123362892078681119e-03,5.450464433811801936e-03,5.262402232854864956e-03,5.647448165869218759e-03,5.793550770866559563e-03,5.472425837320574367e-03,-3.176079936204146553e-02,2.010129526847421674e-02,-1.299911217437533240e-01,-6.090486337054758226e-03,-3.670704731525783419e-03,-1.498940563530037342e-03,5.798442424242425050e-03,-3.184664433811802697e-03,-3.364064912280702313e-03,-2.879247208931419184e-03,-3.411802232854864100e-03,-3.618548963317383838e-03,-3.817159223817118141e-03,-3.373523657628920737e-03,-2.875514619883041186e-03,-3.278226315789473534e-03,-7.532562679425837231e-03,-6.637370813397130108e-03,-6.112879319510899391e-03,-5.987683785220628691e-03,-5.683443912812334228e-03,-4.851433864965443502e-03,-4.101907496012759634e-03,-4.183864752791068876e-03,-3.544236204146730858e-03,-3.405326953748006539e-03,-2.550189261031366242e-03,1.276899362041467294e-03,2.828765061137692577e-02,-8.495317331206805531e-03,-8.494740031897927632e-03,-9.709240404040404490e-03,-1.070031339712918840e-02,-1.155458660287081440e-02,-1.203961637426900419e-02,-1.229745964912280602e-02,-1.244473024986709510e-02,-1.260037878787878887e-02,-1.241394258373205647e-02,-1.204320930356193517e-02,-1.133066060606060556e-02,-1.058101754385964814e-02,-9.665581871345028594e-03,-8.560419138755980331e-03,-6.879717756512493745e-03,-4.981430303030304207e-03,-2.488042105263158204e-03,3.253313131313131349e-04,4.250290909090908772e-03,8.661671982987773771e-03,1.345184497607655565e-02,1.969278341307814997e-02,2.825613503455608536e-02,3.870277894736842000e-02,5.211705321637426919e-02,7.423367942583733448e-02,5.693779904306218824e-04,1.124401913875597942e-03,1.537320574162679429e-03,1.261124401913875197e-03,5.899787347155767978e-04,-8.110047846889951670e-05,-8.320574162679426206e-04,-6.432216905901117074e-04,-3.014354066985645993e-05,1.837320574162679566e-04,-5.837320574162679215e-04,-1.188197767145135388e-03,-1.624308878256246680e-03,-1.348205741626794154e-03,-8.421717171717171520e-04,-1.622009569377990334e-04,5.458532695374801241e-04,4.476475279106858335e-04,-1.019138755980861271e-04,-2.483253588516746448e-04
cyo,0.000000000000000000e+00,0.000000000000000000e+00,0.000000000000000000e+00,0.000000000000000000e+00,0.000000000000000000e+00,0.000000000000000000e+00,0.000000000000000000e+00,0.000000000000000000e+00,0.000000000000000000e+00,0.000000000000000000e+00,0.000000000000000000e+00,0.000000000000000000e+00,0.000000000000000000e+00,0.000000000000000000e+00,0.000000000000000000e+00,0.000000000000000000e+00,1.000000000000000082e-05,1.000000000000000082e-05,1.000000000000000082e-05,1.000000000000000082e-05,1.000000000000000082e-05,1.000000000000000082e-05,1.000000000000000082e-05,1.000000000000000082e-05,2.000000000000000164e-05,3.000000000000000076e-05,3.000000000000000076e-05,3.000000000000000076e-05,3.000000000000000076e-05,3.000000000000000076e-05,3.000000000000000076e-05,3.000000000000000076e-05,3.000000000000000076e-05,4.000000000000000327e-05,4.000000000000000327e-05,4.000000000000000327e-05,4.000000000000000327e-05,4.000000000000000327e-05,4.000000000000000327e-05,4.000000000000000327e-05,4.000000000000000327e-05,4.000000000000000327e-05,4.000000000000000327e-05,4.000000000000000327e-05,4.000000000000000327e-05,4.000000000000000327e-05,4.000000000000000327e-05,4.000000000000000327e-05,4.000000000000000327e-05,4.000000000000000327e-05,4.000000000000000327e-05,4.000000000000000327e-05,4.000000000000000327e-05,4.000000000000000327e-05,4.000000000000000327e-05,4.000000000000000327e-05,4.000000000000000327e-05,4.000000000000000327e-05,4.000000000000000327e-05,4.000000000000000327e-05,4.000000000000000327e-05,4.000000000000000327e-05,3.000000000000000076e-05,2.000000000000000164e-05,1.000000000000000082e-05,0.000000000000000000e+00,0.000000000000000000e+00,0.000000000000000000e+00,-0.000000000000000000e+00,-0.000000000000000000e+00,-0.000000000000000000e+00,-1.000000000000000082e-05,-2.000000000000000164e-05,-3.000000000000000076e-05,-4.000000000000000327e-05,-4.000000000000000327e-05,-4.000000000000000327e-05,-4.000000000000000327e-05,-4.000000000000000327e-05,-4.000000000000000327e-05,-4.000000000000000327e-05,-4.000000000000000327e-05,-4.000000000000000327e-05,-4.000000000000000327e-05,-4.000000000000000327e-05,-4.000000000000000327e-05,-4.000000000000000327e-05,-4.000000000000000327e-05,-4.000000000000000327e-05,-4.000000000000000327e-05,-4.000000000000000327e-05,-4.000000000000000327e-05,-4.000000000000000327e-05,-4.000000000000000327e-05,-4.000000000000000327e-05,-4.000000000000000327e-05,-4.000000000000000327e-05,-4.000000000000000327e-05,-4.000000000000000327e-05,-4.000000000000000327e-05,-4.000000000000000327e-05,-4.000000000000000327e-05,-3.000000000000000076e-05,-3.000000000000000076e-05,-3.000000000000000076e-05,-3.000000000000000076e-05,-3.000000000000000076e-05,-3.000000000000000076e-05,-3.000000000000000076e-05,-3.000000000000000076e-05,-3.000000000000000076e-05,-2.000000000000000164e-05,-1.000000000000000082e-05,-1.000000000000000082e-05,-1.000000000000000082e-05,-1.000000000000000082e-05,-1.000000000000000082e-05,-1.000000000000000082e-05,-1.000000000000000082e-05,-1.000000000000000082e-05,-0.000000000000000000e+00,-0.000000000000000000e+00,-0.000000000000000000e+00,-0.000000000000000000e+00,-0.000000000000000000e+00,-0.000000000000000000e+00,-0.000000000000000000e+00,-0.000000000000000000e+00,-0.000000000000000000e+00,-0.000000000000000000e+00,-0.000000000000000000e+00,-0.000000000000000000e+00,-0.000000000000000000e+00,-0.000000000000000000e+00,-0.000000000000000000e+00,-0.000000000000000000e+00,-2.000000000000000164e-05,-2.000000000000000164e-05,-2.000000000000000164e-05,-2.000000000000000164e-05,-2.000000000000000164e-05,-2.000000000000000164e-05,-2.000000000000000164e-05,-2.000000000000000164e-05,-2.000000000000000164e-05,-2.000000000000000164e-05,-2.000000000000000164e-05,-2.000000000000000164e-05,-2.000000000000000164e-05,-2.000000000000000164e-05,-2.000000000000000164e-05,-2.000000000000000164e-05,-2.000000000000000164e-05,-2.000000000000000164e-05,-2.000000000000000164e-05,-2.000000000000000164e-05,-2.000000000000000164e-05,-2.000000000000000164e-05,-2.000000000000000164e-05,-2.000000000000000164e-05,-2.000000000000000164e-05,-2.000000000000000164e-05,-2.000000000000000164e-05,-1.000000000000000082e-05,2.000000000000000164e-05,2.000000000000000164e-05,2.000000000000000164e-05,2.000000000000000164e-05,2.000000000000000164e-05,2.000000000000000164e-05,2.000000000000000164e-05,2.000000000000000164e-05,2.000000000000000164e-05,2.000000000000000164e-05,2.000000000000000164e-05,2.000000000000000164e-05,2.000000000000000164e-05,2.000000000000000164e-05,2.000000000000000164e-05,2.000000000000000164e-05,2.000000000000000164e-05,2.000000000000000164e-05,2.000000000000000164e-05,2.000000000000000164e-05,2.000000000000000164e-05,2.000000000000000164e-05,2.000000000000000164e-05,2.000000000000000164e-05,2.000000000000000164e-05,2.000000000000000164e-05,2.000000000000000164e-05,0.000000000000000000e+00,0.000000000000000000e+00,0.000000000000000000e+00,0.000000000000000000e+00,0.000000000000000000e+00,0.000000000000000000e+00,0.000000000000000000e+00,0.000000000000000000e+00,0.000000000000000000e+00,0.000000000000000000e+00,0.000000000000000000e+00,0.000000000000000000e+00,0.000000000000000000e+00,0.000000000000000000e+00,0.000000000000000000e+00,0.000000000000000000e+00,0.000000000000000000e+00,0.000000000000000000e+00,0.000000000000000000e+00,0.000000000000000000e+00,0.000000000000000000e+00,0.000000000000000000e+00,0.000000000000000000e+00,0.000000000000000000e+00,0.000000000000000000e+00,0.000000000000000000e+00,0.000000000000000000e+00,0.000000000000000000e+00,0.000000000000000000e+00,0.000000000000000000e+00,0.000000000000000000e+00,0.000000000000000000e+00,0.000000000000000000e+00,0.000000000000000000e+00,0.000000000000000000e+00,0.000000000000000000e+00,0.000000000000000000e+00,0.000000000000000000e+00,0.000000000000000000e+00,0.000000000000000000e+00,0.000000000000000000e+00,0.000000000000000000e+00,0.000000000000000000e+00,0.000000000000000000e+00,0.000000000000000000e+00,0.000000000000000000e+00,0.000000000000000000e+00
cyo*c/cref,0.000000000000000000e+00,0.000000000000000000e+00,0.000000000000000000e+00,0.000000000000000000e+00,0.000000000000000000e+00,0.000000000000000000e+00,0.000000000000000000e+00,0.000000000000000000e+00,0.000000000000000000e+00,0.000000000000000000e+00,0.000000000000000000e+00,0.000000000000000000e+00,0.000000000000000000e+00,0.000000000000000000e+00,0.000000000000000000e+00,0.000000000000000000e+00,8.321956406166933836e-06,8.408027644869750920e-06,8.456831472620947039e-06,8.468314726209463772e-06,8.479797979797980506e-06,8.491281233386497240e-06,8.502764486975013974e-06,8.514194577352472289e-06,1.704614566719830047e-05,2.574545454545454414e-05,2.602950558213716143e-05,2.631355661881977872e-05,2.659776714513556958e-05,2.688181818181818009e-05,2.716602870813397433e-05,2.745023923444976180e-05,2.773429027113237570e-05,3.735800106326422660e-05,3.773694843168527881e-05,3.811589580010633102e-05,3.849484316852738323e-05,3.887400318979266235e-05,3.925295055821371456e-05,3.963189792663477355e-05,4.001105794790005266e-05,4.039000531632110487e-05,4.076916533758639076e-05,4.114811270600744297e-05,4.152727272727272886e-05,4.190643274853802152e-05,4.228559276980330063e-05,4.266454013822435285e-05,4.304370015948963873e-05,4.342286018075492462e-05,4.380202020202020373e-05,4.418118022328548962e-05,4.456034024455077550e-05,4.493971291866029506e-05,4.531887293992558095e-05,4.569803296119086684e-05,4.607719298245614595e-05,4.645656565656565196e-05,4.683572567783093784e-05,4.721488569909623051e-05,4.754917597022860427e-05,4.783859649122807948e-05,3.609585326953748398e-05,2.431259968102073617e-05,1.229234449760765802e-05,0.000000000000000000e+00,0.000000000000000000e+00,0.000000000000000000e+00,-0.000000000000000000e+00,-0.000000000000000000e+00,-0.000000000000000000e+00,-1.229234449760765802e-05,-2.431259968102073617e-05,-3.609585326953748398e-05,-4.783859649122807948e-05,-4.754917597022860427e-05,-4.721488569909623051e-05,-4.683572567783093784e-05,-4.645656565656565196e-05,-4.607719298245614595e-05,-4.569803296119086684e-05,-4.531887293992558095e-05,-4.493971291866029506e-05,-4.456034024455077550e-05,-4.418118022328548962e-05,-4.380202020202020373e-05,-4.342286018075492462e-05,-4.304370015948963873e-05,-4.266454013822435285e-05,-4.228559276980330063e-05,-4.190643274853802152e-05,-4.152727272727272886e-05,-4.114811270600744297e-05,-4.076916533758639076e-05,-4.039000531632110487e-05,-4.001105794790005266e-05,-3.963189792663477355e-05,-3.925295055821371456e-05,-3.887400318979266235e-05,-3.849484316852738323e-05,-3.811589580010633102e-05,-3.773694843168527881e-05,-2.801850079744816656e-05,-2.773429027113237570e-05,-2.745023923444976180e-05,-2.716602870813397433e-05,-2.688181818181818009e-05,-2.659776714513556958e-05,-2.631355661881977872e-05,-2.602950558213716143e-05,-2.574545454545454414e-05,-1.704614566719830047e-05,-8.514194577352472289e-06,-8.502764486975013974e-06,-8.491281233386497240e-06,-8.479797979797980506e-06,-8.468314726209463772e-06,-8.456831472620947039e-06,-8.408027644869750920e-06,-8.321956406166933836e-06,-0.000000000000000000e+00,-0.000000000000000000e+00,-0.000000000000000000e+00,-0.000000000000000000e+00,-0.000000000000000000e+00,-0.000000000000000000e+00,-0.000000000000000000e+00,-0.000000000000000000e+00,-0.000000000000000000e+00,-0.000000000000000000e+00,-0.000000000000000000e+00,-0.000000000000000000e+00,-0.000000000000000000e+00,-0.000000000000000000e+00,-0.000000000000000000e+00,-0.000000000000000000e+00,-1.093833067517278154e-05,-1.119574694311536498e-05,-1.145305688463583159e-05,-1.171047315257841674e-05,-1.196788942052100188e-05,-1.222519936204146849e-05,-1.248261562998405363e-05,-1.274003189792663539e-05,-1.299734183944710200e-05,-1.325475810738968714e-05,-1.351206804891015375e-05,-1.376948431685273889e-05,-1.402690058479532234e-05,-1.428421052631578895e-05,-1.454162679425837409e-05,-1.479904306220095923e-05,-1.505635300372142754e-05,-1.531376927166401268e-05,-1.557107921318447760e-05,-1.582849548112705935e-05,-1.608591174906964449e-05,-1.634322169059011280e-05,-1.660063795853269794e-05,-1.685805422647527969e-05,-1.711536416799574800e-05,-1.737278043593833314e-05,-1.763019670388091490e-05,-8.989845826687932096e-06,1.093833067517278154e-05,1.119574694311536498e-05,1.145305688463583159e-05,1.171047315257841674e-05,1.196788942052100188e-05,1.222519936204146849e-05,1.248261562998405363e-05,1.274003189792663539e-05,1.299734183944710200e-05,1.325475810738968714e-05,1.351206804891015375e-05,1.376948431685273889e-05,1.402690058479532234e-05,1.428421052631578895e-05,1.454162679425837409e-05,1.479904306220095923e-05,1.505635300372142754e-05,1.531376927166401268e-05,1.557107921318447760e-05,1.582849548112705935e-05,1.608591174906964449e-05,1.634322169059011280e-05,1.660063795853269794e-05,1.685805422647527969e-05,1.711536416799574800e-05,1.737278043593833314e-05,1.763019670388091490e-05,0.000000000000000000e+00,0.000000000000000000e+00,0.000000000000000000e+00,0.000000000000000000e+00,0.000000000000000000e+00,0.000000000000000000e+00,0.000000000000000000e+00,0.000000000000000000e+00,0.000000000000000000e+00,0.000000000000000000e+00,0.000000000000000000e+00,0.000000000000000000e+00,0.000000000000000000e+00,0.000000000000000000e+00,0.000000000000000000e+00,0.000000000000000000e+00,0.000000000000000000e+00,0.000000000000000000e+00,0.000000000000000000e+00,0.000000000000000000e+00,0.000000000000000000e+00,0.000000000000000000e+00,0.000000000000000000e+00,0.000000000000000000e+00,0.000000000000000000e+00,0.000000000000000000e+00,0.000000000000000000e+00,0.000000000000000000e+00,0.000000000000000000e+00,0.000000000000000000e+00,0.000000000000000000e+00,0.000000000000000000e+00,0.000000000000000000e+00,0.000000000000000000e+00,0.000000000000000000e+00,0.000000000000000000e+00,0.000000000000000000e+00,0.000000000000000000e+00,0.000000000000000000e+00,0.000000000000000000e+00,0.000000000000000000e+00,0.000000000000000000e+00,0.000000000000000000e+00,0.000000000000000000e+00,0.000000000000000000e+00,0.000000000000000000e+00,0.000000000000000000e+00
cz,2.673699999999999966e-01,2.953399999999999914e-01,3.481099999999999750e-01,3.919500000000000206e-01,4.278000000000000136e-01,4.588499999999999801e-01,4.866400000000000170e-01,5.122499999999999831e-01,5.360599999999999810e-01,5.584799999999999764e-01,5.800800000000000400e-01,6.014899999999999691e-01,6.223899999999999988e-01,6.443400000000000238e-01,6.678300000000000347e-01,6.933000000000000274e-01,7.224699999999999456e-01,7.584199999999999831e-01,7.909199999999999564e-01,7.977300000000000502e-01,8.085299999999999709e-01,8.196900000000000297e-01,8.331600000000000117e-01,8.459900000000000198e-01,7.076900000000000412e-01,9.438199999999999923e-01,9.810600000000000431e-01,1.010089999999999932e+00,1.032729999999999926e+00,1.051709999999999923e+00,1.068130000000000024e+00,1.082400000000000029e+00,1.094969999999999999e+00,1.105790000000000051e+00,1.115410000000000013e+00,1.123269999999999991e+00,1.129250000000000087e+00,1.134789999999999965e+00,1.139969999999999928e+00,1.143950000000000022e+00,1.147659999999999902e+00,1.150220000000000020e+00,1.152590000000000003e+00,1.153860000000000108e+00,1.154290000000000038e+00,1.154470000000000107e+00,1.154640000000000111e+00,1.153850000000000042e+00,1.152930000000000010e+00,1.151000000000000023e+00,1.148619999999999974e+00,1.145140000000000047e+00,1.140770000000000062e+00,1.135829999999999895e+00,1.130810000000000093e+00,1.124370000000000092e+00,1.117289999999999894e+00,1.108230000000000048e+00,1.097569999999999935e+00,1.084089999999999998e+00,1.064019999999999966e+00,1.046459999999999946e+00,1.023369999999999891e+00,6.046200000000000463e-01,9.515799999999999814e-01,9.305400000000000338e-01,9.179599999999999982e-01,9.107800000000000340e-01,9.105400000000000160e-01,9.173299999999999788e-01,9.294999999999999929e-01,9.500399999999999956e-01,6.033500000000000529e-01,1.021139999999999937e+00,1.043919999999999959e+00,1.061150000000000038e+00,1.080750000000000099e+00,1.093830000000000080e+00,1.104070000000000107e+00,1.112729999999999997e+00,1.119369999999999976e+00,1.125410000000000021e+00,1.130009999999999959e+00,1.134540000000000104e+00,1.138419999999999987e+00,1.141510000000000025e+00,1.143510000000000026e+00,1.145100000000000007e+00,1.145629999999999926e+00,1.146079999999999988e+00,1.145559999999999912e+00,1.145019999999999927e+00,1.144179999999999975e+00,1.142560000000000020e+00,1.139899999999999913e+00,1.137059999999999960e+00,1.133099999999999996e+00,1.128859999999999975e+00,1.123399999999999954e+00,1.117529999999999912e+00,1.111040000000000028e+00,1.102899999999999991e+00,1.093210000000000015e+00,1.082209999999999894e+00,1.069499999999999895e+00,1.055099999999999927e+00,1.038589999999999902e+00,1.019500000000000073e+00,9.967899999999999539e-01,9.676799999999999846e-01,9.303399999999999448e-01,6.969699999999999784e-01,8.358900000000000219e-01,8.211600000000000010e-01,8.068300000000000471e-01,7.944299999999999695e-01,7.829800000000000093e-01,7.730299999999999949e-01,7.448399999999999466e-01,7.091399999999999926e-01,6.799699999999999633e-01,6.544999999999999707e-01,6.310799999999999743e-01,6.092100000000000293e-01,5.884000000000000341e-01,5.671300000000000230e-01,5.457199999999999829e-01,5.235300000000000509e-01,5.000499999999999945e-01,4.748100000000000098e-01,4.474699999999999789e-01,4.169900000000000273e-01,3.818199999999999927e-01,3.387100000000000111e-01,2.857799999999999785e-01,2.550499999999999989e-01,4.282400000000000095e-01,4.127100000000000213e-01,4.759800000000000142e-01,5.230299999999999949e-01,5.647100000000000453e-01,5.854899999999999549e-01,6.050699999999999967e-01,6.210200000000000164e-01,6.332900000000000196e-01,6.433299999999999574e-01,6.509200000000000541e-01,6.570000000000000284e-01,6.612200000000000299e-01,6.669699999999999518e-01,6.698600000000000110e-01,6.718399999999999928e-01,6.744099999999999540e-01,6.753599999999999604e-01,6.770899999999999697e-01,6.774499999999999966e-01,6.782500000000000195e-01,6.784700000000000175e-01,6.796699999999999964e-01,6.790399999999999769e-01,6.734299999999999731e-01,6.585800000000000542e-01,6.253199999999999870e-01,2.422900000000000054e-01,3.609100000000000086e-01,3.742599999999999816e-01,4.292900000000000049e-01,4.683700000000000085e-01,5.027000000000000357e-01,5.189700000000000424e-01,5.340799999999999992e-01,5.461599999999999788e-01,5.543099999999999694e-01,5.609699999999999687e-01,5.647600000000000398e-01,5.675599999999999534e-01,5.680500000000000549e-01,5.704000000000000181e-01,5.691199999999999593e-01,5.676299999999999679e-01,5.658100000000000351e-01,5.624900000000000455e-01,5.597199999999999953e-01,5.542399999999999549e-01,5.488100000000000200e-01,5.408199999999999674e-01,5.315100000000000380e-01,5.178700000000000525e-01,4.959500000000000020e-01,4.621100000000000207e-01,4.035299999999999998e-01,7.500000000000000156e-04,6.000000000000000152e-05,4.000000000000000327e-05,4.000000000000000327e-05,3.000000000000000076e-05,2.000000000000000164e-05,2.000000000000000164e-05,1.000000000000000082e-05,1.000000000000000082e-05,1.000000000000000082e-05,0.000000000000000000e+00,-0.000000000000000000e+00,-1.000000000000000082e-05,-2.000000000000000164e-05,-1.000000000000000082e-05,-1.000000000000000082e-05,-3.000000000000000076e-05,-8.000000000000000654e-05,-1.000000000000000048e-04,-8.000000000000000654e-05,-1.000000000000000048e-04,-2.000000000000000096e-04,-2.300000000000000070e-04,-2.400000000000000061e-04,-3.699999999999999947e-04,-6.899999999999999667e-04,-6.170000000000000137e-03,-1.086999999999999945e-02,-1.553999999999999999e-02,-2.281000000000000041e-02,-1.888000000000000095e-02,-8.670000000000000623e-03,1.789999999999999925e-03,1.353999999999999995e-02,1.042000000000000044e-02,3.699999999999999947e-04,-2.980000000000000010e-03,-1.137999999999999949e-02,-1.634999999999999995e-02,-2.410999999999999949e-02,-2.025000000000000064e-02,-1.259000000000000050e-02,-2.020000000000000094e-03,8.980000000000000135e-03,7.259999999999999960e-03,-1.779999999999999898e-03,-4.040000000000000188e-03
cz*c/cref,1.856807182349813901e-01,2.076455306751727736e-01,2.477429099946836522e-01,2.823165215311004839e-01,3.118209409888357264e-01,3.384024848484848413e-01,3.630862175438596129e-01,3.866030542264752845e-01,4.091867669324826817e-01,4.311103374800638321e-01,4.527769569377990688e-01,4.746654657628920915e-01,4.965156758107390211e-01,5.195757709728867635e-01,5.442654732057417011e-01,5.709902328548644990e-01,6.012363844763423115e-01,6.376816326422115599e-01,6.688677148325358202e-01,6.755428706539075012e-01,6.856171060606061074e-01,6.960218314194577260e-01,7.084163259968101478e-01,7.202923470494417835e-01,6.031693413609782173e-01,8.099691636363636205e-01,8.512168915470494923e-01,8.859686801701223136e-01,9.156104021265284443e-01,9.423958999999998420e-01,9.672283414673047419e-01,9.904046315789474253e-01,1.012273860606060394e+00,1.032752599893673517e+00,1.052304241254651718e+00,1.070361056884635786e+00,1.086757541201488708e+00,1.102845751993620338e+00,1.118679651196172076e+00,1.133422740829346020e+00,1.147977269112174348e+00,1.161434797873471592e+00,1.174753306911217487e+00,1.186979033173843678e+00,1.198362890909090872e+00,1.209492985380117291e+00,1.220615920893142192e+00,1.230711990962254143e+00,1.240659330622009726e+00,1.249492801701222788e+00,1.257796911111111138e+00,1.264840918022328564e+00,1.270827483519404666e+00,1.276096853110047835e+00,1.281175867729931195e+00,1.284537433014354191e+00,1.287039673684210461e+00,1.287113993939393852e+00,1.285137185805422355e+00,1.279629635938330567e+00,1.264831855396066018e+00,1.251529442105263179e+00,1.231313778681552229e+00,7.349942009569379042e-01,1.169714917703349455e+00,1.150663911961722352e+00,1.141823163849016387e+00,1.139559607761828630e+00,1.139259321956406001e+00,1.141039525571504454e+00,1.149377894736842043e+00,1.167821896650717894e+00,7.334503508771931246e-01,1.228630653588516752e+00,1.248491691228070355e+00,1.261420202020202108e+00,1.275687192982456253e+00,1.280758045454545302e+00,1.282282511111111134e+00,1.281786873684210626e+00,1.278825178894205328e+00,1.275057819883041121e+00,1.269558124880382888e+00,1.263887210526315918e+00,1.257418479744816464e+00,1.250011102020202047e+00,1.241361871132376393e+00,1.232233526315789529e+00,1.221944427963848945e+00,1.211566804040404177e+00,1.200158327485380205e+00,1.188738945454545171e+00,1.177021189898989739e+00,1.164530438702817694e+00,1.151014176501860664e+00,1.137374338755980707e+00,1.122672588516746339e+00,1.107777144178628381e+00,1.091776379585326806e+00,1.075478552153109835e+00,1.058707121743753365e+00,1.040502010632642138e+00,1.021003508559277018e+00,1.000477542477405501e+00,9.786010287081339243e-01,9.554292296650717109e-01,9.306395848484847466e-01,9.038807868155237513e-01,8.743030034024454888e-01,8.396077320574162339e-01,7.984008727272726702e-01,5.940326072833598259e-01,7.116930105263158390e-01,6.982130086124401780e-01,6.851020437533227314e-01,6.736605909090909172e-01,6.630521064327484781e-01,6.537384433280170049e-01,6.262635311004783878e-01,5.901432165869218149e-01,5.600118687931950889e-01,5.334018421052630909e-01,5.088833186602870207e-01,4.860012449760766073e-01,4.643355002658161590e-01,4.426689346092504418e-01,4.212604450824030122e-01,3.996223334928230009e-01,3.773955241892610335e-01,3.542597545454545527e-01,3.300097197235512536e-01,3.039415946305157323e-01,2.750200133971291705e-01,2.410531183944710221e-01,2.009241543859648926e-01,1.771248351940457322e-01,2.342115364167995928e-01,2.310298360446570998e-01,2.725713007974481239e-01,3.062464386496544511e-01,3.379193417331207150e-01,3.578865987240829050e-01,3.776428119617225576e-01,3.955907304625199128e-01,4.115543306751727193e-01,4.263591766613503142e-01,4.397637667198298628e-01,4.523275598086124449e-01,4.637433602339181005e-01,4.763569947368420099e-01,4.870427062200957113e-01,4.971294545454545966e-01,5.077077514619883214e-01,5.171153607655503137e-01,5.271511012227538817e-01,5.361507131844762686e-01,5.455134821903242504e-01,5.544192810207336786e-01,5.641477800637958451e-01,5.723646570972886760e-01,5.762999845826687340e-01,5.720682869750133293e-01,5.512257301435405932e-01,2.178149745348219035e-01,1.973876461988304243e-01,2.095060125465177947e-01,2.458341395002657803e-01,2.742417155236576143e-01,3.008129005847953730e-01,3.172255856459330614e-01,3.333357677830941501e-01,3.479047910685805212e-01,3.602278277511961058e-01,3.717760827751195873e-01,3.815537775651249297e-01,3.907504259436469507e-01,3.983990438596491379e-01,4.073856842105262888e-01,4.137965320574162331e-01,4.200190406698564582e-01,4.259517546517810338e-01,4.306921038809145008e-01,4.357722228601808023e-01,4.386392667729930306e-01,4.414054613503455848e-01,4.419370577352471630e-01,4.411702540669856787e-01,4.365140271132376681e-01,4.244182429558744918e-01,4.014067783625731023e-01,3.557156637958532319e-01,3.935446570972887022e-04,3.258851674641148285e-05,2.246209463051568621e-05,2.319851143009037933e-05,1.795119617224880264e-05,1.233567251461988279e-05,1.270398724082934788e-05,6.536097820308348067e-06,6.720202020202021347e-06,6.904306220095694628e-06,0.000000000000000000e+00,-0.000000000000000000e+00,-7.456671982987772888e-06,-1.528155236576289234e-05,-7.824880382775119449e-06,-8.008984582668794423e-06,-2.457942583732057837e-05,-6.701796916533759522e-05,-8.561350345560872683e-05,-6.996363636363636771e-05,-8.929558745348219922e-05,-1.822743221690590189e-04,-2.138498670919723656e-04,-2.275661881977671401e-04,-3.576430622009569411e-04,-6.796591706539075557e-04,-6.191157097288677198e-03,-1.733652312599680756e-03,-2.478468899521530776e-03,-3.607642211589579938e-03,-2.935885167464114681e-03,-1.325159489633173865e-03,2.688330675172780158e-04,1.997527910685805656e-03,1.509542796384901820e-03,5.311004784688995450e-05,-4.277511961722487788e-04,-1.814992025518340994e-03,-2.607655502392344261e-03,-3.813250930356193360e-03,-3.148923444976076038e-03,-1.924308878256246599e-03,-3.033758639021797072e-04,1.324800637958532682e-03,1.051754385964912388e-03,-2.555023923444976102e-04,-5.799043062200957312e-04
czi,2.674099999999999810e-01,2.953899999999999859e-01,3.481600000000000250e-01,3.920100000000000251e-01,4.278699999999999726e-01,4.589199999999999946e-01,4.867199999999999860e-01,5.123299999999999521e-01,5.361500000000000155e-01,5.585799999999999654e-01,5.801800000000000290e-01,6.016000000000000236e-01,6.225100000000000078e-01,6.444699999999999873e-01,6.679599999999999982e-01,6.934399999999999453e-01,7.226200000000000401e-01,7.585800000000000320e-01,7.910800000000000054e-01,7.978899999999999881e-01,8.086999999999999744e-01,8.198600000000000332e-01,8.333300000000000152e-01,8.461699999999999777e-01,7.082600000000000007e-01,9.448400000000000132e-01,9.821400000000000130e-01,1.011209999999999942e+00,1.033879999999999910e+00,1.052890000000000104e+00,1.069329999999999892e+00,1.083630000000000093e+00,1.096219999999999972e+00,1.107069999999999999e+00,1.116710000000000091e+00,1.124579999999999913e+00,1.130579999999999918e+00,1.136130000000000084e+00,1.141329999999999956e+00,1.145319999999999894e+00,1.149049999999999905e+00,1.151620000000000088e+00,1.153999999999999915e+00,1.155280000000000085e+00,1.155720000000000081e+00,1.155909999999999993e+00,1.156090000000000062e+00,1.155310000000000059e+00,1.154390000000000027e+00,1.152470000000000105e+00,1.150090000000000057e+00,1.146619999999999973e+00,1.142239999999999922e+00,1.137299999999999978e+00,1.132279999999999953e+00,1.125839999999999952e+00,1.118759999999999977e+00,1.109690000000000065e+00,1.099020000000000108e+00,1.085530000000000106e+00,1.065450000000000008e+00,1.047870000000000079e+00,1.024759999999999893e+00,6.055399999999999672e-01,9.520699999999999719e-01,9.310300000000000242e-01,9.184499999999999886e-01,9.112700000000000244e-01,9.110300000000000065e-01,9.178199999999999692e-01,9.299800000000000288e-01,9.505400000000000515e-01,6.042600000000000193e-01,1.022520000000000095e+00,1.045320000000000027e+00,1.062570000000000014e+00,1.082179999999999920e+00,1.095269999999999966e+00,1.105520000000000058e+00,1.114200000000000079e+00,1.120840000000000058e+00,1.126880000000000104e+00,1.131469999999999976e+00,1.136009999999999964e+00,1.139880000000000004e+00,1.142970000000000041e+00,1.144970000000000043e+00,1.146549999999999958e+00,1.147080000000000100e+00,1.147520000000000095e+00,1.146989999999999954e+00,1.146439999999999904e+00,1.145590000000000108e+00,1.143960000000000088e+00,1.141289999999999916e+00,1.138439999999999896e+00,1.134460000000000024e+00,1.130209999999999937e+00,1.124740000000000073e+00,1.118849999999999900e+00,1.112340000000000106e+00,1.104179999999999939e+00,1.094479999999999897e+00,1.083450000000000024e+00,1.070719999999999894e+00,1.056289999999999951e+00,1.039760000000000018e+00,1.020639999999999992e+00,9.978900000000000547e-01,9.687400000000000455e-01,9.313599999999999657e-01,6.975299999999999834e-01,8.360600000000000254e-01,8.213300000000000045e-01,8.070000000000000506e-01,7.945900000000000185e-01,7.831399999999999473e-01,7.731900000000000439e-01,7.449900000000000411e-01,7.092800000000000216e-01,6.801000000000000378e-01,6.546300000000000452e-01,6.311999999999999833e-01,6.093300000000000383e-01,5.885099999999999776e-01,5.672399999999999665e-01,5.458100000000000174e-01,5.236199999999999743e-01,5.001400000000000290e-01,4.748899999999999788e-01,4.475500000000000034e-01,4.170499999999999763e-01,3.818699999999999872e-01,3.387600000000000056e-01,2.858299999999999730e-01,2.550799999999999734e-01,4.293199999999999794e-01,4.138499999999999956e-01,4.771500000000000186e-01,5.242400000000000393e-01,5.659499999999999531e-01,5.867599999999999483e-01,6.063399999999999901e-01,6.223100000000000298e-01,6.345800000000000329e-01,6.446300000000000363e-01,6.522299999999999764e-01,6.583099999999999508e-01,6.625299999999999523e-01,6.682799999999999851e-01,6.711799999999999988e-01,6.731599999999999806e-01,6.757300000000000528e-01,6.766799999999999482e-01,6.784000000000000030e-01,6.787600000000000300e-01,6.795700000000000074e-01,6.797800000000000509e-01,6.809800000000000297e-01,6.803500000000000103e-01,6.747199999999999864e-01,6.598600000000000021e-01,6.265500000000000513e-01,2.428400000000000003e-01,3.619800000000000240e-01,3.753799999999999915e-01,4.304399999999999893e-01,4.695400000000000129e-01,5.039000000000000146e-01,5.201700000000000212e-01,5.352999999999999980e-01,5.473799999999999777e-01,5.555400000000000338e-01,5.622000000000000330e-01,5.659899999999999931e-01,5.687900000000000178e-01,5.692800000000000082e-01,5.716299999999999715e-01,5.703500000000000236e-01,5.688499999999999668e-01,5.670300000000000340e-01,5.637100000000000444e-01,5.609300000000000397e-01,5.554400000000000448e-01,5.500099999999999989e-01,5.420000000000000373e-01,5.326899999999999968e-01,5.190299999999999914e-01,4.970899999999999763e-01,4.632100000000000106e-01,4.045699999999999852e-01,7.500000000000000156e-04,6.000000000000000152e-05,4.000000000000000327e-05,4.000000000000000327e-05,3.000000000000000076e-05,2.000000000000000164e-05,2.000000000000000164e-05,1.000000000000000082e-05,1.000000000000000082e-05,1.000000000000000082e-05,0.000000000000000000e+00,-0.000000000000000000e+00,-1.000000000000000082e-05,-2.000000000000000164e-05,-1.000000000000000082e-05,-1.000000000000000082e-05,-3.000000000000000076e-05,-8.000000000000000654e-05,-1.000000000000000048e-04,-8.000000000000000654e-05,-1.000000000000000048e-04,-2.000000000000000096e-04,-2.300000000000000070e-04,-2.400000000000000061e-04,-3.699999999999999947e-04,-6.899999999999999667e-04,-6.170000000000000137e-03,-1.086999999999999945e-02,-1.553999999999999999e-02,-2.281000000000000041e-02,-1.888000000000000095e-02,-8.670000000000000623e-03,1.789999999999999925e-03,1.353999999999999995e-02,1.042000000000000044e-02,3.699999999999999947e-04,-2.980000000000000010e-03,-1.137999999999999949e-02,-1.634999999999999995e-02,-2.410999999999999949e-02,-2.025000000000000064e-02,-1.259000000000000050e-02,-2.020000000000000094e-03,8.980000000000000135e-03,7.259999999999999960e-03,-1.779999999999999898e-03,-4.040000000000000188e-03
czi*c/cref,1.857084970760233822e-01,2.076806843168527428e-01,2.477784939925571639e-01,2.823597387559808602e-01,3.118719635832004067e-01,3.384541099415204757e-01,3.631459062200956822e-01,3.866634314726209443e-01,4.092554659755449076e-01,4.311875309941520795e-01,4.528550111642743459e-01,4.747522721956407010e-01,4.966114065922382359e-01,5.196805989367357936e-01,5.443714200956937255e-01,5.711055345029240060e-01,6.013612138224349035e-01,6.378161610845295426e-01,6.690030241360978014e-01,6.756783636895268286e-01,6.857612626262626909e-01,6.961661832004253370e-01,7.085608729930887861e-01,7.204456025518340967e-01,6.036551565124933516e-01,8.108445090909091046e-01,8.521539537480063986e-01,8.869510529505582053e-01,9.166299832004253245e-01,9.434532515151515808e-01,9.683149826156298712e-01,9.915300913875598754e-01,1.013429456034024234e+00,1.033948055927698118e+00,1.053530692078681552e+00,1.071609352472089105e+00,1.088037494736842081e+00,1.104148031100478544e+00,1.120014251515151438e+00,1.134780133333333163e+00,1.149367653375863885e+00,1.162848448059542905e+00,1.176190419989367131e+00,1.188439791174906945e+00,1.199847490909090819e+00,1.211001616959064497e+00,1.222148773631047458e+00,1.232269246677299535e+00,1.242230425677830929e+00,1.251088591812865580e+00,1.259406635353535364e+00,1.266475621690590136e+00,1.272465076023391761e+00,1.277748387559808796e+00,1.282841336310473146e+00,1.286216835725677798e+00,1.288733010526315947e+00,1.288809658585858386e+00,1.286834980861243816e+00,1.281329371823498153e+00,1.266531738437001620e+00,1.253215752631579250e+00,1.232986219883040802e+00,7.361125805422646939e-01,1.170317242583732043e+00,1.151269823923444902e+00,1.142432660287081125e+00,1.140172691281233330e+00,1.139872405475810480e+00,1.141649022009569192e+00,1.149971441148325280e+00,1.168436513875598326e+00,7.345565741626794987e-01,1.230291062838915650e+00,1.250166042105263386e+00,1.263108197767145224e+00,1.277375125146198664e+00,1.282444131578947211e+00,1.283966561616161517e+00,1.283480210526315890e+00,1.280504581605529157e+00,1.276723288463583517e+00,1.271198424401914107e+00,1.265524803030303014e+00,1.259031092822966436e+00,1.251609875757575763e+00,1.242946805528974075e+00,1.233793860446571022e+00,1.223491017543859805e+00,1.213089085380117060e+00,1.201656482456140429e+00,1.190213163636363536e+00,1.178471660871876603e+00,1.165957359489633305e+00,1.152417729186602680e+00,1.138754720255183317e+00,1.124020073046251955e+00,1.109101931259967921e+00,1.093078658692185012e+00,1.076748881977671379e+00,1.059945888357256782e+00,1.041709592982456023e+00,1.022189625093035570e+00,1.001623893141945665e+00,9.797173384370014837e-01,9.565068154704944314e-01,9.316879757575756704e-01,9.048915019670388249e-01,8.752678338118023982e-01,8.405274412546518414e-01,7.992762181818181544e-01,5.945098993620414607e-01,7.118377518341307830e-01,6.983575556087187053e-01,6.852463955342903423e-01,6.737962676767677017e-01,6.631875994683678055e-01,6.538737526315789861e-01,6.263896515151515798e-01,5.902597239766081971e-01,5.601189346092504406e-01,5.335077889952153374e-01,5.089800829346092792e-01,4.860969757575758221e-01,4.644223066985646575e-01,4.427547942583732188e-01,4.213299192450824515e-01,3.996910325358851712e-01,3.774634485911749215e-01,3.543194432216905665e-01,3.300687198298777325e-01,3.039853282828282599e-01,2.750560277511961416e-01,2.410887023923445061e-01,2.009593080276448618e-01,1.771456693248271985e-01,2.348022062732589010e-01,2.316679936204146528e-01,2.732413046251993549e-01,3.069549222753854556e-01,3.386613508771930126e-01,3.586628988835725562e-01,3.784354580542265145e-01,3.964124625199361707e-01,4.123926592238170707e-01,4.272207359383307090e-01,4.406488071770334192e-01,4.532294610313662431e-01,4.646621222222221403e-01,4.772926105263157193e-01,4.880024535885167380e-01,4.981061913875598490e-01,5.087014707602339758e-01,5.181260695374800829e-01,5.281710069112174333e-01,5.371874796384901174e-01,5.465751523657629285e-01,5.554897620414672721e-01,5.652351218500797359e-01,5.734688596491227530e-01,5.774039255715044394e-01,5.731801449229133594e-01,5.523099872408293587e-01,2.183094160552897511e-01,1.979728468899521754e-01,2.101329743753322377e-01,2.464926902711323253e-01,2.749267782030834772e-01,3.015309739500266484e-01,3.179590976076555053e-01,3.340972073365231498e-01,3.486819330143540174e-01,3.610271642743221321e-01,3.725912503987240942e-01,3.823847697501328580e-01,3.915972492291334706e-01,3.992616982456140273e-01,4.082641631578946551e-01,4.146908421052631910e-01,4.209217822966507261e-01,4.268701921850080461e-01,4.316262438064860096e-01,4.367142731525784916e-01,4.395889765018606843e-01,4.423706160552897115e-01,4.429013078149920402e-01,4.421496917065390608e-01,4.374917942583732011e-01,4.253938187134502225e-01,4.023622812865497167e-01,3.566324340244550473e-01,3.935446570972887022e-04,3.258851674641148285e-05,2.246209463051568621e-05,2.319851143009037933e-05,1.795119617224880264e-05,1.233567251461988279e-05,1.270398724082934788e-05,6.536097820308348067e-06,6.720202020202021347e-06,6.904306220095694628e-06,0.000000000000000000e+00,-0.000000000000000000e+00,-7.456671982987772888e-06,-1.528155236576289234e-05,-7.824880382775119449e-06,-8.008984582668794423e-06,-2.457942583732057837e-05,-6.701796916533759522e-05,-8.561350345560872683e-05,-6.996363636363636771e-05,-8.929558745348219922e-05,-1.822743221690590189e-04,-2.138498670919723656e-04,-2.275661881977671401e-04,-3.576430622009569411e-04,-6.796591706539075557e-04,-6.191157097288677198e-03,-1.733652312599680756e-03,-2.478468899521530776e-03,-3.607642211589579938e-03,-2.935885167464114681e-03,-1.325159489633173865e-03,2.688330675172780158e-04,1.997527910685805656e-03,1.509542796384901820e-03,5.311004784688995450e-05,-4.277511961722487788e-04,-1.814992025518340994e-03,-2.607655502392344261e-03,-3.813250930356193360e-03,-3.148923444976076038e-03,-1.924308878256246599e-03,-3.033758639021797072e-04,1.324800637958532682e-03,1.051754385964912388e-03,-2.555023923444976102e-04,-5.799043062200957312e-04
czo,-4.000000000000000327e-05,-5.000000000000000240e-05,-5.000000000000000240e-05,-6.000000000000000152e-05,-6.000000000000000152e-05,-6.999999999999999387e-05,-8.000000000000000654e-05,-8.000000000000000654e-05,-9.000000000000000567e-05,-1.000000000000000048e-04,-1.000000000000000048e-04,-1.100000000000000039e-04,-1.200000000000000030e-04,-1.200000000000000030e-04,-1.299999999999999886e-04,-1.399999999999999877e-04,-1.499999999999999869e-04,-1.600000000000000131e-04,-1.600000000000000131e-04,-1.600000000000000131e-04,-1.700000000000000122e-04,-1.700000000000000122e-04,-1.700000000000000122e-04,-1.700000000000000122e-04,-5.699999999999999772e-04,-1.030000000000000100e-03,-1.069999999999999988e-03,-1.110000000000000092e-03,-1.149999999999999981e-03,-1.180000000000000059e-03,-1.199999999999999895e-03,-1.229999999999999974e-03,-1.250000000000000026e-03,-1.280000000000000105e-03,-1.299999999999999940e-03,-1.309999999999999967e-03,-1.330000000000000019e-03,-1.350000000000000071e-03,-1.360000000000000098e-03,-1.379999999999999933e-03,-1.389999999999999960e-03,-1.399999999999999986e-03,-1.410000000000000012e-03,-1.420000000000000038e-03,-1.430000000000000064e-03,-1.440000000000000091e-03,-1.449999999999999900e-03,-1.449999999999999900e-03,-1.459999999999999926e-03,-1.469999999999999953e-03,-1.469999999999999953e-03,-1.469999999999999953e-03,-1.469999999999999953e-03,-1.469999999999999953e-03,-1.469999999999999953e-03,-1.469999999999999953e-03,-1.469999999999999953e-03,-1.459999999999999926e-03,-1.449999999999999900e-03,-1.440000000000000091e-03,-1.420000000000000038e-03,-1.410000000000000012e-03,-1.379999999999999933e-03,-9.100000000000000016e-04,-4.899999999999999842e-04,-4.899999999999999842e-04,-4.899999999999999842e-04,-4.899999999999999842e-04,-4.899999999999999842e-04,-4.899999999999999842e-04,-4.899999999999999842e-04,-4.899999999999999842e-04,-9.100000000000000016e-04,-1.379999999999999933e-03,-1.399999999999999986e-03,-1.420000000000000038e-03,-1.440000000000000091e-03,-1.449999999999999900e-03,-1.459999999999999926e-03,-1.459999999999999926e-03,-1.459999999999999926e-03,-1.469999999999999953e-03,-1.469999999999999953e-03,-1.469999999999999953e-03,-1.459999999999999926e-03,-1.459999999999999926e-03,-1.459999999999999926e-03,-1.449999999999999900e-03,-1.440000000000000091e-03,-1.440000000000000091e-03,-1.430000000000000064e-03,-1.420000000000000038e-03,-1.410000000000000012e-03,-1.399999999999999986e-03,-1.389999999999999960e-03,-1.379999999999999933e-03,-1.360000000000000098e-03,-1.350000000000000071e-03,-1.330000000000000019e-03,-1.319999999999999993e-03,-1.299999999999999940e-03,-1.280000000000000105e-03,-1.260000000000000052e-03,-1.240000000000000000e-03,-1.219999999999999947e-03,-1.190000000000000085e-03,-1.160000000000000007e-03,-1.129999999999999928e-03,-1.100000000000000066e-03,-1.059999999999999961e-03,-1.020000000000000073e-03,-5.599999999999999509e-04,-1.700000000000000122e-04,-1.700000000000000122e-04,-1.700000000000000122e-04,-1.600000000000000131e-04,-1.600000000000000131e-04,-1.600000000000000131e-04,-1.499999999999999869e-04,-1.399999999999999877e-04,-1.399999999999999877e-04,-1.299999999999999886e-04,-1.200000000000000030e-04,-1.200000000000000030e-04,-1.100000000000000039e-04,-1.000000000000000048e-04,-1.000000000000000048e-04,-9.000000000000000567e-05,-8.000000000000000654e-05,-8.000000000000000654e-05,-6.999999999999999387e-05,-6.000000000000000152e-05,-6.000000000000000152e-05,-5.000000000000000240e-05,-4.000000000000000327e-05,-4.000000000000000327e-05,-1.080000000000000014e-03,-1.139999999999999954e-03,-1.180000000000000059e-03,-1.209999999999999921e-03,-1.240000000000000000e-03,-1.260000000000000052e-03,-1.280000000000000105e-03,-1.289999999999999914e-03,-1.299999999999999940e-03,-1.299999999999999940e-03,-1.309999999999999967e-03,-1.309999999999999967e-03,-1.319999999999999993e-03,-1.319999999999999993e-03,-1.319999999999999993e-03,-1.319999999999999993e-03,-1.319999999999999993e-03,-1.319999999999999993e-03,-1.319999999999999993e-03,-1.309999999999999967e-03,-1.309999999999999967e-03,-1.309999999999999967e-03,-1.309999999999999967e-03,-1.309999999999999967e-03,-1.299999999999999940e-03,-1.280000000000000105e-03,-1.229999999999999974e-03,-5.500000000000000331e-04,-1.069999999999999988e-03,-1.119999999999999902e-03,-1.149999999999999981e-03,-1.170000000000000033e-03,-1.190000000000000085e-03,-1.209999999999999921e-03,-1.219999999999999947e-03,-1.219999999999999947e-03,-1.229999999999999974e-03,-1.229999999999999974e-03,-1.229999999999999974e-03,-1.229999999999999974e-03,-1.229999999999999974e-03,-1.229999999999999974e-03,-1.229999999999999974e-03,-1.219999999999999947e-03,-1.219999999999999947e-03,-1.209999999999999921e-03,-1.209999999999999921e-03,-1.199999999999999895e-03,-1.190000000000000085e-03,-1.190000000000000085e-03,-1.180000000000000059e-03,-1.160000000000000007e-03,-1.139999999999999954e-03,-1.110000000000000092e-03,-1.039999999999999909e-03,-0.000000000000000000e+00,-0.000000000000000000e+00,-0.000000000000000000e+00,0.000000000000000000e+00,0.000000000000000000e+00,0.000000000000000000e+00,0.000000000000000000e+00,0.000000000000000000e+00,0.000000000000000000e+00,0.000000000000000000e+00,0.000000000000000000e+00,0.000000000000000000e+00,0.000000000000000000e+00,0.000000000000000000e+00,0.000000000000000000e+00,0.000000000000000000e+00,0.000000000000000000e+00,0.000000000000000000e+00,0.000000000000000000e+00,0.000000000000000000e+00,0.000000000000000000e+00,0.000000000000000000e+00,0.000000000000000000e+00,0.000000000000000000e+00,0.000000000000000000e+00,0.000000000000000000e+00,0.000000000000000000e+00,0.000000000000000000e+00,0.000000000000000000e+00,0.000000000000000000e+00,0.000000000000000000e+00,0.000000000000000000e+00,0.000000000000000000e+00,0.000000000000000000e+00,0.000000000000000000e+00,0.000000000000000000e+00,0.000000000000000000e+00,0.000000000000000000e+00,0.000000000000000000e+00,0.000000000000000000e+00,0.000000000000000000e+00,0.000000000000000000e+00,0.000000000000000000e+00,0.000000000000000000e+00,0.000000000000000000e+00,0.000000000000000000e+00,0.000000000000000000e+00
czo*c/cref,-2.777884104199894070e-05,-3.515364167995747429e-05,-3.558399787347155802e-05,-4.321722488038277145e-05,-4.373365231259968412e-05,-5.162509303561934373e-05,-5.968867623604466122e-05,-6.037724614566720467e-05,-6.869904306220095478e-05,-7.719351408825093680e-05,-7.805422647527911781e-05,-8.680643274853802193e-05,-9.573078149920255682e-05,-9.676427432216906286e-05,-1.059468899521531007e-04,-1.153016480595427963e-04,-1.248293460925039872e-04,-1.345284423179160147e-04,-1.353093035619351526e-04,-1.354930356193514204e-04,-1.441565656565656889e-04,-1.443517809675704531e-04,-1.445469962785752443e-04,-1.447413078149920442e-04,-4.858151515151514551e-04,-8.839272727272727949e-04,-9.283856990962253497e-04,-9.736015948963318940e-04,-1.019581073896863328e-03,-1.057351515151515190e-03,-1.086641148325358892e-03,-1.125459808612440122e-03,-1.155595427963848967e-03,-1.195456034024455251e-03,-1.226450824029771307e-03,-1.248295587453482087e-03,-1.279953535353535281e-03,-1.311997607655502381e-03,-1.334600318979266417e-03,-1.367300478468899379e-03,-1.390384263689526745e-03,-1.413650186071238731e-03,-1.437113078149920191e-03,-1.460758001063264212e-03,-1.484599999999999982e-03,-1.508631578947368639e-03,-1.532852737905369533e-03,-1.546589580010632745e-03,-1.571095055821371614e-03,-1.595790111642743153e-03,-1.609724242424242450e-03,-1.623658373205741530e-03,-1.637592503987240610e-03,-1.651534449760765815e-03,-1.665468580542264895e-03,-1.679402711323763975e-03,-1.693336842105263272e-03,-1.695664646464646076e-03,-1.697795055821371170e-03,-1.699735885167464244e-03,-1.687995746943115509e-03,-1.686310526315789671e-03,-1.660409250398723951e-03,-1.106223285486443442e-03,-6.023248803827751467e-04,-6.059119617224879894e-04,-6.094964380648590797e-04,-6.130835194045719224e-04,-6.130835194045719224e-04,-6.094964380648590797e-04,-6.059119617224879894e-04,-6.023248803827751467e-04,-1.106223285486443442e-03,-1.660409250398723951e-03,-1.674350877192982544e-03,-1.687995746943115509e-03,-1.699735885167464244e-03,-1.697795055821371170e-03,-1.695664646464646076e-03,-1.681817543859649104e-03,-1.667978203083466358e-03,-1.665468580542264895e-03,-1.651534449760765815e-03,-1.637592503987240610e-03,-1.612613078149920066e-03,-1.598773737373737321e-03,-1.584934396597554359e-03,-1.560334130781499155e-03,-1.535923444976076838e-03,-1.522281339712918931e-03,-1.498154970760234156e-03,-1.474218181818181834e-03,-1.450470972886762182e-03,-1.426920786815523683e-03,-1.403552684742158342e-03,-1.380381499202551661e-03,-1.347484529505582314e-03,-1.324787081339712973e-03,-1.292560606060605887e-03,-1.270329824561403477e-03,-1.238766613503455589e-03,-1.207582349813928922e-03,-1.176777033492823043e-03,-1.146350664540138169e-03,-1.116309728867623599e-03,-1.077585805422647675e-03,-1.039430303030302932e-03,-1.001849229133439621e-03,-9.648304093567252378e-04,-9.197091972355129694e-04,-8.753454545454545819e-04,-4.772920786815523049e-04,-1.447413078149920442e-04,-1.445469962785752443e-04,-1.443517809675704531e-04,-1.356767676767676881e-04,-1.354930356193514204e-04,-1.353093035619351526e-04,-1.261204146730462452e-04,-1.165073896863370466e-04,-1.153016480595427963e-04,-1.059468899521531007e-04,-9.676427432216906286e-05,-9.573078149920255682e-05,-8.680643274853802193e-05,-7.805422647527911781e-05,-7.719351408825093680e-05,-6.869904306220095478e-05,-6.037724614566720467e-05,-5.968867623604466122e-05,-5.162509303561934373e-05,-4.373365231259968412e-05,-4.321722488038277145e-05,-3.558399787347155802e-05,-2.812291334396597875e-05,-2.777884104199894070e-05,-5.906698564593301521e-04,-6.381575757575757126e-04,-6.757303561935140658e-04,-7.084836257309941321e-04,-7.420091440723020114e-04,-7.701875598086125284e-04,-7.988874003189794324e-04,-8.217320574162678519e-04,-8.448272195640615196e-04,-8.615592769803295369e-04,-8.850404572036150519e-04,-9.019012227538542991e-04,-9.257754385964911490e-04,-9.427578947368420300e-04,-9.597473684210526155e-04,-9.767368421052633094e-04,-9.937192982456140820e-04,-1.010708771929824668e-03,-1.027691228070175440e-03,-1.036766454013822360e-03,-1.053627219564061716e-03,-1.070481020733652288e-03,-1.087341786283891644e-03,-1.104202551834130783e-03,-1.112498670919723383e-03,-1.111857947900053321e-03,-1.084257097288676176e-03,-4.944415204678363415e-04,-5.852006911217437317e-04,-6.269618288144603035e-04,-6.585507708665601888e-04,-6.850626794258373765e-04,-7.120894205209995923e-04,-7.396245614035087826e-04,-7.614395534290271461e-04,-7.771419457735245654e-04,-7.993365231259967228e-04,-8.151676236044656972e-04,-8.309921850079743421e-04,-8.468232854864434249e-04,-8.626543859649121824e-04,-8.784789473684209357e-04,-8.943100478468899101e-04,-9.027416267942584048e-04,-9.184375332270069579e-04,-9.264830409356725758e-04,-9.420502923976608201e-04,-9.497097288676234527e-04,-9.571117490696438423e-04,-9.724216905901116861e-04,-9.794376395534291988e-04,-9.777671451355661545e-04,-9.755757575757574530e-04,-9.641893141945774267e-04,-9.167702286018074255e-04,-0.000000000000000000e+00,-0.000000000000000000e+00,-0.000000000000000000e+00,0.000000000000000000e+00,0.000000000000000000e+00,0.000000000000000000e+00,0.000000000000000000e+00,0.000000000000000000e+00,0.000000000000000000e+00,0.000000000000000000e+00,0.000000000000000000e+00,0.000000000000000000e+00,0.000000000000000000e+00,0.000000000000000000e+00,0.000000000000000000e+00,0.000000000000000000e+00,0.000000000000000000e+00,0.000000000000000000e+00,0.000000000000000000e+00,0.000000000000000000e+00,0.000000000000000000e+00,0.000000000000000000e+00,0.000000000000000000e+00,0.000000000000000000e+00,0.000000000000000000e+00,0.000000000000000000e+00,0.000000000000000000e+00,0.000000000000000000e+00,0.000000000000000000e+00,0.000000000000000000e+00,0.000000000000000000e+00,0.000000000000000000e+00,0.000000000000000000e+00,0.000000000000000000e+00,0.000000000000000000e+00,0.000000000000000000e+00,0.000000000000000000e+00,0.000000000000000000e+00,0.000000000000000000e+00,0.000000000000000000e+00,0.000000000000000000e+00,0.000000000000000000e+00,0.000000000000000000e+00,0.000000000000000000e+00,0.000000000000000000e+00,0.000000000000000000e+00,0.000000000000000000e+00
dArea,1.632899999999999907e-01,1.653100000000000125e-01,1.673399999999999888e-01,1.693600000000000105e-01,1.713800000000000046e-01,1.734100000000000086e-01,1.754300000000000026e-01,1.774499999999999966e-01,1.794800000000000006e-01,1.814999999999999947e-01,1.835299999999999987e-01,1.855499999999999927e-01,1.875699999999999867e-01,1.895999999999999908e-01,1.916200000000000125e-01,1.936499999999999888e-01,1.956700000000000106e-01,1.976999999999999869e-01,2.650999999999999884e-02,2.655000000000000068e-02,2.657999999999999946e-02,2.662000000000000130e-02,2.665999999999999967e-02,2.668999999999999845e-02,2.750500000000000167e-01,2.242200000000000026e-01,2.266900000000000026e-01,2.291700000000000126e-01,2.316400000000000126e-01,2.341199999999999948e-01,2.365899999999999948e-01,2.390700000000000047e-01,2.415400000000000047e-01,2.440199999999999869e-01,2.464899999999999869e-01,2.489699999999999969e-01,2.514399999999999968e-01,2.539199999999999791e-01,2.563900000000000068e-01,2.588699999999999890e-01,2.613400000000000167e-01,2.638199999999999990e-01,2.662900000000000267e-01,2.687700000000000089e-01,2.712499999999999911e-01,2.737200000000000188e-01,2.762000000000000011e-01,2.786699999999999733e-01,2.811500000000000110e-01,2.836299999999999932e-01,2.861000000000000210e-01,2.885800000000000032e-01,2.910599999999999854e-01,2.935300000000000131e-01,2.960099999999999953e-01,2.984899999999999776e-01,3.009600000000000053e-01,3.034399999999999875e-01,3.059200000000000252e-01,3.083899999999999975e-01,2.383000000000000118e-01,2.397499999999999909e-01,2.411899999999999877e-01,3.988599999999999923e-01,2.463799999999999879e-01,2.478499999999999870e-01,2.493100000000000038e-01,2.507699999999999929e-01,2.507699999999999929e-01,2.493100000000000038e-01,2.478499999999999870e-01,2.463799999999999879e-01,3.988599999999999923e-01,2.411899999999999877e-01,2.397499999999999909e-01,2.383000000000000118e-01,3.083899999999999975e-01,3.059200000000000252e-01,3.034399999999999875e-01,3.009600000000000053e-01,2.984899999999999776e-01,2.960099999999999953e-01,2.935300000000000131e-01,2.910599999999999854e-01,2.885800000000000032e-01,2.861000000000000210e-01,2.836299999999999932e-01,2.811500000000000110e-01,2.786699999999999733e-01,2.762000000000000011e-01,2.737200000000000188e-01,2.712499999999999911e-01,2.687700000000000089e-01,2.662900000000000267e-01,2.638199999999999990e-01,2.613400000000000167e-01,2.588699999999999890e-01,2.563900000000000068e-01,2.539199999999999791e-01,2.514399999999999968e-01,2.489699999999999969e-01,2.464899999999999869e-01,2.440199999999999869e-01,2.415400000000000047e-01,2.390700000000000047e-01,2.365899999999999948e-01,2.341199999999999948e-01,2.316400000000000126e-01,2.291700000000000126e-01,2.266900000000000026e-01,2.242200000000000026e-01,2.750500000000000167e-01,2.668999999999999845e-02,2.665999999999999967e-02,2.662000000000000130e-02,2.657999999999999946e-02,2.655000000000000068e-02,2.650999999999999884e-02,1.976999999999999869e-01,1.956700000000000106e-01,1.936499999999999888e-01,1.916200000000000125e-01,1.895999999999999908e-01,1.875699999999999867e-01,1.855499999999999927e-01,1.835299999999999987e-01,1.814999999999999947e-01,1.794800000000000006e-01,1.774499999999999966e-01,1.754300000000000026e-01,1.734100000000000086e-01,1.713800000000000046e-01,1.693600000000000105e-01,1.673399999999999888e-01,1.653100000000000125e-01,1.632899999999999907e-01,1.136299999999999949e-01,1.163000000000000006e-01,1.189800000000000024e-01,1.216499999999999942e-01,1.243200000000000000e-01,1.270000000000000018e-01,1.296700000000000075e-01,1.323499999999999954e-01,1.350200000000000011e-01,1.376900000000000068e-01,1.403699999999999948e-01,1.430400000000000005e-01,1.457100000000000062e-01,1.483899999999999941e-01,1.510599999999999998e-01,1.537300000000000055e-01,1.564099999999999935e-01,1.590799999999999992e-01,1.617599999999999871e-01,1.644299999999999928e-01,1.670999999999999985e-01,1.697799999999999865e-01,1.724499999999999922e-01,1.751199999999999979e-01,1.778000000000000136e-01,1.804699999999999915e-01,1.831500000000000072e-01,3.906100000000000128e-01,1.136299999999999949e-01,1.163000000000000006e-01,1.189800000000000024e-01,1.216499999999999942e-01,1.243200000000000000e-01,1.270000000000000018e-01,1.296700000000000075e-01,1.323499999999999954e-01,1.350200000000000011e-01,1.376900000000000068e-01,1.403699999999999948e-01,1.430400000000000005e-01,1.457100000000000062e-01,1.483899999999999941e-01,1.510599999999999998e-01,1.537300000000000055e-01,1.564099999999999935e-01,1.590799999999999992e-01,1.617599999999999871e-01,1.644299999999999928e-01,1.670999999999999985e-01,1.697799999999999865e-01,1.724499999999999922e-01,1.751199999999999979e-01,1.778000000000000136e-01,1.804699999999999915e-01,1.831500000000000072e-01,9.693999999999999839e-02,1.003399999999999986e-01,1.037399999999999989e-01,1.071399999999999991e-01,1.105399999999999994e-01,1.139499999999999957e-01,1.173499999999999960e-01,1.207499999999999962e-01,1.241499999999999965e-01,1.275499999999999967e-01,1.309500000000000108e-01,1.343499999999999972e-01,1.377599999999999936e-01,1.411600000000000077e-01,1.445599999999999941e-01,1.479600000000000082e-01,1.513599999999999945e-01,1.547600000000000087e-01,1.581599999999999950e-01,1.615600000000000092e-01,1.649700000000000055e-01,1.683699999999999919e-01,1.717700000000000060e-01,1.751699999999999924e-01,1.785700000000000065e-01,1.819699999999999929e-01,1.853700000000000070e-01,7.499999999999999722e-03,7.499999999999999722e-03,1.737200000000000133e-01,1.708000000000000074e-01,1.678800000000000014e-01,1.649599999999999955e-01,1.620399999999999896e-01,1.591200000000000114e-01,2.970000000000000070e-02,2.970000000000000070e-02,7.499999999999999722e-03,7.499999999999999722e-03,1.737200000000000133e-01,1.708000000000000074e-01,1.678800000000000014e-01,1.649599999999999955e-01,1.620399999999999896e-01,1.591200000000000114e-01,2.970000000000000070e-02,2.970000000000000070e-02
dSpan,1.250000000000000000e-01,1.250000000000000000e-01,1.250000000000000000e-01,1.250000000000000000e-01,1.250000000000000000e-01,1.250000000000000000e-01,1.250000000000000000e-01,1.250000000000000000e-01,1.250000000000000000e-01,1.250000000000000000e-01,1.250000000000000000e-01,1.250000000000000000e-01,1.250000000000000000e-01,1.250000000000000000e-01,1.250000000000000000e-01,1.250000000000000000e-01,1.250000000000000000e-01,1.250000000000000000e-01,1.667000000000000079e-02,1.667000000000000079e-02,1.667000000000000079e-02,1.667000000000000079e-02,1.667000000000000079e-02,1.667000000000000079e-02,1.715599999999999903e-01,1.388999999999999957e-01,1.388999999999999957e-01,1.388999999999999957e-01,1.388999999999999957e-01,1.388999999999999957e-01,1.388999999999999957e-01,1.388999999999999957e-01,1.388999999999999957e-01,1.388999999999999957e-01,1.388999999999999957e-01,1.388999999999999957e-01,1.388999999999999957e-01,1.388999999999999957e-01,1.388999999999999957e-01,1.388999999999999957e-01,1.388999999999999957e-01,1.388999999999999957e-01,1.388999999999999957e-01,1.388999999999999957e-01,1.388999999999999957e-01,1.388999999999999957e-01,1.388999999999999957e-01,1.388999999999999957e-01,1.388999999999999957e-01,1.388999999999999957e-01,1.388999999999999957e-01,1.388999999999999957e-01,1.388999999999999957e-01,1.388999999999999957e-01,1.388999999999999957e-01,1.388999999999999957e-01,1.388999999999999957e-01,1.388999999999999957e-01,1.388999999999999957e-01,1.388999999999999957e-01,1.065799999999999942e-01,1.065699999999999981e-01,1.065699999999999981e-01,1.744300000000000017e-01,1.065600000000000019e-01,1.065600000000000019e-01,1.065500000000000058e-01,1.065500000000000058e-01,1.065500000000000058e-01,1.065500000000000058e-01,1.065600000000000019e-01,1.065600000000000019e-01,1.744300000000000017e-01,1.065699999999999981e-01,1.065699999999999981e-01,1.065799999999999942e-01,1.388999999999999957e-01,1.388999999999999957e-01,1.388999999999999957e-01,1.388999999999999957e-01,1.388999999999999957e-01,1.388999999999999957e-01,1.388999999999999957e-01,1.388999999999999957e-01,1.388999999999999957e-01,1.388999999999999957e-01,1.388999999999999957e-01,1.388999999999999957e-01,1.388999999999999957e-01,1.388999999999999957e-01,1.388999999999999957e-01,1.388999999999999957e-01,1.388999999999999957e-01,1.388999999999999957e-01,1.388999999999999957e-01,1.388999999999999957e-01,1.388999999999999957e-01,1.388999999999999957e-01,1.388999999999999957e-01,1.388999999999999957e-01,1.388999999999999957e-01,1.388999999999999957e-01,1.388999999999999957e-01,1.388999999999999957e-01,1.388999999999999957e-01,1.388999999999999957e-01,1.388999999999999957e-01,1.388999999999999957e-01,1.388999999999999957e-01,1.388999999999999957e-01,1.388999999999999957e-01,1.715599999999999903e-01,1.667000000000000079e-02,1.667000000000000079e-02,1.667000000000000079e-02,1.667000000000000079e-02,1.667000000000000079e-02,1.667000000000000079e-02,1.250000000000000000e-01,1.250000000000000000e-01,1.250000000000000000e-01,1.250000000000000000e-01,1.250000000000000000e-01,1.250000000000000000e-01,1.250000000000000000e-01,1.250000000000000000e-01,1.250000000000000000e-01,1.250000000000000000e-01,1.250000000000000000e-01,1.250000000000000000e-01,1.250000000000000000e-01,1.250000000000000000e-01,1.250000000000000000e-01,1.250000000000000000e-01,1.250000000000000000e-01,1.250000000000000000e-01,1.104500000000000065e-01,1.104500000000000065e-01,1.104500000000000065e-01,1.104500000000000065e-01,1.104500000000000065e-01,1.104500000000000065e-01,1.104500000000000065e-01,1.104500000000000065e-01,1.104500000000000065e-01,1.104500000000000065e-01,1.104500000000000065e-01,1.104500000000000065e-01,1.104500000000000065e-01,1.104500000000000065e-01,1.104500000000000065e-01,1.104500000000000065e-01,1.104500000000000065e-01,1.104500000000000065e-01,1.104500000000000065e-01,1.104500000000000065e-01,1.104500000000000065e-01,1.104500000000000065e-01,1.104500000000000065e-01,1.104500000000000065e-01,1.104500000000000065e-01,1.104500000000000065e-01,1.104500000000000065e-01,2.310000000000000109e-01,1.104500000000000065e-01,1.104500000000000065e-01,1.104500000000000065e-01,1.104500000000000065e-01,1.104500000000000065e-01,1.104500000000000065e-01,1.104500000000000065e-01,1.104500000000000065e-01,1.104500000000000065e-01,1.104500000000000065e-01,1.104500000000000065e-01,1.104500000000000065e-01,1.104500000000000065e-01,1.104500000000000065e-01,1.104500000000000065e-01,1.104500000000000065e-01,1.104500000000000065e-01,1.104500000000000065e-01,1.104500000000000065e-01,1.104500000000000065e-01,1.104500000000000065e-01,1.104500000000000065e-01,1.104500000000000065e-01,1.104500000000000065e-01,1.104500000000000065e-01,1.104500000000000065e-01,1.104500000000000065e-01,9.821000000000000563e-02,9.821000000000000563e-02,9.821000000000000563e-02,9.821000000000000563e-02,9.821000000000000563e-02,9.821000000000000563e-02,9.821000000000000563e-02,9.821000000000000563e-02,9.821000000000000563e-02,9.821000000000000563e-02,9.821000000000000563e-02,9.821000000000000563e-02,9.821000000000000563e-02,9.821000000000000563e-02,9.821000000000000563e-02,9.821000000000000563e-02,9.821000000000000563e-02,9.821000000000000563e-02,9.821000000000000563e-02,9.821000000000000563e-02,9.821000000000000563e-02,9.821000000000000563e-02,9.821000000000000563e-02,9.821000000000000563e-02,9.821000000000000563e-02,9.821000000000000563e-02,9.821000000000000563e-02,2.500000000000000139e-02,2.500000000000000139e-02,5.839199999999999946e-01,5.839199999999999946e-01,5.839199999999999946e-01,5.839199999999999946e-01,5.839199999999999946e-01,5.839199999999999946e-01,1.100000000000000006e-01,1.100000000000000006e-01,2.500000000000000139e-02,2.500000000000000139e-02,5.839199999999999946e-01,5.839199999999999946e-01,5.839199999999999946e-01,5.839199999999999946e-01,5.839199999999999946e-01,5.839199999999999946e-01,1.100000000000000006e-01,1.100000000000000006e-01
roverR,inf,inf,inf,inf,inf,inf,inf,inf,inf,inf,inf,inf,inf,inf,inf,inf,inf,inf,inf,inf,inf,inf,inf,inf,inf,inf,inf,inf,inf,inf,inf,inf,inf,inf,inf,inf,inf,inf,inf,inf,inf,inf,inf,inf,inf,inf,inf,inf,inf,inf,inf,inf,inf,inf,inf,inf,inf,inf,inf,inf,inf,inf,inf,inf,inf,inf,inf,inf,inf,inf,inf,inf,inf,inf,inf,inf,inf,inf,inf,inf,inf,inf,inf,inf,inf,inf,inf,inf,inf,inf,inf,inf,inf,inf,inf,inf,inf,inf,inf,inf,inf,inf,inf,inf,inf,inf,inf,inf,inf,inf,inf,inf,inf,inf,inf,inf,inf,inf,inf,inf,inf,inf,inf,inf,inf,inf,inf,inf,inf,inf,inf,inf,inf,inf,inf,inf,inf,inf,inf,inf,inf,inf,inf,inf,inf,inf,inf,inf,inf,inf,inf,inf,inf,inf,inf,inf,inf,inf,inf,inf,inf,inf,inf,inf,inf,inf,inf,inf,inf,inf,inf,inf,inf,inf,inf,inf,inf,inf,inf,inf,inf,inf,inf,inf,inf,inf,inf,inf,inf,inf,inf,inf,inf,inf,inf,inf,inf,inf,inf,inf,inf,inf,inf,inf,inf,inf,inf,inf,inf,inf,inf,inf,inf,inf,inf,inf,inf,inf,inf,inf,inf,inf,inf,inf,inf,inf,inf,inf,inf,inf,inf,inf,inf,inf,inf,inf,inf,inf
Results_Name,CpSlice_Wrapper
Results_Timestamp,1787753760
Results_Date,8,26,2026
Results_Time,19,46,0
CpSlice_Case_ID_Vec,XNFZQQZ
Num_Cuts,1
Results_Name,CpSlicer_Case
Results_Timestamp,1787753760
Results_Date,8,26,2026
Results_Time,19,46,0
Alpha,0.000000000000000000e+00
Beta,0.000000000000000000e+00
Case,1
Cp,-2.142000000000000015e-01,-2.142000000000000015e-01,-3.926000000000000045e-01,-3.926000000000000045e-01,-5.021999999999999797e-01,-5.021999999999999797e-01,-5.735999999999999988e-01,-5.735999999999999988e-01,-6.283999999999999586e-01,-6.283999999999999586e-01,-6.818999999999999506e-01,-6.818999999999999506e-01,-7.215000000000000302e-01,-7.215000000000000302e-01,-7.458000000000000185e-01,-7.458000000000000185e-01,-7.711000000000000076e-01,-7.711000000000000076e-01,-7.993999999999999995e-01,-7.993999999999999995e-01,-8.156999999999999806e-01,-8.156999999999999806e-01,-8.189999999999999503e-01,-8.189999999999999503e-01,-8.253000000000000336e-01,-8.253000000000000336e-01,-8.300999999999999490e-01,-8.300999999999999490e-01,-8.177999999999999714e-01,-8.177999999999999714e-01,-7.890000000000000346e-01,-7.890000000000000346e-01,-7.643999999999999684e-01,-7.643999999999999684e-01,-7.581999999999999851e-01,-7.581999999999999851e-01,-7.639000000000000234e-01,-7.639000000000000234e-01,-7.730000000000000204e-01,-7.730000000000000204e-01,-7.933999999999999941e-01,-7.933999999999999941e-01,-8.208999999999999631e-01,-8.208999999999999631e-01,-8.556000000000000272e-01,-8.556000000000000272e-01,-8.556000000000000272e-01,-9.092000000000000082e-01,-9.092000000000000082e-01,-9.697999999999999954e-01,-9.697999999999999954e-01,-1.045900000000000052e+00,-1.045900000000000052e+00,-1.139000000000000012e+00,-1.139000000000000012e+00,-1.249800000000000022e+00,-1.249800000000000022e+00,-1.405299999999999994e+00,-1.405299999999999994e+00,-1.585399999999999920e+00,-1.585399999999999920e+00,-1.787300000000000111e+00,-1.787300000000000111e+00,-2.053700000000000081e+00,-2.053700000000000081e+00,-2.467000000000000082e+00,-2.467000000000000082e+00,-3.462200000000000166e+00,-3.462200000000000166e+00,-3.775100000000000122e+00,-3.775100000000000122e+00,-2.142000000000000015e-01,-2.142000000000000015e-01,-3.926000000000000045e-01,-3.926000000000000045e-01,-5.021999999999999797e-01,-5.021999999999999797e-01,-5.735999999999999988e-01,-5.735999999999999988e-01,-6.283999999999999586e-01,-6.283999999999999586e-01,-6.818999999999999506e-01,-6.818999999999999506e-01,-7.215000000000000302e-01,-7.215000000000000302e-01,-7.458000000000000185e-01,-7.458000000000000185e-01,-7.711000000000000076e-01,-7.711000000000000076e-01,-7.993999999999999995e-01,-7.993999999999999995e-01,-8.156999999999999806e-01,-8.156999999999999806e-01,-8.189999999999999503e-01,-8.189999999999999503e-01,-8.253000000000000336e-01,-8.253000000000000336e-01,-8.300999999999999490e-01,-8.300999999999999490e-01,-8.177999999999999714e-01,-8.177999999999999714e-01,-7.890000000000000346e-01,-7.890000000000000346e-01,-7.643999999999999684e-01,-7.643999999999999684e-01,-7.581999999999999851e-01,-7.581999999999999851e-01,-7.639000000000000234e-01,-7.639000000000000234e-01,-7.730000000000000204e-01,-7.730000000000000204e-01,-7.933999999999999941e-01,-7.933999999999999941e-01,-8.208999999999999631e-01,-8.208999999999999631e-01,-8.556000000000000272e-01,-8.556000000000000272e-01,-8.556000000000000272e-01,-9.092000000000000082e-01,-9.092000000000000082e-01,-9.697999999999999954e-01,-9.697999999999999954e-01,-1.045900000000000052e+00,-1.045900000000000052e+00,-1.139000000000000012e+00,-1.139000000000000012e+00,-1.249800000000000022e+00,-1.405299999999999994e+00,-1.249800000000000022e+00,-1.585399999999999920e+00,-1.405299999999999994e+00,-1.787300000000000111e+00,-1.585399999999999920e+00,-2.053700000000000081e+00,-1.787300000000000111e+00,-2.467000000000000082e+00,-2.053700000000000081e+00,-3.462200000000000166e+00,-2.467000000000000082e+00,-3.775100000000000122e+00,-3.462200000000000166e+00,-3.775100000000000122e+00,1.048799999999999955e+00,1.048799999999999955e+00,1.009600000000000053e+00,1.048799999999999955e+00,4.905999999999999805e-01,1.789600000000000080e+00,1.789600000000000080e+00,8.527000000000000135e-01,8.658000000000000140e-01,8.658000000000000140e-01,1.789600000000000080e+00,8.658000000000000140e-01,1.149499999999999966e+00,1.149299999999999988e+00,1.149299999999999988e+00,8.658000000000000140e-01,1.149299999999999988e+00,1.195699999999999985e+00,1.180500000000000105e+00,1.180500000000000105e+00,1.149299999999999988e+00,1.180500000000000105e+00,9.949000000000000066e-01,9.949000000000000066e-01,1.030399999999999983e+00,9.949000000000000066e-01,1.180500000000000105e+00,8.290999999999999481e-01,8.290999999999999481e-01,8.860000000000000098e-01,8.290999999999999481e-01,9.949000000000000066e-01,6.020999999999999686e-01,6.020999999999999686e-01,6.660000000000000364e-01,6.020999999999999686e-01,8.290999999999999481e-01,4.375999999999999890e-01,3.719999999999999973e-01,3.719999999999999973e-01,6.020999999999999686e-01,3.719999999999999973e-01,2.205999999999999905e-01,1.575000000000000011e-01,1.575000000000000011e-01,3.719999999999999973e-01,1.575000000000000011e-01,-2.079999999999999905e-02,-2.079999999999999905e-02,1.575000000000000011e-01,-1.030000000000000013e-02,-1.030000000000000013e-02,-2.209000000000000130e-01,-1.030000000000000013e-02,-2.209000000000000130e-01,-1.542999999999999927e-01,-1.542999999999999927e-01,-4.106000000000000205e-01,-4.106000000000000205e-01,-1.542999999999999927e-01,-2.021999999999999909e-01,-2.021999999999999909e-01,-4.287000000000000255e-01,-4.287000000000000255e-01,-2.021999999999999909e-01,-5.433000000000000052e-01,-5.433000000000000052e-01,-1.263500000000000068e+00,-1.263500000000000068e+00,-7.297000000000000153e-01,-7.297000000000000153e-01,-3.896000000000000019e-01,-3.896000000000000019e-01,-7.297000000000000153e-01,-4.964999999999999969e-01,-4.964999999999999969e-01,-3.896000000000000019e-01,-4.556000000000000050e-01,-2.406999999999999973e-01,-2.406999999999999973e-01,-4.354999999999999982e-01,-4.354999999999999982e-01,-4.154999999999999805e-01,-4.154999999999999805e-01,-2.273000000000000020e-01,-4.354999999999999982e-01,-4.154999999999999805e-01,-3.603999999999999981e-01,-3.603999999999999981e-01,-4.154999999999999805e-01,-3.659000000000000030e-01,-3.659000000000000030e-01,-3.498999999999999888e-01,-3.659000000000000030e-01,-3.498999999999999888e-01,-3.503000000000000003e-01,-3.503000000000000003e-01,-4.088999999999999857e-01,-3.503000000000000003e-01,-4.088999999999999857e-01,-2.311999999999999889e-01,-2.311999999999999889e-01,-3.685999999999999832e-01,-2.311999999999999889e-01,-3.685999999999999832e-01,-1.854000000000000092e-01,-1.854000000000000092e-01,-2.931000000000000272e-01,-1.854000000000000092e-01,-2.931000000000000272e-01,-1.847999999999999921e-01,-1.847999999999999921e-01,-1.847999999999999921e-01,-1.960999999999999965e-01,-2.041000000000000036e-01,-2.212999999999999967e-01,-2.041000000000000036e-01,-2.132999999999999896e-01,-2.121999999999999997e-01,-2.121999999999999997e-01,-2.132999999999999896e-01,-2.212999999999999967e-01,-2.422999999999999876e-01,-2.422999999999999876e-01,-2.028999999999999970e-01,-2.028999999999999970e-01,-2.121999999999999997e-01,-2.177999999999999936e-01,-2.177999999999999936e-01,-2.505999999999999894e-01,-2.505999999999999894e-01,-2.028999999999999970e-01,-2.308000000000000052e-01,-2.308000000000000052e-01,-3.017000000000000237e-01,-3.017000000000000237e-01,-2.505999999999999894e-01,-3.017000000000000237e-01,-2.964999999999999858e-01,-1.381000000000000005e-01,-3.343999999999999750e-01,-3.343999999999999750e-01,-2.964999999999999858e-01,-2.964999999999999858e-01,-3.343999999999999750e-01,-3.729000000000000092e-01,-3.729000000000000092e-01,-4.929999999999999938e-01,-4.929999999999999938e-01,-2.184000000000000108e-01,-8.329999999999999627e-01,-8.329999999999999627e-01,-4.929999999999999938e-01,-8.329999999999999627e-01,-7.593999999999999639e-01,-7.593999999999999639e-01,1.009600000000000053e+00,1.048799999999999955e+00,1.048799999999999955e+00,1.789600000000000080e+00,1.789600000000000080e+00,8.658000000000000140e-01,8.527000000000000135e-01,8.658000000000000140e-01,1.149299999999999988e+00,1.149499999999999966e+00,1.149299999999999988e+00,1.180500000000000105e+00,1.195699999999999985e+00,1.180500000000000105e+00,1.030399999999999983e+00,9.949000000000000066e-01,9.949000000000000066e-01,8.860000000000000098e-01,8.290999999999999481e-01,8.290999999999999481e-01,6.660000000000000364e-01,6.020999999999999686e-01,6.020999999999999686e-01,3.719999999999999973e-01,3.719999999999999973e-01,4.375999999999999890e-01,1.575000000000000011e-01,1.575000000000000011e-01,2.205999999999999905e-01,-1.030000000000000013e-02,-2.079999999999999905e-02,-2.079999999999999905e-02,-1.542999999999999927e-01,-2.209000000000000130e-01,-2.209000000000000130e-01,-2.021999999999999909e-01,-4.106000000000000205e-01,-4.106000000000000205e-01,-5.433000000000000052e-01,-4.287000000000000255e-01,-4.287000000000000255e-01,-3.896000000000000019e-01,-1.263500000000000068e+00,-1.263500000000000068e+00,-7.297000000000000153e-01,-7.297000000000000153e-01,-4.964999999999999969e-01,-4.556000000000000050e-01,-2.406999999999999973e-01,-4.964999999999999969e-01,-4.354999999999999982e-01,-4.354999999999999982e-01,-4.154999999999999805e-01,-4.154999999999999805e-01,-2.273000000000000020e-01,-3.659000000000000030e-01,-3.603999999999999981e-01,-3.603999999999999981e-01,-3.503000000000000003e-01,-3.498999999999999888e-01,-3.498999999999999888e-01,-2.311999999999999889e-01,-4.088999999999999857e-01,-4.088999999999999857e-01,-3.685999999999999832e-01,-1.854000000000000092e-01,-3.685999999999999832e-01,-2.931000000000000272e-01,-1.847999999999999921e-01,-2.931000000000000272e-01,-1.847999999999999921e-01,-1.960999999999999965e-01,-2.041000000000000036e-01,-2.041000000000000036e-01,-2.212999999999999967e-01,-2.132999999999999896e-01,-2.132999999999999896e-01,-2.121999999999999997e-01,-2.422999999999999876e-01,-2.422999999999999876e-01,-2.028999999999999970e-01,-2.177999999999999936e-01,-2.177999999999999936e-01,-2.505999999999999894e-01,-2.308000000000000052e-01,-2.308000000000000052e-01,-3.017000000000000237e-01,-3.017000000000000237e-01,-2.964999999999999858e-01,-1.381000000000000005e-01,-2.964999999999999858e-01,-3.343999999999999750e-01,-3.343999999999999750e-01,-3.729000000000000092e-01,-3.729000000000000092e-01,-4.929999999999999938e-01,-2.184000000000000108e-01,-8.329999999999999627e-01,-4.929999999999999938e-01,-8.329999999999999627e-01,-7.593999999999999639e-01,-7.593999999999999639e-01,4.905999999999999805e-01,-7.469000000000000083e-01,1.048799999999999955e+00,1.048799999999999955e+00,1.789600000000000080e+00,8.658000000000000140e-01,8.658000000000000140e-01,1.149299999999999988e+00,1.149299999999999988e+00,1.180500000000000105e+00,1.180500000000000105e+00,9.949000000000000066e-01,9.949000000000000066e-01,8.290999999999999481e-01,8.290999999999999481e-01,6.020999999999999686e-01,2.795000000000000262e-01,6.020999999999999686e-01,3.719999999999999973e-01,3.719999999999999973e-01,1.575000000000000011e-01,1.575000000000000011e-01,-1.030000000000000013e-02,-1.030000000000000013e-02,-1.542999999999999927e-01,-1.542999999999999927e-01,-2.021999999999999909e-01,-2.021999999999999909e-01,-7.297000000000000153e-01,-5.433000000000000052e-01,-7.297000000000000153e-01,-3.896000000000000019e-01,-3.896000000000000019e-01,-4.354999999999999982e-01,-2.406999999999999973e-01,-2.406999999999999973e-01,-4.154999999999999805e-01,-3.659000000000000030e-01,-3.503000000000000003e-01,-2.311999999999999889e-01,-2.311999999999999889e-01,-1.854000000000000092e-01,-1.854000000000000092e-01,-2.041000000000000036e-01,-1.960999999999999965e-01,-1.847999999999999921e-01,-1.847999999999999921e-01,5.299999999999999850e-02,5.299999999999999850e-02,-2.028999999999999970e-01,-2.121999999999999997e-01,5.299999999999999850e-02,-2.505999999999999894e-01,-2.964999999999999858e-01,-3.017000000000000237e-01,-4.929999999999999938e-01,-3.343999999999999750e-01,-3.729000000000000092e-01,-9.370000000000000551e-02,-8.329999999999999627e-01,-7.593999999999999639e-01,4.870000000000000023e-02,4.909999999999999781e-02,-3.219999999999999946e-02,-7.044000000000000261e-01,7.399999999999999634e-02,9.120000000000000329e-02,4.739999999999999769e-02,4.739999999999999769e-02,5.299999999999999850e-02,4.739999999999999769e-02,7.220000000000000029e-02,7.380000000000000449e-02,-9.299999999999999239e-03,-2.939999999999999905e-02,1.080000000000000057e-02,1.389999999999999916e-02,4.739999999999999769e-02,4.739999999999999769e-02,4.229999999999999732e-02,8.809999999999999776e-02,8.959999999999999909e-02,-1.899999999999999996e-03,-7.499999999999999722e-03,-2.000000000000000096e-04,-8.000000000000000383e-04,4.019999999999999962e-02,3.710000000000000103e-02,9.589999999999999913e-02,9.679999999999999716e-02,-6.999999999999999929e-04,-1.199999999999999895e-03,-4.799999999999999580e-03,-5.000000000000000104e-03,3.309999999999999748e-02,3.180000000000000188e-02,9.700000000000000289e-02,9.700000000000000289e-02,-4.000000000000000192e-04,-2.999999999999999737e-04,-7.599999999999999985e-03,-7.400000000000000328e-03,2.790000000000000119e-02,2.649999999999999925e-02,2.869999999999999982e-02,2.869999999999999982e-02,2.869999999999999982e-02,2.869999999999999982e-02,9.510000000000000397e-02,9.460000000000000353e-02,2.000000000000000096e-04,0.000000000000000000e+00,-8.899999999999999925e-03,-8.699999999999999400e-03,2.160000000000000114e-02,2.160000000000000114e-02,2.160000000000000114e-02,2.160000000000000114e-02,2.419999999999999929e-02,2.419999999999999929e-02,2.869999999999999982e-02,2.419999999999999929e-02,9.030000000000000526e-02,8.890000000000000679e-02,2.000000000000000096e-04,5.000000000000000104e-04,-9.700000000000000289e-03,-9.499999999999999764e-03,2.160000000000000114e-02,2.160000000000000114e-02,1.760000000000000106e-02,2.100000000000000130e-02,2.419999999999999929e-02,1.849999999999999908e-02,2.419999999999999929e-02,1.990000000000000102e-02,8.089999999999999969e-02,7.779999999999999416e-02,-1.000000000000000021e-03,-1.000000000000000048e-04,-1.020000000000000073e-02,-1.009999999999999960e-02,1.319999999999999993e-02,1.319999999999999993e-02,1.319999999999999993e-02,1.710000000000000062e-02,1.319999999999999993e-02,1.779999999999999985e-02,1.480000000000000066e-02,6.690000000000000113e-02,6.199999999999999956e-02,-1.299999999999999940e-03,-1.000000000000000021e-03,-1.060000000000000005e-02,-1.039999999999999952e-02,8.000000000000000167e-03,8.000000000000000167e-03,1.319999999999999993e-02,8.000000000000000167e-03,1.089999999999999997e-02,9.700000000000000289e-03,5.319999999999999729e-02,4.850000000000000144e-02,-1.699999999999999905e-03,-1.299999999999999940e-03,-1.119999999999999989e-02,-1.089999999999999997e-02,8.000000000000000167e-03,8.000000000000000167e-03,5.400000000000000286e-03,4.499999999999999660e-03,3.969999999999999918e-02,3.409999999999999837e-02,-1.899999999999999996e-03,-1.699999999999999905e-03,-1.129999999999999928e-02,-1.110000000000000049e-02,2.000000000000000096e-04,2.000000000000000096e-04,2.000000000000000096e-04,2.000000000000000096e-04,2.489999999999999852e-02,1.779999999999999985e-02,-2.099999999999999870e-03,-1.899999999999999996e-03,-1.110000000000000049e-02,-1.110000000000000049e-02,2.000000000000000096e-04,2.000000000000000096e-04,-3.599999999999999901e-03,7.799999999999999642e-03,-8.000000000000000383e-04,-2.299999999999999961e-03,-2.200000000000000133e-03,-1.089999999999999997e-02,-1.069999999999999944e-02,-5.100000000000000366e-03,-7.700000000000000247e-03,-7.599999999999999985e-03,-6.199999999999999782e-03,-7.900000000000000772e-03,-8.099999999999999561e-03,-7.799999999999999642e-03,-6.799999999999999621e-03,-8.699999999999999400e-03,-9.199999999999999845e-03,-8.600000000000000006e-03,-1.679999999999999896e-02,-2.399999999999999790e-03,-2.299999999999999961e-03,-1.099999999999999936e-02,-1.069999999999999944e-02,-9.499999999999999764e-03,-1.179999999999999973e-02,-1.129999999999999928e-02,-1.269999999999999948e-02,-1.009999999999999960e-02,-1.009999999999999960e-02,-9.499999999999999764e-03,-1.609999999999999973e-02,-2.400000000000000050e-02,-3.289999999999999869e-02,-2.399999999999999790e-03,-2.399999999999999790e-03,-1.069999999999999944e-02,-1.089999999999999997e-02,-1.439999999999999961e-02,-1.600000000000000033e-02,-1.480000000000000066e-02,-1.689999999999999836e-02,-1.689999999999999836e-02,-2.330000000000000127e-02,-4.009999999999999676e-02,-5.079999999999999793e-02,-2.500000000000000052e-03,-2.500000000000000052e-03,-1.050000000000000065e-02,-1.080000000000000057e-02,-1.930000000000000118e-02,-1.990000000000000102e-02,-1.839999999999999969e-02,-2.060000000000000026e-02,-2.469999999999999973e-02,-3.049999999999999933e-02,-5.800000000000000294e-02,-7.030000000000000138e-02,-2.700000000000000143e-03,-2.700000000000000143e-03,-1.039999999999999952e-02,-1.050000000000000065e-02,-2.179999999999999993e-02,-2.120000000000000009e-02,-3.239999999999999825e-02,-3.660000000000000059e-02,-7.520000000000000295e-02,-8.550000000000000655e-02,-2.799999999999999972e-03,-2.899999999999999800e-03,-1.000000000000000021e-02,-1.030000000000000013e-02,-3.880000000000000115e-02,-4.200000000000000261e-02,-8.930000000000000437e-02,-9.919999999999999651e-02,-2.799999999999999972e-03,-2.899999999999999800e-03,-9.599999999999999159e-03,-9.599999999999999159e-03,-9.599999999999999159e-03,-9.599999999999999159e-03,-1.000000000000000021e-02,-4.449999999999999789e-02,-4.700000000000000011e-02,-1.020999999999999963e-01,-1.121000000000000052e-01,-2.700000000000000143e-03,-2.799999999999999972e-03,-8.699999999999999400e-03,-8.699999999999999400e-03,-9.599999999999999159e-03,-9.599999999999999159e-03,-5.009999999999999870e-02,-5.179999999999999882e-02,-1.144000000000000017e-01,-1.244999999999999996e-01,-2.899999999999999800e-03,-2.700000000000000143e-03,-7.799999999999999642e-03,-7.900000000000000772e-03,-5.439999999999999697e-02,-5.580000000000000238e-02,-1.259000000000000119e-01,-1.346999999999999864e-01,-3.399999999999999811e-03,-3.000000000000000062e-03,-7.100000000000000408e-03,-7.199999999999999803e-03,-5.890000000000000097e-02,-5.940000000000000141e-02,-1.355000000000000093e-01,-1.431000000000000050e-01,-3.299999999999999982e-03,-3.299999999999999982e-03,-6.199999999999999782e-03,-6.599999999999999964e-03,-6.149999999999999911e-02,-6.169999999999999790e-02,-8.219999999999999529e-02,-7.939999999999999836e-02,-7.720000000000000473e-02,-8.469999999999999751e-02,-1.502999999999999892e-01,-1.502999999999999892e-01,-1.502999999999999892e-01,-1.433999999999999997e-01,-3.299999999999999982e-03,-3.200000000000000153e-03,-5.300000000000000024e-03,-5.700000000000000205e-03,-6.239999999999999714e-02,-6.239999999999999714e-02,-6.239999999999999714e-02,-7.049999999999999323e-02,-6.239999999999999714e-02,-8.500000000000000611e-02,-8.989999999999999380e-02,-1.491999999999999993e-01,-1.486999999999999988e-01,-3.700000000000000164e-03,-3.500000000000000073e-03,-5.000000000000000104e-03,-5.000000000000000104e-03,-6.239999999999999714e-02,-6.239999999999999714e-02,-9.009999999999999953e-02,-9.120000000000000329e-02,-1.414999999999999869e-01,-1.391999999999999904e-01,-4.199999999999999740e-03,-4.100000000000000346e-03,1.399999999999999986e-03,-2.000000000000000042e-03,-8.859999999999999820e-02,-8.540000000000000369e-02,-1.272000000000000075e-01,-1.202000000000000013e-01,-4.499999999999999660e-03,3.700000000000000164e-03,-7.879999999999999505e-02,-1.132999999999999979e-01
Cut_Loc,0.000000000000000000e+00
Cut_Num,1
Cut_Type,1
Mach,6.339999999999999802e-02
X_Loc,5.271200000000000330e+00,5.271200000000000330e+00,5.250099999999999767e+00,5.250099999999999767e+00,5.225200000000000067e+00,5.225200000000000067e+00,5.195899999999999963e+00,5.195899999999999963e+00,5.161699999999999733e+00,5.161699999999999733e+00,5.121900000000000119e+00,5.121900000000000119e+00,5.075999999999999623e+00,5.075999999999999623e+00,5.023200000000000109e+00,5.023200000000000109e+00,4.963199999999999612e+00,4.963199999999999612e+00,4.895400000000000418e+00,4.895400000000000418e+00,4.819600000000000328e+00,4.819600000000000328e+00,4.735699999999999577e+00,4.735699999999999577e+00,4.643799999999999706e+00,4.643799999999999706e+00,4.544200000000000017e+00,4.544200000000000017e+00,4.437800000000000189e+00,4.437800000000000189e+00,4.325599999999999667e+00,4.325599999999999667e+00,4.209100000000000286e+00,4.209100000000000286e+00,4.090300000000000047e+00,4.090300000000000047e+00,3.971200000000000063e+00,3.971200000000000063e+00,3.854000000000000092e+00,3.854000000000000092e+00,3.740600000000000147e+00,3.740600000000000147e+00,3.632499999999999840e+00,3.632499999999999840e+00,3.531000000000000139e+00,3.531000000000000139e+00,3.531000000000000139e+00,3.437300000000000022e+00,3.437300000000000022e+00,3.351799999999999891e+00,3.351799999999999891e+00,3.274900000000000144e+00,3.274900000000000144e+00,3.206599999999999895e+00,3.206599999999999895e+00,3.146500000000000075e+00,3.146500000000000075e+00,3.094300000000000050e+00,3.094300000000000050e+00,3.049799999999999844e+00,3.049799999999999844e+00,3.012500000000000178e+00,3.012500000000000178e+00,2.982099999999999973e+00,2.982099999999999973e+00,2.958200000000000163e+00,2.958200000000000163e+00,2.941399999999999793e+00,2.941399999999999793e+00,2.932700000000000085e+00,2.932700000000000085e+00,5.271200000000000330e+00,5.271200000000000330e+00,5.250099999999999767e+00,5.250099999999999767e+00,5.225200000000000067e+00,5.225200000000000067e+00,5.195899999999999963e+00,5.195899999999999963e+00,5.161699999999999733e+00,5.161699999999999733e+00,5.121900000000000119e+00,5.121900000000000119e+00,5.075999999999999623e+00,5.075999999999999623e+00,5.023200000000000109e+00,5.023200000000000109e+00,4.963199999999999612e+00,4.963199999999999612e+00,4.895400000000000418e+00,4.895400000000000418e+00,4.819600000000000328e+00,4.819600000000000328e+00,4.735699999999999577e+00,4.735699999999999577e+00,4.643799999999999706e+00,4.643799999999999706e+00,4.544200000000000017e+00,4.544200000000000017e+00,4.437800000000000189e+00,4.437800000000000189e+00,4.325599999999999667e+00,4.325599999999999667e+00,4.209100000000000286e+00,4.209100000000000286e+00,4.090300000000000047e+00,4.090300000000000047e+00,3.971200000000000063e+00,3.971200000000000063e+00,3.854000000000000092e+00,3.854000000000000092e+00,3.740600000000000147e+00,3.740600000000000147e+00,3.632499999999999840e+00,3.632499999999999840e+00,3.531000000000000139e+00,3.531000000000000139e+00,3.531000000000000139e+00,3.437300000000000022e+00,3.437300000000000022e+00,3.351799999999999891e+00,3.351799999999999891e+00,3.274900000000000144e+00,3.274900000000000144e+00,3.206599999999999895e+00,3.206599999999999895e+00,3.146500000000000075e+00,3.094300000000000050e+00,3.146500000000000075e+00,3.049799999999999844e+00,3.094300000000000050e+00,3.012500000000000178e+00,3.049799999999999844e+00,2.982099999999999973e+00,3.012500000000000178e+00,2.958200000000000163e+00,2.982099999999999973e+00,2.941399999999999793e+00,2.958200000000000163e+00,2.932700000000000085e+00,2.941399999999999793e+00,2.932700000000000085e+00,1.069549999999999912e+01,1.069549999999999912e+01,1.069619999999999926e+01,1.069549999999999912e+01,1.070860000000000056e+01,1.067999999999999972e+01,1.067999999999999972e+01,1.067869999999999919e+01,1.066179999999999950e+01,1.066179999999999950e+01,1.067999999999999972e+01,1.066179999999999950e+01,1.065809999999999924e+01,1.064049999999999940e+01,1.064049999999999940e+01,1.066179999999999950e+01,1.064049999999999940e+01,1.063400000000000034e+01,1.061560000000000059e+01,1.061560000000000059e+01,1.064049999999999940e+01,1.061560000000000059e+01,1.058660000000000068e+01,1.058660000000000068e+01,1.060590000000000011e+01,1.058660000000000068e+01,1.061560000000000059e+01,1.055320000000000036e+01,1.055320000000000036e+01,1.057319999999999993e+01,1.055320000000000036e+01,1.058660000000000068e+01,1.051469999999999949e+01,1.051469999999999949e+01,1.053539999999999921e+01,1.051469999999999949e+01,1.055320000000000036e+01,1.049210000000000065e+01,1.047100000000000009e+01,1.047100000000000009e+01,1.051469999999999949e+01,1.047100000000000009e+01,1.044270000000000032e+01,1.042149999999999999e+01,1.042149999999999999e+01,1.047100000000000009e+01,1.042149999999999999e+01,1.038679999999999914e+01,1.038679999999999914e+01,1.042149999999999999e+01,1.036609999999999943e+01,1.036609999999999943e+01,1.032429999999999914e+01,1.036609999999999943e+01,1.032429999999999914e+01,1.030480000000000018e+01,1.030480000000000018e+01,1.025510000000000055e+01,1.025510000000000055e+01,1.030480000000000018e+01,1.023770000000000024e+01,1.023770000000000024e+01,1.017929999999999957e+01,1.017929999999999957e+01,1.023770000000000024e+01,1.016520000000000046e+01,1.016520000000000046e+01,1.009750000000000014e+01,1.009750000000000014e+01,1.015060000000000073e+01,1.015060000000000073e+01,1.008789999999999942e+01,1.008789999999999942e+01,1.015060000000000073e+01,1.006119999999999948e+01,1.006119999999999948e+01,1.008789999999999942e+01,1.001019999999999932e+01,1.000680000000000014e+01,1.000680000000000014e+01,9.922900000000000276e+00,9.922900000000000276e+00,9.837699999999999889e+00,9.837699999999999889e+00,9.918699999999999406e+00,9.922900000000000276e+00,9.837699999999999889e+00,9.823999999999999844e+00,9.823999999999999844e+00,9.837699999999999889e+00,9.752299999999999969e+00,9.752299999999999969e+00,9.727700000000000458e+00,9.752299999999999969e+00,9.727700000000000458e+00,9.668300000000000338e+00,9.668300000000000338e+00,9.631399999999999295e+00,9.668300000000000338e+00,9.631399999999999295e+00,9.586899999999999977e+00,9.586899999999999977e+00,9.536500000000000199e+00,9.586899999999999977e+00,9.536500000000000199e+00,9.509299999999999642e+00,9.509299999999999642e+00,9.444599999999999440e+00,9.509299999999999642e+00,9.444599999999999440e+00,9.436400000000000787e+00,9.436400000000000787e+00,9.436400000000000787e+00,9.368900000000000006e+00,9.356999999999999318e+00,9.307299999999999685e+00,9.356999999999999318e+00,9.274699999999999278e+00,9.251799999999999358e+00,9.251799999999999358e+00,9.274699999999999278e+00,9.307299999999999685e+00,9.227000000000000313e+00,9.227000000000000313e+00,9.202299999999999258e+00,9.202299999999999258e+00,9.251799999999999358e+00,9.198600000000000776e+00,9.198600000000000776e+00,9.158699999999999619e+00,9.158699999999999619e+00,9.202299999999999258e+00,9.128999999999999559e+00,9.128999999999999559e+00,9.120699999999999363e+00,9.120699999999999363e+00,9.158699999999999619e+00,9.120699999999999363e+00,9.087899999999999423e+00,9.066300000000000026e+00,9.060000000000000497e+00,9.060000000000000497e+00,9.087899999999999423e+00,9.087899999999999423e+00,9.060000000000000497e+00,9.036699999999999733e+00,9.036699999999999733e+00,9.017699999999999605e+00,9.017699999999999605e+00,9.010500000000000398e+00,9.003099999999999881e+00,9.003099999999999881e+00,9.017699999999999605e+00,9.003099999999999881e+00,8.993800000000000239e+00,8.993800000000000239e+00,1.069619999999999926e+01,1.069549999999999912e+01,1.069549999999999912e+01,1.067999999999999972e+01,1.067999999999999972e+01,1.066179999999999950e+01,1.067869999999999919e+01,1.066179999999999950e+01,1.064049999999999940e+01,1.065809999999999924e+01,1.064049999999999940e+01,1.061560000000000059e+01,1.063400000000000034e+01,1.061560000000000059e+01,1.060590000000000011e+01,1.058660000000000068e+01,1.058660000000000068e+01,1.057319999999999993e+01,1.055320000000000036e+01,1.055320000000000036e+01,1.053539999999999921e+01,1.051469999999999949e+01,1.051469999999999949e+01,1.047100000000000009e+01,1.047100000000000009e+01,1.049210000000000065e+01,1.042149999999999999e+01,1.042149999999999999e+01,1.044270000000000032e+01,1.036609999999999943e+01,1.038679999999999914e+01,1.038679999999999914e+01,1.030480000000000018e+01,1.032429999999999914e+01,1.032429999999999914e+01,1.023770000000000024e+01,1.025510000000000055e+01,1.025510000000000055e+01,1.016520000000000046e+01,1.017929999999999957e+01,1.017929999999999957e+01,1.008789999999999942e+01,1.009750000000000014e+01,1.009750000000000014e+01,1.015060000000000073e+01,1.015060000000000073e+01,1.006119999999999948e+01,1.001019999999999932e+01,1.000680000000000014e+01,1.006119999999999948e+01,9.922900000000000276e+00,9.922900000000000276e+00,9.837699999999999889e+00,9.837699999999999889e+00,9.918699999999999406e+00,9.752299999999999969e+00,9.823999999999999844e+00,9.823999999999999844e+00,9.668300000000000338e+00,9.727700000000000458e+00,9.727700000000000458e+00,9.586899999999999977e+00,9.631399999999999295e+00,9.631399999999999295e+00,9.536500000000000199e+00,9.509299999999999642e+00,9.536500000000000199e+00,9.444599999999999440e+00,9.436400000000000787e+00,9.444599999999999440e+00,9.436400000000000787e+00,9.368900000000000006e+00,9.356999999999999318e+00,9.356999999999999318e+00,9.307299999999999685e+00,9.274699999999999278e+00,9.274699999999999278e+00,9.251799999999999358e+00,9.227000000000000313e+00,9.227000000000000313e+00,9.202299999999999258e+00,9.198600000000000776e+00,9.198600000000000776e+00,9.158699999999999619e+00,9.128999999999999559e+00,9.128999999999999559e+00,9.120699999999999363e+00,9.120699999999999363e+00,9.087899999999999423e+00,9.066300000000000026e+00,9.087899999999999423e+00,9.060000000000000497e+00,9.060000000000000497e+00,9.036699999999999733e+00,9.036699999999999733e+00,9.017699999999999605e+00,9.010500000000000398e+00,9.003099999999999881e+00,9.017699999999999605e+00,9.003099999999999881e+00,8.993800000000000239e+00,8.993800000000000239e+00,1.070860000000000056e+01,1.071080000000000076e+01,1.069549999999999912e+01,1.069549999999999912e+01,1.067999999999999972e+01,1.066179999999999950e+01,1.066179999999999950e+01,1.064049999999999940e+01,1.064049999999999940e+01,1.061560000000000059e+01,1.061560000000000059e+01,1.058660000000000068e+01,1.058660000000000068e+01,1.055320000000000036e+01,1.055320000000000036e+01,1.051469999999999949e+01,1.049789999999999957e+01,1.051469999999999949e+01,1.047100000000000009e+01,1.047100000000000009e+01,1.042149999999999999e+01,1.042149999999999999e+01,1.036609999999999943e+01,1.036609999999999943e+01,1.030480000000000018e+01,1.030480000000000018e+01,1.023770000000000024e+01,1.023770000000000024e+01,1.015060000000000073e+01,1.016520000000000046e+01,1.015060000000000073e+01,1.008789999999999942e+01,1.008789999999999942e+01,9.922900000000000276e+00,1.000680000000000014e+01,1.000680000000000014e+01,9.837699999999999889e+00,9.752299999999999969e+00,9.668300000000000338e+00,9.586899999999999977e+00,9.586899999999999977e+00,9.509299999999999642e+00,9.509299999999999642e+00,9.356999999999999318e+00,9.368900000000000006e+00,9.436400000000000787e+00,9.436400000000000787e+00,9.300700000000000855e+00,9.300700000000000855e+00,9.202299999999999258e+00,9.251799999999999358e+00,9.300700000000000855e+00,9.158699999999999619e+00,9.087899999999999423e+00,9.120699999999999363e+00,9.017699999999999605e+00,9.060000000000000497e+00,9.036699999999999733e+00,8.990700000000000358e+00,9.003099999999999881e+00,8.993800000000000239e+00,8.805799999999999628e+00,8.806599999999999540e+00,1.071059999999999945e+01,1.071080000000000076e+01,1.050380000000000003e+01,1.050339999999999918e+01,9.326700000000000657e+00,9.326700000000000657e+00,9.300700000000000855e+00,9.326700000000000657e+00,8.839999999999999858e+00,8.841699999999999449e+00,1.071039999999999992e+01,1.071059999999999945e+01,1.050960000000000072e+01,1.050900000000000034e+01,9.326700000000000657e+00,9.326700000000000657e+00,9.328699999999999548e+00,8.874200000000000088e+00,8.876699999999999591e+00,1.071030000000000015e+01,1.071039999999999992e+01,1.051510000000000034e+01,1.051430000000000042e+01,9.334799999999999542e+00,9.343299999999999272e+00,8.908400000000000318e+00,8.911799999999999500e+00,1.071010000000000062e+01,1.071020000000000039e+01,1.052059999999999995e+01,1.051960000000000051e+01,9.346199999999999619e+00,9.352700000000000458e+00,8.942500000000000782e+00,8.946899999999999409e+00,1.070989999999999931e+01,1.071010000000000062e+01,1.052630000000000088e+01,1.052519999999999989e+01,9.373200000000000642e+00,9.376300000000000523e+00,9.244600000000000151e+00,9.244600000000000151e+00,9.244600000000000151e+00,9.244600000000000151e+00,8.976599999999999469e+00,8.981899999999999551e+00,1.070969999999999978e+01,1.070989999999999931e+01,1.053170000000000073e+01,1.053040000000000020e+01,9.390000000000000568e+00,9.390000000000000568e+00,9.390000000000000568e+00,9.390000000000000568e+00,9.274300000000000210e+00,9.274300000000000210e+00,9.244600000000000151e+00,9.274300000000000210e+00,9.010600000000000165e+00,9.016999999999999460e+00,1.070960000000000001e+01,1.070969999999999978e+01,1.053759999999999941e+01,1.053589999999999982e+01,9.390000000000000568e+00,9.390000000000000568e+00,9.387600000000000833e+00,9.316599999999999326e+00,9.274300000000000210e+00,9.339900000000000091e+00,9.274300000000000210e+00,9.288100000000000023e+00,9.044600000000000861e+00,9.051999999999999602e+00,1.070940000000000047e+01,1.070950000000000024e+01,1.054299999999999926e+01,1.054119999999999990e+01,9.386400000000000077e+00,9.386400000000000077e+00,9.386400000000000077e+00,9.351800000000000779e+00,9.386400000000000077e+00,9.297200000000000131e+00,9.310299999999999798e+00,9.078599999999999781e+00,9.087099999999999511e+00,1.070919999999999916e+01,1.070930000000000071e+01,1.054879999999999995e+01,1.054659999999999975e+01,9.414899999999999380e+00,9.414899999999999380e+00,9.386400000000000077e+00,9.414899999999999380e+00,9.321600000000000108e+00,9.325200000000000600e+00,9.112500000000000711e+00,9.122099999999999653e+00,1.070899999999999963e+01,1.070909999999999940e+01,1.055450000000000088e+01,1.055199999999999960e+01,9.414899999999999380e+00,9.414899999999999380e+00,9.350799999999999557e+00,9.357200000000000628e+00,9.146300000000000097e+00,9.157199999999999562e+00,1.070889999999999986e+01,1.070899999999999963e+01,1.056010000000000026e+01,1.055760000000000076e+01,9.378999999999999559e+00,9.378999999999999559e+00,9.378999999999999559e+00,9.378999999999999559e+00,9.180199999999999250e+00,9.192299999999999471e+00,1.070870000000000033e+01,1.070880000000000010e+01,1.056579999999999941e+01,1.056279999999999930e+01,9.378999999999999559e+00,9.378999999999999559e+00,9.400199999999999889e+00,9.213900000000000645e+00,9.227299999999999613e+00,1.070850000000000080e+01,1.070860000000000056e+01,1.057099999999999973e+01,1.056809999999999938e+01,9.407600000000000406e+00,9.428100000000000591e+00,9.371299999999999741e+00,9.360500000000000043e+00,9.374900000000000233e+00,9.357400000000000162e+00,9.318099999999999383e+00,9.308699999999999974e+00,9.331699999999999662e+00,9.319399999999999906e+00,9.247600000000000264e+00,9.262399999999999523e+00,1.070829999999999949e+01,1.070839999999999925e+01,1.057709999999999972e+01,1.057329999999999970e+01,9.438299999999999912e+00,9.453099999999999170e+00,9.403600000000000847e+00,9.416199999999999903e+00,9.354599999999999582e+00,9.346000000000000085e+00,9.320399999999999352e+00,9.351800000000000779e+00,9.281299999999999883e+00,9.297399999999999665e+00,1.070819999999999972e+01,1.070819999999999972e+01,1.058259999999999934e+01,1.057890000000000086e+01,9.468400000000000816e+00,9.476699999999999235e+00,9.435499999999999332e+00,9.455500000000000682e+00,9.354900000000000659e+00,9.384199999999999875e+00,9.314899999999999736e+00,9.332499999999999574e+00,1.070800000000000018e+01,1.070800000000000018e+01,1.058820000000000050e+01,1.058409999999999940e+01,9.498799999999999244e+00,9.503099999999999881e+00,9.467200000000000060e+00,9.492300000000000182e+00,9.389599999999999724e+00,9.416199999999999903e+00,9.348300000000000054e+00,9.367499999999999716e+00,1.070780000000000065e+01,1.070780000000000065e+01,1.059409999999999918e+01,1.058939999999999948e+01,9.513999999999999346e+00,9.498599999999999710e+00,9.424899999999999167e+00,9.448700000000000543e+00,9.381800000000000139e+00,9.402599999999999625e+00,1.070770000000000088e+01,1.070759999999999934e+01,1.059950000000000081e+01,1.059479999999999933e+01,9.460000000000000853e+00,9.480900000000000105e+00,9.415100000000000691e+00,9.437599999999999767e+00,1.070730000000000004e+01,1.070759999999999934e+01,1.060500000000000043e+01,1.060500000000000043e+01,1.060500000000000043e+01,1.060500000000000043e+01,1.059989999999999988e+01,9.495200000000000529e+00,9.513199999999999434e+00,9.448499999999999233e+00,9.472699999999999676e+00,1.070710000000000051e+01,1.070730000000000004e+01,1.061030000000000051e+01,1.060989999999999966e+01,1.060500000000000043e+01,1.060500000000000043e+01,9.531000000000000583e+00,9.545199999999999463e+00,9.481500000000000483e+00,9.507799999999999585e+00,1.070669999999999966e+01,1.070700000000000074e+01,1.061560000000000059e+01,1.061490000000000045e+01,9.566200000000000259e+00,9.577700000000000102e+00,9.514599999999999724e+00,9.542799999999999727e+00,1.070650000000000013e+01,1.070669999999999966e+01,1.062110000000000021e+01,1.061989999999999945e+01,9.602800000000000225e+00,9.609600000000000364e+00,9.547399999999999665e+00,9.577899999999999636e+00,1.070620000000000083e+01,1.070630000000000059e+01,1.062640000000000029e+01,1.062470000000000070e+01,9.638700000000000045e+00,9.642099999999999227e+00,9.614599999999999369e+00,9.624700000000000699e+00,9.631899999999999906e+00,9.628000000000000114e+00,9.610400000000000276e+00,9.612700000000000244e+00,9.612999999999999545e+00,9.580399999999999139e+00,1.070589999999999975e+01,1.070599999999999952e+01,1.063160000000000061e+01,1.062959999999999994e+01,9.674699999999999633e+00,9.674699999999999633e+00,9.674699999999999633e+00,9.649200000000000443e+00,9.674699999999999633e+00,9.629599999999999937e+00,9.661300000000000665e+00,9.644500000000000739e+00,9.648600000000000065e+00,1.070560000000000045e+01,1.070570000000000022e+01,1.063669999999999938e+01,1.063419999999999987e+01,9.674699999999999633e+00,9.674699999999999633e+00,9.667899999999999494e+00,9.694599999999999440e+00,9.675900000000000389e+00,9.684300000000000352e+00,1.070529999999999937e+01,1.070529999999999937e+01,1.064220000000000077e+01,1.063899999999999935e+01,9.706799999999999429e+00,9.727800000000000225e+00,9.707100000000000506e+00,9.720000000000000639e+00,1.070500000000000007e+01,1.064380000000000059e+01,9.746000000000000441e+00,9.737800000000000011e+00
Y_Loc,0.000000000000000000e+00,0.000000000000000000e+00,0.000000000000000000e+00,0.000000000000000000e+00,0.000000000000000000e+00,0.000000000000000000e+00,0.000000000000000000e+00,0.000000000000000000e+00,0.000000000000000000e+00,0.000000000000000000e+00,0.000000000000000000e+00,0.000000000000000000e+00,0.000000000000000000e+00,0.000000000000000000e+00,0.000000000000000000e+00,0.000000000000000000e+00,0.000000000000000000e+00,0.000000000000000000e+00,0.000000000000000000e+00,0.000000000000000000e+00,0.000000000000000000e+00,0.000000000000000000e+00,0.000000000000000000e+00,0.000000000000000000e+00,0.000000000000000000e+00,0.000000000000000000e+00,0.000000000000000000e+00,0.000000000000000000e+00,0.000000000000000000e+00,0.000000000000000000e+00,0.000000000000000000e+00,0.000000000000000000e+00,0.000000000000000000e+00,0.000000000000000000e+00,0.000000000000000000e+00,0.000000000000000000e+00,0.000000000000000000e+00,0.000000000000000000e+00,0.000000000000000000e+00,0.000000000000000000e+00,0.000000000000000000e+00,0.000000000000000000e+00,0.000000000000000000e+00,0.000000000000000000e+00,0.000000000000000000e+00,0.000000000000000000e+00,0.000000000000000000e+00,0.000000000000000000e+00,0.000000000000000000e+00,0.000000000000000000e+00,0.000000000000000000e+00,0.000000000000000000e+00,0.000000000000000000e+00,0.000000000000000000e+00,0.000000000000000000e+00,0.000000000000000000e+00,0.000000000000000000e+00,0.000000000000000000e+00,0.000000000000000000e+00,0.000000000000000000e+00,0.000000000000000000e+00,0.000000000000000000e+00,0.000000000000000000e+00,0.000000000000000000e+00,0.000000000000000000e+00,0.000000000000000000e+00,0.000000000000000000e+00,0.000000000000000000e+00,0.000000000000000000e+00,0.000000000000000000e+00,0.000000000000000000e+00,0.000000000000000000e+00,0.000000000000000000e+00,0.000000000000000000e+00,0.000000000000000000e+00,0.000000000000000000e+00,0.000000000000000000e+00,0.000000000000000000e+00,0.000000000000000000e+00,0.000000000000000000e+00,0.000000000000000000e+00,0.000000000000000000e+00,0.000000000000000000e+00,0.000000000000000000e+00,0.000000000000000000e+00,0.000000000000000000e+00,0.000000000000000000e+00,0.000000000000000000e+00,0.000000000000000000e+00,0.000000000000000000e+00,0.000000000000000000e+00,0.000000000000000000e+00,0.000000000000000000e+00,0.000000000000000000e+00,0.000000000000000000e+00,0.000000000000000000e+00,0.000000000000000000e+00,0.000000000000000000e+00,0.000000000000000000e+00,0.000000000000000000e+00,0.000000000000000000e+00,0.000000000000000000e+00,0.000000000000000000e+00,0.000000000000000000e+00,0.000000000000000000e+00,0.000000000000000000e+00,0.000000000000000000e+00,0.000000000000000000e+00,0.000000000000000000e+00,0.000000000000000000e+00,0.000000000000000000e+00,0.000000000000000000e+00,0.000000000000000000e+00,0.000000000000000000e+00,0.000000000000000000e+00,0.000000000000000000e+00,0.000000000000000000e+00,0.000000000000000000e+00,0.000000000000000000e+00,0.000000000000000000e+00,0.000000000000000000e+00,0.000000000000000000e+00,0.000000000000000000e+00,0.000000000000000000e+00,0.000000000000000000e+00,0.000000000000000000e+00,0.000000000000000000e+00,0.000000000000000000e+00,0.000000000000000000e+00,0.000000000000000000e+00,0.000000000000000000e+00,0.000000000000000000e+00,0.000000000000000000e+00,0.000000000000000000e+00,0.000000000000000000e+00,0.000000000000000000e+00,0.000000000000000000e+00,0.000000000000000000e+00,0.000000000000000000e+00,0.000000000000000000e+00,0.000000000000000000e+00,0.000000000000000000e+00,0.000000000000000000e+00,0.000000000000000000e+00,0.000000000000000000e+00,0.000000000000000000e+00,0.000000000000000000e+00,0.000000000000000000e+00,0.000000000000000000e+00,0.000000000000000000e+00,0.000000000000000000e+00,0.000000000000000000e+00,0.000000000000000000e+00,0.000000000000000000e+00,0.000000000000000000e+00,0.000000000000000000e+00,0.000000000000000000e+00,0.000000000000000000e+00,0.000000000000000000e+00,0.000000000000000000e+00,0.000000000000000000e+00,0.000000000000000000e+00,0.000000000000000000e+00,0.000000000000000000e+00,0.000000000000000000e+00,0.000000000000000000e+00,0.000000000000000000e+00,0.000000000000000000e+00,0.000000000000000000e+00,0.000000000000000000e+00,0.000000000000000000e+00,0.000000000000000000e+00,0.000000000000000000e+00,0.000000000000000000e+00,0.000000000000000000e+00,0.000000000000000000e+00,0.000000000000000000e+00,0.000000000000000000e+00,0.000000000000000000e+00,0.000000000000000000e+00,0.000000000000000000e+00,0.000000000000000000e+00,0.000000000000000000e+00,0.000000000000000000e+00,0.000000000000000000e+00,0.000000000000000000e+00,0.000000000000000000e+00,0.000000000000000000e+00,0.000000000000000000e+00,0.000000000000000000e+00,0.000000000000000000e+00,0.000000000000000000e+00,0.000000000000000000e+00,0.000000000000000000e+00,0.000000000000000000e+00,0.000000000000000000e+00,0.000000000000000000e+00,0.000000000000000000e+00,0.000000000000000000e+00,0.000000000000000000e+00,0.000000000000000000e+00,0.000000000000000000e+00,0.000000000000000000e+00,0.000000000000000000e+00,0.000000000000000000e+00,0.000000000000000000e+00,0.000000000000000000e+00,0.000000000000000000e+00,0.000000000000000000e+00,0.000000000000000000e+00,0.000000000000000000e+00,0.000000000000000000e+00,0.000000000000000000e+00,0.000000000000000000e+00,0.000000000000000000e+00,0.000000000000000000e+00,0.000000000000000000e+00,0.000000000000000000e+00,0.000000000000000000e+00,0.000000000000000000e+00,0.000000000000000000e+00,0.000000000000000000e+00,0.000000000000000000e+00,0.000000000000000000e+00,0.000000000000000000e+00,0.000000000000000000e+00,0.000000000000000000e+00,0.000000000000000000e+00,0.000000000000000000e+00,0.000000000000000000e+00,0.000000000000000000e+00,0.000000000000000000e+00,0.000000000000000000e+00,0.000000000000000000e+00,0.000000000000000000e+00,0.000000000000000000e+00,0.000000000000000000e+00,0.000000000000000000e+00,0.000000000000000000e+00,0.000000000000000000e+00,0.000000000000000000e+00,0.000000000000000000e+00,0.000000000000000000e+00,0.000000000000000000e+00,0.000000000000000000e+00,0.000000000000000000e+00,0.000000000000000000e+00,0.000000000000000000e+00,0.000000000000000000e+00,0.000000000000000000e+00,0.000000000000000000e+00,0.000000000000000000e+00,0.000000000000000000e+00,0.000000000000000000e+00,0.000000000000000000e+00,0.000000000000000000e+00,0.000000000000000000e+00,0.000000000000000000e+00,0.000000000000000000e+00,0.000000000000000000e+00,0.000000000000000000e+00,0.000000000000000000e+00,0.000000000000000000e+00,0.000000000000000000e+00,0.000000000000000000e+00,0.000000000000000000e+00,0.000000000000000000e+00,0.000000000000000000e+00,0.000000000000000000e+00,0.000000000000000000e+00,0.000000000000000000e+00,0.000000000000000000e+00,0.000000000000000000e+00,0.000000000000000000e+00,0.000000000000000000e+00,0.000000000000000000e+00,0.000000000000000000e+00,0.000000000000000000e+00,0.000000000000000000e+00,0.000000000000000000e+00,0.000000000000000000e+00,0.000000000000000000e+00,0.000000000000000000e+00,0.000000000000000000e+00,0.000000000000000000e+00,0.000000000000000000e+00,0.000000000000000000e+00,0.000000000000000000e+00,0.000000000000000000e+00,0.000000000000000000e+00,0.000000000000000000e+00,0.000000000000000000e+00,0.000000000000000000e+00,0.000000000000000000e+00,0.000000000000000000e+00,0.000000000000000000e+00,0.000000000000000000e+00,0.000000000000000000e+00,-0.000000000000000000e+00,0.000000000000000000e+00,0.000000000000000000e+00,0.000000000000000000e+00,0.000000000000000000e+00,0.000000000000000000e+00,0.000000000000000000e+00,0.000000000000000000e+00,0.000000000000000000e+00,0.000000000000000000e+00,0.000000000000000000e+00,0.000000000000000000e+00,0.000000000000000000e+00,0.000000000000000000e+00,0.000000000000000000e+00,0.000000000000000000e+00,0.000000000000000000e+00,0.000000000000000000e+00,0.000000000000000000e+00,0.000000000000000000e+00,0.000000000000000000e+00,0.000000000000000000e+00,0.000000000000000000e+00,0.000000000000000000e+00,0.000000000000000000e+00,0.000000000000000000e+00,0.000000000000000000e+00,0.000000000000000000e+00,0.000000000000000000e+00,0.000000000000000000e+00,0.000000000000000000e+00,0.000000000000000000e+00,0.000000000000000000e+00,0.000000000000000000e+00,0.000000000000000000e+00,0.000000000000000000e+00,0.000000000000000000e+00,0.000000000000000000e+00,0.000000000000000000e+00,0.000000000000000000e+00,0.000000000000000000e+00,0.000000000000000000e+00,0.000000000000000000e+00,0.000000000000000000e+00,0.000000000000000000e+00,0.000000000000000000e+00,0.000000000000000000e+00,-0.000000000000000000e+00,0.000000000000000000e+00,0.000000000000000000e+00,0.000000000000000000e+00,0.000000000000000000e+00,0.000000000000000000e+00,0.000000000000000000e+00,0.000000000000000000e+00,0.000000000000000000e+00,0.000000000000000000e+00,0.000000000000000000e+00,0.000000000000000000e+00,-0.000000000000000000e+00,-0.000000000000000000e+00,0.000000000000000000e+00,-0.000000000000000000e+00,-0.000000000000000000e+00,-0.000000000000000000e+00,0.000000000000000000e+00,-0.000000000000000000e+00,-0.000000000000000000e+00,0.000000000000000000e+00,-0.000000000000000000e+00,0.000000000000000000e+00,0.000000000000000000e+00,0.000000000000000000e+00,0.000000000000000000e+00,0.000000000000000000e+00,0.000000000000000000e+00,0.000000000000000000e+00,0.000000000000000000e+00,0.000000000000000000e+00,-0.000000000000000000e+00,0.000000000000000000e+00,0.000000000000000000e+00,0.000000000000000000e+00,0.000000000000000000e+00,0.000000000000000000e+00,0.000000000000000000e+00,0.000000000000000000e+00,0.000000000000000000e+00,0.000000000000000000e+00,0.000000000000000000e+00,0.000000000000000000e+00,0.000000000000000000e+00,0.000000000000000000e+00,0.000000000000000000e+00,0.000000000000000000e+00,0.000000000000000000e+00,0.000000000000000000e+00,0.000000000000000000e+00,0.000000000000000000e+00,0.000000000000000000e+00,0.000000000000000000e+00,0.000000000000000000e+00,0.000000000000000000e+00,0.000000000000000000e+00,0.000000000000000000e+00,0.000000000000000000e+00,0.000000000000000000e+00,0.000000000000000000e+00,0.000000000000000000e+00,0.000000000000000000e+00,0.000000000000000000e+00,0.000000000000000000e+00,0.000000000000000000e+00,0.000000000000000000e+00,0.000000000000000000e+00,0.000000000000000000e+00,0.000000000000000000e+00,0.000000000000000000e+00,-0.000000000000000000e+00,0.000000000000000000e+00,0.000000000000000000e+00,0.000000000000000000e+00,0.000000000000000000e+00,0.000000000000000000e+00,0.000000000000000000e+00,0.000000000000000000e+00,0.000000000000000000e+00,0.000000000000000000e+00,0.000000000000000000e+00,0.000000000000000000e+00,0.000000000000000000e+00,0.000000000000000000e+00,0.000000000000000000e+00,0.000000000000000000e+00,0.000000000000000000e+00,0.000000000000000000e+00,0.000000000000000000e+00,0.000000000000000000e+00,0.000000000000000000e+00,0.000000000000000000e+00,0.000000000000000000e+00,0.000000000000000000e+00,0.000000000000000000e+00,0.000000000000000000e+00,0.000000000000000000e+00,0.000000000000000000e+00,0.000000000000000000e+00,0.000000000000000000e+00,0.000000000000000000e+00,0.000000000000000000e+00,0.000000000000000000e+00,0.000000000000000000e+00,0.000000000000000000e+00,0.000000000000000000e+00,0.000000000000000000e+00,0.000000000000000000e+00,0.000000000000000000e+00,0.000000000000000000e+00,0.000000000000000000e+00,0.000000000000000000e+00,0.000000000000000000e+00,0.000000000000000000e+00,0.000000000000000000e+00,0.000000000000000000e+00,-0.000000000000000000e+00,0.000000000000000000e+00,0.000000000000000000e+00,0.000000000000000000e+00,-0.000000000000000000e+00,0.000000000000000000e+00,0.000000000000000000e+00,0.000000000000000000e+00,0.000000000000000000e+00,0.000000000000000000e+00,0.000000000000000000e+00,0.000000000000000000e+00,0.000000000000000000e+00,-0.000000000000000000e+00,-0.000000000000000000e+00,0.000000000000000000e+00,0.000000000000000000e+00,0.000000000000000000e+00,0.000000000000000000e+00,0.000000000000000000e+00,0.000000000000000000e+00,0.000000000000000000e+00,0.000000000000000000e+00,-0.000000000000000000e+00,0.000000000000000000e+00,0.000000000000000000e+00,-0.000000000000000000e+00,0.000000000000000000e+00,0.000000000000000000e+00,0.000000000000000000e+00,0.000000000000000000e+00,0.000000000000000000e+00,0.000000000000000000e+00,0.000000000000000000e+00,0.000000000000000000e+00,0.000000000000000000e+00,-0.000000000000000000e+00,0.000000000000000000e+00,0.000000000000000000e+00,0.000000000000000000e+00,0.000000000000000000e+00,0.000000000000000000e+00,0.000000000000000000e+00,0.000000000000000000e+00,0.000000000000000000e+00,0.000000000000000000e+00,0.000000000000000000e+00,0.000000000000000000e+00,0.000000000000000000e+00,-0.000000000000000000e+00,0.000000000000000000e+00,0.000000000000000000e+00,0.000000000000000000e+00,0.000000000000000000e+00,0.000000000000000000e+00,0.000000000000000000e+00,0.000000000000000000e+00,0.000000000000000000e+00,0.000000000000000000e+00,0.000000000000000000e+00,-0.000000000000000000e+00,0.000000000000000000e+00,0.000000000000000000e+00,0.000000000000000000e+00,0.000000000000000000e+00,0.000000000000000000e+00,0.000000000000000000e+00,0.000000000000000000e+00,0.000000000000000000e+00,0.000000000000000000e+00,0.000000000000000000e+00,-0.000000000000000000e+00,0.000000000000000000e+00,0.000000000000000000e+00,0.000000000000000000e+00,-0.000000000000000000e+00,0.000000000000000000e+00,0.000000000000000000e+00,-0.000000000000000000e+00,0.000000000000000000e+00,0.000000000000000000e+00,0.000000000000000000e+00,0.000000000000000000e+00,0.000000000000000000e+00,0.000000000000000000e+00,0.000000000000000000e+00,0.000000000000000000e+00,0.000000000000000000e+00,0.000000000000000000e+00,-0.000000000000000000e+00,0.000000000000000000e+00,-0.000000000000000000e+00,0.000000000000000000e+00,0.000000000000000000e+00,0.000000000000000000e+00,0.000000000000000000e+00,0.000000000000000000e+00,0.000000000000000000e+00,0.000000000000000000e+00,0.000000000000000000e+00,0.000000000000000000e+00,0.000000000000000000e+00,0.000000000000000000e+00,0.000000000000000000e+00,0.000000000000000000e+00,0.000000000000000000e+00,0.000000000000000000e+00,0.000000000000000000e+00,0.000000000000000000e+00,0.000000000000000000e+00,0.000000000000000000e+00,0.000000000000000000e+00,0.000000000000000000e+00,0.000000000000000000e+00,0.000000000000000000e+00,0.000000000000000000e+00,0.000000000000000000e+00,0.000000000000000000e+00,0.000000000000000000e+00,0.000000000000000000e+00,0.000000000000000000e+00,0.000000000000000000e+00,-0.000000000000000000e+00,-0.000000000000000000e+00,0.000000000000000000e+00,0.000000000000000000e+00,0.000000000000000000e+00,0.000000000000000000e+00,0.000000000000000000e+00,0.000000000000000000e+00,0.000000000000000000e+00,0.000000000000000000e+00,-0.000000000000000000e+00,-0.000000000000000000e+00,0.000000000000000000e+00,0.000000000000000000e+00,0.000000000000000000e+00,-0.000000000000000000e+00,0.000000000000000000e+00,0.000000000000000000e+00,0.000000000000000000e+00,-0.000000000000000000e+00,0.000000000000000000e+00,0.000000000000000000e+00,0.000000000000000000e+00,0.000000000000000000e+00,-0.000000000000000000e+00,0.000000000000000000e+00,0.000000000000000000e+00,0.000000000000000000e+00,0.000000000000000000e+00,0.000000000000000000e+00,-0.000000000000000000e+00,0.000000000000000000e+00,-0.000000000000000000e+00,0.000000000000000000e+00,0.000000000000000000e+00,0.000000000000000000e+00,-0.000000000000000000e+00,0.000000000000000000e+00,0.000000000000000000e+00,0.000000000000000000e+00,0.000000000000000000e+00,0.000000000000000000e+00,0.000000000000000000e+00,0.000000000000000000e+00,0.000000000000000000e+00,0.000000000000000000e+00,-0.000000000000000000e+00,0.000000000000000000e+00,0.000000000000000000e+00,0.000000000000000000e+00,0.000000000000000000e+00,0.000000000000000000e+00,0.000000000000000000e+00,0.000000000000000000e+00,0.000000000000000000e+00,-0.000000000000000000e+00,-0.000000000000000000e+00,0.000000000000000000e+00,0.000000000000000000e+00,0.000000000000000000e+00,0.000000000000000000e+00,0.000000000000000000e+00,0.000000000000000000e+00,0.000000000000000000e+00,0.000000000000000000e+00,0.000000000000000000e+00,0.000000000000000000e+00,-0.000000000000000000e+00,0.000000000000000000e+00,0.000000000000000000e+00,0.000000000000000000e+00,0.000000000000000000e+00,0.000000000000000000e+00,0.000000000000000000e+00,-0.000000000000000000e+00,0.000000000000000000e+00,0.000000000000000000e+00,0.000000000000000000e+00,0.000000000000000000e+00,0.000000000000000000e+00,0.000000000000000000e+00,0.000000000000000000e+00,0.000000000000000000e+00,0.000000000000000000e+00,0.000000000000000000e+00,0.000000000000000000e+00,-0.000000000000000000e+00,0.000000000000000000e+00,0.000000000000000000e+00,0.000000000000000000e+00,0.000000000000000000e+00,0.000000000000000000e+00,0.000000000000000000e+00,0.000000000000000000e+00,0.000000000000000000e+00,0.000000000000000000e+00,0.000000000000000000e+00,0.000000000000000000e+00,0.000000000000000000e+00,0.000000000000000000e+00,0.000000000000000000e+00,0.000000000000000000e+00,0.000000000000000000e+00,-0.000000000000000000e+00,-0.000000000000000000e+00,0.000000000000000000e+00,0.000000000000000000e+00,0.000000000000000000e+00,0.000000000000000000e+00,0.000000000000000000e+00,0.000000000000000000e+00,0.000000000000000000e+00,0.000000000000000000e+00,0.000000000000000000e+00,0.000000000000000000e+00,0.000000000000000000e+00,0.000000000000000000e+00,-0.000000000000000000e+00,0.000000000000000000e+00,0.000000000000000000e+00,0.000000000000000000e+00,0.000000000000000000e+00,-0.000000000000000000e+00,0.000000000000000000e+00,0.000000000000000000e+00,0.000000000000000000e+00,0.000000000000000000e+00,0.000000000000000000e+00,0.000000000000000000e+00,0.000000000000000000e+00,0.000000000000000000e+00,0.000000000000000000e+00,0.000000000000000000e+00,0.000000000000000000e+00,0.000000000000000000e+00,0.000000000000000000e+00,0.000000000000000000e+00,0.000000000000000000e+00,0.000000000000000000e+00,0.000000000000000000e+00,0.000000000000000000e+00,0.000000000000000000e+00,0.000000000000000000e+00,0.000000000000000000e+00,0.000000000000000000e+00,0.000000000000000000e+00,-0.000000000000000000e+00,0.000000000000000000e+00,0.000000000000000000e+00,0.000000000000000000e+00,0.000000000000000000e+00,0.000000000000000000e+00,0.000000000000000000e+00,0.000000000000000000e+00,-0.000000000000000000e+00,0.000000000000000000e+00,-0.000000000000000000e+00,0.000000000000000000e+00,0.000000000000000000e+00,0.000000000000000000e+00,0.000000000000000000e+00,0.000000000000000000e+00,0.000000000000000000e+00,0.000000000000000000e+00,0.000000000000000000e+00,0.000000000000000000e+00
Z_Loc,8.128999999999999559e-01,8.128999999999999559e-01,8.182000000000000384e-01,8.182000000000000384e-01,8.238999999999999657e-01,8.238999999999999657e-01,8.298999999999999710e-01,8.298999999999999710e-01,8.363000000000000433e-01,8.363000000000000433e-01,8.430999999999999606e-01,8.430999999999999606e-01,8.501999999999999558e-01,8.501999999999999558e-01,8.572999999999999510e-01,8.572999999999999510e-01,8.643999999999999462e-01,8.643999999999999462e-01,8.713999999999999524e-01,8.713999999999999524e-01,8.780999999999999917e-01,8.780999999999999917e-01,8.840999999999999970e-01,8.840999999999999970e-01,8.899000000000000243e-01,8.899000000000000243e-01,8.951000000000000068e-01,8.951000000000000068e-01,8.994999999999999662e-01,8.994999999999999662e-01,9.031000000000000139e-01,9.031000000000000139e-01,9.062000000000000055e-01,9.062000000000000055e-01,9.095999999999999641e-01,9.095999999999999641e-01,9.127999999999999448e-01,9.127999999999999448e-01,9.155999999999999694e-01,9.155999999999999694e-01,9.177999999999999492e-01,9.177999999999999492e-01,9.193999999999999950e-01,9.193999999999999950e-01,9.204999999999999849e-01,9.204999999999999849e-01,9.204999999999999849e-01,9.213000000000000078e-01,9.213000000000000078e-01,9.215999999999999748e-01,9.215999999999999748e-01,9.213000000000000078e-01,9.213000000000000078e-01,9.207999999999999519e-01,9.207999999999999519e-01,9.194999999999999840e-01,9.194999999999999840e-01,9.176999999999999602e-01,9.176999999999999602e-01,9.154999999999999805e-01,9.154999999999999805e-01,9.122000000000000108e-01,9.122000000000000108e-01,9.088000000000000522e-01,9.088000000000000522e-01,9.050000000000000266e-01,9.050000000000000266e-01,9.019000000000000350e-01,9.019000000000000350e-01,9.006999999999999451e-01,9.006999999999999451e-01,8.128999999999999559e-01,8.128999999999999559e-01,8.182000000000000384e-01,8.182000000000000384e-01,8.238999999999999657e-01,8.238999999999999657e-01,8.298999999999999710e-01,8.298999999999999710e-01,8.363000000000000433e-01,8.363000000000000433e-01,8.430999999999999606e-01,8.430999999999999606e-01,8.501999999999999558e-01,8.501999999999999558e-01,8.572999999999999510e-01,8.572999999999999510e-01,8.643999999999999462e-01,8.643999999999999462e-01,8.713999999999999524e-01,8.713999999999999524e-01,8.780999999999999917e-01,8.780999999999999917e-01,8.840999999999999970e-01,8.840999999999999970e-01,8.899000000000000243e-01,8.899000000000000243e-01,8.951000000000000068e-01,8.951000000000000068e-01,8.994999999999999662e-01,8.994999999999999662e-01,9.031000000000000139e-01,9.031000000000000139e-01,9.062000000000000055e-01,9.062000000000000055e-01,9.095999999999999641e-01,9.095999999999999641e-01,9.127999999999999448e-01,9.127999999999999448e-01,9.155999999999999694e-01,9.155999999999999694e-01,9.177999999999999492e-01,9.177999999999999492e-01,9.193999999999999950e-01,9.193999999999999950e-01,9.204999999999999849e-01,9.204999999999999849e-01,9.204999999999999849e-01,9.213000000000000078e-01,9.213000000000000078e-01,9.215999999999999748e-01,9.215999999999999748e-01,9.213000000000000078e-01,9.213000000000000078e-01,9.207999999999999519e-01,9.207999999999999519e-01,9.194999999999999840e-01,9.176999999999999602e-01,9.194999999999999840e-01,9.154999999999999805e-01,9.176999999999999602e-01,9.122000000000000108e-01,9.154999999999999805e-01,9.088000000000000522e-01,9.122000000000000108e-01,9.050000000000000266e-01,9.088000000000000522e-01,9.019000000000000350e-01,9.050000000000000266e-01,9.006999999999999451e-01,9.019000000000000350e-01,9.006999999999999451e-01,8.000000000000000444e-01,8.000000000000000444e-01,8.000000000000000444e-01,8.000000000000000444e-01,8.000000000000000444e-01,8.000000000000000444e-01,8.000000000000000444e-01,8.000000000000000444e-01,8.000000000000000444e-01,8.000000000000000444e-01,8.000000000000000444e-01,8.000000000000000444e-01,8.000000000000000444e-01,8.000000000000000444e-01,8.000000000000000444e-01,8.000000000000000444e-01,8.000000000000000444e-01,8.000000000000000444e-01,8.000000000000000444e-01,8.000000000000000444e-01,8.000000000000000444e-01,8.000000000000000444e-01,8.000000000000000444e-01,8.000000000000000444e-01,8.000000000000000444e-01,8.000000000000000444e-01,8.000000000000000444e-01,8.000000000000000444e-01,8.000000000000000444e-01,8.000000000000000444e-01,8.000000000000000444e-01,8.000000000000000444e-01,8.000000000000000444e-01,8.000000000000000444e-01,8.000000000000000444e-01,8.000000000000000444e-01,8.000000000000000444e-01,8.000000000000000444e-01,8.000000000000000444e-01,8.000000000000000444e-01,8.000000000000000444e-01,8.000000000000000444e-01,8.000000000000000444e-01,8.000000000000000444e-01,8.000000000000000444e-01,8.000000000000000444e-01,8.000000000000000444e-01,8.000000000000000444e-01,8.000000000000000444e-01,8.000000000000000444e-01,8.000000000000000444e-01,8.000000000000000444e-01,8.000000000000000444e-01,8.000000000000000444e-01,8.000000000000000444e-01,8.000000000000000444e-01,8.000000000000000444e-01,8.000000000000000444e-01,8.000000000000000444e-01,8.000000000000000444e-01,8.000000000000000444e-01,8.000000000000000444e-01,8.000000000000000444e-01,8.000000000000000444e-01,8.000000000000000444e-01,8.000000000000000444e-01,8.000000000000000444e-01,8.000000000000000444e-01,8.000000000000000444e-01,8.000000000000000444e-01,8.000000000000000444e-01,8.000000000000000444e-01,8.000000000000000444e-01,8.000000000000000444e-01,8.000000000000000444e-01,8.000000000000000444e-01,8.000000000000000444e-01,8.000000000000000444e-01,8.000000000000000444e-01,8.000000000000000444e-01,8.000000000000000444e-01,8.000000000000000444e-01,8.000000000000000444e-01,8.000000000000000444e-01,8.000000000000000444e-01,8.000000000000000444e-01,8.000000000000000444e-01,8.000000000000000444e-01,8.000000000000000444e-01,8.000000000000000444e-01,8.000000000000000444e-01,8.000000000000000444e-01,8.000000000000000444e-01,8.000000000000000444e-01,8.000000000000000444e-01,8.000000000000000444e-01,8.000000000000000444e-01,8.000000000000000444e-01,8.000000000000000444e-01,8.000000000000000444e-01,8.000000000000000444e-01,8.000000000000000444e-01,8.000000000000000444e-01,8.000000000000000444e-01,8.000000000000000444e-01,8.000000000000000444e-01,8.000000000000000444e-01,8.000000000000000444e-01,8.000000000000000444e-01,8.000000000000000444e-01,8.000000000000000444e-01,8.000000000000000444e-01,8.000000000000000444e-01,8.000000000000000444e-01,8.000000000000000444e-01,8.000000000000000444e-01,8.000000000000000444e-01,8.000000000000000444e-01,8.000000000000000444e-01,8.000000000000000444e-01,8.000000000000000444e-01,8.000000000000000444e-01,8.000000000000000444e-01,8.000000000000000444e-01,8.000000000000000444e-01,8.000000000000000444e-01,8.000000000000000444e-01,8.000000000000000444e-01,8.000000000000000444e-01,8.000000000000000444e-01,8.000000000000000444e-01,8.000000000000000444e-01,8.000000000000000444e-01,8.000000000000000444e-01,8.000000000000000444e-01,8.000000000000000444e-01,8.000000000000000444e-01,8.000000000000000444e-01,8.000000000000000444e-01,8.000000000000000444e-01,8.000000000000000444e-01,8.000000000000000444e-01,8.000000000000000444e-01,8.000000000000000444e-01,8.000000000000000444e-01,8.000000000000000444e-01,8.000000000000000444e-01,8.000000000000000444e-01,8.000000000000000444e-01,8.000000000000000444e-01,8.000000000000000444e-01,8.000000000000000444e-01,8.000000000000000444e-01,8.000000000000000444e-01,8.000000000000000444e-01,8.000000000000000444e-01,8.000000000000000444e-01,8.000000000000000444e-01,8.000000000000000444e-01,8.000000000000000444e-01,8.000000000000000444e-01,8.000000000000000444e-01,8.000000000000000444e-01,8.000000000000000444e-01,8.000000000000000444e-01,8.000000000000000444e-01,8.000000000000000444e-01,8.000000000000000444e-01,8.000000000000000444e-01,8.000000000000000444e-01,8.000000000000000444e-01,8.000000000000000444e-01,8.000000000000000444e-01,8.000000000000000444e-01,8.000000000000000444e-01,8.000000000000000444e-01,8.000000000000000444e-01,8.000000000000000444e-01,8.000000000000000444e-01,8.000000000000000444e-01,8.000000000000000444e-01,8.000000000000000444e-01,8.000000000000000444e-01,8.000000000000000444e-01,8.000000000000000444e-01,8.000000000000000444e-01,8.000000000000000444e-01,8.000000000000000444e-01,8.000000000000000444e-01,8.000000000000000444e-01,8.000000000000000444e-01,8.000000000000000444e-01,8.000000000000000444e-01,8.000000000000000444e-01,8.000000000000000444e-01,8.000000000000000444e-01,8.000000000000000444e-01,8.000000000000000444e-01,8.000000000000000444e-01,8.000000000000000444e-01,8.000000000000000444e-01,8.000000000000000444e-01,8.000000000000000444e-01,8.000000000000000444e-01,8.000000000000000444e-01,8.000000000000000444e-01,8.000000000000000444e-01,8.000000000000000444e-01,8.000000000000000444e-01,8.000000000000000444e-01,8.000000000000000444e-01,8.000000000000000444e-01,8.000000000000000444e-01,8.000000000000000444e-01,8.000000000000000444e-01,8.000000000000000444e-01,8.000000000000000444e-01,8.000000000000000444e-01,8.000000000000000444e-01,8.000000000000000444e-01,8.000000000000000444e-01,8.000000000000000444e-01,8.000000000000000444e-01,8.000000000000000444e-01,8.000000000000000444e-01,8.000000000000000444e-01,8.000000000000000444e-01,8.000000000000000444e-01,8.000000000000000444e-01,8.000000000000000444e-01,8.000000000000000444e-01,8.000000000000000444e-01,8.000000000000000444e-01,8.000000000000000444e-01,8.000000000000000444e-01,8.000000000000000444e-01,8.000000000000000444e-01,8.000000000000000444e-01,8.000000000000000444e-01,8.000000000000000444e-01,8.000000000000000444e-01,8.000000000000000444e-01,8.000000000000000444e-01,8.000000000000000444e-01,8.000000000000000444e-01,8.000000000000000444e-01,8.000000000000000444e-01,8.000000000000000444e-01,8.000000000000000444e-01,8.000000000000000444e-01,8.000000000000000444e-01,8.000000000000000444e-01,8.000000000000000444e-01,8.000000000000000444e-01,8.000000000000000444e-01,8.000000000000000444e-01,8.000000000000000444e-01,8.000000000000000444e-01,8.000000000000000444e-01,8.981999999999999984e-01,8.000000000000000444e-01,8.000000000000000444e-01,8.000000000000000444e-01,8.000000000000000444e-01,8.000000000000000444e-01,8.000000000000000444e-01,8.000000000000000444e-01,8.000000000000000444e-01,8.000000000000000444e-01,8.000000000000000444e-01,8.000000000000000444e-01,8.000000000000000444e-01,8.000000000000000444e-01,8.000000000000000444e-01,8.981999999999999984e-01,8.000000000000000444e-01,8.000000000000000444e-01,8.000000000000000444e-01,8.000000000000000444e-01,8.000000000000000444e-01,8.000000000000000444e-01,8.000000000000000444e-01,8.000000000000000444e-01,8.000000000000000444e-01,8.000000000000000444e-01,8.000000000000000444e-01,8.000000000000000444e-01,8.000000000000000444e-01,8.000000000000000444e-01,8.000000000000000444e-01,8.000000000000000444e-01,8.000000000000000444e-01,8.000000000000000444e-01,8.000000000000000444e-01,8.000000000000000444e-01,8.000000000000000444e-01,8.000000000000000444e-01,8.000000000000000444e-01,8.000000000000000444e-01,8.000000000000000444e-01,8.000000000000000444e-01,8.000000000000000444e-01,8.000000000000000444e-01,8.000000000000000444e-01,8.000000000000000444e-01,8.981999999999999984e-01,8.981999999999999984e-01,8.000000000000000444e-01,8.000000000000000444e-01,8.981999999999999984e-01,8.000000000000000444e-01,8.000000000000000444e-01,8.000000000000000444e-01,8.000000000000000444e-01,8.000000000000000444e-01,8.000000000000000444e-01,8.000000000000000444e-01,8.000000000000000444e-01,8.000000000000000444e-01,8.959000000000000297e-01,8.981999999999999984e-01,9.963999999999999524e-01,9.019000000000000350e-01,9.963999999999999524e-01,9.892999999999999572e-01,9.963999999999999524e-01,9.963999999999999524e-01,8.981999999999999984e-01,9.963999999999999524e-01,9.918000000000000149e-01,9.963999999999999524e-01,1.094600000000000017e+00,1.004000000000000004e+00,1.094600000000000017e+00,1.083800000000000097e+00,9.963999999999999524e-01,9.963999999999999524e-01,1.094600000000000017e+00,1.087599999999999900e+00,1.094600000000000017e+00,1.192900000000000071e+00,1.106200000000000072e+00,1.192900000000000071e+00,1.179000000000000048e+00,1.133899999999999908e+00,1.192900000000000071e+00,1.183200000000000029e+00,1.192900000000000071e+00,1.291099999999999914e+00,1.208499999999999908e+00,1.291099999999999914e+00,1.274100000000000010e+00,1.266499999999999959e+00,1.291099999999999914e+00,1.278799999999999937e+00,1.291099999999999914e+00,1.389299999999999979e+00,1.311099999999999932e+00,1.389299999999999979e+00,1.368100000000000094e+00,1.364700000000000024e+00,1.389299999999999979e+00,1.389299999999999979e+00,1.389299999999999979e+00,1.389299999999999979e+00,1.389299999999999979e+00,1.374300000000000077e+00,1.389299999999999979e+00,1.487500000000000044e+00,1.413799999999999946e+00,1.487500000000000044e+00,1.463200000000000056e+00,1.487500000000000044e+00,1.487500000000000044e+00,1.487500000000000044e+00,1.487500000000000044e+00,1.487500000000000044e+00,1.487500000000000044e+00,1.389299999999999979e+00,1.487500000000000044e+00,1.469700000000000006e+00,1.487500000000000044e+00,1.585700000000000109e+00,1.516699999999999937e+00,1.585700000000000109e+00,1.557199999999999918e+00,1.487500000000000044e+00,1.487500000000000044e+00,1.585700000000000109e+00,1.536599999999999966e+00,1.487500000000000044e+00,1.585700000000000109e+00,1.487500000000000044e+00,1.585700000000000109e+00,1.564999999999999947e+00,1.585700000000000109e+00,1.683899999999999952e+00,1.619799999999999907e+00,1.683899999999999952e+00,1.651499999999999968e+00,1.683899999999999952e+00,1.683899999999999952e+00,1.683899999999999952e+00,1.610300000000000065e+00,1.683899999999999952e+00,1.625000000000000000e+00,1.683899999999999952e+00,1.659999999999999920e+00,1.683899999999999952e+00,1.782100000000000017e+00,1.723200000000000065e+00,1.782100000000000017e+00,1.745300000000000074e+00,1.782100000000000017e+00,1.782100000000000017e+00,1.683899999999999952e+00,1.782100000000000017e+00,1.757600000000000051e+00,1.782100000000000017e+00,1.755200000000000093e+00,1.782100000000000017e+00,1.880400000000000071e+00,1.826799999999999979e+00,1.880400000000000071e+00,1.839199999999999946e+00,1.782100000000000017e+00,1.782100000000000017e+00,1.864000000000000101e+00,1.880400000000000071e+00,1.849900000000000100e+00,1.880400000000000071e+00,1.978599999999999914e+00,1.930600000000000094e+00,1.978599999999999914e+00,1.932199999999999918e+00,1.978599999999999914e+00,1.978599999999999914e+00,1.978599999999999914e+00,1.978599999999999914e+00,1.944700000000000095e+00,1.978599999999999914e+00,2.076799999999999979e+00,2.034800000000000164e+00,2.076799999999999979e+00,2.025999999999999801e+00,1.978599999999999914e+00,1.978599999999999914e+00,2.076799999999999979e+00,2.039299999999999891e+00,2.076799999999999979e+00,2.174999999999999822e+00,2.139200000000000212e+00,2.174999999999999822e+00,2.119000000000000217e+00,2.109500000000000153e+00,2.174999999999999822e+00,2.167400000000000215e+00,2.142300000000000093e+00,2.174999999999999822e+00,2.174999999999999822e+00,2.155400000000000205e+00,2.142300000000000093e+00,2.174999999999999822e+00,2.174999999999999822e+00,2.133700000000000152e+00,2.174999999999999822e+00,2.273200000000000109e+00,2.243900000000000006e+00,2.273200000000000109e+00,2.212699999999999889e+00,2.214300000000000157e+00,2.273200000000000109e+00,2.240499999999999936e+00,2.273200000000000109e+00,2.207699999999999996e+00,2.199600000000000222e+00,2.178100000000000147e+00,2.273200000000000109e+00,2.228000000000000203e+00,2.273200000000000109e+00,2.371399999999999952e+00,2.349000000000000199e+00,2.371399999999999952e+00,2.304399999999999782e+00,2.332100000000000062e+00,2.371399999999999952e+00,2.318499999999999783e+00,2.371399999999999952e+00,2.282700000000000173e+00,2.371399999999999952e+00,2.322099999999999831e+00,2.371399999999999952e+00,2.469599999999999795e+00,2.454400000000000137e+00,2.469599999999999795e+00,2.396900000000000031e+00,2.453300000000000036e+00,2.469599999999999795e+00,2.404199999999999893e+00,2.469599999999999795e+00,2.387799999999999923e+00,2.469599999999999795e+00,2.415799999999999947e+00,2.469599999999999795e+00,2.567899999999999849e+00,2.560299999999999798e+00,2.567899999999999849e+00,2.489300000000000068e+00,2.518699999999999939e+00,2.486000000000000210e+00,2.495800000000000018e+00,2.567899999999999849e+00,2.509700000000000042e+00,2.567899999999999849e+00,2.661300000000000221e+00,2.666100000000000136e+00,2.666100000000000136e+00,2.580600000000000005e+00,2.602899999999999991e+00,2.666100000000000136e+00,2.602899999999999991e+00,2.666100000000000136e+00,2.764299999999999979e+00,2.666500000000000092e+00,2.764299999999999979e+00,2.764299999999999979e+00,2.764299999999999979e+00,2.764299999999999979e+00,2.672600000000000087e+00,2.709700000000000220e+00,2.764299999999999979e+00,2.696400000000000130e+00,2.764299999999999979e+00,2.862499999999999822e+00,2.773600000000000065e+00,2.862499999999999822e+00,2.855500000000000149e+00,2.764299999999999979e+00,2.764299999999999979e+00,2.819300000000000139e+00,2.862499999999999822e+00,2.789000000000000146e+00,2.862499999999999822e+00,2.960700000000000109e+00,2.881299999999999972e+00,2.960700000000000109e+00,2.946299999999999919e+00,2.925399999999999778e+00,2.960700000000000109e+00,2.881699999999999928e+00,2.960700000000000109e+00,3.058899999999999952e+00,2.989500000000000046e+00,3.058899999999999952e+00,3.036500000000000199e+00,3.038499999999999979e+00,3.058899999999999952e+00,2.973599999999999799e+00,3.058899999999999952e+00,3.157099999999999795e+00,3.098599999999999799e+00,3.157099999999999795e+00,3.126900000000000013e+00,3.146700000000000053e+00,3.157099999999999795e+00,3.117900000000000116e+00,3.140800000000000036e+00,3.157099999999999795e+00,3.157099999999999795e+00,3.150100000000000122e+00,3.156200000000000117e+00,3.157099999999999795e+00,3.065999999999999837e+00,3.255399999999999849e+00,3.208299999999999930e+00,3.255399999999999849e+00,3.216200000000000170e+00,3.255399999999999849e+00,3.255399999999999849e+00,3.255399999999999849e+00,3.194900000000000073e+00,3.255399999999999849e+00,3.161900000000000155e+00,3.255399999999999849e+00,3.244000000000000217e+00,3.255399999999999849e+00,3.353600000000000136e+00,3.318599999999999994e+00,3.353600000000000136e+00,3.306299999999999795e+00,3.255399999999999849e+00,3.255399999999999849e+00,3.274999999999999911e+00,3.353600000000000136e+00,3.330499999999999794e+00,3.353600000000000136e+00,3.451799999999999979e+00,3.430499999999999883e+00,3.451799999999999979e+00,3.394899999999999807e+00,3.389800000000000146e+00,3.451799999999999979e+00,3.416100000000000136e+00,3.451799999999999979e+00,3.543000000000000149e+00,3.482699999999999907e+00,3.505599999999999827e+00,3.500599999999999934e+00
