2 0.000000 100.000000 407.315828
3483 3106 
1 -81.951989 0.000000 -82.801989 99.752978 -0.000546 6.976080 0.000068 
2 92.890626 0.000000 -82.801989 99.754200 -0.003699 6.955042 0.000073 
3 92.890626 0.000000 85.501989 99.761382 0.004840 6.948318 -0.000061 
4 -81.951989 0.000000 85.501989 99.760203 0.000840 6.976042 -0.000076 
5 5.469318 0.000000 1.350000 75.549864 0.287323 -31.384000 0.330718 
6 -81.951989 0.000000 1.350000 99.756533 0.000242 6.980085 -0.000009 
7 5.469318 0.000000 -82.801989 99.746521 -0.002266 6.964265 0.000213 
8 92.890626 0.000000 1.350000 99.895041 -0.020074 4.980653 -0.000383 
9 5.469318 0.000000 85.501989 99.768090 0.002832 6.962860 -0.000215 
10 -38.241335 0.000000 -40.725995 99.742077 -0.001004 6.976942 0.000284 
11 -81.951989 0.000000 -40.725995 99.753043 -0.000285 6.978200 0.000064 
12 -38.241335 0.000000 -82.801989 99.749180 -0.001146 6.973211 0.000148 
13 5.469318 0.000000 -40.725995 99.717955 -0.004534 6.928677 0.000832 
14 -38.241335 0.000000 1.350000 99.756042 0.000692 6.994266 -0.000019 
15 49.179972 0.000000 -40.725995 99.747887 -0.007315 6.894417 0.000283 
16 49.179972 0.000000 -82.801989 99.750278 -0.003282 6.956397 0.000149 
17 92.890626 0.000000 -40.725995 99.757704 -0.007302 6.902970 0.000075 
18 49.179972 0.000000 1.350000 99.946413 -0.026271 4.192749 -0.000687 
19 -38.241335 0.000000 43.425995 99.771915 0.001854 6.977303 -0.000312 
20 -81.951989 0.000000 43.425995 99.760121 0.000698 6.978251 -0.000078 
21 5.469318 0.000000 43.425995 99.802682 0.006073 6.923975 -0.000852 
22 -38.241335 0.000000 85.501989 99.764496 0.001576 6.972973 -0.000158 
23 -16.386008 0.000000 -19.687997 99.709542 -0.000046 6.955011 0.000963 
24 -38.241335 0.000000 -19.687997 99.741667 -0.000412 6.985738 0.000280 
25 -16.386008 0.000000 -40.725995 99.726890 -0.002190 6.964430 0.000604 
26 5.469318 0.000000 -19.687997 99.737651 -0.011618 6.783850 0.000638 
27 -16.386008 0.000000 1.350000 99.725766 -0.060022 6.962872 0.000629 
28 49.179972 0.000000 43.425995 99.775429 0.010084 6.869355 -0.000232 
29 92.890626 0.000000 43.425995 99.767578 0.011960 6.852267 -0.000052 
30 49.179972 0.000000 85.501989 99.764936 0.004058 6.952600 -0.000138 
31 27.324645 0.000000 -19.687997 99.737926 -0.009379 6.691779 0.000757 
32 27.324645 0.000000 -40.725995 99.733020 -0.006659 6.899408 0.000572 
33 49.179972 0.000000 -19.687997 99.760676 -0.013492 6.700019 0.000292 
34 27.324645 0.000000 1.350000 100.018711 -0.996520 2.800290 -0.001258 
35 -16.386008 0.000000 22.387997 99.802613 -0.000622 6.969823 -0.000914 
36 -38.241335 0.000000 22.387997 99.771519 0.001608 6.986635 -0.000317 
37 5.469318 0.000000 22.387997 99.878178 0.023789 6.763924 -0.002140 
38 -16.386008 0.000000 43.425995 99.789318 0.003436 6.964573 -0.000641 
39 -5.458345 0.000000 -9.168999 99.572903 -0.120825 6.757873 0.003955 
40 -16.386008 0.000000 -9.168999 99.677507 -0.045135 6.999246 0.001540 
41 -5.458345 0.000000 -19.687997 99.669944 -0.021022 6.890922 0.001842 
42 5.469318 0.000000 -9.168999 99.766654 -0.317650 6.346315 0.000624 
43 -5.458345 0.000000 1.350000 99.310061 -0.111791 7.171677 0.008607 
44 27.324645 0.000000 22.387997 99.807085 0.021130 6.602859 -0.000505 
45 49.179972 0.000000 22.387997 99.795892 0.025171 6.538397 -0.000197 
46 27.324645 0.000000 43.425995 99.789281 0.008544 6.884947 -0.000530 
47 16.396982 0.000000 -9.168999 99.811698 -0.101487 6.247447 -0.000142 
48 16.396982 0.000000 -19.687997 99.740491 -0.025961 6.725480 0.000660 
49 27.324645 0.000000 -9.168999 99.787416 -0.036495 6.138287 0.000479 
50 16.396982 0.000000 1.350000 99.530396 -2.675482 6.616487 0.004276 
51 -5.458345 0.000000 11.868999 99.939047 0.039020 6.972026 -0.003642 
52 -16.386008 0.000000 11.868999 99.807643 -0.042006 7.021835 -0.001087 
53 5.469318 0.000000 11.868999 100.248291 0.108027 6.251570 -0.008881 
54 -5.458345 0.000000 22.387997 99.834041 0.017343 6.900922 -0.001446 
55 0.005487 0.000000 -3.909499 98.248664 0.228427 5.954129 0.031170 
56 -5.458345 0.000000 -3.909499 99.324081 -0.013239 6.740136 0.008930 
57 0.005487 0.000000 -9.168999 99.580332 -0.135404 6.480725 0.004174 
58 5.469318 0.000000 -3.909499 99.392359 -0.361192 5.384998 0.009203 
59 0.005487 0.000000 1.350000 97.196955 -0.246027 12.590343 0.039417 
60 16.396982 0.000000 11.868999 99.781774 0.098543 5.936338 0.000835 
61 27.324645 0.000000 11.868999 99.832805 0.042186 5.800213 -0.000023 
62 16.396982 0.000000 22.387997 99.813294 0.014659 6.663967 -0.000710 
63 10.933150 0.000000 -3.909499 99.206464 -0.177581 5.398269 0.012890 
64 10.933150 0.000000 -9.168999 99.705863 -0.237968 6.243574 0.001970 
65 16.396982 0.000000 -3.909499 99.716003 -0.127182 5.219570 0.002946 
66 10.933150 0.000000 1.350000 99.183045 -1.110695 2.237182 0.015648 
67 0.005487 0.000000 6.609499 100.619177 0.096989 7.180958 -0.017579 
68 -5.458345 0.000000 6.609499 99.882212 0.113281 7.201672 -0.002833 
69 5.469318 0.000000 6.609499 101.523852 0.270800 4.957216 -0.033174 
70 0.005487 0.000000 11.868999 100.185680 0.181279 6.773747 -0.008309 
71 2.737403 0.000000 -1.279750 100.972169 -0.365600 0.000000 -0.019551 
72 0.005487 0.000000 -1.279750 94.671216 -0.216956 1.093773 0.103612 
73 2.737403 0.000000 -3.909499 98.899313 -0.282671 5.196320 0.019184 
74 5.469318 0.000000 -1.279750 106.745950 -0.364287 5.750165 -0.142789 
75 2.737403 0.000000 1.350000 92.725601 -0.343072 46.857574 -0.079379 
76 -60.096662 0.000000 -19.687997 99.751526 -0.000131 6.981798 0.000089 
77 -81.951989 0.000000 -19.687997 99.754326 -0.000044 6.979483 0.000036 
78 -60.096662 0.000000 -40.725995 99.749750 -0.000508 6.978604 0.000129 
79 -60.096662 0.000000 1.350000 99.756501 0.000378 6.983663 -0.000013 
80 -27.313672 0.000000 -9.168999 99.735543 -0.000388 6.980519 0.000409 
81 -38.241335 0.000000 -9.168999 99.746746 0.000101 6.991393 0.000171 
82 -27.313672 0.000000 -19.687997 99.727249 -0.000795 6.986687 0.000566 
83 -27.313672 0.000000 1.350000 99.749711 -0.000523 6.989756 0.000114 
84 -10.922177 0.000000 -3.909499 99.636634 -0.006580 6.871737 0.002532 
85 -16.386008 0.000000 -3.909499 99.708228 -0.062414 6.945604 0.001002 
86 -10.922177 0.000000 -9.168999 99.676916 -0.021083 6.856513 0.001750 
87 -10.922177 0.000000 1.350000 99.658201 -0.022147 7.034124 0.001876 
88 -2.726429 0.000000 -1.279750 98.125467 0.523414 7.085418 0.032092 
89 -5.458345 0.000000 -1.279750 99.173551 -0.155060 6.867567 0.011742 
90 -2.726429 0.000000 -3.909499 98.872374 0.118356 6.437542 0.018280 
91 -2.726429 0.000000 1.350000 98.764260 0.145816 7.971364 0.018206 
92 10.933150 0.000000 6.609499 99.969646 0.560830 4.482511 -0.001434 
93 16.396982 0.000000 6.609499 99.812046 0.245599 4.643041 0.001594 
94 10.933150 0.000000 11.868999 99.994410 0.115633 5.919421 -0.003394 
95 2.737403 0.000000 3.979750 103.611876 -0.052687 7.076634 -0.078550 
96 0.005487 0.000000 3.979750 100.864832 -0.020892 8.537114 -0.024660 
97 5.469318 0.000000 3.979750 102.682704 0.280522 3.120272 -0.055355 
98 2.737403 0.000000 6.609499 101.420993 -0.113097 6.342631 -0.032646 
99 1.371445 0.000000 0.035125 96.980718 -0.179668 34.655326 -0.060628 
100 0.005487 0.000000 0.035125 66.451579 -0.271263 25.545102 0.493156 
101 1.371445 0.000000 -1.279750 96.938104 -0.294078 -2.484561 0.059674 
102 2.737403 0.000000 0.035125 1.495114 -0.070867 -1.639667 0.999507 
103 1.371445 0.000000 1.350000 99.393238 -0.104838 18.665305 -0.022742 
104 -60.096662 0.000000 22.387997 99.761634 0.000831 6.981993 -0.000113 
105 -81.951989 0.000000 22.387997 99.758776 0.000508 6.979536 -0.000053 
106 -60.096662 0.000000 43.425995 99.763625 0.001086 6.978750 -0.000148 
107 -27.313672 0.000000 11.868999 99.768094 -0.000517 6.986470 -0.000248 
108 -38.241335 0.000000 11.868999 99.765705 0.001231 6.992088 -0.000209 
109 -27.313672 0.000000 22.387997 99.786101 0.002460 6.988858 -0.000611 
110 -10.922177 0.000000 6.609499 99.744913 0.035457 6.952632 0.000261 
111 -16.386008 0.000000 6.609499 99.774643 -0.032064 7.017859 -0.000423 
112 -10.922177 0.000000 11.868999 99.807331 -0.008275 6.954282 -0.000987 
113 -2.726429 0.000000 3.979750 99.772107 0.135094 7.749109 -0.001454 
114 -5.458345 0.000000 3.979750 99.663488 0.003091 7.290965 0.001403 
115 -2.726429 0.000000 6.609499 100.089283 -0.117345 7.280913 -0.007089 
116 -1.360471 0.000000 0.035125 95.903115 -0.071496 8.148563 0.073619 
117 -2.726429 0.000000 0.035125 98.210027 0.421725 7.675874 0.029569 
118 -1.360471 0.000000 -1.279750 96.662283 -0.115993 6.322753 0.061641 
119 -1.360471 0.000000 1.350000 97.874133 -0.054616 9.161423 0.033672 
120 -16.386008 0.000000 -61.763992 99.740965 -0.001943 6.966942 0.000320 
121 -38.241335 0.000000 -61.763992 99.746063 -0.001165 6.973837 0.000209 
122 -16.386008 0.000000 -82.801989 99.747160 -0.001654 6.969445 0.000193 
123 5.469318 0.000000 -61.763992 99.738972 -0.003026 6.955166 0.000376 
124 -5.458345 0.000000 -30.206996 99.715345 -0.001062 6.928433 0.000885 
125 -16.386008 0.000000 -30.206996 99.713427 -0.002134 6.965741 0.000871 
126 -5.458345 0.000000 -40.725995 99.719506 -0.003232 6.948932 0.000773 
127 5.469318 0.000000 -30.206996 99.714723 -0.002590 6.892110 0.000947 
128 0.005487 0.000000 -14.428498 99.783276 -0.082193 6.680060 -0.000133 
129 -5.458345 0.000000 -14.428498 99.710255 -0.044611 6.797787 0.001165 
130 0.005487 0.000000 -19.687997 99.728633 -0.035610 6.822428 0.000765 
131 5.469318 0.000000 -14.428498 99.737446 -0.127256 6.645112 0.000827 
132 2.737403 0.000000 -6.539249 99.415021 0.104098 6.153706 0.007877 
133 0.005487 0.000000 -6.539249 99.324390 -0.016030 6.196993 0.009626 
134 2.737403 0.000000 -9.168999 99.668848 -0.066812 6.354773 0.002573 
135 5.469318 0.000000 -6.539249 99.407838 0.147544 5.991913 0.008216 
136 1.371445 0.000000 -2.594624 98.231802 -0.103311 3.971977 0.033473 
137 0.005487 0.000000 -2.594624 97.602245 -0.187684 5.154557 0.044720 
138 1.371445 0.000000 -3.909499 98.344594 0.065213 5.453312 0.029860 
139 2.737403 0.000000 -2.594624 99.129046 -0.146256 3.723258 0.015955 
140 0.688466 0.000000 -0.622312 98.041764 -0.259163 -10.309791 0.028145 
141 0.005487 0.000000 -0.622312 77.735871 -0.316077 -11.566977 0.382324 
142 0.688466 0.000000 -1.279750 96.441496 -0.242210 -0.727556 0.069845 
143 1.371445 0.000000 -0.622312 100.173183 -0.169018 -12.276014 -0.018540 
144 0.688466 0.000000 0.035125 95.248100 -0.209122 24.362100 0.033424 
145 -2.726429 0.000000 -6.539249 99.453670 -0.174350 6.427854 0.006762 
146 -5.458345 0.000000 -6.539249 99.441063 -0.063757 6.773141 0.006560 
147 -2.726429 0.000000 -9.168999 99.542160 -0.223204 6.642427 0.004719 
148 -1.360471 0.000000 -2.594624 98.008056 -0.059051 6.153137 0.035656 
149 -2.726429 0.000000 -2.594624 98.534878 0.388057 6.580408 0.024743 
150 -1.360471 0.000000 -3.909499 98.526726 0.388875 6.188082 0.025404 
151 -0.677492 0.000000 -0.622312 91.953773 -0.256896 5.630664 0.151273 
152 -1.360471 0.000000 -0.622312 95.917984 -0.070124 6.973953 0.075110 
153 -0.677492 0.000000 -1.279750 95.153848 -0.121658 4.959907 0.092113 
154 -0.677492 0.000000 0.035125 91.373323 -0.322654 9.503533 0.156049 
155 1.371445 0.000000 2.664875 102.401493 -0.647838 10.871155 -0.060467 
156 0.005487 0.000000 2.664875 100.233842 -0.706808 9.987880 -0.014708 
157 2.737403 0.000000 2.664875 106.406494 -0.378530 9.077319 -0.140488 
158 1.371445 0.000000 3.979750 102.019053 -0.162182 8.169839 -0.047466 
159 0.688466 0.000000 0.692563 93.870163 -0.196653 34.575298 -0.000710 
160 0.005487 0.000000 0.692563 93.303792 -0.249324 16.554251 0.102030 
161 1.371445 0.000000 0.692563 97.635784 -0.178370 35.095181 -0.076445 
162 0.688466 0.000000 1.350000 97.833749 -0.145353 15.242947 0.019619 
163 0.346976 0.000000 -0.293594 -1.922848 -0.087463 1.394525 0.999435 
164 0.005487 0.000000 -0.293594 36.895474 -0.291391 2.062209 0.863439 
165 0.346976 0.000000 -0.622312 87.012039 -0.276889 -40.742021 0.076892 
166 0.688466 0.000000 -0.293594 2.892813 -0.161023 2.167662 0.998691 
167 0.346976 0.000000 0.035125 54.368570 -0.428943 62.715039 0.311070 
168 -1.360471 0.000000 2.664875 99.412362 0.067564 8.688650 0.004169 
169 -2.726429 0.000000 2.664875 99.326487 0.176853 8.111214 0.006843 
170 -1.360471 0.000000 3.979750 100.166324 0.238162 8.287285 -0.010203 
171 -0.677492 0.000000 0.692563 94.891167 -0.177552 11.087570 0.087270 
172 -1.360471 0.000000 0.692563 96.789679 -0.104001 8.954918 0.055156 
173 -0.677492 0.000000 1.350000 97.322060 -0.230697 10.620624 0.041557 
174 -0.336003 0.000000 -0.293594 82.535615 -0.280546 6.553525 0.314484 
175 -0.677492 0.000000 -0.293594 90.853459 -0.278346 7.436657 0.169027 
176 -0.336003 0.000000 -0.622312 86.942296 -0.252706 2.263669 0.243585 
177 -0.336003 0.000000 0.035125 84.750229 -0.293450 12.219525 0.266800 
178 0.688466 0.000000 -1.937187 97.273435 -0.153852 2.786632 0.053009 
179 0.005487 0.000000 -1.937187 96.735128 -0.228901 4.118839 0.062530 
180 0.688466 0.000000 -2.594624 97.781695 -0.239159 4.536531 0.041810 
181 1.371445 0.000000 -1.937187 98.080218 -0.203215 2.019595 0.037615 
182 0.346976 0.000000 -0.951031 96.062671 -0.226397 -6.862992 0.072481 
183 0.005487 0.000000 -0.951031 91.235487 -0.271874 -3.201342 0.166576 
184 0.346976 0.000000 -1.279750 95.875118 -0.235108 -0.503124 0.080765 
185 0.688466 0.000000 -0.951031 98.445274 -0.141884 -12.086818 0.016242 
186 0.176232 0.000000 -0.457953 54.266337 -0.285850 -47.934661 0.475735 
187 0.005487 0.000000 -0.457953 49.357486 -0.321888 -49.096747 0.515324 
188 0.176232 0.000000 -0.622312 72.573764 -0.303082 -51.393708 0.209164 
189 0.346976 0.000000 -0.457953 72.927905 -0.302232 -51.252570 0.205460 
190 0.176232 0.000000 -0.293594 2.260776 -0.097046 0.675247 0.999442 
191 0.346976 0.000000 0.363844 96.342532 -0.328279 33.452922 -0.040109 
192 0.005487 0.000000 0.363844 86.599865 -0.263482 21.941435 0.201897 
193 0.688466 0.000000 0.363844 95.015815 -0.214992 28.253586 0.017368 
194 0.346976 0.000000 0.692563 94.778458 -0.412658 19.229859 0.064709 
195 0.176232 0.000000 -0.129234 36.511045 -0.472159 50.289458 0.613769 
196 0.005487 0.000000 -0.129234 33.661900 -0.485644 43.026631 0.701535 
197 0.346976 0.000000 -0.129234 -1.981215 -0.111117 1.697554 0.999318 
198 0.176232 0.000000 0.035125 47.422136 -0.443763 60.891980 0.404311 
199 8.201234 0.000000 -1.279750 97.596396 -0.877546 9.227883 0.038902 
200 8.201234 0.000000 -3.909499 99.092474 -0.130657 5.614862 0.014914 
201 10.933150 0.000000 -1.279750 97.762863 -0.237126 5.163516 0.041570 
202 8.201234 0.000000 1.350000 98.477560 0.625567 0.921709 0.030093 
203 4.103361 0.000000 0.035125 7.186608 -0.346923 -0.610130 0.994786 
204 4.103361 0.000000 -1.279750 102.836994 -0.367942 0.097091 -0.057559 
205 5.469318 0.000000 0.035125 -3.192708 -0.190767 -0.902079 0.998896 
206 4.103361 0.000000 1.350000 110.651734 -0.460786 3.465396 -0.225603 
207 2.054424 0.000000 -0.622312 101.865709 -0.227855 -8.267220 -0.044502 
208 2.054424 0.000000 -1.279750 101.299769 -0.195905 -9.606686 -0.035397 
209 2.737403 0.000000 -0.622312 101.496729 -0.339415 -1.507897 -0.030397 
210 2.054424 0.000000 0.035125 3.395274 -0.005218 0.550499 0.998817 
211 1.029955 0.000000 -0.951031 99.535791 -0.143539 -12.703023 -0.006876 
212 1.029955 0.000000 -1.279750 96.547064 -0.290602 -1.460906 0.067645 
213 1.371445 0.000000 -0.951031 101.182876 -0.175643 -12.561682 -0.039580 
214 1.029955 0.000000 -0.622312 99.229503 -0.148221 -12.393756 -0.000012 
215 0.517721 0.000000 -0.786672 98.004444 -0.295423 -11.776077 0.025637 
216 0.346976 0.000000 -0.786672 98.273641 -0.255070 -16.290297 0.007685 
217 0.517721 0.000000 -0.951031 97.729418 -0.184809 -4.714963 0.042670 
218 0.688466 0.000000 -0.786672 98.227356 -0.218720 -10.492240 0.024125 
219 0.517721 0.000000 -0.622312 97.233794 -0.284310 -18.759960 0.019357 
220 2.054424 0.000000 0.692563 96.512107 -0.191805 24.084943 0.010529 
221 2.737403 0.000000 0.692563 67.870377 -0.200792 7.206206 0.534164 
222 2.054424 0.000000 1.350000 101.704804 -0.107527 22.629160 -0.085596 
223 1.029955 0.000000 0.363844 94.889812 -0.208330 33.972534 -0.015825 
224 1.029955 0.000000 0.035125 94.495943 -0.243610 35.040438 -0.015737 
225 1.371445 0.000000 0.363844 96.379392 -0.184200 34.871500 -0.050504 
226 1.029955 0.000000 0.692563 95.908431 -0.215144 35.112819 -0.043138 
227 0.517721 0.000000 0.199485 92.532945 -0.217083 34.375212 0.025595 
228 0.346976 0.000000 0.199485 79.046587 -0.323206 52.836157 0.095987 
229 0.517721 0.000000 0.035125 -2.028376 -0.170465 -0.857455 0.999512 
230 0.688466 0.000000 0.199485 95.191369 -0.210945 28.104168 0.014871 
231 0.517721 0.000000 0.363844 95.538362 -0.199970 27.190709 0.013305 
232 4.103361 0.000000 -2.594624 99.064448 -0.402166 4.368097 0.016699 
233 4.103361 0.000000 -3.909499 99.197109 -0.316687 5.129780 0.013352 
234 5.469318 0.000000 -2.594624 99.698942 -0.435462 5.221208 0.003267 
235 2.054424 0.000000 -1.937187 99.038559 -0.195044 1.860759 0.018786 
236 2.054424 0.000000 -2.594624 98.798399 -0.113277 3.841574 0.022411 
237 2.737403 0.000000 -1.937187 99.172545 -0.170970 3.074655 0.015532 
238 3.420382 0.000000 -0.622312 101.761124 -0.288566 0.078371 -0.035542 
239 3.420382 0.000000 -1.279750 102.391243 -0.270608 0.148606 -0.048406 
240 4.103361 0.000000 -0.622312 102.635357 -0.370246 0.081834 -0.053416 
241 3.420382 0.000000 0.035125 5.905976 -0.401338 -1.861148 0.996149 
242 2.395913 0.000000 -0.951031 101.587149 -0.283817 -5.009559 -0.034513 
243 2.054424 0.000000 -0.951031 101.823510 -0.228511 -8.222430 -0.043569 
244 2.395913 0.000000 -1.279750 101.382211 -0.306330 -4.374716 -0.029758 
245 2.737403 0.000000 -0.951031 101.449949 -0.339862 -1.528920 -0.029455 
246 2.395913 0.000000 -0.622312 101.742920 -0.264505 -5.950359 -0.038710 
247 8.201234 0.000000 3.979750 100.700812 0.452542 2.031958 -0.014499 
248 10.933150 0.000000 3.979750 100.058226 1.232919 2.779095 -0.002089 
249 8.201234 0.000000 6.609499 100.937611 0.555618 4.248723 -0.020676 
250 4.103361 0.000000 2.664875 106.150490 -0.199174 3.561575 -0.128065 
251 5.469318 0.000000 2.664875 103.402862 0.073932 0.338361 -0.069227 
252 4.103361 0.000000 3.979750 104.028359 0.064582 4.802210 -0.084496 
253 3.420382 0.000000 0.692563 111.684292 -0.633836 0.000000 -0.247378 
254 4.103361 0.000000 0.692563 104.821570 -0.299087 20.071417 -0.139051 
255 3.420382 0.000000 1.350000 113.268848 -0.629238 0.319491 -0.283033 
256 2.054424 0.000000 2.007437 104.693305 -0.085780 14.843765 -0.118103 
257 1.371445 0.000000 2.007437 101.434158 -0.187993 13.699435 -0.047660 
258 2.737403 0.000000 2.007437 110.001419 -0.596417 11.825057 -0.224050 
259 2.054424 0.000000 2.664875 104.431512 -0.484582 10.791644 -0.102264 
260 2.395913 0.000000 1.021281 90.896745 -0.199520 14.520067 0.152691 
261 2.054424 0.000000 1.021281 95.563393 -0.193215 22.726594 0.035110 
262 2.395913 0.000000 0.692563 85.389573 -0.198657 13.846418 0.251686 
263 2.737403 0.000000 1.021281 34.094022 -0.310537 63.228210 0.483969 
264 2.395913 0.000000 1.350000 102.872718 -0.182544 29.170731 -0.143376 
265 2.395913 0.000000 0.363844 86.544945 -0.201751 11.203433 0.238441 
266 2.054424 0.000000 0.363844 100.582818 -0.189623 28.809848 -0.094695 
267 2.395913 0.000000 0.035125 1.439909 0.027818 -0.504032 0.999767 
268 2.737403 0.000000 0.363844 0.210221 -0.051347 -2.193315 0.999514 
269 3.420382 0.000000 2.007437 110.132168 -0.585769 5.296161 -0.215749 
270 4.103361 0.000000 2.007437 107.446544 -0.287753 2.309534 -0.155018 
271 3.420382 0.000000 2.664875 106.851168 -0.160570 6.014855 -0.145338 
272 3.078892 0.000000 1.021281 115.985628 -0.497975 0.125534 -0.345293 
273 3.078892 0.000000 0.692563 4.204219 0.012498 -7.566877 0.992507 
274 3.420382 0.000000 1.021281 113.284029 -0.629194 0.322552 -0.283377 
275 3.078892 0.000000 1.350000 115.274886 -0.461637 8.319998 -0.335773 
276 2.566658 0.000000 0.856922 77.464557 -0.201603 9.032536 0.391762 
277 2.395913 0.000000 0.856922 85.364217 -0.199445 13.091581 0.254152 
278 2.566658 0.000000 0.692563 77.641458 -0.201667 9.031687 0.389019 
279 2.737403 0.000000 0.856922 27.215052 -0.240456 20.752608 0.882861 
280 2.566658 0.000000 1.021281 52.029133 -0.264331 42.144980 0.551670 
281 3.078892 0.000000 0.363844 3.778262 -0.045453 -4.048948 0.996933 
282 3.078892 0.000000 0.035125 3.562253 -0.091343 -2.120261 0.998281 
283 3.420382 0.000000 0.363844 7.388930 -0.374155 -3.150630 0.993534 
284 2.566658 0.000000 0.528203 86.544945 -0.201751 11.203433 0.238441 
285 2.395913 0.000000 0.528203 92.030403 -0.199364 15.001664 0.130532 
286 2.566658 0.000000 0.363844 86.544945 -0.201751 11.203433 0.238441 
287 2.737403 0.000000 0.528203 68.629236 -0.200831 7.368637 0.523569 
288 2.908147 0.000000 0.856922 66.674111 -0.200730 6.950149 0.550622 
289 2.908147 0.000000 0.692563 67.131637 -0.200754 7.048081 0.544363 
290 3.078892 0.000000 0.856922 111.684292 -0.633836 0.000000 -0.247378 
291 2.908147 0.000000 1.021281 66.714911 -0.313369 43.351662 0.366966 
292 2.652030 0.000000 0.774742 49.623549 -0.222166 14.019525 0.734091 
293 2.566658 0.000000 0.774742 77.760309 -0.201626 9.090150 0.387066 
294 2.652030 0.000000 0.692563 75.713450 -0.201566 8.619943 0.419313 
295 2.737403 0.000000 0.774742 44.291152 -0.225969 14.909954 0.781594 
296 2.652030 0.000000 0.856922 30.536900 -0.254659 29.538705 0.819490 
297 2.908147 0.000000 0.528203 0.392885 -0.005273 -4.581096 0.997886 
298 2.908147 0.000000 0.363844 1.631955 -0.066218 -3.450943 0.998542 
299 3.078892 0.000000 0.528203 3.853291 -0.018373 -5.492253 0.995499 
300 2.822775 0.000000 0.774742 38.127168 -0.228340 15.110243 0.831795 
301 2.822775 0.000000 0.692563 67.269335 -0.200761 7.077555 0.542470 
302 2.908147 0.000000 0.774742 66.820648 -0.200738 6.981515 0.548622 
303 2.822775 0.000000 0.856922 21.944531 -0.262510 32.409310 0.846801 
304 2.395913 0.000000 1.678719 107.902167 -0.157647 19.644088 -0.202879 
305 2.054424 0.000000 1.678719 103.948179 -0.104546 18.337688 -0.114151 
306 2.737403 0.000000 1.678719 114.708665 -0.684077 15.982100 -0.341397 
307 2.395913 0.000000 2.007437 107.376450 -0.617259 14.232726 -0.173265 
308 2.566658 0.000000 1.185641 66.653797 -0.299582 62.991202 0.158929 
309 2.395913 0.000000 1.185641 86.544945 -0.201751 11.203433 0.238441 
310 2.737403 0.000000 1.185641 82.814274 -0.331525 60.244048 -0.048766 
311 2.566658 0.000000 1.350000 109.942623 -0.183518 36.685707 -0.343326 
312 2.652030 0.000000 0.939102 30.130097 -0.274522 43.454552 0.720380 
313 2.566658 0.000000 0.939102 52.264452 -0.240150 28.785731 0.643975 
314 2.737403 0.000000 0.939102 23.550410 -0.290163 45.628890 0.736330 
315 2.652030 0.000000 1.021281 48.283869 -0.291991 53.569772 0.479886 
316 2.694716 0.000000 0.815832 30.997955 -0.236838 19.764811 0.864842 
317 2.652030 0.000000 0.815832 39.067413 -0.242407 25.404135 0.782831 
318 2.694716 0.000000 0.774742 46.238031 -0.224551 14.571469 0.764967 
319 2.737403 0.000000 0.815832 29.557530 -0.239684 20.958474 0.868704 
320 2.694716 0.000000 0.856922 29.771306 -0.231851 16.766888 0.883249 
321 6.835276 0.000000 0.035125 -7.202619 2.596076 -0.435003 0.994119 
322 6.835276 0.000000 -1.279750 98.916934 -0.473686 10.457497 0.010586 
323 8.201234 0.000000 0.035125 93.409372 0.982492 29.001381 0.043264 
324 6.835276 0.000000 1.350000 98.751630 0.842839 -0.341193 0.024729 
325 4.786340 0.000000 -0.622312 103.298192 -0.214390 0.034054 -0.067056 
326 4.786340 0.000000 -1.279750 102.173148 -0.220744 0.000000 -0.043940 
327 5.469318 0.000000 -0.622312 106.190814 -0.190928 10.002850 -0.137658 
328 4.786340 0.000000 0.035125 3.647301 -0.213094 0.441634 0.998646 
329 27.324645 0.000000 -61.763992 99.742775 -0.004038 6.944570 0.000315 
330 27.324645 0.000000 -82.801989 99.747872 -0.002849 6.959419 0.000193 
331 49.179972 0.000000 -61.763992 99.748416 -0.004640 6.939799 0.000209 
332 16.396982 0.000000 -30.206996 99.724797 -0.004661 6.862117 0.000788 
333 16.396982 0.000000 -40.725995 99.723741 -0.005684 6.910523 0.000742 
334 27.324645 0.000000 -30.206996 99.726220 -0.008685 6.835883 0.000795 
335 10.933150 0.000000 -14.428498 99.826191 -0.093533 6.628647 -0.000922 
336 10.933150 0.000000 -19.687997 99.701722 -0.003761 6.736993 0.001418 
337 16.396982 0.000000 -14.428498 99.798523 -0.010185 6.590291 -0.000318 
338 8.201234 0.000000 -6.539249 99.441246 -0.128183 5.920295 0.007637 
339 8.201234 0.000000 -9.168999 99.779122 -0.167554 6.299041 0.000442 
340 10.933150 0.000000 -6.539249 99.467526 -0.329869 5.764151 0.007288 
341 6.835276 0.000000 -2.594624 99.209767 -0.420522 6.386175 0.011646 
342 6.835276 0.000000 -3.909499 99.436298 -0.182755 5.771783 0.007908 
343 8.201234 0.000000 -2.594624 98.862309 0.050961 6.215796 0.018761 
344 4.786340 0.000000 -1.937187 100.196247 -0.286770 3.727928 -0.005327 
345 4.103361 0.000000 -1.937187 99.145895 -0.359279 3.344215 0.015878 
346 4.786340 0.000000 -2.594624 99.491951 -0.309247 4.572928 0.008034 
347 5.469318 0.000000 -1.937187 100.981910 -0.340323 5.321903 -0.022578 
348 6.152297 0.000000 -0.622312 99.095489 -0.480455 28.073196 -0.060825 
349 6.152297 0.000000 -1.279750 101.928848 -0.212446 12.186903 -0.053806 
350 6.835276 0.000000 -0.622312 97.343439 -1.098076 14.765062 0.030504 
351 6.152297 0.000000 0.035125 -6.699718 -0.763321 -2.390313 0.994882 
352 5.127829 0.000000 -0.951031 104.676290 -0.204693 1.163944 -0.095852 
353 4.786340 0.000000 -0.951031 103.366227 -0.213961 0.025236 -0.068462 
354 5.127829 0.000000 -1.279750 104.702244 -0.206144 0.000000 -0.096260 
355 5.469318 0.000000 -0.951031 106.305895 -0.190374 9.730549 -0.139566 
356 5.127829 0.000000 -0.622312 103.691633 -0.211978 0.000000 -0.075200 
357 6.835276 0.000000 2.664875 100.918164 0.527137 -0.007901 -0.018475 
358 8.201234 0.000000 2.664875 100.359234 0.570420 0.610388 -0.007267 
359 6.835276 0.000000 3.979750 101.646615 0.043203 2.282809 -0.033725 
360 6.152297 0.000000 0.692563 87.036761 1.632298 -0.703271 0.242144 
361 5.469318 0.000000 0.692563 57.776879 1.938856 -0.266367 0.665800 
362 6.835276 0.000000 0.692563 96.414357 1.319392 -0.462776 0.070232 
363 6.152297 0.000000 1.350000 93.960704 0.949642 -3.652212 0.115715 
364 4.786340 0.000000 0.692563 105.580227 -0.337496 0.000000 -0.114730 
365 4.786340 0.000000 1.350000 107.443430 -0.409706 0.230277 -0.154431 
366 6.152297 0.000000 2.007437 100.471398 -0.038848 -2.248499 -0.009956 
367 5.469318 0.000000 2.007437 103.224807 0.089976 -2.536815 -0.066180 
368 6.835276 0.000000 2.007437 100.159002 0.080428 -0.899898 -0.003264 
369 6.152297 0.000000 2.664875 101.713165 -0.041969 0.010500 -0.034557 
370 5.810808 0.000000 1.021281 76.344004 1.839944 -0.529849 0.416793 
371 5.469318 0.000000 1.021281 26.884291 1.180838 -34.660695 0.807448 
372 5.810808 0.000000 0.692563 76.393975 1.841389 -0.530311 0.416029 
373 6.152297 0.000000 1.021281 86.922698 1.637713 -0.700960 0.244127 
374 5.810808 0.000000 1.350000 91.308643 0.529883 -11.255024 0.153578 
375 4.786340 0.000000 2.007437 105.410169 -0.258388 0.412537 -0.111154 
376 4.786340 0.000000 2.664875 104.957443 0.126080 1.514467 -0.101837 
377 5.127829 0.000000 1.021281 106.335509 -0.266668 0.092350 -0.130732 
378 4.786340 0.000000 1.021281 107.462460 -0.410443 0.232629 -0.154840 
379 5.127829 0.000000 0.692563 6.827104 0.091170 4.502291 0.993311 
380 5.127829 0.000000 1.350000 106.328590 -0.265824 0.091489 -0.130585 
381 5.810808 0.000000 0.363844 -3.915340 -0.248192 -1.405650 0.998263 
382 5.469318 0.000000 0.363844 -0.541054 -0.242872 0.203466 0.999961 
383 5.810808 0.000000 0.035125 -5.166900 -0.470836 -1.410386 0.997109 
384 6.152297 0.000000 0.363844 -5.834372 1.924643 -1.566422 0.995980 
385 5.640063 0.000000 0.856922 46.353486 1.835229 -6.470407 0.780612 
386 5.469318 0.000000 0.856922 20.431388 1.605419 -13.936963 0.938574 
387 5.640063 0.000000 0.692563 62.568903 1.931525 -0.331751 0.608129 
388 5.810808 0.000000 0.856922 72.945129 1.871031 -0.479748 0.467528 
389 5.640063 0.000000 1.021281 40.781499 1.493557 -21.897636 0.785513 
390 6.152297 0.000000 -1.937187 100.264565 -0.547874 7.104437 -0.010376 
391 6.152297 0.000000 -2.594624 99.551250 -0.530210 5.869660 0.005481 
392 6.835276 0.000000 -1.937187 99.422928 -0.198824 7.548858 0.005806 
393 5.810808 0.000000 -0.951031 105.530363 -0.189373 19.507859 -0.151725 
394 5.810808 0.000000 -1.279750 105.267303 -0.340172 10.684001 -0.119547 
395 6.152297 0.000000 -0.951031 100.718357 -0.376176 27.964898 -0.092636 
396 5.810808 0.000000 -0.622312 104.093106 -0.240420 22.318740 -0.133356 
397 71.035299 0.000000 -19.687997 99.767705 -0.012791 6.732060 0.000108 
398 71.035299 0.000000 -40.725995 99.754822 -0.007383 6.898051 0.000139 
399 92.890626 0.000000 -19.687997 99.768819 -0.012213 6.758577 0.000050 
400 71.035299 0.000000 1.350000 99.926046 -0.015910 4.525312 -0.000569 
401 38.252309 0.000000 -9.168999 99.791863 -0.017896 6.176106 0.000344 
402 38.252309 0.000000 -19.687997 99.749462 -0.013509 6.682622 0.000539 
403 49.179972 0.000000 -9.168999 99.796679 -0.019708 6.235614 0.000174 
404 38.252309 0.000000 1.350000 99.930427 -0.126755 4.316494 -0.000474 
405 21.860814 0.000000 -3.909499 99.824278 0.029840 5.184574 0.000823 
406 21.860814 0.000000 -9.168999 99.766259 0.001257 6.112612 0.000933 
407 27.324645 0.000000 -3.909499 99.849197 -0.041118 5.205830 0.000304 
408 21.860814 0.000000 1.350000 99.768094 2.961685 5.568992 0.000654 
409 13.665066 0.000000 -1.279750 99.044970 -0.167804 3.870367 0.017509 
410 13.665066 0.000000 -3.909499 99.445513 -0.514423 5.162584 0.008367 
411 16.396982 0.000000 -1.279750 99.657567 -0.167722 4.344416 0.004947 
412 13.665066 0.000000 1.350000 99.229687 -2.109711 4.728968 0.012666 
413 9.567192 0.000000 0.035125 97.600039 0.266315 25.737247 -0.018824 
414 9.567192 0.000000 -1.279750 97.807532 -0.447685 6.631381 0.038951 
415 10.933150 0.000000 0.035125 94.615833 1.678854 2.606844 0.103823 
416 9.567192 0.000000 1.350000 98.345530 0.028002 0.398763 0.032800 
417 7.518255 0.000000 0.692563 100.226464 1.473776 -2.224889 -0.005247 
418 7.518255 0.000000 0.035125 -3.378169 2.181036 1.214430 0.998236 
419 8.201234 0.000000 0.692563 98.458270 1.863624 -3.081104 0.029300 
420 7.518255 0.000000 1.350000 99.471683 0.766847 -0.351043 0.010467 
421 6.493787 0.000000 1.021281 93.456094 1.326542 -0.732660 0.126366 
422 6.493787 0.000000 0.692563 93.507620 1.324072 -0.731310 0.125404 
423 6.835276 0.000000 1.021281 96.384684 1.317608 -0.468133 0.070804 
424 6.493787 0.000000 1.350000 96.978258 0.881242 -1.099644 0.059323 
425 7.518255 0.000000 -0.622312 98.970142 1.645696 22.743627 -0.031507 
426 7.518255 0.000000 -1.279750 98.721218 -0.653281 9.875594 0.015617 
427 8.201234 0.000000 -0.622312 93.765376 1.101437 31.069516 0.024153 
428 7.176766 0.000000 -0.293594 100.321052 0.179219 12.636586 -0.022403 
429 6.835276 0.000000 -0.293594 97.110877 -1.225511 14.532759 0.035677 
430 7.176766 0.000000 -0.622312 100.218322 0.141376 12.566094 -0.020164 
431 7.518255 0.000000 -0.293594 98.809357 1.691247 23.418790 -0.031459 
432 7.176766 0.000000 0.035125 -5.596233 2.244650 0.650098 0.996322 
433 71.035299 0.000000 22.387997 99.794283 0.028504 6.474633 -0.000082 
434 92.890626 0.000000 22.387997 99.798384 0.032025 6.391922 -0.000058 
435 71.035299 0.000000 43.425995 99.769596 0.011125 6.860774 -0.000104 
436 38.252309 0.000000 11.868999 99.858850 0.060084 5.631688 -0.000351 
437 49.179972 0.000000 11.868999 99.863208 0.068643 5.494795 -0.000286 
438 38.252309 0.000000 22.387997 99.803442 0.022969 6.563621 -0.000381 
439 21.860814 0.000000 6.609499 99.865972 0.194327 4.633702 0.000528 
440 27.324645 0.000000 6.609499 99.907072 0.174160 4.536874 -0.000204 
441 21.860814 0.000000 11.868999 99.811758 0.079369 5.862436 0.000324 
442 13.665066 0.000000 3.979750 99.729654 1.380945 3.562872 0.003939 
443 16.396982 0.000000 3.979750 99.732731 1.653566 4.040578 0.003432 
444 13.665066 0.000000 6.609499 99.792264 0.413029 4.630782 0.001989 
445 9.567192 0.000000 2.664875 96.207804 0.000000 2.558519 0.073751 
446 10.933150 0.000000 2.664875 99.344896 -1.039211 2.182894 0.012475 
447 9.567192 0.000000 3.979750 100.162344 0.867915 2.562907 -0.003982 
448 7.518255 0.000000 2.007437 100.059542 0.158584 -0.368485 -0.001207 
449 8.201234 0.000000 2.007437 99.780384 0.367815 -0.017089 0.004374 
450 7.518255 0.000000 2.664875 100.565847 0.502379 0.520629 -0.011401 
451 7.176766 0.000000 1.021281 98.994207 1.340620 -0.949753 0.019745 
452 7.176766 0.000000 0.692563 98.978751 1.341797 -0.947462 0.020051 
453 7.518255 0.000000 1.021281 100.258542 1.471710 -2.241021 -0.005896 
454 7.176766 0.000000 1.350000 99.466655 0.694216 -0.388584 0.010575 
455 9.567192 0.000000 -2.594624 98.618687 0.217904 5.588526 0.024308 
456 9.567192 0.000000 -3.909499 99.112734 -0.122305 5.574171 0.014558 
457 10.933150 0.000000 -2.594624 98.552137 -0.170509 5.117620 0.026126 
458 8.884213 0.000000 -0.622312 95.352557 -1.626921 9.265314 0.081940 
459 8.884213 0.000000 -1.279750 97.352578 -0.698120 7.562959 0.046479 
460 9.567192 0.000000 -0.622312 97.453174 -0.968509 8.993807 0.042105 
461 8.884213 0.000000 0.035125 96.109167 0.674695 16.136260 0.050219 
462 8.884213 0.000000 0.692563 87.435554 3.167419 -3.425342 0.233326 
463 9.567192 0.000000 0.692563 99.080127 -0.370161 -2.614337 0.017616 
464 8.884213 0.000000 1.350000 92.807511 -0.000000 4.188296 0.136922 
465 8.542724 0.000000 -0.293594 92.838081 0.939058 27.319923 0.063383 
466 8.201234 0.000000 -0.293594 93.678199 1.062809 28.621250 0.040409 
467 8.542724 0.000000 -0.622312 94.187141 -1.966061 11.808013 0.098549 
468 8.884213 0.000000 -0.293594 95.481175 0.714742 18.738466 0.053170 
469 8.542724 0.000000 0.035125 94.375781 0.657348 23.562893 0.053757 
470 8.884213 0.000000 2.007437 99.457106 0.747577 0.084023 0.010772 
471 9.567192 0.000000 2.007437 97.574339 0.000000 1.024673 0.047820 
472 8.884213 0.000000 2.664875 99.941796 0.806994 1.045603 0.000989 
473 8.542724 0.000000 1.021281 96.511187 1.965763 -3.707619 0.066798 
474 8.201234 0.000000 1.021281 99.634093 1.787281 -3.515429 0.005749 
475 8.542724 0.000000 0.692563 97.822997 1.688074 -4.754791 0.040520 
476 8.884213 0.000000 1.021281 116.058782 0.196206 22.363071 -0.396979 
477 8.542724 0.000000 1.350000 97.924609 0.375889 1.297649 0.040895 
478 8.542724 0.000000 0.363844 -1.376660 2.627473 0.814844 0.999054 
479 8.201234 0.000000 0.363844 -1.476571 2.411434 1.986218 0.998806 
480 8.884213 0.000000 0.363844 -3.629923 2.556846 -0.630720 0.997989 
481 12.299108 0.000000 0.035125 98.138345 -1.174206 3.320994 0.035646 
482 12.299108 0.000000 -1.279750 98.378435 -0.058982 4.130902 0.030462 
483 13.665066 0.000000 0.035125 99.007735 -0.493219 3.607295 0.018421 
484 12.299108 0.000000 1.350000 98.575026 -2.367823 4.948959 0.025287 
485 10.250171 0.000000 0.692563 93.015418 2.515581 6.303826 0.130207 
486 10.250171 0.000000 0.035125 86.136076 0.112465 44.797568 0.057374 
487 10.933150 0.000000 0.692563 58.333602 0.948710 63.524971 0.256087 
488 10.250171 0.000000 1.350000 97.752512 0.196214 1.395397 0.044246 
489 9.225703 0.000000 1.021281 96.960328 0.078481 -20.704093 0.017003 
490 9.225703 0.000000 0.692563 93.914065 1.816046 0.985475 0.117588 
491 9.567192 0.000000 1.021281 122.166955 -0.060827 -2.101444 -0.492918 
492 9.225703 0.000000 1.350000 97.591786 -0.034383 -0.134429 0.047582 
493 8.713469 0.000000 0.856922 77.712815 1.594487 12.086167 0.381210 
494 8.542724 0.000000 0.856922 96.510850 1.864931 -3.769702 0.066797 
495 8.713469 0.000000 0.692563 84.257140 3.034107 -3.518613 0.287915 
496 8.884213 0.000000 0.856922 65.927725 3.116772 37.795989 0.421528 
497 8.713469 0.000000 1.021281 96.642857 1.956053 -3.774606 0.064208 
498 9.225703 0.000000 0.363844 99.089657 0.664088 15.358064 -0.005507 
499 9.225703 0.000000 0.035125 99.495192 0.515744 13.442981 -0.008027 
500 9.567192 0.000000 0.363844 99.909645 -0.031910 22.782306 -0.050097 
501 8.713469 0.000000 0.528203 96.727580 1.949805 -3.817710 0.062540 
502 8.542724 0.000000 0.528203 96.666738 1.954292 -3.786756 0.063738 
503 8.713469 0.000000 0.363844 -3.927850 2.625877 0.528215 0.997740 
504 8.884213 0.000000 0.528203 -5.450777 2.567572 -1.527591 0.996136 
505 9.054958 0.000000 0.856922 96.512979 0.401784 -0.380083 0.068494 
506 9.054958 0.000000 0.692563 100.964592 0.544081 -2.308784 -0.019948 
507 9.225703 0.000000 0.856922 94.302933 1.372221 0.783615 0.110446 
508 9.054958 0.000000 1.021281 106.556442 -0.000214 10.158245 -0.145747 
509 8.798841 0.000000 0.774742 46.352818 2.781303 16.958619 0.755609 
510 8.713469 0.000000 0.774742 82.379630 3.228543 -3.224021 0.319278 
511 8.798841 0.000000 0.692563 78.651661 3.669991 -2.350587 0.379492 
512 8.884213 0.000000 0.774742 49.326585 2.371522 18.806490 0.720758 
513 8.798841 0.000000 0.856922 42.093416 1.508926 39.986763 0.662693 
514 7.859745 0.000000 1.021281 100.744644 1.625744 -3.176069 -0.016221 
515 7.859745 0.000000 0.692563 100.666793 1.630510 -3.130999 -0.014626 
516 7.859745 0.000000 1.350000 99.074866 0.777885 -0.051362 0.018356 
517 8.371979 0.000000 0.856922 97.607254 1.911107 -3.204996 0.045890 
518 8.201234 0.000000 0.856922 98.552828 1.851719 -3.253393 0.027333 
519 8.371979 0.000000 0.692563 97.765699 1.899957 -3.291805 0.042742 
520 8.371979 0.000000 1.021281 98.754718 1.830468 -3.843087 0.022939 
521 8.628096 0.000000 0.774742 87.269554 2.753264 -3.438922 0.236462 
522 8.542724 0.000000 0.774742 96.032927 1.915105 -3.522060 0.076160 
523 8.628096 0.000000 0.692563 87.259545 2.740956 -3.716234 0.236445 
524 8.628096 0.000000 0.856922 87.244473 2.756131 -3.459961 0.236883 
525 8.542724 0.000000 1.678719 99.355303 0.300331 0.314034 0.012833 
526 8.201234 0.000000 1.678719 99.283503 0.098311 -0.105088 0.014277 
527 8.884213 0.000000 1.678719 99.029629 0.998008 0.194210 0.019210 
528 8.542724 0.000000 2.007437 99.537972 0.458816 0.123243 0.009197 
529 8.713469 0.000000 1.185641 93.542710 2.184678 -2.197386 0.124016 
530 8.542724 0.000000 1.185641 93.542710 2.184678 -2.197386 0.124016 
531 8.884213 0.000000 1.185641 96.358186 -0.000000 6.425552 0.067381 
532 8.713469 0.000000 1.350000 98.737950 1.376634 2.533659 0.024250 
533 8.798841 0.000000 0.939102 88.509348 1.148328 49.670080 -0.030234 
534 8.713469 0.000000 0.939102 81.054338 3.439450 -2.507849 0.341208 
535 8.884213 0.000000 0.939102 130.949442 1.718355 51.106368 -0.976257 
536 8.798841 0.000000 1.021281 109.151247 0.143894 34.249655 -0.308705 
537 8.756155 0.000000 0.815832 55.552072 3.110275 18.313246 0.656892 
538 8.713469 0.000000 0.815832 79.298029 1.674151 9.868837 0.361163 
539 8.756155 0.000000 0.774742 55.076664 3.606387 16.087967 0.669473 
540 8.798841 0.000000 0.815832 24.391229 2.527478 29.992591 0.849912 
541 8.756155 0.000000 0.856922 58.026722 0.770970 26.692897 0.591979 
542 9.054958 0.000000 0.528203 -3.762246 2.327471 -3.768926 0.996622 
543 9.054958 0.000000 0.363844 -3.761036 2.503313 -1.561133 0.997715 
544 9.225703 0.000000 0.528203 94.530360 0.550912 -0.388779 0.106356 
545 8.798841 0.000000 0.610383 96.719485 1.950402 -3.813591 0.062699 
546 8.713469 0.000000 0.610383 96.622619 1.957545 -3.764310 0.064607 
547 8.798841 0.000000 0.528203 93.542710 2.184678 -2.197386 0.124016 
548 8.884213 0.000000 0.610383 107.738516 1.813759 -5.245046 -0.163839 
549 8.756155 0.000000 0.733652 78.158856 3.715842 -2.289708 0.387214 
550 8.713469 0.000000 0.733652 83.207293 3.143033 -3.351334 0.305544 
551 8.756155 0.000000 0.692563 79.247174 3.612522 -2.383016 0.370116 
552 8.798841 0.000000 0.733652 84.067046 3.397047 -3.041427 0.291194 
553 8.969586 0.000000 0.774742 100.616497 0.860441 -2.253662 -0.012950 
554 8.969586 0.000000 0.692563 114.580475 1.634987 -6.713928 -0.317644 
555 9.054958 0.000000 0.774742 99.867150 0.619434 -1.546907 0.002378 
556 8.969586 0.000000 0.856922 98.287940 0.710906 2.894470 0.033060 
557 8.841527 0.000000 0.815832 7.004516 2.713110 41.517197 0.821990 
558 8.841527 0.000000 0.774742 51.231307 0.234457 21.656126 0.690631 
559 8.884213 0.000000 0.815832 55.641975 0.896742 26.522892 0.619970 
560 8.841527 0.000000 0.856922 11.774962 3.297040 57.661863 0.652559 
561 8.777498 0.000000 0.795287 50.004400 0.486807 17.031901 0.720924 
562 8.756155 0.000000 0.795287 54.634416 3.561693 16.820271 0.671947 
563 8.777498 0.000000 0.774742 48.458996 2.865252 16.393228 0.737478 
564 8.798841 0.000000 0.795287 28.865190 2.219905 27.207752 0.842161 
565 8.777498 0.000000 0.815832 27.522969 3.622318 29.335873 0.836877 
566 8.628096 0.000000 0.939102 96.254054 1.984726 -3.576800 0.071842 
567 8.542724 0.000000 0.939102 96.117595 1.994789 -3.507376 0.074513 
568 8.628096 0.000000 1.021281 96.549955 1.962904 -3.727342 0.066036 
569 8.670782 0.000000 0.815832 84.689766 3.004509 -3.343844 0.280744 
570 8.628096 0.000000 0.815832 87.360556 2.746887 -3.390802 0.234909 
571 8.670782 0.000000 0.774742 84.760364 2.995800 -3.375374 0.279531 
572 8.670782 0.000000 0.856922 84.941434 2.978721 -3.395569 0.276455 
573 8.734812 0.000000 0.795287 76.906084 1.728995 11.819579 0.394276 
574 8.713469 0.000000 0.795287 83.411893 2.055343 2.751918 0.303066 
575 8.734812 0.000000 0.774742 81.067276 2.207208 3.972535 0.340744 
576 8.734812 0.000000 0.815832 61.272763 1.375249 20.828216 0.580994 
577 8.756155 0.000000 0.898012 72.580387 0.761660 34.320457 0.355361 
578 8.713469 0.000000 0.898012 82.658549 1.908234 4.619710 0.314258 
579 8.798841 0.000000 0.898012 49.490706 2.602281 51.575258 0.488389 
580 8.756155 0.000000 0.939102 99.389970 0.828823 35.705568 -0.115394 
581 8.777498 0.000000 0.836377 34.831937 2.654107 30.394599 0.785586 
582 8.756155 0.000000 0.836377 57.764086 0.842590 26.434817 0.596380 
583 8.798841 0.000000 0.836377 26.380827 2.455676 35.558194 0.803364 
584 8.777498 0.000000 0.856922 46.687936 1.791775 33.831425 0.667246 
585 8.766826 0.000000 0.805560 39.909421 6.710949 3.057479 0.835285 
586 8.756155 0.000000 0.805560 54.892308 3.391276 17.474137 0.666999 
587 8.766826 0.000000 0.795287 44.052605 5.033898 9.099265 0.795123 
588 8.777498 0.000000 0.805560 51.987916 -0.238306 11.013578 0.717590 
589 8.766826 0.000000 0.815832 49.235111 2.285318 21.171821 0.712244 
590 10.250171 0.000000 -0.622312 96.497118 -0.633640 7.760989 0.062767 
591 10.250171 0.000000 -1.279750 97.768608 -0.408686 5.930449 0.040596 
592 10.933150 0.000000 -0.622312 96.708261 -0.203914 5.654024 0.061550 
593 9.908682 0.000000 0.363844 92.140206 0.104099 33.529600 0.038594 
594 9.908682 0.000000 0.035125 90.899389 0.111725 39.578798 0.017081 
595 10.250171 0.000000 0.363844 83.062241 0.052880 42.355138 0.130670 
596 9.908682 0.000000 0.692563 100.137693 2.252250 -2.781137 -0.004036 
597 12.299108 0.000000 2.664875 99.391917 -1.391217 2.548095 0.011282 
598 13.665066 0.000000 2.664875 99.565689 -1.452491 2.900781 0.007615 
599 12.299108 0.000000 3.979750 99.957376 1.351326 3.083010 -0.000281 
600 11.616129 0.000000 0.692563 96.011049 2.496219 5.706678 0.074308 
601 11.616129 0.000000 0.035125 97.101403 -1.340823 2.546686 0.056303 
602 12.299108 0.000000 0.692563 98.042679 2.949527 5.856569 0.034463 
603 11.616129 0.000000 1.350000 97.759911 -1.375307 4.745110 0.041859 
604 10.591661 0.000000 0.363844 77.423237 0.059270 44.373710 0.203661 
605 10.591661 0.000000 0.035125 91.842787 2.979756 7.466037 0.150028 
606 10.933150 0.000000 0.363844 91.722975 2.147068 8.011373 0.151810 
607 10.591661 0.000000 0.692563 76.983343 1.368301 17.157384 0.377732 
608 10.250171 0.000000 2.007437 98.134185 0.000000 1.309890 0.036797 
609 10.933150 0.000000 2.007437 98.901130 -1.378495 1.964693 0.021281 
610 10.250171 0.000000 2.664875 98.465320 0.000000 2.234325 0.029959 
611 10.591661 0.000000 1.021281 112.347044 1.355649 1.560535 -0.262613 
612 10.250171 0.000000 1.021281 98.954624 1.086972 -11.698133 0.006995 
613 10.933150 0.000000 1.021281 100.084285 -0.975936 -12.415055 -0.017195 
614 10.591661 0.000000 1.350000 98.796753 -0.000000 2.757289 0.023160 
615 10.420916 0.000000 0.528203 83.819379 0.838896 30.276778 0.205692 
616 10.250171 0.000000 0.528203 88.444607 0.758379 27.707968 0.140924 
617 10.420916 0.000000 0.363844 77.885305 0.051553 45.352469 0.187703 
618 10.591661 0.000000 0.528203 78.224376 0.592019 24.363554 0.328701 
619 10.420916 0.000000 0.692563 91.510755 2.195623 8.557254 0.154773 
620 13.665066 0.000000 -6.539249 99.723095 -0.128561 5.885474 0.002065 
621 13.665066 0.000000 -9.168999 99.696367 -0.172166 6.211891 0.002202 
622 16.396982 0.000000 -6.539249 99.692873 -0.106721 5.771600 0.002801 
623 12.299108 0.000000 -2.594624 98.860658 -0.259489 4.615458 0.020520 
624 12.299108 0.000000 -3.909499 99.199452 -0.369879 5.049617 0.013383 
625 13.665066 0.000000 -2.594624 99.241481 -0.301093 4.458886 0.013116 
626 11.616129 0.000000 -0.622312 97.468987 -0.285493 4.478743 0.047966 
627 11.616129 0.000000 -1.279750 98.213559 0.007350 4.645879 0.033251 
628 12.299108 0.000000 -0.622312 98.334717 -0.254865 4.055599 0.031377 
629 11.274640 0.000000 0.363844 94.128683 2.751439 5.467988 0.110232 
630 11.274640 0.000000 0.035125 96.245548 -0.552490 1.597953 0.073394 
631 11.616129 0.000000 0.363844 96.356439 3.055990 4.130971 0.068903 
632 11.274640 0.000000 0.692563 91.507248 2.127671 5.589617 0.159065 
633 10.762405 0.000000 0.528203 79.075953 1.234011 0.000000 0.374547 
634 10.762405 0.000000 0.363844 88.680381 1.972422 8.344054 0.206228 
635 10.933150 0.000000 0.528203 90.506005 1.720367 13.573354 0.162147 
636 10.762405 0.000000 0.692563 80.027219 1.063791 14.604463 0.338122 
637 9.908682 0.000000 1.021281 90.986082 0.470933 5.747438 0.168828 
638 9.908682 0.000000 1.350000 97.121525 0.037695 0.739687 0.056686 
639 10.420916 0.000000 0.856922 96.278857 3.670070 1.087721 0.071573 
640 10.250171 0.000000 0.856922 100.496295 4.662973 -4.452173 -0.014107 
641 10.591661 0.000000 0.856922 101.964809 6.746896 -5.638275 -0.047413 
642 10.420916 0.000000 1.021281 96.423632 0.961750 4.531749 0.068102 
643 10.506288 0.000000 0.610383 73.484183 0.837958 33.119174 0.350249 
644 10.420916 0.000000 0.610383 88.996898 1.732550 14.625138 0.186266 
645 10.506288 0.000000 0.528203 82.026165 0.623939 32.111468 0.224017 
646 10.591661 0.000000 0.610383 71.299799 0.852393 31.884384 0.389900 
647 10.506288 0.000000 0.692563 84.767423 1.875971 11.732987 0.267330 
648 3.078892 0.000000 1.678719 115.975504 -0.635843 7.102255 -0.350116 
649 3.420382 0.000000 1.678719 111.684292 -0.633836 0.000000 -0.247378 
650 3.078892 0.000000 2.007437 111.093414 -0.472846 8.112808 -0.240779 
651 2.908147 0.000000 1.185641 103.188087 -0.375406 37.065427 -0.202177 
652 3.078892 0.000000 1.185641 116.620830 -0.426123 5.509071 -0.363095 
653 2.908147 0.000000 1.350000 115.309087 -0.352631 21.477156 -0.375758 
654 5.127829 0.000000 1.678719 105.122061 0.025951 -0.783019 -0.105126 
655 4.786340 0.000000 1.678719 105.580227 -0.337496 0.000000 -0.114730 
656 5.469318 0.000000 1.678719 103.404350 0.097452 -5.431438 -0.072197 
657 5.127829 0.000000 2.007437 104.609991 0.086686 -0.855309 -0.094399 
658 5.298574 0.000000 1.185641 88.171229 0.083426 -18.849491 0.187052 
659 5.127829 0.000000 1.185641 103.664903 -0.184919 -4.707737 -0.076861 
660 5.298574 0.000000 1.021281 79.621281 0.215881 -26.860483 0.293892 
661 5.469318 0.000000 1.185641 65.443728 0.427434 -42.181428 0.393766 
662 5.298574 0.000000 1.350000 98.696003 -0.071632 -14.029347 0.006227 
663 11.616129 0.000000 2.007437 98.835278 -0.909047 2.526521 0.022438 
664 12.299108 0.000000 2.007437 99.104317 -1.118477 2.897727 0.016869 
665 11.616129 0.000000 2.664875 99.416129 -1.722666 2.075700 0.010916 
666 11.274640 0.000000 1.021281 94.718654 -0.974496 4.299064 0.100894 
667 11.616129 0.000000 1.021281 97.032486 -1.118969 7.353759 0.052937 
668 11.274640 0.000000 1.350000 97.667781 -1.014596 3.334221 0.044886 
669 10.762405 0.000000 0.856922 102.399060 5.766986 -6.511034 -0.056122 
670 10.933150 0.000000 0.856922 33.141535 -1.207272 -52.306273 0.616423 
671 10.762405 0.000000 1.021281 102.413630 2.544835 2.140184 -0.049961 
672 10.591661 0.000000 1.678719 98.429699 -0.000000 1.412678 0.030960 
673 10.250171 0.000000 1.678719 97.765839 0.000000 1.147687 0.044052 
674 10.933150 0.000000 1.678719 98.855303 -1.078432 1.771338 0.022333 
675 10.591661 0.000000 2.007437 98.434003 -0.000000 1.564659 0.030830 
676 10.420916 0.000000 1.185641 97.446847 0.365898 3.316830 0.049298 
677 10.250171 0.000000 1.185641 98.553725 0.354570 -0.161067 0.028701 
678 10.591661 0.000000 1.185641 100.292056 0.181596 5.175716 -0.008532 
679 10.420916 0.000000 1.350000 97.836970 0.144836 2.072916 0.042361 
680 10.506288 0.000000 0.939102 107.699155 4.046861 17.298817 -0.191473 
681 10.420916 0.000000 0.939102 98.293957 4.015487 4.865922 0.029850 
682 10.506288 0.000000 0.856922 101.447298 5.533894 -10.700797 -0.043669 
683 10.591661 0.000000 0.939102 115.780077 3.847911 -13.768060 -0.360939 
684 10.506288 0.000000 1.021281 103.838752 1.097807 14.352432 -0.098968 
685 11.103895 0.000000 0.856922 83.813845 -0.147986 -0.049028 0.297522 
686 11.103895 0.000000 0.692563 83.546977 1.574573 7.662046 0.295872 
687 11.274640 0.000000 0.856922 92.046853 -0.570814 3.568060 0.151432 
688 11.103895 0.000000 1.021281 93.027860 -0.595817 -0.774977 0.134486 
689 10.762405 0.000000 1.185641 101.562364 0.000000 4.800006 -0.033795 
690 10.933150 0.000000 1.185641 100.323004 -2.359925 -0.064498 -0.007028 
691 10.762405 0.000000 1.350000 99.764177 0.000000 2.781556 0.003937 
692 10.847778 0.000000 0.939102 90.402752 -0.139109 -47.468576 -0.042594 
693 10.762405 0.000000 0.939102 97.422923 5.833959 -9.353716 0.038725 
694 10.847778 0.000000 0.856922 84.091995 -0.586095 -51.346571 0.029172 
695 10.933150 0.000000 0.939102 79.825195 2.291269 -62.012091 -0.022281 
696 10.847778 0.000000 1.021281 98.506929 4.629254 -23.962140 -0.029923 
697 10.677033 0.000000 0.939102 96.456742 3.211003 4.801000 0.066274 
698 10.677033 0.000000 0.856922 101.095502 5.491010 -5.754452 -0.028357 
699 10.677033 0.000000 1.021281 103.195415 0.699345 6.234753 -0.068865 
700 11.274640 0.000000 1.678719 98.463682 -0.972445 2.223054 0.029902 
701 11.616129 0.000000 1.678719 98.495358 -0.365881 2.837889 0.029048 
702 11.274640 0.000000 2.007437 98.829661 -1.038776 2.258808 0.022652 
703 11.103895 0.000000 1.185641 97.257776 -2.055275 0.868310 0.053595 
704 11.274640 0.000000 1.185641 96.737884 -2.088955 2.922250 0.062888 
705 11.103895 0.000000 1.350000 98.171637 -0.857591 2.350301 0.035607 
706 10.847778 0.000000 1.103461 105.854817 -1.654192 -0.597943 -0.120834 
707 10.762405 0.000000 1.103461 102.756866 0.781282 5.769709 -0.059287 
708 10.933150 0.000000 1.103461 101.112481 -1.198508 -3.379679 -0.023659 
709 10.847778 0.000000 1.185641 102.106986 -2.429364 1.276274 -0.043337 
710 10.805092 0.000000 0.980191 99.857592 3.688288 -19.671009 -0.037209 
711 10.762405 0.000000 0.980191 98.309313 3.876971 -0.976801 0.031929 
712 10.805092 0.000000 0.939102 100.841609 2.992064 -23.924599 -0.075037 
713 10.847778 0.000000 0.980191 98.545941 2.802559 -25.859511 -0.038787 
714 10.805092 0.000000 1.021281 100.337772 3.861579 -11.125564 -0.020636 
715 10.677033 0.000000 1.103461 103.032401 0.302224 5.824450 -0.064969 
716 10.591661 0.000000 1.103461 104.137748 0.381512 5.356000 -0.087350 
717 10.677033 0.000000 1.185641 101.281915 0.075397 4.903417 -0.028208 
718 10.719719 0.000000 0.980191 97.136026 1.671691 10.672099 0.044790 
719 10.677033 0.000000 0.980191 99.238624 0.472410 7.316740 0.009794 
720 10.719719 0.000000 0.939102 96.734502 3.400184 6.459745 0.058915 
721 10.719719 0.000000 1.021281 101.827079 1.073111 7.817521 -0.043102 
722 10.847778 0.000000 0.774742 76.190280 0.928641 0.000000 0.419418 
723 10.762405 0.000000 0.774742 84.100272 2.335666 -0.395451 0.292153 
724 10.847778 0.000000 0.692563 70.347347 0.997315 46.020296 0.293239 
725 10.933150 0.000000 0.774742 25.537717 -1.410521 8.701812 0.927011 
726 10.805092 0.000000 0.898012 93.554678 2.077849 -31.374023 0.025888 
727 10.762405 0.000000 0.898012 98.968386 4.808731 -14.339175 -0.002348 
728 10.805092 0.000000 0.856922 98.857983 3.124673 -23.471811 -0.033359 
729 10.847778 0.000000 0.898012 80.163252 -1.355223 -57.299197 0.028882 
730 10.783749 0.000000 0.959647 99.642386 4.105140 -17.358212 -0.024676 
731 10.762405 0.000000 0.959647 96.782296 4.648518 -6.636864 0.056753 
732 10.783749 0.000000 0.939102 99.825178 4.051030 -17.507134 -0.028798 
733 10.805092 0.000000 0.959647 100.599837 3.482302 -20.275789 -0.054356 
734 10.783749 0.000000 0.980191 98.573376 3.970701 -13.590927 0.008281 
735 11.103895 0.000000 0.528203 89.825942 2.077722 8.660397 0.185198 
736 11.103895 0.000000 0.363844 92.778549 2.445379 6.928629 0.133816 
737 11.274640 0.000000 0.528203 92.762307 2.448660 5.941689 0.135385 
738 10.847778 0.000000 0.610383 80.218595 1.059392 19.089854 0.319943 
739 10.762405 0.000000 0.610383 80.031176 1.067884 14.093926 0.339523 
740 10.847778 0.000000 0.528203 93.794177 1.578751 11.168711 0.107542 
741 10.933150 0.000000 0.610383 85.895953 1.415300 22.935474 0.209385 
742 10.677033 0.000000 0.610383 78.014067 0.830672 12.667373 0.375265 
743 10.677033 0.000000 0.528203 78.361784 0.710351 19.607557 0.347447 
744 10.677033 0.000000 0.692563 81.093616 1.637660 6.547901 0.337827 
745 10.805092 0.000000 0.651473 83.357320 1.041636 18.188103 0.271967 
746 10.762405 0.000000 0.651473 80.027189 1.059413 14.217635 0.339239 
747 10.805092 0.000000 0.610383 80.209695 1.060092 16.959784 0.327765 
748 10.847778 0.000000 0.651473 75.651438 1.017696 36.823702 0.291984 
749 10.805092 0.000000 0.692563 77.431752 1.028535 27.180856 0.326447 
750 11.018523 0.000000 0.939102 84.836755 -0.655923 -9.864257 0.270499 
751 11.018523 0.000000 0.856922 72.560658 -0.866792 -7.213532 0.468216 
752 11.103895 0.000000 0.939102 88.425032 2.490846 -2.385732 0.216912 
753 11.018523 0.000000 1.021281 93.699581 -0.880457 -5.870556 0.118515 
754 10.890464 0.000000 0.898012 57.666471 -3.460424 -70.677433 0.166730 
755 10.890464 0.000000 0.856922 41.656494 -2.980502 -64.133910 0.414269 
756 10.933150 0.000000 0.898012 68.370948 -3.484456 -73.725783 -0.012222 
757 10.890464 0.000000 0.939102 82.517778 -1.168746 -55.812083 0.007446 
758 11.018523 0.000000 0.774742 67.636997 0.258780 4.387808 0.540592 
759 11.018523 0.000000 0.692563 74.870779 1.159927 13.278039 0.421671 
760 11.103895 0.000000 0.774742 81.817560 0.947908 4.076306 0.328837 
761 10.890464 0.000000 0.733652 37.118157 0.578752 53.777430 0.572990 
762 10.847778 0.000000 0.733652 56.468079 0.859817 49.939419 0.431667 
763 10.890464 0.000000 0.692563 55.897535 0.876879 55.771372 0.376425 
764 10.933150 0.000000 0.733652 29.970294 0.428286 53.426239 0.624723 
765 10.890464 0.000000 0.774742 23.086182 1.219014 24.777476 0.885162 
766 10.079427 0.000000 0.856922 100.682891 4.925322 -4.537958 -0.018190 
767 9.908682 0.000000 0.856922 95.991042 2.452119 -0.410403 0.077954 
768 10.079427 0.000000 0.692563 96.689141 2.218459 7.059056 0.059646 
769 10.079427 0.000000 1.021281 112.914893 1.309334 19.827913 -0.314463 
770 10.335544 0.000000 0.939102 97.533885 3.517964 -4.483785 0.045466 
771 10.250171 0.000000 0.939102 98.314777 3.640713 -13.892295 0.012795 
772 10.335544 0.000000 0.856922 97.055218 3.474778 0.975959 0.056726 
773 10.335544 0.000000 1.021281 95.115706 1.029739 -3.771044 0.093772 
774 10.506288 0.000000 1.103461 101.461657 0.479678 7.200033 -0.034654 
775 10.420916 0.000000 1.103461 96.381797 0.567604 3.778499 0.069595 
776 10.506288 0.000000 1.185641 99.030936 0.295964 4.757845 0.017015 
777 10.463602 0.000000 0.980191 99.253742 1.394115 13.774501 -0.004299 
778 10.420916 0.000000 0.980191 96.546827 1.609340 6.178496 0.063795 
779 10.463602 0.000000 0.939102 100.239406 3.845235 10.567572 -0.017440 
780 10.506288 0.000000 0.980191 108.946811 1.389164 21.111995 -0.231705 
781 10.463602 0.000000 1.021281 98.970382 0.759570 10.077273 0.010274 
782 9.396448 0.000000 0.856922 95.208042 0.989624 0.446640 0.093425 
783 9.396448 0.000000 0.692563 94.023380 1.705607 0.899914 0.115589 
784 9.567192 0.000000 0.856922 95.361887 -0.167737 -0.485502 0.090585 
785 9.396448 0.000000 1.021281 89.191898 0.076099 8.125728 0.197877 
786 9.225703 0.000000 1.678719 96.427459 -0.000000 0.939234 0.070086 
787 9.567192 0.000000 1.678719 97.806072 0.000000 0.329403 0.043386 
788 9.225703 0.000000 2.007437 92.479456 -0.000000 2.649329 0.144053 
789 9.396448 0.000000 1.185641 95.951575 -0.039784 3.099729 0.078369 
790 9.225703 0.000000 1.185641 97.619935 -0.026350 -1.423070 0.046832 
791 9.567192 0.000000 1.185641 101.286725 -0.006576 2.407850 -0.026480 
792 9.396448 0.000000 1.350000 97.536115 -0.045433 0.859626 0.048597 
793 9.311075 0.000000 0.939102 86.055554 -0.707882 -3.035659 0.258473 
794 9.225703 0.000000 0.939102 91.212752 -0.575598 -21.314894 0.122558 
795 9.311075 0.000000 0.856922 94.420732 1.166488 0.669414 0.108292 
796 9.396448 0.000000 0.939102 87.508362 -0.444378 7.658556 0.228344 
797 9.311075 0.000000 1.021281 87.899968 0.064948 -6.024929 0.223729 
798 9.737937 0.000000 0.856922 94.973976 2.545300 -6.926976 0.092548 
799 9.737937 0.000000 0.692563 101.453915 -0.412998 -4.475262 -0.031310 
800 9.737937 0.000000 1.021281 94.720948 0.123932 -16.562280 0.075362 
801 9.481820 0.000000 0.939102 96.172686 -0.370093 29.754550 -0.013466 
802 9.481820 0.000000 0.856922 95.772069 0.597207 -0.614601 0.082698 
803 9.567192 0.000000 0.939102 139.413852 -0.584595 -41.101116 -1.112587 
804 9.481820 0.000000 1.021281 100.290891 -0.136192 26.314108 -0.075071 
805 9.054958 0.000000 1.185641 100.216517 -0.027510 1.991681 -0.004732 
806 9.054958 0.000000 1.350000 96.264049 -0.000000 1.885168 0.072968 
807 9.311075 0.000000 1.103461 92.346598 -0.041039 -3.540022 0.145957 
808 9.225703 0.000000 1.103461 98.951659 -0.041180 -7.925900 0.014575 
809 9.396448 0.000000 1.103461 92.259834 -0.015785 5.341312 0.145959 
810 9.311075 0.000000 1.185641 95.631182 -0.037560 0.225926 0.085462 
811 9.353761 0.000000 0.980191 86.515645 -0.168388 0.861681 0.251427 
812 9.311075 0.000000 0.980191 86.366395 -0.129545 -7.851923 0.247918 
813 9.353761 0.000000 0.939102 86.239029 -0.622447 2.208233 0.255757 
814 9.396448 0.000000 0.980191 86.819826 -0.223380 9.701640 0.236815 
815 9.353761 0.000000 1.021281 88.530132 0.092202 -0.501095 0.216216 
816 8.969586 0.000000 0.939102 102.492252 0.487794 -9.354623 -0.059241 
817 9.054958 0.000000 0.939102 98.712924 0.246290 15.719225 0.000860 
818 8.969586 0.000000 1.021281 107.048854 -0.007976 -0.800291 -0.146010 
819 8.841527 0.000000 0.898012 31.867312 1.019746 70.521380 0.401017 
820 8.884213 0.000000 0.898012 98.625879 1.943747 49.693771 -0.220031 
821 8.841527 0.000000 0.939102 106.756793 0.848510 55.726577 -0.450318 
822 10.762405 0.000000 1.514359 98.932963 0.000000 1.750367 0.020921 
823 10.591661 0.000000 1.514359 98.448420 -0.000000 1.660868 0.030515 
824 10.933150 0.000000 1.514359 98.911275 -1.369041 1.774979 0.021153 
825 10.762405 0.000000 1.678719 98.709369 0.000000 1.659357 0.025371 
826 10.677033 0.000000 1.267820 99.721602 0.000000 4.235533 0.003766 
827 10.591661 0.000000 1.267820 98.982302 0.114498 4.361072 0.018347 
828 10.762405 0.000000 1.267820 100.125554 0.000000 4.039551 -0.004144 
829 10.677033 0.000000 1.350000 99.416166 0.000000 2.684327 0.010922 
830 9.908682 0.000000 1.678719 97.744818 -0.000000 0.550804 0.044565 
831 9.908682 0.000000 2.007437 97.935358 0.000000 0.996195 0.040767 
832 10.420916 0.000000 1.514359 97.759213 -0.000000 1.429531 0.044109 
833 10.250171 0.000000 1.514359 97.509868 0.000000 1.152720 0.049050 
834 10.420916 0.000000 1.678719 98.089165 -0.000000 1.144846 0.037720 
835 10.506288 0.000000 1.267820 98.169044 0.193450 3.995831 0.034683 
836 10.420916 0.000000 1.267820 97.686300 0.325778 3.113496 0.044759 
837 10.506288 0.000000 1.350000 98.039483 -0.000000 2.483315 0.038209 
838 9.396448 0.000000 1.514359 97.585771 0.000000 0.573946 0.047669 
839 9.225703 0.000000 1.514359 97.082179 0.000000 0.774760 0.057445 
840 9.567192 0.000000 1.514359 97.920299 0.000000 0.114716 0.041160 
841 9.396448 0.000000 1.678719 97.496917 0.000000 0.500338 0.049410 
842 9.311075 0.000000 1.267820 96.629110 -0.056688 0.736342 0.066227 
843 9.225703 0.000000 1.267820 97.345584 -0.047114 0.108004 0.052382 
844 9.396448 0.000000 1.267820 97.072395 -0.060942 1.845073 0.057354 
845 9.311075 0.000000 1.350000 97.138123 -0.043866 -0.007688 0.056418 
846 9.054958 0.000000 1.514359 93.212016 -0.000000 2.321925 0.130613 
847 8.884213 0.000000 1.514359 99.064688 1.441559 0.524649 0.018383 
848 9.054958 0.000000 1.678719 91.587811 -0.000000 2.592185 0.160495 
849 8.969586 0.000000 1.267820 95.639747 -0.000000 3.900040 0.083783 
850 8.884213 0.000000 1.267820 94.251977 -0.000000 5.015202 0.109141 
851 8.969586 0.000000 1.185641 98.539522 -0.000000 4.766425 0.026724 
852 9.054958 0.000000 1.267820 97.902122 0.000000 1.902623 0.041155 
853 8.969586 0.000000 1.350000 93.382837 -0.000000 3.735282 0.126569 
854 10.677033 0.000000 1.432180 98.773652 0.000000 2.192261 0.023896 
855 10.591661 0.000000 1.432180 98.277519 -0.000000 2.122758 0.033702 
856 10.762405 0.000000 1.432180 98.815995 0.000000 2.165731 0.023071 
857 10.677033 0.000000 1.514359 98.775338 0.000000 1.738996 0.024041 
858 10.506288 0.000000 1.432180 97.783353 -0.000000 2.012166 0.043437 
859 10.420916 0.000000 1.432180 97.459231 -0.000000 1.804157 0.049844 
860 10.506288 0.000000 1.514359 98.017680 -0.000000 1.507616 0.039026 
861 8.713469 0.000000 1.514359 98.952479 0.678491 0.757261 0.020737 
862 8.542724 0.000000 1.514359 98.649165 0.236901 0.459837 0.026807 
863 8.713469 0.000000 1.678719 99.457229 0.392921 0.292014 0.010802 
864 8.969586 0.000000 1.432180 92.607711 -0.000000 3.181064 0.141369 
865 8.884213 0.000000 1.432180 99.252638 1.896436 1.048859 0.014422 
866 9.054958 0.000000 1.432180 94.939235 -0.000000 1.883563 0.098299 
867 8.969586 0.000000 1.514359 91.661897 -0.000000 3.039577 0.158886 
868 27.324645 0.000000 64.463992 99.774073 0.005033 6.939445 -0.000302 
869 5.469318 0.000000 64.463992 99.777134 0.003876 6.952798 -0.000382 
870 49.179972 0.000000 64.463992 99.768855 0.005914 6.931545 -0.000187 
871 27.324645 0.000000 85.501989 99.767101 0.003496 6.956908 -0.000187 
872 16.396982 0.000000 32.906996 99.807155 0.008855 6.838899 -0.000824 
873 5.469318 0.000000 32.906996 99.817980 0.005039 6.884130 -0.001102 
874 27.324645 0.000000 32.906996 99.803404 0.011831 6.805673 -0.000704 
875 16.396982 0.000000 43.425995 99.798095 0.007428 6.901059 -0.000728 
876 10.933150 0.000000 17.128498 99.829397 0.050497 6.497636 -0.000813 
877 5.469318 0.000000 17.128498 99.852739 0.030330 6.608225 -0.001424 
878 16.396982 0.000000 17.128498 99.846223 0.052362 6.413046 -0.001040 
879 10.933150 0.000000 22.387997 99.833295 0.015729 6.705934 -0.001166 
880 8.201234 0.000000 9.239249 100.240360 0.376511 5.482774 -0.007833 
881 5.469318 0.000000 9.239249 100.524825 0.327706 5.841014 -0.013947 
882 10.933150 0.000000 9.239249 99.950448 0.287139 5.400238 -0.001934 
883 8.201234 0.000000 11.868999 100.130772 0.115130 6.033447 -0.006259 
884 9.567192 0.000000 5.294624 100.536505 0.921810 3.331722 -0.011954 
885 8.201234 0.000000 5.294624 100.853191 0.750060 3.400960 -0.018350 
886 10.933150 0.000000 5.294624 100.184409 0.766047 3.576883 -0.005030 
887 9.567192 0.000000 6.609499 100.523090 0.518611 4.254468 -0.012326 
888 8.884213 0.000000 3.322312 100.095982 1.033127 2.011689 -0.002432 
889 8.201234 0.000000 3.322312 100.574694 0.823528 1.441419 -0.011803 
890 9.567192 0.000000 3.322312 86.655123 -0.000000 7.184920 0.243927 
891 8.884213 0.000000 3.979750 100.358938 0.429471 2.383323 -0.007778 
892 9.225703 0.000000 2.336156 88.771153 -0.000000 4.488356 0.209954 
893 8.884213 0.000000 2.336156 99.859455 0.761800 0.650580 0.002709 
894 9.567192 0.000000 2.336156 97.064229 0.000000 1.593247 0.057600 
895 9.225703 0.000000 2.664875 99.865008 1.536820 1.302174 0.002292 
896 9.396448 0.000000 1.843078 97.256421 0.000000 0.677159 0.054073 
897 9.225703 0.000000 1.843078 94.234535 -0.000000 1.678574 0.111703 
898 9.567192 0.000000 1.843078 97.766584 0.000000 0.631957 0.044130 
899 9.396448 0.000000 2.007437 97.042176 0.000000 1.001380 0.058181 
900 9.311075 0.000000 1.596539 96.903151 0.000000 0.826921 0.060910 
901 9.225703 0.000000 1.596539 96.441247 0.000000 1.020131 0.069805 
902 9.311075 0.000000 1.514359 97.301671 0.000000 0.630033 0.053199 
903 9.396448 0.000000 1.596539 97.270023 0.000000 0.528874 0.053826 
904 9.311075 0.000000 1.678719 97.153433 0.000000 0.714853 0.056070 
905 9.054958 0.000000 1.843078 90.073688 -0.000000 3.123279 0.187698 
906 8.884213 0.000000 1.843078 99.467787 0.698029 0.102716 0.010566 
907 9.054958 0.000000 2.007437 99.382678 1.627396 0.195121 0.012040 
908 9.311075 0.000000 1.760898 97.472097 0.000000 0.693397 0.049871 
909 9.225703 0.000000 1.760898 96.028071 0.000000 1.166522 0.077725 
910 9.396448 0.000000 1.760898 97.779243 0.000000 0.521302 0.043895 
911 9.311075 0.000000 1.843078 96.696670 0.000000 0.846935 0.064904 
912 10.250171 0.000000 3.322312 99.582616 0.000000 4.384124 0.006408 
913 10.933150 0.000000 3.322312 100.017973 -2.786987 2.287373 -0.001659 
914 10.250171 0.000000 3.979750 100.170099 1.098450 2.518850 -0.004160 
915 9.908682 0.000000 2.336156 98.042193 0.000000 1.619325 0.038511 
916 10.250171 0.000000 2.336156 98.324403 0.000000 1.728641 0.032932 
917 9.908682 0.000000 2.664875 97.908280 0.000000 1.834439 0.041060 
918 9.737937 0.000000 1.843078 97.816825 0.000000 0.644287 0.043145 
919 9.737937 0.000000 1.678719 97.871746 0.000000 0.400315 0.042096 
920 9.908682 0.000000 1.843078 97.865911 0.000000 0.721941 0.042174 
921 9.737937 0.000000 2.007437 97.685452 0.000000 0.988045 0.045658 
922 9.481820 0.000000 1.760898 97.963727 0.000000 0.511380 0.040285 
923 9.481820 0.000000 1.678719 97.866580 0.000000 0.517043 0.042187 
924 9.567192 0.000000 1.760898 98.099660 0.000000 0.432678 0.037627 
925 9.481820 0.000000 1.843078 97.531483 0.000000 0.621791 0.048722 
926 9.353761 0.000000 1.719809 97.777729 0.000000 0.615760 0.043914 
927 9.311075 0.000000 1.719809 97.596789 0.000000 0.706436 0.047437 
928 9.353761 0.000000 1.678719 97.366019 0.000000 0.665302 0.051942 
929 9.396448 0.000000 1.719809 97.856217 0.000000 0.489462 0.042392 
930 9.353761 0.000000 1.760898 97.660296 0.000000 0.593459 0.046211 
931 10.591661 0.000000 2.336156 98.530009 -0.000000 1.900640 0.028822 
932 10.933150 0.000000 2.336156 99.149524 -1.330540 1.878675 0.016407 
933 10.591661 0.000000 2.664875 99.074871 -0.000000 2.404082 0.017839 
934 10.762405 0.000000 1.843078 98.698371 0.000000 1.562020 0.025619 
935 10.591661 0.000000 1.843078 98.444306 -0.000000 1.406845 0.030674 
936 10.933150 0.000000 1.843078 98.848874 -1.009243 1.849740 0.022446 
937 10.762405 0.000000 2.007437 98.698737 0.000000 1.719725 0.025560 
938 10.420916 0.000000 1.843078 98.240495 -0.000000 1.190417 0.034739 
939 10.250171 0.000000 1.843078 98.116029 0.000000 1.153362 0.037191 
940 10.420916 0.000000 2.007437 98.258239 -0.000000 1.335435 0.034353 
941 10.677033 0.000000 1.760898 98.929799 0.000000 1.440803 0.021082 
942 10.591661 0.000000 1.760898 98.739859 -0.000000 1.320977 0.024870 
943 10.677033 0.000000 1.678719 98.621953 0.000000 1.527841 0.027138 
944 10.762405 0.000000 1.760898 99.036503 0.000000 1.521642 0.018946 
945 10.677033 0.000000 1.843078 98.625175 0.000000 1.523761 0.027075 
946 10.506288 0.000000 1.760898 98.548451 -0.000000 1.166194 0.028684 
947 10.420916 0.000000 1.760898 98.472430 -0.000000 1.109196 0.030195 
948 10.506288 0.000000 1.678719 98.179185 -0.000000 1.200824 0.035941 
949 10.506288 0.000000 1.843078 98.285545 -0.000000 1.225099 0.033845 
950 9.140330 0.000000 1.760898 93.171833 -0.000000 2.141304 0.131442 
951 9.054958 0.000000 1.760898 91.881491 -0.000000 2.631283 0.155087 
952 9.140330 0.000000 1.678719 94.460328 -0.000000 1.605029 0.107467 
953 9.140330 0.000000 1.843078 91.201159 -0.000000 2.781774 0.167461 
954 13.665066 0.000000 9.239249 99.926328 0.228176 5.328653 -0.001372 
955 16.396982 0.000000 9.239249 99.831726 0.180040 5.392201 0.000452 
956 13.665066 0.000000 11.868999 99.881142 0.102454 5.894737 -0.001100 
957 12.299108 0.000000 5.294624 99.914109 0.644233 3.861696 0.000184 
958 13.665066 0.000000 5.294624 99.760235 0.395326 4.096453 0.003096 
959 12.299108 0.000000 6.609499 99.830910 0.337777 4.560749 0.001287 
960 11.616129 0.000000 3.322312 99.977064 -1.391713 2.021007 -0.000143 
961 12.299108 0.000000 3.322312 99.833452 -0.593694 1.498180 0.003068 
962 11.616129 0.000000 3.979750 99.962900 1.157313 2.947570 -0.000261 
963 11.274640 0.000000 2.336156 99.128755 -1.089828 2.256700 0.016721 
964 11.616129 0.000000 2.336156 99.225339 -1.029488 2.371398 0.014765 
965 11.274640 0.000000 2.664875 99.443278 -0.936870 2.251940 0.010509 
966 10.762405 0.000000 2.171797 98.894900 0.000000 1.709953 0.021687 
967 10.591661 0.000000 2.171797 98.689478 -0.000000 1.686557 0.025754 
968 10.933150 0.000000 2.171797 98.943117 -1.244911 1.850261 0.020529 
969 10.762405 0.000000 2.336156 98.769851 0.000000 1.890719 0.024094 
970 10.677033 0.000000 1.925258 98.675322 0.000000 1.620079 0.026056 
971 10.591661 0.000000 1.925258 98.532179 -0.000000 1.526450 0.028908 
972 10.762405 0.000000 1.925258 98.767789 0.000000 1.713006 0.024199 
973 10.677033 0.000000 2.007437 98.603063 0.000000 1.663836 0.027467 
974 10.420916 0.000000 2.171797 98.559061 -0.000000 1.428381 0.028407 
975 10.250171 0.000000 2.171797 98.429914 0.000000 1.390214 0.030962 
976 10.420916 0.000000 2.336156 98.395099 -0.000000 1.768864 0.031528 
977 10.506288 0.000000 1.925258 98.439660 -0.000000 1.314777 0.030790 
978 10.420916 0.000000 1.925258 98.406625 -0.000000 1.283011 0.031449 
979 10.506288 0.000000 2.007437 98.307642 -0.000000 1.374307 0.033372 
980 9.396448 0.000000 2.171797 96.538594 0.000000 1.461040 0.067817 
981 9.225703 0.000000 2.171797 91.171231 -0.000000 3.434542 0.167601 
982 9.567192 0.000000 2.171797 97.726118 0.000000 1.316593 0.044787 
983 9.396448 0.000000 2.336156 94.096816 -0.000000 2.729711 0.113834 
984 9.311075 0.000000 1.925258 96.812125 0.000000 1.177337 0.062603 
985 9.225703 0.000000 1.925258 94.059584 -0.000000 2.046824 0.114861 
986 9.396448 0.000000 1.925258 97.384615 0.000000 0.963368 0.051531 
987 9.311075 0.000000 2.007437 95.776648 -0.000000 1.496132 0.082460 
988 8.542724 0.000000 2.336156 99.958987 0.609110 0.442154 0.000763 
989 8.201234 0.000000 2.336156 100.053700 0.471807 0.276279 -0.001104 
990 8.542724 0.000000 2.664875 100.048425 0.652801 0.830712 -0.001080 
991 9.054958 0.000000 2.171797 99.624969 1.267839 0.312681 0.007316 
992 8.884213 0.000000 2.171797 99.604319 0.820446 0.190262 0.007827 
993 9.054958 0.000000 2.336156 99.516696 1.243384 0.523400 0.009461 
994 9.140330 0.000000 1.925258 91.527926 -0.000000 2.869363 0.161441 
995 9.054958 0.000000 1.925258 99.394734 1.777063 0.217315 0.011748 
996 9.140330 0.000000 2.007437 90.491281 -0.000000 3.300348 0.180044 
997 9.311075 0.000000 2.089617 94.970821 -0.000000 1.933244 0.097681 
998 9.225703 0.000000 2.089617 91.880868 -0.000000 3.015363 0.154881 
999 9.396448 0.000000 2.089617 96.965773 0.000000 1.288514 0.059598 
1000 9.311075 0.000000 2.171797 94.234551 -0.000000 2.295655 0.111458 
1001 9.737937 0.000000 2.171797 97.981484 0.000000 1.321630 0.039788 
1002 9.908682 0.000000 2.171797 98.203264 0.000000 1.353812 0.035429 
1003 9.737937 0.000000 2.336156 97.677744 0.000000 1.579187 0.045656 
1004 9.481820 0.000000 2.089617 97.482694 0.000000 1.125284 0.049586 
1005 9.481820 0.000000 2.007437 97.283773 0.000000 0.876344 0.053510 
1006 9.567192 0.000000 2.089617 97.697432 0.000000 1.227928 0.045370 
1007 9.481820 0.000000 2.171797 97.486106 0.000000 1.304751 0.049476 
1008 9.225703 0.000000 2.993594 99.855916 1.555796 1.886833 0.002282 
1009 8.884213 0.000000 2.993594 100.105020 1.002628 1.409337 -0.002401 
1010 9.567192 0.000000 2.993594 90.653859 -0.000000 5.087168 0.175600 
1011 9.225703 0.000000 3.322312 100.151374 1.328753 1.920891 -0.003575 
1012 9.396448 0.000000 2.500515 91.223995 -0.000000 4.063811 0.166167 
1013 9.225703 0.000000 2.500515 99.536703 2.031677 0.859677 0.008758 
1014 9.567192 0.000000 2.500515 96.973903 0.000000 2.063957 0.059180 
1015 9.396448 0.000000 2.664875 89.659482 -0.000000 4.869530 0.193746 
1016 9.311075 0.000000 2.253976 92.278441 -0.000000 3.105862 0.147504 
1017 9.225703 0.000000 2.253976 90.852808 -0.000000 3.615052 0.173270 
1018 9.396448 0.000000 2.253976 95.666878 0.000000 1.891924 0.084427 
1019 9.311075 0.000000 2.336156 90.253596 -0.000000 3.975378 0.183848 
1020 9.353761 0.000000 2.130707 96.007091 0.000000 1.621027 0.078001 
1021 9.311075 0.000000 2.130707 94.102637 -0.000000 2.356889 0.113914 
1022 9.353761 0.000000 2.089617 96.303239 0.000000 1.426652 0.072365 
1023 9.396448 0.000000 2.130707 96.831847 0.000000 1.445933 0.062150 
1024 9.353761 0.000000 2.171797 95.343742 -0.000000 1.852969 0.090614 
1025 9.481820 0.000000 2.253976 96.961677 0.000000 1.506185 0.059616 
1026 9.567192 0.000000 2.253976 97.351014 0.000000 1.394226 0.052084 
1027 9.481820 0.000000 2.336156 96.650436 0.000000 1.849353 0.065527 
1028 9.353761 0.000000 2.212887 94.690341 -0.000000 2.102776 0.102932 
1029 9.311075 0.000000 2.212887 93.146303 -0.000000 2.724601 0.131634 
1030 9.396448 0.000000 2.212887 96.093478 0.000000 1.584649 0.076353 
1031 9.353761 0.000000 2.253976 93.781534 -0.000000 2.576005 0.119839 
1032 10.591661 0.000000 2.993594 99.158464 -0.000000 3.206761 0.015732 
1033 10.250171 0.000000 2.993594 98.795553 0.000000 2.988916 0.023051 
1034 10.933150 0.000000 2.993594 99.579652 -0.519665 2.155484 0.007898 
1035 10.591661 0.000000 3.322312 99.748518 -0.000000 4.595400 0.002912 
1036 10.762405 0.000000 2.500515 99.243312 0.000000 2.117622 0.014628 
1037 10.591661 0.000000 2.500515 99.006517 -0.000000 2.170603 0.019300 
1038 10.933150 0.000000 2.500515 99.292584 -1.104699 1.936614 0.013601 
1039 10.762405 0.000000 2.664875 99.282027 0.000000 2.310286 0.013774 
1040 10.677033 0.000000 2.253976 98.727728 0.000000 1.788379 0.024964 
1041 10.591661 0.000000 2.253976 98.595285 -0.000000 1.792001 0.027576 
1042 10.677033 0.000000 2.171797 98.814651 0.000000 1.695639 0.023279 
1043 10.762405 0.000000 2.253976 98.819780 0.000000 1.785325 0.023146 
1044 10.677033 0.000000 2.336156 98.666289 0.000000 1.907181 0.026133 
1045 10.420916 0.000000 2.500515 98.677209 -0.000000 2.028987 0.025869 
1046 10.250171 0.000000 2.500515 98.612051 0.000000 2.004732 0.027164 
1047 10.420916 0.000000 2.664875 98.583112 -0.000000 2.226238 0.027641 
1048 10.506288 0.000000 2.253976 98.496926 -0.000000 1.630406 0.029570 
1049 10.420916 0.000000 2.253976 98.473441 -0.000000 1.602317 0.030041 
1050 10.506288 0.000000 2.171797 98.558853 -0.000000 1.496122 0.028391 
1051 10.506288 0.000000 2.336156 98.454430 -0.000000 1.766192 0.030361 
1052 9.908682 0.000000 2.993594 98.259702 0.000000 2.796295 0.033721 
1053 9.908682 0.000000 3.322312 98.870226 0.000000 4.013979 0.020857 
1054 9.737937 0.000000 2.500515 97.794623 0.000000 1.779132 0.043305 
1055 9.908682 0.000000 2.500515 98.195845 0.000000 1.734837 0.035457 
1056 9.737937 0.000000 2.664875 97.477696 0.000000 1.991147 0.049413 
1057 9.481820 0.000000 2.418336 96.390139 0.000000 1.975443 0.070504 
1058 9.396448 0.000000 2.418336 93.381317 -0.000000 3.096099 0.127034 
1059 9.567192 0.000000 2.418336 96.914032 0.000000 1.759305 0.060458 
1060 9.481820 0.000000 2.500515 94.629666 -0.000000 2.814788 0.103730 
1061 9.439134 0.000000 2.295066 96.514795 0.000000 1.750655 0.068183 
1062 9.396448 0.000000 2.295066 94.998198 -0.000000 2.256584 0.097025 
1063 9.439134 0.000000 2.253976 96.603373 0.000000 1.618000 0.066517 
1064 9.481820 0.000000 2.295066 96.910203 0.000000 1.608898 0.060582 
1065 9.439134 0.000000 2.336156 96.189077 0.000000 2.040933 0.074350 
1066 9.054958 0.000000 2.500515 99.821312 1.036803 1.003008 0.003362 
1067 8.884213 0.000000 2.500515 99.832751 0.693260 0.849169 0.003222 
1068 9.054958 0.000000 2.664875 99.887145 1.073868 1.204419 0.001995 
1069 9.311075 0.000000 2.418336 90.083575 -0.000000 4.049792 0.186855 
1070 9.225703 0.000000 2.418336 99.479907 2.368819 0.787297 0.009752 
1071 9.311075 0.000000 2.500515 89.125717 -0.000000 4.703752 0.203448 
1072 9.439134 0.000000 2.377246 95.358064 -0.000000 2.348019 0.090133 
1073 9.396448 0.000000 2.377246 94.139921 -0.000000 2.796240 0.112986 
1074 9.481820 0.000000 2.377246 96.493092 0.000000 1.928193 0.068537 
1075 9.439134 0.000000 2.418336 94.846387 -0.000000 2.600789 0.099740 
1076 9.652565 0.000000 2.418336 97.432346 0.000000 1.666772 0.050416 
1077 9.652565 0.000000 2.336156 97.472567 0.000000 1.612010 0.049650 
1078 9.737937 0.000000 2.418336 97.800397 0.000000 1.679581 0.043226 
1079 9.652565 0.000000 2.500515 97.551638 0.000000 1.871472 0.048018 
1080 9.524506 0.000000 2.377246 96.822342 0.000000 1.732535 0.062243 
1081 9.524506 0.000000 2.336156 96.910415 0.000000 1.684000 0.060554 
1082 9.567192 0.000000 2.377246 97.008021 0.000000 1.624895 0.058680 
1083 9.524506 0.000000 2.418336 96.613609 0.000000 1.855546 0.066237 
1084 9.460477 0.000000 2.356701 96.365226 0.000000 1.984615 0.070980 
1085 9.439134 0.000000 2.356701 95.896060 0.000000 2.152569 0.079931 
1086 9.460477 0.000000 2.336156 96.453775 0.000000 1.950245 0.069287 
1087 9.481820 0.000000 2.356701 96.529121 0.000000 1.906318 0.067849 
1088 9.460477 0.000000 2.377246 96.258491 0.000000 2.023502 0.073021 
1089 9.353761 0.000000 2.377246 92.275112 -0.000000 3.263700 0.147465 
1090 9.311075 0.000000 2.377246 91.158586 -0.000000 3.686255 0.167652 
1091 9.353761 0.000000 2.336156 92.789183 -0.000000 3.128445 0.138038 
1092 9.353761 0.000000 2.418336 89.425478 -0.000000 4.278787 0.198478 
1093 10.677033 0.000000 2.418336 98.667703 0.000000 1.979320 0.026077 
1094 10.591661 0.000000 2.418336 98.527741 -0.000000 1.996416 0.028830 
1095 10.762405 0.000000 2.418336 98.770844 0.000000 1.954336 0.024050 
1096 10.677033 0.000000 2.500515 99.168728 0.000000 2.165163 0.016088 
1097 10.506288 0.000000 2.418336 98.455815 -0.000000 1.840822 0.030306 
1098 10.420916 0.000000 2.418336 98.496805 -0.000000 1.858689 0.029492 
1099 10.506288 0.000000 2.500515 98.733074 -0.000000 2.040225 0.024762 
1100 9.396448 0.000000 2.829234 87.206187 -0.000000 5.839445 0.236098 
1101 9.225703 0.000000 2.829234 99.664391 1.718316 1.830801 0.006070 
1102 9.567192 0.000000 2.829234 93.442587 -0.000000 3.797441 0.125406 
1103 9.396448 0.000000 2.993594 99.884377 2.486047 1.816793 0.001363 
1104 9.481820 0.000000 2.582695 94.083848 -0.000000 3.067949 0.113882 
1105 9.396448 0.000000 2.582695 90.790018 -0.000000 4.359514 0.173817 
1106 9.567192 0.000000 2.582695 96.651029 0.000000 2.336060 0.065312 
1107 9.481820 0.000000 2.664875 93.490620 -0.000000 3.510248 0.124718 
1108 9.524506 0.000000 2.459426 96.626379 0.000000 2.053405 0.065913 
1109 9.481820 0.000000 2.459426 95.906467 0.000000 2.258720 0.079685 
1110 9.567192 0.000000 2.459426 96.948851 0.000000 1.949265 0.059712 
1111 9.524506 0.000000 2.500515 96.416054 0.000000 2.213951 0.069904 
1112 9.439134 0.000000 2.459426 94.037796 -0.000000 2.963275 0.114811 
1113 9.396448 0.000000 2.459426 92.691070 -0.000000 3.370667 0.139700 
1114 9.439134 0.000000 2.500515 93.537720 -0.000000 3.213265 0.124037 
1115 9.737937 0.000000 2.829234 97.815293 0.000000 2.683001 0.042497 
1116 9.908682 0.000000 2.829234 98.458205 0.000000 2.544367 0.029951 
1117 9.737937 0.000000 2.993594 97.344503 0.000000 2.850140 0.051592 
1118 9.652565 0.000000 2.582695 97.352537 0.000000 2.079089 0.051816 
1119 9.737937 0.000000 2.582695 97.621072 0.000000 1.900272 0.046652 
1120 9.652565 0.000000 2.664875 97.071774 -0.000000 2.145725 0.057247 
1121 9.524506 0.000000 2.541605 95.980819 0.000000 2.406904 0.078189 
1122 9.481820 0.000000 2.541605 93.600485 -0.000000 3.257697 0.122834 
1123 9.567192 0.000000 2.541605 96.860622 0.000000 2.260459 0.061291 
1124 9.524506 0.000000 2.582695 95.700232 0.000000 2.537490 0.083503 
1125 9.503163 0.000000 2.479971 96.223352 0.000000 2.207976 0.073619 
1126 9.481820 0.000000 2.479971 95.402894 -0.000000 2.474968 0.089216 
1127 9.503163 0.000000 2.459426 96.267465 0.000000 2.170461 0.072786 
1128 9.524506 0.000000 2.479971 96.533732 0.000000 2.119919 0.067674 
1129 9.503163 0.000000 2.500515 95.967329 0.000000 2.327695 0.078485 
1130 9.311075 0.000000 2.582695 88.194193 -0.000000 5.441483 0.219217 
1131 9.225703 0.000000 2.582695 99.606157 1.781435 0.945713 0.007455 
1132 9.311075 0.000000 2.664875 99.384072 2.511921 1.424112 0.011447 
1133 9.439134 0.000000 2.541605 92.469947 -0.000000 3.670142 0.143584 
1134 9.396448 0.000000 2.541605 90.737564 -0.000000 4.355903 0.174772 
1135 9.439134 0.000000 2.582695 92.252516 -0.000000 3.782654 0.147516 
1136 9.460477 0.000000 2.479971 94.829884 -0.000000 2.711127 0.099994 
1137 9.439134 0.000000 2.479971 94.185547 -0.000000 2.942171 0.112043 
1138 9.460477 0.000000 2.459426 94.865268 -0.000000 2.668550 0.099346 
1139 9.460477 0.000000 2.500515 94.258957 -0.000000 2.949258 0.110655 
1140 9.503163 0.000000 2.438881 96.328383 0.000000 2.088149 0.071648 
1141 9.481820 0.000000 2.438881 95.919625 0.000000 2.215120 0.079452 
1142 9.503163 0.000000 2.418336 96.474272 0.000000 1.944973 0.068893 
1143 9.524506 0.000000 2.438881 96.548533 0.000000 2.009958 0.067434 
1144 9.492491 0.000000 2.469698 96.019806 0.000000 2.236888 0.077519 
1145 9.481820 0.000000 2.469698 96.110530 -0.000000 2.171700 0.075805 
1146 9.492491 0.000000 2.459426 96.139223 0.000000 2.192872 0.075244 
1147 9.503163 0.000000 2.469698 96.270614 0.000000 2.182915 0.072720 
1148 9.492491 0.000000 2.479971 96.014646 0.000000 2.262683 0.077607 
1149 11.274640 0.000000 2.993594 99.532470 -0.239992 2.040356 0.008907 
1150 11.616129 0.000000 2.993594 99.517881 -1.641313 2.402914 0.008772 
1151 11.274640 0.000000 3.322312 100.011759 -1.900735 2.147371 -0.001058 
1152 10.762405 0.000000 2.829234 99.204071 0.000000 2.496169 0.015232 
1153 10.591661 0.000000 2.829234 99.104736 -0.000000 2.734505 0.017077 
1154 10.933150 0.000000 2.829234 99.481748 -1.383173 2.149469 0.009685 
1155 10.762405 0.000000 2.993594 99.375140 0.000000 2.798862 0.011675 
1156 10.677033 0.000000 2.582695 99.311855 0.000000 2.288459 0.013192 
1157 10.591661 0.000000 2.582695 99.142425 -0.000000 2.287821 0.016555 
1158 10.762405 0.000000 2.582695 99.391231 0.000000 2.225439 0.011643 
1159 10.677033 0.000000 2.664875 99.203698 0.000000 2.421711 0.015276 
1160 10.420916 0.000000 2.829234 99.068013 0.000000 2.784378 0.017778 
1161 10.250171 0.000000 2.829234 98.913261 0.000000 2.741657 0.020865 
1162 10.420916 0.000000 2.993594 98.982653 0.000000 3.074720 0.019298 
1163 10.677033 0.000000 2.747055 99.114085 0.000000 2.485473 0.017022 
1164 10.591661 0.000000 2.747055 98.986518 -0.000000 2.514541 0.019535 
1165 10.762405 0.000000 2.747055 99.181746 0.000000 2.369896 0.015736 
1166 10.677033 0.000000 2.829234 99.140777 0.000000 2.653698 0.016406 
1167 9.481820 0.000000 2.747055 91.510628 -0.000000 4.368560 0.160672 
1168 9.396448 0.000000 2.747055 89.311014 -0.000000 5.092833 0.199761 
1169 9.567192 0.000000 2.747055 94.995923 -0.000000 3.192771 0.096558 
1170 9.481820 0.000000 2.829234 89.443909 -0.000000 5.108539 0.197369 
1171 6.835276 0.000000 5.294624 101.241967 0.494407 3.689110 -0.026379 
1172 5.469318 0.000000 5.294624 101.739166 0.310062 4.374284 -0.037009 
1173 6.835276 0.000000 6.609499 101.327872 0.474758 4.503689 -0.028785 
1174 7.518255 0.000000 3.322312 100.676476 0.636294 1.308767 -0.013787 
1175 6.835276 0.000000 3.322312 101.300712 0.154432 1.241499 -0.026340 
1176 7.518255 0.000000 3.979750 101.165978 0.177604 2.040302 -0.023875 
1177 8.542724 0.000000 2.993594 100.289289 0.805580 1.235577 -0.006012 
1178 8.201234 0.000000 2.993594 100.412400 0.850753 1.047613 -0.008447 
1179 8.542724 0.000000 3.322312 100.445503 0.828339 1.560897 -0.009242 
1180 9.054958 0.000000 2.829234 99.983713 0.987791 1.361743 0.000043 
1181 8.884213 0.000000 2.829234 100.043353 0.858031 1.211676 -0.001088 
1182 9.054958 0.000000 2.993594 99.966793 1.169088 1.587167 0.000275 
1183 9.311075 0.000000 2.747055 99.640363 2.051228 1.778427 0.006443 
1184 9.225703 0.000000 2.747055 99.677199 1.660061 1.715206 0.005876 
1185 9.311075 0.000000 2.829234 99.707096 2.227193 1.718914 0.005058 
1186 9.439134 0.000000 2.705965 89.883640 -0.000000 4.856979 0.189734 
1187 9.396448 0.000000 2.705965 89.162133 -0.000000 5.116463 0.202394 
1188 9.439134 0.000000 2.664875 88.130209 -0.000000 5.458271 0.220327 
1189 9.481820 0.000000 2.705965 92.224913 -0.000000 4.058568 0.147809 
1190 9.439134 0.000000 2.747055 89.764842 -0.000000 4.956645 0.191770 
1191 10.250171 0.000000 4.637187 100.280983 0.479598 3.099589 -0.006611 
1192 9.567192 0.000000 4.637187 100.064007 0.638519 3.010031 -0.002227 
1193 10.933150 0.000000 4.637187 100.231692 0.723161 3.168505 -0.005695 
1194 10.250171 0.000000 5.294624 100.301786 0.822942 3.513553 -0.007347 
1195 10.591661 0.000000 3.651031 100.075904 3.805072 2.443054 -0.003563 
1196 10.250171 0.000000 3.651031 100.043195 3.925469 2.492168 -0.003026 
1197 10.933150 0.000000 3.651031 99.965578 4.024578 2.759483 -0.001693 
1198 10.591661 0.000000 3.979750 100.086000 1.196697 2.729434 -0.002609 
1199 10.762405 0.000000 3.157953 99.311618 0.000000 3.225350 0.012680 
1200 10.591661 0.000000 3.157953 99.375265 -0.000000 3.879180 0.010951 
1201 10.933150 0.000000 3.157953 99.599814 -1.184138 2.350935 0.007295 
1202 10.762405 0.000000 3.322312 99.633498 0.000000 3.940999 0.005763 
1203 10.677033 0.000000 2.911414 99.232258 0.000000 2.956633 0.014422 
1204 10.591661 0.000000 2.911414 99.172940 -0.000000 2.981313 0.015584 
1205 10.762405 0.000000 2.911414 99.312938 0.000000 2.779617 0.012921 
1206 10.677033 0.000000 2.993594 99.273794 0.000000 3.058557 0.013536 
1207 8.884213 0.000000 4.637187 100.250196 0.603067 2.888880 -0.005881 
1208 8.201234 0.000000 4.637187 100.450975 0.348462 2.963740 -0.009930 
1209 8.884213 0.000000 5.294624 100.623053 0.897976 3.428443 -0.013756 
1210 9.225703 0.000000 3.651031 100.173308 1.139326 2.214759 -0.004089 
1211 8.884213 0.000000 3.651031 100.265859 0.885840 2.201911 -0.005888 
1212 9.567192 0.000000 3.651031 100.133685 1.706302 2.328120 -0.003509 
1213 9.225703 0.000000 3.979750 100.267284 0.680536 2.454531 -0.006002 
1214 9.396448 0.000000 3.157953 100.078623 1.935652 1.880011 -0.002301 
1215 9.225703 0.000000 3.157953 100.039384 1.348234 1.863173 -0.001317 
1216 9.567192 0.000000 3.157953 90.024375 -0.000000 5.467700 0.186572 
1217 9.396448 0.000000 3.322312 100.155139 1.675857 1.967742 -0.003773 
1218 9.481820 0.000000 2.911414 89.159428 -0.000000 5.302388 0.202248 
1219 9.396448 0.000000 2.911414 99.843319 2.768111 1.752873 0.002058 
1220 9.567192 0.000000 2.911414 92.998541 -0.000000 3.966438 0.133554 
1221 9.481820 0.000000 2.993594 88.417587 -0.000000 5.849601 0.214811 
1222 9.908682 0.000000 3.651031 100.046011 3.199366 2.464224 -0.002551 
1223 9.908682 0.000000 3.979750 100.150677 1.034268 2.574679 -0.003786 
1224 9.737937 0.000000 3.157953 97.218156 0.000000 3.547126 0.053605 
1225 9.908682 0.000000 3.157953 98.565189 0.000000 3.401297 0.027333 
1226 9.737937 0.000000 3.322312 94.640319 -0.000000 4.686264 0.102125 
1227 9.652565 0.000000 2.911414 96.457365 0.000000 2.969791 0.068716 
1228 9.652565 0.000000 2.829234 96.907683 0.000000 2.854414 0.060075 
1229 9.737937 0.000000 2.911414 97.728029 0.000000 2.733887 0.044176 
1230 9.652565 0.000000 2.993594 94.941935 -0.000000 3.539555 0.097350 
1231 9.524506 0.000000 2.870324 91.535946 -0.000000 4.393321 0.160187 
1232 9.481820 0.000000 2.870324 90.194445 -0.000000 4.899004 0.184096 
1233 9.524506 0.000000 2.829234 91.851217 -0.000000 4.300093 0.154486 
1234 9.567192 0.000000 2.870324 93.635860 -0.000000 3.721275 0.121848 
1235 9.524506 0.000000 2.911414 86.903602 -0.000000 6.261105 0.240856 
1236 10.420916 0.000000 3.157953 99.193915 0.000000 3.739197 0.014659 
1237 10.250171 0.000000 3.157953 98.984588 0.000000 3.591444 0.018915 
1238 10.420916 0.000000 3.322312 99.724343 0.000000 4.567609 0.003419 
1239 10.677033 0.000000 3.075773 99.268866 0.000000 3.263850 0.013504 
1240 10.591661 0.000000 3.075773 99.177686 -0.000000 3.456420 0.015184 
1241 10.762405 0.000000 3.075773 99.343741 0.000000 2.984554 0.012191 
1242 10.677033 0.000000 3.157953 99.308405 0.000000 3.677804 0.012431 
1243 9.652565 0.000000 3.075773 94.290455 -0.000000 3.918291 0.109396 
1244 9.567192 0.000000 3.075773 90.751142 -0.000000 5.142793 0.173778 
1245 9.737937 0.000000 3.075773 97.278844 0.000000 3.093874 0.052725 
1246 9.652565 0.000000 3.157953 93.747902 -0.000000 4.416243 0.119183 
1247 9.481820 0.000000 3.075773 86.193492 -0.000000 6.849804 0.252376 
1248 9.396448 0.000000 3.075773 99.918317 2.169588 1.872567 0.000812 
1249 9.481820 0.000000 3.157953 100.055498 2.683275 1.924336 -0.002201 
1250 9.609878 0.000000 3.034683 92.628035 -0.000000 4.440030 0.140033 
1251 9.567192 0.000000 3.034683 90.569151 -0.000000 5.203271 0.177015 
1252 9.609878 0.000000 2.993594 93.686428 -0.000000 3.967407 0.120711 
1253 9.652565 0.000000 3.034683 93.773939 -0.000000 4.045018 0.119009 
1254 9.609878 0.000000 3.075773 91.843046 -0.000000 4.772576 0.154208 
1255 9.524506 0.000000 3.034683 89.576495 -0.000000 5.556437 0.194518 
1256 9.481820 0.000000 3.034683 88.456734 -0.000000 6.016416 0.213921 
1257 9.524506 0.000000 2.993594 90.097172 -0.000000 5.246564 0.185497 
1258 9.524506 0.000000 3.075773 88.903032 -0.000000 5.820460 0.206237 
1259 9.737937 0.000000 3.486672 92.393178 -0.000000 5.476588 0.143351 
1260 9.567192 0.000000 3.486672 100.178409 2.191951 2.210052 -0.004540 
1261 9.908682 0.000000 3.486672 98.664752 0.000000 4.262748 0.024710 
1262 9.737937 0.000000 3.651031 100.073955 2.315872 2.418847 -0.002601 
1263 9.652565 0.000000 3.240133 91.814109 -0.000000 5.203625 0.154309 
1264 9.567192 0.000000 3.240133 89.212211 -0.000000 5.798990 0.200755 
1265 9.737937 0.000000 3.240133 95.783455 -0.000000 4.233337 0.080761 
1266 9.652565 0.000000 3.322312 90.469097 -0.000000 5.838151 0.178126 
1267 9.609878 0.000000 3.116863 90.838698 -0.000000 5.172066 0.172158 
1268 9.567192 0.000000 3.116863 89.695046 -0.000000 5.548316 0.192401 
1269 9.652565 0.000000 3.116863 93.530592 -0.000000 4.311469 0.123344 
1270 9.609878 0.000000 3.157953 91.062073 -0.000000 5.175809 0.168091 
1271 9.588535 0.000000 3.055228 91.597310 -0.000000 4.854740 0.158636 
1272 9.567192 0.000000 3.055228 90.721591 -0.000000 5.144176 0.174313 
1273 9.588535 0.000000 3.034683 91.692696 -0.000000 4.782722 0.156958 
1274 9.609878 0.000000 3.055228 93.022198 -0.000000 4.323725 0.132818 
1275 9.588535 0.000000 3.075773 91.032648 -0.000000 5.049955 0.168755 
1276 10.079427 0.000000 3.157953 98.825044 0.000000 3.476027 0.022153 
1277 10.079427 0.000000 2.993594 98.617546 0.000000 2.877908 0.026630 
1278 10.079427 0.000000 3.322312 99.359620 0.000000 4.224701 0.010982 
1279 9.823309 0.000000 3.075773 97.876096 0.000000 2.975034 0.041142 
1280 9.823309 0.000000 2.993594 97.911574 0.000000 2.828956 0.040532 
1281 9.908682 0.000000 3.075773 98.231498 0.000000 2.990033 0.034163 
1282 9.823309 0.000000 3.157953 98.185899 0.000000 3.357546 0.034826 
1283 9.695251 0.000000 3.116863 95.264690 -0.000000 3.842406 0.090987 
1284 9.695251 0.000000 3.075773 96.139494 0.000000 3.383181 0.074575 
1285 9.737937 0.000000 3.116863 97.117332 0.000000 3.361952 0.055692 
1286 9.695251 0.000000 3.157953 95.392156 -0.000000 3.950356 0.088473 
1287 9.396448 0.000000 3.486672 100.167278 1.538871 2.153206 -0.004049 
1288 9.225703 0.000000 3.486672 100.297072 1.187321 2.040186 -0.006507 
1289 9.396448 0.000000 3.651031 100.146293 1.416854 2.266001 -0.003642 
1290 9.481820 0.000000 3.240133 100.120177 2.460978 1.932972 -0.003384 
1291 9.396448 0.000000 3.240133 100.087328 1.953333 1.924972 -0.002499 
1292 9.481820 0.000000 3.322312 100.076245 2.188849 2.083794 -0.002439 
1293 9.609878 0.000000 3.199043 90.186777 -0.000000 5.516661 0.183591 
1294 9.567192 0.000000 3.199043 88.854606 -0.000000 5.887996 0.207019 
1295 9.652565 0.000000 3.199043 92.313945 -0.000000 4.877633 0.145434 
1296 9.609878 0.000000 3.240133 89.979065 -0.000000 5.701322 0.187126 
1297 9.631222 0.000000 3.137408 91.979840 -0.000000 4.850226 0.151618 
1298 9.609878 0.000000 3.137408 91.103069 -0.000000 5.118745 0.167403 
1299 9.631222 0.000000 3.116863 92.579422 -0.000000 4.605040 0.140784 
1300 9.652565 0.000000 3.137408 92.886916 -0.000000 4.587906 0.135097 
1301 9.631222 0.000000 3.157953 92.226028 -0.000000 4.737134 0.147192 
1302 9.524506 0.000000 3.116863 89.095805 -0.000000 5.751415 0.202886 
1303 9.481820 0.000000 3.116863 99.983484 2.939305 1.885329 -0.000889 
1304 9.524506 0.000000 3.157953 88.269677 -0.000000 6.033604 0.217206 
1305 9.588535 0.000000 3.137408 90.204435 -0.000000 5.397469 0.183403 
1306 9.567192 0.000000 3.137408 89.545200 -0.000000 5.610434 0.195018 
1307 9.588535 0.000000 3.116863 88.898572 -0.000000 5.825639 0.206311 
1308 9.588535 0.000000 3.157953 90.630722 -0.000000 5.292161 0.175807 
1309 9.823309 0.000000 3.240133 98.325111 0.000000 3.742100 0.031817 
1310 9.908682 0.000000 3.240133 98.938692 0.000000 3.830664 0.019646 
1311 9.823309 0.000000 3.322312 98.103020 0.000000 3.916803 0.036046 
1312 9.695251 0.000000 3.199043 95.013329 -0.000000 4.256458 0.095435 
1313 9.737937 0.000000 3.199043 96.754890 0.000000 3.847954 0.062368 
1314 9.695251 0.000000 3.240133 93.887607 -0.000000 4.695516 0.116307 
1315 9.631222 0.000000 3.178498 91.298171 -0.000000 5.148988 0.163813 
1316 9.609878 0.000000 3.178498 90.743576 -0.000000 5.300822 0.173750 
1317 9.652565 0.000000 3.178498 92.201350 -0.000000 4.902995 0.147487 
1318 9.631222 0.000000 3.199043 89.464510 -0.000000 5.739208 0.196316 
1319 9.620550 0.000000 3.147680 91.554009 -0.000000 5.003829 0.159283 
1320 9.609878 0.000000 3.147680 91.308633 -0.000000 5.082449 0.163690 
1321 9.620550 0.000000 3.137408 91.626990 -0.000000 4.964107 0.157985 
1322 9.631222 0.000000 3.147680 92.257783 -0.000000 4.762137 0.146582 
1323 9.620550 0.000000 3.157953 90.619060 -0.000000 5.279571 0.176031 
1324 11.616129 0.000000 4.637187 100.167909 0.763333 3.261435 -0.004483 
1325 12.299108 0.000000 4.637187 99.800223 0.826221 3.621900 0.002611 
1326 11.616129 0.000000 5.294624 99.941963 0.771828 3.816875 -0.000356 
1327 11.274640 0.000000 3.651031 99.945607 4.134920 3.051609 -0.001553 
1328 11.616129 0.000000 3.651031 99.804218 4.359689 3.523193 0.000770 
1329 11.274640 0.000000 3.979750 99.948072 1.300841 2.894264 0.000031 
1330 10.762405 0.000000 3.486672 100.063403 0.000000 4.482127 -0.003277 
1331 10.591661 0.000000 3.486672 100.147389 -0.000000 5.143776 -0.005596 
1332 10.933150 0.000000 3.486672 100.115155 2.169145 2.648537 -0.003476 
1333 10.762405 0.000000 3.651031 100.036090 3.400140 2.560369 -0.002534 
1334 10.677033 0.000000 3.240133 99.459732 0.000000 4.008166 0.009170 
1335 10.591661 0.000000 3.240133 99.596897 -0.000000 4.274274 0.006219 
1336 10.762405 0.000000 3.240133 99.407305 0.000000 3.661255 0.010478 
1337 10.677033 0.000000 3.322312 99.662466 0.000000 4.475595 0.004736 
1338 10.420916 0.000000 3.486672 99.744680 0.000000 5.155703 0.002442 
1339 10.250171 0.000000 3.486672 99.565766 0.000000 4.842398 0.006321 
1340 10.420916 0.000000 3.651031 100.110779 3.784584 2.348202 -0.004201 
1341 10.677033 0.000000 3.404492 99.966884 0.000000 4.978090 -0.001816 
1342 10.591661 0.000000 3.404492 100.023627 -0.000000 4.929909 -0.002903 
1343 10.762405 0.000000 3.404492 99.943915 0.000000 4.394404 -0.000810 
1344 10.677033 0.000000 3.486672 100.159706 0.000000 5.012792 -0.005709 
1345 9.652565 0.000000 3.404492 90.431202 -0.000000 5.936064 0.178696 
1346 9.567192 0.000000 3.404492 100.116174 2.567126 2.145217 -0.003444 
1347 9.737937 0.000000 3.404492 94.865197 -0.000000 4.666990 0.097881 
1348 9.652565 0.000000 3.486672 89.710601 -0.000000 6.253816 0.191290 
1349 10.079427 0.000000 3.486672 99.313657 0.000000 4.672446 0.011497 
1350 10.079427 0.000000 3.651031 100.065890 3.660883 2.435939 -0.003252 
1351 9.823309 0.000000 3.404492 97.969179 0.000000 4.034502 0.038576 
1352 9.908682 0.000000 3.404492 98.743310 0.000000 4.141499 0.023261 
1353 9.823309 0.000000 3.486672 96.667746 -0.000000 4.446200 0.063558 
1354 9.695251 0.000000 3.363402 92.487461 -0.000000 5.305467 0.141792 
1355 9.652565 0.000000 3.363402 91.246205 -0.000000 5.636935 0.164235 
1356 9.695251 0.000000 3.322312 92.892380 -0.000000 5.098864 0.134501 
1357 9.737937 0.000000 3.363402 94.783323 -0.000000 4.669308 0.099432 
1358 9.695251 0.000000 3.404492 89.590813 -0.000000 6.264028 0.193425 
1359 9.481820 0.000000 3.404492 100.132279 1.985237 2.115885 -0.003489 
1360 9.396448 0.000000 3.404492 100.154098 1.503463 2.086402 -0.003746 
1361 9.481820 0.000000 3.486672 100.158481 1.747612 2.172788 -0.003950 
1362 9.609878 0.000000 3.363402 89.404499 -0.000000 6.157801 0.196892 
1363 9.567192 0.000000 3.363402 100.080149 2.844501 2.115973 -0.002860 
1364 9.609878 0.000000 3.322312 90.343319 -0.000000 5.812400 0.180430 
1365 9.609878 0.000000 3.404492 88.619427 -0.000000 6.571299 0.210342 
1366 9.695251 0.000000 3.281222 93.155291 -0.000000 4.934721 0.129774 
1367 9.652565 0.000000 3.281222 91.202385 -0.000000 5.490812 0.165198 
1368 9.737937 0.000000 3.281222 95.397310 -0.000000 4.405881 0.087994 
1369 9.673908 0.000000 3.342857 92.029499 -0.000000 5.391859 0.150150 
1370 9.652565 0.000000 3.342857 91.160337 -0.000000 5.641299 0.165797 
1371 9.673908 0.000000 3.322312 91.292727 -0.000000 5.557626 0.163475 
1372 9.695251 0.000000 3.342857 92.700311 -0.000000 5.205337 0.137956 
1373 9.673908 0.000000 3.363402 91.852182 -0.000000 5.472431 0.153323 
1374 9.780623 0.000000 3.363402 96.530035 -0.000000 4.275346 0.066367 
1375 9.780623 0.000000 3.322312 97.071658 0.000000 4.057342 0.056063 
1376 9.823309 0.000000 3.363402 98.026336 0.000000 3.974134 0.037504 
1377 9.780623 0.000000 3.404492 96.346946 -0.000000 4.335703 0.069847 
1378 9.716594 0.000000 3.342857 93.941623 -0.000000 4.870601 0.115125 
1379 9.716594 0.000000 3.322312 93.858863 -0.000000 4.866861 0.116683 
1380 9.737937 0.000000 3.342857 94.915349 -0.000000 4.619131 0.096974 
1381 9.716594 0.000000 3.363402 93.752266 -0.000000 4.945589 0.118605 
1382 9.908682 0.000000 4.308468 100.296035 0.655373 2.679741 -0.006691 
1383 9.567192 0.000000 4.308468 100.255583 0.655228 2.760644 -0.005923 
1384 10.250171 0.000000 4.308468 100.120641 0.844450 2.831956 -0.003288 
1385 9.908682 0.000000 4.637187 100.345136 0.496324 2.916068 -0.007790 
1386 9.737937 0.000000 3.815390 100.112254 1.226685 2.483849 -0.003014 
1387 9.567192 0.000000 3.815390 100.153697 1.368514 2.469362 -0.003873 
1388 9.908682 0.000000 3.815390 100.124396 1.420086 2.467896 -0.003300 
1389 9.737937 0.000000 3.979750 100.166961 0.909548 2.539630 -0.004070 
1390 9.652565 0.000000 3.568851 100.154932 2.353737 2.304794 -0.004186 
1391 9.567192 0.000000 3.568851 100.171821 1.867909 2.271941 -0.004304 
1392 9.737937 0.000000 3.568851 93.296986 -0.000000 5.235947 0.126826 
1393 9.652565 0.000000 3.651031 100.085057 1.948492 2.393683 -0.002654 
1394 9.695251 0.000000 3.445582 92.165384 -0.000000 5.500871 0.147528 
1395 9.652565 0.000000 3.445582 90.732303 -0.000000 5.919416 0.173261 
1396 9.737937 0.000000 3.445582 94.180219 -0.000000 4.904800 0.110603 
1397 9.695251 0.000000 3.486672 91.913595 -0.000000 5.593957 0.152060 
1398 9.673908 0.000000 3.383947 91.387807 -0.000000 5.639413 0.161647 
1399 9.652565 0.000000 3.383947 90.939245 -0.000000 5.748285 0.169701 
1400 9.695251 0.000000 3.383947 91.660521 -0.000000 5.585073 0.156716 
1401 9.673908 0.000000 3.404492 91.066054 -0.000000 5.763461 0.167376 
1402 9.684579 0.000000 3.353130 90.321004 -0.000000 5.959791 0.180660 
1403 9.673908 0.000000 3.353130 91.876571 -0.000000 5.448452 0.152901 
1404 9.684579 0.000000 3.342857 92.272075 -0.000000 5.320256 0.145756 
1405 9.695251 0.000000 3.353130 92.500103 -0.000000 5.113565 0.141758 
1406 9.684579 0.000000 3.363402 92.342860 -0.000000 5.343528 0.144424 
1407 10.591661 0.000000 4.308468 100.065009 0.742383 3.003921 -0.002258 
1408 10.933150 0.000000 4.308468 100.121496 0.622315 2.964702 -0.003349 
1409 10.591661 0.000000 4.637187 100.334251 0.810486 3.083059 -0.007712 
1410 10.762405 0.000000 3.815390 100.029711 1.772564 2.695692 -0.001635 
1411 10.591661 0.000000 3.815390 100.107647 1.829636 2.623720 -0.003177 
1412 10.933150 0.000000 3.815390 100.000776 1.803306 2.745710 -0.001095 
1413 10.762405 0.000000 3.979750 100.045132 1.220145 2.803807 -0.001838 
1414 10.677033 0.000000 3.568851 100.207401 0.000000 4.981045 -0.006633 
1415 10.591661 0.000000 3.568851 100.115499 -0.000000 5.163531 -0.004978 
1416 10.762405 0.000000 3.568851 100.027053 0.000000 4.514759 -0.002579 
1417 10.677033 0.000000 3.651031 100.034759 4.283357 2.521802 -0.003166 
1418 7.176766 0.000000 0.363844 -4.703459 2.241406 0.239855 0.997280 
1419 6.835276 0.000000 0.363844 -5.944655 2.427317 0.016293 0.995877 
1420 7.518255 0.000000 0.363844 -3.003959 2.038643 0.726833 0.998629 
1421 7.006021 0.000000 0.856922 97.830954 1.337739 -0.545790 0.042702 
1422 6.835276 0.000000 0.856922 97.238315 1.318856 -0.490193 0.054273 
1423 7.006021 0.000000 0.692563 98.072020 1.370881 -0.628086 0.037961 
1424 7.176766 0.000000 0.856922 98.929407 1.345898 -0.941725 0.021027 
1425 7.006021 0.000000 1.021281 98.093415 1.370730 -0.638095 0.037540 
1426 8.798841 0.000000 1.267820 99.631167 2.108036 4.394062 0.004988 
1427 8.713469 0.000000 1.267820 98.566551 1.573027 4.514091 0.026178 
1428 8.798841 0.000000 1.185641 94.698617 -0.000000 8.693823 0.095659 
1429 8.798841 0.000000 1.350000 99.267353 1.746071 2.424777 0.013706 
1430 8.926900 0.000000 1.308910 94.298906 -0.000000 4.229023 0.108983 
1431 8.884213 0.000000 1.308910 93.414001 -0.000000 4.763757 0.125113 
1432 8.926900 0.000000 1.267820 94.179224 -0.000000 4.691354 0.110826 
1433 8.969586 0.000000 1.308910 94.812610 -0.000000 3.719065 0.099674 
1434 8.926900 0.000000 1.350000 93.468229 -0.000000 3.844554 0.124891 
1435 10.847778 0.000000 1.267820 100.435337 -2.363652 2.384915 -0.009853 
1436 10.933150 0.000000 1.267820 99.609254 -2.074012 1.716774 0.007075 
1437 10.847778 0.000000 1.350000 99.612296 -1.253441 2.485878 0.006964 
1438 10.719719 0.000000 1.226730 100.620472 0.000000 4.754311 -0.014708 
1439 10.677033 0.000000 1.226730 100.364025 0.000000 4.898051 -0.009693 
1440 10.719719 0.000000 1.185641 101.414120 0.000000 4.908866 -0.030892 
1441 10.762405 0.000000 1.226730 100.727064 0.000000 4.687054 -0.016791 
1442 10.719719 0.000000 1.267820 99.988198 0.000000 4.150644 -0.001487 
1443 10.634347 0.000000 1.226730 100.041949 0.113217 4.998444 -0.003339 
1444 10.591661 0.000000 1.226730 99.501599 0.145710 5.170188 0.007268 
1445 10.634347 0.000000 1.185641 100.837372 0.083674 5.101149 -0.019420 
1446 10.634347 0.000000 1.267820 99.356886 0.000000 4.293721 0.010977 
1447 10.719719 0.000000 1.144551 102.687413 0.117344 4.813851 -0.056789 
1448 10.677033 0.000000 1.144551 102.395435 0.076475 5.035162 -0.051018 
1449 10.719719 0.000000 1.103461 102.857689 0.557321 5.811623 -0.061379 
1450 10.762405 0.000000 1.144551 102.756696 0.000000 4.918854 -0.058313 
1451 10.698376 0.000000 1.206186 101.014615 0.000000 4.883874 -0.022780 
1452 10.677033 0.000000 1.206186 100.903384 0.096769 4.888537 -0.020540 
1453 10.698376 0.000000 1.185641 101.530049 0.074907 4.803351 -0.033143 
1454 10.719719 0.000000 1.206186 101.007220 0.000000 4.840256 -0.022589 
1455 10.698376 0.000000 1.226730 100.498936 0.000000 4.803123 -0.012311 
1456 19.128898 0.000000 -1.279750 99.794354 -0.001991 4.357010 0.002210 
1457 19.128898 0.000000 -3.909499 99.790405 -0.064614 5.200687 0.001482 
1458 21.860814 0.000000 -1.279750 99.859691 0.048084 4.440073 0.000833 
1459 19.128898 0.000000 1.350000 99.407681 1.716350 9.942468 0.001631 
1460 15.031024 0.000000 0.035125 99.425085 -0.417394 4.237280 0.009652 
1461 15.031024 0.000000 -1.279750 99.439009 -0.277335 4.289233 0.009341 
1462 16.396982 0.000000 0.035125 99.664700 -0.245835 4.397157 0.004755 
1463 15.031024 0.000000 1.350000 99.384637 -2.345460 5.702592 0.008467 
1464 12.982087 0.000000 0.692563 98.724879 3.630991 5.737543 0.020729 
1465 12.982087 0.000000 0.035125 98.790116 -0.547937 3.766602 0.022603 
1466 13.665066 0.000000 0.692563 99.090387 3.704263 4.913567 0.014323 
1467 12.982087 0.000000 1.350000 98.976535 -1.962497 4.955643 0.017524 
1468 5.127829 0.000000 0.363844 2.622282 -0.049481 2.302050 0.998782 
1469 4.786340 0.000000 0.363844 6.588219 0.305107 4.415883 0.993700 
1470 5.127829 0.000000 0.035125 -0.077078 -0.207776 0.098086 0.999994 
1471 4.444850 0.000000 0.363844 7.878090 -0.185293 0.066247 0.993790 
1472 4.103361 0.000000 0.363844 8.968088 -0.346591 -0.431715 0.991927 
1473 4.444850 0.000000 0.035125 5.792409 -0.154133 -0.100223 0.996641 
1474 4.444850 0.000000 0.692563 106.971898 -0.392218 0.000000 -0.144314 
1475 4.957084 0.000000 0.528203 5.533468 0.193047 5.863767 0.993496 
1476 4.786340 0.000000 0.528203 5.782726 0.106235 6.357284 0.992613 
1477 4.957084 0.000000 0.363844 4.456764 0.053088 3.833993 0.996543 
1478 5.127829 0.000000 0.528203 4.416858 0.098566 3.639640 0.996723 
1479 4.957084 0.000000 0.692563 105.580227 -0.337496 0.000000 -0.114730 
1480 5.127829 0.000000 -0.293594 -1.676744 -0.210250 -1.589536 0.999462 
1481 4.786340 0.000000 -0.293594 2.205013 -0.030411 -1.465508 0.999299 
1482 5.469318 0.000000 -0.293594 -4.761599 -0.187839 -1.704001 0.997439 
1483 4.957084 0.000000 0.199485 3.098414 -0.221753 1.776182 0.998720 
1484 4.786340 0.000000 0.199485 5.169384 -0.109437 1.785967 0.997008 
1485 4.957084 0.000000 0.035125 1.765987 -0.072683 0.402051 0.999671 
1486 5.127829 0.000000 0.199485 1.087495 -0.168956 1.122170 0.999753 
1487 5.298574 0.000000 0.528203 3.244651 -0.029400 1.884784 0.998592 
1488 5.298574 0.000000 0.363844 1.047616 -0.164501 1.139113 0.999758 
1489 5.469318 0.000000 0.528203 1.700386 -0.121714 0.854769 0.999636 
1490 5.298574 0.000000 0.692563 6.095501 0.159603 2.102930 0.995840 
1491 5.042457 0.000000 0.446024 4.262998 -0.005422 4.104227 0.996498 
1492 4.957084 0.000000 0.446024 4.988028 0.210872 5.028257 0.994979 
1493 5.042457 0.000000 0.363844 3.443204 0.103653 3.130497 0.997833 
1494 5.127829 0.000000 0.446024 3.466356 0.034528 2.999863 0.997898 
1495 5.042457 0.000000 0.528203 5.063999 0.035859 4.869091 0.995065 
1496 4.444850 0.000000 1.021281 108.382071 -0.436622 0.174078 -0.174689 
1497 4.103361 0.000000 1.021281 110.690958 -0.459560 3.637435 -0.226593 
1498 4.444850 0.000000 1.350000 108.375346 -0.436411 0.173272 -0.174544 
1499 4.615595 0.000000 0.528203 3.487259 -1.478109 1.435054 0.998359 
1500 4.444850 0.000000 0.528203 8.200633 -0.261665 0.500643 0.993243 
1501 4.615595 0.000000 0.363844 10.654612 2.666026 2.036483 0.987522 
1502 4.615595 0.000000 0.692563 105.580227 -0.337496 0.000000 -0.114730 
1503 4.871712 0.000000 0.446024 5.656196 0.519226 6.169665 0.992967 
1504 4.786340 0.000000 0.446024 6.286486 0.476517 6.393172 0.991938 
1505 4.871712 0.000000 0.363844 5.537096 0.280121 4.535816 0.994869 
1506 4.871712 0.000000 0.528203 5.653090 0.319219 6.925061 0.991998 
1507 4.957084 0.000000 0.856922 107.942157 -0.429034 0.291915 -0.165178 
1508 4.786340 0.000000 0.856922 107.872685 -0.426342 0.283329 -0.163678 
1509 5.127829 0.000000 0.856922 105.580227 -0.337496 0.000000 -0.114730 
1510 4.957084 0.000000 1.021281 106.510584 -0.296132 0.114214 -0.134461 
1511 5.042457 0.000000 0.610383 6.097078 -0.029087 5.377734 0.993390 
1512 4.957084 0.000000 0.610383 6.488339 -0.018023 6.147206 0.992011 
1513 5.127829 0.000000 0.610383 5.525409 0.114735 4.123868 0.995245 
1514 5.042457 0.000000 0.692563 105.580227 -0.337496 0.000000 -0.114730 
1515 4.999770 0.000000 0.487113 4.952020 0.124715 4.985540 0.995061 
1516 4.957084 0.000000 0.487113 5.235649 0.232549 5.510641 0.994217 
1517 4.999770 0.000000 0.446024 4.625177 0.094566 4.537900 0.995801 
1518 5.042457 0.000000 0.487113 4.645496 0.028331 4.515096 0.995803 
1519 4.999770 0.000000 0.528203 5.320455 0.114476 5.350827 0.994305 
1520 7.347511 0.000000 0.856922 99.383804 1.392598 -1.341229 0.011912 
1521 7.347511 0.000000 0.692563 99.806158 1.404959 -1.586131 0.003424 
1522 7.518255 0.000000 0.856922 100.134572 1.476679 -2.169792 -0.003382 
1523 7.347511 0.000000 1.021281 99.844393 1.404915 -1.603418 0.002655 
1524 7.859745 0.000000 0.363844 -1.921024 1.997634 1.479303 0.999013 
1525 7.859745 0.000000 0.035125 93.766902 1.101033 31.069272 0.024126 
1526 7.347511 0.000000 0.528203 99.047414 1.363972 -1.084379 0.018657 
1527 7.176766 0.000000 0.528203 99.047414 1.363972 -1.084379 0.018657 
1528 7.347511 0.000000 0.363844 -3.906703 2.053041 0.525193 0.998025 
1529 7.518255 0.000000 0.528203 99.868825 1.594293 -2.332449 0.001824 
1530 7.689000 0.000000 0.856922 100.061685 1.584371 -2.448958 -0.002085 
1531 7.689000 0.000000 0.692563 100.581874 1.507274 -2.569859 -0.012559 
1532 7.859745 0.000000 0.856922 100.552331 1.635655 -3.055745 -0.012278 
1533 7.689000 0.000000 1.021281 101.303283 1.511795 -3.082941 -0.027415 
1534 7.432883 0.000000 0.774742 100.208234 1.425052 -1.967705 -0.004759 
1535 7.347511 0.000000 0.774742 99.419195 1.395181 -1.366628 0.011201 
1536 7.432883 0.000000 0.692563 100.303901 1.423110 -2.018261 -0.006697 
1537 7.518255 0.000000 0.774742 100.154994 1.476272 -2.182738 -0.003797 
1538 7.432883 0.000000 0.856922 100.179591 1.425318 -1.951434 -0.004179 
1539 10.079427 0.000000 1.185641 100.381213 0.462052 3.126703 -0.008638 
1540 9.908682 0.000000 1.185641 95.345765 0.085919 2.785995 0.090142 
1541 10.079427 0.000000 1.350000 97.762867 0.029044 1.560371 0.043999 
1542 10.164799 0.000000 0.939102 122.026595 3.863563 -41.865277 -0.665812 
1543 10.079427 0.000000 0.939102 115.628835 1.445570 23.846431 -0.394077 
1544 10.164799 0.000000 0.856922 101.475900 4.583905 -5.888527 -0.035305 
1545 10.164799 0.000000 1.021281 116.039485 1.539093 -21.056734 -0.391092 
1546 9.737937 0.000000 1.185641 97.497945 0.068756 -2.820810 0.048619 
1547 9.737937 0.000000 1.350000 97.958040 0.035365 -0.349329 0.040410 
1548 19.128898 0.000000 3.979750 99.806004 2.131808 4.382800 0.001501 
1549 21.860814 0.000000 3.979750 99.686106 2.634373 6.734296 0.001039 
1550 19.128898 0.000000 6.609499 99.785543 0.174836 4.769123 0.002007 
1551 17.762940 0.000000 0.035125 99.780013 -0.166090 4.363240 0.002488 
1552 17.762940 0.000000 -1.279750 99.741890 -0.064286 4.306470 0.003301 
1553 19.128898 0.000000 0.035125 99.800742 -0.102483 4.406537 0.002038 
1554 17.762940 0.000000 1.350000 99.390084 -2.200716 9.069403 0.003451 
1555 17.762940 0.000000 2.664875 99.767842 -1.293473 3.624899 0.003156 
1556 16.396982 0.000000 2.664875 99.694491 -1.302539 3.559209 0.004664 
1557 19.128898 0.000000 2.664875 99.826235 -1.228418 3.773975 0.001897 
1558 17.762940 0.000000 3.979750 99.783485 1.865659 4.166289 0.002242 
1559 17.079961 0.000000 0.692563 100.055260 0.458288 1.760743 -0.001437 
1560 16.396982 0.000000 0.692563 99.850024 2.091970 1.879974 0.002206 
1561 17.079961 0.000000 0.035125 99.750346 -0.216954 4.400203 0.003046 
1562 17.762940 0.000000 0.692563 99.964955 -0.749018 2.567801 -0.000015 
1563 17.079961 0.000000 1.350000 99.280887 -2.804250 7.463202 0.007974 
1564 15.031024 0.000000 2.664875 99.601518 -1.298888 3.298924 0.006697 
1565 15.031024 0.000000 3.979750 99.640577 1.447056 3.981099 0.005381 
1566 15.714003 0.000000 0.692563 99.700289 3.164478 2.900706 0.004142 
1567 15.031024 0.000000 0.692563 99.501445 3.543370 3.899441 0.007170 
1568 15.714003 0.000000 0.035125 99.570052 -0.305567 4.336747 0.006690 
1569 15.714003 0.000000 1.350000 99.456107 -2.438153 6.190402 0.006422 
1570 17.079961 0.000000 2.007437 99.657300 -0.953036 4.594989 0.004640 
1571 16.396982 0.000000 2.007437 99.637722 -0.956118 4.453210 0.005158 
1572 17.762940 0.000000 2.007437 99.691317 -0.858876 4.692060 0.003889 
1573 17.079961 0.000000 2.664875 99.732665 -1.345897 3.630905 0.003840 
1574 16.738471 0.000000 1.021281 99.196398 4.502723 10.056531 0.003867 
1575 16.396982 0.000000 1.021281 99.446621 2.818643 8.271602 0.003401 
1576 16.738471 0.000000 0.692563 99.922310 1.305965 1.611815 0.001123 
1577 17.079961 0.000000 1.021281 100.111869 5.804533 5.312081 -0.008430 
1578 16.738471 0.000000 1.350000 99.511249 -2.768859 6.889480 0.004238 
1579 32.788477 0.000000 -3.909499 99.856495 -0.034188 5.285833 0.000074 
1580 32.788477 0.000000 -9.168999 99.795108 -0.031631 6.162508 0.000296 
1581 38.252309 0.000000 -3.909499 99.852889 -0.020141 5.353028 0.000075 
1582 32.788477 0.000000 1.350000 99.913425 -0.409205 4.506675 -0.000317 
1583 24.592730 0.000000 -1.279750 99.885419 0.056751 4.405309 0.000349 
1584 24.592730 0.000000 -3.909499 99.835715 0.047125 5.163750 0.000616 
1585 27.324645 0.000000 -1.279750 99.902064 -0.034938 4.444002 -0.000017 
1586 24.592730 0.000000 1.350000 99.934603 3.036098 3.706273 -0.000988 
1587 20.494856 0.000000 0.035125 99.830129 -0.106574 4.424176 0.001436 
1588 20.494856 0.000000 -1.279750 99.837075 0.016056 4.446503 0.001279 
1589 21.860814 0.000000 0.035125 99.856357 -0.019767 4.383374 0.000949 
1590 20.494856 0.000000 1.350000 99.597534 3.655493 7.662593 0.000825 
1591 18.445919 0.000000 0.692563 99.894905 -1.084278 3.374310 0.000845 
1592 18.445919 0.000000 0.035125 99.796919 -0.110197 4.381074 0.002137 
1593 19.128898 0.000000 0.692563 99.839020 -1.071062 3.944250 0.001547 
1594 18.445919 0.000000 1.350000 99.339935 -0.462748 10.688229 0.001712 
1595 17.421450 0.000000 1.021281 99.706455 2.870655 6.026636 0.001406 
1596 17.421450 0.000000 0.692563 100.035000 -0.290775 2.177821 -0.001183 
1597 17.762940 0.000000 1.021281 99.714408 2.868875 5.560678 0.001789 
1598 17.421450 0.000000 1.350000 99.315743 -2.536233 8.340700 0.006038 
1599 15.714003 0.000000 2.007437 99.567513 -0.997883 4.468784 0.006534 
1600 15.031024 0.000000 2.007437 99.520968 -1.124732 4.284993 0.007595 
1601 15.714003 0.000000 2.664875 99.630038 -1.356988 3.535235 0.005952 
1602 16.738471 0.000000 1.678719 99.540071 -1.841341 6.109860 0.005105 
1603 16.396982 0.000000 1.678719 99.521500 -1.605580 6.299527 0.005321 
1604 17.079961 0.000000 1.678719 99.535423 -1.935055 5.913628 0.005398 
1605 16.738471 0.000000 2.007437 99.652529 -0.962241 4.483146 0.004835 
1606 16.909216 0.000000 1.185641 99.246762 1.128222 10.444107 0.003973 
1607 16.738471 0.000000 1.185641 99.348652 0.546736 11.065944 0.000709 
1608 16.909216 0.000000 1.021281 99.796555 2.558035 5.022594 0.000888 
1609 17.079961 0.000000 1.185641 98.972271 1.841544 10.207882 0.009690 
1610 16.909216 0.000000 1.350000 99.423759 -2.818321 7.080075 0.005685 
1611 21.860814 0.000000 -14.428498 99.755722 -0.033686 6.530825 0.000614 
1612 21.860814 0.000000 -19.687997 99.748399 -0.025640 6.711487 0.000521 
1613 27.324645 0.000000 -14.428498 99.764163 -0.029352 6.525826 0.000452 
1614 19.128898 0.000000 -6.539249 99.805166 -0.030046 5.849053 0.000472 
1615 19.128898 0.000000 -9.168999 99.787122 0.019114 6.181684 0.000432 
1616 21.860814 0.000000 -6.539249 99.800414 0.024219 5.787732 0.000638 
1617 17.762940 0.000000 -2.594624 99.714168 -0.098397 4.694893 0.003503 
1618 16.396982 0.000000 -2.594624 99.653691 -0.221040 4.746683 0.004656 
1619 17.762940 0.000000 -3.909499 99.711919 -0.053587 5.106884 0.003145 
1620 19.128898 0.000000 -2.594624 99.771983 -0.023011 4.717682 0.002329 
1621 17.079961 0.000000 -0.622312 99.730038 -0.128412 4.284610 0.003555 
1622 16.396982 0.000000 -0.622312 99.660607 -0.142679 4.297055 0.004928 
1623 17.079961 0.000000 -1.279750 99.716000 -0.093941 4.358167 0.003772 
1624 17.762940 0.000000 -0.622312 99.758132 -0.063742 4.230221 0.003042 
1625 16.738471 0.000000 0.363844 99.730372 -0.546171 4.349264 0.003464 
1626 16.396982 0.000000 0.363844 99.683354 -0.596158 4.300296 0.004438 
1627 16.738471 0.000000 0.035125 99.710894 -0.224335 4.355632 0.003872 
1628 17.079961 0.000000 0.363844 99.783856 -0.519399 4.430354 0.002328 
1629 16.909216 0.000000 0.856922 99.779590 3.859150 4.347096 0.001024 
1630 16.738471 0.000000 0.856922 99.639028 3.899276 4.670228 0.003505 
1631 16.909216 0.000000 0.692563 99.987333 0.882996 1.610968 -0.000084 
1632 17.079961 0.000000 0.856922 100.021142 3.680026 4.291627 -0.003619 
1633 32.788477 0.000000 6.609499 99.925734 0.223924 4.408443 -0.000464 
1634 38.252309 0.000000 6.609499 99.940410 0.304576 4.267040 -0.000639 
1635 32.788477 0.000000 11.868999 99.839830 0.049398 5.733616 -0.000087 
1636 24.592730 0.000000 3.979750 99.952116 -1.928580 3.533208 -0.000663 
1637 27.324645 0.000000 3.979750 100.006417 -1.644935 3.029957 -0.001317 
1638 24.592730 0.000000 6.609499 99.889032 0.236955 4.589196 0.000106 
1639 20.494856 0.000000 2.664875 99.849365 -1.194262 3.979078 0.001284 
1640 21.860814 0.000000 2.664875 99.869148 -1.147161 4.094132 0.000808 
1641 20.494856 0.000000 3.979750 99.766231 2.788184 5.228479 0.001159 
1642 18.445919 0.000000 2.007437 99.734775 -0.726071 4.842987 0.002899 
1643 19.128898 0.000000 2.007437 99.738323 -0.624746 5.086469 0.002600 
1644 18.445919 0.000000 2.664875 99.801975 -1.247579 3.687681 0.002441 
1645 17.421450 0.000000 1.678719 99.565349 -1.968383 5.756649 0.004973 
1646 17.762940 0.000000 1.678719 99.616516 -1.937481 5.630529 0.004109 
1647 17.421450 0.000000 2.007437 99.674014 -0.943926 4.658825 0.004250 
1648 17.250706 0.000000 1.185641 98.990910 2.922227 10.247870 0.008724 
1649 17.250706 0.000000 1.021281 99.752325 3.037443 6.462362 -0.000151 
1650 17.421450 0.000000 1.185641 99.279037 3.426441 9.598643 0.003980 
1651 17.250706 0.000000 1.350000 99.245235 -2.690304 7.919633 0.008043 
1652 16.994589 0.000000 1.103461 99.055987 1.310770 6.005397 0.015013 
1653 16.909216 0.000000 1.103461 99.494028 1.883178 6.467351 0.005557 
1654 16.994589 0.000000 1.021281 100.865724 3.290823 3.873361 -0.019973 
1655 17.079961 0.000000 1.103461 98.769343 1.448452 6.905345 0.019484 
1656 16.994589 0.000000 1.185641 99.022748 1.584585 10.207434 0.008779 
1657 17.421450 0.000000 0.363844 99.808009 -0.494179 4.477085 0.001807 
1658 17.421450 0.000000 0.035125 99.776265 -0.196321 4.398485 0.002531 
1659 17.762940 0.000000 0.363844 99.800671 -0.450648 4.472757 0.001962 
1660 17.250706 0.000000 0.856922 99.997019 3.416983 4.268282 -0.002930 
1661 17.250706 0.000000 0.692563 100.065259 0.058601 1.955152 -0.001688 
1662 17.421450 0.000000 0.856922 99.931512 3.234338 4.065092 -0.001329 
1663 16.994589 0.000000 0.939102 100.145284 4.246297 5.016597 -0.007228 
1664 16.909216 0.000000 0.939102 99.947809 3.993195 4.935832 -0.002987 
1665 16.994589 0.000000 0.856922 99.912898 3.791612 4.292420 -0.001539 
1666 17.079961 0.000000 0.939102 100.036806 4.211921 5.309973 -0.005330 
1667 17.165333 0.000000 1.103461 99.424105 2.238766 6.561667 0.006678 
1668 17.165333 0.000000 1.021281 99.641614 4.179461 4.893121 0.003014 
1669 17.250706 0.000000 1.103461 99.355957 3.329830 7.203388 0.006542 
1670 17.165333 0.000000 1.185641 98.761942 2.435818 10.448536 0.013097 
1671 17.037275 0.000000 1.062371 99.595830 2.717032 6.054876 0.003663 
1672 16.994589 0.000000 1.062371 98.918218 1.472704 4.208099 0.019531 
1673 17.037275 0.000000 1.021281 101.565579 7.717488 4.261859 -0.039329 
1674 17.079961 0.000000 1.062371 99.110283 0.670022 6.173453 0.013859 
1675 17.037275 0.000000 1.103461 98.674469 1.086320 6.359545 0.022173 
1676 16.055492 0.000000 1.021281 99.387944 2.550584 8.338893 0.004599 
1677 15.714003 0.000000 1.021281 99.317044 2.450890 8.424744 0.005914 
1678 16.055492 0.000000 0.692563 99.774217 2.715798 2.378888 0.003207 
1679 16.055492 0.000000 1.350000 99.493653 -2.580676 6.392461 0.005349 
1680 16.567727 0.000000 1.185641 99.312348 -0.100336 11.471477 0.000545 
1681 16.396982 0.000000 1.185641 99.245268 -0.824016 11.580143 0.001560 
1682 16.567727 0.000000 1.021281 99.431890 3.103442 8.583506 0.002999 
1683 16.567727 0.000000 1.350000 99.534989 -2.696576 6.759273 0.003983 
1684 16.823844 0.000000 1.103461 99.813701 1.272591 7.608063 -0.002228 
1685 16.738471 0.000000 1.103461 99.753209 1.692454 8.160258 -0.002016 
1686 16.823844 0.000000 1.021281 98.844574 6.718484 10.563665 0.007302 
1687 16.823844 0.000000 1.185641 99.333201 0.844772 10.770602 0.001620 
1688 16.951902 0.000000 1.062371 99.380637 2.189375 4.948889 0.009420 
1689 16.909216 0.000000 1.062371 99.482506 2.422323 5.320319 0.006906 
1690 16.951902 0.000000 1.021281 100.024935 2.652867 4.571871 -0.003293 
1691 16.951902 0.000000 1.103461 99.351911 1.635820 6.172682 0.008842 
1692 17.165333 0.000000 0.939102 100.067480 3.625551 5.620608 -0.005824 
1693 17.165333 0.000000 0.856922 100.033455 3.542338 4.317546 -0.003788 
1694 17.250706 0.000000 0.939102 99.935402 3.394654 5.566554 -0.002959 
1695 17.037275 0.000000 0.980191 100.372363 4.986071 5.344737 -0.012804 
1696 16.994589 0.000000 0.980191 100.346195 4.858904 4.887975 -0.011686 
1697 17.037275 0.000000 0.939102 100.128216 4.277338 5.207332 -0.007107 
1698 17.079961 0.000000 0.980191 100.115126 4.751935 5.607119 -0.007706 
1699 17.015932 0.000000 1.041826 99.609464 2.627176 5.993477 0.003513 
1700 16.994589 0.000000 1.041826 99.969946 2.119091 3.171242 -0.000854 
1701 17.015932 0.000000 1.021281 101.806637 4.334432 4.189289 -0.040093 
1702 17.037275 0.000000 1.041826 99.612657 2.625775 5.978002 0.003469 
1703 17.015932 0.000000 1.062371 99.592579 2.723810 6.069943 0.003705 
1704 17.122647 0.000000 1.062371 99.638188 1.561896 5.117763 0.004360 
1705 17.122647 0.000000 1.021281 99.725020 4.736183 5.038613 0.000710 
1706 17.165333 0.000000 1.062371 99.704362 1.955775 4.841699 0.003177 
1707 17.122647 0.000000 1.103461 99.170249 1.953938 6.862354 0.011435 
1708 17.058618 0.000000 1.041826 99.615844 2.624470 5.960843 0.003426 
1709 17.058618 0.000000 1.021281 100.696047 6.748914 5.272061 -0.021304 
1710 17.079961 0.000000 1.041826 99.902072 3.634389 8.248520 -0.006167 
1711 17.058618 0.000000 1.062371 100.034602 0.355055 3.725010 -0.002092 
1712 16.909216 0.000000 1.514359 99.548933 -2.017536 5.504709 0.005564 
1713 16.738471 0.000000 1.514359 99.572233 -2.293966 5.686288 0.004777 
1714 17.079961 0.000000 1.514359 99.506474 -2.031080 5.629493 0.006265 
1715 16.909216 0.000000 1.678719 99.539253 -1.901604 5.980264 0.005256 
1716 16.994589 0.000000 1.267820 99.102235 -2.563662 10.052902 0.007111 
1717 16.909216 0.000000 1.267820 99.241300 -2.771453 9.790788 0.004762 
1718 17.079961 0.000000 1.267820 98.961419 -2.272239 10.449369 0.009229 
1719 16.994589 0.000000 1.350000 99.351720 -2.823819 7.229639 0.006899 
1720 17.037275 0.000000 1.144551 98.952560 2.312471 8.285202 0.013440 
1721 16.994589 0.000000 1.144551 99.062507 2.336573 8.204704 0.011384 
1722 17.079961 0.000000 1.144551 98.945752 2.414572 8.391381 0.013349 
1723 17.037275 0.000000 1.185641 98.978936 1.694392 10.217953 0.009589 
1724 17.015932 0.000000 1.082916 98.639659 -0.405540 4.965247 0.024540 
1725 16.994589 0.000000 1.082916 99.095982 -0.050832 4.887714 0.015609 
1726 17.037275 0.000000 1.082916 98.163459 -0.579283 5.563795 0.033264 
1727 17.015932 0.000000 1.103461 98.850101 1.153238 6.120889 0.018986 
1728 17.026603 0.000000 1.052099 99.602581 2.650888 6.026218 0.003598 
1729 17.015932 0.000000 1.052099 99.600967 2.652693 6.033820 0.003620 
1730 17.026603 0.000000 1.041826 99.611066 2.626452 5.985661 0.003491 
1731 17.037275 0.000000 1.052099 99.604183 2.649136 6.018776 0.003576 
1732 17.026603 0.000000 1.062371 99.594210 2.720394 6.062313 0.003684 
1733 12.982087 0.000000 2.007437 99.225129 -1.052184 3.543634 0.014071 
1734 13.665066 0.000000 2.007437 99.461852 -1.104808 3.425564 0.009438 
1735 12.982087 0.000000 2.664875 99.609449 -1.378351 2.559947 0.006950 
1736 12.640598 0.000000 1.021281 98.858497 -2.940188 8.377887 0.014816 
1737 12.299108 0.000000 1.021281 98.553607 -2.363110 8.529444 0.020885 
1738 12.640598 0.000000 0.692563 98.423726 3.274570 5.783371 0.026860 
1739 12.982087 0.000000 1.021281 98.672964 -2.972447 8.793977 0.017748 
1740 12.640598 0.000000 1.350000 98.832735 -2.027160 4.843291 0.020452 
1741 11.957619 0.000000 1.021281 97.993193 -1.776358 8.262034 0.032592 
1742 11.957619 0.000000 0.692563 97.337513 2.653532 5.919267 0.048333 
1743 11.957619 0.000000 1.350000 98.254068 -1.880963 4.922032 0.031837 
1744 12.640598 0.000000 1.678719 99.000248 -0.747772 3.646510 0.018509 
1745 12.299108 0.000000 1.678719 98.874784 -0.817566 3.354868 0.021185 
1746 12.982087 0.000000 1.678719 99.121688 -0.871656 3.940731 0.015860 
1747 12.640598 0.000000 2.007437 99.156376 -0.844681 3.414798 0.015564 
1748 12.469853 0.000000 1.185641 98.687785 -2.291694 5.278243 0.022761 
1749 12.299108 0.000000 1.185641 98.550116 -2.268112 5.364263 0.025396 
1750 12.469853 0.000000 1.021281 98.715987 -2.675597 8.435510 0.017684 
1751 12.640598 0.000000 1.185641 98.809811 -2.274968 5.313358 0.020321 
1752 12.469853 0.000000 1.350000 98.713631 -2.320472 4.903684 0.022619 
1753 11.957619 0.000000 1.678719 98.650310 -0.691798 3.180463 0.025752 
1754 11.957619 0.000000 2.007437 99.037967 -1.134144 2.572807 0.018358 
1755 12.128363 0.000000 1.185641 98.367017 -2.324142 5.295294 0.029049 
1756 11.957619 0.000000 1.185641 98.113899 -2.240808 5.255242 0.034102 
1757 12.128363 0.000000 1.021281 98.316323 -2.084152 8.411427 0.025880 
1758 12.128363 0.000000 1.350000 98.425714 -2.086325 5.012749 0.028290 
1759 12.982087 0.000000 -0.622312 98.603721 -0.211417 3.684526 0.026369 
1760 12.982087 0.000000 -1.279750 98.763328 -0.273493 3.952754 0.023011 
1761 13.665066 0.000000 -0.622312 98.996453 -0.163466 3.691453 0.018605 
1762 12.640598 0.000000 0.363844 98.946229 2.669278 1.083702 0.020134 
1763 12.299108 0.000000 0.363844 98.349143 3.082914 2.349145 0.031242 
1764 12.640598 0.000000 0.035125 98.515556 -0.836950 3.536399 0.028148 
1765 12.982087 0.000000 0.363844 99.297092 1.107806 0.537391 0.013857 
1766 12.469853 0.000000 0.856922 98.324848 1.841364 8.572149 0.025535 
1767 12.299108 0.000000 0.856922 98.168503 1.515809 8.213592 0.029318 
1768 12.469853 0.000000 0.692563 98.219225 3.084185 5.801177 0.030982 
1769 12.640598 0.000000 0.856922 98.497904 2.225656 8.998520 0.021224 
1770 12.384481 0.000000 1.103461 98.615994 -2.908453 6.466157 0.022462 
1771 12.299108 0.000000 1.103461 98.554038 -1.959582 6.269982 0.024395 
1772 12.384481 0.000000 1.021281 98.637198 -2.658702 8.540233 0.019070 
1773 12.469853 0.000000 1.103461 98.687434 -2.817099 6.347098 0.021257 
1774 12.384481 0.000000 1.185641 98.618377 -2.398489 5.358330 0.023995 
1775 14.348045 0.000000 0.692563 99.319270 3.541219 4.374514 0.010401 
1776 14.348045 0.000000 0.035125 99.224343 -0.598548 3.829978 0.013950 
1777 14.348045 0.000000 1.350000 99.347449 -2.207602 5.078725 0.009942 
1778 13.323577 0.000000 1.021281 98.743627 -2.661126 9.735662 0.014783 
1779 13.323577 0.000000 0.692563 98.938875 3.514661 5.427509 0.016929 
1780 13.665066 0.000000 1.021281 98.807742 -1.607920 10.376721 0.012677 
1781 13.323577 0.000000 1.350000 99.111188 -2.117551 4.620514 0.015114 
1782 11.103895 0.000000 2.829234 99.510128 -1.168760 2.195043 0.009155 
1783 11.103895 0.000000 2.664875 99.405720 -0.960974 2.188292 0.011279 
1784 11.274640 0.000000 2.829234 99.474439 -1.190979 2.259143 0.009831 
1785 11.103895 0.000000 2.993594 99.532982 -0.376667 2.155276 0.008840 
1786 10.847778 0.000000 2.747055 99.421916 -1.078640 2.004170 0.011010 
1787 10.847778 0.000000 2.664875 99.387932 -1.038485 1.958797 0.011712 
1788 10.933150 0.000000 2.747055 99.378667 -1.544101 2.131527 0.011695 
1789 10.847778 0.000000 2.829234 99.447407 -1.225182 2.081666 0.010438 
1790 10.719719 0.000000 2.788144 99.149054 0.000000 2.465374 0.016339 
1791 10.677033 0.000000 2.788144 99.114123 0.000000 2.531087 0.016998 
1792 10.719719 0.000000 2.747055 99.145755 0.000000 2.435836 0.016419 
1793 10.762405 0.000000 2.788144 99.171750 0.000000 2.421367 0.015910 
1794 10.719719 0.000000 2.829234 99.185192 0.000000 2.539883 0.015585 
1795 10.506288 0.000000 2.747055 98.837825 -0.000000 2.451048 0.022508 
1796 10.420916 0.000000 2.747055 98.778681 -0.000000 2.472740 0.023666 
1797 10.506288 0.000000 2.664875 98.704335 -0.000000 2.228399 0.025249 
1798 10.506288 0.000000 2.829234 99.146711 -0.000000 2.788828 0.016215 
1799 10.634347 0.000000 2.788144 99.080599 0.000000 2.575044 0.017640 
1800 10.591661 0.000000 2.788144 99.039007 -0.000000 2.598025 0.018453 
1801 10.634347 0.000000 2.747055 99.058320 -0.000000 2.515676 0.018112 
1802 10.634347 0.000000 2.829234 99.109123 -0.000000 2.702401 0.017008 
1803 10.719719 0.000000 2.705965 99.206117 0.000000 2.327601 0.015273 
1804 10.677033 0.000000 2.705965 99.150425 0.000000 2.433200 0.016327 
1805 10.719719 0.000000 2.664875 99.294709 0.000000 2.272460 0.013540 
1806 10.762405 0.000000 2.705965 99.170507 0.000000 2.366555 0.015961 
1807 10.698376 0.000000 2.767599 99.129500 0.000000 2.505685 0.016706 
1808 10.677033 0.000000 2.767599 99.096246 0.000000 2.553453 0.017341 
1809 10.698376 0.000000 2.747055 99.134162 0.000000 2.459112 0.016637 
1810 10.719719 0.000000 2.767599 99.185235 0.000000 2.358907 0.015672 
1811 10.698376 0.000000 2.788144 99.130430 0.000000 2.503038 0.016689 
1812 10.634347 0.000000 2.705965 99.074929 -0.000000 2.440876 0.017820 
1813 10.591661 0.000000 2.705965 98.966178 -0.000000 2.411381 0.019988 
1814 10.634347 0.000000 2.664875 99.161923 -0.000000 2.398970 0.016116 
1815 10.698376 0.000000 2.726510 99.142723 0.000000 2.426458 0.016483 
1816 10.677033 0.000000 2.726510 99.116379 0.000000 2.469873 0.016984 
1817 10.698376 0.000000 2.705965 99.172443 0.000000 2.396984 0.015908 
1818 10.719719 0.000000 2.726510 99.172295 0.000000 2.364359 0.015927 
1819 10.847778 0.000000 2.911414 99.532947 -1.223707 2.088672 0.008733 
1820 10.933150 0.000000 2.911414 99.543156 -1.222791 2.170388 0.008495 
1821 10.847778 0.000000 2.993594 99.559557 -0.906366 2.213256 0.008217 
1822 10.805092 0.000000 2.788144 99.241954 0.000000 2.237076 0.014603 
1823 10.805092 0.000000 2.747055 99.247064 0.000000 2.189890 0.014522 
1824 10.847778 0.000000 2.788144 99.448038 -0.641807 2.008749 0.010564 
1825 10.805092 0.000000 2.829234 99.214515 0.000000 2.312154 0.015113 
1826 10.741062 0.000000 2.767599 99.158040 0.000000 2.433727 0.016176 
1827 10.741062 0.000000 2.747055 99.155597 0.000000 2.422353 0.016230 
1828 10.762405 0.000000 2.767599 99.171482 0.000000 2.405945 0.015923 
1829 10.741062 0.000000 2.788144 99.158598 0.000000 2.446497 0.016159 
1830 10.709048 0.000000 2.757327 99.165715 0.000000 2.403583 0.016038 
1831 10.698376 0.000000 2.757327 99.129617 0.000000 2.498400 0.016708 
1832 10.709048 0.000000 2.747055 99.142469 0.000000 2.441803 0.016481 
1833 10.719719 0.000000 2.757327 99.147276 0.000000 2.446502 0.016383 
1834 10.709048 0.000000 2.767599 99.173172 0.000000 2.389962 0.015897 
1835 10.719719 0.000000 2.870324 99.220278 0.000000 2.705264 0.014802 
1836 10.677033 0.000000 2.870324 99.170495 0.000000 2.789914 0.015743 
1837 10.762405 0.000000 2.870324 99.249734 0.000000 2.617523 0.014264 
1838 10.719719 0.000000 2.911414 99.377876 0.000000 2.574888 0.011741 
1839 10.506288 0.000000 2.911414 99.174699 -0.000000 2.920116 0.015585 
1840 10.420916 0.000000 2.911414 99.091983 -0.000000 2.910964 0.017231 
1841 10.506288 0.000000 2.993594 99.087276 -0.000000 3.136232 0.017188 
1842 10.634347 0.000000 2.870324 99.141408 -0.000000 2.817020 0.016305 
1843 10.591661 0.000000 2.870324 99.122888 -0.000000 2.839622 0.016659 
1844 10.634347 0.000000 2.911414 99.156950 -0.000000 3.000618 0.015890 
1845 10.698376 0.000000 2.849779 99.182210 0.000000 2.669305 0.015576 
1846 10.677033 0.000000 2.849779 99.161863 0.000000 2.734781 0.015945 
1847 10.698376 0.000000 2.829234 99.158445 0.000000 2.598715 0.016085 
1848 10.719719 0.000000 2.849779 99.194139 0.000000 2.637703 0.015357 
1849 10.698376 0.000000 2.870324 99.197224 0.000000 2.751512 0.015234 
1850 10.805092 0.000000 2.870324 99.410230 0.000000 2.492789 0.011139 
1851 10.847778 0.000000 2.870324 99.510289 -1.235392 2.080155 0.009185 
1852 10.805092 0.000000 2.911414 99.379458 0.000000 2.586822 0.011703 
1853 10.741062 0.000000 2.849779 99.209093 0.000000 2.618830 0.015070 
1854 10.741062 0.000000 2.829234 99.194833 0.000000 2.519826 0.015404 
1855 10.762405 0.000000 2.849779 99.235150 0.000000 2.545133 0.014591 
1856 10.741062 0.000000 2.870324 99.232750 0.000000 2.678806 0.014569 
1857 10.719719 0.000000 2.952504 99.304354 0.000000 2.886229 0.013031 
1858 10.677033 0.000000 2.952504 99.250020 0.000000 3.042380 0.014018 
1859 10.762405 0.000000 2.952504 99.354912 0.000000 2.783206 0.012086 
1860 10.719719 0.000000 2.993594 99.352451 0.000000 2.853994 0.012095 
1861 10.698376 0.000000 2.890869 99.236481 0.000000 2.788094 0.014435 
1862 10.677033 0.000000 2.890869 99.208284 0.000000 2.828370 0.014972 
1863 10.719719 0.000000 2.890869 99.260686 0.000000 2.729518 0.013987 
1864 10.698376 0.000000 2.911414 99.265633 0.000000 2.937342 0.013771 
1865 10.709048 0.000000 2.860052 99.241567 0.000000 2.591187 0.014440 
1866 10.698376 0.000000 2.860052 99.192126 0.000000 2.736441 0.015343 
1867 10.709048 0.000000 2.849779 99.187597 0.000000 2.658999 0.015475 
1868 10.719719 0.000000 2.860052 99.259981 0.000000 2.538362 0.014101 
1869 10.709048 0.000000 2.870324 99.237094 0.000000 2.630377 0.014508 
1870 10.634347 0.000000 2.952504 99.202656 -0.000000 3.078540 0.014936 
1871 10.591661 0.000000 2.952504 99.154713 -0.000000 3.112462 0.015866 
1872 10.634347 0.000000 2.993594 99.216675 -0.000000 3.143810 0.014617 
1873 11.103895 0.000000 3.157953 99.592129 -1.474641 2.398564 0.007348 
1874 11.274640 0.000000 3.157953 99.572414 -1.398534 2.453861 0.007736 
1875 11.103895 0.000000 3.322312 99.989393 -2.246124 2.254640 -0.000801 
1876 10.847778 0.000000 3.075773 99.610069 -1.201608 2.267488 0.007125 
1877 10.933150 0.000000 3.075773 99.553174 -1.431050 2.314529 0.008176 
1878 10.847778 0.000000 3.157953 99.599900 -1.279861 2.325408 0.007281 
1879 10.719719 0.000000 3.034683 99.331848 0.000000 3.003201 0.012416 
1880 10.677033 0.000000 3.034683 99.275356 0.000000 3.170447 0.013435 
1881 10.762405 0.000000 3.034683 99.362236 0.000000 2.891261 0.011879 
1882 10.719719 0.000000 3.075773 99.306687 0.000000 3.119426 0.012845 
1883 10.698376 0.000000 2.973049 99.293826 0.000000 2.960573 0.013197 
1884 10.677033 0.000000 2.973049 99.261463 0.000000 3.042638 0.013790 
1885 10.698376 0.000000 2.952504 99.288357 0.000000 2.959101 0.013307 
1886 10.719719 0.000000 2.973049 99.317398 0.000000 2.906559 0.012761 
1887 10.698376 0.000000 2.993594 99.315164 0.000000 2.965330 0.012771 
1888 10.698376 0.000000 2.931959 99.282772 0.000000 2.893256 0.013456 
1889 10.677033 0.000000 2.931959 99.255662 0.000000 2.950512 0.013961 
1890 10.719719 0.000000 2.931959 99.311263 0.000000 2.826208 0.012929 
1891 10.805092 0.000000 2.952504 99.410230 0.000000 2.492789 0.011139 
1892 10.847778 0.000000 2.952504 99.546371 -1.140771 2.244349 0.008418 
1893 10.805092 0.000000 2.993594 99.460683 0.000000 2.556494 0.010104 
1894 10.741062 0.000000 2.973049 99.333620 0.000000 2.868315 0.012460 
1895 10.741062 0.000000 2.952504 99.323131 0.000000 2.847601 0.012681 
1896 10.762405 0.000000 2.973049 99.350074 0.000000 2.828373 0.012156 
1897 10.741062 0.000000 2.993594 99.362333 0.000000 2.830393 0.011912 
1898 10.709048 0.000000 2.962776 99.349739 0.000000 2.786140 0.012187 
1899 10.698376 0.000000 2.962776 99.292384 0.000000 2.976624 0.013216 
1900 10.709048 0.000000 2.952504 99.300092 0.000000 2.919629 0.013097 
1901 10.719719 0.000000 2.962776 99.372669 0.000000 2.712698 0.011771 
1902 10.709048 0.000000 2.973049 99.306017 0.000000 2.926618 0.012975 
1903 10.506288 0.000000 3.075773 99.087668 -0.000000 3.399637 0.017008 
1904 10.420916 0.000000 3.075773 98.981113 0.000000 3.300058 0.019185 
1905 10.506288 0.000000 3.157953 99.300683 -0.000000 3.828460 0.012472 
1906 10.634347 0.000000 3.034683 99.228138 -0.000000 3.273666 0.014306 
1907 10.591661 0.000000 3.034683 99.163240 -0.000000 3.355199 0.015539 
1908 10.634347 0.000000 3.075773 99.224637 -0.000000 3.398327 0.014292 
1909 10.719719 0.000000 3.116863 99.322062 0.000000 3.084883 0.012561 
1910 10.677033 0.000000 3.116863 99.267206 0.000000 3.482700 0.013389 
1911 10.762405 0.000000 3.116863 99.310747 0.000000 3.101616 0.012776 
1912 10.719719 0.000000 3.157953 99.366759 0.000000 3.091512 0.011669 
1913 10.698376 0.000000 3.055228 99.287563 0.000000 3.188847 0.013181 
1914 10.677033 0.000000 3.055228 99.256183 0.000000 3.297433 0.013734 
1915 10.698376 0.000000 3.034683 99.305840 0.000000 3.085464 0.012883 
1916 10.719719 0.000000 3.055228 99.368783 0.000000 2.864325 0.011764 
1917 10.698376 0.000000 3.075773 99.287378 0.000000 3.195216 0.013181 
1918 10.805092 0.000000 3.034683 99.497802 0.000000 2.424297 0.009431 
1919 10.847778 0.000000 3.034683 99.588378 -1.802130 2.212436 0.007401 
1920 10.805092 0.000000 3.075773 99.417662 0.000000 2.614065 0.010930 
1921 10.741062 0.000000 3.055228 99.328362 0.000000 3.019422 0.012476 
1922 10.741062 0.000000 3.034683 99.347175 0.000000 2.941957 0.012148 
1923 10.762405 0.000000 3.055228 99.355235 0.000000 2.932588 0.011994 
1924 10.741062 0.000000 3.075773 99.322824 0.000000 3.061608 0.012560 
1925 10.634347 0.000000 3.116863 99.265835 -0.000000 3.597955 0.013335 
1926 10.591661 0.000000 3.116863 99.238886 -0.000000 3.646496 0.013835 
1927 10.634347 0.000000 3.157953 99.363915 -0.000000 3.800784 0.011237 
1928 10.698376 0.000000 3.096318 99.283452 0.000000 3.226507 0.013239 
1929 10.677033 0.000000 3.096318 99.260730 0.000000 3.335171 0.013618 
1930 10.719719 0.000000 3.096318 99.325861 0.000000 3.045010 0.012510 
1931 10.698376 0.000000 3.116863 99.284216 0.000000 3.330395 0.013155 
1932 10.709048 0.000000 3.065501 99.338587 0.000000 2.986021 0.012293 
1933 10.698376 0.000000 3.065501 99.288511 0.000000 3.193325 0.013159 
1934 10.709048 0.000000 3.055228 99.344736 0.000000 2.960960 0.012186 
1935 10.719719 0.000000 3.065501 99.360834 0.000000 2.904076 0.011899 
1936 10.709048 0.000000 3.075773 99.293916 0.000000 3.166051 0.013069 
1937 10.847778 0.000000 3.240133 99.640396 -1.138561 2.374703 0.006486 
1938 10.933150 0.000000 3.240133 99.657002 -0.816837 2.388577 0.006211 
1939 10.847778 0.000000 3.322312 100.022348 -1.942648 2.388697 -0.001395 
1940 10.719719 0.000000 3.199043 99.353658 0.000000 3.297790 0.011798 
1941 10.677033 0.000000 3.199043 99.368261 0.000000 3.835003 0.011124 
1942 10.762405 0.000000 3.199043 99.321892 0.000000 3.440121 0.012333 
1943 10.719719 0.000000 3.240133 99.422512 0.000000 3.803016 0.010070 
1944 10.698376 0.000000 3.137408 99.305321 0.000000 3.421080 0.012675 
1945 10.677033 0.000000 3.137408 99.303421 0.000000 3.513811 0.012648 
1946 10.719719 0.000000 3.137408 99.309720 0.000000 3.332323 0.012648 
1947 10.698376 0.000000 3.157953 99.270383 0.000000 3.578341 0.013259 
1948 10.805092 0.000000 3.116863 99.381735 0.000000 2.770914 0.011559 
1949 10.847778 0.000000 3.116863 99.576015 -1.452462 2.291348 0.007726 
1950 10.805092 0.000000 3.157953 99.604293 -1.224990 2.316227 0.007212 
1951 10.741062 0.000000 3.137408 99.306502 0.000000 3.279199 0.012747 
1952 10.741062 0.000000 3.116863 99.314693 0.000000 3.128738 0.012680 
1953 10.762405 0.000000 3.137408 99.314006 0.000000 3.158688 0.012675 
1954 10.741062 0.000000 3.157953 99.319351 0.000000 3.378080 0.012426 
1955 10.506288 0.000000 3.240133 99.525490 -0.000000 4.253585 0.007658 
1956 10.420916 0.000000 3.240133 99.531750 0.000000 4.218307 0.007564 
1957 10.506288 0.000000 3.322312 99.667961 -0.000000 4.577129 0.004535 
1958 10.634347 0.000000 3.199043 99.469094 -0.000000 3.990697 0.008997 
1959 10.591661 0.000000 3.199043 99.505090 -0.000000 4.104668 0.008189 
1960 10.634347 0.000000 3.240133 99.529496 -0.000000 4.202550 0.007622 
1961 10.698376 0.000000 3.178498 99.336588 0.000000 3.574686 0.011946 
1962 10.677033 0.000000 3.178498 99.354267 0.000000 3.677693 0.011520 
1963 10.719719 0.000000 3.178498 99.333742 0.000000 3.458979 0.012084 
1964 10.698376 0.000000 3.199043 99.316713 0.000000 3.635212 0.012298 
1965 10.709048 0.000000 3.147680 99.318309 0.000000 3.427715 0.012412 
1966 10.698376 0.000000 3.147680 99.294405 0.000000 3.538365 0.012810 
1967 10.709048 0.000000 3.137408 99.310718 0.000000 3.390291 0.012589 
1968 10.719719 0.000000 3.147680 99.320794 0.000000 3.410211 0.012375 
1969 10.709048 0.000000 3.157953 99.317122 0.000000 3.285139 0.012532 
1970 10.719719 0.000000 3.281222 99.493949 0.000000 3.962842 0.008525 
1971 10.677033 0.000000 3.281222 99.512894 0.000000 4.208645 0.007947 
1972 10.762405 0.000000 3.281222 99.478809 0.000000 3.793033 0.008958 
1973 10.719719 0.000000 3.322312 99.645418 0.000000 4.175465 0.005336 
1974 10.634347 0.000000 3.281222 99.577926 -0.000000 4.357576 0.006525 
1975 10.591661 0.000000 3.281222 99.634457 -0.000000 4.394159 0.005367 
1976 10.634347 0.000000 3.322312 99.705229 -0.000000 4.565594 0.003802 
1977 10.698376 0.000000 3.260677 99.423990 0.000000 4.110257 0.009798 
1978 10.677033 0.000000 3.260677 99.470922 0.000000 4.203052 0.008787 
1979 10.698376 0.000000 3.240133 99.442065 0.000000 3.926460 0.009586 
1980 10.719719 0.000000 3.260677 99.487802 0.000000 3.575691 0.008939 
1981 10.698376 0.000000 3.281222 99.498884 0.000000 4.108575 0.008309 
1982 10.698376 0.000000 3.219588 99.373848 0.000000 3.776946 0.011057 
1983 10.677033 0.000000 3.219588 99.419803 0.000000 3.948266 0.010011 
1984 10.719719 0.000000 3.219588 99.384539 0.000000 3.561416 0.011003 
1985 11.103895 0.000000 3.486672 100.102095 3.257704 2.623718 -0.003793 
1986 11.274640 0.000000 3.486672 100.081745 -1.702125 3.056287 -0.002859 
1987 11.103895 0.000000 3.651031 99.955137 4.095252 2.872755 -0.001605 
1988 10.847778 0.000000 3.404492 100.057311 -1.244246 2.442270 -0.001898 
1989 10.933150 0.000000 3.404492 100.040519 -1.186972 2.410485 -0.001532 
1990 10.847778 0.000000 3.486672 100.120625 -0.263137 2.605380 -0.003100 
1991 10.805092 0.000000 3.281222 99.603490 0.000000 3.465110 0.006714 
1992 10.805092 0.000000 3.240133 99.412448 0.000000 2.784404 0.010941 
1993 10.847778 0.000000 3.281222 100.018246 0.146437 2.313585 -0.000902 
1994 10.805092 0.000000 3.322312 99.603533 0.000000 3.464803 0.006713 
1995 10.741062 0.000000 3.260677 99.450156 0.000000 3.863061 0.009474 
1996 10.741062 0.000000 3.240133 99.416357 0.000000 3.738343 0.010241 
1997 10.762405 0.000000 3.260677 99.438227 0.000000 3.764093 0.009787 
1998 10.741062 0.000000 3.281222 99.479627 0.000000 3.871990 0.008881 
1999 10.709048 0.000000 3.250405 99.438671 0.000000 3.731163 0.009803 
2000 10.698376 0.000000 3.250405 99.403954 0.000000 4.065885 0.010232 
2001 10.709048 0.000000 3.240133 99.432729 0.000000 3.870402 0.009815 
2002 10.719719 0.000000 3.250405 99.478708 0.000000 3.539274 0.009146 
2003 10.709048 0.000000 3.260677 99.430808 0.000000 3.986007 0.009763 
2004 10.719719 0.000000 3.363402 99.783276 0.000000 4.394616 0.002399 
2005 10.677033 0.000000 3.363402 99.779770 0.000000 4.681253 0.002208 
2006 10.762405 0.000000 3.363402 99.771415 0.000000 4.194408 0.002807 
2007 10.719719 0.000000 3.404492 99.981875 0.000000 3.788119 -0.001073 
2008 10.719719 0.000000 3.445582 100.029815 0.000000 4.209376 -0.002368 
2009 10.677033 0.000000 3.445582 100.080655 0.000000 5.022926 -0.004137 
2010 10.762405 0.000000 3.445582 99.989043 0.000000 4.501471 -0.001807 
2011 10.719719 0.000000 3.486672 100.071355 0.000000 4.577788 -0.003523 
2012 15.031024 0.000000 5.294624 99.737806 0.459122 4.235389 0.003422 
2013 16.396982 0.000000 5.294624 99.742064 0.379733 4.325023 0.003267 
2014 15.031024 0.000000 6.609499 99.761283 0.280082 4.677515 0.002573 
2015 15.714003 0.000000 3.322312 99.734451 -1.481345 2.565140 0.004426 
2016 15.031024 0.000000 3.322312 99.726779 -1.533345 2.373823 0.004658 
2017 16.396982 0.000000 3.322312 99.773034 -1.569076 2.682865 0.003568 
2018 15.714003 0.000000 3.979750 99.697074 1.575144 3.999971 0.004201 
2019 21.860814 0.000000 17.128498 99.809279 0.019998 6.394870 -0.000279 
2020 27.324645 0.000000 17.128498 99.804402 0.024143 6.363705 -0.000142 
2021 21.860814 0.000000 22.387997 99.799687 0.015838 6.637373 -0.000403 
2022 19.128898 0.000000 9.239249 99.787506 0.136393 5.442577 0.001281 
2023 21.860814 0.000000 9.239249 99.838976 0.101049 5.352245 0.000352 
2024 19.128898 0.000000 11.868999 99.824074 0.069875 5.866401 0.000073 
2025 17.762940 0.000000 5.294624 99.816576 0.364202 4.245816 0.001849 
2026 19.128898 0.000000 5.294624 99.811424 0.346702 4.352508 0.001862 
2027 17.762940 0.000000 6.609499 99.813534 0.236574 4.686131 0.001524 
2028 17.079961 0.000000 3.322312 99.785164 -1.614849 2.890913 0.003196 
2029 17.762940 0.000000 3.322312 99.827916 -1.567003 2.910323 0.002346 
2030 17.079961 0.000000 3.979750 99.733006 1.674309 4.162994 0.003319 
2031 18.445919 0.000000 3.322312 99.852831 -1.513959 3.014568 0.001803 
2032 19.128898 0.000000 3.322312 99.881024 -1.467499 3.116645 0.001191 
2033 18.445919 0.000000 3.979750 99.808818 1.959805 4.247027 0.001632 
2034 17.079961 0.000000 4.637187 99.787021 0.580783 4.044787 0.002585 
2035 16.396982 0.000000 4.637187 99.746827 0.521435 4.092761 0.003355 
2036 17.762940 0.000000 4.637187 99.807320 0.601361 4.066034 0.002160 
2037 17.079961 0.000000 5.294624 99.802102 0.365106 4.234901 0.002147 
2038 17.421450 0.000000 3.651031 99.794584 -0.935715 5.686914 0.000782 
2039 17.079961 0.000000 3.651031 99.751235 -0.650246 6.247869 0.001023 
2040 17.421450 0.000000 3.322312 99.810479 -1.579518 2.862203 0.002718 
2041 17.762940 0.000000 3.651031 99.822509 -1.397525 5.198998 0.000648 
2042 17.421450 0.000000 3.979750 99.773566 1.793286 4.108382 0.002514 
2043 12.982087 0.000000 3.322312 99.877415 -1.095164 0.666124 0.002286 
2044 13.665066 0.000000 3.322312 99.830339 -1.770185 1.295062 0.002909 
2045 12.982087 0.000000 3.979750 99.822110 1.237873 3.375276 0.002262 
2046 14.348045 0.000000 3.322312 99.679511 -1.666613 2.136029 0.005665 
2047 14.348045 0.000000 2.664875 99.588045 -1.354361 3.069521 0.007097 
2048 14.348045 0.000000 3.979750 99.670930 1.468105 3.770897 0.004933 
2049 12.982087 0.000000 4.637187 99.824239 0.702723 3.644086 0.002135 
2050 13.665066 0.000000 4.637187 99.719025 0.708217 3.836025 0.004090 
2051 12.982087 0.000000 5.294624 99.790100 0.560214 4.020562 0.002546 
2052 13.323577 0.000000 3.651031 99.735794 4.035742 5.613580 0.000497 
2053 12.982087 0.000000 3.651031 99.705380 4.076628 5.379357 0.001328 
2054 13.323577 0.000000 3.322312 99.789164 -1.663563 0.999545 0.003836 
2055 13.665066 0.000000 3.651031 99.638296 4.013316 5.869618 0.002165 
2056 13.323577 0.000000 3.979750 99.720981 1.402884 3.509229 0.004144 
2057 15.714003 0.000000 4.637187 99.733182 0.622487 4.055564 0.003646 
2058 15.031024 0.000000 4.637187 99.700243 0.660380 4.044342 0.004307 
2059 15.714003 0.000000 5.294624 99.763655 0.424589 4.252629 0.002895 
2060 15.372514 0.000000 3.651031 99.623038 1.441103 6.538574 0.003042 
2061 15.031024 0.000000 3.651031 99.589688 1.644834 6.591808 0.003574 
2062 15.372514 0.000000 3.322312 99.695561 -1.512036 2.552383 0.005199 
2063 15.714003 0.000000 3.651031 99.727629 -3.209029 6.954915 -0.000427 
2064 15.372514 0.000000 3.979750 99.676948 1.547132 3.984949 0.004623 
2065 16.055492 0.000000 3.651031 99.719177 -1.380409 6.915418 0.000636 
2066 16.055492 0.000000 3.322312 99.753801 -1.530368 2.620340 0.003997 
2067 16.396982 0.000000 3.651031 99.733318 -0.801689 6.783931 0.000660 
2068 16.055492 0.000000 3.979750 99.716002 1.611483 4.015102 0.003800 
2069 14.348045 0.000000 4.637187 99.695563 0.569829 3.955896 0.004482 
2070 14.348045 0.000000 5.294624 99.702797 0.417685 4.227445 0.004131 
2071 15.372514 0.000000 4.308468 99.699403 0.884781 3.974426 0.004345 
2072 15.031024 0.000000 4.308468 99.666590 0.812463 3.979787 0.005007 
2073 15.714003 0.000000 4.308468 99.716483 0.874026 3.983644 0.003999 
2074 15.372514 0.000000 4.637187 99.715048 0.639248 4.053805 0.004007 
2075 15.543258 0.000000 3.815390 99.666069 2.677131 4.286009 0.004114 
2076 15.372514 0.000000 3.815390 99.645174 2.534976 4.268392 0.004619 
2077 15.543258 0.000000 3.651031 99.648650 1.421866 6.510658 0.002574 
2078 15.714003 0.000000 3.815390 99.676583 2.757859 4.315408 0.003835 
2079 15.543258 0.000000 3.979750 99.688621 1.563117 3.987547 0.004384 
2080 -60.096662 0.000000 -61.763992 99.750219 -0.000709 6.976352 0.000122 
2081 -81.951989 0.000000 -61.763992 99.752732 -0.000451 6.976958 0.000071 
2082 -60.096662 0.000000 -82.801989 99.751327 -0.000785 6.975223 0.000102 
2083 71.035299 0.000000 -61.763992 99.752533 -0.004909 6.939142 0.000128 
2084 71.035299 0.000000 -82.801989 99.752541 -0.003550 6.955176 0.000106 
2085 92.890626 0.000000 -61.763992 99.754934 -0.005006 6.940117 0.000079 
2086 -16.386008 0.000000 64.463992 99.773929 0.002678 6.966297 -0.000337 
2087 -38.241335 0.000000 64.463992 99.767859 0.001755 6.973754 -0.000226 
2088 -16.386008 0.000000 85.501989 99.766967 0.002155 6.968814 -0.000201 
2089 -60.096662 0.000000 64.463992 99.763206 0.001163 6.976361 -0.000137 
2090 -81.951989 0.000000 64.463992 99.760461 0.000801 6.976966 -0.000083 
2091 -60.096662 0.000000 85.501989 99.762039 0.001143 6.975135 -0.000112 
2092 -27.313672 0.000000 -30.206996 99.730218 -0.001261 6.977425 0.000520 
2093 -38.241335 0.000000 -30.206996 99.740762 -0.000780 6.980500 0.000305 
2094 -27.313672 0.000000 -40.725995 99.735345 -0.001471 6.973095 0.000424 
2095 71.035299 0.000000 64.463992 99.765128 0.006548 6.927432 -0.000107 
2096 92.890626 0.000000 64.463992 99.763065 0.007028 6.924636 -0.000062 
2097 71.035299 0.000000 85.501989 99.762869 0.004498 6.949972 -0.000093 
2098 38.252309 0.000000 -30.206996 99.741553 -0.009648 6.833614 0.000492 
2099 38.252309 0.000000 -40.725995 99.741583 -0.007118 6.894907 0.000408 
2100 49.179972 0.000000 -30.206996 99.750637 -0.009716 6.837152 0.000306 
2101 -5.458345 0.000000 32.906996 99.809732 0.001800 6.932490 -0.001004 
2102 -16.386008 0.000000 32.906996 99.803351 0.003882 6.967464 -0.000925 
2103 -5.458345 0.000000 43.425995 99.798908 0.004661 6.947620 -0.000809 
2104 -27.313672 0.000000 32.906996 99.784323 0.002588 6.978664 -0.000561 
2105 -38.241335 0.000000 32.906996 99.772988 0.001801 6.981186 -0.000339 
2106 -27.313672 0.000000 43.425995 99.779421 0.002509 6.973533 -0.000456 
2107 -10.922177 0.000000 -14.428498 99.701789 -0.056840 6.889750 0.001208 
2108 -16.386008 0.000000 -14.428498 99.699671 0.000580 6.960231 0.001153 
2109 -10.922177 0.000000 -19.687997 99.691872 0.000450 6.932342 0.001347 
2110 38.252309 0.000000 32.906996 99.789088 0.013682 6.791676 -0.000399 
2111 49.179972 0.000000 32.906996 99.781342 0.014724 6.782078 -0.000231 
2112 38.252309 0.000000 43.425995 99.781164 0.009406 6.875337 -0.000355 
2113 0.005487 0.000000 17.128498 99.894587 0.018115 6.769829 -0.002476 
2114 -5.458345 0.000000 17.128498 99.853002 0.005000 6.884851 -0.001802 
2115 0.005487 0.000000 22.387997 99.879058 0.013200 6.843973 -0.002267 
2116 -10.922177 0.000000 17.128498 99.845786 -0.011608 6.963202 -0.001767 
2117 -16.386008 0.000000 17.128498 99.803948 -0.001704 6.981158 -0.000956 
2118 -10.922177 0.000000 22.387997 99.826370 -0.001006 6.953462 -0.001365 
2119 2.737403 0.000000 9.239249 100.511809 0.327100 6.365319 -0.014325 
2120 0.005487 0.000000 9.239249 100.409713 0.204414 6.857427 -0.012918 
2121 2.737403 0.000000 11.868999 100.256830 0.213545 6.534651 -0.009418 
2122 -2.726429 0.000000 9.239249 100.128756 0.176421 7.034951 -0.007529 
2123 -5.458345 0.000000 9.239249 99.917816 0.133716 7.022379 -0.003290 
2124 -2.726429 0.000000 11.868999 100.040660 0.078244 6.907346 -0.005585 
2125 4.103361 0.000000 5.294624 102.152302 0.119112 5.321412 -0.046342 
2126 2.737403 0.000000 5.294624 102.020519 0.104097 6.477048 -0.045015 
2127 4.103361 0.000000 6.609499 101.602439 0.093055 5.694841 -0.035550 
2128 1.371445 0.000000 5.294624 101.720417 0.020260 7.417070 -0.040206 
2129 0.005487 0.000000 5.294624 100.927443 0.278738 7.731902 -0.024621 
2130 1.371445 0.000000 6.609499 100.995882 0.164130 6.902880 -0.024784 
2131 -1.360471 0.000000 5.294624 100.227907 0.074119 7.608242 -0.010352 
2132 -2.726429 0.000000 5.294624 99.866218 -0.091005 7.331610 -0.002702 
2133 -1.360471 0.000000 6.609499 100.216226 -0.097847 7.199002 -0.009513 
2134 1.029955 0.000000 -0.293594 98.445274 -0.141884 -12.086818 0.016242 
2135 1.371445 0.000000 -0.293594 100.142405 -0.186684 -11.928377 -0.017082 
2136 -0.677492 0.000000 -1.937187 96.826077 -0.117791 5.415070 0.059537 
2137 -1.360471 0.000000 -1.937187 97.352577 -0.083835 6.238391 0.048355 
2138 -0.677492 0.000000 -2.594624 97.655034 -0.163029 5.840127 0.042936 
2139 -0.336003 0.000000 -0.951031 91.845182 -0.243468 2.152724 0.155977 
2140 -0.677492 0.000000 -0.951031 93.690508 -0.082325 4.920583 0.119787 
2141 -0.336003 0.000000 -1.279750 94.558700 -0.160753 3.237603 0.104814 
2142 0.688466 0.000000 2.007437 99.807989 -0.155089 12.361682 -0.011447 
2143 0.005487 0.000000 2.007437 98.941815 -0.190881 10.924888 0.009113 
2144 0.688466 0.000000 2.664875 100.956247 -0.764040 10.383298 -0.030056 
2145 0.517721 0.000000 -0.457953 -1.878363 -0.077644 3.898412 0.998127 
2146 0.688466 0.000000 -0.457953 97.753202 -0.247585 -9.629230 0.035153 
2147 0.517721 0.000000 -0.293594 -0.663683 -0.116478 2.023618 0.999545 
2148 0.517721 0.000000 -0.129234 -0.765525 -0.141593 1.037280 0.999832 
2149 0.688466 0.000000 -0.129234 2.940193 0.037663 0.746447 0.999080 
2150 -0.677492 0.000000 2.007437 98.811991 -0.242473 10.052072 0.013509 
2151 -1.360471 0.000000 2.007437 98.747335 -0.045322 9.054076 0.016699 
2152 -0.677492 0.000000 2.664875 99.744039 -0.611313 9.296640 -0.003567 
2153 -0.336003 0.000000 0.363844 89.935032 -0.314740 13.896735 0.171847 
2154 -0.677492 0.000000 0.363844 93.080870 -0.111624 10.772104 0.121990 
2155 -0.336003 0.000000 0.692563 93.697289 -0.221887 13.285219 0.104427 
2156 0.176232 0.000000 -0.786672 89.454518 -0.249251 -13.967099 0.180275 
2157 0.005487 0.000000 -0.786672 86.837469 -0.291794 -7.029988 0.240975 
2158 0.176232 0.000000 -0.951031 92.980869 -0.210923 -6.170989 0.131643 
2159 0.176232 0.000000 0.199485 75.847164 -0.322724 39.953314 0.265084 
2160 0.005487 0.000000 0.199485 78.597869 -0.265593 25.004884 0.319706 
2161 0.176232 0.000000 0.363844 87.739181 -0.317537 28.974666 0.146220 
2162 1.712934 0.000000 -0.951031 101.477401 -0.187104 -11.091600 -0.042072 
2163 1.712934 0.000000 -1.279750 98.298685 -0.361468 -2.650619 0.033021 
2164 1.712934 0.000000 -0.622312 101.446006 -0.186796 -11.141191 -0.041545 
2165 2.395913 0.000000 -0.293594 1.970539 0.022111 -0.706606 0.999562 
2166 2.054424 0.000000 -0.293594 101.299769 -0.195905 -9.606686 -0.035397 
2167 2.737403 0.000000 -0.293594 1.742457 -0.084451 -0.702972 0.999646 
2168 1.712934 0.000000 -0.293594 5.816309 0.008013 0.242462 0.996611 
2169 1.712934 0.000000 0.035125 5.546569 0.017145 1.416100 0.996723 
2170 1.712934 0.000000 0.363844 98.770218 -0.183303 32.060686 -0.078348 
2171 1.712934 0.000000 0.692563 98.779410 -0.183823 31.617797 -0.075709 
2172 1.712934 0.000000 1.021281 100.594572 -0.189646 28.814981 -0.094961 
2173 1.371445 0.000000 1.021281 96.980718 -0.179668 34.655326 -0.060628 
2174 1.712934 0.000000 1.350000 100.492600 -0.072219 20.183477 -0.050614 
2175 3.420382 0.000000 -1.937187 98.995744 -0.439251 3.335503 0.018852 
2176 3.420382 0.000000 -2.594624 98.983195 -0.298067 4.090383 0.018551 
2177 3.078892 0.000000 -0.293594 3.267128 -0.115103 -0.810651 0.998866 
2178 3.078892 0.000000 -0.622312 101.419492 -0.329888 0.083984 -0.028603 
2179 3.420382 0.000000 -0.293594 101.116206 -0.269974 0.000000 -0.022456 
2180 3.761871 0.000000 0.363844 8.574034 -0.323919 -1.723176 0.992341 
2181 3.761871 0.000000 0.035125 7.020663 -0.341918 -1.171524 0.994922 
2182 3.761871 0.000000 0.692563 110.095619 -0.544027 0.000000 -0.212134 
2183 3.761871 0.000000 1.021281 111.403744 -0.558622 0.208677 -0.241115 
2184 3.761871 0.000000 1.350000 111.398050 -0.558572 0.207719 -0.240988 
2185 1.712934 0.000000 1.678719 102.084540 -0.091435 17.062880 -0.071240 
2186 1.371445 0.000000 1.678719 100.676413 -0.062642 16.024708 -0.039254 
2187 1.712934 0.000000 2.007437 102.862040 -0.085922 14.583593 -0.079329 
2188 3.761871 0.000000 1.678719 110.096223 -0.544061 0.000000 -0.212147 
2189 4.103361 0.000000 1.678719 110.780985 -0.504987 0.289836 -0.227277 
2190 3.761871 0.000000 2.007437 108.779896 -0.341385 3.389040 -0.184467 
2191 2.822775 0.000000 0.939102 36.973106 -0.291951 44.222506 0.667727 
2192 2.908147 0.000000 0.939102 63.477269 -0.300559 41.577403 0.424187 
2193 2.822775 0.000000 1.021281 51.516264 -0.309023 54.473494 0.437862 
2194 4.444850 0.000000 -0.293594 4.397097 -0.147859 -0.797669 0.998001 
2195 4.103361 0.000000 -0.293594 101.553790 -0.382603 0.000000 -0.031332 
2196 4.444850 0.000000 -0.622312 102.664197 -0.289699 0.051715 -0.054002 
2197 7.518255 0.000000 -1.937187 98.801154 -0.260798 7.386750 0.018370 
2198 7.518255 0.000000 -2.594624 98.996681 -0.116496 6.235096 0.016077 
2199 8.201234 0.000000 -1.937187 98.333800 -0.408162 6.827484 0.028368 
2200 5.810808 0.000000 -0.293594 -6.282468 -0.275394 -1.552332 0.995805 
2201 6.152297 0.000000 -0.293594 -6.787186 -0.460559 -1.676897 0.995091 
2202 6.152297 0.000000 3.322312 102.118180 0.251639 1.501754 -0.043044 
2203 5.469318 0.000000 3.322312 102.963566 0.322664 2.056776 -0.060583 
2204 6.152297 0.000000 3.979750 102.204197 0.387361 2.594721 -0.045258 
2205 6.493787 0.000000 0.363844 -6.011457 2.307986 -0.788501 0.995791 
2206 6.493787 0.000000 0.035125 -8.325810 1.752805 -3.449602 0.991571 
2207 5.810808 0.000000 1.678719 99.317955 0.008851 -5.815864 0.010212 
2208 6.152297 0.000000 1.678719 98.279392 0.040862 -3.298405 0.033028 
2209 5.810808 0.000000 2.007437 101.474888 -0.035348 -2.877471 -0.030543 
2210 6.493787 0.000000 1.678719 98.786634 0.159635 -1.542461 0.023880 
2211 6.835276 0.000000 1.678719 99.464398 0.160234 -0.797301 0.010617 
2212 6.493787 0.000000 2.007437 100.072044 0.265863 -1.446739 -0.001658 
2213 5.640063 0.000000 1.185641 64.847892 0.440975 -40.185751 0.417966 
2214 5.810808 0.000000 1.185641 81.812366 1.114616 -12.700730 0.314419 
2215 5.640063 0.000000 1.350000 95.183257 0.389337 -18.135943 0.061108 
2216 4.444850 0.000000 1.678719 106.971593 -0.392206 0.000000 -0.144308 
2217 4.444850 0.000000 2.007437 106.398615 -0.200853 1.382957 -0.132262 
2218 5.298574 0.000000 0.856922 8.309368 0.285684 2.802667 0.992302 
2219 4.957084 0.000000 1.185641 106.389978 -0.289089 0.099284 -0.131892 
2220 4.786340 0.000000 1.185641 106.248570 -0.343915 0.082408 -0.128888 
2221 4.957084 0.000000 1.350000 106.505921 -0.295857 0.113637 -0.134361 
2222 5.640063 0.000000 0.528203 -0.910823 -0.190336 -0.077612 0.999913 
2223 5.640063 0.000000 0.363844 -2.263230 -0.443411 -0.701664 0.999419 
2224 5.810808 0.000000 0.528203 81.338356 1.902809 -0.587847 0.338011 
2225 32.788477 0.000000 -14.428498 99.758484 -0.013277 6.514774 0.000580 
2226 32.788477 0.000000 -19.687997 99.747685 -0.011167 6.691194 0.000563 
2227 38.252309 0.000000 -14.428498 99.762068 -0.016840 6.510916 0.000514 
2228 24.592730 0.000000 -6.539249 99.817810 -0.034392 5.785348 0.000293 
2229 24.592730 0.000000 -9.168999 99.781728 -0.042047 6.132027 0.000600 
2230 27.324645 0.000000 -6.539249 99.810929 -0.040132 5.773905 0.000444 
2231 15.031024 0.000000 -2.594624 99.548292 -0.321482 4.786225 0.006713 
2232 15.031024 0.000000 -3.909499 99.616301 -0.273760 5.220685 0.004926 
2233 7.859745 0.000000 -0.293594 95.576043 1.635682 29.675837 -0.001811 
2234 7.859745 0.000000 -0.622312 96.934880 1.661152 28.933769 -0.023629 
2235 32.788477 0.000000 17.128498 99.813318 0.033090 6.316423 -0.000260 
2236 38.252309 0.000000 17.128498 99.819820 0.033962 6.275797 -0.000338 
2237 32.788477 0.000000 22.387997 99.811954 0.021840 6.575477 -0.000566 
2238 24.592730 0.000000 9.239249 99.853834 0.063076 5.321228 0.000089 
2239 27.324645 0.000000 9.239249 99.862252 0.069483 5.278740 -0.000034 
2240 24.592730 0.000000 11.868999 99.828870 0.039535 5.832171 0.000018 
2241 7.176766 0.000000 1.678719 99.765952 0.170015 -0.694347 0.004624 
2242 7.518255 0.000000 1.678719 99.722377 0.001051 -0.554496 0.005514 
2243 7.176766 0.000000 2.007437 100.059791 0.289076 -0.606478 -0.001241 
2244 7.859745 0.000000 1.678719 99.586172 0.045595 -0.235554 0.008254 
2245 7.859745 0.000000 2.007437 99.896189 0.121032 -0.134845 0.002072 
2246 7.859745 0.000000 2.336156 100.185989 0.300687 0.260679 -0.003739 
2247 7.518255 0.000000 2.336156 100.313516 0.519125 0.019602 -0.006307 
2248 7.859745 0.000000 2.664875 100.380636 0.656180 0.669498 -0.007715 
2249 7.176766 0.000000 2.336156 100.443702 0.362604 -0.183793 -0.008910 
2250 6.835276 0.000000 2.336156 100.559944 0.308337 -0.631077 -0.011280 
2251 7.176766 0.000000 2.664875 100.744891 0.419652 0.336422 -0.014982 
2252 8.884213 0.000000 -1.937187 98.339623 -0.474367 6.585247 0.028573 
2253 8.884213 0.000000 -2.594624 98.588854 0.070488 5.786024 0.024675 
2254 9.567192 0.000000 -1.937187 98.030085 -0.355166 5.890636 0.035528 
2255 9.225703 0.000000 -0.293594 99.089657 0.664088 15.358064 -0.005507 
2256 9.225703 0.000000 -0.622312 96.893687 -1.291829 8.565110 0.053658 
2257 9.567192 0.000000 -0.293594 99.031497 -2.382426 10.758338 0.007134 
2258 8.371979 0.000000 1.185641 93.542710 2.184678 -2.197386 0.124016 
2259 8.201234 0.000000 1.185641 99.277640 1.808985 -2.678376 0.013350 
2260 8.371979 0.000000 1.350000 98.051354 1.019907 1.537271 0.038253 
2261 8.371979 0.000000 0.528203 97.358192 1.914851 -3.542679 0.050517 
2262 8.201234 0.000000 0.528203 101.164256 1.687564 -3.900115 -0.025227 
2263 8.371979 0.000000 0.363844 -1.698182 2.490192 1.443115 0.998883 
2264 9.396448 0.000000 0.528203 94.680206 0.095331 -0.324031 0.103554 
2265 9.396448 0.000000 0.363844 96.669068 0.451064 25.489115 0.000519 
2266 9.567192 0.000000 0.528203 100.478900 0.598039 -1.625665 -0.009901 
2267 8.628096 0.000000 0.610383 98.657720 1.578256 -5.280754 0.023628 
2268 8.542724 0.000000 0.610383 98.578528 1.589036 -5.230095 0.025239 
2269 8.628096 0.000000 0.528203 96.683161 1.953081 -3.795111 0.063415 
2270 9.140330 0.000000 0.939102 165.418260 -0.287598 -32.613193 -1.842690 
2271 9.140330 0.000000 0.856922 93.276662 0.393367 -0.316552 0.129921 
2272 9.140330 0.000000 1.021281 123.943065 -0.080147 -7.845256 -0.542344 
2273 8.841527 0.000000 0.733652 85.101820 3.333395 -3.170438 0.273652 
2274 8.841527 0.000000 0.692563 86.329717 3.237353 -3.293305 0.252585 
2275 8.884213 0.000000 0.733652 86.531075 3.237305 -3.333925 0.249078 
2276 8.030490 0.000000 0.856922 100.170835 1.705226 -3.065884 -0.004650 
2277 8.030490 0.000000 0.692563 100.301776 1.692368 -3.132400 -0.007312 
2278 8.030490 0.000000 1.021281 100.816014 1.675465 -3.532216 -0.017915 
2279 8.030490 0.000000 1.185641 99.277640 1.808985 -2.678376 0.013350 
2280 7.859745 0.000000 1.185641 99.868825 1.594293 -2.332449 0.001824 
2281 8.030490 0.000000 1.350000 98.805422 0.627812 0.202575 0.023705 
2282 7.689000 0.000000 1.185641 99.868825 1.594293 -2.332449 0.001824 
2283 7.518255 0.000000 1.185641 99.868825 1.594293 -2.332449 0.001824 
2284 7.689000 0.000000 1.350000 99.179610 0.769072 -0.369594 0.016268 
2285 8.670782 0.000000 0.733652 85.148055 2.953346 -3.480290 0.272897 
2286 8.628096 0.000000 0.733652 87.163004 2.757673 -3.568631 0.238227 
2287 8.670782 0.000000 0.692563 85.726263 2.890548 -3.622228 0.262953 
2288 8.371979 0.000000 1.514359 98.964117 0.357908 0.680173 0.020551 
2289 8.201234 0.000000 1.514359 98.980368 0.231245 0.194423 0.020280 
2290 8.371979 0.000000 1.678719 99.249952 0.193360 0.168903 0.014938 
2291 8.713469 0.000000 1.843078 99.382230 0.469690 -0.072882 0.012295 
2292 8.542724 0.000000 1.843078 99.471045 0.274398 0.131980 0.010542 
2293 8.713469 0.000000 2.007437 99.505883 0.445629 -0.002798 0.009838 
2294 8.371979 0.000000 1.843078 99.516326 0.201006 -0.111816 0.009645 
2295 8.201234 0.000000 1.843078 99.428023 0.361531 -0.168240 0.011391 
2296 8.371979 0.000000 2.007437 99.764532 0.317974 -0.045025 0.004693 
2297 8.798841 0.000000 1.103461 102.035395 0.121855 13.634196 -0.059713 
2298 8.713469 0.000000 1.103461 96.740537 1.948849 -3.824302 0.062285 
2299 8.884213 0.000000 1.103461 102.366270 -0.000000 10.054460 -0.057995 
2300 8.734812 0.000000 0.836377 61.370375 1.254759 21.484175 0.577053 
2301 8.713469 0.000000 0.836377 79.321491 1.591223 10.395445 0.359750 
2302 8.734812 0.000000 0.856922 61.313536 1.188001 21.897696 0.575973 
2303 8.969586 0.000000 0.610383 114.580475 1.634987 -6.713928 -0.317644 
2304 8.969586 0.000000 0.528203 -4.066769 2.511476 -2.899581 0.996875 
2305 9.054958 0.000000 0.610383 92.270913 2.096569 -4.392518 0.146239 
2306 8.670782 0.000000 0.898012 82.164846 3.330561 -2.533928 0.323142 
2307 8.628096 0.000000 0.898012 87.183543 2.757553 -3.582925 0.237859 
2308 8.670782 0.000000 0.939102 82.516417 3.298641 -2.593154 0.317344 
2309 9.908682 0.000000 -0.293594 96.141890 -2.293520 11.576677 0.061746 
2310 9.908682 0.000000 -0.622312 96.905916 -0.780112 8.724905 0.053251 
2311 10.250171 0.000000 -0.293594 94.824077 -1.654716 9.783518 0.090994 
2312 10.079427 0.000000 0.528203 91.190897 0.322480 23.605224 0.112691 
2313 9.908682 0.000000 0.528203 96.716863 0.236149 16.082907 0.038713 
2314 10.079427 0.000000 0.363844 87.590906 0.082307 37.994756 0.088423 
2315 9.737937 0.000000 0.528203 97.153365 0.301108 12.648011 0.040116 
2316 9.737937 0.000000 0.363844 95.534142 0.025132 29.051742 0.002922 
2317 11.957619 0.000000 0.363844 97.564426 3.190994 3.447234 0.045912 
2318 11.957619 0.000000 0.035125 97.679369 -1.418532 3.042184 0.044747 
2319 10.506288 0.000000 0.774742 93.825573 2.815702 2.735481 0.118135 
2320 10.420916 0.000000 0.774742 94.088918 2.909063 2.670270 0.113168 
2321 10.591661 0.000000 0.774742 90.422110 2.801483 2.778590 0.180827 
2322 11.957619 0.000000 2.336156 99.248268 -1.320685 2.513647 0.014172 
2323 12.299108 0.000000 2.336156 99.250074 -1.181273 2.769181 0.014036 
2324 11.957619 0.000000 2.664875 99.411535 -1.585080 2.298725 0.010955 
2325 10.677033 0.000000 0.774742 93.147292 3.782113 -3.116877 0.129956 
2326 10.335544 0.000000 1.103461 96.108113 0.741973 -1.373210 0.076079 
2327 10.250171 0.000000 1.103461 99.299648 0.614563 -6.482169 0.009718 
2328 10.335544 0.000000 1.185641 97.291854 0.404112 1.368288 0.053226 
2329 10.335544 0.000000 1.267820 97.818283 0.441866 2.272980 0.042622 
2330 10.250171 0.000000 1.267820 98.183277 0.442195 1.619416 0.035723 
2331 10.335544 0.000000 1.350000 97.797461 0.215895 1.778206 0.043245 
2332 10.890464 0.000000 0.980191 96.053057 -0.197226 -46.116196 -0.135293 
2333 10.933150 0.000000 0.980191 96.164878 0.518360 -21.165208 0.030408 
2334 10.890464 0.000000 1.021281 107.691215 -0.472093 -13.522802 -0.178049 
2335 10.719719 0.000000 0.898012 100.416442 6.384584 -4.621002 -0.014558 
2336 10.677033 0.000000 0.898012 104.817672 5.780242 -5.063006 -0.104579 
2337 10.719719 0.000000 0.856922 99.944796 5.589406 -2.308265 -0.002553 
2338 11.103895 0.000000 1.514359 98.547562 -1.199385 1.865942 0.028346 
2339 11.274640 0.000000 1.514359 98.241829 -1.165072 2.282082 0.034198 
2340 11.103895 0.000000 1.678719 98.675403 -0.987919 1.862478 0.025872 
2341 11.103895 0.000000 1.843078 98.709542 -0.928879 2.015558 0.025150 
2342 11.274640 0.000000 1.843078 98.624698 -0.932360 2.284949 0.026708 
2343 11.103895 0.000000 2.007437 98.865529 -1.349991 2.105792 0.021935 
2344 11.018523 0.000000 1.103461 97.306326 -1.279295 -2.012142 0.052579 
2345 11.103895 0.000000 1.103461 95.853299 -1.206898 0.201102 0.081065 
2346 11.018523 0.000000 1.185641 98.435996 -2.287013 0.026166 0.030512 
2347 11.018523 0.000000 1.267820 98.623293 -1.867873 1.569836 0.026749 
2348 11.103895 0.000000 1.267820 97.883051 -1.773201 1.792984 0.041255 
2349 11.018523 0.000000 1.350000 98.635187 -0.916065 2.213862 0.026536 
2350 10.719719 0.000000 1.062371 103.199769 0.533699 7.162032 -0.070177 
2351 10.677033 0.000000 1.062371 103.497464 0.467375 6.300237 -0.075164 
2352 10.762405 0.000000 1.062371 102.893648 0.991947 6.936563 -0.063620 
2353 10.634347 0.000000 1.144551 101.982144 0.162454 5.044174 -0.042583 
2354 10.591661 0.000000 1.144551 101.425722 0.238337 4.941390 -0.031165 
2355 10.634347 0.000000 1.103461 103.316091 0.314689 5.038583 -0.069970 
2356 10.805092 0.000000 0.733652 80.160223 1.066655 17.390643 0.327077 
2357 10.762405 0.000000 0.733652 80.081692 1.101096 4.404029 0.356631 
2358 10.805092 0.000000 0.774742 79.118035 1.238464 0.000000 0.373880 
2359 10.890464 0.000000 0.815832 26.503898 -2.604514 -25.798483 0.862520 
2360 10.847778 0.000000 0.815832 5.113888 1.404854 8.397012 0.990136 
2361 10.933150 0.000000 0.815832 27.864238 -2.462575 -19.299571 0.884505 
2362 10.805092 0.000000 0.815832 92.809679 4.423075 -0.626507 0.136641 
2363 10.762405 0.000000 0.815832 91.645551 3.834080 -1.379493 0.158449 
2364 11.018523 0.000000 0.610383 83.973718 1.648415 13.823884 0.275460 
2365 11.018523 0.000000 0.528203 89.031049 1.894836 11.099967 0.194667 
2366 11.103895 0.000000 0.610383 86.917314 1.912717 8.927737 0.236202 
2367 10.890464 0.000000 0.651473 71.009935 0.978648 42.718435 0.313177 
2368 10.890464 0.000000 0.610383 79.939073 1.015119 39.105610 0.207947 
2369 10.933150 0.000000 0.651473 79.939073 1.015119 39.105610 0.207947 
2370 9.481820 0.000000 1.103461 99.817906 0.000378 10.561286 -0.007516 
2371 9.567192 0.000000 1.103461 109.934840 0.019252 5.974826 -0.212137 
2372 9.481820 0.000000 1.185641 98.814087 0.007885 4.347101 0.021688 
2373 9.481820 0.000000 1.267820 98.121461 -0.018933 2.437195 0.036624 
2374 9.567192 0.000000 1.267820 99.197492 -0.002539 1.431487 0.015781 
2375 9.481820 0.000000 1.350000 97.958603 -0.035730 0.854021 0.040338 
2376 8.969586 0.000000 1.103461 103.673365 -0.012233 4.120135 -0.076514 
2377 9.054958 0.000000 1.103461 103.662451 -0.025831 2.709860 -0.075325 
2378 9.140330 0.000000 1.103461 106.670971 -0.023864 -2.932851 -0.138730 
2379 9.140330 0.000000 1.185641 100.046821 -0.041862 -0.420851 -0.000955 
2380 9.140330 0.000000 1.267820 98.107819 -0.041882 0.537011 0.037457 
2381 9.140330 0.000000 1.350000 97.922931 0.000000 0.333562 0.041099 
2382 10.847778 0.000000 1.432180 99.215801 -1.283532 1.961970 0.015073 
2383 10.933150 0.000000 1.432180 98.991488 -1.163964 1.810426 0.019605 
2384 10.847778 0.000000 1.514359 99.059027 -1.467727 1.837415 0.018178 
2385 10.677033 0.000000 1.596539 98.462537 0.000000 1.632079 0.030247 
2386 10.591661 0.000000 1.596539 98.226082 -0.000000 1.513348 0.034935 
2387 10.762405 0.000000 1.596539 98.590146 0.000000 1.744838 0.027694 
2388 9.737937 0.000000 1.514359 97.793538 0.000000 0.154258 0.043640 
2389 9.908682 0.000000 1.514359 97.390846 -0.000000 0.404269 0.051486 
2390 10.079427 0.000000 1.514359 97.548935 0.000000 0.939447 0.048332 
2391 10.079427 0.000000 1.678719 97.852673 0.000000 0.946737 0.042396 
2392 10.079427 0.000000 1.843078 97.980673 0.000000 1.007273 0.039877 
2393 10.079427 0.000000 2.007437 97.967284 0.000000 1.121974 0.040115 
2394 10.335544 0.000000 1.432180 97.452934 -0.000000 1.609582 0.050033 
2395 10.250171 0.000000 1.432180 97.301127 0.000000 1.353026 0.053066 
2396 10.335544 0.000000 1.514359 97.627285 -0.000000 1.297860 0.046723 
2397 10.506288 0.000000 1.596539 97.870454 -0.000000 1.291543 0.041971 
2398 10.420916 0.000000 1.596539 97.746072 -0.000000 1.237041 0.044418 
2399 10.335544 0.000000 1.596539 97.597792 -0.000000 1.220530 0.047318 
2400 10.250171 0.000000 1.596539 97.463895 0.000000 1.125450 0.049952 
2401 10.335544 0.000000 1.678719 97.943648 -0.000000 1.164944 0.040568 
2402 9.311075 0.000000 1.432180 96.949516 0.000000 0.239365 0.060073 
2403 9.225703 0.000000 1.432180 96.860101 0.000000 0.270401 0.061805 
2404 9.396448 0.000000 1.432180 97.397659 0.000000 0.677727 0.051324 
2405 9.481820 0.000000 1.432180 97.714325 0.000000 0.630222 0.045151 
2406 9.567192 0.000000 1.432180 97.851537 0.000000 0.293242 0.042499 
2407 9.481820 0.000000 1.514359 97.840178 0.000000 0.346803 0.042718 
2408 9.481820 0.000000 1.596539 97.637412 0.000000 0.294651 0.046685 
2409 9.567192 0.000000 1.596539 97.660420 0.000000 0.071074 0.046244 
2410 9.140330 0.000000 1.432180 96.564387 0.000000 0.664830 0.067488 
2411 9.140330 0.000000 1.514359 96.312312 0.000000 1.068813 0.072280 
2412 9.140330 0.000000 1.596539 95.092165 -0.000000 1.355588 0.095564 
2413 9.054958 0.000000 1.596539 92.429303 -0.000000 2.378564 0.145117 
2414 8.969586 0.000000 1.596539 91.159368 -0.000000 3.186400 0.167982 
2415 8.884213 0.000000 1.596539 98.888996 1.151274 0.244938 0.021958 
2416 8.969586 0.000000 1.678719 99.397381 1.674572 0.039694 0.011735 
2417 8.798841 0.000000 1.432180 99.074004 1.238565 1.257681 0.018123 
2418 8.713469 0.000000 1.432180 98.807468 0.942064 1.311213 0.023448 
2419 8.798841 0.000000 1.514359 98.980409 0.923908 0.602964 0.020166 
2420 8.798841 0.000000 1.596539 98.972380 0.717616 0.372091 0.020381 
2421 8.713469 0.000000 1.596539 98.913204 0.504939 0.341991 0.021581 
2422 8.798841 0.000000 1.678719 99.523205 0.649851 0.233403 0.009465 
2423 8.542724 0.000000 3.651031 100.629046 0.780997 1.899178 -0.013042 
2424 8.201234 0.000000 3.651031 100.698355 0.732015 1.832749 -0.014405 
2425 8.542724 0.000000 3.979750 100.435409 0.356297 2.432598 -0.009332 
2426 9.481820 0.000000 1.925258 97.691805 0.000000 0.829931 0.045562 
2427 9.567192 0.000000 1.925258 97.999662 0.000000 0.928381 0.039520 
2428 8.969586 0.000000 1.760898 99.486573 1.415290 0.121842 0.010040 
2429 8.884213 0.000000 1.760898 99.494174 0.876367 0.109006 0.010013 
2430 8.969586 0.000000 1.843078 99.442207 1.251002 0.104949 0.010967 
2431 8.969586 0.000000 1.925258 99.424968 1.016825 0.165667 0.011361 
2432 8.884213 0.000000 1.925258 99.371219 0.775893 0.020613 0.012476 
2433 8.969586 0.000000 2.007437 99.422716 1.045029 0.138692 0.011401 
2434 10.079427 0.000000 2.171797 98.177545 -0.000000 1.171704 0.035980 
2435 10.079427 0.000000 2.336156 98.108000 -0.000000 1.504293 0.037256 
2436 10.079427 0.000000 2.500515 98.437586 -0.000000 1.748505 0.030698 
2437 10.079427 0.000000 2.664875 98.254787 -0.000000 1.990775 0.034203 
2438 10.335544 0.000000 1.760898 98.321778 -0.000000 1.097538 0.033162 
2439 10.250171 0.000000 1.760898 98.208125 0.000000 1.082962 0.035399 
2440 10.335544 0.000000 1.843078 98.165824 -0.000000 1.160858 0.036212 
2441 10.335544 0.000000 1.925258 98.334984 0.000000 1.235028 0.032871 
2442 10.250171 0.000000 1.925258 98.357407 0.000000 1.274643 0.032420 
2443 10.335544 0.000000 2.007437 98.152729 0.000000 1.294239 0.036437 
2444 11.957619 0.000000 2.993594 99.518004 -1.553859 2.536064 0.008732 
2445 12.299108 0.000000 2.993594 99.712253 -1.559188 2.491915 0.004883 
2446 11.957619 0.000000 3.322312 99.886877 -0.947451 1.874634 0.001820 
2447 11.957619 0.000000 3.651031 99.777210 4.336935 4.016156 0.000957 
2448 12.299108 0.000000 3.651031 99.811946 4.561891 4.414129 -0.000272 
2449 11.957619 0.000000 3.979750 99.993669 1.383002 2.995976 -0.000962 
2450 11.103895 0.000000 2.171797 98.899096 -1.174522 2.136742 0.021302 
2451 11.274640 0.000000 2.171797 98.903086 -1.149762 2.296040 0.021159 
2452 11.103895 0.000000 2.336156 99.100165 -1.316963 2.188407 0.017263 
2453 11.103895 0.000000 2.500515 99.295317 -0.858292 2.101423 0.013529 
2454 11.274640 0.000000 2.500515 99.283433 -1.053053 2.270974 0.013653 
2455 10.677033 0.000000 2.089617 98.735690 0.000000 1.665179 0.024849 
2456 10.591661 0.000000 2.089617 98.595482 -0.000000 1.612955 0.027633 
2457 10.762405 0.000000 2.089617 98.819265 0.000000 1.696308 0.023188 
2458 10.506288 0.000000 2.089617 98.451452 -0.000000 1.426806 0.030528 
2459 10.420916 0.000000 2.089617 98.414022 -0.000000 1.357072 0.031284 
2460 8.713469 0.000000 2.171797 99.810152 0.534826 0.386125 0.003750 
2461 8.542724 0.000000 2.171797 99.815600 0.418410 0.248863 0.003661 
2462 8.713469 0.000000 2.336156 99.916352 0.562410 0.517880 0.001614 
2463 8.713469 0.000000 2.500515 100.009065 0.697633 0.709462 -0.000280 
2464 8.542724 0.000000 2.500515 100.060199 0.613957 0.625854 -0.001281 
2465 8.713469 0.000000 2.664875 99.998045 0.691212 0.932149 -0.000096 
2466 9.140330 0.000000 2.089617 89.497569 -0.000000 3.641833 0.197692 
2467 9.054958 0.000000 2.089617 99.613573 1.395730 0.229955 0.007514 
2468 9.140330 0.000000 2.171797 99.574145 2.066519 0.391383 0.008057 
2469 9.140330 0.000000 2.253976 99.499559 1.899399 0.494922 0.009599 
2470 9.054958 0.000000 2.253976 99.555969 1.300318 0.389707 0.008677 
2471 9.140330 0.000000 2.336156 99.468895 1.720716 0.633280 0.010258 
2472 9.652565 0.000000 2.253976 97.617212 0.000000 1.487050 0.046867 
2473 9.652565 0.000000 2.171797 97.940117 0.000000 1.403805 0.040576 
2474 9.737937 0.000000 2.253976 97.690987 0.000000 1.444257 0.045439 
2475 9.054958 0.000000 3.157953 100.013383 1.346260 1.918841 -0.000817 
2476 8.884213 0.000000 3.157953 100.150972 1.123833 1.642855 -0.003418 
2477 9.054958 0.000000 3.322312 100.065133 1.151703 2.063385 -0.001861 
2478 9.353761 0.000000 2.295066 93.215948 -0.000000 2.871222 0.130254 
2479 9.311075 0.000000 2.295066 91.529090 -0.000000 3.458264 0.161047 
2480 9.439134 0.000000 2.212887 96.779549 0.000000 1.410263 0.063173 
2481 9.439134 0.000000 2.171797 97.153657 0.000000 1.371461 0.055929 
2482 9.481820 0.000000 2.212887 97.239200 0.000000 1.312536 0.054282 
2483 9.524506 0.000000 2.295066 97.117633 0.000000 1.513712 0.056587 
2484 9.524506 0.000000 2.253976 97.173873 0.000000 1.447969 0.055514 
2485 9.567192 0.000000 2.295066 97.244175 0.000000 1.457189 0.054145 
2486 10.847778 0.000000 2.582695 99.353980 -1.182927 1.925946 0.012368 
2487 10.847778 0.000000 2.500515 99.297585 -1.228669 1.892317 0.013490 
2488 10.933150 0.000000 2.582695 99.348119 -1.026473 1.962887 0.012504 
2489 10.506288 0.000000 2.582695 98.776058 -0.000000 2.149274 0.023867 
2490 10.420916 0.000000 2.582695 98.651443 -0.000000 2.133043 0.026334 
2491 10.079427 0.000000 2.829234 98.752071 0.000000 2.602745 0.024125 
2492 9.140330 0.000000 2.418336 99.511353 1.545084 0.716457 0.009459 
2493 9.054958 0.000000 2.418336 99.553636 1.156461 0.632012 0.008734 
2494 9.140330 0.000000 2.500515 99.566899 1.401620 0.810917 0.008381 
2495 9.140330 0.000000 2.582695 99.845319 1.238108 1.170324 0.002801 
2496 9.054958 0.000000 2.582695 99.861801 0.959645 1.103577 0.002548 
2497 9.140330 0.000000 2.664875 99.874437 1.137505 1.250430 0.002224 
2498 9.353761 0.000000 2.459426 90.859506 -0.000000 4.003016 0.172853 
2499 9.311075 0.000000 2.459426 89.881308 -0.000000 4.329172 0.190261 
2500 9.353761 0.000000 2.500515 90.325177 -0.000000 4.345387 0.182248 
2501 9.311075 0.000000 2.911414 99.849633 1.967904 1.704835 0.002327 
2502 9.225703 0.000000 2.911414 99.707342 1.611599 1.891169 0.005227 
2503 9.311075 0.000000 2.993594 99.892456 1.884388 1.773707 0.001480 
2504 9.439134 0.000000 2.623785 91.158175 -0.000000 4.300526 0.167169 
2505 9.396448 0.000000 2.623785 89.876193 -0.000000 4.751538 0.189969 
2506 9.481820 0.000000 2.623785 93.205941 -0.000000 3.472434 0.130059 
2507 9.460477 0.000000 2.438881 95.305559 0.000000 2.436942 0.091091 
2508 9.439134 0.000000 2.438881 93.729869 -0.000000 3.035469 0.120550 
2509 9.460477 0.000000 2.418336 95.772473 0.000000 2.260698 0.082252 
2510 9.652565 0.000000 2.747055 97.042858 0.000000 2.476596 0.057655 
2511 9.737937 0.000000 2.747055 97.592623 0.000000 2.308508 0.047035 
2512 9.823309 0.000000 2.911414 98.140288 0.000000 2.718842 0.036109 
2513 9.823309 0.000000 2.829234 98.181909 0.000000 2.648064 0.035330 
2514 9.908682 0.000000 2.911414 98.414699 0.000000 2.647306 0.030754 
2515 9.353761 0.000000 2.541605 89.555572 -0.000000 4.827717 0.195649 
2516 9.311075 0.000000 2.541605 89.008835 -0.000000 5.049909 0.205193 
2517 9.353761 0.000000 2.582695 89.424603 -0.000000 4.903870 0.197919 
2518 9.353761 0.000000 2.623785 89.584902 -0.000000 4.890403 0.195063 
2519 9.311075 0.000000 2.623785 99.362965 2.748446 1.385891 0.011753 
2520 9.353761 0.000000 2.664875 88.926655 -0.000000 5.150754 0.206552 
2521 7.518255 0.000000 4.637187 100.873426 0.858123 3.003855 -0.018521 
2522 6.835276 0.000000 4.637187 101.558604 0.653245 2.973250 -0.032342 
2523 7.518255 0.000000 5.294624 101.027839 0.556107 3.551889 -0.021955 
2524 7.859745 0.000000 2.993594 100.618191 0.714465 0.835340 -0.012523 
2525 7.518255 0.000000 2.993594 100.623629 0.453043 1.010292 -0.012634 
2526 7.859745 0.000000 3.322312 100.743666 0.694772 1.280629 -0.015141 
2527 7.859745 0.000000 3.651031 100.995770 0.403564 1.723295 -0.020328 
2528 7.518255 0.000000 3.651031 101.069073 0.411731 1.535166 -0.021748 
2529 7.859745 0.000000 3.979750 100.886727 0.377476 2.035116 -0.018242 
2530 8.713469 0.000000 2.829234 100.072972 0.957769 1.129960 -0.001679 
2531 8.542724 0.000000 2.829234 100.139715 0.858109 1.023188 -0.002975 
2532 8.713469 0.000000 2.993594 100.223249 0.918729 1.319370 -0.004728 
2533 8.713469 0.000000 3.157953 100.310242 1.015947 1.470151 -0.006534 
2534 8.542724 0.000000 3.157953 100.358319 0.909489 1.380436 -0.007453 
2535 8.713469 0.000000 3.322312 100.404521 0.893652 1.659130 -0.008462 
2536 9.140330 0.000000 2.747055 99.918734 1.223284 1.329242 0.001298 
2537 9.054958 0.000000 2.747055 99.932314 1.008037 1.281417 0.001087 
2538 9.140330 0.000000 2.829234 99.922652 1.175073 1.433359 0.001203 
2539 9.140330 0.000000 2.911414 99.708737 1.457504 1.853099 0.005261 
2540 9.054958 0.000000 2.911414 99.962528 1.288105 1.500914 0.000358 
2541 9.140330 0.000000 2.993594 99.749994 1.358147 1.908562 0.004445 
2542 9.353761 0.000000 2.705965 86.353007 -0.000000 6.143267 0.250542 
2543 9.311075 0.000000 2.705965 99.383920 2.228109 1.506751 0.011560 
2544 9.353761 0.000000 2.747055 99.438766 2.671803 1.407338 0.010281 
2545 10.420916 0.000000 3.815390 100.186679 1.725953 2.415088 -0.004618 
2546 10.250171 0.000000 3.815390 100.170732 1.672140 2.403124 -0.004275 
2547 10.420916 0.000000 3.979750 100.157511 1.121186 2.565194 -0.003936 
2548 9.225703 0.000000 4.308468 100.316936 0.588787 2.731315 -0.007129 
2549 8.884213 0.000000 4.308468 100.469361 0.331224 2.638714 -0.010117 
2550 9.225703 0.000000 4.637187 100.137120 0.603011 2.939723 -0.003645 
2551 9.054958 0.000000 3.486672 100.216274 1.037000 2.151954 -0.004901 
2552 8.884213 0.000000 3.486672 100.260633 0.950054 2.102875 -0.005752 
2553 9.054958 0.000000 3.651031 100.270843 1.039366 2.105245 -0.005975 
2554 9.396448 0.000000 3.815390 100.198710 1.239714 2.386750 -0.004701 
2555 9.225703 0.000000 3.815390 100.245406 1.150338 2.346600 -0.005597 
2556 9.396448 0.000000 3.979750 100.223550 0.741310 2.501597 -0.005157 
2557 9.054958 0.000000 3.815390 100.275198 0.948118 2.300270 -0.006131 
2558 8.884213 0.000000 3.815390 100.341466 0.861933 2.365303 -0.007475 
2559 9.054958 0.000000 3.979750 100.347664 0.531926 2.373358 -0.007557 
2560 9.311075 0.000000 3.075773 99.926953 1.703157 1.830336 0.000835 
2561 9.225703 0.000000 3.075773 99.938986 1.440119 1.787067 0.000693 
2562 9.311075 0.000000 3.157953 100.028587 1.562338 1.901739 -0.001178 
2563 9.311075 0.000000 3.240133 100.106623 1.665904 1.886006 -0.002767 
2564 9.225703 0.000000 3.240133 100.057366 1.461435 1.907468 -0.001725 
2565 9.311075 0.000000 3.322312 100.129411 1.477613 1.956099 -0.003191 
2566 9.524506 0.000000 2.952504 90.502933 -0.000000 4.985377 0.178437 
2567 9.481820 0.000000 2.952504 89.107854 -0.000000 5.485316 0.202970 
2568 9.567192 0.000000 2.952504 92.425054 -0.000000 4.291824 0.143919 
2569 10.079427 0.000000 3.815390 100.123249 1.554775 2.512761 -0.003340 
2570 10.079427 0.000000 3.979750 100.098151 1.058357 2.660780 -0.002784 
2571 9.609878 0.000000 2.952504 93.872887 -0.000000 3.780273 0.117359 
2572 9.609878 0.000000 2.911414 94.998159 -0.000000 3.282914 0.096457 
2573 9.652565 0.000000 2.952504 96.009924 0.000000 3.128004 0.077231 
2574 9.695251 0.000000 3.034683 96.517018 0.000000 3.178356 0.067436 
2575 9.695251 0.000000 2.993594 96.819615 0.000000 2.968381 0.061715 
2576 9.737937 0.000000 3.034683 97.235556 0.000000 3.011791 0.053618 
2577 9.823309 0.000000 3.568851 97.072175 0.000000 4.320111 0.055833 
2578 9.908682 0.000000 3.568851 98.715057 0.000000 4.270511 0.023710 
2579 9.823309 0.000000 3.651031 100.052247 2.822699 2.443184 -0.002439 
2580 9.609878 0.000000 3.281222 90.317066 -0.000000 5.675707 0.181061 
2581 9.567192 0.000000 3.281222 87.020598 -0.000000 6.732737 0.238209 
2582 9.588535 0.000000 3.096318 89.721230 -0.000000 5.523970 0.191959 
2583 9.567192 0.000000 3.096318 90.172758 -0.000000 5.360357 0.184014 
2584 9.609878 0.000000 3.096318 91.196080 -0.000000 5.018288 0.165809 
2585 9.631222 0.000000 3.096318 93.168858 -0.000000 4.341897 0.130071 
2586 9.631222 0.000000 3.075773 93.072364 -0.000000 4.338131 0.131872 
2587 9.652565 0.000000 3.096318 94.203021 -0.000000 4.001001 0.110978 
2588 9.311075 0.000000 3.404492 100.224231 1.331277 2.001127 -0.005067 
2589 9.225703 0.000000 3.404492 100.241525 1.210295 1.971333 -0.005371 
2590 9.311075 0.000000 3.486672 100.195425 1.215912 2.120260 -0.004510 
2591 9.481820 0.000000 3.568851 100.211287 1.614324 2.243746 -0.004994 
2592 9.396448 0.000000 3.568851 100.228179 1.470031 2.213269 -0.005275 
2593 9.481820 0.000000 3.651031 100.147868 1.554567 2.301022 -0.003731 
2594 9.311075 0.000000 3.568851 100.228979 1.245694 2.193244 -0.005221 
2595 9.225703 0.000000 3.568851 100.237594 1.130812 2.159315 -0.005352 
2596 9.311075 0.000000 3.651031 100.164542 1.324620 2.244349 -0.003973 
2597 9.524506 0.000000 3.199043 85.195374 -0.000000 7.159254 0.269049 
2598 9.481820 0.000000 3.199043 100.069519 2.695547 1.928077 -0.002489 
2599 9.524506 0.000000 3.240133 100.103503 3.061511 1.976198 -0.003399 
2600 9.524506 0.000000 3.281222 100.060336 2.764677 2.070401 -0.002400 
2601 9.481820 0.000000 3.281222 100.134463 2.259092 1.969715 -0.003589 
2602 9.524506 0.000000 3.322312 100.093663 2.554978 2.071715 -0.002956 
2603 9.588535 0.000000 3.178498 90.283307 -0.000000 5.425179 0.181949 
2604 9.567192 0.000000 3.178498 89.652024 -0.000000 5.602811 0.193112 
2605 9.588535 0.000000 3.199043 89.938799 -0.000000 5.593214 0.187973 
2606 9.780623 0.000000 3.281222 97.377674 0.000000 3.924231 0.050219 
2607 9.780623 0.000000 3.240133 97.752476 0.000000 3.815089 0.042990 
2608 9.823309 0.000000 3.281222 98.232088 0.000000 3.810858 0.033593 
2609 11.274640 0.000000 4.308468 100.160556 0.928074 2.996247 -0.004198 
2610 11.616129 0.000000 4.308468 100.081990 0.909978 3.098776 -0.002684 
2611 11.274640 0.000000 4.637187 100.211440 0.726391 3.208304 -0.005315 
2612 11.957619 0.000000 4.308468 100.080914 0.897628 3.143905 -0.002688 
2613 12.299108 0.000000 4.308468 100.035532 0.888501 3.222791 -0.001828 
2614 11.957619 0.000000 4.637187 99.917317 0.818010 3.404023 0.000427 
2615 11.103895 0.000000 3.815390 100.021521 1.828693 2.716812 -0.001503 
2616 11.274640 0.000000 3.815390 99.979529 1.815849 2.777125 -0.000692 
2617 11.103895 0.000000 3.979750 99.981942 1.300595 2.829600 -0.000609 
2618 10.847778 0.000000 3.568851 99.575271 17.185786 5.651764 -0.024253 
2619 10.933150 0.000000 3.568851 99.473552 17.789904 8.790336 -0.028874 
2620 10.847778 0.000000 3.651031 99.980334 3.962617 2.676994 -0.001894 
2621 10.506288 0.000000 3.404492 99.813922 -0.000000 4.900961 0.001316 
2622 10.420916 0.000000 3.404492 99.713475 0.000000 4.909946 0.003312 
2623 10.506288 0.000000 3.486672 99.860519 -0.000000 5.109519 0.000177 
2624 10.506288 0.000000 3.568851 99.855326 -0.000000 5.189682 0.000198 
2625 10.420916 0.000000 3.568851 99.749908 0.000000 5.236771 0.002253 
2626 10.506288 0.000000 3.651031 100.112247 3.803053 2.378787 -0.004258 
2627 10.634347 0.000000 3.363402 99.864497 -0.000000 4.714743 0.000485 
2628 10.591661 0.000000 3.363402 99.877387 -0.000000 4.723293 0.000220 
2629 10.634347 0.000000 3.404492 100.084886 -0.000000 4.931741 -0.004131 
2630 10.634347 0.000000 3.445582 100.185140 -0.000000 5.026206 -0.006233 
2631 10.591661 0.000000 3.445582 100.068788 -0.000000 5.028339 -0.003905 
2632 10.634347 0.000000 3.486672 100.243540 -0.000000 5.114923 -0.007493 
2633 9.609878 0.000000 3.445582 87.425475 -0.000000 6.958061 0.230837 
2634 9.567192 0.000000 3.445582 100.135792 2.335284 2.175400 -0.003736 
2635 9.609878 0.000000 3.486672 100.172399 2.540746 2.222535 -0.004590 
2636 9.780623 0.000000 3.445582 95.653653 -0.000000 4.575910 0.082944 
2637 9.823309 0.000000 3.445582 97.337163 -0.000000 4.224571 0.050763 
2638 9.780623 0.000000 3.486672 95.410359 -0.000000 4.655048 0.087519 
2639 9.716594 0.000000 3.383947 92.808932 -0.000000 5.248632 0.135895 
2640 9.737937 0.000000 3.383947 94.400972 -0.000000 4.788721 0.106552 
2641 9.716594 0.000000 3.404492 92.830748 -0.000000 5.251289 0.135488 
2642 9.524506 0.000000 3.363402 100.085521 2.395785 2.100411 -0.002726 
2643 9.481820 0.000000 3.363402 100.113048 2.037731 2.085145 -0.003112 
2644 9.524506 0.000000 3.404492 100.126338 2.215669 2.130430 -0.003473 
2645 9.524506 0.000000 3.445582 100.141623 2.051120 2.160004 -0.003722 
2646 9.481820 0.000000 3.445582 100.147856 1.860077 2.145940 -0.003766 
2647 9.524506 0.000000 3.486672 100.178476 1.969813 2.192445 -0.004441 
2648 7.006021 0.000000 0.528203 97.355470 1.375957 -0.292881 0.051993 
2649 6.835276 0.000000 0.528203 97.355470 1.375957 -0.292881 0.051993 
2650 7.006021 0.000000 0.363844 -5.488685 2.222693 0.040462 0.996493 
2651 20.494856 0.000000 -2.594624 99.833322 0.009754 4.840070 0.000988 
2652 20.494856 0.000000 -3.909499 99.819875 -0.003592 5.233366 0.000860 
2653 21.860814 0.000000 -2.594624 99.842310 0.040968 4.811149 0.000836 
2654 14.348045 0.000000 -0.622312 99.199596 -0.443989 3.833528 0.014455 
2655 14.348045 0.000000 -1.279750 99.286606 -0.488092 4.131701 0.012486 
2656 15.031024 0.000000 -0.622312 99.425808 -0.323105 4.161926 0.009708 
2657 15.714003 0.000000 -0.622312 99.571053 -0.219131 4.235475 0.006762 
2658 15.714003 0.000000 -1.279750 99.587894 -0.217359 4.357584 0.006322 
2659 13.323577 0.000000 0.363844 99.248037 -0.548699 0.766674 0.014894 
2660 13.323577 0.000000 0.035125 98.820705 -0.688929 3.515221 0.022164 
2661 13.665066 0.000000 0.363844 99.266257 -1.035774 1.821258 0.014182 
2662 5.298574 0.000000 0.199485 -0.515932 -0.214598 0.368535 0.999955 
2663 5.298574 0.000000 0.035125 -1.693398 -0.214762 -0.384493 0.999694 
2664 5.469318 0.000000 0.199485 -2.064177 -0.236415 -0.353734 0.999556 
2665 4.615595 0.000000 0.199485 6.508814 -0.130547 0.814709 0.995695 
2666 4.444850 0.000000 0.199485 6.842826 -0.159399 0.130821 0.995313 
2667 4.615595 0.000000 0.035125 4.989067 -0.185581 0.162583 0.997505 
2668 4.871712 0.000000 0.610383 6.558946 -0.149677 6.513885 0.991453 
2669 4.786340 0.000000 0.610383 105.580227 -0.337496 0.000000 -0.114730 
2670 4.871712 0.000000 0.692563 105.580227 -0.337496 0.000000 -0.114730 
2671 4.615595 0.000000 0.856922 107.997481 -0.431485 0.231687 -0.166370 
2672 4.444850 0.000000 0.856922 109.345847 -0.466865 0.292855 -0.195682 
2673 4.615595 0.000000 1.021281 108.150504 -0.429417 0.180662 -0.169675 
2674 4.615595 0.000000 1.185641 107.839335 -0.418697 0.156528 -0.162952 
2675 4.444850 0.000000 1.185641 108.197912 -0.430827 0.151781 -0.170700 
2676 4.615595 0.000000 1.350000 108.140591 -0.429082 0.179879 -0.169460 
2677 8.030490 0.000000 0.528203 101.166425 1.687424 -3.901519 -0.025271 
2678 7.859745 0.000000 0.528203 99.590284 1.695447 -2.495435 0.007267 
2679 8.030490 0.000000 0.363844 -1.095753 2.150698 1.388006 0.999225 
2680 7.689000 0.000000 0.528203 101.485059 1.501340 -3.178043 -0.031157 
2681 7.689000 0.000000 0.363844 -2.054609 1.929135 1.098472 0.999085 
2682 10.164799 0.000000 1.103461 107.833654 0.427643 -4.194555 -0.164587 
2683 10.079427 0.000000 1.103461 107.151453 0.656049 6.076915 -0.151879 
2684 10.164799 0.000000 1.185641 100.632046 0.452971 0.500898 -0.012726 
2685 10.164799 0.000000 1.267820 98.733851 0.398811 1.871859 0.024796 
2686 10.079427 0.000000 1.267820 98.466461 0.260576 2.767892 0.029663 
2687 10.164799 0.000000 1.350000 97.756293 0.000000 1.514549 0.044141 
2688 20.494856 0.000000 5.294624 99.837146 0.393398 4.322108 0.001371 
2689 21.860814 0.000000 5.294624 99.863394 0.407247 4.290844 0.000873 
2690 20.494856 0.000000 6.609499 99.820933 0.220058 4.730956 0.001335 
2691 18.445919 0.000000 -0.622312 99.781127 -0.007749 4.259933 0.002558 
2692 18.445919 0.000000 -1.279750 99.768535 -0.002352 4.336345 0.002744 
2693 19.128898 0.000000 -0.622312 99.803046 -0.007483 4.285463 0.002099 
2694 14.348045 0.000000 2.007437 99.527851 -1.305496 3.762093 0.007835 
2695 16.055492 0.000000 0.363844 99.633184 -0.668562 4.281981 0.005445 
2696 15.714003 0.000000 0.363844 99.595375 -0.729772 4.164246 0.006289 
2697 16.055492 0.000000 0.035125 99.619384 -0.274774 4.403948 0.005651 
2698 16.567727 0.000000 0.856922 99.594241 3.874623 4.997766 0.004100 
2699 16.396982 0.000000 0.856922 99.587227 3.829736 5.268865 0.003996 
2700 16.567727 0.000000 0.692563 99.880102 1.715209 1.715428 0.001808 
2701 16.055492 0.000000 1.678719 99.487790 -1.277323 6.234282 0.006168 
2702 15.714003 0.000000 1.678719 99.465244 -0.910282 5.942649 0.007052 
2703 16.055492 0.000000 2.007437 99.599524 -0.989987 4.479319 0.005889 
2704 16.567727 0.000000 1.514359 99.584907 -2.218592 5.605180 0.004651 
2705 16.396982 0.000000 1.514359 99.581031 -2.151297 5.561473 0.004806 
2706 16.567727 0.000000 1.678719 99.532905 -1.744927 6.229873 0.005134 
2707 16.823844 0.000000 1.267820 99.330619 -2.925501 9.576477 0.003316 
2708 16.738471 0.000000 1.267820 99.379998 -3.040596 9.388985 0.002622 
2709 16.823844 0.000000 1.350000 99.477678 -2.797946 6.970922 0.004777 
2710 16.823844 0.000000 0.939102 99.477972 4.460925 5.596339 0.005291 
2711 16.738471 0.000000 0.939102 99.437758 4.391111 5.899108 0.005805 
2712 16.823844 0.000000 0.856922 99.690503 3.890923 4.506066 0.002636 
2713 17.250706 0.000000 1.514359 99.494515 -2.037967 5.732350 0.006383 
2714 17.421450 0.000000 1.514359 99.521308 -2.026213 5.850624 0.005717 
2715 17.250706 0.000000 1.678719 99.542578 -1.966079 5.821564 0.005352 
2716 17.165333 0.000000 1.267820 98.909765 -1.881474 10.849266 0.009561 
2717 17.250706 0.000000 1.267820 98.955429 -1.439460 11.152013 0.008138 
2718 17.165333 0.000000 1.350000 99.240967 -2.754815 7.699825 0.008435 
2719 16.951902 0.000000 1.144551 99.184433 2.415002 8.283651 0.008800 
2720 16.909216 0.000000 1.144551 99.273652 2.487844 8.442538 0.006728 
2721 16.951902 0.000000 1.185641 99.078933 1.495807 10.274173 0.007557 
2722 16.951902 0.000000 0.980191 100.050655 4.539362 4.842056 -0.005418 
2723 16.909216 0.000000 0.980191 99.803300 4.318010 5.082727 -0.000518 
2724 16.951902 0.000000 0.939102 100.067851 4.128573 4.921931 -0.005485 
2725 17.122647 0.000000 1.144551 99.060359 2.614270 8.414572 0.010941 
2726 17.165333 0.000000 1.144551 98.802405 3.238928 8.925486 0.014793 
2727 17.122647 0.000000 1.185641 98.684574 2.132740 10.420313 0.014822 
2728 17.058618 0.000000 1.082916 98.200647 -0.134188 6.417160 0.031543 
2729 17.079961 0.000000 1.082916 98.684787 0.590233 6.687565 0.021624 
2730 17.058618 0.000000 1.103461 98.637569 1.194002 6.680186 0.022458 
2731 17.122647 0.000000 0.980191 99.897023 4.450778 5.584254 -0.003041 
2732 17.122647 0.000000 0.939102 99.935619 4.104045 5.325453 -0.003233 
2733 17.165333 0.000000 0.980191 99.775231 4.209411 5.472035 -0.000276 
2734 13.323577 0.000000 1.678719 99.264037 -1.034557 3.821266 0.013098 
2735 13.665066 0.000000 1.678719 99.339796 -1.007476 4.154538 0.011333 
2736 13.323577 0.000000 2.007437 99.403920 -1.104834 3.300786 0.010674 
2737 12.640598 0.000000 2.336156 99.301856 -1.235654 2.957999 0.012886 
2738 12.982087 0.000000 2.336156 99.490840 -1.210689 2.831736 0.009209 
2739 12.640598 0.000000 2.664875 99.568780 -1.358817 2.497403 0.007797 
2740 12.128363 0.000000 0.856922 97.898659 1.167922 7.824887 0.035326 
2741 11.957619 0.000000 0.856922 97.522103 0.875930 7.444832 0.043325 
2742 12.128363 0.000000 0.692563 97.747382 2.766536 5.878635 0.040324 
2743 10.805092 0.000000 2.705965 99.224995 0.000000 2.247973 0.014935 
2744 10.805092 0.000000 2.664875 99.393800 -1.241351 1.946177 0.011554 
2745 10.847778 0.000000 2.705965 99.406005 -0.984486 1.972851 0.011358 
2746 10.741062 0.000000 2.808689 99.165477 0.000000 2.441656 0.016025 
2747 10.719719 0.000000 2.808689 99.186778 0.000000 2.381965 0.015631 
2748 10.762405 0.000000 2.808689 99.157741 0.000000 2.468335 0.016165 
2749 10.698376 0.000000 2.808689 99.131798 0.000000 2.530676 0.016648 
2750 10.677033 0.000000 2.808689 99.101736 0.000000 2.595234 0.017211 
2751 10.741062 0.000000 2.726510 99.171061 0.000000 2.371404 0.015948 
2752 10.741062 0.000000 2.705965 99.205504 0.000000 2.337874 0.015280 
2753 10.762405 0.000000 2.726510 99.178688 0.000000 2.351781 0.015806 
2754 10.741062 0.000000 2.890869 99.264258 0.000000 2.701467 0.013931 
2755 10.762405 0.000000 2.890869 99.289318 0.000000 2.680474 0.013445 
2756 10.741062 0.000000 2.911414 99.311579 0.000000 2.769567 0.012954 
2757 10.741062 0.000000 2.931959 99.326185 0.000000 2.800413 0.012647 
2758 10.762405 0.000000 2.931959 99.344089 0.000000 2.734985 0.012327 
2759 10.698376 0.000000 3.014138 99.326852 0.000000 3.014647 0.012509 
2760 10.677033 0.000000 3.014138 99.266213 0.000000 3.180004 0.013611 
2761 10.719719 0.000000 3.014138 99.412176 0.000000 2.712947 0.010986 
2762 10.741062 0.000000 3.014138 99.377213 0.000000 2.826283 0.011618 
2763 10.762405 0.000000 3.014138 99.375771 0.000000 2.849261 0.011634 
2764 10.741062 0.000000 3.096318 99.330871 0.000000 3.032858 0.012418 
2765 10.762405 0.000000 3.096318 99.331506 0.000000 3.026737 0.012409 
2766 10.805092 0.000000 3.199043 99.372890 0.000000 2.996021 0.011605 
2767 10.847778 0.000000 3.199043 99.623947 -0.943252 2.319629 0.006880 
2768 10.741062 0.000000 3.178498 99.328543 0.000000 3.388118 0.012236 
2769 10.762405 0.000000 3.178498 99.326107 0.000000 3.303773 0.012341 
2770 10.741062 0.000000 3.199043 99.350451 0.000000 3.356822 0.011822 
2771 10.741062 0.000000 3.219588 99.386790 0.000000 3.521075 0.010987 
2772 10.762405 0.000000 3.219588 99.357739 0.000000 3.416935 0.011636 
2773 10.805092 0.000000 3.363402 100.000787 0.000000 3.349225 -0.001137 
2774 10.847778 0.000000 3.363402 100.042928 -1.080544 2.428538 -0.001565 
2775 10.805092 0.000000 3.404492 99.975529 0.000000 3.660557 -0.000851 
2776 10.805092 0.000000 3.445582 100.000787 0.000000 3.349225 -0.001137 
2777 10.847778 0.000000 3.445582 100.074660 -0.540025 2.498437 -0.002147 
2778 10.805092 0.000000 3.486672 100.013913 0.000000 3.865539 -0.001773 
2779 18.445919 0.000000 4.637187 99.816172 0.615595 4.094480 0.001959 
2780 19.128898 0.000000 4.637187 99.836275 0.631726 4.084047 0.001564 
2781 18.445919 0.000000 5.294624 99.820322 0.375984 4.274484 0.001749 
2782 16.738471 0.000000 3.651031 99.757147 -0.679315 6.518439 0.000556 
2783 16.738471 0.000000 3.322312 99.788446 -1.585899 2.761820 0.003212 
2784 16.738471 0.000000 3.979750 99.725338 1.644448 4.129981 0.003510 
2785 12.640598 0.000000 2.993594 99.734242 -1.756806 1.525992 0.004767 
2786 12.982087 0.000000 2.993594 99.722223 -1.868920 1.904044 0.004836 
2787 12.640598 0.000000 3.322312 99.876960 -0.568306 0.967860 0.002333 
2788 13.323577 0.000000 2.993594 99.620908 -1.912132 2.350755 0.006649 
2789 13.323577 0.000000 2.664875 99.624931 -1.307895 2.649958 0.006614 
2790 13.665066 0.000000 2.993594 99.664788 -1.807850 2.470861 0.005756 
2791 12.640598 0.000000 3.651031 99.796255 4.409753 4.867958 -0.000244 
2792 12.640598 0.000000 3.979750 99.943716 1.257554 3.153751 -0.000027 
2793 12.640598 0.000000 4.308468 99.736777 0.903962 3.524199 0.003934 
2794 12.982087 0.000000 4.308468 99.774293 0.910025 3.528307 0.003181 
2795 12.640598 0.000000 4.637187 99.832150 0.740203 3.604672 0.002000 
2796 13.323577 0.000000 4.308468 99.774041 0.873072 3.573263 0.003161 
2797 13.665066 0.000000 4.308468 99.676560 0.931329 3.741820 0.004971 
2798 13.323577 0.000000 4.637187 99.708065 0.741050 3.814692 0.004320 
2799 16.055492 0.000000 4.308468 99.734183 0.871004 3.992276 0.003640 
2800 16.396982 0.000000 4.308468 99.752713 0.868695 3.998138 0.003266 
2801 16.055492 0.000000 4.637187 99.749334 0.611796 4.067449 0.003315 
2802 1.029955 0.000000 1.021281 96.524734 -0.220248 19.510470 0.030227 
2803 0.688466 0.000000 1.021281 96.338275 -0.168962 17.338967 0.041827 
2804 1.029955 0.000000 1.350000 98.336281 -0.177525 16.770535 0.004869 
2805 0.346976 0.000000 1.021281 96.135582 -0.370518 15.718946 0.051073 
2806 0.005487 0.000000 1.021281 95.772833 -0.246263 13.968332 0.063239 
2807 0.346976 0.000000 1.350000 97.408642 -0.344271 13.898764 0.031826 
2808 -0.336003 0.000000 1.021281 95.859260 -0.249778 12.333642 0.065882 
2809 -0.677492 0.000000 1.021281 96.359508 -0.219025 10.873227 0.059657 
2810 -0.336003 0.000000 1.350000 97.159378 -0.296072 11.591998 0.042559 
2811 3.078892 0.000000 -0.951031 101.631184 -0.323331 0.097629 -0.032901 
2812 3.078892 0.000000 -1.279750 100.972169 -0.365600 0.000000 -0.019551 
2813 3.420382 0.000000 -0.951031 101.568298 -0.293327 0.056749 -0.031621 
2814 3.761871 0.000000 -0.293594 5.854233 -0.367474 -0.788669 0.996497 
2815 3.761871 0.000000 -0.622312 102.145424 -0.320563 0.078759 -0.043380 
2816 4.786340 0.000000 3.322312 104.167928 0.057882 2.819846 -0.085891 
2817 4.103361 0.000000 3.322312 104.890922 0.008238 4.195099 -0.101970 
2818 4.786340 0.000000 3.979750 103.210265 0.082977 3.856763 -0.066724 
2819 3.420382 0.000000 3.322312 105.179024 0.050652 6.004197 -0.109868 
2820 2.737403 0.000000 3.322312 104.741906 -0.103116 7.735341 -0.103071 
2821 3.420382 0.000000 3.979750 104.086174 -0.002792 5.968364 -0.086955 
2822 4.444850 0.000000 -0.951031 102.585407 -0.288790 0.045998 -0.052385 
2823 4.103361 0.000000 -0.951031 102.166125 -0.354436 0.039921 -0.043804 
2824 4.444850 0.000000 -1.279750 101.886085 -0.295763 0.000000 -0.038086 
2825 6.493787 0.000000 -0.293594 95.089085 -0.785525 24.052909 0.037891 
2826 6.493787 0.000000 -0.622312 96.156767 -0.755931 24.218059 0.016679 
2827 6.493787 0.000000 2.336156 100.865816 0.296653 -0.745702 -0.017456 
2828 6.152297 0.000000 2.336156 101.332155 0.054660 -0.918433 -0.026905 
2829 6.493787 0.000000 2.664875 101.295075 0.135768 -0.017309 -0.026071 
2830 5.810808 0.000000 2.336156 102.270208 -0.056692 -1.262351 -0.046079 
2831 5.469318 0.000000 2.336156 103.348817 0.107771 -0.729912 -0.068152 
2832 5.810808 0.000000 2.664875 102.362142 0.077795 0.126478 -0.047803 
2833 5.127829 0.000000 2.336156 104.359547 0.020497 -0.040155 -0.089092 
2834 4.786340 0.000000 2.336156 105.208698 0.115661 0.865646 -0.106963 
2835 5.127829 0.000000 2.664875 104.230493 0.063161 0.844263 -0.086471 
2836 4.444850 0.000000 2.336156 106.103478 -0.225366 1.979037 -0.126192 
2837 4.103361 0.000000 2.336156 106.868004 -0.174032 3.021639 -0.142993 
2838 4.444850 0.000000 2.664875 105.573678 0.049750 2.474491 -0.115193 
2839 5.640063 0.000000 0.199485 -3.375708 -0.428432 -0.904704 0.998760 
2840 5.640063 0.000000 0.035125 -4.309223 -0.345225 -1.177095 0.997993 
2841 5.810808 0.000000 0.199485 -4.593555 -0.533721 -1.432240 0.997656 
2842 7.347511 0.000000 1.185641 99.047414 1.363972 -1.084379 0.018657 
2843 7.176766 0.000000 1.185641 99.047414 1.363972 -1.084379 0.018657 
2844 7.347511 0.000000 1.350000 99.461564 0.769554 -0.290396 0.010672 
2845 7.006021 0.000000 1.185641 99.114417 1.139000 -0.238252 0.017498 
2846 6.835276 0.000000 1.185641 98.464056 1.179138 -0.397166 0.030328 
2847 7.006021 0.000000 1.350000 99.199666 0.757465 -0.403828 0.015869 
2848 10.250171 0.000000 -1.937187 98.105696 -0.327913 5.421265 0.034577 
2849 10.250171 0.000000 -2.594624 98.576787 0.165997 5.411344 0.025331 
2850 10.933150 0.000000 -1.937187 98.196156 0.189434 5.109266 0.033137 
2851 9.140330 0.000000 0.774742 93.877320 1.211426 -0.266686 0.118551 
2852 9.140330 0.000000 0.692563 93.071119 1.075442 -0.116379 0.133660 
2853 9.225703 0.000000 0.774742 94.057484 1.625049 0.876803 0.114978 
2854 8.628096 0.000000 1.103461 96.701688 1.951714 -3.804537 0.063050 
2855 8.542724 0.000000 1.103461 96.687563 1.952756 -3.797351 0.063328 
2856 8.628096 0.000000 1.185641 93.542710 2.184678 -2.197386 0.124016 
2857 8.628096 0.000000 1.267820 97.701227 1.253137 3.841530 0.043814 
2858 8.542724 0.000000 1.267820 97.149126 0.859512 2.509817 0.055501 
2859 8.628096 0.000000 1.350000 98.359009 1.153730 2.417546 0.031833 
2860 9.140330 0.000000 0.610383 91.176194 1.457362 -0.292543 0.168469 
2861 9.140330 0.000000 0.528203 92.270913 2.096569 -4.392518 0.146239 
2862 9.225703 0.000000 0.610383 92.933097 1.139599 -0.131952 0.136212 
2863 10.591661 0.000000 -0.293594 94.928094 -1.222010 7.577302 0.092975 
2864 10.591661 0.000000 -0.622312 96.460309 -0.363119 6.776282 0.064936 
2865 10.933150 0.000000 -0.293594 95.694612 -0.783852 5.802957 0.080825 
2866 11.616129 0.000000 -1.937187 98.426904 0.022162 4.695587 0.029010 
2867 11.616129 0.000000 -2.594624 98.726937 -0.273858 4.906933 0.022884 
2868 12.299108 0.000000 -1.937187 98.671182 -0.209928 4.375487 0.024481 
2869 11.274640 0.000000 -0.293594 96.563647 -0.363812 5.094625 0.064937 
2870 11.274640 0.000000 -0.622312 97.174540 -0.183241 5.126711 0.053079 
2871 11.616129 0.000000 -0.293594 97.200268 -0.415490 4.391287 0.053265 
2872 10.335544 0.000000 0.774742 94.565792 2.878431 2.630808 0.104210 
2873 10.250171 0.000000 0.774742 95.558493 3.254078 2.269852 0.085283 
2874 10.335544 0.000000 0.692563 91.513519 2.205889 8.959465 0.154014 
2875 10.805092 0.000000 1.062371 102.451961 2.964598 4.782344 -0.052806 
2876 10.847778 0.000000 1.062371 109.836133 -1.335301 -3.116545 -0.207547 
2877 10.805092 0.000000 1.103461 106.808561 -1.588346 2.391396 -0.141631 
2878 10.890464 0.000000 1.062371 105.471589 -1.134050 -6.282186 -0.116501 
2879 10.933150 0.000000 1.062371 101.121680 -1.347004 -6.750167 -0.027297 
2880 10.890464 0.000000 1.103461 103.682011 -1.003208 -2.692671 -0.075822 
2881 10.805092 0.000000 1.144551 102.884372 0.000000 4.826206 -0.060849 
2882 10.847778 0.000000 1.144551 103.582371 -2.104287 0.550654 -0.073404 
2883 10.805092 0.000000 1.185641 102.495538 -2.632031 2.357301 -0.051782 
2884 10.634347 0.000000 1.062371 104.379904 0.481838 5.402312 -0.092458 
2885 10.591661 0.000000 1.062371 105.276920 0.586013 5.673723 -0.111576 
2886 10.634347 0.000000 1.021281 104.659872 0.829659 2.461948 -0.096044 
2887 10.164799 0.000000 0.774742 96.796916 3.108052 5.012070 0.059558 
2888 10.079427 0.000000 0.774742 102.205685 4.166606 -4.987052 -0.048823 
2889 10.164799 0.000000 0.692563 95.542250 2.804492 7.515517 0.080733 
2890 9.311075 0.000000 0.774742 94.118873 1.519738 0.791031 0.113870 
2891 9.311075 0.000000 0.692563 93.934403 1.765093 0.928923 0.117235 
2892 9.396448 0.000000 0.774742 95.093652 1.334787 0.712929 0.095491 
2893 9.481820 0.000000 0.774742 95.605877 0.743478 -0.659184 0.085853 
2894 9.481820 0.000000 0.692563 95.507192 0.846011 -0.696598 0.087718 
2895 9.567192 0.000000 0.774742 96.103339 0.739756 -0.753722 0.076303 
2896 10.847778 0.000000 1.596539 98.938013 -1.298548 1.759376 0.020649 
2897 10.933150 0.000000 1.596539 98.836784 -1.009828 1.749786 0.022721 
2898 10.847778 0.000000 1.678719 98.949452 -1.348683 1.732987 0.020418 
2899 8.628096 0.000000 1.432180 98.650185 0.757310 1.302720 0.026587 
2900 8.542724 0.000000 1.432180 98.498330 0.624256 0.971560 0.029675 
2901 8.628096 0.000000 1.514359 98.820294 0.517989 0.641257 0.023387 
2902 8.628096 0.000000 1.596539 98.844763 0.255078 0.283801 0.022957 
2903 8.542724 0.000000 1.596539 98.829034 0.149356 0.102392 0.023279 
2904 8.628096 0.000000 1.678719 99.395636 0.312313 0.221396 0.012036 
2905 10.847778 0.000000 1.760898 98.920837 -0.945468 1.758550 0.021068 
2906 10.933150 0.000000 1.760898 98.868257 -0.771736 1.839306 0.022109 
2907 10.847778 0.000000 1.843078 98.875980 -1.085875 1.764209 0.021925 
2908 10.847778 0.000000 1.925258 98.886316 -1.229367 1.768088 0.021686 
2909 10.933150 0.000000 1.925258 98.788714 -1.193813 1.940849 0.023560 
2910 10.847778 0.000000 2.007437 98.911855 -1.304205 1.846334 0.021133 
2911 10.847778 0.000000 2.089617 98.947128 -1.197176 1.860276 0.020457 
2912 10.933150 0.000000 2.089617 98.958819 -1.081736 1.819290 0.020267 
2913 10.847778 0.000000 2.171797 98.938105 -1.284728 1.886230 0.020604 
2914 10.847778 0.000000 2.253976 98.983420 -1.295324 1.950322 0.019680 
2915 10.933150 0.000000 2.253976 98.990057 -1.256286 1.859916 0.019593 
2916 10.847778 0.000000 2.336156 99.128206 -1.435693 1.984593 0.016760 
2917 10.335544 0.000000 2.089617 98.266975 0.000000 1.297167 0.034192 
2918 10.250171 0.000000 2.089617 98.259098 0.000000 1.328691 0.034338 
2919 10.335544 0.000000 2.171797 98.430012 0.000000 1.328029 0.030977 
2920 10.335544 0.000000 2.253976 98.307780 0.000000 1.502799 0.033332 
2921 10.250171 0.000000 2.253976 98.318434 0.000000 1.532705 0.033114 
2922 10.335544 0.000000 2.336156 98.280455 0.000000 1.711506 0.033802 
2923 8.371979 0.000000 2.171797 99.904368 0.471140 0.117137 0.001888 
2924 8.201234 0.000000 2.171797 99.925970 0.460298 0.128026 0.001457 
2925 8.371979 0.000000 2.336156 100.035846 0.548832 0.288353 -0.000755 
2926 8.371979 0.000000 2.500515 100.134161 0.551310 0.508118 -0.002741 
2927 8.201234 0.000000 2.500515 100.202667 0.545487 0.331465 -0.004098 
2928 8.371979 0.000000 2.664875 100.209977 0.604733 0.705466 -0.004290 
2929 8.969586 0.000000 2.089617 99.658839 0.932193 0.179298 0.006721 
2930 8.884213 0.000000 2.089617 99.684483 0.694005 0.131765 0.006250 
2931 8.969586 0.000000 2.171797 99.668809 0.897625 0.264480 0.006525 
2932 8.969586 0.000000 2.253976 99.597452 0.989444 0.331035 0.007926 
2933 8.884213 0.000000 2.253976 99.656661 0.765327 0.287457 0.006788 
2934 8.969586 0.000000 2.336156 99.667218 0.933367 0.429921 0.006539 
2935 9.652565 0.000000 2.089617 97.849071 0.000000 1.231724 0.042404 
2936 9.652565 0.000000 2.007437 97.654070 0.000000 1.051608 0.046258 
2937 9.737937 0.000000 2.089617 97.905301 0.000000 1.161353 0.041320 
2938 9.439134 0.000000 2.130707 97.399411 0.000000 1.354003 0.051152 
2939 9.439134 0.000000 2.089617 97.303674 0.000000 1.166817 0.053063 
2940 9.481820 0.000000 2.130707 97.645442 0.000000 1.306176 0.046366 
2941 9.524506 0.000000 2.212887 97.485273 0.000000 1.289468 0.049496 
2942 9.524506 0.000000 2.171797 97.593367 0.000000 1.285485 0.047388 
2943 9.567192 0.000000 2.212887 97.576251 0.000000 1.305289 0.047717 
2944 10.847778 0.000000 2.418336 99.271200 -1.333798 1.870016 0.013995 
2945 10.933150 0.000000 2.418336 99.261155 -1.300070 1.906162 0.014190 
2946 10.335544 0.000000 2.418336 98.592860 0.000000 1.920020 0.027576 
2947 10.250171 0.000000 2.418336 98.563270 0.000000 1.885427 0.028173 
2948 10.335544 0.000000 2.500515 98.659194 0.000000 2.004404 0.026235 
2949 10.335544 0.000000 2.582695 98.585942 0.000000 2.112573 0.027635 
2950 10.250171 0.000000 2.582695 98.515593 0.000000 2.142505 0.029009 
2951 10.335544 0.000000 2.664875 98.523709 -0.000000 2.223287 0.028814 
2952 8.969586 0.000000 2.418336 99.791434 0.880316 0.845900 0.004018 
2953 8.884213 0.000000 2.418336 99.911481 0.734885 0.729134 0.001662 
2954 8.969586 0.000000 2.500515 99.845944 0.832976 0.921858 0.002924 
2955 8.969586 0.000000 2.582695 99.863287 0.788711 0.987348 0.002573 
2956 8.884213 0.000000 2.582695 99.909014 0.837564 0.964547 0.001656 
2957 8.969586 0.000000 2.664875 99.921580 0.924562 1.100931 0.001361 
2958 9.460477 0.000000 2.397791 96.094977 0.000000 2.100609 0.076134 
2959 9.439134 0.000000 2.397791 94.987152 -0.000000 2.492670 0.097123 
2960 9.481820 0.000000 2.397791 96.335337 0.000000 1.998738 0.071551 
2961 9.503163 0.000000 2.397791 96.581454 0.000000 1.875901 0.066850 
2962 9.503163 0.000000 2.377246 96.655425 0.000000 1.837157 0.065435 
2963 9.524506 0.000000 2.397791 96.705652 0.000000 1.803193 0.064477 
2964 9.524506 0.000000 2.623785 95.029247 -0.000000 2.812653 0.096153 
2965 9.567192 0.000000 2.623785 96.364347 0.000000 2.442902 0.070794 
2966 9.524506 0.000000 2.664875 94.987693 -0.000000 2.957984 0.096859 
2967 9.823309 0.000000 2.747055 97.900559 0.000000 2.221703 0.041054 
2968 9.823309 0.000000 2.664875 97.733004 0.000000 1.892021 0.044468 
2969 9.908682 0.000000 2.747055 98.129160 0.000000 2.161236 0.036600 
2970 10.335544 0.000000 2.747055 98.717727 0.000000 2.465500 0.024873 
2971 10.250171 0.000000 2.747055 98.650735 0.000000 2.453849 0.026201 
2972 10.335544 0.000000 2.829234 98.997250 0.000000 2.779819 0.019182 
2973 10.335544 0.000000 2.911414 99.010626 0.000000 2.913094 0.018841 
2974 10.250171 0.000000 2.911414 98.897787 0.000000 2.862460 0.021103 
2975 10.335544 0.000000 2.993594 98.891464 0.000000 3.066508 0.021107 
2976 9.524506 0.000000 2.705965 94.324660 -0.000000 3.380802 0.109143 
2977 9.567192 0.000000 2.705965 95.962631 0.000000 2.741538 0.078366 
2978 9.524506 0.000000 2.747055 93.229339 -0.000000 3.799186 0.129386 
2979 9.524506 0.000000 2.788144 92.339446 -0.000000 4.103759 0.145659 
2980 9.481820 0.000000 2.788144 90.708074 -0.000000 4.648267 0.175044 
2981 9.567192 0.000000 2.788144 94.598623 -0.000000 3.368010 0.103976 
2982 9.439134 0.000000 2.788144 89.953274 -0.000000 4.895643 0.188444 
2983 9.396448 0.000000 2.788144 87.369112 -0.000000 5.778121 0.233325 
2984 9.439134 0.000000 2.829234 89.604547 -0.000000 5.018338 0.194584 
2985 6.152297 0.000000 4.637187 101.909376 0.328830 3.423462 -0.039735 
2986 5.469318 0.000000 4.637187 102.380339 0.272181 3.802645 -0.049627 
2987 6.152297 0.000000 5.294624 101.440176 0.326566 4.021890 -0.030639 
2988 7.176766 0.000000 2.993594 100.778873 0.567829 0.716147 -0.015722 
2989 6.835276 0.000000 2.993594 101.079958 0.183402 0.629582 -0.021759 
2990 7.176766 0.000000 3.322312 100.921838 0.215767 1.268904 -0.018687 
2991 7.176766 0.000000 3.651031 101.294988 0.173427 1.749154 -0.026376 
2992 6.835276 0.000000 3.651031 101.452325 0.072902 1.834350 -0.029594 
2993 7.176766 0.000000 3.979750 101.372282 0.028093 2.202318 -0.028119 
2994 8.371979 0.000000 2.829234 100.242046 0.800263 0.986280 -0.005008 
2995 8.201234 0.000000 2.829234 100.308996 0.698915 0.865258 -0.006313 
2996 8.371979 0.000000 2.993594 100.337051 0.939823 1.148950 -0.006973 
2997 8.371979 0.000000 3.157953 100.424598 0.845023 1.299208 -0.008750 
2998 8.201234 0.000000 3.157953 100.504537 0.791809 1.261751 -0.010338 
2999 8.371979 0.000000 3.322312 100.515120 0.871616 1.488381 -0.010626 
3000 8.969586 0.000000 2.747055 99.961880 0.879764 1.195936 0.000542 
3001 8.884213 0.000000 2.747055 99.995282 0.814559 1.133192 -0.000100 
3002 8.969586 0.000000 2.829234 100.013469 0.874186 1.280531 -0.000510 
3003 8.969586 0.000000 2.911414 100.026960 1.127703 1.406776 -0.000864 
3004 8.884213 0.000000 2.911414 100.057595 1.059389 1.329541 -0.001441 
3005 8.969586 0.000000 2.993594 100.025439 1.110628 1.515474 -0.000862 
3006 9.353761 0.000000 2.788144 99.695627 2.595762 1.697267 0.005116 
3007 9.311075 0.000000 2.788144 99.695959 2.111516 1.667063 0.005348 
3008 9.353761 0.000000 2.829234 99.706894 2.635102 1.747897 0.004854 
3009 8.542724 0.000000 4.308468 100.240543 0.311056 2.680899 -0.005545 
3010 8.201234 0.000000 4.308468 100.373462 0.315065 2.631787 -0.008186 
3011 8.542724 0.000000 4.637187 100.453027 0.426195 2.804296 -0.009886 
3012 9.439134 0.000000 2.870324 88.532993 -0.000000 5.477333 0.213191 
3013 9.396448 0.000000 2.870324 99.824895 3.023403 1.725867 0.002287 
3014 9.439134 0.000000 2.911414 88.292761 -0.000000 5.694839 0.217196 
3015 9.439134 0.000000 2.952504 87.316317 -0.000000 6.098467 0.233867 
3016 9.396448 0.000000 2.952504 99.866977 2.676227 1.790957 0.001622 
3017 9.439134 0.000000 2.993594 99.881914 3.053166 1.839233 0.001090 
3018 9.609878 0.000000 2.870324 95.154384 -0.000000 3.246501 0.093510 
3019 9.609878 0.000000 2.829234 95.947782 0.000000 3.040049 0.078478 
3020 9.652565 0.000000 2.870324 96.875429 0.000000 2.905945 0.060671 
3021 9.695251 0.000000 2.952504 97.050769 0.000000 2.913506 0.057266 
3022 9.695251 0.000000 2.911414 97.315152 0.000000 2.828541 0.052176 
3023 9.737937 0.000000 2.952504 97.552087 0.000000 2.795531 0.047578 
3024 10.335544 0.000000 3.075773 98.864001 0.000000 3.312664 0.021494 
3025 10.250171 0.000000 3.075773 98.754976 0.000000 3.209508 0.023715 
3026 10.335544 0.000000 3.157953 99.073203 0.000000 3.717612 0.017068 
3027 10.335544 0.000000 3.240133 99.442509 0.000000 4.176956 0.009374 
3028 10.250171 0.000000 3.240133 99.358958 0.000000 4.009338 0.011172 
3029 10.335544 0.000000 3.322312 99.680926 0.000000 4.541062 0.004309 
3030 9.439134 0.000000 3.034683 99.897002 2.792406 1.866350 0.000931 
3031 9.396448 0.000000 3.034683 99.900999 2.317318 1.844689 0.001102 
3032 9.439134 0.000000 3.075773 99.972890 2.587751 1.830920 -0.000463 
3033 9.439134 0.000000 3.116863 99.988835 2.392722 1.860124 -0.000695 
3034 9.396448 0.000000 3.116863 99.994305 2.049356 1.840166 -0.000645 
3035 9.439134 0.000000 3.157953 100.066573 2.228390 1.904115 -0.002191 
3036 9.631222 0.000000 3.055228 94.155302 -0.000000 3.922695 0.111939 
3037 9.631222 0.000000 3.034683 93.248604 -0.000000 4.222541 0.128687 
3038 9.652565 0.000000 3.055228 94.959828 -0.000000 3.636331 0.096941 
3039 9.439134 0.000000 3.199043 100.074588 2.319023 1.910339 -0.002395 
3040 9.396448 0.000000 3.199043 100.086341 2.061964 1.890777 -0.002510 
3041 9.439134 0.000000 3.240133 100.081329 2.173534 1.942495 -0.002477 
3042 9.439134 0.000000 3.281222 100.134194 1.993351 1.954216 -0.003465 
3043 9.396448 0.000000 3.281222 100.100907 1.829923 1.961390 -0.002739 
3044 9.439134 0.000000 3.322312 100.151689 1.867430 1.983797 -0.003778 
3045 9.780623 0.000000 3.199043 97.854222 0.000000 3.642725 0.041128 
3046 9.780623 0.000000 3.157953 97.802116 0.000000 3.447916 0.042286 
3047 9.823309 0.000000 3.199043 98.349014 0.000000 3.572734 0.031471 
3048 10.335544 0.000000 3.404492 99.644875 0.000000 4.841585 0.004746 
3049 10.250171 0.000000 3.404492 99.559702 -0.000000 4.611799 0.006660 
3050 10.335544 0.000000 3.486672 99.658719 0.000000 5.054258 0.004259 
3051 10.335544 0.000000 3.568851 99.651972 0.000000 5.106995 0.004340 
3052 10.250171 0.000000 3.568851 99.573909 -0.000000 4.935336 0.006068 
3053 10.335544 0.000000 3.651031 100.122113 3.709445 2.324773 -0.004360 
3054 9.439134 0.000000 3.363402 100.106617 1.726034 2.071551 -0.002861 
3055 9.396448 0.000000 3.363402 100.172646 1.582354 1.997013 -0.004105 
3056 9.439134 0.000000 3.404492 100.136920 1.721634 2.128643 -0.003490 
3057 9.439134 0.000000 3.445582 100.154172 1.721622 2.130889 -0.003836 
3058 9.396448 0.000000 3.445582 100.156396 1.496149 2.103113 -0.003797 
3059 9.439134 0.000000 3.486672 100.165445 1.630395 2.161591 -0.004045 
3060 10.805092 0.000000 1.226730 100.393176 0.000000 4.594895 -0.009990 
3061 10.847778 0.000000 1.226730 101.131025 -2.639883 1.799047 -0.023769 
3062 10.805092 0.000000 1.267820 100.393176 0.000000 4.594895 -0.009990 
3063 13.323577 0.000000 2.336156 99.519736 -1.301166 2.960081 0.008537 
3064 13.665066 0.000000 2.336156 99.472246 -1.470656 3.273512 0.009239 
3065 16.738471 0.000000 4.308468 99.732682 0.867499 4.077372 0.003601 
3066 17.079961 0.000000 4.308468 99.778037 0.866463 3.975939 0.002778 
3067 16.738471 0.000000 4.637187 99.742721 0.589898 4.139101 0.003391 
3068 17.421450 0.000000 4.308468 99.791902 0.875220 3.981013 0.002496 
3069 17.762940 0.000000 4.308468 99.801333 0.908519 4.003385 0.002284 
3070 17.421450 0.000000 4.637187 99.799744 0.581837 4.049682 0.002327 
3071 4.786340 0.000000 4.637187 102.752566 0.298039 4.501205 -0.057844 
3072 4.103361 0.000000 4.637187 102.922799 0.233949 5.238370 -0.062060 
3073 4.786340 0.000000 5.294624 102.010445 0.248431 4.840670 -0.042962 
3074 1.029955 0.000000 1.678719 99.653092 -0.163727 14.762681 -0.014870 
3075 0.688466 0.000000 1.678719 98.949045 -0.152396 13.595250 0.002423 
3076 1.029955 0.000000 2.007437 100.614339 -0.150790 13.088517 -0.029458 
3077 6.493787 0.000000 2.993594 101.489680 0.116607 0.607635 -0.030054 
3078 6.152297 0.000000 2.993594 102.023953 -0.021175 0.795885 -0.040952 
3079 6.493787 0.000000 3.322312 101.735017 0.055634 1.318953 -0.035176 
3080 6.493787 0.000000 3.651031 101.821579 0.273110 1.930895 -0.037144 
3081 6.152297 0.000000 3.651031 102.185245 0.385719 2.091192 -0.044635 
3082 6.493787 0.000000 3.979750 102.004518 0.550183 2.450968 -0.041123 
3083 8.030490 0.000000 1.514359 99.150473 0.098483 -0.008466 0.016917 
3084 7.859745 0.000000 1.514359 99.259430 0.227323 -0.234838 0.014746 
3085 8.030490 0.000000 1.678719 99.315348 0.118466 -0.253304 0.013638 
3086 8.030490 0.000000 1.843078 99.685082 0.116449 -0.123198 0.006286 
3087 7.859745 0.000000 1.843078 99.751280 0.076626 -0.239942 0.004962 
3088 8.030490 0.000000 2.007437 99.841751 0.189655 -0.034946 0.003159 
3089 8.030490 0.000000 2.171797 99.961831 0.219227 0.144749 0.000756 
3090 7.859745 0.000000 2.171797 100.023154 0.206656 0.032518 -0.000468 
3091 8.030490 0.000000 2.336156 100.114897 0.455935 0.187704 -0.002324 
3092 8.030490 0.000000 2.500515 100.202773 0.457147 0.386019 -0.004095 
3093 7.859745 0.000000 2.500515 100.271862 0.484234 0.454658 -0.005489 
3094 8.030490 0.000000 2.664875 100.338405 0.700813 0.601839 -0.006865 
3095 9.311075 0.000000 0.610383 93.891507 1.896258 1.042375 0.117970 
3096 9.311075 0.000000 0.528203 94.680165 0.094691 -0.322938 0.103555 
3097 9.396448 0.000000 0.610383 93.074537 1.086267 -0.145276 0.133593 
3098 8.798841 0.000000 1.760898 99.474703 0.487562 0.144585 0.010452 
3099 8.713469 0.000000 1.760898 99.468879 0.381332 0.117459 0.010578 
3100 8.798841 0.000000 1.843078 99.476895 0.482736 0.078207 0.010411 
3101 8.798841 0.000000 1.925258 99.403572 0.574978 -0.011319 0.011860 
3102 8.713469 0.000000 1.925258 99.423826 0.447537 -0.065861 0.011470 
3103 8.798841 0.000000 2.007437 99.482584 0.570125 0.043280 0.010289 
3104 10.719719 0.000000 0.815832 94.358412 4.373644 -1.706552 0.107445 
3105 10.677033 0.000000 0.815832 96.187965 4.491615 -4.634113 0.070623 
3106 10.719719 0.000000 0.774742 90.379359 3.653165 -0.881390 0.181745 
3107 11.018523 0.000000 1.432180 98.677537 -0.883357 1.653534 0.025923 
3108 11.103895 0.000000 1.432180 98.383397 -0.828472 1.934004 0.031628 
3109 11.018523 0.000000 1.514359 98.741577 -1.239707 1.623210 0.024593 
3110 11.018523 0.000000 1.596539 98.675976 -0.877479 1.644383 0.025958 
3111 11.103895 0.000000 1.596539 98.643383 -0.785413 1.813581 0.026558 
3112 11.018523 0.000000 1.678719 98.773079 -0.953449 1.678078 0.024015 
3113 11.018523 0.000000 1.760898 98.827241 -0.677009 1.741706 0.022968 
3114 11.103895 0.000000 1.760898 98.753620 -0.733974 1.933830 0.024344 
3115 11.018523 0.000000 1.843078 98.828902 -0.905702 1.739721 0.022900 
3116 11.018523 0.000000 1.925258 98.792185 -1.183214 1.834003 0.023534 
3117 11.103895 0.000000 1.925258 98.793180 -1.159741 2.045840 0.023438 
3118 11.018523 0.000000 2.007437 98.900403 -1.368939 1.873031 0.021333 
3119 10.164799 0.000000 1.432180 97.372249 0.000000 1.302255 0.051695 
3120 10.079427 0.000000 1.432180 97.429438 0.000000 1.269345 0.050589 
3121 10.164799 0.000000 1.514359 97.527886 0.000000 1.013246 0.048728 
3122 10.164799 0.000000 1.596539 97.443612 0.000000 0.976096 0.050379 
3123 10.079427 0.000000 1.596539 97.499411 0.000000 0.905365 0.049305 
3124 10.164799 0.000000 1.678719 97.782843 0.000000 0.991176 0.043753 
3125 10.164799 0.000000 1.760898 98.184355 0.000000 1.040213 0.035875 
3126 10.079427 0.000000 1.760898 98.160131 0.000000 0.914523 0.036375 
3127 10.164799 0.000000 1.843078 98.074971 0.000000 1.134307 0.038001 
3128 10.164799 0.000000 1.925258 98.346255 0.000000 1.260815 0.032642 
3129 10.079427 0.000000 1.925258 98.189381 0.000000 1.091423 0.035765 
3130 10.164799 0.000000 2.007437 98.127231 0.000000 1.291831 0.036938 
3131 8.713469 0.000000 3.486672 100.459012 0.926899 1.830760 -0.009622 
3132 8.542724 0.000000 3.486672 100.516444 0.856088 1.755469 -0.010737 
3133 8.713469 0.000000 3.651031 100.301121 0.864464 2.193173 -0.006587 
3134 8.713469 0.000000 3.815390 100.358954 0.806112 2.323314 -0.007797 
3135 8.542724 0.000000 3.815390 100.442522 0.740942 2.273522 -0.009442 
3136 8.713469 0.000000 3.979750 100.314331 0.430720 2.506304 -0.006943 
3137 10.164799 0.000000 2.089617 98.251027 0.000000 1.336574 0.034495 
3138 10.079427 0.000000 2.089617 98.064197 0.000000 1.130144 0.038214 
3139 10.164799 0.000000 2.171797 98.387981 0.000000 1.467774 0.031765 
3140 10.164799 0.000000 2.253976 98.236782 0.000000 1.534258 0.034718 
3141 10.079427 0.000000 2.253976 98.059269 0.000000 1.350404 0.038256 
3142 10.164799 0.000000 2.336156 98.251518 0.000000 1.631712 0.034398 
3143 10.164799 0.000000 2.418336 98.496642 0.000000 1.778147 0.029525 
3144 10.079427 0.000000 2.418336 98.362143 -0.000000 1.684548 0.032205 
3145 10.164799 0.000000 2.500515 98.545889 0.000000 1.860458 0.028525 
3146 10.164799 0.000000 2.582695 98.426896 0.000000 1.970215 0.030826 
3147 10.079427 0.000000 2.582695 98.332186 -0.000000 1.848288 0.032736 
3148 10.164799 0.000000 2.664875 98.325596 -0.000000 2.034478 0.032794 
3149 11.018523 0.000000 2.089617 98.942163 -1.112549 1.863516 0.020574 
3150 11.103895 0.000000 2.089617 98.913661 -1.088574 2.074149 0.021060 
3151 11.018523 0.000000 2.171797 98.931712 -1.200321 1.985144 0.020713 
3152 11.018523 0.000000 2.253976 99.006599 -1.214537 2.078113 0.019190 
3153 11.103895 0.000000 2.253976 98.992769 -1.231095 2.187291 0.019413 
3154 11.018523 0.000000 2.336156 99.110440 -1.300814 2.103521 0.017100 
3155 11.018523 0.000000 2.418336 99.233202 -1.262159 2.105959 0.014674 
3156 11.103895 0.000000 2.418336 99.260348 -1.081487 2.116006 0.014174 
3157 11.018523 0.000000 2.500515 99.281490 -0.862341 2.109320 0.013799 
3158 11.018523 0.000000 2.582695 99.310921 -1.044009 2.175645 0.013152 
3159 11.103895 0.000000 2.582695 99.325516 -1.057460 2.189096 0.012853 
3160 11.018523 0.000000 2.664875 99.363422 -1.041346 2.180298 0.012107 
3161 8.798841 0.000000 2.089617 99.733584 0.508606 0.100122 0.005294 
3162 8.713469 0.000000 2.089617 99.872126 0.388283 0.354884 0.002528 
3163 8.798841 0.000000 2.171797 99.792383 0.635149 0.443836 0.004088 
3164 8.798841 0.000000 2.253976 99.828527 0.622935 0.510454 0.003362 
3165 8.713469 0.000000 2.253976 99.849933 0.530707 0.454031 0.002950 
3166 8.798841 0.000000 2.336156 99.885817 0.645387 0.581862 0.002207 
3167 8.798841 0.000000 2.418336 99.935825 0.630023 0.667657 0.001199 
3168 8.713469 0.000000 2.418336 99.960782 0.715178 0.625885 0.000694 
3169 8.798841 0.000000 2.500515 99.884136 0.773482 0.821133 0.002189 
3170 8.798841 0.000000 2.582695 99.935418 0.749873 0.899787 0.001154 
3171 8.713469 0.000000 2.582695 99.960179 0.669574 0.838288 0.000681 
3172 8.798841 0.000000 2.664875 99.970527 0.756306 0.992040 0.000434 
3173 9.140330 0.000000 3.075773 99.904759 1.260471 1.903072 0.001383 
3174 9.054958 0.000000 3.075773 99.862364 1.171236 1.941053 0.002237 
3175 9.140330 0.000000 3.157953 100.002521 1.448205 1.957424 -0.000643 
3176 9.140330 0.000000 3.240133 100.024769 1.291612 2.032318 -0.001075 
3177 9.054958 0.000000 3.240133 100.039956 1.221093 1.992543 -0.001345 
3178 9.140330 0.000000 3.322312 100.168699 1.226200 1.885836 -0.003883 
3179 10.164799 0.000000 2.747055 98.542443 -0.000000 2.286673 0.028416 
3180 10.079427 0.000000 2.747055 98.438171 0.000000 2.253204 0.030485 
3181 10.164799 0.000000 2.829234 98.821908 -0.000000 2.577653 0.022759 
3182 10.164799 0.000000 2.911414 98.820241 -0.000000 2.667503 0.022744 
3183 10.079427 0.000000 2.911414 98.730058 0.000000 2.715731 0.024500 
3184 10.164799 0.000000 2.993594 98.705854 -0.000000 2.868144 0.024893 
3185 9.994054 0.000000 2.911414 98.633122 0.000000 2.658824 0.026444 
3186 9.994054 0.000000 2.829234 98.598731 0.000000 2.576745 0.027165 
3187 9.994054 0.000000 2.993594 98.487649 0.000000 2.805342 0.029231 
3188 9.353761 0.000000 2.870324 99.727660 2.449962 1.772823 0.004525 
3189 9.311075 0.000000 2.870324 99.727471 2.087960 1.748251 0.004702 
3190 9.353761 0.000000 2.911414 99.845977 2.283085 1.728754 0.002258 
3191 9.353761 0.000000 2.952504 99.870288 2.262871 1.767810 0.001768 
3192 9.311075 0.000000 2.952504 99.873709 1.984977 1.749195 0.001824 
3193 9.353761 0.000000 2.993594 99.889444 2.130598 1.795982 0.001433 
3194 9.609878 0.000000 2.788144 96.388913 0.000000 2.818734 0.070123 
3195 9.609878 0.000000 2.747055 96.514807 0.000000 2.672403 0.067775 
3196 9.652565 0.000000 2.788144 97.043564 0.000000 2.630406 0.057563 
3197 7.859745 0.000000 4.308468 100.953631 0.277718 2.416909 -0.019755 
3198 7.518255 0.000000 4.308468 101.156010 0.234209 2.449331 -0.023859 
3199 7.859745 0.000000 4.637187 100.664707 0.662904 2.969812 -0.014264 
3200 8.030490 0.000000 2.829234 100.420735 0.825961 0.706938 -0.008551 
3201 7.859745 0.000000 2.829234 100.431884 0.732598 0.743067 -0.008765 
3202 8.030490 0.000000 2.993594 100.519252 0.782664 0.913512 -0.010557 
3203 8.030490 0.000000 3.157953 100.580257 0.809837 1.166777 -0.011841 
3204 7.859745 0.000000 3.157953 100.704426 0.711624 1.065185 -0.014302 
3205 8.030490 0.000000 3.322312 100.595281 0.729369 1.336394 -0.012173 
3206 8.798841 0.000000 2.747055 100.019397 0.730608 1.073076 -0.000557 
3207 8.713469 0.000000 2.747055 100.046568 0.744767 1.025241 -0.001092 
3208 8.798841 0.000000 2.829234 100.065247 0.776257 1.165200 -0.001501 
3209 8.798841 0.000000 2.911414 100.089390 0.980299 1.263635 -0.002044 
3210 8.713469 0.000000 2.911414 100.116765 0.916940 1.209451 -0.002567 
3211 8.798841 0.000000 2.993594 100.197786 0.970401 1.369214 -0.004241 
3212 9.140330 0.000000 3.404492 100.223402 1.149107 1.959799 -0.004989 
3213 9.054958 0.000000 3.404492 100.186140 1.064822 2.089342 -0.004276 
3214 9.140330 0.000000 3.486672 100.315643 1.119405 2.014764 -0.006854 
3215 9.140330 0.000000 3.568851 100.325846 1.020795 2.077050 -0.007063 
3216 9.054958 0.000000 3.568851 100.322191 1.039940 2.039473 -0.006978 
3217 9.140330 0.000000 3.651031 100.191723 1.082758 2.183527 -0.004432 
3218 9.353761 0.000000 3.034683 99.904647 2.008206 1.823527 0.001170 
3219 9.311075 0.000000 3.034683 99.910372 1.790082 1.802964 0.001146 
3220 9.353761 0.000000 3.075773 99.922320 1.899850 1.851890 0.000849 
3221 9.353761 0.000000 3.116863 99.939236 1.797195 1.880706 0.000538 
3222 9.311075 0.000000 3.116863 99.947250 1.622849 1.861467 0.000445 
3223 9.353761 0.000000 3.157953 100.084364 1.729101 1.861493 -0.002333 
3224 9.353761 0.000000 3.199043 100.092614 1.879429 1.872733 -0.002557 
3225 9.311075 0.000000 3.199043 100.099709 1.741959 1.848584 -0.002640 
3226 9.353761 0.000000 3.240133 100.099698 1.788890 1.904759 -0.002678 
3227 9.353761 0.000000 3.281222 100.107621 1.687835 1.943290 -0.002816 
3228 9.311075 0.000000 3.281222 100.120560 1.572981 1.923307 -0.003030 
3229 9.353761 0.000000 3.322312 100.162777 1.549579 1.949169 -0.003878 
3230 9.353761 0.000000 3.363402 100.175550 1.474443 1.981549 -0.004124 
3231 9.311075 0.000000 3.363402 100.183678 1.388490 1.965392 -0.004256 
3232 9.353761 0.000000 3.404492 100.221106 1.405815 2.014295 -0.005030 
3233 9.353761 0.000000 3.445582 100.172584 1.338988 2.103254 -0.004076 
3234 9.311075 0.000000 3.445582 100.240709 1.269142 2.032496 -0.005394 
3235 9.353761 0.000000 3.486672 100.166391 1.345752 2.135097 -0.003968 
3236 2.054424 0.000000 3.322312 103.671241 -0.397877 9.020554 -0.082925 
3237 1.371445 0.000000 3.322312 102.199005 -0.598241 9.183891 -0.052934 
3238 2.054424 0.000000 3.979750 102.711832 -0.170747 7.653535 -0.060833 
3239 0.688466 0.000000 3.322312 101.238384 -0.489657 9.178453 -0.033369 
3240 0.005487 0.000000 3.322312 100.682825 -0.567018 9.202597 -0.022204 
3241 0.688466 0.000000 3.979750 101.504639 -0.258839 8.596646 -0.037716 
3242 -0.677492 0.000000 3.322312 100.160289 -0.267735 8.818551 -0.010992 
3243 -1.360471 0.000000 3.322312 99.825110 0.101386 8.420472 -0.003597 
3244 -0.677492 0.000000 3.979750 100.336781 0.334979 8.332739 -0.013702 
3245 3.761871 0.000000 -0.951031 102.056814 -0.320696 0.070399 -0.041570 
3246 3.761871 0.000000 -1.279750 101.329015 -0.324749 0.000000 -0.026767 
3247 3.761871 0.000000 2.336156 107.631984 -0.313488 4.275941 -0.160303 
3248 3.420382 0.000000 2.336156 108.197221 -0.117408 5.840703 -0.174077 
3249 3.761871 0.000000 2.664875 106.575074 -0.233075 4.689472 -0.138029 
3250 3.078892 0.000000 2.336156 108.411634 -0.407920 7.880727 -0.181535 
3251 2.737403 0.000000 2.336156 107.776715 -0.507428 10.045290 -0.171699 
3252 3.078892 0.000000 2.664875 106.741331 -0.042799 7.449420 -0.144921 
3253 6.493787 0.000000 -0.951031 97.605857 -0.661732 16.084284 0.021395 
3254 6.493787 0.000000 -1.279750 99.569523 -0.437898 11.490798 -0.004632 
3255 6.835276 0.000000 -0.951031 97.313574 -0.937457 12.586241 0.037078 
3256 7.176766 0.000000 -0.951031 98.981994 -0.993019 11.896280 0.006006 
3257 7.176766 0.000000 -1.279750 98.903880 -0.620671 10.049563 0.011664 
3258 7.518255 0.000000 -0.951031 99.189210 -1.120417 12.721746 -0.000160 
3259 7.859745 0.000000 -0.951031 97.581380 -0.971403 12.697516 0.031570 
3260 7.859745 0.000000 -1.279750 98.161310 -0.786571 9.717141 0.026932 
3261 8.201234 0.000000 -0.951031 96.689687 -1.113055 11.543963 0.051660 
3262 8.542724 0.000000 -0.951031 96.255262 -0.995650 9.847736 0.063696 
3263 8.542724 0.000000 -1.279750 97.373011 -0.627686 8.236972 0.045026 
3264 8.884213 0.000000 -0.951031 96.507039 -0.759546 8.553062 0.061266 
3265 9.225703 0.000000 -0.951031 97.423432 -0.437525 7.969665 0.044497 
3266 9.225703 0.000000 -1.279750 97.580199 -0.433565 7.211669 0.042591 
3267 9.567192 0.000000 -0.951031 97.622555 -0.631952 7.524514 0.041282 
3268 9.908682 0.000000 -0.951031 97.466066 -0.559733 7.104739 0.044958 
3269 9.908682 0.000000 -1.279750 97.767240 -0.335636 6.281911 0.040199 
3270 10.250171 0.000000 -0.951031 97.293831 -0.363822 6.544075 0.049095 
3271 10.591661 0.000000 -0.951031 97.260467 -0.107714 6.009830 0.050427 
3272 10.591661 0.000000 -1.279750 97.708005 -0.314915 5.534185 0.042242 
3273 10.933150 0.000000 -0.951031 97.384043 -0.326980 5.402764 0.048705 
3274 10.335544 0.000000 0.610383 88.835220 1.713038 15.326841 0.187046 
3275 10.250171 0.000000 0.610383 91.661852 1.295072 15.187490 0.136577 
3276 10.335544 0.000000 0.528203 83.413821 0.708541 33.143309 0.194315 
3277 12.982087 0.000000 -1.937187 98.920464 -0.274778 4.237846 0.019671 
3278 12.982087 0.000000 -2.594624 98.964024 -0.318771 4.415123 0.018653 
3279 13.665066 0.000000 -1.937187 99.061887 -0.252158 4.061775 0.017018 
3280 11.274640 0.000000 -0.951031 97.597727 -0.278367 5.020350 0.044940 
3281 11.274640 0.000000 -1.279750 97.977856 -0.237278 4.927180 0.037601 
3282 11.616129 0.000000 -0.951031 97.917578 -0.366831 4.669787 0.039021 
3283 11.957619 0.000000 -0.293594 97.753561 -0.717152 4.199434 0.042609 
3284 11.957619 0.000000 -0.622312 97.975619 -0.371014 4.292191 0.038222 
3285 12.299108 0.000000 -0.293594 98.175250 -0.483228 3.933255 0.034592 
3286 10.634347 0.000000 0.980191 104.182577 0.929835 -3.467279 -0.086690 
3287 10.591661 0.000000 0.980191 126.071740 1.141116 -0.787218 -0.589601 
3288 10.634347 0.000000 0.939102 100.699528 3.547595 -6.071894 -0.018985 
3289 10.890464 0.000000 1.144551 102.324978 -1.976579 -0.725965 -0.047483 
3290 10.933150 0.000000 1.144551 100.747813 -2.017849 -1.324020 -0.015595 
3291 10.890464 0.000000 1.185641 101.321559 -2.365997 0.434731 -0.027185 
3292 9.652565 0.000000 1.925258 97.933721 0.000000 0.964905 0.040806 
3293 9.652565 0.000000 1.843078 97.728218 0.000000 0.739545 0.044865 
3294 9.737937 0.000000 1.925258 97.956782 0.000000 0.842472 0.040376 
3295 9.524506 0.000000 2.130707 97.799842 0.000000 1.288229 0.043353 
3296 9.524506 0.000000 2.089617 97.594836 0.000000 1.079609 0.047408 
3297 9.567192 0.000000 2.130707 97.918486 0.000000 1.360407 0.041012 
3298 9.823309 0.000000 2.582695 97.825141 0.000000 1.766098 0.042712 
3299 9.823309 0.000000 2.500515 97.958092 0.000000 1.647644 0.040150 
3300 9.908682 0.000000 2.582695 98.069017 0.000000 1.794058 0.037925 
3301 9.503163 0.000000 2.356701 96.682806 0.000000 1.822210 0.064911 
3302 9.503163 0.000000 2.336156 96.786022 0.000000 1.761994 0.062936 
3303 9.524506 0.000000 2.356701 96.838867 0.000000 1.723258 0.061926 
3304 9.695251 0.000000 2.870324 97.436618 0.000000 2.782647 0.049836 
3305 9.695251 0.000000 2.829234 97.492884 0.000000 2.754863 0.048755 
3306 9.737937 0.000000 2.870324 97.789655 0.000000 2.696411 0.042991 
3307 9.994054 0.000000 3.075773 98.423499 0.000000 2.987177 0.030389 
3308 10.079427 0.000000 3.075773 98.566400 0.000000 3.092985 0.027510 
3309 9.994054 0.000000 3.157953 98.810017 0.000000 3.434769 0.022478 
3310 10.164799 0.000000 3.075773 98.654537 -0.000000 3.101567 0.025766 
3311 10.164799 0.000000 3.157953 98.893767 -0.000000 3.490434 0.020784 
3312 10.164799 0.000000 3.240133 99.283132 0.000000 3.961613 0.012717 
3313 10.079427 0.000000 3.240133 99.241123 0.000000 3.908355 0.013592 
3314 10.164799 0.000000 3.322312 99.467851 0.000000 4.312914 0.008755 
3315 9.994054 0.000000 3.240133 99.186285 0.000000 3.868673 0.014711 
3316 9.994054 0.000000 3.322312 99.195840 0.000000 4.152190 0.014294 
3317 9.780623 0.000000 3.116863 97.683774 0.000000 3.253893 0.044729 
3318 9.780623 0.000000 3.075773 97.671357 0.000000 2.997459 0.045132 
3319 9.823309 0.000000 3.116863 98.001766 0.000000 3.175405 0.038557 
3320 9.994054 0.000000 3.404492 99.110364 0.000000 4.342344 0.015828 
3321 10.079427 0.000000 3.404492 99.290939 0.000000 4.456415 0.012145 
3322 9.994054 0.000000 3.486672 99.107290 0.000000 4.533608 0.015719 
3323 10.164799 0.000000 3.404492 99.423408 0.000000 4.562196 0.009417 
3324 10.164799 0.000000 3.486672 99.460248 0.000000 4.770042 0.008491 
3325 10.164799 0.000000 3.568851 99.488002 0.000000 4.838572 0.007873 
3326 10.079427 0.000000 3.568851 99.313940 0.000000 4.717864 0.011448 
3327 10.164799 0.000000 3.651031 100.057025 3.812085 2.455607 -0.003197 
3328 9.994054 0.000000 3.568851 99.103800 0.000000 4.588513 0.015738 
3329 9.994054 0.000000 3.651031 100.072684 3.529258 2.428267 -0.003289 
3330 10.890464 0.000000 1.226730 100.603991 -2.497853 1.237034 -0.012893 
3331 10.933150 0.000000 1.226730 99.937185 -2.467185 0.856298 0.000574 
3332 10.890464 0.000000 1.267820 100.069387 -2.096645 2.004101 -0.002229 
3333 12.640598 0.000000 -0.293594 98.529689 -0.298885 3.883825 0.027673 
3334 12.640598 0.000000 -0.622312 98.610141 -0.085671 3.984501 0.026016 
3335 12.982087 0.000000 -0.293594 98.755759 -0.298371 3.834579 0.023251 
3336 11.018523 0.000000 2.747055 99.440644 -1.556743 2.073091 0.010484 
3337 11.103895 0.000000 2.747055 99.459477 -1.432702 2.080252 0.010143 
3338 11.018523 0.000000 2.829234 99.495810 -1.331237 2.152333 0.009418 
3339 11.018523 0.000000 2.911414 99.564609 -1.074253 2.169145 0.008103 
3340 11.103895 0.000000 2.911414 99.530759 -1.040251 2.228530 0.008758 
3341 11.018523 0.000000 2.993594 99.533577 -0.390290 2.167604 0.008822 
3342 11.018523 0.000000 3.075773 99.553655 -1.422575 2.375393 0.008140 
3343 11.103895 0.000000 3.075773 99.556308 -1.391231 2.388931 0.008090 
3344 11.018523 0.000000 3.157953 99.593597 -1.215715 2.405876 0.007385 
3345 11.018523 0.000000 3.240133 99.620875 -4.094586 1.974135 0.005502 
3346 11.103895 0.000000 3.240133 99.609529 -3.787205 1.960576 0.005975 
3347 11.018523 0.000000 3.322312 99.997850 -2.577623 2.293740 -0.001148 
3348 11.018523 0.000000 3.404492 100.034768 -0.957705 2.398595 -0.001363 
3349 11.103895 0.000000 3.404492 100.032668 -0.733011 2.381159 -0.001274 
3350 11.018523 0.000000 3.486672 100.112361 2.675930 2.653239 -0.003669 
3351 11.018523 0.000000 3.568851 99.393644 17.094573 12.419967 -0.032558 
3352 11.103895 0.000000 3.568851 99.397385 14.804184 15.606282 -0.034256 
3353 11.018523 0.000000 3.651031 99.962869 4.086284 2.840440 -0.001734 
3354 3.420382 0.000000 4.637187 102.864121 -0.021543 5.757193 -0.061417 
3355 2.737403 0.000000 4.637187 102.680463 -0.000250 6.550122 -0.058618 
3356 3.420382 0.000000 5.294624 102.145836 0.089936 5.891918 -0.046849 
3357 2.054424 0.000000 4.637187 102.271393 -0.124927 7.201335 -0.051131 
3358 1.371445 0.000000 4.637187 101.852604 0.129261 7.700387 -0.043327 
3359 2.054424 0.000000 5.294624 101.950427 0.100805 6.944699 -0.044213 
3360 0.346976 0.000000 1.678719 98.446364 -0.296665 12.624721 0.014884 
3361 0.005487 0.000000 1.678719 98.175675 -0.207173 11.638052 0.022605 
3362 0.346976 0.000000 2.007437 99.256431 -0.263034 11.621400 0.001303 
3363 -0.336003 0.000000 1.678719 98.089958 -0.273531 10.993998 0.025742 
3364 -0.677492 0.000000 1.678719 98.123534 -0.234214 10.322543 0.026516 
3365 -0.336003 0.000000 2.007437 98.801002 -0.261969 10.511273 0.012781 
3366 5.810808 0.000000 2.993594 102.552357 0.318389 1.113078 -0.051833 
3367 5.469318 0.000000 2.993594 103.294652 0.178498 1.194089 -0.067124 
3368 5.810808 0.000000 3.322312 102.562337 0.250622 1.747398 -0.052215 
3369 5.810808 0.000000 3.651031 102.538219 0.335193 2.372625 -0.051983 
3370 5.469318 0.000000 3.651031 102.954230 0.221762 2.643261 -0.060661 
3371 5.810808 0.000000 3.979750 102.518596 0.340433 2.806447 -0.051805 
3372 14.348045 0.000000 -1.937187 99.324349 -0.515191 4.338832 0.011558 
3373 14.348045 0.000000 -2.594624 99.369263 -0.508805 4.604883 0.010429 
3374 15.031024 0.000000 -1.937187 99.499207 -0.203742 4.542504 0.007923 
3375 7.689000 0.000000 1.514359 99.517122 0.180389 -0.291341 0.009622 
3376 7.518255 0.000000 1.514359 99.585846 0.187801 -0.365629 0.008249 
3377 7.689000 0.000000 1.678719 99.681384 0.045695 -0.436564 0.006343 
3378 7.689000 0.000000 1.843078 99.819642 0.074966 -0.397920 0.003588 
3379 7.518255 0.000000 1.843078 99.899847 0.118068 -0.473900 0.001978 
3380 7.689000 0.000000 2.007437 99.960899 0.097356 -0.280620 0.000773 
3381 7.689000 0.000000 2.171797 100.136943 0.226967 -0.030855 -0.002746 
3382 7.518255 0.000000 2.171797 100.157828 0.339655 -0.184870 -0.003174 
3383 7.689000 0.000000 2.336156 100.244716 0.238942 0.157125 -0.004908 
3384 7.689000 0.000000 2.500515 100.353920 0.590333 0.369728 -0.007139 
3385 7.518255 0.000000 2.500515 100.453878 0.529760 0.235141 -0.009132 
3386 7.689000 0.000000 2.664875 100.457661 0.576703 0.622252 -0.009246 
3387 9.481820 0.000000 0.610383 94.796121 0.872972 -0.244613 0.101287 
3388 9.481820 0.000000 0.528203 94.679929 0.091278 -0.317113 0.103560 
3389 9.567192 0.000000 0.610383 98.742013 -0.359063 -3.121917 0.024014 
3390 8.628096 0.000000 1.760898 99.368527 0.351898 -0.023495 0.012577 
3391 8.542724 0.000000 1.760898 99.411702 0.268560 0.163319 0.011721 
3392 8.628096 0.000000 1.843078 99.476794 0.338873 0.231122 0.010420 
3393 8.628096 0.000000 1.925258 99.575459 0.344997 0.231335 0.008456 
3394 8.542724 0.000000 1.925258 99.566573 0.299998 0.137278 0.008639 
3395 8.628096 0.000000 2.007437 99.621431 0.370561 0.243215 0.007537 
3396 10.164799 0.000000 0.610383 93.168737 1.565194 16.892720 0.103177 
3397 10.079427 0.000000 0.610383 94.173446 1.589019 15.178842 0.089844 
3398 10.164799 0.000000 0.528203 89.395742 0.366965 28.474518 0.119747 
3399 10.719719 0.000000 0.733652 81.132003 1.349201 3.393187 0.340426 
3400 10.677033 0.000000 0.733652 85.901482 2.239611 -2.643011 0.260893 
3401 10.719719 0.000000 0.692563 79.341053 1.081648 3.319718 0.369281 
3402 8.371979 0.000000 3.486672 100.554844 0.797061 1.685064 -0.011475 
3403 8.201234 0.000000 3.486672 100.771293 0.731417 1.592163 -0.015792 
3404 8.371979 0.000000 3.651031 100.659300 0.719153 1.889777 -0.013638 
3405 8.371979 0.000000 3.815390 100.736682 0.326363 1.996466 -0.015197 
3406 8.201234 0.000000 3.815390 100.822777 0.303978 1.961273 -0.016917 
3407 8.371979 0.000000 3.979750 100.519840 0.361712 2.380844 -0.011004 
3408 9.994054 0.000000 2.582695 98.271526 0.000000 1.892662 0.033913 
3409 9.994054 0.000000 2.500515 98.367631 0.000000 1.811118 0.032053 
3410 9.994054 0.000000 2.664875 98.183716 0.000000 1.984919 0.035602 
3411 8.628096 0.000000 2.089617 99.787474 0.476519 0.277661 0.004216 
3412 8.542724 0.000000 2.089617 99.799978 0.414727 0.202877 0.003975 
3413 8.628096 0.000000 2.171797 99.824725 0.478378 0.331755 0.003469 
3414 8.628096 0.000000 2.253976 99.875229 0.463314 0.381754 0.002458 
3415 8.542724 0.000000 2.253976 99.904876 0.614765 0.362224 0.001851 
3416 8.628096 0.000000 2.336156 99.931306 0.654096 0.486131 0.001307 
3417 8.628096 0.000000 2.418336 99.984455 0.642559 0.572111 0.000237 
3418 8.542724 0.000000 2.418336 100.008568 0.603143 0.526701 -0.000235 
3419 8.628096 0.000000 2.500515 100.032602 0.631431 0.658121 -0.000735 
3420 8.628096 0.000000 2.582695 100.002949 0.647964 0.786640 -0.000163 
3421 8.542724 0.000000 2.582695 100.123118 0.608875 0.693790 -0.002549 
3422 8.628096 0.000000 2.664875 100.024839 0.634561 0.870650 -0.000613 
3423 8.969586 0.000000 3.075773 100.086602 1.041332 1.637830 -0.002109 
3424 8.884213 0.000000 3.075773 100.164891 1.027130 1.543638 -0.003644 
3425 8.969586 0.000000 3.157953 100.244228 1.219021 1.633237 -0.005306 
3426 8.969586 0.000000 3.240133 100.054578 1.144746 1.961738 -0.001608 
3427 8.884213 0.000000 3.240133 100.290876 1.037909 1.678986 -0.006216 
3428 8.969586 0.000000 3.322312 100.080889 1.084712 2.027662 -0.002147 
3429 9.994054 0.000000 2.747055 98.347424 0.000000 2.248031 0.032273 
3430 9.609878 0.000000 2.705965 96.589374 0.000000 2.413590 0.066467 
3431 9.609878 0.000000 2.664875 96.797218 0.000000 2.337178 0.062484 
3432 9.652565 0.000000 2.705965 96.947628 0.000000 2.209345 0.059628 
3433 9.695251 0.000000 2.788144 97.442528 0.000000 2.509540 0.049866 
3434 9.695251 0.000000 2.747055 97.373537 0.000000 2.352952 0.051286 
3435 9.737937 0.000000 2.788144 97.681830 0.000000 2.451842 0.045225 
3436 7.176766 0.000000 4.308468 101.460148 0.833213 2.547994 -0.030135 
3437 6.835276 0.000000 4.308468 101.599039 0.592328 2.763612 -0.033035 
3438 7.176766 0.000000 4.637187 101.360648 0.765842 2.926736 -0.028313 
3439 7.689000 0.000000 2.829234 100.559323 0.553206 0.853604 -0.011321 
3440 7.518255 0.000000 2.829234 100.664528 0.508018 0.765311 -0.013419 
3441 7.689000 0.000000 2.993594 100.568810 0.508686 1.052082 -0.011545 
3442 7.689000 0.000000 3.157953 100.792734 0.649517 0.979950 -0.016056 
3443 7.518255 0.000000 3.157953 100.737851 0.443868 1.261148 -0.014990 
3444 7.689000 0.000000 3.322312 100.893797 0.646448 1.221901 -0.018147 
3445 8.030490 0.000000 3.486672 100.857140 0.693880 1.579960 -0.017514 
3446 7.859745 0.000000 3.486672 100.928816 0.723106 1.525443 -0.018948 
3447 8.030490 0.000000 3.651031 100.880560 0.715004 1.760333 -0.018050 
3448 8.030490 0.000000 3.815390 100.942215 0.349960 1.949412 -0.019325 
3449 7.859745 0.000000 3.815390 100.765545 0.427111 1.835049 -0.015724 
3450 8.030490 0.000000 3.979750 100.838123 0.356469 2.017298 -0.017252 
3451 8.628096 0.000000 2.747055 100.075349 0.687024 0.966736 -0.001648 
3452 8.542724 0.000000 2.747055 100.100081 0.642010 0.919323 -0.002128 
3453 8.628096 0.000000 2.829234 100.105105 0.909763 1.073505 -0.002301 
3454 8.628096 0.000000 2.911414 100.151805 0.871906 1.159046 -0.003249 
3455 8.542724 0.000000 2.911414 100.238834 0.871531 1.139371 -0.004988 
3456 8.628096 0.000000 2.993594 100.252477 0.840007 1.274360 -0.005289 
3457 8.798841 0.000000 3.075773 100.244022 0.924576 1.445327 -0.005181 
3458 8.713469 0.000000 3.075773 100.269683 1.088535 1.380620 -0.005710 
3459 8.798841 0.000000 3.157953 100.230713 1.104527 1.556710 -0.004984 
3460 8.798841 0.000000 3.240133 100.335705 1.008281 1.616738 -0.007088 
3461 8.713469 0.000000 3.240133 100.296136 1.010885 1.579217 -0.006283 
3462 8.798841 0.000000 3.322312 100.358572 0.944939 1.720118 -0.007569 
3463 8.969586 0.000000 3.404492 100.133462 1.021259 2.107854 -0.003220 
3464 8.884213 0.000000 3.404492 100.134517 0.946498 2.067552 -0.003209 
3465 8.969586 0.000000 3.486672 100.239668 0.983945 2.131354 -0.005350 
3466 8.969586 0.000000 3.568851 100.262979 0.974004 2.166944 -0.005831 
3467 8.884213 0.000000 3.568851 100.247071 0.965994 2.160198 -0.005507 
3468 8.969586 0.000000 3.651031 100.250614 0.922837 2.229365 -0.005601 
3469 5.127829 0.000000 2.993594 103.920828 0.245245 1.614274 -0.080220 
3470 4.786340 0.000000 2.993594 104.591898 0.107145 2.250259 -0.094454 
3471 5.127829 0.000000 3.322312 103.722898 0.188486 2.338368 -0.076394 
3472 5.127829 0.000000 3.651031 103.240665 0.106853 3.023526 -0.066779 
3473 4.786340 0.000000 3.651031 103.791786 0.049481 3.290163 -0.078356 
3474 5.127829 0.000000 3.979750 103.013773 0.136202 3.414174 -0.062351 
3475 6.493787 0.000000 4.308468 101.818247 0.456255 2.879737 -0.037546 
3476 6.152297 0.000000 4.308468 102.092087 0.409157 3.030512 -0.043215 
3477 6.493787 0.000000 4.637187 101.741869 0.371722 3.239843 -0.036204 
3478 8.798841 0.000000 3.404492 100.388226 0.868791 1.810226 -0.008183 
3479 8.713469 0.000000 3.404492 100.432029 0.854431 1.750706 -0.009039 
3480 8.798841 0.000000 3.486672 100.175773 0.983338 2.119067 -0.004064 
3481 8.798841 0.000000 3.568851 100.233694 0.923699 2.126627 -0.005217 
3482 8.713469 0.000000 3.568851 100.248482 0.888583 2.109432 -0.005500 
3483 8.798841 0.000000 3.651031 100.291235 0.864180 2.179492 -0.006383 
1 11 78 76 77 
2 78 10 24 76 
3 76 24 14 79 
4 77 76 79 6 
5 24 82 80 81 
6 82 23 40 80 
7 80 40 27 83 
8 81 80 83 14 
9 40 86 84 85 
10 86 39 56 84 
11 84 56 43 87 
12 85 84 87 27 
13 56 90 88 89 
14 89 88 91 43 
15 6 79 104 105 
16 79 14 36 104 
17 104 36 19 106 
18 105 104 106 20 
19 14 83 107 108 
20 83 27 52 107 
21 107 52 35 109 
22 108 107 109 36 
23 27 87 110 111 
24 87 43 68 110 
25 110 68 51 112 
26 111 110 112 52 
27 43 91 113 114 
28 114 113 115 68 
29 88 118 116 117 
30 117 116 119 91 
31 12 122 120 121 
32 122 7 123 120 
33 120 123 13 25 
34 121 120 25 10 
35 25 126 124 125 
36 126 13 127 124 
37 124 127 26 41 
38 125 124 41 23 
39 41 130 128 129 
40 130 26 131 128 
41 128 131 42 57 
42 129 128 57 39 
43 57 134 132 133 
44 134 42 135 132 
45 132 135 58 73 
46 133 132 73 55 
47 55 138 136 137 
48 138 73 139 136 
49 39 147 145 146 
50 147 57 133 145 
51 145 133 55 90 
52 146 145 90 56 
53 90 150 148 149 
54 150 55 137 148 
55 149 148 118 88 
56 118 153 151 152 
57 152 151 154 116 
58 91 119 168 169 
59 169 168 170 113 
60 116 154 171 172 
61 172 171 173 119 
62 151 176 174 175 
63 176 141 164 174 
64 174 164 100 177 
65 175 174 177 154 
66 137 180 178 179 
67 180 136 181 178 
68 178 181 101 142 
69 179 178 142 72 
70 72 184 182 183 
71 184 142 185 182 
72 141 188 186 187 
73 188 165 189 186 
74 186 189 163 190 
75 187 186 190 164 
76 191 193 159 194 
77 192 191 194 160 
78 164 190 195 196 
79 190 163 197 195 
80 195 197 167 198 
81 196 195 198 100 
82 142 212 211 185 
83 212 101 213 211 
84 211 213 143 214 
85 185 211 214 140 
86 182 217 215 216 
87 217 185 218 215 
88 215 218 140 219 
89 216 215 219 165 
90 144 224 223 193 
91 224 99 225 223 
92 223 225 161 226 
93 193 223 226 159 
94 167 229 227 228 
95 229 144 230 227 
96 227 230 193 231 
97 228 227 231 191 
98 73 233 232 139 
99 233 58 234 232 
100 136 236 235 181 
101 236 139 237 235 
102 235 237 71 208 
103 181 235 208 101 
104 208 244 242 243 
105 244 71 245 242 
106 242 245 209 246 
107 243 242 246 207 
108 256 258 157 259 
109 257 256 259 155 
110 220 262 260 261 
111 261 260 264 222 
112 210 267 265 266 
113 267 102 268 265 
114 266 265 262 220 
115 273 253 274 272 
116 272 274 255 275 
117 262 278 276 277 
118 277 276 280 260 
119 102 282 281 268 
120 282 241 283 281 
121 281 283 253 273 
122 265 286 284 285 
123 286 268 287 284 
124 284 287 221 278 
125 285 284 278 262 
126 289 273 290 288 
127 288 290 272 291 
128 278 294 292 293 
129 294 221 295 292 
130 293 292 296 276 
131 268 298 297 287 
132 298 281 299 297 
133 297 299 273 289 
134 287 297 289 221 
135 221 301 300 295 
136 301 289 302 300 
137 300 302 288 303 
138 295 300 303 279 
139 222 264 304 305 
140 264 75 306 304 
141 304 306 258 307 
142 305 304 307 256 
143 260 280 308 309 
144 280 263 310 308 
145 308 310 75 311 
146 309 308 311 264 
147 276 296 312 313 
148 296 279 314 312 
149 312 314 263 315 
150 313 312 315 280 
151 292 318 316 317 
152 318 295 319 316 
153 316 319 279 320 
154 317 316 320 296 
155 7 330 329 123 
156 330 16 331 329 
157 329 331 15 32 
158 123 329 32 13 
159 13 333 332 127 
160 333 32 334 332 
161 332 334 31 48 
162 127 332 48 26 
163 26 336 335 131 
164 336 48 337 335 
165 335 337 47 64 
166 131 335 64 42 
167 42 339 338 135 
168 339 64 340 338 
169 338 340 63 200 
170 135 338 200 58 
171 58 342 341 234 
172 342 200 343 341 
173 232 346 344 345 
174 346 234 347 344 
175 344 347 74 326 
176 345 344 326 204 
177 326 354 352 353 
178 354 74 355 352 
179 352 355 327 356 
180 353 352 356 325 
181 372 360 373 370 
182 370 373 363 374 
183 383 351 384 381 
184 381 384 360 372 
185 361 387 385 386 
186 387 372 388 385 
187 385 388 370 389 
188 386 385 389 371 
189 234 391 390 347 
190 391 341 392 390 
191 390 392 322 349 
192 347 390 349 74 
193 74 394 393 355 
194 394 349 395 393 
195 393 395 348 396 
196 355 393 396 327 
197 15 398 397 33 
198 398 17 399 397 
199 397 399 8 400 
200 33 397 400 18 
201 402 33 403 401 
202 401 403 18 404 
203 360 422 421 373 
204 422 362 423 421 
205 421 423 324 424 
206 373 421 424 363 
207 350 430 428 429 
208 430 425 431 428 
209 428 431 418 432 
210 429 428 432 321 
211 18 400 433 45 
212 400 8 434 433 
213 433 434 29 435 
214 45 433 435 28 
215 404 18 437 436 
216 436 437 45 438 
217 200 456 455 343 
218 456 63 457 455 
219 427 467 465 466 
220 467 458 468 465 
221 465 468 461 469 
222 466 465 469 323 
223 323 469 478 479 
224 469 461 480 478 
225 461 499 498 480 
226 499 413 500 498 
227 478 503 501 502 
228 503 480 504 501 
229 419 519 517 518 
230 519 475 494 517 
231 517 494 473 520 
232 518 517 520 474 
233 475 523 521 522 
234 522 521 524 494 
235 533 535 476 536 
236 534 533 536 497 
237 480 543 542 504 
238 543 498 544 542 
239 501 547 545 546 
240 547 504 548 545 
241 545 548 462 511 
242 546 545 511 495 
243 495 551 549 550 
244 551 511 552 549 
245 549 552 509 539 
246 550 549 539 510 
247 462 554 553 512 
248 554 506 555 553 
249 553 555 505 556 
250 512 553 556 496 
251 509 558 557 540 
252 558 512 559 557 
253 557 559 496 560 
254 540 557 560 513 
255 539 563 561 562 
256 563 509 564 561 
257 561 564 540 565 
258 494 524 566 567 
259 566 534 497 568 
260 567 566 568 473 
261 521 571 569 570 
262 571 510 538 569 
263 569 538 493 572 
264 570 569 572 524 
265 510 575 573 574 
266 575 539 562 573 
267 573 562 537 576 
268 574 573 576 538 
269 493 541 577 578 
270 541 513 579 577 
271 577 579 533 580 
272 578 577 580 534 
273 537 565 581 582 
274 565 540 583 581 
275 581 583 513 584 
276 582 581 584 541 
277 562 587 585 586 
278 587 561 588 585 
279 585 588 565 589 
280 586 585 589 537 
281 413 594 593 500 
282 594 486 595 593 
283 486 605 604 595 
284 605 415 606 604 
285 595 617 615 616 
286 617 604 618 615 
287 64 621 620 340 
288 621 47 622 620 
289 620 622 65 410 
290 340 620 410 63 
291 63 624 623 457 
292 624 410 625 623 
293 627 482 628 626 
294 415 630 629 606 
295 630 601 631 629 
296 629 631 600 632 
297 604 634 633 618 
298 634 606 635 633 
299 615 645 643 644 
300 645 618 646 643 
301 643 646 607 647 
302 644 643 647 619 
303 75 275 648 306 
304 275 255 649 648 
305 648 649 269 650 
306 306 648 650 258 
307 263 291 651 310 
308 291 272 652 651 
309 651 652 275 653 
310 310 651 653 75 
311 365 380 654 655 
312 380 5 656 654 
313 654 656 367 657 
314 655 654 657 375 
315 377 660 658 659 
316 660 371 661 658 
317 658 661 5 662 
318 659 658 662 380 
319 632 600 667 666 
320 666 667 603 668 
321 639 682 680 681 
322 682 641 683 680 
323 680 683 611 684 
324 686 632 687 685 
325 685 687 666 688 
326 641 698 697 683 
327 668 603 701 700 
328 700 701 663 702 
329 688 666 704 703 
330 703 704 668 705 
331 712 692 713 710 
332 710 713 696 714 
333 711 710 714 671 
334 697 720 718 719 
335 720 693 711 718 
336 718 711 671 721 
337 719 718 721 699 
338 669 728 726 727 
339 728 694 729 726 
340 726 729 692 712 
341 727 726 712 693 
342 693 732 730 731 
343 732 712 733 730 
344 730 733 710 734 
345 731 730 734 711 
346 606 736 735 635 
347 736 629 737 735 
348 735 737 632 686 
349 633 740 738 739 
350 740 635 741 738 
351 618 743 742 646 
352 743 633 739 742 
353 742 739 636 744 
354 646 742 744 607 
355 739 747 745 746 
356 747 738 748 745 
357 745 748 724 749 
358 746 745 749 636 
359 670 751 750 695 
360 751 685 752 750 
361 750 752 688 753 
362 695 750 753 613 
363 694 755 754 729 
364 755 670 756 754 
365 754 756 695 757 
366 729 754 757 692 
367 487 759 758 725 
368 759 686 760 758 
369 758 760 685 751 
370 725 758 751 670 
371 724 763 761 762 
372 763 487 764 761 
373 761 764 725 765 
374 762 761 765 722 
375 596 768 766 767 
376 767 766 769 637 
377 640 772 770 771 
378 772 639 681 770 
379 770 681 642 773 
380 771 770 773 612 
381 642 684 774 775 
382 684 611 716 774 
383 774 716 678 776 
384 775 774 776 676 
385 681 779 777 778 
386 779 680 780 777 
387 777 780 684 781 
388 778 777 781 642 
389 507 795 793 794 
390 795 782 796 793 
391 794 793 797 489 
392 463 799 798 784 
393 799 596 767 798 
394 798 767 637 800 
395 784 798 800 491 
396 782 802 801 796 
397 802 784 803 801 
398 801 803 491 804 
399 796 801 804 785 
400 489 797 807 808 
401 797 785 809 807 
402 807 809 789 810 
403 808 807 810 790 
404 793 813 811 812 
405 813 796 814 811 
406 811 814 785 815 
407 812 811 815 797 
408 496 556 816 535 
409 556 505 817 816 
410 816 817 508 818 
411 535 816 818 476 
412 513 560 819 579 
413 560 496 820 819 
414 819 820 535 821 
415 579 819 821 533 
416 826 828 691 829 
417 827 826 829 614 
418 676 776 835 836 
419 776 678 827 835 
420 835 827 614 837 
421 836 835 837 679 
422 790 810 842 843 
423 810 789 844 842 
424 842 844 792 845 
425 843 842 845 492 
426 531 851 849 850 
427 851 805 852 849 
428 849 852 806 853 
429 614 829 854 855 
430 829 691 856 854 
431 854 856 822 857 
432 855 854 857 823 
433 679 837 858 859 
434 837 614 855 858 
435 858 855 823 860 
436 859 858 860 832 
437 464 853 864 865 
438 853 806 866 864 
439 864 866 846 867 
440 865 864 867 847 
441 21 46 868 869 
442 46 28 870 868 
443 868 870 30 871 
444 869 868 871 9 
445 37 62 872 873 
446 62 44 874 872 
447 872 874 46 875 
448 873 872 875 21 
449 53 94 876 877 
450 94 60 878 876 
451 876 878 62 879 
452 877 876 879 37 
453 69 249 880 881 
454 249 92 882 880 
455 880 882 94 883 
456 881 880 883 53 
457 884 886 92 887 
458 885 884 887 249 
459 839 902 900 901 
460 902 838 903 900 
461 900 903 841 904 
462 901 900 904 786 
463 786 904 908 909 
464 908 910 896 911 
465 909 908 911 897 
466 787 919 918 898 
467 919 830 920 918 
468 918 920 831 921 
469 841 923 922 910 
470 923 787 924 922 
471 922 924 898 925 
472 910 922 925 896 
473 904 928 926 927 
474 928 841 929 926 
475 926 929 910 930 
476 927 926 930 908 
477 672 943 941 942 
478 943 825 944 941 
479 941 944 934 945 
480 942 941 945 935 
481 834 948 946 947 
482 948 672 942 946 
483 946 942 935 949 
484 947 946 949 938 
485 848 952 950 951 
486 952 786 909 950 
487 950 909 897 953 
488 951 950 953 905 
489 92 444 954 882 
490 444 93 955 954 
491 954 955 60 956 
492 882 954 956 94 
493 957 958 444 959 
494 886 957 959 92 
495 702 663 964 963 
496 963 964 665 965 
497 935 945 970 971 
498 945 934 972 970 
499 970 972 937 973 
500 971 970 973 675 
501 938 949 977 978 
502 949 935 971 977 
503 977 971 675 979 
504 978 977 979 940 
505 897 911 984 985 
506 911 896 986 984 
507 984 986 899 987 
508 985 984 987 788 
509 905 953 994 995 
510 953 897 985 994 
511 994 985 788 996 
512 995 994 996 907 
513 788 987 997 998 
514 987 899 999 997 
515 998 997 1000 981 
516 921 831 1002 1001 
517 1001 1002 915 1003 
518 899 1005 1004 999 
519 1005 471 1006 1004 
520 981 1000 1016 1017 
521 1017 1016 1019 892 
522 997 1022 1020 1021 
523 1022 999 1023 1020 
524 1020 1023 980 1024 
525 1021 1020 1024 1000 
526 1000 1024 1028 1029 
527 1024 980 1030 1028 
528 1028 1030 1018 1031 
529 1029 1028 1031 1016 
530 967 1042 1040 1041 
531 1042 966 1043 1040 
532 1040 1043 969 1044 
533 1041 1040 1044 931 
534 974 1050 1048 1049 
535 1050 967 1041 1048 
536 1048 1041 931 1051 
537 1049 1048 1051 976 
538 1003 915 1055 1054 
539 1018 1063 1061 1062 
540 1063 1025 1064 1061 
541 1061 1064 1027 1065 
542 1062 1061 1065 983 
543 892 1019 1069 1070 
544 1070 1069 1071 1013 
545 983 1065 1072 1073 
546 1073 1072 1075 1058 
547 894 1077 1076 1059 
548 1077 1003 1078 1076 
549 1076 1078 1054 1079 
550 1059 1076 1079 1014 
551 1081 894 1082 1080 
552 1080 1082 1059 1083 
553 1065 1086 1084 1085 
554 1086 1027 1087 1084 
555 1084 1087 1074 1088 
556 1085 1084 1088 1072 
557 1019 1091 1089 1090 
558 1091 983 1073 1089 
559 1089 1073 1058 1092 
560 1090 1089 1092 1069 
561 931 1044 1093 1094 
562 1044 969 1095 1093 
563 1093 1095 1036 1096 
564 1094 1093 1096 1037 
565 976 1051 1097 1098 
566 1051 931 1094 1097 
567 1097 1094 1037 1099 
568 1098 1097 1099 1045 
569 1083 1059 1110 1108 
570 1108 1110 1014 1111 
571 1058 1075 1112 1113 
572 1113 1112 1114 1012 
573 1014 1079 1118 1106 
574 1079 1054 1119 1118 
575 1118 1119 1056 1120 
576 1106 1118 1120 445 
577 1060 1111 1121 1122 
578 1111 1014 1123 1121 
579 1121 1123 1106 1124 
580 1122 1121 1124 1104 
581 1127 1108 1128 1125 
582 1125 1128 1111 1129 
583 1126 1125 1129 1060 
584 1013 1071 1130 1131 
585 1131 1130 1132 895 
586 1012 1114 1133 1134 
587 1114 1060 1122 1133 
588 1133 1122 1104 1135 
589 1134 1133 1135 1105 
590 1112 1138 1136 1137 
591 1138 1109 1126 1136 
592 1136 1126 1060 1139 
593 1137 1136 1139 1114 
594 1057 1142 1140 1141 
595 1142 1083 1143 1140 
596 1140 1143 1108 1127 
597 1141 1140 1127 1109 
598 1109 1146 1144 1145 
599 1146 1127 1147 1144 
600 1144 1147 1125 1148 
601 1145 1144 1148 1126 
602 965 665 1150 1149 
603 1149 1150 960 1151 
604 1037 1096 1156 1157 
605 1096 1036 1158 1156 
606 1156 1158 1039 1159 
607 1157 1156 1159 933 
608 1171 885 249 1173 
609 1172 1171 1173 69 
610 895 1132 1183 1184 
611 1184 1183 1185 1101 
612 1015 1188 1186 1187 
613 1188 1107 1189 1186 
614 1186 1189 1167 1190 
615 1187 1186 1190 1168 
616 1191 1193 886 1194 
617 1192 1191 1194 884 
618 1207 1192 884 1209 
619 1208 1207 1209 885 
620 1170 1233 1231 1232 
621 1233 1102 1234 1231 
622 1231 1234 1220 1235 
623 1232 1231 1235 1218 
624 1010 1252 1250 1251 
625 1252 1230 1253 1250 
626 1221 1257 1255 1256 
627 1257 1010 1251 1255 
628 1255 1251 1244 1258 
629 1256 1255 1258 1247 
630 1251 1273 1271 1272 
631 1273 1250 1274 1271 
632 1271 1274 1254 1275 
633 1272 1271 1275 1244 
634 1117 1280 1279 1245 
635 1280 1052 1281 1279 
636 1279 1281 1225 1282 
637 1243 1284 1283 1269 
638 1284 1245 1285 1283 
639 1283 1285 1224 1286 
640 1269 1283 1286 1246 
641 1293 1295 1263 1296 
642 1294 1293 1296 1264 
643 1267 1299 1297 1298 
644 1299 1269 1300 1297 
645 1297 1300 1246 1301 
646 1247 1258 1302 1303 
647 1258 1244 1268 1302 
648 1302 1268 1216 1304 
649 1303 1302 1304 1249 
650 1268 1307 1305 1306 
651 1307 1267 1298 1305 
652 1305 1298 1270 1308 
653 1306 1305 1308 1216 
654 1282 1225 1310 1309 
655 1309 1310 1053 1311 
656 1246 1286 1312 1295 
657 1286 1224 1313 1312 
658 1312 1313 1265 1314 
659 1295 1312 1314 1263 
660 1270 1301 1315 1316 
661 1301 1246 1317 1315 
662 1315 1317 1295 1318 
663 1316 1315 1318 1293 
664 1298 1321 1319 1320 
665 1321 1297 1322 1319 
666 1319 1322 1301 1323 
667 1320 1319 1323 1270 
668 1324 1325 957 1326 
669 1193 1324 1326 886 
670 1151 960 1328 1327 
671 1327 1328 962 1329 
672 1311 1053 1352 1351 
673 1351 1352 1261 1353 
674 890 1364 1362 1363 
675 1364 1266 1355 1362 
676 1362 1355 1345 1365 
677 1363 1362 1365 1346 
678 1263 1314 1366 1367 
679 1314 1265 1368 1366 
680 1366 1368 1226 1356 
681 1367 1366 1356 1266 
682 1266 1371 1369 1370 
683 1371 1356 1372 1369 
684 1370 1369 1373 1355 
685 1226 1375 1374 1357 
686 1375 1311 1376 1374 
687 1374 1376 1351 1377 
688 1357 1374 1377 1347 
689 1356 1379 1378 1372 
690 1379 1226 1380 1378 
691 1378 1380 1357 1381 
692 1372 1378 1381 1354 
693 447 1223 1382 1383 
694 1223 914 1384 1382 
695 1382 1384 1191 1385 
696 1383 1382 1385 1192 
697 1212 1262 1386 1387 
698 1262 1222 1388 1386 
699 1386 1388 1223 1389 
700 1387 1386 1389 447 
701 1260 1348 1390 1391 
702 1348 1259 1392 1390 
703 1390 1392 1262 1393 
704 1391 1390 1393 1212 
705 1345 1358 1394 1395 
706 1358 1347 1396 1394 
707 1394 1396 1259 1397 
708 1395 1394 1397 1348 
709 1355 1373 1398 1399 
710 1373 1354 1400 1398 
711 1398 1400 1358 1401 
712 1399 1398 1401 1345 
713 1369 1404 1402 1403 
714 1404 1372 1405 1402 
715 1402 1405 1354 1406 
716 1403 1402 1406 1373 
717 914 1198 1407 1384 
718 1198 248 1408 1407 
719 1407 1408 1193 1409 
720 1384 1407 1409 1191 
721 1195 1333 1410 1411 
722 1333 1197 1412 1410 
723 1410 1412 248 1413 
724 1411 1410 1413 1198 
725 1331 1344 1414 1415 
726 1344 1330 1416 1414 
727 1414 1416 1333 1417 
728 1415 1414 1417 1195 
729 321 432 1418 1419 
730 432 418 1420 1418 
731 362 1423 1421 1422 
732 1423 452 1424 1421 
733 1421 1424 451 1425 
734 1422 1421 1425 423 
735 529 1428 1426 1427 
736 1428 531 850 1426 
737 1426 850 464 1429 
738 1427 1426 1429 532 
739 850 1432 1430 1431 
740 1432 849 1433 1430 
741 1430 1433 853 1434 
742 1431 1430 1434 464 
743 1435 1436 66 1437 
744 828 1435 1437 691 
745 1440 689 1441 1438 
746 1438 1441 828 1442 
747 1439 1438 1442 826 
748 678 1445 1443 1444 
749 1445 717 1439 1443 
750 1443 1439 826 1446 
751 1444 1443 1446 827 
752 715 1449 1447 1448 
753 1449 707 1450 1447 
754 1447 1450 689 1440 
755 1448 1447 1440 717 
756 717 1453 1451 1452 
757 1453 1440 1454 1451 
758 1451 1454 1438 1455 
759 1452 1451 1455 1439 
760 203 1473 1471 1472 
761 1472 1471 1474 254 
762 325 356 1480 1481 
763 356 327 1482 1480 
764 1480 1482 205 1470 
765 1481 1480 1470 328 
766 328 1485 1483 1484 
767 1485 1470 1486 1483 
768 1483 1486 1468 1477 
769 1484 1483 1477 1469 
770 1468 1488 1487 1478 
771 1488 382 1489 1487 
772 1487 1489 361 1490 
773 1478 1487 1490 379 
774 1477 1493 1491 1492 
775 1493 1468 1494 1491 
776 1491 1494 1478 1495 
777 254 1474 1496 1497 
778 1497 1496 1498 206 
779 1471 1501 1499 1500 
780 1501 1469 1476 1499 
781 1499 1476 364 1502 
782 1500 1499 1502 1474 
783 1469 1505 1503 1504 
784 1505 1477 1492 1503 
785 1503 1492 1475 1506 
786 1504 1503 1506 1476 
787 364 1479 1507 1508 
788 1479 379 1509 1507 
789 1507 1509 377 1510 
790 1508 1507 1510 378 
791 1475 1495 1511 1512 
792 1495 1478 1513 1511 
793 1511 1513 379 1514 
794 1512 1511 1514 1479 
795 1492 1517 1515 1516 
796 1517 1491 1518 1515 
797 1515 1518 1495 1519 
798 1516 1515 1519 1475 
799 452 1521 1520 1424 
800 1520 1522 453 1523 
801 1424 1520 1523 451 
802 418 1525 1524 1420 
803 1525 323 479 1524 
804 1418 1528 1526 1527 
805 1528 1420 1529 1526 
806 1526 1529 417 1521 
807 1527 1526 1521 452 
808 417 1531 1530 1522 
809 1531 515 1532 1530 
810 1530 1532 514 1533 
811 1522 1530 1533 453 
812 1521 1536 1534 1535 
813 1536 417 1537 1534 
814 1534 1537 1522 1538 
815 1535 1534 1538 1520 
816 637 769 1539 1540 
817 1540 1539 1541 638 
818 766 1544 1542 1543 
819 1544 640 771 1542 
820 1542 771 612 1545 
821 1543 1542 1545 769 
822 491 800 1546 791 
823 800 637 1540 1546 
824 1546 1540 638 1547 
825 791 1546 1547 416 
826 1460 1568 1566 1567 
827 1567 1566 1569 1463 
828 1570 1572 1555 1573 
829 1571 1570 1573 1556 
830 49 1580 1579 407 
831 1580 401 1581 1579 
832 1579 1581 404 1582 
833 407 1579 1582 34 
834 405 1584 1583 1458 
835 1584 407 1585 1583 
836 1583 1585 34 1586 
837 1458 1583 1586 408 
838 1456 1588 1587 1553 
839 1588 1458 1589 1587 
840 1587 1589 408 1590 
841 1553 1587 1590 1459 
842 1551 1592 1591 1562 
843 1592 1553 1593 1591 
844 1591 1593 1459 1594 
845 1562 1591 1594 1554 
846 1596 1562 1597 1595 
847 1595 1597 1554 1598 
848 1463 1569 1599 1600 
849 1599 1571 1556 1601 
850 1600 1599 1601 1564 
851 1602 1604 1570 1605 
852 1603 1602 1605 1571 
853 48 1612 1611 337 
854 1612 31 1613 1611 
855 1611 1613 49 406 
856 337 1611 406 47 
857 47 1615 1614 622 
858 1615 406 1616 1614 
859 1614 1616 405 1457 
860 622 1614 1457 65 
861 65 1619 1617 1618 
862 1619 1457 1620 1617 
863 1617 1620 1456 1552 
864 1618 1617 1552 411 
865 411 1623 1621 1622 
866 1623 1552 1624 1621 
867 1621 1624 1551 1561 
868 1622 1621 1561 1462 
869 1462 1627 1625 1626 
870 1627 1561 1628 1625 
871 1625 1628 1559 1576 
872 1626 1625 1576 1560 
873 1576 1631 1629 1630 
874 1631 1559 1632 1629 
875 34 1582 1633 440 
876 1582 404 1634 1633 
877 1633 1634 436 1635 
878 440 1633 1635 61 
879 408 1586 1636 1549 
880 1586 34 1637 1636 
881 1636 1637 440 1638 
882 1549 1636 1638 439 
883 1459 1590 1639 1557 
884 1590 408 1640 1639 
885 1639 1640 1549 1641 
886 1557 1639 1641 1548 
887 1554 1594 1642 1572 
888 1594 1459 1643 1642 
889 1642 1643 1557 1644 
890 1572 1642 1644 1555 
891 1598 1554 1646 1645 
892 1645 1646 1572 1647 
893 1604 1645 1647 1570 
894 1649 1595 1650 1648 
895 1648 1650 1598 1651 
896 1561 1658 1657 1628 
897 1658 1551 1659 1657 
898 1657 1659 1562 1596 
899 1628 1657 1596 1559 
900 1559 1661 1660 1632 
901 1661 1596 1662 1660 
902 1660 1662 1595 1649 
903 1629 1665 1663 1664 
904 1665 1632 1666 1663 
905 1668 1649 1669 1667 
906 1667 1669 1648 1670 
907 1566 1678 1676 1677 
908 1678 1560 1575 1676 
909 1676 1575 50 1679 
910 1677 1676 1679 1569 
911 1575 1682 1680 1681 
912 1682 1574 1607 1680 
913 1680 1607 1578 1683 
914 1681 1680 1683 50 
915 1574 1686 1684 1685 
916 1686 1608 1653 1684 
917 1684 1653 1606 1687 
918 1685 1684 1687 1607 
919 1608 1690 1688 1689 
920 1690 1654 1672 1688 
921 1688 1672 1652 1691 
922 1689 1688 1691 1653 
923 1632 1693 1692 1666 
924 1693 1660 1694 1692 
925 1692 1694 1649 1668 
926 1663 1697 1695 1696 
927 1697 1666 1698 1695 
928 1695 1698 1577 1673 
929 1696 1695 1673 1654 
930 1654 1701 1699 1700 
931 1701 1673 1702 1699 
932 1700 1699 1703 1672 
933 1577 1705 1704 1674 
934 1705 1668 1706 1704 
935 1704 1706 1667 1707 
936 1674 1704 1707 1655 
937 1673 1709 1708 1702 
938 1709 1577 1710 1708 
939 1708 1710 1674 1711 
940 1702 1708 1711 1671 
941 1578 1610 1712 1713 
942 1610 1563 1714 1712 
943 1712 1714 1604 1715 
944 1713 1712 1715 1602 
945 1606 1656 1716 1717 
946 1656 1609 1718 1716 
947 1716 1718 1563 1719 
948 1717 1716 1719 1610 
949 1652 1675 1720 1721 
950 1675 1655 1722 1720 
951 1720 1722 1609 1723 
952 1721 1720 1723 1656 
953 1672 1703 1724 1725 
954 1703 1671 1726 1724 
955 1724 1726 1675 1727 
956 1725 1724 1727 1652 
957 1699 1730 1728 1729 
958 1730 1702 1731 1728 
959 1728 1731 1671 1732 
960 1729 1728 1732 1703 
961 1738 1464 1739 1736 
962 1736 1739 1467 1740 
963 600 1742 1741 667 
964 667 1741 1743 603 
965 484 1740 1744 1745 
966 1740 1467 1746 1744 
967 1744 1746 1733 1747 
968 1745 1744 1747 664 
969 1750 1736 1751 1748 
970 1748 1751 1740 1752 
971 1749 1748 1752 484 
972 603 1743 1753 701 
973 1743 484 1745 1753 
974 1753 1745 664 1754 
975 701 1753 1754 663 
976 1741 1757 1755 1756 
977 1757 1737 1749 1755 
978 1755 1749 484 1758 
979 1756 1755 1758 1743 
980 482 1760 1759 628 
981 1760 409 1761 1759 
982 1759 1761 483 1465 
983 481 1764 1762 1763 
984 1764 1465 1765 1762 
985 1762 1765 1464 1738 
986 1763 1762 1738 602 
987 602 1768 1766 1767 
988 1768 1738 1769 1766 
989 1766 1769 1736 1750 
990 1767 1766 1750 1737 
991 1737 1772 1770 1771 
992 1772 1750 1773 1770 
993 1770 1773 1748 1774 
994 1771 1770 1774 1749 
995 483 1776 1775 1466 
996 1776 1460 1567 1775 
997 1775 1567 1463 1777 
998 1466 1775 1777 412 
999 1464 1779 1778 1739 
1000 1779 1466 1780 1778 
1001 1778 1780 412 1781 
1002 1739 1778 1781 1467 
1003 1783 965 1784 1782 
1004 1782 1784 1149 1785 
1005 1787 446 1788 1786 
1006 1786 1788 1154 1789 
1007 1047 1797 1795 1796 
1008 1797 933 1164 1795 
1009 1795 1164 1153 1798 
1010 1796 1795 1798 1160 
1011 1164 1801 1799 1800 
1012 1801 1163 1791 1799 
1013 1799 1791 1166 1802 
1014 1800 1799 1802 1153 
1015 1159 1805 1803 1804 
1016 1805 1039 1806 1803 
1017 1163 1809 1807 1808 
1018 1807 1810 1790 1811 
1019 1808 1807 1811 1791 
1020 933 1814 1812 1813 
1021 1814 1159 1804 1812 
1022 1812 1804 1163 1801 
1023 1813 1812 1801 1164 
1024 1804 1817 1815 1816 
1025 1817 1803 1818 1815 
1026 1815 1818 1792 1809 
1027 1816 1815 1809 1163 
1028 1789 1154 1820 1819 
1029 1819 1820 1034 1821 
1030 1165 1823 1822 1793 
1031 1823 1786 1824 1822 
1032 1822 1824 1789 1825 
1033 1793 1822 1825 1152 
1034 1792 1827 1826 1810 
1035 1827 1165 1828 1826 
1036 1826 1828 1793 1829 
1037 1810 1826 1829 1790 
1038 1809 1832 1830 1831 
1039 1832 1792 1833 1830 
1040 1830 1833 1810 1834 
1041 1831 1830 1834 1807 
1042 1160 1798 1839 1840 
1043 1798 1153 1204 1839 
1044 1839 1204 1032 1841 
1045 1840 1839 1841 1162 
1046 1153 1802 1842 1843 
1047 1802 1166 1836 1842 
1048 1842 1836 1203 1844 
1049 1843 1842 1844 1204 
1050 1166 1847 1845 1846 
1051 1847 1794 1848 1845 
1052 1846 1845 1849 1836 
1053 1152 1825 1850 1837 
1054 1825 1789 1851 1850 
1055 1850 1851 1819 1852 
1056 1837 1850 1852 1205 
1057 1794 1854 1853 1848 
1058 1854 1152 1855 1853 
1059 1853 1855 1837 1856 
1060 1848 1853 1856 1835 
1061 1836 1849 1861 1862 
1062 1849 1835 1863 1861 
1063 1861 1863 1838 1864 
1064 1862 1861 1864 1203 
1065 1845 1867 1865 1866 
1066 1867 1848 1868 1865 
1067 1865 1868 1835 1869 
1068 1866 1865 1869 1849 
1069 1204 1844 1870 1871 
1070 1844 1203 1858 1870 
1071 1870 1858 1206 1872 
1072 1871 1870 1872 1032 
1073 1785 1149 1874 1873 
1074 1873 1874 1151 1875 
1075 1821 1034 1877 1876 
1076 1876 1877 1201 1878 
1077 1858 1885 1883 1884 
1078 1883 1886 1860 1887 
1079 1884 1883 1887 1206 
1080 1203 1864 1888 1889 
1081 1864 1838 1890 1888 
1082 1888 1890 1857 1885 
1083 1889 1888 1885 1858 
1084 1205 1852 1891 1859 
1085 1852 1819 1892 1891 
1086 1891 1892 1821 1893 
1087 1859 1891 1893 1155 
1088 1857 1895 1894 1886 
1089 1895 1859 1896 1894 
1090 1894 1896 1155 1897 
1091 1886 1894 1897 1860 
1092 1885 1900 1898 1899 
1093 1900 1857 1901 1898 
1094 1898 1901 1886 1902 
1095 1899 1898 1902 1883 
1096 1162 1841 1903 1904 
1097 1841 1032 1240 1903 
1098 1903 1240 1200 1905 
1099 1904 1903 1905 1236 
1100 1032 1872 1906 1907 
1101 1872 1206 1880 1906 
1102 1906 1880 1239 1908 
1103 1907 1906 1908 1240 
1104 1880 1915 1913 1914 
1105 1915 1879 1916 1913 
1106 1914 1913 1917 1239 
1107 1155 1893 1918 1881 
1108 1893 1821 1919 1918 
1109 1918 1919 1876 1920 
1110 1881 1918 1920 1241 
1111 1879 1922 1921 1916 
1112 1922 1881 1923 1921 
1113 1921 1923 1241 1924 
1114 1916 1921 1924 1882 
1115 1240 1908 1925 1926 
1116 1908 1239 1910 1925 
1117 1925 1910 1242 1927 
1118 1926 1925 1927 1200 
1119 1239 1917 1928 1929 
1120 1917 1882 1930 1928 
1121 1928 1930 1909 1931 
1122 1929 1928 1931 1910 
1123 1913 1934 1932 1933 
1124 1934 1916 1935 1932 
1125 1932 1935 1882 1936 
1126 1933 1932 1936 1917 
1127 1878 1201 1938 1937 
1128 1937 1938 913 1939 
1129 1910 1931 1944 1945 
1130 1931 1909 1946 1944 
1131 1945 1944 1947 1242 
1132 1241 1920 1948 1911 
1133 1920 1876 1949 1948 
1134 1948 1949 1878 1950 
1135 1911 1948 1950 1199 
1136 1909 1952 1951 1946 
1137 1952 1911 1953 1951 
1138 1951 1953 1199 1954 
1139 1946 1951 1954 1912 
1140 1236 1905 1955 1956 
1141 1905 1200 1335 1955 
1142 1955 1335 1035 1957 
1143 1956 1955 1957 1238 
1144 1200 1927 1958 1959 
1145 1927 1242 1941 1958 
1146 1958 1941 1334 1960 
1147 1959 1958 1960 1335 
1148 1242 1947 1961 1962 
1149 1947 1912 1963 1961 
1150 1961 1963 1940 1964 
1151 1962 1961 1964 1941 
1152 1944 1967 1965 1966 
1153 1967 1946 1968 1965 
1154 1965 1968 1912 1969 
1155 1966 1965 1969 1947 
1156 1970 1972 1202 1973 
1157 1971 1970 1973 1337 
1158 1335 1960 1974 1975 
1159 1960 1334 1971 1974 
1160 1974 1971 1337 1976 
1161 1975 1974 1976 1035 
1162 1334 1979 1977 1978 
1163 1977 1980 1970 1981 
1164 1978 1977 1981 1971 
1165 1941 1964 1982 1983 
1166 1964 1940 1984 1982 
1167 1982 1984 1943 1979 
1168 1983 1982 1979 1334 
1169 1875 1151 1986 1985 
1170 1985 1986 1327 1987 
1171 1939 913 1989 1988 
1172 1988 1989 1332 1990 
1173 1336 1992 1991 1972 
1174 1992 1937 1993 1991 
1175 1991 1993 1939 1994 
1176 1972 1991 1994 1202 
1177 1943 1996 1995 1980 
1178 1996 1336 1997 1995 
1179 1995 1997 1972 1998 
1180 1980 1995 1998 1970 
1181 1979 2001 1999 2000 
1182 2001 1943 2002 1999 
1183 1999 2002 1980 2003 
1184 2000 1999 2003 1977 
1185 1337 1973 2004 2005 
1186 1973 1202 2006 2004 
1187 2004 2006 1343 2007 
1188 2005 2004 2007 1341 
1189 1341 2007 2008 2009 
1190 2007 1343 2010 2008 
1191 2008 2010 1330 2011 
1192 2009 2008 2011 1344 
1193 2012 2013 93 2014 
1194 958 2012 2014 444 
1195 1564 1601 2015 2016 
1196 1601 1556 2017 2015 
1197 60 441 2019 878 
1198 441 61 2020 2019 
1199 2019 2020 44 2021 
1200 878 2019 2021 62 
1201 93 1550 2022 955 
1202 1550 439 2023 2022 
1203 2022 2023 441 2024 
1204 955 2022 2024 60 
1205 2025 2026 1550 2027 
1206 2013 2025 2027 93 
1207 1556 1573 2028 2017 
1208 1573 1555 2029 2028 
1209 1555 1644 2031 2029 
1210 1644 1557 2032 2031 
1211 2031 2032 1548 2033 
1212 2029 2031 2033 1558 
1213 2034 2036 2025 2037 
1214 2035 2034 2037 2013 
1215 2028 2040 2038 2039 
1216 2040 2029 2041 2038 
1217 2038 2041 1558 2042 
1218 2039 2038 2042 2030 
1219 598 2047 2046 2044 
1220 2047 1564 2016 2046 
1221 2046 2016 1565 2048 
1222 2044 2046 2048 442 
1223 2049 2050 958 2051 
1224 1325 2049 2051 957 
1225 2043 2054 2052 2053 
1226 2054 2044 2055 2052 
1227 2052 2055 442 2056 
1228 2053 2052 2056 2045 
1229 2057 2035 2013 2059 
1230 2058 2057 2059 2012 
1231 2016 2062 2060 2061 
1232 2062 2015 2063 2060 
1233 2061 2060 2064 1565 
1234 2015 2066 2065 2063 
1235 2066 2017 2067 2065 
1236 2065 2067 443 2068 
1237 2063 2065 2068 2018 
1238 442 2048 2069 2050 
1239 2048 1565 2058 2069 
1240 2069 2058 2012 2070 
1241 2050 2069 2070 958 
1242 1565 2064 2071 2072 
1243 2064 2018 2073 2071 
1244 2071 2073 2057 2074 
1245 2072 2071 2074 2058 
1246 2060 2077 2075 2076 
1247 2077 2063 2078 2075 
1248 2075 2078 2018 2079 
1249 2076 2075 2079 2064 
1250 1 2082 2080 2081 
1251 2082 12 121 2080 
1252 2080 121 10 78 
1253 2081 2080 78 11 
1254 16 2084 2083 331 
1255 2084 2 2085 2083 
1256 2083 2085 17 398 
1257 331 2083 398 15 
1258 19 38 2086 2087 
1259 38 21 869 2086 
1260 2086 869 9 2088 
1261 2087 2086 2088 22 
1262 20 106 2089 2090 
1263 106 19 2087 2089 
1264 2089 2087 22 2091 
1265 2090 2089 2091 4 
1266 10 2094 2092 2093 
1267 2094 25 125 2092 
1268 2092 125 23 82 
1269 2093 2092 82 24 
1270 28 435 2095 870 
1271 435 29 2096 2095 
1272 2095 2096 3 2097 
1273 870 2095 2097 30 
1274 32 2099 2098 334 
1275 2099 15 2100 2098 
1276 2098 2100 33 402 
1277 334 2098 402 31 
1278 35 54 2101 2102 
1279 54 37 873 2101 
1280 2101 873 21 2103 
1281 2102 2101 2103 38 
1282 36 109 2104 2105 
1283 109 35 2102 2104 
1284 2104 2102 38 2106 
1285 2105 2104 2106 19 
1286 23 2109 2107 2108 
1287 2109 41 129 2107 
1288 2107 129 39 86 
1289 2108 2107 86 40 
1290 44 438 2110 874 
1291 438 45 2111 2110 
1292 2110 2111 28 2112 
1293 874 2110 2112 46 
1294 51 70 2113 2114 
1295 70 53 877 2113 
1296 2113 877 37 2115 
1297 2114 2113 2115 54 
1298 52 112 2116 2117 
1299 112 51 2114 2116 
1300 2116 2114 54 2118 
1301 2117 2116 2118 35 
1302 67 98 2119 2120 
1303 98 69 881 2119 
1304 2119 881 53 2121 
1305 2120 2119 2121 70 
1306 68 115 2122 2123 
1307 115 67 2120 2122 
1308 2122 2120 70 2124 
1309 2123 2122 2124 51 
1310 2125 1172 69 2127 
1311 2126 2125 2127 98 
1312 96 158 2128 2129 
1313 2128 2126 98 2130 
1314 2129 2128 2130 67 
1315 113 170 2131 2132 
1316 170 96 2129 2131 
1317 2131 2129 67 2133 
1318 2132 2131 2133 115 
1319 140 214 2134 166 
1320 214 143 2135 2134 
1321 2134 2135 99 224 
1322 166 2134 224 144 
1323 148 2138 2136 2137 
1324 2138 137 179 2136 
1325 2136 179 72 153 
1326 2137 2136 153 118 
1327 153 2141 2139 2140 
1328 2141 72 183 2139 
1329 2139 183 141 176 
1330 2140 2139 176 151 
1331 2142 257 155 2144 
1332 2143 2142 2144 156 
1333 165 219 2145 189 
1334 219 140 2146 2145 
1335 2145 2146 166 2147 
1336 189 2145 2147 163 
1337 163 2147 2148 197 
1338 2147 166 2149 2148 
1339 2148 2149 144 229 
1340 197 2148 229 167 
1341 119 173 2150 2151 
1342 2150 2143 156 2152 
1343 2151 2150 2152 168 
1344 154 177 2153 2154 
1345 177 100 192 2153 
1346 2153 192 160 2155 
1347 2154 2153 2155 171 
1348 183 2158 2156 2157 
1349 2158 182 216 2156 
1350 2156 216 165 188 
1351 2157 2156 188 141 
1352 100 198 2159 2160 
1353 198 167 228 2159 
1354 2159 228 191 2161 
1355 2160 2159 2161 192 
1356 101 2163 2162 213 
1357 2163 208 243 2162 
1358 2162 243 207 2164 
1359 213 2162 2164 143 
1360 207 246 2165 2166 
1361 246 209 2167 2165 
1362 2165 2167 102 267 
1363 2166 2165 267 210 
1364 143 2164 2168 2135 
1365 2164 207 2166 2168 
1366 2168 2166 210 2169 
1367 2135 2168 2169 99 
1368 99 2169 2170 225 
1369 2169 210 266 2170 
1370 2170 266 220 2171 
1371 225 2170 2171 161 
1372 161 2171 2172 2173 
1373 2171 220 261 2172 
1374 2172 261 222 2174 
1375 2173 2172 2174 103 
1376 139 2176 2175 237 
1377 2176 232 345 2175 
1378 2175 345 204 239 
1379 237 2175 239 71 
1380 209 2178 2177 2167 
1381 2178 238 2179 2177 
1382 2177 2179 241 282 
1383 2167 2177 282 102 
1384 241 2181 2180 283 
1385 2181 203 1472 2180 
1386 2180 1472 254 2182 
1387 283 2180 2182 253 
1388 253 2182 2183 274 
1389 2182 254 1497 2183 
1390 2183 1497 206 2184 
1391 274 2183 2184 255 
1392 103 2174 2185 2186 
1393 2174 222 305 2185 
1394 2185 305 256 2187 
1395 2186 2185 2187 257 
1396 255 2184 2188 649 
1397 2184 206 2189 2188 
1398 2188 2189 270 2190 
1399 649 2188 2190 269 
1400 279 303 2191 314 
1401 303 288 2192 2191 
1402 2191 2192 291 2193 
1403 314 2191 2193 263 
1404 240 2196 2194 2195 
1405 2196 325 1481 2194 
1406 2194 1481 328 1473 
1407 2195 2194 1473 203 
1408 341 2198 2197 392 
1409 2198 343 2199 2197 
1410 2197 2199 199 426 
1411 392 2197 426 322 
1412 327 396 2200 1482 
1413 396 348 2201 2200 
1414 2200 2201 351 383 
1415 1482 2200 383 205 
1416 351 2206 2205 384 
1417 2206 321 1419 2205 
1418 2205 1419 362 422 
1419 384 2205 422 360 
1420 5 374 2207 656 
1421 374 363 2208 2207 
1422 2207 2208 366 2209 
1423 656 2207 2209 367 
1424 363 424 2210 2208 
1425 424 324 2211 2210 
1426 2210 2211 368 2212 
1427 2208 2210 2212 366 
1428 371 389 2213 661 
1429 389 370 2214 2213 
1430 2213 2214 374 2215 
1431 661 2213 2215 5 
1432 206 1498 2216 2189 
1433 1498 365 655 2216 
1434 2216 655 375 2217 
1435 2189 2216 2217 270 
1436 379 1490 2218 1509 
1437 1490 361 386 2218 
1438 2218 386 371 660 
1439 1509 2218 660 377 
1440 378 1510 2219 2220 
1441 1510 377 659 2219 
1442 2219 659 380 2221 
1443 2220 2219 2221 365 
1444 382 2223 2222 1489 
1445 2223 381 2224 2222 
1446 2222 2224 372 387 
1447 1489 2222 387 361 
1448 31 2226 2225 1613 
1449 2226 402 2227 2225 
1450 2225 2227 401 1580 
1451 1613 2225 1580 49 
1452 406 2229 2228 1616 
1453 2229 49 2230 2228 
1454 2228 2230 407 1584 
1455 1616 2228 1584 405 
1456 410 2232 2231 625 
1457 2232 65 1618 2231 
1458 2231 1618 411 1461 
1459 425 2234 2233 431 
1460 2234 427 466 2233 
1461 2233 466 323 1525 
1462 431 2233 1525 418 
1463 61 1635 2235 2020 
1464 1635 436 2236 2235 
1465 2235 2236 438 2237 
1466 2020 2235 2237 44 
1467 439 1638 2238 2023 
1468 1638 440 2239 2238 
1469 2238 2239 61 2240 
1470 2023 2238 2240 441 
1471 324 454 2241 2211 
1472 454 420 2242 2241 
1473 2241 2242 448 2243 
1474 2211 2241 2243 368 
1475 368 2243 2249 2250 
1476 2243 448 2247 2249 
1477 2249 2247 450 2251 
1478 2250 2249 2251 357 
1479 343 2253 2252 2199 
1480 2253 455 2254 2252 
1481 2252 2254 414 459 
1482 2199 2252 459 199 
1483 458 2256 2255 468 
1484 2256 460 2257 2255 
1485 2255 2257 413 499 
1486 468 2255 499 461 
1487 474 520 2258 2259 
1488 520 473 530 2258 
1489 2258 530 477 2260 
1490 2259 2258 2260 202 
1491 479 2263 2261 2262 
1492 2263 478 502 2261 
1493 2261 502 475 519 
1494 2262 2261 519 419 
1495 498 2265 2264 544 
1496 2265 500 2266 2264 
1497 502 2269 2267 2268 
1498 2269 501 546 2267 
1499 2267 546 495 523 
1500 2268 2267 523 475 
1501 505 2271 2270 817 
1502 2271 507 794 2270 
1503 2270 794 489 2272 
1504 817 2270 2272 508 
1505 511 2274 2273 552 
1506 2274 462 2275 2273 
1507 2273 2275 512 558 
1508 552 2273 558 509 
1509 515 2277 2276 1532 
1510 2277 419 518 2276 
1511 2276 518 474 2278 
1512 1532 2276 2278 514 
1513 514 2278 2279 2280 
1514 2278 474 2259 2279 
1515 2279 2259 202 2281 
1516 2280 2279 2281 516 
1517 453 1533 2282 2283 
1518 1533 514 2280 2282 
1519 2282 2280 516 2284 
1520 2283 2282 2284 420 
1521 523 2287 2285 2286 
1522 2287 495 550 2285 
1523 2285 550 510 571 
1524 2286 2285 571 521 
1525 202 2260 2288 2289 
1526 2260 477 862 2288 
1527 2288 862 525 2290 
1528 2289 2288 2290 526 
1529 526 2290 2294 2295 
1530 2290 525 2292 2294 
1531 2294 2292 528 2296 
1532 2295 2294 2296 449 
1533 497 536 2297 2298 
1534 536 476 2299 2297 
1535 2297 2299 531 1428 
1536 2298 2297 1428 529 
1537 538 576 2300 2301 
1538 576 537 582 2300 
1539 2300 582 541 2302 
1540 2301 2300 2302 493 
1541 504 2304 2303 548 
1542 2304 542 2305 2303 
1543 2303 2305 506 554 
1544 548 2303 554 462 
1545 524 572 2306 2307 
1546 572 493 578 2306 
1547 2306 578 534 2308 
1548 2307 2306 2308 566 
1549 460 2310 2309 2257 
1550 2310 590 2311 2309 
1551 2309 2311 486 594 
1552 2257 2309 594 413 
1553 593 2314 2312 2313 
1554 2314 595 616 2312 
1555 2313 2312 768 596 
1556 500 2316 2315 2266 
1557 2316 593 2313 2315 
1558 2315 2313 596 799 
1559 2266 2315 799 463 
1560 601 2318 2317 631 
1561 2318 481 1763 2317 
1562 2317 1763 602 1742 
1563 631 2317 1742 600 
1564 619 647 2319 2320 
1565 647 607 2321 2319 
1566 2319 2321 641 682 
1567 2320 2319 682 639 
1568 663 1754 2322 964 
1569 1754 664 2323 2322 
1570 2322 2323 597 2324 
1571 964 2322 2324 665 
1572 607 744 2325 2321 
1573 2321 2325 698 641 
1574 612 773 2326 2327 
1575 773 642 775 2326 
1576 2326 775 676 2328 
1577 2327 2326 2328 677 
1578 677 2328 2329 2330 
1579 2328 676 836 2329 
1580 2329 836 679 2331 
1581 2330 2329 2331 488 
1582 692 757 2332 713 
1583 757 695 2333 2332 
1584 2332 2333 613 2334 
1585 713 2332 2334 696 
1586 698 2337 2335 2336 
1587 2337 669 727 2335 
1588 2335 727 693 720 
1589 2336 2335 720 697 
1590 705 668 2339 2338 
1591 2338 2339 700 2340 
1592 2340 700 2342 2341 
1593 2341 2342 702 2343 
1594 613 753 2344 708 
1595 753 688 2345 2344 
1596 2344 2345 703 2346 
1597 708 2344 2346 690 
1598 690 2346 2347 1436 
1599 2346 703 2348 2347 
1600 2347 2348 705 2349 
1601 1436 2347 2349 66 
1602 699 721 2350 2351 
1603 721 671 2352 2350 
1604 2350 2352 707 1449 
1605 2351 2350 1449 715 
1606 716 2355 2353 2354 
1607 2355 715 1448 2353 
1608 2353 1448 717 1445 
1609 2354 2353 1445 678 
1610 636 749 2356 2357 
1611 749 724 762 2356 
1612 2356 762 722 2358 
1613 2357 2356 2358 723 
1614 722 765 2359 2360 
1615 765 725 2361 2359 
1616 2359 2361 670 755 
1617 2360 2359 755 694 
1618 723 2358 2362 2363 
1619 2358 722 2360 2362 
1620 2362 2360 694 728 
1621 2363 2362 728 669 
1622 635 2365 2364 741 
1623 2365 735 2366 2364 
1624 2364 2366 686 759 
1625 741 2364 759 487 
1626 738 2368 2367 748 
1627 2368 741 2369 2367 
1628 2367 2369 487 763 
1629 748 2367 763 724 
1630 785 804 2370 809 
1631 804 491 2371 2370 
1632 2370 2371 791 2372 
1633 809 2370 2372 789 
1634 789 2372 2373 844 
1635 2372 791 2374 2373 
1636 2373 2374 416 2375 
1637 844 2373 2375 792 
1638 476 818 2376 2299 
1639 818 508 2377 2376 
1640 2376 2377 805 851 
1641 2299 2376 851 531 
1642 508 2272 2378 2377 
1643 2272 489 808 2378 
1644 2378 808 790 2379 
1645 2377 2378 2379 805 
1646 805 2379 2380 852 
1647 2379 790 843 2380 
1648 2380 843 492 2381 
1649 852 2380 2381 806 
1650 691 1437 2382 856 
1651 1437 66 2383 2382 
1652 2382 2383 824 2384 
1653 856 2382 2384 822 
1654 823 857 2385 2386 
1655 857 822 2387 2385 
1656 2385 2387 825 943 
1657 2386 2385 943 672 
1658 416 1547 2388 840 
1659 1547 638 2389 2388 
1660 2388 2389 830 919 
1661 840 2388 919 787 
1662 638 1541 2390 2389 
1663 2389 2390 2391 830 
1664 830 2391 2392 920 
1665 920 2392 2393 831 
1666 488 2331 2394 2395 
1667 2331 679 859 2394 
1668 2394 859 832 2396 
1669 2395 2394 2396 833 
1670 832 860 2397 2398 
1671 860 823 2386 2397 
1672 2397 2386 672 948 
1673 2398 2397 948 834 
1674 833 2396 2399 2400 
1675 2396 832 2398 2399 
1676 2399 2398 834 2401 
1677 2400 2399 2401 673 
1678 492 845 2402 2403 
1679 845 792 2404 2402 
1680 2402 2404 838 902 
1681 2403 2402 902 839 
1682 792 2375 2405 2404 
1683 2375 416 2406 2405 
1684 2405 2406 840 2407 
1685 2404 2405 2407 838 
1686 838 2407 2408 903 
1687 2407 840 2409 2408 
1688 2408 2409 787 923 
1689 903 2408 923 841 
1690 806 2381 2410 866 
1691 2381 492 2403 2410 
1692 2410 2403 839 2411 
1693 866 2410 2411 846 
1694 846 2411 2412 2413 
1695 2411 839 901 2412 
1696 2412 901 786 952 
1697 2413 2412 952 848 
1698 847 867 2414 2415 
1699 867 846 2413 2414 
1700 2414 2413 848 2416 
1701 2415 2414 2416 527 
1702 532 1429 2417 2418 
1703 1429 464 865 2417 
1704 2417 865 847 2419 
1705 2418 2417 2419 861 
1706 861 2419 2420 2421 
1707 2419 847 2415 2420 
1708 2420 2415 527 2422 
1709 2421 2420 2422 863 
1710 896 925 2426 986 
1711 925 898 2427 2426 
1712 2426 2427 471 1005 
1713 986 2426 1005 899 
1714 527 2416 2428 2429 
1715 2416 848 951 2428 
1716 2428 951 905 2430 
1717 2429 2428 2430 906 
1718 906 2430 2431 2432 
1719 2430 905 995 2431 
1720 2431 995 907 2433 
1721 2432 2431 2433 470 
1722 831 2393 2434 1002 
1723 1002 2434 2435 915 
1724 915 2435 2436 1055 
1725 673 2401 2438 2439 
1726 2401 834 947 2438 
1727 2438 947 938 2440 
1728 2439 2438 2440 939 
1729 939 2440 2441 2442 
1730 2440 938 978 2441 
1731 2441 978 940 2443 
1732 2442 2441 2443 608 
1733 665 2324 2444 1150 
1734 2324 597 2445 2444 
1735 2444 2445 961 2446 
1736 1150 2444 2446 960 
1737 960 2446 2447 1328 
1738 2446 961 2448 2447 
1739 2447 2448 599 2449 
1740 1328 2447 2449 962 
1741 2343 702 2451 2450 
1742 2450 2451 963 2452 
1743 2452 963 2454 2453 
1744 2453 2454 965 1783 
1745 675 973 2455 2456 
1746 973 937 2457 2455 
1747 2455 2457 966 1042 
1748 2456 2455 1042 967 
1749 940 979 2458 2459 
1750 979 675 2456 2458 
1751 2458 2456 967 1050 
1752 2459 2458 1050 974 
1753 907 996 2466 2467 
1754 996 788 998 2466 
1755 2466 998 981 2468 
1756 2467 2466 2468 991 
1757 991 2468 2469 2470 
1758 2468 981 1017 2469 
1759 2469 1017 892 2471 
1760 2470 2469 2471 993 
1761 982 2473 2472 1026 
1762 2473 1001 2474 2472 
1763 2472 2474 1003 1077 
1764 1026 2472 1077 894 
1765 1016 1031 2478 2479 
1766 1031 1018 1062 2478 
1767 2478 1062 983 1091 
1768 2479 2478 1091 1019 
1769 980 2481 2480 1030 
1770 2481 1007 2482 2480 
1771 2480 2482 1025 1063 
1772 1030 2480 1063 1018 
1773 1025 2484 2483 1064 
1774 2484 1026 2485 2483 
1775 2483 2485 894 1081 
1776 1064 2483 1081 1027 
1777 1036 2487 2486 1158 
1778 2487 1038 2488 2486 
1779 2486 2488 446 1787 
1780 1158 2486 1787 1039 
1781 1045 1099 2489 2490 
1782 1099 1037 1157 2489 
1783 2489 1157 933 1797 
1784 2490 2489 1797 1047 
1785 993 2471 2492 2493 
1786 2471 892 1070 2492 
1787 2492 1070 1013 2494 
1788 2493 2492 2494 1066 
1789 1066 2494 2495 2496 
1790 2494 1013 1131 2495 
1791 2495 1131 895 2497 
1792 2496 2495 2497 1068 
1793 1069 1092 2498 2499 
1794 1092 1058 1113 2498 
1795 2498 1113 1012 2500 
1796 2499 2498 2500 1071 
1797 1101 1185 2501 2502 
1798 2502 2501 2503 1008 
1799 1105 1135 2504 2505 
1800 1135 1104 2506 2504 
1801 2504 2506 1107 1188 
1802 2505 2504 1188 1015 
1803 1075 2509 2507 2508 
1804 2509 1057 1141 2507 
1805 2507 1141 1109 1138 
1806 2508 2507 1138 1112 
1807 1120 1056 2511 2510 
1808 1115 2513 2512 1229 
1809 2513 1116 2514 2512 
1810 2512 2514 1052 1280 
1811 1229 2512 1280 1117 
1812 1071 2500 2515 2516 
1813 2500 1012 1134 2515 
1814 2515 1134 1105 2517 
1815 2516 2515 2517 1130 
1816 1130 2517 2518 2519 
1817 2517 1105 2505 2518 
1818 2518 2505 1015 2520 
1819 2519 2518 2520 1132 
1820 2521 1208 885 2523 
1821 2522 2521 2523 1171 
1822 1174 2526 2527 2528 
1823 2528 2527 2529 1176 
1824 1177 2532 2533 2534 
1825 2534 2533 2535 1179 
1826 1068 2497 2536 2537 
1827 2497 895 1184 2536 
1828 2536 1184 1101 2538 
1829 2537 2536 2538 1180 
1830 1180 2538 2539 2540 
1831 2538 1101 2502 2539 
1832 2539 2502 1008 2541 
1833 2540 2539 2541 1182 
1834 1132 2520 2542 2543 
1835 2520 1015 1187 2542 
1836 2542 1187 1168 2544 
1837 2543 2542 2544 1183 
1838 1196 1340 2545 2546 
1839 1340 1195 1411 2545 
1840 2545 1411 1198 2547 
1841 2546 2545 2547 914 
1842 891 1213 2548 2549 
1843 1213 447 1383 2548 
1844 2548 1383 1192 2550 
1845 2549 2548 2550 1207 
1846 1210 1289 2554 2555 
1847 1289 1212 1387 2554 
1848 2554 1387 447 2556 
1849 2555 2554 2556 1213 
1850 1211 2553 2557 2558 
1851 2553 1210 2555 2557 
1852 2557 2555 1213 2559 
1853 2558 2557 2559 891 
1854 1008 2503 2560 2561 
1855 2561 2560 2562 1215 
1856 1215 2562 2563 2564 
1857 2564 2563 2565 1011 
1858 1218 1235 2566 2567 
1859 1235 1220 2568 2566 
1860 2566 2568 1010 1257 
1861 2567 2566 1257 1221 
1862 1222 1350 2569 1388 
1863 1350 1196 2546 2569 
1864 2569 2546 914 2570 
1865 1388 2569 2570 1223 
1866 1220 2572 2571 2568 
1867 2572 1227 2573 2571 
1868 2571 2573 1230 1252 
1869 2568 2571 1252 1010 
1870 1230 2575 2574 1253 
1871 2575 1117 2576 2574 
1872 2574 2576 1245 1284 
1873 1253 2574 1284 1243 
1874 1259 1353 2577 1392 
1875 1353 1261 2578 2577 
1876 2577 2578 1222 2579 
1877 1392 2577 2579 1262 
1878 1264 1296 2580 2581 
1879 1296 1263 1367 2580 
1880 2580 1367 1266 1364 
1881 2581 2580 1364 890 
1882 1244 1275 2582 2583 
1883 1275 1254 2584 2582 
1884 2582 2584 1267 1307 
1885 2583 2582 1307 1268 
1886 1254 2586 2585 2584 
1887 2586 1243 2587 2585 
1888 2585 2587 1269 1299 
1889 2584 2585 1299 1267 
1890 1011 2565 2588 2589 
1891 2589 2588 2590 1288 
1892 1287 1361 2591 2592 
1893 1361 1260 1391 2591 
1894 2591 1391 1212 2593 
1895 2592 2591 2593 1289 
1896 1288 2590 2594 2595 
1897 2590 1287 2592 2594 
1898 2594 2592 1289 2596 
1899 2595 2594 2596 1210 
1900 1249 1304 2597 2598 
1901 1304 1216 1294 2597 
1902 2597 1294 1264 2599 
1903 2598 2597 2599 1290 
1904 1290 2599 2600 2601 
1905 2599 1264 2581 2600 
1906 2600 2581 890 2602 
1907 2601 2600 2602 1292 
1908 1216 1308 2603 2604 
1909 1308 1270 1316 2603 
1910 2603 1316 1293 2605 
1911 2604 2603 2605 1294 
1912 1265 2607 2606 1368 
1913 2607 1309 2608 2606 
1914 2606 2608 1311 1375 
1915 1368 2606 1375 1226 
1916 248 1329 2609 1408 
1917 1329 962 2610 2609 
1918 2609 2610 1324 2611 
1919 1408 2609 2611 1193 
1920 962 2449 2612 2610 
1921 2449 599 2613 2612 
1922 2612 2613 1325 2614 
1923 2610 2612 2614 1324 
1924 1197 1987 2615 1412 
1925 1987 1327 2616 2615 
1926 2615 2616 1329 2617 
1927 1412 2615 2617 248 
1928 1330 1990 2618 1416 
1929 1990 1332 2619 2618 
1930 2618 2619 1197 2620 
1931 1416 2618 2620 1333 
1932 1238 1957 2621 2622 
1933 1957 1035 1342 2621 
1934 2621 1342 1331 2623 
1935 2622 2621 2623 1338 
1936 1338 2623 2624 2625 
1937 2623 1331 1415 2624 
1938 2624 1415 1195 2626 
1939 2625 2624 2626 1340 
1940 1035 1976 2627 2628 
1941 1976 1337 2005 2627 
1942 2627 2005 1341 2629 
1943 2628 2627 2629 1342 
1944 1342 2629 2630 2631 
1945 2629 1341 2009 2630 
1946 2630 2009 1344 2632 
1947 2631 2630 2632 1331 
1948 1346 1365 2633 2634 
1949 1365 1345 1395 2633 
1950 2633 1395 1348 2635 
1951 2634 2633 2635 1260 
1952 1347 1377 2636 1396 
1953 1377 1351 2637 2636 
1954 2636 2637 1353 2638 
1955 1396 2636 2638 1259 
1956 1354 1381 2639 1400 
1957 1381 1357 2640 2639 
1958 2639 2640 1347 2641 
1959 1400 2639 2641 1358 
1960 1292 2602 2642 2643 
1961 2602 890 1363 2642 
1962 2642 1363 1346 2644 
1963 2643 2642 2644 1359 
1964 1359 2644 2645 2646 
1965 2644 1346 2634 2645 
1966 2645 2634 1260 2647 
1967 2646 2645 2647 1361 
1968 1419 2650 2648 2649 
1969 2650 1418 1527 2648 
1970 2648 1527 452 1423 
1971 2649 2648 1423 362 
1972 1457 2652 2651 1620 
1973 2652 405 2653 2651 
1974 2651 2653 1458 1588 
1975 1620 2651 1588 1456 
1976 409 2655 2654 1761 
1977 2655 1461 2656 2654 
1978 2654 2656 1460 1776 
1979 1761 2654 1776 483 
1980 1461 2658 2657 2656 
1981 2658 411 1622 2657 
1982 2657 1622 1462 1568 
1983 2656 2657 1568 1460 
1984 1465 2660 2659 1765 
1985 2660 483 2661 2659 
1986 2659 2661 1466 1779 
1987 1765 2659 1779 1464 
1988 1470 2663 2662 1486 
1989 2663 205 2664 2662 
1990 2662 2664 382 1488 
1991 1486 2662 1488 1468 
1992 1473 2667 2665 2666 
1993 2667 328 1484 2665 
1994 2665 1484 1469 1501 
1995 2666 2665 1501 1471 
1996 1476 1506 2668 2669 
1997 1506 1475 1512 2668 
1998 2668 1512 1479 2670 
1999 2669 2668 2670 364 
2000 1474 1502 2671 2672 
2001 1502 364 1508 2671 
2002 2671 1508 378 2673 
2003 2672 2671 2673 1496 
2004 1496 2673 2674 2675 
2005 2673 378 2220 2674 
2006 2674 2220 365 2676 
2007 2675 2674 2676 1498 
2008 1524 2679 2677 2678 
2009 2679 479 2262 2677 
2010 2677 2262 419 2277 
2011 2678 2677 2277 515 
2012 1420 2681 2680 1529 
2013 2681 1524 2678 2680 
2014 2680 2678 515 1531 
2015 1529 2680 1531 417 
2016 769 1545 2682 2683 
2017 1545 612 2327 2682 
2018 2682 2327 677 2684 
2019 2683 2682 2684 1539 
2020 1539 2684 2685 2686 
2021 2684 677 2330 2685 
2022 2685 2330 488 2687 
2023 2686 2685 2687 1541 
2024 1548 1641 2688 2026 
2025 1641 1549 2689 2688 
2026 2688 2689 439 2690 
2027 2026 2688 2690 1550 
2028 1552 2692 2691 1624 
2029 2692 1456 2693 2691 
2030 2691 2693 1553 1592 
2031 1624 2691 1592 1551 
2032 412 1777 2694 1734 
2033 1777 1463 1600 2694 
2034 2694 1600 1564 2047 
2035 1734 2694 2047 598 
2036 1568 2697 2695 2696 
2037 2697 1462 1626 2695 
2038 2695 1626 1560 1678 
2039 2696 2695 1678 1566 
2040 1560 2700 2698 2699 
2041 2700 1576 1630 2698 
2042 2698 1630 1574 1682 
2043 2699 2698 1682 1575 
2044 1569 1679 2701 2702 
2045 1679 50 1603 2701 
2046 2701 1603 1571 2703 
2047 2702 2701 2703 1599 
2048 50 1683 2704 2705 
2049 1683 1578 1713 2704 
2050 2704 1713 1602 2706 
2051 2705 2704 2706 1603 
2052 1607 1687 2707 2708 
2053 1687 1606 1717 2707 
2054 2707 1717 1610 2709 
2055 2708 2707 2709 1578 
2056 1630 2712 2710 2711 
2057 2712 1629 1664 2710 
2058 2710 1664 1608 1686 
2059 2711 2710 1686 1574 
2060 1563 1651 2713 1714 
2061 1651 1598 2714 2713 
2062 2713 2714 1645 2715 
2063 1714 2713 2715 1604 
2064 1609 1670 2716 1718 
2065 1670 1648 2717 2716 
2066 2716 2717 1651 2718 
2067 1718 2716 2718 1563 
2068 1653 1691 2719 2720 
2069 1691 1652 1721 2719 
2070 2719 1721 1656 2721 
2071 2720 2719 2721 1606 
2072 1664 2724 2722 2723 
2073 2724 1663 1696 2722 
2074 2722 1696 1654 1690 
2075 2723 2722 1690 1608 
2076 1655 1707 2725 1722 
2077 1707 1667 2726 2725 
2078 2725 2726 1670 2727 
2079 1722 2725 2727 1609 
2080 1671 1711 2728 1726 
2081 1711 1674 2729 2728 
2082 2728 2729 1655 2730 
2083 1726 2728 2730 1675 
2084 1666 2732 2731 1698 
2085 2732 1692 2733 2731 
2086 2731 2733 1668 1705 
2087 1698 2731 1705 1577 
2088 1467 1781 2734 1746 
2089 1781 412 2735 2734 
2090 2734 2735 1734 2736 
2091 1746 2734 2736 1733 
2092 664 1747 2737 2323 
2093 1747 1733 2738 2737 
2094 2737 2738 1735 2739 
2095 2323 2737 2739 597 
2096 1742 2742 2740 2741 
2097 2742 602 1767 2740 
2098 2740 1767 1737 1757 
2099 2741 2740 1757 1741 
2100 1039 2744 2743 1806 
2101 2744 1787 2745 2743 
2102 2743 2745 1786 1823 
2103 1806 2743 1823 1165 
2104 1790 1829 2746 2747 
2105 1829 1793 2748 2746 
2106 2746 2748 1152 1854 
2107 2747 2746 1854 1794 
2108 1791 1811 2749 2750 
2109 1811 1790 2747 2749 
2110 2749 2747 1794 1847 
2111 2750 2749 1847 1166 
2112 1803 2752 2751 1818 
2113 2752 1806 2753 2751 
2114 2751 2753 1165 1827 
2115 1818 2751 1827 1792 
2116 1835 1856 2754 1863 
2117 1856 1837 2755 2754 
2118 2754 2755 1205 2756 
2119 1863 2754 2756 1838 
2120 1838 2756 2757 1890 
2121 2756 1205 2758 2757 
2122 2757 2758 1859 1895 
2123 1890 2757 1895 1857 
2124 1206 1887 2759 2760 
2125 1887 1860 2761 2759 
2126 2759 2761 1879 1915 
2127 2760 2759 1915 1880 
2128 1860 1897 2762 2761 
2129 1897 1155 2763 2762 
2130 2762 2763 1881 1922 
2131 2761 2762 1922 1879 
2132 1882 1924 2764 1930 
2133 1924 1241 2765 2764 
2134 2764 2765 1911 1952 
2135 1930 2764 1952 1909 
2136 1199 1950 2766 1942 
2137 1950 1878 2767 2766 
2138 2766 2767 1937 1992 
2139 1942 2766 1992 1336 
2140 1912 1954 2768 1963 
2141 1954 1199 2769 2768 
2142 2768 2769 1942 2770 
2143 1963 2768 2770 1940 
2144 1940 2770 2771 1984 
2145 2770 1942 2772 2771 
2146 2771 2772 1336 1996 
2147 1984 2771 1996 1943 
2148 1202 1994 2773 2006 
2149 1994 1939 2774 2773 
2150 2773 2774 1988 2775 
2151 2006 2773 2775 1343 
2152 1343 2775 2776 2010 
2153 2775 1988 2777 2776 
2154 2776 2777 1990 2778 
2155 2010 2776 2778 1330 
2156 1558 2033 2779 2036 
2157 2033 1548 2780 2779 
2158 2779 2780 2026 2781 
2159 2036 2779 2781 2025 
2160 2017 2783 2782 2067 
2161 2783 2028 2039 2782 
2162 2782 2039 2030 2784 
2163 2067 2782 2784 443 
2164 597 2739 2785 2445 
2165 2739 1735 2786 2785 
2166 2785 2786 2043 2787 
2167 2445 2785 2787 961 
2168 1735 2789 2788 2786 
2169 2789 598 2790 2788 
2170 2788 2790 2044 2054 
2171 2786 2788 2054 2043 
2172 961 2787 2791 2448 
2173 2787 2043 2053 2791 
2174 2791 2053 2045 2792 
2175 2448 2791 2792 599 
2176 599 2792 2793 2613 
2177 2792 2045 2794 2793 
2178 2793 2794 2049 2795 
2179 2613 2793 2795 1325 
2180 2045 2056 2796 2794 
2181 2056 442 2797 2796 
2182 2796 2797 2050 2798 
2183 2794 2796 2798 2049 
2184 2018 2068 2799 2073 
2185 2068 443 2800 2799 
2186 2799 2800 2035 2801 
2187 2073 2799 2801 2057 
2188 159 226 2802 2803 
2189 226 161 2173 2802 
2190 2802 2173 103 2804 
2191 2803 2802 2804 162 
2192 160 194 2805 2806 
2193 194 159 2803 2805 
2194 2805 2803 162 2807 
2195 2806 2805 2807 59 
2196 171 2155 2808 2809 
2197 2155 160 2806 2808 
2198 2808 2806 59 2810 
2199 2809 2808 2810 173 
2200 71 2812 2811 245 
2201 2812 239 2813 2811 
2202 2811 2813 238 2178 
2203 245 2811 2178 209 
2204 238 2815 2814 2179 
2205 2815 240 2195 2814 
2206 2814 2195 203 2181 
2207 2179 2814 2181 241 
2208 250 376 2816 2817 
2209 2817 2816 2818 252 
2210 157 271 2819 2820 
2211 271 250 2817 2819 
2212 2819 2817 252 2821 
2213 2820 2819 2821 95 
2214 204 2824 2822 2823 
2215 2824 326 353 2822 
2216 2822 353 325 2196 
2217 2823 2822 2196 240 
2218 348 2826 2825 2201 
2219 2826 350 429 2825 
2220 2825 429 321 2206 
2221 2201 2825 2206 351 
2222 366 2212 2827 2828 
2223 2212 368 2250 2827 
2224 2827 2250 357 2829 
2225 2828 2827 2829 369 
2226 367 2209 2830 2831 
2227 2209 366 2828 2830 
2228 2830 2828 369 2832 
2229 2831 2830 2832 251 
2230 375 657 2833 2834 
2231 657 367 2831 2833 
2232 2833 2831 251 2835 
2233 2834 2833 2835 376 
2234 270 2217 2836 2837 
2235 2217 375 2834 2836 
2236 2836 2834 376 2838 
2237 2837 2836 2838 250 
2238 205 2840 2839 2664 
2239 2840 383 2841 2839 
2240 2839 2841 381 2223 
2241 2664 2839 2223 382 
2242 451 1523 2842 2843 
2243 1523 453 2283 2842 
2244 2842 2283 420 2844 
2245 2843 2842 2844 454 
2246 423 1425 2845 2846 
2247 1425 451 2843 2845 
2248 2845 2843 454 2847 
2249 2846 2845 2847 324 
2250 455 2849 2848 2254 
2251 2849 457 2850 2848 
2252 2848 2850 201 591 
2253 2254 2848 591 414 
2254 506 2852 2851 555 
2255 2852 490 2853 2851 
2256 2851 2853 507 2271 
2257 555 2851 2271 505 
2258 473 568 2854 2855 
2259 568 497 2298 2854 
2260 2854 2298 529 2856 
2261 2855 2854 2856 530 
2262 530 2856 2857 2858 
2263 2856 529 1427 2857 
2264 2857 1427 532 2859 
2265 2858 2857 2859 477 
2266 542 2861 2860 2305 
2267 2861 544 2862 2860 
2268 2860 2862 490 2852 
2269 2305 2860 2852 506 
2270 590 2864 2863 2311 
2271 2864 592 2865 2863 
2272 2863 2865 415 605 
2273 2311 2863 605 486 
2274 457 2867 2866 2850 
2275 2867 623 2868 2866 
2276 2866 2868 482 627 
2277 2850 2866 627 201 
2278 592 2870 2869 2865 
2279 2870 626 2871 2869 
2280 2869 2871 601 630 
2281 2865 2869 630 415 
2282 485 2874 2872 2873 
2283 2874 619 2320 2872 
2284 2872 2320 639 772 
2285 2873 2872 772 640 
2286 671 714 2875 2352 
2287 714 696 2876 2875 
2288 2875 2876 706 2877 
2289 2352 2875 2877 707 
2290 696 2334 2878 2876 
2291 2334 613 2879 2878 
2292 2878 2879 708 2880 
2293 2876 2878 2880 706 
2294 707 2877 2881 1450 
2295 2877 706 2882 2881 
2296 2881 2882 709 2883 
2297 1450 2881 2883 689 
2298 611 2886 2884 2885 
2299 2886 699 2351 2884 
2300 2884 2351 715 2355 
2301 2885 2884 2355 716 
2302 768 2889 2887 2888 
2303 2889 485 2873 2887 
2304 2887 2873 640 1544 
2305 2888 2887 1544 766 
2306 490 2891 2890 2853 
2307 2891 783 2892 2890 
2308 2890 2892 782 795 
2309 2853 2890 795 507 
2310 783 2894 2893 2892 
2311 2894 463 2895 2893 
2312 2893 2895 784 802 
2313 2892 2893 802 782 
2314 822 2384 2896 2387 
2315 2384 824 2897 2896 
2316 2896 2897 674 2898 
2317 2387 2896 2898 825 
2318 477 2859 2899 2900 
2319 2859 532 2418 2899 
2320 2899 2418 861 2901 
2321 2900 2899 2901 862 
2322 862 2901 2902 2903 
2323 2901 861 2421 2902 
2324 2902 2421 863 2904 
2325 2903 2902 2904 525 
2326 825 2898 2905 944 
2327 2898 674 2906 2905 
2328 2905 2906 936 2907 
2329 944 2905 2907 934 
2330 934 2907 2908 972 
2331 2907 936 2909 2908 
2332 2908 2909 609 2910 
2333 972 2908 2910 937 
2334 937 2910 2911 2457 
2335 2910 609 2912 2911 
2336 2911 2912 968 2913 
2337 2457 2911 2913 966 
2338 966 2913 2914 1043 
2339 2913 968 2915 2914 
2340 2914 2915 932 2916 
2341 1043 2914 2916 969 
2342 608 2443 2917 2918 
2343 2443 940 2459 2917 
2344 2917 2459 974 2919 
2345 2918 2917 2919 975 
2346 975 2919 2920 2921 
2347 2919 974 1049 2920 
2348 2920 1049 976 2922 
2349 2921 2920 2922 916 
2350 449 2296 2923 2924 
2351 2296 528 2461 2923 
2352 2923 2461 988 2925 
2353 2924 2923 2925 989 
2354 989 2925 2926 2927 
2355 2925 988 2464 2926 
2356 2926 2464 990 2928 
2357 2927 2926 2928 358 
2358 470 2433 2929 2930 
2359 2433 907 2467 2929 
2360 2929 2467 991 2931 
2361 2930 2929 2931 992 
2362 992 2931 2932 2933 
2363 2931 991 2470 2932 
2364 2932 2470 993 2934 
2365 2933 2932 2934 893 
2366 471 2936 2935 1006 
2367 2936 921 2937 2935 
2368 2935 2937 1001 2473 
2369 1006 2935 2473 982 
2370 999 2939 2938 1023 
2371 2939 1004 2940 2938 
2372 2938 2940 1007 2481 
2373 1023 2938 2481 980 
2374 1007 2942 2941 2482 
2375 2942 982 2943 2941 
2376 2941 2943 1026 2484 
2377 2482 2941 2484 1025 
2378 969 2916 2944 1095 
2379 2916 932 2945 2944 
2380 2944 2945 1038 2487 
2381 1095 2944 2487 1036 
2382 916 2922 2946 2947 
2383 2922 976 1098 2946 
2384 2946 1098 1045 2948 
2385 2947 2946 2948 1046 
2386 1046 2948 2949 2950 
2387 2948 1045 2490 2949 
2388 2949 2490 1047 2951 
2389 2950 2949 2951 610 
2390 893 2934 2952 2953 
2391 2934 993 2493 2952 
2392 2952 2493 1066 2954 
2393 2953 2952 2954 1067 
2394 1067 2954 2955 2956 
2395 2954 1066 2496 2955 
2396 2955 2496 1068 2957 
2397 2956 2955 2957 472 
2398 1072 1088 2958 2959 
2399 1088 1074 2960 2958 
2400 2958 2960 1057 2509 
2401 2959 2958 2509 1075 
2402 1074 2962 2961 2960 
2403 2962 1080 2963 2961 
2404 2961 2963 1083 1142 
2405 2960 2961 1142 1057 
2406 1104 1124 2964 2506 
2407 1124 1106 2965 2964 
2408 2964 2965 445 2966 
2409 2506 2964 2966 1107 
2410 1056 2968 2967 2511 
2411 2968 917 2969 2967 
2412 2967 2969 1116 2513 
2413 2511 2967 2513 1115 
2414 610 2951 2970 2971 
2415 2951 1047 1796 2970 
2416 2970 1796 1160 2972 
2417 2971 2970 2972 1161 
2418 1161 2972 2973 2974 
2419 2972 1160 1840 2973 
2420 2973 1840 1162 2975 
2421 2974 2973 2975 1033 
2422 1107 2966 2976 1189 
2423 2966 445 2977 2976 
2424 2976 2977 1169 2978 
2425 1189 2976 2978 1167 
2426 1167 2978 2979 2980 
2427 2978 1169 2981 2979 
2428 2979 2981 1102 1233 
2429 2980 2979 1233 1170 
2430 1168 1190 2982 2983 
2431 1190 1167 2980 2982 
2432 2982 2980 1170 2984 
2433 2983 2982 2984 1100 
2434 97 2204 2985 2986 
2435 2985 2522 1171 2987 
2436 2986 2985 2987 1172 
2437 357 2251 2988 2989 
2438 2251 450 2525 2988 
2439 2988 2525 1174 2990 
2440 2989 2988 2990 1175 
2441 1175 2990 2991 2992 
2442 2990 1174 2528 2991 
2443 2991 2528 1176 2993 
2444 2992 2991 2993 359 
2445 358 2928 2994 2995 
2446 2928 990 2531 2994 
2447 2994 2531 1177 2996 
2448 2995 2994 2996 1178 
2449 1178 2996 2997 2998 
2450 2996 1177 2534 2997 
2451 2997 2534 1179 2999 
2452 2998 2997 2999 889 
2453 472 2957 3000 3001 
2454 2957 1068 2537 3000 
2455 3000 2537 1180 3002 
2456 3001 3000 3002 1181 
2457 1181 3002 3003 3004 
2458 3002 1180 2540 3003 
2459 3003 2540 1182 3005 
2460 3004 3003 3005 1009 
2461 1183 2544 3006 3007 
2462 2544 1168 2983 3006 
2463 3006 2983 1100 3008 
2464 3007 3006 3008 1185 
2465 247 2425 3009 3010 
2466 2425 891 2549 3009 
2467 3009 2549 1207 3011 
2468 3010 3009 3011 1208 
2469 1100 2984 3012 3013 
2470 2984 1170 1232 3012 
2471 3012 1232 1218 3014 
2472 3013 3012 3014 1219 
2473 1219 3014 3015 3016 
2474 3014 1218 2567 3015 
2475 3015 2567 1221 3017 
2476 3016 3015 3017 1103 
2477 1102 3019 3018 1234 
2478 3019 1228 3020 3018 
2479 3018 3020 1227 2572 
2480 1234 3018 2572 1220 
2481 1227 3022 3021 2573 
2482 3022 1229 3023 3021 
2483 3021 3023 1117 2575 
2484 2573 3021 2575 1230 
2485 1033 2975 3024 3025 
2486 2975 1162 1904 3024 
2487 3024 1904 1236 3026 
2488 3025 3024 3026 1237 
2489 1237 3026 3027 3028 
2490 3026 1236 1956 3027 
2491 3027 1956 1238 3029 
2492 3028 3027 3029 912 
2493 1103 3017 3030 3031 
2494 3017 1221 1256 3030 
2495 3030 1256 1247 3032 
2496 3031 3030 3032 1248 
2497 1248 3032 3033 3034 
2498 3032 1247 1303 3033 
2499 3033 1303 1249 3035 
2500 3034 3033 3035 1214 
2501 1250 3037 3036 1274 
2502 3037 1253 3038 3036 
2503 3036 3038 1243 2586 
2504 1274 3036 2586 1254 
2505 1214 3035 3039 3040 
2506 3035 1249 2598 3039 
2507 3039 2598 1290 3041 
2508 3040 3039 3041 1291 
2509 1291 3041 3042 3043 
2510 3041 1290 2601 3042 
2511 3042 2601 1292 3044 
2512 3043 3042 3044 1217 
2513 1224 3046 3045 1313 
2514 3046 1282 3047 3045 
2515 3045 3047 1309 2607 
2516 1313 3045 2607 1265 
2517 912 3029 3048 3049 
2518 3029 1238 2622 3048 
2519 3048 2622 1338 3050 
2520 3049 3048 3050 1339 
2521 1339 3050 3051 3052 
2522 3050 1338 2625 3051 
2523 3051 2625 1340 3053 
2524 3052 3051 3053 1196 
2525 1217 3044 3054 3055 
2526 3044 1292 2643 3054 
2527 3054 2643 1359 3056 
2528 3055 3054 3056 1360 
2529 1360 3056 3057 3058 
2530 3056 1359 2646 3057 
2531 3057 2646 1361 3059 
2532 3058 3057 3059 1287 
2533 689 2883 3060 1441 
2534 2883 709 3061 3060 
2535 3060 3061 1435 3062 
2536 1441 3060 3062 828 
2537 1733 2736 3063 2738 
2538 2736 1734 3064 3063 
2539 3063 3064 598 2789 
2540 2738 3063 2789 1735 
2541 443 2784 3065 2800 
2542 2784 2030 3066 3065 
2543 3065 3066 2034 3067 
2544 2800 3065 3067 2035 
2545 2030 2042 3068 3066 
2546 2042 1558 3069 3068 
2547 3068 3069 2036 3070 
2548 3066 3068 3070 2034 
2549 252 2818 3071 3072 
2550 2818 97 2986 3071 
2551 3071 2986 1172 3073 
2552 3072 3071 3073 2125 
2553 162 2804 3074 3075 
2554 2804 103 2186 3074 
2555 3074 2186 257 3076 
2556 3075 3074 3076 2142 
2557 369 2829 3077 3078 
2558 2829 357 2989 3077 
2559 3077 2989 1175 3079 
2560 3078 3077 3079 2202 
2561 2202 3079 3080 3081 
2562 3079 1175 2992 3080 
2563 3080 2992 359 3082 
2564 3081 3080 3082 2204 
2565 516 2281 3083 3084 
2566 2281 202 2289 3083 
2567 3083 2289 526 3085 
2568 3084 3083 3085 2244 
2569 2244 3085 3086 3087 
2570 3085 526 2295 3086 
2571 3086 2295 449 3088 
2572 3087 3086 3088 2245 
2573 2245 3088 3089 3090 
2574 3088 449 2924 3089 
2575 3089 2924 989 3091 
2576 3090 3089 3091 2246 
2577 2246 3091 3092 3093 
2578 3091 989 2927 3092 
2579 3092 2927 358 3094 
2580 3093 3092 3094 2248 
2581 544 3096 3095 2862 
2582 3096 2264 3097 3095 
2583 3095 3097 783 2891 
2584 2862 3095 2891 490 
2585 863 2422 3098 3099 
2586 2422 527 2429 3098 
2587 3098 2429 906 3100 
2588 3099 3098 3100 2291 
2589 2291 3100 3101 3102 
2590 3100 906 2432 3101 
2591 3101 2432 470 3103 
2592 3102 3101 3103 2293 
2593 2325 3106 3104 3105 
2594 3106 723 2363 3104 
2595 3104 2363 669 2337 
2596 3105 3104 2337 698 
2597 66 2349 3107 2383 
2598 2349 705 3108 3107 
2599 3107 3108 2338 3109 
2600 2383 3107 3109 824 
2601 824 3109 3110 2897 
2602 3109 2338 3111 3110 
2603 3110 3111 2340 3112 
2604 2897 3110 3112 674 
2605 674 3112 3113 2906 
2606 3112 2340 3114 3113 
2607 3113 3114 2341 3115 
2608 2906 3113 3115 936 
2609 936 3115 3116 2909 
2610 3115 2341 3117 3116 
2611 3116 3117 2343 3118 
2612 2909 3116 3118 609 
2613 1541 2687 3119 3120 
2614 2687 488 2395 3119 
2615 3119 2395 833 3121 
2616 3120 3119 3121 2390 
2617 2390 3121 3122 3123 
2618 3121 833 2400 3122 
2619 3122 2400 673 3124 
2620 3123 3122 3124 2391 
2621 2391 3124 3125 3126 
2622 3124 673 2439 3125 
2623 3125 2439 939 3127 
2624 3126 3125 3127 2392 
2625 2392 3127 3128 3129 
2626 3127 939 2442 3128 
2627 3128 2442 608 3130 
2628 3129 3128 3130 2393 
2629 1179 2535 3131 3132 
2630 3132 3131 3133 2423 
2631 2423 3133 3134 3135 
2632 3133 1211 2558 3134 
2633 3134 2558 891 3136 
2634 3135 3134 3136 2425 
2635 2393 3130 3137 3138 
2636 3130 608 2918 3137 
2637 3137 2918 975 3139 
2638 3138 3137 3139 2434 
2639 2434 3139 3140 3141 
2640 3139 975 2921 3140 
2641 3140 2921 916 3142 
2642 3141 3140 3142 2435 
2643 2435 3142 3143 3144 
2644 3142 916 2947 3143 
2645 3143 2947 1046 3145 
2646 3144 3143 3145 2436 
2647 2436 3145 3146 3147 
2648 3145 1046 2950 3146 
2649 3146 2950 610 3148 
2650 3147 3146 3148 2437 
2651 609 3118 3149 2912 
2652 3118 2343 3150 3149 
2653 3149 3150 2450 3151 
2654 2912 3149 3151 968 
2655 968 3151 3152 2915 
2656 3151 2450 3153 3152 
2657 3152 3153 2452 3154 
2658 2915 3152 3154 932 
2659 932 3154 3155 2945 
2660 3154 2452 3156 3155 
2661 3155 3156 2453 3157 
2662 2945 3155 3157 1038 
2663 1038 3157 3158 2488 
2664 3157 2453 3159 3158 
2665 3158 3159 1783 3160 
2666 2488 3158 3160 446 
2667 2293 3103 3161 3162 
2668 3103 470 2930 3161 
2669 3161 2930 992 3163 
2670 3162 3161 3163 2460 
2671 2460 3163 3164 3165 
2672 3163 992 2933 3164 
2673 3164 2933 893 3166 
2674 3165 3164 3166 2462 
2675 2462 3166 3167 3168 
2676 3166 893 2953 3167 
2677 3167 2953 1067 3169 
2678 3168 3167 3169 2463 
2679 2463 3169 3170 3171 
2680 3169 1067 2956 3170 
2681 3170 2956 472 3172 
2682 3171 3170 3172 2465 
2683 1182 2541 3173 3174 
2684 2541 1008 2561 3173 
2685 3173 2561 1215 3175 
2686 3174 3173 3175 2475 
2687 2475 3175 3176 3177 
2688 3175 1215 2564 3176 
2689 3176 2564 1011 3178 
2690 3177 3176 3178 2477 
2691 2437 3148 3179 3180 
2692 3148 610 2971 3179 
2693 3179 2971 1161 3181 
2694 3180 3179 3181 2491 
2695 2491 3181 3182 3183 
2696 3181 1161 2974 3182 
2697 3182 2974 1033 3184 
2698 3183 3182 3184 1277 
2699 1116 3186 3185 2514 
2700 3186 2491 3183 3185 
2701 3185 3183 1277 3187 
2702 2514 3185 3187 1052 
2703 1185 3008 3188 3189 
2704 3008 1100 3013 3188 
2705 3188 3013 1219 3190 
2706 3189 3188 3190 2501 
2707 2501 3190 3191 3192 
2708 3190 1219 3016 3191 
2709 3191 3016 1103 3193 
2710 3192 3191 3193 2503 
2711 1169 3195 3194 2981 
2712 3195 2510 3196 3194 
2713 3194 3196 1228 3019 
2714 2981 3194 3019 1102 
2715 1176 2529 3197 3198 
2716 2529 247 3010 3197 
2717 3197 3010 1208 3199 
2718 3198 3197 3199 2521 
2719 2248 3094 3200 3201 
2720 3094 358 2995 3200 
2721 3200 2995 1178 3202 
2722 3201 3200 3202 2524 
2723 2524 3202 3203 3204 
2724 3202 1178 2998 3203 
2725 3203 2998 889 3205 
2726 3204 3203 3205 2526 
2727 2465 3172 3206 3207 
2728 3172 472 3001 3206 
2729 3206 3001 1181 3208 
2730 3207 3206 3208 2530 
2731 2530 3208 3209 3210 
2732 3208 1181 3004 3209 
2733 3209 3004 1009 3211 
2734 3210 3209 3211 2532 
2735 2477 3178 3212 3213 
2736 3178 1011 2589 3212 
2737 3212 2589 1288 3214 
2738 3213 3212 3214 2551 
2739 2551 3214 3215 3216 
2740 3214 1288 2595 3215 
2741 3215 2595 1210 3217 
2742 3216 3215 3217 2553 
2743 2503 3193 3218 3219 
2744 3193 1103 3031 3218 
2745 3218 3031 1248 3220 
2746 3219 3218 3220 2560 
2747 2560 3220 3221 3222 
2748 3220 1248 3034 3221 
2749 3221 3034 1214 3223 
2750 3222 3221 3223 2562 
2751 2562 3223 3224 3225 
2752 3223 1214 3040 3224 
2753 3224 3040 1291 3226 
2754 3225 3224 3226 2563 
2755 2563 3226 3227 3228 
2756 3226 1291 3043 3227 
2757 3227 3043 1217 3229 
2758 3228 3227 3229 2565 
2759 2565 3229 3230 3231 
2760 3229 1217 3055 3230 
2761 3230 3055 1360 3232 
2762 3231 3230 3232 2588 
2763 2588 3232 3233 3234 
2764 3232 1360 3058 3233 
2765 3233 3058 1287 3235 
2766 3234 3233 3235 2590 
2767 155 259 3236 3237 
2768 259 157 2820 3236 
2769 3236 2820 95 3238 
2770 3237 3236 3238 158 
2771 156 2144 3239 3240 
2772 2144 155 3237 3239 
2773 3239 3237 158 3241 
2774 3240 3239 3241 96 
2775 168 2152 3242 3243 
2776 2152 156 3240 3242 
2777 3242 3240 96 3244 
2778 3243 3242 3244 170 
2779 239 3246 3245 2813 
2780 3246 204 2823 3245 
2781 3245 2823 240 2815 
2782 2813 3245 2815 238 
2783 269 2190 3247 3248 
2784 2190 270 2837 3247 
2785 3247 2837 250 3249 
2786 3248 3247 3249 271 
2787 258 650 3250 3251 
2788 650 269 3248 3250 
2789 3250 3248 271 3252 
2790 3251 3250 3252 157 
2791 349 3254 3253 395 
2792 3254 322 3255 3253 
2793 3253 3255 350 2826 
2794 395 3253 2826 348 
2795 322 3257 3256 3255 
2796 3257 426 3258 3256 
2797 3256 3258 425 430 
2798 3255 3256 430 350 
2799 426 3260 3259 3258 
2800 3260 199 3261 3259 
2801 3259 3261 427 2234 
2802 3258 3259 2234 425 
2803 199 3263 3262 3261 
2804 3263 459 3264 3262 
2805 3262 3264 458 467 
2806 3261 3262 467 427 
2807 459 3266 3265 3264 
2808 3266 414 3267 3265 
2809 3265 3267 460 2256 
2810 3264 3265 2256 458 
2811 414 3269 3268 3267 
2812 3269 591 3270 3268 
2813 3268 3270 590 2310 
2814 3267 3268 2310 460 
2815 591 3272 3271 3270 
2816 3272 201 3273 3271 
2817 3271 3273 592 2864 
2818 3270 3271 2864 590 
2819 616 3276 3274 3275 
2820 3276 615 644 3274 
2821 3274 644 619 2874 
2822 3275 3274 2874 485 
2823 623 3278 3277 2868 
2824 3278 625 3279 3277 
2825 3277 3279 409 1760 
2826 2868 3277 1760 482 
2827 201 3281 3280 3273 
2828 3281 627 3282 3280 
2829 3280 3282 626 2870 
2830 3273 3280 2870 592 
2831 626 3284 3283 2871 
2832 3284 628 3285 3283 
2833 3283 3285 481 2318 
2834 2871 3283 2318 601 
2835 683 3288 3286 3287 
2836 3288 697 719 3286 
2837 3286 719 699 2886 
2838 3287 3286 2886 611 
2839 706 2880 3289 2882 
2840 2880 708 3290 3289 
2841 3289 3290 690 3291 
2842 2882 3289 3291 709 
2843 898 3293 3292 2427 
2844 3293 918 3294 3292 
2845 3292 3294 921 2936 
2846 2427 3292 2936 471 
2847 1004 3296 3295 2940 
2848 3296 1006 3297 3295 
2849 3295 3297 982 2942 
2850 2940 3295 2942 1007 
2851 1054 3299 3298 1119 
2852 3299 1055 3300 3298 
2853 3298 3300 917 2968 
2854 1119 3298 2968 1056 
2855 1027 3302 3301 1087 
2856 3302 1081 3303 3301 
2857 3301 3303 1080 2962 
2858 1087 3301 2962 1074 
2859 1228 3305 3304 3020 
2860 3305 1115 3306 3304 
2861 3304 3306 1229 3022 
2862 3020 3304 3022 1227 
2863 1052 3187 3307 1281 
2864 3187 1277 3308 3307 
2865 3307 3308 1276 3309 
2866 1281 3307 3309 1225 
2867 1277 3184 3310 3308 
2868 3184 1033 3025 3310 
2869 3310 3025 1237 3311 
2870 3308 3310 3311 1276 
2871 1276 3311 3312 3313 
2872 3311 1237 3028 3312 
2873 3312 3028 912 3314 
2874 3313 3312 3314 1278 
2875 1225 3309 3315 1310 
2876 3309 1276 3313 3315 
2877 3315 3313 1278 3316 
2878 1310 3315 3316 1053 
2879 1245 3318 3317 1285 
2880 3318 1279 3319 3317 
2881 3317 3319 1282 3046 
2882 1285 3317 3046 1224 
2883 1053 3316 3320 1352 
2884 3316 1278 3321 3320 
2885 3320 3321 1349 3322 
2886 1352 3320 3322 1261 
2887 1278 3314 3323 3321 
2888 3314 912 3049 3323 
2889 3323 3049 1339 3324 
2890 3321 3323 3324 1349 
2891 1349 3324 3325 3326 
2892 3324 1339 3052 3325 
2893 3325 3052 1196 3327 
2894 3326 3325 3327 1350 
2895 1261 3322 3328 2578 
2896 3322 1349 3326 3328 
2897 3328 3326 1350 3329 
2898 2578 3328 3329 1222 
2899 709 3291 3330 3061 
2900 3291 690 3331 3330 
2901 3330 3331 1436 3332 
2902 3061 3330 3332 1435 
2903 628 3334 3333 3285 
2904 3334 1759 3335 3333 
2905 3333 3335 1465 1764 
2906 3285 3333 1764 481 
2907 446 3160 3336 1788 
2908 3160 1783 3337 3336 
2909 3336 3337 1782 3338 
2910 1788 3336 3338 1154 
2911 1154 3338 3339 1820 
2912 3338 1782 3340 3339 
2913 3339 3340 1785 3341 
2914 1820 3339 3341 1034 
2915 1034 3341 3342 1877 
2916 3341 1785 3343 3342 
2917 3342 3343 1873 3344 
2918 1877 3342 3344 1201 
2919 1201 3344 3345 1938 
2920 3344 1873 3346 3345 
2921 3345 3346 1875 3347 
2922 1938 3345 3347 913 
2923 913 3347 3348 1989 
2924 3347 1875 3349 3348 
2925 3348 3349 1985 3350 
2926 1989 3348 3350 1332 
2927 1332 3350 3351 2619 
2928 3350 1985 3352 3351 
2929 3351 3352 1987 3353 
2930 2619 3351 3353 1197 
2931 95 2821 3354 3355 
2932 2821 252 3072 3354 
2933 3354 3072 2125 3356 
2934 3355 3354 3356 2126 
2935 158 3238 3357 3358 
2936 3238 95 3355 3357 
2937 3357 3355 2126 3359 
2938 3358 3357 3359 2128 
2939 59 2807 3360 3361 
2940 2807 162 3075 3360 
2941 3360 3075 2142 3362 
2942 3361 3360 3362 2143 
2943 173 2810 3363 3364 
2944 2810 59 3361 3363 
2945 3363 3361 2143 3365 
2946 3364 3363 3365 2150 
2947 251 2832 3366 3367 
2948 2832 369 3078 3366 
2949 3366 3078 2202 3368 
2950 3367 3366 3368 2203 
2951 2203 3368 3369 3370 
2952 3368 2202 3081 3369 
2953 3369 3081 2204 3371 
2954 3370 3369 3371 97 
2955 625 3373 3372 3279 
2956 3373 2231 3374 3372 
2957 3372 3374 1461 2655 
2958 3279 3372 2655 409 
2959 420 2284 3375 3376 
2960 2284 516 3084 3375 
2961 3375 3084 2244 3377 
2962 3376 3375 3377 2242 
2963 2242 3377 3378 3379 
2964 3377 2244 3087 3378 
2965 3378 3087 2245 3380 
2966 3379 3378 3380 448 
2967 448 3380 3381 3382 
2968 3380 2245 3090 3381 
2969 3381 3090 2246 3383 
2970 3382 3381 3383 2247 
2971 2247 3383 3384 3385 
2972 3383 2246 3093 3384 
2973 3384 3093 2248 3386 
2974 3385 3384 3386 450 
2975 2264 3388 3387 3097 
2976 3388 2266 3389 3387 
2977 3387 3389 463 2894 
2978 3097 3387 2894 783 
2979 525 2904 3390 3391 
2980 2904 863 3099 3390 
2981 3390 3099 2291 3392 
2982 3391 3390 3392 2292 
2983 2292 3392 3393 3394 
2984 3392 2291 3102 3393 
2985 3393 3102 2293 3395 
2986 3394 3393 3395 528 
2987 2312 3398 3396 3397 
2988 3398 616 3275 3396 
2989 3396 3275 485 2889 
2990 3397 3396 2889 768 
2991 744 3401 3399 3400 
2992 3401 636 2357 3399 
2993 3399 2357 723 3106 
2994 3400 3399 3106 2325 
2995 889 2999 3402 3403 
2996 2999 1179 3132 3402 
2997 3402 3132 2423 3404 
2998 3403 3402 3404 2424 
2999 2424 3404 3405 3406 
3000 3404 2423 3135 3405 
3001 3405 3135 2425 3407 
3002 3406 3405 3407 247 
3003 1055 3409 3408 3300 
3004 3409 2436 3147 3408 
3005 3408 3147 2437 3410 
3006 3300 3408 3410 917 
3007 528 3395 3411 3412 
3008 3395 2293 3162 3411 
3009 3411 3162 2460 3413 
3010 3412 3411 3413 2461 
3011 2461 3413 3414 3415 
3012 3413 2460 3165 3414 
3013 3414 3165 2462 3416 
3014 3415 3414 3416 988 
3015 988 3416 3417 3418 
3016 3416 2462 3168 3417 
3017 3417 3168 2463 3419 
3018 3418 3417 3419 2464 
3019 2464 3419 3420 3421 
3020 3419 2463 3171 3420 
3021 3420 3171 2465 3422 
3022 3421 3420 3422 990 
3023 1009 3005 3423 3424 
3024 3005 1182 3174 3423 
3025 3423 3174 2475 3425 
3026 3424 3423 3425 2476 
3027 2476 3425 3426 3427 
3028 3425 2475 3177 3426 
3029 3426 3177 2477 3428 
3030 3427 3426 3428 888 
3031 917 3410 3429 2969 
3032 3410 2437 3180 3429 
3033 3429 3180 2491 3186 
3034 2969 3429 3186 1116 
3035 445 3431 3430 2977 
3036 3431 1120 3432 3430 
3037 3430 3432 2510 3195 
3038 2977 3430 3195 1169 
3039 2510 3434 3433 3196 
3040 3434 2511 3435 3433 
3041 3433 3435 1115 3305 
3042 3196 3433 3305 1228 
3043 359 2993 3436 3437 
3044 2993 1176 3198 3436 
3045 3436 3198 2521 3438 
3046 3437 3436 3438 2522 
3047 450 3386 3439 3440 
3048 3386 2248 3201 3439 
3049 3439 3201 2524 3441 
3050 3440 3439 3441 2525 
3051 2525 3441 3442 3443 
3052 3441 2524 3204 3442 
3053 3442 3204 2526 3444 
3054 3443 3442 3444 1174 
3055 2526 3205 3445 3446 
3056 3205 889 3403 3445 
3057 3445 3403 2424 3447 
3058 3446 3445 3447 2527 
3059 2527 3447 3448 3449 
3060 3447 2424 3406 3448 
3061 3448 3406 247 3450 
3062 3449 3448 3450 2529 
3063 990 3422 3451 3452 
3064 3422 2465 3207 3451 
3065 3451 3207 2530 3453 
3066 3452 3451 3453 2531 
3067 2531 3453 3454 3455 
3068 3453 2530 3210 3454 
3069 3454 3210 2532 3456 
3070 3455 3454 3456 1177 
3071 2532 3211 3457 3458 
3072 3211 1009 3424 3457 
3073 3457 3424 2476 3459 
3074 3458 3457 3459 2533 
3075 2533 3459 3460 3461 
3076 3459 2476 3427 3460 
3077 3460 3427 888 3462 
3078 3461 3460 3462 2535 
3079 888 3428 3463 3464 
3080 3428 2477 3213 3463 
3081 3463 3213 2551 3465 
3082 3464 3463 3465 2552 
3083 2552 3465 3466 3467 
3084 3465 2551 3216 3466 
3085 3466 3216 2553 3468 
3086 3467 3466 3468 1211 
3087 376 2835 3469 3470 
3088 2835 251 3367 3469 
3089 3469 3367 2203 3471 
3090 3470 3469 3471 2816 
3091 2816 3471 3472 3473 
3092 3471 2203 3370 3472 
3093 3472 3370 97 3474 
3094 3473 3472 3474 2818 
3095 2204 3082 3475 3476 
3096 3082 359 3437 3475 
3097 3475 3437 2522 3477 
3098 3476 3475 3477 2985 
3099 2535 3462 3478 3479 
3100 3462 888 3464 3478 
3101 3478 3464 2552 3480 
3102 3479 3478 3480 3131 
3103 3131 3480 3481 3482 
3104 3480 2552 3467 3481 
3105 3481 3467 1211 3483 
3106 3482 3481 3483 3133 
