2 0.000000 100.000000 407.315828
1156 991 
1 -81.951989 0.000000 -82.801989 99.752966 -0.001292 6.976079 0.000068 
2 92.891989 0.000000 -82.801989 99.754223 -0.009445 6.954962 0.000072 
3 92.891989 0.000000 83.146450 99.761517 0.011661 6.946507 -0.000061 
4 -81.951989 0.000000 83.146450 99.760268 0.001659 6.976107 -0.000078 
5 5.470000 0.000000 0.172230 1.615378 -0.308494 -1.423753 0.999527 
6 -81.951989 0.000000 0.172230 99.756426 0.000246 6.980100 -0.000007 
7 5.470000 0.000000 -82.801989 99.746497 -0.005156 6.964170 0.000214 
8 92.891989 0.000000 0.172230 99.874955 -0.153065 5.266607 -0.000277 
9 5.470000 0.000000 83.146450 99.768757 0.006001 6.962014 -0.000227 
10 -38.240995 0.000000 -41.314880 99.742090 -0.002257 6.976820 0.000284 
11 -81.951989 0.000000 -41.314880 99.753016 -0.000768 6.978176 0.000064 
12 -38.240995 0.000000 -82.801989 99.749147 -0.002597 6.973186 0.000148 
13 5.470000 0.000000 -41.314880 99.718766 -0.009239 6.929420 0.000815 
14 -38.240995 0.000000 0.172230 99.755098 0.000616 6.994387 -0.000000 
15 49.180995 0.000000 -41.314880 99.748006 -0.018383 6.896167 0.000278 
16 49.180995 0.000000 -82.801989 99.750302 -0.007961 6.956294 0.000149 
17 92.891989 0.000000 -41.314880 99.757630 -0.019827 6.904374 0.000074 
18 49.180995 0.000000 0.172230 99.937424 -0.263372 4.312811 -0.000616 
19 -38.240995 0.000000 41.659340 99.772340 0.003050 6.977738 -0.000321 
20 -81.951989 0.000000 41.659340 99.760089 0.001211 6.978358 -0.000077 
21 5.470000 0.000000 41.659340 99.806644 0.010734 6.918777 -0.000924 
22 -38.240995 0.000000 83.146450 99.764838 0.003133 6.972942 -0.000164 
23 -16.385497 0.000000 -20.571325 99.710382 -0.002377 6.955214 0.000946 
24 -38.240995 0.000000 -20.571325 99.741411 -0.001203 6.985411 0.000285 
25 -16.385497 0.000000 -41.314880 99.727225 -0.004529 6.964350 0.000598 
26 5.470000 0.000000 -20.571325 99.737973 -0.028604 6.793975 0.000618 
27 -16.385497 0.000000 0.172230 99.715479 -0.083770 6.995927 0.000787 
28 49.180995 0.000000 41.659340 99.776110 0.022878 6.859099 -0.000232 
29 92.891989 0.000000 41.659340 99.768366 0.027959 6.839738 -0.000051 
30 49.180995 0.000000 83.146450 99.765258 0.009395 6.950991 -0.000142 
31 27.325497 0.000000 -20.571325 99.738205 -0.031066 6.709244 0.000728 
32 27.325497 0.000000 -41.314880 99.733550 -0.014989 6.901060 0.000559 
33 49.180995 0.000000 -20.571325 99.759737 -0.038864 6.716419 0.000288 
34 27.325497 0.000000 0.172230 99.942372 -0.429759 3.907782 -0.000393 
35 -16.385497 0.000000 20.915785 99.804958 0.000608 6.971894 -0.000964 
36 -38.240995 0.000000 20.915785 99.771279 0.002248 6.987447 -0.000313 
37 5.470000 0.000000 20.915785 99.898370 0.033007 6.726116 -0.002493 
38 -16.385497 0.000000 41.659340 99.791502 0.005598 6.964388 -0.000685 
39 -5.457749 0.000000 -10.199547 99.546927 -0.132614 6.831199 0.004373 
40 -16.385497 0.000000 -10.199547 99.675207 -0.044010 6.999779 0.001585 
41 -5.457749 0.000000 -20.571325 99.678359 -0.002987 6.896827 0.001666 
42 5.470000 0.000000 -10.199547 99.435831 -0.119255 6.446889 0.007094 
43 -5.457749 0.000000 0.172230 99.200870 -0.120895 7.216023 0.010710 
44 27.325497 0.000000 20.915785 99.809299 0.043693 6.547140 -0.000476 
45 49.180995 0.000000 20.915785 99.799908 0.055394 6.471369 -0.000190 
46 27.325497 0.000000 41.659340 99.790970 0.017753 6.875615 -0.000551 
47 16.397749 0.000000 -10.199547 99.727459 -0.124215 6.266401 0.001515 
48 16.397749 0.000000 -20.571325 99.743651 -0.038936 6.741409 0.000576 
49 27.325497 0.000000 -10.199547 99.785590 -0.087082 6.238560 0.000391 
50 16.397749 0.000000 0.172230 99.701125 -0.709103 3.582813 0.004635 
51 -5.457749 0.000000 10.544008 99.997509 0.111877 7.051829 -0.004924 
52 -16.385497 0.000000 10.544008 99.806627 -0.044231 7.032908 -0.001083 
53 5.470000 0.000000 10.544008 100.576999 0.173463 6.122874 -0.015325 
54 -5.457749 0.000000 20.915785 99.873933 0.003961 6.906065 -0.002250 
55 0.006126 0.000000 -5.013659 98.612093 0.108197 6.308178 0.023585 
56 -5.457749 0.000000 -5.013659 99.304016 -0.042225 6.907717 0.009099 
57 0.006126 0.000000 -10.199547 99.477188 -0.257494 6.632424 0.006023 
58 5.470000 0.000000 -5.013659 98.741701 -0.034953 5.698012 0.021761 
59 0.006126 0.000000 0.172230 77.005182 0.218703 25.914310 0.339860 
60 16.397749 0.000000 10.544008 99.968209 0.058916 5.553742 -0.002449 
61 27.325497 0.000000 10.544008 99.843856 0.096209 5.562678 0.000025 
62 16.397749 0.000000 20.915785 99.812582 0.029059 6.614095 -0.000630 
63 10.933874 0.000000 -5.013659 99.225599 0.060753 5.360499 0.012554 
64 10.933874 0.000000 -10.199547 99.539033 -0.121038 6.303515 0.005223 
65 16.397749 0.000000 -5.013659 99.584737 -0.239915 5.261315 0.005514 
66 10.933874 0.000000 0.172230 93.447556 -0.919106 6.373216 0.122609 
67 0.006126 0.000000 5.358119 101.350485 0.212017 8.075128 -0.033717 
68 -5.457749 0.000000 5.358119 99.889777 0.120779 7.428895 -0.003317 
69 5.470000 0.000000 5.358119 102.452995 -0.207071 4.301673 -0.051516 
70 0.006126 0.000000 10.544008 100.412388 0.205806 6.856980 -0.012971 
71 2.738063 0.000000 -2.420714 98.764425 0.063983 4.117682 0.022863 
72 0.006126 0.000000 -2.420714 97.247635 -0.111580 5.190883 0.051594 
73 2.738063 0.000000 -5.013659 98.354694 -0.073046 5.925525 0.029124 
74 5.470000 0.000000 -2.420714 99.862352 -0.375653 5.179921 0.000054 
75 2.738063 0.000000 0.172230 2.370705 0.955941 -2.628552 0.998656 
76 -60.096492 0.000000 -20.571325 99.751390 -0.000564 6.981722 0.000092 
77 -81.951989 0.000000 -20.571325 99.754259 -0.000305 6.979458 0.000037 
78 -60.096492 0.000000 -41.314880 99.749717 -0.001255 6.978549 0.000129 
79 -60.096492 0.000000 0.172230 99.756238 0.000353 6.983701 -0.000008 
80 -27.313246 0.000000 -10.199547 99.734846 -0.001115 6.980438 0.000423 
81 -38.240995 0.000000 -10.199547 99.746102 -0.000348 6.991122 0.000184 
82 -27.313246 0.000000 -20.571325 99.727090 -0.001928 6.985957 0.000570 
83 -27.313246 0.000000 0.172230 99.748135 -0.000591 6.990086 0.000145 
84 -10.921623 0.000000 -5.013659 99.638646 -0.014153 6.877791 0.002484 
85 -16.385497 0.000000 -5.013659 99.695100 -0.079433 6.974167 0.001224 
86 -10.921623 0.000000 -10.199547 99.664586 -0.023320 6.889391 0.001951 
87 -10.921623 0.000000 0.172230 99.639254 -0.021675 7.065472 0.002210 
88 -2.725811 0.000000 -2.420714 98.271921 0.434517 7.102305 0.029200 
89 -5.457749 0.000000 -2.420714 99.180620 -0.109735 6.942254 0.011500 
90 -2.725811 0.000000 -5.013659 98.988683 0.003061 6.646262 0.015707 
91 -2.725811 0.000000 0.172230 98.227720 0.493271 8.190780 0.028398 
92 10.933874 0.000000 5.358119 100.191021 0.417637 3.518962 -0.005080 
93 16.397749 0.000000 5.358119 99.879076 0.241264 4.055509 0.000766 
94 10.933874 0.000000 10.544008 100.188040 0.030122 5.635302 -0.006940 
95 2.738063 0.000000 2.765175 106.140059 -0.470865 8.591557 -0.133975 
96 0.006126 0.000000 2.765175 100.481750 -0.461454 10.091654 -0.019864 
97 5.470000 0.000000 2.765175 103.146164 -0.073494 0.348269 -0.063926 
98 2.738063 0.000000 5.358119 102.473148 -0.041441 6.608478 -0.054442 
99 1.372094 0.000000 -1.124242 101.294702 -0.134956 -12.641984 -0.042045 
100 0.006126 0.000000 -1.124242 93.429502 0.004177 -0.129215 0.127091 
101 1.372094 0.000000 -2.420714 97.961699 0.017367 3.976942 0.038769 
102 2.738063 0.000000 -1.124242 101.185031 -0.117913 -2.093911 -0.024281 
103 1.372094 0.000000 0.172230 98.009765 -0.453896 35.296038 -0.085193 
104 -60.096492 0.000000 20.915785 99.761457 0.001229 6.982209 -0.000110 
105 -81.951989 0.000000 20.915785 99.758681 0.000782 6.979612 -0.000051 
106 -60.096492 0.000000 41.659340 99.763651 0.001836 6.978980 -0.000149 
107 -27.313246 0.000000 10.544008 99.767052 -0.000207 6.987894 -0.000230 
108 -38.240995 0.000000 10.544008 99.764941 0.001524 6.992711 -0.000194 
109 -27.313246 0.000000 20.915785 99.786239 0.003296 6.990350 -0.000616 
110 -10.921623 0.000000 5.358119 99.735078 0.031117 6.965028 0.000440 
111 -16.385497 0.000000 5.358119 99.769487 -0.057610 7.055402 -0.000373 
112 -10.921623 0.000000 10.544008 99.810037 -0.011175 6.966562 -0.001058 
113 -2.725811 0.000000 2.765175 99.533112 0.208966 8.553192 0.001996 
114 -5.457749 0.000000 2.765175 99.564437 -0.096742 7.476849 0.003101 
115 -2.725811 0.000000 5.358119 100.039821 -0.095448 7.583016 -0.006548 
116 -1.359843 0.000000 -1.124242 96.264004 0.017885 7.088182 0.068300 
117 -2.725811 0.000000 -1.124242 97.990519 0.615597 7.595675 0.033978 
118 -1.359843 0.000000 -2.420714 97.538155 0.059705 6.708288 0.044130 
119 -1.359843 0.000000 0.172230 96.033496 0.090771 8.885362 0.069861 
120 1.372094 0.000000 1.468702 100.031323 -0.148908 17.508663 -0.031284 
121 0.006126 0.000000 1.468702 97.728002 0.171455 12.626186 0.028979 
122 2.738063 0.000000 1.468702 122.676314 -1.170943 23.117355 -0.558526 
123 1.372094 0.000000 2.765175 102.646641 -0.451278 10.930229 -0.065601 
124 0.689110 0.000000 -0.476006 97.671122 0.082737 -9.571230 0.036874 
125 0.006126 0.000000 -0.476006 48.876174 0.261297 -48.609957 0.524812 
126 0.689110 0.000000 -1.124242 96.181147 0.061036 -1.348761 0.074736 
127 1.372094 0.000000 -0.476006 101.233091 -0.135574 -12.604188 -0.040702 
128 0.689110 0.000000 0.172230 95.423692 0.045910 27.555804 0.013499 
129 -1.359843 0.000000 1.468702 98.157361 0.032047 9.647755 0.027205 
130 -2.725811 0.000000 1.468702 98.886486 0.221520 8.438646 0.015020 
131 -1.359843 0.000000 2.765175 99.758497 0.116940 9.320843 -0.003865 
132 -0.676859 0.000000 -0.476006 91.280627 -0.071695 6.521233 0.162532 
133 -1.359843 0.000000 -0.476006 95.755567 0.091408 7.715541 0.077133 
134 -0.676859 0.000000 -1.124242 94.422657 0.024748 5.153010 0.105781 
135 -0.676859 0.000000 0.172230 92.023079 -0.003696 10.355519 0.142452 
136 0.689110 0.000000 0.820466 95.309637 0.137058 19.187855 0.054788 
137 0.006126 0.000000 0.820466 94.650089 0.185714 15.734833 0.079374 
138 1.372094 0.000000 0.820466 97.963833 -0.456214 35.264156 -0.084068 
139 0.689110 0.000000 1.468702 98.465959 0.147992 15.042701 0.007815 
140 0.347618 0.000000 -0.151888 -1.735470 0.075574 1.906910 0.999335 
141 0.006126 0.000000 -0.151888 33.999206 0.137387 40.623504 0.719377 
142 0.347618 0.000000 -0.476006 76.099893 0.219961 -49.472614 0.176122 
143 0.689110 0.000000 -0.151888 3.284167 0.074807 1.087662 0.998803 
144 0.347618 0.000000 0.172230 71.695741 0.114042 59.006997 0.137788 
145 -0.676859 0.000000 0.820466 95.562148 0.039795 11.229859 0.074176 
146 -1.359843 0.000000 0.820466 97.048622 0.057380 9.527560 0.049079 
147 -0.676859 0.000000 1.468702 97.707931 0.026681 10.708747 0.033848 
148 -0.335366 0.000000 -0.151888 82.661777 -0.016784 9.622483 0.307444 
149 -0.676859 0.000000 -0.151888 90.846961 -0.061410 8.628043 0.167238 
150 -0.335366 0.000000 -0.476006 84.441507 -0.023742 3.790346 0.285526 
151 -0.335366 0.000000 0.172230 87.007359 -0.015618 13.699808 0.224203 
152 -16.385497 0.000000 -62.058434 99.740997 -0.004217 6.966894 0.000320 
153 -38.240995 0.000000 -62.058434 99.746056 -0.002597 6.973799 0.000209 
154 -16.385497 0.000000 -82.801989 99.747121 -0.003720 6.969388 0.000194 
155 5.470000 0.000000 -62.058434 99.739072 -0.006628 6.955162 0.000374 
156 -5.457749 0.000000 -30.943102 99.716435 -0.005538 6.928946 0.000862 
157 -16.385497 0.000000 -30.943102 99.714074 -0.004325 6.965623 0.000858 
158 -5.457749 0.000000 -41.314880 99.720133 -0.006549 6.949143 0.000760 
159 5.470000 0.000000 -30.943102 99.715727 -0.008903 6.894534 0.000924 
160 0.006126 0.000000 -15.385436 99.734425 -0.076622 6.726833 0.000779 
161 -5.457749 0.000000 -15.385436 99.682648 -0.021162 6.829575 0.001673 
162 0.006126 0.000000 -20.571325 99.723738 -0.038666 6.830938 0.000851 
163 5.470000 0.000000 -15.385436 99.751451 -0.104936 6.673647 0.000510 
164 2.738063 0.000000 -7.606603 99.256524 0.115174 6.295127 0.010850 
165 0.006126 0.000000 -7.606603 99.249678 -0.146094 6.487892 0.010739 
166 2.738063 0.000000 -10.199547 99.465227 -0.198475 6.505316 0.006431 
167 5.470000 0.000000 -7.606603 99.346817 0.000926 6.138351 0.009253 
168 1.372094 0.000000 -3.717186 97.906581 0.200659 5.642203 0.038243 
169 0.006126 0.000000 -3.717186 97.832452 0.296830 6.114696 0.039133 
170 1.372094 0.000000 -5.013659 98.461592 -0.089391 6.078411 0.026836 
171 2.738063 0.000000 -3.717186 98.236864 -0.139446 5.384836 0.032050 
172 0.689110 0.000000 -1.772478 96.948408 0.026525 2.502327 0.059474 
173 0.006126 0.000000 -1.772478 96.320800 -0.057990 3.805188 0.070782 
174 0.689110 0.000000 -2.420714 97.489760 -0.035851 4.552715 0.047502 
175 1.372094 0.000000 -1.772478 97.667065 -0.017181 1.849567 0.045772 
176 0.347618 0.000000 -0.800124 97.752207 0.166772 -14.631148 0.023041 
177 0.006126 0.000000 -0.800124 87.201101 0.021880 -6.235261 0.235709 
178 0.347618 0.000000 -1.124242 95.458937 0.004635 -2.008260 0.088356 
179 0.689110 0.000000 -0.800124 98.170815 0.074071 -10.536921 0.025146 
180 0.176872 0.000000 -0.313947 47.224655 0.282859 -46.503279 0.560720 
181 0.006126 0.000000 -0.313947 37.235902 0.224861 -2.775762 0.860573 
182 0.176872 0.000000 -0.476006 54.491546 0.256852 -47.772499 0.474839 
183 0.347618 0.000000 -0.313947 -1.826924 0.062022 1.539903 0.999429 
184 0.176872 0.000000 -0.151888 36.653780 0.127815 43.158606 0.679382 
185 -2.725811 0.000000 -7.606603 99.391460 -0.076526 6.648915 0.007712 
186 -5.457749 0.000000 -7.606603 99.443866 -0.149915 6.851437 0.006395 
187 -2.725811 0.000000 -10.199547 99.485518 -0.187722 6.755774 0.005696 
188 -1.359843 0.000000 -3.717186 98.215539 0.547945 6.508199 0.031105 
189 -2.725811 0.000000 -3.717186 98.657878 0.093776 6.707249 0.022163 
190 -1.359843 0.000000 -5.013659 98.774179 0.023026 6.497428 0.020144 
191 -0.676859 0.000000 -1.772478 96.404761 -0.043409 5.571067 0.067508 
192 -1.359843 0.000000 -1.772478 96.950785 0.070645 6.801264 0.055428 
193 -0.676859 0.000000 -2.420714 97.172056 -0.087779 6.112028 0.052023 
194 -0.335366 0.000000 -0.800124 89.823463 -0.024344 2.084850 0.192740 
195 -0.676859 0.000000 -0.800124 92.844748 -0.067915 5.380058 0.135090 
196 -0.335366 0.000000 -1.124242 93.376742 0.081446 2.947711 0.127209 
197 0.176872 0.000000 -0.638065 65.864501 0.212039 -53.465182 0.280330 
198 0.006126 0.000000 -0.638065 78.753484 0.036632 -10.708308 0.368322 
199 0.176872 0.000000 -0.800124 89.680064 0.014736 -12.518192 0.180078 
200 0.347618 0.000000 -0.638065 86.930420 0.213966 -39.332802 0.089599 
201 0.347618 0.000000 0.496348 95.141929 0.232232 24.798286 0.033300 
202 0.006126 0.000000 0.496348 90.420861 0.210883 19.942650 0.142631 
203 0.689110 0.000000 0.496348 94.981706 -0.024143 31.298923 -0.000115 
204 0.347618 0.000000 0.820466 95.490623 0.131582 17.820103 0.056397 
205 0.176872 0.000000 0.010171 41.209345 0.104993 57.677731 0.497506 
206 0.006126 0.000000 0.010171 64.337846 0.114154 26.031135 0.518301 
207 0.347618 0.000000 0.010171 53.979216 0.102071 62.966430 0.312146 
208 0.176872 0.000000 0.172230 46.528748 0.092922 63.396399 0.381596 
209 8.201937 0.000000 -2.420714 98.502579 -0.105394 5.681191 0.026495 
210 8.201937 0.000000 -5.013659 99.105227 0.107993 5.586817 0.014693 
211 10.933874 0.000000 -2.420714 98.641741 -0.113711 4.886707 0.024591 
212 8.201937 0.000000 0.172230 92.576558 -0.978942 31.201328 0.045510 
213 4.104031 0.000000 -1.124242 102.759027 -0.643455 0.089009 -0.055984 
214 4.104031 0.000000 -2.420714 99.216116 -0.174835 4.096146 0.013935 
215 5.470000 0.000000 -1.124242 106.302488 -0.698467 6.104146 -0.133797 
216 4.104031 0.000000 0.172230 10.251552 -0.132727 -0.721756 0.989437 
217 2.055079 0.000000 -0.476006 102.429269 -0.093508 -10.063842 -0.059304 
218 2.055079 0.000000 -1.124242 102.423553 -0.093496 -10.061579 -0.059183 
219 2.738063 0.000000 -0.476006 101.184396 -0.118115 -2.086668 -0.024265 
220 2.055079 0.000000 0.172230 3.787249 0.304867 0.858245 0.998483 
221 1.030602 0.000000 -0.800124 99.572299 -0.015105 -12.476897 -0.007032 
222 1.030602 0.000000 -1.124242 95.923209 0.045942 -2.465367 0.079266 
223 1.372094 0.000000 -0.800124 100.154327 -0.098933 -12.216559 -0.018014 
224 1.030602 0.000000 -0.476006 99.392122 0.019310 -12.680302 -0.003958 
225 0.518364 0.000000 -0.638065 97.032691 0.165219 -18.589018 0.023908 
226 0.518364 0.000000 -0.800124 97.866909 0.128249 -11.736470 0.028431 
227 0.689110 0.000000 -0.638065 97.899618 0.095155 -10.120382 0.031323 
228 0.518364 0.000000 -0.476006 97.325436 0.099374 -8.297810 0.045890 
229 8.201937 0.000000 2.765175 99.978697 0.194756 0.643820 0.000381 
230 10.933874 0.000000 2.765175 99.992287 0.497204 1.773649 -0.000185 
231 8.201937 0.000000 5.358119 101.112699 0.186765 3.326323 -0.023488 
232 4.104031 0.000000 1.468702 110.589421 -1.119250 0.044954 -0.223127 
233 5.470000 0.000000 1.468702 106.161464 -3.946772 -19.025192 -0.164779 
234 4.104031 0.000000 2.765175 105.817389 -0.105216 3.476799 -0.120942 
235 2.055079 0.000000 0.820466 96.831151 -0.868152 23.561665 0.006782 
236 2.738063 0.000000 0.820466 33.093613 -5.049718 17.798402 0.856253 
237 2.055079 0.000000 1.468702 103.021512 -0.307863 20.919146 -0.105114 
238 1.030602 0.000000 0.496348 95.608337 -0.201976 34.991931 -0.036543 
239 1.030602 0.000000 0.172230 94.695284 -0.067908 35.126780 -0.020109 
240 1.372094 0.000000 0.496348 97.251169 -0.356673 34.155479 -0.062451 
241 1.030602 0.000000 0.820466 97.199163 -0.494797 34.733386 -0.065433 
242 0.518364 0.000000 0.334289 95.894694 0.084571 28.826994 -0.002680 
243 0.347618 0.000000 0.334289 82.756683 0.115050 48.937526 0.075644 
244 0.518364 0.000000 0.172230 92.330987 0.095967 34.871542 0.025896 
245 0.689110 0.000000 0.334289 95.239626 0.021368 27.906309 0.015065 
246 0.518364 0.000000 0.496348 96.709680 0.196062 21.934884 0.016606 
247 2.055079 0.000000 -1.772478 98.711865 -0.017980 1.722752 0.025300 
248 2.055079 0.000000 -2.420714 98.514272 -0.034411 3.956900 0.027928 
249 2.738063 0.000000 -1.772478 99.475766 -0.009863 2.754746 0.009698 
250 3.421047 0.000000 -0.476006 102.413739 -0.319437 0.137479 -0.048869 
251 3.421047 0.000000 -1.124242 102.324811 -0.319634 0.127438 -0.047049 
252 4.104031 0.000000 -0.476006 102.854644 -0.642051 0.096502 -0.057950 
253 3.421047 0.000000 0.172230 8.650438 0.145302 -3.005101 0.991612 
254 2.396571 0.000000 -0.800124 101.537888 -0.070666 -4.908453 -0.033404 
255 2.055079 0.000000 -0.800124 101.728697 -0.082276 -8.391504 -0.041915 
256 2.396571 0.000000 -1.124242 102.156581 -0.057389 -4.439772 -0.045568 
257 2.738063 0.000000 -0.800124 101.660236 -0.122081 -2.004960 -0.033884 
258 2.396571 0.000000 -0.476006 101.384835 -0.054277 -4.374830 -0.029803 
259 3.421047 0.000000 0.820466 113.739446 -1.332989 0.059105 -0.293844 
260 4.104031 0.000000 0.820466 105.354014 -0.832038 17.744878 -0.141504 
261 3.421047 0.000000 1.468702 113.621804 -1.326656 0.056010 -0.291168 
262 -16.385497 0.000000 62.402895 99.774980 0.005033 6.965874 -0.000357 
263 -38.240995 0.000000 62.402895 99.768312 0.003234 6.973851 -0.000235 
264 5.470000 0.000000 62.402895 99.778514 0.007726 6.951023 -0.000407 
265 -16.385497 0.000000 83.146450 99.767538 0.004385 6.968487 -0.000212 
266 -5.457749 0.000000 31.287562 99.815199 0.005041 6.929052 -0.001109 
267 -16.385497 0.000000 31.287562 99.806317 0.005596 6.968236 -0.000986 
268 5.470000 0.000000 31.287562 99.824509 0.010379 6.872809 -0.001217 
269 -5.457749 0.000000 41.659340 99.802447 0.007776 6.945555 -0.000877 
270 0.006126 0.000000 15.729896 100.014484 0.101650 6.784301 -0.004893 
271 -5.457749 0.000000 15.729896 99.873545 0.007055 6.883794 -0.002211 
272 5.470000 0.000000 15.729896 100.069511 0.128355 6.545596 -0.005677 
273 0.006126 0.000000 20.915785 99.901618 0.017741 6.825610 -0.002692 
274 2.738063 0.000000 7.951063 101.350423 0.067180 6.466581 -0.031373 
275 0.006126 0.000000 7.951063 100.828777 -0.008754 7.147712 -0.021753 
276 5.470000 0.000000 7.951063 101.233289 0.346511 5.501486 -0.027857 
277 2.738063 0.000000 10.544008 100.629757 0.194533 6.543244 -0.016920 
278 1.372094 0.000000 4.061647 102.234635 0.016957 8.340406 -0.052148 
279 0.006126 0.000000 4.061647 101.145456 0.048361 8.820071 -0.030820 
280 2.738063 0.000000 4.061647 103.731946 -0.098971 7.180335 -0.081188 
281 1.372094 0.000000 5.358119 102.138952 -0.062367 7.634985 -0.049066 
282 2.055079 0.000000 2.116938 104.941767 -0.803874 13.688099 -0.120078 
283 1.372094 0.000000 2.116938 101.977669 0.054323 13.671631 -0.058636 
284 2.738063 0.000000 2.116938 109.167384 -0.545144 10.969519 -0.203815 
285 2.055079 0.000000 2.765175 104.415346 -0.552168 10.415262 -0.101135 
286 2.396571 0.000000 1.144584 88.448674 -1.623036 11.449875 0.204310 
287 2.055079 0.000000 1.144584 99.687232 -0.590323 28.361287 -0.074226 
288 2.396571 0.000000 0.820466 87.510055 -1.602636 13.165460 0.216609 
289 2.738063 0.000000 1.144584 67.364810 -2.869467 55.745559 0.234618 
290 2.396571 0.000000 1.468702 106.651619 -0.420751 24.967659 -0.199813 
291 2.396571 0.000000 0.496348 92.876573 -1.216155 18.112832 0.104439 
292 2.055079 0.000000 0.496348 100.784184 -0.524803 28.860908 -0.099068 
293 2.396571 0.000000 0.172230 1.660043 0.820663 -0.771377 0.999598 
294 2.738063 0.000000 0.496348 88.448674 -1.623036 11.449875 0.204310 
295 4.104031 0.000000 4.061647 103.758899 -0.070743 4.757102 -0.078854 
296 5.470000 0.000000 4.061647 102.428283 0.069999 3.143473 -0.050144 
297 4.104031 0.000000 5.358119 102.863648 -0.109981 5.447841 -0.061062 
298 3.421047 0.000000 2.116938 109.468461 -0.441184 5.398271 -0.201268 
299 4.104031 0.000000 2.116938 107.340891 -0.266811 2.226132 -0.152709 
300 3.421047 0.000000 2.765175 106.578216 -0.143316 5.941087 -0.139423 
301 3.079555 0.000000 1.144584 116.358646 -1.102843 6.588305 -0.358396 
302 3.079555 0.000000 0.820466 111.492854 -1.212058 0.000000 -0.243213 
303 3.421047 0.000000 1.144584 113.405692 -1.210032 0.021952 -0.286232 
304 3.079555 0.000000 1.468702 116.213369 -1.145621 0.037572 -0.350686 
305 2.567317 0.000000 0.982525 53.643235 -3.071112 37.785961 0.568519 
306 2.396571 0.000000 0.982525 86.656438 -1.622921 13.755714 0.229881 
307 2.567317 0.000000 0.820466 80.456766 -2.201633 9.304863 0.343528 
308 2.738063 0.000000 0.982525 30.883862 -4.118777 46.499674 0.686700 
309 2.567317 0.000000 1.144584 66.222363 -3.101938 42.222424 0.382224 
310 3.079555 0.000000 0.496348 6.163221 1.430376 -6.152569 0.992211 
311 3.079555 0.000000 0.172230 5.405244 0.755780 -3.501872 0.995795 
312 3.421047 0.000000 0.496348 10.993639 0.394684 -4.479228 0.985892 
313 2.567317 0.000000 0.658407 80.421436 -2.147734 9.247187 0.344227 
314 2.396571 0.000000 0.658407 93.009301 -0.941682 16.352023 0.108099 
315 2.567317 0.000000 0.496348 88.448674 -1.623036 11.449875 0.204310 
316 2.738063 0.000000 0.658407 71.851011 -3.308322 7.407954 0.477161 
317 2.908809 0.000000 0.982525 64.769480 -2.999042 40.899897 0.412312 
318 2.908809 0.000000 0.820466 70.635010 -3.431791 7.111829 0.494834 
319 3.079555 0.000000 0.982525 116.211256 -1.081392 0.020191 -0.350623 
320 2.908809 0.000000 1.144584 102.450376 -1.729413 37.180270 -0.188144 
321 2.652690 0.000000 0.901496 33.432014 -4.166528 32.355237 0.781808 
322 2.567317 0.000000 0.901496 56.105432 -2.964830 25.172449 0.620974 
323 2.652690 0.000000 0.820466 34.838074 -4.226411 24.413337 0.817244 
324 2.738063 0.000000 0.901496 14.132310 -4.670573 35.919702 0.848824 
325 2.652690 0.000000 0.982525 34.165431 -3.691376 47.205989 0.659069 
326 2.908809 0.000000 0.658407 64.939905 -4.010058 5.724937 0.573395 
327 2.908809 0.000000 0.496348 2.616449 1.851189 -5.430850 0.996023 
328 3.079555 0.000000 0.658407 6.942517 1.876464 -8.012656 0.988408 
329 2.652690 0.000000 0.739437 54.472655 -3.754792 12.213121 0.686947 
330 2.567317 0.000000 0.739437 80.473136 -2.178346 9.290390 0.343302 
331 2.652690 0.000000 0.658407 78.974168 -2.298717 8.898184 0.367862 
332 2.738063 0.000000 0.739437 50.273068 -4.019794 12.596711 0.729778 
333 2.823436 0.000000 0.901496 27.441341 -4.542476 35.325037 0.797848 
334 2.823436 0.000000 0.820466 31.533061 -4.711194 25.116384 0.835264 
335 2.908809 0.000000 0.901496 50.619648 -3.484462 28.128303 0.663431 
336 2.823436 0.000000 0.982525 43.857152 -3.518758 47.257191 0.583093 
337 2.695376 0.000000 0.860981 33.636634 -5.310114 15.072825 0.861319 
338 2.652690 0.000000 0.860981 32.399333 -4.284169 25.700845 0.827140 
339 2.695376 0.000000 0.820466 34.793390 -5.070022 16.538892 0.849018 
340 2.738063 0.000000 0.860981 30.319164 -5.165365 18.388589 0.871593 
341 2.695376 0.000000 0.901496 25.279486 -4.370806 36.542332 0.800650 
342 6.835969 0.000000 -1.124242 97.951089 -0.783643 11.539870 0.027180 
343 6.835969 0.000000 -2.420714 99.349156 -0.166436 6.310930 0.008989 
344 8.201937 0.000000 -1.124242 97.055879 -0.486338 9.916509 0.048158 
345 6.835969 0.000000 0.172230 0.974242 0.287634 0.766196 0.999838 
346 4.787016 0.000000 -0.476006 103.457470 -0.531861 0.059188 -0.070373 
347 4.787016 0.000000 -1.124242 103.467345 -0.563876 0.032088 -0.070581 
348 5.470000 0.000000 -0.476006 -2.303587 0.032517 -2.154233 0.999005 
349 4.787016 0.000000 0.172230 6.922170 -0.066236 0.306143 0.995199 
350 4.104031 0.000000 -3.717186 98.505886 -0.032896 5.185270 0.026970 
351 4.104031 0.000000 -5.013659 98.457402 -0.164775 5.659544 0.027408 
352 5.470000 0.000000 -3.717186 98.790521 -0.014986 5.187752 0.021352 
353 4.787016 0.000000 -1.772478 100.713976 -0.424695 3.261475 -0.015412 
354 4.104031 0.000000 -1.772478 99.234791 -0.248779 3.074499 0.014294 
355 4.787016 0.000000 -2.420714 99.458660 -0.360143 4.461727 0.008794 
356 5.470000 0.000000 -1.772478 102.165975 -0.537705 5.415582 -0.046750 
357 6.835969 0.000000 1.468702 97.934800 0.543740 -1.782202 0.040530 
358 8.201937 0.000000 1.468702 97.983798 0.767174 1.225069 0.039709 
359 6.835969 0.000000 2.765175 100.840905 0.192800 -0.008850 -0.016893 
360 6.152984 0.000000 -0.476006 98.414277 -0.757199 27.996989 -0.046977 
361 6.152984 0.000000 -1.124242 102.070925 -0.632327 15.079284 -0.064626 
362 6.835969 0.000000 -0.476006 97.656902 -0.901979 13.849162 0.027052 
363 6.152984 0.000000 0.172230 0.561868 -0.168786 -1.495176 0.999742 
364 5.128508 0.000000 -0.800124 104.784072 -0.676057 0.942255 -0.098105 
365 4.787016 0.000000 -0.800124 103.450603 -0.574909 0.021337 -0.070236 
366 5.128508 0.000000 -1.124242 103.784479 -0.626424 0.000000 -0.077161 
367 5.470000 0.000000 -0.800124 106.459655 -0.691599 10.017706 -0.143449 
368 5.128508 0.000000 -0.476006 104.826227 -0.710469 0.000000 -0.098904 
369 6.152984 0.000000 0.820466 87.306332 -6.912500 -0.710193 0.232932 
370 5.470000 0.000000 0.820466 23.758528 -5.033874 -14.111245 0.921107 
371 6.835969 0.000000 0.820466 95.470084 3.592707 -0.496198 0.087231 
372 6.152984 0.000000 1.468702 94.863873 1.713599 -5.929833 0.096275 
373 4.787016 0.000000 0.820466 108.807460 -0.783770 0.089066 -0.183969 
374 4.787016 0.000000 1.468702 108.675917 -0.770099 0.084314 -0.181106 
375 27.325497 0.000000 62.402895 99.774992 0.010871 6.936445 -0.000316 
376 49.180995 0.000000 62.402895 99.769294 0.013558 6.928070 -0.000191 
377 27.325497 0.000000 83.146450 99.767630 0.007775 6.955571 -0.000196 
378 16.397749 0.000000 31.287562 99.810807 0.018432 6.821354 -0.000873 
379 27.325497 0.000000 31.287562 99.805482 0.025205 6.785058 -0.000717 
380 16.397749 0.000000 41.659340 99.801059 0.014264 6.893099 -0.000777 
381 10.933874 0.000000 15.729896 99.879595 0.069885 6.379700 -0.001664 
382 16.397749 0.000000 15.729896 99.847818 0.045355 6.299001 -0.000927 
383 10.933874 0.000000 20.915785 99.866384 0.046111 6.645853 -0.001746 
384 8.201937 0.000000 7.951063 100.613503 0.332782 4.975668 -0.014794 
385 10.933874 0.000000 7.951063 100.180668 0.188251 4.870437 -0.005992 
386 8.201937 0.000000 10.544008 100.376870 0.043802 5.805419 -0.010922 
387 6.835969 0.000000 4.061647 101.579356 0.072073 2.262834 -0.032349 
388 8.201937 0.000000 4.061647 100.839642 0.105404 1.942083 -0.017242 
389 6.835969 0.000000 5.358119 101.892452 0.077875 3.505999 -0.039437 
390 6.152984 0.000000 2.116938 100.473530 0.335605 -1.887382 -0.009861 
391 5.470000 0.000000 2.116938 103.175616 0.162779 -2.223743 -0.065018 
392 6.835969 0.000000 2.116938 99.822952 0.164257 -1.090990 0.003416 
393 6.152984 0.000000 2.765175 101.591955 0.043483 0.228575 -0.032098 
394 5.811492 0.000000 1.144584 70.980955 -5.632775 -0.446026 0.492978 
395 5.470000 0.000000 1.144584 55.361656 -6.168431 -43.189429 0.503171 
396 5.811492 0.000000 0.820466 72.538244 -5.856380 -0.474564 0.470368 
397 6.152984 0.000000 1.144584 86.602178 -7.308462 -0.712733 0.244614 
398 5.811492 0.000000 1.468702 93.437948 3.082791 -13.850285 0.106802 
399 4.787016 0.000000 2.116938 105.367639 -0.134783 0.233527 -0.110241 
400 4.787016 0.000000 2.765175 104.725073 -0.190641 1.528982 -0.096972 
401 5.128508 0.000000 1.144584 106.388180 -4.448542 -5.110994 -0.136436 
402 4.787016 0.000000 1.144584 107.586713 -1.278503 0.031135 -0.157654 
403 5.128508 0.000000 0.820466 106.341733 -0.527516 0.000000 -0.130884 
404 5.128508 0.000000 1.468702 109.194202 -2.887860 0.057098 -0.193172 
405 5.811492 0.000000 0.496348 3.474142 -1.036313 -0.851506 0.998613 
406 5.470000 0.000000 0.496348 5.942395 -0.931786 -0.839875 0.996311 
407 5.811492 0.000000 0.172230 0.452128 -0.318246 -1.653147 0.999696 
408 6.152984 0.000000 0.496348 2.194440 -1.026076 -1.326295 0.999237 
409 5.640746 0.000000 0.982525 41.987108 -5.509916 -20.969340 0.776701 
410 5.470000 0.000000 0.982525 26.075447 -5.414702 -28.656413 0.846956 
411 5.640746 0.000000 0.820466 58.047687 -5.269577 -0.260531 0.660263 
412 5.811492 0.000000 0.982525 75.797420 -6.031352 -0.524187 0.421810 
413 5.640746 0.000000 1.144584 66.148558 -6.088371 -30.516446 0.465605 
414 27.325497 0.000000 -62.058434 99.742901 -0.009285 6.944665 0.000313 
415 27.325497 0.000000 -82.801989 99.747877 -0.006672 6.959309 0.000193 
416 49.180995 0.000000 -62.058434 99.748504 -0.011315 6.939962 0.000207 
417 16.397749 0.000000 -30.943102 99.725892 -0.013963 6.865881 0.000761 
418 16.397749 0.000000 -41.314880 99.724500 -0.012252 6.911822 0.000725 
419 27.325497 0.000000 -30.943102 99.727309 -0.021136 6.841280 0.000766 
420 10.933874 0.000000 -15.385436 99.763896 -0.090541 6.637303 0.000310 
421 10.933874 0.000000 -20.571325 99.702371 -0.015582 6.749332 0.001388 
422 16.397749 0.000000 -15.385436 99.762024 -0.040399 6.599802 0.000398 
423 8.201937 0.000000 -7.606603 99.474286 -0.143615 6.073732 0.006796 
424 8.201937 0.000000 -10.199547 99.448177 -0.048411 6.346562 0.006978 
425 10.933874 0.000000 -7.606603 99.542643 -0.310007 6.016261 0.005497 
426 6.835969 0.000000 -3.717186 98.906087 -0.109642 5.581027 0.018643 
427 6.835969 0.000000 -5.013659 98.885399 0.054031 5.524146 0.019116 
428 8.201937 0.000000 -3.717186 98.762589 -0.043054 5.397496 0.021682 
429 6.152984 0.000000 -1.772478 100.887720 -0.484388 7.686245 -0.023764 
430 6.152984 0.000000 -2.420714 99.578033 -0.337015 5.843646 0.004995 
431 6.835969 0.000000 -1.772478 99.281411 -0.278271 7.800802 0.008227 
432 5.811492 0.000000 -0.800124 104.093958 -0.681970 22.479502 -0.134135 
433 5.811492 0.000000 -1.124242 105.580867 -0.677532 18.765362 -0.149992 
434 6.152984 0.000000 -0.800124 100.260104 -0.719563 28.143051 -0.084464 
435 5.811492 0.000000 -0.476006 103.596392 -0.666864 26.204844 -0.141935 
436 71.036492 0.000000 -20.571325 99.766750 -0.038210 6.745699 0.000109 
437 71.036492 0.000000 -41.314880 99.754788 -0.019598 6.899628 0.000138 
438 92.891989 0.000000 -20.571325 99.767994 -0.036646 6.770125 0.000051 
439 71.036492 0.000000 0.172230 99.904512 -0.194467 4.830409 -0.000428 
440 38.253246 0.000000 -10.199547 99.786513 -0.071672 6.263602 0.000341 
441 38.253246 0.000000 -20.571325 99.749004 -0.037672 6.700722 0.000524 
442 49.180995 0.000000 -10.199547 99.791177 -0.071849 6.312700 0.000187 
443 38.253246 0.000000 0.172230 99.947074 -0.317120 4.070099 -0.000608 
444 21.861623 0.000000 -5.013659 99.801090 -0.098030 5.395164 0.001063 
445 21.861623 0.000000 -10.199547 99.760690 -0.049144 6.201110 0.000935 
446 27.325497 0.000000 -5.013659 99.836261 -0.148695 5.458047 0.000291 
447 21.861623 0.000000 0.172230 99.888555 -0.443447 3.808973 0.000757 
448 13.665811 0.000000 -2.420714 99.309622 0.036656 4.431134 0.011796 
449 13.665811 0.000000 -5.013659 99.507324 -0.273608 5.391608 0.006915 
450 16.397749 0.000000 -2.420714 99.595570 -0.267119 4.376646 0.006150 
451 13.665811 0.000000 0.172230 99.032646 -0.622161 3.079314 0.018267 
452 9.567906 0.000000 -1.124242 97.199477 -0.537371 6.391035 0.051113 
453 9.567906 0.000000 -2.420714 98.590192 -0.177497 5.185164 0.025306 
454 10.933874 0.000000 -1.124242 97.197105 -0.458651 4.756501 0.052989 
455 9.567906 0.000000 0.172230 96.958801 -1.195521 26.010915 -0.007901 
456 7.518953 0.000000 -0.476006 98.090990 -0.879873 22.648866 -0.013559 
457 7.518953 0.000000 -1.124242 98.745909 -0.683457 10.914113 0.012966 
458 8.201937 0.000000 -0.476006 93.340448 -0.997354 30.999506 0.032560 
459 7.518953 0.000000 0.172230 5.109649 -0.190097 1.696772 0.997098 
460 6.494476 0.000000 -0.800124 96.473945 -0.804644 26.710971 -0.002135 
461 6.494476 0.000000 -1.124242 98.829205 -0.701822 13.464096 0.005101 
462 6.835969 0.000000 -0.800124 96.666893 -0.886307 16.719109 0.037520 
463 6.494476 0.000000 -0.476006 96.330072 -0.830944 23.891754 0.014901 
464 71.036492 0.000000 20.915785 99.799822 0.062639 6.391807 -0.000086 
465 92.891989 0.000000 20.915785 99.805534 0.069821 6.288050 -0.000069 
466 71.036492 0.000000 41.659340 99.770255 0.025879 6.849555 -0.000102 
467 38.253246 0.000000 10.544008 99.868545 0.123569 5.372202 -0.000260 
468 49.180995 0.000000 10.544008 99.884131 0.135710 5.183600 -0.000373 
469 38.253246 0.000000 20.915785 99.806422 0.050442 6.502979 -0.000361 
470 21.861623 0.000000 5.358119 99.885247 0.279148 4.209696 0.000514 
471 27.325497 0.000000 5.358119 99.935476 0.242948 4.080984 -0.000381 
472 21.861623 0.000000 10.544008 99.840482 0.134828 5.608176 0.000041 
473 13.665811 0.000000 2.765175 99.459437 0.703740 3.085976 0.009780 
474 16.397749 0.000000 2.765175 99.764273 0.448586 3.323178 0.003585 
475 13.665811 0.000000 5.358119 99.924166 0.307110 3.919348 -0.000029 
476 9.567906 0.000000 1.468702 105.475023 1.342440 -1.196007 -0.112821 
477 10.933874 0.000000 1.468702 100.636530 0.924468 -1.666308 -0.013134 
478 9.567906 0.000000 2.765175 99.627982 -0.041281 1.466955 0.007211 
479 7.518953 0.000000 0.820466 98.996065 4.268080 -2.162037 0.017689 
480 8.201937 0.000000 0.820466 88.049813 0.160474 -2.883217 0.223889 
481 7.518953 0.000000 1.468702 98.527864 0.722125 -1.454498 0.028962 
482 6.494476 0.000000 1.144584 92.569522 -3.247115 -0.669017 0.141989 
483 6.494476 0.000000 0.820466 92.573064 -3.371906 -0.769850 0.141827 
484 6.835969 0.000000 1.144584 95.682391 6.572128 -0.287848 0.080160 
485 6.494476 0.000000 1.468702 96.661599 0.921583 -2.771469 0.064800 
486 7.518953 0.000000 2.116938 99.323075 0.096044 -0.745162 0.013436 
487 8.201937 0.000000 2.116938 99.435578 0.599658 0.143266 0.011219 
488 7.518953 0.000000 2.765175 100.157234 0.009930 0.469757 -0.003169 
489 7.177461 0.000000 1.144584 98.066462 5.639352 -1.073604 0.035001 
490 7.177461 0.000000 0.820466 97.728188 5.402741 -0.949957 0.041911 
491 7.518953 0.000000 1.144584 98.891447 3.996019 -2.309508 0.019918 
492 7.177461 0.000000 1.468702 98.725620 0.568280 -1.738650 0.024991 
493 8.884921 0.000000 -0.476006 94.094680 -0.553976 10.330094 0.103917 
494 8.884921 0.000000 -1.124242 96.863112 -0.373156 7.544468 0.056048 
495 9.567906 0.000000 -0.476006 96.961409 -0.617382 9.927635 0.049955 
496 8.884921 0.000000 0.172230 98.107002 -1.029171 12.651238 0.021390 
497 8.884921 0.000000 0.820466 99.515466 1.212821 -2.399201 0.008944 
498 9.567906 0.000000 0.820466 102.305658 0.853510 -3.073597 -0.047662 
499 8.884921 0.000000 1.468702 99.215827 0.603804 -0.734246 0.015532 
500 8.543429 0.000000 -0.151888 93.245856 -1.107126 25.687673 0.064413 
501 8.201937 0.000000 -0.151888 93.573969 -1.017384 28.048478 0.045616 
502 8.543429 0.000000 -0.476006 93.173471 -1.158509 26.631984 0.060810 
503 8.884921 0.000000 -0.151888 95.477345 -1.108365 18.431718 0.054312 
504 8.543429 0.000000 0.172230 93.145919 -1.158083 26.643642 0.061261 
505 8.543429 0.000000 0.496348 11.681089 -0.070859 0.615911 0.986317 
506 8.201937 0.000000 0.496348 96.658508 0.762560 -3.967939 0.064081 
507 8.884921 0.000000 0.496348 16.762440 -0.118264 -0.830640 0.971832 
508 8.543429 0.000000 0.820466 81.878856 -1.850320 -6.024070 0.325614 
509 7.860445 0.000000 0.496348 96.824824 2.401433 -2.424332 0.061331 
510 7.518953 0.000000 0.496348 98.891447 3.996019 -2.309508 0.019918 
511 7.860445 0.000000 0.172230 8.024314 -0.247785 2.893889 0.992717 
512 7.860445 0.000000 0.820466 97.735861 2.193935 -3.032076 0.043369 
513 9.567906 0.000000 4.061647 100.291012 0.317595 2.317852 -0.006376 
514 10.933874 0.000000 4.061647 100.124799 0.570418 2.567948 -0.003190 
515 9.567906 0.000000 5.358119 100.702417 0.343916 3.204319 -0.015136 
516 8.884921 0.000000 2.116938 99.262625 0.478274 0.493146 0.014646 
517 9.567906 0.000000 2.116938 99.376451 0.233321 1.244250 0.012272 
518 8.884921 0.000000 2.765175 99.804110 0.132651 1.039429 0.003804 
519 8.543429 0.000000 1.144584 98.732461 1.821921 0.000000 0.024858 
520 8.201937 0.000000 1.144584 96.659250 0.762602 -3.968438 0.064066 
521 8.884921 0.000000 1.144584 100.277248 1.462189 -1.157976 -0.005901 
522 8.543429 0.000000 1.468702 99.814185 0.833770 1.198497 0.003500 
523 8.372683 0.000000 0.658407 84.365256 -0.108096 -2.833821 0.287446 
524 8.201937 0.000000 0.658407 96.395890 0.747949 -3.791543 0.069290 
525 8.372683 0.000000 0.496348 94.548673 0.645179 -2.550797 0.105363 
526 8.543429 0.000000 0.658407 63.413639 -5.751270 -12.136790 0.579833 
527 8.372683 0.000000 0.820466 62.834530 -1.655355 -1.700868 0.604619 
528 12.299843 0.000000 -1.124242 98.469783 -0.382066 3.892492 0.028840 
529 12.299843 0.000000 -2.420714 99.028316 -0.123925 4.437791 0.017368 
530 13.665811 0.000000 -1.124242 99.187360 -0.164513 3.989946 0.014592 
531 12.299843 0.000000 0.172230 97.798951 -0.724039 3.048565 0.042555 
532 10.250890 0.000000 -0.476006 95.815195 -0.712736 8.043830 0.075424 
533 10.250890 0.000000 -1.124242 97.049233 -0.655719 5.526384 0.055048 
534 10.933874 0.000000 -0.476006 96.253524 -0.702973 5.240669 0.070730 
535 10.250890 0.000000 0.172230 81.550451 -1.347041 40.846377 0.167928 
536 9.226414 0.000000 -0.151888 99.446112 -1.107812 13.942787 -0.008516 
537 9.226414 0.000000 -0.476006 96.557095 -0.582255 9.418310 0.058768 
538 9.567906 0.000000 -0.151888 95.666029 -1.247870 29.496733 -0.002360 
539 9.226414 0.000000 0.172230 101.037631 -1.048152 12.402865 -0.036353 
540 12.299843 0.000000 1.468702 98.633701 1.025325 1.756368 0.026726 
541 13.665811 0.000000 1.468702 99.389976 1.178217 2.037208 0.011609 
542 12.299843 0.000000 2.765175 99.618264 0.510566 2.207304 0.007107 
543 10.250890 0.000000 0.820466 98.095669 0.001419 5.225770 0.034993 
544 10.933874 0.000000 0.820466 12.702278 -3.880376 -22.003796 0.933943 
545 10.250890 0.000000 1.468702 106.997765 1.196854 0.046723 -0.144996 
546 9.909398 0.000000 0.496348 94.854760 -0.595070 14.209865 0.080030 
547 9.567906 0.000000 0.496348 101.862921 0.261531 -0.784039 -0.037674 
548 9.909398 0.000000 0.172230 89.878785 -1.298904 36.892120 0.055909 
549 10.250890 0.000000 0.496348 85.112652 -1.007434 26.004305 0.207860 
550 9.909398 0.000000 0.820466 104.320151 0.386331 -5.210807 -0.091000 
551 11.616859 0.000000 0.820466 95.808113 -5.471907 1.603599 0.078829 
552 11.616859 0.000000 0.172230 96.110386 -0.788341 3.983837 0.074630 
553 12.299843 0.000000 0.820466 99.248931 -5.940943 -7.325730 0.006069 
554 11.616859 0.000000 1.468702 97.987794 0.959506 0.595020 0.039712 
555 10.592382 0.000000 0.496348 79.197604 -1.221754 20.427538 0.330896 
556 10.592382 0.000000 0.172230 89.272497 -1.179689 10.052157 0.192798 
557 10.933874 0.000000 0.496348 94.064383 -0.834316 13.803111 0.096067 
558 10.592382 0.000000 0.820466 100.448055 0.230341 -3.536622 -0.010237 
559 10.250890 0.000000 2.116938 99.431283 0.309982 1.442051 0.011124 
560 10.933874 0.000000 2.116938 99.340800 0.372900 1.150533 0.012994 
561 10.250890 0.000000 2.765175 99.921581 0.245616 1.708782 0.001270 
562 10.592382 0.000000 1.144584 107.641753 1.523767 -0.538745 -0.158936 
563 10.250890 0.000000 1.144584 107.071573 0.854828 -3.814669 -0.147960 
564 10.933874 0.000000 1.144584 104.406980 0.815559 -14.744179 -0.111887 
565 10.592382 0.000000 1.468702 101.273873 0.528384 1.526399 -0.025901 
566 10.421636 0.000000 0.658407 90.934656 -0.498803 14.576522 0.151816 
567 10.250890 0.000000 0.658407 92.589884 -0.445887 12.054329 0.128161 
568 10.421636 0.000000 0.496348 79.009390 -1.170926 31.713289 0.275041 
569 10.592382 0.000000 0.658407 77.602708 -0.863472 15.667888 0.373159 
570 10.421636 0.000000 0.820466 96.487464 -0.200808 7.125569 0.063936 
571 11.616859 0.000000 -0.476006 97.386290 -0.421525 4.361018 0.049671 
572 11.616859 0.000000 -1.124242 97.888644 -0.185283 4.388022 0.039852 
573 12.299843 0.000000 -0.476006 97.981580 -0.453529 3.414651 0.038774 
574 10.592382 0.000000 -0.151888 93.967400 -0.792130 7.970711 0.110597 
575 10.250890 0.000000 -0.151888 93.188810 -0.950175 11.553499 0.118146 
576 10.592382 0.000000 -0.476006 95.899886 -0.627201 6.464880 0.076102 
577 10.933874 0.000000 -0.151888 95.131999 -0.608667 5.648401 0.091763 
578 10.421636 0.000000 0.334289 77.648695 -1.296659 35.446219 0.271256 
579 10.250890 0.000000 0.334289 82.610332 -1.260706 34.691731 0.197043 
580 10.421636 0.000000 0.172230 74.456437 -1.445992 46.352022 0.230564 
581 10.592382 0.000000 0.334289 73.227700 -1.092958 40.764342 0.297478 
582 11.275366 0.000000 0.496348 91.350674 -0.538642 5.144263 0.162830 
583 11.275366 0.000000 0.172230 94.755679 -0.844227 4.918986 0.099645 
584 11.616859 0.000000 0.496348 95.133522 -0.444953 2.814440 0.094149 
585 11.275366 0.000000 0.820466 88.272506 -3.223761 -0.285476 0.219749 
586 10.763128 0.000000 0.658407 87.458472 -0.268684 10.849442 0.223323 
587 10.763128 0.000000 0.496348 83.316223 -0.601236 2.318032 0.305267 
588 10.933874 0.000000 0.658407 66.051661 -1.598839 53.692654 0.275172 
589 10.763128 0.000000 0.820466 91.788022 0.684289 0.000000 0.157449 
590 10.507009 0.000000 0.577378 72.715603 -1.306022 32.127234 0.367858 
591 10.421636 0.000000 0.577378 85.697066 -0.766726 21.827079 0.217900 
592 10.507009 0.000000 0.496348 79.643598 -1.052116 26.550252 0.295087 
593 10.592382 0.000000 0.577378 81.566100 -1.084045 15.044556 0.311946 
594 10.507009 0.000000 0.658407 75.471733 -1.189538 27.714935 0.353448 
595 10.763128 0.000000 0.334289 90.643229 -1.329670 6.983801 0.173326 
596 10.763128 0.000000 0.172230 91.918528 -1.197489 7.459095 0.149391 
597 10.933874 0.000000 0.334289 93.062830 -1.127275 7.744302 0.127806 
598 10.677755 0.000000 0.577378 79.747945 -0.708738 12.136126 0.349248 
599 10.677755 0.000000 0.496348 77.460892 -1.091078 19.656365 0.361225 
600 10.763128 0.000000 0.577378 85.951232 -0.460713 10.948286 0.249231 
601 10.677755 0.000000 0.658407 79.489037 -0.513318 5.241627 0.365375 
602 9.909398 0.000000 1.144584 104.866036 0.849120 -2.886634 -0.100594 
603 9.567906 0.000000 1.144584 102.701951 0.969741 -2.797801 -0.055646 
604 9.909398 0.000000 1.468702 103.416858 1.492252 0.019962 -0.069727 
605 10.421636 0.000000 0.982525 106.152977 0.658507 -3.805923 -0.128337 
606 10.250890 0.000000 0.982525 105.721250 0.684105 -2.726043 -0.118488 
607 10.592382 0.000000 0.982525 106.675993 1.291579 -1.848824 -0.138485 
608 10.421636 0.000000 1.144584 107.821853 0.709183 -4.970130 -0.165076 
609 10.507009 0.000000 0.739437 91.458759 -0.526720 7.935430 0.157205 
610 10.421636 0.000000 0.739437 94.064460 -0.344643 10.188236 0.104796 
611 10.592382 0.000000 0.739437 89.163095 -0.655163 7.555892 0.199242 
612 10.507009 0.000000 0.820466 96.925704 -0.076486 6.932848 0.055734 
613 10.549696 0.000000 0.617892 64.156123 -1.467019 36.405494 0.455648 
614 10.507009 0.000000 0.617892 72.119746 -1.324664 32.520488 0.373941 
615 10.549696 0.000000 0.577378 71.161060 -1.394192 32.309640 0.389025 
616 10.592382 0.000000 0.617892 72.734278 -1.105073 21.811453 0.423276 
617 10.549696 0.000000 0.658407 73.503773 -1.033210 21.980501 0.411299 
618 5.128508 0.000000 0.496348 8.171952 -0.512981 0.617278 0.993258 
619 4.787016 0.000000 0.496348 10.570984 -0.063168 1.469094 0.988609 
620 5.128508 0.000000 0.172230 4.054588 -0.239279 -0.358571 0.998337 
621 5.299254 0.000000 0.982525 55.254436 -5.978331 -32.179593 0.587568 
622 5.128508 0.000000 0.982525 108.725004 -3.264174 0.030688 -0.183178 
623 5.299254 0.000000 0.820466 12.972096 -1.850908 -0.615679 0.982792 
624 5.299254 0.000000 1.144584 89.974017 -5.551082 -20.178757 0.146668 
625 5.640746 0.000000 0.658407 63.529806 -5.423529 -0.339158 0.593443 
626 5.470000 0.000000 0.658407 58.825706 -5.291426 -0.271689 0.651146 
627 5.640746 0.000000 0.496348 4.434868 -1.056676 -0.784784 0.997860 
628 5.811492 0.000000 0.658407 71.537423 -5.648402 -0.454007 0.485029 
629 5.555373 0.000000 0.901496 28.925376 -5.187850 -17.066865 0.884513 
630 5.470000 0.000000 0.901496 14.863501 -5.076841 -21.758656 0.927986 
631 5.555373 0.000000 0.820466 32.494273 -5.100657 -10.865436 0.880005 
632 5.640746 0.000000 0.901496 44.963638 -5.289614 -9.385012 0.786221 
633 5.555373 0.000000 0.982525 30.001647 -5.494397 -29.267971 0.821310 
634 7.860445 0.000000 1.144584 96.880843 2.444657 -2.421219 0.060226 
635 7.860445 0.000000 1.468702 97.995883 0.870713 -0.535084 0.039576 
636 8.372683 0.000000 0.982525 84.639130 -0.088691 -2.858793 0.282804 
637 8.201937 0.000000 0.982525 96.398412 0.748090 -3.793237 0.069240 
638 8.543429 0.000000 0.982525 85.766677 0.974869 45.018213 0.061649 
639 8.372683 0.000000 1.144584 94.548673 0.645179 -2.550797 0.105363 
640 9.226414 0.000000 1.144584 101.477880 1.253779 -2.017163 -0.030340 
641 9.226414 0.000000 0.820466 100.357797 0.853101 -3.870725 -0.008740 
642 9.226414 0.000000 1.468702 100.097304 1.802071 -0.006899 -0.002272 
643 8.714175 0.000000 0.982525 99.788110 1.877280 3.066358 0.002941 
644 8.714175 0.000000 0.820466 93.063452 0.601456 -2.330086 0.133340 
645 8.884921 0.000000 0.982525 99.357796 1.591105 -0.991877 0.012451 
646 8.714175 0.000000 1.144584 100.028141 2.100938 -0.011434 -0.001004 
647 8.458056 0.000000 0.901496 45.065101 -0.592332 54.169060 0.503450 
648 8.372683 0.000000 0.901496 73.545483 -0.885109 -2.244376 0.458524 
649 8.458056 0.000000 0.820466 32.322272 -1.864097 27.444300 0.819861 
650 8.543429 0.000000 0.901496 67.896729 0.195061 52.653154 0.261764 
651 8.458056 0.000000 0.982525 73.022568 0.594266 57.605468 0.134896 
652 9.226414 0.000000 0.496348 89.781217 0.667419 -3.452503 0.192697 
653 8.714175 0.000000 0.658407 13.065341 0.576197 -3.670170 0.981549 
654 8.714175 0.000000 0.496348 13.146165 -0.197417 -0.653093 0.982671 
655 8.884921 0.000000 0.658407 97.693865 0.938785 -3.256340 0.044442 
656 8.628802 0.000000 0.901496 93.228679 0.880618 18.066400 0.098124 
657 8.628802 0.000000 0.820466 80.712648 -2.041953 -6.192242 0.344296 
658 8.714175 0.000000 0.901496 99.920177 2.085864 -0.010618 0.001161 
659 8.628802 0.000000 0.982525 98.253996 1.477391 22.970077 -0.018365 
660 8.543429 0.000000 1.792820 99.270492 0.702345 0.225236 0.014483 
661 8.201937 0.000000 1.792820 99.030750 0.774210 0.100741 0.019230 
662 8.884921 0.000000 1.792820 99.192344 0.542965 0.124944 0.016057 
663 8.543429 0.000000 2.116938 99.556579 0.575224 0.214565 0.008811 
664 8.372683 0.000000 1.306643 98.469535 0.991026 4.584400 0.028175 
665 8.201937 0.000000 1.306643 96.402828 0.937178 2.815624 0.069769 
666 8.543429 0.000000 1.306643 101.460450 0.940906 3.117478 -0.030483 
667 8.372683 0.000000 1.468702 98.855535 0.886147 1.696787 0.022392 
668 8.458056 0.000000 1.063555 87.147174 0.818289 46.600445 0.023310 
669 8.372683 0.000000 1.063555 96.672894 0.763361 -3.977602 0.063795 
670 8.543429 0.000000 1.063555 95.295888 1.464452 26.061068 0.023737 
671 8.458056 0.000000 1.144584 102.099066 1.089723 13.965250 -0.062044 
672 8.500743 0.000000 0.942011 65.729017 0.427921 63.096446 0.169835 
673 8.458056 0.000000 0.942011 60.733021 0.100672 57.874644 0.296202 
674 8.500743 0.000000 0.901496 53.174801 -0.262203 54.351194 0.421832 
675 8.543429 0.000000 0.942011 80.512940 0.874247 49.945534 0.102235 
676 8.500743 0.000000 0.982525 77.851017 0.722201 54.579429 0.095978 
677 13.665811 0.000000 7.951063 100.011985 0.166331 4.880326 -0.002624 
678 16.397749 0.000000 7.951063 99.937397 0.098738 4.913315 -0.001163 
679 13.665811 0.000000 10.544008 100.037437 0.024804 5.577832 -0.003860 
680 12.299843 0.000000 4.061647 99.755089 0.614825 3.073057 0.003910 
681 13.665811 0.000000 4.061647 99.745140 0.427185 3.414785 0.003906 
682 12.299843 0.000000 5.358119 99.971767 0.315242 3.773776 -0.000869 
683 11.616859 0.000000 2.116938 99.069188 0.642930 1.574375 0.018240 
684 12.299843 0.000000 2.116938 99.375790 0.707710 1.790136 0.012075 
685 11.616859 0.000000 2.765175 99.835833 0.505850 1.895988 0.002896 
686 11.275366 0.000000 1.144584 94.668546 0.844003 -3.870868 0.102217 
687 11.616859 0.000000 1.144584 96.774114 0.937241 -0.251287 0.063383 
688 11.275366 0.000000 1.468702 98.228618 0.797198 -0.792759 0.034987 
689 11.104620 0.000000 0.658407 79.717053 -0.155757 11.929737 0.350285 
690 11.104620 0.000000 0.496348 89.370675 -0.527606 9.307505 0.192597 
691 11.275366 0.000000 0.658407 88.287260 1.045507 6.078643 0.216732 
692 11.104620 0.000000 0.820466 74.039721 -2.798679 -2.654258 0.450324 
693 10.848501 0.000000 0.577378 82.932480 -0.783988 28.761466 0.229437 
694 10.848501 0.000000 0.496348 78.165880 -0.236181 0.000000 0.389004 
695 10.933874 0.000000 0.577378 92.711548 -0.356362 32.024553 0.037887 
696 10.848501 0.000000 0.658407 81.131387 -1.011611 42.084681 0.164555 
697 10.763128 0.000000 0.982525 102.054461 1.011780 -26.720186 -0.113011 
698 10.933874 0.000000 0.982525 69.312287 0.028326 -58.064430 0.182433 
699 10.763128 0.000000 1.144584 107.000858 1.515454 -7.686883 -0.151057 
700 10.848501 0.000000 0.739437 81.898998 -0.736654 34.979789 0.206843 
701 10.763128 0.000000 0.739437 86.114392 -0.492346 11.310913 0.245613 
702 10.933874 0.000000 0.739437 27.256244 -4.109474 25.527651 0.858855 
703 10.848501 0.000000 0.820466 18.415416 -2.443004 -39.328149 0.810820 
704 10.805815 0.000000 0.617892 86.138888 -0.410549 21.405011 0.212175 
705 10.763128 0.000000 0.617892 85.889710 -0.431058 10.897673 0.250401 
706 10.805815 0.000000 0.577378 86.730108 -0.436547 12.813050 0.231352 
707 10.848501 0.000000 0.617892 85.092383 -0.545847 26.188300 0.207316 
708 10.805815 0.000000 0.658407 86.666567 -0.354414 20.991178 0.204815 
709 11.104620 0.000000 0.982525 84.509062 0.177540 -13.002241 0.268913 
710 11.275366 0.000000 0.982525 90.886466 -0.136369 -4.276006 0.172135 
711 11.104620 0.000000 1.144584 95.133319 1.099156 -9.389289 0.086028 
712 10.848501 0.000000 0.901496 45.058820 -0.710265 -58.514131 0.454529 
713 10.763128 0.000000 0.901496 99.545089 1.107010 -24.258830 -0.049894 
714 10.933874 0.000000 0.901496 31.971808 -1.156976 -65.981125 0.462296 
715 10.848501 0.000000 0.982525 79.777754 0.307447 -53.645030 0.075763 
716 11.019247 0.000000 0.739437 59.882396 -3.439017 13.318486 0.622489 
717 11.019247 0.000000 0.658407 73.380335 -0.896279 21.642527 0.414612 
718 11.104620 0.000000 0.739437 74.995780 -3.166746 7.285353 0.431253 
719 11.019247 0.000000 0.820466 56.332053 -2.845953 -5.357654 0.678990 
720 10.891188 0.000000 0.698922 44.978268 -2.740122 60.074866 0.436046 
721 10.848501 0.000000 0.698922 69.462861 -1.445510 44.994547 0.314831 
722 10.891188 0.000000 0.658407 66.601650 -1.688193 59.730285 0.199366 
723 10.933874 0.000000 0.698922 38.262369 -3.413026 50.299580 0.599429 
724 10.891188 0.000000 0.739437 29.467692 -3.717319 25.546930 0.846519 
725 7.177461 0.000000 0.496348 98.066462 5.639352 -1.073604 0.035001 
726 6.835969 0.000000 0.496348 1.681130 0.104508 0.742789 0.999661 
727 7.177461 0.000000 0.172230 2.402807 -0.077277 0.998723 0.999322 
728 7.348207 0.000000 0.982525 98.818851 4.494551 -1.590161 0.021211 
729 7.177461 0.000000 0.982525 97.754213 5.322026 -0.956210 0.041488 
730 7.348207 0.000000 0.820466 98.343926 4.993776 -1.342208 0.030173 
731 7.518953 0.000000 0.982525 99.061394 4.210915 -2.213706 0.016421 
732 7.348207 0.000000 1.144584 98.066462 5.639352 -1.073604 0.035001 
733 8.031191 0.000000 0.982525 96.812898 1.698801 -3.129360 0.061458 
734 7.860445 0.000000 0.982525 97.851712 2.132032 -3.135273 0.041067 
735 8.031191 0.000000 0.820466 96.447394 1.542264 -3.022207 0.068639 
736 8.031191 0.000000 1.144584 96.660660 0.762680 -3.969384 0.064038 
737 7.689699 0.000000 0.982525 99.372704 3.771234 -2.565836 0.010426 
738 7.689699 0.000000 0.820466 98.749674 3.777372 -2.369195 0.022862 
739 7.689699 0.000000 1.144584 100.058991 3.046445 -3.187309 -0.003124 
740 8.031191 0.000000 0.658407 96.806234 1.684550 -3.138983 0.061586 
741 7.860445 0.000000 0.658407 97.841534 2.110056 -3.149448 0.041266 
742 8.031191 0.000000 0.496348 96.659930 0.762639 -3.968894 0.064052 
743 7.945818 0.000000 0.901496 97.510071 1.972911 -3.113312 0.047820 
744 7.860445 0.000000 0.901496 97.776992 2.177555 -3.064200 0.042553 
745 7.945818 0.000000 0.820466 97.444430 1.970065 -3.082705 0.049120 
746 8.031191 0.000000 0.901496 96.618805 1.619432 -3.068643 0.065277 
747 7.945818 0.000000 0.982525 97.639798 1.973064 -3.177493 0.045248 
748 7.689699 0.000000 0.658407 99.886368 3.186841 -3.057525 0.000321 
749 7.518953 0.000000 0.658407 99.087478 4.183736 -2.237094 0.015916 
750 7.689699 0.000000 0.496348 98.891447 3.996019 -2.309508 0.019918 
751 7.775072 0.000000 0.901496 98.116332 2.439422 -3.014817 0.035815 
752 7.689699 0.000000 0.901496 98.466281 3.337807 -2.489688 0.028705 
753 7.775072 0.000000 0.820466 98.142990 2.534152 -2.961195 0.035276 
754 7.775072 0.000000 0.982525 98.109086 2.571980 -2.770902 0.036031 
755 7.945818 0.000000 0.739437 97.509534 1.961914 -3.122810 0.047829 
756 7.860445 0.000000 0.739437 97.773748 2.161098 -3.076251 0.042616 
757 7.945818 0.000000 0.658407 97.634018 1.957300 -3.189140 0.045360 
758 8.031191 0.000000 0.739437 96.612061 1.609322 -3.074001 0.065407 
759 7.903132 0.000000 0.860981 97.596861 2.083886 -3.058784 0.046115 
760 7.860445 0.000000 0.860981 97.747469 2.191881 -3.039075 0.043139 
761 7.903132 0.000000 0.820466 97.582146 2.084378 -3.051314 0.046407 
762 7.945818 0.000000 0.860981 97.462238 1.972304 -3.089761 0.048768 
763 7.903132 0.000000 0.901496 97.636761 2.076387 -3.084251 0.045324 
764 10.080144 0.000000 0.982525 104.665062 0.576609 -3.932794 -0.097057 
765 9.909398 0.000000 0.982525 104.509995 0.788782 -3.391438 -0.093446 
766 10.080144 0.000000 0.820466 104.779356 0.326279 -5.522777 -0.100932 
767 10.080144 0.000000 1.144584 106.368962 0.753481 -5.187209 -0.134183 
768 6.494476 0.000000 0.496348 3.469729 1.179109 -0.707194 0.998607 
769 6.494476 0.000000 0.172230 0.853645 0.262860 -0.282462 0.999912 
770 6.665223 0.000000 0.658407 93.955719 1.125509 -0.499278 0.117081 
771 6.494476 0.000000 0.658407 91.205283 -5.328894 -0.715263 0.165269 
772 6.665223 0.000000 0.496348 2.190663 1.007003 1.422581 0.999216 
773 6.835969 0.000000 0.658407 94.303342 2.222052 -0.456712 0.110173 
774 6.665223 0.000000 0.820466 93.534095 -1.101066 -0.693479 0.124968 
775 7.177461 0.000000 -0.151888 100.103045 -0.935603 13.692862 -0.020899 
776 6.835969 0.000000 -0.151888 -0.274029 0.230178 0.999269 0.999887 
777 7.177461 0.000000 -0.476006 99.678734 -0.935029 12.614323 -0.009585 
778 7.518953 0.000000 -0.151888 97.163080 -0.856608 28.076113 -0.022967 
779 7.860445 0.000000 -0.151888 94.966897 -0.921338 29.615520 0.010336 
780 7.860445 0.000000 -0.476006 95.214805 -0.910607 29.411046 0.006830 
781 7.518953 0.000000 -1.772478 98.601901 -0.558482 7.610777 0.021943 
782 7.518953 0.000000 -2.420714 98.946599 -0.130410 6.228780 0.017076 
783 8.201937 0.000000 -1.772478 98.009254 -0.407207 6.881639 0.034666 
784 7.860445 0.000000 -0.800124 97.056479 -0.815095 15.063740 0.035246 
785 7.518953 0.000000 -0.800124 100.351703 -0.836265 15.050174 -0.029767 
786 7.860445 0.000000 -1.124242 97.849773 -0.653257 10.699559 0.031051 
787 8.201937 0.000000 -0.800124 95.477039 -0.623560 13.365810 0.070510 
788 8.031191 0.000000 -0.313947 93.958531 -0.946459 30.283471 0.025381 
789 7.860445 0.000000 -0.313947 95.044421 -0.913200 29.509716 0.009490 
790 8.031191 0.000000 -0.476006 94.229362 -0.938649 30.091464 0.021445 
791 8.201937 0.000000 -0.313947 92.824176 -1.027326 30.096646 0.047681 
792 8.031191 0.000000 -0.151888 94.626368 -0.918826 28.435031 0.023646 
793 9.567906 0.000000 -3.717186 99.006629 0.016175 5.305600 0.016954 
794 9.567906 0.000000 -5.013659 99.175695 0.175959 5.514606 0.013374 
795 10.933874 0.000000 -3.717186 99.087920 0.003422 5.118505 0.015538 
796 8.884921 0.000000 -1.772478 97.594468 -0.456634 6.076235 0.043819 
797 8.884921 0.000000 -2.420714 98.178871 -0.446154 5.409552 0.033145 
798 9.567906 0.000000 -1.772478 97.763334 -0.484926 5.471402 0.041216 
799 8.543429 0.000000 -0.800124 95.147437 -0.455656 10.666732 0.083298 
800 8.543429 0.000000 -1.124242 96.706009 -0.341417 8.566797 0.057444 
801 8.884921 0.000000 -0.800124 95.812338 -0.403818 8.687218 0.074437 
802 8.372683 0.000000 -0.313947 92.929704 -1.072159 28.920370 0.052653 
803 8.372683 0.000000 -0.476006 93.096085 -1.033878 30.024830 0.043056 
804 8.543429 0.000000 -0.313947 92.999520 -1.127508 27.423090 0.059779 
805 8.372683 0.000000 -0.151888 93.416817 -1.055277 27.255656 0.052931 
806 8.372683 0.000000 0.010171 93.693469 -1.052762 26.627589 0.051140 
807 8.201937 0.000000 0.010171 93.277592 -1.069865 29.038617 0.045490 
808 8.543429 0.000000 0.010171 94.209789 -1.086496 23.853228 0.055436 
809 8.372683 0.000000 0.172230 93.166056 -1.158394 26.635122 0.060931 
810 8.287310 0.000000 -0.232917 92.886183 -1.062519 29.165495 0.052040 
811 8.201937 0.000000 -0.232917 93.494811 -1.012091 28.388227 0.045180 
812 8.287310 0.000000 -0.313947 92.941273 -1.061133 29.211756 0.050747 
813 8.372683 0.000000 -0.232917 92.867392 -1.074355 28.852639 0.054202 
814 8.287310 0.000000 -0.151888 92.870673 -1.066225 29.066456 0.052904 
815 8.714175 0.000000 -0.313947 93.829209 -1.137414 23.775266 0.062952 
816 8.714175 0.000000 -0.476006 92.191150 -1.143333 27.047650 0.076791 
817 8.884921 0.000000 -0.313947 96.481140 -1.101420 16.007959 0.043392 
818 8.714175 0.000000 -0.151888 95.129369 -1.090734 19.938825 0.055166 
819 8.458056 0.000000 -0.232917 93.522281 -1.060873 26.861724 0.053091 
820 8.458056 0.000000 -0.313947 92.942511 -1.082015 28.661833 0.053902 
821 8.543429 0.000000 -0.232917 93.946650 -1.080483 24.802905 0.055768 
822 8.458056 0.000000 -0.151888 93.440675 -1.068374 26.788735 0.055006 
823 8.031191 0.000000 0.010171 93.361465 -0.997860 30.993953 0.032202 
824 7.860445 0.000000 0.010171 94.143048 -0.958106 30.295207 0.021837 
825 8.031191 0.000000 0.172230 92.576558 -0.978942 31.201328 0.045510 
826 8.287310 0.000000 -0.070858 92.911551 -1.070736 28.954940 0.052791 
827 8.201937 0.000000 -0.070858 92.959664 -1.061654 29.202124 0.050461 
828 8.372683 0.000000 -0.070858 93.536536 -1.055417 26.953861 0.052329 
829 8.287310 0.000000 0.010171 92.960921 -1.074460 28.864636 0.052395 
830 8.329997 0.000000 -0.192403 92.848925 -1.069927 28.965958 0.053891 
831 8.287310 0.000000 -0.192403 92.870100 -1.064175 29.119744 0.052605 
832 8.329997 0.000000 -0.232917 92.869194 -1.068588 29.004312 0.053292 
833 8.372683 0.000000 -0.192403 92.846979 -1.075800 28.811634 0.054817 
834 8.329997 0.000000 -0.151888 92.848714 -1.071661 28.920471 0.054157 
835 9.909398 0.000000 -0.151888 93.490350 -1.308131 36.116285 -0.004654 
836 9.909398 0.000000 -0.476006 95.911611 -0.658158 9.612636 0.070813 
837 9.397160 0.000000 0.010171 98.695266 -1.146252 20.410917 -0.015867 
838 9.226414 0.000000 0.010171 99.640280 -1.074941 13.383831 -0.010847 
839 9.397160 0.000000 -0.151888 100.688788 -1.120886 14.726076 -0.035635 
840 9.567906 0.000000 0.010171 97.153931 -1.191348 25.248680 -0.007780 
841 9.397160 0.000000 0.172230 98.540034 -1.150220 21.231750 -0.016225 
842 8.714175 0.000000 0.010171 95.231455 -1.088520 19.527783 0.054845 
843 8.884921 0.000000 0.010171 96.407642 -1.070908 16.085523 0.044568 
844 8.714175 0.000000 0.172230 95.522154 -1.122696 19.490005 0.049440 
845 9.055668 0.000000 0.010171 98.760638 -1.065964 12.981195 0.007669 
846 9.055668 0.000000 -0.151888 97.939456 -1.091026 13.378408 0.022769 
847 9.055668 0.000000 0.172230 99.048021 -1.103325 13.685200 0.000099 
848 8.799548 0.000000 -0.070858 95.114426 -1.110436 19.252124 0.058137 
849 8.714175 0.000000 -0.070858 95.105380 -1.091094 19.811814 0.056127 
850 8.799548 0.000000 -0.151888 95.103902 -1.113158 19.486824 0.057427 
851 8.884921 0.000000 -0.070858 96.321670 -1.073164 16.327512 0.045440 
852 8.799548 0.000000 0.010171 95.973636 -1.079071 17.495871 0.048179 
853 -60.096492 0.000000 -62.058434 99.750205 -0.001647 6.976332 0.000123 
854 -81.951989 0.000000 -62.058434 99.752721 -0.001095 6.976948 0.000072 
855 -60.096492 0.000000 -82.801989 99.751306 -0.001814 6.975216 0.000102 
856 71.036492 0.000000 -62.058434 99.752577 -0.012486 6.939318 0.000127 
857 71.036492 0.000000 -82.801989 99.752568 -0.008874 6.955086 0.000105 
858 92.891989 0.000000 -62.058434 99.754952 -0.013050 6.940282 0.000078 
859 -60.096492 0.000000 62.402895 99.763345 0.002149 6.976502 -0.000140 
860 -81.951989 0.000000 62.402895 99.760490 0.001499 6.977061 -0.000083 
861 -60.096492 0.000000 83.146450 99.762201 0.002254 6.975196 -0.000115 
862 -27.313246 0.000000 -30.943102 99.730352 -0.002748 6.977078 0.000518 
863 -38.240995 0.000000 -30.943102 99.740715 -0.001843 6.980278 0.000307 
864 -27.313246 0.000000 -41.314880 99.735463 -0.003158 6.972948 0.000422 
865 71.036492 0.000000 62.402895 99.765392 0.015459 6.923741 -0.000107 
866 92.891989 0.000000 62.402895 99.763304 0.016789 6.920716 -0.000061 
867 71.036492 0.000000 83.146450 99.763059 0.010685 6.948241 -0.000095 
868 38.253246 0.000000 -30.943102 99.741824 -0.024009 6.838901 0.000480 
869 38.253246 0.000000 -41.314880 99.741873 -0.017043 6.896680 0.000399 
870 49.180995 0.000000 -30.943102 99.750576 -0.025472 6.842117 0.000301 
871 -27.313246 0.000000 31.287562 99.785278 0.003854 6.979662 -0.000582 
872 -38.240995 0.000000 31.287562 99.773194 0.002749 6.981859 -0.000344 
873 -27.313246 0.000000 41.659340 99.780468 0.004085 6.973938 -0.000478 
874 -10.921623 0.000000 -15.385436 99.640744 -0.038044 6.953852 0.002336 
875 -16.385497 0.000000 -15.385436 99.700646 -0.001416 6.959847 0.001134 
876 -10.921623 0.000000 -20.571325 99.693760 -0.002815 6.933616 0.001308 
877 38.253246 0.000000 31.287562 99.790378 0.029999 6.770475 -0.000396 
878 49.180995 0.000000 31.287562 99.782584 0.033104 6.759736 -0.000226 
879 38.253246 0.000000 41.659340 99.782117 0.020661 6.865456 -0.000361 
880 21.861623 0.000000 -15.385436 99.759283 -0.059182 6.571356 0.000490 
881 21.861623 0.000000 -20.571325 99.751115 -0.043231 6.729474 0.000443 
882 27.325497 0.000000 -15.385436 99.765210 -0.059041 6.566756 0.000378 
883 -10.921623 0.000000 15.729896 99.855449 -0.013859 6.970851 -0.001970 
884 -16.385497 0.000000 15.729896 99.804807 -0.000706 6.984961 -0.000979 
885 -10.921623 0.000000 20.915785 99.832298 0.000267 6.954946 -0.001486 
886 21.861623 0.000000 15.729896 99.807157 0.049509 6.294369 -0.000109 
887 27.325497 0.000000 15.729896 99.807062 0.056660 6.257333 -0.000061 
888 21.861623 0.000000 20.915785 99.799015 0.034521 6.586122 -0.000322 
889 13.665811 0.000000 -7.606603 99.512319 -0.098313 5.903664 0.006244 
890 13.665811 0.000000 -10.199547 99.574023 -0.092388 6.230034 0.004619 
891 16.397749 0.000000 -7.606603 99.610345 -0.098396 5.853827 0.004350 
892 -2.725811 0.000000 7.951063 100.305523 0.174414 7.276124 -0.011417 
893 -5.457749 0.000000 7.951063 99.976209 0.142633 7.187627 -0.004692 
894 -2.725811 0.000000 10.544008 100.156864 0.182463 7.017679 -0.008068 
895 -1.359843 0.000000 4.061647 100.498644 0.188992 8.732001 -0.017626 
896 -2.725811 0.000000 4.061647 99.982156 0.067066 8.125435 -0.006246 
897 -1.359843 0.000000 5.358119 100.545982 0.053476 7.960500 -0.017287 
898 0.689110 0.000000 2.116938 100.319071 0.130301 12.392454 -0.021751 
899 0.006126 0.000000 2.116938 99.377111 0.046359 11.222573 -0.000176 
900 0.689110 0.000000 2.765175 101.314794 -0.321295 10.538441 -0.037585 
901 1.030602 0.000000 -0.151888 8.735888 -0.117385 1.376829 0.992177 
902 1.372094 0.000000 -0.151888 8.441047 0.206783 1.382105 0.992680 
903 -0.676859 0.000000 2.116938 99.003350 -0.060042 10.165899 0.009499 
904 -1.359843 0.000000 2.116938 99.242094 -0.177194 9.600741 0.005880 
905 -0.676859 0.000000 2.765175 100.016103 -0.342198 9.612291 -0.009573 
906 0.518364 0.000000 -0.313947 -0.405597 0.029405 2.262679 0.999471 
907 0.689110 0.000000 -0.313947 3.277011 0.062027 2.480163 0.998311 
908 0.518364 0.000000 -0.151888 -0.322019 0.037986 1.256456 0.999832 
909 0.518364 0.000000 0.010171 -1.295099 0.045808 -0.401322 0.999816 
910 0.689110 0.000000 0.010171 3.528374 0.086077 -0.627518 0.998715 
911 -0.335366 0.000000 0.496348 91.705741 0.008253 14.037060 0.139302 
912 -0.676859 0.000000 0.496348 93.920997 0.095422 11.233567 0.105264 
913 -0.335366 0.000000 0.820466 94.801761 0.088568 13.207004 0.083819 
914 0.176872 0.000000 0.334289 86.562232 0.231524 31.260030 0.152974 
915 0.006126 0.000000 0.334289 85.637359 0.218134 23.105360 0.213234 
916 0.176872 0.000000 0.496348 91.719390 0.237833 23.557135 0.103256 
917 3.421047 0.000000 -1.772478 99.013032 -0.156324 3.058150 0.018704 
918 3.421047 0.000000 -2.420714 99.015201 -0.035583 3.964263 0.018027 
919 1.713586 0.000000 -0.800124 101.347732 -0.115706 -11.055734 -0.039361 
920 1.713586 0.000000 -1.124242 101.871092 -0.106936 -10.541610 -0.048886 
921 1.713586 0.000000 -0.476006 101.290885 -0.122964 -11.815010 -0.039945 
922 2.396571 0.000000 -0.151888 2.657458 0.480349 -0.855003 0.999198 
923 2.055079 0.000000 -0.151888 4.418718 0.029018 -0.031758 0.998047 
924 2.738063 0.000000 -0.151888 2.968991 0.524189 -1.510357 0.998863 
925 1.713586 0.000000 -0.151888 6.444082 -0.002088 0.580826 0.995814 
926 1.713586 0.000000 0.172230 97.199163 -0.494797 34.733386 -0.065433 
927 1.713586 0.000000 0.496348 99.002428 -0.506843 32.008267 -0.082627 
928 1.713586 0.000000 0.820466 99.184372 -0.510486 31.631029 -0.083832 
929 1.713586 0.000000 1.144584 99.687232 -0.590323 28.361287 -0.074226 
930 1.372094 0.000000 1.144584 98.410854 -0.108547 20.838309 -0.011894 
931 1.713586 0.000000 1.468702 101.364174 -0.144828 18.970271 -0.063459 
932 3.079555 0.000000 -0.151888 4.918803 0.433942 -1.666258 0.997284 
933 3.079555 0.000000 -0.476006 101.083114 -0.237419 0.000000 -0.021785 
934 3.421047 0.000000 -0.151888 7.469804 -0.029306 -1.640896 0.994151 
935 2.823436 0.000000 0.739437 43.273257 -4.663499 12.621337 0.794638 
936 2.823436 0.000000 0.658407 71.309798 -3.363275 7.276156 0.485066 
937 2.908809 0.000000 0.739437 70.838300 -3.411150 7.161335 0.491901 
938 5.128508 0.000000 -0.151888 1.966885 -0.158893 -1.402396 0.999414 
939 4.787016 0.000000 -0.151888 5.193484 -0.028965 -0.895716 0.997222 
940 5.470000 0.000000 -0.151888 -0.556491 -0.023354 -1.722988 0.999672 
941 6.494476 0.000000 -0.151888 -0.612052 0.029102 -0.274963 0.999955 
942 6.152984 0.000000 -0.151888 -1.075858 0.050276 -1.173570 0.999746 
943 5.811492 0.000000 -0.151888 -1.402214 0.021912 -1.462327 0.999589 
944 12.299843 0.000000 -3.717186 99.184607 0.039284 4.849515 0.013889 
945 12.299843 0.000000 -5.013659 99.423530 -0.031401 5.387897 0.008593 
946 13.665811 0.000000 -3.717186 99.438998 -0.254015 5.044808 0.008637 
947 10.250890 0.000000 -1.772478 97.758263 -0.468797 4.779080 0.042026 
948 10.250890 0.000000 -2.420714 98.435952 -0.087582 4.982570 0.028553 
949 10.933874 0.000000 -1.772478 98.297509 -0.304906 4.891639 0.031358 
950 7.177461 0.000000 -0.800124 100.103045 -0.935603 13.692862 -0.020899 
951 7.177461 0.000000 -1.124242 98.793568 -0.671637 10.714643 0.012458 
952 7.860445 0.000000 1.792820 99.033053 0.667645 -0.371504 0.019187 
953 7.518953 0.000000 1.792820 99.030293 0.371315 -1.052797 0.019175 
954 7.860445 0.000000 2.116938 99.485534 0.413261 -0.092505 0.010245 
955 9.226414 0.000000 -0.800124 96.522531 -0.572347 7.730873 0.062331 
956 9.226414 0.000000 -1.124242 97.128843 -0.416539 6.754557 0.052019 
957 9.567906 0.000000 -0.800124 96.921051 -0.579667 7.487905 0.054991 
958 8.372683 0.000000 0.334289 11.634089 -0.238066 2.998050 0.985560 
959 8.201937 0.000000 0.334289 11.030202 -0.475821 3.099768 0.986850 
960 8.543429 0.000000 0.334289 13.245815 -0.139377 1.661226 0.982177 
961 8.714175 0.000000 0.334289 13.731647 -0.244943 0.993096 0.981040 
962 8.884921 0.000000 0.334289 96.363969 -1.063266 13.343408 0.053481 
963 8.031191 0.000000 0.334289 10.254299 -0.531872 2.520586 0.988821 
964 7.860445 0.000000 0.334289 8.516888 -0.449751 2.161936 0.992259 
965 9.226414 0.000000 1.792820 98.878883 0.310043 0.660813 0.022243 
966 9.567906 0.000000 1.792820 98.625444 0.267089 0.821051 0.027228 
967 9.226414 0.000000 2.116938 99.241650 0.386312 0.913886 0.015011 
968 8.714175 0.000000 1.306643 97.982391 1.381600 0.000000 0.039754 
969 8.884921 0.000000 1.306643 102.020921 1.644129 -0.928643 -0.041183 
970 8.714175 0.000000 1.468702 100.027770 0.662523 0.067220 -0.000600 
971 11.616859 0.000000 -1.772478 98.496632 -0.191480 4.501237 0.027812 
972 11.616859 0.000000 -2.420714 98.764358 -0.152674 4.616572 0.022427 
973 12.299843 0.000000 -1.772478 98.735016 -0.285189 4.152265 0.023407 
974 9.909398 0.000000 -0.800124 96.741463 -0.534407 7.197113 0.058901 
975 9.909398 0.000000 -1.124242 97.278135 -0.523257 6.081239 0.049971 
976 10.250890 0.000000 -0.800124 96.538621 -0.583378 6.597516 0.063643 
977 10.592382 0.000000 -0.800124 96.328990 -0.545376 5.563955 0.068947 
978 10.592382 0.000000 -1.124242 96.937135 -0.417466 4.987802 0.057814 
979 10.933874 0.000000 -0.800124 96.596734 -0.530590 5.010256 0.064369 
980 9.055668 0.000000 -0.313947 97.711361 -1.089577 12.855424 0.028604 
981 9.055668 0.000000 -0.476006 95.353915 -0.614403 9.470316 0.081757 
982 9.226414 0.000000 -0.313947 99.560101 -1.109569 15.432578 -0.015161 
983 9.397160 0.000000 -0.313947 99.560101 -1.109569 15.432578 -0.015161 
984 9.397160 0.000000 -0.476006 96.970669 -0.641877 9.419071 0.050756 
985 9.567906 0.000000 -0.313947 97.564810 -0.710659 12.497999 0.032440 
986 10.080144 0.000000 0.658407 95.989490 -0.281370 9.059146 0.070387 
987 9.909398 0.000000 0.658407 99.722223 -0.051414 2.480840 0.004932 
988 10.080144 0.000000 0.496348 89.564365 -0.868308 18.850798 0.162212 
989 9.909398 0.000000 1.792820 99.004163 0.273131 1.190813 0.019668 
990 10.250890 0.000000 1.792820 99.401398 0.268929 1.514811 0.011700 
991 9.909398 0.000000 2.116938 99.198747 0.184304 1.228685 0.015806 
992 10.592382 0.000000 1.792820 99.879813 0.420667 1.337870 0.002206 
993 10.933874 0.000000 1.792820 99.621787 0.521388 0.471030 0.007501 
994 10.592382 0.000000 2.116938 99.287953 0.065378 1.491816 0.013967 
995 11.275366 0.000000 -0.151888 96.089936 -0.572770 4.686601 0.074443 
996 11.275366 0.000000 -0.476006 96.832668 -0.432513 4.601047 0.060208 
997 11.616859 0.000000 -0.151888 96.927565 -0.530608 4.283126 0.058642 
998 11.104620 0.000000 0.334289 92.830589 -0.999003 6.864646 0.133436 
999 11.104620 0.000000 0.172230 94.129704 -0.961091 5.690330 0.110630 
1000 11.275366 0.000000 0.334289 93.526985 -0.903654 5.138441 0.122548 
1001 10.677755 0.000000 0.739437 89.375953 -0.235972 -0.026032 0.201188 
1002 10.677755 0.000000 0.820466 96.617905 0.528446 -0.003140 0.066470 
1003 5.299254 0.000000 0.658407 10.443073 -1.265850 -0.508848 0.988908 
1004 5.128508 0.000000 0.658407 11.228208 -0.714764 1.308473 0.987170 
1005 5.299254 0.000000 0.496348 7.019430 -0.873048 -0.475289 0.994974 
1006 8.031191 0.000000 1.306643 96.515533 1.027263 0.593762 0.068334 
1007 7.860445 0.000000 1.306643 97.256471 1.064122 -0.533420 0.053976 
1008 8.031191 0.000000 1.468702 97.786213 0.835545 0.269129 0.043709 
1009 7.689699 0.000000 1.306643 97.715695 1.036929 -1.258902 0.044898 
1010 7.518953 0.000000 1.306643 98.428267 1.005181 -1.647037 0.030815 
1011 7.689699 0.000000 1.468702 98.280678 0.857231 -1.069378 0.033903 
1012 8.628802 0.000000 1.063555 96.742990 1.573297 19.925566 0.024129 
1013 8.714175 0.000000 1.063555 100.266853 1.904806 4.377656 -0.007623 
1014 8.628802 0.000000 1.144584 99.805810 2.137592 -0.012216 0.003423 
1015 9.055668 0.000000 0.334289 96.363969 -1.063266 13.343408 0.053481 
1016 9.226414 0.000000 0.334289 99.560101 -1.109569 15.432578 -0.015161 
1017 9.055668 0.000000 0.496348 89.776924 0.667045 -3.454310 0.192773 
1018 9.397160 0.000000 0.334289 95.859196 -0.983067 23.503044 0.025765 
1019 9.567906 0.000000 0.334289 97.933254 -0.775355 15.962745 0.015367 
1020 9.397160 0.000000 0.496348 99.470288 0.561607 -2.238440 0.010034 
1021 9.055668 0.000000 0.658407 99.382554 1.035738 -3.093050 0.011247 
1022 9.226414 0.000000 0.658407 98.834919 0.803964 -3.658735 0.021763 
1023 9.055668 0.000000 0.820466 98.830403 1.025869 -3.699655 0.021781 
1024 11.275366 0.000000 1.792820 99.000819 0.603907 0.670789 0.019802 
1025 11.616859 0.000000 1.792820 98.603061 0.756021 1.261461 0.027527 
1026 11.275366 0.000000 2.116938 99.125959 0.480617 1.282856 0.017217 
1027 11.019247 0.000000 0.577378 85.062444 -0.422368 17.504320 0.245780 
1028 11.019247 0.000000 0.496348 90.225265 -0.795380 12.307633 0.170729 
1029 11.104620 0.000000 0.577378 85.406513 -0.022318 10.943611 0.258596 
1030 10.891188 0.000000 0.617892 81.758185 -0.793875 37.603320 0.190096 
1031 10.891188 0.000000 0.577378 82.358950 -0.719059 34.832095 0.200321 
1032 10.933874 0.000000 0.617892 81.867088 -0.846006 40.687102 0.164162 
1033 10.677755 0.000000 0.901496 106.739198 1.691580 0.032142 -0.139612 
1034 10.592382 0.000000 0.901496 106.620795 1.125942 -2.973121 -0.137810 
1035 10.677755 0.000000 0.982525 106.613888 1.575040 -3.547155 -0.138158 
1036 10.805815 0.000000 0.698922 84.621670 -0.574536 24.529247 0.223716 
1037 10.763128 0.000000 0.698922 86.032931 -0.456084 11.217974 0.247228 
1038 10.805815 0.000000 0.739437 86.712698 -0.468100 12.811414 0.231656 
1039 11.019247 0.000000 0.901496 65.343111 -1.150061 -19.905872 0.533271 
1040 11.104620 0.000000 0.901496 77.833911 -1.058208 -10.022842 0.384031 
1041 11.019247 0.000000 0.982525 80.518148 0.126069 -24.271257 0.292772 
1042 7.348207 0.000000 0.658407 98.851630 4.445844 -1.610651 0.020600 
1043 7.177461 0.000000 0.658407 97.777794 5.288512 -0.963182 0.041061 
1044 7.348207 0.000000 0.496348 98.066462 5.639352 -1.073604 0.035001 
1045 7.006715 0.000000 0.658407 96.726763 6.163513 -0.632059 0.060554 
1046 7.006715 0.000000 0.496348 1.965168 -0.373860 0.434679 0.999581 
1047 7.006715 0.000000 0.820466 96.311271 4.981670 -0.554515 0.069901 
1048 7.775072 0.000000 0.739437 98.091433 2.391138 -3.038363 0.036312 
1049 7.689699 0.000000 0.739437 98.422537 3.272480 -2.507382 0.029601 
1050 7.775072 0.000000 0.658407 98.082617 2.540198 -2.778160 0.036563 
1051 8.458056 0.000000 -0.070858 93.510078 -1.068412 26.596456 0.054735 
1052 8.543429 0.000000 -0.070858 93.349005 -1.103732 25.520993 0.063342 
1053 8.458056 0.000000 0.010171 94.165257 -1.069930 24.427785 0.053504 
1054 8.628802 0.000000 -0.070858 94.227725 -1.095444 22.237324 0.062544 
1055 8.628802 0.000000 -0.151888 94.183607 -1.096563 22.436346 0.062486 
1056 8.628802 0.000000 0.010171 94.497615 -1.087646 21.556432 0.060434 
1057 1.030602 0.000000 1.144584 97.480707 0.149583 18.886495 0.014079 
1058 0.689110 0.000000 1.144584 97.110716 0.149412 16.895526 0.028403 
1059 1.030602 0.000000 1.468702 99.148456 0.188333 16.468445 -0.010166 
1060 0.347618 0.000000 1.144584 96.835214 0.143329 15.297670 0.038890 
1061 0.006126 0.000000 1.144584 96.523465 0.183787 13.787868 0.049308 
1062 0.347618 0.000000 1.468702 98.020279 0.139661 13.765999 0.020250 
1063 -0.335366 0.000000 1.144584 96.520385 0.054881 12.328170 0.053183 
1064 -0.676859 0.000000 1.144584 96.785774 -0.014627 10.980682 0.051194 
1065 -0.335366 0.000000 1.468702 97.623276 -0.009308 11.631936 0.033439 
1066 3.079555 0.000000 -0.800124 101.638269 -0.235008 0.090704 -0.033040 
1067 3.079555 0.000000 -1.124242 101.474246 -0.226485 0.086602 -0.029708 
1068 3.421047 0.000000 -0.800124 101.565241 -0.290832 0.046254 -0.031558 
1069 7.177461 0.000000 1.792820 99.218397 0.376519 -1.446784 0.015347 
1070 6.835969 0.000000 1.792820 98.956339 0.293014 -1.551962 0.020515 
1071 7.177461 0.000000 2.116938 99.691965 0.136043 -0.937463 0.006061 
1072 7.006715 0.000000 0.982525 96.684491 6.180053 -0.618126 0.061353 
1073 6.835969 0.000000 0.982525 94.351065 2.372592 -0.450868 0.109204 
1074 7.006715 0.000000 1.144584 95.682391 6.572128 -0.287848 0.080160 
1075 7.348207 0.000000 1.306643 98.610158 0.875830 -1.654662 0.027253 
1076 7.177461 0.000000 1.306643 98.524825 0.736855 -1.808137 0.028905 
1077 7.348207 0.000000 1.468702 98.684929 0.510470 -1.655809 0.025828 
1078 7.006715 0.000000 1.306643 98.207919 0.856202 -1.391923 0.035253 
1079 6.835969 0.000000 1.306643 97.534011 0.873994 -1.376041 0.048446 
1080 7.006715 0.000000 1.468702 98.483493 0.628234 -1.588391 0.029808 
1081 7.689699 0.000000 0.334289 7.276308 -0.351858 1.576630 0.994445 
1082 7.518953 0.000000 0.334289 5.585429 -0.253737 0.987010 0.996776 
1083 7.689699 0.000000 0.172230 6.675939 -0.181481 2.236649 0.995040 
1084 10.080144 0.000000 0.334289 85.818757 -1.321629 34.919509 0.141402 
1085 9.909398 0.000000 0.334289 90.315624 -1.099849 31.104153 0.087441 
1086 10.080144 0.000000 0.172230 85.960091 -1.318900 39.329557 0.106231 
1087 11.275366 0.000000 -0.800124 96.956287 -0.408472 4.422569 0.057975 
1088 11.275366 0.000000 -1.124242 97.676955 -0.298393 4.714833 0.043689 
1089 11.616859 0.000000 -0.800124 97.434347 -0.371098 4.247739 0.048837 
1090 10.507009 0.000000 0.901496 106.175879 0.833337 -3.398647 -0.128556 
1091 10.421636 0.000000 0.901496 106.078671 0.572561 -4.278018 -0.127131 
1092 10.507009 0.000000 0.982525 106.548393 1.103020 -2.717210 -0.136116 
1093 9.055668 0.000000 0.982525 99.625326 1.263288 -1.877086 0.006968 
1094 9.226414 0.000000 0.982525 100.689240 1.045539 -3.721645 -0.015327 
1095 9.055668 0.000000 1.144584 100.047393 1.230884 -2.257760 -0.001609 
1096 9.055668 0.000000 1.306643 101.901988 1.647816 -0.881950 -0.038751 
1097 9.226414 0.000000 1.306643 102.346246 1.603219 -0.626402 -0.047772 
1098 9.055668 0.000000 1.468702 100.096599 1.801931 -0.006897 -0.002258 
1099 9.397160 0.000000 0.658407 100.741406 0.711861 -3.653114 -0.016268 
1100 9.567906 0.000000 0.658407 102.366546 0.578905 -3.796146 -0.049366 
1101 9.397160 0.000000 0.820466 101.395499 0.833286 -3.432684 -0.029352 
1102 7.348207 0.000000 0.334289 4.029966 -0.247222 0.737849 0.998315 
1103 7.177461 0.000000 0.334289 2.803474 -0.253189 0.456671 0.999187 
1104 7.348207 0.000000 0.172230 3.649386 -0.228037 1.299462 0.998494 
1105 7.689699 0.000000 0.010171 96.466790 -0.831636 28.148228 -0.009886 
1106 7.518953 0.000000 0.010171 96.466790 -0.831636 28.148228 -0.009886 
1107 7.689699 0.000000 -0.151888 96.266450 -0.878844 28.671546 -0.009006 
1108 8.628802 0.000000 -0.232917 94.225799 -1.087673 23.871165 0.055048 
1109 8.628802 0.000000 -0.313947 93.098091 -1.157344 26.663881 0.062044 
1110 8.714175 0.000000 -0.232917 95.050050 -1.128508 20.807062 0.053128 
1111 6.494476 0.000000 1.792820 98.678721 0.464863 -2.261670 0.025718 
1112 6.152984 0.000000 1.792820 98.769105 0.734610 -3.921048 0.022875 
1113 6.494476 0.000000 2.116938 99.942954 0.289511 -1.438705 0.000925 
1114 6.665223 0.000000 0.982525 93.899494 0.948154 -0.506163 0.118173 
1115 6.494476 0.000000 0.982525 91.258499 -5.247689 -0.713459 0.164384 
1116 6.665223 0.000000 1.144584 92.569522 -3.247115 -0.669017 0.141989 
1117 6.665223 0.000000 1.306643 96.483233 0.994530 -1.910004 0.068635 
1118 6.494476 0.000000 1.306643 95.315421 1.358421 -2.813562 0.090521 
1119 6.665223 0.000000 1.468702 97.372717 0.669106 -2.096132 0.051371 
1120 9.738652 0.000000 0.334289 94.283802 -0.944777 23.064178 0.057772 
1121 9.738652 0.000000 0.172230 92.938240 -1.216168 32.720128 0.029040 
1122 9.738652 0.000000 0.496348 98.156397 -0.088769 8.537219 0.029243 
1123 9.738652 0.000000 0.658407 102.328545 0.577754 -3.768509 -0.048567 
1124 9.738652 0.000000 0.820466 102.699995 0.697662 -3.539826 -0.056031 
1125 9.738652 0.000000 0.982525 102.621106 0.936992 -2.282743 -0.053718 
1126 9.567906 0.000000 0.982525 102.576424 0.955543 -2.723662 -0.053025 
1127 9.738652 0.000000 1.144584 103.220882 0.836358 -3.170517 -0.066530 
1128 9.397160 0.000000 0.982525 100.959929 1.026548 -2.199309 -0.019880 
1129 9.397160 0.000000 1.144584 102.352116 1.106860 -2.866008 -0.048539 
1130 9.397160 0.000000 1.306643 103.900853 1.288733 -2.304603 -0.080236 
1131 9.567906 0.000000 1.306643 104.372507 0.873865 -4.930723 -0.091870 
1132 9.397160 0.000000 1.468702 103.422232 1.492969 0.020012 -0.069839 
1133 7.006715 0.000000 0.334289 1.880799 0.000268 0.873397 0.999570 
1134 6.835969 0.000000 0.334289 1.469105 0.287880 0.765721 0.999717 
1135 7.006715 0.000000 0.172230 1.508991 0.106363 1.064667 0.999658 
1136 6.665223 0.000000 0.334289 1.481734 0.656357 0.630815 0.999698 
1137 6.494476 0.000000 0.334289 1.849341 0.511360 -0.214624 0.999627 
1138 6.665223 0.000000 0.172230 0.838145 0.375350 0.163455 0.999913 
1139 7.348207 0.000000 0.010171 3.106363 -0.144380 1.837349 0.998695 
1140 7.177461 0.000000 0.010171 1.824197 -0.015561 1.496842 0.999443 
1141 7.348207 0.000000 -0.151888 98.491411 -0.889524 20.099664 -0.010535 
1142 7.006715 0.000000 0.010171 0.895905 0.049534 1.185885 0.999779 
1143 6.835969 0.000000 0.010171 0.346636 0.275196 0.845671 0.999909 
1144 7.006715 0.000000 -0.151888 0.065023 0.057700 1.327791 0.999823 
1145 7.689699 0.000000 -0.313947 96.359146 -0.873209 27.333305 -0.003296 
1146 7.518953 0.000000 -0.313947 97.991198 -0.877289 23.189029 -0.014078 
1147 7.689699 0.000000 -0.476006 97.322975 -0.858386 25.953244 -0.014607 
1148 8.799548 0.000000 -0.232917 95.502724 -1.122078 19.475889 0.049866 
1149 8.799548 0.000000 -0.313947 94.028233 -1.132542 23.034701 0.062681 
1150 8.884921 0.000000 -0.232917 95.853849 -1.116375 18.385221 0.047278 
1151 9.738652 0.000000 0.010171 95.666938 -1.220234 30.615532 -0.009096 
1152 9.738652 0.000000 -0.151888 94.277536 -1.297091 34.504819 -0.008052 
1153 9.909398 0.000000 0.010171 89.596733 -1.346767 38.823720 0.046333 
1154 6.665223 0.000000 0.010171 0.125557 0.254366 0.114743 0.999991 
1155 6.494476 0.000000 0.010171 0.048489 0.144671 -0.269480 0.999990 
1156 6.665223 0.000000 -0.151888 -0.684534 0.056525 -0.005977 0.999953 
1 11 78 76 77 
2 78 10 24 76 
3 76 24 14 79 
4 77 76 79 6 
5 24 82 80 81 
6 82 23 40 80 
7 80 40 27 83 
8 81 80 83 14 
9 40 86 84 85 
10 86 39 56 84 
11 84 56 43 87 
12 85 84 87 27 
13 56 90 88 89 
14 89 88 91 43 
15 6 79 104 105 
16 79 14 36 104 
17 104 36 19 106 
18 105 104 106 20 
19 14 83 107 108 
20 83 27 52 107 
21 107 52 35 109 
22 108 107 109 36 
23 27 87 110 111 
24 87 43 68 110 
25 110 68 51 112 
26 111 110 112 52 
27 43 91 113 114 
28 114 113 115 68 
29 88 118 116 117 
30 117 116 119 91 
31 91 119 129 130 
32 130 129 131 113 
33 116 134 132 133 
34 133 132 135 119 
35 119 135 145 146 
36 146 145 147 129 
37 132 150 148 149 
38 150 125 141 148 
39 148 141 59 151 
40 149 148 151 135 
41 12 154 152 153 
42 154 7 155 152 
43 152 155 13 25 
44 153 152 25 10 
45 25 158 156 157 
46 158 13 159 156 
47 156 159 26 41 
48 157 156 41 23 
49 41 162 160 161 
50 162 26 163 160 
51 160 163 42 57 
52 161 160 57 39 
53 57 166 164 165 
54 166 42 167 164 
55 164 167 58 73 
56 165 164 73 55 
57 55 170 168 169 
58 170 73 171 168 
59 168 171 71 101 
60 169 168 101 72 
61 72 174 172 173 
62 174 101 175 172 
63 172 175 99 126 
64 173 172 126 100 
65 100 178 176 177 
66 178 126 179 176 
67 125 182 180 181 
68 182 142 183 180 
69 180 183 140 184 
70 181 180 184 141 
71 39 187 185 186 
72 187 57 165 185 
73 185 165 55 90 
74 186 185 90 56 
75 90 190 188 189 
76 190 55 169 188 
77 188 169 72 118 
78 189 188 118 88 
79 118 193 191 192 
80 193 72 173 191 
81 191 173 100 134 
82 192 191 134 116 
83 134 196 194 195 
84 196 100 177 194 
85 194 177 125 150 
86 195 194 150 132 
87 177 199 197 198 
88 199 176 200 197 
89 197 200 142 182 
90 198 197 182 125 
91 201 203 136 204 
92 202 201 204 137 
93 141 184 205 206 
94 184 140 207 205 
95 205 207 144 208 
96 206 205 208 59 
97 126 222 221 179 
98 222 99 223 221 
99 221 223 127 224 
100 179 221 224 124 
101 176 226 225 200 
102 226 179 227 225 
103 225 227 124 228 
104 200 225 228 142 
105 128 239 238 203 
106 239 103 240 238 
107 238 240 138 241 
108 203 238 241 136 
109 144 244 242 243 
110 244 128 245 242 
111 242 245 203 246 
112 243 242 246 201 
113 101 248 247 175 
114 248 71 249 247 
115 247 249 102 218 
116 175 247 218 99 
117 251 213 252 250 
118 250 252 216 253 
119 218 256 254 255 
120 256 102 257 254 
121 254 257 219 258 
122 255 254 258 217 
123 253 216 260 259 
124 259 260 232 261 
125 19 38 262 263 
126 38 21 264 262 
127 262 264 9 265 
128 263 262 265 22 
129 35 54 266 267 
130 54 37 268 266 
131 266 268 21 269 
132 267 266 269 38 
133 51 70 270 271 
134 70 53 272 270 
135 270 272 37 273 
136 271 270 273 54 
137 67 98 274 275 
138 98 69 276 274 
139 274 276 53 277 
140 275 274 277 70 
141 96 123 278 279 
142 123 95 280 278 
143 278 280 98 281 
144 279 278 281 67 
145 120 237 282 283 
146 237 122 284 282 
147 282 284 95 285 
148 283 282 285 123 
149 235 288 286 287 
150 286 289 122 290 
151 287 286 290 237 
152 220 293 291 292 
153 293 75 294 291 
154 292 291 288 235 
155 95 234 295 280 
156 234 97 296 295 
157 295 296 69 297 
158 280 295 297 98 
159 122 261 298 284 
160 261 232 299 298 
161 298 299 234 300 
162 284 298 300 95 
163 302 259 303 301 
164 301 303 261 304 
165 289 301 304 122 
166 288 307 305 306 
167 305 308 289 309 
168 306 305 309 286 
169 75 311 310 294 
170 311 253 312 310 
171 310 312 259 302 
172 291 315 313 314 
173 315 294 316 313 
174 314 313 307 288 
175 318 302 319 317 
176 317 319 301 320 
177 308 317 320 289 
178 307 323 321 322 
179 321 324 308 325 
180 322 321 325 305 
181 294 327 326 316 
182 327 310 328 326 
183 326 328 302 318 
184 313 331 329 330 
185 331 316 332 329 
186 329 332 236 323 
187 330 329 323 307 
188 236 334 333 324 
189 334 318 335 333 
190 333 335 317 336 
191 324 333 336 308 
192 323 339 337 338 
193 339 236 340 337 
194 337 340 324 341 
195 338 337 341 321 
196 213 347 346 252 
197 252 346 349 216 
198 73 351 350 171 
199 351 58 352 350 
200 350 352 74 214 
201 171 350 214 71 
202 214 355 353 354 
203 355 74 356 353 
204 353 356 215 347 
205 354 353 347 213 
206 347 366 364 365 
207 366 215 367 364 
208 364 367 348 368 
209 365 364 368 346 
210 216 349 373 260 
211 260 373 374 232 
212 21 46 375 264 
213 46 28 376 375 
214 375 376 30 377 
215 264 375 377 9 
216 37 62 378 268 
217 62 44 379 378 
218 378 379 46 380 
219 268 378 380 21 
220 53 94 381 272 
221 94 60 382 381 
222 381 382 62 383 
223 272 381 383 37 
224 69 231 384 276 
225 231 92 385 384 
226 384 385 94 386 
227 276 384 386 53 
228 97 359 387 296 
229 359 229 388 387 
230 387 388 231 389 
231 296 387 389 69 
232 233 372 390 391 
233 390 392 359 393 
234 391 390 393 97 
235 396 369 397 394 
236 394 397 372 398 
237 395 394 398 233 
238 232 374 399 299 
239 374 233 391 399 
240 399 391 97 400 
241 299 399 400 234 
242 373 403 401 402 
243 401 395 233 404 
244 402 401 404 374 
245 5 407 405 406 
246 407 363 408 405 
247 405 408 369 396 
248 411 396 412 409 
249 409 412 394 413 
250 410 409 413 395 
251 7 415 414 155 
252 415 16 416 414 
253 414 416 15 32 
254 155 414 32 13 
255 13 418 417 159 
256 418 32 419 417 
257 417 419 31 48 
258 159 417 48 26 
259 26 421 420 163 
260 421 48 422 420 
261 420 422 47 64 
262 163 420 64 42 
263 42 424 423 167 
264 424 64 425 423 
265 423 425 63 210 
266 167 423 210 58 
267 58 427 426 352 
268 427 210 428 426 
269 426 428 209 343 
270 352 426 343 74 
271 74 430 429 356 
272 430 343 431 429 
273 429 431 342 361 
274 356 429 361 215 
275 215 433 432 367 
276 433 361 434 432 
277 432 434 360 435 
278 367 432 435 348 
279 15 437 436 33 
280 437 17 438 436 
281 436 438 8 439 
282 33 436 439 18 
283 31 441 440 49 
284 441 33 442 440 
285 440 442 18 443 
286 49 440 443 34 
287 47 445 444 65 
288 445 49 446 444 
289 444 446 34 447 
290 65 444 447 50 
291 449 65 450 448 
292 448 450 50 451 
293 361 461 460 434 
294 461 342 462 460 
295 460 462 362 463 
296 434 460 463 360 
297 18 439 464 45 
298 439 8 465 464 
299 464 465 29 466 
300 45 464 466 28 
301 34 443 467 61 
302 443 18 468 467 
303 467 468 45 469 
304 61 467 469 44 
305 50 447 470 93 
306 447 34 471 470 
307 470 471 61 472 
308 93 470 472 60 
309 451 50 474 473 
310 473 474 93 475 
311 369 483 482 397 
312 397 482 485 372 
313 486 487 229 488 
314 392 486 488 359 
315 229 478 513 388 
316 478 230 514 513 
317 513 514 92 515 
318 388 513 515 231 
319 516 517 478 518 
320 487 516 518 229 
321 506 525 523 524 
322 525 505 526 523 
323 523 526 508 527 
324 524 523 527 480 
325 529 448 530 528 
326 528 530 451 531 
327 531 451 541 540 
328 540 541 473 542 
329 552 531 553 551 
330 551 553 540 554 
331 559 560 230 561 
332 517 559 561 478 
333 562 564 477 565 
334 563 562 565 545 
335 549 568 566 567 
336 567 566 570 543 
337 572 528 573 571 
338 571 573 531 552 
339 532 576 574 575 
340 576 534 577 574 
341 574 577 66 556 
342 575 574 556 535 
343 535 580 578 579 
344 580 556 581 578 
345 578 581 555 568 
346 579 578 568 549 
347 583 552 584 582 
348 582 584 551 585 
349 568 592 590 591 
350 592 555 593 590 
351 591 590 594 566 
352 556 596 595 581 
353 596 66 597 595 
354 595 597 557 587 
355 581 595 587 555 
356 555 599 598 593 
357 599 587 600 598 
358 598 600 586 601 
359 593 598 601 569 
360 602 563 545 604 
361 603 602 604 476 
362 543 570 605 606 
363 605 607 562 608 
364 606 605 608 563 
365 566 594 609 610 
366 594 569 611 609 
367 609 611 558 612 
368 610 609 612 570 
369 590 615 613 614 
370 615 593 616 613 
371 613 616 569 617 
372 614 613 617 594 
373 349 620 618 619 
374 620 5 406 618 
375 619 618 403 373 
376 403 623 621 622 
377 623 370 410 621 
378 621 410 395 624 
379 622 621 624 401 
380 406 627 625 626 
381 627 405 628 625 
382 625 628 396 411 
383 626 625 411 370 
384 370 631 629 630 
385 631 411 632 629 
386 629 632 409 633 
387 630 629 633 410 
388 480 527 636 637 
389 637 636 639 520 
390 644 497 645 643 
391 643 645 521 646 
392 527 649 647 648 
393 649 508 650 647 
394 648 647 651 636 
395 505 654 653 526 
396 654 507 655 653 
397 653 655 497 644 
398 526 653 644 508 
399 508 657 656 650 
400 657 644 658 656 
401 656 658 643 659 
402 650 656 659 638 
403 358 522 660 661 
404 522 499 662 660 
405 660 662 516 663 
406 661 660 663 487 
407 520 639 664 665 
408 639 519 666 664 
409 664 666 522 667 
410 665 664 667 358 
411 636 651 668 669 
412 651 638 670 668 
413 668 670 519 671 
414 669 668 671 639 
415 647 674 672 673 
416 674 650 675 672 
417 672 675 638 676 
418 673 672 676 651 
419 92 475 677 385 
420 475 93 678 677 
421 677 678 60 679 
422 385 677 679 94 
423 230 542 680 514 
424 542 473 681 680 
425 680 681 475 682 
426 514 680 682 92 
427 554 540 684 683 
428 683 684 542 685 
429 560 683 685 230 
430 585 551 687 686 
431 686 687 554 688 
432 564 686 688 477 
433 690 582 691 689 
434 689 691 585 692 
435 587 694 693 600 
436 694 557 695 693 
437 697 698 564 699 
438 607 697 699 562 
439 700 702 544 703 
440 701 700 703 589 
441 600 706 704 705 
442 706 693 707 704 
443 704 707 696 708 
444 705 704 708 586 
445 692 585 710 709 
446 709 710 686 711 
447 698 709 711 564 
448 589 703 712 713 
449 703 544 714 712 
450 712 714 698 715 
451 713 712 715 697 
452 588 717 716 702 
453 717 689 718 716 
454 716 718 692 719 
455 702 716 719 544 
456 696 722 720 721 
457 722 588 723 720 
458 720 723 702 724 
459 721 720 724 700 
460 490 730 728 729 
461 730 479 731 728 
462 728 731 491 732 
463 729 728 732 489 
464 735 480 637 733 
465 733 637 520 736 
466 734 733 736 634 
467 479 738 737 731 
468 737 734 634 739 
469 731 737 739 491 
470 509 742 740 741 
471 742 506 524 740 
472 740 524 480 735 
473 745 735 746 743 
474 743 746 733 747 
475 744 743 747 734 
476 510 750 748 749 
477 750 509 741 748 
478 749 748 738 479 
479 738 753 751 752 
480 753 512 744 751 
481 751 744 734 754 
482 752 751 754 737 
483 741 757 755 756 
484 757 740 758 755 
485 755 758 735 745 
486 756 755 745 512 
487 512 761 759 760 
488 761 745 762 759 
489 759 762 743 763 
490 760 759 763 744 
491 550 766 764 765 
492 766 543 606 764 
493 764 606 563 767 
494 765 764 767 602 
495 363 769 768 408 
496 408 768 483 369 
497 768 772 770 771 
498 772 726 773 770 
499 770 773 371 774 
500 771 770 774 483 
501 362 777 775 776 
502 777 456 778 775 
503 343 782 781 431 
504 782 209 783 781 
505 781 783 344 457 
506 431 781 457 342 
507 457 786 784 785 
508 786 344 787 784 
509 784 787 458 780 
510 785 784 780 456 
511 780 790 788 789 
512 790 458 791 788 
513 788 791 501 792 
514 789 788 792 779 
515 210 794 793 428 
516 794 63 795 793 
517 793 795 211 453 
518 428 793 453 209 
519 209 797 796 783 
520 797 453 798 796 
521 796 798 452 494 
522 783 796 494 344 
523 344 800 799 787 
524 800 494 801 799 
525 799 801 493 502 
526 787 799 502 458 
527 458 803 802 791 
528 803 502 804 802 
529 806 808 504 809 
530 807 806 809 212 
531 791 812 810 811 
532 812 802 813 810 
533 811 810 814 501 
534 502 816 815 804 
535 816 493 817 815 
536 802 820 819 813 
537 820 804 821 819 
538 819 821 500 822 
539 813 819 822 805 
540 779 792 823 824 
541 792 501 807 823 
542 823 807 212 825 
543 824 823 825 511 
544 501 814 826 827 
545 814 805 828 826 
546 826 828 806 829 
547 827 826 829 807 
548 810 832 830 831 
549 832 813 833 830 
550 830 833 805 834 
551 831 830 834 814 
552 495 836 835 538 
553 836 532 575 835 
554 835 575 535 548 
555 536 839 837 838 
556 839 538 840 837 
557 837 840 455 841 
558 838 837 841 539 
559 842 843 496 844 
560 808 842 844 504 
561 503 846 845 843 
562 846 536 838 845 
563 845 838 539 847 
564 843 845 847 496 
565 818 850 848 849 
566 850 503 851 848 
567 848 851 843 852 
568 849 848 852 842 
569 1 855 853 854 
570 855 12 153 853 
571 853 153 10 78 
572 854 853 78 11 
573 16 857 856 416 
574 857 2 858 856 
575 856 858 17 437 
576 416 856 437 15 
577 20 106 859 860 
578 106 19 263 859 
579 859 263 22 861 
580 860 859 861 4 
581 10 864 862 863 
582 864 25 157 862 
583 862 157 23 82 
584 863 862 82 24 
585 28 466 865 376 
586 466 29 866 865 
587 865 866 3 867 
588 376 865 867 30 
589 32 869 868 419 
590 869 15 870 868 
591 868 870 33 441 
592 419 868 441 31 
593 36 109 871 872 
594 109 35 267 871 
595 871 267 38 873 
596 872 871 873 19 
597 23 876 874 875 
598 876 41 161 874 
599 874 161 39 86 
600 875 874 86 40 
601 44 469 877 379 
602 469 45 878 877 
603 877 878 28 879 
604 379 877 879 46 
605 48 881 880 422 
606 881 31 882 880 
607 880 882 49 445 
608 422 880 445 47 
609 52 112 883 884 
610 112 51 271 883 
611 883 271 54 885 
612 884 883 885 35 
613 60 472 886 382 
614 472 61 887 886 
615 886 887 44 888 
616 382 886 888 62 
617 64 890 889 425 
618 890 47 891 889 
619 889 891 65 449 
620 425 889 449 63 
621 68 115 892 893 
622 115 67 275 892 
623 892 275 70 894 
624 893 892 894 51 
625 113 131 895 896 
626 131 96 279 895 
627 895 279 67 897 
628 896 895 897 115 
629 121 139 898 899 
630 139 120 283 898 
631 898 283 123 900 
632 899 898 900 96 
633 124 224 901 143 
634 224 127 902 901 
635 901 902 103 239 
636 143 901 239 128 
637 129 147 903 904 
638 147 121 899 903 
639 903 899 96 905 
640 904 903 905 131 
641 142 228 906 183 
642 228 124 907 906 
643 906 907 143 908 
644 183 906 908 140 
645 140 908 909 207 
646 908 143 910 909 
647 909 910 128 244 
648 207 909 244 144 
649 135 151 911 912 
650 151 59 202 911 
651 911 202 137 913 
652 912 911 913 145 
653 59 208 914 915 
654 208 144 243 914 
655 914 243 201 916 
656 915 914 916 202 
657 71 918 917 249 
658 918 214 354 917 
659 917 354 213 251 
660 249 917 251 102 
661 99 920 919 223 
662 920 218 255 919 
663 919 255 217 921 
664 223 919 921 127 
665 217 258 922 923 
666 258 219 924 922 
667 922 924 75 293 
668 923 922 293 220 
669 127 921 925 902 
670 921 217 923 925 
671 925 923 220 926 
672 902 925 926 103 
673 103 926 927 240 
674 926 220 292 927 
675 927 292 235 928 
676 240 927 928 138 
677 138 928 929 930 
678 928 235 287 929 
679 929 287 237 931 
680 930 929 931 120 
681 219 933 932 924 
682 933 250 934 932 
683 932 934 253 311 
684 924 932 311 75 
685 316 936 935 332 
686 936 326 937 935 
687 935 937 318 334 
688 332 935 334 236 
689 346 368 938 939 
690 368 348 940 938 
691 938 940 5 620 
692 939 938 620 349 
693 360 463 941 942 
694 463 362 776 941 
695 942 941 769 363 
696 348 435 943 940 
697 435 360 942 943 
698 943 942 363 407 
699 940 943 407 5 
700 63 945 944 795 
701 945 449 946 944 
702 944 946 448 529 
703 795 944 529 211 
704 453 948 947 798 
705 948 211 949 947 
706 947 949 454 533 
707 798 947 533 452 
708 342 951 950 462 
709 951 457 785 950 
710 950 785 456 777 
711 462 950 777 362 
712 481 635 952 953 
713 635 358 661 952 
714 952 661 487 954 
715 953 952 954 486 
716 494 956 955 801 
717 956 452 957 955 
718 955 957 495 537 
719 801 955 537 493 
720 212 809 958 959 
721 809 504 960 958 
722 958 960 505 525 
723 959 958 525 506 
724 504 844 961 960 
725 844 496 962 961 
726 961 962 507 654 
727 960 961 654 505 
728 511 825 963 964 
729 825 212 959 963 
730 963 959 506 742 
731 964 963 742 509 
732 499 642 965 662 
733 642 476 966 965 
734 965 966 517 967 
735 662 965 967 516 
736 519 646 968 666 
737 646 521 969 968 
738 968 969 499 970 
739 666 968 970 522 
740 211 972 971 949 
741 972 529 973 971 
742 971 973 528 572 
743 949 971 572 454 
744 452 975 974 957 
745 975 533 976 974 
746 974 976 532 836 
747 957 974 836 495 
748 533 978 977 976 
749 978 454 979 977 
750 977 979 534 576 
751 976 977 576 532 
752 493 981 980 817 
753 981 537 982 980 
754 980 982 536 846 
755 817 980 846 503 
756 537 984 983 982 
757 984 495 985 983 
758 983 985 538 839 
759 982 983 839 536 
760 546 988 986 987 
761 988 549 567 986 
762 986 567 543 766 
763 987 986 766 550 
764 476 604 989 966 
765 604 545 990 989 
766 989 990 559 991 
767 966 989 991 517 
768 545 565 992 990 
769 565 477 993 992 
770 992 993 560 994 
771 990 992 994 559 
772 534 996 995 577 
773 996 571 997 995 
774 995 997 552 583 
775 577 995 583 66 
776 66 999 998 597 
777 999 583 1000 998 
778 998 1000 582 690 
779 597 998 690 557 
780 569 601 1001 611 
781 601 586 701 1001 
782 1001 701 589 1002 
783 611 1001 1002 558 
784 618 1005 1003 1004 
785 1005 406 626 1003 
786 1003 626 370 623 
787 1004 1003 623 403 
788 634 736 1006 1007 
789 736 520 665 1006 
790 1006 665 358 1008 
791 1007 1006 1008 635 
792 491 739 1009 1010 
793 739 634 1007 1009 
794 1009 1007 635 1011 
795 1010 1009 1011 481 
796 638 659 1012 670 
797 659 643 1013 1012 
798 1012 1013 646 1014 
799 670 1012 1014 519 
800 496 847 1015 962 
801 847 539 1016 1015 
802 1015 1016 652 1017 
803 962 1015 1017 507 
804 539 841 1018 1016 
805 841 455 1019 1018 
806 1018 1019 547 1020 
807 1016 1018 1020 652 
808 507 1017 1021 655 
809 1017 652 1022 1021 
810 1021 1022 641 1023 
811 655 1021 1023 497 
812 477 688 1024 993 
813 688 554 1025 1024 
814 1024 1025 683 1026 
815 993 1024 1026 560 
816 557 1028 1027 695 
817 1028 690 1029 1027 
818 1027 1029 689 717 
819 695 1027 717 588 
820 693 1031 1030 707 
821 1031 695 1032 1030 
822 1030 1032 588 722 
823 707 1030 722 696 
824 558 1002 1033 1034 
825 1002 589 713 1033 
826 1033 713 697 1035 
827 1034 1033 1035 607 
828 586 708 1036 1037 
829 708 696 721 1036 
830 1036 721 700 1038 
831 1037 1036 1038 701 
832 544 719 1039 714 
833 719 692 1040 1039 
834 1039 1040 709 1041 
835 714 1039 1041 698 
836 725 1044 1042 1043 
837 1044 510 749 1042 
838 1042 749 479 730 
839 1043 1042 730 490 
840 726 1046 1045 773 
841 1046 725 1043 1045 
842 1045 1043 490 1047 
843 773 1045 1047 371 
844 748 1050 1048 1049 
845 1050 741 756 1048 
846 1048 756 512 753 
847 1049 1048 753 738 
848 805 822 1051 828 
849 822 500 1052 1051 
850 1051 1052 808 1053 
851 828 1051 1053 806 
852 500 1055 1054 1052 
853 1055 818 849 1054 
854 1054 849 842 1056 
855 1052 1054 1056 808 
856 136 241 1057 1058 
857 241 138 930 1057 
858 1057 930 120 1059 
859 1058 1057 1059 139 
860 137 204 1060 1061 
861 204 136 1058 1060 
862 1060 1058 139 1062 
863 1061 1060 1062 121 
864 145 913 1063 1064 
865 913 137 1061 1063 
866 1063 1061 121 1065 
867 1064 1063 1065 147 
868 102 1067 1066 257 
869 1067 251 1068 1066 
870 1066 1068 250 933 
871 257 1066 933 219 
872 357 492 1069 1070 
873 492 481 953 1069 
874 1069 953 486 1071 
875 1070 1069 1071 392 
876 371 1047 1072 1073 
877 1047 490 729 1072 
878 1072 729 489 1074 
879 1073 1072 1074 484 
880 489 732 1075 1076 
881 732 491 1010 1075 
882 1075 1010 481 1077 
883 1076 1075 1077 492 
884 484 1074 1078 1079 
885 1074 489 1076 1078 
886 1078 1076 492 1080 
887 1079 1078 1080 357 
888 459 1083 1081 1082 
889 1083 511 964 1081 
890 1081 964 509 750 
891 1082 1081 750 510 
892 548 1086 1084 1085 
893 1086 535 579 1084 
894 1084 579 549 988 
895 1085 1084 988 546 
896 454 1088 1087 979 
897 1088 572 1089 1087 
898 1087 1089 571 996 
899 979 1087 996 534 
900 570 612 1090 1091 
901 612 558 1034 1090 
902 1090 1034 607 1092 
903 1091 1090 1092 605 
904 497 1023 1093 645 
905 1023 641 1094 1093 
906 1093 1094 640 1095 
907 645 1093 1095 521 
908 521 1095 1096 969 
909 1095 640 1097 1096 
910 1096 1097 642 1098 
911 969 1096 1098 499 
912 652 1020 1099 1022 
913 1020 547 1100 1099 
914 1099 1100 498 1101 
915 1022 1099 1101 641 
916 727 1104 1102 1103 
917 1104 459 1082 1102 
918 1102 1082 510 1044 
919 1103 1102 1044 725 
920 778 1107 1105 1106 
921 1107 779 824 1105 
922 1105 824 511 1083 
923 1106 1105 1083 459 
924 804 1109 1108 821 
925 1109 815 1110 1108 
926 1108 1110 818 1055 
927 821 1108 1055 500 
928 372 485 1111 1112 
929 485 357 1070 1111 
930 1111 1070 392 1113 
931 1112 1111 1113 390 
932 483 774 1114 1115 
933 774 371 1073 1114 
934 1114 1073 484 1116 
935 1115 1114 1116 482 
936 482 1116 1117 1118 
937 1116 484 1079 1117 
938 1117 1079 357 1119 
939 1118 1117 1119 485 
940 455 1121 1120 1019 
941 1121 548 1085 1120 
942 1120 1085 546 1122 
943 1019 1120 1122 547 
944 547 1122 1123 1100 
945 1122 546 987 1123 
946 1123 987 550 1124 
947 1100 1123 1124 498 
948 498 1124 1125 1126 
949 1124 550 765 1125 
950 1125 765 602 1127 
951 1126 1125 1127 603 
952 641 1101 1128 1094 
953 1101 498 1126 1128 
954 1128 1126 603 1129 
955 1094 1128 1129 640 
956 640 1129 1130 1097 
957 1129 603 1131 1130 
958 1130 1131 476 1132 
959 1097 1130 1132 642 
960 345 1135 1133 1134 
961 1135 727 1103 1133 
962 1133 1103 725 1046 
963 1134 1133 1046 726 
964 769 1138 1136 1137 
965 1138 345 1134 1136 
966 1136 1134 726 772 
967 1137 1136 772 768 
968 775 1141 1139 1140 
969 1141 778 1106 1139 
970 1139 1106 459 1104 
971 1140 1139 1104 727 
972 776 1144 1142 1143 
973 1144 775 1140 1142 
974 1142 1140 727 1135 
975 1143 1142 1135 345 
976 456 1147 1145 1146 
977 1147 780 789 1145 
978 1145 789 779 1107 
979 1146 1145 1107 778 
980 815 1149 1148 1110 
981 1149 817 1150 1148 
982 1148 1150 503 850 
983 1110 1148 850 818 
984 538 1152 1151 840 
985 1152 835 1153 1151 
986 1151 1153 548 1121 
987 840 1151 1121 455 
988 941 1156 1154 1155 
989 1156 776 1143 1154 
990 1154 1143 345 1138 
991 1155 1154 1138 769 
