2 0.000000 100.000000 407.315828
2943 2620 
1 -81.951989 0.000000 -82.801989 99.753067 -0.000234 6.976015 0.000066 
2 92.701989 0.000000 -82.801989 99.754282 -0.001593 6.955333 0.000071 
3 92.701989 0.000000 85.501989 99.761268 0.002649 6.948704 -0.000059 
4 -81.951989 0.000000 85.501989 99.760108 0.000404 6.975978 -0.000074 
5 5.375000 0.000000 1.350000 79.709522 -0.018191 -30.291983 0.272879 
6 -81.951989 0.000000 1.350000 99.756531 0.000126 6.979899 -0.000008 
7 5.375000 0.000000 -82.801989 99.746816 -0.000927 6.964392 0.000207 
8 92.701989 0.000000 1.350000 99.892310 0.013171 5.020437 -0.000368 
9 5.375000 0.000000 85.501989 99.767776 0.001449 6.963017 -0.000209 
10 -38.288495 0.000000 -40.725995 99.742433 -0.000356 6.976708 0.000277 
11 -81.951989 0.000000 -40.725995 99.753126 -0.000110 6.978065 0.000062 
12 -38.288495 0.000000 -82.801989 99.749378 -0.000475 6.973171 0.000144 
13 5.375000 0.000000 -40.725995 99.719243 -0.000021 6.929128 0.000806 
14 -38.288495 0.000000 1.350000 99.756060 0.000174 6.993449 -0.000018 
15 49.038495 0.000000 -40.725995 99.748286 -0.001985 6.895606 0.000273 
16 49.038495 0.000000 -82.801989 99.750475 -0.001374 6.956683 0.000145 
17 92.701989 0.000000 -40.725995 99.757746 -0.002845 6.903861 0.000073 
18 49.038495 0.000000 1.350000 99.927964 -0.084733 4.458557 -0.000548 
19 -38.288495 0.000000 43.425995 99.771532 0.000886 6.977069 -0.000304 
20 -81.951989 0.000000 43.425995 99.760033 0.000333 6.978116 -0.000076 
21 5.375000 0.000000 43.425995 99.801321 0.001765 6.924640 -0.000825 
22 -38.288495 0.000000 85.501989 99.764285 0.000771 6.972940 -0.000153 
23 -16.456747 0.000000 -19.687997 99.710963 0.001984 6.954146 0.000936 
24 -38.288495 0.000000 -19.687997 99.742043 0.000114 6.985155 0.000273 
25 -16.456747 0.000000 -40.725995 99.727742 0.000050 6.964239 0.000588 
26 5.375000 0.000000 -19.687997 99.722111 -0.010110 6.788312 0.000942 
27 -16.456747 0.000000 1.350000 99.721546 -0.083478 6.988536 0.000677 
28 49.038495 0.000000 43.425995 99.774919 0.005574 6.870959 -0.000224 
29 92.701989 0.000000 43.425995 99.767383 0.007325 6.853935 -0.000051 
30 49.038495 0.000000 85.501989 99.764714 0.002178 6.952943 -0.000134 
31 27.206747 0.000000 -19.687997 99.739528 0.002995 6.695947 0.000719 
32 27.206747 0.000000 -40.725995 99.733946 -0.000983 6.900551 0.000552 
33 49.038495 0.000000 -19.687997 99.760940 -0.002902 6.703588 0.000282 
34 27.206747 0.000000 1.350000 99.727391 -0.649866 6.958301 0.000561 
35 -16.456747 0.000000 22.387997 99.801016 -0.004160 6.968782 -0.000881 
36 -38.288495 0.000000 22.387997 99.771140 0.000254 6.986035 -0.000309 
37 5.375000 0.000000 22.387997 99.911218 0.003517 6.771284 -0.002810 
38 -16.456747 0.000000 43.425995 99.788399 0.000719 6.964427 -0.000623 
39 -5.540874 0.000000 -9.168999 99.546866 -0.154426 6.804708 0.004409 
40 -16.456747 0.000000 -9.168999 99.679293 -0.043885 6.997510 0.001507 
41 -5.540874 0.000000 -19.687997 99.649076 -0.016422 6.902614 0.002242 
42 5.375000 0.000000 -9.168999 99.567111 -0.232120 6.393982 0.004545 
43 -5.540874 0.000000 1.350000 99.333939 -0.065049 7.217536 0.008067 
44 27.206747 0.000000 22.387997 99.804467 0.013645 6.609923 -0.000462 
45 49.038495 0.000000 22.387997 99.795047 0.017934 6.545082 -0.000189 
46 27.206747 0.000000 43.425995 99.788307 0.003858 6.886379 -0.000513 
47 16.290874 0.000000 -9.168999 99.751364 -0.143312 6.211776 0.001106 
48 16.290874 0.000000 -19.687997 99.726918 -0.018834 6.723571 0.000934 
49 27.206747 0.000000 -9.168999 99.779074 -0.012596 6.135427 0.000649 
50 16.290874 0.000000 1.350000 99.642925 -0.798283 7.623979 0.001253 
51 -5.540874 0.000000 11.868999 99.947979 0.028852 6.989442 -0.003845 
52 -16.456747 0.000000 11.868999 99.806238 -0.045031 7.019531 -0.001056 
53 5.375000 0.000000 11.868999 100.309440 0.152729 6.291930 -0.010160 
54 -5.540874 0.000000 22.387997 99.853146 -0.006575 6.917329 -0.001850 
55 -0.082937 0.000000 -3.909499 98.230439 0.245919 6.020425 0.031447 
56 -5.540874 0.000000 -3.909499 99.325201 0.018160 6.795318 0.008833 
57 -0.082937 0.000000 -9.168999 99.533975 -0.110824 6.536158 0.005025 
58 5.375000 0.000000 -3.909499 99.437605 0.001496 5.301191 0.008406 
59 -0.082937 0.000000 1.350000 97.187303 -0.096036 12.329209 0.040261 
60 16.290874 0.000000 11.868999 99.834624 0.086413 5.928249 -0.000210 
61 27.206747 0.000000 11.868999 99.839727 0.050454 5.808745 -0.000172 
62 16.290874 0.000000 22.387997 99.839893 0.008269 6.656323 -0.001231 
63 10.832937 0.000000 -3.909499 99.382388 0.251222 5.458494 0.009328 
64 10.832937 0.000000 -9.168999 99.526563 -0.157575 6.188205 0.005614 
65 16.290874 0.000000 -3.909499 99.674437 -0.098422 5.169601 0.003827 
66 10.832937 0.000000 1.350000 96.391527 -0.790543 2.399743 0.070229 
67 -0.082937 0.000000 6.609499 100.708461 0.082813 7.335162 -0.019601 
68 -5.540874 0.000000 6.609499 99.900201 0.137818 7.237584 -0.003245 
69 5.375000 0.000000 6.609499 101.555717 0.116958 5.011599 -0.033869 
70 -0.082937 0.000000 11.868999 100.214902 0.219027 6.810530 -0.008946 
71 2.646032 0.000000 -1.279750 101.699697 0.002105 0.285532 -0.034291 
72 -0.082937 0.000000 -1.279750 94.514746 -0.123840 1.700964 0.106405 
73 2.646032 0.000000 -3.909499 98.879591 -0.116423 5.269229 0.019505 
74 5.375000 0.000000 -1.279750 106.411450 -0.202181 3.901463 -0.133866 
75 2.646032 0.000000 1.350000 85.778272 -0.010433 57.529791 -0.066759 
76 -60.120242 0.000000 -19.687997 99.751642 -0.000018 6.981522 0.000087 
77 -81.951989 0.000000 -19.687997 99.754376 -0.000001 6.979312 0.000035 
78 -60.120242 0.000000 -40.725995 99.749914 -0.000189 6.978417 0.000126 
79 -60.120242 0.000000 1.350000 99.756500 0.000203 6.983340 -0.000013 
80 -27.372621 0.000000 -9.168999 99.736088 -0.000058 6.979539 0.000400 
81 -38.288495 0.000000 -9.168999 99.746991 0.000157 6.990654 0.000167 
82 -27.372621 0.000000 -19.687997 99.727987 0.000279 6.985901 0.000553 
83 -27.372621 0.000000 1.350000 99.749809 -0.001313 6.987536 0.000115 
84 -10.998810 0.000000 -3.909499 99.635256 -0.017955 6.891673 0.002532 
85 -16.456747 0.000000 -3.909499 99.699381 -0.080766 6.968763 0.001146 
86 -10.998810 0.000000 -9.168999 99.658093 -0.029275 6.896389 0.002070 
87 -10.998810 0.000000 1.350000 99.660672 -0.012477 7.060650 0.001790 
88 -2.811905 0.000000 -1.279750 98.186134 0.503396 7.242059 0.030678 
89 -5.540874 0.000000 -1.279750 99.192666 -0.113202 6.925208 0.011284 
90 -2.811905 0.000000 -3.909499 98.833212 0.107724 6.611473 0.018827 
91 -2.811905 0.000000 1.350000 98.827018 0.142473 8.104091 0.016752 
92 10.832937 0.000000 6.609499 100.006302 0.342036 4.466558 -0.002133 
93 16.290874 0.000000 6.609499 99.863385 0.178739 4.697479 0.000521 
94 10.832937 0.000000 11.868999 100.073204 0.140076 5.934345 -0.004988 
95 2.646032 0.000000 3.979750 103.587235 -0.049665 7.214598 -0.078237 
96 -0.082937 0.000000 3.979750 100.924416 0.111792 8.727288 -0.026192 
97 5.375000 0.000000 3.979750 102.681431 0.120759 3.004482 -0.055252 
98 2.646032 0.000000 6.609499 101.542753 0.026949 6.486290 -0.035300 
99 1.281547 0.000000 0.035125 7.883087 -0.119363 1.178396 0.993645 
100 -0.082937 0.000000 0.035125 73.152896 -0.098503 19.552853 0.426633 
101 1.281547 0.000000 -1.279750 96.722669 -0.153385 -2.020988 0.064062 
102 2.646032 0.000000 0.035125 1.509869 0.027926 -1.297525 0.999604 
103 1.281547 0.000000 1.350000 99.109667 -0.022009 18.231531 -0.015512 
104 -60.120242 0.000000 22.387997 99.761513 0.000400 6.981713 -0.000110 
105 -81.951989 0.000000 22.387997 99.758721 0.000245 6.979365 -0.000051 
106 -60.120242 0.000000 43.425995 99.763451 0.000517 6.978562 -0.000145 
107 -27.372621 0.000000 11.868999 99.767692 -0.002256 6.985379 -0.000239 
108 -38.288495 0.000000 11.868999 99.765483 0.000199 6.991330 -0.000203 
109 -27.372621 0.000000 22.387997 99.785348 0.000292 6.988024 -0.000595 
110 -10.998810 0.000000 6.609499 99.749962 0.023212 6.969011 0.000138 
111 -16.456747 0.000000 6.609499 99.775789 -0.057515 7.042677 -0.000481 
112 -10.998810 0.000000 11.868999 99.818330 -0.043820 6.985826 -0.001250 
113 -2.811905 0.000000 3.979750 99.820394 0.125473 7.878182 -0.002619 
114 -5.540874 0.000000 3.979750 99.681757 0.045710 7.326710 0.000986 
115 -2.811905 0.000000 6.609499 100.110563 -0.059922 7.326428 -0.007581 
116 -1.447421 0.000000 0.035125 96.186270 -0.082559 8.292531 0.067943 
117 -2.811905 0.000000 0.035125 98.280364 0.358983 7.829819 0.027954 
118 -1.447421 0.000000 -1.279750 96.759452 -0.051449 6.679285 0.059299 
119 -1.447421 0.000000 1.350000 97.997294 -0.035893 9.260652 0.031077 
120 -16.456747 0.000000 -61.763992 99.741394 -0.000748 6.966944 0.000312 
121 -38.288495 0.000000 -61.763992 99.746336 -0.000459 6.973738 0.000204 
122 -16.456747 0.000000 -82.801989 99.747423 -0.000678 6.969469 0.000188 
123 5.375000 0.000000 -61.763992 99.739476 -0.000935 6.955392 0.000366 
124 -5.540874 0.000000 -30.206996 99.717356 0.001335 6.927935 0.000845 
125 -16.456747 0.000000 -30.206996 99.714534 0.000358 6.965504 0.000849 
126 -5.540874 0.000000 -40.725995 99.720637 0.000087 6.948984 0.000751 
127 5.375000 0.000000 -30.206996 99.716967 0.004001 6.892720 0.000902 
128 -0.082937 0.000000 -14.428498 99.726792 -0.082345 6.715325 0.000946 
129 -5.540874 0.000000 -14.428498 99.698632 -0.050913 6.810869 0.001379 
130 -0.082937 0.000000 -19.687997 99.716337 -0.036201 6.829259 0.001001 
131 5.375000 0.000000 -14.428498 99.685028 -0.109836 6.660210 0.001852 
132 2.646032 0.000000 -6.539249 99.378527 0.123816 6.182853 0.008567 
133 -0.082937 0.000000 -6.539249 99.205095 0.044585 6.362395 0.011787 
134 2.646032 0.000000 -9.168999 99.508715 -0.056739 6.449683 0.005641 
135 5.375000 0.000000 -6.539249 99.376648 0.193950 6.024378 0.008795 
136 1.281547 0.000000 -2.594624 98.171144 -0.035549 4.047553 0.034604 
137 -0.082937 0.000000 -2.594624 97.564672 -0.136289 5.296149 0.045307 
138 1.281547 0.000000 -3.909499 98.325058 0.121716 5.498381 0.030194 
139 2.646032 0.000000 -2.594624 99.046140 0.026424 3.767929 0.017566 
140 0.599305 0.000000 -0.622312 98.093339 -0.100085 -11.597452 0.024319 
141 -0.082937 0.000000 -0.622312 80.254444 -0.160686 -5.800963 0.352555 
142 0.599305 0.000000 -1.279750 96.371298 -0.105603 -0.600014 0.071220 
143 1.281547 0.000000 -0.622312 100.020087 -0.028901 -12.460483 -0.015928 
144 0.599305 0.000000 0.035125 0.808879 0.024351 -1.623745 0.999671 
145 -2.811905 0.000000 -6.539249 99.429250 -0.142814 6.495239 0.007162 
146 -5.540874 0.000000 -6.539249 99.428031 -0.032487 6.819741 0.006756 
147 -2.811905 0.000000 -9.168999 99.511046 -0.189487 6.689705 0.005276 
148 -1.447421 0.000000 -2.594624 98.001265 -0.036879 6.398151 0.035481 
149 -2.811905 0.000000 -2.594624 98.507590 0.389283 6.795784 0.024992 
150 -1.447421 0.000000 -3.909499 98.453370 0.420049 6.429362 0.026542 
151 -0.765179 0.000000 -0.622312 92.723821 -0.149605 6.174967 0.136414 
152 -1.447421 0.000000 -0.622312 96.181620 -0.015068 7.277853 0.069613 
153 -0.765179 0.000000 -1.279750 95.353436 -0.048511 5.321085 0.087941 
154 -0.765179 0.000000 0.035125 92.330602 -0.155187 9.255553 0.138937 
155 1.281547 0.000000 2.664875 102.184053 -0.608513 10.821064 -0.055905 
156 -0.082937 0.000000 2.664875 100.192606 -0.609278 9.972103 -0.013837 
157 2.646032 0.000000 2.664875 106.201691 -0.339547 9.387225 -0.136703 
158 1.281547 0.000000 3.979750 101.977321 -0.036871 8.253702 -0.046750 
159 0.599305 0.000000 0.692563 95.010838 -0.123651 19.337482 0.059899 
160 -0.082937 0.000000 0.692563 93.269175 -0.068193 15.651600 0.105588 
161 1.281547 0.000000 0.692563 97.029832 -0.046678 35.051290 -0.064338 
162 0.599305 0.000000 1.350000 97.743504 -0.042225 14.846979 0.022577 
163 0.258184 0.000000 -0.293594 -0.787971 -0.043115 1.105987 0.999815 
164 -0.082937 0.000000 -0.293594 33.313031 -0.236029 36.165151 0.758227 
165 0.258184 0.000000 -0.622312 80.306559 -0.095952 -45.777887 0.145523 
166 0.599305 0.000000 -0.293594 1.027983 -0.065443 2.233612 0.999395 
167 0.258184 0.000000 0.035125 51.264196 -0.223625 62.643861 0.344768 
168 -1.447421 0.000000 2.664875 99.483746 0.048264 8.848245 0.002469 
169 -2.811905 0.000000 2.664875 99.392150 0.131632 8.259383 0.005297 
170 -1.447421 0.000000 3.979750 100.226686 0.138862 8.428100 -0.011644 
171 -0.765179 0.000000 0.692563 95.209284 -0.075685 10.787537 0.081882 
172 -1.447421 0.000000 0.692563 96.987909 -0.033480 9.030372 0.051180 
173 -0.765179 0.000000 1.350000 97.405869 -0.127489 10.493027 0.040198 
174 -0.424058 0.000000 -0.293594 85.668075 -0.202926 6.950354 0.261263 
175 -0.765179 0.000000 -0.293594 91.931617 -0.170765 7.611475 0.149061 
176 -0.424058 0.000000 -0.622312 88.603605 -0.184753 3.643777 0.213609 
177 -0.424058 0.000000 0.035125 87.110319 -0.190977 11.210946 0.228607 
178 0.599305 0.000000 -1.937187 97.090893 -0.126466 3.099672 0.056373 
179 -0.082937 0.000000 -1.937187 96.692457 -0.162960 4.347346 0.063164 
180 0.599305 0.000000 -2.594624 97.739873 -0.151773 4.641193 0.042535 
181 1.281547 0.000000 -1.937187 97.971745 -0.078178 2.171840 0.039681 
182 0.258184 0.000000 -0.951031 94.389677 -0.079453 -6.836660 0.104384 
183 -0.082937 0.000000 -0.951031 91.023046 -0.179267 -1.521808 0.171246 
184 0.258184 0.000000 -1.279750 95.461093 -0.180925 -0.058498 0.088714 
185 0.599305 0.000000 -0.951031 97.461970 -0.030507 -3.680054 0.048762 
186 0.087624 0.000000 -0.457953 46.912553 -0.067788 -43.340285 0.592083 
187 -0.082937 0.000000 -0.457953 70.023289 -0.172040 -4.624860 0.507532 
188 0.087624 0.000000 -0.622312 76.484996 -0.091448 -18.901023 0.379279 
189 0.258184 0.000000 -0.457953 68.511004 -0.098853 -51.579411 0.264580 
190 0.087624 0.000000 -0.293594 36.914254 -0.112749 2.074725 0.863302 
191 -0.765179 0.000000 -1.937187 96.884948 -0.102632 5.584887 0.058211 
192 -1.447421 0.000000 -1.937187 97.420027 -0.060667 6.479165 0.046736 
193 -0.765179 0.000000 -2.594624 97.629387 -0.137793 5.993374 0.043256 
194 -0.424058 0.000000 -0.951031 92.321245 -0.188997 3.147068 0.146685 
195 -0.765179 0.000000 -0.951031 94.083975 0.010193 5.458437 0.111841 
196 -0.424058 0.000000 -1.279750 94.627340 -0.104179 3.857318 0.103078 
197 -0.253497 0.000000 -0.457953 81.004749 -0.192652 2.312861 0.343284 
198 -0.424058 0.000000 -0.457953 86.730066 -0.191715 4.964538 0.245321 
199 -0.253497 0.000000 -0.622312 85.080438 -0.184853 0.543683 0.276099 
200 -0.253497 0.000000 -0.293594 78.387696 -0.199601 6.165891 0.381731 
201 0.258184 0.000000 0.363844 90.539697 -0.132117 32.418816 0.075157 
202 -0.082937 0.000000 0.363844 87.253658 -0.099291 19.123614 0.202108 
203 0.599305 0.000000 0.363844 95.302288 -0.086575 27.401783 0.016661 
204 0.258184 0.000000 0.692563 94.350484 -0.186594 18.951411 0.073880 
205 0.087624 0.000000 -0.129234 33.854977 -0.272149 45.090512 0.682061 
206 -0.082937 0.000000 -0.129234 64.791890 -0.186227 14.718485 0.558534 
207 0.258184 0.000000 -0.129234 38.042299 -0.252802 50.340555 0.601855 
208 0.087624 0.000000 0.035125 42.478442 -0.248061 58.490743 0.477435 
209 0.002343 0.000000 -0.375773 37.764017 -0.086365 -10.130760 0.847124 
210 -0.082937 0.000000 -0.375773 64.624250 -0.179973 -1.371677 0.582179 
211 0.002343 0.000000 -0.457953 49.314573 -0.116194 -49.053666 0.516180 
212 0.087624 0.000000 -0.375773 41.686638 -0.081963 -28.720204 0.743737 
213 0.002343 0.000000 -0.293594 36.914405 -0.112840 2.126281 0.863279 
214 8.103968 0.000000 -1.279750 97.662980 -0.335902 9.266996 0.037595 
215 8.103968 0.000000 -3.909499 99.171090 0.231152 5.569517 0.013402 
216 10.832937 0.000000 -1.279750 97.728862 -0.051875 5.116383 0.042289 
217 8.103968 0.000000 1.350000 98.385879 0.738406 -3.201116 0.030943 
218 4.010516 0.000000 0.035125 7.715334 -0.103000 -0.652681 0.994004 
219 4.010516 0.000000 -1.279750 102.882076 -0.211561 0.097278 -0.058478 
220 5.375000 0.000000 0.035125 -1.261622 0.059044 -1.359160 0.999656 
221 4.010516 0.000000 1.350000 111.031078 -0.320221 3.246911 -0.233855 
222 1.963789 0.000000 0.692563 98.776940 -0.009045 27.244593 -0.049915 
223 1.963789 0.000000 0.035125 4.107208 -0.022935 0.788827 0.998251 
224 2.646032 0.000000 0.692563 76.018476 0.073413 8.657760 0.414623 
225 1.963789 0.000000 1.350000 101.368179 0.002642 21.761127 -0.074905 
226 0.940426 0.000000 0.363844 94.695192 -0.088234 32.871380 -0.004771 
227 0.940426 0.000000 0.035125 94.521976 -0.116043 35.052382 -0.016309 
228 1.281547 0.000000 0.363844 95.937668 -0.068431 34.933469 -0.042439 
229 0.940426 0.000000 0.692563 94.984701 -0.101236 34.972490 -0.024518 
230 0.428745 0.000000 0.199485 87.785499 -0.112291 41.110127 0.060365 
231 0.258184 0.000000 0.199485 68.585842 -0.178980 59.428079 0.176425 
232 0.428745 0.000000 0.035125 68.937089 -0.186893 64.898539 0.103582 
233 0.599305 0.000000 0.199485 95.630797 -0.086441 27.914278 0.007554 
234 0.428745 0.000000 0.363844 95.584466 -0.085942 27.373040 0.011432 
235 1.963789 0.000000 -0.622312 101.976063 -0.016360 -8.973198 -0.047964 
236 1.963789 0.000000 -1.279750 101.322041 -0.015530 -9.608798 -0.035849 
237 2.646032 0.000000 -0.622312 101.633057 -0.019916 -2.849553 -0.033740 
238 0.940426 0.000000 -0.951031 99.407365 -0.022811 -12.885306 -0.004786 
239 0.940426 0.000000 -1.279750 96.437603 -0.156974 -1.136144 0.069847 
240 1.281547 0.000000 -0.951031 100.640470 -0.028865 -12.484694 -0.028437 
241 0.940426 0.000000 -0.622312 98.692340 -0.041993 -11.798627 0.012061 
242 0.428745 0.000000 -0.786672 102.228725 -0.087488 -12.543820 -0.060807 
243 0.258184 0.000000 -0.786672 92.892692 -0.091158 -16.218857 0.110789 
244 0.428745 0.000000 -0.951031 97.220255 -0.081010 -5.974848 0.051252 
245 0.599305 0.000000 -0.786672 97.966667 -0.101755 -11.448297 0.027146 
246 0.428745 0.000000 -0.622312 95.066876 -0.091789 -25.031688 0.033570 
247 4.010516 0.000000 -2.594624 99.002521 -0.002176 4.367029 0.017943 
248 4.010516 0.000000 -3.909499 99.111904 -0.002314 5.205696 0.014973 
249 5.375000 0.000000 -2.594624 99.739354 -0.253108 5.031659 0.002668 
250 3.328274 0.000000 -0.622312 101.682389 0.000236 0.064065 -0.033931 
251 3.328274 0.000000 -1.279750 101.178870 0.012273 0.000000 -0.023716 
252 4.010516 0.000000 -0.622312 102.081693 -0.150691 0.045567 -0.042070 
253 3.328274 0.000000 0.035125 5.732689 0.125912 -1.780179 0.996395 
254 3.328274 0.000000 -1.937187 98.997478 -0.077038 3.357940 0.018822 
255 2.646032 0.000000 -1.937187 99.167335 0.050257 3.009872 0.015678 
256 3.328274 0.000000 -2.594624 98.949853 -0.014855 4.191466 0.019136 
257 4.010516 0.000000 -1.937187 99.070318 0.097700 3.388831 0.017358 
258 2.987153 0.000000 -0.951031 101.367330 -0.008395 -0.365090 -0.027547 
259 2.646032 0.000000 -0.951031 101.740185 -0.018670 -2.302895 -0.035637 
260 2.987153 0.000000 -1.279750 101.028081 -0.011025 0.000000 -0.020667 
261 3.328274 0.000000 -0.951031 101.618775 0.001022 0.056495 -0.032638 
262 2.987153 0.000000 -0.622312 101.495327 -0.004344 0.088660 -0.030131 
263 8.103968 0.000000 3.979750 100.892510 0.395283 2.179535 -0.018421 
264 10.832937 0.000000 3.979750 99.812964 1.412591 2.916813 0.002687 
265 8.103968 0.000000 6.609499 100.791671 0.292014 4.236318 -0.017699 
266 4.010516 0.000000 2.664875 106.312127 0.021272 3.708597 -0.131602 
267 5.375000 0.000000 2.664875 103.642397 0.144726 -0.041854 -0.074177 
268 4.010516 0.000000 3.979750 104.082983 0.003392 4.857006 -0.085686 
269 3.328274 0.000000 0.692563 111.696153 -0.410007 0.000000 -0.247620 
270 4.010516 0.000000 0.692563 104.989111 -0.193279 19.950235 -0.142076 
271 3.328274 0.000000 1.350000 114.281319 -0.335911 0.196237 -0.306037 
272 3.328274 0.000000 2.007437 110.514562 -0.270932 5.804546 -0.224723 
273 2.646032 0.000000 2.007437 109.398080 -0.456049 12.643098 -0.212800 
274 4.010516 0.000000 2.007437 107.899563 -0.094749 2.337302 -0.164779 
275 3.328274 0.000000 2.664875 106.870898 -0.063145 6.307844 -0.146118 
276 2.987153 0.000000 1.021281 115.218952 -0.132844 11.694995 -0.341220 
277 2.646032 0.000000 1.021281 48.844897 0.024004 52.863722 0.481960 
278 2.987153 0.000000 0.692563 1.876489 0.166585 -7.662227 0.993774 
279 3.328274 0.000000 1.021281 114.285764 -0.335933 0.197187 -0.306139 
280 2.987153 0.000000 1.350000 115.238007 -0.132285 11.659248 -0.341575 
281 1.963789 0.000000 2.007437 104.164378 0.004814 14.795387 -0.106912 
282 1.281547 0.000000 2.007437 101.180997 -0.147577 13.558960 -0.042146 
283 1.963789 0.000000 2.664875 104.187022 -0.443471 10.923107 -0.097445 
284 2.304911 0.000000 1.021281 92.298050 0.038993 16.643332 0.120407 
285 1.963789 0.000000 1.021281 100.583998 -0.018794 28.805315 -0.094689 
286 2.304911 0.000000 0.692563 93.731399 0.028817 18.881505 0.085791 
287 2.304911 0.000000 1.350000 102.127305 -0.022094 26.414074 -0.112769 
288 2.987153 0.000000 0.363844 2.899622 0.113437 -3.814462 0.997703 
289 2.646032 0.000000 0.363844 0.320649 0.043133 -1.589245 0.999737 
290 2.987153 0.000000 0.035125 3.228365 0.090482 -2.009242 0.998553 
291 3.328274 0.000000 0.363844 7.010908 -0.297884 -3.607168 0.993775 
292 2.816592 0.000000 0.856922 21.852217 0.047955 32.250847 0.848236 
293 2.646032 0.000000 0.856922 31.316950 0.049705 29.228049 0.816497 
294 2.816592 0.000000 0.692563 67.525179 0.084674 7.093750 0.539002 
295 2.987153 0.000000 0.856922 81.078771 0.037027 3.649877 0.341291 
296 2.816592 0.000000 1.021281 50.645185 0.012386 54.938067 0.441687 
297 2.304911 0.000000 0.363844 92.853914 0.030732 19.519690 0.099713 
298 1.963789 0.000000 0.363844 100.618194 -0.018935 28.820328 -0.095463 
299 2.304911 0.000000 0.035125 2.002755 0.087519 -0.077488 0.999598 
300 2.475471 0.000000 0.856922 83.867504 0.065596 11.579100 0.283216 
301 2.304911 0.000000 0.856922 93.232673 0.032056 18.279428 0.097353 
302 2.475471 0.000000 0.692563 84.195159 0.055932 13.094002 0.273972 
303 2.475471 0.000000 1.021281 78.553602 0.071189 9.174547 0.374515 
304 2.816592 0.000000 0.528203 86.681331 0.072928 11.221088 0.236043 
305 2.646032 0.000000 0.528203 69.728284 0.083323 7.568425 0.508068 
306 2.816592 0.000000 0.363844 1.026127 0.092742 -2.809508 0.999105 
307 2.987153 0.000000 0.528203 2.361257 0.129480 -5.203494 0.996733 
308 2.731312 0.000000 0.774742 44.656840 0.068445 14.818843 0.778616 
309 2.646032 0.000000 0.774742 50.365268 0.069103 13.887550 0.727047 
310 2.731312 0.000000 0.692563 68.170937 0.084278 7.232883 0.530040 
311 2.816592 0.000000 0.774742 38.202396 0.071819 15.079465 0.831318 
312 2.731312 0.000000 0.856922 28.083127 0.069257 18.902786 0.885402 
313 6.739484 0.000000 0.035125 -5.099379 0.010621 0.724878 0.997347 
314 6.739484 0.000000 -1.279750 98.721957 -0.374800 10.999463 0.013285 
315 8.103968 0.000000 0.035125 94.039695 -0.483047 31.167121 0.018491 
316 6.739484 0.000000 1.350000 98.434065 0.141488 -2.325680 0.030531 
317 4.692758 0.000000 -0.622312 103.164073 -0.000947 0.054712 -0.064283 
318 4.692758 0.000000 -1.279750 102.188300 0.009264 0.000000 -0.044245 
319 5.375000 0.000000 -0.622312 106.081807 -0.101027 5.861506 -0.128772 
320 4.692758 0.000000 0.035125 4.525287 0.048519 -0.151630 0.997950 
321 27.206747 0.000000 -61.763992 99.743197 -0.001350 6.945012 0.000306 
322 27.206747 0.000000 -82.801989 99.748137 -0.001175 6.959648 0.000187 
323 49.038495 0.000000 -61.763992 99.748687 -0.001856 6.940330 0.000203 
324 16.290874 0.000000 -30.206996 99.726962 0.003584 6.863733 0.000742 
325 16.290874 0.000000 -40.725995 99.724948 -0.000402 6.911399 0.000717 
326 27.206747 0.000000 -30.206996 99.727725 -0.000855 6.838092 0.000762 
327 10.832937 0.000000 -14.428498 99.772849 -0.092231 6.624308 0.000149 
328 10.832937 0.000000 -19.687997 99.685478 -0.001111 6.737856 0.001741 
329 16.290874 0.000000 -14.428498 99.739510 -0.007136 6.564823 0.000893 
330 8.103968 0.000000 -6.539249 99.417585 0.226480 5.933658 0.008088 
331 8.103968 0.000000 -9.168999 99.508279 -0.216742 6.283881 0.005857 
332 10.832937 0.000000 -6.539249 99.450911 0.071802 5.776902 0.007614 
333 6.739484 0.000000 -2.594624 99.632878 -0.261592 6.103191 0.003597 
334 6.739484 0.000000 -3.909499 99.460268 0.006245 5.755215 0.007453 
335 8.103968 0.000000 -2.594624 99.011305 -0.049188 6.178389 0.015859 
336 4.692758 0.000000 -1.937187 100.049303 -0.117839 3.549405 -0.002248 
337 4.692758 0.000000 -2.594624 99.445935 -0.075921 4.497496 0.009027 
338 5.375000 0.000000 -1.937187 101.095886 -0.081522 4.860541 -0.024401 
339 6.057242 0.000000 -0.622312 100.496602 -0.147255 27.958230 -0.088125 
340 6.057242 0.000000 -1.279750 102.577332 -0.148442 12.167125 -0.067017 
341 6.739484 0.000000 -0.622312 96.244768 -0.370526 17.542800 0.042906 
342 6.057242 0.000000 0.035125 -3.747795 0.035743 -0.724818 0.998543 
343 5.033879 0.000000 -0.951031 104.086020 -0.067150 0.018691 -0.083390 
344 4.692758 0.000000 -0.951031 102.784058 -0.032480 0.020843 -0.056456 
345 5.033879 0.000000 -1.279750 103.855801 -0.162077 1.152800 -0.078738 
346 5.375000 0.000000 -0.951031 106.074559 -0.101083 5.831983 -0.128583 
347 5.033879 0.000000 -0.622312 103.565396 -0.058903 0.000000 -0.072579 
348 6.739484 0.000000 2.664875 101.218739 0.245913 0.064327 -0.024530 
349 8.103968 0.000000 2.664875 100.283379 0.493721 0.240888 -0.005706 
350 6.739484 0.000000 3.979750 101.665082 0.252619 2.245577 -0.034090 
351 6.057242 0.000000 0.692563 86.220067 -0.029991 -0.687418 0.256563 
352 5.375000 0.000000 0.692563 8.653317 0.122477 -1.281001 0.992346 
353 6.739484 0.000000 0.692563 96.301345 0.054283 -0.493765 0.072580 
354 6.057242 0.000000 1.350000 93.113655 -0.146050 -6.579971 0.128653 
355 4.692758 0.000000 0.692563 106.307884 -0.103779 0.000000 -0.130138 
356 4.692758 0.000000 1.350000 108.184795 -0.186097 0.216432 -0.170403 
357 6.057242 0.000000 2.007437 100.812976 0.122017 -2.810472 -0.017117 
358 5.375000 0.000000 2.007437 103.915036 0.079355 -2.672006 -0.080548 
359 6.739484 0.000000 2.007437 100.175597 0.232953 -1.373960 -0.003709 
360 6.057242 0.000000 2.664875 102.117314 0.080921 0.028386 -0.042795 
361 5.716121 0.000000 1.021281 64.520979 0.125058 -0.357080 0.583690 
362 5.375000 0.000000 1.021281 41.679953 0.083143 -38.474996 0.678245 
363 5.716121 0.000000 0.692563 64.469693 0.125395 -0.356374 0.584352 
364 6.057242 0.000000 1.021281 86.206029 -0.029863 -0.687136 0.256805 
365 5.716121 0.000000 1.350000 92.925992 -0.035465 -16.752783 0.108410 
366 6.057242 0.000000 -1.937187 100.634847 -0.439415 6.625449 -0.017146 
367 6.057242 0.000000 -2.594624 99.748327 -0.187355 5.660987 0.001819 
368 6.739484 0.000000 -1.937187 99.408708 -0.180693 7.638696 0.005953 
369 70.870242 0.000000 -19.687997 99.767663 -0.003699 6.734856 0.000106 
370 70.870242 0.000000 -40.725995 99.754950 -0.002812 6.899066 0.000135 
371 92.701989 0.000000 -19.687997 99.768728 -0.003812 6.760968 0.000049 
372 70.870242 0.000000 1.350000 99.920796 0.006603 4.601495 -0.000534 
373 38.122621 0.000000 -9.168999 99.791927 0.002305 6.187634 0.000328 
374 38.122621 0.000000 -19.687997 99.750266 -0.002085 6.687000 0.000517 
375 49.038495 0.000000 -9.168999 99.796394 -0.001066 6.244964 0.000168 
376 38.122621 0.000000 1.350000 99.880000 -0.222764 5.038930 -0.000145 
377 21.748810 0.000000 -3.909499 99.804640 0.023527 5.164838 0.001236 
378 21.748810 0.000000 -9.168999 99.739374 -0.005594 6.087402 0.001500 
379 27.206747 0.000000 -3.909499 99.842141 0.000089 5.220314 0.000430 
380 21.748810 0.000000 1.350000 99.595352 -0.440832 8.185443 0.001357 
381 13.561905 0.000000 -1.279750 99.254474 -0.009444 4.344908 0.012967 
382 13.561905 0.000000 -3.909499 99.500290 -0.259441 5.196607 0.007262 
383 16.290874 0.000000 -1.279750 99.650235 -0.155341 4.510966 0.004946 
384 13.561905 0.000000 1.350000 99.128086 -1.467861 7.208783 0.011950 
385 9.468453 0.000000 0.035125 99.604063 -0.264273 22.459957 -0.042549 
386 9.468453 0.000000 -1.279750 97.990895 0.021707 6.547344 0.035492 
387 10.832937 0.000000 0.035125 93.636729 -0.455832 8.950816 0.115184 
388 9.468453 0.000000 1.350000 95.062774 0.000000 2.145487 0.095847 
389 7.421726 0.000000 -0.622312 99.659267 -0.561117 18.420527 -0.027160 
390 7.421726 0.000000 -1.279750 98.345077 -0.337940 10.208846 0.022391 
391 8.103968 0.000000 -0.622312 94.076285 -0.482607 31.158514 0.017857 
392 7.421726 0.000000 0.035125 -2.725442 -0.256371 1.751603 0.998944 
393 6.398363 0.000000 -0.951031 97.683045 -0.187304 29.564769 -0.041609 
394 6.057242 0.000000 -0.951031 100.847260 -0.142264 27.758004 -0.094070 
395 6.398363 0.000000 -1.279750 99.815283 -0.409867 11.972910 -0.010661 
396 6.739484 0.000000 -0.951031 96.663849 -0.441013 13.682709 0.046869 
397 6.398363 0.000000 -0.622312 96.367106 -0.220146 26.846272 -0.000739 
398 7.421726 0.000000 0.692563 100.493106 0.765110 -2.145641 -0.010405 
399 8.103968 0.000000 0.692563 101.061064 1.164214 -3.825790 -0.022933 
400 7.421726 0.000000 1.350000 99.479654 0.421398 -3.174976 0.009354 
401 6.398363 0.000000 1.021281 93.244965 -0.089654 -0.739594 0.130482 
402 6.398363 0.000000 0.692563 93.249046 -0.089682 -0.739489 0.130406 
403 6.739484 0.000000 1.021281 96.301601 0.054321 -0.493719 0.072575 
404 6.398363 0.000000 1.350000 96.391202 -0.041495 -3.199422 0.069850 
405 7.080605 0.000000 -0.293594 99.040630 -0.545855 12.013070 0.004634 
406 6.739484 0.000000 -0.293594 96.359275 -0.381271 16.943695 0.042766 
407 7.080605 0.000000 -0.622312 98.942062 -0.542699 11.891726 0.006876 
408 7.421726 0.000000 -0.293594 99.297300 -0.547747 20.656962 -0.028696 
409 7.080605 0.000000 0.035125 -4.676331 -0.277247 1.521882 0.997574 
410 70.870242 0.000000 22.387997 99.793658 0.021190 6.482108 -0.000079 
411 92.701989 0.000000 22.387997 99.797714 0.024548 6.400843 -0.000056 
412 70.870242 0.000000 43.425995 99.769325 0.006764 6.862379 -0.000101 
413 38.122621 0.000000 11.868999 99.856202 0.057777 5.658215 -0.000328 
414 49.038495 0.000000 11.868999 99.860925 0.068542 5.524193 -0.000273 
415 38.122621 0.000000 22.387997 99.802070 0.015872 6.570653 -0.000363 
416 21.748810 0.000000 6.609499 99.871410 0.216241 4.708096 0.000349 
417 27.206747 0.000000 6.609499 99.908140 0.223754 4.595079 -0.000280 
418 21.748810 0.000000 11.868999 99.852121 0.088586 5.837903 -0.000454 
419 13.561905 0.000000 3.979750 99.633328 1.286278 3.896434 0.005636 
420 16.290874 0.000000 3.979750 99.765273 1.662283 4.222330 0.002630 
421 13.561905 0.000000 6.609499 99.815011 0.222128 4.657277 0.001522 
422 9.468453 0.000000 2.664875 91.897689 -0.000000 4.050762 0.153841 
423 10.832937 0.000000 2.664875 99.537854 -1.031677 1.880046 0.008762 
424 9.468453 0.000000 3.979750 100.102340 0.843176 2.575659 -0.002782 
425 7.421726 0.000000 2.007437 100.052777 0.339505 -1.106326 -0.001190 
426 8.103968 0.000000 2.007437 99.205448 0.736721 -1.261445 0.015615 
427 7.421726 0.000000 2.664875 100.616565 0.260320 0.202600 -0.012380 
428 7.080605 0.000000 1.021281 98.259422 0.381070 -0.676645 0.034448 
429 7.080605 0.000000 0.692563 98.256874 0.380582 -0.675504 0.034499 
430 7.421726 0.000000 1.021281 99.611152 0.670174 -1.659375 0.007442 
431 7.080605 0.000000 1.350000 99.448445 0.184854 -2.515730 0.010364 
432 9.468453 0.000000 -2.594624 98.578588 0.213636 5.510802 0.025185 
433 9.468453 0.000000 -3.909499 99.209263 0.171424 5.537788 0.012683 
434 10.832937 0.000000 -2.594624 98.793555 0.040790 5.065995 0.021417 
435 8.786211 0.000000 -0.622312 95.314021 -0.191971 10.075640 0.081368 
436 8.786211 0.000000 -1.279750 97.474637 -0.116529 7.371973 0.044434 
437 9.468453 0.000000 -0.622312 98.177469 -0.136536 9.064143 0.027901 
438 8.786211 0.000000 0.035125 95.537622 -0.323071 19.233726 0.050252 
439 7.762847 0.000000 -0.293594 95.972502 -0.490093 29.402275 -0.007546 
440 7.762847 0.000000 -0.622312 97.749574 -0.497390 28.222309 -0.035173 
441 8.103968 0.000000 -0.293594 94.583600 -0.469549 29.479714 0.018467 
442 7.762847 0.000000 0.035125 95.091325 -0.489082 29.784190 0.007030 
443 8.786211 0.000000 0.692563 93.513381 1.082810 -1.800043 0.125083 
444 9.468453 0.000000 0.692563 87.781149 -0.814352 8.646779 0.221904 
445 8.786211 0.000000 1.350000 96.511310 2.493223 -1.569186 0.067689 
446 7.762847 0.000000 1.021281 101.218239 1.039832 -3.161264 -0.025621 
447 7.762847 0.000000 0.692563 100.678512 0.990363 -2.889384 -0.014549 
448 8.103968 0.000000 1.021281 101.308096 1.181778 -4.017565 -0.028087 
449 7.762847 0.000000 1.350000 99.082616 0.586242 -3.230486 0.017186 
450 8.445089 0.000000 -0.293594 93.449213 -0.442759 28.794964 0.043790 
451 8.445089 0.000000 -0.622312 94.433835 -0.233406 13.261026 0.090634 
452 8.786211 0.000000 -0.293594 95.905134 -0.326127 19.890215 0.040648 
453 8.445089 0.000000 0.035125 94.987701 -0.377994 24.218497 0.039066 
454 8.786211 0.000000 2.007437 98.466361 1.387754 -0.471464 0.030223 
455 9.468453 0.000000 2.007437 96.158994 0.000000 1.616602 0.075083 
456 8.786211 0.000000 2.664875 99.409553 0.892396 0.566428 0.011662 
457 8.445089 0.000000 1.021281 98.914932 1.446569 -3.707605 0.020000 
458 8.445089 0.000000 0.692563 99.747645 1.278980 -4.545952 0.002811 
459 8.786211 0.000000 1.021281 92.296395 0.086227 -0.456677 0.148116 
460 8.445089 0.000000 1.350000 97.469038 1.254285 -2.977800 0.048935 
461 8.445089 0.000000 0.363844 1.842161 -0.261529 1.108296 0.999531 
462 8.103968 0.000000 0.363844 1.403696 -0.248059 1.415301 0.999597 
463 8.786211 0.000000 0.363844 -0.561306 -0.463090 1.958286 0.999564 
464 12.197421 0.000000 0.035125 98.067669 -0.061259 4.677119 0.036085 
465 12.197421 0.000000 -1.279750 98.708734 -0.123182 4.531070 0.023604 
466 13.561905 0.000000 0.035125 99.146710 -0.122404 4.865696 0.014624 
467 12.197421 0.000000 1.350000 98.215465 -1.000224 6.055883 0.031605 
468 10.150695 0.000000 0.692563 95.063938 0.406437 7.870780 0.090073 
469 10.150695 0.000000 0.035125 86.319889 -0.013457 44.845362 0.053777 
470 10.832937 0.000000 0.692563 69.164692 3.370372 -7.700684 0.514559 
471 10.150695 0.000000 1.350000 98.421981 0.000000 2.115429 0.030864 
472 9.127332 0.000000 1.021281 97.309255 -0.053375 4.051420 0.051449 
473 9.127332 0.000000 0.692563 47.944023 -0.855757 -0.037256 0.770064 
474 9.468453 0.000000 1.021281 98.129913 -0.066817 7.434733 0.031524 
475 9.127332 0.000000 1.350000 93.124251 0.000000 0.747844 0.132731 
476 8.615650 0.000000 0.856922 95.659922 1.433156 -3.593664 0.083421 
477 8.445089 0.000000 0.856922 99.540846 1.313814 -4.298198 0.007142 
478 8.615650 0.000000 0.692563 99.647384 1.273961 -5.622599 0.003716 
479 8.786211 0.000000 0.856922 150.248536 0.086861 -45.405156 -1.463626 
480 8.615650 0.000000 1.021281 98.723921 1.546302 -3.942652 0.023565 
481 9.127332 0.000000 0.363844 -4.128416 -0.762569 1.899909 0.997877 
482 9.127332 0.000000 0.035125 99.005577 -0.289297 14.090924 -0.000074 
483 9.468453 0.000000 0.363844 96.374539 -0.257135 35.244533 -0.053030 
484 8.615650 0.000000 0.528203 98.795937 1.537441 -4.019850 0.022084 
485 8.445089 0.000000 0.528203 98.969274 1.437120 -3.749917 0.018896 
486 8.615650 0.000000 0.363844 1.554672 -0.316811 1.286505 0.999583 
487 8.786211 0.000000 0.528203 97.175113 1.736874 -2.282389 0.054877 
488 8.956771 0.000000 0.856922 87.918709 -0.105194 6.368223 0.222974 
489 8.956771 0.000000 0.692563 90.011288 -0.404162 -1.610212 0.189521 
490 9.127332 0.000000 0.856922 116.965390 -0.357485 5.919757 -0.371607 
491 8.956771 0.000000 1.021281 91.423103 -0.019913 2.905771 0.163337 
492 8.700930 0.000000 0.774742 94.488458 1.136339 -2.869750 0.106240 
493 8.615650 0.000000 0.774742 95.680316 1.438467 -3.568074 0.083048 
494 8.700930 0.000000 0.692563 94.955406 1.072655 -3.080973 0.097283 
495 8.786211 0.000000 0.774742 121.099385 0.349086 -26.905106 -0.538907 
496 8.700930 0.000000 0.856922 122.185984 0.771666 -21.869964 -0.540831 
497 8.956771 0.000000 0.528203 96.164383 -0.763328 0.058030 0.075183 
498 8.956771 0.000000 0.363844 -1.506909 -0.659496 1.887683 0.999373 
499 9.127332 0.000000 0.528203 -5.114492 -1.088731 2.888030 0.996432 
500 8.871491 0.000000 0.774742 91.032352 0.126444 -10.556665 0.160165 
501 8.871491 0.000000 0.692563 89.385421 0.317796 -1.001592 0.200914 
502 8.956771 0.000000 0.774742 85.127691 -0.074300 6.002860 0.271724 
503 8.871491 0.000000 0.856922 101.954309 0.046926 -19.531810 -0.077617 
504 8.445089 0.000000 1.678719 98.266231 1.107286 -1.917344 0.033885 
505 8.103968 0.000000 1.678719 98.819370 0.658333 -2.090244 0.022993 
506 8.786211 0.000000 1.678719 97.618587 1.806118 -1.137121 0.046606 
507 8.445089 0.000000 2.007437 98.828694 0.951740 -1.050726 0.023088 
508 8.615650 0.000000 1.185641 97.175113 1.736874 -2.282389 0.054877 
509 8.445089 0.000000 1.185641 97.175113 1.736874 -2.282389 0.054877 
510 8.786211 0.000000 1.185641 95.830133 3.139602 -1.262118 0.080514 
511 8.615650 0.000000 1.350000 96.818098 1.612218 -2.402115 0.061789 
512 8.700930 0.000000 0.939102 94.024515 1.150850 -2.016425 0.115400 
513 8.615650 0.000000 0.939102 98.558262 1.566685 -3.765072 0.026964 
514 8.786211 0.000000 0.939102 110.325540 0.209046 -15.216723 -0.240332 
515 8.700930 0.000000 1.021281 98.770181 1.540610 -3.992240 0.022614 
516 8.743570 0.000000 0.815832 129.938831 0.531752 -30.936446 -0.784145 
517 8.700930 0.000000 0.815832 119.869005 0.811554 -20.309474 -0.478171 
518 8.743570 0.000000 0.774742 124.057170 0.702518 -24.474959 -0.598970 
519 8.786211 0.000000 0.815832 119.770611 0.156405 -29.450127 -0.521233 
520 8.743570 0.000000 0.856922 132.073822 0.417936 -34.192768 -0.861281 
521 8.700930 0.000000 0.610383 97.851494 0.735885 -2.567909 0.041795 
522 8.615650 0.000000 0.610383 99.997668 1.200013 -6.132204 -0.003858 
523 8.700930 0.000000 0.528203 98.817547 1.534782 -4.043015 0.021639 
524 8.786211 0.000000 0.610383 97.692564 0.564263 -2.305983 0.045053 
525 8.743570 0.000000 0.733652 93.350384 1.165660 -1.849931 0.128092 
526 8.700930 0.000000 0.733652 94.690079 1.109103 -2.960168 0.102380 
527 8.743570 0.000000 0.692563 93.620783 1.130582 -1.885980 0.123031 
528 8.786211 0.000000 0.733652 91.122363 0.700848 -0.887713 0.169544 
529 12.197421 0.000000 2.664875 99.256644 -1.139984 2.873957 0.013856 
530 13.561905 0.000000 2.664875 99.434059 -1.162716 3.390924 0.010002 
531 12.197421 0.000000 3.979750 99.751968 1.252223 3.347203 0.003677 
532 10.150695 0.000000 2.007437 97.631562 0.000000 2.109335 0.046363 
533 10.832937 0.000000 2.007437 98.368452 -0.826453 2.229861 0.031799 
534 10.150695 0.000000 2.664875 98.213900 -0.000000 2.503186 0.034776 
535 9.127332 0.000000 1.678719 91.004262 -0.000000 2.244019 0.171319 
536 9.468453 0.000000 1.678719 95.991185 0.000000 1.354739 0.078386 
537 9.127332 0.000000 2.007437 86.541140 -0.000000 4.443294 0.249089 
538 8.956771 0.000000 1.185641 89.821633 -0.000000 1.658990 0.192932 
539 9.127332 0.000000 1.185641 93.326102 0.000000 0.915929 0.128940 
540 8.956771 0.000000 1.350000 87.232146 -0.000000 2.732874 0.238308 
541 8.871491 0.000000 0.939102 93.442507 0.079710 -3.558444 0.125583 
542 8.956771 0.000000 0.939102 91.317070 -0.029657 5.021868 0.163597 
543 8.871491 0.000000 1.021281 90.420739 -0.001588 1.053169 0.182298 
544 8.828851 0.000000 0.815832 105.252439 0.096356 -23.075535 -0.161057 
545 8.828851 0.000000 0.774742 115.998486 0.213292 -25.635277 -0.411286 
546 8.871491 0.000000 0.815832 96.516939 0.078798 -14.296619 0.048008 
547 8.828851 0.000000 0.856922 117.545000 0.074994 -30.671028 -0.475754 
548 8.764890 0.000000 0.795287 106.327228 0.910034 -15.825712 -0.155676 
549 8.743570 0.000000 0.795287 126.479653 0.585472 -28.414282 -0.680482 
550 8.764890 0.000000 0.774742 125.349478 0.582936 -27.739018 -0.648228 
551 8.786211 0.000000 0.795287 114.705039 0.123370 -24.421628 -0.375368 
552 8.764890 0.000000 0.815832 132.078080 0.404082 -34.514013 -0.863600 
553 9.809574 0.000000 1.021281 104.355439 0.015203 17.234889 -0.118710 
554 9.809574 0.000000 0.692563 97.869599 0.057913 6.025249 0.038523 
555 10.150695 0.000000 1.021281 109.166139 0.481869 18.460724 -0.225828 
556 9.809574 0.000000 1.350000 96.962157 0.000000 3.249116 0.058778 
557 9.297892 0.000000 0.856922 89.427493 -0.118726 3.156592 0.199275 
558 9.297892 0.000000 0.692563 92.613764 -0.750097 1.950661 0.141832 
559 9.468453 0.000000 0.856922 148.227519 -0.305674 4.551799 -1.199221 
560 9.297892 0.000000 1.021281 91.717904 -0.045262 4.653289 0.156617 
561 10.150695 0.000000 -0.622312 97.455153 -0.159454 8.625652 0.042807 
562 10.150695 0.000000 -1.279750 98.108591 -0.080408 6.014697 0.033852 
563 10.832937 0.000000 -0.622312 96.952205 -0.107465 6.284174 0.056077 
564 9.809574 0.000000 0.363844 96.967192 -0.064442 26.222960 -0.009028 
565 9.809574 0.000000 0.035125 94.873052 -0.159905 34.902487 -0.021911 
566 10.150695 0.000000 0.363844 84.311669 0.309527 39.502273 0.133102 
567 9.639013 0.000000 0.856922 85.253906 -0.244272 2.948827 0.272302 
568 9.639013 0.000000 0.692563 96.252830 -0.290823 6.412507 0.069419 
569 9.809574 0.000000 0.856922 94.231414 -0.165543 20.801274 0.068772 
570 9.639013 0.000000 1.021281 91.440948 -0.031832 6.705007 0.159359 
571 9.639013 0.000000 0.528203 99.801375 -0.233536 1.768615 0.003650 
572 9.468453 0.000000 0.528203 -3.569170 -0.938848 2.861667 0.997819 
573 9.639013 0.000000 0.363844 102.833854 -0.125903 16.820616 -0.085775 
574 9.809574 0.000000 0.528203 97.051030 0.015562 20.587335 0.015726 
575 9.553733 0.000000 0.774742 88.033536 -0.624973 2.979152 0.224083 
576 9.468453 0.000000 0.774742 88.797649 -0.712833 19.259599 0.174354 
577 9.553733 0.000000 0.692563 90.935420 -0.657601 7.408706 0.167543 
578 9.639013 0.000000 0.774742 90.081863 -0.493729 2.091479 0.188064 
579 9.553733 0.000000 0.856922 140.282124 -0.246009 -15.769479 -0.992781 
580 9.297892 0.000000 0.528203 88.134409 -0.887167 5.281475 0.220364 
581 9.297892 0.000000 0.363844 99.756246 -0.344454 15.461540 -0.019049 
582 9.383172 0.000000 0.774742 90.081797 -0.662993 20.329450 0.147154 
583 9.297892 0.000000 0.774742 79.062975 -0.554829 4.880689 0.372492 
584 9.383172 0.000000 0.692563 92.667857 -0.748442 1.910438 0.140846 
585 9.383172 0.000000 0.856922 90.706228 -0.252963 29.065530 0.092751 
586 9.809574 0.000000 1.678719 97.046944 0.000000 2.123191 0.057738 
587 10.150695 0.000000 1.678719 97.596919 0.000000 2.084071 0.047050 
588 9.809574 0.000000 2.007437 97.298076 0.000000 2.012349 0.052903 
589 9.639013 0.000000 1.185641 95.093056 0.000000 4.377698 0.093815 
590 9.468453 0.000000 1.185641 94.410854 0.000000 3.279890 0.107583 
591 9.809574 0.000000 1.185641 97.761892 0.000000 5.242529 0.041513 
592 9.639013 0.000000 1.350000 95.736051 0.000000 2.744782 0.082707 
593 9.553733 0.000000 0.939102 106.044295 -0.135221 -1.268670 -0.124702 
594 9.468453 0.000000 0.939102 108.541094 -0.121554 8.910565 -0.186058 
595 9.639013 0.000000 0.939102 87.678609 -0.095459 6.100544 0.227524 
596 9.553733 0.000000 1.021281 96.852419 -0.028815 3.312183 0.060864 
597 9.511093 0.000000 0.815832 152.957640 -0.452010 -9.783539 -1.349196 
598 9.468453 0.000000 0.815832 150.392705 -0.548826 -5.539959 -1.264896 
599 9.511093 0.000000 0.774742 87.602909 -0.824447 8.959239 0.224478 
600 9.553733 0.000000 0.815832 130.064525 -0.439634 -8.756025 -0.699364 
601 9.511093 0.000000 0.856922 148.389664 -0.325396 -9.216890 -1.210455 
602 9.297892 0.000000 1.185641 93.290934 0.000000 2.009177 0.129276 
603 9.297892 0.000000 1.350000 94.194868 0.000000 1.183798 0.112593 
604 9.383172 0.000000 0.939102 94.324434 -0.109669 17.457333 0.079813 
605 9.297892 0.000000 0.939102 90.102848 -0.049630 6.487408 0.183939 
606 9.383172 0.000000 1.021281 93.930661 -0.045510 8.982075 0.109635 
607 9.425812 0.000000 0.815832 99.333031 -0.469817 25.776441 -0.053170 
608 9.383172 0.000000 0.815832 88.511546 -0.531518 23.487587 0.161376 
609 9.425812 0.000000 0.774742 89.943137 -0.668639 20.230647 0.150051 
610 9.425812 0.000000 0.856922 107.161956 -0.338262 23.327954 -0.202799 
611 9.511093 0.000000 0.898012 174.235336 -0.046427 -18.380689 -2.069580 
612 9.468453 0.000000 0.898012 127.585640 -0.194888 9.479372 -0.636799 
613 9.553733 0.000000 0.898012 121.512187 -0.216864 -9.539322 -0.485626 
614 9.511093 0.000000 0.939102 117.031792 -0.195041 0.077951 -0.369648 
615 9.489773 0.000000 0.836377 155.131205 -0.472146 -6.814117 -1.411235 
616 9.468453 0.000000 0.836377 153.363822 -0.479357 -5.045511 -1.354615 
617 9.489773 0.000000 0.815832 152.992712 -0.492820 -6.472803 -1.344891 
618 9.511093 0.000000 0.836377 160.459122 -0.404378 -12.379436 -1.590054 
619 9.489773 0.000000 0.856922 154.975321 -0.346651 -6.639279 -1.406155 
620 11.515179 0.000000 0.692563 96.001375 0.527792 6.562780 0.074039 
621 11.515179 0.000000 0.035125 96.560604 -0.200271 5.033339 0.065068 
622 12.197421 0.000000 0.692563 98.005449 0.849382 6.591845 0.035076 
623 11.515179 0.000000 1.350000 97.286209 -0.826432 4.813720 0.051154 
624 10.491816 0.000000 1.021281 117.326618 1.091762 -6.607867 -0.381039 
625 10.491816 0.000000 0.692563 77.490037 2.662719 -0.403877 0.398804 
626 10.832937 0.000000 1.021281 92.226420 -0.932192 1.077500 0.149226 
627 10.491816 0.000000 1.350000 97.776423 -0.000000 0.922726 0.043892 
628 9.980134 0.000000 0.856922 97.907713 0.235866 -0.496931 0.041378 
629 9.980134 0.000000 0.692563 104.211649 0.215513 -2.946436 -0.086880 
630 10.150695 0.000000 0.856922 102.978309 2.139094 8.999772 -0.069010 
631 9.980134 0.000000 1.021281 102.122443 0.067987 -1.459207 -0.043113 
632 9.980134 0.000000 1.185641 98.879556 0.047089 4.226741 0.020497 
633 10.150695 0.000000 1.185641 100.917491 0.038435 3.307988 -0.019528 
634 9.980134 0.000000 1.350000 97.787173 0.000000 2.944323 0.042900 
635 9.894854 0.000000 0.939102 121.801616 0.123246 -55.437437 -0.790896 
636 9.809574 0.000000 0.939102 102.182228 -0.055429 15.974553 -0.069640 
637 9.894854 0.000000 0.856922 121.390421 0.189969 -83.184083 -1.165526 
638 9.980134 0.000000 0.939102 98.680257 0.172196 -2.147654 0.025756 
639 9.894854 0.000000 1.021281 110.667014 0.036547 0.849823 -0.224791 
640 9.724293 0.000000 0.939102 87.943570 -0.113858 25.389819 0.162127 
641 9.724293 0.000000 0.856922 85.014514 -0.241297 25.610181 0.211659 
642 9.724293 0.000000 1.021281 94.159417 -0.028927 15.263264 0.090104 
643 10.491816 0.000000 0.363844 79.896402 0.722614 33.893115 0.246730 
644 10.491816 0.000000 0.035125 91.721136 -0.444705 13.510557 0.140450 
645 10.832937 0.000000 0.363844 89.153095 -0.370984 10.079155 0.195000 
646 9.980134 0.000000 0.528203 97.482317 -0.015165 16.059448 0.023929 
647 9.980134 0.000000 0.363844 91.483332 -0.009849 33.923571 0.047999 
648 10.150695 0.000000 0.528203 89.115636 0.348765 25.885765 0.138821 
649 9.894854 0.000000 0.774742 96.522315 0.083603 4.854893 0.065987 
650 9.809574 0.000000 0.774742 94.945870 0.065622 7.626781 0.092711 
651 9.894854 0.000000 0.692563 101.323042 0.096511 -1.131230 -0.026765 
652 9.980134 0.000000 0.774742 101.636153 0.173286 -0.940219 -0.033082 
653 9.852214 0.000000 0.898012 120.224113 -0.130167 -85.093967 -1.169484 
654 9.809574 0.000000 0.898012 95.772763 -0.110385 26.300446 0.013585 
655 9.852214 0.000000 0.856922 109.134723 0.028226 -31.125941 -0.287921 
656 9.894854 0.000000 0.898012 132.566681 0.214046 -115.553531 -2.092659 
657 9.852214 0.000000 0.939102 115.682054 0.021551 -11.266157 -0.350926 
658 9.724293 0.000000 0.774742 87.880662 -0.363277 11.621336 0.214180 
659 9.724293 0.000000 0.692563 96.259127 -0.290636 6.408363 0.069303 
660 9.852214 0.000000 0.815832 99.565445 -0.080158 -4.971452 0.006200 
661 9.809574 0.000000 0.815832 89.036991 -0.124060 29.617319 0.119521 
662 9.852214 0.000000 0.774742 96.105989 0.056685 5.227166 0.073631 
663 9.894854 0.000000 0.815832 107.830105 0.067098 -26.422677 -0.232549 
664 10.321255 0.000000 0.856922 98.086167 2.580289 -0.896924 0.037164 
665 10.321255 0.000000 0.692563 91.951828 1.665427 8.444770 0.147077 
666 10.491816 0.000000 0.856922 81.353069 3.627983 -13.455067 0.318748 
667 10.321255 0.000000 1.021281 104.501055 0.721064 -16.377188 -0.118920 
668 10.065414 0.000000 0.939102 96.168243 0.237338 15.508235 0.051111 
669 10.065414 0.000000 0.856922 96.994115 0.387731 9.155151 0.050817 
670 10.150695 0.000000 0.939102 110.205077 1.035310 26.047985 -0.282473 
671 10.065414 0.000000 1.021281 98.993372 0.074831 9.120889 0.011712 
672 9.937494 0.000000 0.898012 98.040489 0.237062 -33.042209 -0.070378 
673 9.937494 0.000000 0.856922 113.077419 0.214867 -52.667495 -0.556041 
674 9.980134 0.000000 0.898012 95.862560 0.291897 -1.151578 0.080896 
675 9.937494 0.000000 0.939102 114.698885 0.112113 -32.127056 -0.418799 
676 9.873534 0.000000 0.877467 121.042564 -0.043649 -80.727967 -1.116831 
677 9.852214 0.000000 0.877467 121.538188 -0.223416 -95.169439 -1.382880 
678 9.873534 0.000000 0.856922 113.189867 0.068629 -46.155809 -0.494231 
679 9.894854 0.000000 0.877467 126.957227 0.212071 -97.641877 -1.565212 
680 9.873534 0.000000 0.898012 124.972693 -0.018790 -88.026147 -1.336678 
681 11.515179 0.000000 2.007437 98.700498 -0.712917 2.824644 0.024972 
682 12.197421 0.000000 2.007437 98.792189 -0.583602 3.771040 0.022554 
683 11.515179 0.000000 2.664875 99.174963 -1.491157 2.250084 0.015704 
684 10.491816 0.000000 1.678719 97.701269 -0.000000 2.031746 0.045033 
685 10.832937 0.000000 1.678719 97.780296 -0.876896 2.226733 0.043329 
686 10.491816 0.000000 2.007437 97.797823 -0.000000 2.370622 0.042997 
687 10.321255 0.000000 1.185641 100.479064 0.209474 -1.097303 -0.009729 
688 10.491816 0.000000 1.185641 98.522057 -0.000000 -0.728213 0.029287 
689 10.321255 0.000000 1.350000 98.487587 -0.000000 1.321971 0.029845 
690 10.235975 0.000000 0.939102 156.962871 4.416269 -34.788132 -1.586706 
691 10.235975 0.000000 0.856922 101.305343 3.468525 -6.079892 -0.031177 
692 10.321255 0.000000 0.939102 107.489886 3.641645 -25.052019 -0.219494 
693 10.235975 0.000000 1.021281 137.150757 1.332768 -20.966073 -0.925168 
694 10.321255 0.000000 0.528203 81.342763 0.610785 32.700710 0.231365 
695 10.321255 0.000000 0.363844 82.566485 0.499402 35.961238 0.188932 
696 10.491816 0.000000 0.528203 73.823251 1.181617 27.034994 0.381784 
697 10.235975 0.000000 0.774742 96.815163 1.544414 2.140763 0.061986 
698 10.150695 0.000000 0.774742 97.994530 1.254200 1.475856 0.039332 
699 10.235975 0.000000 0.692563 95.866851 1.231107 4.331854 0.078927 
700 10.321255 0.000000 0.774742 95.643074 1.999243 2.966246 0.083961 
701 10.193335 0.000000 0.898012 112.967806 2.280243 9.412029 -0.285551 
702 10.150695 0.000000 0.898012 102.425526 1.390524 22.622762 -0.100471 
703 10.193335 0.000000 0.856922 102.204752 2.375908 6.309891 -0.049127 
704 10.235975 0.000000 0.898012 136.666780 4.824209 -24.310023 -0.929206 
705 10.193335 0.000000 0.939102 152.410773 1.624623 -15.936974 -1.348567 
706 11.174058 0.000000 1.021281 94.708242 -0.847710 5.979909 0.099387 
707 11.174058 0.000000 0.692563 93.232521 0.588743 6.857671 0.126032 
708 11.515179 0.000000 1.021281 96.350710 -1.305740 6.941654 0.066665 
709 11.174058 0.000000 1.350000 96.627593 -0.585479 4.012320 0.064667 
710 10.662376 0.000000 0.856922 84.359317 7.461067 -25.363458 0.218453 
711 10.662376 0.000000 0.692563 65.109370 2.680125 12.651701 0.559352 
712 10.832937 0.000000 0.856922 71.248502 3.859658 -14.008506 0.471252 
713 10.662376 0.000000 1.021281 91.309417 0.808823 -13.724177 0.147358 
714 10.406536 0.000000 0.939102 99.391582 4.153838 -8.745769 0.002757 
715 10.406536 0.000000 0.856922 84.334329 3.309935 -7.637146 0.281844 
716 10.491816 0.000000 0.939102 112.977891 5.246201 -7.306691 -0.284491 
717 10.406536 0.000000 1.021281 101.330226 0.675263 -6.394026 -0.030915 
718 10.278615 0.000000 0.898012 124.777499 4.458996 -25.952450 -0.626284 
719 10.278615 0.000000 0.856922 98.669142 3.112687 -1.332493 0.025294 
720 10.321255 0.000000 0.898012 101.393410 4.434677 -18.473803 -0.064157 
721 10.278615 0.000000 0.939102 130.768383 3.612262 -32.073440 -0.814212 
722 10.235975 0.000000 1.103461 109.946810 0.394068 -1.863852 -0.209193 
723 10.150695 0.000000 1.103461 106.349457 0.378730 6.561852 -0.135341 
724 10.321255 0.000000 1.103461 103.920715 0.389188 -6.935702 -0.084777 
725 10.235975 0.000000 1.185641 101.591355 0.000000 1.073419 -0.032196 
726 10.193335 0.000000 0.980191 135.875414 1.148030 3.915239 -0.847878 
727 10.150695 0.000000 0.980191 114.721559 0.932256 22.052288 -0.364821 
728 10.235975 0.000000 0.980191 149.094049 1.202332 -21.627215 -1.269822 
729 10.193335 0.000000 1.021281 125.785039 1.018688 0.578317 -0.582325 
730 10.214655 0.000000 0.918557 152.538232 2.327618 -22.475881 -1.377850 
731 10.193335 0.000000 0.918557 149.478554 1.887416 -17.174112 -1.264235 
732 10.214655 0.000000 0.898012 131.927835 3.509769 -9.185421 -0.750164 
733 10.235975 0.000000 0.918557 151.982455 4.689825 -33.034033 -1.421191 
734 10.214655 0.000000 0.939102 157.840033 2.066987 -25.399283 -1.556287 
735 10.662376 0.000000 1.185641 96.146250 0.000000 -0.509521 0.075564 
736 10.832937 0.000000 1.185641 95.037654 -0.810422 1.871795 0.096368 
737 10.662376 0.000000 1.350000 96.701419 0.000000 1.366499 0.064697 
738 10.577096 0.000000 0.939102 99.996679 1.595215 -38.164860 -0.145844 
739 10.577096 0.000000 0.856922 78.708669 7.564699 -32.136690 0.271495 
740 10.662376 0.000000 0.939102 86.474889 1.349162 -18.857551 0.216467 
741 10.577096 0.000000 1.021281 101.074623 0.973087 -23.241450 -0.075719 
742 13.561905 0.000000 -6.539249 99.575161 -0.173053 5.763556 0.005154 
743 13.561905 0.000000 -9.168999 99.636795 -0.185489 6.190199 0.003416 
744 16.290874 0.000000 -6.539249 99.614924 -0.169194 5.715262 0.004417 
745 12.197421 0.000000 -2.594624 99.070322 0.097991 4.739988 0.016259 
746 12.197421 0.000000 -3.909499 99.343878 0.070315 5.130888 0.010446 
747 13.561905 0.000000 -2.594624 99.368028 0.055481 4.602541 0.010481 
748 11.515179 0.000000 -0.622312 97.513936 -0.136781 4.730794 0.046863 
749 11.515179 0.000000 -1.279750 98.203310 0.270467 4.703504 0.033391 
750 12.197421 0.000000 -0.622312 98.347199 0.005363 4.440910 0.030811 
751 11.174058 0.000000 0.363844 93.987223 -0.093668 6.610397 0.112270 
752 11.174058 0.000000 0.035125 95.438350 -0.209324 6.473772 0.084957 
753 11.515179 0.000000 0.363844 96.155094 -0.070606 5.384502 0.072520 
754 10.662376 0.000000 0.528203 64.834401 1.433415 24.121058 0.521262 
755 10.662376 0.000000 0.363844 74.129562 0.783865 47.602849 0.223816 
756 10.832937 0.000000 0.528203 57.631378 2.254632 36.924285 0.531014 
757 10.577096 0.000000 0.774742 75.093207 3.183176 -7.008384 0.430176 
758 10.491816 0.000000 0.774742 78.767232 3.028512 -5.699778 0.375406 
759 10.577096 0.000000 0.692563 71.081614 2.503273 4.666987 0.491936 
760 10.662376 0.000000 0.774742 69.793576 3.497069 -9.861381 0.501938 
761 10.534456 0.000000 0.898012 113.265309 11.931051 -32.025939 -0.399704 
762 10.491816 0.000000 0.898012 102.561754 6.743849 -8.419418 -0.063528 
763 10.534456 0.000000 0.856922 79.837395 4.023528 -17.106770 0.331716 
764 10.577096 0.000000 0.898012 73.846122 5.627275 -57.630876 0.119377 
765 10.534456 0.000000 0.939102 116.217074 5.120004 -25.520568 -0.418392 
766 10.406536 0.000000 0.774742 82.099829 2.892552 -4.460415 0.323136 
767 10.406536 0.000000 0.692563 79.436805 1.522703 6.531386 0.364482 
768 10.449176 0.000000 0.898012 100.230253 4.267203 -2.215591 -0.006922 
769 10.406536 0.000000 0.898012 94.172172 4.246756 -7.443977 0.105815 
770 10.449176 0.000000 0.856922 82.637162 3.342260 -8.449188 0.308854 
771 10.449176 0.000000 0.939102 103.299567 3.541409 0.056213 -0.068335 
772 10.577096 0.000000 1.103461 99.102025 0.636526 -5.626088 0.014673 
773 10.491816 0.000000 1.103461 102.029717 0.298025 -3.212116 -0.042047 
774 10.662376 0.000000 1.103461 95.257211 0.372062 -4.269716 0.090769 
775 10.577096 0.000000 1.185641 97.439249 -0.000000 -0.987187 0.050462 
776 10.534456 0.000000 0.980191 120.348463 1.263044 -19.351098 -0.485981 
777 10.491816 0.000000 0.980191 122.993184 1.158673 -7.616339 -0.518667 
778 10.577096 0.000000 0.980191 99.717259 1.219748 -27.093575 -0.067908 
779 10.534456 0.000000 1.021281 116.850022 1.058318 -18.197306 -0.398619 
780 10.513136 0.000000 0.918557 146.206183 6.814000 -5.706092 -1.145524 
781 10.491816 0.000000 0.918557 106.489963 6.185066 -7.651474 -0.143691 
782 10.513136 0.000000 0.898012 100.852793 7.543429 -15.591756 -0.047129 
783 10.534456 0.000000 0.918557 126.542033 11.337977 -21.474697 -0.660260 
784 10.513136 0.000000 0.939102 112.503536 5.512421 -13.265497 -0.286341 
785 11.003497 0.000000 0.856922 91.297552 -0.491943 5.568602 0.163351 
786 11.003497 0.000000 0.692563 89.927281 0.458452 6.787444 0.186680 
787 11.174058 0.000000 0.856922 93.725873 -0.369724 6.798551 0.116910 
788 11.003497 0.000000 1.021281 93.466812 -0.884704 4.691735 0.124116 
789 10.747657 0.000000 0.774742 68.264323 6.108263 -26.590127 0.459564 
790 10.747657 0.000000 0.692563 67.972360 3.172524 -3.638318 0.535646 
791 10.832937 0.000000 0.774742 70.174050 3.582009 -10.896923 0.494403 
792 10.747657 0.000000 0.856922 82.361337 2.680987 -11.246165 0.308295 
793 2.987153 0.000000 1.678719 116.487508 -0.420811 9.309843 -0.365619 
794 2.646032 0.000000 1.678719 112.939380 -0.524765 17.692306 -0.306860 
795 3.328274 0.000000 1.678719 111.696153 -0.410007 0.000000 -0.247620 
796 2.987153 0.000000 2.007437 111.094189 -0.371270 9.120974 -0.242525 
797 2.816592 0.000000 1.185641 99.825361 -0.008244 58.147198 -0.334620 
798 2.646032 0.000000 1.185641 83.048181 0.001215 54.525963 0.012992 
799 2.987153 0.000000 1.185641 111.534935 -0.096966 12.691804 -0.260113 
800 2.816592 0.000000 1.350000 94.818886 -0.021755 44.093395 -0.093485 
801 4.692758 0.000000 2.007437 105.814417 -0.065715 0.426172 -0.119688 
802 4.692758 0.000000 2.664875 105.272881 0.015604 1.558164 -0.108481 
803 5.033879 0.000000 1.021281 107.253607 -0.135696 0.110106 -0.150337 
804 4.692758 0.000000 1.021281 108.201234 -0.186851 0.218212 -0.170759 
805 5.033879 0.000000 0.692563 106.307884 -0.103779 0.000000 -0.130138 
806 5.033879 0.000000 1.350000 107.248529 -0.135493 0.109354 -0.150228 
807 5.033879 0.000000 1.678719 106.307884 -0.103779 0.000000 -0.130138 
808 4.692758 0.000000 1.678719 106.307884 -0.103779 0.000000 -0.130138 
809 5.375000 0.000000 1.678719 104.776565 0.064453 -5.137442 -0.100453 
810 5.033879 0.000000 2.007437 105.012438 0.089640 -1.146078 -0.102893 
811 5.204439 0.000000 1.185641 106.459341 -0.107578 -0.484473 -0.133384 
812 5.033879 0.000000 1.185641 107.119672 -0.130317 0.090206 -0.147465 
813 5.204439 0.000000 1.021281 103.661883 -0.109316 -7.258071 -0.079848 
814 5.375000 0.000000 1.185641 79.963413 -0.006018 -39.924762 0.201187 
815 5.204439 0.000000 1.350000 103.667335 -0.109186 -7.237987 -0.079932 
816 5.716121 0.000000 0.363844 -0.031365 0.216592 -1.141700 0.999865 
817 5.375000 0.000000 0.363844 1.955261 0.155483 -0.824001 0.999547 
818 5.716121 0.000000 0.035125 -2.972278 0.119441 -1.291467 0.998948 
819 6.057242 0.000000 0.363844 -1.514345 0.041993 -0.403641 0.999754 
820 5.545561 0.000000 0.856922 26.943186 0.225295 -13.272433 0.909786 
821 5.375000 0.000000 0.856922 20.787889 0.230423 -18.255613 0.923454 
822 5.545561 0.000000 0.692563 57.734803 0.169543 -0.263644 0.666659 
823 5.716121 0.000000 0.856922 63.293993 0.133102 -0.340186 0.599374 
824 5.545561 0.000000 1.021281 34.091995 0.129814 -34.876303 0.762136 
825 10.747657 0.000000 0.939102 80.898634 2.232157 -14.310427 0.324564 
826 10.832937 0.000000 0.939102 75.033405 4.348365 -27.557630 0.359166 
827 10.747657 0.000000 1.021281 89.188722 1.570370 -16.331734 0.177618 
828 11.174058 0.000000 1.678719 97.696672 -0.675030 3.166042 0.044488 
829 11.515179 0.000000 1.678719 98.140800 -0.648009 3.384443 0.035651 
830 11.174058 0.000000 2.007437 98.721755 -0.791419 2.220765 0.024846 
831 11.003497 0.000000 1.185641 95.271528 -0.712202 3.498321 0.091059 
832 11.174058 0.000000 1.185641 95.764422 -0.562903 4.872506 0.080512 
833 11.003497 0.000000 1.350000 96.446236 -0.647065 3.093967 0.068813 
834 10.662376 0.000000 1.514359 96.993426 0.000000 2.065963 0.058801 
835 10.491816 0.000000 1.514359 97.564620 -0.000000 1.724630 0.047817 
836 10.832937 0.000000 1.514359 97.146600 -0.891287 2.559411 0.055519 
837 10.662376 0.000000 1.678719 97.807128 0.000000 2.275581 0.042859 
838 10.747657 0.000000 1.267820 96.401820 0.000000 0.830321 0.070600 
839 10.662376 0.000000 1.267820 96.628551 0.000000 0.602235 0.066256 
840 10.747657 0.000000 1.185641 95.607262 0.000000 -0.208397 0.085921 
841 10.832937 0.000000 1.267820 95.831308 -0.687181 2.202376 0.081104 
842 10.747657 0.000000 1.350000 96.554994 0.000000 1.509209 0.067486 
843 10.577096 0.000000 1.267820 97.258077 -0.000000 0.337911 0.054075 
844 10.491816 0.000000 1.267820 97.801625 -0.000000 0.339190 0.043473 
845 10.577096 0.000000 1.350000 97.122424 -0.000000 1.086512 0.056605 
846 9.297892 0.000000 1.514359 94.421925 0.000000 1.101295 0.108329 
847 9.127332 0.000000 1.514359 91.803492 -0.000000 1.403074 0.157015 
848 9.468453 0.000000 1.514359 95.326493 0.000000 1.580658 0.091036 
849 9.297892 0.000000 1.678719 95.427538 0.000000 1.337073 0.089180 
850 9.383172 0.000000 1.267820 94.371857 0.000000 1.953632 0.109014 
851 9.297892 0.000000 1.267820 94.069754 0.000000 1.399197 0.114892 
852 9.383172 0.000000 1.185641 93.712336 0.000000 2.784207 0.121025 
853 9.468453 0.000000 1.267820 94.829565 0.000000 2.561511 0.100079 
854 9.383172 0.000000 1.350000 94.354208 0.000000 1.500307 0.109503 
855 8.956771 0.000000 1.514359 86.775419 -0.000000 3.092831 0.246046 
856 8.786211 0.000000 1.514359 97.243960 2.095737 -1.364819 0.053736 
857 8.956771 0.000000 1.678719 97.436500 3.156944 -0.630701 0.049576 
858 8.871491 0.000000 1.267820 86.192224 -0.000000 2.476186 0.256477 
859 8.786211 0.000000 1.267820 96.145958 2.756525 -1.527678 0.074602 
860 8.871491 0.000000 1.185641 86.869678 -0.000000 2.514786 0.244733 
861 8.956771 0.000000 1.267820 88.592570 -0.000000 1.986955 0.214741 
862 8.871491 0.000000 1.350000 86.095561 -0.000000 3.501346 0.257530 
863 11.003497 0.000000 1.514359 97.223674 -0.647802 2.810217 0.053924 
864 11.174058 0.000000 1.514359 97.223716 -0.609809 3.513139 0.053484 
865 11.003497 0.000000 1.678719 97.693126 -0.649359 2.586897 0.044894 
866 10.747657 0.000000 1.432180 97.159793 0.000000 1.830902 0.055662 
867 10.662376 0.000000 1.432180 97.176654 0.000000 1.655194 0.055396 
868 10.832937 0.000000 1.432180 96.823588 -0.827577 2.503028 0.061824 
869 10.747657 0.000000 1.514359 96.965575 0.000000 2.175532 0.059294 
870 10.321255 0.000000 1.514359 97.871116 -0.000000 1.807206 0.041798 
871 10.150695 0.000000 1.514359 97.673934 0.000000 2.098861 0.045540 
872 10.321255 0.000000 1.678719 97.749496 -0.000000 2.074044 0.044073 
873 10.577096 0.000000 1.432180 97.375416 -0.000000 1.488591 0.051581 
874 10.491816 0.000000 1.432180 97.550455 -0.000000 1.361369 0.048206 
875 10.577096 0.000000 1.514359 97.191346 -0.000000 1.858940 0.055039 
876 9.639013 0.000000 1.514359 95.987444 0.000000 2.161260 0.078174 
877 9.809574 0.000000 1.514359 96.810703 0.000000 2.565803 0.062110 
878 9.639013 0.000000 1.678719 96.671157 0.000000 1.881077 0.065115 
879 9.383172 0.000000 1.432180 94.961343 0.000000 1.419331 0.098033 
880 9.297892 0.000000 1.432180 94.782116 0.000000 1.212577 0.101488 
881 9.468453 0.000000 1.432180 95.454040 0.000000 1.842772 0.088513 
882 9.383172 0.000000 1.514359 94.872166 0.000000 1.335804 0.099749 
883 9.042051 0.000000 1.432180 90.687883 -0.000000 1.716397 0.177276 
884 8.956771 0.000000 1.432180 87.274663 -0.000000 2.613079 0.237630 
885 9.042051 0.000000 1.350000 90.553705 -0.000000 1.386863 0.179810 
886 9.127332 0.000000 1.432180 93.668216 0.000000 1.181108 0.122487 
887 9.042051 0.000000 1.514359 88.646002 -0.000000 2.501302 0.213563 
888 27.206747 0.000000 64.463992 99.773600 0.002723 6.939990 -0.000293 
889 5.375000 0.000000 64.463992 99.776591 0.001779 6.953087 -0.000371 
890 49.038495 0.000000 64.463992 99.768537 0.003296 6.932206 -0.000182 
891 27.206747 0.000000 85.501989 99.766814 0.001838 6.957179 -0.000182 
892 16.290874 0.000000 32.906996 99.804953 0.002952 6.841132 -0.000783 
893 5.375000 0.000000 32.906996 99.815499 -0.000638 6.885294 -0.001054 
894 27.206747 0.000000 32.906996 99.801895 0.006117 6.808612 -0.000678 
895 16.290874 0.000000 43.425995 99.796854 0.002754 6.902197 -0.000705 
896 10.832937 0.000000 17.128498 99.868088 0.048143 6.502887 -0.001592 
897 5.375000 0.000000 17.128498 99.912039 0.034675 6.627149 -0.002634 
898 16.290874 0.000000 17.128498 99.865725 0.062199 6.414013 -0.001431 
899 10.832937 0.000000 22.387997 99.846985 0.018255 6.709488 -0.001444 
900 8.103968 0.000000 9.239249 100.364283 0.344976 5.515400 -0.010353 
901 5.375000 0.000000 9.239249 100.679083 0.291977 5.914416 -0.017134 
902 10.832937 0.000000 9.239249 100.105123 0.228093 5.401109 -0.005026 
903 8.103968 0.000000 11.868999 100.202250 0.164758 6.067245 -0.007733 
904 9.468453 0.000000 5.294624 100.450678 0.388782 3.345757 -0.010168 
905 8.103968 0.000000 5.294624 100.792086 0.197592 3.350052 -0.017031 
906 10.832937 0.000000 5.294624 100.085434 0.385959 3.655292 -0.003060 
907 9.468453 0.000000 6.609499 100.360479 0.227135 4.296175 -0.009073 
908 8.786211 0.000000 3.322312 100.721402 0.563978 1.721851 -0.014808 
909 8.103968 0.000000 3.322312 101.025676 0.515317 1.463769 -0.020860 
910 9.468453 0.000000 3.322312 100.262473 1.756829 2.049736 -0.005985 
911 8.786211 0.000000 3.979750 100.273501 0.424017 2.556685 -0.006149 
912 9.127332 0.000000 2.336156 98.813033 2.239809 0.581884 0.023063 
913 8.786211 0.000000 2.336156 98.990074 1.102950 0.064612 0.019974 
914 9.468453 0.000000 2.336156 95.351722 0.000000 2.365094 0.090246 
915 9.127332 0.000000 2.664875 99.218408 1.492800 0.941795 0.015259 
916 9.297892 0.000000 1.843078 94.737574 0.000000 1.641382 0.102210 
917 9.127332 0.000000 1.843078 87.948537 -0.000000 3.659288 0.225166 
918 9.468453 0.000000 1.843078 96.182327 0.000000 1.657222 0.074621 
919 9.297892 0.000000 2.007437 93.176979 -0.000000 2.374698 0.131241 
920 9.383172 0.000000 1.596539 95.542931 0.000000 1.430047 0.086950 
921 9.297892 0.000000 1.596539 95.252692 0.000000 1.288890 0.092526 
922 9.468453 0.000000 1.596539 95.792373 0.000000 1.507521 0.082155 
923 9.383172 0.000000 1.678719 95.789970 0.000000 1.362775 0.082242 
924 10.150695 0.000000 3.322312 99.490844 0.000000 4.189679 0.008402 
925 10.832937 0.000000 3.322312 99.644134 -1.719573 2.480363 0.006194 
926 10.150695 0.000000 3.979750 100.057118 1.261988 2.521715 -0.001938 
927 9.809574 0.000000 2.336156 97.095366 0.000000 2.131136 0.056795 
928 10.150695 0.000000 2.336156 97.645276 0.000000 2.393574 0.045967 
929 9.809574 0.000000 2.664875 97.365079 0.000000 2.434469 0.051411 
930 9.639013 0.000000 1.843078 96.774736 0.000000 1.919524 0.063097 
931 9.809574 0.000000 1.843078 97.050542 0.000000 1.992635 0.057722 
932 9.639013 0.000000 2.007437 96.973043 0.000000 2.017140 0.059216 
933 9.553733 0.000000 1.596539 96.319523 0.000000 1.839840 0.071916 
934 9.553733 0.000000 1.514359 95.675382 0.000000 1.844299 0.084282 
935 9.639013 0.000000 1.596539 96.464103 0.000000 2.041711 0.069051 
936 9.553733 0.000000 1.678719 96.522126 0.000000 1.827484 0.068014 
937 9.425812 0.000000 1.555449 95.323642 0.000000 1.376791 0.091151 
938 9.383172 0.000000 1.555449 95.216363 0.000000 1.377028 0.093195 
939 9.425812 0.000000 1.514359 94.963585 0.000000 1.347745 0.098010 
940 9.468453 0.000000 1.555449 95.571423 0.000000 1.512602 0.086382 
941 9.425812 0.000000 1.596539 95.637226 0.000000 1.414770 0.085152 
942 10.491816 0.000000 2.336156 98.294272 -0.000000 2.328051 0.033282 
943 10.832937 0.000000 2.336156 98.793779 -1.115274 2.267267 0.023340 
944 10.491816 0.000000 2.664875 98.441273 -0.000000 2.736207 0.030183 
945 10.662376 0.000000 1.843078 97.889198 0.000000 2.564226 0.041113 
946 10.491816 0.000000 1.843078 97.761524 -0.000000 2.240170 0.043767 
947 10.832937 0.000000 1.843078 98.117043 -0.851926 2.249516 0.036726 
948 10.662376 0.000000 2.007437 98.110824 0.000000 2.486869 0.036808 
949 9.383172 0.000000 1.760898 95.571326 0.000000 1.400634 0.086416 
950 9.297892 0.000000 1.760898 94.772541 0.000000 1.373118 0.101628 
951 9.468453 0.000000 1.760898 95.886211 0.000000 1.460609 0.080370 
952 9.383172 0.000000 1.843078 95.552843 0.000000 1.515138 0.086736 
953 13.561905 0.000000 9.239249 99.975155 0.182054 5.361707 -0.002381 
954 16.290874 0.000000 9.239249 99.872721 0.137593 5.399105 -0.000373 
955 13.561905 0.000000 11.868999 99.949791 0.111680 5.895361 -0.002473 
956 12.197421 0.000000 5.294624 99.802454 0.304886 4.013907 0.002327 
957 13.561905 0.000000 5.294624 99.765873 0.282453 4.177523 0.002924 
958 12.197421 0.000000 6.609499 99.905833 0.185256 4.536464 -0.000179 
959 11.515179 0.000000 3.322312 99.579937 -0.966842 2.461158 0.007684 
960 12.197421 0.000000 3.322312 99.614438 0.284231 1.958544 0.007305 
961 11.515179 0.000000 3.979750 99.798177 1.369173 3.058085 0.002910 
962 11.174058 0.000000 2.336156 99.132007 -0.801399 2.126880 0.016768 
963 11.515179 0.000000 2.336156 99.022981 -0.473033 2.521779 0.018787 
964 11.174058 0.000000 2.664875 99.373936 -0.688323 2.270541 0.011919 
965 11.003497 0.000000 1.843078 98.051221 -0.729399 2.478713 0.037928 
966 11.174058 0.000000 1.843078 98.052186 -0.733429 2.918439 0.037671 
967 11.003497 0.000000 2.007437 98.387400 -0.647786 2.308038 0.031417 
968 10.747657 0.000000 1.760898 97.723633 0.000000 2.484387 0.044392 
969 10.662376 0.000000 1.760898 97.693425 0.000000 2.440009 0.045004 
970 10.747657 0.000000 1.678719 97.811860 0.000000 2.316392 0.042747 
971 10.832937 0.000000 1.760898 97.962821 -0.853925 2.227026 0.039760 
972 10.747657 0.000000 1.843078 97.915687 0.000000 2.579275 0.040587 
973 10.321255 0.000000 1.843078 97.718339 0.000000 2.184648 0.044635 
974 10.150695 0.000000 1.843078 97.629882 0.000000 2.079848 0.046408 
975 10.321255 0.000000 2.007437 97.673576 0.000000 2.247478 0.045482 
976 10.577096 0.000000 1.760898 97.681015 -0.000000 2.324164 0.045302 
977 10.491816 0.000000 1.760898 97.718353 -0.000000 2.145230 0.044652 
978 10.577096 0.000000 1.678719 97.750636 -0.000000 2.153314 0.044018 
979 10.577096 0.000000 1.843078 97.867419 -0.000000 2.427304 0.041608 
980 8.956771 0.000000 1.843078 97.864862 2.444230 -0.415180 0.041632 
981 8.786211 0.000000 1.843078 98.068061 1.581845 -0.802653 0.037951 
982 8.956771 0.000000 2.007437 98.375803 1.995678 -0.153602 0.031820 
983 9.042051 0.000000 1.760898 87.609214 -0.000000 3.631433 0.231144 
984 8.956771 0.000000 1.760898 97.666986 2.749307 -0.512311 0.045334 
985 9.042051 0.000000 1.678719 88.201494 -0.000000 3.160489 0.221051 
986 9.127332 0.000000 1.760898 89.481372 -0.000000 2.870650 0.198484 
987 9.042051 0.000000 1.843078 85.293090 -0.000000 4.371229 0.270598 
988 10.662376 0.000000 2.171797 98.383067 0.000000 2.367607 0.031517 
989 10.491816 0.000000 2.171797 97.840603 -0.000000 2.457192 0.042118 
990 10.832937 0.000000 2.171797 98.616151 -0.951827 2.249039 0.026889 
991 10.662376 0.000000 2.336156 98.434651 0.000000 2.485414 0.030444 
992 10.747657 0.000000 1.925258 97.727312 0.000000 2.607232 0.044257 
993 10.662376 0.000000 1.925258 97.684943 0.000000 2.614170 0.045082 
994 10.832937 0.000000 1.925258 98.219119 -0.852987 2.258535 0.034718 
995 10.747657 0.000000 2.007437 98.239658 0.000000 2.365292 0.034337 
996 10.577096 0.000000 1.925258 97.603982 -0.000000 2.538451 0.046702 
997 10.491816 0.000000 1.925258 97.431656 -0.000000 2.362439 0.050149 
998 10.577096 0.000000 2.007437 97.944006 -0.000000 2.542275 0.040051 
999 9.297892 0.000000 2.171797 91.691916 -0.000000 3.148128 0.158268 
1000 9.127332 0.000000 2.171797 98.559711 2.944023 0.379966 0.027717 
1001 9.468453 0.000000 2.171797 96.018113 0.000000 1.871276 0.077702 
1002 9.297892 0.000000 2.336156 88.389215 -0.000000 4.530140 0.216682 
1003 9.383172 0.000000 1.925258 94.951970 0.000000 1.396295 0.098217 
1004 9.297892 0.000000 1.925258 93.895028 0.000000 1.640185 0.118103 
1005 9.468453 0.000000 1.925258 95.762382 0.000000 1.529119 0.082723 
1006 9.383172 0.000000 2.007437 95.484706 0.000000 1.692371 0.087981 
1007 9.212612 0.000000 1.925258 90.854217 -0.000000 2.706425 0.173819 
1008 9.127332 0.000000 1.925258 87.851617 -0.000000 3.769122 0.226789 
1009 9.212612 0.000000 1.843078 91.703008 -0.000000 2.541268 0.158410 
1010 9.212612 0.000000 2.007437 89.084683 -0.000000 3.621403 0.205080 
1011 9.639013 0.000000 2.171797 96.824090 0.000000 2.051683 0.062089 
1012 9.809574 0.000000 2.171797 97.142021 0.000000 2.050016 0.055923 
1013 9.639013 0.000000 2.336156 96.719723 0.000000 2.213762 0.064039 
1014 9.383172 0.000000 2.089617 95.567855 0.000000 1.883242 0.086324 
1015 9.297892 0.000000 2.089617 92.784901 -0.000000 2.713613 0.138360 
1016 9.468453 0.000000 2.089617 96.198091 0.000000 1.719323 0.074297 
1017 9.383172 0.000000 2.171797 94.998629 -0.000000 2.057046 0.097103 
1018 9.127332 0.000000 2.993594 99.489631 1.276677 1.612182 0.009758 
1019 8.786211 0.000000 2.993594 100.085086 0.695319 1.108530 -0.001874 
1020 9.468453 0.000000 2.993594 87.533149 -0.000000 6.204206 0.229946 
1021 9.127332 0.000000 3.322312 100.446420 0.874691 1.886167 -0.009381 
1022 9.297892 0.000000 2.500515 86.751357 -0.000000 5.576102 0.244311 
1023 9.127332 0.000000 2.500515 99.010470 1.801438 0.763801 0.019310 
1024 9.468453 0.000000 2.500515 93.744714 -0.000000 3.344172 0.120075 
1025 9.297892 0.000000 2.664875 98.947938 2.758211 1.428082 0.019966 
1026 9.383172 0.000000 2.253976 93.250659 -0.000000 2.749178 0.129676 
1027 9.297892 0.000000 2.253976 90.006718 -0.000000 3.875631 0.188377 
1028 9.468453 0.000000 2.253976 95.674040 0.000000 2.128711 0.084195 
1029 9.383172 0.000000 2.336156 91.988415 -0.000000 3.282023 0.152736 
1030 8.445089 0.000000 2.336156 99.270016 0.820035 -0.302232 0.014470 
1031 8.103968 0.000000 2.336156 99.545398 0.653943 -0.493095 0.009004 
1032 8.445089 0.000000 2.664875 99.517070 0.872315 0.246263 0.009553 
1033 8.956771 0.000000 2.171797 98.645996 1.681679 0.084966 0.026613 
1034 8.786211 0.000000 2.171797 98.759112 1.233614 -0.194181 0.024508 
1035 8.956771 0.000000 2.336156 98.887314 1.436933 0.303988 0.021914 
1036 9.212612 0.000000 2.089617 89.428282 -0.000000 3.769228 0.198838 
1037 9.127332 0.000000 2.089617 84.663524 -0.000000 5.165391 0.280541 
1038 9.212612 0.000000 2.171797 88.754242 -0.000000 4.177332 0.210523 
1039 9.340532 0.000000 2.130707 93.506339 -0.000000 2.519711 0.125022 
1040 9.297892 0.000000 2.130707 92.146182 -0.000000 2.969111 0.150027 
1041 9.340532 0.000000 2.089617 94.082770 -0.000000 2.309533 0.114310 
1042 9.383172 0.000000 2.130707 95.315259 0.000000 1.945644 0.091122 
1043 9.340532 0.000000 2.171797 93.395476 -0.000000 2.599601 0.127053 
1044 9.212612 0.000000 2.253976 87.874174 -0.000000 4.595812 0.225701 
1045 9.127332 0.000000 2.253976 98.694588 2.548230 0.469456 0.025266 
1046 9.212612 0.000000 2.336156 84.812003 -0.000000 5.841483 0.277280 
1047 9.340532 0.000000 2.212887 92.726747 -0.000000 2.885114 0.139343 
1048 9.297892 0.000000 2.212887 90.163942 -0.000000 3.770784 0.185624 
1049 9.383172 0.000000 2.212887 94.119574 -0.000000 2.411710 0.113569 
1050 9.340532 0.000000 2.253976 91.381029 -0.000000 3.394617 0.163798 
1051 11.003497 0.000000 2.171797 99.054681 -0.837334 1.789901 0.018427 
1052 11.174058 0.000000 2.171797 98.949394 -0.772221 2.207785 0.020355 
1053 11.003497 0.000000 2.336156 99.196533 -1.024663 1.986578 0.015505 
1054 10.491816 0.000000 2.993594 99.308166 -0.000000 3.282043 0.012712 
1055 10.150695 0.000000 2.993594 98.574014 -0.000000 3.252251 0.027259 
1056 10.832937 0.000000 2.993594 99.679426 -0.630752 2.203579 0.005876 
1057 10.491816 0.000000 3.322312 99.636517 -0.000000 4.527788 0.005206 
1058 10.662376 0.000000 2.500515 98.925254 0.000000 2.634517 0.020685 
1059 10.491816 0.000000 2.500515 98.681699 -0.000000 2.484890 0.025575 
1060 10.832937 0.000000 2.500515 99.476051 -0.783156 1.747228 0.010085 
1061 10.662376 0.000000 2.664875 99.070168 0.000000 2.595830 0.017836 
1062 10.747657 0.000000 2.253976 98.377254 0.000000 2.373653 0.031628 
1063 10.662376 0.000000 2.253976 98.332180 0.000000 2.424588 0.032490 
1064 10.747657 0.000000 2.171797 98.449130 0.000000 2.268583 0.030262 
1065 10.832937 0.000000 2.253976 98.710562 -1.189829 2.242043 0.024978 
1066 10.747657 0.000000 2.336156 98.490689 0.000000 2.399139 0.029383 
1067 10.321255 0.000000 2.171797 97.781850 0.000000 2.358357 0.043315 
1068 10.150695 0.000000 2.171797 97.586547 0.000000 2.250055 0.047180 
1069 10.321255 0.000000 2.336156 97.949393 0.000000 2.428586 0.040002 
1070 10.577096 0.000000 2.253976 98.241731 -0.000000 2.441199 0.034260 
1071 10.491816 0.000000 2.253976 98.002791 -0.000000 2.395690 0.038971 
1072 10.577096 0.000000 2.171797 98.228535 -0.000000 2.452346 0.034514 
1073 10.577096 0.000000 2.336156 98.360184 -0.000000 2.468932 0.031918 
1074 9.809574 0.000000 2.993594 97.798371 0.000000 3.139081 0.042562 
1075 9.809574 0.000000 3.322312 98.253090 0.000000 3.791909 0.033195 
1076 9.639013 0.000000 2.500515 96.921509 0.000000 2.462792 0.060016 
1077 9.809574 0.000000 2.500515 97.419379 0.000000 2.293929 0.050420 
1078 9.639013 0.000000 2.664875 96.359855 0.000000 2.673530 0.070763 
1079 9.553733 0.000000 2.253976 96.277524 0.000000 2.068195 0.072636 
1080 9.553733 0.000000 2.171797 96.360724 0.000000 1.823631 0.071129 
1081 9.639013 0.000000 2.253976 96.760745 0.000000 2.186442 0.063258 
1082 9.553733 0.000000 2.336156 96.318188 0.000000 2.222225 0.071787 
1083 9.383172 0.000000 2.418336 91.873043 -0.000000 3.606719 0.154634 
1084 9.297892 0.000000 2.418336 88.126142 -0.000000 4.693822 0.221175 
1085 9.468453 0.000000 2.418336 95.303510 0.000000 2.740798 0.090973 
1086 9.383172 0.000000 2.500515 89.514215 -0.000000 4.758356 0.196456 
1087 9.425812 0.000000 2.295066 94.830086 0.000000 2.272240 0.100209 
1088 9.383172 0.000000 2.295066 93.063442 -0.000000 2.818560 0.133125 
1089 9.425812 0.000000 2.253976 95.050912 0.000000 2.197799 0.096049 
1090 9.468453 0.000000 2.295066 95.494945 0.000000 2.192644 0.087591 
1091 9.425812 0.000000 2.336156 94.253659 0.000000 2.591153 0.110953 
1092 9.553733 0.000000 2.418336 96.597784 0.000000 2.503679 0.066260 
1093 9.639013 0.000000 2.418336 97.007904 0.000000 2.377678 0.058381 
1094 9.553733 0.000000 2.500515 96.327060 0.000000 2.624921 0.071421 
1095 9.425812 0.000000 2.377246 94.057070 -0.000000 2.829575 0.114526 
1096 9.383172 0.000000 2.377246 92.295209 -0.000000 3.340242 0.147044 
1097 9.468453 0.000000 2.377246 95.455048 0.000000 2.511802 0.088202 
1098 9.425812 0.000000 2.418336 94.175930 -0.000000 3.114539 0.112119 
1099 11.174058 0.000000 2.993594 99.429447 0.194463 2.240668 0.010873 
1100 11.515179 0.000000 2.993594 99.415765 -1.204968 2.626885 0.010815 
1101 11.174058 0.000000 3.322312 99.597217 -1.653161 2.523874 0.007129 
1102 11.003497 0.000000 2.500515 99.321040 -0.569832 2.013721 0.013095 
1103 11.174058 0.000000 2.500515 99.267573 -0.676480 2.137371 0.014092 
1104 11.003497 0.000000 2.664875 99.341064 -0.854284 2.174643 0.012589 
1105 10.747657 0.000000 2.418336 98.984570 0.000000 2.525283 0.019568 
1106 10.662376 0.000000 2.418336 98.880334 0.000000 2.627666 0.021577 
1107 10.832937 0.000000 2.418336 99.365989 -0.957703 1.836523 0.012211 
1108 10.747657 0.000000 2.500515 99.007803 0.000000 2.546396 0.019097 
1109 10.321255 0.000000 2.500515 98.621472 0.000000 2.492203 0.026759 
1110 10.150695 0.000000 2.500515 98.258628 0.000000 2.481249 0.033909 
1111 10.321255 0.000000 2.664875 98.382632 0.000000 2.736233 0.031337 
1112 10.577096 0.000000 2.418336 98.754740 -0.000000 2.600132 0.024074 
1113 10.491816 0.000000 2.418336 98.676999 -0.000000 2.430756 0.025694 
1114 10.577096 0.000000 2.500515 98.793158 -0.000000 2.624391 0.023302 
1115 9.639013 0.000000 2.829234 96.708870 0.000000 3.215521 0.063705 
1116 9.468453 0.000000 2.829234 89.248447 -0.000000 5.338003 0.200622 
1117 9.809574 0.000000 2.829234 98.033915 0.000000 3.057041 0.038001 
1118 9.639013 0.000000 2.993594 94.541161 -0.000000 3.753400 0.104788 
1119 9.553733 0.000000 2.582695 95.854587 0.000000 2.747679 0.080435 
1120 9.468453 0.000000 2.582695 93.060360 -0.000000 3.554907 0.132713 
1121 9.639013 0.000000 2.582695 96.627255 0.000000 2.572016 0.065656 
1122 9.553733 0.000000 2.664875 94.975845 0.000000 2.906467 0.097114 
1123 9.511093 0.000000 2.459426 95.966213 0.000000 2.675473 0.078333 
1124 9.468453 0.000000 2.459426 94.421976 -0.000000 3.093514 0.107492 
1125 9.511093 0.000000 2.418336 96.220136 0.000000 2.590441 0.073498 
1126 9.553733 0.000000 2.459426 96.496578 0.000000 2.580138 0.068175 
1127 9.511093 0.000000 2.500515 95.713597 0.000000 2.742290 0.083139 
1128 9.297892 0.000000 2.829234 99.544349 2.062088 1.387352 0.008475 
1129 9.127332 0.000000 2.829234 99.791045 1.301953 1.147786 0.003873 
1130 9.297892 0.000000 2.993594 99.478112 1.772127 1.548989 0.009857 
1131 9.383172 0.000000 2.582695 89.615752 -0.000000 4.845050 0.194554 
1132 9.297892 0.000000 2.582695 98.883740 3.241744 1.324039 0.020974 
1133 9.383172 0.000000 2.664875 88.799017 -0.000000 5.212061 0.208757 
1134 9.425812 0.000000 2.459426 92.775923 -0.000000 3.586913 0.137976 
1135 9.383172 0.000000 2.459426 90.487708 -0.000000 4.192318 0.179440 
1136 9.425812 0.000000 2.500515 92.214488 -0.000000 3.822678 0.148188 
1137 9.511093 0.000000 2.541605 95.229358 0.000000 2.833839 0.092334 
1138 9.468453 0.000000 2.541605 92.556562 -0.000000 3.763071 0.141912 
1139 9.553733 0.000000 2.541605 95.983496 0.000000 2.707283 0.077984 
1140 9.511093 0.000000 2.582695 94.144196 -0.000000 3.203354 0.112661 
1141 9.489773 0.000000 2.479971 95.231497 0.000000 2.834453 0.092293 
1142 9.468453 0.000000 2.479971 94.225331 -0.000000 3.153927 0.111164 
1143 9.489773 0.000000 2.459426 95.449181 0.000000 2.763565 0.088182 
1144 9.511093 0.000000 2.479971 95.824112 0.000000 2.712246 0.081038 
1145 9.489773 0.000000 2.500515 94.873021 0.000000 2.955062 0.099038 
1146 9.511093 0.000000 2.377246 96.063611 0.000000 2.437955 0.076584 
1147 9.511093 0.000000 2.336156 95.931853 0.000000 2.295350 0.079181 
1148 9.553733 0.000000 2.377246 96.389514 0.000000 2.325346 0.070365 
1149 9.489773 0.000000 2.438881 95.672506 0.000000 2.727787 0.083933 
1150 9.468453 0.000000 2.438881 94.875744 0.000000 2.907935 0.099014 
1151 9.489773 0.000000 2.418336 95.852045 0.000000 2.642264 0.080540 
1152 9.511093 0.000000 2.438881 96.068388 0.000000 2.652727 0.076383 
1153 9.980134 0.000000 2.500515 97.867707 0.000000 2.514306 0.041559 
1154 9.980134 0.000000 2.336156 97.482204 0.000000 2.287663 0.049199 
1155 9.980134 0.000000 2.664875 97.911969 0.000000 2.545202 0.040677 
1156 9.724293 0.000000 2.418336 97.253733 0.000000 2.308351 0.053638 
1157 9.724293 0.000000 2.336156 96.976290 0.000000 2.196332 0.059078 
1158 9.809574 0.000000 2.418336 97.425133 0.000000 2.220897 0.050341 
1159 9.724293 0.000000 2.500515 97.230579 0.000000 2.384500 0.054053 
1160 9.596373 0.000000 2.459426 96.766512 0.000000 2.492491 0.063003 
1161 9.596373 0.000000 2.418336 96.845916 0.000000 2.396481 0.061513 
1162 9.639013 0.000000 2.459426 97.010710 0.000000 2.419899 0.058307 
1163 9.596373 0.000000 2.500515 96.701719 0.000000 2.527695 0.064239 
1164 9.532413 0.000000 2.479971 96.128056 0.000000 2.664356 0.075230 
1165 9.532413 0.000000 2.459426 96.239266 0.000000 2.633292 0.073107 
1166 9.553733 0.000000 2.479971 96.416571 0.000000 2.599247 0.069709 
1167 9.532413 0.000000 2.500515 96.073583 0.000000 2.672965 0.076272 
1168 9.500433 0.000000 2.469698 95.735004 0.000000 2.714414 0.082744 
1169 9.489773 0.000000 2.469698 95.477382 0.000000 2.732651 0.087660 
1170 9.500433 0.000000 2.459426 95.711754 0.000000 2.717739 0.083187 
1171 9.511093 0.000000 2.469698 96.034021 0.000000 2.682075 0.077027 
1172 9.500433 0.000000 2.479971 95.540035 0.000000 2.766007 0.086445 
1173 9.425812 0.000000 2.541605 91.261139 -0.000000 4.211057 0.165367 
1174 9.383172 0.000000 2.541605 89.126300 -0.000000 5.017791 0.203132 
1175 9.425812 0.000000 2.582695 90.523075 -0.000000 4.507316 0.178526 
1176 10.662376 0.000000 2.829234 99.421971 0.000000 2.956597 0.010653 
1177 10.491816 0.000000 2.829234 99.342952 -0.000000 3.045778 0.012170 
1178 10.832937 0.000000 2.829234 99.510604 -1.237367 2.036536 0.009196 
1179 10.662376 0.000000 2.993594 99.405835 0.000000 3.184928 0.010834 
1180 10.747657 0.000000 2.582695 99.090402 0.000000 2.476807 0.017496 
1181 10.662376 0.000000 2.582695 98.893833 0.000000 2.648016 0.021300 
1182 10.832937 0.000000 2.582695 99.486057 -1.024165 1.822915 0.009815 
1183 10.747657 0.000000 2.664875 99.243249 0.000000 2.402367 0.014501 
1184 11.003497 0.000000 2.829234 99.538184 -1.228803 2.119806 0.008615 
1185 11.174058 0.000000 2.829234 99.486520 -1.056005 2.229715 0.009635 
1186 11.003497 0.000000 2.993594 99.650114 -0.047531 2.139962 0.006527 
1187 10.747657 0.000000 2.747055 99.414455 0.000000 2.488297 0.011057 
1188 10.662376 0.000000 2.747055 99.340704 0.000000 2.646422 0.012442 
1189 10.832937 0.000000 2.747055 99.464415 -0.938167 1.999141 0.010195 
1190 10.747657 0.000000 2.829234 99.467061 0.000000 2.756226 0.009871 
1191 10.321255 0.000000 2.829234 98.822940 0.000000 3.261550 0.022339 
1192 10.150695 0.000000 2.829234 98.660589 -0.000000 3.056243 0.025675 
1193 10.321255 0.000000 2.993594 99.081174 0.000000 3.304616 0.017200 
1194 10.577096 0.000000 2.747055 99.048916 -0.000000 2.791665 0.018152 
1195 10.491816 0.000000 2.747055 98.798187 -0.000000 2.871560 0.023067 
1196 10.577096 0.000000 2.664875 98.672162 -0.000000 2.726235 0.025637 
1197 10.577096 0.000000 2.829234 99.451815 -0.000000 2.985595 0.010042 
1198 9.553733 0.000000 2.747055 93.656564 -0.000000 3.620930 0.121534 
1199 9.468453 0.000000 2.747055 90.165284 -0.000000 4.779414 0.184738 
1200 9.639013 0.000000 2.747055 96.572058 0.000000 2.888703 0.066549 
1201 9.553733 0.000000 2.829234 93.142041 -0.000000 4.155122 0.130730 
1202 9.383172 0.000000 2.747055 87.789123 -0.000000 5.640429 0.226126 
1203 9.297892 0.000000 2.747055 98.980423 2.328962 1.526423 0.019512 
1204 9.383172 0.000000 2.829234 99.518177 3.023371 1.447363 0.008490 
1205 10.150695 0.000000 4.637187 100.236685 0.695871 3.118042 -0.005760 
1206 9.468453 0.000000 4.637187 100.279901 0.537551 3.034505 -0.006556 
1207 10.832937 0.000000 4.637187 100.218456 0.469498 3.192265 -0.005415 
1208 10.150695 0.000000 5.294624 100.209503 0.462288 3.554386 -0.005479 
1209 9.809574 0.000000 3.651031 99.934822 2.196049 2.436771 0.000227 
1210 9.468453 0.000000 3.651031 100.278779 1.178069 2.265927 -0.006236 
1211 10.150695 0.000000 3.651031 99.890193 3.205015 2.470438 0.000557 
1212 9.809574 0.000000 3.979750 100.041176 1.081894 2.591860 -0.001613 
1213 9.639013 0.000000 3.157953 92.780542 -0.000000 4.486169 0.137165 
1214 9.468453 0.000000 3.157953 99.662154 2.275946 1.830618 0.005892 
1215 9.809574 0.000000 3.157953 98.011863 0.000000 3.430448 0.038191 
1216 9.639013 0.000000 3.322312 91.212734 -0.000000 5.550008 0.164943 
1217 9.553733 0.000000 2.911414 92.732330 -0.000000 4.238410 0.138275 
1218 9.468453 0.000000 2.911414 89.117271 -0.000000 5.478800 0.202809 
1219 9.639013 0.000000 2.911414 96.532256 0.000000 3.246522 0.067098 
1220 9.553733 0.000000 2.993594 90.360804 -0.000000 5.183608 0.180806 
1221 9.511093 0.000000 2.788144 91.465012 -0.000000 4.470163 0.161417 
1222 9.468453 0.000000 2.788144 89.975930 -0.000000 4.941191 0.187992 
1223 9.511093 0.000000 2.747055 91.784792 -0.000000 4.220031 0.155774 
1224 9.553733 0.000000 2.788144 93.703783 -0.000000 3.795913 0.120519 
1225 9.511093 0.000000 2.829234 91.099132 -0.000000 4.731792 0.167856 
1226 6.739484 0.000000 5.294624 101.244233 0.209831 3.650493 -0.026376 
1227 5.375000 0.000000 5.294624 101.700797 0.160996 4.330757 -0.036183 
1228 6.739484 0.000000 6.609499 101.208982 0.270142 4.487180 -0.026347 
1229 8.786211 0.000000 4.637187 100.454471 0.493890 2.980189 -0.010023 
1230 8.103968 0.000000 4.637187 100.594172 0.150223 3.039626 -0.012845 
1231 8.786211 0.000000 5.294624 100.489024 0.387215 3.438912 -0.011002 
1232 9.127332 0.000000 3.651031 100.365443 0.745591 2.213436 -0.007868 
1233 8.786211 0.000000 3.651031 100.172504 0.605208 2.198622 -0.003973 
1234 9.127332 0.000000 3.979750 100.211832 0.722090 2.470075 -0.004903 
1235 9.297892 0.000000 3.157953 99.717661 1.314780 1.746268 0.005161 
1236 9.127332 0.000000 3.157953 99.712224 0.968782 1.806887 0.005327 
1237 9.297892 0.000000 3.322312 100.384398 1.117089 1.917177 -0.008195 
1238 9.383172 0.000000 2.911414 99.538112 2.519256 1.522510 0.008350 
1239 9.297892 0.000000 2.911414 99.564442 1.812579 1.481280 0.008144 
1240 9.383172 0.000000 2.993594 99.453770 2.302031 1.602720 0.010108 
1241 9.511093 0.000000 2.870324 90.891257 -0.000000 4.869101 0.171507 
1242 9.468453 0.000000 2.870324 89.608803 -0.000000 5.253209 0.194267 
1243 9.553733 0.000000 2.870324 93.145071 -0.000000 4.177309 0.130655 
1244 9.511093 0.000000 2.911414 89.463378 -0.000000 5.431026 0.196681 
1245 10.491816 0.000000 3.651031 99.843055 3.763129 2.452364 0.001119 
1246 10.832937 0.000000 3.651031 99.701901 3.969838 2.764134 0.003613 
1247 10.491816 0.000000 3.979750 99.889951 1.345585 2.788092 0.001241 
1248 10.662376 0.000000 3.157953 99.556165 -0.000000 3.781623 0.007427 
1249 10.491816 0.000000 3.157953 99.498895 -0.000000 3.852016 0.008513 
1250 10.832937 0.000000 3.157953 99.755415 -1.009823 2.299218 0.004255 
1251 10.662376 0.000000 3.322312 99.709778 0.000000 4.471654 0.003796 
1252 10.747657 0.000000 2.911414 99.383222 0.000000 2.888517 0.011463 
1253 10.662376 0.000000 2.911414 99.342136 0.000000 3.123234 0.012139 
1254 10.832937 0.000000 2.911414 99.668687 -0.996389 2.026664 0.006105 
1255 10.747657 0.000000 2.993594 99.468470 0.000000 2.878548 0.009774 
1256 10.577096 0.000000 2.911414 99.389400 -0.000000 3.155390 0.011179 
1257 10.491816 0.000000 2.911414 99.423632 -0.000000 3.122660 0.010519 
1258 10.577096 0.000000 2.993594 99.353166 -0.000000 3.327816 0.011787 
1259 9.553733 0.000000 3.075773 90.341484 -0.000000 5.194049 0.181144 
1260 9.468453 0.000000 3.075773 99.490095 2.886063 1.737112 0.009037 
1261 9.639013 0.000000 3.075773 93.495581 -0.000000 4.089463 0.124185 
1262 9.553733 0.000000 3.157953 89.592819 -0.000000 5.491394 0.194297 
1263 9.980134 0.000000 3.157953 98.857008 0.000000 3.535703 0.021479 
1264 9.980134 0.000000 2.993594 98.237736 0.000000 3.182832 0.033922 
1265 10.150695 0.000000 3.157953 99.272225 0.000000 3.575476 0.013224 
1266 9.980134 0.000000 3.322312 99.259753 0.000000 4.022515 0.013132 
1267 9.724293 0.000000 3.075773 96.737756 0.000000 3.260468 0.063118 
1268 9.724293 0.000000 2.993594 97.100800 0.000000 3.152062 0.056150 
1269 9.809574 0.000000 3.075773 97.641765 0.000000 3.210640 0.045578 
1270 9.724293 0.000000 3.157953 96.430498 0.000000 3.620475 0.068805 
1271 9.596373 0.000000 3.034683 91.936695 -0.000000 4.618085 0.152632 
1272 9.553733 0.000000 3.034683 90.176791 -0.000000 5.258409 0.184050 
1273 9.596373 0.000000 2.993594 92.815659 -0.000000 4.298495 0.136678 
1274 9.639013 0.000000 3.034683 93.442540 -0.000000 4.121158 0.125151 
1275 9.596373 0.000000 3.075773 91.340206 -0.000000 4.840901 0.163353 
1276 11.515179 0.000000 4.637187 100.053050 0.529196 3.357582 -0.002217 
1277 12.197421 0.000000 4.637187 99.818974 0.593810 3.647114 0.002252 
1278 11.515179 0.000000 5.294624 99.952761 0.423620 3.806818 -0.000523 
1279 11.174058 0.000000 3.651031 99.674492 4.197226 3.051205 0.003807 
1280 11.515179 0.000000 3.651031 99.611540 4.421316 3.501794 0.004573 
1281 11.174058 0.000000 3.979750 99.815771 1.331654 2.957570 0.002629 
1282 11.003497 0.000000 3.157953 99.526890 -0.904143 2.523764 0.008721 
1283 11.174058 0.000000 3.157953 99.509004 -0.814056 2.593238 0.009057 
1284 11.003497 0.000000 3.322312 99.617837 -1.952202 2.491618 0.006627 
1285 10.747657 0.000000 3.075773 99.480797 0.000000 3.031105 0.009438 
1286 10.662376 0.000000 3.075773 99.439520 0.000000 3.300806 0.010089 
1287 10.832937 0.000000 3.075773 99.721006 -1.074836 2.243511 0.004953 
1288 10.747657 0.000000 3.157953 99.602008 0.000000 3.413558 0.006779 
1289 10.321255 0.000000 3.157953 99.339719 0.000000 3.791078 0.011725 
1290 10.321255 0.000000 3.322312 99.548668 0.000000 4.392099 0.007077 
1291 10.577096 0.000000 3.075773 99.421280 -0.000000 3.508026 0.010310 
1292 10.491816 0.000000 3.075773 99.359991 -0.000000 3.463633 0.011560 
1293 10.577096 0.000000 3.157953 99.579831 -0.000000 3.900201 0.006865 
1294 9.639013 0.000000 3.486672 89.944387 -0.000000 6.097246 0.187283 
1295 9.468453 0.000000 3.486672 100.304132 1.310307 2.154950 -0.006728 
1296 9.809574 0.000000 3.486672 96.774309 -0.000000 4.193433 0.061715 
1297 9.639013 0.000000 3.651031 100.206009 1.531185 2.318904 -0.004897 
1298 9.553733 0.000000 3.240133 88.790946 -0.000000 5.826019 0.208223 
1299 9.468453 0.000000 3.240133 100.324653 1.953542 1.887325 -0.007241 
1300 9.639013 0.000000 3.240133 91.649234 -0.000000 5.130834 0.157409 
1301 9.553733 0.000000 3.322312 100.253266 2.507278 2.034107 -0.006114 
1302 9.596373 0.000000 3.116863 89.308649 -0.000000 5.571050 0.199293 
1303 9.553733 0.000000 3.116863 89.655527 -0.000000 5.442032 0.193227 
1304 9.639013 0.000000 3.116863 92.923556 -0.000000 4.338194 0.134639 
1305 9.596373 0.000000 3.157953 90.807167 -0.000000 5.106783 0.172798 
1306 9.724293 0.000000 3.240133 95.215030 -0.000000 4.262375 0.091593 
1307 9.809574 0.000000 3.240133 98.428339 0.000000 3.671178 0.029838 
1308 9.724293 0.000000 3.322312 94.848062 -0.000000 4.516262 0.098345 
1309 9.681653 0.000000 3.116863 94.202838 -0.000000 3.971034 0.111006 
1310 9.681653 0.000000 3.075773 95.140029 -0.000000 3.616772 0.093529 
1311 9.724293 0.000000 3.116863 96.495602 0.000000 3.433587 0.067681 
1312 9.681653 0.000000 3.157953 94.861224 -0.000000 3.919185 0.098599 
1313 9.596373 0.000000 3.199043 90.313087 -0.000000 5.348183 0.181494 
1314 9.553733 0.000000 3.199043 88.282378 -0.000000 5.973961 0.217053 
1315 9.639013 0.000000 3.199043 90.779993 -0.000000 5.208335 0.173187 
1316 9.596373 0.000000 3.240133 90.304158 -0.000000 5.520750 0.181468 
1317 9.617693 0.000000 3.137408 91.553998 -0.000000 4.849709 0.159435 
1318 9.596373 0.000000 3.137408 90.619254 -0.000000 5.151340 0.176161 
1319 9.617693 0.000000 3.116863 91.555226 -0.000000 4.796730 0.159463 
1320 9.639013 0.000000 3.137408 92.460915 -0.000000 4.570616 0.143009 
1321 9.617693 0.000000 3.157953 90.009137 -0.000000 5.382499 0.186938 
1322 9.681653 0.000000 3.199043 94.207039 -0.000000 4.302105 0.110653 
1323 9.724293 0.000000 3.199043 95.623229 -0.000000 4.005430 0.084015 
1324 9.681653 0.000000 3.240133 93.293326 -0.000000 4.721708 0.127406 
1325 9.660333 0.000000 3.137408 93.107892 -0.000000 4.389673 0.131165 
1326 9.660333 0.000000 3.116863 93.638593 -0.000000 4.120569 0.121483 
1327 9.681653 0.000000 3.137408 93.972981 -0.000000 4.148482 0.115187 
1328 9.660333 0.000000 3.157953 93.882068 -0.000000 4.199391 0.116852 
1329 9.617693 0.000000 3.178498 91.093455 -0.000000 5.081620 0.167616 
1330 9.596373 0.000000 3.178498 90.701784 -0.000000 5.192582 0.174622 
1331 9.639013 0.000000 3.178498 91.766603 -0.000000 4.891937 0.155496 
1332 9.617693 0.000000 3.199043 90.045773 -0.000000 5.450115 0.186205 
1333 9.628353 0.000000 3.147680 92.179990 -0.000000 4.665396 0.148108 
1334 9.617693 0.000000 3.147680 91.527904 -0.000000 4.874864 0.159888 
1335 9.628353 0.000000 3.137408 91.884642 -0.000000 4.737059 0.153477 
1336 9.639013 0.000000 3.147680 92.776165 -0.000000 4.488898 0.137243 
1337 9.628353 0.000000 3.157953 91.954498 -0.000000 4.728251 0.152201 
1338 9.980134 0.000000 3.486672 99.109875 0.000000 4.324418 0.015853 
1339 10.150695 0.000000 3.486672 99.413306 0.000000 4.563264 0.009617 
1340 9.980134 0.000000 3.651031 99.933013 2.861774 2.420536 -0.000066 
1341 9.724293 0.000000 3.404492 94.621009 -0.000000 4.604937 0.102566 
1342 9.639013 0.000000 3.404492 91.345438 -0.000000 5.637086 0.162423 
1343 9.809574 0.000000 3.404492 97.612487 0.000000 3.944702 0.045624 
1344 9.724293 0.000000 3.486672 93.008909 -0.000000 5.153957 0.132278 
1345 9.681653 0.000000 3.281222 92.895560 -0.000000 4.916672 0.134624 
1346 9.639013 0.000000 3.281222 91.505998 -0.000000 5.294211 0.159862 
1347 9.724293 0.000000 3.281222 95.427093 -0.000000 4.290589 0.087526 
1348 9.681653 0.000000 3.322312 92.765844 -0.000000 5.054429 0.136895 
1349 9.297892 0.000000 3.486672 100.337961 0.872890 2.130209 -0.007301 
1350 9.127332 0.000000 3.486672 100.440436 0.713565 2.041825 -0.009296 
1351 9.297892 0.000000 3.651031 100.327472 0.979912 2.244140 -0.007160 
1352 9.553733 0.000000 3.404492 100.250552 2.030390 2.100366 -0.005871 
1353 9.468453 0.000000 3.404492 100.280569 1.550621 2.080479 -0.006293 
1354 9.553733 0.000000 3.486672 100.271662 1.683831 2.165908 -0.006193 
1355 9.596373 0.000000 3.281222 90.301974 -0.000000 5.577491 0.181445 
1356 9.553733 0.000000 3.281222 100.253635 2.817744 1.997468 -0.006272 
1357 9.596373 0.000000 3.322312 90.807583 -0.000000 5.618838 0.172241 
1358 9.660333 0.000000 3.260677 92.499202 -0.000000 4.815091 0.142071 
1359 9.639013 0.000000 3.260677 91.807341 -0.000000 5.146312 0.154493 
1360 9.660333 0.000000 3.240133 92.395329 -0.000000 4.937144 0.143873 
1361 9.681653 0.000000 3.260677 94.138740 -0.000000 4.533224 0.111735 
1362 9.660333 0.000000 3.281222 91.935704 -0.000000 5.200560 0.152078 
1363 10.662376 0.000000 3.486672 99.836009 0.000000 4.991168 0.000786 
1364 10.491816 0.000000 3.486672 99.574872 -0.000000 4.991352 0.005993 
1365 10.832937 0.000000 3.486672 99.799087 -0.106052 2.679072 0.003295 
1366 10.662376 0.000000 3.651031 99.775709 3.826016 2.609525 0.002336 
1367 9.681653 0.000000 3.363402 92.986683 -0.000000 5.059249 0.132788 
1368 9.639013 0.000000 3.363402 91.944233 -0.000000 5.356257 0.151757 
1369 9.724293 0.000000 3.363402 94.865025 -0.000000 4.510573 0.098028 
1370 9.681653 0.000000 3.404492 91.975427 -0.000000 5.410073 0.151125 
1371 9.894854 0.000000 3.404492 98.783964 0.000000 3.972212 0.022595 
1372 9.894854 0.000000 3.322312 98.989958 0.000000 3.863214 0.018606 
1373 9.980134 0.000000 3.404492 99.111036 0.000000 4.193310 0.015942 
1374 9.894854 0.000000 3.486672 98.741207 0.000000 4.074474 0.023357 
1375 9.766934 0.000000 3.363402 96.517910 -0.000000 4.125925 0.066727 
1376 9.766934 0.000000 3.322312 96.596331 -0.000000 4.089035 0.065243 
1377 9.809574 0.000000 3.363402 97.975593 0.000000 3.873299 0.038578 
1378 9.766934 0.000000 3.404492 95.971629 -0.000000 4.269786 0.077122 
1379 9.702973 0.000000 3.342857 93.999630 -0.000000 4.707694 0.114191 
1380 9.681653 0.000000 3.342857 93.056730 -0.000000 5.013670 0.131531 
1381 9.702973 0.000000 3.322312 93.996377 -0.000000 4.720447 0.114240 
1382 9.724293 0.000000 3.342857 95.003146 -0.000000 4.461367 0.095450 
1383 9.702973 0.000000 3.363402 93.827388 -0.000000 4.772225 0.117365 
1384 9.596373 0.000000 3.363402 90.078097 -0.000000 5.861247 0.185158 
1385 9.553733 0.000000 3.363402 100.262776 2.249882 2.071285 -0.006198 
1386 9.596373 0.000000 3.404492 88.854735 -0.000000 6.437020 0.206340 
1387 9.660333 0.000000 3.342857 92.358672 -0.000000 5.217978 0.144265 
1388 9.639013 0.000000 3.342857 91.627179 -0.000000 5.438548 0.157488 
1389 9.660333 0.000000 3.322312 91.611951 -0.000000 5.435274 0.157771 
1390 9.660333 0.000000 3.363402 92.478467 -0.000000 5.200930 0.142068 
1391 9.809574 0.000000 4.308468 100.116435 0.718277 2.856494 -0.003198 
1392 9.468453 0.000000 4.308468 100.185632 0.616275 2.782094 -0.004528 
1393 10.150695 0.000000 4.308468 100.161791 0.734486 2.743316 -0.004045 
1394 9.809574 0.000000 4.637187 100.303518 0.599530 2.953448 -0.006988 
1395 9.639013 0.000000 3.815390 100.006709 1.130566 2.488014 -0.000881 
1396 9.468453 0.000000 3.815390 100.066699 0.986475 2.416800 -0.002016 
1397 9.809574 0.000000 3.815390 99.953231 1.383441 2.538656 0.000099 
1398 9.639013 0.000000 3.979750 100.049325 0.984225 2.605440 -0.001762 
1399 9.724293 0.000000 3.568851 93.564815 -0.000000 4.990461 0.122072 
1400 9.639013 0.000000 3.568851 100.249421 1.766823 2.258376 -0.005817 
1401 9.809574 0.000000 3.568851 95.807880 -0.000000 4.474788 0.080083 
1402 9.724293 0.000000 3.651031 100.177094 1.851927 2.339030 -0.004435 
1403 9.681653 0.000000 3.445582 92.811220 -0.000000 5.190570 0.135914 
1404 9.639013 0.000000 3.445582 91.642065 -0.000000 5.545369 0.157098 
1405 9.724293 0.000000 3.445582 93.853746 -0.000000 4.881156 0.116765 
1406 9.681653 0.000000 3.486672 92.620904 -0.000000 5.253388 0.139377 
1407 9.702973 0.000000 3.383947 93.016394 -0.000000 5.096495 0.132198 
1408 9.681653 0.000000 3.383947 92.647750 -0.000000 5.188251 0.138948 
1409 9.724293 0.000000 3.383947 94.074049 -0.000000 4.777410 0.112725 
1410 9.702973 0.000000 3.404492 91.370782 -0.000000 5.629630 0.161969 
1411 9.692313 0.000000 3.353130 93.082888 0.000000 4.865467 0.131190 
1412 9.681653 0.000000 3.353130 88.545978 -0.000000 6.530636 0.211696 
1413 9.692313 0.000000 3.342857 93.434345 -0.000000 4.906732 0.124595 
1414 9.702973 0.000000 3.353130 94.498538 -0.000000 4.430854 0.105039 
1415 9.692313 0.000000 3.363402 93.278814 -0.000000 4.981637 0.127425 
1416 11.003497 0.000000 3.486672 99.776432 2.591236 2.687402 0.003073 
1417 11.174058 0.000000 3.486672 99.763327 3.723132 2.414553 0.002759 
1418 11.003497 0.000000 3.651031 99.663084 4.069351 2.939890 0.004207 
1419 10.747657 0.000000 3.404492 99.605251 0.000000 4.285142 0.006043 
1420 10.662376 0.000000 3.404492 99.681429 -0.000000 4.924403 0.003936 
1421 10.747657 0.000000 3.322312 99.696636 0.000000 4.042098 0.004424 
1422 10.832937 0.000000 3.404492 99.710061 -0.800875 2.541280 0.005080 
1423 10.747657 0.000000 3.486672 99.695125 0.000000 4.442301 0.004115 
1424 10.321255 0.000000 3.486672 99.574564 0.000000 4.833039 0.006155 
1425 10.321255 0.000000 3.651031 99.857429 3.423551 2.515442 0.001045 
1426 10.577096 0.000000 3.404492 99.746512 -0.000000 4.725527 0.002830 
1427 10.491816 0.000000 3.404492 99.649596 -0.000000 4.750822 0.004739 
1428 10.577096 0.000000 3.322312 99.747706 -0.000000 4.517208 0.002999 
1429 10.577096 0.000000 3.486672 99.780414 -0.000000 4.996208 0.001891 
1430 19.019842 0.000000 -1.279750 99.760205 -0.126344 4.404664 0.002848 
1431 19.019842 0.000000 -3.909499 99.770468 -0.068696 5.186249 0.001895 
1432 21.748810 0.000000 -1.279750 99.846146 -0.007670 4.496084 0.001053 
1433 19.019842 0.000000 1.350000 99.580325 -0.410704 8.359618 0.001371 
1434 14.926389 0.000000 0.035125 99.496049 -0.336358 5.113589 0.007427 
1435 14.926389 0.000000 -1.279750 99.502983 -0.256383 4.399112 0.007974 
1436 16.290874 0.000000 0.035125 99.628710 -0.266232 5.238032 0.004661 
1437 14.926389 0.000000 1.350000 99.446531 -1.626197 7.738285 0.004786 
1438 12.879663 0.000000 0.692563 98.738053 0.855950 6.733762 0.020472 
1439 12.879663 0.000000 0.035125 98.781858 -0.064862 4.850579 0.021861 
1440 13.561905 0.000000 0.692563 99.135219 0.797921 6.764769 0.012581 
1441 12.879663 0.000000 1.350000 98.797890 -1.280505 6.743764 0.019186 
1442 19.019842 0.000000 3.979750 99.830252 2.353533 4.644206 0.000681 
1443 21.748810 0.000000 3.979750 99.682510 1.826934 7.134168 0.000916 
1444 19.019842 0.000000 6.609499 99.835461 0.167071 4.781051 0.000999 
1445 14.926389 0.000000 2.664875 99.654639 -1.294727 3.743511 0.005326 
1446 16.290874 0.000000 2.664875 99.758040 -1.073243 3.927395 0.003176 
1447 14.926389 0.000000 3.979750 99.668020 1.466585 4.179407 0.004667 
1448 14.244147 0.000000 0.692563 99.344859 0.474260 6.927389 0.008239 
1449 14.244147 0.000000 0.035125 99.362455 -0.354722 5.180104 0.010014 
1450 14.926389 0.000000 0.692563 99.514353 0.306122 6.831858 0.005013 
1451 14.244147 0.000000 1.350000 99.290788 -1.764188 7.538857 0.008139 
1452 14.244147 0.000000 2.007437 99.444462 -1.181253 4.836019 0.008602 
1453 13.561905 0.000000 2.007437 99.348046 -0.929798 4.450988 0.010929 
1454 14.926389 0.000000 2.007437 99.584384 -1.227651 4.928628 0.005715 
1455 14.244147 0.000000 2.664875 99.555088 -1.287136 3.553524 0.007450 
1456 13.903026 0.000000 1.021281 99.234123 0.042221 8.095434 0.008705 
1457 13.561905 0.000000 1.021281 99.106824 -0.045071 8.032389 0.011332 
1458 13.903026 0.000000 0.692563 99.274516 0.651811 6.720023 0.009899 
1459 14.244147 0.000000 1.021281 99.292805 0.012707 8.301063 0.007203 
1460 13.903026 0.000000 1.350000 99.196662 -1.743660 7.417031 0.010197 
1461 17.655358 0.000000 0.035125 99.713622 -0.365941 5.165541 0.003038 
1462 17.655358 0.000000 -1.279750 99.728850 -0.206467 4.473101 0.003411 
1463 19.019842 0.000000 0.035125 99.756052 -0.320545 5.065609 0.002297 
1464 17.655358 0.000000 1.350000 99.633695 -0.369207 8.059092 0.000804 
1465 15.608632 0.000000 0.692563 99.602114 0.146268 6.841049 0.003260 
1466 15.608632 0.000000 0.035125 99.584855 -0.318069 5.145237 0.005628 
1467 16.290874 0.000000 0.692563 99.631491 0.021584 6.948532 0.002528 
1468 15.608632 0.000000 1.350000 99.564980 -1.404572 7.773876 0.002441 
1469 17.655358 0.000000 2.664875 99.843999 -1.110852 3.907336 0.001467 
1470 19.019842 0.000000 2.664875 99.863386 -0.976040 3.985398 0.001047 
1471 17.655358 0.000000 3.979750 99.836352 1.947034 4.318012 0.001027 
1472 16.973116 0.000000 0.692563 99.658096 -0.189686 6.911670 0.002046 
1473 16.973116 0.000000 0.035125 99.680198 -0.282939 5.218728 0.003654 
1474 17.655358 0.000000 0.692563 99.680277 -0.460510 6.884470 0.001623 
1475 16.973116 0.000000 1.350000 99.655633 -0.370119 7.709916 0.000918 
1476 32.664684 0.000000 6.609499 99.922357 0.284242 4.472266 -0.000456 
1477 32.664684 0.000000 1.350000 99.817913 -0.377745 5.813212 0.000245 
1478 38.122621 0.000000 6.609499 99.932884 0.364641 4.370112 -0.000581 
1479 32.664684 0.000000 11.868999 99.844675 0.056121 5.736631 -0.000187 
1480 24.477779 0.000000 3.979750 99.975088 -1.444366 3.370204 -0.000846 
1481 24.477779 0.000000 1.350000 99.673594 -0.551306 7.480594 0.000891 
1482 27.206747 0.000000 3.979750 99.998136 -1.136306 3.188578 -0.001109 
1483 24.477779 0.000000 6.609499 99.903132 0.245547 4.619653 -0.000204 
1484 20.384326 0.000000 2.664875 99.857323 -0.927532 4.235123 0.000972 
1485 20.384326 0.000000 1.350000 99.557927 -0.473033 8.436295 0.001682 
1486 21.748810 0.000000 2.664875 99.867868 -0.846761 4.371368 0.000658 
1487 20.384326 0.000000 3.979750 99.747265 2.823529 5.899183 0.000771 
1488 18.337600 0.000000 2.007437 99.788591 -0.973336 5.396021 0.001217 
1489 17.655358 0.000000 2.007437 99.774048 -1.078007 5.340247 0.001546 
1490 18.337600 0.000000 1.350000 99.637022 -0.370128 8.205185 0.000500 
1491 19.019842 0.000000 2.007437 99.767342 -0.914181 5.572906 0.001458 
1492 18.337600 0.000000 2.664875 99.856441 -1.037796 3.942731 0.001207 
1493 10.705016 0.000000 2.788144 99.439390 0.000000 2.686587 0.010459 
1494 10.662376 0.000000 2.788144 99.403515 0.000000 2.761174 0.011132 
1495 10.705016 0.000000 2.747055 99.393029 0.000000 2.537738 0.011459 
1496 10.747657 0.000000 2.788144 99.450023 0.000000 2.602230 0.010292 
1497 10.705016 0.000000 2.829234 99.454199 0.000000 2.822380 0.010090 
1498 10.705016 0.000000 2.705965 99.325859 0.000000 2.382927 0.012870 
1499 10.662376 0.000000 2.705965 99.214332 0.000000 2.534391 0.015009 
1500 10.705016 0.000000 2.664875 99.301556 0.000000 2.359861 0.013363 
1501 10.747657 0.000000 2.705965 99.378945 0.000000 2.301111 0.011853 
1502 10.918217 0.000000 2.747055 99.399392 -1.864214 2.062798 0.011203 
1503 10.918217 0.000000 2.664875 99.485793 -0.980496 2.033106 0.009748 
1504 11.003497 0.000000 2.747055 99.488779 -1.698495 1.982808 0.009517 
1505 10.918217 0.000000 2.829234 99.576377 -1.329372 2.070918 0.007849 
1506 10.790297 0.000000 2.788144 99.511915 0.000000 2.642708 0.009039 
1507 10.790297 0.000000 2.747055 99.457874 0.000000 2.258557 0.010303 
1508 10.832937 0.000000 2.788144 99.496140 -0.456440 1.989165 0.009635 
1509 10.790297 0.000000 2.829234 99.512144 0.000000 2.641752 0.009035 
1510 10.726336 0.000000 2.767599 99.420882 0.000000 2.594387 0.010876 
1511 10.705016 0.000000 2.767599 99.427663 0.000000 2.565253 0.010756 
1512 10.726336 0.000000 2.747055 99.403976 0.000000 2.506922 0.011256 
1513 10.747657 0.000000 2.767599 99.427014 0.000000 2.566354 0.010768 
1514 10.726336 0.000000 2.788144 99.448629 0.000000 2.638759 0.010301 
1515 10.619736 0.000000 2.788144 99.356579 -0.000000 2.831596 0.012025 
1516 10.577096 0.000000 2.788144 99.228074 -0.000000 2.876200 0.014552 
1517 10.619736 0.000000 2.747055 99.257368 -0.000000 2.716069 0.014060 
1518 10.619736 0.000000 2.829234 99.419160 -0.000000 2.997048 0.010685 
1519 10.683696 0.000000 2.767599 99.380021 0.000000 2.710963 0.011626 
1520 10.662376 0.000000 2.767599 99.379547 0.000000 2.723327 0.011629 
1521 10.683696 0.000000 2.747055 99.370049 0.000000 2.585819 0.011891 
1522 10.683696 0.000000 2.788144 99.422755 0.000000 2.733105 0.010765 
1523 10.790297 0.000000 2.705965 99.393085 0.000000 2.272618 0.011585 
1524 10.790297 0.000000 2.664875 99.408887 0.000000 2.156944 0.011322 
1525 10.832937 0.000000 2.705965 99.560756 -0.928305 1.907029 0.008316 
1526 10.726336 0.000000 2.726510 99.397769 0.000000 2.390026 0.011437 
1527 10.705016 0.000000 2.726510 99.380290 0.000000 2.434411 0.011763 
1528 10.726336 0.000000 2.705965 99.367689 0.000000 2.302808 0.012076 
1529 10.747657 0.000000 2.726510 99.402035 0.000000 2.371253 0.011361 
1530 10.715676 0.000000 2.757327 99.439567 0.000000 2.453763 0.010575 
1531 10.705016 0.000000 2.757327 99.405617 0.000000 2.610860 0.011171 
1532 10.715676 0.000000 2.747055 99.397426 0.000000 2.529668 0.011375 
1533 10.726336 0.000000 2.757327 99.412559 0.000000 2.565337 0.011056 
1534 10.715676 0.000000 2.767599 99.459716 0.000000 2.437820 0.010182 
1535 10.705016 0.000000 2.870324 99.409299 0.000000 2.918907 0.010927 
1536 10.662376 0.000000 2.870324 99.394585 0.000000 3.018173 0.011161 
1537 10.747657 0.000000 2.870324 99.425654 0.000000 2.835702 0.010650 
1538 10.705016 0.000000 2.911414 99.379693 0.000000 2.902061 0.011525 
1539 10.918217 0.000000 2.911414 99.623918 -0.947393 2.141678 0.006959 
1540 11.003497 0.000000 2.911414 99.593431 -0.865204 2.172226 0.007568 
1541 10.918217 0.000000 2.993594 99.672025 -0.233720 2.148357 0.006082 
1542 10.790297 0.000000 2.870324 99.474491 0.000000 2.578972 0.009817 
1543 10.832937 0.000000 2.870324 99.640607 -0.998513 2.002444 0.006674 
1544 10.790297 0.000000 2.911414 99.405914 0.000000 2.771309 0.011078 
1545 10.726336 0.000000 2.849779 99.434895 0.000000 2.847078 0.010460 
1546 10.705016 0.000000 2.849779 99.427363 0.000000 2.884754 0.010588 
1547 10.726336 0.000000 2.829234 99.468213 0.000000 2.762072 0.009845 
1548 10.747657 0.000000 2.849779 99.445906 0.000000 2.791035 0.010272 
1549 10.726336 0.000000 2.870324 99.418601 0.000000 2.872200 0.010769 
1550 10.619736 0.000000 2.870324 99.378050 -0.000000 3.081132 0.011451 
1551 10.577096 0.000000 2.870324 99.430082 -0.000000 3.060895 0.010429 
1552 10.619736 0.000000 2.911414 99.336521 -0.000000 3.166294 0.012223 
1553 10.683696 0.000000 2.849779 99.404153 0.000000 2.959598 0.011006 
1554 10.662376 0.000000 2.849779 99.408415 0.000000 2.981693 0.010908 
1555 10.683696 0.000000 2.829234 99.432273 0.000000 2.903568 0.010479 
1556 10.683696 0.000000 2.870324 99.386197 0.000000 3.002026 0.011337 
1557 10.705016 0.000000 2.952504 99.406364 0.000000 3.011580 0.010931 
1558 10.662376 0.000000 2.952504 99.386306 0.000000 3.163898 0.011235 
1559 10.747657 0.000000 2.952504 99.425859 0.000000 2.908467 0.010604 
1560 10.705016 0.000000 2.993594 99.448241 0.000000 2.984090 0.010114 
1561 10.726336 0.000000 2.890869 99.404774 0.000000 2.872371 0.011044 
1562 10.705016 0.000000 2.890869 99.390926 0.000000 2.930011 0.011286 
1563 10.747657 0.000000 2.890869 99.411148 0.000000 2.844392 0.010933 
1564 10.726336 0.000000 2.911414 99.402020 0.000000 2.799484 0.011140 
1565 10.715676 0.000000 2.860052 99.471542 0.000000 2.658061 0.009835 
1566 10.705016 0.000000 2.860052 99.428550 0.000000 2.847453 0.010586 
1567 10.715676 0.000000 2.849779 99.433983 0.000000 2.859428 0.010471 
1568 10.726336 0.000000 2.860052 99.425997 0.000000 2.863094 0.010627 
1569 10.715676 0.000000 2.870324 99.446594 0.000000 2.750313 0.010281 
1570 10.790297 0.000000 2.952504 99.484374 0.000000 2.567367 0.009627 
1571 10.832937 0.000000 2.952504 99.688998 -0.928475 2.064069 0.005698 
1572 10.790297 0.000000 2.993594 99.524699 0.000000 2.712466 0.008748 
1573 10.705016 0.000000 3.034683 99.462820 0.000000 3.065841 0.009775 
1574 10.662376 0.000000 3.034683 99.432291 0.000000 3.235827 0.010275 
1575 10.747657 0.000000 3.034683 99.483792 0.000000 2.958080 0.009422 
1576 10.705016 0.000000 3.075773 99.458006 0.000000 3.173784 0.009803 
1577 10.726336 0.000000 2.973049 99.433723 0.000000 2.968618 0.010412 
1578 10.705016 0.000000 2.973049 99.424821 0.000000 3.009390 0.010565 
1579 10.726336 0.000000 2.952504 99.417581 0.000000 2.955267 0.010741 
1580 10.747657 0.000000 2.973049 99.447003 0.000000 2.882730 0.010198 
1581 10.726336 0.000000 2.993594 99.470389 0.000000 2.886749 0.009731 
1582 10.619736 0.000000 2.952504 99.356128 -0.000000 3.251948 0.011778 
1583 10.577096 0.000000 2.952504 99.375925 -0.000000 3.257482 0.011381 
1584 10.619736 0.000000 2.993594 99.375659 -0.000000 3.281626 0.011371 
1585 10.683696 0.000000 2.973049 99.394814 0.000000 3.116186 0.011096 
1586 10.662376 0.000000 2.973049 99.396315 0.000000 3.153727 0.011043 
1587 10.683696 0.000000 2.952504 99.378718 0.000000 3.127198 0.011409 
1588 10.683696 0.000000 2.993594 99.420200 0.000000 3.108449 0.010596 
1589 10.726336 0.000000 2.931959 99.404591 0.000000 2.914338 0.011023 
1590 10.705016 0.000000 2.931959 99.389884 0.000000 2.977176 0.011279 
1591 10.747657 0.000000 2.931959 99.414047 0.000000 2.862363 0.010865 
1592 10.715676 0.000000 2.962776 99.484566 0.000000 2.668166 0.009570 
1593 10.705016 0.000000 2.962776 99.408512 0.000000 3.016596 0.010885 
1594 10.715676 0.000000 2.952504 99.449259 0.000000 2.815270 0.010192 
1595 10.726336 0.000000 2.962776 99.425157 0.000000 2.957348 0.010589 
1596 10.715676 0.000000 2.973049 99.432330 0.000000 2.981128 0.010432 
1597 10.918217 0.000000 3.075773 99.686187 -1.265039 2.283984 0.005585 
1598 11.003497 0.000000 3.075773 99.483325 -1.162868 2.462824 0.009565 
1599 10.918217 0.000000 3.157953 99.547860 -0.962538 2.453176 0.008328 
1600 10.790297 0.000000 3.034683 99.524419 0.000000 2.713776 0.008753 
1601 10.832937 0.000000 3.034683 99.708601 -1.751992 2.179461 0.005038 
1602 10.790297 0.000000 3.075773 99.526537 0.000000 2.790102 0.008668 
1603 10.747657 0.000000 3.240133 99.724233 0.000000 3.848951 0.004026 
1604 10.662376 0.000000 3.240133 99.706427 0.000000 4.128202 0.004159 
1605 10.832937 0.000000 3.240133 99.607817 -0.965573 2.460414 0.007130 
1606 10.705016 0.000000 3.116863 99.495837 0.000000 3.244933 0.009005 
1607 10.662376 0.000000 3.116863 99.463161 0.000000 3.544802 0.009451 
1608 10.747657 0.000000 3.116863 99.527260 0.000000 3.109794 0.008465 
1609 10.705016 0.000000 3.157953 99.568399 0.000000 3.599107 0.007318 
1610 10.726336 0.000000 3.055228 99.471408 0.000000 3.061580 0.009607 
1611 10.705016 0.000000 3.055228 99.450330 0.000000 3.155923 0.009967 
1612 10.726336 0.000000 3.034683 99.478826 0.000000 2.990001 0.009502 
1613 10.747657 0.000000 3.055228 99.479746 0.000000 3.000161 0.009478 
1614 10.726336 0.000000 3.075773 99.468989 0.000000 3.102747 0.009629 
1615 10.619736 0.000000 3.034683 99.399875 -0.000000 3.375611 0.010827 
1616 10.577096 0.000000 3.034683 99.386749 -0.000000 3.437972 0.011045 
1617 10.619736 0.000000 3.075773 99.407470 -0.000000 3.471634 0.010610 
1618 10.683696 0.000000 3.055228 99.421009 0.000000 3.297188 0.010459 
1619 10.662376 0.000000 3.055228 99.432988 -0.000000 3.348264 0.010187 
1620 10.683696 0.000000 3.034683 99.446295 0.000000 3.161383 0.010044 
1621 10.683696 0.000000 3.075773 99.445761 0.000000 3.252406 0.009996 
1622 10.790297 0.000000 3.116863 99.508373 0.000000 2.899769 0.008968 
1623 10.832937 0.000000 3.116863 99.735222 -1.306808 2.253355 0.004610 
1624 10.790297 0.000000 3.157953 99.672164 0.000000 2.986062 0.005654 
1625 10.726336 0.000000 3.096318 99.487804 0.000000 3.016557 0.009308 
1626 10.705016 0.000000 3.096318 99.464950 0.000000 3.147870 0.009681 
1627 10.747657 0.000000 3.096318 99.491470 0.000000 3.007417 0.009240 
1628 10.726336 0.000000 3.116863 99.527484 0.000000 3.115032 0.008458 
1629 10.715676 0.000000 3.065501 99.508965 0.000000 2.875510 0.008970 
1630 10.705016 0.000000 3.065501 99.455242 0.000000 3.153459 0.009871 
1631 10.715676 0.000000 3.055228 99.525296 0.000000 2.780996 0.008698 
1632 10.726336 0.000000 3.065501 99.467591 0.000000 3.101911 0.009658 
1633 10.715676 0.000000 3.075773 99.466224 0.000000 3.120535 0.009673 
1634 10.577096 0.000000 3.240133 99.695564 -0.000000 4.298672 0.004232 
1635 10.491816 0.000000 3.240133 99.600182 -0.000000 4.271979 0.006155 
1636 10.705016 0.000000 3.199043 99.685943 0.000000 3.733139 0.004878 
1637 10.662376 0.000000 3.199043 99.649875 0.000000 4.041619 0.005357 
1638 10.747657 0.000000 3.199043 99.718614 0.000000 3.604341 0.004321 
1639 10.705016 0.000000 3.240133 99.713111 0.000000 3.979495 0.004146 
1640 10.726336 0.000000 3.137408 99.551733 0.000000 3.379332 0.007803 
1641 10.705016 0.000000 3.137408 99.537685 0.000000 3.444724 0.008038 
1642 10.747657 0.000000 3.137408 99.559520 0.000000 3.295022 0.007704 
1643 10.726336 0.000000 3.157953 99.597653 0.000000 3.517067 0.006794 
1644 10.619736 0.000000 3.116863 99.457345 -0.000000 3.643753 0.009496 
1645 10.577096 0.000000 3.116863 99.480753 -0.000000 3.670533 0.009011 
1646 10.619736 0.000000 3.157953 99.546257 -0.000000 3.907836 0.007527 
1647 10.683696 0.000000 3.137408 99.529510 0.000000 3.538897 0.008135 
1648 10.662376 0.000000 3.137408 99.529440 0.000000 3.616254 0.008081 
1649 10.683696 0.000000 3.116863 99.475815 0.000000 3.437819 0.009274 
1650 10.683696 0.000000 3.157953 99.541456 0.000000 3.773036 0.007726 
1651 10.918217 0.000000 3.240133 99.601399 -0.561114 2.488511 0.007305 
1652 11.003497 0.000000 3.240133 99.560917 -3.369019 2.186433 0.007149 
1653 10.918217 0.000000 3.322312 99.636935 -2.150812 2.456219 0.006182 
1654 10.790297 0.000000 3.199043 99.762505 0.000000 3.481731 0.003532 
1655 10.832937 0.000000 3.199043 99.590616 -0.770373 2.415492 0.007528 
1656 10.790297 0.000000 3.240133 99.780086 0.000000 3.406369 0.003233 
1657 10.726336 0.000000 3.178498 99.638080 0.000000 3.577101 0.005946 
1658 10.705016 0.000000 3.178498 99.629200 0.000000 3.673699 0.006053 
1659 10.747657 0.000000 3.178498 99.647977 0.000000 3.516398 0.005792 
1660 10.726336 0.000000 3.199043 99.722501 0.000000 3.515777 0.004306 
1661 10.715676 0.000000 3.147680 99.567351 0.000000 3.483070 0.007421 
1662 10.705016 0.000000 3.147680 99.559654 0.000000 3.528166 0.007543 
1663 10.715676 0.000000 3.137408 99.544685 0.000000 3.384235 0.007940 
1664 10.726336 0.000000 3.147680 99.566853 0.000000 3.440980 0.007460 
1665 10.715676 0.000000 3.157953 99.671120 0.000000 2.997581 0.005668 
1666 10.705016 0.000000 3.281222 99.721822 0.000000 4.066620 0.003902 
1667 10.662376 0.000000 3.281222 99.721122 0.000000 4.242732 0.003770 
1668 10.747657 0.000000 3.281222 99.735221 0.000000 3.890203 0.003775 
1669 10.705016 0.000000 3.322312 99.700550 0.000000 4.200314 0.004216 
1670 10.790297 0.000000 3.281222 99.763682 0.000000 3.684493 0.003363 
1671 10.832937 0.000000 3.281222 99.642887 0.268711 2.417751 0.006538 
1672 10.790297 0.000000 3.322312 99.763881 0.000000 3.683086 0.003360 
1673 10.726336 0.000000 3.260677 99.723693 0.000000 3.967347 0.003945 
1674 10.705016 0.000000 3.260677 99.696827 0.000000 4.103531 0.004370 
1675 10.726336 0.000000 3.240133 99.720282 0.000000 3.900423 0.004065 
1676 10.747657 0.000000 3.260677 99.727282 0.000000 3.904187 0.003923 
1677 10.726336 0.000000 3.281222 99.733491 0.000000 3.940818 0.003770 
1678 10.619736 0.000000 3.281222 99.724548 -0.000000 4.382532 0.003581 
1679 10.577096 0.000000 3.281222 99.725617 -0.000000 4.380665 0.003561 
1680 10.619736 0.000000 3.240133 99.702935 -0.000000 4.301763 0.004082 
1681 10.619736 0.000000 3.322312 99.747348 -0.000000 4.533680 0.002991 
1682 10.683696 0.000000 3.260677 99.691472 0.000000 4.239660 0.004364 
1683 10.662376 0.000000 3.260677 99.703155 0.000000 4.250640 0.004121 
1684 10.683696 0.000000 3.240133 99.706466 0.000000 4.068711 0.004207 
1685 10.683696 0.000000 3.281222 99.715809 0.000000 4.186777 0.003923 
1686 10.726336 0.000000 3.219588 99.734370 0.000000 3.736779 0.003909 
1687 10.705016 0.000000 3.219588 99.713652 0.000000 3.874876 0.004217 
1688 10.747657 0.000000 3.219588 99.735779 0.000000 3.704777 0.003905 
1689 10.715676 0.000000 3.250405 99.773455 0.000000 3.570008 0.003251 
1690 10.705016 0.000000 3.250405 99.695304 0.000000 4.094974 0.004408 
1691 10.715676 0.000000 3.240133 99.719272 0.000000 3.940549 0.004054 
1692 10.726336 0.000000 3.250405 99.721019 0.000000 3.958737 0.004005 
1693 10.715676 0.000000 3.260677 99.771718 0.000000 3.598439 0.003266 
1694 10.705016 0.000000 3.363402 99.664478 0.000000 4.402550 0.004761 
1695 10.662376 0.000000 3.363402 99.693091 0.000000 4.623868 0.003991 
1696 10.747657 0.000000 3.363402 99.653258 0.000000 4.229250 0.005134 
1697 10.705016 0.000000 3.404492 99.581016 0.000000 4.538797 0.006302 
1698 10.918217 0.000000 3.404492 99.685702 -0.860767 2.568044 0.005543 
1699 11.003497 0.000000 3.404492 99.674801 -0.639013 2.578440 0.005788 
1700 10.918217 0.000000 3.486672 99.789254 2.112729 2.705232 0.003032 
1701 10.790297 0.000000 3.363402 99.664931 0.000000 3.779048 0.005262 
1702 10.832937 0.000000 3.363402 99.677934 -0.815615 2.527221 0.005726 
1703 10.790297 0.000000 3.404492 99.593419 0.000000 4.181732 0.006366 
1704 10.726336 0.000000 3.342857 99.678643 0.000000 4.230601 0.004627 
1705 10.705016 0.000000 3.342857 99.688549 0.000000 4.342414 0.004334 
1706 10.726336 0.000000 3.322312 99.707382 0.000000 4.056511 0.004198 
1707 10.747657 0.000000 3.342857 99.672297 0.000000 4.160332 0.004812 
1708 10.726336 0.000000 3.363402 99.658118 0.000000 4.307768 0.004970 
1709 10.619736 0.000000 3.363402 99.740587 -0.000000 4.711187 0.002962 
1710 10.577096 0.000000 3.363402 99.745988 -0.000000 4.618883 0.002940 
1711 10.619736 0.000000 3.404492 99.743860 -0.000000 4.870855 0.002744 
1712 10.683696 0.000000 3.342857 99.670863 0.000000 4.503556 0.004544 
1713 10.662376 0.000000 3.342857 99.699991 0.000000 4.573320 0.003900 
1714 10.683696 0.000000 3.322312 99.699312 0.000000 4.381908 0.004085 
1715 10.683696 0.000000 3.363402 99.655899 0.000000 4.569671 0.004782 
1716 10.491816 0.000000 4.308468 99.962570 0.765334 3.043537 -0.000236 
1717 10.832937 0.000000 4.308468 100.026462 0.800526 3.015401 -0.001503 
1718 10.491816 0.000000 4.637187 100.188147 0.517713 3.168749 -0.004797 
1719 10.662376 0.000000 3.815390 99.848412 1.967877 2.718735 0.001903 
1720 10.491816 0.000000 3.815390 99.928169 1.869781 2.532262 0.000445 
1721 10.832937 0.000000 3.815390 99.794658 1.964543 2.807886 0.002928 
1722 10.662376 0.000000 3.979750 99.844023 1.388398 2.866010 0.002103 
1723 10.747657 0.000000 3.568851 99.692165 0.000000 4.612215 0.004020 
1724 10.662376 0.000000 3.568851 99.849446 0.000000 4.920792 0.000587 
1725 10.832937 0.000000 3.568851 99.369731 16.276523 4.925106 -0.016353 
1726 10.747657 0.000000 3.651031 99.751246 3.581686 2.653448 0.002982 
1727 10.705016 0.000000 3.445582 99.645288 0.000000 4.777018 0.004800 
1728 10.662376 0.000000 3.445582 99.781557 -0.000000 4.938724 0.001925 
1729 10.747657 0.000000 3.445582 99.659823 0.000000 4.530199 0.004740 
1730 10.705016 0.000000 3.486672 99.723981 0.000000 4.720343 0.003285 
1731 10.726336 0.000000 3.383947 99.639053 0.000000 4.255821 0.005395 
1732 10.705016 0.000000 3.383947 99.633978 0.000000 4.426487 0.005348 
1733 10.747657 0.000000 3.383947 99.639650 0.000000 4.209122 0.005422 
1734 10.726336 0.000000 3.404492 99.631711 0.000000 4.020988 0.005735 
1735 10.715676 0.000000 3.353130 99.741346 0.000000 3.411082 0.004003 
1736 10.705016 0.000000 3.353130 99.631481 0.000000 4.440539 0.005385 
1737 10.715676 0.000000 3.342857 99.681822 0.000000 4.282719 0.004519 
1738 10.726336 0.000000 3.353130 99.672272 0.000000 4.298760 0.004696 
1739 10.715676 0.000000 3.363402 99.665581 0.000000 4.366480 0.004771 
1740 10.790297 0.000000 3.445582 99.643130 0.000000 3.935329 0.005576 
1741 10.832937 0.000000 3.445582 99.743476 -0.669696 2.615129 0.004395 
1742 10.790297 0.000000 3.486672 99.673714 0.000000 4.435212 0.004548 
1743 10.577096 0.000000 3.568851 99.729797 -0.000000 5.014490 0.002882 
1744 10.491816 0.000000 3.568851 99.542475 -0.000000 5.052126 0.006577 
1745 10.577096 0.000000 3.651031 99.844002 3.799775 2.449692 0.001074 
1746 10.705016 0.000000 3.527761 99.773408 0.000000 4.781766 0.002240 
1747 10.662376 0.000000 3.527761 99.863993 0.000000 4.989657 0.000229 
1748 10.747657 0.000000 3.527761 99.720715 0.000000 4.601223 0.003461 
1749 10.705016 0.000000 3.568851 99.782328 0.000000 4.800404 0.002044 
1750 10.726336 0.000000 3.466127 99.697541 0.000000 4.601862 0.003922 
1751 10.705016 0.000000 3.466127 99.724548 0.000000 4.710250 0.003283 
1752 10.726336 0.000000 3.445582 99.684840 0.000000 4.595878 0.004181 
1753 10.747657 0.000000 3.466127 99.670650 0.000000 4.521306 0.004532 
1754 10.726336 0.000000 3.486672 99.718648 0.000000 4.506454 0.003588 
1755 10.619736 0.000000 3.445582 99.820857 -0.000000 4.997507 0.001082 
1756 10.577096 0.000000 3.445582 99.763197 -0.000000 4.879146 0.002350 
1757 10.619736 0.000000 3.486672 99.862090 -0.000000 5.045304 0.000211 
1758 10.683696 0.000000 3.466127 99.753895 0.000000 4.810377 0.002602 
1759 10.662376 0.000000 3.466127 99.799804 0.000000 4.904739 0.001594 
1760 10.683696 0.000000 3.445582 99.700186 0.000000 4.932883 0.003554 
1761 10.683696 0.000000 3.486672 99.769832 0.000000 4.905247 0.002192 
1762 10.726336 0.000000 3.425037 99.646974 0.000000 4.461870 0.005057 
1763 10.705016 0.000000 3.425037 99.658900 0.000000 4.593386 0.004700 
1764 10.747657 0.000000 3.425037 99.622738 0.000000 4.378479 0.005614 
1765 10.715676 0.000000 3.455854 99.680999 0.000000 4.193845 0.004611 
1766 10.705016 0.000000 3.455854 99.642980 0.000000 4.793109 0.004830 
1767 10.715676 0.000000 3.445582 99.692549 0.000000 4.171707 0.004399 
1768 10.726336 0.000000 3.455854 99.693640 0.000000 4.616398 0.003987 
1769 10.715676 0.000000 3.466127 99.718807 0.000000 4.667662 0.003437 
1770 21.748810 0.000000 17.128498 99.821599 0.026484 6.394723 -0.000524 
1771 27.206747 0.000000 17.128498 99.817549 0.024829 6.353382 -0.000391 
1772 21.748810 0.000000 22.387997 99.818362 0.011513 6.628164 -0.000764 
1773 19.019842 0.000000 9.239249 99.832043 0.113102 5.434998 0.000401 
1774 21.748810 0.000000 9.239249 99.867288 0.087622 5.352128 -0.000213 
1775 19.019842 0.000000 11.868999 99.863107 0.050655 5.857510 -0.000695 
1776 17.655358 0.000000 5.294624 99.863567 0.320500 4.311448 0.000858 
1777 16.290874 0.000000 5.294624 99.828135 0.362458 4.315766 0.001559 
1778 19.019842 0.000000 5.294624 99.868716 0.401972 4.326782 0.000736 
1779 17.655358 0.000000 6.609499 99.866532 0.226859 4.684670 0.000468 
1780 16.973116 0.000000 3.322312 99.840117 -1.208143 3.113232 0.002080 
1781 16.290874 0.000000 3.322312 99.815207 -1.321899 2.955093 0.002644 
1782 16.973116 0.000000 2.664875 99.795902 -1.079263 3.967775 0.002387 
1783 17.655358 0.000000 3.322312 99.894070 -1.190625 3.028141 0.001059 
1784 16.973116 0.000000 3.979750 99.796218 1.835960 4.291162 0.001893 
1785 18.337600 0.000000 3.322312 99.908118 -1.159540 3.045674 0.000775 
1786 19.019842 0.000000 3.322312 99.925986 -1.143044 3.078979 0.000401 
1787 18.337600 0.000000 3.979750 99.843812 2.101538 4.450773 0.000699 
1788 20.384326 0.000000 5.294624 99.869941 0.411242 4.374609 0.000669 
1789 21.748810 0.000000 5.294624 99.886438 0.438211 4.342096 0.000365 
1790 20.384326 0.000000 6.609499 99.857547 0.211404 4.743083 0.000593 
1791 18.337600 0.000000 4.637187 99.873455 0.609822 4.141383 0.000777 
1792 17.655358 0.000000 4.637187 99.857287 0.570308 4.161647 0.001088 
1793 19.019842 0.000000 4.637187 99.868372 0.691372 4.172871 0.000842 
1794 18.337600 0.000000 5.294624 99.873091 0.347584 4.303852 0.000672 
1795 17.996479 0.000000 3.651031 99.927410 -1.381941 3.872429 -0.000239 
1796 17.655358 0.000000 3.651031 99.908492 -0.973477 4.295754 -0.000111 
1797 17.996479 0.000000 3.322312 99.903877 -1.152408 3.031427 0.000870 
1798 18.337600 0.000000 3.651031 99.928653 -1.792298 3.775910 -0.000321 
1799 17.996479 0.000000 3.979750 99.839621 2.025869 4.382497 0.000874 
1800 12.879663 0.000000 3.322312 99.754194 -0.615839 0.268902 0.004865 
1801 12.879663 0.000000 2.664875 99.417191 -0.895373 3.113657 0.010573 
1802 13.561905 0.000000 3.322312 99.606861 -1.912759 1.917009 0.007114 
1803 12.879663 0.000000 3.979750 99.636636 1.229062 3.718600 0.005720 
1804 14.926389 0.000000 5.294624 99.754391 0.329445 4.320964 0.003028 
1805 14.926389 0.000000 6.609499 99.848848 0.233385 4.670365 0.000834 
1806 14.244147 0.000000 3.322312 99.682489 -1.481741 2.631398 0.005428 
1807 14.926389 0.000000 3.322312 99.760001 -1.188246 2.627162 0.003963 
1808 14.244147 0.000000 3.979750 99.688641 1.319121 3.978307 0.004461 
1809 14.244147 0.000000 4.637187 99.729173 0.481660 4.054081 0.003742 
1810 13.561905 0.000000 4.637187 99.725047 0.478615 3.966789 0.003895 
1811 14.926389 0.000000 4.637187 99.710583 0.557255 4.186758 0.003996 
1812 14.244147 0.000000 5.294624 99.720310 0.354046 4.316699 0.003710 
1813 13.903026 0.000000 3.651031 99.571890 3.563069 6.619492 0.002893 
1814 13.561905 0.000000 3.651031 99.520403 3.729482 6.612547 0.003805 
1815 13.903026 0.000000 3.322312 99.641850 -1.704803 2.423412 0.006272 
1816 14.244147 0.000000 3.651031 99.632204 3.617848 6.317623 0.002042 
1817 13.903026 0.000000 3.979750 99.663236 1.287857 3.936587 0.005008 
1818 15.608632 0.000000 3.322312 99.770853 -1.242850 2.754948 0.003664 
1819 15.608632 0.000000 2.664875 99.686851 -1.137420 3.950324 0.004563 
1820 15.608632 0.000000 3.979750 99.728197 1.579142 4.192029 0.003422 
1821 15.608632 0.000000 4.637187 99.756205 0.547093 4.182989 0.003090 
1822 16.290874 0.000000 4.637187 99.789933 0.547111 4.180718 0.002419 
1823 15.608632 0.000000 5.294624 99.786290 0.315063 4.317906 0.002395 
1824 15.949753 0.000000 3.651031 99.759374 -1.583038 6.250709 0.000649 
1825 15.608632 0.000000 3.651031 99.789750 -2.671251 5.843441 0.000072 
1826 15.949753 0.000000 3.322312 99.800080 -1.291241 2.843086 0.003019 
1827 16.290874 0.000000 3.651031 99.773636 -1.103106 6.164198 0.000601 
1828 15.949753 0.000000 3.979750 99.744605 1.597852 4.209384 0.003074 
1829 16.973116 0.000000 4.637187 99.844344 0.513947 4.148086 0.001364 
1830 16.973116 0.000000 5.294624 99.852855 0.278699 4.311838 0.001074 
1831 16.631995 0.000000 3.651031 99.796690 -0.833870 5.874658 0.000541 
1832 16.631995 0.000000 3.322312 99.831259 -1.271667 3.038265 0.002287 
1833 16.973116 0.000000 3.651031 99.817268 -0.700579 5.498910 0.000578 
1834 16.631995 0.000000 3.979750 99.782294 1.726193 4.236464 0.002257 
1835 15.949753 0.000000 4.308468 99.761754 0.826138 4.140556 0.002977 
1836 15.608632 0.000000 4.308468 99.739902 0.811991 4.140264 0.003415 
1837 16.290874 0.000000 4.308468 99.780673 0.832569 4.137413 0.002601 
1838 15.949753 0.000000 4.637187 99.773539 0.551817 4.184765 0.002742 
1839 16.120313 0.000000 3.815390 99.727663 3.131314 4.698886 0.002251 
1840 15.949753 0.000000 3.815390 99.720319 2.991114 4.643188 0.002535 
1841 16.120313 0.000000 3.651031 99.760097 -1.297640 6.237686 0.000733 
1842 16.290874 0.000000 3.815390 99.731283 3.293814 4.782786 0.001995 
1843 16.120313 0.000000 3.979750 99.756451 1.629687 4.212265 0.002825 
1844 15.267510 0.000000 3.651031 99.645566 0.837030 6.788415 0.002398 
1845 14.926389 0.000000 3.651031 99.655506 0.978642 6.839658 0.002104 
1846 15.267510 0.000000 3.322312 99.736048 -1.142071 2.734598 0.004394 
1847 15.267510 0.000000 3.979750 99.695467 1.505851 4.195765 0.004094 
1848 15.779192 0.000000 3.815390 99.716630 2.904825 4.598516 0.002701 
1849 15.608632 0.000000 3.815390 99.711050 2.796547 4.558627 0.002910 
1850 15.779192 0.000000 3.651031 99.763682 -1.996875 6.188844 0.000492 
1851 15.779192 0.000000 3.979750 99.734343 1.567186 4.199575 0.003297 
1852 15.608632 0.000000 2.007437 99.637174 -1.132027 5.165433 0.004447 
1853 16.290874 0.000000 2.007437 99.719475 -1.085054 5.173600 0.002808 
1854 15.949753 0.000000 2.993594 99.758591 -1.194056 3.368361 0.003545 
1855 15.608632 0.000000 2.993594 99.719441 -1.227866 3.343246 0.004335 
1856 15.949753 0.000000 2.664875 99.731235 -1.091999 3.926057 0.003707 
1857 16.290874 0.000000 2.993594 99.778427 -1.208541 3.395740 0.003127 
1858 16.120313 0.000000 3.486672 99.826828 -1.289238 3.010074 0.002388 
1859 15.949753 0.000000 3.486672 99.819178 -1.321460 3.014988 0.002530 
1860 16.120313 0.000000 3.322312 99.804887 -1.332464 2.902942 0.002878 
1861 16.290874 0.000000 3.486672 99.840409 -1.244377 2.979293 0.002147 
1862 16.035033 0.000000 3.733211 99.626023 7.637804 5.698833 -0.001616 
1863 15.949753 0.000000 3.733211 99.654663 6.578359 5.434588 -0.000386 
1864 16.035033 0.000000 3.651031 99.760272 -1.426526 6.251780 0.000677 
1865 16.120313 0.000000 3.733211 99.730806 2.262722 5.802983 0.001497 
1866 16.035033 0.000000 3.815390 99.724865 3.060439 4.670187 0.002377 
1867 -60.120242 0.000000 -61.763992 99.750379 -0.000287 6.976241 0.000119 
1868 -81.951989 0.000000 -61.763992 99.752826 -0.000187 6.976862 0.000070 
1869 -60.120242 0.000000 -82.801989 99.751463 -0.000331 6.975160 0.000099 
1870 70.870242 0.000000 -61.763992 99.752681 -0.002010 6.939657 0.000124 
1871 70.870242 0.000000 -82.801989 99.752672 -0.001510 6.955475 0.000103 
1872 92.701989 0.000000 -61.763992 99.755012 -0.002085 6.940592 0.000077 
1873 -16.456747 0.000000 64.463992 99.773467 0.001327 6.966327 -0.000327 
1874 -38.288495 0.000000 64.463992 99.767567 0.000849 6.973662 -0.000220 
1875 -16.456747 0.000000 85.501989 99.766686 0.001074 6.968855 -0.000196 
1876 -60.120242 0.000000 64.463992 99.763037 0.000557 6.976251 -0.000133 
1877 -81.951989 0.000000 64.463992 99.760362 0.000383 6.976870 -0.000081 
1878 -60.120242 0.000000 85.501989 99.761895 0.000553 6.975075 -0.000109 
1879 -27.372621 0.000000 -30.206996 99.730913 0.000143 6.976945 0.000507 
1880 -38.288495 0.000000 -30.206996 99.741127 -0.000145 6.980166 0.000298 
1881 -27.372621 0.000000 -40.725995 99.735933 -0.000007 6.972812 0.000412 
1882 70.870242 0.000000 64.463992 99.764923 0.003700 6.928123 -0.000104 
1883 92.701989 0.000000 64.463992 99.762926 0.003997 6.925338 -0.000060 
1884 70.870242 0.000000 85.501989 99.762709 0.002444 6.950347 -0.000091 
1885 38.122621 0.000000 -30.206996 99.742303 -0.001841 6.835722 0.000475 
1886 38.122621 0.000000 -40.725995 99.742210 -0.001552 6.896129 0.000393 
1887 49.038495 0.000000 -30.206996 99.751033 -0.002455 6.839083 0.000296 
1888 -5.540874 0.000000 32.906996 99.807161 -0.002369 6.931836 -0.000952 
1889 -16.456747 0.000000 32.906996 99.802031 0.000568 6.967317 -0.000899 
1890 -5.540874 0.000000 43.425995 99.797687 0.001094 6.947792 -0.000785 
1891 -27.372621 0.000000 32.906996 99.783584 0.000414 6.978177 -0.000546 
1892 -38.288495 0.000000 32.906996 99.772600 0.000699 6.980839 -0.000330 
1893 -27.372621 0.000000 43.425995 99.778794 0.000517 6.973262 -0.000443 
1894 -10.998810 0.000000 -14.428498 99.683488 -0.062060 6.907220 0.001549 
1895 -16.456747 0.000000 -14.428498 99.701222 0.002433 6.959104 0.001124 
1896 -10.998810 0.000000 -19.687997 99.693855 0.003871 6.931626 0.001309 
1897 38.122621 0.000000 32.906996 99.788169 0.007810 6.794543 -0.000384 
1898 49.038495 0.000000 32.906996 99.780722 0.008961 6.784971 -0.000223 
1899 38.122621 0.000000 43.425995 99.780454 0.004827 6.876898 -0.000343 
1900 21.748810 0.000000 -14.428498 99.742328 -0.019763 6.525497 0.000889 
1901 21.748810 0.000000 -19.687997 99.727158 0.003760 6.703362 0.000956 
1902 27.206747 0.000000 -14.428498 99.746276 0.003141 6.513872 0.000825 
1903 -0.082937 0.000000 17.128498 99.909472 0.011775 6.783878 -0.002792 
1904 -5.540874 0.000000 17.128498 99.861894 -0.001376 6.895652 -0.001995 
1905 -0.082937 0.000000 22.387997 99.905878 -0.011877 6.857887 -0.002822 
1906 -10.998810 0.000000 17.128498 99.858933 -0.039124 6.984944 -0.002060 
1907 -16.456747 0.000000 17.128498 99.802342 -0.005290 6.979594 -0.000922 
1908 -10.998810 0.000000 22.387997 99.823947 -0.006047 6.952585 -0.001316 
1909 2.646032 0.000000 9.239249 100.655553 0.266468 6.480410 -0.017361 
1910 -0.082937 0.000000 9.239249 100.443112 0.255709 6.907324 -0.013660 
1911 2.646032 0.000000 11.868999 100.301669 0.254539 6.575492 -0.010373 
1912 -2.811905 0.000000 9.239249 100.150241 0.217025 7.071413 -0.008012 
1913 -5.540874 0.000000 9.239249 99.948472 0.129037 7.071294 -0.003972 
1914 -2.811905 0.000000 11.868999 100.065821 0.095081 6.935065 -0.006127 
1915 4.010516 0.000000 5.294624 102.190344 0.046483 5.399811 -0.047203 
1916 2.646032 0.000000 5.294624 102.032819 0.063120 6.571610 -0.045389 
1917 4.010516 0.000000 6.609499 101.632053 0.005606 5.773152 -0.036240 
1918 1.281547 0.000000 5.294624 101.710130 0.104659 7.485650 -0.040100 
1919 -0.082937 0.000000 5.294624 101.017016 0.212279 7.902571 -0.026693 
1920 1.281547 0.000000 6.609499 101.141032 0.105664 7.088182 -0.027976 
1921 -1.447421 0.000000 5.294624 100.296213 0.036848 7.756093 -0.011949 
1922 -2.811905 0.000000 5.294624 99.881121 -0.100954 7.414585 -0.003122 
1923 -1.447421 0.000000 6.609499 100.292405 -0.104891 7.331247 -0.011232 
1924 1.963789 0.000000 -1.937187 98.841383 -0.044686 1.917822 0.022670 
1925 1.963789 0.000000 -2.594624 98.714211 0.037476 3.910898 0.024021 
1926 0.940426 0.000000 -0.293594 98.461952 -0.029274 -12.088865 0.015910 
1927 1.281547 0.000000 -0.293594 100.156035 -0.037677 -11.930001 -0.017356 
1928 0.599305 0.000000 2.007437 99.673977 -0.159903 12.285248 -0.008585 
1929 -0.082937 0.000000 2.007437 98.944504 -0.159003 11.000049 0.008896 
1930 0.599305 0.000000 2.664875 100.880088 -0.573062 10.370606 -0.028467 
1931 0.428745 0.000000 -0.457953 -3.261648 -0.019949 2.382559 0.998368 
1932 0.599305 0.000000 -0.457953 97.351954 -0.121086 -8.300071 0.045369 
1933 0.428745 0.000000 -0.293594 -1.694753 -0.009611 1.751702 0.999406 
1934 0.428745 0.000000 -0.129234 -1.797925 -0.023678 1.469524 0.999461 
1935 0.599305 0.000000 -0.129234 0.952603 -0.079323 0.904796 0.999827 
1936 -0.765179 0.000000 2.007437 98.819704 -0.145782 9.989821 0.013485 
1937 -1.447421 0.000000 2.007437 99.053218 -0.221916 9.298207 0.010195 
1938 -0.765179 0.000000 2.664875 99.804856 -0.298221 9.556299 -0.005242 
1939 -0.424058 0.000000 0.363844 90.878833 -0.253001 12.842399 0.157605 
1940 -0.765179 0.000000 0.363844 93.714266 -0.037858 10.446759 0.110850 
1941 -0.424058 0.000000 0.692563 94.030258 -0.142079 12.690705 0.099724 
1942 -0.253497 0.000000 -0.129234 78.928874 -0.204889 10.616778 0.365747 
1943 -0.424058 0.000000 -0.129234 85.827988 -0.186926 9.271113 0.254757 
1944 -0.253497 0.000000 0.035125 81.913799 -0.208185 13.795073 0.309978 
1945 0.087624 0.000000 -0.786672 87.374944 -0.164630 -10.232987 0.226088 
1946 -0.082937 0.000000 -0.786672 87.120484 -0.151011 -3.870340 0.239502 
1947 0.087624 0.000000 -0.951031 91.799796 -0.153061 -4.617025 0.155146 
1948 -0.253497 0.000000 -0.786672 88.731522 -0.170305 0.530776 0.212641 
1949 -0.424058 0.000000 -0.786672 90.602151 -0.177645 3.121486 0.178147 
1950 -0.253497 0.000000 -0.951031 91.424688 -0.162210 1.205111 0.164005 
1951 0.087624 0.000000 0.199485 76.434276 -0.106552 31.104501 0.319030 
1952 -0.082937 0.000000 0.199485 81.254392 -0.098869 20.436365 0.298007 
1953 0.087624 0.000000 0.363844 86.623082 -0.106911 25.197812 0.186150 
1954 1.622668 0.000000 0.363844 98.090706 -0.036710 33.855893 -0.076801 
1955 1.622668 0.000000 0.035125 6.595803 0.008961 1.554569 0.995408 
1956 1.622668 0.000000 0.692563 98.675652 -0.030322 32.032417 -0.076296 
1957 1.622668 0.000000 1.021281 98.264599 -0.026827 31.257889 -0.063299 
1958 1.281547 0.000000 1.021281 97.013679 -0.041735 34.667105 -0.061346 
1959 1.622668 0.000000 1.350000 100.264621 0.021739 19.772360 -0.044394 
1960 1.622668 0.000000 -0.293594 100.156035 -0.037677 -11.930001 -0.017356 
1961 1.622668 0.000000 -0.622312 101.397367 -0.023798 -11.291027 -0.040891 
1962 1.963789 0.000000 -0.293594 101.322041 -0.015530 -9.608798 -0.035849 
1963 2.987153 0.000000 -0.293594 3.172824 0.077360 -0.769294 0.998934 
1964 2.646032 0.000000 -0.293594 1.792932 0.017408 -0.725450 0.999626 
1965 3.328274 0.000000 -0.293594 101.178870 0.012273 0.000000 -0.023716 
1966 2.304911 0.000000 1.678719 106.572868 0.018019 19.427068 -0.173519 
1967 1.963789 0.000000 1.678719 103.354011 -0.015150 17.970567 -0.100499 
1968 2.304911 0.000000 2.007437 106.621002 -0.531994 14.451507 -0.157717 
1969 2.475471 0.000000 1.185641 86.681331 0.072928 11.221088 0.236043 
1970 2.304911 0.000000 1.185641 86.681331 0.072928 11.221088 0.236043 
1971 2.475471 0.000000 1.350000 104.876924 0.006471 32.472957 -0.205366 
1972 2.475471 0.000000 0.528203 90.173587 0.058453 11.431609 0.173804 
1973 2.304911 0.000000 0.528203 94.841060 0.018571 21.716282 0.053358 
1974 2.475471 0.000000 0.363844 86.681331 0.072928 11.221088 0.236043 
1975 7.421726 0.000000 -1.937187 98.852925 -0.309807 7.340365 0.017412 
1976 7.421726 0.000000 -2.594624 98.997404 -0.082932 6.293283 0.015990 
1977 8.103968 0.000000 -1.937187 98.215550 -0.035245 6.894149 0.030618 
1978 5.716121 0.000000 -0.951031 105.596302 -0.096686 18.374042 -0.148819 
1979 5.716121 0.000000 -1.279750 105.937469 -0.190515 9.283924 -0.130897 
1980 5.716121 0.000000 -0.622312 105.420246 -0.097273 19.056088 -0.147657 
1981 6.398363 0.000000 -0.293594 95.004580 -0.254150 24.031534 0.039655 
1982 6.057242 0.000000 -0.293594 -5.226948 -0.057689 -0.862137 0.997193 
1983 6.398363 0.000000 0.035125 -4.443553 -0.082272 -0.113389 0.998024 
1984 5.716121 0.000000 -0.293594 -4.743771 0.021664 -1.398319 0.997554 
1985 5.375000 0.000000 -0.293594 -3.032644 -0.023826 -2.105268 0.998637 
1986 7.421726 0.000000 3.322312 101.057129 0.196237 1.464122 -0.021473 
1987 6.739484 0.000000 3.322312 101.659019 0.232216 1.369865 -0.033649 
1988 7.421726 0.000000 3.979750 101.302892 0.258697 2.112415 -0.026681 
1989 6.057242 0.000000 3.322312 102.233186 0.271518 1.425447 -0.045373 
1990 5.375000 0.000000 3.322312 103.101368 0.107055 1.947182 -0.063370 
1991 6.057242 0.000000 3.979750 102.178829 0.157653 2.459104 -0.044659 
1992 6.398363 0.000000 0.363844 -2.926870 -0.135532 0.334989 0.999130 
1993 6.739484 0.000000 0.363844 -4.127963 -0.058880 0.761490 0.998238 
1994 5.033879 0.000000 0.363844 4.433276 0.132399 0.194416 0.998029 
1995 4.692758 0.000000 0.363844 7.012304 0.087141 0.943691 0.994993 
1996 5.033879 0.000000 0.035125 1.485518 0.065823 -0.922015 0.999694 
1997 5.716121 0.000000 1.678719 100.559577 0.050981 -7.138905 -0.016320 
1998 6.057242 0.000000 1.678719 98.463852 0.048943 -4.850137 0.028134 
1999 5.716121 0.000000 2.007437 102.125979 0.085515 -3.285966 -0.044052 
2000 6.398363 0.000000 1.678719 98.638715 0.108993 -2.769460 0.026272 
2001 6.739484 0.000000 1.678719 99.294434 0.210373 -2.172685 0.013585 
2002 6.398363 0.000000 2.007437 100.226866 0.159177 -1.803809 -0.004870 
2003 5.545561 0.000000 1.185641 51.651696 0.052032 -44.649801 0.533849 
2004 5.716121 0.000000 1.185641 79.761643 -0.052220 -21.866780 0.315992 
2005 5.545561 0.000000 1.350000 69.456674 0.013415 -40.070357 0.357014 
2006 32.664684 0.000000 -3.909499 99.847093 0.014162 5.292836 0.000254 
2007 32.664684 0.000000 -9.168999 99.784337 0.003924 6.154465 0.000521 
2008 38.122621 0.000000 -3.909499 99.851284 0.012202 5.380895 0.000077 
2009 19.019842 0.000000 -6.539249 99.746904 -0.027154 5.783126 0.001711 
2010 19.019842 0.000000 -9.168999 99.746786 -0.005324 6.149510 0.001276 
2011 21.748810 0.000000 -6.539249 99.774783 0.008079 5.759114 0.001183 
2012 24.477779 0.000000 -1.279750 99.874517 0.024524 4.468724 0.000511 
2013 24.477779 0.000000 -3.909499 99.822537 0.043408 5.151292 0.000892 
2014 27.206747 0.000000 -1.279750 99.893030 -0.014155 4.524359 0.000091 
2015 14.926389 0.000000 -2.594624 99.541010 -0.201591 4.702295 0.006944 
2016 14.926389 0.000000 -3.909499 99.565495 -0.198853 5.100468 0.006066 
2017 16.290874 0.000000 -2.594624 99.647493 -0.100106 4.761287 0.004770 
2018 7.080605 0.000000 -0.951031 98.317807 -0.446953 12.109742 0.018676 
2019 7.080605 0.000000 -1.279750 98.702211 -0.439182 10.131935 0.015502 
2020 7.421726 0.000000 -0.951031 99.285180 -0.484905 12.516820 -0.001445 
2021 7.762847 0.000000 -0.951031 97.885660 -0.460064 13.094626 0.024672 
2022 7.762847 0.000000 -1.279750 98.224596 -0.347568 9.745873 0.025683 
2023 8.103968 0.000000 -0.951031 97.171701 -0.314363 11.726573 0.042005 
2024 7.080605 0.000000 0.363844 -3.823491 -0.165667 0.889689 0.998456 
2025 7.421726 0.000000 0.363844 -2.149732 0.104401 0.720125 0.999485 
2026 7.762847 0.000000 0.363844 -0.294676 0.044069 1.399639 0.999795 
2027 32.664684 0.000000 17.128498 99.811421 0.026488 6.328009 -0.000236 
2028 38.122621 0.000000 17.128498 99.818143 0.026336 6.287825 -0.000320 
2029 32.664684 0.000000 22.387997 99.810189 0.014788 6.582165 -0.000540 
2030 24.477779 0.000000 9.239249 99.862879 0.082874 5.337654 -0.000109 
2031 27.206747 0.000000 9.239249 99.867603 0.086876 5.299899 -0.000163 
2032 24.477779 0.000000 11.868999 99.839339 0.050212 5.837927 -0.000198 
2033 7.080605 0.000000 1.678719 99.726779 0.223737 -2.009373 0.005048 
2034 7.421726 0.000000 1.678719 99.582526 0.153590 -2.129501 0.007876 
2035 7.080605 0.000000 2.007437 100.083791 0.238210 -1.333805 -0.001860 
2036 7.762847 0.000000 1.678719 99.297950 0.511777 -2.243469 0.013462 
2037 7.762847 0.000000 2.007437 99.552551 0.459168 -1.314322 0.008735 
2038 7.762847 0.000000 2.336156 100.163362 0.280057 -0.184079 -0.003281 
2039 7.421726 0.000000 2.336156 100.321840 0.316531 -0.439459 -0.006476 
2040 7.762847 0.000000 2.664875 100.379242 0.332804 0.324337 -0.007621 
2041 7.080605 0.000000 2.336156 100.507087 0.265656 -0.610043 -0.010212 
2042 6.739484 0.000000 2.336156 100.743933 0.272116 -0.702934 -0.014991 
2043 7.080605 0.000000 2.664875 100.887525 0.283879 0.183485 -0.017841 
2044 8.786211 0.000000 -1.937187 98.004465 0.043090 6.597596 0.035159 
2045 8.786211 0.000000 -2.594624 98.728934 0.113188 5.773485 0.021925 
2046 9.468453 0.000000 -1.937187 97.838649 0.214331 5.797141 0.039395 
2047 8.445089 0.000000 -0.951031 96.685312 -0.173940 9.896674 0.055398 
2048 8.445089 0.000000 -1.279750 97.228994 -0.120515 8.282095 0.047792 
2049 8.786211 0.000000 -0.951031 97.015286 -0.147124 8.399025 0.051747 
2050 9.127332 0.000000 -0.293594 98.168789 -0.245305 12.873208 0.019711 
2051 9.127332 0.000000 -0.622312 97.165103 -0.226514 8.666853 0.048378 
2052 9.468453 0.000000 -0.293594 99.756246 -0.344454 15.461540 -0.019049 
2053 12.879663 0.000000 -0.622312 98.885647 -0.138748 4.370136 0.020251 
2054 12.879663 0.000000 -1.279750 98.986608 -0.043747 4.282702 0.018331 
2055 13.561905 0.000000 -0.622312 99.146299 -0.157449 4.284166 0.015163 
2056 8.871491 0.000000 0.610383 96.443168 -0.073709 -0.587518 0.069836 
2057 8.871491 0.000000 0.528203 96.164383 -0.763328 0.058030 0.075183 
2058 8.956771 0.000000 0.610383 88.238397 -0.752437 -1.629369 0.221076 
2059 8.828851 0.000000 0.733652 89.594552 0.456354 -1.063380 0.197148 
2060 8.828851 0.000000 0.692563 91.405780 0.779143 -2.020872 0.164029 
2061 8.871491 0.000000 0.733652 89.408727 0.339938 -0.967684 0.200503 
2062 8.615650 0.000000 1.514359 97.445620 1.481339 -1.974500 0.049826 
2063 8.445089 0.000000 1.514359 97.841135 1.187540 -2.470893 0.041960 
2064 8.615650 0.000000 1.678719 97.882075 1.349930 -1.559750 0.041484 
2065 8.615650 0.000000 1.843078 98.338831 1.223033 -1.113526 0.032674 
2066 8.445089 0.000000 1.843078 98.564544 1.025833 -1.456745 0.028186 
2067 8.615650 0.000000 2.007437 98.628530 1.114264 -0.754380 0.027060 
2068 12.879663 0.000000 2.007437 99.063095 -0.780443 4.284823 0.016753 
2069 8.871491 0.000000 1.103461 88.311933 -0.021929 2.290164 0.219576 
2070 8.786211 0.000000 1.103461 87.787584 0.137586 2.170270 0.228861 
2071 8.956771 0.000000 1.103461 90.857937 -0.011575 1.894090 0.174125 
2072 9.042051 0.000000 1.267820 92.073209 -0.000000 1.034207 0.152145 
2073 9.042051 0.000000 1.185641 92.593565 0.000000 1.052013 0.142533 
2074 9.127332 0.000000 1.267820 93.512911 0.000000 0.682478 0.125487 
2075 9.809574 0.000000 -0.293594 97.417281 -0.160441 14.005142 0.031370 
2076 9.809574 0.000000 -0.622312 97.940436 -0.234300 9.192416 0.032312 
2077 10.150695 0.000000 -0.293594 95.931412 -0.290516 12.118497 0.065022 
2078 9.980134 0.000000 1.514359 97.405826 0.000000 2.484340 0.050593 
2079 9.980134 0.000000 1.678719 97.511298 -0.000000 2.152258 0.048691 
2080 9.980134 0.000000 1.843078 97.565946 -0.000000 2.102901 0.047646 
2081 9.980134 0.000000 2.007437 97.621079 -0.000000 2.072784 0.046583 
2082 9.383172 0.000000 1.103461 93.353070 -0.028269 4.698361 0.126313 
2083 9.297892 0.000000 1.103461 92.389036 -0.033472 3.068042 0.145485 
2084 9.468453 0.000000 1.103461 94.751209 -0.013578 5.082624 0.099638 
2085 9.212612 0.000000 1.267820 93.934498 0.000000 0.895134 0.117551 
2086 9.212612 0.000000 1.185641 93.291943 -0.000000 1.224495 0.129511 
2087 9.212612 0.000000 1.350000 93.942073 0.000000 0.964001 0.117396 
2088 9.425812 0.000000 0.898012 102.192434 -0.042642 35.663007 -0.171515 
2089 9.383172 0.000000 0.898012 91.545956 -0.234519 23.963976 0.104501 
2090 9.425812 0.000000 0.939102 97.710382 -0.188115 17.822067 0.013502 
2091 10.065414 0.000000 0.774742 103.728999 0.297203 -2.968919 -0.076861 
2092 10.065414 0.000000 0.692563 96.349423 0.375617 9.560967 0.062524 
2093 10.065414 0.000000 1.103461 100.827385 0.059212 6.890264 -0.021364 
2094 9.980134 0.000000 1.103461 99.838786 0.059216 4.058089 0.001575 
2095 10.065414 0.000000 1.185641 99.540817 0.042594 4.243228 0.007362 
2096 9.937494 0.000000 0.815832 96.785904 0.119667 4.812456 0.060931 
2097 9.937494 0.000000 0.774742 98.431990 0.100037 2.659386 0.030406 
2098 9.980134 0.000000 0.815832 98.715904 0.139298 2.611844 0.024833 
2099 10.406536 0.000000 1.103461 101.166583 0.428181 -4.550338 -0.025557 
2100 10.406536 0.000000 1.185641 99.422084 0.289414 -1.276299 0.011354 
2101 10.406536 0.000000 1.267820 98.342938 -0.000000 0.549852 0.032836 
2102 10.321255 0.000000 1.267820 98.783297 -0.000000 0.860186 0.024112 
2103 10.406536 0.000000 1.350000 98.231330 -0.000000 1.097681 0.034940 
2104 10.235975 0.000000 1.267820 99.135810 0.000000 1.654233 0.016935 
2105 10.150695 0.000000 1.267820 98.945593 0.000000 2.480512 0.020362 
2106 10.235975 0.000000 1.350000 98.618993 0.000000 1.669273 0.027151 
2107 10.278615 0.000000 0.980191 128.116458 1.900404 -31.082840 -0.738358 
2108 10.321255 0.000000 0.980191 110.015559 1.547858 -25.644277 -0.276345 
2109 10.278615 0.000000 1.021281 126.664896 0.650899 -22.531290 -0.655208 
2110 10.363895 0.000000 0.898012 100.120472 3.967140 -12.835512 -0.020460 
2111 10.363895 0.000000 0.856922 98.323215 2.698383 -1.404168 0.032329 
2112 10.363895 0.000000 0.939102 99.757721 3.941096 -14.761655 -0.018504 
2113 10.449176 0.000000 0.980191 108.637491 1.242998 -2.144591 -0.180825 
2114 10.406536 0.000000 0.980191 101.903727 0.709673 -4.326907 -0.040360 
2115 10.449176 0.000000 1.021281 104.453110 1.289308 -2.172212 -0.091683 
2116 10.363895 0.000000 0.980191 100.595775 1.559309 -14.892001 -0.034371 
2117 10.363895 0.000000 1.021281 102.539609 0.635271 -13.148748 -0.068766 
2118 10.747657 0.000000 1.103461 94.524383 0.000000 -2.196938 0.106031 
2119 10.832937 0.000000 1.103461 93.860147 -0.897951 1.509816 0.118719 
2120 11.003497 0.000000 0.528203 90.627191 0.047986 7.630439 0.172849 
2121 11.003497 0.000000 0.363844 91.989619 -0.278905 7.490448 0.148173 
2122 11.174058 0.000000 0.528203 93.404685 0.200425 6.620764 0.123169 
2123 5.204439 0.000000 0.856922 106.516209 -0.105973 0.000000 -0.134571 
2124 5.033879 0.000000 0.856922 108.637351 -0.191770 0.318216 -0.180221 
2125 5.204439 0.000000 0.692563 8.595237 0.148681 0.357364 0.992597 
2126 10.747657 0.000000 1.596539 97.574172 0.000000 2.237104 0.047428 
2127 10.662376 0.000000 1.596539 97.527031 0.000000 2.174134 0.048375 
2128 10.832937 0.000000 1.596539 97.385777 -0.867378 2.599572 0.050850 
2129 10.577096 0.000000 1.596539 97.573763 -0.000000 2.003600 0.047535 
2130 10.491816 0.000000 1.596539 97.706253 -0.000000 1.893081 0.044990 
2131 9.212612 0.000000 1.432180 94.542950 0.000000 1.170062 0.106026 
2132 9.212612 0.000000 1.514359 93.962059 0.000000 1.047426 0.117003 
2133 9.212612 0.000000 1.596539 94.358120 0.000000 1.154821 0.109521 
2134 9.127332 0.000000 1.596539 91.711454 -0.000000 1.727893 0.158602 
2135 9.212612 0.000000 1.678719 93.969538 0.000000 1.281460 0.116808 
2136 8.871491 0.000000 1.432180 96.732654 3.234079 -1.136353 0.063104 
2137 8.786211 0.000000 1.432180 96.856319 2.290295 -1.501504 0.061135 
2138 8.871491 0.000000 1.514359 97.195068 2.791281 -1.036579 0.054425 
2139 9.042051 0.000000 1.596539 88.446240 -0.000000 2.768909 0.216960 
2140 8.956771 0.000000 1.596539 85.898397 -0.000000 3.992604 0.260552 
2141 8.871491 0.000000 1.596539 97.192570 2.497100 -1.015387 0.054634 
2142 8.786211 0.000000 1.596539 97.387896 1.942599 -1.281730 0.051018 
2143 8.871491 0.000000 1.678719 97.517291 2.262133 -0.875220 0.048449 
2144 10.406536 0.000000 1.432180 97.814300 -0.000000 1.524190 0.043004 
2145 10.321255 0.000000 1.432180 97.955052 -0.000000 1.686500 0.040196 
2146 10.406536 0.000000 1.514359 97.854078 -0.000000 1.787943 0.042138 
2147 10.406536 0.000000 1.596539 97.665034 -0.000000 2.006168 0.045752 
2148 10.321255 0.000000 1.596539 97.599186 -0.000000 1.967743 0.047053 
2149 10.406536 0.000000 1.678719 97.666598 -0.000000 2.095789 0.045684 
2150 9.553733 0.000000 1.432180 95.752825 0.000000 2.076107 0.082709 
2151 9.553733 0.000000 1.350000 95.400940 0.000000 2.447523 0.089267 
2152 9.639013 0.000000 1.432180 96.059232 0.000000 2.369922 0.076701 
2153 8.445089 0.000000 2.993594 100.272796 0.536112 0.918586 -0.005576 
2154 8.103968 0.000000 2.993594 100.453069 0.537265 0.758897 -0.009168 
2155 8.445089 0.000000 3.322312 100.915871 0.569806 1.535160 -0.018669 
2156 8.445089 0.000000 3.651031 100.647591 0.504174 1.859062 -0.013365 
2157 8.103968 0.000000 3.651031 100.871784 0.381980 1.769760 -0.017839 
2158 8.445089 0.000000 3.979750 100.433859 0.380525 2.427287 -0.009300 
2159 8.956771 0.000000 2.500515 99.097879 1.246545 0.514453 0.017779 
2160 8.786211 0.000000 2.500515 99.208470 0.990425 0.319011 0.015660 
2161 8.956771 0.000000 2.664875 99.312876 1.097183 0.722265 0.013523 
2162 9.212612 0.000000 1.760898 92.508154 -0.000000 1.855250 0.143880 
2163 9.980134 0.000000 2.171797 97.456683 0.000000 2.154705 0.049755 
2164 9.553733 0.000000 1.760898 96.324501 0.000000 1.665233 0.071882 
2165 9.639013 0.000000 1.760898 96.585103 0.000000 1.887818 0.066775 
2166 9.553733 0.000000 1.843078 96.554909 0.000000 1.731903 0.067415 
2167 9.553733 0.000000 1.925258 96.201565 0.000000 1.654026 0.074252 
2168 9.639013 0.000000 1.925258 96.418447 0.000000 1.909884 0.069984 
2169 9.553733 0.000000 2.007437 96.470632 0.000000 1.690867 0.069056 
2170 12.879663 0.000000 4.637187 99.701719 0.475524 3.891218 0.004420 
2171 12.879663 0.000000 5.294624 99.792987 0.291240 4.081261 0.002462 
2172 10.406536 0.000000 1.760898 97.893769 -0.000000 2.102665 0.041239 
2173 10.321255 0.000000 1.760898 97.996740 -0.000000 2.090958 0.039227 
2174 10.406536 0.000000 1.843078 97.760117 -0.000000 2.204146 0.043810 
2175 10.406536 0.000000 1.925258 97.521125 -0.000000 2.307355 0.048431 
2176 10.321255 0.000000 1.925258 97.664825 0.000000 2.250937 0.045652 
2177 10.406536 0.000000 2.007437 97.804491 -0.000000 2.324632 0.042888 
2178 8.871491 0.000000 1.760898 97.722889 2.066248 -0.767098 0.044538 
2179 8.786211 0.000000 1.760898 97.840412 1.688587 -0.969010 0.042346 
2180 8.871491 0.000000 1.843078 97.979220 1.902546 -0.613988 0.039608 
2181 9.042051 0.000000 1.925258 98.060279 3.069444 -0.086963 0.037475 
2182 8.956771 0.000000 1.925258 98.117572 2.199859 -0.277918 0.036803 
2183 9.042051 0.000000 2.007437 98.328685 2.661021 0.013112 0.032439 
2184 8.871491 0.000000 1.925258 98.200865 1.756260 -0.483973 0.035327 
2185 8.786211 0.000000 1.925258 98.337383 1.478433 -0.620073 0.032719 
2186 8.871491 0.000000 2.007437 98.434618 1.627822 -0.321141 0.030787 
2187 10.577096 0.000000 2.089617 98.171251 -0.000000 2.478941 0.035626 
2188 10.491816 0.000000 2.089617 97.903962 -0.000000 2.393232 0.040909 
2189 10.662376 0.000000 2.089617 98.352319 0.000000 2.371164 0.032120 
2190 10.747657 0.000000 2.089617 98.479602 0.000000 2.219990 0.029684 
2191 10.832937 0.000000 2.089617 98.522495 -0.926367 2.226468 0.028750 
2192 9.553733 0.000000 2.089617 96.498155 0.000000 1.734654 0.068510 
2193 9.639013 0.000000 2.089617 96.928649 0.000000 2.019309 0.060076 
2194 9.724293 0.000000 2.253976 96.971485 0.000000 2.163142 0.059185 
2195 9.724293 0.000000 2.171797 97.027272 0.000000 2.050855 0.058150 
2196 9.809574 0.000000 2.253976 97.072349 0.000000 2.115262 0.057248 
2197 8.956771 0.000000 2.829234 99.916477 0.967988 0.982232 0.001480 
2198 8.786211 0.000000 2.829234 99.881413 0.964647 0.824996 0.002209 
2199 8.956771 0.000000 2.993594 99.808091 1.036637 1.204008 0.003582 
2200 8.956771 0.000000 3.157953 99.988258 0.735133 1.483237 -0.000039 
2201 8.786211 0.000000 3.157953 100.119875 0.679536 1.344498 -0.002626 
2202 8.956771 0.000000 3.322312 100.437242 0.732868 2.021783 -0.009226 
2203 9.212612 0.000000 2.418336 98.890338 2.808994 0.781502 0.021220 
2204 9.127332 0.000000 2.418336 98.909081 2.000272 0.669356 0.021254 
2205 9.212612 0.000000 2.500515 98.982629 2.422678 0.850332 0.019585 
2206 9.212612 0.000000 2.582695 99.086885 2.128879 0.930806 0.017639 
2207 9.127332 0.000000 2.582695 99.106867 1.633611 0.846805 0.017444 
2208 9.212612 0.000000 2.664875 99.186289 1.889581 1.005434 0.015750 
2209 9.425812 0.000000 2.212887 95.393034 0.000000 2.055450 0.089594 
2210 9.425812 0.000000 2.171797 95.674733 0.000000 1.970795 0.084246 
2211 9.468453 0.000000 2.212887 95.924132 0.000000 1.956874 0.079473 
2212 9.340532 0.000000 2.295066 90.734231 -0.000000 3.638808 0.175406 
2213 9.297892 0.000000 2.295066 89.554527 -0.000000 4.067119 0.196345 
2214 9.340532 0.000000 2.336156 90.229857 -0.000000 3.862643 0.184365 
2215 8.615650 0.000000 2.171797 98.883935 1.014246 -0.426391 0.022076 
2216 8.445089 0.000000 2.171797 99.055488 0.883385 -0.648761 0.018681 
2217 8.615650 0.000000 2.336156 99.118046 0.913341 -0.140074 0.017476 
2218 8.615650 0.000000 2.500515 99.325698 0.835207 0.156261 0.013368 
2219 8.445089 0.000000 2.500515 99.458199 0.765233 0.006104 0.010748 
2220 8.615650 0.000000 2.664875 99.521436 0.767447 0.412964 0.009472 
2221 9.042051 0.000000 2.089617 98.487194 2.354333 0.115803 0.029472 
2222 8.956771 0.000000 2.089617 98.500661 1.825963 -0.028418 0.029428 
2223 9.042051 0.000000 2.171797 98.597744 2.100918 0.229147 0.027402 
2224 9.042051 0.000000 2.253976 98.735051 1.902910 0.322446 0.024766 
2225 8.956771 0.000000 2.253976 98.775794 1.557129 0.193843 0.024088 
2226 9.042051 0.000000 2.336156 98.854759 1.736811 0.415956 0.022455 
2227 10.577096 0.000000 2.582695 98.684540 -0.000000 2.690587 0.025412 
2228 10.491816 0.000000 2.582695 98.544242 -0.000000 2.614334 0.028220 
2229 10.406536 0.000000 2.089617 97.864260 -0.000000 2.364761 0.041699 
2230 10.321255 0.000000 2.089617 97.757342 0.000000 2.300984 0.043821 
2231 10.406536 0.000000 2.171797 97.780307 -0.000000 2.457976 0.043297 
2232 10.406536 0.000000 2.253976 97.878898 -0.000000 2.421099 0.041386 
2233 10.321255 0.000000 2.253976 97.749364 0.000000 2.398635 0.043931 
2234 10.406536 0.000000 2.336156 98.183769 -0.000000 2.358631 0.035438 
2235 9.980134 0.000000 2.829234 98.456671 0.000000 3.008783 0.029723 
2236 9.724293 0.000000 2.582695 97.081407 0.000000 2.471941 0.056909 
2237 9.809574 0.000000 2.582695 97.300793 0.000000 2.393197 0.052683 
2238 9.724293 0.000000 2.664875 96.905177 0.000000 2.555726 0.060285 
2239 9.511093 0.000000 2.295066 95.936950 0.000000 2.111548 0.079164 
2240 9.511093 0.000000 2.253976 96.054908 0.000000 2.080042 0.076913 
2241 9.553733 0.000000 2.295066 96.257083 0.000000 2.081764 0.073024 
2242 9.340532 0.000000 2.377246 89.520421 -0.000000 4.191258 0.196853 
2243 9.297892 0.000000 2.377246 88.876201 -0.000000 4.391979 0.208173 
2244 9.340532 0.000000 2.418336 87.998763 -0.000000 4.770434 0.223346 
2245 9.340532 0.000000 2.459426 89.230016 -0.000000 4.602753 0.201682 
2246 9.297892 0.000000 2.459426 88.398506 -0.000000 4.633684 0.216423 
2247 9.340532 0.000000 2.500515 89.181218 -0.000000 4.758024 0.202407 
2248 9.596373 0.000000 2.377246 96.642309 0.000000 2.269852 0.065511 
2249 9.596373 0.000000 2.336156 96.567129 0.000000 2.195092 0.066997 
2250 9.639013 0.000000 2.377246 96.831849 0.000000 2.285011 0.061837 
2251 10.918217 0.000000 2.582695 99.435436 -1.066673 1.910817 0.010781 
2252 10.918217 0.000000 2.500515 99.427967 -0.604435 1.788370 0.011052 
2253 11.003497 0.000000 2.582695 99.378313 -1.013095 2.111082 0.011847 
2254 10.406536 0.000000 2.418336 98.593042 -0.000000 2.418599 0.027356 
2255 10.321255 0.000000 2.418336 98.446138 0.000000 2.465081 0.030228 
2256 10.406536 0.000000 2.500515 98.674294 -0.000000 2.484664 0.025721 
2257 10.406536 0.000000 2.582695 98.529635 -0.000000 2.605051 0.028512 
2258 10.321255 0.000000 2.582695 98.485802 0.000000 2.613797 0.029371 
2259 10.406536 0.000000 2.664875 98.414689 0.000000 2.729806 0.030710 
2260 9.724293 0.000000 2.747055 97.226878 0.000000 2.752564 0.053936 
2261 9.809574 0.000000 2.747055 97.684629 0.000000 2.688802 0.045048 
2262 9.724293 0.000000 2.829234 97.662263 0.000000 3.047278 0.045280 
2263 9.724293 0.000000 2.911414 97.476208 0.000000 3.128183 0.048860 
2264 9.809574 0.000000 2.911414 97.993502 0.000000 3.089627 0.038773 
2265 9.596373 0.000000 2.541605 96.493078 0.000000 2.612334 0.068226 
2266 9.639013 0.000000 2.541605 96.754675 0.000000 2.536915 0.063210 
2267 9.596373 0.000000 2.582695 96.328926 0.000000 2.655268 0.071369 
2268 9.532413 0.000000 2.438881 96.338533 0.000000 2.594816 0.071215 
2269 9.532413 0.000000 2.418336 96.352060 0.000000 2.558188 0.070974 
2270 9.553733 0.000000 2.438881 96.502816 0.000000 2.562783 0.068064 
2271 9.212612 0.000000 2.747055 99.231319 1.737844 1.137557 0.014883 
2272 9.127332 0.000000 2.747055 99.295972 1.368261 1.032980 0.013737 
2273 9.212612 0.000000 2.829234 99.524392 1.585806 1.502353 0.009012 
2274 9.212612 0.000000 2.911414 99.546612 1.440745 1.596613 0.008585 
2275 9.127332 0.000000 2.911414 99.646851 1.319864 1.247972 0.006721 
2276 9.212612 0.000000 2.993594 99.465812 1.469280 1.661198 0.010163 
2277 9.340532 0.000000 2.541605 89.012262 -0.000000 5.042815 0.205139 
2278 9.297892 0.000000 2.541605 86.875795 -0.000000 5.919583 0.241755 
2279 9.340532 0.000000 2.582695 88.012266 -0.000000 5.423988 0.222442 
2280 10.406536 0.000000 2.747055 98.606060 0.000000 2.963981 0.026806 
2281 10.321255 0.000000 2.747055 98.558925 0.000000 2.980849 0.027725 
2282 10.406536 0.000000 2.829234 99.035385 0.000000 3.190038 0.018182 
2283 10.406536 0.000000 2.911414 99.395663 0.000000 3.121403 0.011076 
2284 10.321255 0.000000 2.911414 98.977002 0.000000 3.273741 0.019284 
2285 10.406536 0.000000 2.993594 99.283187 0.000000 3.229191 0.013242 
2286 10.619736 0.000000 2.705965 99.098887 -0.000000 2.590564 0.017270 
2287 10.577096 0.000000 2.705965 98.744583 -0.000000 2.702782 0.024220 
2288 10.619736 0.000000 2.664875 98.953848 -0.000000 2.652938 0.020110 
2289 9.980134 0.000000 3.815390 99.941273 1.554064 2.529825 0.000293 
2290 10.150695 0.000000 3.815390 99.902588 1.691774 2.587470 0.000992 
2291 9.980134 0.000000 3.979750 100.001355 1.157094 2.638921 -0.000857 
2292 7.421726 0.000000 4.637187 100.561153 0.184752 2.874955 -0.012084 
2293 6.739484 0.000000 4.637187 101.336737 0.159377 3.039402 -0.027840 
2294 7.421726 0.000000 5.294624 100.982576 0.196020 3.515727 -0.020988 
2295 9.127332 0.000000 4.308468 100.255992 0.527726 2.754571 -0.005913 
2296 8.786211 0.000000 4.308468 100.404740 0.433929 2.666121 -0.008841 
2297 9.127332 0.000000 4.637187 100.359482 0.482592 2.986812 -0.008118 
2298 8.956771 0.000000 3.486672 100.412745 0.741361 2.136009 -0.008783 
2299 8.786211 0.000000 3.486672 100.445207 0.662653 2.107161 -0.009412 
2300 8.956771 0.000000 3.651031 100.407973 0.656073 2.275886 -0.008737 
2301 9.297892 0.000000 3.815390 100.137779 0.867991 2.363976 -0.003392 
2302 9.127332 0.000000 3.815390 100.207705 0.693107 2.294775 -0.004733 
2303 9.297892 0.000000 3.979750 100.165074 0.783066 2.509804 -0.003995 
2304 8.956771 0.000000 3.815390 100.235112 0.593130 2.283549 -0.005264 
2305 8.786211 0.000000 3.815390 100.273044 0.539740 2.349662 -0.006050 
2306 8.956771 0.000000 3.979750 100.268689 0.552802 2.421782 -0.005998 
2307 9.383172 0.000000 3.075773 99.515012 2.007062 1.687069 0.008989 
2308 9.297892 0.000000 3.075773 99.540774 1.597760 1.637947 0.008640 
2309 9.383172 0.000000 3.157953 99.688314 1.644174 1.785209 0.005635 
2310 9.383172 0.000000 3.240133 99.725187 1.457546 1.858037 0.004931 
2311 9.297892 0.000000 3.240133 99.756920 1.196406 1.810313 0.004385 
2312 9.383172 0.000000 3.322312 100.358152 1.323748 1.941362 -0.007728 
2313 10.321255 0.000000 3.815390 99.954687 1.818888 2.467661 -0.000034 
2314 10.321255 0.000000 3.979750 100.039006 1.299438 2.540383 -0.001594 
2315 9.894854 0.000000 3.240133 99.036896 0.000000 3.739654 0.017771 
2316 9.894854 0.000000 3.157953 98.523123 0.000000 3.540687 0.028066 
2317 9.980134 0.000000 3.240133 99.299118 0.000000 3.823017 0.012507 
2318 9.681653 0.000000 3.034683 95.887339 0.000000 3.343579 0.079444 
2319 9.681653 0.000000 2.993594 96.372753 0.000000 3.249966 0.070173 
2320 9.724293 0.000000 3.034683 96.842090 0.000000 3.210273 0.061130 
2321 11.174058 0.000000 4.308468 99.993826 0.578188 3.112834 -0.000879 
2322 11.515179 0.000000 4.308468 100.005516 0.641019 3.164488 -0.001153 
2323 11.174058 0.000000 4.637187 100.096787 0.628974 3.285622 -0.003056 
2324 11.003497 0.000000 3.815390 99.762349 2.008567 2.834225 0.003541 
2325 11.174058 0.000000 3.815390 99.749164 1.961445 2.902818 0.003783 
2326 11.003497 0.000000 3.979750 99.790020 1.368851 2.919353 0.003156 
2327 10.406536 0.000000 3.075773 99.305470 0.000000 3.404215 0.012683 
2328 10.321255 0.000000 3.075773 99.186092 0.000000 3.438232 0.015030 
2329 10.406536 0.000000 3.157953 99.457157 0.000000 3.804519 0.009380 
2330 10.406536 0.000000 3.240133 99.564125 -0.000000 4.226711 0.006912 
2331 10.321255 0.000000 3.240133 99.511079 0.000000 4.180787 0.008007 
2332 10.406536 0.000000 3.322312 99.590553 0.000000 4.497492 0.006149 
2333 9.553733 0.000000 3.568851 100.275516 1.378707 2.238998 -0.006209 
2334 9.468453 0.000000 3.568851 100.307648 1.153934 2.217942 -0.006787 
2335 9.553733 0.000000 3.651031 100.253203 1.316443 2.283553 -0.005765 
2336 9.766934 0.000000 3.281222 97.304708 0.000000 3.869273 0.051682 
2337 9.766934 0.000000 3.240133 97.621482 0.000000 3.769129 0.045584 
2338 9.809574 0.000000 3.281222 98.430029 0.000000 3.716618 0.029772 
2339 9.660333 0.000000 3.178498 92.635345 -0.000000 4.643627 0.139713 
2340 9.681653 0.000000 3.178498 93.972368 -0.000000 4.289642 0.115079 
2341 9.660333 0.000000 3.199043 93.108013 -0.000000 4.547644 0.131022 
2342 9.660333 0.000000 3.219588 92.451610 -0.000000 4.850336 0.142917 
2343 9.639013 0.000000 3.219588 90.912991 -0.000000 5.268317 0.170707 
2344 9.681653 0.000000 3.219588 93.581400 -0.000000 4.594128 0.122142 
2345 9.894854 0.000000 3.568851 98.749212 0.000000 4.077703 0.023197 
2346 9.980134 0.000000 3.568851 99.101463 0.000000 4.361461 0.015988 
2347 9.894854 0.000000 3.651031 99.910488 2.562126 2.464642 0.000526 
2348 9.766934 0.000000 3.445582 95.902808 -0.000000 4.300669 0.078416 
2349 9.809574 0.000000 3.445582 97.229958 -0.000000 4.069366 0.052978 
2350 9.766934 0.000000 3.486672 95.320784 -0.000000 4.494758 0.089375 
2351 9.660333 0.000000 3.301767 90.013624 -0.000000 5.932130 0.186236 
2352 9.639013 0.000000 3.301767 91.141619 -0.000000 5.452715 0.166347 
2353 9.681653 0.000000 3.301767 92.892347 -0.000000 4.859879 0.134739 
2354 9.383172 0.000000 3.404492 100.308034 1.182298 2.068607 -0.006738 
2355 9.297892 0.000000 3.404492 100.389478 1.021894 2.000565 -0.008309 
2356 9.383172 0.000000 3.486672 100.325490 1.123020 2.150554 -0.007109 
2357 9.383172 0.000000 3.568851 100.334074 1.017889 2.206145 -0.007283 
2358 9.297892 0.000000 3.568851 100.313208 0.935103 2.172991 -0.006834 
2359 9.383172 0.000000 3.651031 100.302334 1.073628 2.253697 -0.006679 
2360 9.596373 0.000000 3.445582 100.243465 2.207197 2.142309 -0.005821 
2361 9.553733 0.000000 3.445582 100.257212 1.845787 2.129966 -0.005945 
2362 9.596373 0.000000 3.486672 100.258042 1.958904 2.178239 -0.006026 
2363 9.660333 0.000000 3.383947 92.422184 -0.000000 5.234910 0.143074 
2364 9.639013 0.000000 3.383947 91.672403 -0.000000 5.449000 0.156648 
2365 9.660333 0.000000 3.404492 91.823622 -0.000000 5.443562 0.153879 
2366 10.918217 0.000000 3.568851 99.215899 17.449228 7.730073 -0.020802 
2367 11.003497 0.000000 3.568851 99.108308 17.497550 11.327043 -0.025692 
2368 10.918217 0.000000 3.651031 99.682372 4.035567 2.848367 0.003903 
2369 10.406536 0.000000 3.404492 99.586387 0.000000 4.744802 0.006004 
2370 10.321255 0.000000 3.404492 99.536203 0.000000 4.624020 0.007116 
2371 10.406536 0.000000 3.486672 99.563685 0.000000 4.964049 0.006243 
2372 10.406536 0.000000 3.568851 99.566136 0.000000 5.039622 0.006119 
2373 10.321255 0.000000 3.568851 99.586748 0.000000 4.851701 0.005894 
2374 10.406536 0.000000 3.651031 99.906973 3.570111 2.389660 0.000014 
2375 17.655358 0.000000 -2.594624 99.702663 -0.160625 4.734135 0.003694 
2376 17.655358 0.000000 -3.909499 99.686171 -0.151612 5.083970 0.003680 
2377 19.019842 0.000000 -2.594624 99.755750 -0.029868 4.723344 0.002648 
2378 20.384326 0.000000 0.035125 99.790949 -0.269710 5.015900 0.001653 
2379 20.384326 0.000000 -1.279750 99.827464 -0.097628 4.523717 0.001400 
2380 21.748810 0.000000 0.035125 99.822821 -0.169505 4.878511 0.001158 
2381 14.244147 0.000000 -0.622312 99.379779 -0.356938 4.567552 0.010267 
2382 14.244147 0.000000 -1.279750 99.396427 -0.256051 4.433204 0.010063 
2383 14.926389 0.000000 -0.622312 99.495193 -0.317385 4.504704 0.008031 
2384 15.608632 0.000000 -0.622312 99.583514 -0.280965 4.511867 0.006269 
2385 15.608632 0.000000 -1.279750 99.587034 -0.216554 4.394906 0.006306 
2386 16.290874 0.000000 -0.622312 99.641025 -0.215001 4.613676 0.005033 
2387 16.973116 0.000000 -0.622312 99.696543 -0.210706 4.603895 0.003936 
2388 16.973116 0.000000 -1.279750 99.701349 -0.129817 4.499592 0.003938 
2389 17.655358 0.000000 -0.622312 99.728058 -0.269102 4.563417 0.003342 
2390 18.337600 0.000000 0.692563 99.696051 -0.595405 6.738182 0.001494 
2391 18.337600 0.000000 0.035125 99.741743 -0.336536 5.068553 0.002578 
2392 19.019842 0.000000 0.692563 99.671822 -0.665412 6.674737 0.002053 
2393 16.973116 0.000000 2.007437 99.752177 -1.070085 5.283364 0.002044 
2394 10.726336 0.000000 2.808689 99.490388 0.000000 2.636476 0.009471 
2395 10.705016 0.000000 2.808689 99.475802 0.000000 2.717267 0.009718 
2396 10.747657 0.000000 2.808689 99.483711 0.000000 2.688303 0.009576 
2397 10.683696 0.000000 2.808689 99.435703 0.000000 2.866551 0.010432 
2398 10.662376 0.000000 2.808689 99.432843 0.000000 2.898329 0.010471 
2399 10.683696 0.000000 2.726510 99.349337 0.000000 2.528410 0.012332 
2400 10.662376 0.000000 2.726510 99.304893 0.000000 2.570297 0.013193 
2401 10.683696 0.000000 2.705965 99.275769 0.000000 2.482466 0.013816 
2402 10.683696 0.000000 2.890869 99.379710 0.000000 2.993255 0.011471 
2403 10.662376 0.000000 2.890869 99.376849 0.000000 3.028851 0.011507 
2404 10.683696 0.000000 2.911414 99.330414 0.000000 3.116552 0.012376 
2405 10.683696 0.000000 2.931959 99.377839 0.000000 3.053119 0.011472 
2406 10.662376 0.000000 2.931959 99.373204 0.000000 3.101288 0.011535 
2407 10.683696 0.000000 3.014138 99.428581 0.000000 3.191891 0.010377 
2408 10.662376 0.000000 3.014138 99.422771 0.000000 3.271053 0.010441 
2409 10.705016 0.000000 3.014138 99.478507 0.000000 2.945607 0.009535 
2410 10.726336 0.000000 3.014138 99.511296 0.000000 2.800389 0.008966 
2411 10.747657 0.000000 3.014138 99.496837 0.000000 2.864560 0.009217 
2412 10.683696 0.000000 3.096318 99.442652 0.000000 3.303213 0.010025 
2413 10.662376 0.000000 3.096318 99.430561 0.000000 3.414126 0.010191 
2414 10.619736 0.000000 3.199043 99.645699 -0.000000 4.142488 0.005357 
2415 10.577096 0.000000 3.199043 99.640384 -0.000000 4.151278 0.005456 
2416 10.683696 0.000000 3.178498 99.613239 0.000000 3.765572 0.006302 
2417 10.662376 0.000000 3.178498 99.607737 0.000000 3.823444 0.006368 
2418 10.683696 0.000000 3.199043 99.650636 0.000000 3.922035 0.005437 
2419 10.683696 0.000000 3.219588 99.693367 0.000000 4.043460 0.004488 
2420 10.662376 0.000000 3.219588 99.687111 0.000000 4.139266 0.004535 
2421 10.726336 0.000000 3.301767 99.769941 0.000000 3.708184 0.003221 
2422 10.705016 0.000000 3.301767 99.715833 0.000000 4.093043 0.004000 
2423 10.747657 0.000000 3.301767 99.740534 0.000000 3.941395 0.003629 
2424 10.683696 0.000000 3.301767 99.698598 0.000000 4.372323 0.004107 
2425 10.662376 0.000000 3.301767 99.719642 -0.000000 4.452518 0.003617 
2426 10.683696 0.000000 3.383947 99.646661 0.000000 4.592867 0.004945 
2427 10.662376 0.000000 3.383947 99.678348 0.000000 4.650386 0.004260 
2428 10.683696 0.000000 3.404492 99.609936 0.000000 4.856841 0.005427 
2429 10.790297 0.000000 3.527761 99.674160 0.000000 4.220251 0.004725 
2430 10.832937 0.000000 3.527761 99.924190 -6.942705 3.538347 -0.004556 
2431 10.790297 0.000000 3.568851 99.723328 0.000000 3.525556 0.004283 
2432 10.683696 0.000000 3.425037 99.682552 0.000000 4.743498 0.004089 
2433 10.662376 0.000000 3.425037 99.715941 0.000000 4.812183 0.003357 
2434 10.619736 0.000000 3.527761 99.879191 -0.000000 5.076498 -0.000162 
2435 10.577096 0.000000 3.527761 99.767968 -0.000000 5.041855 0.002093 
2436 10.619736 0.000000 3.568851 99.938664 -0.000000 5.129676 -0.001405 
2437 16.631995 0.000000 2.993594 99.802359 -1.193818 3.407494 0.002645 
2438 16.631995 0.000000 2.664875 99.780674 -1.095043 3.924995 0.002721 
2439 16.973116 0.000000 2.993594 99.815330 -1.188699 3.460987 0.002351 
2440 17.314237 0.000000 3.651031 99.876232 -0.764964 4.884869 0.000029 
2441 17.314237 0.000000 3.322312 99.860350 -1.213158 3.093988 0.001687 
2442 17.314237 0.000000 3.979750 99.830552 1.827235 4.262818 0.001235 
2443 14.585268 0.000000 3.651031 99.723245 4.232776 5.350567 0.000873 
2444 14.585268 0.000000 3.322312 99.723472 -1.277974 2.676328 0.004643 
2445 14.585268 0.000000 3.979750 99.691740 1.357128 4.042481 0.004337 
2446 15.267510 0.000000 2.993594 99.676925 -1.212304 3.296030 0.005218 
2447 14.926389 0.000000 2.993594 99.703656 -1.231578 3.086293 0.004814 
2448 15.267510 0.000000 2.664875 99.684391 -1.244977 3.824212 0.004685 
2449 15.267510 0.000000 4.308468 99.726986 0.837105 4.127735 0.003679 
2450 14.926389 0.000000 4.308468 99.690845 0.807259 4.141403 0.004393 
2451 15.267510 0.000000 4.637187 99.740121 0.580812 4.182949 0.003407 
2452 15.779192 0.000000 3.486672 99.812290 -1.417454 2.982355 0.002660 
2453 15.608632 0.000000 3.486672 99.803436 -1.524792 2.900758 0.002853 
2454 15.779192 0.000000 3.322312 99.792624 -1.267443 2.780181 0.003210 
2455 16.631995 0.000000 4.308468 99.786010 0.851294 4.174872 0.002460 
2456 16.973116 0.000000 4.308468 99.837571 0.814142 4.103613 0.001496 
2457 16.631995 0.000000 4.637187 99.805444 0.598150 4.203049 0.002085 
2458 17.314237 0.000000 4.308468 99.847164 0.838480 4.104824 0.001299 
2459 17.655358 0.000000 4.308468 99.853179 0.894870 4.119922 0.001157 
2460 17.314237 0.000000 4.637187 99.850367 0.562234 4.161737 0.001227 
2461 0.940426 0.000000 1.021281 96.428485 -0.114444 18.938678 0.034286 
2462 0.599305 0.000000 1.021281 96.359040 -0.060348 16.822830 0.043192 
2463 0.940426 0.000000 1.350000 98.189304 -0.093223 16.366144 0.009100 
2464 0.258184 0.000000 1.021281 96.092288 -0.158869 15.399782 0.052909 
2465 -0.082937 0.000000 1.021281 95.777979 -0.078255 13.556798 0.064279 
2466 0.258184 0.000000 1.350000 97.382737 -0.123646 13.650123 0.033026 
2467 -0.424058 0.000000 1.021281 95.963645 -0.163691 12.007053 0.064678 
2468 -0.765179 0.000000 1.021281 96.452554 -0.155657 10.724592 0.058186 
2469 -0.424058 0.000000 1.350000 97.200533 -0.179141 11.395067 0.042218 
2470 1.622668 0.000000 -0.951031 101.441972 -0.023249 -11.234049 -0.041668 
2471 1.622668 0.000000 -1.279750 98.038776 -0.140793 -2.793140 0.038058 
2472 1.963789 0.000000 -0.951031 101.922409 -0.016466 -8.962027 -0.046850 
2473 2.304911 0.000000 -0.951031 101.957712 -0.020538 -6.727122 -0.044063 
2474 2.304911 0.000000 -1.279750 101.416561 -0.029788 -4.376199 -0.030447 
2475 2.304911 0.000000 -0.622312 101.742779 -0.021773 -6.162898 -0.038957 
2476 2.304911 0.000000 -0.293594 2.458249 0.049316 -0.573553 0.999363 
2477 4.692758 0.000000 3.322312 104.315236 0.107532 2.824974 -0.088966 
2478 4.010516 0.000000 3.322312 105.023173 0.073002 4.302339 -0.104838 
2479 4.692758 0.000000 3.979750 103.307926 0.084607 3.857131 -0.068741 
2480 3.328274 0.000000 3.322312 105.245993 -0.020516 6.143274 -0.111446 
2481 2.646032 0.000000 3.322312 104.713520 -0.078800 7.933775 -0.102787 
2482 3.328274 0.000000 3.979750 104.069154 -0.017562 6.114506 -0.086778 
2483 1.622668 0.000000 1.678719 101.724296 -0.011172 16.772348 -0.062914 
2484 1.281547 0.000000 1.678719 100.324114 -0.109472 15.477572 -0.030450 
2485 1.622668 0.000000 2.007437 102.499446 -0.033635 14.447026 -0.071485 
2486 5.033879 0.000000 -0.293594 -0.003528 -0.001417 -2.147340 0.999539 
2487 4.692758 0.000000 -0.293594 3.699072 0.020404 -1.305907 0.998461 
2488 6.398363 0.000000 2.336156 101.146616 0.160938 -0.882164 -0.023144 
2489 6.057242 0.000000 2.336156 101.669771 0.147007 -1.083385 -0.033794 
2490 6.398363 0.000000 2.664875 101.579955 0.232042 0.005940 -0.031854 
2491 5.716121 0.000000 2.336156 102.743983 0.049716 -1.342462 -0.055813 
2492 5.375000 0.000000 2.336156 103.692553 0.140302 -1.219270 -0.075365 
2493 5.716121 0.000000 2.664875 102.912612 0.094413 -0.218036 -0.059106 
2494 32.664684 0.000000 -14.428498 99.759378 0.001183 6.521827 0.000553 
2495 32.664684 0.000000 -19.687997 99.748923 0.001277 6.695950 0.000532 
2496 38.122621 0.000000 -14.428498 99.762757 -0.001733 6.517460 0.000492 
2497 24.477779 0.000000 -6.539249 99.783291 0.033433 5.725055 0.001052 
2498 24.477779 0.000000 -9.168999 99.769817 -0.016888 6.126038 0.000845 
2499 27.206747 0.000000 -6.539249 99.803038 -0.008273 5.774919 0.000600 
2500 10.150695 0.000000 -1.937187 98.179946 0.216753 5.274086 0.033284 
2501 10.150695 0.000000 -2.594624 98.525107 0.234425 5.132582 0.026640 
2502 10.832937 0.000000 -1.937187 98.342800 0.367128 5.008536 0.030347 
2503 9.127332 0.000000 -0.951031 97.670524 -0.159224 7.569496 0.040315 
2504 9.127332 0.000000 -1.279750 97.849295 0.003480 7.089472 0.037525 
2505 9.468453 0.000000 -0.951031 98.194949 -0.034142 7.475926 0.030186 
2506 8.700930 0.000000 1.103461 98.824685 1.533903 -4.050666 0.021492 
2507 8.615650 0.000000 1.103461 98.805846 1.536221 -4.030472 0.021880 
2508 8.700930 0.000000 1.185641 97.175113 1.736874 -2.282389 0.054877 
2509 8.700930 0.000000 1.267820 96.271259 2.053449 -1.912062 0.072397 
2510 8.615650 0.000000 1.267820 96.479180 1.669124 -2.383109 0.068330 
2511 8.700930 0.000000 1.350000 96.707213 1.941078 -1.879560 0.064041 
2512 9.042051 0.000000 1.103461 92.972756 -0.000000 2.010888 0.135202 
2513 9.042051 0.000000 1.021281 95.147250 -0.026644 5.179444 0.092017 
2514 9.127332 0.000000 1.103461 93.979182 0.000000 1.758761 0.116482 
2515 9.809574 0.000000 -0.951031 98.129509 -0.159478 7.320623 0.031698 
2516 9.809574 0.000000 -1.279750 98.087644 -0.039578 6.292999 0.033921 
2517 10.150695 0.000000 -0.951031 97.605156 -0.228853 6.765056 0.042742 
2518 10.491816 0.000000 -0.293594 95.577975 -0.280703 9.758488 0.076954 
2519 10.491816 0.000000 -0.622312 96.813117 -0.138419 7.362882 0.057299 
2520 10.832937 0.000000 -0.293594 95.771781 -0.341085 7.294161 0.077444 
2521 9.553733 0.000000 1.103461 94.770452 -0.015285 4.554237 0.099782 
2522 9.639013 0.000000 1.103461 93.727236 -0.017797 5.760444 0.118202 
2523 9.553733 0.000000 1.185641 94.705035 0.000000 3.770887 0.101674 
2524 9.724293 0.000000 1.103461 95.645941 -0.020488 8.578938 0.077826 
2525 9.809574 0.000000 1.103461 99.592588 0.013616 8.130387 0.001521 
2526 9.724293 0.000000 1.185641 96.265186 0.000000 5.295770 0.070497 
2527 9.553733 0.000000 1.267820 95.143819 0.000000 2.951145 0.093894 
2528 9.639013 0.000000 1.267820 95.538007 0.000000 3.352356 0.086125 
2529 9.212612 0.000000 1.103461 93.217776 0.000000 1.736220 0.130743 
2530 9.212612 0.000000 1.021281 94.769836 -0.043279 1.556430 0.101625 
2531 9.894854 0.000000 1.103461 100.805256 0.023361 5.033024 -0.018703 
2532 9.894854 0.000000 1.185641 98.671462 0.044199 4.540025 0.024333 
2533 10.065414 0.000000 1.267820 98.527581 0.000000 3.034607 0.028311 
2534 9.980134 0.000000 1.267820 98.194122 0.000000 3.420324 0.034622 
2535 10.065414 0.000000 1.350000 98.143747 0.000000 2.566530 0.036122 
2536 9.894854 0.000000 1.267820 97.804638 -0.000000 3.675662 0.042074 
2537 9.809574 0.000000 1.267820 97.322706 0.000000 3.961523 0.051260 
2538 9.894854 0.000000 1.350000 97.372834 -0.000000 3.139930 0.050867 
2539 11.515179 0.000000 -1.937187 98.601331 0.223489 4.737555 0.025528 
2540 11.515179 0.000000 -2.594624 98.914543 0.111939 4.930005 0.019160 
2541 12.197421 0.000000 -1.937187 98.913333 -0.056135 4.536579 0.019557 
2542 11.174058 0.000000 -0.293594 96.193817 -0.113441 5.403822 0.071754 
2543 11.174058 0.000000 -0.622312 96.995674 -0.111943 5.079468 0.056603 
2544 11.515179 0.000000 -0.293594 97.061873 -0.137716 4.872523 0.055523 
2545 5.033879 0.000000 2.336156 104.789408 0.092781 -0.211863 -0.098087 
2546 4.692758 0.000000 2.336156 105.629703 0.005767 0.813041 -0.115830 
2547 5.033879 0.000000 2.664875 104.572012 0.039440 0.668496 -0.093575 
2548 10.235975 0.000000 1.432180 97.886532 0.000000 1.854457 0.041479 
2549 10.150695 0.000000 1.432180 97.850498 0.000000 2.107753 0.042084 
2550 10.235975 0.000000 1.514359 97.809552 0.000000 1.880652 0.042975 
2551 10.235975 0.000000 1.596539 97.504372 0.000000 1.949445 0.048910 
2552 10.150695 0.000000 1.596539 97.555994 0.000000 2.108317 0.047838 
2553 10.235975 0.000000 1.678719 97.539213 -0.000000 1.927618 0.048239 
2554 10.235975 0.000000 1.760898 97.732933 0.000000 1.970314 0.044439 
2555 10.150695 0.000000 1.760898 97.647069 0.000000 2.056527 0.046082 
2556 10.235975 0.000000 1.843078 97.595807 0.000000 2.020138 0.047098 
2557 10.235975 0.000000 1.925258 97.741024 0.000000 2.107181 0.044225 
2558 10.150695 0.000000 1.925258 97.575208 0.000000 2.101307 0.047466 
2559 10.235975 0.000000 2.007437 97.571932 0.000000 2.155293 0.047507 
2560 9.724293 0.000000 2.089617 97.240405 0.000000 2.000465 0.054030 
2561 9.724293 0.000000 2.007437 97.184963 0.000000 2.033749 0.055095 
2562 9.809574 0.000000 2.089617 97.324899 0.000000 2.002942 0.052385 
2563 9.425812 0.000000 2.130707 95.835511 0.000000 1.832020 0.081220 
2564 9.425812 0.000000 2.089617 96.002503 0.000000 1.770373 0.078039 
2565 9.468453 0.000000 2.130707 96.098777 0.000000 1.732418 0.076202 
2566 8.871491 0.000000 2.089617 98.558470 1.514798 -0.183677 0.028390 
2567 8.786211 0.000000 2.089617 98.621923 1.307951 -0.337757 0.027189 
2568 8.871491 0.000000 2.171797 98.697045 1.415686 -0.059739 0.025689 
2569 8.871491 0.000000 2.253976 98.828833 1.327507 0.066745 0.023110 
2570 8.786211 0.000000 2.253976 98.873405 1.164401 -0.069596 0.022269 
2571 8.871491 0.000000 2.336156 98.931274 1.245514 0.173163 0.021102 
2572 10.235975 0.000000 2.089617 97.618783 0.000000 2.258124 0.046547 
2573 10.150695 0.000000 2.089617 97.639649 0.000000 2.116855 0.046202 
2574 10.235975 0.000000 2.171797 97.741619 0.000000 2.369610 0.044096 
2575 10.235975 0.000000 2.253976 97.706615 0.000000 2.419292 0.044756 
2576 10.150695 0.000000 2.253976 97.607424 0.000000 2.354758 0.046725 
2577 10.235975 0.000000 2.336156 97.831638 0.000000 2.490002 0.042277 
2578 9.511093 0.000000 2.212887 96.151935 0.000000 1.961519 0.075096 
2579 9.511093 0.000000 2.171797 96.194459 0.000000 1.861013 0.074316 
2580 9.553733 0.000000 2.212887 96.371907 0.000000 1.967822 0.070858 
2581 9.596373 0.000000 2.295066 96.512863 0.000000 2.110114 0.068081 
2582 9.596373 0.000000 2.253976 96.546566 0.000000 2.105172 0.067433 
2583 9.639013 0.000000 2.295066 96.709245 0.000000 2.188842 0.064253 
2584 10.918217 0.000000 2.418336 99.337464 -0.782556 1.764105 0.012834 
2585 10.918217 0.000000 2.336156 99.276605 -1.082570 1.732100 0.013998 
2586 11.003497 0.000000 2.418336 99.268353 -0.730693 2.005057 0.014124 
2587 10.235975 0.000000 2.418336 98.284621 0.000000 2.621117 0.033326 
2588 10.150695 0.000000 2.418336 98.064874 0.000000 2.495663 0.037705 
2589 10.235975 0.000000 2.500515 98.526877 0.000000 2.562619 0.028589 
2590 10.235975 0.000000 2.582695 98.465579 0.000000 2.612180 0.029771 
2591 10.150695 0.000000 2.582695 98.225924 0.000000 2.462530 0.034560 
2592 10.235975 0.000000 2.664875 98.343488 0.000000 2.740286 0.032105 
2593 10.235975 0.000000 2.747055 98.481775 0.000000 2.933958 0.029273 
2594 10.150695 0.000000 2.747055 98.388021 -0.000000 2.764777 0.031215 
2595 10.235975 0.000000 2.829234 98.731780 0.000000 3.194770 0.024183 
2596 10.235975 0.000000 2.911414 98.762489 0.000000 3.244834 0.023544 
2597 10.150695 0.000000 2.911414 98.643742 -0.000000 3.137791 0.025957 
2598 10.235975 0.000000 2.993594 98.954542 0.000000 3.244656 0.019747 
2599 6.057242 0.000000 4.637187 101.818741 0.155384 3.342237 -0.037825 
2600 5.375000 0.000000 4.637187 102.418832 0.204623 3.794405 -0.050406 
2601 6.057242 0.000000 5.294624 101.454292 0.079444 4.000781 -0.030899 
2602 8.445089 0.000000 4.308468 100.396875 0.311621 2.783701 -0.008738 
2603 8.103968 0.000000 4.308468 100.521464 0.391475 2.731129 -0.011218 
2604 8.445089 0.000000 4.637187 100.613286 0.240353 2.911698 -0.013157 
2605 9.212612 0.000000 3.075773 99.568921 1.352646 1.590956 0.008167 
2606 9.127332 0.000000 3.075773 99.533483 1.185835 1.691793 0.008882 
2607 9.212612 0.000000 3.157953 99.735009 1.114035 1.699151 0.004880 
2608 9.212612 0.000000 3.240133 99.787621 1.026491 1.775659 0.003822 
2609 9.127332 0.000000 3.240133 99.747422 0.888551 1.886013 0.004611 
2610 9.212612 0.000000 3.322312 100.423167 0.972209 1.905010 -0.008939 
2611 9.894854 0.000000 3.075773 98.004050 0.000000 3.303592 0.038429 
2612 9.894854 0.000000 2.993594 98.097043 0.000000 3.154553 0.036702 
2613 9.980134 0.000000 3.075773 98.344561 0.000000 3.270854 0.031765 
2614 10.235975 0.000000 3.075773 99.081868 0.000000 3.335904 0.017166 
2615 10.150695 0.000000 3.075773 98.818837 -0.000000 3.330909 0.022374 
2616 10.235975 0.000000 3.157953 99.326131 0.000000 3.605774 0.012132 
2617 10.235975 0.000000 3.240133 99.548483 0.000000 3.962924 0.007439 
2618 10.150695 0.000000 3.240133 99.517116 0.000000 3.915391 0.008101 
2619 10.235975 0.000000 3.322312 99.552857 -0.000000 4.202181 0.007157 
2620 9.766934 0.000000 3.199043 97.640339 0.000000 3.646175 0.045307 
2621 9.766934 0.000000 3.157953 97.587594 0.000000 3.475268 0.046458 
2622 9.809574 0.000000 3.199043 98.175121 0.000000 3.562413 0.034895 
2623 9.617693 0.000000 3.219588 90.011320 -0.000000 5.562042 0.186703 
2624 9.596373 0.000000 3.219588 90.340391 -0.000000 5.403543 0.180942 
2625 9.617693 0.000000 3.240133 90.959654 -0.000000 5.317760 0.169806 
2626 9.702973 0.000000 3.301767 94.734793 -0.000000 4.470943 0.100533 
2627 9.702973 0.000000 3.281222 94.374062 -0.000000 4.522489 0.107308 
2628 9.724293 0.000000 3.301767 95.774250 -0.000000 4.222810 0.080946 
2629 9.212612 0.000000 3.404492 100.424788 0.902705 1.978587 -0.008987 
2630 9.127332 0.000000 3.404492 100.456366 0.761242 1.971264 -0.009595 
2631 9.212612 0.000000 3.486672 100.417113 0.783042 2.057649 -0.008844 
2632 9.212612 0.000000 3.568851 100.336544 0.857218 2.158906 -0.007282 
2633 9.127332 0.000000 3.568851 100.416864 0.800448 2.092135 -0.008856 
2634 9.212612 0.000000 3.651031 100.342564 0.793547 2.230415 -0.007423 
2635 9.617693 0.000000 3.260677 91.191633 -0.000000 5.303495 0.165596 
2636 9.596373 0.000000 3.260677 90.238238 -0.000000 5.561228 0.182613 
2637 9.617693 0.000000 3.281222 90.998020 -0.000000 5.404782 0.169015 
2638 9.617693 0.000000 3.301767 90.791018 -0.000000 5.501537 0.172672 
2639 9.596373 0.000000 3.301767 89.878208 -0.000000 5.790261 0.188838 
2640 9.617693 0.000000 3.322312 91.315588 -0.000000 5.480907 0.163142 
2641 9.617693 0.000000 3.342857 90.961893 -0.000000 5.623360 0.169431 
2642 9.596373 0.000000 3.342857 90.856531 -0.000000 5.600556 0.171372 
2643 9.617693 0.000000 3.363402 90.566299 -0.000000 5.758806 0.176458 
2644 9.617693 0.000000 3.383947 90.505507 -0.000000 5.819754 0.177488 
2645 9.596373 0.000000 3.383947 87.711060 -0.000000 6.807875 0.226042 
2646 9.617693 0.000000 3.404492 90.864608 -0.000000 5.796449 0.171002 
2647 10.235975 0.000000 3.404492 99.470364 -0.000000 4.487068 0.008551 
2648 10.150695 0.000000 3.404492 99.372191 0.000000 4.435422 0.010549 
2649 10.235975 0.000000 3.486672 99.506286 -0.000000 4.643763 0.007693 
2650 10.235975 0.000000 3.568851 99.510512 -0.000000 4.690998 0.007565 
2651 10.150695 0.000000 3.568851 99.421702 0.000000 4.616083 0.009402 
2652 10.235975 0.000000 3.651031 99.863403 3.341390 2.515789 0.000981 
2653 20.384326 0.000000 -2.594624 99.803889 0.006808 4.803095 0.001611 
2654 20.384326 0.000000 -3.909499 99.793321 -0.026281 5.202958 0.001422 
2655 21.748810 0.000000 -2.594624 99.826758 0.023757 4.799754 0.001158 
2656 18.337600 0.000000 -0.622312 99.752129 -0.227333 4.493490 0.002927 
2657 18.337600 0.000000 -1.279750 99.744307 -0.164436 4.421599 0.003150 
2658 19.019842 0.000000 -0.622312 99.778045 -0.204100 4.516107 0.002390 
2659 17.314237 0.000000 2.993594 99.828271 -1.261927 3.475619 0.002064 
2660 17.314237 0.000000 2.664875 99.811252 -1.061003 3.984493 0.002071 
2661 17.655358 0.000000 2.993594 99.864910 -1.231405 3.434620 0.001369 
2662 17.996479 0.000000 2.993594 99.874019 -1.173208 3.463738 0.001181 
2663 17.996479 0.000000 2.664875 99.852666 -1.057498 3.925044 0.001292 
2664 18.337600 0.000000 2.993594 99.878526 -1.146077 3.492361 0.001077 
2665 17.996479 0.000000 4.308468 99.859840 0.917129 4.122803 0.001017 
2666 18.337600 0.000000 4.308468 99.865964 0.941450 4.122572 0.000891 
2667 17.996479 0.000000 4.637187 99.863848 0.581663 4.158013 0.000958 
2668 14.585268 0.000000 2.993594 99.662809 -1.165117 3.099237 0.005636 
2669 14.244147 0.000000 2.993594 99.609713 -1.131101 3.174006 0.006655 
2670 14.585268 0.000000 2.664875 99.608918 -1.328645 3.666928 0.006285 
2671 14.585268 0.000000 4.308468 99.721252 0.725670 4.026911 0.003893 
2672 14.244147 0.000000 4.308468 99.723734 0.716087 3.960011 0.003898 
2673 14.585268 0.000000 4.637187 99.689655 0.558492 4.177669 0.004421 
2674 4.692758 0.000000 4.637187 102.773792 0.218986 4.504455 -0.058279 
2675 4.010516 0.000000 4.637187 102.942986 0.020397 5.279576 -0.062513 
2676 4.692758 0.000000 5.294624 101.990757 0.094963 4.813700 -0.042530 
2677 0.940426 0.000000 1.678719 99.454261 -0.083885 14.418967 -0.009906 
2678 0.599305 0.000000 1.678719 98.839850 -0.070694 13.386057 0.005149 
2679 0.940426 0.000000 2.007437 100.422680 -0.065552 12.890031 -0.025087 
2680 -0.253497 0.000000 0.199485 85.673052 -0.211468 15.227802 0.242820 
2681 -0.424058 0.000000 0.199485 88.960219 -0.209100 12.358232 0.193331 
2682 -0.253497 0.000000 0.363844 89.005505 -0.227178 15.316409 0.184338 
2683 7.762847 0.000000 2.993594 101.025620 0.484247 1.031854 -0.020748 
2684 7.421726 0.000000 2.993594 100.903368 0.270581 0.917084 -0.018240 
2685 7.762847 0.000000 3.322312 100.985501 0.434869 1.210311 -0.019973 
2686 7.762847 0.000000 3.651031 101.089426 0.356716 1.710121 -0.022212 
2687 7.421726 0.000000 3.651031 101.300611 0.287130 1.797538 -0.026513 
2688 7.762847 0.000000 3.979750 101.042524 0.383135 2.149538 -0.021436 
2689 8.700930 0.000000 1.432180 97.107428 1.833097 -1.774172 0.056364 
2690 8.615650 0.000000 1.432180 97.098889 1.558555 -2.247432 0.056433 
2691 8.700930 0.000000 1.514359 97.272305 1.730135 -1.703413 0.053220 
2692 8.700930 0.000000 1.596539 97.526378 1.632708 -1.528295 0.048360 
2693 8.615650 0.000000 1.596539 97.692183 1.413728 -1.747315 0.045119 
2694 8.700930 0.000000 1.678719 97.740084 1.542373 -1.345008 0.044269 
2695 8.700930 0.000000 1.760898 97.968336 1.460210 -1.154379 0.039874 
2696 8.615650 0.000000 1.760898 98.090184 1.288661 -1.366363 0.037479 
2697 8.700930 0.000000 1.843078 98.184436 1.382558 -0.981964 0.035694 
2698 8.700930 0.000000 1.925258 98.419467 1.290359 -0.787490 0.031132 
2699 8.615650 0.000000 1.925258 98.483623 1.167263 -0.922699 0.029876 
2700 8.700930 0.000000 2.007437 98.547776 1.220850 -0.620573 0.028646 
2701 10.065414 0.000000 1.432180 97.796745 0.000000 2.389739 0.043009 
2702 9.980134 0.000000 1.432180 97.674856 0.000000 2.648345 0.045261 
2703 10.065414 0.000000 1.514359 97.504015 0.000000 2.284103 0.048775 
2704 10.065414 0.000000 1.596539 97.557395 0.000000 2.168977 0.047785 
2705 9.980134 0.000000 1.596539 97.495608 -0.000000 2.306279 0.048929 
2706 10.065414 0.000000 1.678719 97.626461 0.000000 2.083435 0.046473 
2707 10.065414 0.000000 1.760898 97.561666 0.000000 2.117547 0.047724 
2708 9.980134 0.000000 1.760898 97.424936 -0.000000 2.117231 0.050390 
2709 10.065414 0.000000 1.843078 97.694077 0.000000 2.132839 0.045132 
2710 10.065414 0.000000 1.925258 97.455316 0.000000 2.131455 0.049792 
2711 9.980134 0.000000 1.925258 97.367908 -0.000000 2.054664 0.051527 
2712 10.065414 0.000000 2.007437 97.646708 0.000000 2.138896 0.046055 
2713 8.615650 0.000000 2.829234 99.980469 0.869081 0.713809 0.000264 
2714 8.445089 0.000000 2.829234 100.163366 0.570491 0.731586 -0.003356 
2715 8.615650 0.000000 2.993594 100.174299 0.608143 1.010073 -0.003628 
2716 8.615650 0.000000 3.157953 100.269215 0.560519 1.217837 -0.005571 
2717 8.445089 0.000000 3.157953 100.340289 0.586146 1.111402 -0.006975 
2718 8.615650 0.000000 3.322312 100.757651 0.631451 1.635070 -0.015518 
2719 8.615650 0.000000 3.486672 100.760555 0.584402 1.811910 -0.015631 
2720 8.445089 0.000000 3.486672 100.828759 0.536294 1.760318 -0.016982 
2721 8.615650 0.000000 3.651031 100.523016 0.539185 1.890001 -0.010874 
2722 8.615650 0.000000 3.815390 100.346451 0.431117 2.342494 -0.007508 
2723 8.445089 0.000000 3.815390 100.672013 0.416990 2.072073 -0.013932 
2724 8.615650 0.000000 3.979750 100.376966 0.401918 2.478216 -0.008184 
2725 9.042051 0.000000 2.418336 98.956787 1.594038 0.516863 0.020475 
2726 8.956771 0.000000 2.418336 98.991502 1.335731 0.403496 0.019874 
2727 9.042051 0.000000 2.500515 99.048663 1.465164 0.628169 0.018682 
2728 9.042051 0.000000 2.582695 99.153181 1.358062 0.727836 0.016627 
2729 8.956771 0.000000 2.582695 99.204006 1.169804 0.615177 0.015682 
2730 9.042051 0.000000 2.664875 99.255188 1.249980 0.852079 0.014612 
2731 10.065414 0.000000 2.089617 97.641615 -0.000000 2.153504 0.046148 
2732 9.980134 0.000000 2.089617 97.613188 -0.000000 2.105089 0.046723 
2733 10.065414 0.000000 2.171797 97.504267 -0.000000 2.170145 0.048821 
2734 10.065414 0.000000 2.253976 97.482667 -0.000000 2.214527 0.049223 
2735 9.980134 0.000000 2.253976 97.425595 0.000000 2.214556 0.050335 
2736 10.065414 0.000000 2.336156 97.550916 -0.000000 2.279959 0.047862 
2737 9.894854 0.000000 2.253976 97.335509 0.000000 2.242817 0.052077 
2738 9.894854 0.000000 2.171797 97.329602 0.000000 2.116524 0.052247 
2739 9.894854 0.000000 2.336156 97.293636 0.000000 2.233403 0.052896 
2740 9.511093 0.000000 2.130707 96.166820 0.000000 1.708062 0.074903 
2741 9.511093 0.000000 2.089617 96.329826 0.000000 1.668146 0.071778 
2742 9.553733 0.000000 2.130707 96.360532 0.000000 1.757336 0.071156 
2743 9.042051 0.000000 2.747055 99.336139 1.161404 0.948203 0.013008 
2744 8.956771 0.000000 2.747055 99.386566 1.029167 0.857653 0.012052 
2745 9.042051 0.000000 2.829234 99.866538 1.081240 1.064592 0.002437 
2746 9.042051 0.000000 2.911414 99.719682 1.209883 1.171980 0.005315 
2747 8.956771 0.000000 2.911414 99.806044 1.055861 1.070920 0.003649 
2748 9.042051 0.000000 2.993594 99.724369 1.092369 1.292659 0.005219 
2749 9.042051 0.000000 3.075773 99.695924 0.919602 1.692430 0.005701 
2750 8.956771 0.000000 3.075773 99.947611 0.776202 1.396909 0.000792 
2751 9.042051 0.000000 3.157953 99.745443 0.862758 1.772109 0.004696 
2752 9.042051 0.000000 3.240133 99.785246 0.811249 1.857804 0.003880 
2753 8.956771 0.000000 3.240133 99.812550 0.743651 1.818231 0.003360 
2754 9.042051 0.000000 3.322312 100.418202 0.793655 2.034952 -0.008859 
2755 8.700930 0.000000 2.089617 98.685824 1.157201 -0.472113 0.025955 
2756 8.615650 0.000000 2.089617 98.763991 1.063064 -0.588090 0.024420 
2757 8.700930 0.000000 2.171797 98.818419 1.099465 -0.322977 0.023361 
2758 8.700930 0.000000 2.253976 98.936698 1.045753 -0.174827 0.021041 
2759 8.615650 0.000000 2.253976 99.002671 0.954244 -0.264898 0.019749 
2760 8.700930 0.000000 2.336156 99.049274 0.994900 -0.034858 0.018825 
2761 9.894854 0.000000 2.911414 98.277794 0.000000 3.043616 0.033221 
2762 9.894854 0.000000 2.829234 98.304006 0.000000 2.981883 0.032743 
2763 9.980134 0.000000 2.911414 98.409286 0.000000 3.077601 0.030614 
2764 7.762847 0.000000 4.308468 101.106602 0.338519 2.517839 -0.022900 
2765 7.421726 0.000000 4.308468 101.283181 0.307724 2.528233 -0.026477 
2766 7.762847 0.000000 4.637187 100.602780 0.063966 2.985604 -0.012984 
2767 9.042051 0.000000 3.404492 100.418354 0.678612 2.109080 -0.008875 
2768 8.956771 0.000000 3.404492 100.437187 0.641031 2.091474 -0.009241 
2769 9.042051 0.000000 3.486672 100.386319 0.779375 2.153309 -0.008266 
2770 9.042051 0.000000 3.568851 100.440352 0.748535 2.074142 -0.009313 
2771 8.956771 0.000000 3.568851 100.399147 0.692156 2.209178 -0.008535 
2772 9.042051 0.000000 3.651031 100.452746 0.704855 2.142263 -0.009584 
2773 1.963789 0.000000 3.322312 103.411810 -0.448659 8.901663 -0.077344 
2774 1.281547 0.000000 3.322312 102.106083 -0.497299 9.228353 -0.051106 
2775 1.963789 0.000000 3.979750 102.686637 -0.124101 7.784301 -0.060516 
2776 0.599305 0.000000 3.322312 101.185328 -0.373701 9.209398 -0.032342 
2777 -0.082937 0.000000 3.322312 100.630321 -0.468818 9.214733 -0.021159 
2778 0.599305 0.000000 3.979750 101.465619 -0.149149 8.633753 -0.036984 
2779 -0.765179 0.000000 3.322312 100.221443 -0.188631 8.982736 -0.012506 
2780 -1.447421 0.000000 3.322312 99.893437 0.072189 8.584474 -0.005240 
2781 -0.765179 0.000000 3.979750 100.417612 0.285306 8.519240 -0.015636 
2782 9.042051 0.000000 0.939102 98.600119 -0.056300 16.480372 0.000641 
2783 9.042051 0.000000 0.856922 95.868219 -0.137442 23.886777 0.023869 
2784 9.127332 0.000000 0.939102 105.035609 -0.133503 11.668174 -0.116864 
2785 9.212612 0.000000 0.939102 95.629092 -0.123418 -4.419354 0.083553 
2786 9.212612 0.000000 0.856922 110.469255 -0.234598 -15.946128 -0.245779 
2787 10.491816 0.000000 -0.951031 97.573866 -0.223708 6.328657 0.043924 
2788 10.491816 0.000000 -1.279750 97.558161 -0.054256 5.461328 0.045258 
2789 10.832937 0.000000 -0.951031 97.106631 -0.215840 5.238780 0.054281 
2790 9.724293 0.000000 1.267820 96.436353 0.000000 3.874814 0.068502 
2791 9.724293 0.000000 1.350000 96.277555 0.000000 3.093775 0.072106 
2792 12.879663 0.000000 -1.937187 99.110401 0.135177 4.464056 0.015718 
2793 12.879663 0.000000 -2.594624 99.339863 0.058215 4.784876 0.010869 
2794 13.561905 0.000000 -1.937187 99.351061 -0.000102 4.472731 0.010936 
2795 11.174058 0.000000 -0.951031 97.498665 -0.081283 4.896850 0.047002 
2796 11.174058 0.000000 -1.279750 97.791371 0.290932 4.704044 0.041464 
2797 11.515179 0.000000 -0.951031 97.872732 0.108305 4.723873 0.039860 
2798 9.724293 0.000000 1.432180 96.364873 0.000000 2.649550 0.070679 
2799 9.809574 0.000000 1.432180 96.987341 0.000000 2.856106 0.058530 
2800 9.724293 0.000000 1.514359 96.176943 0.000000 2.329804 0.074457 
2801 9.724293 0.000000 1.596539 96.602697 0.000000 2.157065 0.066327 
2802 9.809574 0.000000 1.596539 96.992282 0.000000 2.306723 0.058718 
2803 9.724293 0.000000 1.678719 96.793467 0.000000 2.043587 0.062685 
2804 9.724293 0.000000 1.760898 96.729444 0.000000 2.053057 0.063920 
2805 9.809574 0.000000 1.760898 96.965016 0.000000 2.047643 0.059359 
2806 9.724293 0.000000 1.843078 96.909249 0.000000 2.092973 0.060422 
2807 9.724293 0.000000 1.925258 96.656964 0.000000 1.977783 0.065352 
2808 9.809574 0.000000 1.925258 96.885550 0.000000 1.946814 0.060940 
2809 10.918217 0.000000 2.253976 98.703174 -1.243390 2.196350 0.025131 
2810 10.918217 0.000000 2.171797 98.611167 -0.903883 2.244387 0.026998 
2811 11.003497 0.000000 2.253976 99.137211 -1.144978 1.865518 0.016702 
2812 9.596373 0.000000 2.212887 96.642853 0.000000 2.072672 0.065586 
2813 9.596373 0.000000 2.171797 96.612152 0.000000 1.970711 0.066221 
2814 9.639013 0.000000 2.212887 96.851910 0.000000 2.121573 0.061521 
2815 9.894854 0.000000 2.418336 97.688989 0.000000 2.341427 0.045138 
2816 9.980134 0.000000 2.418336 97.802614 0.000000 2.424025 0.042877 
2817 9.894854 0.000000 2.500515 97.699707 0.000000 2.383661 0.044909 
2818 10.065414 0.000000 2.418336 97.890437 -0.000000 2.391157 0.041174 
2819 10.065414 0.000000 2.500515 97.958808 -0.000000 2.462525 0.039801 
2820 10.065414 0.000000 2.582695 98.076262 -0.000000 2.435589 0.037511 
2821 9.980134 0.000000 2.582695 97.856474 0.000000 2.519778 0.041776 
2822 10.065414 0.000000 2.664875 98.147643 0.000000 2.465868 0.036096 
2823 9.894854 0.000000 2.582695 97.500783 0.000000 2.402851 0.048782 
2824 9.894854 0.000000 2.664875 97.577160 0.000000 2.387869 0.047300 
2825 10.065414 0.000000 3.075773 98.673186 0.000000 3.325734 0.025254 
2826 10.065414 0.000000 2.993594 98.387742 0.000000 3.279023 0.030910 
2827 10.065414 0.000000 3.157953 99.163534 0.000000 3.534156 0.015410 
2828 10.065414 0.000000 3.240133 99.445479 0.000000 3.872328 0.009560 
2829 10.065414 0.000000 3.322312 99.409051 0.000000 4.097956 0.010105 
2830 9.766934 0.000000 3.116863 97.295391 0.000000 3.320402 0.052258 
2831 9.766934 0.000000 3.075773 97.273749 0.000000 3.204321 0.052755 
2832 9.809574 0.000000 3.116863 97.697823 0.000000 3.322559 0.044410 
2833 10.065414 0.000000 3.404492 99.271933 0.000000 4.322986 0.012640 
2834 10.065414 0.000000 3.486672 99.283246 0.000000 4.465559 0.012290 
2835 10.065414 0.000000 3.568851 99.282400 0.000000 4.513141 0.012264 
2836 10.065414 0.000000 3.651031 99.903270 3.041628 2.454194 0.000406 
2837 9.702973 0.000000 3.260677 94.806045 -0.000000 4.364273 0.099277 
2838 9.702973 0.000000 3.240133 94.381346 -0.000000 4.458193 0.107229 
2839 9.724293 0.000000 3.260677 95.709107 -0.000000 4.140791 0.082262 
2840 13.903026 0.000000 2.993594 99.552470 -1.207707 3.221551 0.007747 
2841 13.561905 0.000000 2.993594 99.513621 -1.393809 3.172952 0.008503 
2842 13.903026 0.000000 2.664875 99.509309 -1.241199 3.409761 0.008473 
2843 13.903026 0.000000 4.308468 99.703586 0.708632 3.932717 0.004323 
2844 13.561905 0.000000 4.308468 99.683530 0.701501 3.899368 0.004750 
2845 13.903026 0.000000 4.637187 99.738811 0.476672 3.997387 0.003596 
2846 3.328274 0.000000 4.637187 102.886165 -0.051446 5.851602 -0.061981 
2847 2.646032 0.000000 4.637187 102.695649 -0.017917 6.669344 -0.059088 
2848 3.328274 0.000000 5.294624 102.175809 0.042823 5.994696 -0.047583 
2849 1.963789 0.000000 4.637187 102.260563 -0.053695 7.300772 -0.051053 
2850 1.281547 0.000000 4.637187 101.854653 0.223197 7.793263 -0.043516 
2851 1.963789 0.000000 5.294624 101.938914 0.191648 7.025473 -0.044094 
2852 0.258184 0.000000 1.678719 98.406067 -0.111475 12.423157 0.016190 
2853 -0.082937 0.000000 1.678719 98.172650 -0.057414 11.469699 0.023057 
2854 0.258184 0.000000 2.007437 99.206037 -0.084029 11.490350 0.002613 
2855 -0.424058 0.000000 1.678719 98.103003 -0.163252 10.872430 0.025756 
2856 -0.765179 0.000000 1.678719 98.153194 -0.155979 10.222028 0.026144 
2857 -0.424058 0.000000 2.007437 98.798721 -0.174731 10.428475 0.013003 
2858 7.080605 0.000000 2.993594 101.213319 0.258645 0.832324 -0.024490 
2859 6.739484 0.000000 2.993594 101.481128 0.241299 0.756890 -0.029905 
2860 7.080605 0.000000 3.322312 101.349401 0.247452 1.395391 -0.027371 
2861 7.080605 0.000000 3.651031 101.399550 0.149077 1.937302 -0.028564 
2862 6.739484 0.000000 3.651031 101.691412 0.121669 1.904717 -0.034479 
2863 7.080605 0.000000 3.979750 101.549053 0.150150 2.253489 -0.031731 
2864 6.398363 0.000000 2.993594 101.857269 0.245631 0.746382 -0.037552 
2865 6.057242 0.000000 2.993594 102.304017 0.103135 0.810599 -0.046678 
2866 6.398363 0.000000 3.322312 101.970965 0.144572 1.375957 -0.039999 
2867 6.398363 0.000000 3.651031 101.910098 0.274387 1.843645 -0.038914 
2868 6.057242 0.000000 3.651031 102.126913 0.100389 1.852070 -0.043335 
2869 6.398363 0.000000 3.979750 101.678495 0.020842 2.265728 -0.034365 
2870 14.244147 0.000000 -1.937187 99.431193 -0.261121 4.537941 0.009278 
2871 14.244147 0.000000 -2.594624 99.463556 -0.241895 4.720879 0.008466 
2872 14.926389 0.000000 -1.937187 99.533595 -0.218934 4.531715 0.007248 
2873 9.894854 0.000000 1.432180 97.294728 -0.000000 2.746037 0.052620 
2874 9.894854 0.000000 1.514359 97.036732 -0.000000 2.459496 0.057782 
2875 9.894854 0.000000 1.596539 97.221569 -0.000000 2.283741 0.054275 
2876 9.894854 0.000000 1.678719 97.305943 0.000000 2.149803 0.052693 
2877 9.894854 0.000000 1.760898 97.256506 0.000000 2.123143 0.053666 
2878 9.894854 0.000000 1.843078 97.388947 0.000000 2.136708 0.051083 
2879 9.894854 0.000000 1.925258 97.206467 0.000000 2.108408 0.054646 
2880 9.894854 0.000000 2.007437 97.480418 0.000000 2.095271 0.049318 
2881 8.871491 0.000000 2.418336 99.044281 1.171480 0.298430 0.018877 
2882 8.786211 0.000000 2.418336 99.100002 1.044241 0.192943 0.017806 
2883 8.871491 0.000000 2.500515 99.154380 1.103972 0.415741 0.016702 
2884 8.871491 0.000000 2.582695 99.249579 1.032729 0.530220 0.014817 
2885 8.786211 0.000000 2.582695 99.304086 0.940393 0.440229 0.013762 
2886 8.871491 0.000000 2.664875 99.358998 0.976097 0.645088 0.012642 
2887 9.894854 0.000000 2.089617 97.481137 0.000000 2.076132 0.049312 
2888 9.596373 0.000000 2.130707 96.606468 0.000000 1.881848 0.066365 
2889 9.596373 0.000000 2.089617 96.718882 0.000000 1.885025 0.064190 
2890 9.639013 0.000000 2.130707 96.811500 0.000000 1.997372 0.062354 
2891 8.871491 0.000000 2.747055 99.439524 0.922908 0.763182 0.011035 
2892 8.786211 0.000000 2.747055 99.489213 0.841028 0.686750 0.010072 
2893 8.871491 0.000000 2.829234 99.963583 0.871802 0.912092 0.000569 
2894 8.871491 0.000000 2.911414 99.866910 0.982600 0.975766 0.002468 
2895 8.786211 0.000000 2.911414 99.904173 0.923820 0.925999 0.001745 
2896 8.871491 0.000000 2.993594 99.901406 0.938649 1.100464 0.001762 
2897 8.871491 0.000000 3.075773 100.029229 0.764291 1.287709 -0.000809 
2898 8.786211 0.000000 3.075773 100.137564 0.665522 1.198762 -0.002941 
2899 8.871491 0.000000 3.157953 100.027184 0.670417 1.437060 -0.000795 
2900 8.871491 0.000000 3.240133 100.066749 0.640843 1.532279 -0.001611 
2901 8.786211 0.000000 3.240133 100.123207 0.609787 1.469197 -0.002719 
2902 8.871491 0.000000 3.322312 100.683409 0.584268 1.774871 -0.014064 
2903 8.700930 0.000000 2.418336 99.166995 0.947529 0.089723 0.016500 
2904 8.615650 0.000000 2.418336 99.227409 0.876140 0.004630 0.015315 
2905 8.700930 0.000000 2.500515 99.267095 0.904297 0.221250 0.014518 
2906 8.700930 0.000000 2.582695 99.361868 0.862406 0.360743 0.012635 
2907 8.615650 0.000000 2.582695 99.419266 0.799567 0.292525 0.011508 
2908 8.700930 0.000000 2.664875 99.468503 0.823299 0.493131 0.010510 
2909 9.894854 0.000000 2.747055 97.975217 0.000000 2.578842 0.039421 
2910 9.980134 0.000000 2.747055 98.193653 0.000000 2.688739 0.035078 
2911 10.065414 0.000000 2.747055 98.316335 0.000000 2.735355 0.032642 
2912 10.065414 0.000000 2.829234 98.575277 0.000000 3.072345 0.027348 
2913 10.065414 0.000000 2.911414 98.545287 0.000000 3.167112 0.027880 
2914 7.080605 0.000000 4.308468 101.362343 0.115698 2.491853 -0.028055 
2915 6.739484 0.000000 4.308468 101.311772 0.019352 2.605156 -0.027086 
2916 7.080605 0.000000 4.637187 101.118157 0.160924 2.801127 -0.023275 
2917 8.871491 0.000000 3.404492 100.428682 0.733480 2.047996 -0.009065 
2918 8.786211 0.000000 3.404492 100.686934 0.652554 1.791251 -0.014149 
2919 8.871491 0.000000 3.486672 100.432041 0.699131 2.113189 -0.009155 
2920 8.871491 0.000000 3.568851 100.442522 0.666017 2.185257 -0.009392 
2921 8.786211 0.000000 3.568851 100.460373 0.630924 2.167834 -0.009738 
2922 8.871491 0.000000 3.651031 100.139941 0.619689 2.222588 -0.003333 
2923 6.398363 0.000000 4.308468 101.715522 0.134655 2.770591 -0.035374 
2924 6.057242 0.000000 4.308468 102.015600 0.151289 2.923566 -0.041575 
2925 6.398363 0.000000 4.637187 101.569422 0.138304 3.196112 -0.032658 
2926 8.700930 0.000000 2.747055 99.544458 0.787854 0.613245 0.008990 
2927 8.615650 0.000000 2.747055 99.934453 0.910347 0.594396 0.001192 
2928 8.700930 0.000000 2.829234 99.925246 0.921375 0.766544 0.001351 
2929 8.700930 0.000000 2.911414 99.957337 0.868578 0.879137 0.000700 
2930 8.615650 0.000000 2.911414 99.999108 0.829492 0.820571 -0.000118 
2931 8.700930 0.000000 2.993594 100.126272 0.644009 1.059515 -0.002681 
2932 8.700930 0.000000 3.075773 100.178819 0.618440 1.157937 -0.003752 
2933 8.615650 0.000000 3.075773 100.219533 0.579026 1.109929 -0.004552 
2934 8.700930 0.000000 3.157953 100.210978 0.595041 1.253383 -0.004417 
2935 8.700930 0.000000 3.240133 100.219254 0.560511 1.394198 -0.004616 
2936 8.615650 0.000000 3.240133 100.281961 0.626070 1.292520 -0.005853 
2937 8.700930 0.000000 3.322312 100.723304 0.663017 1.665384 -0.014840 
2938 8.700930 0.000000 3.404492 100.724266 0.637671 1.751716 -0.014885 
2939 8.615650 0.000000 3.404492 100.766755 0.608665 1.720057 -0.015727 
2940 8.700930 0.000000 3.486672 100.733919 0.612221 1.831003 -0.015105 
2941 8.700930 0.000000 3.568851 100.476816 0.602502 2.163983 -0.010064 
2942 8.615650 0.000000 3.568851 100.765272 0.561198 1.885897 -0.015751 
2943 8.700930 0.000000 3.651031 100.197028 0.575696 2.187678 -0.004456 
1 11 78 76 77 
2 78 10 24 76 
3 76 24 14 79 
4 77 76 79 6 
5 24 82 80 81 
6 82 23 40 80 
7 80 40 27 83 
8 81 80 83 14 
9 40 86 84 85 
10 86 39 56 84 
11 84 56 43 87 
12 85 84 87 27 
13 56 90 88 89 
14 89 88 91 43 
15 6 79 104 105 
16 79 14 36 104 
17 104 36 19 106 
18 105 104 106 20 
19 14 83 107 108 
20 83 27 52 107 
21 107 52 35 109 
22 108 107 109 36 
23 27 87 110 111 
24 87 43 68 110 
25 110 68 51 112 
26 111 110 112 52 
27 43 91 113 114 
28 114 113 115 68 
29 88 118 116 117 
30 117 116 119 91 
31 12 122 120 121 
32 122 7 123 120 
33 120 123 13 25 
34 121 120 25 10 
35 25 126 124 125 
36 126 13 127 124 
37 124 127 26 41 
38 125 124 41 23 
39 41 130 128 129 
40 130 26 131 128 
41 128 131 42 57 
42 129 128 57 39 
43 57 134 132 133 
44 134 42 135 132 
45 132 135 58 73 
46 133 132 73 55 
47 55 138 136 137 
48 138 73 139 136 
49 39 147 145 146 
50 147 57 133 145 
51 145 133 55 90 
52 146 145 90 56 
53 90 150 148 149 
54 150 55 137 148 
55 149 148 118 88 
56 118 153 151 152 
57 152 151 154 116 
58 91 119 168 169 
59 169 168 170 113 
60 116 154 171 172 
61 172 171 173 119 
62 151 176 174 175 
63 175 174 177 154 
64 137 180 178 179 
65 180 136 181 178 
66 178 181 101 142 
67 179 178 142 72 
68 72 184 182 183 
69 184 142 185 182 
70 141 188 186 187 
71 188 165 189 186 
72 186 189 163 190 
73 148 193 191 192 
74 193 137 179 191 
75 191 179 72 153 
76 192 191 153 118 
77 153 196 194 195 
78 196 72 183 194 
79 195 194 176 151 
80 176 199 197 198 
81 199 141 187 197 
82 197 187 164 200 
83 198 197 200 174 
84 201 203 159 204 
85 202 201 204 160 
86 164 190 205 206 
87 190 163 207 205 
88 205 207 167 208 
89 206 205 208 100 
90 187 211 209 210 
91 211 186 212 209 
92 209 212 190 213 
93 210 209 213 164 
94 144 227 226 203 
95 227 99 228 226 
96 226 228 161 229 
97 203 226 229 159 
98 167 232 230 231 
99 232 144 233 230 
100 230 233 203 234 
101 231 230 234 201 
102 142 239 238 185 
103 239 101 240 238 
104 238 240 143 241 
105 185 238 241 140 
106 182 244 242 243 
107 244 185 245 242 
108 242 245 140 246 
109 243 242 246 165 
110 73 248 247 139 
111 248 58 249 247 
112 251 219 252 250 
113 250 252 218 253 
114 139 256 254 255 
115 256 247 257 254 
116 254 257 219 251 
117 255 254 251 71 
118 71 260 258 259 
119 260 251 261 258 
120 258 261 250 262 
121 259 258 262 237 
122 253 218 270 269 
123 269 270 221 271 
124 271 221 274 272 
125 272 274 266 275 
126 273 272 275 157 
127 278 269 279 276 
128 276 279 271 280 
129 281 273 157 283 
130 282 281 283 155 
131 222 286 284 285 
132 285 284 287 225 
133 102 290 288 289 
134 290 253 291 288 
135 288 291 269 278 
136 294 278 295 292 
137 292 295 276 296 
138 293 292 296 277 
139 223 299 297 298 
140 299 102 289 297 
141 298 297 286 222 
142 286 302 300 301 
143 302 224 293 300 
144 300 293 277 303 
145 301 300 303 284 
146 289 306 304 305 
147 306 288 307 304 
148 304 307 278 294 
149 305 304 294 224 
150 224 310 308 309 
151 310 294 311 308 
152 308 311 292 312 
153 309 308 312 293 
154 219 318 317 252 
155 252 317 320 218 
156 7 322 321 123 
157 322 16 323 321 
158 321 323 15 32 
159 123 321 32 13 
160 13 325 324 127 
161 325 32 326 324 
162 324 326 31 48 
163 127 324 48 26 
164 26 328 327 131 
165 328 48 329 327 
166 327 329 47 64 
167 131 327 64 42 
168 42 331 330 135 
169 331 64 332 330 
170 330 332 63 215 
171 135 330 215 58 
172 58 334 333 249 
173 334 215 335 333 
174 247 337 336 257 
175 337 249 338 336 
176 336 338 74 318 
177 257 336 318 219 
178 318 345 343 344 
179 345 74 346 343 
180 343 346 319 347 
181 344 343 347 317 
182 218 320 355 270 
183 270 355 356 221 
184 363 351 364 361 
185 361 364 354 365 
186 249 367 366 338 
187 367 333 368 366 
188 366 368 314 340 
189 338 366 340 74 
190 15 370 369 33 
191 370 17 371 369 
192 369 371 8 372 
193 33 369 372 18 
194 374 33 375 373 
195 373 375 18 376 
196 340 395 393 394 
197 395 314 396 393 
198 393 396 341 397 
199 394 393 397 339 
200 351 402 401 364 
201 402 353 403 401 
202 401 403 316 404 
203 364 401 404 354 
204 341 407 405 406 
205 407 389 408 405 
206 405 408 392 409 
207 406 405 409 313 
208 18 372 410 45 
209 372 8 411 410 
210 410 411 29 412 
211 45 410 412 28 
212 376 18 414 413 
213 413 414 45 415 
214 353 429 428 403 
215 429 398 430 428 
216 428 430 400 431 
217 403 428 431 316 
218 215 433 432 335 
219 433 63 434 432 
220 389 440 439 408 
221 440 391 441 439 
222 439 441 315 442 
223 408 439 442 392 
224 398 447 446 430 
225 447 399 448 446 
226 446 448 217 449 
227 430 446 449 400 
228 391 451 450 441 
229 451 435 452 450 
230 450 452 438 453 
231 441 450 453 315 
232 399 458 457 448 
233 448 457 460 217 
234 315 453 461 462 
235 453 438 463 461 
236 462 461 458 399 
237 458 478 476 477 
238 477 476 480 457 
239 438 482 481 463 
240 482 385 483 481 
241 461 486 484 485 
242 486 463 487 484 
243 485 484 478 458 
244 489 473 490 488 
245 478 494 492 493 
246 493 492 496 476 
247 463 498 497 487 
248 498 481 499 497 
249 497 499 473 489 
250 501 489 502 500 
251 500 502 488 503 
252 217 460 504 505 
253 505 504 507 426 
254 457 480 508 509 
255 509 508 511 460 
256 476 496 512 513 
257 496 479 514 512 
258 512 514 459 515 
259 513 512 515 480 
260 492 518 516 517 
261 516 519 479 520 
262 517 516 520 496 
263 484 523 521 522 
264 523 487 524 521 
265 521 524 443 494 
266 522 521 494 478 
267 494 527 525 526 
268 527 443 528 525 
269 525 528 495 518 
270 526 525 518 492 
271 479 503 541 514 
272 503 488 542 541 
273 541 542 491 543 
274 514 541 543 459 
275 495 545 544 519 
276 545 500 546 544 
277 544 546 503 547 
278 519 544 547 479 
279 518 550 548 549 
280 550 495 551 548 
281 548 551 519 552 
282 549 548 552 516 
283 473 558 557 490 
284 385 565 564 483 
285 565 469 566 564 
286 483 573 571 572 
287 573 564 574 571 
288 571 574 554 568 
289 572 571 568 444 
290 444 577 575 576 
291 577 568 578 575 
292 575 578 567 579 
293 481 581 580 499 
294 581 483 572 580 
295 580 572 444 558 
296 499 580 558 473 
297 558 584 582 583 
298 584 444 576 582 
299 583 582 585 557 
300 579 567 595 593 
301 593 595 570 596 
302 594 593 596 474 
303 576 599 597 598 
304 599 575 600 597 
305 597 600 579 601 
306 557 585 604 605 
307 604 594 474 606 
308 605 604 606 560 
309 582 609 607 608 
310 609 576 598 607 
311 607 598 559 610 
312 608 607 610 585 
313 559 601 611 612 
314 601 579 613 611 
315 611 613 593 614 
316 612 611 614 594 
317 598 617 615 616 
318 617 597 618 615 
319 615 618 601 619 
320 616 615 619 559 
321 621 464 622 620 
322 620 622 467 623 
323 635 638 631 639 
324 636 635 639 553 
325 567 641 640 595 
326 641 569 636 640 
327 640 636 553 642 
328 595 640 642 570 
329 469 644 643 566 
330 644 387 645 643 
331 564 647 646 574 
332 647 566 648 646 
333 646 648 468 629 
334 574 646 629 554 
335 554 651 649 650 
336 651 629 652 649 
337 569 655 653 654 
338 653 656 635 657 
339 654 653 657 636 
340 568 659 658 578 
341 659 554 650 658 
342 658 650 569 641 
343 578 658 641 567 
344 650 662 660 661 
345 662 649 663 660 
346 660 663 637 655 
347 661 660 655 569 
348 628 669 668 638 
349 669 630 670 668 
350 668 670 555 671 
351 638 668 671 631 
352 637 673 672 656 
353 673 628 674 672 
354 672 674 638 675 
355 656 672 675 635 
356 655 678 676 677 
357 678 637 679 676 
358 676 679 656 680 
359 677 676 680 653 
360 623 467 682 681 
361 681 682 529 683 
362 566 695 694 648 
363 695 643 696 694 
364 694 696 625 665 
365 648 694 665 468 
366 468 699 697 698 
367 699 665 700 697 
368 697 700 664 691 
369 698 697 691 630 
370 630 703 701 702 
371 703 691 704 701 
372 702 701 705 670 
373 707 620 708 706 
374 706 708 623 709 
375 691 719 718 704 
376 719 664 720 718 
377 718 720 692 721 
378 704 718 721 690 
379 555 693 722 723 
380 693 667 724 722 
381 722 724 687 725 
382 723 722 725 633 
383 670 705 726 727 
384 705 690 728 726 
385 726 728 693 729 
386 727 726 729 555 
387 701 732 730 731 
388 732 704 733 730 
389 730 733 690 734 
390 731 730 734 705 
391 739 710 740 738 
392 738 740 713 741 
393 64 743 742 332 
394 743 47 744 742 
395 742 744 65 382 
396 332 742 382 63 
397 63 746 745 434 
398 746 382 747 745 
399 749 465 750 748 
400 748 750 464 621 
401 387 752 751 645 
402 752 621 753 751 
403 751 753 620 707 
404 643 755 754 696 
405 755 645 756 754 
406 754 756 470 711 
407 696 754 711 625 
408 625 759 757 758 
409 759 711 760 757 
410 757 760 710 739 
411 758 757 739 666 
412 666 763 761 762 
413 763 739 764 761 
414 761 764 738 765 
415 665 767 766 700 
416 767 625 758 766 
417 766 758 666 715 
418 700 766 715 664 
419 715 770 768 769 
420 770 666 762 768 
421 768 762 716 771 
422 769 768 771 714 
423 624 741 772 773 
424 741 713 774 772 
425 772 774 735 775 
426 773 772 775 688 
427 716 765 776 777 
428 765 738 778 776 
429 776 778 741 779 
430 777 776 779 624 
431 762 782 780 781 
432 782 761 783 780 
433 780 783 765 784 
434 781 780 784 716 
435 470 786 785 712 
436 786 707 787 785 
437 785 787 706 788 
438 712 785 788 626 
439 711 790 789 760 
440 790 470 791 789 
441 789 791 712 792 
442 760 789 792 710 
443 75 280 793 794 
444 280 271 795 793 
445 793 795 272 796 
446 794 793 796 273 
447 277 296 797 798 
448 296 276 799 797 
449 797 799 280 800 
450 798 797 800 75 
451 221 356 801 274 
452 274 801 802 266 
453 355 805 803 804 
454 804 803 806 356 
455 356 806 807 808 
456 806 5 809 807 
457 807 809 358 810 
458 808 807 810 801 
459 803 813 811 812 
460 813 362 814 811 
461 811 814 5 815 
462 812 811 815 806 
463 220 818 816 817 
464 818 342 819 816 
465 816 819 351 363 
466 817 816 363 352 
467 352 822 820 821 
468 822 363 823 820 
469 820 823 361 824 
470 821 820 824 362 
471 710 792 825 740 
472 792 712 826 825 
473 825 826 626 827 
474 740 825 827 713 
475 709 623 829 828 
476 828 829 681 830 
477 626 788 831 736 
478 788 706 832 831 
479 831 832 709 833 
480 736 831 833 66 
481 735 840 838 839 
482 840 736 841 838 
483 838 841 66 842 
484 839 838 842 737 
485 688 775 843 844 
486 775 735 839 843 
487 843 839 737 845 
488 844 843 845 627 
489 602 852 850 851 
490 852 590 853 850 
491 850 853 388 854 
492 851 850 854 603 
493 510 860 858 859 
494 860 538 861 858 
495 858 861 540 862 
496 859 858 862 445 
497 66 833 863 836 
498 833 709 864 863 
499 863 864 828 865 
500 836 863 865 685 
501 737 842 866 867 
502 842 66 868 866 
503 866 868 836 869 
504 867 866 869 834 
505 627 845 873 874 
506 845 737 867 873 
507 873 867 834 875 
508 874 873 875 835 
509 603 854 879 880 
510 854 388 881 879 
511 879 881 848 882 
512 880 879 882 846 
513 540 885 883 884 
514 885 475 886 883 
515 883 886 847 887 
516 884 883 887 855 
517 21 46 888 889 
518 46 28 890 888 
519 888 890 30 891 
520 889 888 891 9 
521 37 62 892 893 
522 62 44 894 892 
523 892 894 46 895 
524 893 892 895 21 
525 53 94 896 897 
526 94 60 898 896 
527 896 898 62 899 
528 897 896 899 37 
529 69 265 900 901 
530 265 92 902 900 
531 900 902 94 903 
532 901 900 903 53 
533 904 906 92 907 
534 905 904 907 265 
535 846 882 920 921 
536 920 922 536 923 
537 921 920 923 849 
538 848 934 933 922 
539 934 876 935 933 
540 933 935 878 936 
541 922 933 936 536 
542 882 939 937 938 
543 939 848 940 937 
544 937 940 922 941 
545 938 937 941 920 
546 849 923 949 950 
547 923 536 951 949 
548 949 951 918 952 
549 950 949 952 916 
550 92 421 953 902 
551 421 93 954 953 
552 953 954 60 955 
553 902 953 955 94 
554 956 957 421 958 
555 906 956 958 92 
556 683 529 960 959 
557 959 960 531 961 
558 830 681 963 962 
559 962 963 683 964 
560 685 865 965 947 
561 865 828 966 965 
562 965 966 830 967 
563 947 965 967 533 
564 837 970 968 969 
565 970 685 971 968 
566 968 971 947 972 
567 969 968 972 945 
568 684 978 976 977 
569 978 837 969 976 
570 976 969 945 979 
571 977 976 979 946 
572 857 985 983 984 
573 985 535 986 983 
574 983 986 917 987 
575 984 983 987 980 
576 945 972 992 993 
577 972 947 994 992 
578 992 994 533 995 
579 993 992 995 948 
580 946 979 996 997 
581 979 945 993 996 
582 996 993 948 998 
583 997 996 998 686 
584 916 952 1003 1004 
585 952 918 1005 1003 
586 1003 1005 455 1006 
587 1004 1003 1006 919 
588 917 1009 1007 1008 
589 1009 916 1004 1007 
590 1007 1004 919 1010 
591 1008 1007 1010 537 
592 919 1006 1014 1015 
593 1006 455 1016 1014 
594 426 507 1030 1031 
595 1031 1030 1032 349 
596 537 1010 1036 1037 
597 1010 919 1015 1036 
598 1036 1015 999 1038 
599 1037 1036 1038 1000 
600 1015 1041 1039 1040 
601 1041 1014 1042 1039 
602 1039 1042 1017 1043 
603 1040 1039 1043 999 
604 1000 1038 1044 1045 
605 1038 999 1027 1044 
606 1044 1027 1002 1046 
607 1045 1044 1046 912 
608 999 1043 1047 1048 
609 1043 1017 1049 1047 
610 1047 1049 1026 1050 
611 1048 1047 1050 1027 
612 533 967 1051 990 
613 967 830 1052 1051 
614 1051 1052 962 1053 
615 988 1064 1062 1063 
616 1064 990 1065 1062 
617 1062 1065 943 1066 
618 1063 1062 1066 991 
619 989 1072 1070 1071 
620 1072 988 1063 1070 
621 1070 1063 991 1073 
622 1071 1070 1073 942 
623 1026 1089 1087 1088 
624 1089 1028 1090 1087 
625 1087 1090 914 1091 
626 1088 1087 1091 1029 
627 1029 1091 1095 1096 
628 1091 914 1097 1095 
629 1095 1097 1085 1098 
630 1096 1095 1098 1083 
631 964 683 1100 1099 
632 1099 1100 959 1101 
633 1053 962 1103 1102 
634 1102 1103 964 1104 
635 991 1066 1105 1106 
636 1066 943 1107 1105 
637 1105 1107 1060 1108 
638 1106 1105 1108 1058 
639 942 1073 1112 1113 
640 1073 991 1106 1112 
641 1112 1106 1058 1114 
642 1113 1112 1114 1059 
643 1119 1121 1078 1122 
644 1120 1119 1122 422 
645 1131 1120 422 1133 
646 1132 1131 1133 1025 
647 1083 1098 1134 1135 
648 1098 1085 1124 1134 
649 1134 1124 1024 1136 
650 1135 1134 1136 1086 
651 1024 1127 1137 1138 
652 1127 1094 1139 1137 
653 1137 1139 1119 1140 
654 1138 1137 1140 1120 
655 1124 1143 1141 1142 
656 1141 1144 1127 1145 
657 1142 1141 1145 1024 
658 914 1147 1146 1097 
659 1147 1082 1148 1146 
660 1146 1148 1092 1125 
661 1097 1146 1125 1085 
662 1085 1151 1149 1150 
663 1151 1125 1152 1149 
664 1149 1152 1123 1143 
665 1150 1149 1143 1124 
666 1013 1157 1156 1093 
667 1157 927 1158 1156 
668 1156 1158 1077 1159 
669 1093 1156 1159 1076 
670 1092 1161 1160 1126 
671 1161 1093 1162 1160 
672 1160 1162 1076 1163 
673 1126 1160 1163 1094 
674 1123 1165 1164 1144 
675 1165 1126 1166 1164 
676 1164 1166 1094 1167 
677 1144 1164 1167 1127 
678 1143 1170 1168 1169 
679 1170 1123 1171 1168 
680 1168 1171 1144 1172 
681 1169 1168 1172 1141 
682 1086 1136 1173 1174 
683 1136 1024 1138 1173 
684 1173 1138 1120 1175 
685 1174 1173 1175 1131 
686 1058 1108 1180 1181 
687 1108 1060 1182 1180 
688 1180 1182 423 1183 
689 1181 1180 1183 1061 
690 1104 964 1185 1184 
691 1184 1185 1099 1186 
692 944 1196 1194 1195 
693 1195 1194 1197 1177 
694 422 1122 1198 1199 
695 1122 1078 1200 1198 
696 1198 1200 1115 1201 
697 1025 1133 1202 1203 
698 1133 422 1199 1202 
699 1202 1199 1116 1204 
700 1203 1202 1204 1128 
701 1205 1207 906 1208 
702 1206 1205 1208 904 
703 1201 1115 1219 1217 
704 1217 1219 1118 1220 
705 1218 1217 1220 1020 
706 1199 1223 1221 1222 
707 1223 1198 1224 1221 
708 1221 1224 1201 1225 
709 1222 1221 1225 1116 
710 1226 905 265 1228 
711 1227 1226 1228 69 
712 1229 1206 904 1231 
713 1230 1229 1231 905 
714 1128 1204 1238 1239 
715 1204 1116 1218 1238 
716 1238 1218 1020 1240 
717 1239 1238 1240 1130 
718 1116 1225 1241 1242 
719 1225 1201 1243 1241 
720 1241 1243 1217 1244 
721 1242 1241 1244 1218 
722 1177 1197 1256 1257 
723 1257 1256 1258 1054 
724 1020 1220 1259 1260 
725 1260 1259 1262 1214 
726 1268 1074 1269 1267 
727 1220 1273 1271 1272 
728 1273 1118 1274 1271 
729 1271 1274 1261 1275 
730 1272 1271 1275 1259 
731 961 531 1277 1276 
732 1276 1277 956 1278 
733 1207 1276 1278 906 
734 1101 959 1280 1279 
735 1279 1280 961 1281 
736 1186 1099 1283 1282 
737 1282 1283 1101 1284 
738 1054 1258 1291 1292 
739 1292 1291 1293 1249 
740 1214 1262 1298 1299 
741 1299 1298 1301 910 
742 1259 1275 1302 1303 
743 1275 1261 1304 1302 
744 1303 1302 1305 1262 
745 1261 1310 1309 1304 
746 1310 1267 1311 1309 
747 1309 1311 1270 1312 
748 1262 1305 1313 1314 
749 1314 1313 1316 1298 
750 1302 1319 1317 1318 
751 1319 1304 1320 1317 
752 1318 1317 1321 1305 
753 1312 1270 1323 1322 
754 1322 1323 1306 1324 
755 1304 1326 1325 1320 
756 1326 1309 1327 1325 
757 1325 1327 1312 1328 
758 1320 1325 1328 1213 
759 1305 1321 1329 1330 
760 1321 1213 1331 1329 
761 1329 1331 1315 1332 
762 1330 1329 1332 1313 
763 1317 1335 1333 1334 
764 1335 1320 1336 1333 
765 1333 1336 1213 1337 
766 1334 1333 1337 1321 
767 910 1301 1352 1353 
768 1353 1352 1354 1295 
769 1298 1316 1355 1356 
770 1356 1355 1357 1301 
771 1300 1360 1358 1359 
772 1360 1324 1361 1358 
773 1358 1361 1345 1362 
774 1359 1358 1362 1346 
775 1075 1372 1371 1343 
776 1372 1266 1373 1371 
777 1371 1373 1338 1374 
778 1343 1371 1374 1296 
779 1308 1376 1375 1369 
780 1376 1075 1377 1375 
781 1375 1377 1343 1378 
782 1369 1375 1378 1341 
783 1348 1381 1379 1380 
784 1381 1308 1382 1379 
785 1379 1382 1369 1383 
786 1301 1357 1384 1385 
787 1385 1384 1386 1352 
788 1216 1389 1387 1388 
789 1389 1348 1380 1387 
790 1387 1380 1367 1390 
791 1388 1387 1390 1368 
792 424 1212 1391 1392 
793 1212 926 1393 1391 
794 1391 1393 1205 1394 
795 1392 1391 1394 1206 
796 1210 1297 1395 1396 
797 1297 1209 1397 1395 
798 1395 1397 1212 1398 
799 1396 1395 1398 424 
800 1294 1344 1399 1400 
801 1344 1296 1401 1399 
802 1399 1401 1209 1402 
803 1400 1399 1402 1297 
804 1342 1370 1403 1404 
805 1370 1341 1405 1403 
806 1403 1405 1344 1406 
807 1404 1403 1406 1294 
808 1367 1383 1407 1408 
809 1383 1369 1409 1407 
810 1407 1409 1341 1410 
811 1408 1407 1410 1370 
812 1380 1413 1411 1412 
813 1413 1379 1414 1411 
814 1411 1414 1383 1415 
815 1412 1411 1415 1367 
816 1284 1101 1417 1416 
817 1416 1417 1279 1418 
818 1057 1428 1426 1427 
819 1427 1426 1429 1364 
820 464 1439 1438 622 
821 1439 466 1440 1438 
822 1438 1440 384 1441 
823 622 1438 1441 467 
824 466 1449 1448 1440 
825 1449 1434 1450 1448 
826 1448 1450 1437 1451 
827 384 1451 1452 1453 
828 1451 1437 1454 1452 
829 1452 1454 1445 1455 
830 1453 1452 1455 530 
831 1440 1458 1456 1457 
832 1458 1448 1459 1456 
833 1456 1459 1451 1460 
834 1457 1456 1460 384 
835 1434 1466 1465 1450 
836 1466 1436 1467 1465 
837 1465 1467 50 1468 
838 1450 1465 1468 1437 
839 1436 1473 1472 1467 
840 1473 1461 1474 1472 
841 1472 1474 1464 1475 
842 1467 1472 1475 50 
843 34 1477 1476 417 
844 1477 376 1478 1476 
845 1476 1478 413 1479 
846 417 1476 1479 61 
847 380 1481 1480 1443 
848 1481 34 1482 1480 
849 1480 1482 417 1483 
850 1443 1480 1483 416 
851 1433 1485 1484 1470 
852 1485 380 1486 1484 
853 1484 1486 1443 1487 
854 1470 1484 1487 1442 
855 1464 1490 1488 1489 
856 1490 1433 1491 1488 
857 1488 1491 1470 1492 
858 1489 1488 1492 1469 
859 1061 1500 1498 1499 
860 1500 1183 1501 1498 
861 423 1503 1502 1189 
862 1503 1104 1504 1502 
863 1502 1504 1184 1505 
864 1189 1502 1505 1178 
865 1187 1507 1506 1496 
866 1507 1189 1508 1506 
867 1506 1508 1178 1509 
868 1496 1506 1509 1190 
869 1512 1187 1513 1510 
870 1510 1513 1496 1514 
871 1511 1510 1514 1493 
872 1194 1517 1515 1516 
873 1517 1188 1494 1515 
874 1515 1494 1176 1518 
875 1516 1515 1518 1197 
876 1188 1521 1519 1520 
877 1521 1495 1511 1519 
878 1519 1511 1493 1522 
879 1520 1519 1522 1494 
880 1183 1524 1523 1501 
881 1524 423 1525 1523 
882 1523 1525 1189 1507 
883 1501 1523 1507 1187 
884 1498 1528 1526 1527 
885 1528 1501 1529 1526 
886 1526 1529 1187 1512 
887 1527 1526 1512 1495 
888 1495 1532 1530 1531 
889 1532 1512 1533 1530 
890 1530 1533 1510 1534 
891 1531 1530 1534 1511 
892 1178 1505 1539 1254 
893 1505 1184 1540 1539 
894 1539 1540 1186 1541 
895 1254 1539 1541 1056 
896 1190 1509 1542 1537 
897 1509 1178 1543 1542 
898 1542 1543 1254 1544 
899 1537 1542 1544 1252 
900 1497 1547 1545 1546 
901 1547 1190 1548 1545 
902 1545 1548 1537 1549 
903 1197 1518 1550 1551 
904 1518 1176 1536 1550 
905 1550 1536 1253 1552 
906 1551 1550 1552 1256 
907 1176 1555 1553 1554 
908 1555 1497 1546 1553 
909 1553 1546 1535 1556 
910 1554 1553 1556 1536 
911 1535 1549 1561 1562 
912 1549 1537 1563 1561 
913 1561 1563 1252 1564 
914 1562 1561 1564 1538 
915 1546 1567 1565 1566 
916 1567 1545 1568 1565 
917 1565 1568 1549 1569 
918 1566 1565 1569 1535 
919 1252 1544 1570 1559 
920 1544 1254 1571 1570 
921 1570 1571 1056 1572 
922 1559 1570 1572 1255 
923 1579 1559 1580 1577 
924 1577 1580 1255 1581 
925 1578 1577 1581 1560 
926 1256 1552 1582 1583 
927 1552 1253 1558 1582 
928 1582 1558 1179 1584 
929 1583 1582 1584 1258 
930 1558 1587 1585 1586 
931 1587 1557 1578 1585 
932 1585 1578 1560 1588 
933 1586 1585 1588 1179 
934 1538 1564 1589 1590 
935 1564 1252 1591 1589 
936 1589 1591 1559 1579 
937 1590 1589 1579 1557 
938 1557 1594 1592 1593 
939 1594 1579 1595 1592 
940 1592 1595 1577 1596 
941 1593 1592 1596 1578 
942 1056 1541 1597 1287 
943 1541 1186 1598 1597 
944 1597 1598 1282 1599 
945 1287 1597 1599 1250 
946 1255 1572 1600 1575 
947 1572 1056 1601 1600 
948 1600 1601 1287 1602 
949 1575 1600 1602 1285 
950 1573 1612 1610 1611 
951 1612 1575 1613 1610 
952 1610 1613 1285 1614 
953 1258 1584 1615 1616 
954 1584 1179 1574 1615 
955 1615 1574 1286 1617 
956 1616 1615 1617 1291 
957 1574 1620 1618 1619 
958 1620 1573 1611 1618 
959 1618 1611 1576 1621 
960 1619 1618 1621 1286 
961 1285 1602 1622 1608 
962 1602 1287 1623 1622 
963 1622 1623 1250 1624 
964 1608 1622 1624 1288 
965 1576 1614 1625 1626 
966 1614 1285 1627 1625 
967 1625 1627 1608 1628 
968 1626 1625 1628 1606 
969 1611 1631 1629 1630 
970 1631 1610 1632 1629 
971 1629 1632 1614 1633 
972 1630 1629 1633 1576 
973 1249 1293 1634 1635 
974 1635 1634 1428 1057 
975 1606 1628 1640 1641 
976 1628 1608 1642 1640 
977 1640 1642 1288 1643 
978 1291 1617 1644 1645 
979 1617 1286 1607 1644 
980 1644 1607 1248 1646 
981 1645 1644 1646 1293 
982 1607 1649 1647 1648 
983 1649 1606 1641 1647 
984 1647 1641 1609 1650 
985 1648 1647 1650 1248 
986 1250 1599 1651 1605 
987 1599 1282 1652 1651 
988 1651 1652 1284 1653 
989 1605 1651 1653 925 
990 1288 1624 1654 1638 
991 1624 1250 1655 1654 
992 1654 1655 1605 1656 
993 1638 1654 1656 1603 
994 1609 1643 1657 1658 
995 1643 1288 1659 1657 
996 1657 1659 1638 1660 
997 1658 1657 1660 1636 
998 1641 1663 1661 1662 
999 1663 1640 1664 1661 
1000 1661 1664 1643 1665 
1001 1662 1661 1665 1609 
1002 1603 1656 1670 1668 
1003 1656 1605 1671 1670 
1004 1670 1671 925 1672 
1005 1668 1670 1672 1421 
1006 1675 1603 1676 1673 
1007 1673 1676 1668 1677 
1008 1674 1673 1677 1666 
1009 1634 1680 1678 1679 
1010 1680 1604 1667 1678 
1011 1678 1667 1251 1681 
1012 1679 1678 1681 1428 
1013 1604 1684 1682 1683 
1014 1684 1639 1674 1682 
1015 1682 1674 1666 1685 
1016 1683 1682 1685 1667 
1017 1636 1660 1686 1687 
1018 1660 1638 1688 1686 
1019 1686 1688 1603 1675 
1020 1687 1686 1675 1639 
1021 1639 1691 1689 1690 
1022 1691 1675 1692 1689 
1023 1689 1692 1673 1693 
1024 1690 1689 1693 1674 
1025 925 1653 1698 1422 
1026 1653 1284 1699 1698 
1027 1698 1699 1416 1700 
1028 1422 1698 1700 1365 
1029 1421 1672 1701 1696 
1030 1672 925 1702 1701 
1031 1701 1702 1422 1703 
1032 1696 1701 1703 1419 
1033 1669 1706 1704 1705 
1034 1706 1421 1707 1704 
1035 1704 1707 1696 1708 
1036 1428 1681 1709 1710 
1037 1681 1251 1695 1709 
1038 1709 1695 1420 1711 
1039 1710 1709 1711 1426 
1040 1251 1714 1712 1713 
1041 1714 1669 1705 1712 
1042 1712 1705 1694 1715 
1043 1713 1712 1715 1695 
1044 926 1247 1716 1393 
1045 1247 264 1717 1716 
1046 1716 1717 1207 1718 
1047 1393 1716 1718 1205 
1048 1245 1366 1719 1720 
1049 1366 1246 1721 1719 
1050 1719 1721 264 1722 
1051 1720 1719 1722 1247 
1052 1723 1725 1246 1726 
1053 1724 1723 1726 1366 
1054 1694 1708 1731 1732 
1055 1708 1696 1733 1731 
1056 1731 1733 1419 1734 
1057 1732 1731 1734 1697 
1058 1705 1737 1735 1736 
1059 1737 1704 1738 1735 
1060 1735 1738 1708 1739 
1061 1736 1735 1739 1694 
1062 1419 1703 1740 1729 
1063 1703 1422 1741 1740 
1064 1740 1741 1365 1742 
1065 1729 1740 1742 1423 
1066 1364 1429 1743 1744 
1067 1743 1724 1366 1745 
1068 1744 1743 1745 1245 
1069 1363 1730 1746 1747 
1070 1730 1423 1748 1746 
1071 1746 1748 1723 1749 
1072 1747 1746 1749 1724 
1073 1752 1729 1753 1750 
1074 1750 1753 1423 1754 
1075 1751 1750 1754 1730 
1076 1426 1711 1755 1756 
1077 1711 1420 1728 1755 
1078 1755 1728 1363 1757 
1079 1756 1755 1757 1429 
1080 1728 1760 1758 1759 
1081 1760 1727 1751 1758 
1082 1758 1751 1730 1761 
1083 1759 1758 1761 1363 
1084 1697 1734 1762 1763 
1085 1734 1419 1764 1762 
1086 1762 1764 1729 1752 
1087 1763 1762 1752 1727 
1088 1727 1767 1765 1766 
1089 1767 1752 1768 1765 
1090 1765 1768 1750 1769 
1091 1766 1765 1769 1751 
1092 60 418 1770 898 
1093 418 61 1771 1770 
1094 1770 1771 44 1772 
1095 898 1770 1772 62 
1096 93 1444 1773 954 
1097 1444 416 1774 1773 
1098 1773 1774 418 1775 
1099 954 1773 1775 60 
1100 1776 1778 1444 1779 
1101 1777 1776 1779 93 
1102 1492 1470 1786 1785 
1103 1785 1786 1442 1787 
1104 1442 1487 1788 1778 
1105 1487 1443 1789 1788 
1106 1788 1789 416 1790 
1107 1778 1788 1790 1444 
1108 1787 1442 1793 1791 
1109 1791 1793 1778 1794 
1110 1792 1791 1794 1776 
1111 1783 1797 1795 1796 
1112 1797 1785 1798 1795 
1113 1795 1798 1787 1799 
1114 1796 1795 1799 1471 
1115 529 1801 1800 960 
1116 1801 530 1802 1800 
1117 1800 1802 419 1803 
1118 960 1800 1803 531 
1119 1804 1777 93 1805 
1120 957 1804 1805 421 
1121 1809 1811 1804 1812 
1122 1810 1809 1812 957 
1123 1802 1815 1813 1814 
1124 1815 1806 1816 1813 
1125 1813 1816 1808 1817 
1126 1814 1813 1817 419 
1127 1821 1822 1777 1823 
1128 1811 1821 1823 1804 
1129 1829 1792 1776 1830 
1130 1822 1829 1830 1777 
1131 1781 1832 1831 1827 
1132 1832 1780 1833 1831 
1133 1831 1833 1784 1834 
1134 1827 1831 1834 420 
1135 1820 1828 1835 1836 
1136 1828 420 1837 1835 
1137 1835 1837 1822 1838 
1138 1836 1835 1838 1821 
1139 1841 1827 1842 1839 
1140 1839 1842 420 1843 
1141 1840 1839 1843 1828 
1142 1807 1846 1844 1845 
1143 1846 1818 1825 1844 
1144 1844 1825 1820 1847 
1145 1845 1844 1847 1447 
1146 1825 1850 1848 1849 
1147 1850 1824 1840 1848 
1148 1848 1840 1828 1851 
1149 1849 1848 1851 1820 
1150 1437 1468 1852 1454 
1151 1468 50 1853 1852 
1152 1852 1853 1446 1819 
1153 1454 1852 1819 1445 
1154 1819 1856 1854 1855 
1155 1856 1446 1857 1854 
1156 1854 1857 1781 1826 
1157 1855 1854 1826 1818 
1158 1826 1860 1858 1859 
1159 1860 1781 1861 1858 
1160 1858 1861 1827 1841 
1161 1859 1858 1841 1824 
1162 1824 1864 1862 1863 
1163 1864 1841 1865 1862 
1164 1862 1865 1839 1866 
1165 1863 1862 1866 1840 
1166 1 1869 1867 1868 
1167 1869 12 121 1867 
1168 1867 121 10 78 
1169 1868 1867 78 11 
1170 16 1871 1870 323 
1171 1871 2 1872 1870 
1172 1870 1872 17 370 
1173 323 1870 370 15 
1174 19 38 1873 1874 
1175 38 21 889 1873 
1176 1873 889 9 1875 
1177 1874 1873 1875 22 
1178 20 106 1876 1877 
1179 106 19 1874 1876 
1180 1876 1874 22 1878 
1181 1877 1876 1878 4 
1182 10 1881 1879 1880 
1183 1881 25 125 1879 
1184 1879 125 23 82 
1185 1880 1879 82 24 
1186 28 412 1882 890 
1187 412 29 1883 1882 
1188 1882 1883 3 1884 
1189 890 1882 1884 30 
1190 32 1886 1885 326 
1191 1886 15 1887 1885 
1192 1885 1887 33 374 
1193 326 1885 374 31 
1194 35 54 1888 1889 
1195 54 37 893 1888 
1196 1888 893 21 1890 
1197 1889 1888 1890 38 
1198 36 109 1891 1892 
1199 109 35 1889 1891 
1200 1891 1889 38 1893 
1201 1892 1891 1893 19 
1202 23 1896 1894 1895 
1203 1896 41 129 1894 
1204 1894 129 39 86 
1205 1895 1894 86 40 
1206 44 415 1897 894 
1207 415 45 1898 1897 
1208 1897 1898 28 1899 
1209 894 1897 1899 46 
1210 48 1901 1900 329 
1211 1901 31 1902 1900 
1212 1900 1902 49 378 
1213 329 1900 378 47 
1214 51 70 1903 1904 
1215 70 53 897 1903 
1216 1903 897 37 1905 
1217 1904 1903 1905 54 
1218 52 112 1906 1907 
1219 112 51 1904 1906 
1220 1906 1904 54 1908 
1221 1907 1906 1908 35 
1222 67 98 1909 1910 
1223 98 69 901 1909 
1224 1909 901 53 1911 
1225 1910 1909 1911 70 
1226 68 115 1912 1913 
1227 115 67 1910 1912 
1228 1912 1910 70 1914 
1229 1913 1912 1914 51 
1230 1915 1227 69 1917 
1231 1916 1915 1917 98 
1232 96 158 1918 1919 
1233 1918 1916 98 1920 
1234 1919 1918 1920 67 
1235 113 170 1921 1922 
1236 170 96 1919 1921 
1237 1921 1919 67 1923 
1238 1922 1921 1923 115 
1239 136 1925 1924 181 
1240 1925 139 255 1924 
1241 1924 255 71 236 
1242 181 1924 236 101 
1243 140 241 1926 166 
1244 241 143 1927 1926 
1245 1926 1927 99 227 
1246 166 1926 227 144 
1247 1928 282 155 1930 
1248 1929 1928 1930 156 
1249 165 246 1931 189 
1250 246 140 1932 1931 
1251 1931 1932 166 1933 
1252 189 1931 1933 163 
1253 163 1933 1934 207 
1254 1933 166 1935 1934 
1255 1934 1935 144 232 
1256 207 1934 232 167 
1257 119 173 1936 1937 
1258 1936 1929 156 1938 
1259 1937 1936 1938 168 
1260 154 177 1939 1940 
1261 1939 202 160 1941 
1262 1940 1939 1941 171 
1263 174 200 1942 1943 
1264 200 164 206 1942 
1265 1942 206 100 1944 
1266 1943 1942 1944 177 
1267 183 1947 1945 1946 
1268 1947 182 243 1945 
1269 1945 243 165 188 
1270 1946 1945 188 141 
1271 194 1950 1948 1949 
1272 1950 183 1946 1948 
1273 1948 1946 141 199 
1274 1949 1948 199 176 
1275 100 208 1951 1952 
1276 208 167 231 1951 
1277 1951 231 201 1953 
1278 1952 1951 1953 202 
1279 99 1955 1954 228 
1280 1955 223 298 1954 
1281 1954 298 222 1956 
1282 228 1954 1956 161 
1283 161 1956 1957 1958 
1284 1956 222 285 1957 
1285 1957 285 225 1959 
1286 1958 1957 1959 103 
1287 143 1961 1960 1927 
1288 1961 235 1962 1960 
1289 1960 1962 223 1955 
1290 1927 1960 1955 99 
1291 237 262 1963 1964 
1292 262 250 1965 1963 
1293 1963 1965 253 290 
1294 1964 1963 290 102 
1295 225 287 1966 1967 
1296 287 75 794 1966 
1297 1966 794 273 1968 
1298 1967 1966 1968 281 
1299 284 303 1969 1970 
1300 303 277 798 1969 
1301 1969 798 75 1971 
1302 1970 1969 1971 287 
1303 297 1974 1972 1973 
1304 1974 289 305 1972 
1305 1972 305 224 302 
1306 1973 1972 302 286 
1307 333 1976 1975 368 
1308 1976 335 1977 1975 
1309 1975 1977 214 390 
1310 368 1975 390 314 
1311 74 1979 1978 346 
1312 1979 340 394 1978 
1313 1978 394 339 1980 
1314 346 1978 1980 319 
1315 339 397 1981 1982 
1316 397 341 406 1981 
1317 1981 406 313 1983 
1318 1982 1981 1983 342 
1319 319 1980 1984 1985 
1320 1980 339 1982 1984 
1321 1984 1982 342 818 
1322 1985 1984 818 220 
1323 267 360 1989 1990 
1324 1990 1989 1991 97 
1325 342 1983 1992 819 
1326 1983 313 1993 1992 
1327 1992 1993 353 402 
1328 819 1992 402 351 
1329 320 1996 1994 1995 
1330 1996 220 817 1994 
1331 1994 817 352 805 
1332 1995 1994 805 355 
1333 5 365 1997 809 
1334 365 354 1998 1997 
1335 1997 1998 357 1999 
1336 809 1997 1999 358 
1337 354 404 2000 1998 
1338 404 316 2001 2000 
1339 2000 2001 359 2002 
1340 1998 2000 2002 357 
1341 362 824 2003 814 
1342 824 361 2004 2003 
1343 2003 2004 365 2005 
1344 814 2003 2005 5 
1345 49 2007 2006 379 
1346 2007 373 2008 2006 
1347 2006 2008 376 1477 
1348 379 2006 1477 34 
1349 47 2010 2009 744 
1350 2010 378 2011 2009 
1351 2009 2011 377 1431 
1352 744 2009 1431 65 
1353 377 2013 2012 1432 
1354 2013 379 2014 2012 
1355 2012 2014 34 1481 
1356 1432 2012 1481 380 
1357 382 2016 2015 747 
1358 2016 65 2017 2015 
1359 2015 2017 383 1435 
1360 314 2019 2018 396 
1361 2019 390 2020 2018 
1362 2018 2020 389 407 
1363 396 2018 407 341 
1364 390 2022 2021 2020 
1365 2022 214 2023 2021 
1366 2021 2023 391 440 
1367 2020 2021 440 389 
1368 313 409 2024 1993 
1369 409 392 2025 2024 
1370 2024 2025 398 429 
1371 1993 2024 429 353 
1372 392 442 2026 2025 
1373 442 315 462 2026 
1374 2026 462 399 447 
1375 2025 2026 447 398 
1376 61 1479 2027 1771 
1377 1479 413 2028 2027 
1378 2027 2028 415 2029 
1379 1771 2027 2029 44 
1380 416 1483 2030 1774 
1381 1483 417 2031 2030 
1382 2030 2031 61 2032 
1383 1774 2030 2032 418 
1384 316 431 2033 2001 
1385 431 400 2034 2033 
1386 2033 2034 425 2035 
1387 2001 2033 2035 359 
1388 400 449 2036 2034 
1389 449 217 505 2036 
1390 2036 505 426 2037 
1391 2034 2036 2037 425 
1392 425 2037 2038 2039 
1393 2037 426 1031 2038 
1394 2038 1031 349 2040 
1395 2039 2038 2040 427 
1396 359 2035 2041 2042 
1397 2035 425 2039 2041 
1398 2041 2039 427 2043 
1399 2042 2041 2043 348 
1400 335 2045 2044 1977 
1401 2045 432 2046 2044 
1402 2044 2046 386 436 
1403 1977 2044 436 214 
1404 214 2048 2047 2023 
1405 2048 436 2049 2047 
1406 2047 2049 435 451 
1407 2023 2047 451 391 
1408 435 2051 2050 452 
1409 2051 437 2052 2050 
1410 2050 2052 385 482 
1411 452 2050 482 438 
1412 465 2054 2053 750 
1413 2054 381 2055 2053 
1414 2053 2055 466 1439 
1415 750 2053 1439 464 
1416 487 2057 2056 524 
1417 2057 497 2058 2056 
1418 2056 2058 489 501 
1419 524 2056 501 443 
1420 443 2060 2059 528 
1421 2060 501 2061 2059 
1422 2059 2061 500 545 
1423 528 2059 545 495 
1424 460 511 2062 2063 
1425 2063 2062 2064 504 
1426 504 2064 2065 2066 
1427 2066 2065 2067 507 
1428 467 1441 2068 682 
1429 1441 384 1453 2068 
1430 2068 1453 530 1801 
1431 682 2068 1801 529 
1432 459 543 2069 2070 
1433 543 491 2071 2069 
1434 2069 2071 538 860 
1435 2070 2069 860 510 
1436 538 2073 2072 861 
1437 2073 539 2074 2072 
1438 2072 2074 475 885 
1439 861 2072 885 540 
1440 437 2076 2075 2052 
1441 2076 561 2077 2075 
1442 2075 2077 469 565 
1443 2052 2075 565 385 
1444 560 606 2082 2083 
1445 606 474 2084 2082 
1446 2082 2084 590 852 
1447 2083 2082 852 602 
1448 539 2086 2085 2074 
1449 2086 602 851 2085 
1450 2085 851 603 2087 
1451 2074 2085 2087 475 
1452 585 610 2088 2089 
1453 610 559 612 2088 
1454 2088 612 594 2090 
1455 2089 2088 2090 604 
1456 629 2092 2091 652 
1457 2092 468 698 2091 
1458 2091 698 630 669 
1459 652 2091 669 628 
1460 631 671 2093 2094 
1461 671 555 723 2093 
1462 2093 723 633 2095 
1463 2094 2093 2095 632 
1464 649 2097 2096 663 
1465 2097 652 2098 2096 
1466 2096 2098 628 673 
1467 663 2096 673 637 
1468 667 717 2099 724 
1469 717 624 773 2099 
1470 2099 773 688 2100 
1471 724 2099 2100 687 
1472 687 2100 2101 2102 
1473 2100 688 844 2101 
1474 2101 844 627 2103 
1475 2102 2101 2103 689 
1476 633 725 2104 2105 
1477 725 687 2102 2104 
1478 2104 2102 689 2106 
1479 2105 2104 2106 471 
1480 690 721 2107 728 
1481 721 692 2108 2107 
1482 2107 2108 667 2109 
1483 728 2107 2109 693 
1484 664 2111 2110 720 
1485 2111 715 769 2110 
1486 2110 769 714 2112 
1487 720 2110 2112 692 
1488 714 771 2113 2114 
1489 771 716 777 2113 
1490 2113 777 624 2115 
1491 2114 2113 2115 717 
1492 692 2112 2116 2108 
1493 2112 714 2114 2116 
1494 2116 2114 717 2117 
1495 2108 2116 2117 667 
1496 713 827 2118 774 
1497 827 626 2119 2118 
1498 2118 2119 736 840 
1499 774 2118 840 735 
1500 645 2121 2120 756 
1501 2121 751 2122 2120 
1502 2120 2122 707 786 
1503 756 2120 786 470 
1504 805 2125 2123 2124 
1505 2125 352 821 2123 
1506 2123 821 362 813 
1507 2124 2123 813 803 
1508 834 869 2126 2127 
1509 869 836 2128 2126 
1510 2126 2128 685 970 
1511 2127 2126 970 837 
1512 835 875 2129 2130 
1513 875 834 2127 2129 
1514 2129 2127 837 978 
1515 2130 2129 978 684 
1516 475 2087 2131 886 
1517 2087 603 880 2131 
1518 2131 880 846 2132 
1519 886 2131 2132 847 
1520 847 2132 2133 2134 
1521 2132 846 921 2133 
1522 2133 921 849 2135 
1523 2134 2133 2135 535 
1524 445 862 2136 2137 
1525 862 540 884 2136 
1526 2136 884 855 2138 
1527 2137 2136 2138 856 
1528 855 887 2139 2140 
1529 887 847 2134 2139 
1530 2139 2134 535 985 
1531 2140 2139 985 857 
1532 856 2138 2141 2142 
1533 2138 855 2140 2141 
1534 2141 2140 857 2143 
1535 2142 2141 2143 506 
1536 689 2103 2144 2145 
1537 2103 627 874 2144 
1538 2144 874 835 2146 
1539 2145 2144 2146 870 
1540 870 2146 2147 2148 
1541 2146 835 2130 2147 
1542 2147 2130 684 2149 
1543 2148 2147 2149 872 
1544 388 2151 2150 881 
1545 2151 592 2152 2150 
1546 2150 2152 876 934 
1547 881 2150 934 848 
1548 349 1032 2153 2154 
1549 2154 2153 2155 909 
1550 909 2155 2156 2157 
1551 2157 2156 2158 263 
1552 535 2135 2162 986 
1553 2135 849 950 2162 
1554 2162 950 916 1009 
1555 986 2162 1009 917 
1556 536 936 2164 951 
1557 936 878 2165 2164 
1558 2164 2165 930 2166 
1559 951 2164 2166 918 
1560 918 2166 2167 1005 
1561 2166 930 2168 2167 
1562 2167 2168 932 2169 
1563 1005 2167 2169 455 
1564 531 1803 2170 1277 
1565 1803 419 1810 2170 
1566 2170 1810 957 2171 
1567 1277 2170 2171 956 
1568 872 2149 2172 2173 
1569 2149 684 977 2172 
1570 2172 977 946 2174 
1571 2173 2172 2174 973 
1572 973 2174 2175 2176 
1573 2174 946 997 2175 
1574 2175 997 686 2177 
1575 2176 2175 2177 975 
1576 506 2143 2178 2179 
1577 2143 857 984 2178 
1578 2178 984 980 2180 
1579 2179 2178 2180 981 
1580 980 987 2181 2182 
1581 987 917 1008 2181 
1582 2181 1008 537 2183 
1583 2182 2181 2183 982 
1584 981 2180 2184 2185 
1585 2180 980 2182 2184 
1586 2184 2182 982 2186 
1587 2185 2184 2186 454 
1588 686 998 2187 2188 
1589 998 948 2189 2187 
1590 2187 2189 988 1072 
1591 2188 2187 1072 989 
1592 948 995 2190 2189 
1593 995 533 2191 2190 
1594 2190 2191 990 1064 
1595 2189 2190 1064 988 
1596 455 2169 2192 1016 
1597 2169 932 2193 2192 
1598 1011 2195 2194 1081 
1599 2195 1012 2196 2194 
1600 2194 2196 927 1157 
1601 1081 2194 1157 1013 
1602 912 1046 2203 2204 
1603 1046 1002 1084 2203 
1604 2203 1084 1022 2205 
1605 2204 2203 2205 1023 
1606 1023 2205 2206 2207 
1607 2205 1022 1132 2206 
1608 2206 1132 1025 2208 
1609 2207 2206 2208 915 
1610 1017 2210 2209 1049 
1611 2210 1001 2211 2209 
1612 2209 2211 1028 1089 
1613 1049 2209 1089 1026 
1614 1027 1050 2212 2213 
1615 1050 1026 1088 2212 
1616 2212 1088 1029 2214 
1617 2213 2212 2214 1002 
1618 507 2067 2215 2216 
1619 2216 2215 2217 1030 
1620 1030 2217 2218 2219 
1621 2219 2218 2220 1032 
1622 982 2183 2221 2222 
1623 2183 537 1037 2221 
1624 2221 1037 1000 2223 
1625 2222 2221 2223 1033 
1626 1033 2223 2224 2225 
1627 2223 1000 1045 2224 
1628 2224 1045 912 2226 
1629 2225 2224 2226 1035 
1630 1059 1114 2227 2228 
1631 1114 1058 1181 2227 
1632 2227 1181 1061 1196 
1633 2228 2227 1196 944 
1634 975 2177 2229 2230 
1635 2177 686 2188 2229 
1636 2229 2188 989 2231 
1637 2230 2229 2231 1067 
1638 1067 2231 2232 2233 
1639 2231 989 1071 2232 
1640 2232 1071 942 2234 
1641 2233 2232 2234 1069 
1642 1076 1159 2236 1121 
1643 1159 1077 2237 2236 
1644 2236 2237 929 2238 
1645 1121 2236 2238 1078 
1646 1028 2240 2239 1090 
1647 2240 1079 2241 2239 
1648 2239 2241 1082 1147 
1649 1090 2239 1147 914 
1650 1002 2214 2242 2243 
1651 2214 1029 1096 2242 
1652 2242 1096 1083 2244 
1653 2243 2242 2244 1084 
1654 1084 2244 2245 2246 
1655 2244 1083 1135 2245 
1656 2245 1135 1086 2247 
1657 2246 2245 2247 1022 
1658 1082 2249 2248 1148 
1659 2249 1013 2250 2248 
1660 2248 2250 1093 1161 
1661 1148 2248 1161 1092 
1662 1060 2252 2251 1182 
1663 2252 1102 2253 2251 
1664 2251 2253 1104 1503 
1665 1182 2251 1503 423 
1666 1069 2234 2254 2255 
1667 2234 942 1113 2254 
1668 2254 1113 1059 2256 
1669 2255 2254 2256 1109 
1670 1109 2256 2257 2258 
1671 2256 1059 2228 2257 
1672 2257 2228 944 2259 
1673 2258 2257 2259 1111 
1674 1078 2238 2260 1200 
1675 2238 929 2261 2260 
1676 2260 2261 1117 2262 
1677 1200 2260 2262 1115 
1678 1115 2262 2263 1219 
1679 2262 1117 2264 2263 
1680 2263 2264 1074 1268 
1681 1219 2263 1268 1118 
1682 1094 1163 2265 1139 
1683 1163 1076 2266 2265 
1684 2265 2266 1121 2267 
1685 1139 2265 2267 1119 
1686 1125 2269 2268 1152 
1687 2269 1092 2270 2268 
1688 2268 2270 1126 1165 
1689 1152 2268 1165 1123 
1690 915 2208 2271 2272 
1691 2208 1025 1203 2271 
1692 2271 1203 1128 2273 
1693 2272 2271 2273 1129 
1694 1129 2273 2274 2275 
1695 2273 1128 1239 2274 
1696 2274 1239 1130 2276 
1697 2275 2274 2276 1018 
1698 1022 2247 2277 2278 
1699 2247 1086 1174 2277 
1700 2277 1174 1131 2279 
1701 2278 2277 2279 1132 
1702 1111 2259 2280 2281 
1703 2259 944 1195 2280 
1704 2280 1195 1177 2282 
1705 2281 2280 2282 1191 
1706 1191 2282 2283 2284 
1707 2282 1177 1257 2283 
1708 2283 1257 1054 2285 
1709 2284 2283 2285 1193 
1710 1196 2288 2286 2287 
1711 2288 1061 1499 2286 
1712 2286 1499 1188 1517 
1713 2287 2286 1517 1194 
1714 1209 1340 2289 1397 
1715 1340 1211 2290 2289 
1716 2289 2290 926 2291 
1717 1397 2289 2291 1212 
1718 2292 1230 905 2294 
1719 2293 2292 2294 1226 
1720 911 1234 2295 2296 
1721 1234 424 1392 2295 
1722 2295 1392 1206 2297 
1723 2296 2295 2297 1229 
1724 1232 1351 2301 2302 
1725 1351 1210 1396 2301 
1726 2301 1396 424 2303 
1727 2302 2301 2303 1234 
1728 1233 2300 2304 2305 
1729 2300 1232 2302 2304 
1730 2304 2302 1234 2306 
1731 2305 2304 2306 911 
1732 1130 1240 2307 2308 
1733 1240 1020 1260 2307 
1734 2307 1260 1214 2309 
1735 2308 2307 2309 1235 
1736 1235 2309 2310 2311 
1737 2309 1214 1299 2310 
1738 2310 1299 910 2312 
1739 2311 2310 2312 1237 
1740 1211 1425 2313 2290 
1741 1425 1245 1720 2313 
1742 2313 1720 1247 2314 
1743 2290 2313 2314 926 
1744 1215 2316 2315 1307 
1745 2316 1263 2317 2315 
1746 2315 2317 1266 1372 
1747 1307 2315 1372 1075 
1748 1118 2319 2318 1274 
1749 2319 1268 2320 2318 
1750 2318 2320 1267 1310 
1751 1274 2318 1310 1261 
1752 264 1281 2321 1717 
1753 1281 961 2322 2321 
1754 2321 2322 1276 2323 
1755 1717 2321 2323 1207 
1756 1246 1418 2324 1721 
1757 1418 1279 2325 2324 
1758 2324 2325 1281 2326 
1759 1721 2324 2326 264 
1760 1193 2285 2327 2328 
1761 2285 1054 1292 2327 
1762 2327 1292 1249 2329 
1763 2328 2327 2329 1289 
1764 1289 2329 2330 2331 
1765 2329 1249 1635 2330 
1766 2330 1635 1057 2332 
1767 2331 2330 2332 1290 
1768 1295 1354 2333 2334 
1769 1354 1294 1400 2333 
1770 2333 1400 1297 2335 
1771 2334 2333 2335 1210 
1772 1306 2337 2336 1347 
1773 2337 1307 2338 2336 
1774 2336 2338 1075 1376 
1775 1347 2336 1376 1308 
1776 1213 1328 2339 1331 
1777 1328 1312 2340 2339 
1778 2339 2340 1322 2341 
1779 1331 2339 2341 1315 
1780 1315 2341 2342 2343 
1781 2341 1322 2344 2342 
1782 2342 2344 1324 1360 
1783 2343 2342 1360 1300 
1784 1296 1374 2345 1401 
1785 1374 1338 2346 2345 
1786 2345 2346 1340 2347 
1787 1401 2345 2347 1209 
1788 1341 1378 2348 1405 
1789 1378 1343 2349 2348 
1790 2348 2349 1296 2350 
1791 1405 2348 2350 1344 
1792 1346 1362 2351 2352 
1793 1362 1345 2353 2351 
1794 2351 2353 1348 1389 
1795 2352 2351 1389 1216 
1796 1237 2312 2354 2355 
1797 2312 910 1353 2354 
1798 2354 1353 1295 2356 
1799 2355 2354 2356 1349 
1800 1349 2356 2357 2358 
1801 2356 1295 2334 2357 
1802 2357 2334 1210 2359 
1803 2358 2357 2359 1351 
1804 1352 1386 2360 2361 
1805 1386 1342 1404 2360 
1806 2360 1404 1294 2362 
1807 2361 2360 2362 1354 
1808 1368 1390 2363 2364 
1809 1390 1367 1408 2363 
1810 2363 1408 1370 2365 
1811 2364 2363 2365 1342 
1812 1365 1700 2366 1725 
1813 1700 1416 2367 2366 
1814 2366 2367 1418 2368 
1815 1725 2366 2368 1246 
1816 1290 2332 2369 2370 
1817 2332 1057 1427 2369 
1818 2369 1427 1364 2371 
1819 2370 2369 2371 1424 
1820 1424 2371 2372 2373 
1821 2371 1364 1744 2372 
1822 2372 1744 1245 2374 
1823 2373 2372 2374 1425 
1824 65 2376 2375 2017 
1825 2376 1431 2377 2375 
1826 2375 2377 1430 1462 
1827 2017 2375 1462 383 
1828 1430 2379 2378 1463 
1829 2379 1432 2380 2378 
1830 2378 2380 380 1485 
1831 1463 2378 1485 1433 
1832 381 2382 2381 2055 
1833 2382 1435 2383 2381 
1834 2381 2383 1434 1449 
1835 2055 2381 1449 466 
1836 1435 2385 2384 2383 
1837 2385 383 2386 2384 
1838 2384 2386 1436 1466 
1839 2383 2384 1466 1434 
1840 383 2388 2387 2386 
1841 2388 1462 2389 2387 
1842 2387 2389 1461 1473 
1843 2386 2387 1473 1436 
1844 1461 2391 2390 1474 
1845 2391 1463 2392 2390 
1846 2390 2392 1433 1490 
1847 1474 2390 1490 1464 
1848 50 1475 2393 1853 
1849 1475 1464 1489 2393 
1850 2393 1489 1469 1782 
1851 1853 2393 1782 1446 
1852 1493 1514 2394 2395 
1853 1514 1496 2396 2394 
1854 2394 2396 1190 1547 
1855 2395 2394 1547 1497 
1856 1494 1522 2397 2398 
1857 1522 1493 2395 2397 
1858 2397 2395 1497 1555 
1859 2398 2397 1555 1176 
1860 1499 2401 2399 2400 
1861 2401 1498 1527 2399 
1862 2399 1527 1495 1521 
1863 2400 2399 1521 1188 
1864 1536 1556 2402 2403 
1865 1556 1535 1562 2402 
1866 2402 1562 1538 2404 
1867 2403 2402 2404 1253 
1868 1253 2404 2405 2406 
1869 2404 1538 1590 2405 
1870 2405 1590 1557 1587 
1871 2406 2405 1587 1558 
1872 1179 1588 2407 2408 
1873 1588 1560 2409 2407 
1874 2407 2409 1573 1620 
1875 2408 2407 1620 1574 
1876 1560 1581 2410 2409 
1877 1581 1255 2411 2410 
1878 2410 2411 1575 1612 
1879 2409 2410 1612 1573 
1880 1286 1621 2412 2413 
1881 1621 1576 1626 2412 
1882 2412 1626 1606 1649 
1883 2413 2412 1649 1607 
1884 1293 1646 2414 2415 
1885 1646 1248 1637 2414 
1886 2414 1637 1604 1680 
1887 2415 2414 1680 1634 
1888 1248 1650 2416 2417 
1889 1650 1609 1658 2416 
1890 2416 1658 1636 2418 
1891 2417 2416 2418 1637 
1892 1637 2418 2419 2420 
1893 2418 1636 1687 2419 
1894 2419 1687 1639 1684 
1895 2420 2419 1684 1604 
1896 1666 1677 2421 2422 
1897 1677 1668 2423 2421 
1898 2421 2423 1421 1706 
1899 2422 2421 1706 1669 
1900 1667 1685 2424 2425 
1901 1685 1666 2422 2424 
1902 2424 2422 1669 1714 
1903 2425 2424 1714 1251 
1904 1695 1715 2426 2427 
1905 1715 1694 1732 2426 
1906 2426 1732 1697 2428 
1907 2427 2426 2428 1420 
1908 1423 1742 2429 1748 
1909 1742 1365 2430 2429 
1910 2429 2430 1725 2431 
1911 1748 2429 2431 1723 
1912 1420 2428 2432 2433 
1913 2428 1697 1763 2432 
1914 2432 1763 1727 1760 
1915 2433 2432 1760 1728 
1916 1429 1757 2434 2435 
1917 1757 1363 1747 2434 
1918 2434 1747 1724 2436 
1919 2435 2434 2436 1743 
1920 1446 2438 2437 1857 
1921 2438 1782 2439 2437 
1922 2437 2439 1780 1832 
1923 1857 2437 1832 1781 
1924 1780 2441 2440 1833 
1925 2441 1783 1796 2440 
1926 2440 1796 1471 2442 
1927 1833 2440 2442 1784 
1928 1806 2444 2443 1816 
1929 2444 1807 1845 2443 
1930 2443 1845 1447 2445 
1931 1816 2443 2445 1808 
1932 1445 2448 2446 2447 
1933 2448 1819 1855 2446 
1934 2446 1855 1818 1846 
1935 2447 2446 1846 1807 
1936 1447 1847 2449 2450 
1937 1847 1820 1836 2449 
1938 2449 1836 1821 2451 
1939 2450 2449 2451 1811 
1940 1818 2454 2452 2453 
1941 2454 1826 1859 2452 
1942 2452 1859 1824 1850 
1943 2453 2452 1850 1825 
1944 420 1834 2455 1837 
1945 1834 1784 2456 2455 
1946 2455 2456 1829 2457 
1947 1837 2455 2457 1822 
1948 1784 2442 2458 2456 
1949 2442 1471 2459 2458 
1950 2458 2459 1792 2460 
1951 2456 2458 2460 1829 
1952 159 229 2461 2462 
1953 229 161 1958 2461 
1954 2461 1958 103 2463 
1955 2462 2461 2463 162 
1956 160 204 2464 2465 
1957 204 159 2462 2464 
1958 2464 2462 162 2466 
1959 2465 2464 2466 59 
1960 171 1941 2467 2468 
1961 1941 160 2465 2467 
1962 2467 2465 59 2469 
1963 2468 2467 2469 173 
1964 101 2471 2470 240 
1965 2471 236 2472 2470 
1966 2470 2472 235 1961 
1967 240 2470 1961 143 
1968 236 2474 2473 2472 
1969 2474 71 259 2473 
1970 2473 259 237 2475 
1971 2472 2473 2475 235 
1972 235 2475 2476 1962 
1973 2475 237 1964 2476 
1974 2476 1964 102 299 
1975 1962 2476 299 223 
1976 266 802 2477 2478 
1977 802 267 1990 2477 
1978 2477 1990 97 2479 
1979 2478 2477 2479 268 
1980 157 275 2480 2481 
1981 275 266 2478 2480 
1982 2480 2478 268 2482 
1983 2481 2480 2482 95 
1984 103 1959 2483 2484 
1985 1959 225 1967 2483 
1986 2483 1967 281 2485 
1987 2484 2483 2485 282 
1988 317 347 2486 2487 
1989 347 319 1985 2486 
1990 2486 1985 220 1996 
1991 2487 2486 1996 320 
1992 357 2002 2488 2489 
1993 2002 359 2042 2488 
1994 2488 2042 348 2490 
1995 2489 2488 2490 360 
1996 358 1999 2491 2492 
1997 1999 357 2489 2491 
1998 2491 2489 360 2493 
1999 2492 2491 2493 267 
2000 31 2495 2494 1902 
2001 2495 374 2496 2494 
2002 2494 2496 373 2007 
2003 1902 2494 2007 49 
2004 378 2498 2497 2011 
2005 2498 49 2499 2497 
2006 2497 2499 379 2013 
2007 2011 2497 2013 377 
2008 432 2501 2500 2046 
2009 2501 434 2502 2500 
2010 2500 2502 216 562 
2011 2046 2500 562 386 
2012 436 2504 2503 2049 
2013 2504 386 2505 2503 
2014 2503 2505 437 2051 
2015 2049 2503 2051 435 
2016 480 515 2506 2507 
2017 515 459 2070 2506 
2018 2506 2070 510 2508 
2019 2507 2506 2508 508 
2020 508 2508 2509 2510 
2021 2508 510 859 2509 
2022 2509 859 445 2511 
2023 2510 2509 2511 511 
2024 491 2513 2512 2071 
2025 2513 472 2514 2512 
2026 2512 2514 539 2073 
2027 2071 2512 2073 538 
2028 386 2516 2515 2505 
2029 2516 562 2517 2515 
2030 2515 2517 561 2076 
2031 2505 2515 2076 437 
2032 561 2519 2518 2077 
2033 2519 563 2520 2518 
2034 2518 2520 387 644 
2035 2077 2518 644 469 
2036 474 596 2521 2084 
2037 596 570 2522 2521 
2038 2521 2522 589 2523 
2039 2084 2521 2523 590 
2040 570 642 2524 2522 
2041 642 553 2525 2524 
2042 2524 2525 591 2526 
2043 2522 2524 2526 589 
2044 590 2523 2527 853 
2045 2523 589 2528 2527 
2046 2527 2528 592 2151 
2047 853 2527 2151 388 
2048 472 2530 2529 2514 
2049 2530 560 2083 2529 
2050 2529 2083 602 2086 
2051 2514 2529 2086 539 
2052 553 639 2531 2525 
2053 639 631 2094 2531 
2054 2531 2094 632 2532 
2055 2525 2531 2532 591 
2056 632 2095 2533 2534 
2057 2095 633 2105 2533 
2058 2533 2105 471 2535 
2059 2534 2533 2535 634 
2060 591 2532 2536 2537 
2061 2532 632 2534 2536 
2062 2536 2534 634 2538 
2063 2537 2536 2538 556 
2064 434 2540 2539 2502 
2065 2540 745 2541 2539 
2066 2539 2541 465 749 
2067 2502 2539 749 216 
2068 563 2543 2542 2520 
2069 2543 748 2544 2542 
2070 2542 2544 621 752 
2071 2520 2542 752 387 
2072 801 810 2545 2546 
2073 810 358 2492 2545 
2074 2545 2492 267 2547 
2075 2546 2545 2547 802 
2076 471 2106 2548 2549 
2077 2106 689 2145 2548 
2078 2548 2145 870 2550 
2079 2549 2548 2550 871 
2080 871 2550 2551 2552 
2081 2550 870 2148 2551 
2082 2551 2148 872 2553 
2083 2552 2551 2553 587 
2084 587 2553 2554 2555 
2085 2553 872 2173 2554 
2086 2554 2173 973 2556 
2087 2555 2554 2556 974 
2088 974 2556 2557 2558 
2089 2556 973 2176 2557 
2090 2557 2176 975 2559 
2091 2558 2557 2559 532 
2092 932 2561 2560 2193 
2093 2561 588 2562 2560 
2094 2560 2562 1012 2195 
2095 2193 2560 2195 1011 
2096 1014 2564 2563 1042 
2097 2564 1016 2565 2563 
2098 2563 2565 1001 2210 
2099 1042 2563 2210 1017 
2100 454 2186 2566 2567 
2101 2186 982 2222 2566 
2102 2566 2222 1033 2568 
2103 2567 2566 2568 1034 
2104 1034 2568 2569 2570 
2105 2568 1033 2225 2569 
2106 2569 2225 1035 2571 
2107 2570 2569 2571 913 
2108 532 2559 2572 2573 
2109 2559 975 2230 2572 
2110 2572 2230 1067 2574 
2111 2573 2572 2574 1068 
2112 1068 2574 2575 2576 
2113 2574 1067 2233 2575 
2114 2575 2233 1069 2577 
2115 2576 2575 2577 928 
2116 1001 2579 2578 2211 
2117 2579 1080 2580 2578 
2118 2578 2580 1079 2240 
2119 2211 2578 2240 1028 
2120 1079 2582 2581 2241 
2121 2582 1081 2583 2581 
2122 2581 2583 1013 2249 
2123 2241 2581 2249 1082 
2124 943 2585 2584 1107 
2125 2585 1053 2586 2584 
2126 2584 2586 1102 2252 
2127 1107 2584 2252 1060 
2128 928 2577 2587 2588 
2129 2577 1069 2255 2587 
2130 2587 2255 1109 2589 
2131 2588 2587 2589 1110 
2132 1110 2589 2590 2591 
2133 2589 1109 2258 2590 
2134 2590 2258 1111 2592 
2135 2591 2590 2592 534 
2136 534 2592 2593 2594 
2137 2592 1111 2281 2593 
2138 2593 2281 1191 2595 
2139 2594 2593 2595 1192 
2140 1192 2595 2596 2597 
2141 2595 1191 2284 2596 
2142 2596 2284 1193 2598 
2143 2597 2596 2598 1055 
2144 97 1991 2599 2600 
2145 2599 2293 1226 2601 
2146 2600 2599 2601 1227 
2147 263 2158 2602 2603 
2148 2158 911 2296 2602 
2149 2602 2296 1229 2604 
2150 2603 2602 2604 1230 
2151 1018 2276 2605 2606 
2152 2276 1130 2308 2605 
2153 2605 2308 1235 2607 
2154 2606 2605 2607 1236 
2155 1236 2607 2608 2609 
2156 2607 1235 2311 2608 
2157 2608 2311 1237 2610 
2158 2609 2608 2610 1021 
2159 1074 2612 2611 1269 
2160 2612 1264 2613 2611 
2161 2611 2613 1263 2316 
2162 1269 2611 2316 1215 
2163 1055 2598 2614 2615 
2164 2598 1193 2328 2614 
2165 2614 2328 1289 2616 
2166 2615 2614 2616 1265 
2167 1265 2616 2617 2618 
2168 2616 1289 2331 2617 
2169 2617 2331 1290 2619 
2170 2618 2617 2619 924 
2171 1270 2621 2620 1323 
2172 2621 1215 2622 2620 
2173 2620 2622 1307 2337 
2174 1323 2620 2337 1306 
2175 1313 1332 2623 2624 
2176 1332 1315 2343 2623 
2177 2623 2343 1300 2625 
2178 2624 2623 2625 1316 
2179 1345 2627 2626 2353 
2180 2627 1347 2628 2626 
2181 2626 2628 1308 1381 
2182 2353 2626 1381 1348 
2183 1021 2610 2629 2630 
2184 2610 1237 2355 2629 
2185 2629 2355 1349 2631 
2186 2630 2629 2631 1350 
2187 1350 2631 2632 2633 
2188 2631 1349 2358 2632 
2189 2632 2358 1351 2634 
2190 2633 2632 2634 1232 
2191 1316 2625 2635 2636 
2192 2625 1300 1359 2635 
2193 2635 1359 1346 2637 
2194 2636 2635 2637 1355 
2195 1355 2637 2638 2639 
2196 2637 1346 2352 2638 
2197 2638 2352 1216 2640 
2198 2639 2638 2640 1357 
2199 1357 2640 2641 2642 
2200 2640 1216 1388 2641 
2201 2641 1388 1368 2643 
2202 2642 2641 2643 1384 
2203 1384 2643 2644 2645 
2204 2643 1368 2364 2644 
2205 2644 2364 1342 2646 
2206 2645 2644 2646 1386 
2207 924 2619 2647 2648 
2208 2619 1290 2370 2647 
2209 2647 2370 1424 2649 
2210 2648 2647 2649 1339 
2211 1339 2649 2650 2651 
2212 2649 1424 2373 2650 
2213 2650 2373 1425 2652 
2214 2651 2650 2652 1211 
2215 1431 2654 2653 2377 
2216 2654 377 2655 2653 
2217 2653 2655 1432 2379 
2218 2377 2653 2379 1430 
2219 1462 2657 2656 2389 
2220 2657 1430 2658 2656 
2221 2656 2658 1463 2391 
2222 2389 2656 2391 1461 
2223 1782 2660 2659 2439 
2224 2660 1469 2661 2659 
2225 2659 2661 1783 2441 
2226 2439 2659 2441 1780 
2227 1469 2663 2662 2661 
2228 2663 1492 2664 2662 
2229 2662 2664 1785 1797 
2230 2661 2662 1797 1783 
2231 1471 1799 2665 2459 
2232 1799 1787 2666 2665 
2233 2665 2666 1791 2667 
2234 2459 2665 2667 1792 
2235 1455 2670 2668 2669 
2236 2670 1445 2447 2668 
2237 2668 2447 1807 2444 
2238 2669 2668 2444 1806 
2239 1808 2445 2671 2672 
2240 2445 1447 2450 2671 
2241 2671 2450 1811 2673 
2242 2672 2671 2673 1809 
2243 268 2479 2674 2675 
2244 2479 97 2600 2674 
2245 2674 2600 1227 2676 
2246 2675 2674 2676 1915 
2247 162 2463 2677 2678 
2248 2463 103 2484 2677 
2249 2677 2484 282 2679 
2250 2678 2677 2679 1928 
2251 177 1944 2680 2681 
2252 1944 100 1952 2680 
2253 2680 1952 202 2682 
2254 2681 2680 2682 1939 
2255 427 2040 2683 2684 
2256 2040 349 2154 2683 
2257 2683 2154 909 2685 
2258 2684 2683 2685 1986 
2259 1986 2685 2686 2687 
2260 2685 909 2157 2686 
2261 2686 2157 263 2688 
2262 2687 2686 2688 1988 
2263 511 2511 2689 2690 
2264 2511 445 2137 2689 
2265 2689 2137 856 2691 
2266 2690 2689 2691 2062 
2267 2062 2691 2692 2693 
2268 2691 856 2142 2692 
2269 2692 2142 506 2694 
2270 2693 2692 2694 2064 
2271 2064 2694 2695 2696 
2272 2694 506 2179 2695 
2273 2695 2179 981 2697 
2274 2696 2695 2697 2065 
2275 2065 2697 2698 2699 
2276 2697 981 2185 2698 
2277 2698 2185 454 2700 
2278 2699 2698 2700 2067 
2279 634 2535 2701 2702 
2280 2535 471 2549 2701 
2281 2701 2549 871 2703 
2282 2702 2701 2703 2078 
2283 2078 2703 2704 2705 
2284 2703 871 2552 2704 
2285 2704 2552 587 2706 
2286 2705 2704 2706 2079 
2287 2079 2706 2707 2708 
2288 2706 587 2555 2707 
2289 2707 2555 974 2709 
2290 2708 2707 2709 2080 
2291 2080 2709 2710 2711 
2292 2709 974 2558 2710 
2293 2710 2558 532 2712 
2294 2711 2710 2712 2081 
2295 1032 2220 2713 2714 
2296 2714 2713 2715 2153 
2297 2153 2715 2716 2717 
2298 2717 2716 2718 2155 
2299 2155 2718 2719 2720 
2300 2720 2719 2721 2156 
2301 2156 2721 2722 2723 
2302 2721 1233 2305 2722 
2303 2722 2305 911 2724 
2304 2723 2722 2724 2158 
2305 1035 2226 2725 2726 
2306 2226 912 2204 2725 
2307 2725 2204 1023 2727 
2308 2726 2725 2727 2159 
2309 2159 2727 2728 2729 
2310 2727 1023 2207 2728 
2311 2728 2207 915 2730 
2312 2729 2728 2730 2161 
2313 2081 2712 2731 2732 
2314 2712 532 2573 2731 
2315 2731 2573 1068 2733 
2316 2732 2731 2733 2163 
2317 2163 2733 2734 2735 
2318 2733 1068 2576 2734 
2319 2734 2576 928 2736 
2320 2735 2734 2736 1154 
2321 1012 2738 2737 2196 
2322 2738 2163 2735 2737 
2323 2737 2735 1154 2739 
2324 2196 2737 2739 927 
2325 1016 2741 2740 2565 
2326 2741 2192 2742 2740 
2327 2740 2742 1080 2579 
2328 2565 2740 2579 1001 
2329 2161 2730 2743 2744 
2330 2730 915 2272 2743 
2331 2743 2272 1129 2745 
2332 2744 2743 2745 2197 
2333 2197 2745 2746 2747 
2334 2745 1129 2275 2746 
2335 2746 2275 1018 2748 
2336 2747 2746 2748 2199 
2337 2199 2748 2749 2750 
2338 2748 1018 2606 2749 
2339 2749 2606 1236 2751 
2340 2750 2749 2751 2200 
2341 2200 2751 2752 2753 
2342 2751 1236 2609 2752 
2343 2752 2609 1021 2754 
2344 2753 2752 2754 2202 
2345 2067 2700 2755 2756 
2346 2700 454 2567 2755 
2347 2755 2567 1034 2757 
2348 2756 2755 2757 2215 
2349 2215 2757 2758 2759 
2350 2757 1034 2570 2758 
2351 2758 2570 913 2760 
2352 2759 2758 2760 2217 
2353 1117 2762 2761 2264 
2354 2762 2235 2763 2761 
2355 2761 2763 1264 2612 
2356 2264 2761 2612 1074 
2357 1988 2688 2764 2765 
2358 2688 263 2603 2764 
2359 2764 2603 1230 2766 
2360 2765 2764 2766 2292 
2361 2202 2754 2767 2768 
2362 2754 1021 2630 2767 
2363 2767 2630 1350 2769 
2364 2768 2767 2769 2298 
2365 2298 2769 2770 2771 
2366 2769 1350 2633 2770 
2367 2770 2633 1232 2772 
2368 2771 2770 2772 2300 
2369 155 283 2773 2774 
2370 283 157 2481 2773 
2371 2773 2481 95 2775 
2372 2774 2773 2775 158 
2373 156 1930 2776 2777 
2374 1930 155 2774 2776 
2375 2776 2774 158 2778 
2376 2777 2776 2778 96 
2377 168 1938 2779 2780 
2378 1938 156 2777 2779 
2379 2779 2777 96 2781 
2380 2780 2779 2781 170 
2381 488 2783 2782 542 
2382 2783 490 2784 2782 
2383 2782 2784 472 2513 
2384 542 2782 2513 491 
2385 490 2786 2785 2784 
2386 2786 557 605 2785 
2387 2785 605 560 2530 
2388 2784 2785 2530 472 
2389 562 2788 2787 2517 
2390 2788 216 2789 2787 
2391 2787 2789 563 2519 
2392 2517 2787 2519 561 
2393 589 2526 2790 2528 
2394 2526 591 2537 2790 
2395 2790 2537 556 2791 
2396 2528 2790 2791 592 
2397 745 2793 2792 2541 
2398 2793 747 2794 2792 
2399 2792 2794 381 2054 
2400 2541 2792 2054 465 
2401 216 2796 2795 2789 
2402 2796 749 2797 2795 
2403 2795 2797 748 2543 
2404 2789 2795 2543 563 
2405 592 2791 2798 2152 
2406 2791 556 2799 2798 
2407 2798 2799 877 2800 
2408 2152 2798 2800 876 
2409 876 2800 2801 935 
2410 2800 877 2802 2801 
2411 2801 2802 586 2803 
2412 935 2801 2803 878 
2413 878 2803 2804 2165 
2414 2803 586 2805 2804 
2415 2804 2805 931 2806 
2416 2165 2804 2806 930 
2417 930 2806 2807 2168 
2418 2806 931 2808 2807 
2419 2807 2808 588 2561 
2420 2168 2807 2561 932 
2421 990 2810 2809 1065 
2422 2810 1051 2811 2809 
2423 2809 2811 1053 2585 
2424 1065 2809 2585 943 
2425 1080 2813 2812 2580 
2426 2813 1011 2814 2812 
2427 2812 2814 1081 2582 
2428 2580 2812 2582 1079 
2429 927 2739 2815 1158 
2430 2739 1154 2816 2815 
2431 2815 2816 1153 2817 
2432 1158 2815 2817 1077 
2433 1154 2736 2818 2816 
2434 2736 928 2588 2818 
2435 2818 2588 1110 2819 
2436 2816 2818 2819 1153 
2437 1153 2819 2820 2821 
2438 2819 1110 2591 2820 
2439 2820 2591 534 2822 
2440 2821 2820 2822 1155 
2441 1077 2817 2823 2237 
2442 2817 1153 2821 2823 
2443 2823 2821 1155 2824 
2444 2237 2823 2824 929 
2445 1264 2826 2825 2613 
2446 2826 1055 2615 2825 
2447 2825 2615 1265 2827 
2448 2613 2825 2827 1263 
2449 1263 2827 2828 2317 
2450 2827 1265 2618 2828 
2451 2828 2618 924 2829 
2452 2317 2828 2829 1266 
2453 1267 2831 2830 1311 
2454 2831 1269 2832 2830 
2455 2830 2832 1215 2621 
2456 1311 2830 2621 1270 
2457 1266 2829 2833 1373 
2458 2829 924 2648 2833 
2459 2833 2648 1339 2834 
2460 1373 2833 2834 1338 
2461 1338 2834 2835 2346 
2462 2834 1339 2651 2835 
2463 2835 2651 1211 2836 
2464 2346 2835 2836 1340 
2465 1324 2838 2837 1361 
2466 2838 1306 2839 2837 
2467 2837 2839 1347 2627 
2468 1361 2837 2627 1345 
2469 530 2842 2840 2841 
2470 2842 1455 2669 2840 
2471 2840 2669 1806 1815 
2472 2841 2840 1815 1802 
2473 419 1817 2843 2844 
2474 1817 1808 2672 2843 
2475 2843 2672 1809 2845 
2476 2844 2843 2845 1810 
2477 95 2482 2846 2847 
2478 2482 268 2675 2846 
2479 2846 2675 1915 2848 
2480 2847 2846 2848 1916 
2481 158 2775 2849 2850 
2482 2775 95 2847 2849 
2483 2849 2847 1916 2851 
2484 2850 2849 2851 1918 
2485 59 2466 2852 2853 
2486 2466 162 2678 2852 
2487 2852 2678 1928 2854 
2488 2853 2852 2854 1929 
2489 173 2469 2855 2856 
2490 2469 59 2853 2855 
2491 2855 2853 1929 2857 
2492 2856 2855 2857 1936 
2493 348 2043 2858 2859 
2494 2043 427 2684 2858 
2495 2858 2684 1986 2860 
2496 2859 2858 2860 1987 
2497 1987 2860 2861 2862 
2498 2860 1986 2687 2861 
2499 2861 2687 1988 2863 
2500 2862 2861 2863 350 
2501 360 2490 2864 2865 
2502 2490 348 2859 2864 
2503 2864 2859 1987 2866 
2504 2865 2864 2866 1989 
2505 1989 2866 2867 2868 
2506 2866 1987 2862 2867 
2507 2867 2862 350 2869 
2508 2868 2867 2869 1991 
2509 747 2871 2870 2794 
2510 2871 2015 2872 2870 
2511 2870 2872 1435 2382 
2512 2794 2870 2382 381 
2513 556 2538 2873 2799 
2514 2538 634 2702 2873 
2515 2873 2702 2078 2874 
2516 2799 2873 2874 877 
2517 877 2874 2875 2802 
2518 2874 2078 2705 2875 
2519 2875 2705 2079 2876 
2520 2802 2875 2876 586 
2521 586 2876 2877 2805 
2522 2876 2079 2708 2877 
2523 2877 2708 2080 2878 
2524 2805 2877 2878 931 
2525 931 2878 2879 2808 
2526 2878 2080 2711 2879 
2527 2879 2711 2081 2880 
2528 2808 2879 2880 588 
2529 913 2571 2881 2882 
2530 2571 1035 2726 2881 
2531 2881 2726 2159 2883 
2532 2882 2881 2883 2160 
2533 2160 2883 2884 2885 
2534 2883 2159 2729 2884 
2535 2884 2729 2161 2886 
2536 2885 2884 2886 456 
2537 588 2880 2887 2562 
2538 2880 2081 2732 2887 
2539 2887 2732 2163 2738 
2540 2562 2887 2738 1012 
2541 2192 2889 2888 2742 
2542 2889 2193 2890 2888 
2543 2888 2890 1011 2813 
2544 2742 2888 2813 1080 
2545 456 2886 2891 2892 
2546 2886 2161 2744 2891 
2547 2891 2744 2197 2893 
2548 2892 2891 2893 2198 
2549 2198 2893 2894 2895 
2550 2893 2197 2747 2894 
2551 2894 2747 2199 2896 
2552 2895 2894 2896 1019 
2553 1019 2896 2897 2898 
2554 2896 2199 2750 2897 
2555 2897 2750 2200 2899 
2556 2898 2897 2899 2201 
2557 2201 2899 2900 2901 
2558 2899 2200 2753 2900 
2559 2900 2753 2202 2902 
2560 2901 2900 2902 908 
2561 2217 2760 2903 2904 
2562 2760 913 2882 2903 
2563 2903 2882 2160 2905 
2564 2904 2903 2905 2218 
2565 2218 2905 2906 2907 
2566 2905 2160 2885 2906 
2567 2906 2885 456 2908 
2568 2907 2906 2908 2220 
2569 929 2824 2909 2261 
2570 2824 1155 2910 2909 
2571 2909 2910 2235 2762 
2572 2261 2909 2762 1117 
2573 1155 2822 2911 2910 
2574 2822 534 2594 2911 
2575 2911 2594 1192 2912 
2576 2910 2911 2912 2235 
2577 2235 2912 2913 2763 
2578 2912 1192 2597 2913 
2579 2913 2597 1055 2826 
2580 2763 2913 2826 1264 
2581 350 2863 2914 2915 
2582 2863 1988 2765 2914 
2583 2914 2765 2292 2916 
2584 2915 2914 2916 2293 
2585 908 2902 2917 2918 
2586 2902 2202 2768 2917 
2587 2917 2768 2298 2919 
2588 2918 2917 2919 2299 
2589 2299 2919 2920 2921 
2590 2919 2298 2771 2920 
2591 2920 2771 2300 2922 
2592 2921 2920 2922 1233 
2593 1991 2869 2923 2924 
2594 2869 350 2915 2923 
2595 2923 2915 2293 2925 
2596 2924 2923 2925 2599 
2597 2220 2908 2926 2927 
2598 2908 456 2892 2926 
2599 2926 2892 2198 2928 
2600 2927 2926 2928 2713 
2601 2713 2928 2929 2930 
2602 2928 2198 2895 2929 
2603 2929 2895 1019 2931 
2604 2930 2929 2931 2715 
2605 2715 2931 2932 2933 
2606 2931 1019 2898 2932 
2607 2932 2898 2201 2934 
2608 2933 2932 2934 2716 
2609 2716 2934 2935 2936 
2610 2934 2201 2901 2935 
2611 2935 2901 908 2937 
2612 2936 2935 2937 2718 
2613 2718 2937 2938 2939 
2614 2937 908 2918 2938 
2615 2938 2918 2299 2940 
2616 2939 2938 2940 2719 
2617 2719 2940 2941 2942 
2618 2940 2299 2921 2941 
2619 2941 2921 1233 2943 
2620 2942 2941 2943 2721 
