2 0.000000 100.000000 407.315828
3164 2833 
1 -81.951989 0.000000 -82.801989 99.752969 0.000227 6.976085 0.000068 
2 93.451989 0.000000 -82.801989 99.754265 0.001030 6.955101 0.000071 
3 93.451989 0.000000 85.501989 99.761313 -0.000820 6.948394 -0.000060 
4 -81.951989 0.000000 85.501989 99.760214 -0.000121 6.976034 -0.000077 
5 5.750000 0.000000 1.350000 92.111509 -0.066149 -15.699359 0.126900 
6 -81.951989 0.000000 1.350000 99.756556 0.000127 6.980116 -0.000009 
7 5.750000 0.000000 -82.801989 99.746535 0.000692 6.964155 0.000213 
8 93.451989 0.000000 1.350000 99.893861 0.025418 4.998132 -0.000377 
9 5.750000 0.000000 85.501989 99.768043 -0.000534 6.962749 -0.000214 
10 -38.100995 0.000000 -40.725995 99.741913 0.000621 6.976960 0.000287 
11 -81.951989 0.000000 -40.725995 99.753036 0.000225 6.978222 0.000064 
12 -38.100995 0.000000 -82.801989 99.749145 0.000419 6.973184 0.000148 
13 5.750000 0.000000 -40.725995 99.717943 0.001628 6.927717 0.000834 
14 -38.100995 0.000000 1.350000 99.756235 0.000517 6.994655 -0.000023 
15 49.600995 0.000000 -40.725995 99.748308 0.002294 6.894586 0.000274 
16 49.600995 0.000000 -82.801989 99.750377 0.000915 6.956369 0.000147 
17 93.451989 0.000000 -40.725995 99.757792 0.002414 6.903304 0.000073 
18 49.600995 0.000000 1.350000 99.948411 0.062042 4.167492 -0.000706 
19 -38.100995 0.000000 43.425995 99.772124 -0.000171 6.977214 -0.000316 
20 -81.951989 0.000000 43.425995 99.760151 -0.000032 6.978253 -0.000078 
21 5.750000 0.000000 43.425995 99.802465 -0.001003 6.922927 -0.000846 
22 -38.100995 0.000000 85.501989 99.764522 -0.000266 6.972923 -0.000158 
23 -16.175497 0.000000 -19.687997 99.707985 0.002888 6.955052 0.000994 
24 -38.100995 0.000000 -19.687997 99.741483 0.000698 6.985966 0.000283 
25 -16.175497 0.000000 -40.725995 99.726488 0.001083 6.964127 0.000613 
26 5.750000 0.000000 -19.687997 99.737139 -0.007011 6.775610 0.000659 
27 -16.175497 0.000000 1.350000 99.720109 -0.040223 7.004188 0.000684 
28 49.600995 0.000000 43.425995 99.774996 -0.001114 6.869650 -0.000224 
29 93.451989 0.000000 43.425995 99.767475 -0.000947 6.852653 -0.000051 
30 49.600995 0.000000 85.501989 99.764821 -0.000740 6.952598 -0.000136 
31 27.675497 0.000000 -19.687997 99.740268 0.005971 6.691377 0.000710 
32 27.675497 0.000000 -40.725995 99.733646 0.002033 6.898991 0.000560 
33 49.600995 0.000000 -19.687997 99.761313 0.005509 6.701397 0.000277 
34 27.675497 0.000000 1.350000 99.751098 3.774295 6.621776 -0.000837 
35 -16.175497 0.000000 22.387997 99.804669 -0.004389 6.969084 -0.000954 
36 -38.100995 0.000000 22.387997 99.771914 0.000090 6.986706 -0.000325 
37 5.750000 0.000000 22.387997 99.877179 0.017609 6.754322 -0.002107 
38 -16.175497 0.000000 43.425995 99.789687 -0.000473 6.964062 -0.000648 
39 -5.212749 0.000000 -9.168999 99.509616 -0.111011 6.819151 0.005132 
40 -16.175497 0.000000 -9.168999 99.672751 -0.044471 7.005464 0.001626 
41 -5.212749 0.000000 -19.687997 99.665199 -0.017496 6.886817 0.001942 
42 5.750000 0.000000 -9.168999 99.601810 -0.084742 6.371348 0.003888 
43 -5.212749 0.000000 1.350000 99.279145 -0.120679 7.377739 0.008921 
44 27.675497 0.000000 22.387997 99.804768 0.002890 6.603696 -0.000460 
45 49.600995 0.000000 22.387997 99.795248 0.001682 6.540237 -0.000187 
46 27.675497 0.000000 43.425995 99.788531 -0.001198 6.884681 -0.000515 
47 16.712749 0.000000 -9.168999 99.697714 0.025200 6.151950 0.002252 
48 16.712749 0.000000 -19.687997 99.747799 -0.012206 6.723625 0.000517 
49 27.675497 0.000000 -9.168999 99.793175 -0.002568 6.147364 0.000353 
50 16.712749 0.000000 1.350000 99.710969 -0.319887 3.860731 0.004272 
51 -5.212749 0.000000 11.868999 99.985704 0.052035 6.997219 -0.004610 
52 -16.175497 0.000000 11.868999 99.813836 -0.043760 7.026921 -0.001218 
53 5.750000 0.000000 11.868999 100.424257 -0.017320 6.265895 -0.012429 
54 -5.212749 0.000000 22.387997 99.860302 -0.006185 6.913135 -0.001987 
55 0.268626 0.000000 -3.909499 97.875443 0.256552 6.064316 0.038356 
56 -5.212749 0.000000 -3.909499 99.225429 0.007723 6.893965 0.010679 
57 0.268626 0.000000 -9.168999 99.418322 -0.038283 6.571149 0.007282 
58 5.750000 0.000000 -3.909499 98.986707 0.248651 5.442405 0.017195 
59 0.268626 0.000000 1.350000 97.534542 0.143972 14.037444 0.028994 
60 -60.026492 0.000000 -19.687997 99.751511 0.000335 6.981882 0.000089 
61 -81.951989 0.000000 -19.687997 99.754331 0.000191 6.979515 0.000036 
62 -60.026492 0.000000 -40.725995 99.749708 0.000361 6.978642 0.000129 
63 -60.026492 0.000000 1.350000 99.756557 0.000228 6.983757 -0.000014 
64 -27.138246 0.000000 -9.168999 99.735056 0.000634 6.982307 0.000417 
65 -38.100995 0.000000 -9.168999 99.746700 0.000656 6.991759 0.000171 
66 -27.138246 0.000000 -19.687997 99.726689 0.001139 6.986643 0.000577 
67 -27.138246 0.000000 1.350000 99.750111 -0.000777 6.990884 0.000104 
68 -10.694123 0.000000 -3.909499 99.596436 -0.007774 6.982112 0.003180 
69 -16.175497 0.000000 -3.909499 99.695182 -0.081948 6.979165 0.001216 
70 -10.694123 0.000000 -9.168999 99.668917 -0.020983 6.858675 0.001907 
71 -10.694123 0.000000 1.350000 99.657528 -0.009273 7.081041 0.001824 
72 16.712749 0.000000 11.868999 99.873392 0.070562 5.873311 -0.000920 
73 27.675497 0.000000 11.868999 99.826816 0.008935 5.811784 0.000083 
74 16.712749 0.000000 22.387997 99.805682 0.000656 6.662514 -0.000556 
75 0.268626 0.000000 6.609499 101.100621 0.011658 7.438549 -0.027667 
76 -5.212749 0.000000 6.609499 99.973922 0.155426 7.334602 -0.004861 
77 5.750000 0.000000 6.609499 101.742346 0.044220 4.806130 -0.037461 
78 0.268626 0.000000 11.868999 100.291549 0.204559 6.820056 -0.010495 
79 -2.472061 0.000000 -1.279750 97.892277 0.186210 7.364631 0.036283 
80 -5.212749 0.000000 -1.279750 99.082364 -0.094646 7.194407 0.013092 
81 -2.472061 0.000000 -3.909499 98.635189 0.071139 6.686040 0.022639 
82 0.268626 0.000000 -1.279750 95.321286 -0.026298 0.248252 0.091379 
83 -2.472061 0.000000 1.350000 98.730159 0.253007 8.761640 0.017553 
84 11.231374 0.000000 -3.909499 99.173777 0.161604 5.183311 0.013767 
85 11.231374 0.000000 -9.168999 99.474928 0.016610 6.162855 0.006676 
86 16.712749 0.000000 -3.909499 99.599506 -0.065339 4.988040 0.005505 
87 11.231374 0.000000 1.350000 98.920380 -1.152339 -3.461859 0.020145 
88 3.009313 0.000000 -1.279750 100.942176 -0.121786 0.000000 -0.018934 
89 3.009313 0.000000 -3.909499 98.216714 -0.063529 5.421652 0.032408 
90 5.750000 0.000000 -1.279750 105.802314 -0.322840 9.580027 -0.128601 
91 3.009313 0.000000 1.350000 115.637303 -0.996524 11.004680 -0.349408 
92 -60.026492 0.000000 22.387997 99.761733 0.000067 6.982036 -0.000115 
93 -81.951989 0.000000 22.387997 99.758809 0.000044 6.979554 -0.000053 
94 -60.026492 0.000000 43.425995 99.763704 -0.000068 6.978744 -0.000150 
95 -27.138246 0.000000 11.868999 99.769271 -0.002099 6.987986 -0.000274 
96 -38.100995 0.000000 11.868999 99.766081 0.000303 6.992340 -0.000216 
97 -27.138246 0.000000 22.387997 99.786979 0.000033 6.988662 -0.000628 
98 -10.694123 0.000000 6.609499 99.753969 0.034412 6.961632 0.000068 
99 -16.175497 0.000000 6.609499 99.781238 -0.057093 7.053846 -0.000606 
100 -10.694123 0.000000 11.868999 99.816974 -0.009895 6.956075 -0.001182 
101 -2.472061 0.000000 3.979750 100.042509 0.191090 8.308000 -0.007756 
102 -5.212749 0.000000 3.979750 99.735450 0.048370 7.504350 -0.000348 
103 0.268626 0.000000 3.979750 101.263586 -0.033633 8.797184 -0.033171 
104 -2.472061 0.000000 6.609499 100.292731 -0.066460 7.479408 -0.011458 
105 -1.101718 0.000000 0.035125 94.767273 0.082411 8.962889 0.093882 
106 -2.472061 0.000000 0.035125 97.898651 0.195056 8.065596 0.035076 
107 -1.101718 0.000000 -1.279750 95.908483 0.017498 6.553892 0.075861 
108 0.268626 0.000000 0.035125 52.183274 0.115461 62.987515 0.330947 
109 -1.101718 0.000000 1.350000 97.736613 0.020108 10.075325 0.034604 
110 -16.175497 0.000000 -61.763992 99.740861 0.000738 6.966792 0.000322 
111 -38.100995 0.000000 -61.763992 99.745982 0.000508 6.973808 0.000210 
112 -16.175497 0.000000 -82.801989 99.747128 0.000553 6.969372 0.000194 
113 5.750000 0.000000 -61.763992 99.738987 0.000985 6.954891 0.000376 
114 -5.212749 0.000000 -30.206996 99.714309 0.003407 6.927305 0.000907 
115 -16.175497 0.000000 -30.206996 99.712536 0.001442 6.965179 0.000890 
116 -5.212749 0.000000 -40.725995 99.719147 0.001366 6.948251 0.000781 
117 5.750000 0.000000 -30.206996 99.714319 0.003192 6.890058 0.000958 
118 0.268626 0.000000 -14.428498 99.740556 -0.072698 6.689885 0.000706 
119 -5.212749 0.000000 -14.428498 99.702368 -0.044992 6.793466 0.001328 
120 0.268626 0.000000 -19.687997 99.724947 -0.030211 6.816305 0.000847 
121 5.750000 0.000000 -14.428498 99.600101 -0.117287 6.651610 0.003556 
122 -2.472061 0.000000 -6.539249 99.239688 -0.086904 6.651644 0.010723 
123 -5.212749 0.000000 -6.539249 99.366946 -0.040658 6.863451 0.007910 
124 -2.472061 0.000000 -9.168999 99.426831 -0.219202 6.738430 0.006885 
125 0.268626 0.000000 -6.539249 99.074352 0.102784 6.344967 0.014400 
126 -1.101718 0.000000 -2.594624 97.507223 0.083546 6.532185 0.044967 
127 -2.472061 0.000000 -2.594624 98.212772 0.562686 6.919477 0.030606 
128 -1.101718 0.000000 -3.909499 98.074305 0.455367 6.620862 0.033739 
129 0.268626 0.000000 -2.594624 97.429602 -0.001563 5.237846 0.048004 
130 11.231374 0.000000 6.609499 100.209954 0.269056 4.313988 -0.006072 
131 16.712749 0.000000 6.609499 99.906264 0.060254 4.545602 -0.000193 
132 11.231374 0.000000 11.868999 100.164151 -0.064256 5.872796 -0.006735 
133 3.009313 0.000000 3.979750 103.953761 -0.325903 6.656169 -0.085080 
134 5.750000 0.000000 3.979750 102.325489 -0.099943 2.810520 -0.047841 
135 3.009313 0.000000 6.609499 101.885604 -0.166467 6.366724 -0.042124 
136 1.638969 0.000000 0.035125 6.451509 0.018037 1.392865 0.995644 
137 1.638969 0.000000 -1.279750 98.063867 0.011188 -2.388921 0.037777 
138 3.009313 0.000000 0.035125 4.035061 0.586351 -2.699204 0.997609 
139 1.638969 0.000000 1.350000 100.517747 -0.113369 19.859267 -0.049822 
140 -0.416546 0.000000 -0.622312 88.410922 -0.026169 3.690146 0.216989 
141 -1.101718 0.000000 -0.622312 94.772693 0.100374 7.263085 0.096537 
142 -0.416546 0.000000 -1.279750 94.530202 0.024285 3.943359 0.104849 
143 0.268626 0.000000 -0.622312 80.213237 0.238290 -45.349482 0.150920 
144 -0.416546 0.000000 0.035125 86.923391 -0.011198 11.495207 0.231218 
145 3.009313 0.000000 -6.539249 99.296712 0.106312 6.127598 0.010260 
146 3.009313 0.000000 -9.168999 99.367910 0.034949 6.454518 0.008436 
147 5.750000 0.000000 -6.539249 99.120030 0.162634 5.975072 0.013949 
148 1.638969 0.000000 -2.594624 98.067957 0.008159 4.278727 0.036437 
149 1.638969 0.000000 -3.909499 97.778075 0.132789 5.689399 0.040706 
150 3.009313 0.000000 -2.594624 98.628638 0.056674 4.220348 0.025458 
151 0.953797 0.000000 -0.622312 98.667311 0.064705 -11.819463 0.012506 
152 0.953797 0.000000 -1.279750 96.193590 0.073819 -0.729236 0.074626 
153 1.638969 0.000000 -0.622312 101.328404 -0.094428 -11.250797 -0.039403 
154 0.953797 0.000000 0.035125 94.769520 -0.055057 35.175101 -0.021855 
155 -1.101718 0.000000 2.664875 99.790205 -0.215794 9.507865 -0.004853 
156 -2.472061 0.000000 2.664875 99.523357 0.077406 8.555153 0.002190 
157 0.268626 0.000000 2.664875 100.614476 -0.333831 10.360873 -0.023073 
158 -1.101718 0.000000 3.979750 100.561432 0.292508 8.850550 -0.019102 
159 -0.416546 0.000000 0.692563 94.029564 0.043436 12.944644 0.099088 
160 -1.101718 0.000000 0.692563 96.210521 -0.014361 9.983738 0.064386 
161 0.268626 0.000000 0.692563 94.569452 0.125462 19.321574 0.068328 
162 -0.416546 0.000000 1.350000 97.240783 -0.006778 11.608856 0.040946 
163 -0.073960 0.000000 -0.293594 34.605331 0.175871 30.905995 0.784726 
164 -0.416546 0.000000 -0.293594 85.391693 -0.012414 7.152252 0.265710 
165 -0.073960 0.000000 -0.622312 79.811356 0.047925 -5.880186 0.359557 
166 0.268626 0.000000 -0.293594 -1.076259 0.059933 1.322914 0.999709 
167 -0.073960 0.000000 0.035125 72.554697 0.104813 20.695073 0.430752 
168 -0.416546 0.000000 -1.937187 96.532142 -0.047864 5.210944 0.065439 
169 -1.101718 0.000000 -1.937187 96.867839 -0.031457 6.482915 0.057459 
170 -0.416546 0.000000 -2.594624 97.252380 -0.080450 5.918104 0.050694 
171 0.268626 0.000000 -1.937187 96.688437 -0.000441 3.932530 0.063588 
172 -0.073960 0.000000 -0.951031 90.886091 0.030184 -1.353468 0.173789 
173 -0.416546 0.000000 -0.951031 92.170898 -0.058545 3.258174 0.149391 
174 -0.073960 0.000000 -1.279750 94.431941 0.004554 1.740713 0.107958 
175 0.268626 0.000000 -0.951031 94.294130 0.035004 -6.380009 0.106791 
176 1.638969 0.000000 2.664875 103.384814 -0.407728 11.302980 -0.081634 
177 3.009313 0.000000 2.664875 106.933789 -0.019136 7.765933 -0.149515 
178 1.638969 0.000000 3.979750 102.706409 -0.019102 8.445864 -0.061994 
179 0.953797 0.000000 0.692563 95.234101 -0.135781 35.084541 -0.030048 
180 1.638969 0.000000 0.692563 98.960233 -0.485000 32.046715 -0.082035 
181 0.953797 0.000000 1.350000 98.400300 0.182011 16.954429 0.002990 
182 0.611212 0.000000 -0.293594 1.309401 0.048567 2.228210 0.999332 
183 0.611212 0.000000 -0.622312 97.806055 0.126434 -10.420901 0.032536 
184 0.953797 0.000000 -0.293594 98.327162 0.068092 -12.072316 0.018602 
185 0.611212 0.000000 0.035125 95.425192 0.078946 24.407396 0.029831 
186 0.097333 0.000000 -0.457953 46.611254 0.305693 -43.115521 0.596835 
187 -0.073960 0.000000 -0.457953 69.043292 0.065327 -4.785998 0.521011 
188 0.097333 0.000000 -0.622312 76.118023 0.112188 -19.294503 0.383376 
189 0.268626 0.000000 -0.457953 68.180591 0.243893 -51.141284 0.273592 
190 0.097333 0.000000 -0.293594 36.859103 0.228395 2.685367 0.863414 
191 -7.953436 0.000000 -1.279750 99.476416 0.005219 7.079159 0.005433 
192 -10.694123 0.000000 -1.279750 99.609461 -0.034469 7.043477 0.002834 
193 -7.953436 0.000000 -3.909499 99.474597 -0.039369 6.982024 0.005605 
194 -7.953436 0.000000 1.350000 99.567363 0.059355 7.171614 0.003490 
195 -3.842405 0.000000 0.035125 98.673803 0.100433 7.752457 0.020337 
196 -5.212749 0.000000 0.035125 99.148958 -0.079277 7.364718 0.011524 
197 -3.842405 0.000000 -1.279750 98.580802 0.103815 7.382304 0.022732 
198 -3.842405 0.000000 1.350000 99.050139 0.088352 8.013463 0.012485 
199 -1.786890 0.000000 -0.622312 96.798536 0.130462 7.967104 0.056655 
200 -2.472061 0.000000 -0.622312 97.808453 0.184915 7.687152 0.037438 
201 -1.786890 0.000000 -1.279750 97.089678 0.084460 7.354076 0.051950 
202 -1.786890 0.000000 0.035125 96.944312 0.136574 8.563227 0.052845 
203 -0.759132 0.000000 -0.293594 91.823549 -0.056537 7.752368 0.150833 
204 -1.101718 0.000000 -0.293594 94.503365 0.122879 8.120767 0.100315 
205 -0.759132 0.000000 -0.622312 92.630113 -0.052273 6.289475 0.138010 
206 -0.759132 0.000000 0.035125 92.243704 -0.019375 9.487096 0.140109 
207 -0.245253 0.000000 -0.457953 80.539539 -0.005882 2.344271 0.350789 
208 -0.416546 0.000000 -0.457953 86.484919 -0.021611 5.059982 0.249475 
209 -0.245253 0.000000 -0.622312 84.768084 -0.011936 0.530946 0.281409 
210 -0.245253 0.000000 -0.293594 77.832106 -0.001391 6.350545 0.390183 
211 -0.073960 0.000000 0.363844 87.175282 0.052950 19.881365 0.200520 
212 -0.416546 0.000000 0.363844 90.817990 -0.046585 13.130360 0.157968 
213 0.268626 0.000000 0.363844 91.316101 0.189907 33.084548 0.056675 
214 -0.073960 0.000000 0.692563 93.289653 0.087643 16.237844 0.103337 
215 0.097333 0.000000 -0.129234 35.062237 0.144671 43.132124 0.691024 
216 -0.073960 0.000000 -0.129234 63.729669 0.115229 15.639568 0.569392 
217 0.268626 0.000000 -0.129234 37.036117 0.132184 53.472100 0.576904 
218 0.097333 0.000000 0.035125 42.832227 0.115839 58.981440 0.468658 
219 0.011686 0.000000 -0.375773 37.903881 0.255829 -9.994652 0.846334 
220 -0.073960 0.000000 -0.375773 63.222054 0.076513 -1.402603 0.600100 
221 0.011686 0.000000 -0.457953 47.210813 0.300800 -46.493844 0.560937 
222 0.097333 0.000000 -0.375773 41.552353 0.279519 -26.627484 0.756430 
223 0.011686 0.000000 -0.293594 36.861193 0.227657 2.848209 0.863309 
224 0.611212 0.000000 0.363844 95.459593 0.067240 27.436865 0.013468 
225 0.953797 0.000000 0.363844 94.830641 -0.039462 33.239297 -0.009770 
226 0.611212 0.000000 0.692563 95.071763 0.118482 19.776227 0.057025 
227 0.439919 0.000000 0.199485 88.873574 0.120839 40.180091 0.048703 
228 0.268626 0.000000 0.199485 69.028538 0.130146 59.665016 0.167513 
229 0.439919 0.000000 0.035125 69.211241 0.138337 65.157505 0.096428 
230 0.611212 0.000000 0.199485 95.680080 0.080049 26.915498 0.012087 
231 0.439919 0.000000 0.363844 95.925344 0.104297 29.101021 -0.004855 
232 0.953797 0.000000 -1.937187 97.316380 0.101690 2.814431 0.052159 
233 0.953797 0.000000 -2.594624 97.657654 -0.035553 4.645704 0.044140 
234 1.638969 0.000000 -1.937187 98.002258 0.029407 2.367865 0.038995 
235 0.611212 0.000000 -0.951031 97.149779 0.230117 -3.221229 0.055149 
236 0.611212 0.000000 -1.279750 96.170051 0.075723 -0.221423 0.075127 
237 0.953797 0.000000 -0.951031 99.253855 0.070264 -12.843270 -0.001628 
238 0.439919 0.000000 -0.786672 98.081296 0.164023 -13.302365 0.020308 
239 0.268626 0.000000 -0.786672 93.148455 0.190612 -16.027295 0.106645 
240 0.439919 0.000000 -0.951031 97.089148 0.168657 -5.472734 0.054372 
241 0.611212 0.000000 -0.786672 97.832730 0.136962 -11.370570 0.029945 
242 0.439919 0.000000 -0.622312 95.324979 0.205453 -23.824211 0.034551 
243 8.490687 0.000000 -1.279750 97.361233 0.240854 8.000945 0.045672 
244 8.490687 0.000000 -3.909499 98.775434 0.129040 5.300393 0.021530 
245 11.231374 0.000000 -1.279750 98.155181 0.277847 5.061274 0.033987 
246 8.490687 0.000000 1.350000 100.821450 0.111524 0.723831 -0.016550 
247 4.379656 0.000000 0.035125 7.415534 0.024038 -0.272392 0.994494 
248 4.379656 0.000000 -1.279750 101.823043 -0.471951 0.000000 -0.036815 
249 5.750000 0.000000 0.035125 -2.228644 -0.087358 -1.628723 0.999237 
250 4.379656 0.000000 1.350000 108.639829 -0.744676 0.038655 -0.180317 
251 2.324141 0.000000 -0.622312 101.658499 -0.028305 -6.107554 -0.037175 
252 2.324141 0.000000 -1.279750 101.334325 -0.008997 -4.372650 -0.028777 
253 3.009313 0.000000 -0.622312 101.402231 -0.156887 0.088497 -0.028244 
254 2.324141 0.000000 0.035125 1.923985 0.512827 -0.498088 0.999579 
255 4.379656 0.000000 -2.594624 99.044080 -0.038601 4.346227 0.017138 
256 4.379656 0.000000 -3.909499 98.496303 0.047475 5.218653 0.027124 
257 5.750000 0.000000 -2.594624 99.508049 -0.140474 5.224574 0.007083 
258 2.324141 0.000000 -1.937187 98.818684 -0.022447 2.668465 0.022775 
259 2.324141 0.000000 -2.594624 98.561323 -0.005418 4.251495 0.026759 
260 3.009313 0.000000 -1.937187 99.173688 0.112051 3.247064 0.015402 
261 1.981555 0.000000 -0.951031 101.774821 -0.049769 -8.450697 -0.042953 
262 1.638969 0.000000 -0.951031 101.368830 -0.093022 -11.196299 -0.040101 
263 1.981555 0.000000 -1.279750 101.227305 -0.062754 -9.599814 -0.033913 
264 2.324141 0.000000 -0.951031 101.624265 -0.026824 -5.978179 -0.036323 
265 1.981555 0.000000 -0.622312 101.878173 -0.054507 -8.935929 -0.045902 
266 2.324141 0.000000 0.692563 94.559068 -0.826498 18.822068 0.070363 
267 3.009313 0.000000 0.692563 4.591550 2.159147 -8.809796 0.989664 
268 2.324141 0.000000 1.350000 102.848889 -0.518096 26.561498 -0.128368 
269 8.490687 0.000000 3.979750 100.675421 -0.021518 1.967077 -0.013941 
270 11.231374 0.000000 3.979750 99.886075 0.904457 2.683316 0.001475 
271 8.490687 0.000000 6.609499 100.898641 0.184987 4.176220 -0.019801 
272 4.379656 0.000000 2.664875 105.705902 -0.278379 2.589233 -0.118052 
273 5.750000 0.000000 2.664875 102.651805 -0.303671 -0.201335 -0.053753 
274 4.379656 0.000000 3.979750 103.803655 -0.149099 4.346437 -0.079411 
275 3.694485 0.000000 0.692563 109.888323 -0.888379 0.000000 -0.207623 
276 3.694485 0.000000 0.035125 8.383844 0.070903 -1.789188 0.992650 
277 4.379656 0.000000 0.692563 110.781287 -0.898114 0.050071 -0.227330 
278 3.694485 0.000000 1.350000 111.416921 -0.980161 0.033133 -0.241469 
279 2.324141 0.000000 2.007437 106.862470 -0.860775 14.237689 -0.162304 
280 1.638969 0.000000 2.007437 102.848755 -0.047848 14.536646 -0.078918 
281 3.009313 0.000000 2.007437 111.134090 -0.556403 8.885704 -0.243005 
282 2.324141 0.000000 2.664875 105.453058 -0.639702 10.335355 -0.122758 
283 2.666727 0.000000 1.021281 47.201457 -3.141377 51.428950 0.511722 
284 2.324141 0.000000 1.021281 93.333791 -0.846423 16.719685 0.100854 
285 2.666727 0.000000 0.692563 78.391694 -2.294237 8.780686 0.377238 
286 3.009313 0.000000 1.021281 115.613888 -0.997883 11.049692 -0.348966 
287 2.666727 0.000000 1.350000 85.703811 -2.153377 55.616686 -0.044300 
288 2.666727 0.000000 0.363844 0.487581 1.338397 -2.455598 0.999194 
289 2.324141 0.000000 0.363844 93.793168 -1.083342 19.517827 0.082072 
290 2.666727 0.000000 0.035125 1.845514 0.699676 -1.951487 0.999230 
291 3.009313 0.000000 0.363844 4.158146 1.126673 -4.943618 0.995700 
292 3.694485 0.000000 2.007437 109.076221 -0.168219 3.665727 -0.191109 
293 4.379656 0.000000 2.007437 106.654704 -0.371347 1.392848 -0.137730 
294 3.694485 0.000000 2.664875 106.713707 -0.181465 4.858020 -0.141145 
295 3.351899 0.000000 1.021281 114.356502 -1.023527 0.029812 -0.307846 
296 3.351899 0.000000 0.692563 111.453324 -1.018905 0.000000 -0.242288 
297 3.694485 0.000000 1.021281 111.422004 -0.980429 0.033274 -0.241583 
298 3.351899 0.000000 1.350000 114.348824 -1.023257 0.029663 -0.307670 
299 2.838020 0.000000 0.856922 24.642087 -4.654324 27.685134 0.860464 
300 2.666727 0.000000 0.856922 33.781185 -4.786046 18.842938 0.848087 
301 2.838020 0.000000 0.692563 70.986930 -3.299745 7.218336 0.489786 
302 3.009313 0.000000 0.856922 89.408523 -2.455123 3.018903 0.199097 
303 2.838020 0.000000 1.021281 53.787470 -3.065351 49.667467 0.463065 
304 1.981555 0.000000 1.021281 100.887316 -0.490353 28.902239 -0.101383 
305 1.638969 0.000000 1.021281 98.573942 -0.520058 31.284995 -0.069584 
306 1.981555 0.000000 0.692563 98.416700 -0.681866 26.106827 -0.036788 
307 1.981555 0.000000 1.350000 101.832645 -0.283430 21.887109 -0.084901 
308 2.495434 0.000000 0.856922 85.173230 -1.744573 11.705832 0.260545 
309 2.324141 0.000000 0.856922 94.011847 -0.882773 18.108814 0.083306 
310 2.495434 0.000000 0.692563 84.712880 -1.741880 12.006235 0.267654 
311 2.495434 0.000000 1.021281 80.724646 -2.034831 9.323298 0.339247 
312 3.694485 0.000000 -0.622312 102.091624 -0.379911 0.080647 -0.042285 
313 3.694485 0.000000 -1.279750 101.276774 -0.384671 0.000000 -0.025713 
314 4.379656 0.000000 -0.622312 102.600362 -0.473106 0.052905 -0.052706 
315 3.351899 0.000000 0.363844 8.657745 0.270216 -4.364696 0.990592 
316 3.351899 0.000000 0.035125 6.897862 0.448128 -2.474940 0.994609 
317 3.694485 0.000000 0.363844 10.211629 0.153481 -2.429860 0.988979 
318 2.838020 0.000000 0.528203 0.271835 1.937523 -4.785811 0.997327 
319 2.666727 0.000000 0.528203 72.842216 -3.114780 7.668572 0.462550 
320 2.838020 0.000000 0.363844 1.738837 1.367266 -4.031734 0.997885 
321 3.009313 0.000000 0.528203 4.175904 1.598123 -6.567141 0.993688 
322 2.752373 0.000000 0.774742 41.096215 -4.646960 12.982644 0.812096 
323 2.666727 0.000000 0.774742 51.687836 -3.834716 12.423369 0.715932 
324 2.752373 0.000000 0.692563 71.430734 -3.255499 7.326037 0.483338 
325 2.838020 0.000000 0.774742 42.261803 -4.602943 12.689950 0.803172 
326 2.752373 0.000000 0.856922 26.833243 -5.155256 20.173505 0.884643 
327 1.981555 0.000000 0.363844 100.919769 -0.488535 28.916966 -0.102123 
328 1.638969 0.000000 0.363844 98.388479 -0.483006 33.030515 -0.077154 
329 1.981555 0.000000 0.035125 3.963268 0.075634 0.618689 0.998390 
330 2.495434 0.000000 0.528203 91.532559 -0.703974 11.723745 0.148385 
331 2.324141 0.000000 0.528203 95.623894 -0.936795 21.735324 0.038277 
332 2.495434 0.000000 0.363844 88.395417 -1.564182 11.442981 0.205286 
333 2.581080 0.000000 0.774742 79.954877 -2.166638 9.184828 0.351816 
334 2.495434 0.000000 0.774742 85.270141 -1.730747 11.787527 0.258706 
335 2.581080 0.000000 0.692563 80.034893 -2.128610 9.177867 0.350565 
336 2.581080 0.000000 0.856922 57.242376 -2.863563 24.222736 0.612837 
337 2.666727 0.000000 1.678719 113.694714 -0.845325 17.320890 -0.322722 
338 2.324141 0.000000 1.678719 107.068226 -0.275973 19.216766 -0.183297 
339 3.009313 0.000000 1.678719 116.613389 -0.750263 8.763149 -0.367604 
340 2.666727 0.000000 2.007437 109.656867 -0.598460 12.441897 -0.217979 
341 2.838020 0.000000 1.185641 99.021266 -1.906247 54.226056 -0.274931 
342 2.666727 0.000000 1.185641 82.910631 -2.178994 53.234476 0.028717 
343 3.009313 0.000000 1.185641 119.214947 -0.786087 1.822647 -0.421614 
344 2.838020 0.000000 1.350000 95.422862 -1.778573 42.019979 -0.087436 
345 2.752373 0.000000 0.939102 26.202260 -4.243463 40.557670 0.765051 
346 2.666727 0.000000 0.939102 29.800175 -4.051624 39.211251 0.755801 
347 2.838020 0.000000 0.939102 39.559973 -3.833384 39.762545 0.683925 
348 2.752373 0.000000 1.021281 34.994126 -3.535392 57.712556 0.543217 
349 2.709550 0.000000 0.815832 34.359514 -4.967189 16.564248 0.852038 
350 2.666727 0.000000 0.815832 33.874470 -4.180546 24.339404 0.824264 
351 2.709550 0.000000 0.774742 48.760113 -4.011417 12.727358 0.744437 
352 2.752373 0.000000 0.815832 29.898798 -4.387723 24.898187 0.846689 
353 2.709550 0.000000 0.856922 36.456780 -5.651014 8.793705 0.856164 
354 7.120344 0.000000 0.035125 -2.630752 -0.163938 -0.003796 0.999305 
355 7.120344 0.000000 -1.279750 98.861341 -0.132596 9.694711 0.013243 
356 8.490687 0.000000 0.035125 95.244085 0.187160 24.003049 0.035238 
357 7.120344 0.000000 1.350000 98.808278 -0.299049 -2.195085 0.023202 
358 5.064828 0.000000 -0.622312 103.578624 -0.451506 0.000000 -0.072874 
359 5.064828 0.000000 -1.279750 104.020733 -0.478113 1.330652 -0.082231 
360 5.750000 0.000000 -0.622312 105.271582 -0.279124 19.425043 -0.145952 
361 5.064828 0.000000 0.035125 2.191531 -0.254009 -0.697614 0.999465 
362 27.675497 0.000000 -61.763992 99.742960 0.001192 6.944381 0.000312 
363 27.675497 0.000000 -82.801989 99.747947 0.000817 6.959331 0.000191 
364 49.600995 0.000000 -61.763992 99.748618 0.001341 6.939789 0.000205 
365 16.712749 0.000000 -30.206996 99.725493 0.003476 6.860373 0.000776 
366 16.712749 0.000000 -40.725995 99.724179 0.001847 6.909695 0.000734 
367 27.675497 0.000000 -30.206996 99.727552 0.001579 6.835036 0.000770 
368 11.231374 0.000000 -14.428498 99.737049 -0.073875 6.597335 0.000899 
369 11.231374 0.000000 -19.687997 99.705016 0.005921 6.729495 0.001362 
370 16.712749 0.000000 -14.428498 99.770006 0.007043 6.558693 0.000293 
371 8.490687 0.000000 -6.539249 99.288139 0.152145 5.856405 0.010754 
372 8.490687 0.000000 -9.168999 99.450852 -0.001354 6.266207 0.007026 
373 11.231374 0.000000 -6.539249 99.493762 0.040217 5.795408 0.006740 
374 7.120344 0.000000 -2.594624 99.149882 0.177103 6.068001 0.013245 
375 7.120344 0.000000 -3.909499 98.894526 0.068443 5.571319 0.018883 
376 8.490687 0.000000 -2.594624 98.649157 0.346701 5.556319 0.023735 
377 5.064828 0.000000 -1.937187 100.908723 -0.231081 4.074162 -0.019922 
378 4.379656 0.000000 -1.937187 99.367475 -0.222623 3.462087 0.011407 
379 5.064828 0.000000 -2.594624 99.464362 -0.160383 4.759629 0.008416 
380 5.750000 0.000000 -1.937187 101.198539 -0.207513 5.982913 -0.027698 
381 4.722242 0.000000 -0.951031 103.023641 -0.404154 0.026165 -0.061403 
382 4.379656 0.000000 -0.951031 102.516982 -0.472904 0.047206 -0.050996 
383 4.722242 0.000000 -1.279750 102.146159 -0.373372 0.000000 -0.043398 
384 5.064828 0.000000 -0.951031 104.472895 -0.459661 1.076600 -0.091596 
385 4.722242 0.000000 -0.622312 103.230659 -0.410786 0.033302 -0.065674 
386 6.435172 0.000000 -0.622312 96.272352 -0.195514 26.580715 0.002506 
387 6.435172 0.000000 -1.279750 99.825283 -0.053959 11.526806 -0.009796 
388 7.120344 0.000000 -0.622312 99.701855 0.070445 12.369695 -0.009347 
389 6.435172 0.000000 0.035125 -3.305990 -0.204575 -1.201877 0.998758 
390 5.407414 0.000000 -0.951031 106.155900 -0.420571 6.182074 -0.130747 
391 5.407414 0.000000 -1.279750 106.565626 -0.363108 4.513268 -0.137673 
392 5.750000 0.000000 -0.951031 105.441966 -0.284521 18.780710 -0.147080 
393 5.407414 0.000000 -0.622312 106.128309 -0.422177 6.069913 -0.130024 
394 5.064828 0.000000 0.692563 10.355624 -0.345975 2.343475 0.988715 
395 5.750000 0.000000 0.692563 64.896117 -0.473311 -0.366228 0.578814 
396 5.064828 0.000000 1.350000 107.109771 -0.470489 0.026941 -0.147273 
397 7.120344 0.000000 2.664875 100.498837 -0.052196 -0.023207 -0.010002 
398 8.490687 0.000000 2.664875 99.703110 -0.068020 0.479834 0.005905 
399 7.120344 0.000000 3.979750 101.381957 -0.050422 2.078011 -0.028262 
400 6.435172 0.000000 0.692563 92.622149 -0.791310 -0.730508 0.141998 
401 7.120344 0.000000 0.692563 98.103503 -1.309890 -0.969676 0.037305 
402 6.435172 0.000000 1.350000 95.998971 -0.152801 -3.116647 0.077446 
403 5.064828 0.000000 2.007437 105.070624 -0.386766 -0.920755 -0.104083 
404 5.750000 0.000000 2.007437 101.822753 -0.141561 -3.391271 -0.037939 
405 5.064828 0.000000 2.664875 104.282669 -0.333883 0.719046 -0.087550 
406 5.407414 0.000000 1.021281 37.279624 -0.121749 -40.011533 0.700929 
407 5.064828 0.000000 1.021281 107.115407 -0.471557 0.027148 -0.147393 
408 5.407414 0.000000 0.692563 9.357289 -0.288134 -1.410470 0.991037 
409 5.750000 0.000000 1.021281 64.842320 -0.473067 -0.365487 0.579512 
410 5.407414 0.000000 1.350000 78.603221 -0.128193 -31.132145 0.285231 
411 5.407414 0.000000 0.363844 2.459250 -0.341010 -1.173220 0.999246 
412 5.064828 0.000000 0.363844 5.081963 -0.342045 0.509491 0.997380 
413 5.407414 0.000000 0.035125 -0.590575 -0.217429 -1.559487 0.999717 
414 5.750000 0.000000 0.363844 0.397005 -0.164821 -1.502131 0.999756 
415 6.435172 0.000000 2.007437 99.761549 -0.053256 -1.917469 0.004395 
416 7.120344 0.000000 2.007437 99.631019 -0.205372 -1.331904 0.007184 
417 6.435172 0.000000 2.664875 101.368052 -0.122310 -0.015008 -0.027550 
418 6.092586 0.000000 1.021281 85.755069 -0.626729 -0.686592 0.264520 
419 6.092586 0.000000 0.692563 85.803283 -0.627497 -0.687567 0.263693 
420 6.435172 0.000000 1.021281 92.600278 -0.790392 -0.731047 0.142403 
421 6.092586 0.000000 1.350000 93.053880 -0.025321 -6.465640 0.129917 
422 5.578707 0.000000 0.856922 36.007423 -0.349457 -8.958280 0.862309 
423 5.407414 0.000000 0.856922 21.292520 -0.290126 -16.455984 0.927575 
424 5.578707 0.000000 0.692563 57.341856 -0.438973 -0.262222 0.671165 
425 5.750000 0.000000 0.856922 64.953687 -0.473573 -0.367020 0.578066 
426 5.578707 0.000000 1.021281 36.644965 -0.193241 -32.664862 0.759012 
427 6.435172 0.000000 -1.937187 99.800373 -0.027562 6.897091 -0.000768 
428 6.435172 0.000000 -2.594624 99.429786 0.040921 5.945499 0.007837 
429 7.120344 0.000000 -1.937187 99.169134 0.205169 7.047272 0.011578 
430 6.092586 0.000000 -0.951031 100.658426 -0.215945 27.802855 -0.090516 
431 6.092586 0.000000 -1.279750 102.356175 -0.134003 11.883598 -0.061802 
432 6.435172 0.000000 -0.951031 97.624814 -0.208847 29.547145 -0.040368 
433 6.092586 0.000000 -0.622312 100.180859 -0.214828 28.077450 -0.082459 
434 71.526492 0.000000 -19.687997 99.767848 0.005420 6.733322 0.000104 
435 71.526492 0.000000 -40.725995 99.755017 0.002400 6.898368 0.000135 
436 93.451989 0.000000 -19.687997 99.768835 0.005166 6.759725 0.000049 
437 71.526492 0.000000 1.350000 99.924989 0.033109 4.541645 -0.000563 
438 38.638246 0.000000 -9.168999 99.793374 0.013189 6.181861 0.000307 
439 38.638246 0.000000 -19.687997 99.750855 0.004220 6.683532 0.000510 
440 49.600995 0.000000 -9.168999 99.797005 0.011265 6.240029 0.000162 
441 38.638246 0.000000 1.350000 99.939777 0.162582 4.191438 -0.000555 
442 22.194123 0.000000 -3.909499 99.797381 0.064283 5.119146 0.001427 
443 22.194123 0.000000 -9.168999 99.746537 0.025832 6.087960 0.001356 
444 27.675497 0.000000 -3.909499 99.852852 0.005704 5.220297 0.000216 
445 22.194123 0.000000 1.350000 99.982776 -2.920816 2.509537 -0.001138 
446 13.972061 0.000000 -1.279750 99.161372 0.328566 4.042527 0.015057 
447 13.972061 0.000000 -3.909499 99.468131 -0.048799 5.132550 0.007975 
448 16.712749 0.000000 -1.279750 99.622786 0.034975 4.133097 0.005822 
449 13.972061 0.000000 1.350000 99.166037 -0.121966 3.922835 0.015069 
450 9.861031 0.000000 0.035125 92.991740 -0.516085 35.191263 0.011385 
451 9.861031 0.000000 -1.279750 97.686555 0.096319 5.831394 0.042332 
452 11.231374 0.000000 0.035125 96.101298 1.013855 6.143583 0.072577 
453 9.861031 0.000000 1.350000 99.512668 0.143986 3.975520 0.008140 
454 7.805515 0.000000 -0.622312 97.334426 0.400671 28.150784 -0.026662 
455 7.805515 0.000000 -1.279750 98.225385 0.071910 9.551340 0.026054 
456 8.490687 0.000000 -0.622312 94.360593 0.417843 12.664205 0.093552 
457 7.805515 0.000000 0.035125 94.469564 0.425499 29.687959 0.019395 
458 6.777758 0.000000 -0.293594 96.585614 -0.125322 16.732629 0.039122 
459 6.435172 0.000000 -0.293594 95.123881 -0.184192 24.061711 0.037245 
460 6.777758 0.000000 -0.622312 96.542434 -0.127061 16.949133 0.039227 
461 7.120344 0.000000 -0.293594 99.166474 0.055082 12.100538 0.001958 
462 6.777758 0.000000 0.035125 -3.491236 -0.045847 -0.224857 0.998776 
463 7.805515 0.000000 0.692563 97.260065 -1.367277 -3.165331 0.052859 
464 8.490687 0.000000 0.692563 73.959152 -0.781909 -4.730869 0.450705 
465 7.805515 0.000000 1.350000 97.721204 -0.156943 -1.471071 0.044838 
466 6.777758 0.000000 1.021281 95.631742 -0.996784 -0.479809 0.085335 
467 6.777758 0.000000 0.692563 95.642183 -0.997980 -0.477862 0.085135 
468 7.120344 0.000000 1.021281 97.452477 -1.159206 -0.691090 0.050119 
469 6.777758 0.000000 1.350000 97.808052 -0.298085 -2.343456 0.042800 
470 9.861031 0.000000 -2.594624 98.519839 0.315422 5.042305 0.026832 
471 9.861031 0.000000 -3.909499 99.006039 0.114263 5.397323 0.016866 
472 11.231374 0.000000 -2.594624 98.792854 0.390493 4.949976 0.021532 
473 9.175859 0.000000 -0.622312 96.826395 0.384203 8.566573 0.055112 
474 9.175859 0.000000 -1.279750 97.649763 0.155840 6.545812 0.042165 
475 9.861031 0.000000 -0.622312 97.010573 0.163230 8.500603 0.051666 
476 9.175859 0.000000 0.035125 100.255747 0.730286 13.587064 -0.023636 
477 8.148101 0.000000 -0.293594 93.681461 0.433980 29.196858 0.037114 
478 7.805515 0.000000 -0.293594 95.278298 0.425857 29.402770 0.005734 
479 8.148101 0.000000 -0.622312 93.366610 0.463428 31.001214 0.032139 
480 8.490687 0.000000 -0.293594 93.285812 0.553807 28.733820 0.047182 
481 8.148101 0.000000 0.035125 93.202004 0.592561 30.204840 0.040070 
482 71.526492 0.000000 22.387997 99.794045 0.002964 6.476342 -0.000079 
483 93.451989 0.000000 22.387997 99.798232 0.004482 6.393560 -0.000056 
484 71.526492 0.000000 43.425995 99.769396 -0.001021 6.861167 -0.000101 
485 38.638246 0.000000 11.868999 99.856775 0.024511 5.641721 -0.000321 
486 49.600995 0.000000 11.868999 99.862317 0.031432 5.503828 -0.000278 
487 38.638246 0.000000 22.387997 99.802020 0.001634 6.565387 -0.000355 
488 22.194123 0.000000 6.609499 99.895405 0.145355 4.594028 -0.000022 
489 27.675497 0.000000 6.609499 99.902220 0.134811 4.561916 -0.000128 
490 22.194123 0.000000 11.868999 99.825851 0.044994 5.846157 0.000062 
491 13.972061 0.000000 3.979750 99.755997 1.089412 3.532672 0.003507 
492 16.712749 0.000000 3.979750 99.808379 1.226093 3.869111 0.002181 
493 13.972061 0.000000 6.609499 99.875065 0.059322 4.538734 0.000437 
494 9.861031 0.000000 2.664875 98.063510 0.000000 2.058117 0.037931 
495 11.231374 0.000000 2.664875 99.436509 -0.869723 1.897966 0.010802 
496 9.861031 0.000000 3.979750 100.317518 0.469467 2.380294 -0.006949 
497 9.175859 0.000000 0.692563 98.974323 0.525225 -5.342158 0.017527 
498 9.861031 0.000000 0.692563 100.769354 0.519202 -11.104308 -0.027804 
499 9.175859 0.000000 1.350000 94.737966 0.052688 2.291391 0.101946 
500 7.805515 0.000000 2.007437 99.409814 -0.096080 -0.484580 0.011744 
501 8.490687 0.000000 2.007437 99.238742 0.280556 -0.241465 0.015154 
502 7.805515 0.000000 2.664875 99.961728 -0.278814 0.515226 0.000731 
503 8.148101 0.000000 1.021281 95.349222 -1.351346 -3.933396 0.089123 
504 7.805515 0.000000 1.021281 97.306520 -1.367620 -2.821283 0.052161 
505 8.148101 0.000000 0.692563 95.002482 -1.344139 -3.733817 0.095878 
506 8.490687 0.000000 1.021281 78.126404 0.130856 45.416544 0.183359 
507 8.148101 0.000000 1.350000 97.134360 -0.163738 0.587687 0.056454 
508 8.148101 0.000000 0.363844 2.544877 0.117364 -0.374579 0.999337 
509 7.805515 0.000000 0.363844 1.560048 -0.258447 0.217604 0.999745 
510 8.490687 0.000000 0.363844 2.135630 0.312545 -2.599020 0.998859 
511 9.175859 0.000000 2.007437 91.993220 -0.000000 2.995185 0.152828 
512 9.861031 0.000000 2.007437 98.388175 0.000000 1.721117 0.031680 
513 9.175859 0.000000 2.664875 99.301843 0.441471 0.896776 0.013814 
514 8.833273 0.000000 1.021281 121.640089 0.696358 -18.791490 -0.514992 
515 8.833273 0.000000 0.692563 97.686051 0.832663 -6.223506 0.041801 
516 9.175859 0.000000 1.021281 92.353234 1.023551 18.411279 0.113086 
517 8.833273 0.000000 1.350000 95.995783 2.077780 -0.057279 0.078049 
518 8.319394 0.000000 0.856922 70.209012 -1.205532 -2.196577 0.506442 
519 8.148101 0.000000 0.856922 88.542441 -1.294330 -2.870455 0.215032 
520 8.319394 0.000000 0.692563 81.764652 -1.267127 -2.811440 0.330503 
521 8.490687 0.000000 0.856922 35.216911 -0.970827 46.362758 0.660932 
522 8.319394 0.000000 1.021281 95.539832 -1.355308 -4.043109 0.085396 
523 8.833273 0.000000 0.363844 5.737736 0.363613 -0.827519 0.996626 
524 8.833273 0.000000 0.035125 96.925158 0.594244 17.203542 0.030920 
525 9.175859 0.000000 0.363844 9.408086 -0.136047 3.059731 0.990211 
526 8.319394 0.000000 0.528203 95.631509 -1.357214 -4.095877 0.083600 
527 8.148101 0.000000 0.528203 95.555507 -1.355634 -4.052131 0.085089 
528 8.319394 0.000000 0.363844 1.460963 0.239830 -0.915279 0.999697 
529 8.490687 0.000000 0.528203 -0.212321 1.417891 -4.178872 0.998048 
530 8.661980 0.000000 0.856922 90.061353 1.521900 -2.219110 0.188171 
531 8.661980 0.000000 0.692563 71.124894 0.192511 -10.915851 0.482206 
532 8.833273 0.000000 0.856922 95.309832 1.667879 -1.993161 0.090928 
533 8.661980 0.000000 1.021281 93.210251 1.273843 15.945653 0.105596 
534 8.405041 0.000000 0.774742 63.871721 -1.041845 -2.710328 0.591197 
535 8.319394 0.000000 0.774742 69.909786 -1.203947 -2.180976 0.510642 
536 8.405041 0.000000 0.692563 78.992782 -0.971133 -4.404487 0.373980 
537 8.490687 0.000000 0.774742 73.785006 -0.815185 -4.503126 0.453483 
538 8.405041 0.000000 0.856922 42.111799 -1.151441 21.661562 0.775605 
539 8.833273 0.000000 -0.293594 96.321419 0.480154 19.672151 0.033496 
540 8.833273 0.000000 -0.622312 95.161424 0.407746 9.680925 0.085042 
541 9.175859 0.000000 -0.293594 98.693658 1.391603 14.495194 0.004751 
542 12.601718 0.000000 0.035125 98.187339 0.783101 4.120724 0.034165 
543 12.601718 0.000000 -1.279750 98.763783 0.202892 4.187063 0.022814 
544 13.972061 0.000000 0.035125 99.116017 0.779067 4.057688 0.015894 
545 12.601718 0.000000 1.350000 98.410217 -0.234433 3.095153 0.030579 
546 10.546203 0.000000 0.692563 86.052434 0.841147 8.345927 0.252462 
547 10.546203 0.000000 0.035125 91.067391 0.883020 10.443933 0.159687 
548 11.231374 0.000000 0.692563 97.394686 -0.740552 22.409058 0.001156 
549 10.546203 0.000000 1.350000 100.562394 0.085504 3.664992 -0.012623 
550 10.546203 0.000000 -0.622312 96.457011 0.138543 6.482411 0.065400 
551 10.546203 0.000000 -1.279750 97.663575 0.104153 5.099674 0.043581 
552 11.231374 0.000000 -0.622312 97.269280 0.216199 5.082496 0.051281 
553 10.203617 0.000000 0.363844 81.866477 -1.734915 36.037426 0.199617 
554 9.861031 0.000000 0.363844 92.256366 -1.395586 28.634101 0.066690 
555 10.203617 0.000000 0.035125 85.037718 -3.101712 44.798331 0.075208 
556 10.546203 0.000000 0.363844 71.286833 -0.241249 39.732233 0.333948 
557 10.203617 0.000000 0.692563 91.891399 0.513872 7.456600 0.150011 
558 12.601718 0.000000 2.664875 99.364581 -0.724650 2.341736 0.012067 
559 13.972061 0.000000 2.664875 99.478814 -0.249373 2.823891 0.009593 
560 12.601718 0.000000 3.979750 99.807047 1.088014 3.178381 0.002727 
561 11.916546 0.000000 0.692563 95.191385 -1.690803 2.397535 0.092999 
562 11.916546 0.000000 0.035125 97.067156 0.604553 4.976781 0.055283 
563 12.601718 0.000000 0.692563 98.186778 -2.251874 2.045291 0.035010 
564 11.916546 0.000000 1.350000 97.114242 -0.817768 1.593641 0.056562 
565 10.888788 0.000000 0.363844 93.964250 -3.888096 6.457379 0.111390 
566 10.888788 0.000000 0.035125 94.320220 0.918144 6.481489 0.106084 
567 11.231374 0.000000 0.363844 96.742131 -3.941913 11.586051 0.049118 
568 10.888788 0.000000 0.692563 85.409207 0.189157 0.458313 0.270502 
569 10.546203 0.000000 2.007437 99.108302 -0.000000 2.080136 0.017322 
570 11.231374 0.000000 2.007437 99.195260 -0.165427 0.964829 0.015934 
571 10.546203 0.000000 2.664875 99.027682 -0.000000 2.228414 0.018855 
572 10.203617 0.000000 1.021281 94.980015 1.939550 -3.179735 0.096492 
573 9.861031 0.000000 1.021281 122.047462 0.353204 32.171230 -0.593070 
574 10.546203 0.000000 1.021281 113.865686 2.868504 -14.644094 -0.318807 
575 10.203617 0.000000 1.350000 98.541229 0.192084 1.480807 0.028740 
576 10.374910 0.000000 0.528203 77.370972 -0.345191 31.266104 0.303604 
577 10.203617 0.000000 0.528203 87.166077 -0.634176 20.326400 0.198851 
578 10.374910 0.000000 0.363844 78.713677 -0.774282 32.474798 0.274895 
579 10.546203 0.000000 0.528203 79.419973 0.489117 18.708707 0.334221 
580 10.374910 0.000000 0.692563 88.864428 0.590795 10.207570 0.199857 
581 4.722242 0.000000 1.021281 108.001235 -0.699515 0.055627 -0.166476 
582 4.379656 0.000000 1.021281 108.646318 -0.745167 0.038821 -0.180458 
583 4.722242 0.000000 0.692563 105.891110 -0.496949 0.000000 -0.121317 
584 4.722242 0.000000 1.350000 107.980997 -0.697559 0.055118 -0.166039 
585 8.833273 0.000000 1.678719 98.512182 0.821897 -0.703540 0.029418 
586 8.490687 0.000000 1.678719 99.036419 0.292220 -0.497618 0.019145 
587 9.175859 0.000000 1.678719 94.309129 -0.000000 1.491860 0.110356 
588 8.833273 0.000000 2.007437 99.071098 0.582672 -0.071551 0.018457 
589 8.661980 0.000000 1.185641 91.314261 2.217996 0.000000 0.165679 
590 8.490687 0.000000 1.185641 106.266646 -0.099187 5.826636 -0.132656 
591 8.833273 0.000000 1.185641 92.799206 0.357315 -7.149805 0.133706 
592 8.661980 0.000000 1.350000 100.502150 0.349119 -2.598233 -0.010755 
593 8.576334 0.000000 0.939102 85.622167 0.374617 37.308925 0.127675 
594 8.490687 0.000000 0.939102 64.212492 -0.350949 58.301162 0.247761 
595 8.576334 0.000000 0.856922 88.328367 0.673179 24.378950 0.160331 
596 8.661980 0.000000 0.939102 93.159088 1.206924 17.276861 0.102144 
597 8.576334 0.000000 1.021281 96.155722 0.602755 27.209069 0.001338 
598 9.518445 0.000000 1.021281 93.359808 -0.007086 -12.201956 0.113506 
599 9.518445 0.000000 0.692563 100.993678 0.050051 -11.343059 -0.032839 
600 9.518445 0.000000 1.350000 96.985983 0.006913 0.374187 0.059358 
601 9.004566 0.000000 0.856922 99.687497 0.810167 -4.696044 0.003969 
602 9.004566 0.000000 0.692563 99.809971 0.690616 -5.287882 0.000953 
603 9.175859 0.000000 0.856922 99.396291 0.517424 -7.124390 0.006935 
604 9.004566 0.000000 1.021281 89.292778 0.803606 -7.682601 0.196713 
605 9.004566 0.000000 1.185641 89.853963 0.043670 -2.715329 0.191889 
606 9.175859 0.000000 1.185641 94.044216 0.082720 8.655527 0.108076 
607 9.004566 0.000000 1.350000 90.391327 0.031801 0.477191 0.182918 
608 8.918920 0.000000 0.939102 94.781275 1.781760 -2.264200 0.100821 
609 8.833273 0.000000 0.939102 94.485389 1.840607 -1.573558 0.106665 
610 8.918920 0.000000 0.856922 99.813640 0.769611 -4.837965 0.001324 
611 9.004566 0.000000 0.939102 99.600638 0.884634 -4.330822 0.006017 
612 8.918920 0.000000 1.021281 102.317068 0.952972 -18.802430 -0.082322 
613 8.747627 0.000000 0.939102 94.525846 1.886603 -0.889752 0.106051 
614 8.747627 0.000000 0.856922 95.798629 1.428695 -2.419094 0.081473 
615 8.747627 0.000000 1.021281 93.211906 2.097039 -0.179871 0.130711 
616 8.918920 0.000000 1.103461 100.320102 0.145804 -17.210417 -0.036034 
617 8.833273 0.000000 1.103461 111.025719 0.508674 -15.510618 -0.256755 
618 9.004566 0.000000 1.103461 88.679040 0.064701 -7.183514 0.208442 
619 8.918920 0.000000 1.185641 90.877960 0.031573 -5.737002 0.170828 
620 8.876096 0.000000 0.980191 114.270461 0.761809 -18.246910 -0.339127 
621 8.833273 0.000000 0.980191 115.790397 1.014471 -14.223329 -0.361075 
622 8.876096 0.000000 0.939102 94.681434 1.812407 -1.714166 0.102920 
623 8.918920 0.000000 0.980191 100.341669 1.246079 -16.307796 -0.033595 
624 8.876096 0.000000 1.021281 120.550808 0.431859 -22.794677 -0.505228 
625 8.747627 0.000000 1.103461 96.228895 1.651705 -0.401226 0.073711 
626 8.661980 0.000000 1.103461 95.616975 1.603739 5.849174 0.082061 
627 8.747627 0.000000 1.185641 95.004776 1.855974 -0.030221 0.097065 
628 8.790450 0.000000 0.980191 108.847336 1.405096 -6.964628 -0.189822 
629 8.747627 0.000000 0.980191 93.758896 1.972596 -0.668580 0.120493 
630 8.790450 0.000000 0.939102 94.458081 1.829385 -1.476141 0.107215 
631 8.790450 0.000000 1.021281 115.295761 1.176693 -11.102098 -0.341775 
632 8.876096 0.000000 1.062371 120.428976 0.259366 -22.937829 -0.502935 
633 8.833273 0.000000 1.062371 121.172820 0.519821 -18.835362 -0.503789 
634 8.918920 0.000000 1.062371 105.570659 0.223785 -20.865820 -0.158060 
635 8.876096 0.000000 1.103461 106.471595 0.326979 -15.684628 -0.158231 
636 8.854685 0.000000 1.000736 117.595406 1.626478 -16.597837 -0.410681 
637 8.833273 0.000000 1.000736 117.745462 0.829750 -17.205788 -0.416072 
638 8.854685 0.000000 0.980191 115.800755 0.872303 -16.780156 -0.369215 
639 8.876096 0.000000 1.000736 105.592027 1.467963 -18.517287 -0.149472 
640 8.854685 0.000000 1.021281 123.612886 0.512934 -21.354697 -0.573643 
641 8.790450 0.000000 1.062371 117.405464 0.972124 -14.417538 -0.399285 
642 8.747627 0.000000 1.062371 93.825919 2.050311 -0.239683 0.119244 
643 8.790450 0.000000 1.103461 117.461523 1.138802 -11.927502 -0.394077 
644 8.811861 0.000000 1.000736 116.246121 1.005462 -14.197868 -0.371575 
645 8.790450 0.000000 1.000736 113.150805 1.213667 -10.422804 -0.291321 
646 8.811861 0.000000 0.980191 113.825730 1.191052 -10.824503 -0.307489 
647 8.811861 0.000000 1.021281 118.648671 0.915829 -15.316551 -0.431294 
648 9.518445 0.000000 0.363844 98.326292 0.243707 11.292997 0.020435 
649 9.518445 0.000000 0.035125 98.284333 1.059865 25.084167 -0.029015 
650 9.004566 0.000000 0.528203 91.102082 0.000000 -14.223625 0.149810 
651 8.833273 0.000000 0.528203 7.303801 1.106633 -4.776626 0.992261 
652 9.004566 0.000000 0.363844 8.711454 0.228037 0.491451 0.992382 
653 9.175859 0.000000 0.528203 91.102082 0.000000 -14.223625 0.149810 
654 8.918920 0.000000 0.774742 99.842803 0.720829 -5.094798 0.000494 
655 8.833273 0.000000 0.774742 99.928479 0.701303 -5.145493 -0.001267 
656 8.918920 0.000000 0.692563 99.867014 0.682920 -5.292017 -0.000189 
657 9.004566 0.000000 0.774742 99.761637 0.740111 -5.042166 0.002164 
658 8.876096 0.000000 0.898012 95.098969 1.722494 -1.917083 0.094954 
659 8.833273 0.000000 0.898012 94.917447 1.751047 -1.780990 0.098444 
660 8.876096 0.000000 0.856922 95.163329 1.673622 -2.567837 0.093455 
661 8.918920 0.000000 0.898012 95.143289 1.698217 -2.486491 0.093869 
662 8.854685 0.000000 0.959647 114.418984 1.045096 -13.693588 -0.328031 
663 8.833273 0.000000 0.959647 113.290731 1.199938 -10.658267 -0.294983 
664 8.854685 0.000000 0.939102 94.550842 1.833494 -1.634691 0.105410 
665 8.876096 0.000000 0.959647 113.771713 0.917416 -15.947296 -0.319916 
666 8.843979 0.000000 0.990464 116.893680 0.847377 -17.082712 -0.395667 
667 8.833273 0.000000 0.990464 116.183858 0.885437 -16.467232 -0.377064 
668 8.843979 0.000000 0.980191 115.432438 0.900523 -16.318510 -0.359175 
669 8.854685 0.000000 0.990464 110.874608 1.261560 -17.902334 -0.261526 
670 8.843979 0.000000 1.000736 121.576797 1.090869 -11.397882 -0.491202 
671 10.888788 0.000000 1.021281 99.498137 1.992084 -9.043701 0.001436 
672 11.231374 0.000000 1.021281 95.920696 -1.717152 -34.618944 -0.040220 
673 10.888788 0.000000 1.350000 103.072705 -1.279595 -0.628591 -0.062601 
674 10.717495 0.000000 0.528203 79.265519 0.770770 9.868451 0.361900 
675 10.717495 0.000000 0.363844 87.339098 -3.820637 6.144974 0.231952 
676 10.888788 0.000000 0.528203 87.053449 -0.335245 0.625498 0.242119 
677 10.717495 0.000000 0.692563 81.272548 1.264765 -0.090661 0.339317 
678 10.717495 0.000000 0.856922 89.678505 3.396339 -0.075675 0.194622 
679 10.546203 0.000000 0.856922 100.049771 2.101674 -6.546284 -0.005723 
680 10.888788 0.000000 0.856922 99.954473 1.528103 -7.525187 -0.004986 
681 10.717495 0.000000 1.021281 96.651577 2.131755 15.649220 0.040903 
682 10.374910 0.000000 0.856922 94.460410 0.724779 4.434713 0.105704 
683 10.203617 0.000000 0.856922 104.329783 1.158761 -9.944757 -0.098494 
684 10.374910 0.000000 1.021281 106.599444 2.496302 16.685628 -0.164808 
685 10.203617 0.000000 1.678719 98.430565 0.000000 1.934595 0.030768 
686 9.861031 0.000000 1.678719 97.844826 0.000000 1.884634 0.042284 
687 10.546203 0.000000 1.678719 99.238117 -0.000000 2.156488 0.014715 
688 10.203617 0.000000 2.007437 98.761905 0.000000 2.012558 0.024204 
689 10.374910 0.000000 1.185641 102.143101 0.139557 8.463106 -0.050486 
690 10.203617 0.000000 1.185641 96.581808 0.225247 -1.167545 0.067054 
691 10.546203 0.000000 1.185641 105.540628 0.242427 3.086465 -0.114841 
692 10.374910 0.000000 1.350000 99.247823 0.127984 3.466716 0.013784 
693 10.460556 0.000000 0.939102 99.907927 4.058196 -5.201082 -0.002511 
694 10.374910 0.000000 0.939102 100.943705 3.476718 -6.054048 -0.023837 
695 10.460556 0.000000 0.856922 95.431845 2.842145 1.571347 0.088222 
696 10.546203 0.000000 0.939102 100.393101 4.329519 -5.314778 -0.012577 
697 10.460556 0.000000 1.021281 129.945815 2.263960 9.366759 -0.697878 
698 11.916546 0.000000 2.007437 98.753989 -0.540613 1.935643 0.024361 
699 12.601718 0.000000 2.007437 98.983443 -0.425109 2.657479 0.019504 
700 11.916546 0.000000 2.664875 99.337218 -1.218902 1.911026 0.012698 
701 10.888788 0.000000 1.678719 99.960862 -1.051821 0.751559 0.000615 
702 11.231374 0.000000 1.678719 99.095805 -0.603814 0.197813 0.017962 
703 10.888788 0.000000 2.007437 99.432692 -0.493034 1.109791 0.011167 
704 10.717495 0.000000 1.185641 103.412729 0.248384 6.458177 -0.073596 
705 10.888788 0.000000 1.185641 108.417691 -0.967813 -1.984184 -0.175927 
706 10.717495 0.000000 1.350000 101.864674 0.000000 2.860858 -0.038460 
707 10.631849 0.000000 0.939102 100.693288 5.239254 0.025506 -0.016659 
708 10.631849 0.000000 0.856922 92.116976 3.582219 -0.053892 0.150163 
709 10.717495 0.000000 0.939102 94.873880 6.554008 -1.470080 0.095383 
710 10.631849 0.000000 1.021281 98.262031 1.744884 4.267125 0.032332 
711 10.460556 0.000000 1.103461 129.884887 0.819981 9.028163 -0.695226 
712 10.374910 0.000000 1.103461 103.656106 0.529030 19.013682 -0.110639 
713 10.546203 0.000000 1.103461 113.198274 0.654102 -8.980789 -0.289493 
714 10.460556 0.000000 1.185641 106.932968 0.298978 6.001365 -0.147077 
715 10.503379 0.000000 0.980191 129.994015 3.722051 -10.372502 -0.701989 
716 10.460556 0.000000 0.980191 134.235419 3.208330 5.690725 -0.806183 
717 10.503379 0.000000 0.939102 99.809103 4.130625 -5.044628 -0.000437 
718 10.546203 0.000000 0.980191 108.998069 3.546730 -14.471265 -0.210258 
719 10.503379 0.000000 1.021281 133.617162 3.103251 -11.507950 -0.799561 
720 13.972061 0.000000 -6.539249 99.488835 -0.054616 5.668078 0.006984 
721 13.972061 0.000000 -9.168999 99.565111 0.009707 6.128364 0.004923 
722 16.712749 0.000000 -6.539249 99.601438 -0.031055 5.666755 0.004744 
723 12.601718 0.000000 -2.594624 98.989450 0.267558 4.524081 0.018055 
724 12.601718 0.000000 -3.909499 99.157019 0.225009 4.949990 0.014333 
725 13.972061 0.000000 -2.594624 99.272804 -0.051517 4.614846 0.012361 
726 11.916546 0.000000 -0.622312 97.984021 0.318440 4.592456 0.037794 
727 11.916546 0.000000 -1.279750 98.505917 0.196668 4.534585 0.027598 
728 12.601718 0.000000 -0.622312 98.479972 0.270936 4.110433 0.028473 
729 11.573960 0.000000 0.363844 94.750723 -3.979785 12.461847 0.085116 
730 11.573960 0.000000 0.035125 96.523158 0.938826 5.922124 0.064733 
731 11.916546 0.000000 0.363844 95.884783 -3.233903 12.072530 0.064990 
732 11.573960 0.000000 0.692563 85.755478 -1.409025 6.905577 0.259633 
733 11.060081 0.000000 0.528203 92.102198 -0.795438 2.484505 0.151038 
734 11.060081 0.000000 0.363844 96.640871 -3.963432 8.773330 0.056786 
735 11.231374 0.000000 0.528203 98.264996 -0.906107 11.112549 0.021968 
736 11.060081 0.000000 0.692563 93.346117 -0.534427 4.737251 0.126378 
737 11.573960 0.000000 1.021281 90.542120 2.036888 -3.435043 0.178618 
738 11.916546 0.000000 1.021281 95.579317 1.729355 1.427496 0.085957 
739 11.573960 0.000000 1.350000 96.641393 -0.967302 -0.727496 0.065898 
740 11.060081 0.000000 0.856922 99.599425 -1.580372 -26.742832 -0.063772 
741 11.231374 0.000000 0.856922 87.829221 -1.754987 -38.087075 0.083232 
742 11.060081 0.000000 1.021281 100.595264 -1.111690 -23.078746 -0.065327 
743 11.402667 0.000000 0.856922 68.679709 -1.481277 -30.570908 0.434632 
744 11.402667 0.000000 0.692563 76.772687 -1.016979 23.895987 0.353390 
745 11.573960 0.000000 0.856922 83.853705 -1.430937 -0.751162 0.296594 
746 11.402667 0.000000 1.021281 88.501828 1.552037 -11.928911 0.202272 
747 11.402667 0.000000 0.528203 94.013452 -3.236506 11.785005 0.101211 
748 11.402667 0.000000 0.363844 95.405563 -4.013406 12.674183 0.072104 
749 11.573960 0.000000 0.528203 92.420363 -3.598016 7.777892 0.138504 
750 11.317021 0.000000 0.774742 80.221180 -0.999868 -3.685820 0.354998 
751 11.231374 0.000000 0.774742 87.146767 -1.600192 -28.723213 0.157786 
752 11.317021 0.000000 0.692563 93.132079 -0.797909 25.696486 0.066547 
753 11.402667 0.000000 0.774742 69.485801 -1.094685 1.111897 0.516929 
754 11.317021 0.000000 0.856922 82.337847 -1.624360 -34.131230 0.205290 
755 9.518445 0.000000 1.678719 96.991656 0.000000 1.495245 0.059038 
756 9.518445 0.000000 2.007437 97.564735 0.000000 1.500027 0.047887 
757 9.347152 0.000000 1.185641 108.893913 0.060256 3.647585 -0.187119 
758 9.347152 0.000000 1.021281 150.197108 0.890097 -19.804017 -1.295216 
759 9.518445 0.000000 1.185641 97.458160 0.067152 -5.602084 0.047052 
760 9.347152 0.000000 1.350000 97.591293 0.046545 1.684005 0.047310 
761 10.717495 0.000000 1.514359 100.559594 0.000000 1.998724 -0.011623 
762 10.546203 0.000000 1.514359 99.740869 -0.000000 2.603253 0.004498 
763 10.888788 0.000000 1.514359 101.004791 -0.504077 0.180846 -0.020225 
764 10.717495 0.000000 1.678719 99.767251 0.000000 1.682607 0.004366 
765 10.631849 0.000000 1.267820 102.362647 0.058552 3.981490 -0.049397 
766 10.546203 0.000000 1.267820 102.062119 0.085029 4.074274 -0.043328 
767 10.631849 0.000000 1.185641 103.025781 0.155877 4.885585 -0.063820 
768 10.717495 0.000000 1.267820 102.965740 0.000000 3.947952 -0.061753 
769 10.631849 0.000000 1.350000 101.198325 0.000000 3.361249 -0.025240 
770 10.374910 0.000000 1.514359 98.953408 -0.000000 2.577456 0.020158 
771 10.203617 0.000000 1.514359 98.477999 0.000000 1.983695 0.029815 
772 10.374910 0.000000 1.678719 98.765332 -0.000000 2.155033 0.024077 
773 10.460556 0.000000 1.267820 101.755337 0.122083 4.556297 -0.037492 
774 10.374910 0.000000 1.267820 100.106985 0.149269 4.454116 -0.004127 
775 10.460556 0.000000 1.350000 99.829991 0.100708 3.764114 0.001979 
776 9.689738 0.000000 1.185641 93.536317 0.011644 4.569522 0.123008 
777 9.689738 0.000000 1.021281 91.234103 -0.044883 8.877125 0.159753 
778 9.861031 0.000000 1.185641 106.041882 0.148298 10.452271 -0.135415 
779 9.689738 0.000000 1.350000 96.754313 0.008267 2.634717 0.063166 
780 9.347152 0.000000 1.514359 96.425959 0.000000 1.266089 0.070043 
781 9.175859 0.000000 1.514359 95.055004 0.000000 1.156767 0.096321 
782 9.518445 0.000000 1.514359 96.801680 0.004129 1.427169 0.062740 
783 9.347152 0.000000 1.678719 96.377883 0.000000 1.268413 0.070969 
784 9.432798 0.000000 1.267820 99.306051 0.072145 -0.480371 0.013807 
785 9.347152 0.000000 1.267820 100.000806 0.074561 2.021549 -0.000425 
786 9.432798 0.000000 1.185641 104.834753 0.069331 -4.951512 -0.101485 
787 9.518445 0.000000 1.267820 97.040690 0.008182 -2.029760 0.057898 
788 9.432798 0.000000 1.350000 97.549098 0.007868 0.828680 0.048349 
789 9.004566 0.000000 1.514359 90.937937 -0.000000 1.726011 0.172731 
790 8.833273 0.000000 1.514359 98.220072 0.952449 -1.466745 0.034976 
791 9.004566 0.000000 1.678719 90.868152 -0.000000 2.675656 0.173582 
792 8.918920 0.000000 1.267820 89.507622 0.060821 -1.349688 0.198656 
793 8.833273 0.000000 1.267820 89.530875 0.404279 -1.434312 0.198200 
794 9.004566 0.000000 1.267820 90.566609 0.042575 -0.439350 0.179749 
795 8.918920 0.000000 1.350000 88.643666 0.109317 0.361218 0.214216 
796 10.631849 0.000000 1.432180 101.045029 0.000000 2.578575 -0.021675 
797 10.546203 0.000000 1.432180 100.403744 -0.000000 2.941293 -0.008956 
798 10.717495 0.000000 1.432180 101.570440 0.000000 2.067772 -0.032083 
799 10.631849 0.000000 1.514359 100.212513 0.000000 2.312579 -0.004790 
800 10.460556 0.000000 1.432180 99.897076 0.098732 2.984418 0.001166 
801 10.374910 0.000000 1.432180 99.270034 0.076121 2.874941 0.013719 
802 10.460556 0.000000 1.514359 99.282720 -0.000000 2.638267 0.013598 
803 9.689738 0.000000 1.514359 97.076080 0.003735 2.075015 0.057193 
804 9.861031 0.000000 1.514359 98.031741 0.003495 2.394848 0.038404 
805 9.689738 0.000000 1.678719 97.223962 0.000000 1.604793 0.054493 
806 9.432798 0.000000 1.432180 97.217317 0.003077 1.300462 0.054710 
807 9.347152 0.000000 1.432180 97.164272 0.003268 1.512143 0.055682 
808 9.518445 0.000000 1.432180 97.025585 0.004415 1.268531 0.058443 
809 9.432798 0.000000 1.514359 96.846598 0.003464 1.341780 0.061894 
810 27.675497 0.000000 64.463992 99.773832 -0.000875 6.939300 -0.000297 
811 5.750000 0.000000 64.463992 99.777046 -0.000694 6.952509 -0.000380 
812 49.600995 0.000000 64.463992 99.768633 -0.000953 6.931589 -0.000183 
813 27.675497 0.000000 85.501989 99.766998 -0.000657 6.956837 -0.000185 
814 16.712749 0.000000 32.906996 99.805901 -0.000715 6.837382 -0.000797 
815 5.750000 0.000000 32.906996 99.817789 -0.002117 6.881717 -0.001095 
816 27.675497 0.000000 32.906996 99.801875 -0.001192 6.805195 -0.000672 
817 16.712749 0.000000 43.425995 99.797450 -0.001164 6.900297 -0.000715 
818 11.231374 0.000000 17.128498 99.836297 0.019747 6.478307 -0.000926 
819 5.750000 0.000000 17.128498 99.889227 0.020506 6.593951 -0.002134 
820 16.712749 0.000000 17.128498 99.836083 0.031072 6.405841 -0.000828 
821 11.231374 0.000000 22.387997 99.825465 0.003140 6.700390 -0.001002 
822 8.490687 0.000000 9.239249 100.369247 0.095785 5.464144 -0.010385 
823 5.750000 0.000000 9.239249 100.782799 0.089999 5.798914 -0.019081 
824 11.231374 0.000000 9.239249 100.097927 -0.041215 5.351314 -0.004823 
825 8.490687 0.000000 11.868999 100.262292 -0.038449 6.022113 -0.008879 
826 9.861031 0.000000 5.294624 100.571368 0.402968 3.346225 -0.012596 
827 8.490687 0.000000 5.294624 101.025052 0.215685 3.283110 -0.021689 
828 11.231374 0.000000 5.294624 100.205645 0.553496 3.533073 -0.005396 
829 9.861031 0.000000 6.609499 100.423635 0.291017 4.242210 -0.010299 
830 9.175859 0.000000 3.322312 99.987160 0.107224 1.536967 0.000019 
831 8.490687 0.000000 3.322312 100.158625 0.002662 1.435870 -0.003381 
832 9.861031 0.000000 3.322312 98.795018 0.000000 3.103738 0.022991 
833 9.175859 0.000000 3.979750 100.521221 0.135396 2.190012 -0.010933 
834 9.518445 0.000000 2.336156 97.534368 0.000000 1.737315 0.048403 
835 9.175859 0.000000 2.336156 99.218702 1.549733 0.802968 0.015260 
836 9.861031 0.000000 2.336156 98.214081 0.000000 1.862417 0.035053 
837 9.518445 0.000000 2.664875 96.467531 -0.000000 2.807178 0.068614 
838 9.347152 0.000000 1.843078 97.189151 0.000000 1.490159 0.055205 
839 9.175859 0.000000 1.843078 93.747882 -0.000000 2.480945 0.120518 
840 9.518445 0.000000 1.843078 97.851502 0.000000 1.559348 0.042265 
841 9.347152 0.000000 2.007437 96.589214 0.000000 1.692615 0.066766 
842 9.432798 0.000000 1.596539 96.902767 0.000000 1.454372 0.060774 
843 9.347152 0.000000 1.596539 96.510756 0.000000 1.288234 0.068401 
844 9.518445 0.000000 1.596539 97.015040 0.000000 1.500055 0.058583 
845 9.432798 0.000000 1.678719 96.701181 0.000000 1.330147 0.064711 
846 9.261505 0.000000 1.596539 96.076319 0.000000 1.207546 0.076788 
847 9.175859 0.000000 1.596539 95.019816 0.000000 1.260942 0.096964 
848 9.261505 0.000000 1.514359 95.968914 0.000000 1.275285 0.078834 
849 9.261505 0.000000 1.678719 95.941176 0.000000 1.280517 0.079365 
850 9.389975 0.000000 1.555449 96.470419 0.000000 1.243090 0.069191 
851 9.347152 0.000000 1.555449 96.309762 0.000000 1.219737 0.072294 
852 9.389975 0.000000 1.514359 96.668429 0.000000 1.311386 0.065350 
853 9.432798 0.000000 1.555449 96.726145 0.000000 1.390487 0.064212 
854 9.389975 0.000000 1.596539 96.654497 0.000000 1.261031 0.065632 
855 10.546203 0.000000 3.322312 99.703778 -0.000000 3.667795 0.004570 
856 11.231374 0.000000 3.322312 99.697451 -1.354235 2.087269 0.005423 
857 10.546203 0.000000 3.979750 99.976031 0.800451 2.562801 -0.000242 
858 10.888788 0.000000 2.336156 99.350609 -1.205283 1.491105 0.012578 
859 10.546203 0.000000 2.336156 98.957056 -0.000000 2.115754 0.020302 
860 11.231374 0.000000 2.336156 99.224717 -0.818693 1.589754 0.015126 
861 10.888788 0.000000 2.664875 99.476272 -1.078312 1.722598 0.010034 
862 10.717495 0.000000 1.843078 100.084365 0.000000 1.700029 -0.001977 
863 10.546203 0.000000 1.843078 99.693584 -0.000000 1.973908 0.005729 
864 10.888788 0.000000 1.843078 99.579829 -1.349956 0.913845 0.008120 
865 10.717495 0.000000 2.007437 99.195056 0.000000 1.924029 0.015664 
866 10.203617 0.000000 2.336156 98.475779 0.000000 2.384417 0.029684 
867 10.203617 0.000000 2.664875 98.525519 0.000000 2.390462 0.028701 
868 10.374910 0.000000 1.843078 99.271635 -0.000000 2.047381 0.014095 
869 10.203617 0.000000 1.843078 98.947343 0.000000 1.993578 0.020545 
870 10.374910 0.000000 2.007437 98.974886 -0.000000 2.021868 0.019988 
871 10.631849 0.000000 1.760898 99.360593 0.000000 1.957591 0.012364 
872 10.546203 0.000000 1.760898 99.182109 -0.000000 2.016620 0.015884 
873 10.631849 0.000000 1.678719 99.510399 -0.000000 1.996120 0.009370 
874 10.717495 0.000000 1.760898 99.497054 0.000000 1.762684 0.009723 
875 10.631849 0.000000 1.843078 99.932394 0.000000 1.938775 0.000976 
876 9.689738 0.000000 1.843078 98.022957 0.000000 1.619722 0.038888 
877 9.861031 0.000000 1.843078 98.394033 0.000000 1.770104 0.031548 
878 9.689738 0.000000 2.007437 97.955239 0.000000 1.659606 0.040202 
879 9.432798 0.000000 1.760898 96.819356 0.000000 1.321789 0.062427 
880 9.347152 0.000000 1.760898 96.503292 0.000000 1.258978 0.068553 
881 9.518445 0.000000 1.760898 97.154022 0.000000 1.492029 0.055887 
882 9.432798 0.000000 1.843078 97.515150 0.000000 1.464986 0.048865 
883 8.833273 0.000000 2.336156 99.296868 0.428605 0.366169 0.013981 
884 8.490687 0.000000 2.336156 99.555800 0.277630 0.055661 0.008856 
885 8.833273 0.000000 2.664875 99.510562 0.047877 0.700087 0.009716 
886 9.004566 0.000000 1.843078 98.576604 1.600301 -0.019813 0.028009 
887 8.833273 0.000000 1.843078 98.768952 0.727329 -0.317383 0.024406 
888 9.004566 0.000000 2.007437 98.848681 1.053830 0.207300 0.022778 
889 9.261505 0.000000 1.760898 95.854887 0.000000 1.298811 0.081015 
890 9.175859 0.000000 1.760898 93.456348 -0.000000 1.927078 0.126220 
891 9.261505 0.000000 1.843078 96.330454 0.000000 1.653895 0.071771 
892 9.090212 0.000000 1.760898 90.858253 -0.000000 2.531656 0.173837 
893 9.004566 0.000000 1.760898 87.893032 -0.000000 3.223718 0.226442 
894 9.090212 0.000000 1.678719 91.280799 -0.000000 2.344774 0.166232 
895 9.090212 0.000000 1.843078 92.244214 -0.000000 3.039641 0.148177 
896 10.717495 0.000000 2.171797 99.227695 0.000000 1.795565 0.015064 
897 10.546203 0.000000 2.171797 98.819133 -0.000000 2.185405 0.023000 
898 10.888788 0.000000 2.171797 99.357116 -0.895953 1.375843 0.012547 
899 10.717495 0.000000 2.336156 99.266329 0.000000 1.800675 0.014295 
900 10.631849 0.000000 1.925258 99.264316 -0.000000 1.854818 0.014316 
901 10.546203 0.000000 1.925258 99.064681 -0.000000 1.955765 0.018236 
902 10.717495 0.000000 1.925258 99.330517 0.000000 1.675444 0.013064 
903 10.631849 0.000000 2.007437 99.141637 0.000000 2.073472 0.016664 
904 9.347152 0.000000 2.171797 95.292339 -0.000000 2.200811 0.091453 
905 9.175859 0.000000 2.171797 90.687426 -0.000000 3.383312 0.176434 
906 9.518445 0.000000 2.171797 97.468121 0.000000 1.580096 0.049747 
907 9.347152 0.000000 2.336156 93.625240 -0.000000 3.015561 0.122522 
908 9.432798 0.000000 1.925258 97.069121 0.000000 1.422917 0.057556 
909 9.347152 0.000000 1.925258 96.605748 0.000000 1.466488 0.066518 
910 9.518445 0.000000 1.925258 97.371584 0.000000 1.451383 0.051667 
911 9.432798 0.000000 2.007437 97.242250 0.000000 1.542691 0.054156 
912 10.374910 0.000000 2.171797 98.641075 -0.000000 2.120376 0.026544 
913 10.203617 0.000000 2.171797 98.644157 0.000000 2.137857 0.026476 
914 10.374910 0.000000 2.336156 98.754747 0.000000 2.268010 0.024236 
915 10.631849 0.000000 2.089617 98.981095 -0.000000 2.147618 0.019813 
916 10.546203 0.000000 2.089617 98.883624 -0.000000 2.179085 0.021728 
917 10.717495 0.000000 2.089617 99.100983 0.000000 1.973063 0.017510 
918 10.631849 0.000000 2.171797 99.014306 -0.000000 2.109269 0.019172 
919 13.972061 0.000000 9.239249 100.013138 -0.016471 5.274609 -0.003045 
920 16.712749 0.000000 9.239249 99.949464 -0.043294 5.272682 -0.001770 
921 13.972061 0.000000 11.868999 100.033401 -0.021763 5.818579 -0.004054 
922 12.601718 0.000000 5.294624 99.985760 0.318192 3.793132 -0.001164 
923 13.972061 0.000000 5.294624 99.901006 0.283297 3.980340 0.000387 
924 12.601718 0.000000 6.609499 100.001813 0.161449 4.424960 -0.001997 
925 11.916546 0.000000 3.322312 99.686494 -0.456181 1.986605 0.005845 
926 12.601718 0.000000 3.322312 99.558555 -0.024725 1.751291 0.008503 
927 11.916546 0.000000 3.979750 99.880476 0.987365 2.872058 0.001467 
928 10.888788 0.000000 2.993594 99.645792 -0.613518 1.894669 0.006675 
929 10.546203 0.000000 2.993594 99.280042 -0.000000 2.761275 0.013585 
930 11.231374 0.000000 2.993594 99.581377 -0.160791 1.813193 0.008024 
931 10.888788 0.000000 3.322312 99.732842 -1.845406 2.110747 0.004550 
932 10.717495 0.000000 2.500515 99.035564 0.000000 1.973849 0.018806 
933 10.546203 0.000000 2.500515 98.778883 -0.000000 2.112163 0.023827 
934 10.888788 0.000000 2.500515 99.343045 -0.474032 1.540079 0.012836 
935 10.717495 0.000000 2.664875 99.624714 0.000000 2.158798 0.007026 
936 10.631849 0.000000 2.253976 99.174873 -0.000000 2.012068 0.016030 
937 10.546203 0.000000 2.253976 98.978130 -0.000000 2.137504 0.019876 
938 10.717495 0.000000 2.253976 99.308979 0.000000 1.821613 0.013441 
939 10.631849 0.000000 2.336156 99.131621 -0.000000 1.977356 0.016901 
940 9.689738 0.000000 2.171797 97.947681 0.000000 1.630519 0.040359 
941 9.861031 0.000000 2.171797 98.249529 0.000000 1.801385 0.034379 
942 9.689738 0.000000 2.336156 97.994469 0.000000 1.827892 0.039374 
943 9.432798 0.000000 2.089617 97.023374 0.000000 1.548095 0.058407 
944 9.347152 0.000000 2.089617 95.871624 0.000000 1.784709 0.080545 
945 9.518445 0.000000 2.089617 97.297575 0.000000 1.438572 0.053111 
946 9.432798 0.000000 2.171797 96.993472 0.000000 1.694867 0.058939 
947 9.518445 0.000000 2.993594 92.953006 -0.000000 3.927047 0.134432 
948 9.175859 0.000000 2.993594 99.511561 0.195734 1.253351 0.009584 
949 9.861031 0.000000 2.993594 98.382167 0.000000 2.660727 0.031387 
950 9.518445 0.000000 3.322312 99.767122 0.969265 1.781923 0.004241 
951 9.347152 0.000000 2.500515 92.339865 -0.000000 3.241538 0.146284 
952 9.175859 0.000000 2.500515 99.576840 1.140584 0.864580 0.008240 
953 9.518445 0.000000 2.500515 96.905685 0.000000 1.982962 0.060536 
954 9.347152 0.000000 2.664875 92.094976 -0.000000 4.326007 0.149980 
955 9.432798 0.000000 2.253976 97.041920 0.000000 1.858885 0.057941 
956 9.347152 0.000000 2.253976 94.356238 -0.000000 2.809794 0.108901 
957 9.518445 0.000000 2.253976 97.726597 0.000000 1.702526 0.044661 
958 9.432798 0.000000 2.336156 96.536938 0.000000 1.983754 0.067668 
959 9.004566 0.000000 2.171797 99.115932 0.889352 0.370084 0.017510 
960 8.833273 0.000000 2.171797 99.103079 0.482438 0.192414 0.017831 
961 9.004566 0.000000 2.336156 99.268751 0.717823 0.573690 0.014487 
962 9.261505 0.000000 2.253976 92.307321 -0.000000 3.542625 0.146681 
963 9.175859 0.000000 2.253976 99.112526 1.883042 0.736663 0.017262 
964 9.261505 0.000000 2.171797 91.975110 -0.000000 3.265103 0.152992 
965 9.261505 0.000000 2.336156 91.932446 -0.000000 3.686530 0.153483 
966 9.389975 0.000000 2.212887 96.361531 0.000000 2.021166 0.071037 
967 9.347152 0.000000 2.212887 95.142470 -0.000000 2.461335 0.094185 
968 9.389975 0.000000 2.171797 96.502817 -0.000000 1.738891 0.068418 
969 9.432798 0.000000 2.212887 97.064626 0.000000 1.792137 0.057525 
970 9.389975 0.000000 2.253976 95.756517 -0.000000 2.299186 0.082540 
971 9.261505 0.000000 2.089617 93.412173 -0.000000 2.556932 0.126763 
972 9.175859 0.000000 2.089617 91.291690 -0.000000 3.295501 0.165497 
973 9.261505 0.000000 2.007437 94.352491 -0.000000 2.276696 0.109242 
974 9.304329 0.000000 2.212887 93.620753 -0.000000 2.966320 0.122636 
975 9.261505 0.000000 2.212887 92.120897 -0.000000 3.425326 0.150201 
976 9.304329 0.000000 2.171797 94.176829 -0.000000 2.553786 0.112420 
977 9.304329 0.000000 2.253976 93.247905 -0.000000 3.209201 0.129453 
978 9.689738 0.000000 2.500515 98.048590 0.000000 1.959486 0.038263 
979 9.861031 0.000000 2.500515 98.335904 0.000000 1.969448 0.032617 
980 9.689738 0.000000 2.664875 97.759067 0.000000 2.170167 0.043846 
981 9.432798 0.000000 2.418336 95.633435 -0.000000 2.187255 0.084946 
982 9.347152 0.000000 2.418336 90.754315 -0.000000 3.773364 0.174942 
983 9.518445 0.000000 2.418336 97.407548 0.000000 1.877418 0.050824 
984 9.432798 0.000000 2.500515 94.646598 -0.000000 2.526646 0.103564 
985 9.389975 0.000000 2.295066 95.628872 -0.000000 2.342917 0.084963 
986 9.347152 0.000000 2.295066 93.966673 -0.000000 2.947469 0.116158 
987 9.432798 0.000000 2.295066 96.859242 0.000000 1.916168 0.061462 
988 9.389975 0.000000 2.336156 94.826546 -0.000000 2.554648 0.100140 
989 10.203617 0.000000 2.993594 99.004895 0.000000 2.616290 0.019119 
990 10.203617 0.000000 3.322312 99.424049 -0.000000 3.446754 0.010298 
991 10.374910 0.000000 2.500515 98.815462 0.000000 2.372346 0.022988 
992 10.203617 0.000000 2.500515 98.790920 0.000000 2.389101 0.023465 
993 10.374910 0.000000 2.664875 98.772143 0.000000 2.274185 0.023889 
994 10.631849 0.000000 2.418336 98.902390 -0.000000 2.063195 0.021406 
995 10.546203 0.000000 2.418336 98.766743 -0.000000 2.127051 0.024061 
996 10.717495 0.000000 2.418336 99.058600 0.000000 1.823926 0.018407 
997 10.631849 0.000000 2.500515 98.915708 -0.000000 2.098718 0.021128 
998 9.604091 0.000000 2.418336 97.745040 0.000000 1.828831 0.044256 
999 9.604091 0.000000 2.336156 97.823975 0.000000 1.709682 0.042755 
1000 9.689738 0.000000 2.418336 98.200685 0.000000 1.921490 0.035293 
1001 9.604091 0.000000 2.500515 97.620789 0.000000 1.879028 0.046665 
1002 9.475622 0.000000 2.377246 97.027568 0.000000 1.872252 0.058215 
1003 9.432798 0.000000 2.377246 95.954331 -0.000000 2.112610 0.078830 
1004 9.475622 0.000000 2.336156 97.215412 0.000000 1.801761 0.054592 
1005 9.518445 0.000000 2.377246 97.479014 0.000000 1.797825 0.049461 
1006 9.475622 0.000000 2.418336 96.881878 0.000000 1.882457 0.061036 
1007 7.120344 0.000000 5.294624 101.731804 0.002627 3.344806 -0.036055 
1008 5.750000 0.000000 5.294624 102.427912 -0.280981 4.113609 -0.050848 
1009 7.120344 0.000000 6.609499 101.229955 0.173761 4.405914 -0.026695 
1010 7.805515 0.000000 3.322312 100.630473 0.050928 1.187054 -0.012790 
1011 7.120344 0.000000 3.322312 100.938940 -0.069698 1.225475 -0.019018 
1012 7.805515 0.000000 3.979750 100.848589 0.115007 1.938414 -0.017421 
1013 8.833273 0.000000 2.993594 99.660708 0.118966 1.155959 0.006639 
1014 8.490687 0.000000 2.993594 99.921187 0.004118 1.085426 0.001458 
1015 8.833273 0.000000 3.322312 100.084446 -0.112572 1.477452 -0.001909 
1016 9.347152 0.000000 2.829234 99.374828 0.951085 1.242972 0.012219 
1017 9.175859 0.000000 2.829234 99.430360 0.335648 1.099855 0.011228 
1018 9.518445 0.000000 2.829234 93.947815 -0.000000 3.413088 0.116216 
1019 9.347152 0.000000 2.993594 99.464097 0.665508 1.393031 0.010451 
1020 9.432798 0.000000 2.582695 93.803907 -0.000000 3.392771 0.118932 
1021 9.347152 0.000000 2.582695 92.040148 -0.000000 3.777994 0.151434 
1022 9.518445 0.000000 2.582695 96.538186 -0.000000 2.500022 0.067413 
1023 9.432798 0.000000 2.664875 93.651301 -0.000000 3.784016 0.121512 
1024 9.475622 0.000000 2.459426 96.376780 0.000000 2.002686 0.070751 
1025 9.432798 0.000000 2.459426 95.059824 -0.000000 2.392957 0.095790 
1026 9.518445 0.000000 2.459426 97.149722 0.000000 1.938317 0.055817 
1027 9.475622 0.000000 2.500515 95.574326 -0.000000 2.281449 0.086034 
1028 9.689738 0.000000 2.829234 98.057548 0.000000 2.589668 0.037801 
1029 9.861031 0.000000 2.829234 98.627347 0.000000 2.650016 0.026562 
1030 9.689738 0.000000 2.993594 97.392462 0.000000 2.644309 0.050772 
1031 9.604091 0.000000 2.582695 97.520444 0.000000 2.140179 0.048518 
1032 9.689738 0.000000 2.582695 97.849029 0.000000 2.066082 0.042130 
1033 9.604091 0.000000 2.664875 97.384737 0.000000 2.320801 0.051083 
1034 9.561268 0.000000 2.459426 97.479254 0.000000 1.896200 0.049420 
1035 9.561268 0.000000 2.418336 97.597465 0.000000 1.851360 0.047131 
1036 9.604091 0.000000 2.459426 97.672145 0.000000 1.865047 0.045667 
1037 9.561268 0.000000 2.500515 97.382085 0.000000 1.923163 0.051303 
1038 9.475622 0.000000 2.541605 95.052921 -0.000000 2.750776 0.095738 
1039 9.432798 0.000000 2.541605 94.128910 -0.000000 2.968974 0.113093 
1040 9.518445 0.000000 2.541605 96.778780 0.000000 2.228621 0.062890 
1041 9.475622 0.000000 2.582695 95.639703 -0.000000 2.801256 0.084520 
1042 9.497033 0.000000 2.479971 96.733447 0.000000 1.968327 0.063877 
1043 9.475622 0.000000 2.479971 95.981669 -0.000000 2.132575 0.078297 
1044 9.497033 0.000000 2.459426 96.818455 0.000000 1.938522 0.062243 
1045 9.518445 0.000000 2.479971 97.141346 0.000000 1.946138 0.055977 
1046 9.497033 0.000000 2.500515 96.560858 0.000000 2.021577 0.067191 
1047 9.004566 0.000000 2.500515 99.605724 0.621528 0.671827 0.007786 
1048 8.833273 0.000000 2.500515 99.474724 0.389926 0.569336 0.010430 
1049 9.004566 0.000000 2.664875 99.434873 0.225010 0.852196 0.011193 
1050 9.261505 0.000000 2.418336 90.573001 -0.000000 3.803281 0.178207 
1051 9.175859 0.000000 2.418336 99.312033 1.313023 0.875767 0.013463 
1052 9.261505 0.000000 2.500515 99.599132 1.697757 0.749780 0.007657 
1053 9.389975 0.000000 2.459426 93.810593 -0.000000 2.743626 0.119205 
1054 9.347152 0.000000 2.459426 92.457744 -0.000000 3.186489 0.144141 
1055 9.389975 0.000000 2.418336 94.334028 -0.000000 2.573810 0.109447 
1056 9.389975 0.000000 2.500515 92.821473 -0.000000 3.094389 0.137460 
1057 10.717495 0.000000 2.829234 99.188390 0.000000 2.269569 0.015651 
1058 10.546203 0.000000 2.829234 99.352226 -0.000000 2.593133 0.012241 
1059 10.888788 0.000000 2.829234 99.488042 -1.459087 1.804257 0.009675 
1060 10.717495 0.000000 2.993594 99.386374 0.000000 2.582575 0.011568 
1061 10.631849 0.000000 2.582695 99.257676 -0.000000 2.254882 0.014283 
1062 10.546203 0.000000 2.582695 98.954055 -0.000000 2.169565 0.020339 
1063 10.717495 0.000000 2.582695 99.366945 0.000000 2.170108 0.012150 
1064 10.631849 0.000000 2.664875 99.463636 -0.000000 2.377224 0.010133 
1065 10.374910 0.000000 2.829234 99.302242 0.000000 2.640231 0.013209 
1066 10.203617 0.000000 2.829234 99.110499 0.000000 2.569833 0.017050 
1067 10.374910 0.000000 2.993594 99.120639 0.000000 2.740862 0.016759 
1068 10.631849 0.000000 2.747055 99.299791 -0.000000 2.421488 0.013369 
1069 10.546203 0.000000 2.747055 99.146498 -0.000000 2.381514 0.016430 
1070 10.717495 0.000000 2.747055 99.424470 0.000000 2.285983 0.010955 
1071 10.631849 0.000000 2.829234 99.137062 -0.000000 2.466007 0.016576 
1072 9.432798 0.000000 2.747055 92.959365 -0.000000 3.928937 0.134312 
1073 9.347152 0.000000 2.747055 99.302486 1.233483 1.168277 0.013613 
1074 9.518445 0.000000 2.747055 94.829176 -0.000000 3.253361 0.099684 
1075 9.432798 0.000000 2.829234 92.337714 -0.000000 3.953556 0.145812 
1076 9.604091 0.000000 2.747055 97.288499 0.000000 2.473288 0.052883 
1077 9.689738 0.000000 2.747055 97.892732 0.000000 2.339975 0.041154 
1078 9.604091 0.000000 2.829234 96.684365 0.000000 2.649259 0.064511 
1079 9.475622 0.000000 2.705965 94.320957 -0.000000 3.525249 0.109113 
1080 9.432798 0.000000 2.705965 93.055803 -0.000000 3.971030 0.132485 
1081 9.475622 0.000000 2.664875 95.242049 -0.000000 3.246393 0.091841 
1082 9.518445 0.000000 2.705965 95.851225 -0.000000 3.005158 0.080351 
1083 9.475622 0.000000 2.747055 93.754396 -0.000000 3.646689 0.119681 
1084 9.175859 0.000000 4.637187 100.585243 0.150458 2.715561 -0.012479 
1085 8.490687 0.000000 4.637187 100.883918 0.032898 2.580795 -0.018423 
1086 9.861031 0.000000 4.637187 100.511727 0.324368 2.730623 -0.011017 
1087 9.175859 0.000000 5.294624 100.832102 0.308947 3.224298 -0.017760 
1088 9.518445 0.000000 3.651031 100.080752 0.437700 1.976443 -0.002025 
1089 9.175859 0.000000 3.651031 100.257030 -0.029785 1.989313 -0.005543 
1090 9.861031 0.000000 3.651031 100.018534 1.428531 2.091112 -0.001012 
1091 9.518445 0.000000 3.979750 100.393728 0.288911 2.297793 -0.008426 
1092 9.347152 0.000000 3.157953 99.597726 0.506436 1.537848 0.007767 
1093 9.175859 0.000000 3.157953 99.645345 0.186847 1.404296 0.006880 
1094 9.518445 0.000000 3.157953 91.405731 -0.000000 4.629297 0.162356 
1095 9.347152 0.000000 3.322312 99.950034 0.356074 1.611316 0.000727 
1096 9.432798 0.000000 2.911414 91.153604 -0.000000 4.366115 0.167196 
1097 9.347152 0.000000 2.911414 99.396006 0.820759 1.314383 0.011803 
1098 9.518445 0.000000 2.911414 91.883194 -0.000000 4.116586 0.154053 
1099 9.432798 0.000000 2.993594 99.445685 1.251219 1.464599 0.010685 
1100 9.475622 0.000000 2.788144 93.229124 -0.000000 3.739015 0.129435 
1101 9.432798 0.000000 2.788144 92.848076 -0.000000 3.904818 0.136399 
1102 9.518445 0.000000 2.788144 94.362020 -0.000000 3.347902 0.108460 
1103 9.475622 0.000000 2.829234 92.416040 -0.000000 3.930832 0.144382 
1104 10.546203 0.000000 4.637187 100.315454 0.467635 2.918754 -0.007193 
1105 11.231374 0.000000 4.637187 100.228198 0.383107 3.044269 -0.005511 
1106 10.546203 0.000000 5.294624 100.325789 0.461106 3.449582 -0.007738 
1107 10.888788 0.000000 3.651031 99.802777 2.723214 2.494686 0.002577 
1108 10.546203 0.000000 3.651031 99.943486 2.418271 2.192011 0.000065 
1109 11.231374 0.000000 3.651031 99.794391 2.853968 2.659918 0.002586 
1110 10.888788 0.000000 3.979750 99.995376 0.871579 2.579242 -0.000649 
1111 10.717495 0.000000 3.157953 99.527648 0.000000 2.645234 0.008725 
1112 10.546203 0.000000 3.157953 99.472783 -0.000000 3.142572 0.009529 
1113 10.888788 0.000000 3.157953 99.696674 -1.098954 2.052110 0.005515 
1114 10.717495 0.000000 3.322312 99.604760 0.000000 3.320440 0.006787 
1115 10.631849 0.000000 2.911414 99.136138 -0.000000 2.500920 0.016577 
1116 10.546203 0.000000 2.911414 99.430413 -0.000000 2.642416 0.010661 
1117 10.717495 0.000000 2.911414 99.277725 0.000000 2.097751 0.013953 
1118 10.631849 0.000000 2.993594 99.314562 -0.000000 2.728820 0.012917 
1119 9.689738 0.000000 3.157953 96.671467 -0.000000 3.114621 0.064493 
1120 9.861031 0.000000 3.157953 98.654979 0.000000 2.851986 0.025906 
1121 9.689738 0.000000 3.322312 94.874034 -0.000000 3.790628 0.098455 
1122 9.604091 0.000000 2.911414 95.988216 -0.000000 2.803242 0.077840 
1123 9.689738 0.000000 2.911414 97.845165 0.000000 2.604254 0.041954 
1124 9.604091 0.000000 2.993594 95.242805 -0.000000 3.193311 0.091861 
1125 9.604091 0.000000 3.075773 94.110160 -0.000000 3.660821 0.112988 
1126 9.518445 0.000000 3.075773 92.439036 -0.000000 4.247842 0.143698 
1127 9.689738 0.000000 3.075773 96.646645 -0.000000 2.865348 0.065122 
1128 9.604091 0.000000 3.157953 93.890167 -0.000000 3.820865 0.117004 
1129 9.561268 0.000000 2.952504 94.382910 -0.000000 3.385816 0.108040 
1130 9.518445 0.000000 2.952504 93.011837 -0.000000 3.824394 0.133417 
1131 9.561268 0.000000 2.911414 94.686608 -0.000000 3.187314 0.102429 
1132 9.604091 0.000000 2.952504 95.518702 -0.000000 3.020964 0.086705 
1133 9.561268 0.000000 2.993594 93.310341 -0.000000 3.852199 0.127834 
1134 10.203617 0.000000 3.651031 99.945404 2.117899 2.191941 0.000163 
1135 10.203617 0.000000 3.979750 100.100558 0.600549 2.350772 -0.002601 
1136 10.374910 0.000000 3.157953 99.338312 0.000000 3.096743 0.012231 
1137 10.203617 0.000000 3.157953 99.185196 -0.000000 2.986402 0.015338 
1138 10.374910 0.000000 3.322312 99.551938 0.000000 3.643578 0.007614 
1139 10.631849 0.000000 3.075773 99.383938 -0.000000 2.909092 0.011437 
1140 10.546203 0.000000 3.075773 99.241206 -0.000000 2.888788 0.014284 
1141 10.717495 0.000000 3.075773 99.434353 0.000000 2.787942 0.010504 
1142 10.631849 0.000000 3.157953 99.553827 -0.000000 3.239985 0.007854 
1143 10.032324 0.000000 3.157953 99.054323 0.000000 2.915022 0.017974 
1144 10.032324 0.000000 2.993594 98.787582 0.000000 2.673150 0.023387 
1145 10.032324 0.000000 3.322312 99.282335 0.000000 3.284909 0.013223 
1146 9.775384 0.000000 3.075773 98.035531 0.000000 2.559608 0.038248 
1147 9.775384 0.000000 2.993594 98.153359 0.000000 2.564305 0.035934 
1148 9.861031 0.000000 3.075773 98.382967 0.000000 2.674823 0.031364 
1149 9.775384 0.000000 3.157953 98.235472 0.000000 2.822729 0.034182 
1150 9.689738 0.000000 3.486672 94.678992 -0.000000 4.085144 0.101920 
1151 9.518445 0.000000 3.486672 99.910723 0.578928 1.922331 0.001382 
1152 9.861031 0.000000 3.486672 98.512563 0.000000 3.177462 0.028518 
1153 9.689738 0.000000 3.651031 100.080251 0.773408 2.018778 -0.002073 
1154 9.604091 0.000000 3.240133 93.332747 -0.000000 4.038737 0.127269 
1155 9.518445 0.000000 3.240133 99.783962 1.313610 1.652428 0.003870 
1156 9.689738 0.000000 3.240133 95.800484 -0.000000 3.569014 0.080953 
1157 9.604091 0.000000 3.322312 93.547123 -0.000000 3.998367 0.123295 
1158 9.646915 0.000000 3.116863 95.276813 -0.000000 3.314520 0.091134 
1159 9.604091 0.000000 3.116863 93.268641 -0.000000 3.971419 0.128519 
1160 9.646915 0.000000 3.075773 95.716261 -0.000000 3.117843 0.082868 
1161 9.689738 0.000000 3.116863 96.372383 -0.000000 3.043709 0.070310 
1162 9.646915 0.000000 3.157953 95.865175 0.000000 3.344731 0.079868 
1163 9.432798 0.000000 3.075773 99.517026 0.971445 1.538407 0.009305 
1164 9.347152 0.000000 3.075773 99.536992 0.543893 1.473119 0.008992 
1165 9.432798 0.000000 3.157953 99.581795 0.767383 1.609664 0.008029 
1166 9.561268 0.000000 3.116863 93.095335 -0.000000 4.032331 0.131700 
1167 9.518445 0.000000 3.116863 92.088217 -0.000000 4.392108 0.150047 
1168 9.561268 0.000000 3.075773 93.472238 -0.000000 3.878408 0.124790 
1169 9.561268 0.000000 3.157953 92.827137 -0.000000 4.101208 0.136630 
1170 9.775384 0.000000 3.240133 98.312712 0.000000 3.098272 0.032501 
1171 9.861031 0.000000 3.240133 98.880601 0.000000 3.049922 0.021332 
1172 9.775384 0.000000 3.322312 97.792992 0.000000 3.229455 0.042610 
1173 9.646915 0.000000 3.199043 94.433819 -0.000000 3.697125 0.106859 
1174 9.604091 0.000000 3.199043 93.274052 -0.000000 4.036963 0.128365 
1175 9.689738 0.000000 3.199043 96.501185 -0.000000 3.362666 0.067621 
1176 9.646915 0.000000 3.240133 94.428874 -0.000000 3.812447 0.106865 
1177 9.625503 0.000000 3.137408 94.368013 -0.000000 3.646299 0.108138 
1178 9.604091 0.000000 3.137408 93.678974 -0.000000 3.855908 0.120938 
1179 9.625503 0.000000 3.116863 94.561788 -0.000000 3.535907 0.104557 
1180 9.646915 0.000000 3.137408 94.975167 -0.000000 3.477277 0.096763 
1181 9.625503 0.000000 3.157953 94.280590 0.000000 3.635144 0.109796 
1182 9.732561 0.000000 3.116863 97.731534 0.000000 2.702646 0.044124 
1183 9.732561 0.000000 3.075773 97.678523 0.000000 2.620445 0.045204 
1184 9.775384 0.000000 3.116863 98.077945 0.000000 2.654716 0.037367 
1185 9.732561 0.000000 3.157953 97.946763 0.000000 2.845238 0.039834 
1186 9.668326 0.000000 3.137408 95.481027 -0.000000 3.352394 0.087214 
1187 9.668326 0.000000 3.116863 95.766749 -0.000000 3.190918 0.081855 
1188 9.689738 0.000000 3.137408 96.043016 -0.000000 3.233390 0.076528 
1189 9.668326 0.000000 3.157953 96.123991 -0.000000 3.255562 0.074958 
1190 8.833273 0.000000 3.651031 100.467675 -0.074795 1.758040 -0.009685 
1191 8.490687 0.000000 3.651031 100.481454 -0.016347 1.782567 -0.009970 
1192 8.833273 0.000000 3.979750 100.489715 -0.063709 2.161823 -0.010286 
1193 9.347152 0.000000 3.486672 99.966897 0.157750 1.813294 0.000331 
1194 9.175859 0.000000 3.486672 100.096541 0.083932 1.679882 -0.002215 
1195 9.347152 0.000000 3.651031 100.034584 0.195365 1.993033 -0.001093 
1196 9.432798 0.000000 3.240133 99.852741 0.736858 1.570879 0.002642 
1197 9.347152 0.000000 3.240133 99.843804 0.445316 1.541442 0.002864 
1198 9.432798 0.000000 3.322312 99.875059 0.565044 1.643910 0.002195 
1199 9.561268 0.000000 3.199043 92.573729 -0.000000 4.214989 0.141234 
1200 9.518445 0.000000 3.199043 99.800926 1.371289 1.594627 0.003535 
1201 9.561268 0.000000 3.240133 92.859905 -0.000000 4.112591 0.136012 
1202 9.625503 0.000000 3.178498 93.955680 -0.000000 3.834094 0.115763 
1203 9.604091 0.000000 3.178498 93.768481 -0.000000 3.867448 0.119251 
1204 9.646915 0.000000 3.178498 94.578289 -0.000000 3.681147 0.104140 
1205 9.625503 0.000000 3.199043 92.840228 -0.000000 4.157373 0.136341 
1206 9.636209 0.000000 3.147680 94.751971 -0.000000 3.529309 0.100961 
1207 9.625503 0.000000 3.147680 94.308208 -0.000000 3.678448 0.109243 
1208 9.636209 0.000000 3.137408 94.778563 -0.000000 3.535959 0.100452 
1209 9.646915 0.000000 3.147680 95.218493 -0.000000 3.463767 0.092144 
1210 9.636209 0.000000 3.157953 95.076237 -0.000000 3.407498 0.094890 
1211 9.582680 0.000000 3.137408 93.325611 -0.000000 3.953671 0.127470 
1212 9.561268 0.000000 3.137408 92.934100 -0.000000 4.071978 0.134667 
1213 9.582680 0.000000 3.116863 92.651770 -0.000000 4.184766 0.139814 
1214 9.582680 0.000000 3.157953 93.462408 -0.000000 3.939436 0.124926 
1215 9.614797 0.000000 3.147680 94.145824 -0.000000 3.730031 0.112265 
1216 9.604091 0.000000 3.147680 93.738533 -0.000000 3.840260 0.119834 
1217 9.614797 0.000000 3.137408 94.136071 -0.000000 3.723355 0.112454 
1218 9.614797 0.000000 3.157953 92.927743 -0.000000 4.083746 0.134776 
1219 10.717495 0.000000 3.486672 99.757130 0.000000 3.714598 0.003472 
1220 10.546203 0.000000 3.486672 99.682357 -0.000000 4.056686 0.004697 
1221 10.888788 0.000000 3.486672 99.814420 1.008062 2.349568 0.003054 
1222 10.717495 0.000000 3.651031 99.839457 2.656089 2.356280 0.001948 
1223 10.631849 0.000000 3.240133 99.700712 -0.000000 3.498697 0.004753 
1224 10.546203 0.000000 3.240133 99.698691 -0.000000 3.444073 0.004831 
1225 10.717495 0.000000 3.240133 99.567633 0.000000 3.177969 0.007619 
1226 10.631849 0.000000 3.322312 99.749880 -0.000000 3.699788 0.003627 
1227 9.604091 0.000000 3.404492 92.578523 -0.000000 4.747307 0.140668 
1228 9.518445 0.000000 3.404492 99.866969 0.742600 1.861661 0.002257 
1229 9.689738 0.000000 3.404492 93.654446 -0.000000 4.364116 0.120980 
1230 9.604091 0.000000 3.486672 99.888742 0.938639 1.967691 0.001749 
1231 9.646915 0.000000 3.281222 94.128957 -0.000000 3.891214 0.112460 
1232 9.604091 0.000000 3.281222 93.300051 -0.000000 4.030096 0.127886 
1233 9.689738 0.000000 3.281222 95.067383 -0.000000 3.692008 0.094856 
1234 9.646915 0.000000 3.322312 93.599363 -0.000000 4.081035 0.122250 
1235 10.032324 0.000000 3.486672 99.197890 0.000000 3.489962 0.014760 
1236 10.203617 0.000000 3.486672 99.381877 -0.000000 3.676802 0.010972 
1237 10.032324 0.000000 3.651031 100.000873 1.828643 2.095079 -0.000791 
1238 9.775384 0.000000 3.404492 97.594748 -0.000000 3.290199 0.046444 
1239 9.861031 0.000000 3.404492 98.658840 0.000000 3.112366 0.025675 
1240 9.775384 0.000000 3.486672 96.716503 -0.000000 3.513320 0.063357 
1241 9.732561 0.000000 3.281222 96.773240 -0.000000 3.401774 0.062337 
1242 9.732561 0.000000 3.240133 96.900143 -0.000000 3.343122 0.059919 
1243 9.775384 0.000000 3.281222 98.014746 0.000000 3.161515 0.038311 
1244 9.732561 0.000000 3.322312 96.225727 -0.000000 3.576113 0.072782 
1245 9.668326 0.000000 3.260677 94.986415 -0.000000 3.558603 0.096492 
1246 9.646915 0.000000 3.260677 94.245538 -0.000000 3.856497 0.110291 
1247 9.668326 0.000000 3.240133 95.061074 -0.000000 3.692338 0.094976 
1248 9.689738 0.000000 3.260677 95.976500 -0.000000 3.566271 0.077579 
1249 9.668326 0.000000 3.281222 94.458668 -0.000000 3.818429 0.106298 
1250 9.561268 0.000000 3.281222 90.785592 -0.000000 4.756162 0.173536 
1251 9.518445 0.000000 3.281222 99.715917 1.076400 1.768084 0.005245 
1252 9.561268 0.000000 3.322312 90.558611 -0.000000 4.850126 0.177561 
1253 9.625503 0.000000 3.260677 93.971349 -0.000000 3.908822 0.115411 
1254 9.604091 0.000000 3.260677 93.554652 -0.000000 3.984203 0.123165 
1255 9.625503 0.000000 3.240133 93.863009 -0.000000 3.930528 0.117429 
1256 9.625503 0.000000 3.281222 93.910421 -0.000000 3.928923 0.116540 
1257 9.732561 0.000000 3.199043 97.506592 -0.000000 3.153421 0.048252 
1258 9.775384 0.000000 3.199043 98.283741 0.000000 2.997261 0.033132 
1259 9.668326 0.000000 3.219588 95.272464 -0.000000 3.642108 0.090989 
1260 9.646915 0.000000 3.219588 94.225166 -0.000000 3.819846 0.110703 
1261 9.668326 0.000000 3.199043 95.775147 -0.000000 3.481009 0.081500 
1262 9.689738 0.000000 3.219588 95.866637 -0.000000 3.544451 0.079702 
1263 9.657620 0.000000 3.250405 94.494755 -0.000000 3.701433 0.105704 
1264 9.646915 0.000000 3.250405 94.435379 -0.000000 3.815713 0.106740 
1265 9.657620 0.000000 3.240133 94.641944 -0.000000 3.769616 0.102869 
1266 9.668326 0.000000 3.250405 95.260002 -0.000000 3.533966 0.091304 
1267 9.657620 0.000000 3.260677 94.451974 -0.000000 3.715145 0.106502 
1268 10.374910 0.000000 3.486672 99.481530 0.000000 3.944685 0.008786 
1269 10.374910 0.000000 3.651031 99.967204 2.352784 2.154428 -0.000362 
1270 10.631849 0.000000 3.404492 99.819537 -0.000000 3.985438 0.002018 
1271 10.546203 0.000000 3.404492 99.618248 -0.000000 3.888076 0.006109 
1272 10.717495 0.000000 3.404492 99.703549 0.000000 3.284577 0.004841 
1273 10.631849 0.000000 3.486672 99.899234 -0.000000 4.094181 0.000338 
1274 11.916546 0.000000 4.637187 99.991067 0.626750 3.322251 -0.000964 
1275 12.601718 0.000000 4.637187 99.920803 0.415173 3.486509 0.000351 
1276 11.916546 0.000000 5.294624 100.048296 0.408290 3.735848 -0.002378 
1277 11.573960 0.000000 3.651031 99.775115 3.118374 2.922898 0.002666 
1278 11.573960 0.000000 3.322312 99.679761 -0.987447 2.075864 0.005866 
1279 11.916546 0.000000 3.651031 99.669124 3.340711 3.301674 0.004400 
1280 11.573960 0.000000 3.979750 99.839216 0.943035 2.797873 0.002341 
1281 11.060081 0.000000 3.486672 99.798728 1.700353 2.269116 0.003217 
1282 11.060081 0.000000 3.322312 99.675658 -1.592678 2.171433 0.005751 
1283 11.231374 0.000000 3.486672 99.825418 2.340671 1.952017 0.002560 
1284 11.060081 0.000000 3.651031 99.808765 2.828804 2.543240 0.002374 
1285 10.803142 0.000000 3.404492 99.700058 0.000000 3.073446 0.005045 
1286 10.803142 0.000000 3.322312 99.537226 0.000000 2.737695 0.008485 
1287 10.888788 0.000000 3.404492 99.763062 -1.042803 2.202190 0.004139 
1288 10.803142 0.000000 3.486672 99.726505 0.000000 3.204183 0.004436 
1289 10.674672 0.000000 3.363402 99.728692 0.000000 3.745393 0.004016 
1290 10.631849 0.000000 3.363402 99.779115 -0.000000 3.842039 0.002937 
1291 10.674672 0.000000 3.322312 99.679755 0.000000 3.586530 0.005108 
1292 10.717495 0.000000 3.363402 99.670955 0.000000 3.552450 0.005308 
1293 10.674672 0.000000 3.404492 99.740065 0.000000 3.978178 0.003609 
1294 10.888788 0.000000 4.308468 100.188670 0.523220 2.767379 -0.004570 
1295 10.546203 0.000000 4.308468 100.199421 0.570856 2.763771 -0.004789 
1296 11.231374 0.000000 4.308468 100.134104 0.530706 2.847272 -0.003523 
1297 10.888788 0.000000 4.637187 100.296775 0.358181 2.972167 -0.006841 
1298 10.717495 0.000000 3.815390 99.898052 1.220516 2.500665 0.001264 
1299 10.546203 0.000000 3.815390 99.983492 1.115730 2.327066 -0.000336 
1300 10.888788 0.000000 3.815390 99.868670 1.260150 2.558127 0.001812 
1301 10.717495 0.000000 3.979750 99.949532 0.831854 2.611194 0.000258 
1302 10.631849 0.000000 3.568851 99.946086 -0.000000 4.200959 -0.000687 
1303 10.546203 0.000000 3.568851 99.666877 -0.000000 4.094145 0.004975 
1304 10.717495 0.000000 3.568851 99.805203 0.000000 3.890974 0.002378 
1305 10.631849 0.000000 3.651031 99.875774 2.552572 2.253647 0.001324 
1306 10.674672 0.000000 3.445582 99.808905 0.000000 4.004222 0.002215 
1307 10.631849 0.000000 3.445582 99.863254 -0.000000 4.037265 0.001103 
1308 10.717495 0.000000 3.445582 99.743890 0.000000 3.435421 0.003935 
1309 10.674672 0.000000 3.486672 99.833787 0.000000 4.017323 0.001708 
1310 10.803142 0.000000 3.568851 99.685758 6.329035 2.808063 0.001481 
1311 10.888788 0.000000 3.568851 99.535614 12.497433 4.548260 -0.008421 
1312 10.803142 0.000000 3.651031 99.783832 2.692792 2.457397 0.002990 
1313 10.674672 0.000000 3.527761 99.854686 0.000000 4.037968 0.001274 
1314 10.631849 0.000000 3.527761 99.888837 -0.000000 4.081256 0.000556 
1315 10.717495 0.000000 3.527761 99.794508 0.000000 3.831212 0.002638 
1316 10.674672 0.000000 3.568851 99.857674 0.000000 3.993570 0.001250 
1317 11.573960 0.000000 -0.293594 97.246585 0.243750 5.222603 0.051577 
1318 11.231374 0.000000 -0.293594 96.696060 0.291279 5.357043 0.062109 
1319 11.573960 0.000000 -0.622312 97.709920 0.217258 4.973078 0.042799 
1320 11.916546 0.000000 -0.293594 97.640866 0.210576 4.643782 0.044465 
1321 11.402667 0.000000 0.199485 95.896313 2.025426 8.113900 0.073396 
1322 11.231374 0.000000 0.199485 95.991153 1.976439 8.317820 0.071261 
1323 11.402667 0.000000 0.035125 96.345773 0.956899 5.961514 0.068104 
1324 11.573960 0.000000 0.199485 95.844539 2.054327 7.652391 0.075104 
1325 11.317021 0.000000 0.446024 96.570186 -4.196497 10.640530 0.054337 
1326 11.231374 0.000000 0.446024 97.830892 -4.054004 9.463831 0.032312 
1327 11.317021 0.000000 0.363844 96.118649 -3.950219 12.417932 0.059140 
1328 11.402667 0.000000 0.446024 95.065847 -4.404038 10.625189 0.083019 
1329 11.317021 0.000000 0.528203 97.581745 -3.097731 12.172204 0.032004 
1330 19.453436 0.000000 -1.279750 99.771052 0.038917 4.207334 0.002803 
1331 19.453436 0.000000 -3.909499 99.753846 0.042996 5.135838 0.002279 
1332 22.194123 0.000000 -1.279750 99.844315 0.089095 4.317230 0.001247 
1333 19.453436 0.000000 1.350000 100.033895 -0.242726 0.983472 -0.000781 
1334 15.342405 0.000000 0.035125 99.454306 0.379743 3.995793 0.009273 
1335 15.342405 0.000000 -1.279750 99.454061 -0.036491 4.097980 0.009210 
1336 16.712749 0.000000 0.035125 99.654369 0.275605 4.072011 0.005235 
1337 15.342405 0.000000 1.350000 99.537052 -0.395852 4.064455 0.007570 
1338 13.286890 0.000000 0.692563 98.835542 -2.996079 2.168570 0.021786 
1339 13.286890 0.000000 0.035125 98.743255 0.662020 3.861822 0.023442 
1340 13.972061 0.000000 0.692563 99.206528 -3.522986 2.924004 0.013710 
1341 13.286890 0.000000 1.350000 98.890061 0.228411 3.427456 0.020896 
1342 12.259132 0.000000 0.363844 96.884158 -1.042989 13.258429 0.043659 
1343 12.259132 0.000000 0.035125 97.675173 0.745548 4.374224 0.043987 
1344 12.601718 0.000000 0.363844 97.431919 2.911013 13.686645 0.031122 
1345 12.259132 0.000000 0.692563 97.284623 -2.016743 2.056426 0.052741 
1346 12.259132 0.000000 1.021281 97.499858 3.069789 0.511292 0.048409 
1347 12.601718 0.000000 1.021281 98.183333 -0.913895 3.263088 0.034855 
1348 12.259132 0.000000 1.350000 97.890925 -0.446440 2.607892 0.041037 
1349 12.087839 0.000000 0.528203 96.660153 -4.166692 3.699637 0.062577 
1350 11.916546 0.000000 0.528203 95.688372 -4.052740 3.959402 0.081163 
1351 12.087839 0.000000 0.363844 96.447177 -2.217944 12.675003 0.053237 
1352 12.259132 0.000000 0.528203 97.319934 -4.540262 3.589696 0.049533 
1353 12.087839 0.000000 0.692563 96.510942 -1.741235 2.134485 0.067805 
1354 11.745253 0.000000 0.528203 94.175690 -3.845865 4.918482 0.109196 
1355 11.745253 0.000000 0.363844 95.185383 -3.771424 11.997075 0.078159 
1356 11.745253 0.000000 0.692563 92.541949 -1.558077 3.140729 0.142370 
1357 13.286890 0.000000 -0.622312 98.883271 0.178628 3.906359 0.020681 
1358 13.286890 0.000000 -1.279750 98.988712 0.206998 4.013995 0.018508 
1359 13.972061 0.000000 -0.622312 99.169008 0.377337 4.022602 0.014918 
1360 12.259132 0.000000 -0.293594 98.020918 0.280057 4.257732 0.037369 
1361 12.259132 0.000000 -0.622312 98.248939 0.191064 4.225992 0.032925 
1362 12.601718 0.000000 -0.293594 98.348846 0.328094 4.058019 0.031093 
1363 12.087839 0.000000 0.199485 96.997337 1.828268 5.399222 0.055902 
1364 11.916546 0.000000 0.199485 96.591294 2.006871 5.865523 0.063169 
1365 12.087839 0.000000 0.035125 97.356904 0.725750 4.682386 0.049918 
1366 12.259132 0.000000 0.199485 97.423299 1.842244 4.935308 0.048095 
1367 12.002193 0.000000 0.446024 96.329065 -5.444137 6.221723 0.065236 
1368 11.916546 0.000000 0.446024 95.926052 -5.390831 6.278279 0.072971 
1369 12.002193 0.000000 0.363844 96.164456 -2.722738 12.364124 0.059211 
1370 12.087839 0.000000 0.446024 96.709534 -5.613375 6.221430 0.057705 
1371 12.002193 0.000000 0.528203 96.206002 -4.065232 3.803886 0.071341 
1372 12.944304 0.000000 0.363844 98.087288 4.890507 10.018034 0.025461 
1373 12.944304 0.000000 0.035125 98.505192 0.746490 3.910437 0.028088 
1374 13.286890 0.000000 0.363844 98.463308 4.534270 7.280946 0.023141 
1375 12.944304 0.000000 0.692563 98.652972 -2.583178 2.186448 0.025614 
1376 19.453436 0.000000 3.979750 99.856219 1.793699 4.221436 0.000770 
1377 22.194123 0.000000 3.979750 99.774464 0.032747 5.784262 0.001160 
1378 19.453436 0.000000 6.609499 99.855079 0.118654 4.685283 0.000700 
1379 15.342405 0.000000 2.664875 99.680940 -0.704597 3.073919 0.005376 
1380 16.712749 0.000000 2.664875 99.773639 -0.381263 3.147802 0.003517 
1381 15.342405 0.000000 3.979750 99.764482 1.052792 3.774148 0.003170 
1382 13.286890 0.000000 2.007437 99.092119 -0.712499 2.837291 0.017219 
1383 13.972061 0.000000 2.007437 99.310029 -0.405392 3.272432 0.012665 
1384 13.286890 0.000000 2.664875 99.375147 -0.314062 2.799404 0.011664 
1385 12.944304 0.000000 1.021281 98.630513 -0.846293 3.430168 0.025954 
1386 13.286890 0.000000 1.021281 98.883410 -3.740081 1.803736 0.020483 
1387 12.944304 0.000000 1.350000 98.769914 0.020620 3.346584 0.023330 
1388 12.773011 0.000000 0.528203 98.366242 -5.134615 3.897033 0.028253 
1389 12.601718 0.000000 0.528203 98.105912 -4.886764 3.701738 0.033765 
1390 12.773011 0.000000 0.363844 97.751161 4.582982 12.178559 0.027539 
1391 12.944304 0.000000 0.528203 98.497996 -5.419444 4.272818 0.025052 
1392 12.773011 0.000000 0.692563 98.452070 -2.413079 2.083156 0.029703 
1393 12.944304 0.000000 -0.293594 98.576673 0.351353 3.974497 0.026672 
1394 12.944304 0.000000 -0.622312 98.708108 0.249221 4.027495 0.024043 
1395 13.286890 0.000000 -0.293594 98.805635 0.283290 3.821573 0.022276 
1396 12.773011 0.000000 0.199485 98.313322 1.727481 4.348292 0.031260 
1397 12.601718 0.000000 0.199485 98.059101 1.809180 4.462298 0.036123 
1398 12.773011 0.000000 0.035125 98.373609 0.767855 4.012219 0.030595 
1399 12.944304 0.000000 0.199485 98.469778 1.590215 4.194896 0.028358 
1400 14.657233 0.000000 0.692563 99.362333 -4.521178 3.559981 0.009401 
1401 14.657233 0.000000 0.035125 99.291996 0.499986 4.016867 0.012471 
1402 15.342405 0.000000 0.692563 99.453742 -5.610939 4.596075 0.005635 
1403 14.657233 0.000000 1.350000 99.393455 0.093610 3.859887 0.010603 
1404 13.629476 0.000000 0.363844 98.772532 3.933036 6.135191 0.019088 
1405 13.629476 0.000000 0.035125 98.933547 0.761112 4.048414 0.019518 
1406 13.972061 0.000000 0.363844 99.017896 3.315591 5.413037 0.015516 
1407 13.629476 0.000000 0.692563 99.036909 -3.268989 2.654996 0.017396 
1408 13.115597 0.000000 0.528203 98.612172 -5.655779 4.590096 0.022258 
1409 13.115597 0.000000 0.363844 98.322024 4.944839 8.571369 0.023486 
1410 13.286890 0.000000 0.528203 98.630231 -6.117725 4.925237 0.021039 
1411 13.115597 0.000000 0.692563 98.806557 -2.765131 2.096711 0.022522 
1412 12.858657 0.000000 0.446024 98.063199 -7.537683 9.122094 0.024358 
1413 12.773011 0.000000 0.446024 98.141222 -7.585523 8.259045 0.024255 
1414 12.858657 0.000000 0.363844 97.898348 5.125410 11.317962 0.026155 
1415 12.944304 0.000000 0.446024 98.084296 -7.485505 10.009992 0.022324 
1416 12.858657 0.000000 0.528203 98.416482 -5.280722 4.069600 0.026975 
1417 18.083092 0.000000 2.664875 99.844563 -0.620608 2.995527 0.002170 
1418 18.083092 0.000000 1.350000 99.824603 -0.799210 3.537351 0.002190 
1419 19.453436 0.000000 2.664875 99.899428 -0.549486 3.179873 0.000969 
1420 18.083092 0.000000 3.979750 99.850439 1.382943 3.964274 0.001226 
1421 16.027577 0.000000 2.007437 99.692480 -0.768505 3.054670 0.005149 
1422 15.342405 0.000000 2.007437 99.636477 -0.246235 2.825216 0.006453 
1423 16.027577 0.000000 1.350000 99.624677 0.558679 4.177718 0.005716 
1424 16.712749 0.000000 2.007437 99.739564 -0.629271 3.320419 0.004060 
1425 16.027577 0.000000 2.664875 99.730804 -0.633570 3.223540 0.004297 
1426 18.083092 0.000000 0.035125 99.749729 0.173150 4.099893 0.003315 
1427 18.083092 0.000000 -1.279750 99.716903 0.002141 4.168501 0.003916 
1428 19.453436 0.000000 0.035125 99.794460 0.163786 4.116951 0.002409 
1429 17.397920 0.000000 2.007437 99.785394 -0.517295 3.360365 0.003132 
1430 17.397920 0.000000 1.350000 99.775626 -0.038198 3.710385 0.003106 
1431 18.083092 0.000000 2.007437 99.817591 -0.561942 3.377422 0.002473 
1432 17.397920 0.000000 2.664875 99.814996 -0.427212 2.973988 0.002794 
1433 33.156872 0.000000 6.609499 99.927061 0.194100 4.408120 -0.000489 
1434 33.156872 0.000000 1.350000 99.924816 0.427226 4.352455 -0.000410 
1435 38.638246 0.000000 6.609499 99.938563 0.255655 4.293092 -0.000621 
1436 33.156872 0.000000 11.868999 99.845619 0.023729 5.719772 -0.000186 
1437 24.934810 0.000000 3.979750 99.976729 -0.675179 3.300531 -0.000670 
1438 24.934810 0.000000 1.350000 99.827224 -6.095614 5.235206 -0.003004 
1439 27.675497 0.000000 3.979750 99.997295 -0.778105 3.140703 -0.000993 
1440 24.934810 0.000000 6.609499 99.896794 0.121693 4.604651 -0.000059 
1441 20.823779 0.000000 2.664875 99.926251 -0.403601 3.307298 0.000364 
1442 20.823779 0.000000 1.350000 99.973610 -2.373889 2.409080 -0.000616 
1443 22.194123 0.000000 2.664875 99.933328 -0.392204 3.344987 0.000199 
1444 20.823779 0.000000 3.979750 99.759523 2.956464 5.882879 0.000469 
1445 18.768264 0.000000 2.007437 99.841436 -0.499347 3.485976 0.001929 
1446 18.768264 0.000000 1.350000 99.884347 -0.200922 2.893886 0.001470 
1447 19.453436 0.000000 2.007437 99.865552 -0.346758 3.507001 0.001445 
1448 18.768264 0.000000 2.664875 99.871936 -0.619077 3.156662 0.001525 
1449 12.259132 0.000000 1.678719 98.428920 -0.705649 2.151423 0.030662 
1450 11.916546 0.000000 1.678719 98.191308 -0.320118 1.741069 0.035533 
1451 12.601718 0.000000 1.678719 98.703090 -0.573831 2.643000 0.025039 
1452 12.259132 0.000000 2.007437 98.826363 -0.469656 2.352397 0.022760 
1453 12.430425 0.000000 1.185641 97.985495 1.612679 3.120604 0.038650 
1454 12.259132 0.000000 1.185641 97.603702 1.166011 2.823136 0.046419 
1455 12.430425 0.000000 1.021281 97.843210 -0.951141 3.154488 0.041585 
1456 12.601718 0.000000 1.185641 98.282831 -0.431285 3.245859 0.032976 
1457 12.430425 0.000000 1.350000 98.177989 -0.344262 2.889912 0.035261 
1458 12.430425 0.000000 0.856922 97.782561 -1.273937 2.685921 0.042973 
1459 12.259132 0.000000 0.856922 97.251759 -1.336708 2.628298 0.053340 
1460 12.430425 0.000000 0.692563 97.816535 -2.107181 2.049186 0.042329 
1461 12.601718 0.000000 0.856922 98.156406 -1.247957 2.688759 0.035653 
1462 12.944304 0.000000 1.678719 98.909859 -0.521864 2.807151 0.020869 
1463 13.286890 0.000000 1.678719 98.976719 -0.291040 3.143887 0.019364 
1464 12.944304 0.000000 2.007437 99.061148 -0.940929 2.245771 0.018096 
1465 12.773011 0.000000 1.185641 98.505553 -0.370850 3.373419 0.028514 
1466 12.773011 0.000000 1.021281 98.436089 -0.880400 3.350733 0.029833 
1467 12.944304 0.000000 1.185641 98.679820 -0.306224 3.488566 0.025003 
1468 12.773011 0.000000 1.350000 98.596473 -0.112815 3.262698 0.026808 
1469 12.516071 0.000000 1.103461 98.091260 -0.459183 3.108629 0.036823 
1470 12.430425 0.000000 1.103461 97.920850 -0.553443 3.038139 0.040197 
1471 12.516071 0.000000 1.021281 98.026392 -0.932751 3.221704 0.037958 
1472 12.601718 0.000000 1.103461 98.236920 -0.360253 3.156659 0.033941 
1473 12.516071 0.000000 1.185641 98.148286 -0.461294 3.174834 0.035662 
1474 12.087839 0.000000 1.185641 97.094760 0.796980 2.401888 0.056620 
1475 11.916546 0.000000 1.185641 96.351546 0.496197 1.797252 0.071290 
1476 12.087839 0.000000 1.021281 96.764168 2.437693 1.304759 0.062905 
1477 12.087839 0.000000 1.350000 97.546080 -0.569056 2.179184 0.047969 
1478 12.344778 0.000000 1.103461 97.722348 -0.649682 2.956025 0.044118 
1479 12.259132 0.000000 1.103461 97.497658 -0.748610 2.822336 0.048568 
1480 12.344778 0.000000 1.021281 97.627206 -0.967496 3.081336 0.045850 
1481 12.344778 0.000000 1.185641 97.809651 1.350253 2.988397 0.042252 
1482 12.430425 0.000000 1.514359 98.374931 -0.335076 2.769867 0.031459 
1483 12.259132 0.000000 1.514359 98.174739 0.269664 2.351935 0.035612 
1484 12.601718 0.000000 1.514359 98.554290 -0.307608 2.962059 0.027818 
1485 12.430425 0.000000 1.678719 98.570912 -0.641711 2.425288 0.027748 
1486 12.516071 0.000000 1.267820 98.219312 -0.009502 3.129632 0.034317 
1487 12.430425 0.000000 1.267820 98.080677 -0.038086 3.026079 0.037102 
1488 12.601718 0.000000 1.267820 98.341856 0.021452 3.210127 0.031857 
1489 12.516071 0.000000 1.350000 98.300756 -0.288831 3.004395 0.032785 
1490 12.473248 0.000000 1.144551 98.037162 -0.132398 3.126253 0.037892 
1491 12.430425 0.000000 1.144551 97.953120 -0.148674 3.084669 0.039565 
1492 12.473248 0.000000 1.103461 98.009143 -0.505754 3.078019 0.038448 
1493 12.516071 0.000000 1.144551 98.115847 -0.115809 3.168854 0.036323 
1494 12.473248 0.000000 1.185641 98.063964 1.769776 3.186688 0.037017 
1495 13.629476 0.000000 1.021281 99.025169 -2.637651 2.898912 0.017866 
1496 13.972061 0.000000 1.021281 99.174059 -2.226828 3.222928 0.014916 
1497 13.629476 0.000000 1.350000 99.032849 0.839628 3.822101 0.017718 
1498 14.657233 0.000000 2.007437 99.522873 -0.216412 3.099804 0.008554 
1499 14.657233 0.000000 2.664875 99.623314 -0.519106 3.192142 0.006474 
1500 14.314647 0.000000 1.021281 99.307476 -1.932990 3.229849 0.012386 
1501 14.314647 0.000000 0.692563 99.286515 -4.086387 3.298066 0.011461 
1502 14.657233 0.000000 1.021281 99.415890 -1.749948 3.104924 0.010378 
1503 14.314647 0.000000 1.350000 99.289650 -0.029303 3.912849 0.012625 
1504 13.629476 0.000000 1.678719 99.147828 0.034317 3.242209 0.015920 
1505 13.972061 0.000000 1.678719 99.241435 0.058278 3.346380 0.013994 
1506 13.629476 0.000000 2.007437 99.251647 -0.406454 3.005676 0.013991 
1507 13.800769 0.000000 1.185641 99.112684 -1.325566 3.890334 0.015978 
1508 13.629476 0.000000 1.185641 98.998923 -1.955721 4.024042 0.017920 
1509 13.800769 0.000000 1.021281 99.132629 -2.299588 3.010601 0.015837 
1510 13.972061 0.000000 1.185641 99.154434 -1.066858 3.954502 0.015162 
1511 13.800769 0.000000 1.350000 99.121421 1.209988 3.949133 0.015788 
1512 14.314647 0.000000 1.678719 99.340621 -0.345841 3.656084 0.011795 
1513 14.657233 0.000000 1.678719 99.454588 -0.294958 3.567088 0.009597 
1514 14.314647 0.000000 2.007437 99.408074 -0.327285 3.261654 0.010729 
1515 14.143354 0.000000 1.185641 99.224463 -0.760472 3.904585 0.013868 
1516 14.143354 0.000000 1.021281 99.245228 -2.056703 3.267915 0.013548 
1517 14.314647 0.000000 1.185641 99.287764 -0.511851 3.781554 0.012738 
1518 14.143354 0.000000 1.350000 99.231336 -0.069157 3.951858 0.013752 
1519 16.027577 0.000000 0.692563 99.415376 -7.079523 6.941497 0.001828 
1520 16.027577 0.000000 0.035125 99.580965 0.341124 4.094767 0.006675 
1521 16.712749 0.000000 0.692563 99.031785 -6.494362 13.404710 -0.002916 
1522 14.999819 0.000000 1.021281 99.514581 -1.656797 2.994033 0.008514 
1523 14.999819 0.000000 0.692563 99.423702 -5.007861 3.968410 0.007410 
1524 15.342405 0.000000 1.021281 99.593177 -1.676512 2.906737 0.006994 
1525 14.999819 0.000000 1.350000 99.469394 -0.925963 4.188931 0.008744 
1526 14.485940 0.000000 1.185641 99.344898 -0.271551 3.705800 0.011678 
1527 14.485940 0.000000 1.021281 99.364768 -1.830067 3.211324 0.011298 
1528 14.657233 0.000000 1.185641 99.399205 -0.032872 3.529364 0.010734 
1529 14.485940 0.000000 1.350000 99.348152 0.028586 3.833692 0.011525 
1530 14.143354 0.000000 1.514359 99.262234 -0.246039 3.701314 0.013325 
1531 13.972061 0.000000 1.514359 99.198661 -0.345168 3.693385 0.014587 
1532 14.314647 0.000000 1.514359 99.314769 -0.125020 3.733933 0.012262 
1533 14.143354 0.000000 1.678719 99.308934 0.077579 3.195648 0.012752 
1534 14.229001 0.000000 1.267820 99.244156 0.954701 4.142812 0.013252 
1535 14.143354 0.000000 1.267820 99.214792 0.793049 4.143879 0.013862 
1536 14.229001 0.000000 1.185641 99.257590 -0.639842 3.821450 0.013292 
1537 14.314647 0.000000 1.267820 99.268780 1.161876 4.204796 0.012668 
1538 14.229001 0.000000 1.350000 99.262837 -0.058615 3.910537 0.013159 
1539 14.057708 0.000000 1.267820 99.183114 0.641359 4.097053 0.014551 
1540 13.972061 0.000000 1.267820 99.149815 0.504167 4.060413 0.015257 
1541 14.057708 0.000000 1.185641 99.191416 -0.906358 3.927969 0.014481 
1542 14.057708 0.000000 1.350000 99.199663 -0.095699 3.938603 0.014391 
1543 15.342405 0.000000 -2.594624 99.515255 -0.033049 4.600674 0.007555 
1544 15.342405 0.000000 -3.909499 99.573789 -0.125000 5.092167 0.005911 
1545 16.712749 0.000000 -2.594624 99.606077 0.001742 4.546542 0.005796 
1546 14.657233 0.000000 -0.622312 99.299801 0.164035 3.967002 0.012379 
1547 14.657233 0.000000 -1.279750 99.297290 0.054227 4.061694 0.012355 
1548 15.342405 0.000000 -0.622312 99.443237 0.092997 3.948822 0.009544 
1549 14.314647 0.000000 0.363844 99.147259 2.596235 5.044985 0.013763 
1550 14.314647 0.000000 0.035125 99.207203 0.551549 4.105940 0.014077 
1551 14.657233 0.000000 0.363844 99.259234 2.167849 4.687816 0.012093 
1552 14.143354 0.000000 0.856922 99.286631 -1.656301 2.609596 0.013261 
1553 13.972061 0.000000 0.856922 99.245323 -1.393051 2.531449 0.014202 
1554 14.143354 0.000000 0.692563 99.236649 -3.878081 3.193699 0.012685 
1555 14.314647 0.000000 0.856922 99.351163 -1.791281 2.517981 0.011980 
1556 14.229001 0.000000 1.103461 99.251285 -0.930139 3.795945 0.013391 
1557 14.143354 0.000000 1.103461 99.219137 -0.933085 3.857082 0.013982 
1558 14.229001 0.000000 1.021281 99.276383 -1.995915 3.224727 0.012982 
1559 14.314647 0.000000 1.103461 99.281058 -0.915365 3.777755 0.012816 
1560 14.186178 0.000000 1.226730 99.240857 -0.130901 3.851111 0.013640 
1561 14.143354 0.000000 1.226730 99.224267 -0.133784 3.905220 0.013928 
1562 14.186178 0.000000 1.185641 99.241360 -0.705889 3.836265 0.013594 
1563 14.229001 0.000000 1.226730 99.256348 -0.113050 3.850187 0.013334 
1564 14.186178 0.000000 1.267820 99.230334 0.862857 4.114752 0.013567 
1565 14.999819 0.000000 1.678719 99.534600 -0.624625 3.213443 0.008215 
1566 15.342405 0.000000 1.678719 99.582145 -0.541667 3.460415 0.007113 
1567 14.999819 0.000000 2.007437 99.582786 -0.144142 2.999683 0.007425 
1568 14.828526 0.000000 1.185641 99.456529 0.212486 3.371344 0.009699 
1569 14.828526 0.000000 1.021281 99.470299 -1.692265 3.026834 0.009363 
1570 14.999819 0.000000 1.185641 99.500529 0.465294 3.248498 0.008888 
1571 14.828526 0.000000 1.350000 99.443961 0.167000 3.827600 0.009622 
1572 14.828526 0.000000 1.514359 99.467682 0.342932 3.636828 0.009284 
1573 14.657233 0.000000 1.514359 99.416771 0.154023 3.686744 0.010269 
1574 14.999819 0.000000 1.514359 99.503742 0.601559 3.612509 0.008559 
1575 14.828526 0.000000 1.678719 99.488818 -0.265821 3.600265 0.008894 
1576 14.742880 0.000000 1.267820 99.421493 -0.300013 3.757495 0.010116 
1577 14.657233 0.000000 1.267820 99.390414 -0.337118 3.814789 0.010688 
1578 14.742880 0.000000 1.185641 99.432622 0.088563 3.423697 0.010142 
1579 14.828526 0.000000 1.267820 99.442188 -0.265011 3.759467 0.009705 
1580 14.742880 0.000000 1.350000 99.424535 0.130088 3.814184 0.010020 
1581 15.684991 0.000000 1.021281 99.667548 -1.707229 2.798515 0.005563 
1582 15.684991 0.000000 0.692563 99.466416 -6.336816 5.447405 0.003660 
1583 16.027577 0.000000 1.021281 99.710651 -1.854833 2.740336 0.004684 
1584 15.684991 0.000000 1.350000 99.597506 0.078435 4.058095 0.006386 
1585 15.684991 0.000000 1.678719 99.619909 -0.358717 3.645327 0.006246 
1586 16.027577 0.000000 1.678719 99.654105 -0.311970 3.692011 0.005533 
1587 15.684991 0.000000 2.007437 99.670228 -0.478689 2.870574 0.005738 
1588 15.513698 0.000000 1.185641 99.639163 1.391204 2.358423 0.006454 
1589 15.342405 0.000000 1.185641 99.589353 1.035989 2.781974 0.007315 
1590 15.513698 0.000000 1.021281 99.629266 -1.707761 2.872496 0.006284 
1591 15.684991 0.000000 1.185641 99.704837 1.803276 1.618804 0.005307 
1592 15.513698 0.000000 1.350000 99.569115 -0.184769 4.052595 0.006953 
1593 15.171112 0.000000 1.185641 99.545460 0.767967 3.053697 0.008079 
1594 15.171112 0.000000 1.021281 99.555308 -1.635041 2.953145 0.007735 
1595 15.171112 0.000000 1.350000 99.506835 -0.589799 4.092545 0.008129 
1596 15.513698 0.000000 1.514359 99.585467 -0.245953 3.837919 0.006794 
1597 15.342405 0.000000 1.514359 99.555881 -0.269384 3.810815 0.007403 
1598 15.684991 0.000000 1.514359 99.599456 -0.138938 3.919670 0.006457 
1599 15.513698 0.000000 1.678719 99.608554 -0.493942 3.535502 0.006539 
1600 15.428052 0.000000 1.267820 99.562453 -0.054674 3.739258 0.007333 
1601 15.342405 0.000000 1.267820 99.547167 -0.094718 3.747505 0.007631 
1602 15.428052 0.000000 1.185641 99.613393 1.220087 2.586831 0.006899 
1603 15.513698 0.000000 1.267820 99.553663 -2.186413 4.404191 0.006489 
1604 15.428052 0.000000 1.350000 99.551749 -0.276105 4.052794 0.007295 
1605 17.397920 0.000000 0.692563 99.103294 3.931204 13.175979 -0.001052 
1606 17.397920 0.000000 0.035125 99.711789 0.238841 4.082796 0.004083 
1607 18.083092 0.000000 0.692563 99.552492 4.198673 7.258710 0.001898 
1608 17.740506 0.000000 1.678719 99.779928 -0.104276 3.839221 0.002922 
1609 17.397920 0.000000 1.678719 99.762353 -0.169405 3.836365 0.003273 
1610 17.740506 0.000000 1.350000 99.790179 -1.387575 3.854914 0.002513 
1611 18.083092 0.000000 1.678719 99.807656 -0.392888 3.540915 0.002574 
1612 17.740506 0.000000 2.007437 99.802384 -0.544901 3.353255 0.002794 
1613 17.055335 0.000000 1.678719 99.739532 -0.256814 3.823946 0.003734 
1614 16.712749 0.000000 1.678719 99.722142 0.092080 3.588748 0.004261 
1615 17.055335 0.000000 1.350000 99.745296 -0.176693 3.793800 0.003645 
1616 17.055335 0.000000 2.007437 99.764077 -0.560148 3.360903 0.003552 
1617 33.156872 0.000000 -3.909499 99.857737 0.009703 5.301190 0.000033 
1618 33.156872 0.000000 -9.168999 99.786051 0.015625 6.146039 0.000497 
1619 38.638246 0.000000 -3.909499 99.853208 0.021896 5.364488 0.000056 
1620 24.934810 0.000000 -1.279750 99.878474 0.097528 4.338067 0.000546 
1621 24.934810 0.000000 -3.909499 99.826279 0.043335 5.134125 0.000835 
1622 27.675497 0.000000 -1.279750 99.904006 0.019020 4.458048 -0.000068 
1623 20.823779 0.000000 0.035125 99.835757 0.168040 4.204664 0.001511 
1624 20.823779 0.000000 -1.279750 99.819270 0.077239 4.325098 0.001740 
1625 22.194123 0.000000 0.035125 99.860051 0.172503 4.158580 0.001065 
1626 18.768264 0.000000 0.692563 99.695640 2.821093 5.486259 0.002272 
1627 18.768264 0.000000 0.035125 99.773972 0.184199 4.121172 0.002814 
1628 19.453436 0.000000 0.692563 99.752782 1.940647 4.865946 0.002194 
1629 17.740506 0.000000 1.021281 99.869970 -3.107429 2.547114 0.000985 
1630 17.397920 0.000000 1.021281 99.857599 -2.734918 2.474669 0.001486 
1631 17.740506 0.000000 0.692563 99.383747 4.812446 9.441203 0.001057 
1632 18.083092 0.000000 1.021281 99.875839 -3.454443 2.680433 0.000570 
1633 17.569213 0.000000 1.514359 99.760746 0.461193 4.094414 0.003082 
1634 17.397920 0.000000 1.514359 99.754111 0.322877 4.039658 0.003269 
1635 17.569213 0.000000 1.350000 99.771894 -1.812066 4.069892 0.002572 
1636 17.740506 0.000000 1.514359 99.767352 0.671676 4.177787 0.002857 
1637 17.569213 0.000000 1.678719 99.770335 -0.156039 3.840405 0.003111 
1638 17.055335 0.000000 1.021281 99.833406 -2.423374 2.466633 0.002133 
1639 16.712749 0.000000 1.021281 99.799540 -2.153992 2.519541 0.002906 
1640 17.055335 0.000000 0.692563 98.875971 -1.111810 16.067521 -0.003586 
1641 17.569213 0.000000 1.185641 99.836080 -2.668002 2.504492 0.001937 
1642 17.397920 0.000000 1.185641 99.829635 -2.782512 2.433466 0.002038 
1643 17.569213 0.000000 1.021281 99.864082 -2.937407 2.503818 0.001227 
1644 17.740506 0.000000 1.185641 99.847838 -2.539902 2.530909 0.001755 
1645 18.425678 0.000000 1.678719 99.817595 -0.144584 3.627785 0.002327 
1646 18.425678 0.000000 1.350000 99.856533 -0.422793 3.234654 0.001803 
1647 18.768264 0.000000 1.678719 99.834210 0.104255 3.591684 0.002022 
1648 18.425678 0.000000 2.007437 99.829012 -0.537278 3.409495 0.002225 
1649 17.911799 0.000000 1.514359 99.769430 0.968263 4.344521 0.002625 
1650 17.911799 0.000000 1.350000 99.808912 -1.056774 3.682864 0.002350 
1651 18.083092 0.000000 1.514359 99.796033 -0.136853 3.896464 0.002555 
1652 17.911799 0.000000 1.678719 99.804800 -0.498454 3.414108 0.002710 
1653 17.654860 0.000000 1.432180 99.770867 0.056274 4.065680 0.002924 
1654 17.569213 0.000000 1.432180 99.764877 -0.055751 4.080211 0.003032 
1655 17.654860 0.000000 1.350000 99.780812 -1.587622 3.952862 0.002564 
1656 17.740506 0.000000 1.432180 99.776563 0.179196 4.057592 0.002814 
1657 17.654860 0.000000 1.514359 99.764449 0.556408 4.127337 0.002971 
1658 18.425678 0.000000 1.021281 99.872570 -3.803782 2.872251 0.000275 
1659 18.425678 0.000000 0.692563 99.644611 3.435994 6.104473 0.002188 
1660 18.768264 0.000000 1.021281 99.863364 -4.139400 3.141094 0.000031 
1661 18.254385 0.000000 1.514359 99.803982 -0.067053 3.886605 0.002405 
1662 18.254385 0.000000 1.350000 99.840935 -0.584837 3.390665 0.001995 
1663 18.425678 0.000000 1.514359 99.810775 0.002733 3.876817 0.002278 
1664 18.254385 0.000000 1.678719 99.812148 -0.270048 3.606111 0.002446 
1665 20.138608 0.000000 2.007437 99.879396 -0.376219 3.567513 0.001124 
1666 20.138608 0.000000 1.350000 100.007153 -2.511856 1.702212 -0.001064 
1667 20.823779 0.000000 2.007437 99.897792 -0.237683 3.556470 0.000773 
1668 20.138608 0.000000 2.664875 99.907018 -0.613662 3.359910 0.000692 
1669 19.110850 0.000000 1.678719 99.890804 0.456455 2.968540 0.001281 
1670 19.110850 0.000000 1.350000 99.944118 0.118461 2.166264 0.000647 
1671 19.453436 0.000000 1.678719 99.890778 -0.853631 3.084604 0.001159 
1672 19.110850 0.000000 2.007437 99.854687 -0.433146 3.530752 0.001639 
1673 20.138608 0.000000 0.692563 99.792114 1.409600 4.736338 0.001711 
1674 20.138608 0.000000 0.035125 99.824478 0.154042 4.243663 0.001704 
1675 20.823779 0.000000 0.692563 99.816010 1.091240 4.563904 0.001474 
1676 19.110850 0.000000 1.021281 99.850441 -4.506635 3.452279 -0.000234 
1677 19.110850 0.000000 0.692563 99.728949 2.323045 5.108160 0.002265 
1678 19.453436 0.000000 1.021281 99.830909 -4.908131 3.825666 -0.000494 
1679 18.939557 0.000000 1.514359 99.805896 -0.377672 4.116543 0.002169 
1680 18.768264 0.000000 1.514359 99.757338 -0.771358 4.763111 0.002519 
1681 18.939557 0.000000 1.350000 99.910666 -0.017557 2.590209 0.001115 
1682 19.110850 0.000000 1.514359 99.812011 -0.451049 4.076388 0.002074 
1683 18.939557 0.000000 1.678719 99.845951 0.290115 3.464726 0.001870 
1684 13.115597 0.000000 1.185641 98.796590 -0.174349 3.496190 0.022698 
1685 13.115597 0.000000 1.021281 98.867174 -4.243696 0.963236 0.020635 
1686 13.286890 0.000000 1.185641 98.842296 -0.228372 3.427159 0.021840 
1687 13.115597 0.000000 1.350000 98.789447 0.091174 3.319668 0.022962 
1688 16.370163 0.000000 1.678719 99.688649 -0.190807 3.738295 0.004816 
1689 16.370163 0.000000 1.350000 99.653521 1.369055 4.510933 0.004695 
1690 16.370163 0.000000 2.007437 99.718580 -0.794860 3.277213 0.004483 
1691 15.856284 0.000000 1.514359 99.623381 -0.072126 3.940144 0.005965 
1692 15.856284 0.000000 1.350000 99.611437 0.381554 4.139120 0.006028 
1693 16.027577 0.000000 1.514359 99.636731 -0.130897 3.948574 0.005691 
1694 15.856284 0.000000 1.678719 99.641748 -0.272728 3.680606 0.005790 
1695 16.370163 0.000000 1.021281 99.763604 -2.048189 2.624265 0.003614 
1696 16.370163 0.000000 0.692563 99.283004 -7.793353 9.451783 -0.000719 
1697 15.856284 0.000000 1.185641 99.773430 2.055809 0.429997 0.004085 
1698 15.856284 0.000000 1.021281 99.689940 -1.692320 2.808212 0.005117 
1699 16.027577 0.000000 1.185641 99.649531 -1.104485 3.709358 0.005499 
1700 16.198870 0.000000 1.514359 99.660466 -0.812790 3.783778 0.005281 
1701 16.198870 0.000000 1.350000 99.642302 0.917043 4.266938 0.005236 
1702 16.370163 0.000000 1.514359 99.675460 -0.644810 3.899726 0.004918 
1703 16.198870 0.000000 1.678719 99.673201 -0.233848 3.696860 0.005153 
1704 15.941930 0.000000 1.432180 99.606055 1.167083 4.517757 0.005686 
1705 15.856284 0.000000 1.432180 99.602217 0.988269 4.357783 0.005943 
1706 15.941930 0.000000 1.350000 99.620971 0.518006 4.175376 0.005796 
1707 16.027577 0.000000 1.432180 99.634278 -0.228491 3.954248 0.005732 
1708 15.941930 0.000000 1.514359 99.632307 -0.046754 3.965996 0.005767 
1709 16.541456 0.000000 1.514359 99.687658 -0.460813 3.973071 0.004637 
1710 16.541456 0.000000 1.350000 99.692514 -0.475913 3.980617 0.004533 
1711 16.712749 0.000000 1.514359 99.704792 -0.234907 3.914033 0.004358 
1712 16.541456 0.000000 1.678719 99.700692 -0.084505 3.740533 0.004577 
1713 16.541456 0.000000 1.185641 99.716934 -1.049809 3.650913 0.004210 
1714 16.370163 0.000000 1.185641 99.697952 -1.088995 3.671718 0.004565 
1715 16.541456 0.000000 1.021281 99.783388 -2.124017 2.655479 0.003171 
1716 16.712749 0.000000 1.185641 99.829824 -3.814034 0.926480 0.001860 
1717 16.884042 0.000000 1.514359 99.719321 -0.099169 3.943071 0.004050 
1718 16.884042 0.000000 1.350000 99.728381 -0.248823 3.828589 0.003953 
1719 17.055335 0.000000 1.514359 99.732295 0.037140 3.970463 0.003770 
1720 16.884042 0.000000 1.678719 99.740617 0.193552 3.488097 0.003961 
1721 16.627102 0.000000 1.432180 99.696688 0.076345 3.946187 0.004499 
1722 16.541456 0.000000 1.432180 99.686902 -0.043329 4.046886 0.004614 
1723 16.627102 0.000000 1.350000 99.702427 -0.356324 3.866262 0.004435 
1724 16.712749 0.000000 1.432180 99.704802 0.114918 3.954504 0.004330 
1725 16.627102 0.000000 1.514359 99.697454 -0.304972 3.890145 0.004519 
1726 17.226627 0.000000 1.514359 99.743858 0.175344 4.002547 0.003511 
1727 17.226627 0.000000 1.350000 99.761067 -0.107812 3.754812 0.003362 
1728 17.226627 0.000000 1.678719 99.751425 -0.213774 3.831887 0.003492 
1729 18.596971 0.000000 1.514359 99.815238 0.098673 3.848289 0.002210 
1730 18.596971 0.000000 1.350000 99.868350 -0.266083 3.044333 0.001697 
1731 18.596971 0.000000 1.678719 99.822958 0.005359 3.599103 0.002242 
1732 22.194123 0.000000 17.128498 99.799920 -0.003075 6.398898 -0.000097 
1733 27.675497 0.000000 17.128498 99.817195 0.005766 6.344279 -0.000372 
1734 22.194123 0.000000 22.387997 99.817700 0.002060 6.621029 -0.000741 
1735 19.453436 0.000000 9.239249 99.860663 0.093426 5.360572 -0.000090 
1736 22.194123 0.000000 9.239249 99.875242 0.058676 5.301243 -0.000317 
1737 19.453436 0.000000 11.868999 99.874595 0.036618 5.813927 -0.000874 
1738 18.083092 0.000000 5.294624 99.881004 0.192913 4.154966 0.000648 
1739 16.712749 0.000000 5.294624 99.857398 0.215634 4.127781 0.001142 
1740 19.453436 0.000000 5.294624 99.874566 0.193076 4.255188 0.000693 
1741 18.083092 0.000000 6.609499 99.894428 0.072320 4.577023 0.000015 
1742 18.768264 0.000000 3.322312 99.901242 -0.676759 2.912434 0.001080 
1743 18.083092 0.000000 3.322312 99.878939 -0.730901 2.901931 0.001524 
1744 19.453436 0.000000 3.322312 99.933768 -0.787976 2.891377 0.000426 
1745 18.768264 0.000000 3.979750 99.856373 1.517780 4.068554 0.000985 
1746 18.425678 0.000000 2.336156 99.840396 -0.368377 3.313800 0.002078 
1747 18.083092 0.000000 2.336156 99.824491 -0.447182 3.357754 0.002360 
1748 18.768264 0.000000 2.336156 99.855563 -0.324936 3.313413 0.001778 
1749 18.425678 0.000000 2.664875 99.856340 -0.637990 3.066081 0.001890 
1750 18.254385 0.000000 1.843078 99.821744 -0.255798 3.410207 0.002392 
1751 18.083092 0.000000 1.843078 99.813407 -0.269996 3.451375 0.002530 
1752 18.425678 0.000000 1.843078 99.829435 -0.246347 3.350519 0.002280 
1753 18.254385 0.000000 2.007437 99.823269 -0.562499 3.400496 0.002344 
1754 18.340032 0.000000 1.596539 99.809638 -0.524273 3.730795 0.002384 
1755 18.254385 0.000000 1.596539 99.807996 -0.607436 3.690391 0.002438 
1756 18.340032 0.000000 1.514359 99.807500 -0.032659 3.881995 0.002339 
1757 18.425678 0.000000 1.596539 99.811357 -0.447069 3.763349 0.002333 
1758 18.340032 0.000000 1.678719 99.814817 -0.207724 3.620670 0.002385 
1759 18.168739 0.000000 1.596539 99.806559 -0.700411 3.635309 0.002494 
1760 18.083092 0.000000 1.596539 99.806320 -0.800048 3.555927 0.002541 
1761 18.168739 0.000000 1.514359 99.800024 -0.103675 3.892782 0.002479 
1762 18.168739 0.000000 1.678719 99.809557 -0.333214 3.580690 0.002512 
1763 18.254385 0.000000 1.185641 99.876621 -2.347952 2.474317 0.001303 
1764 18.083092 0.000000 1.185641 99.868687 -2.377840 2.507856 0.001430 
1765 18.254385 0.000000 1.021281 99.875150 -3.630129 2.768505 0.000411 
1766 18.425678 0.000000 1.185641 99.884246 -2.342011 2.427654 0.001176 
1767 18.340032 0.000000 1.432180 99.801225 1.525177 4.220371 0.001958 
1768 18.254385 0.000000 1.432180 99.800468 1.235231 4.143817 0.002117 
1769 18.340032 0.000000 1.350000 99.847731 -0.495582 3.315399 0.001919 
1770 18.425678 0.000000 1.432180 99.821542 -0.459748 3.757818 0.002133 
1771 18.297208 0.000000 1.555449 99.800206 0.215584 3.974141 0.002408 
1772 18.254385 0.000000 1.555449 99.798824 0.177236 3.968109 0.002442 
1773 18.297208 0.000000 1.514359 99.805739 -0.049998 3.884537 0.002372 
1774 18.340032 0.000000 1.555449 99.801494 0.254993 3.982315 0.002374 
1775 18.297208 0.000000 1.596539 99.808791 -0.565029 3.711319 0.002411 
1776 19.110850 0.000000 2.336156 99.884022 -0.315651 3.178142 0.001298 
1777 19.453436 0.000000 2.336156 99.897055 -0.473142 3.129073 0.001056 
1778 19.110850 0.000000 2.664875 99.887666 -0.572291 3.210596 0.001182 
1779 18.939557 0.000000 1.843078 99.850854 -0.374014 3.388890 0.001818 
1780 18.768264 0.000000 1.843078 99.846280 -0.307220 3.363422 0.001931 
1781 19.110850 0.000000 1.843078 99.857060 -0.416358 3.471387 0.001634 
1782 18.939557 0.000000 2.007437 99.846521 -0.477408 3.516014 0.001808 
1783 18.853910 0.000000 1.596539 99.820251 -0.102329 3.871197 0.002092 
1784 18.768264 0.000000 1.596539 99.819815 -0.183012 3.844241 0.002119 
1785 18.853910 0.000000 1.514359 99.790377 -0.590843 4.316137 0.002290 
1786 18.939557 0.000000 1.596539 99.820704 -0.017183 3.892314 0.002068 
1787 18.853910 0.000000 1.678719 99.838856 0.193103 3.546696 0.001959 
1788 18.939557 0.000000 1.185641 99.923926 -2.437925 2.359470 0.000370 
1789 18.768264 0.000000 1.185641 99.911726 -2.394581 2.354652 0.000637 
1790 18.939557 0.000000 1.021281 99.857840 -4.320321 3.290413 -0.000108 
1791 19.110850 0.000000 1.185641 99.928820 -2.506628 2.359134 0.000238 
1792 18.853910 0.000000 1.432180 99.596240 2.450447 7.084455 0.002439 
1793 18.768264 0.000000 1.432180 99.764229 1.829950 4.673696 0.002191 
1794 18.853910 0.000000 1.350000 99.893451 -0.127970 2.774684 0.001358 
1795 18.939557 0.000000 1.432180 99.542284 -2.610881 7.873138 0.002253 
1796 19.796022 0.000000 1.678719 99.848092 -0.414902 3.888639 0.001506 
1797 19.796022 0.000000 1.350000 100.062802 -1.785706 0.806935 -0.001640 
1798 20.138608 0.000000 1.678719 99.845187 0.011564 4.034880 0.001466 
1799 19.796022 0.000000 2.007437 99.871002 -0.322889 3.578973 0.001287 
1800 19.282143 0.000000 1.514359 99.823257 -0.021292 3.971520 0.001954 
1801 19.282143 0.000000 1.350000 99.987079 0.093024 1.605375 -0.000000 
1802 19.453436 0.000000 1.514359 99.828911 0.408673 3.940880 0.001849 
1803 19.282143 0.000000 1.678719 99.934818 -0.267338 2.401631 0.000719 
1804 19.025203 0.000000 1.596539 99.821502 0.073788 3.914287 0.002034 
1805 19.025203 0.000000 1.514359 99.805932 -0.789289 4.230516 0.002026 
1806 19.110850 0.000000 1.596539 99.821503 0.214654 3.950107 0.002002 
1807 19.025203 0.000000 1.678719 99.856054 0.385205 3.331985 0.001752 
1808 18.896734 0.000000 1.555449 99.799378 1.003114 4.277696 0.002078 
1809 18.853910 0.000000 1.555449 99.802188 0.896606 4.214623 0.002096 
1810 18.896734 0.000000 1.514359 99.799419 -0.480324 4.197466 0.002223 
1811 18.939557 0.000000 1.555449 99.795345 1.122670 4.361043 0.002061 
1812 18.896734 0.000000 1.596539 99.820457 -0.060133 3.881884 0.002080 
1813 11.573960 0.000000 2.993594 99.559046 -1.109296 2.146769 0.008216 
1814 11.573960 0.000000 2.664875 99.387625 -0.775143 2.036367 0.011735 
1815 11.916546 0.000000 2.993594 99.517092 -0.979323 2.267020 0.009025 
1816 11.060081 0.000000 2.829234 99.488560 -1.252066 1.858707 0.009700 
1817 11.060081 0.000000 2.664875 99.453891 -0.992296 1.837660 0.010456 
1818 11.231374 0.000000 2.829234 99.448782 -1.057593 1.951094 0.010501 
1819 11.060081 0.000000 2.993594 99.634908 -0.365808 1.839493 0.006937 
1820 10.803142 0.000000 2.911414 99.268481 0.000000 2.127728 0.014124 
1821 10.803142 0.000000 2.829234 99.260376 0.000000 2.086136 0.014303 
1822 10.888788 0.000000 2.911414 99.578953 -1.143436 1.801677 0.007948 
1823 10.803142 0.000000 2.993594 99.505895 0.000000 2.433828 0.009265 
1824 11.060081 0.000000 3.157953 99.658981 -0.885497 2.164260 0.006262 
1825 11.231374 0.000000 3.157953 99.627007 -0.823389 2.211707 0.006889 
1826 10.803142 0.000000 3.075773 99.513159 0.000000 2.517522 0.009079 
1827 10.888788 0.000000 3.075773 99.662513 -1.314535 2.015567 0.006159 
1828 10.803142 0.000000 3.157953 99.546918 0.000000 2.431747 0.008450 
1829 17.397920 0.000000 3.322312 99.847625 -0.850920 2.870903 0.002149 
1830 16.712749 0.000000 3.322312 99.828313 -0.879691 2.668863 0.002641 
1831 17.397920 0.000000 3.979750 99.826707 1.284801 3.922762 0.001759 
1832 15.342405 0.000000 5.294624 99.802994 0.168724 4.153217 0.002208 
1833 15.342405 0.000000 6.609499 99.909098 0.117086 4.506187 -0.000215 
1834 16.027577 0.000000 3.322312 99.775976 -0.793548 2.581421 0.003746 
1835 15.342405 0.000000 3.322312 99.770769 -0.546528 2.625086 0.003860 
1836 16.027577 0.000000 3.979750 99.754264 1.086529 3.902975 0.003267 
1837 17.397920 0.000000 4.637187 99.850514 0.403405 3.947408 0.001413 
1838 16.712749 0.000000 4.637187 99.838821 0.421001 3.921997 0.001665 
1839 18.083092 0.000000 4.637187 99.872781 0.407824 3.944444 0.000970 
1840 17.397920 0.000000 5.294624 99.877837 0.197764 4.127961 0.000734 
1841 17.055335 0.000000 3.651031 99.820901 -0.884713 4.768591 0.001227 
1842 16.712749 0.000000 3.651031 99.805603 -1.352978 4.866638 0.001333 
1843 17.055335 0.000000 3.322312 99.839484 -0.871817 2.783567 0.002357 
1844 17.397920 0.000000 3.651031 99.833370 -0.617541 4.596597 0.001179 
1845 17.055335 0.000000 3.979750 99.816218 1.239306 3.899389 0.001998 
1846 13.286890 0.000000 3.322312 99.591354 -0.609075 1.462789 0.007905 
1847 13.972061 0.000000 3.322312 99.726583 -1.097801 2.070788 0.004912 
1848 13.286890 0.000000 3.979750 99.801192 0.993047 3.330234 0.002765 
1849 14.657233 0.000000 3.322312 99.749841 -0.820552 2.531350 0.004289 
1850 14.657233 0.000000 3.979750 99.794572 1.079707 3.603801 0.002689 
1851 16.027577 0.000000 4.637187 99.822791 0.409773 3.892372 0.002009 
1852 15.342405 0.000000 4.637187 99.765753 0.332268 3.947430 0.003110 
1853 16.027577 0.000000 5.294624 99.853791 0.236840 4.098024 0.001237 
1854 15.684991 0.000000 3.651031 99.732013 0.374415 5.483000 0.002332 
1855 15.342405 0.000000 3.651031 99.776850 3.957442 4.025861 0.001271 
1856 15.684991 0.000000 3.322312 99.787390 -0.674814 2.541014 0.003556 
1857 16.027577 0.000000 3.651031 99.717766 0.313316 5.378401 0.002734 
1858 15.684991 0.000000 3.979750 99.736487 1.052309 3.877987 0.003649 
1859 -60.026492 0.000000 -61.763992 99.750185 0.000341 6.976361 0.000123 
1860 -81.951989 0.000000 -61.763992 99.752722 0.000233 6.976970 0.000072 
1861 -60.026492 0.000000 -82.801989 99.751306 0.000309 6.975221 0.000102 
1862 71.526492 0.000000 -61.763992 99.752673 0.001433 6.939236 0.000125 
1863 71.526492 0.000000 -82.801989 99.752629 0.000985 6.955202 0.000104 
1864 93.451989 0.000000 -61.763992 99.755019 0.001479 6.940251 0.000077 
1865 -16.175497 0.000000 64.463992 99.773996 -0.000447 6.966091 -0.000338 
1866 -38.100995 0.000000 64.463992 99.767938 -0.000254 6.973674 -0.000227 
1867 -16.175497 0.000000 85.501989 99.766976 -0.000391 6.968723 -0.000201 
1868 -60.026492 0.000000 64.463992 99.763250 -0.000144 6.976339 -0.000138 
1869 -81.951989 0.000000 64.463992 99.760481 -0.000087 6.976960 -0.000083 
1870 -60.026492 0.000000 85.501989 99.762059 -0.000178 6.975114 -0.000112 
1871 -27.138246 0.000000 -30.206996 99.729776 0.000964 6.977453 0.000529 
1872 -38.100995 0.000000 -30.206996 99.740560 0.000674 6.980597 0.000309 
1873 -27.138246 0.000000 -40.725995 99.735061 0.000826 6.973023 0.000429 
1874 71.526492 0.000000 64.463992 99.764982 -0.000980 6.927567 -0.000104 
1875 93.451989 0.000000 64.463992 99.762976 -0.000991 6.924798 -0.000060 
1876 71.526492 0.000000 85.501989 99.762774 -0.000790 6.950021 -0.000091 
1877 38.638246 0.000000 -30.206996 99.742492 0.003187 6.833844 0.000473 
1878 38.638246 0.000000 -40.725995 99.742149 0.002184 6.894859 0.000396 
1879 49.600995 0.000000 -30.206996 99.751205 0.003332 6.837655 0.000294 
1880 -5.212749 0.000000 32.906996 99.810584 -0.003811 6.930757 -0.001019 
1881 -16.175497 0.000000 32.906996 99.804193 -0.000458 6.966553 -0.000941 
1882 -5.212749 0.000000 43.425995 99.799129 -0.000737 6.946737 -0.000812 
1883 -27.138246 0.000000 32.906996 99.784885 -0.000175 6.978436 -0.000572 
1884 -38.100995 0.000000 32.906996 99.773298 -0.000071 6.981140 -0.000345 
1885 -27.138246 0.000000 43.425995 99.779731 -0.000285 6.973301 -0.000462 
1886 -10.694123 0.000000 -14.428498 99.696136 -0.054481 6.888905 0.001322 
1887 -16.175497 0.000000 -14.428498 99.697700 0.002879 6.960823 0.001192 
1888 -10.694123 0.000000 -19.687997 99.689478 0.003552 6.931635 0.001396 
1889 38.638246 0.000000 32.906996 99.788121 -0.000992 6.792182 -0.000380 
1890 49.600995 0.000000 32.906996 99.780779 -0.000791 6.782785 -0.000221 
1891 38.638246 0.000000 43.425995 99.780550 -0.001165 6.875443 -0.000343 
1892 22.194123 0.000000 -14.428498 99.765179 -0.010698 6.534045 0.000422 
1893 22.194123 0.000000 -19.687997 99.754149 -0.009745 6.712165 0.000406 
1894 27.675497 0.000000 -14.428498 99.769302 -0.006514 6.529695 0.000345 
1895 0.268626 0.000000 17.128498 99.902719 0.011881 6.754864 -0.002618 
1896 -5.212749 0.000000 17.128498 99.862435 0.002446 6.878336 -0.001982 
1897 0.268626 0.000000 22.387997 99.882340 0.007950 6.835885 -0.002321 
1898 -10.694123 0.000000 17.128498 99.871471 -0.037580 6.988042 -0.002314 
1899 -16.175497 0.000000 17.128498 99.806868 -0.004276 6.980926 -0.001014 
1900 -10.694123 0.000000 22.387997 99.829283 -0.004900 6.951535 -0.001421 
1901 -7.953436 0.000000 -6.539249 99.521554 -0.101307 6.913814 0.004765 
1902 -10.694123 0.000000 -6.539249 99.645393 -0.015424 6.860761 0.002373 
1903 -7.953436 0.000000 -9.168999 99.640222 -0.036122 6.792193 0.002569 
1904 3.009313 0.000000 9.239249 100.901462 0.112900 6.410275 -0.022221 
1905 0.268626 0.000000 9.239249 100.673238 0.257154 6.965845 -0.018369 
1906 3.009313 0.000000 11.868999 100.410423 0.233133 6.575625 -0.012555 
1907 -2.472061 0.000000 9.239249 100.271576 0.216381 7.139855 -0.010541 
1908 -5.212749 0.000000 9.239249 100.010510 0.134110 7.123755 -0.005287 
1909 -2.472061 0.000000 11.868999 100.142028 0.092485 6.958146 -0.007685 
1910 -3.842405 0.000000 -2.594624 98.722609 0.070142 7.097731 0.020346 
1911 -5.212749 0.000000 -2.594624 99.141994 -0.164576 6.928752 0.012283 
1912 -3.842405 0.000000 -3.909499 98.944830 -0.014713 6.909213 0.016218 
1913 -7.953436 0.000000 3.979750 99.710733 0.099815 7.193055 0.000602 
1914 -10.694123 0.000000 3.979750 99.726342 0.020309 7.103492 0.000420 
1915 -7.953436 0.000000 6.609499 99.826870 0.116403 7.147355 -0.001650 
1916 -7.953436 0.000000 9.239249 99.886009 0.039909 7.076362 -0.002729 
1917 -10.694123 0.000000 9.239249 99.802142 -0.017005 6.972001 -0.000908 
1918 -7.953436 0.000000 11.868999 99.853104 -0.011257 6.936944 -0.001876 
1919 -3.842405 0.000000 2.664875 99.490931 0.044005 7.996212 0.003761 
1920 -5.212749 0.000000 2.664875 99.501209 -0.062028 7.471374 0.004368 
1921 -3.842405 0.000000 3.979750 99.686409 -0.119095 7.639392 0.000425 
1922 -1.786890 0.000000 0.692563 97.534790 0.084837 9.120278 0.040378 
1923 -2.472061 0.000000 0.692563 98.202434 0.190648 8.435927 0.028508 
1924 -1.786890 0.000000 1.350000 98.218603 0.252487 9.268194 0.026714 
1925 -1.786890 0.000000 -1.937187 97.526197 0.227729 6.909520 0.044085 
1926 -2.472061 0.000000 -1.937187 97.922086 0.721727 7.254001 0.035812 
1927 -1.786890 0.000000 -2.594624 97.952642 0.231723 6.749180 0.035967 
1928 4.379656 0.000000 5.294624 102.887376 -0.163635 5.148652 -0.061235 
1929 3.009313 0.000000 5.294624 102.433562 -0.041830 6.398313 -0.053357 
1930 4.379656 0.000000 6.609499 101.928682 -0.092584 5.559615 -0.042037 
1931 1.638969 0.000000 5.294624 102.291767 -0.072087 7.507219 -0.051997 
1932 0.268626 0.000000 5.294624 101.424072 0.238708 8.014984 -0.035114 
1933 1.638969 0.000000 6.609499 101.609393 0.083286 7.051666 -0.037420 
1934 -0.759132 0.000000 -0.951031 93.967323 0.074034 5.608036 0.113869 
1935 -1.101718 0.000000 -0.951031 95.362363 0.062808 6.680909 0.086138 
1936 -0.759132 0.000000 -1.279750 95.193139 0.034116 5.536551 0.090761 
1937 1.296383 0.000000 -0.951031 100.572662 -0.077191 -12.469920 -0.027037 
1938 1.296383 0.000000 -1.279750 96.491251 0.033336 -1.596631 0.068689 
1939 1.296383 0.000000 -0.622312 99.943474 -0.034796 -12.439895 -0.014345 
1940 1.296383 0.000000 -0.293594 100.094895 -0.126752 -11.922718 -0.016116 
1941 1.638969 0.000000 -0.293594 100.094895 -0.126752 -11.922718 -0.016116 
1942 1.296383 0.000000 0.035125 7.848536 0.169144 1.643055 0.993567 
1943 -0.759132 0.000000 0.363844 93.683655 0.115495 10.595272 0.111110 
1944 -1.101718 0.000000 0.363844 95.397285 0.076128 9.613074 0.080694 
1945 -0.759132 0.000000 0.692563 95.207262 0.080745 10.930984 0.081608 
1946 -0.245253 0.000000 -0.129234 78.449083 -0.000744 10.974494 0.372530 
1947 -0.416546 0.000000 -0.129234 85.576100 -0.011294 9.537466 0.258577 
1948 -0.245253 0.000000 0.035125 81.594093 -0.002337 14.222931 0.314011 
1949 0.097333 0.000000 -0.786672 87.290993 0.046280 -10.257985 0.227505 
1950 -0.073960 0.000000 -0.786672 86.899152 0.037094 -3.786386 0.243420 
1951 0.097333 0.000000 -0.951031 91.704405 0.035226 -4.424670 0.157072 
1952 -0.245253 0.000000 -0.786672 88.564853 -0.017437 0.471414 0.215604 
1953 -0.416546 0.000000 -0.786672 90.413172 -0.036949 3.249146 0.181490 
1954 -0.245253 0.000000 -0.951031 91.285312 -0.014257 1.240242 0.166545 
1955 0.953797 0.000000 2.007437 100.654241 0.139223 13.377674 -0.031026 
1956 0.268626 0.000000 2.007437 99.356229 0.173342 11.859007 -0.001233 
1957 0.953797 0.000000 2.664875 101.682216 -0.436922 11.048498 -0.046153 
1958 1.296383 0.000000 0.363844 96.202085 -0.257369 35.032493 -0.048218 
1959 1.296383 0.000000 0.692563 97.930696 -0.443294 35.229368 -0.083173 
1960 1.296383 0.000000 1.021281 97.228513 -0.477012 34.743874 -0.066075 
1961 0.953797 0.000000 1.021281 96.587170 0.181877 19.562636 0.028819 
1962 1.296383 0.000000 1.350000 99.236653 0.015850 18.478658 -0.018937 
1963 0.611212 0.000000 1.021281 96.479953 0.144186 17.374589 0.038972 
1964 0.268626 0.000000 1.021281 96.242904 0.146345 15.775581 0.048841 
1965 0.611212 0.000000 1.350000 97.900223 0.145358 15.391776 0.017862 
1966 0.439919 0.000000 -0.457953 -3.307837 0.095397 2.689846 0.998181 
1967 0.611212 0.000000 -0.457953 97.294453 0.121643 -8.295169 0.046496 
1968 0.439919 0.000000 -0.293594 -1.693255 0.107516 1.955928 0.999330 
1969 0.439919 0.000000 -0.129234 -1.673725 0.042775 1.418281 0.999519 
1970 0.611212 0.000000 -0.129234 1.269414 0.057245 0.878886 0.999761 
1971 0.097333 0.000000 0.199485 76.338891 0.251478 32.522233 0.311461 
1972 -0.073960 0.000000 0.199485 81.013230 0.099864 21.479210 0.297549 
1973 0.097333 0.000000 0.363844 86.783908 0.248184 26.159009 0.178420 
1974 1.981555 0.000000 -0.293594 101.227305 -0.062754 -9.599814 -0.033913 
1975 2.324141 0.000000 -0.293594 2.472075 0.295964 -0.795029 0.999317 
1976 3.694485 0.000000 -1.937187 98.980526 -0.127215 3.197868 0.019261 
1977 3.694485 0.000000 -2.594624 98.986962 0.050583 4.210376 0.018385 
1978 4.037071 0.000000 1.021281 110.765065 -0.873071 3.583353 -0.228250 
1979 4.037071 0.000000 0.692563 104.452569 -0.642517 20.460907 -0.132940 
1980 4.037071 0.000000 1.350000 110.741034 -0.872341 3.502006 -0.227660 
1981 1.981555 0.000000 1.678719 103.682593 -0.269639 18.009281 -0.107449 
1982 1.638969 0.000000 1.678719 101.922936 -0.155725 16.805052 -0.067072 
1983 1.981555 0.000000 2.007437 104.384063 -0.249895 14.792530 -0.111491 
1984 2.495434 0.000000 1.185641 88.395417 -1.564182 11.442981 0.205286 
1985 2.324141 0.000000 1.185641 88.395417 -1.564182 11.442981 0.205286 
1986 2.495434 0.000000 1.350000 106.394848 -0.614095 33.170652 -0.242053 
1987 3.351899 0.000000 1.678719 111.453324 -1.018905 0.000000 -0.242288 
1988 3.694485 0.000000 1.678719 109.890243 -0.888539 0.000000 -0.207665 
1989 3.351899 0.000000 2.007437 110.412152 -0.478404 5.739093 -0.222401 
1990 4.037071 0.000000 1.678719 110.745674 -0.895978 0.049426 -0.226541 
1991 4.379656 0.000000 1.678719 110.779549 -0.898010 0.050039 -0.227292 
1992 4.037071 0.000000 2.007437 107.763834 -0.322462 2.229348 -0.161812 
1993 2.581080 0.000000 0.939102 53.900049 -2.987445 36.367872 0.576324 
1994 2.495434 0.000000 0.939102 81.492112 -1.999859 9.546010 0.326391 
1995 2.581080 0.000000 1.021281 52.200421 -3.029699 40.001885 0.566579 
1996 5.407414 0.000000 -0.293594 -2.337724 -0.244313 -2.189379 0.998968 
1997 5.064828 0.000000 -0.293594 0.628287 -0.224248 -2.040575 0.999539 
1998 5.750000 0.000000 -0.293594 -3.846297 -0.019309 -1.686042 0.998236 
1999 4.722242 0.000000 -0.293594 4.457407 -0.100957 -1.464879 0.997798 
2000 4.379656 0.000000 -0.293594 6.114788 0.086713 -1.110328 0.996137 
2001 4.722242 0.000000 0.035125 5.322060 -0.173419 -0.194148 0.997161 
2002 7.805515 0.000000 -1.937187 98.528120 0.022645 6.986557 0.024340 
2003 7.805515 0.000000 -2.594624 98.710670 0.120721 5.795327 0.022260 
2004 8.490687 0.000000 -1.937187 97.940519 0.016342 6.229870 0.036884 
2005 6.777758 0.000000 -0.951031 96.892165 -0.175695 12.736686 0.044965 
2006 6.777758 0.000000 -1.279750 98.815371 0.004995 10.275793 0.012993 
2007 7.120344 0.000000 -0.951031 98.808843 0.047059 11.429903 0.010617 
2008 6.092586 0.000000 -0.293594 -4.109682 -0.039597 -1.305578 0.998140 
2009 6.092586 0.000000 0.035125 -2.873565 -0.151965 -1.524375 0.998940 
2010 4.722242 0.000000 0.363844 7.911508 -0.253395 1.054783 0.993623 
2011 4.379656 0.000000 0.363844 9.516739 -0.198019 0.557054 0.990908 
2012 6.435172 0.000000 3.322312 101.519777 -0.076163 1.278352 -0.030791 
2013 5.750000 0.000000 3.322312 102.363193 -0.213771 1.692262 -0.048113 
2014 6.435172 0.000000 3.979750 101.852947 -0.042421 2.205038 -0.037889 
2015 6.092586 0.000000 0.363844 -1.110789 -0.121089 -1.288882 0.999709 
2016 6.435172 0.000000 0.363844 -2.207691 -0.149424 -0.978184 0.999415 
2017 6.777758 0.000000 0.363844 -2.679982 -0.047800 -0.260992 0.999275 
2018 7.120344 0.000000 0.363844 -2.041051 -0.304803 -0.596695 0.999539 
2019 4.722242 0.000000 1.678719 108.645337 -0.755712 0.082707 -0.180439 
2020 5.064828 0.000000 1.678719 105.891110 -0.496949 0.000000 -0.121317 
2021 4.722242 0.000000 2.007437 105.755376 -0.324443 0.428960 -0.118449 
2022 5.407414 0.000000 1.678719 104.689233 -0.298909 -5.582024 -0.099108 
2023 5.750000 0.000000 1.678719 100.034502 -0.077209 -7.204781 -0.005882 
2024 5.407414 0.000000 2.007437 103.785615 -0.334851 -2.692618 -0.077882 
2025 6.092586 0.000000 1.678719 98.080957 -0.052356 -4.957777 0.035554 
2026 6.435172 0.000000 1.678719 98.238464 -0.122666 -2.857815 0.034102 
2027 6.092586 0.000000 2.007437 100.487514 -0.137746 -2.833913 -0.010579 
2028 6.777758 0.000000 1.678719 98.767573 -0.214226 -2.076458 0.024061 
2029 7.120344 0.000000 1.678719 99.263936 -0.123809 -1.953612 0.014284 
2030 6.777758 0.000000 2.007437 99.677988 -0.198835 -1.448029 0.006216 
2031 33.156872 0.000000 -14.428498 99.760496 0.009049 6.516403 0.000538 
2032 33.156872 0.000000 -19.687997 99.749425 0.006119 6.691644 0.000527 
2033 38.638246 0.000000 -14.428498 99.763461 0.006205 6.513330 0.000483 
2034 19.453436 0.000000 -6.539249 99.729949 0.002562 5.731484 0.002109 
2035 19.453436 0.000000 -9.168999 99.728977 0.037281 6.110626 0.001679 
2036 22.194123 0.000000 -6.539249 99.764134 0.049465 5.716178 0.001444 
2037 24.934810 0.000000 -6.539249 99.811085 -0.003786 5.766327 0.000450 
2038 24.934810 0.000000 -9.168999 99.789921 -0.005459 6.135862 0.000432 
2039 27.675497 0.000000 -6.539249 99.815995 -0.000166 5.786968 0.000328 
2040 7.462929 0.000000 -0.293594 98.309996 0.317155 22.694657 -0.018000 
2041 7.462929 0.000000 -0.622312 98.444987 0.307691 22.116106 -0.018063 
2042 7.462929 0.000000 0.035125 -0.572897 -0.131782 0.182770 0.999962 
2043 7.462929 0.000000 0.363844 -0.103393 -0.434690 -0.354060 0.999967 
2044 7.462929 0.000000 0.692563 98.899324 -1.317829 -2.189594 0.021239 
2045 7.462929 0.000000 1.021281 98.935546 -1.321651 -2.218357 0.020509 
2046 7.462929 0.000000 1.350000 98.709334 -0.125128 -2.304712 0.025114 
2047 9.175859 0.000000 -1.937187 97.893696 -0.021395 5.704323 0.038428 
2048 9.175859 0.000000 -2.594624 98.590553 0.276753 5.382836 0.025085 
2049 9.861031 0.000000 -1.937187 98.131541 -0.144567 5.233903 0.034279 
2050 9.518445 0.000000 -0.293594 98.948323 0.442874 12.642141 0.004921 
2051 9.518445 0.000000 -0.622312 97.465717 0.236865 8.563009 0.042705 
2052 9.861031 0.000000 -0.293594 96.097654 0.446088 12.963847 0.059698 
2053 33.156872 0.000000 17.128498 99.811541 0.007272 6.319612 -0.000228 
2054 38.638246 0.000000 17.128498 99.818571 0.006232 6.279309 -0.000318 
2055 33.156872 0.000000 22.387997 99.809776 0.001805 6.576962 -0.000525 
2056 24.934810 0.000000 9.239249 99.844907 0.026384 5.342392 0.000245 
2057 27.675497 0.000000 9.239249 99.856421 0.033133 5.297330 0.000063 
2058 24.934810 0.000000 11.868999 99.821000 0.006133 5.838994 0.000167 
2059 7.462929 0.000000 1.678719 99.057375 -0.126470 -1.560223 0.018519 
2060 7.805515 0.000000 1.678719 98.821567 -0.001962 -1.018494 0.023326 
2061 7.462929 0.000000 2.007437 99.607156 -0.054422 -0.883840 0.007763 
2062 8.148101 0.000000 1.678719 98.727858 0.000353 -0.500804 0.025256 
2063 8.148101 0.000000 2.007437 99.355060 0.188631 -0.429742 0.012835 
2064 8.148101 0.000000 2.336156 99.764063 0.173876 0.144690 0.004708 
2065 7.805515 0.000000 2.336156 99.616357 -0.299133 -0.161557 0.007647 
2066 8.148101 0.000000 2.664875 99.817745 -0.181438 0.520371 0.003611 
2067 7.462929 0.000000 2.336156 99.907802 -0.333551 -0.361788 0.001819 
2068 7.120344 0.000000 2.336156 100.092250 -0.136193 -0.679391 -0.001894 
2069 7.462929 0.000000 2.664875 100.241579 -0.128499 0.250399 -0.004845 
2070 8.319394 0.000000 1.185641 92.868656 -1.299785 -2.505614 0.136745 
2071 8.148101 0.000000 1.185641 92.868656 -1.299785 -2.505614 0.136745 
2072 8.319394 0.000000 1.350000 98.506266 0.010662 1.817916 0.029321 
2073 8.405041 0.000000 0.939102 65.740785 -0.953549 35.756630 0.439870 
2074 8.319394 0.000000 0.939102 81.933391 -1.268116 -2.823450 0.327734 
2075 8.405041 0.000000 1.021281 95.626948 -1.357119 -4.093252 0.083689 
2076 8.661980 0.000000 0.528203 3.091661 1.297628 -6.053277 0.995212 
2077 8.661980 0.000000 0.363844 2.724478 0.140965 -2.616280 0.998571 
2078 8.576334 0.000000 0.774742 71.124894 0.192511 -10.915851 0.482206 
2079 8.576334 0.000000 0.692563 71.124894 0.192511 -10.915851 0.482206 
2080 8.661980 0.000000 0.774742 80.470000 1.130053 -5.863202 0.348892 
2081 8.747627 0.000000 0.774742 93.177362 1.746844 -2.679241 0.130775 
2082 8.747627 0.000000 0.692563 6.715221 1.503338 -11.195814 0.982730 
2083 10.888788 0.000000 -0.293594 95.807254 0.342457 5.905592 0.078598 
2084 10.546203 0.000000 -0.293594 94.989089 0.257515 8.049381 0.091221 
2085 10.888788 0.000000 -0.622312 96.793368 0.093070 5.463970 0.060118 
2086 10.203617 0.000000 -0.293594 94.849729 0.214336 10.731920 0.088831 
2087 10.203617 0.000000 -0.622312 96.711035 -0.045050 7.727623 0.058726 
2088 11.060081 0.000000 0.199485 95.422802 1.795639 7.916156 0.082860 
2089 10.888788 0.000000 0.199485 93.606552 1.532030 8.014178 0.117124 
2090 11.060081 0.000000 0.035125 95.473739 0.860779 6.121507 0.084655 
2091 10.032324 0.000000 1.185641 108.106170 0.174479 -5.827356 -0.172093 
2092 10.032324 0.000000 1.021281 114.714506 1.839725 -22.903178 -0.368736 
2093 10.032324 0.000000 1.350000 100.454775 0.181002 1.272843 -0.009281 
2094 8.661980 0.000000 1.514359 99.213395 0.420132 -1.277033 0.015489 
2095 8.490687 0.000000 1.514359 99.367368 0.229341 -0.343844 0.012596 
2096 8.661980 0.000000 1.678719 98.936682 0.447936 -0.768299 0.021074 
2097 8.661980 0.000000 1.843078 98.976683 0.452880 -0.486796 0.020317 
2098 8.490687 0.000000 1.843078 99.038286 0.321152 -0.407236 0.019115 
2099 8.661980 0.000000 2.007437 99.178931 0.385234 -0.292619 0.016331 
2100 8.576334 0.000000 1.103461 92.702829 0.945675 22.928077 0.087959 
2101 8.490687 0.000000 1.103461 85.689894 -0.162520 54.911598 -0.035807 
2102 8.576334 0.000000 1.185641 91.314261 2.217996 0.000000 0.165679 
2103 8.747627 0.000000 1.267820 95.995783 2.077780 -0.057279 0.078049 
2104 8.661980 0.000000 1.267820 102.060848 0.295309 -4.379746 -0.043569 
2105 8.747627 0.000000 1.350000 99.200217 0.634882 -3.431034 0.014714 
2106 8.576334 0.000000 1.267820 103.552221 0.114356 -1.149499 -0.072440 
2107 8.490687 0.000000 1.267820 102.659824 0.019861 2.232244 -0.054402 
2108 8.576334 0.000000 1.350000 101.164454 0.196979 -0.907645 -0.023511 
2109 9.347152 0.000000 0.856922 98.181541 0.651799 -6.321613 0.032000 
2110 9.347152 0.000000 0.692563 99.922571 0.326302 -9.518956 -0.007524 
2111 9.518445 0.000000 0.856922 100.661476 0.314272 -9.063286 -0.021497 
2112 9.689738 0.000000 0.856922 101.308280 0.058597 -10.184333 -0.036709 
2113 9.689738 0.000000 0.692563 100.945441 0.050055 -11.351282 -0.031884 
2114 9.861031 0.000000 0.856922 102.824905 0.497335 -10.533290 -0.068416 
2115 8.790450 0.000000 0.898012 94.866208 1.751748 -1.686735 0.099449 
2116 8.747627 0.000000 0.898012 94.881073 1.739077 -1.625495 0.099192 
2117 8.790450 0.000000 0.856922 97.348055 1.239600 -2.591962 0.051510 
2118 8.811861 0.000000 0.959647 103.042613 1.592357 -4.276399 -0.063860 
2119 8.790450 0.000000 0.959647 94.273823 1.862938 -1.385017 0.110706 
2120 8.811861 0.000000 0.939102 94.465368 1.837180 -1.524004 0.107060 
2121 9.347152 0.000000 0.528203 96.576137 0.061051 -13.014596 0.050367 
2122 9.347152 0.000000 0.363844 97.043862 0.658933 1.347423 0.058024 
2123 9.518445 0.000000 0.528203 100.842964 0.047631 -11.683225 -0.030580 
2124 11.060081 0.000000 1.185641 103.792758 -0.812262 -8.290972 -0.084234 
2125 11.231374 0.000000 1.185641 98.099994 0.603155 -8.521973 0.030340 
2126 11.060081 0.000000 1.350000 101.484435 -0.893019 -3.265416 -0.031055 
2127 10.032324 0.000000 1.514359 98.536067 0.000000 2.019029 0.028657 
2128 10.032324 0.000000 1.678719 98.223599 0.000000 1.767093 0.034900 
2129 10.032324 0.000000 1.843078 98.653209 0.000000 1.567752 0.026509 
2130 10.032324 0.000000 2.007437 98.495385 -0.000000 1.704552 0.029575 
2131 11.573960 0.000000 1.678719 98.234883 -0.350571 0.876734 0.034902 
2132 11.573960 0.000000 2.007437 98.822045 -0.550069 1.539962 0.023153 
2133 11.573960 0.000000 2.336156 99.115543 -0.564409 1.825286 0.017246 
2134 11.916546 0.000000 2.336156 99.084209 -0.513266 2.048896 0.017786 
2135 11.060081 0.000000 1.514359 100.140952 -0.274087 -0.840289 -0.002899 
2136 11.231374 0.000000 1.514359 99.091710 -0.443036 -1.084921 0.017946 
2137 11.060081 0.000000 1.678719 99.633893 -0.714283 0.222347 0.007253 
2138 11.060081 0.000000 1.843078 99.395582 -1.172779 0.760478 0.011856 
2139 11.231374 0.000000 1.843078 99.115909 -0.985043 0.814477 0.017440 
2140 11.060081 0.000000 2.007437 99.313234 -0.310155 1.036215 0.013571 
2141 10.631849 0.000000 1.103461 101.165674 0.198016 5.853335 -0.026879 
2142 10.717495 0.000000 1.103461 100.847385 0.677420 13.176221 -0.034427 
2143 11.745253 0.000000 0.199485 96.134825 2.047044 6.679915 0.070928 
2144 11.745253 0.000000 0.035125 96.764443 0.888681 5.407049 0.060662 
2145 11.745253 0.000000 0.856922 92.194454 -1.416084 1.899416 0.149457 
2146 11.916546 0.000000 0.856922 95.031153 -1.270194 2.431554 0.096155 
2147 11.745253 0.000000 1.021281 93.711231 1.537906 0.239937 0.121578 
2148 11.745253 0.000000 1.185641 95.439689 0.269832 0.522313 0.089092 
2149 11.573960 0.000000 1.185641 94.560763 0.500064 -1.801585 0.105477 
2150 11.745253 0.000000 1.350000 96.709252 -0.854468 0.625592 0.064620 
2151 11.402667 0.000000 1.185641 94.888435 0.389724 -5.393240 0.096695 
2152 11.402667 0.000000 1.350000 97.209155 -1.076156 -2.343978 0.054373 
2153 11.317021 0.000000 0.610383 95.817817 -0.785091 29.358352 -0.004358 
2154 11.231374 0.000000 0.610383 98.791613 -0.765901 19.998444 -0.016031 
2155 11.402667 0.000000 0.610383 95.058975 -0.749912 32.361635 -0.008405 
2156 10.631849 0.000000 1.596539 99.933977 0.000000 2.140156 0.000862 
2157 10.546203 0.000000 1.596539 99.579008 -0.000000 2.359972 0.007845 
2158 10.717495 0.000000 1.596539 100.247842 0.000000 1.872210 -0.005314 
2159 10.460556 0.000000 1.596539 99.160619 -0.000000 2.323052 0.016177 
2160 10.374910 0.000000 1.596539 98.938590 -0.000000 2.321897 0.020576 
2161 10.460556 0.000000 1.678719 98.919071 -0.000000 2.113673 0.021055 
2162 9.261505 0.000000 1.432180 96.623863 0.034057 1.853081 0.066039 
2163 9.175859 0.000000 1.432180 95.562926 0.041722 1.735455 0.086471 
2164 9.261505 0.000000 1.350000 96.241996 0.071736 2.406961 0.073168 
2165 9.090212 0.000000 1.596539 92.714402 -0.000000 1.683062 0.140121 
2166 9.004566 0.000000 1.596539 90.554960 -0.000000 2.164821 0.179511 
2167 9.090212 0.000000 1.514359 92.784644 -0.000000 1.303067 0.138931 
2168 9.261505 0.000000 1.925258 95.179580 -0.000000 1.727316 0.093786 
2169 9.175859 0.000000 1.925258 90.860617 -0.000000 3.202008 0.173410 
2170 11.060081 0.000000 2.171797 99.283886 -0.803790 1.455736 0.013994 
2171 11.231374 0.000000 2.171797 99.154954 -0.672186 1.445286 0.016575 
2172 11.060081 0.000000 2.336156 99.266505 -0.882180 1.575117 0.014290 
2173 11.060081 0.000000 2.500515 99.378739 -0.350968 1.638521 0.012106 
2174 11.231374 0.000000 2.500515 99.355046 -0.147666 1.636947 0.012587 
2175 10.032324 0.000000 2.171797 98.305219 -0.000000 1.860304 0.033262 
2176 10.032324 0.000000 2.336156 98.349676 -0.000000 2.020279 0.032326 
2177 10.032324 0.000000 2.500515 98.496822 -0.000000 2.274018 0.029320 
2178 10.032324 0.000000 2.664875 98.381826 0.000000 2.244807 0.031598 
2179 10.460556 0.000000 1.760898 98.943991 -0.000000 2.013170 0.020603 
2180 10.374910 0.000000 1.760898 98.793896 -0.000000 2.103964 0.023534 
2181 10.460556 0.000000 1.843078 99.440099 -0.000000 1.959202 0.010783 
2182 10.460556 0.000000 1.925258 98.859565 -0.000000 1.906188 0.022315 
2183 10.374910 0.000000 1.925258 98.844869 -0.000000 2.011642 0.022565 
2184 10.460556 0.000000 2.007437 99.041205 -0.000000 1.990280 0.018688 
2185 8.661980 0.000000 2.171797 99.250750 0.379537 -0.046185 0.014914 
2186 8.490687 0.000000 2.171797 99.350291 0.281647 -0.193150 0.012940 
2187 8.661980 0.000000 2.336156 99.372664 0.269216 0.225217 0.012495 
2188 8.661980 0.000000 2.500515 99.544051 0.262558 0.428387 0.009073 
2189 8.490687 0.000000 2.500515 99.639745 0.218175 0.353680 0.007175 
2190 8.661980 0.000000 2.664875 99.588468 0.006191 0.553312 0.008183 
2191 9.090212 0.000000 1.925258 90.270377 -0.000000 3.377863 0.183985 
2192 9.004566 0.000000 1.925258 98.803133 1.299791 0.035791 0.023625 
2193 9.090212 0.000000 2.007437 98.728617 1.894731 0.364492 0.024894 
2194 10.460556 0.000000 2.089617 98.815587 -0.000000 2.089685 0.023111 
2195 10.374910 0.000000 2.089617 98.800125 -0.000000 2.057387 0.023430 
2196 10.460556 0.000000 2.171797 98.729978 -0.000000 2.176855 0.024765 
2197 10.460556 0.000000 2.253976 98.873440 -0.000000 2.228627 0.021908 
2198 10.374910 0.000000 2.253976 98.733710 -0.000000 2.200426 0.024681 
2199 10.460556 0.000000 2.336156 98.818772 -0.000000 2.240543 0.022983 
2200 13.286890 0.000000 4.637187 99.858107 0.479152 3.628626 0.001496 
2201 13.972061 0.000000 4.637187 99.870752 0.431805 3.687051 0.001205 
2202 13.286890 0.000000 5.294624 99.958275 0.273497 3.884890 -0.000682 
2203 9.604091 0.000000 2.253976 98.002436 0.000000 1.700494 0.039263 
2204 9.604091 0.000000 2.171797 97.759931 0.000000 1.688213 0.044015 
2205 9.689738 0.000000 2.253976 98.129237 0.000000 1.735860 0.036764 
2206 9.261505 0.000000 2.582695 99.236619 1.041899 0.917184 0.015017 
2207 9.175859 0.000000 2.582695 99.285791 0.680698 0.940806 0.014098 
2208 9.261505 0.000000 2.664875 99.244838 0.868095 1.025968 0.014866 
2209 9.475622 0.000000 2.295066 97.418475 0.000000 1.767476 0.050652 
2210 9.475622 0.000000 2.253976 97.470817 0.000000 1.763366 0.049633 
2211 9.518445 0.000000 2.295066 97.627831 0.000000 1.703996 0.046590 
2212 9.090212 0.000000 2.089617 98.868634 1.569250 0.452100 0.022233 
2213 9.004566 0.000000 2.089617 98.903126 1.003062 0.320521 0.021706 
2214 9.090212 0.000000 2.171797 99.026994 1.318362 0.520145 0.019165 
2215 9.090212 0.000000 2.253976 99.139207 1.144940 0.596318 0.016975 
2216 9.004566 0.000000 2.253976 99.167095 0.787283 0.484702 0.016503 
2217 9.090212 0.000000 2.336156 99.243113 1.010108 0.676590 0.014933 
2218 9.304329 0.000000 2.295066 92.807402 -0.000000 3.367200 0.137545 
2219 9.261505 0.000000 2.295066 92.324504 -0.000000 3.540941 0.146365 
2220 9.304329 0.000000 2.336156 91.886958 -0.000000 3.652606 0.154345 
2221 9.389975 0.000000 2.377246 94.855168 -0.000000 2.505203 0.099622 
2222 9.347152 0.000000 2.377246 93.467075 -0.000000 2.963243 0.125513 
2223 10.032324 0.000000 2.829234 98.890463 0.000000 2.672648 0.021353 
2224 10.460556 0.000000 2.418336 98.659402 -0.000000 2.276700 0.026114 
2225 10.374910 0.000000 2.418336 98.773731 0.000000 2.369483 0.023814 
2226 10.460556 0.000000 2.500515 98.711173 -0.000000 2.211674 0.025121 
2227 10.460556 0.000000 2.582695 98.823282 -0.000000 2.189871 0.022916 
2228 10.374910 0.000000 2.582695 98.789958 0.000000 2.317295 0.023517 
2229 10.460556 0.000000 2.664875 98.873172 -0.000000 2.208212 0.021922 
2230 9.561268 0.000000 2.377246 97.658582 0.000000 1.752554 0.045973 
2231 9.561268 0.000000 2.336156 97.710453 0.000000 1.691175 0.044981 
2232 9.604091 0.000000 2.377246 97.794576 0.000000 1.728894 0.043323 
2233 7.805515 0.000000 4.637187 101.384689 0.065423 2.586665 -0.028555 
2234 7.120344 0.000000 4.637187 101.614584 0.159796 2.789010 -0.033333 
2235 7.805515 0.000000 5.294624 101.389147 -0.032007 3.221946 -0.029014 
2236 8.148101 0.000000 2.993594 100.205691 -0.035390 0.883158 -0.004196 
2237 7.805515 0.000000 2.993594 100.304740 -0.046775 0.795965 -0.006168 
2238 8.148101 0.000000 3.322312 100.295922 0.009986 1.293213 -0.006094 
2239 8.148101 0.000000 3.651031 100.583839 0.032102 1.675639 -0.011992 
2240 7.805515 0.000000 3.651031 100.791099 0.072120 1.602475 -0.016142 
2241 8.148101 0.000000 3.979750 100.754763 0.057320 1.999582 -0.015552 
2242 9.004566 0.000000 2.829234 99.454669 0.157718 1.112114 0.010751 
2243 8.833273 0.000000 2.829234 99.520987 0.083876 0.950971 0.009466 
2244 9.004566 0.000000 2.993594 99.577215 0.146101 1.117784 0.008311 
2245 9.004566 0.000000 3.157953 99.769775 0.002225 1.279840 0.004435 
2246 8.833273 0.000000 3.157953 99.701891 0.112726 1.396903 0.005757 
2247 9.004566 0.000000 3.322312 100.069676 -0.015876 1.410960 -0.001593 
2248 9.261505 0.000000 2.747055 99.318214 0.711358 1.131937 0.013411 
2249 9.175859 0.000000 2.747055 99.391553 0.352803 0.984954 0.012022 
2250 9.261505 0.000000 2.829234 99.398868 0.477488 1.167723 0.011827 
2251 9.261505 0.000000 2.911414 99.414719 0.454170 1.243287 0.011496 
2252 9.175859 0.000000 2.911414 99.447415 0.238353 1.141686 0.010885 
2253 9.261505 0.000000 2.993594 99.486565 0.375943 1.322905 0.010053 
2254 9.389975 0.000000 2.541605 92.697668 -0.000000 3.339803 0.139599 
2255 9.347152 0.000000 2.541605 92.014323 -0.000000 3.455699 0.152142 
2256 9.389975 0.000000 2.582695 92.985818 -0.000000 3.558759 0.134097 
2257 9.475622 0.000000 2.623785 95.158653 -0.000000 3.291650 0.093400 
2258 9.432798 0.000000 2.623785 93.287641 -0.000000 3.915953 0.128208 
2259 9.518445 0.000000 2.623785 96.359443 -0.000000 2.843162 0.070677 
2260 9.389975 0.000000 2.623785 92.955297 -0.000000 4.041878 0.134298 
2261 9.347152 0.000000 2.623785 92.054092 -0.000000 4.340366 0.150721 
2262 9.389975 0.000000 2.664875 92.778274 -0.000000 4.081922 0.137553 
2263 9.775384 0.000000 2.911414 98.373772 0.000000 2.629497 0.031569 
2264 9.775384 0.000000 2.829234 98.403125 0.000000 2.632080 0.030990 
2265 9.861031 0.000000 2.911414 98.594907 0.000000 2.661801 0.027196 
2266 9.561268 0.000000 2.541605 97.288334 0.000000 2.124522 0.053047 
2267 9.604091 0.000000 2.541605 97.526416 0.000000 2.042005 0.048443 
2268 9.561268 0.000000 2.582695 97.241276 0.000000 2.241467 0.053911 
2269 9.561268 0.000000 2.623785 97.230360 0.000000 2.455174 0.054023 
2270 9.604091 0.000000 2.623785 97.475649 0.000000 2.294822 0.049323 
2271 9.561268 0.000000 2.664875 97.068228 0.000000 2.522067 0.057140 
2272 9.090212 0.000000 2.418336 99.331568 0.900683 0.758252 0.013185 
2273 9.004566 0.000000 2.418336 99.315286 0.667542 0.644827 0.013561 
2274 9.090212 0.000000 2.500515 99.563203 0.814487 0.772209 0.008591 
2275 9.090212 0.000000 2.582695 99.313697 0.407511 0.858088 0.013589 
2276 9.004566 0.000000 2.582695 99.353740 0.248336 0.754200 0.012820 
2277 9.090212 0.000000 2.664875 99.269772 0.354957 1.004399 0.014438 
2278 9.304329 0.000000 2.377246 92.288895 -0.000000 3.409966 0.147113 
2279 9.261505 0.000000 2.377246 90.976358 -0.000000 3.914114 0.170798 
2280 9.304329 0.000000 2.418336 91.962894 -0.000000 3.435534 0.153102 
2281 9.304329 0.000000 2.459426 91.419868 -0.000000 3.523280 0.162999 
2282 9.261505 0.000000 2.459426 89.757655 -0.000000 4.090602 0.192683 
2283 9.304329 0.000000 2.500515 91.372082 -0.000000 3.545971 0.163857 
2284 10.803142 0.000000 2.747055 99.682590 0.000000 2.001693 0.005937 
2285 10.803142 0.000000 2.664875 99.484847 -1.151411 1.676116 0.009863 
2286 10.888788 0.000000 2.747055 99.467944 -0.992513 1.779756 0.010198 
2287 10.460556 0.000000 2.747055 99.040014 -0.000000 2.402738 0.018530 
2288 10.374910 0.000000 2.747055 99.002208 0.000000 2.407519 0.019277 
2289 10.460556 0.000000 2.829234 99.364993 -0.000000 2.678589 0.011942 
2290 10.460556 0.000000 2.911414 99.395616 -0.000000 2.711272 0.011316 
2291 10.374910 0.000000 2.911414 99.292704 0.000000 2.687787 0.013373 
2292 10.460556 0.000000 2.993594 99.175936 -0.000000 2.773794 0.015644 
2293 9.389975 0.000000 2.705965 92.484413 -0.000000 4.164042 0.142929 
2294 9.347152 0.000000 2.705965 99.266621 1.487351 1.210975 0.014246 
2295 9.389975 0.000000 2.747055 92.725146 -0.000000 4.063940 0.138553 
2296 9.389975 0.000000 2.788144 91.092786 -0.000000 4.535959 0.168153 
2297 9.347152 0.000000 2.788144 99.342224 1.078797 1.205204 0.012851 
2298 9.389975 0.000000 2.829234 90.419871 -0.000000 4.623957 0.180287 
2299 9.561268 0.000000 2.705965 96.814425 0.000000 2.621827 0.062009 
2300 9.604091 0.000000 2.705965 97.291815 0.000000 2.364940 0.052871 
2301 9.561268 0.000000 2.747055 96.099223 -0.000000 2.798030 0.075711 
2302 9.561268 0.000000 2.788144 95.676628 -0.000000 2.916034 0.083748 
2303 9.604091 0.000000 2.788144 97.025658 0.000000 2.568444 0.057942 
2304 9.561268 0.000000 2.829234 95.078876 -0.000000 3.061822 0.095063 
2305 9.261505 0.000000 3.075773 99.560014 0.309125 1.401884 0.008574 
2306 9.175859 0.000000 3.075773 99.581601 0.221157 1.323303 0.008170 
2307 9.261505 0.000000 3.157953 99.621194 0.316884 1.469080 0.007336 
2308 9.261505 0.000000 3.240133 99.733131 0.249237 1.560129 0.005081 
2309 9.175859 0.000000 3.240133 99.757373 0.137859 1.501221 0.004619 
2310 9.261505 0.000000 3.322312 99.956375 0.192763 1.587469 0.000617 
2311 10.203617 0.000000 4.308468 100.355601 0.398046 2.566676 -0.007799 
2312 9.861031 0.000000 4.308468 100.388614 0.329771 2.494850 -0.008421 
2313 10.203617 0.000000 4.637187 100.325539 0.429840 2.920165 -0.007393 
2314 11.060081 0.000000 3.815390 99.919637 1.310619 2.519443 0.000800 
2315 11.231374 0.000000 3.815390 99.902353 1.315447 2.578305 0.001114 
2316 11.060081 0.000000 3.979750 99.978793 0.868870 2.615465 -0.000335 
2317 10.803142 0.000000 3.240133 99.521240 0.000000 2.623210 0.008864 
2318 10.888788 0.000000 3.240133 99.736315 -0.752662 2.108781 0.004765 
2319 9.561268 0.000000 2.870324 95.078292 -0.000000 3.058260 0.095077 
2320 9.518445 0.000000 2.870324 93.603494 -0.000000 3.516156 0.122602 
2321 9.604091 0.000000 2.870324 96.251110 -0.000000 2.707761 0.072839 
2322 9.561268 0.000000 3.034683 93.265205 -0.000000 3.940657 0.128607 
2323 9.518445 0.000000 3.034683 92.923888 -0.000000 4.054658 0.134871 
2324 9.604091 0.000000 3.034683 94.624378 -0.000000 3.465972 0.103421 
2325 9.646915 0.000000 3.034683 95.483933 -0.000000 3.193173 0.087262 
2326 9.646915 0.000000 2.993594 96.245308 -0.000000 2.919413 0.072832 
2327 9.689738 0.000000 3.034683 97.192212 0.000000 2.683039 0.054648 
2328 10.374910 0.000000 3.815390 100.008664 1.000984 2.284382 -0.000795 
2329 10.203617 0.000000 3.815390 100.076390 0.963712 2.176405 -0.002095 
2330 10.374910 0.000000 3.979750 100.089665 0.686526 2.378839 -0.002407 
2331 10.032324 0.000000 3.815390 100.050052 0.809600 2.240937 -0.001569 
2332 9.861031 0.000000 3.815390 100.118589 0.678868 2.152059 -0.002882 
2333 10.032324 0.000000 3.979750 100.161089 0.571051 2.246426 -0.003762 
2334 10.460556 0.000000 3.075773 99.147340 -0.000000 2.858867 0.016163 
2335 10.374910 0.000000 3.075773 99.098778 0.000000 2.827693 0.017144 
2336 10.460556 0.000000 3.157953 99.390569 -0.000000 3.139320 0.011166 
2337 10.460556 0.000000 3.240133 99.614904 -0.000000 3.454482 0.006494 
2338 10.374910 0.000000 3.240133 99.580338 0.000000 3.447261 0.007187 
2339 10.460556 0.000000 3.322312 99.605855 -0.000000 3.649681 0.006535 
2340 9.732561 0.000000 3.034683 97.781750 0.000000 2.591519 0.043201 
2341 9.732561 0.000000 2.993594 97.898211 0.000000 2.584569 0.040926 
2342 9.775384 0.000000 3.034683 98.075333 0.000000 2.557884 0.037469 
2343 9.668326 0.000000 3.178498 95.296716 -0.000000 3.525414 0.090611 
2344 9.689738 0.000000 3.178498 96.141169 -0.000000 3.333940 0.074576 
2345 9.625503 0.000000 3.219588 93.092823 -0.000000 4.105313 0.131687 
2346 9.604091 0.000000 3.219588 93.146970 -0.000000 4.105036 0.130679 
2347 9.004566 0.000000 3.486672 100.291439 -0.035666 1.722199 -0.006134 
2348 8.833273 0.000000 3.486672 100.368405 -0.097492 1.618685 -0.007645 
2349 9.004566 0.000000 3.651031 100.367258 -0.083416 1.863080 -0.007706 
2350 9.432798 0.000000 3.404492 99.881644 0.456619 1.811318 0.002017 
2351 9.347152 0.000000 3.404492 99.981284 0.209244 1.678318 0.000088 
2352 9.432798 0.000000 3.486672 99.934018 0.392971 1.885679 0.000948 
2353 9.582680 0.000000 3.178498 93.462709 -0.000000 3.942932 0.124918 
2354 9.561268 0.000000 3.178498 92.798826 -0.000000 4.136753 0.137127 
2355 9.582680 0.000000 3.199043 93.063196 -0.000000 4.091529 0.132250 
2356 9.582680 0.000000 3.219588 93.204671 -0.000000 4.066742 0.129635 
2357 9.561268 0.000000 3.219588 92.826708 -0.000000 4.122163 0.136621 
2358 9.582680 0.000000 3.240133 93.029264 -0.000000 4.122873 0.132856 
2359 9.582680 0.000000 3.260677 92.540687 -0.000000 4.208931 0.141851 
2360 9.561268 0.000000 3.260677 92.278300 -0.000000 4.247493 0.146667 
2361 9.582680 0.000000 3.281222 92.410745 -0.000000 4.217217 0.144247 
2362 10.460556 0.000000 3.404492 99.508976 -0.000000 3.836920 0.008324 
2363 10.374910 0.000000 3.404492 99.428566 0.000000 3.832703 0.009927 
2364 10.460556 0.000000 3.486672 99.554612 0.000000 3.976599 0.007307 
2365 10.460556 0.000000 3.568851 99.561675 0.000000 4.009323 0.007140 
2366 10.374910 0.000000 3.568851 99.487634 0.000000 3.982098 0.008635 
2367 10.460556 0.000000 3.651031 99.949679 2.415349 2.186176 -0.000055 
2368 11.573960 0.000000 4.308468 100.124126 0.583280 2.912083 -0.003366 
2369 11.916546 0.000000 4.308468 99.946542 0.691774 3.130773 0.000041 
2370 11.573960 0.000000 4.637187 100.049542 0.560001 3.224456 -0.002062 
2371 18.083092 0.000000 -2.594624 99.671334 0.040431 4.549543 0.004493 
2372 18.083092 0.000000 -3.909499 99.656141 0.015866 5.002152 0.004363 
2373 19.453436 0.000000 -2.594624 99.769874 0.027440 4.741453 0.002349 
2374 20.823779 0.000000 -2.594624 99.795756 0.092554 4.711378 0.001860 
2375 20.823779 0.000000 -3.909499 99.771801 0.083171 5.109648 0.001947 
2376 22.194123 0.000000 -2.594624 99.821879 0.073803 4.728872 0.001322 
2377 16.027577 0.000000 -0.622312 99.557706 0.007875 4.019620 0.007211 
2378 16.027577 0.000000 -1.279750 99.565940 -0.041306 4.202664 0.006896 
2379 16.712749 0.000000 -0.622312 99.638037 0.081090 4.016232 0.005612 
2380 12.430425 0.000000 0.199485 97.771130 1.825141 4.653419 0.041582 
2381 12.430425 0.000000 0.035125 97.949383 0.754854 4.199487 0.038771 
2382 12.430425 0.000000 0.363844 97.225969 0.785239 13.594774 0.036168 
2383 12.430425 0.000000 0.528203 97.798381 -4.684901 3.653003 0.040018 
2384 12.087839 0.000000 0.856922 96.459126 -1.291614 2.546869 0.068748 
2385 13.629476 0.000000 -0.293594 98.969759 0.415078 3.981425 0.018896 
2386 13.629476 0.000000 -0.622312 99.043205 0.331032 4.112327 0.017342 
2387 13.972061 0.000000 -0.293594 99.139342 0.470921 3.998556 0.015518 
2388 13.115597 0.000000 0.199485 98.563411 1.524248 4.198691 0.026530 
2389 13.115597 0.000000 0.035125 98.613382 0.730493 3.963889 0.025915 
2390 13.286890 0.000000 0.199485 98.710245 1.385620 4.104093 0.023752 
2391 20.823779 0.000000 5.294624 99.885500 0.304255 4.227539 0.000492 
2392 22.194123 0.000000 5.294624 99.890775 0.342588 4.240261 0.000374 
2393 20.823779 0.000000 6.609499 99.875520 0.175486 4.638552 0.000333 
2394 12.773011 0.000000 0.856922 98.429824 -1.239018 2.695548 0.030277 
2395 12.944304 0.000000 0.856922 98.638599 -1.242524 2.708674 0.026155 
2396 13.115597 0.000000 0.856922 98.808404 -1.261905 2.509580 0.022901 
2397 13.286890 0.000000 0.856922 98.839276 -1.349525 2.440915 0.022302 
2398 14.999819 0.000000 0.363844 99.360692 1.831718 4.482190 0.010401 
2399 14.999819 0.000000 0.035125 99.377454 0.455071 3.959824 0.010823 
2400 15.342405 0.000000 0.363844 99.443339 1.531631 4.411087 0.008922 
2401 17.397920 0.000000 -0.622312 99.694324 0.073746 4.033351 0.004477 
2402 17.397920 0.000000 -1.279750 99.675343 -0.007090 4.153541 0.004757 
2403 18.083092 0.000000 -0.622312 99.734401 0.032383 4.054893 0.003661 
2404 18.768264 0.000000 -0.622312 99.762509 0.071335 4.078903 0.003080 
2405 18.768264 0.000000 -1.279750 99.745376 0.045353 4.195362 0.003326 
2406 19.453436 0.000000 -0.622312 99.786344 0.063052 4.089055 0.002596 
2407 17.740506 0.000000 2.336156 99.809225 -0.514509 3.357590 0.002658 
2408 17.397920 0.000000 2.336156 99.793295 -0.580523 3.321907 0.002993 
2409 17.740506 0.000000 2.664875 99.832288 -0.524902 2.942052 0.002458 
2410 17.055335 0.000000 2.336156 99.778565 -0.596042 3.240748 0.003338 
2411 16.712749 0.000000 2.336156 99.759346 -0.590124 3.127058 0.003795 
2412 17.055335 0.000000 2.664875 99.797155 -0.353170 3.062870 0.003102 
2413 20.138608 0.000000 3.322312 99.937213 -0.803573 3.045393 0.000263 
2414 20.823779 0.000000 3.322312 99.946971 -0.737891 3.101231 0.000044 
2415 20.138608 0.000000 3.979750 99.832754 2.237884 4.669405 0.000661 
2416 12.087839 0.000000 1.514359 97.958387 0.150276 2.034657 0.039999 
2417 11.916546 0.000000 1.514359 97.741860 0.066055 1.584085 0.044402 
2418 12.087839 0.000000 1.678719 98.293173 -0.784624 1.780846 0.033467 
2419 12.344778 0.000000 1.267820 97.923677 -0.060045 2.911785 0.040247 
2420 12.259132 0.000000 1.267820 97.745678 -0.079855 2.766368 0.043812 
2421 12.344778 0.000000 1.350000 98.041935 -0.399299 2.764009 0.037998 
2422 12.773011 0.000000 1.514359 98.705259 -0.273364 3.123273 0.024744 
2423 12.944304 0.000000 1.514359 98.857961 -0.221886 3.204566 0.021679 
2424 12.773011 0.000000 1.678719 98.835205 -0.470048 2.793229 0.022358 
2425 13.115597 0.000000 1.514359 98.877897 -0.249781 3.164849 0.021308 
2426 13.286890 0.000000 1.514359 98.959955 -0.225743 3.262791 0.019623 
2427 13.115597 0.000000 1.678719 98.941240 -0.407443 2.934765 0.020185 
2428 13.800769 0.000000 0.856922 99.157577 -1.284585 2.579663 0.015947 
2429 13.629476 0.000000 0.856922 99.040642 -1.257832 2.679051 0.018219 
2430 13.800769 0.000000 0.692563 99.124568 -3.372858 2.800352 0.015510 
2431 13.458183 0.000000 1.185641 98.916323 -0.084471 3.606523 0.020255 
2432 13.458183 0.000000 1.021281 98.936504 -3.162240 2.511476 0.019526 
2433 13.458183 0.000000 1.350000 98.940754 0.489486 3.717679 0.019667 
2434 14.485940 0.000000 0.856922 99.410211 -1.932669 2.476570 0.010774 
2435 14.485940 0.000000 0.692563 99.332246 -4.296498 3.456992 0.010269 
2436 14.657233 0.000000 0.856922 99.457785 -2.089588 2.373512 0.009815 
2437 13.458183 0.000000 1.514359 98.975043 -0.082007 3.588802 0.019105 
2438 13.629476 0.000000 1.514359 99.080583 0.071444 3.599947 0.017007 
2439 13.458183 0.000000 1.678719 99.039105 -0.145844 3.289911 0.018041 
2440 13.800769 0.000000 1.514359 99.174437 -0.357490 3.488091 0.015214 
2441 13.800769 0.000000 1.678719 99.218193 0.112623 3.279251 0.014498 
2442 14.485940 0.000000 1.514359 99.374099 0.002692 3.663475 0.011137 
2443 14.485940 0.000000 1.678719 99.400533 -0.322947 3.590026 0.010654 
2444 14.057708 0.000000 1.103461 99.346167 2.289012 0.636659 0.012469 
2445 13.972061 0.000000 1.103461 99.273366 2.203091 1.404270 0.013797 
2446 14.057708 0.000000 1.021281 99.210688 -2.136852 3.248769 0.014212 
2447 15.684991 0.000000 0.363844 99.521939 1.285420 4.330060 0.007498 
2448 15.684991 0.000000 0.035125 99.529418 0.299939 4.014998 0.007768 
2449 16.027577 0.000000 0.363844 99.577116 1.170994 4.374349 0.006389 
2450 16.370163 0.000000 0.363844 99.623785 0.892653 4.368485 0.005522 
2451 16.370163 0.000000 0.035125 99.626547 0.183455 4.131919 0.005744 
2452 16.712749 0.000000 0.363844 99.654653 0.887686 4.283786 0.004981 
2453 14.828526 0.000000 0.856922 99.508721 -2.253267 2.324655 0.008753 
2454 14.828526 0.000000 0.692563 99.397028 -4.755931 3.722906 0.008375 
2455 14.999819 0.000000 0.856922 99.550062 -2.425433 2.346427 0.007840 
2456 15.171112 0.000000 0.856922 99.586243 -2.604133 2.382950 0.007012 
2457 15.171112 0.000000 0.692563 99.443803 -5.277356 4.239917 0.006510 
2458 15.342405 0.000000 0.856922 99.618202 -2.838894 2.436184 0.006222 
2459 14.314647 0.000000 -0.293594 99.185781 0.270730 3.958702 0.014644 
2460 14.314647 0.000000 -0.622312 99.199601 0.177496 3.987106 0.014351 
2461 14.657233 0.000000 -0.293594 99.293327 0.246307 3.958452 0.012511 
2462 15.171112 0.000000 1.514359 99.529411 -0.254343 3.776439 0.007957 
2463 15.171112 0.000000 1.678719 99.560144 -0.548847 3.351400 0.007624 
2464 15.513698 0.000000 0.856922 99.647206 -3.046838 2.521283 0.005479 
2465 15.513698 0.000000 0.692563 99.465399 -5.991948 4.984159 0.004589 
2466 15.684991 0.000000 0.856922 99.676007 -3.212192 2.585341 0.004769 
2467 15.856284 0.000000 0.856922 99.689476 -3.344491 2.749802 0.004326 
2468 15.856284 0.000000 0.692563 99.445637 -6.674341 6.127857 0.002847 
2469 16.027577 0.000000 0.856922 99.706476 -3.532341 2.874331 0.003788 
2470 17.055335 0.000000 0.363844 99.687432 0.788828 4.265972 0.004360 
2471 17.055335 0.000000 0.035125 99.685735 0.256276 4.077261 0.004606 
2472 17.397920 0.000000 0.363844 99.714359 0.705027 4.253122 0.003846 
2473 17.740506 0.000000 0.363844 99.734517 0.596469 4.250905 0.003460 
2474 17.740506 0.000000 0.035125 99.731924 0.185615 4.094108 0.003675 
2475 18.083092 0.000000 0.363844 99.751992 0.536426 4.244365 0.003124 
2476 17.911799 0.000000 1.843078 99.804550 -0.298643 3.478601 0.002686 
2477 17.740506 0.000000 1.843078 99.794919 -0.336002 3.491213 0.002867 
2478 17.911799 0.000000 2.007437 99.810847 -0.553721 3.359886 0.002620 
2479 17.569213 0.000000 1.843078 99.785238 -0.372750 3.487510 0.003060 
2480 17.397920 0.000000 1.843078 99.778011 -0.372879 3.474064 0.003214 
2481 17.569213 0.000000 2.007437 99.792876 -0.543241 3.354152 0.002984 
2482 17.226627 0.000000 1.843078 99.768493 -0.401055 3.448648 0.003419 
2483 17.055335 0.000000 1.843078 99.758180 -0.419626 3.410984 0.003649 
2484 17.226627 0.000000 2.007437 99.775231 -0.534484 3.364149 0.003330 
2485 16.884042 0.000000 1.843078 99.747423 -0.422412 3.365920 0.003894 
2486 16.712749 0.000000 1.843078 99.735221 -0.403707 3.319743 0.004170 
2487 16.884042 0.000000 2.007437 99.752297 -0.593179 3.349062 0.003791 
2488 20.138608 0.000000 -0.622312 99.823882 0.070336 4.232683 0.001727 
2489 20.138608 0.000000 -1.279750 99.812302 0.048291 4.356670 0.001852 
2490 20.823779 0.000000 -0.622312 99.830872 0.093679 4.196055 0.001618 
2491 18.425678 0.000000 0.363844 99.765368 0.488128 4.237287 0.002868 
2492 18.425678 0.000000 0.035125 99.763795 0.165723 4.106624 0.003029 
2493 18.768264 0.000000 0.363844 99.773738 0.469496 4.250554 0.002691 
2494 19.110850 0.000000 0.363844 99.783685 0.428559 4.236745 0.002508 
2495 19.110850 0.000000 0.035125 99.784899 0.174515 4.116868 0.002599 
2496 19.453436 0.000000 0.363844 99.792288 0.392881 4.226389 0.002348 
2497 17.911799 0.000000 1.185641 99.857626 -2.437404 2.527050 0.001613 
2498 17.911799 0.000000 1.021281 99.874036 -3.279970 2.605689 0.000763 
2499 17.226627 0.000000 1.185641 99.819569 -2.987360 2.303868 0.002182 
2500 17.055335 0.000000 1.185641 99.815126 -3.247301 2.077114 0.002208 
2501 17.226627 0.000000 1.021281 99.846592 -2.575111 2.462698 0.001796 
2502 16.884042 0.000000 1.185641 99.818496 -3.541548 1.653366 0.002099 
2503 16.884042 0.000000 1.021281 99.817665 -2.282666 2.486956 0.002504 
2504 18.596971 0.000000 1.843078 99.835507 -0.278378 3.325427 0.002174 
2505 18.596971 0.000000 2.007437 99.833517 -0.520968 3.438000 0.002118 
2506 18.596971 0.000000 1.185641 99.891667 -2.336523 2.364229 0.001061 
2507 18.596971 0.000000 1.021281 99.865832 -3.952706 2.970745 0.000237 
2508 18.168739 0.000000 1.432180 99.797854 0.994694 4.099905 0.002259 
2509 18.083092 0.000000 1.432180 99.794567 0.787437 4.070496 0.002386 
2510 18.168739 0.000000 1.350000 99.833650 -0.686750 3.466411 0.002075 
2511 19.796022 0.000000 2.336156 99.887382 -0.490291 3.370838 0.001091 
2512 20.138608 0.000000 2.336156 99.908271 -0.473006 3.291942 0.000728 
2513 19.796022 0.000000 2.664875 99.892451 -0.600112 3.333110 0.001003 
2514 19.282143 0.000000 1.843078 99.855800 -0.388682 3.557393 0.001601 
2515 19.453436 0.000000 1.843078 99.855514 -0.318892 3.618390 0.001568 
2516 19.282143 0.000000 2.007437 99.860001 -0.387378 3.526983 0.001539 
2517 19.796022 0.000000 1.021281 99.804577 -5.380420 4.303597 -0.000842 
2518 19.796022 0.000000 0.692563 99.771051 1.641160 4.711627 0.002084 
2519 20.138608 0.000000 1.021281 99.769462 -5.956061 5.082940 -0.001526 
2520 19.282143 0.000000 1.185641 99.932461 -2.592270 2.359680 0.000122 
2521 19.282143 0.000000 1.021281 99.841594 -4.700645 3.628649 -0.000361 
2522 19.453436 0.000000 1.185641 99.934986 -2.695421 2.368763 0.000012 
2523 19.025203 0.000000 1.432180 99.759746 -2.476740 4.785320 0.001896 
2524 19.025203 0.000000 1.350000 99.926071 0.053003 2.396796 0.000903 
2525 19.110850 0.000000 1.432180 99.781411 -3.262383 4.503039 0.001275 
2526 16.370163 0.000000 2.336156 99.724782 -0.577272 3.137501 0.004479 
2527 16.027577 0.000000 2.336156 99.712813 -0.444817 3.088415 0.004762 
2528 16.370163 0.000000 2.664875 99.733171 -0.525796 3.290837 0.004219 
2529 16.541456 0.000000 1.843078 99.716491 -0.445026 3.383811 0.004497 
2530 16.370163 0.000000 1.843078 99.708161 -0.412631 3.341577 0.004695 
2531 16.541456 0.000000 2.007437 99.719748 -0.744309 3.375737 0.004402 
2532 16.198870 0.000000 1.843078 99.697351 -0.370043 3.312259 0.004933 
2533 16.027577 0.000000 1.843078 99.675705 -0.299364 3.350315 0.005344 
2534 16.198870 0.000000 2.007437 99.708341 -0.817857 3.157508 0.004761 
2535 16.198870 0.000000 1.185641 99.673893 -1.073759 3.667659 0.005051 
2536 16.198870 0.000000 1.021281 99.736963 -1.922151 2.680206 0.004166 
2537 18.768264 0.000000 4.637187 99.878644 0.422198 3.980748 0.000823 
2538 19.453436 0.000000 4.637187 99.875003 0.416592 4.072027 0.000823 
2539 18.768264 0.000000 5.294624 99.886075 0.214811 4.168756 0.000535 
2540 17.055335 0.000000 2.993594 99.810603 -0.708050 3.043946 0.002808 
2541 16.712749 0.000000 2.993594 99.792795 -0.744899 3.012617 0.003177 
2542 17.397920 0.000000 2.993594 99.824037 -0.708276 3.054558 0.002533 
2543 17.740506 0.000000 2.993594 99.840076 -0.694179 3.052736 0.002216 
2544 18.083092 0.000000 2.993594 99.853879 -0.699411 3.054475 0.001938 
2545 17.740506 0.000000 3.322312 99.860631 -0.789092 2.915170 0.001873 
2546 17.740506 0.000000 3.651031 99.852980 -0.410992 4.351023 0.001028 
2547 18.083092 0.000000 3.651031 99.882578 -0.282540 3.999257 0.000740 
2548 17.740506 0.000000 3.979750 99.835712 1.330549 3.948957 0.001547 
2549 14.657233 0.000000 4.637187 99.813586 0.493067 3.846342 0.002221 
2550 14.657233 0.000000 5.294624 99.825341 0.159372 4.082775 0.001821 
2551 16.370163 0.000000 2.993594 99.772578 -0.778493 2.949581 0.003613 
2552 16.027577 0.000000 2.993594 99.762978 -0.879783 2.893809 0.003820 
2553 16.370163 0.000000 3.322312 99.814960 -0.826865 2.541836 0.002983 
2554 16.370163 0.000000 3.651031 99.801350 -2.231094 4.742311 0.001222 
2555 16.370163 0.000000 3.979750 99.796557 1.190195 3.843845 0.002446 
2556 -1.101718 0.000000 5.294624 100.629379 0.013088 8.016962 -0.019054 
2557 -2.472061 0.000000 5.294624 100.176104 -0.131837 7.752780 -0.009537 
2558 -1.101718 0.000000 6.609499 100.530810 -0.158950 7.475443 -0.016235 
2559 -3.842405 0.000000 5.294624 99.983170 -0.094923 7.578763 -0.005408 
2560 -5.212749 0.000000 5.294624 99.920456 0.039568 7.497073 -0.004031 
2561 -3.842405 0.000000 6.609499 100.159194 0.020374 7.475886 -0.008775 
2562 -0.416546 0.000000 2.007437 98.858636 -0.030381 10.616708 0.011425 
2563 -1.101718 0.000000 2.007437 98.845931 -0.067095 9.816524 0.013311 
2564 -0.416546 0.000000 2.664875 100.098159 -0.428978 9.963838 -0.011910 
2565 -0.073960 0.000000 1.021281 95.820099 0.070666 14.094997 0.061983 
2566 -0.416546 0.000000 1.021281 95.989442 0.017048 12.248683 0.063600 
2567 -0.073960 0.000000 1.350000 97.253693 0.033933 12.850298 0.037659 
2568 -0.759132 0.000000 1.021281 96.469292 0.001281 10.892884 0.057502 
2569 -1.101718 0.000000 1.021281 97.009040 0.017213 10.095032 0.048734 
2570 -0.759132 0.000000 1.350000 97.432818 0.026469 10.620233 0.039406 
2571 -0.245253 0.000000 0.199485 85.510782 0.039256 15.658534 0.244271 
2572 -0.416546 0.000000 0.199485 88.872082 -0.011735 12.692856 0.194064 
2573 -0.245253 0.000000 0.363844 88.935891 0.026728 15.719914 0.184329 
2574 2.666727 0.000000 -0.293594 2.166912 0.402261 -1.184104 0.999374 
2575 2.666727 0.000000 -0.622312 101.144738 -0.063525 -2.258660 -0.023536 
2576 3.009313 0.000000 -0.293594 3.750315 0.340812 -1.189993 0.998440 
2577 5.064828 0.000000 3.322312 103.690371 -0.147856 2.267878 -0.075686 
2578 4.379656 0.000000 3.322312 104.639340 -0.048473 3.470195 -0.096144 
2579 5.064828 0.000000 3.979750 102.908824 -0.002337 3.454188 -0.060216 
2580 3.694485 0.000000 3.322312 105.251220 -0.177673 5.252861 -0.110544 
2581 3.009313 0.000000 3.322312 104.968095 -0.307824 7.081269 -0.106854 
2582 3.694485 0.000000 3.979750 104.171985 -0.171098 5.480841 -0.088187 
2583 4.037071 0.000000 0.363844 10.815992 -0.072797 -0.702794 0.988252 
2584 4.037071 0.000000 0.035125 8.800266 -0.225836 -0.952073 0.992160 
2585 4.037071 0.000000 -0.293594 101.497616 -0.571235 0.000000 -0.030209 
2586 3.694485 0.000000 -0.293594 7.230241 0.043487 -1.157899 0.994638 
2587 4.037071 0.000000 -0.622312 102.581770 -0.555607 0.086959 -0.052334 
2588 3.351899 0.000000 -0.293594 101.095656 -0.231666 0.000000 -0.022039 
2589 3.351899 0.000000 -0.622312 101.604963 -0.195777 0.064255 -0.032361 
2590 6.777758 0.000000 2.336156 100.379625 -0.074363 -0.760489 -0.007665 
2591 6.435172 0.000000 2.336156 100.689977 -0.096205 -0.965806 -0.013941 
2592 6.777758 0.000000 2.664875 100.741776 -0.035424 -0.048868 -0.014891 
2593 6.092586 0.000000 2.336156 101.370424 -0.104685 -1.121310 -0.027723 
2594 5.750000 0.000000 2.336156 102.504292 -0.158385 -1.436084 -0.050922 
2595 6.092586 0.000000 2.664875 101.730003 -0.141141 -0.022977 -0.034901 
2596 7.462929 0.000000 -0.951031 99.367250 0.069931 12.355516 -0.002651 
2597 7.462929 0.000000 -1.279750 98.827797 0.050273 9.620116 0.014052 
2598 7.805515 0.000000 -0.951031 97.946723 0.136616 12.781948 0.024304 
2599 8.148101 0.000000 -0.951031 96.714673 0.150494 11.580688 0.051214 
2600 8.148101 0.000000 -1.279750 97.710814 0.102238 8.951745 0.037245 
2601 8.490687 0.000000 -0.951031 96.377103 0.273038 9.596554 0.061929 
2602 10.546203 0.000000 -1.937187 98.464366 0.154518 5.077006 0.027897 
2603 10.546203 0.000000 -2.594624 98.730214 0.281368 5.191679 0.022531 
2604 11.231374 0.000000 -1.937187 98.653431 0.237992 4.971629 0.024273 
2605 8.833273 0.000000 -0.951031 96.745509 0.296163 8.178493 0.057333 
2606 8.833273 0.000000 -1.279750 97.545021 0.180156 7.154238 0.043375 
2607 9.175859 0.000000 -0.951031 97.181880 0.176006 7.300834 0.050235 
2608 9.518445 0.000000 -0.951031 97.543185 0.153078 7.014343 0.043610 
2609 9.518445 0.000000 -1.279750 97.771175 0.063553 6.185578 0.040253 
2610 9.861031 0.000000 -0.951031 97.499973 0.088197 6.722343 0.044856 
2611 10.203617 0.000000 -0.951031 97.344570 0.035474 6.404630 0.048301 
2612 10.203617 0.000000 -1.279750 97.644990 -0.085624 5.504878 0.043515 
2613 10.546203 0.000000 -0.951031 97.255767 0.052502 5.579505 0.051018 
2614 10.888788 0.000000 -0.951031 97.468446 -0.110862 5.245061 0.047238 
2615 10.888788 0.000000 -1.279750 97.811718 0.063975 5.055501 0.040731 
2616 11.231374 0.000000 -0.951031 97.689849 0.195415 4.913995 0.043251 
2617 10.717495 0.000000 0.199485 90.367861 1.224057 9.340871 0.174490 
2618 10.546203 0.000000 0.199485 70.430939 -1.038164 45.741068 0.294616 
2619 10.717495 0.000000 0.035125 92.742929 0.773420 7.884389 0.133599 
2620 10.032324 0.000000 0.856922 103.227761 0.674689 -10.475067 -0.076615 
2621 10.032324 0.000000 0.692563 106.353115 0.280843 -3.231802 -0.132151 
2622 9.689738 0.000000 0.528203 101.758813 0.016123 -10.222558 -0.045936 
2623 9.689738 0.000000 0.363844 96.701405 -0.399766 16.312879 0.038257 
2624 9.861031 0.000000 0.528203 94.647768 -1.198787 8.799569 0.096293 
2625 12.259132 0.000000 2.336156 99.130209 -0.488899 2.208957 0.016808 
2626 12.601718 0.000000 2.336156 99.166445 -0.237445 2.316182 0.016060 
2627 12.259132 0.000000 2.664875 99.358391 -0.930431 2.108657 0.012260 
2628 11.916546 0.000000 -1.937187 98.774634 0.151848 4.575109 0.022262 
2629 11.916546 0.000000 -2.594624 98.882175 0.144399 4.690009 0.020030 
2630 12.601718 0.000000 -1.937187 98.948330 0.181066 4.379895 0.019001 
2631 11.573960 0.000000 -0.951031 98.032362 0.154055 4.870157 0.036591 
2632 11.573960 0.000000 -1.279750 98.287096 0.378272 4.811401 0.031635 
2633 11.916546 0.000000 -0.951031 98.310708 0.331106 4.510908 0.031455 
2634 12.259132 0.000000 -0.951031 98.442498 0.222349 4.245358 0.029100 
2635 12.259132 0.000000 -1.279750 98.630895 0.201212 4.293798 0.025347 
2636 12.601718 0.000000 -0.951031 98.654107 0.217085 4.159632 0.025002 
2637 9.261505 0.000000 1.267820 98.250503 0.083107 4.402872 0.032745 
2638 9.175859 0.000000 1.267820 94.899310 0.071207 3.942204 0.097857 
2639 9.261505 0.000000 1.185641 101.219937 0.077612 9.806512 -0.034165 
2640 9.090212 0.000000 1.432180 93.976669 0.029030 1.387018 0.116646 
2641 9.004566 0.000000 1.432180 90.617567 0.016232 1.671430 0.178566 
2642 9.090212 0.000000 1.350000 92.909419 0.047107 1.200161 0.136640 
2643 12.259132 0.000000 2.993594 99.505031 -0.772869 2.407419 0.009236 
2644 12.601718 0.000000 2.993594 99.489168 -1.163944 1.581373 0.009805 
2645 12.259132 0.000000 3.322312 99.644042 -0.138621 1.840649 0.006766 
2646 12.259132 0.000000 3.651031 99.553787 3.452864 3.857463 0.006224 
2647 12.601718 0.000000 3.651031 99.561868 3.586274 4.341997 0.005572 
2648 12.259132 0.000000 3.979750 99.749268 1.111598 3.092996 0.003928 
2649 10.803142 0.000000 2.582695 99.682399 0.000000 2.064962 0.005916 
2650 10.803142 0.000000 2.500515 99.118762 0.000000 1.852967 0.017204 
2651 10.888788 0.000000 2.582695 99.433812 -1.127670 1.684931 0.010881 
2652 9.604091 0.000000 2.089617 97.667969 0.000000 1.612496 0.045837 
2653 9.604091 0.000000 2.007437 97.862194 0.000000 1.605083 0.042041 
2654 9.689738 0.000000 2.089617 97.864009 0.000000 1.623109 0.042000 
2655 9.475622 0.000000 2.212887 97.398418 0.000000 1.678626 0.051073 
2656 9.475622 0.000000 2.171797 97.244836 0.000000 1.608581 0.054085 
2657 9.518445 0.000000 2.212887 97.597991 0.000000 1.654083 0.047190 
2658 6.435172 0.000000 4.637187 101.947641 -0.146966 3.092923 -0.040291 
2659 5.750000 0.000000 4.637187 102.520673 -0.020241 3.452657 -0.052241 
2660 6.435172 0.000000 5.294624 102.108158 0.031249 3.597925 -0.043902 
2661 7.462929 0.000000 2.993594 100.419513 -0.116960 0.774993 -0.008469 
2662 7.120344 0.000000 2.993594 100.861149 -0.078866 0.724728 -0.017350 
2663 7.462929 0.000000 3.322312 100.694959 -0.112943 1.323225 -0.014124 
2664 7.462929 0.000000 3.651031 101.027094 0.126628 1.525363 -0.020882 
2665 7.120344 0.000000 3.651031 101.040373 -0.061114 1.682501 -0.021199 
2666 7.462929 0.000000 3.979750 101.091446 0.078845 1.920655 -0.022318 
2667 8.661980 0.000000 2.829234 99.699039 -0.038546 0.793016 0.005947 
2668 8.490687 0.000000 2.829234 99.768850 -0.099201 0.690475 0.004569 
2669 8.661980 0.000000 2.993594 99.725379 0.053951 1.048425 0.005375 
2670 8.661980 0.000000 3.157953 99.994193 0.052160 1.361372 -0.000069 
2671 8.490687 0.000000 3.157953 100.060312 0.015343 1.269403 -0.001368 
2672 8.661980 0.000000 3.322312 99.994480 0.041847 1.593628 -0.000144 
2673 9.775384 0.000000 2.747055 98.108767 0.000000 2.333532 0.036922 
2674 9.775384 0.000000 2.664875 97.931635 0.000000 2.097739 0.040499 
2675 9.861031 0.000000 2.747055 98.285624 0.000000 2.311013 0.033460 
2676 9.518445 0.000000 4.308468 100.397662 0.192369 2.520456 -0.008608 
2677 9.175859 0.000000 4.308468 100.510218 0.188817 2.474143 -0.010846 
2678 9.518445 0.000000 4.637187 100.571744 0.327861 2.667434 -0.012190 
2679 9.689738 0.000000 3.815390 100.127700 0.503628 2.159233 -0.003047 
2680 9.518445 0.000000 3.815390 100.363136 0.309638 2.176516 -0.007759 
2681 9.689738 0.000000 3.979750 100.381172 0.413397 2.299049 -0.008184 
2682 9.347152 0.000000 3.815390 100.364043 0.217544 2.143779 -0.007758 
2683 9.175859 0.000000 3.815390 100.356308 0.025764 2.077704 -0.007571 
2684 9.347152 0.000000 3.979750 100.456043 0.180127 2.248332 -0.009650 
2685 9.475622 0.000000 2.870324 92.919297 -0.000000 3.756360 0.135189 
2686 9.432798 0.000000 2.870324 91.438664 -0.000000 4.265679 0.162077 
2687 9.475622 0.000000 2.911414 92.465894 -0.000000 3.911511 0.143476 
2688 9.475622 0.000000 2.952504 91.992343 -0.000000 4.146258 0.152022 
2689 9.432798 0.000000 2.952504 90.377337 -0.000000 4.639718 0.181041 
2690 9.475622 0.000000 2.993594 91.703223 -0.000000 4.363133 0.157148 
2691 9.646915 0.000000 2.952504 96.737779 -0.000000 2.713525 0.063444 
2692 9.646915 0.000000 2.911414 97.315093 0.000000 2.582093 0.052311 
2693 9.689738 0.000000 2.952504 97.632094 0.000000 2.629091 0.046106 
2694 9.475622 0.000000 3.034683 91.377595 -0.000000 4.611626 0.162887 
2695 9.432798 0.000000 3.034683 99.480531 1.099336 1.502172 0.010016 
2696 9.475622 0.000000 3.075773 99.509039 1.383735 1.568162 0.009358 
2697 9.475622 0.000000 3.116863 99.541922 1.201999 1.603065 0.008739 
2698 9.432798 0.000000 3.116863 99.550480 0.862791 1.574194 0.008648 
2699 9.475622 0.000000 3.157953 99.572993 1.051113 1.637610 0.008143 
2700 8.661980 0.000000 3.486672 100.348627 -0.003789 1.689703 -0.007270 
2701 8.490687 0.000000 3.486672 100.415668 -0.028118 1.622426 -0.008594 
2702 8.661980 0.000000 3.651031 100.503172 -0.140005 1.699177 -0.010379 
2703 8.833273 0.000000 4.308468 100.669487 0.045128 2.317584 -0.013972 
2704 8.490687 0.000000 4.308468 100.818269 0.004415 2.243948 -0.016936 
2705 8.833273 0.000000 4.637187 100.691428 0.165285 2.700251 -0.014608 
2706 9.004566 0.000000 3.815390 100.369495 -0.108423 2.060740 -0.007829 
2707 8.833273 0.000000 3.815390 100.486568 -0.125578 1.946512 -0.010136 
2708 9.004566 0.000000 3.979750 100.456932 -0.019658 2.189889 -0.009639 
2709 8.661980 0.000000 3.815390 100.576455 -0.151204 1.863715 -0.011912 
2710 8.490687 0.000000 3.815390 100.690611 -0.095226 1.772809 -0.014175 
2711 8.661980 0.000000 3.979750 100.638785 -0.064765 2.040314 -0.013233 
2712 9.261505 0.000000 3.404492 100.025582 0.184450 1.639491 -0.000784 
2713 9.175859 0.000000 3.404492 100.068751 0.111234 1.590395 -0.001630 
2714 9.261505 0.000000 3.486672 100.054612 0.073224 1.718607 -0.001388 
2715 9.475622 0.000000 3.199043 99.820300 0.984510 1.567605 0.003248 
2716 9.432798 0.000000 3.199043 99.829907 0.816018 1.530934 0.003098 
2717 9.475622 0.000000 3.240133 99.805391 0.910320 1.598139 0.003550 
2718 9.475622 0.000000 3.281222 99.833513 0.805668 1.626401 0.002998 
2719 9.432798 0.000000 3.281222 99.843514 0.635827 1.613446 0.002827 
2720 9.475622 0.000000 3.322312 99.770014 0.729569 1.758048 0.004232 
2721 12.259132 0.000000 4.308468 99.893892 0.765532 3.255757 0.001002 
2722 12.601718 0.000000 4.308468 99.808737 0.670958 3.398307 0.002622 
2723 12.259132 0.000000 4.637187 99.932595 0.585504 3.484566 0.000099 
2724 13.286890 0.000000 -1.937187 99.080534 0.192836 4.266231 0.016481 
2725 13.286890 0.000000 -2.594624 99.179729 0.366500 4.578831 0.014228 
2726 13.972061 0.000000 -1.937187 99.229178 0.289258 4.275264 0.013521 
2727 12.944304 0.000000 -0.951031 98.808266 0.221351 4.073215 0.022029 
2728 12.944304 0.000000 -1.279750 98.887613 0.185231 4.120759 0.020423 
2729 13.286890 0.000000 -0.951031 98.933170 0.113275 3.926595 0.019680 
2730 13.629476 0.000000 -0.951031 99.101215 0.285530 4.165392 0.016152 
2731 13.629476 0.000000 -1.279750 99.155631 0.259264 4.256848 0.014997 
2732 13.972061 0.000000 -0.951031 99.131231 0.375381 3.944673 0.015730 
2733 12.944304 0.000000 2.336156 99.252221 -0.120510 2.425559 0.014310 
2734 13.286890 0.000000 2.336156 99.235405 -0.398575 3.031780 0.014298 
2735 12.944304 0.000000 2.664875 99.275240 -0.577781 2.709678 0.013675 
2736 15.684991 0.000000 2.336156 99.684981 -0.312361 3.184003 0.005267 
2737 15.342405 0.000000 2.336156 99.660750 -0.454751 3.168362 0.005749 
2738 15.684991 0.000000 2.664875 99.709244 -0.572670 3.190499 0.004756 
2739 13.458183 0.000000 0.856922 98.973279 -1.384199 2.431764 0.019646 
2740 13.458183 0.000000 0.692563 98.963977 -3.175228 2.304467 0.019074 
2741 14.999819 0.000000 2.336156 99.616327 -0.515539 3.141189 0.006645 
2742 14.657233 0.000000 2.336156 99.574307 -0.605348 3.057057 0.007525 
2743 14.999819 0.000000 2.664875 99.668071 -0.761871 2.825163 0.005771 
2744 14.314647 0.000000 2.336156 99.501479 -0.725092 2.951547 0.009022 
2745 13.972061 0.000000 2.336156 99.392909 -0.385738 3.278898 0.011015 
2746 14.314647 0.000000 2.664875 99.585413 -0.572188 3.123064 0.007266 
2747 14.657233 0.000000 -1.937187 99.341430 -0.011484 4.325311 0.011257 
2748 14.657233 0.000000 -2.594624 99.400367 -0.031105 4.599949 0.009841 
2749 15.342405 0.000000 -1.937187 99.472073 -0.008346 4.332288 0.008654 
2750 14.314647 0.000000 -0.951031 99.219586 0.136509 4.048179 0.013907 
2751 14.314647 0.000000 -1.279750 99.242971 0.104960 4.140255 0.013368 
2752 14.657233 0.000000 -0.951031 99.289211 0.121753 3.975547 0.012583 
2753 14.999819 0.000000 -0.293594 99.370097 0.210345 3.887700 0.011043 
2754 14.999819 0.000000 -0.622312 99.366473 0.125871 3.905793 0.011103 
2755 15.342405 0.000000 -0.293594 99.447639 0.169457 3.935306 0.009465 
2756 15.856284 0.000000 1.843078 99.662468 -0.180650 3.401384 0.005579 
2757 15.684991 0.000000 1.843078 99.638385 -0.219466 3.449183 0.006025 
2758 15.856284 0.000000 2.007437 99.683202 -0.597909 2.967195 0.005410 
2759 15.513698 0.000000 1.843078 99.627941 -0.299744 3.401212 0.006262 
2760 15.342405 0.000000 1.843078 99.600303 -0.311286 3.406539 0.006808 
2761 15.513698 0.000000 2.007437 99.662900 -0.399037 2.775732 0.005944 
2762 19.796022 0.000000 0.363844 99.810498 0.364026 4.360153 0.001872 
2763 19.796022 0.000000 0.035125 99.816468 0.157172 4.253306 0.001856 
2764 20.138608 0.000000 0.363844 99.818684 0.339696 4.340563 0.001727 
2765 16.198870 0.000000 0.856922 99.713504 -3.822575 2.969912 0.003378 
2766 16.198870 0.000000 0.692563 99.356546 -7.546287 7.979073 0.000766 
2767 16.370163 0.000000 0.856922 99.727453 -4.051693 3.102043 0.002840 
2768 16.541456 0.000000 0.856922 99.736756 -4.217685 3.328158 0.002371 
2769 16.541456 0.000000 0.692563 99.172833 -7.577951 11.332957 -0.002111 
2770 16.712749 0.000000 0.856922 99.737595 -4.328697 3.392528 0.002217 
2771 18.425678 0.000000 2.993594 99.868060 -0.702455 3.059106 0.001652 
2772 18.768264 0.000000 2.993594 99.880106 -0.694052 3.127661 0.001370 
2773 18.425678 0.000000 3.322312 99.888532 -0.693976 2.888018 0.001346 
2774 19.110850 0.000000 2.993594 99.897907 -0.687329 3.171567 0.000988 
2775 19.453436 0.000000 2.993594 99.904307 -0.631962 3.206449 0.000845 
2776 19.110850 0.000000 3.322312 99.928376 -0.724613 2.860513 0.000561 
2777 18.425678 0.000000 3.651031 99.904950 -0.321068 3.601587 0.000593 
2778 18.768264 0.000000 3.651031 99.927158 -0.549950 3.338120 0.000312 
2779 18.425678 0.000000 3.979750 99.853698 1.431287 4.017699 0.001105 
2780 15.684991 0.000000 2.993594 99.739766 -0.805346 2.811033 0.004343 
2781 15.342405 0.000000 2.993594 99.727811 -0.617007 2.768108 0.004632 
2782 12.944304 0.000000 2.993594 99.452980 -1.065832 2.172072 0.010325 
2783 13.286890 0.000000 2.993594 99.511607 -0.872556 2.456903 0.009064 
2784 12.944304 0.000000 3.322312 99.616986 -0.099129 1.417442 0.007444 
2785 12.944304 0.000000 3.651031 99.510854 3.460454 4.893603 0.006167 
2786 13.286890 0.000000 3.651031 99.597726 3.271075 5.224243 0.004230 
2787 12.944304 0.000000 3.979750 99.733461 1.069274 3.357468 0.004082 
2788 14.999819 0.000000 2.993594 99.725379 -0.606955 2.701949 0.004718 
2789 14.657233 0.000000 2.993594 99.673424 -0.569845 2.764543 0.005724 
2790 14.999819 0.000000 3.322312 99.779121 -0.692170 2.562872 0.003708 
2791 14.999819 0.000000 3.651031 99.724095 2.952760 5.151044 0.001985 
2792 14.657233 0.000000 3.651031 99.723947 2.543455 5.474147 0.001870 
2793 14.999819 0.000000 3.979750 99.761828 1.160880 3.746815 0.003219 
2794 5.064828 0.000000 4.637187 102.790832 -0.144332 4.164803 -0.058332 
2795 4.379656 0.000000 4.637187 102.962247 -0.179565 4.876389 -0.062504 
2796 5.064828 0.000000 5.294624 102.625885 -0.222911 4.533177 -0.055267 
2797 1.296383 0.000000 1.678719 100.683195 0.168204 16.096514 -0.039623 
2798 0.953797 0.000000 1.678719 99.684847 0.158384 14.951068 -0.016063 
2799 1.296383 0.000000 2.007437 101.524930 0.047932 14.148322 -0.050749 
2800 6.777758 0.000000 2.993594 101.216507 -0.060771 0.512505 -0.024505 
2801 6.435172 0.000000 2.993594 101.405629 -0.048326 0.771075 -0.028370 
2802 6.777758 0.000000 3.322312 101.201145 -0.061521 1.083222 -0.024285 
2803 6.777758 0.000000 3.651031 101.389420 -0.045789 1.684107 -0.028265 
2804 6.435172 0.000000 3.651031 101.745665 -0.093026 1.724619 -0.035516 
2805 6.777758 0.000000 3.979750 101.536138 -0.090772 2.211441 -0.031449 
2806 8.319394 0.000000 1.514359 98.791592 0.127855 0.057137 0.024020 
2807 8.148101 0.000000 1.514359 98.248397 -0.057311 -0.250691 0.034719 
2808 8.319394 0.000000 1.678719 98.909265 0.212089 -0.425646 0.021673 
2809 8.319394 0.000000 1.843078 99.045844 0.247838 -0.465444 0.018964 
2810 8.148101 0.000000 1.843078 99.049763 0.186648 -0.597083 0.018875 
2811 8.319394 0.000000 2.007437 99.304241 0.234911 -0.358916 0.013848 
2812 8.319394 0.000000 2.171797 99.378161 0.229644 -0.173399 0.012390 
2813 8.148101 0.000000 2.171797 99.460392 0.161230 -0.238003 0.010755 
2814 8.319394 0.000000 2.336156 99.611083 0.227684 0.101983 0.007757 
2815 8.319394 0.000000 2.500515 99.351585 -0.137075 0.263530 0.012917 
2816 8.148101 0.000000 2.500515 99.640139 -0.089227 0.254801 0.007177 
2817 8.319394 0.000000 2.664875 99.878620 -0.092063 0.557288 0.002394 
2818 8.405041 0.000000 1.103461 92.868656 -1.299785 -2.505614 0.136745 
2819 8.319394 0.000000 1.103461 95.624373 -1.357065 -4.091770 0.083740 
2820 8.405041 0.000000 1.185641 100.713271 -0.174102 8.343138 -0.021280 
2821 8.405041 0.000000 1.267820 100.261570 -0.031752 3.933358 -0.006785 
2822 8.319394 0.000000 1.267820 97.998022 -0.074832 3.824719 0.038175 
2823 8.405041 0.000000 1.350000 99.713594 0.058542 1.701309 0.005430 
2824 11.402667 0.000000 1.514359 98.188220 -0.365626 -0.662779 0.035850 
2825 11.573960 0.000000 1.514359 97.727752 -0.204286 0.162550 0.044922 
2826 11.402667 0.000000 1.678719 98.645645 -0.469708 0.347381 0.026870 
2827 11.745253 0.000000 1.514359 97.577589 0.138456 1.014887 0.047757 
2828 11.745253 0.000000 1.678719 98.135096 -0.247158 1.357083 0.036760 
2829 11.402667 0.000000 1.843078 98.874749 -0.820513 0.875880 0.022234 
2830 11.573960 0.000000 1.843078 98.585042 -0.700451 1.217836 0.027902 
2831 11.402667 0.000000 2.007437 98.948194 -0.672495 1.300065 0.020711 
2832 11.402667 0.000000 2.171797 99.068735 -0.542602 1.547819 0.018270 
2833 11.573960 0.000000 2.171797 98.985908 -0.411674 1.740027 0.019859 
2834 11.402667 0.000000 2.336156 99.155468 -0.719543 1.727053 0.016469 
2835 11.402667 0.000000 2.500515 99.296467 -0.700728 1.915284 0.013605 
2836 11.573960 0.000000 2.500515 99.266525 -0.645582 1.997340 0.014175 
2837 11.402667 0.000000 2.664875 99.391218 -0.741068 2.026363 0.011673 
2838 12.944304 0.000000 4.308468 99.873896 0.572089 3.377895 0.001347 
2839 13.286890 0.000000 4.308468 99.821090 0.601499 3.506999 0.002309 
2840 12.944304 0.000000 4.637187 99.895767 0.418122 3.539525 0.000813 
2841 9.561268 0.000000 2.295066 97.830686 0.000000 1.645731 0.042645 
2842 9.561268 0.000000 2.253976 97.889493 0.000000 1.665472 0.041487 
2843 9.604091 0.000000 2.295066 97.937028 0.000000 1.687217 0.040549 
2844 9.304329 0.000000 2.541605 91.381253 -0.000000 3.564939 0.163676 
2845 9.261505 0.000000 2.541605 99.634659 1.520181 0.790789 0.007000 
2846 9.304329 0.000000 2.582695 89.874381 -0.000000 4.092404 0.190585 
2847 9.304329 0.000000 2.623785 99.224193 1.378444 1.065931 0.015152 
2848 9.261505 0.000000 2.623785 99.280870 0.926360 0.955339 0.014154 
2849 9.304329 0.000000 2.664875 99.271557 1.198583 1.106442 0.014250 
2850 8.148101 0.000000 4.308468 100.840936 0.110047 2.231640 -0.017389 
2851 7.805515 0.000000 4.308468 101.181614 0.069785 2.193522 -0.024254 
2852 8.148101 0.000000 4.637187 101.117195 -0.022848 2.612190 -0.023151 
2853 8.319394 0.000000 2.829234 99.966532 -0.129130 0.719701 0.000616 
2854 8.148101 0.000000 2.829234 99.991795 -0.053853 0.778109 0.000103 
2855 8.319394 0.000000 2.993594 99.977336 -0.016469 0.998985 0.000353 
2856 8.319394 0.000000 3.157953 100.125062 -0.021200 1.175146 -0.002641 
2857 8.148101 0.000000 3.157953 100.202977 -0.017719 1.076043 -0.004179 
2858 8.319394 0.000000 3.322312 100.226408 0.001475 1.353272 -0.004716 
2859 8.319394 0.000000 3.486672 100.518399 0.001236 1.539777 -0.010632 
2860 8.148101 0.000000 3.486672 100.593429 0.000763 1.485731 -0.012125 
2861 8.319394 0.000000 3.651031 100.555943 -0.027637 1.716767 -0.011445 
2862 8.319394 0.000000 3.815390 100.578526 0.041828 1.882530 -0.011959 
2863 8.148101 0.000000 3.815390 100.667041 0.032779 1.833100 -0.013721 
2864 8.319394 0.000000 3.979750 100.771992 -0.084212 1.891862 -0.015858 
2865 9.090212 0.000000 2.747055 99.356278 0.300477 1.095647 0.012704 
2866 9.004566 0.000000 2.747055 99.384781 0.201969 0.995684 0.012163 
2867 9.090212 0.000000 2.829234 99.495662 0.127705 0.986638 0.009962 
2868 9.090212 0.000000 2.911414 99.446813 0.137355 1.097745 0.010911 
2869 9.004566 0.000000 2.911414 99.447541 0.128534 1.186922 0.010876 
2870 9.090212 0.000000 2.993594 99.551983 0.132066 1.150367 0.008806 
2871 9.090212 0.000000 3.075773 99.624279 0.111848 1.232343 0.007347 
2872 9.004566 0.000000 3.075773 99.702845 0.010476 1.197197 0.005791 
2873 9.090212 0.000000 3.157953 99.737174 0.075109 1.339263 0.005070 
2874 9.090212 0.000000 3.240133 99.784683 0.055522 1.448694 0.004092 
2875 9.004566 0.000000 3.240133 99.831124 -0.006248 1.366971 0.003188 
2876 9.090212 0.000000 3.322312 100.019902 0.037073 1.486776 -0.000619 
2877 9.304329 0.000000 2.705965 99.268175 1.075297 1.134428 0.014339 
2878 9.261505 0.000000 2.705965 99.276687 0.784075 1.093883 0.014233 
2879 9.304329 0.000000 2.747055 99.269218 0.918679 1.198981 0.014334 
2880 9.304329 0.000000 2.788144 99.350441 0.752222 1.166815 0.012756 
2881 9.261505 0.000000 2.788144 99.316960 0.602780 1.203036 0.013433 
2882 9.304329 0.000000 2.829234 99.383550 0.672000 1.205728 0.012100 
2883 9.732561 0.000000 2.952504 98.013826 0.000000 2.586583 0.038660 
2884 9.732561 0.000000 2.911414 98.203997 0.000000 2.601221 0.034921 
2885 9.775384 0.000000 2.952504 98.228189 0.000000 2.560501 0.034467 
2886 9.090212 0.000000 3.404492 100.063931 0.025643 1.579255 -0.001529 
2887 9.004566 0.000000 3.404492 100.112011 -0.021758 1.498897 -0.002466 
2888 9.090212 0.000000 3.486672 100.130549 0.043171 1.631054 -0.002879 
2889 15.684991 0.000000 -0.293594 99.521693 0.130236 3.952060 0.007980 
2890 15.684991 0.000000 -0.622312 99.516313 0.084814 3.961222 0.008080 
2891 16.027577 0.000000 -0.293594 99.564806 0.071672 4.012440 0.007074 
2892 20.138608 0.000000 4.637187 99.879720 0.489347 4.077688 0.000717 
2893 20.823779 0.000000 4.637187 99.893686 0.568187 4.045801 0.000456 
2894 20.138608 0.000000 5.294624 99.887941 0.296261 4.235872 0.000437 
2895 19.796022 0.000000 2.993594 99.896247 -0.582841 3.322847 0.000936 
2896 20.138608 0.000000 2.993594 99.920532 -0.598988 3.221188 0.000515 
2897 19.796022 0.000000 3.322312 99.917380 -0.800660 3.075557 0.000642 
2898 -1.786890 0.000000 2.007437 99.083516 0.187840 9.318086 0.009559 
2899 -2.472061 0.000000 2.007437 99.144445 0.185335 8.657254 0.009540 
2900 -1.786890 0.000000 2.664875 99.601912 0.122882 9.085820 -0.000311 
2901 2.324141 0.000000 3.322312 104.127812 -0.159408 8.548417 -0.091570 
2902 1.638969 0.000000 3.322312 103.133147 -0.378534 9.595947 -0.072867 
2903 2.324141 0.000000 3.979750 103.506412 -0.120399 7.832982 -0.077495 
2904 0.953797 0.000000 3.322312 101.829132 -0.254598 9.550577 -0.046045 
2905 0.268626 0.000000 3.322312 101.012739 -0.438856 9.469140 -0.029343 
2906 0.953797 0.000000 3.979750 101.805015 -0.028831 8.565175 -0.043762 
2907 2.666727 0.000000 -0.951031 101.645882 -0.066315 -2.233497 -0.033688 
2908 2.666727 0.000000 -1.279750 101.727456 0.026211 0.474544 -0.034870 
2909 3.009313 0.000000 -0.951031 101.320330 -0.151742 0.072410 -0.026584 
2910 3.351899 0.000000 -0.951031 101.537902 -0.198025 0.056193 -0.030999 
2911 3.351899 0.000000 -1.279750 101.095656 -0.231666 0.000000 -0.022039 
2912 3.694485 0.000000 -0.951031 102.000580 -0.375940 0.072364 -0.040426 
2913 4.037071 0.000000 -0.951031 101.898794 -0.489175 0.039299 -0.038361 
2914 4.037071 0.000000 -1.279750 102.775853 -0.552809 0.102526 -0.056319 
2915 5.407414 0.000000 2.336156 103.668571 -0.347494 -0.970717 -0.074824 
2916 5.064828 0.000000 2.336156 104.634562 -0.342056 -0.150197 -0.094853 
2917 5.407414 0.000000 2.664875 103.404473 -0.294318 0.100188 -0.069258 
2918 4.722242 0.000000 2.336156 105.443502 -0.282293 0.894210 -0.111921 
2919 4.379656 0.000000 2.336156 106.266218 -0.370854 1.930711 -0.129637 
2920 4.722242 0.000000 2.664875 105.050434 -0.349744 1.538145 -0.103808 
2921 10.374910 0.000000 0.199485 77.135231 -1.986928 45.306066 0.199357 
2922 10.203617 0.000000 0.199485 81.763953 -2.448082 41.735861 0.156678 
2923 10.374910 0.000000 0.035125 89.923505 0.854854 13.792142 0.172281 
2924 10.032324 0.000000 0.528203 95.162463 -1.222794 18.842113 0.058759 
2925 10.032324 0.000000 0.363844 88.697431 -2.307073 30.693199 0.118537 
2926 9.090212 0.000000 1.267820 92.456856 0.066475 1.675149 0.144892 
2927 9.090212 0.000000 1.185641 90.058596 0.071743 3.223146 0.187906 
2928 8.918920 0.000000 1.432180 88.878618 -0.000000 1.568411 0.209813 
2929 8.833273 0.000000 1.432180 98.013745 1.051426 -2.205304 0.038734 
2930 8.918920 0.000000 1.514359 97.706645 1.737298 -1.168309 0.044903 
2931 8.918920 0.000000 1.596539 98.064687 1.459233 -0.792792 0.038056 
2932 8.833273 0.000000 1.596539 98.381281 0.879530 -1.006482 0.031934 
2933 8.918920 0.000000 1.678719 98.312349 1.270003 -0.537865 0.033278 
2934 9.604091 0.000000 1.925258 97.648156 0.000000 1.491280 0.046261 
2935 9.604091 0.000000 1.843078 97.928894 0.000000 1.594396 0.040739 
2936 9.689738 0.000000 1.925258 97.772241 0.000000 1.570621 0.043812 
2937 8.918920 0.000000 1.760898 98.498805 1.131123 -0.352528 0.029658 
2938 8.833273 0.000000 1.760898 98.650423 0.771274 -0.491115 0.026726 
2939 8.918920 0.000000 1.843078 98.666490 1.021925 -0.193995 0.026384 
2940 8.918920 0.000000 1.925258 98.879047 0.851519 -0.114995 0.022220 
2941 8.833273 0.000000 1.925258 98.966477 0.607347 -0.235333 0.020521 
2942 8.918920 0.000000 2.007437 99.010271 0.790051 0.006722 0.019634 
2943 10.803142 0.000000 2.418336 99.057211 0.000000 1.811057 0.018439 
2944 10.803142 0.000000 2.336156 99.397684 0.000000 1.625415 0.011746 
2945 10.888788 0.000000 2.418336 99.303687 -0.860193 1.555746 0.013562 
2946 8.918920 0.000000 2.089617 98.946492 0.700162 0.190199 0.020907 
2947 8.833273 0.000000 2.089617 99.176015 0.559307 0.020056 0.016380 
2948 8.918920 0.000000 2.171797 99.061913 0.647930 0.295573 0.018623 
2949 8.918920 0.000000 2.253976 99.203156 0.583126 0.380988 0.015825 
2950 8.833273 0.000000 2.253976 99.204925 0.447798 0.267691 0.015811 
2951 8.918920 0.000000 2.336156 99.258126 0.553612 0.461444 0.014730 
2952 9.775384 0.000000 2.582695 98.058980 0.000000 2.048640 0.038024 
2953 9.775384 0.000000 2.500515 98.234231 0.000000 1.972022 0.034615 
2954 9.861031 0.000000 2.582695 98.156787 0.000000 2.037448 0.036109 
2955 8.918920 0.000000 2.418336 99.351498 0.509668 0.557724 0.012871 
2956 8.833273 0.000000 2.418336 99.390236 0.407814 0.468583 0.012120 
2957 8.918920 0.000000 2.500515 99.437808 0.479341 0.653395 0.011147 
2958 8.918920 0.000000 2.582695 99.391938 0.131895 0.672373 0.012077 
2959 8.833273 0.000000 2.582695 99.434915 0.055654 0.595729 0.011234 
2960 8.918920 0.000000 2.664875 99.471120 0.123550 0.773201 0.010488 
2961 9.389975 0.000000 2.870324 99.404691 1.213845 1.315646 0.011550 
2962 9.347152 0.000000 2.870324 99.412468 0.843534 1.279893 0.011481 
2963 9.389975 0.000000 2.911414 99.387298 1.134162 1.348806 0.011906 
2964 9.389975 0.000000 2.952504 99.423129 1.008297 1.390426 0.011209 
2965 9.347152 0.000000 2.952504 99.431729 0.738166 1.351511 0.011096 
2966 9.389975 0.000000 2.993594 99.453935 0.898692 1.430366 0.010606 
2967 9.646915 0.000000 2.870324 97.523016 0.000000 2.638369 0.048230 
2968 9.646915 0.000000 2.829234 97.585547 0.000000 2.586867 0.047037 
2969 9.689738 0.000000 2.870324 97.980507 0.000000 2.597642 0.039307 
2970 9.389975 0.000000 3.034683 99.489237 0.799148 1.471175 0.009909 
2971 9.347152 0.000000 3.034683 99.498908 0.601512 1.433870 0.009755 
2972 9.389975 0.000000 3.075773 99.527114 0.715766 1.508680 0.009157 
2973 9.389975 0.000000 3.116863 99.559724 0.642512 1.545019 0.008506 
2974 9.347152 0.000000 3.116863 99.569845 0.485971 1.515753 0.008331 
2975 9.389975 0.000000 3.157953 99.591380 0.576530 1.581318 0.007872 
2976 9.389975 0.000000 3.199043 99.805966 0.614417 1.531227 0.003605 
2977 9.347152 0.000000 3.199043 99.630328 0.461148 1.574435 0.007111 
2978 9.389975 0.000000 3.240133 99.867081 0.588612 1.543943 0.002384 
2979 9.389975 0.000000 3.281222 99.869011 0.504458 1.582025 0.002342 
2980 9.347152 0.000000 3.281222 99.884018 0.407728 1.556818 0.002059 
2981 9.389975 0.000000 3.322312 99.934277 0.439120 1.630645 0.001029 
2982 13.629476 0.000000 2.336156 99.300271 -0.380607 3.213230 0.012899 
2983 13.629476 0.000000 2.664875 99.402415 -0.273684 2.916296 0.011058 
2984 13.458183 0.000000 0.528203 98.727127 -6.494209 5.526939 0.018023 
2985 13.458183 0.000000 0.363844 98.654692 4.155285 6.506965 0.020764 
2986 13.629476 0.000000 0.528203 98.760577 -6.802166 6.500879 0.015782 
2987 16.027577 0.000000 -1.937187 99.586679 -0.080098 4.432672 0.006284 
2988 16.027577 0.000000 -2.594624 99.593652 -0.092197 4.634508 0.005962 
2989 16.712749 0.000000 -1.937187 99.612526 0.012344 4.324382 0.005864 
2990 14.999819 0.000000 -0.951031 99.374310 0.053213 4.004125 0.010871 
2991 14.999819 0.000000 -1.279750 99.380617 0.026909 4.090793 0.010676 
2992 15.342405 0.000000 -0.951031 99.447346 0.051776 4.023812 0.009403 
2993 15.171112 0.000000 1.843078 99.574164 -0.351757 3.405373 0.007327 
2994 14.999819 0.000000 1.843078 99.548451 -0.363939 3.388218 0.007849 
2995 15.171112 0.000000 2.007437 99.609093 -0.182032 2.916456 0.006949 
2996 14.828526 0.000000 1.843078 99.519361 -0.408722 3.360289 0.008444 
2997 14.657233 0.000000 1.843078 99.488196 -0.456311 3.322790 0.009085 
2998 14.828526 0.000000 2.007437 99.553623 -0.169685 3.059325 0.007969 
2999 16.884042 0.000000 0.856922 99.741612 -4.533288 3.564417 0.001836 
3000 16.884042 0.000000 0.692563 98.912773 -4.297493 15.332927 -0.003730 
3001 17.055335 0.000000 0.856922 99.743009 -4.748912 3.753583 0.001469 
3002 17.226627 0.000000 0.856922 99.741308 -4.979949 3.967307 0.001113 
3003 17.226627 0.000000 0.692563 98.954465 1.959314 15.134980 -0.002489 
3004 17.397920 0.000000 0.856922 99.736313 -5.229769 4.210030 0.000759 
3005 19.110850 0.000000 3.651031 99.915181 -1.029903 3.222560 0.000551 
3006 19.453436 0.000000 3.651031 99.907747 -1.131601 3.374668 0.000577 
3007 19.110850 0.000000 3.979750 99.857565 1.632551 4.129006 0.000875 
3008 11.402667 0.000000 2.829234 99.413432 -0.959874 2.005526 0.011203 
3009 11.573960 0.000000 2.829234 99.505440 -0.940943 1.958894 0.009394 
3010 11.402667 0.000000 2.993594 99.588651 -0.559511 1.846419 0.007838 
3011 11.402667 0.000000 3.157953 99.651050 -0.828119 2.177269 0.006424 
3012 11.573960 0.000000 3.157953 99.629126 -0.752080 2.232423 0.006849 
3013 11.402667 0.000000 3.322312 99.694837 -1.208549 2.073715 0.005518 
3014 13.629476 0.000000 2.993594 99.486348 -0.811800 2.798580 0.009398 
3015 13.972061 0.000000 2.993594 99.598544 -0.759064 2.749561 0.007199 
3016 13.629476 0.000000 3.322312 99.685763 -1.057797 1.705963 0.005872 
3017 13.629476 0.000000 3.651031 99.662414 2.940949 5.480296 0.002872 
3018 13.972061 0.000000 3.651031 99.672168 2.701561 5.643420 0.002631 
3019 13.629476 0.000000 3.979750 99.780253 1.018009 3.447439 0.003098 
3020 14.314647 0.000000 2.993594 99.660661 -0.656785 2.742729 0.005980 
3021 14.314647 0.000000 3.322312 99.736737 -0.988138 2.363160 0.004602 
3022 14.314647 0.000000 3.651031 99.687084 2.542102 5.641136 0.002420 
3023 14.314647 0.000000 3.979750 99.776799 1.077209 3.572755 0.003067 
3024 3.694485 0.000000 4.637187 103.243409 -0.207319 5.606179 -0.069067 
3025 3.009313 0.000000 4.637187 103.256503 0.008765 6.587981 -0.070531 
3026 3.694485 0.000000 5.294624 102.993266 -0.181816 5.827044 -0.064160 
3027 2.324141 0.000000 4.637187 102.890514 0.032749 7.308742 -0.063988 
3028 1.638969 0.000000 4.637187 102.279693 0.033937 7.725286 -0.052082 
3029 2.324141 0.000000 5.294624 102.095158 -0.051484 6.922299 -0.047134 
3030 0.611212 0.000000 1.678719 98.999086 0.137628 13.843516 0.000752 
3031 0.268626 0.000000 1.678719 98.597537 0.222312 12.983398 0.010991 
3032 0.611212 0.000000 2.007437 99.857659 0.126024 12.645436 -0.013148 
3033 6.092586 0.000000 2.993594 101.778167 -0.097324 0.745229 -0.035936 
3034 5.750000 0.000000 2.993594 102.426364 -0.274058 0.946995 -0.049213 
3035 6.092586 0.000000 3.322312 101.907385 -0.156494 1.421586 -0.038716 
3036 6.092586 0.000000 3.651031 101.959876 -0.152734 2.024879 -0.039994 
3037 5.750000 0.000000 3.651031 102.415305 -0.106228 2.268880 -0.049405 
3038 6.092586 0.000000 3.979750 102.218701 -0.049515 2.335895 -0.045412 
3039 8.747627 0.000000 1.432180 98.906496 0.625561 -2.221871 0.021218 
3040 8.661980 0.000000 1.432180 99.652605 0.391291 -1.747212 0.006615 
3041 8.747627 0.000000 1.514359 98.771595 0.615162 -1.516307 0.024149 
3042 8.747627 0.000000 1.596539 98.728387 0.606818 -1.086700 0.025116 
3043 8.661980 0.000000 1.596539 99.006955 0.437556 -0.981205 0.019647 
3044 8.747627 0.000000 1.678719 98.751789 0.594468 -0.797142 0.024710 
3045 8.747627 0.000000 1.760898 98.805756 0.564673 -0.582883 0.023676 
3046 8.661980 0.000000 1.760898 98.933763 0.451543 -0.603563 0.021154 
3047 8.747627 0.000000 1.843078 98.878639 0.550832 -0.416710 0.022254 
3048 8.747627 0.000000 1.925258 98.969075 0.534777 -0.271259 0.020476 
3049 8.661980 0.000000 1.925258 99.015698 0.454654 -0.385318 0.019554 
3050 8.747627 0.000000 2.007437 99.144937 0.449990 -0.181920 0.017005 
3051 11.745253 0.000000 1.843078 98.501935 -0.577862 1.518927 0.029473 
3052 11.916546 0.000000 1.843078 98.520921 -0.607938 1.766712 0.029014 
3053 11.745253 0.000000 2.007437 98.754713 -0.494444 1.751675 0.024419 
3054 11.745253 0.000000 2.171797 98.969051 -0.448521 1.829675 0.020158 
3055 11.916546 0.000000 2.171797 98.936897 -0.899153 1.880517 0.020715 
3056 11.745253 0.000000 2.336156 99.100485 -0.583414 1.907259 0.017512 
3057 11.745253 0.000000 2.500515 99.255329 -0.685807 2.063199 0.014365 
3058 11.916546 0.000000 2.500515 99.247955 -0.771562 2.132939 0.014470 
3059 11.745253 0.000000 2.664875 99.359490 -1.030023 1.923183 0.012293 
3060 8.747627 0.000000 2.089617 99.192145 0.447370 -0.086046 0.016071 
3061 8.661980 0.000000 2.089617 99.251786 0.369433 -0.168790 0.014892 
3062 8.747627 0.000000 2.171797 99.204630 0.463679 0.038228 0.015822 
3063 8.747627 0.000000 2.253976 99.300214 0.352848 0.168201 0.013931 
3064 8.661980 0.000000 2.253976 99.242348 0.287354 0.118658 0.015086 
3065 8.747627 0.000000 2.336156 99.328662 0.336693 0.312918 0.013361 
3066 8.747627 0.000000 2.418336 99.429175 0.328105 0.385186 0.011358 
3067 8.661980 0.000000 2.418336 99.457189 0.267602 0.333505 0.010808 
3068 8.747627 0.000000 2.500515 99.512256 0.318519 0.488445 0.009697 
3069 8.747627 0.000000 2.582695 99.476513 0.000286 0.521634 0.010415 
3070 8.661980 0.000000 2.582695 99.511802 -0.045765 0.465331 0.009718 
3071 8.747627 0.000000 2.664875 99.548866 0.007079 0.633290 0.008962 
3072 13.629476 0.000000 4.308468 99.806316 0.652508 3.544958 0.002571 
3073 13.972061 0.000000 4.308468 99.820049 0.624861 3.577252 0.002277 
3074 13.629476 0.000000 4.637187 99.866050 0.452939 3.654870 0.001321 
3075 9.561268 0.000000 2.212887 97.799573 0.000000 1.621271 0.043262 
3076 9.561268 0.000000 2.171797 97.595137 0.000000 1.520897 0.047288 
3077 9.604091 0.000000 2.212887 97.961128 0.000000 1.706991 0.040070 
3078 7.462929 0.000000 4.308468 101.245870 0.138924 2.339278 -0.025622 
3079 7.120344 0.000000 4.308468 101.429794 0.147924 2.392411 -0.029375 
3080 7.462929 0.000000 4.637187 101.604267 0.123525 2.598013 -0.033019 
3081 8.918920 0.000000 2.747055 99.546504 0.116892 0.870580 0.008972 
3082 8.833273 0.000000 2.747055 99.581074 0.050883 0.802064 0.008296 
3083 8.918920 0.000000 2.829234 99.492286 0.093429 1.031530 0.010021 
3084 8.918920 0.000000 2.911414 99.482287 0.119144 1.088897 0.010207 
3085 8.833273 0.000000 2.911414 99.564532 0.044375 1.059574 0.008578 
3086 8.918920 0.000000 2.993594 99.631042 0.171881 1.218083 0.007214 
3087 8.918920 0.000000 3.075773 99.645472 0.184993 1.353942 0.006891 
3088 8.833273 0.000000 3.075773 99.727282 0.114843 1.245006 0.005291 
3089 8.918920 0.000000 3.157953 99.802659 -0.055602 1.223777 0.003793 
3090 8.918920 0.000000 3.240133 99.868683 -0.056972 1.310999 0.002452 
3091 8.833273 0.000000 3.240133 99.822077 0.054323 1.429376 0.003351 
3092 8.918920 0.000000 3.322312 99.908408 -0.073868 1.403374 0.001634 
3093 9.304329 0.000000 2.870324 99.421135 0.601817 1.244052 0.011353 
3094 9.261505 0.000000 2.870324 99.431139 0.429176 1.206400 0.011181 
3095 9.304329 0.000000 2.911414 99.404032 0.608511 1.279263 0.011683 
3096 9.304329 0.000000 2.952504 99.437805 0.551161 1.321987 0.011007 
3097 9.261505 0.000000 2.952504 99.448799 0.412773 1.286854 0.010811 
3098 9.304329 0.000000 2.993594 99.474344 0.500405 1.359253 0.010276 
3099 9.732561 0.000000 2.870324 98.233868 0.000000 2.583803 0.034343 
3100 9.732561 0.000000 2.829234 98.285493 0.000000 2.589246 0.033326 
3101 9.775384 0.000000 2.870324 98.391072 0.000000 2.634195 0.031226 
3102 9.304329 0.000000 3.034683 99.514334 0.454439 1.398196 0.009474 
3103 9.261505 0.000000 3.034683 99.525679 0.340731 1.362612 0.009267 
3104 9.304329 0.000000 3.075773 99.547311 0.409963 1.432284 0.008811 
3105 9.304329 0.000000 3.116863 99.580811 0.372556 1.476035 0.008134 
3106 9.261505 0.000000 3.116863 99.588338 0.342870 1.423981 0.008002 
3107 9.304329 0.000000 3.157953 99.609098 0.404710 1.502489 0.007561 
3108 9.304329 0.000000 3.199043 99.640319 0.363561 1.545405 0.006929 
3109 9.261505 0.000000 3.199043 99.652981 0.291222 1.503712 0.006694 
3110 9.304329 0.000000 3.240133 99.859280 0.356829 1.508020 0.002572 
3111 9.304329 0.000000 3.281222 99.910677 0.278417 1.560980 0.001534 
3112 9.261505 0.000000 3.281222 99.924979 0.215389 1.541181 0.001258 
3113 9.304329 0.000000 3.322312 99.980145 0.282701 1.585877 0.000138 
3114 8.918920 0.000000 3.404492 100.298207 -0.070088 1.573288 -0.006221 
3115 8.833273 0.000000 3.404492 100.328608 -0.097090 1.536394 -0.006820 
3116 8.918920 0.000000 3.486672 100.336179 -0.072150 1.649136 -0.007007 
3117 17.397920 0.000000 -1.937187 99.661015 -0.023869 4.339803 0.004885 
3118 17.397920 0.000000 -2.594624 99.649981 -0.035941 4.556908 0.004911 
3119 18.083092 0.000000 -1.937187 99.700250 -0.012563 4.353637 0.004091 
3120 15.684991 0.000000 -0.951031 99.516591 0.048157 4.030726 0.008020 
3121 15.684991 0.000000 -1.279750 99.513930 0.024854 4.119899 0.008000 
3122 16.027577 0.000000 -0.951031 99.551897 -0.024208 4.077915 0.007279 
3123 16.370163 0.000000 -0.293594 99.620265 0.027555 4.075154 0.005920 
3124 16.370163 0.000000 -0.622312 99.622728 -0.006560 4.122895 0.005831 
3125 16.712749 0.000000 -0.293594 99.646553 0.134964 4.013085 0.005444 
3126 17.055335 0.000000 -0.293594 99.677330 0.126686 4.018789 0.004826 
3127 17.055335 0.000000 -0.622312 99.668317 0.075994 4.022843 0.005004 
3128 17.397920 0.000000 -0.293594 99.703608 0.121298 4.026580 0.004296 
3129 19.796022 0.000000 3.651031 99.905145 -0.974434 3.484304 0.000587 
3130 20.138608 0.000000 3.651031 99.920349 -0.781732 3.349580 0.000409 
3131 19.796022 0.000000 3.979750 99.843001 1.974241 4.447019 0.000770 
3132 14.314647 0.000000 4.308468 99.831087 0.612701 3.613301 0.002032 
3133 14.657233 0.000000 4.308468 99.795767 0.689125 3.731647 0.002640 
3134 14.314647 0.000000 4.637187 99.867239 0.477588 3.724915 0.001243 
3135 14.999819 0.000000 4.308468 99.782553 0.679320 3.791379 0.002861 
3136 15.342405 0.000000 4.308468 99.770280 0.521899 3.819252 0.003103 
3137 14.999819 0.000000 4.637187 99.774062 0.360641 3.892221 0.002986 
3138 -0.073960 0.000000 1.678719 98.265642 0.053099 11.971518 0.020054 
3139 -0.416546 0.000000 1.678719 98.154253 -0.003455 11.073792 0.024311 
3140 -0.073960 0.000000 2.007437 99.032504 0.022103 11.264751 0.006567 
3141 5.407414 0.000000 2.993594 103.321404 -0.286858 1.037915 -0.067647 
3142 5.064828 0.000000 2.993594 104.012318 -0.256916 1.532799 -0.082098 
3143 5.407414 0.000000 3.322312 102.889683 -0.210378 1.987887 -0.059028 
3144 5.407414 0.000000 3.651031 102.756255 -0.071589 2.640609 -0.056583 
3145 5.064828 0.000000 3.651031 103.219479 -0.119754 3.017710 -0.066338 
3146 5.407414 0.000000 3.979750 102.607576 -0.052481 3.059228 -0.053768 
3147 6.777758 0.000000 4.308468 101.605651 0.003160 2.584058 -0.033039 
3148 6.435172 0.000000 4.308468 101.894422 -0.086222 2.680450 -0.038967 
3149 6.777758 0.000000 4.637187 101.719283 -0.092876 2.970689 -0.035565 
3150 8.747627 0.000000 2.747055 99.617345 0.055520 0.727467 0.007585 
3151 8.661980 0.000000 2.747055 99.704468 0.003562 0.696436 0.005853 
3152 8.747627 0.000000 2.829234 99.729107 0.023999 0.870042 0.005335 
3153 8.747627 0.000000 2.911414 99.621515 0.080918 1.017858 0.007451 
3154 8.661980 0.000000 2.911414 99.658450 0.053533 0.956623 0.006728 
3155 8.747627 0.000000 2.993594 99.691249 0.080668 1.110102 0.006042 
3156 8.747627 0.000000 3.075773 99.760906 0.081038 1.193192 0.004633 
3157 8.661980 0.000000 3.075773 99.927995 0.049489 1.283881 0.001275 
3158 8.747627 0.000000 3.157953 99.827898 0.079644 1.285767 0.003273 
3159 8.747627 0.000000 3.240133 99.940258 0.070932 1.568053 0.000948 
3160 8.661980 0.000000 3.240133 100.053834 0.050495 1.451826 -0.001288 
3161 8.747627 0.000000 3.322312 100.028912 0.007818 1.590326 -0.000831 
3162 8.747627 0.000000 3.404492 100.372222 -0.104962 1.472191 -0.007676 
3163 8.661980 0.000000 3.404492 100.302976 0.003067 1.609576 -0.006328 
3164 8.747627 0.000000 3.486672 100.406476 -0.128597 1.567276 -0.008393 
1 11 62 60 61 
2 62 10 24 60 
3 60 24 14 63 
4 61 60 63 6 
5 24 66 64 65 
6 66 23 40 64 
7 64 40 27 67 
8 65 64 67 14 
9 40 70 68 69 
10 69 68 71 27 
11 6 63 92 93 
12 63 14 36 92 
13 92 36 19 94 
14 93 92 94 20 
15 14 67 95 96 
16 67 27 52 95 
17 95 52 35 97 
18 96 95 97 36 
19 27 71 98 99 
20 99 98 100 52 
21 12 112 110 111 
22 112 7 113 110 
23 110 113 13 25 
24 111 110 25 10 
25 25 116 114 115 
26 116 13 117 114 
27 114 117 26 41 
28 115 114 41 23 
29 41 120 118 119 
30 120 26 121 118 
31 118 121 42 57 
32 119 118 57 39 
33 39 124 122 123 
34 124 57 125 122 
35 122 125 55 81 
36 123 122 81 56 
37 81 128 126 127 
38 128 55 129 126 
39 57 146 145 125 
40 146 42 147 145 
41 145 147 58 89 
42 125 145 89 55 
43 55 149 148 129 
44 149 89 150 148 
45 155 157 103 158 
46 156 155 158 101 
47 126 170 168 169 
48 170 129 171 168 
49 168 171 82 142 
50 169 168 142 107 
51 142 174 172 173 
52 174 82 175 172 
53 183 151 184 182 
54 182 184 154 185 
55 165 188 186 187 
56 188 143 189 186 
57 186 189 166 190 
58 68 193 191 192 
59 193 56 80 191 
60 191 80 43 194 
61 192 191 194 71 
62 80 197 195 196 
63 197 79 106 195 
64 195 106 83 198 
65 196 195 198 43 
66 79 201 199 200 
67 201 107 141 199 
68 199 141 105 202 
69 200 199 202 106 
70 141 205 203 204 
71 205 140 164 203 
72 203 164 144 206 
73 204 203 206 105 
74 140 209 207 208 
75 209 165 187 207 
76 207 187 163 210 
77 208 207 210 164 
78 211 213 161 214 
79 212 211 214 159 
80 163 190 215 216 
81 190 166 217 215 
82 215 217 108 218 
83 216 215 218 167 
84 187 221 219 220 
85 221 186 222 219 
86 219 222 190 223 
87 220 219 223 163 
88 185 154 225 224 
89 224 225 179 226 
90 213 224 226 161 
91 108 229 227 228 
92 229 185 230 227 
93 227 230 224 231 
94 228 227 231 213 
95 129 233 232 171 
96 233 148 234 232 
97 232 234 137 152 
98 171 232 152 82 
99 82 236 235 175 
100 236 152 237 235 
101 235 237 151 183 
102 175 240 238 239 
103 240 235 241 238 
104 238 241 183 242 
105 239 238 242 143 
106 89 256 255 150 
107 256 58 257 255 
108 148 259 258 234 
109 259 150 260 258 
110 258 260 88 252 
111 234 258 252 137 
112 137 263 261 262 
113 263 252 264 261 
114 261 264 251 265 
115 262 261 265 153 
116 279 281 177 282 
117 280 279 282 176 
118 254 290 288 289 
119 290 138 291 288 
120 292 293 272 294 
121 281 292 294 177 
122 267 296 295 286 
123 296 275 297 295 
124 295 297 278 298 
125 286 295 298 91 
126 301 267 302 299 
127 299 302 286 303 
128 180 306 304 305 
129 306 266 284 304 
130 304 284 268 307 
131 305 304 307 139 
132 266 310 308 309 
133 309 308 311 284 
134 138 316 315 291 
135 316 276 317 315 
136 315 317 275 296 
137 291 315 296 267 
138 288 320 318 319 
139 320 291 321 318 
140 318 321 267 301 
141 319 318 301 285 
142 285 324 322 323 
143 324 301 325 322 
144 322 325 299 326 
145 136 329 327 328 
146 329 254 289 327 
147 327 289 266 306 
148 328 327 306 180 
149 289 332 330 331 
150 332 288 319 330 
151 330 319 285 310 
152 331 330 310 266 
153 310 335 333 334 
154 335 285 323 333 
155 333 323 300 336 
156 334 333 336 308 
157 268 287 337 338 
158 287 91 339 337 
159 337 339 281 340 
160 338 337 340 279 
161 283 303 341 342 
162 303 286 343 341 
163 341 343 91 344 
164 342 341 344 287 
165 300 326 345 346 
166 326 299 347 345 
167 345 347 303 348 
168 346 345 348 283 
169 323 351 349 350 
170 351 322 352 349 
171 349 352 326 353 
172 350 349 353 300 
173 7 363 362 113 
174 363 16 364 362 
175 362 364 15 32 
176 113 362 32 13 
177 13 366 365 117 
178 366 32 367 365 
179 365 367 31 48 
180 117 365 48 26 
181 26 369 368 121 
182 369 48 370 368 
183 368 370 47 85 
184 121 368 85 42 
185 42 372 371 147 
186 372 85 373 371 
187 371 373 84 244 
188 147 371 244 58 
189 58 375 374 257 
190 375 244 376 374 
191 255 379 377 378 
192 379 257 380 377 
193 377 380 90 359 
194 378 377 359 248 
195 248 383 381 382 
196 383 359 384 381 
197 381 384 358 385 
198 382 381 385 314 
199 359 391 390 384 
200 391 90 392 390 
201 390 392 360 393 
202 384 390 393 358 
203 394 408 406 407 
204 406 409 5 410 
205 407 406 410 396 
206 361 413 411 412 
207 413 249 414 411 
208 411 414 395 408 
209 412 411 408 394 
210 395 419 418 409 
211 419 400 420 418 
212 418 420 402 421 
213 409 418 421 5 
214 408 424 422 423 
215 424 395 425 422 
216 422 425 409 426 
217 423 422 426 406 
218 257 428 427 380 
219 428 374 429 427 
220 427 429 355 387 
221 380 427 387 90 
222 90 431 430 392 
223 431 387 432 430 
224 430 432 386 433 
225 392 430 433 360 
226 15 435 434 33 
227 435 17 436 434 
228 434 436 8 437 
229 33 434 437 18 
230 439 33 440 438 
231 438 440 18 441 
232 386 460 458 459 
233 460 388 461 458 
234 458 461 354 462 
235 459 458 462 389 
236 400 467 466 420 
237 467 401 468 466 
238 466 468 357 469 
239 420 466 469 402 
240 244 471 470 376 
241 471 84 472 470 
242 454 479 477 478 
243 479 456 480 477 
244 477 480 356 481 
245 478 477 481 457 
246 18 437 482 45 
247 437 8 483 482 
248 482 483 29 484 
249 45 482 484 28 
250 441 18 486 485 
251 485 486 45 487 
252 463 505 503 504 
253 504 503 507 465 
254 457 481 508 509 
255 481 356 510 508 
256 509 508 505 463 
257 505 520 518 519 
258 519 518 522 503 
259 356 524 523 510 
260 524 476 525 523 
261 508 528 526 527 
262 528 510 529 526 
263 526 529 464 520 
264 527 526 520 505 
265 520 536 534 535 
266 536 464 537 534 
267 534 537 521 538 
268 535 534 538 518 
269 456 540 539 480 
270 540 473 541 539 
271 539 541 476 524 
272 480 539 524 356 
273 450 555 553 554 
274 553 578 576 577 
275 578 556 579 576 
276 576 579 546 580 
277 577 576 580 557 
278 277 583 581 582 
279 583 394 407 581 
280 581 407 396 584 
281 582 581 584 250 
282 521 595 593 594 
283 595 530 596 593 
284 593 596 533 597 
285 594 593 597 506 
286 602 497 603 601 
287 601 603 516 604 
288 604 516 606 605 
289 610 601 611 608 
290 608 611 604 612 
291 530 614 613 596 
292 596 613 615 533 
293 612 604 618 616 
294 616 618 605 619 
295 617 616 619 591 
296 622 608 623 620 
297 620 623 612 624 
298 533 615 625 626 
299 625 617 591 627 
300 626 625 627 589 
301 613 630 628 629 
302 629 628 631 615 
303 514 624 632 633 
304 624 612 634 632 
305 632 634 616 635 
306 633 632 635 617 
307 638 620 639 636 
308 636 639 624 640 
309 637 636 640 514 
310 615 631 641 642 
311 631 514 633 641 
312 641 633 617 643 
313 642 641 643 625 
314 628 646 644 645 
315 646 621 637 644 
316 644 637 514 647 
317 645 644 647 631 
318 476 649 648 525 
319 649 450 554 648 
320 523 652 650 651 
321 652 525 653 650 
322 650 653 497 602 
323 651 650 602 515 
324 515 656 654 655 
325 656 602 657 654 
326 654 657 601 610 
327 655 654 610 532 
328 532 660 658 659 
329 660 610 661 658 
330 658 661 608 622 
331 659 658 622 609 
332 609 664 662 663 
333 664 622 665 662 
334 662 665 620 638 
335 663 662 638 621 
336 621 668 666 667 
337 668 638 669 666 
338 666 669 636 670 
339 667 666 670 637 
340 556 675 674 579 
341 675 565 676 674 
342 674 676 568 677 
343 579 674 677 546 
344 546 677 678 679 
345 677 568 680 678 
346 678 680 671 681 
347 557 580 682 683 
348 580 546 679 682 
349 683 682 684 572 
350 572 684 689 690 
351 690 689 692 575 
352 682 695 693 694 
353 695 679 696 693 
354 694 693 697 684 
355 681 671 705 704 
356 704 705 673 706 
357 679 708 707 696 
358 708 678 709 707 
359 707 709 681 710 
360 696 707 710 574 
361 684 697 711 712 
362 697 574 713 711 
363 711 713 691 714 
364 712 711 714 689 
365 693 717 715 716 
366 717 696 718 715 
367 715 718 574 719 
368 716 715 719 697 
369 85 721 720 373 
370 721 47 722 720 
371 720 722 86 447 
372 373 720 447 84 
373 84 724 723 472 
374 724 447 725 723 
375 565 734 733 676 
376 734 567 735 733 
377 733 735 548 736 
378 676 733 736 568 
379 568 736 740 680 
380 736 548 741 740 
381 740 741 672 742 
382 680 740 742 671 
383 744 732 745 743 
384 743 745 737 746 
385 741 743 746 672 
386 748 729 749 747 
387 747 749 732 744 
388 548 752 750 751 
389 752 744 753 750 
390 750 753 743 754 
391 751 750 754 741 
392 516 758 757 606 
393 758 598 759 757 
394 706 673 763 761 
395 761 763 701 764 
396 691 767 765 766 
397 767 704 768 765 
398 765 768 706 769 
399 766 765 769 549 
400 575 692 770 771 
401 771 770 772 685 
402 689 714 773 774 
403 714 691 766 773 
404 773 766 549 775 
405 774 773 775 692 
406 598 777 776 759 
407 777 573 778 776 
408 776 778 453 779 
409 759 776 779 600 
410 757 786 784 785 
411 786 759 787 784 
412 784 787 600 788 
413 785 784 788 760 
414 591 619 792 793 
415 619 605 794 792 
416 792 794 607 795 
417 793 792 795 517 
418 549 769 796 797 
419 769 706 798 796 
420 796 798 761 799 
421 797 796 799 762 
422 692 775 800 801 
423 775 549 797 800 
424 800 797 762 802 
425 801 800 802 770 
426 600 779 803 782 
427 779 453 804 803 
428 803 804 686 805 
429 782 803 805 755 
430 760 788 806 807 
431 788 600 808 806 
432 806 808 782 809 
433 807 806 809 780 
434 21 46 810 811 
435 46 28 812 810 
436 810 812 30 813 
437 811 810 813 9 
438 37 74 814 815 
439 74 44 816 814 
440 814 816 46 817 
441 815 814 817 21 
442 53 132 818 819 
443 132 72 820 818 
444 818 820 74 821 
445 819 818 821 37 
446 77 271 822 823 
447 271 130 824 822 
448 822 824 132 825 
449 823 822 825 53 
450 826 828 130 829 
451 827 826 829 271 
452 809 782 844 842 
453 842 844 755 845 
454 843 842 845 783 
455 781 848 846 847 
456 848 780 843 846 
457 846 843 783 849 
458 847 846 849 587 
459 780 852 850 851 
460 852 809 853 850 
461 850 853 842 854 
462 851 850 854 843 
463 764 701 864 862 
464 862 864 703 865 
465 685 772 868 869 
466 869 868 870 688 
467 687 873 871 872 
468 873 764 874 871 
469 871 874 862 875 
470 872 871 875 863 
471 755 805 876 840 
472 805 686 877 876 
473 876 877 512 878 
474 783 845 879 880 
475 845 755 881 879 
476 879 881 840 882 
477 880 879 882 838 
478 587 849 889 890 
479 849 783 880 889 
480 889 880 838 891 
481 890 889 891 839 
482 791 894 892 893 
483 894 587 890 892 
484 892 890 839 895 
485 893 892 895 886 
486 865 703 898 896 
487 896 898 858 899 
488 863 875 900 901 
489 875 862 902 900 
490 900 902 865 903 
491 901 900 903 569 
492 838 882 908 909 
493 882 840 910 908 
494 908 910 756 911 
495 909 908 911 841 
496 688 870 912 913 
497 913 912 914 866 
498 569 903 915 916 
499 903 865 917 915 
500 915 917 896 918 
501 916 915 918 897 
502 130 493 919 824 
503 493 131 920 919 
504 919 920 72 921 
505 824 919 921 132 
506 922 923 493 924 
507 828 922 924 130 
508 897 918 936 937 
509 918 896 938 936 
510 936 938 899 939 
511 937 936 939 859 
512 878 512 941 940 
513 940 941 836 942 
514 841 911 943 944 
515 911 756 945 943 
516 943 945 906 946 
517 944 943 946 904 
518 905 964 962 963 
519 963 962 965 835 
520 904 968 966 967 
521 968 946 969 966 
522 966 969 955 970 
523 967 966 970 956 
524 511 973 971 972 
525 973 841 944 971 
526 971 944 904 964 
527 972 971 964 905 
528 964 976 974 975 
529 976 904 967 974 
530 974 967 956 977 
531 975 974 977 962 
532 942 836 979 978 
533 956 970 985 986 
534 970 955 987 985 
535 985 987 958 988 
536 986 985 988 907 
537 866 914 991 992 
538 992 991 993 867 
539 859 939 994 995 
540 939 899 996 994 
541 994 996 932 997 
542 995 994 997 933 
543 999 942 1000 998 
544 998 1000 978 1001 
545 958 1004 1002 1003 
546 1004 834 1005 1002 
547 1002 1005 983 1006 
548 1003 1002 1006 981 
549 1007 827 271 1009 
550 1008 1007 1009 77 
551 981 1006 1024 1025 
552 1006 983 1026 1024 
553 1025 1024 1027 984 
554 1001 978 1032 1031 
555 1031 1032 980 1033 
556 983 1035 1034 1026 
557 1035 998 1036 1034 
558 1034 1036 1001 1037 
559 1026 1034 1037 953 
560 984 1027 1038 1039 
561 1027 953 1040 1038 
562 1038 1040 1022 1041 
563 1039 1038 1041 1020 
564 1024 1044 1042 1043 
565 1044 1026 1045 1042 
566 1042 1045 953 1046 
567 1043 1042 1046 1027 
568 835 965 1050 1051 
569 1051 1050 1052 952 
570 982 1055 1053 1054 
571 1055 981 1025 1053 
572 1053 1025 984 1056 
573 1054 1053 1056 951 
574 933 997 1061 1062 
575 997 932 1063 1061 
576 1061 1063 935 1064 
577 1062 1061 1064 571 
578 867 993 1065 1066 
579 1066 1065 1067 989 
580 571 1064 1068 1069 
581 1064 935 1070 1068 
582 1068 1070 1057 1071 
583 1069 1068 1071 1058 
584 1033 980 1077 1076 
585 1076 1077 1028 1078 
586 1023 1081 1079 1080 
587 1081 837 1082 1079 
588 1079 1082 1074 1083 
589 1080 1079 1083 1072 
590 1084 1086 826 1087 
591 1085 1084 1087 827 
592 1072 1083 1100 1101 
593 1083 1074 1102 1100 
594 1100 1102 1018 1103 
595 1101 1100 1103 1075 
596 1104 1105 828 1106 
597 1086 1104 1106 826 
598 1058 1071 1115 1116 
599 1071 1057 1117 1115 
600 1115 1117 1060 1118 
601 1116 1115 1118 929 
602 1098 1131 1129 1130 
603 1131 1122 1132 1129 
604 1129 1132 1124 1133 
605 1130 1129 1133 947 
606 989 1067 1136 1137 
607 1137 1136 1138 990 
608 929 1118 1139 1140 
609 1118 1060 1141 1139 
610 1139 1141 1111 1142 
611 1140 1139 1142 1112 
612 949 1144 1143 1120 
613 1144 989 1137 1143 
614 1143 1137 990 1145 
615 1120 1143 1145 832 
616 1147 949 1148 1146 
617 1146 1148 1120 1149 
618 1150 1152 1090 1153 
619 1151 1150 1153 1088 
620 1125 1160 1158 1159 
621 1160 1127 1161 1158 
622 1126 1168 1166 1167 
623 1168 1125 1159 1166 
624 1167 1166 1169 1094 
625 1149 1120 1171 1170 
626 1170 1171 832 1172 
627 1159 1179 1177 1178 
628 1179 1158 1180 1177 
629 1127 1183 1182 1161 
630 1183 1146 1184 1182 
631 1182 1184 1149 1185 
632 1161 1182 1185 1119 
633 1158 1187 1186 1180 
634 1187 1161 1188 1186 
635 1186 1188 1119 1189 
636 1180 1186 1189 1162 
637 1193 1151 1088 1195 
638 1194 1193 1195 1089 
639 1094 1169 1199 1200 
640 1200 1199 1201 1155 
641 1128 1181 1202 1203 
642 1181 1162 1204 1202 
643 1202 1204 1173 1205 
644 1203 1202 1205 1174 
645 1177 1208 1206 1207 
646 1208 1180 1209 1206 
647 1206 1209 1162 1210 
648 1207 1206 1210 1181 
649 1166 1213 1211 1212 
650 1213 1159 1178 1211 
651 1211 1178 1128 1214 
652 1212 1211 1214 1169 
653 1178 1217 1215 1216 
654 1217 1177 1207 1215 
655 1215 1207 1181 1218 
656 1216 1215 1218 1128 
657 1112 1142 1223 1224 
658 1142 1111 1225 1223 
659 1223 1225 1114 1226 
660 1224 1223 1226 855 
661 950 1157 1227 1228 
662 1157 1121 1229 1227 
663 1227 1229 1150 1230 
664 1228 1227 1230 1151 
665 1231 1233 1121 1234 
666 1232 1231 1234 1157 
667 832 1145 1235 1152 
668 1145 990 1236 1235 
669 1235 1236 1134 1237 
670 1152 1235 1237 1090 
671 1121 1172 1238 1229 
672 1172 832 1239 1238 
673 1238 1239 1152 1240 
674 1229 1238 1240 1150 
675 1156 1242 1241 1233 
676 1242 1170 1243 1241 
677 1241 1243 1172 1244 
678 1233 1241 1244 1121 
679 1247 1156 1248 1245 
680 1245 1248 1233 1249 
681 1246 1245 1249 1231 
682 1155 1201 1250 1251 
683 1250 1232 1157 1252 
684 1251 1250 1252 950 
685 1154 1255 1253 1254 
686 1255 1176 1246 1253 
687 1253 1246 1231 1256 
688 1254 1253 1256 1232 
689 1119 1185 1257 1175 
690 1185 1149 1258 1257 
691 1257 1258 1170 1242 
692 1175 1257 1242 1156 
693 1173 1261 1259 1260 
694 1261 1175 1262 1259 
695 1259 1262 1156 1247 
696 1260 1259 1247 1176 
697 1176 1265 1263 1264 
698 1265 1247 1266 1263 
699 1263 1266 1245 1267 
700 1264 1263 1267 1246 
701 990 1138 1268 1236 
702 1236 1268 1269 1134 
703 855 1226 1270 1271 
704 1271 1270 1273 1220 
705 1274 1275 922 1276 
706 1105 1274 1276 828 
707 856 1278 1277 1109 
708 1278 925 1279 1277 
709 1277 1279 927 1280 
710 1109 1277 1280 270 
711 931 1282 1281 1221 
712 1282 856 1283 1281 
713 1281 1283 1109 1284 
714 1221 1281 1284 1107 
715 1114 1286 1285 1272 
716 1286 931 1287 1285 
717 1285 1287 1221 1288 
718 1272 1285 1288 1219 
719 1226 1291 1289 1290 
720 1291 1114 1292 1289 
721 1289 1292 1272 1293 
722 1290 1289 1293 1270 
723 857 1110 1294 1295 
724 1110 270 1296 1294 
725 1294 1296 1105 1297 
726 1295 1294 1297 1104 
727 1108 1222 1298 1299 
728 1222 1107 1300 1298 
729 1298 1300 1110 1301 
730 1299 1298 1301 857 
731 1220 1273 1302 1303 
732 1302 1304 1222 1305 
733 1303 1302 1305 1108 
734 1270 1293 1306 1307 
735 1293 1272 1308 1306 
736 1306 1308 1219 1309 
737 1307 1306 1309 1273 
738 1219 1288 1310 1304 
739 1288 1221 1311 1310 
740 1310 1311 1107 1312 
741 1304 1310 1312 1222 
742 1273 1309 1313 1314 
743 1309 1219 1315 1313 
744 1313 1315 1304 1316 
745 1314 1313 1316 1302 
746 552 1319 1317 1318 
747 1319 726 1320 1317 
748 1317 1320 562 730 
749 1318 1317 730 452 
750 452 1323 1321 1322 
751 1323 730 1324 1321 
752 1321 1324 729 748 
753 1322 1321 748 567 
754 567 1327 1325 1326 
755 1327 748 1328 1325 
756 1325 1328 747 1329 
757 1326 1325 1329 735 
758 1351 1342 1352 1349 
759 1349 1352 1345 1353 
760 1350 1349 1353 561 
761 729 1355 1354 749 
762 1355 731 1350 1354 
763 1354 1350 561 1356 
764 749 1354 1356 732 
765 726 1361 1360 1320 
766 1361 728 1362 1360 
767 1360 1362 542 1343 
768 1320 1360 1343 562 
769 562 1365 1363 1364 
770 1365 1343 1366 1363 
771 1363 1366 1342 1351 
772 1364 1363 1351 731 
773 731 1369 1367 1368 
774 1369 1351 1370 1367 
775 1367 1370 1349 1371 
776 1368 1367 1371 1350 
777 1344 1390 1388 1389 
778 1388 1391 1375 1392 
779 1389 1388 1392 563 
780 728 1394 1393 1362 
781 1394 1357 1395 1393 
782 1393 1395 1339 1373 
783 1362 1393 1373 542 
784 542 1398 1396 1397 
785 1398 1373 1399 1396 
786 1396 1399 1372 1390 
787 1397 1396 1390 1344 
788 1339 1405 1404 1374 
789 1405 544 1406 1404 
790 1404 1406 1340 1407 
791 1372 1409 1408 1391 
792 1409 1374 1410 1408 
793 1408 1410 1338 1411 
794 1391 1408 1411 1375 
795 1390 1414 1412 1413 
796 1414 1372 1415 1412 
797 1412 1415 1391 1416 
798 1413 1412 1416 1388 
799 34 1434 1433 489 
800 1434 441 1435 1433 
801 1433 1435 485 1436 
802 489 1433 1436 73 
803 445 1438 1437 1377 
804 1438 34 1439 1437 
805 1437 1439 489 1440 
806 1377 1437 1440 488 
807 1442 445 1443 1441 
808 1441 1443 1377 1444 
809 1449 1451 699 1452 
810 1450 1449 1452 698 
811 1345 1460 1458 1459 
812 1460 563 1461 1458 
813 1458 1461 1347 1455 
814 1459 1458 1455 1346 
815 1462 1463 1382 1464 
816 1451 1462 1464 699 
817 1347 1466 1465 1456 
818 1466 1385 1467 1465 
819 1465 1467 1387 1468 
820 1456 1465 1468 545 
821 1455 1471 1469 1470 
822 1471 1347 1472 1469 
823 1469 1472 1456 1473 
824 738 1476 1474 1475 
825 1476 1346 1454 1474 
826 1474 1454 1348 1477 
827 1475 1474 1477 564 
828 1346 1480 1478 1479 
829 1480 1455 1470 1478 
830 1478 1470 1453 1481 
831 1479 1478 1481 1454 
832 1348 1457 1482 1483 
833 1457 545 1484 1482 
834 1482 1484 1451 1485 
835 1483 1482 1485 1449 
836 1453 1473 1486 1487 
837 1473 1456 1488 1486 
838 1486 1488 545 1489 
839 1487 1486 1489 1457 
840 1470 1492 1490 1491 
841 1492 1469 1493 1490 
842 1490 1493 1473 1494 
843 1491 1490 1494 1453 
844 1504 1505 1383 1506 
845 1463 1504 1506 1382 
846 1495 1509 1507 1508 
847 1509 1496 1510 1507 
848 1507 1510 449 1511 
849 1508 1507 1511 1497 
850 1512 1513 1498 1514 
851 1505 1512 1514 1383 
852 1500 1527 1526 1517 
853 1527 1502 1528 1526 
854 1526 1528 1403 1529 
855 1517 1526 1529 1503 
856 449 1518 1530 1531 
857 1518 1503 1532 1530 
858 1530 1532 1512 1533 
859 1531 1530 1533 1505 
860 1536 1517 1537 1534 
861 1534 1537 1503 1538 
862 1535 1534 1538 1518 
863 1510 1541 1539 1540 
864 1541 1515 1535 1539 
865 1539 1535 1518 1542 
866 1540 1539 1542 449 
867 447 1544 1543 725 
868 1544 86 1545 1543 
869 544 1550 1549 1406 
870 1550 1401 1551 1549 
871 1549 1551 1400 1501 
872 1406 1549 1501 1340 
873 1340 1554 1552 1553 
874 1554 1501 1555 1552 
875 1552 1555 1500 1516 
876 1553 1552 1516 1496 
877 1516 1558 1556 1557 
878 1558 1500 1559 1556 
879 1556 1559 1517 1536 
880 1557 1556 1536 1515 
881 1515 1562 1560 1561 
882 1562 1536 1563 1560 
883 1560 1563 1534 1564 
884 1561 1560 1564 1535 
885 1502 1569 1568 1528 
886 1569 1522 1570 1568 
887 1568 1570 1525 1571 
888 1403 1571 1572 1573 
889 1571 1525 1574 1572 
890 1572 1574 1565 1575 
891 1573 1572 1575 1513 
892 1528 1578 1576 1577 
893 1578 1568 1579 1576 
894 1576 1579 1571 1580 
895 1577 1576 1580 1403 
896 1524 1590 1588 1589 
897 1590 1581 1591 1588 
898 1588 1591 1584 1592 
899 1522 1594 1593 1570 
900 1594 1524 1589 1593 
901 1593 1589 1337 1595 
902 1570 1593 1595 1525 
903 1337 1592 1596 1597 
904 1592 1584 1598 1596 
905 1596 1598 1585 1599 
906 1597 1596 1599 1566 
907 1589 1602 1600 1601 
908 1602 1588 1603 1600 
909 1600 1603 1592 1604 
910 1601 1600 1604 1337 
911 49 1618 1617 444 
912 1618 438 1619 1617 
913 1617 1619 441 1434 
914 444 1617 1434 34 
915 442 1621 1620 1332 
916 1621 444 1622 1620 
917 1620 1622 34 1438 
918 1332 1620 1438 445 
919 1624 1332 1625 1623 
920 1623 1625 445 1442 
921 1605 1631 1629 1630 
922 1631 1607 1632 1629 
923 1430 1635 1633 1634 
924 1633 1636 1608 1637 
925 1634 1633 1637 1609 
926 1630 1643 1641 1642 
927 1643 1629 1644 1641 
928 1641 1644 1610 1635 
929 1642 1641 1635 1430 
930 1610 1650 1649 1636 
931 1650 1418 1651 1649 
932 1649 1651 1611 1652 
933 1636 1649 1652 1608 
934 1635 1655 1653 1654 
935 1655 1610 1656 1653 
936 1653 1656 1636 1657 
937 1654 1653 1657 1633 
938 1607 1659 1658 1632 
939 1659 1626 1660 1658 
940 1666 1442 1667 1665 
941 1665 1667 1441 1668 
942 1674 1623 1675 1673 
943 1673 1675 1442 1666 
944 1626 1677 1676 1660 
945 1677 1628 1678 1676 
946 1385 1685 1684 1467 
947 1685 1386 1686 1684 
948 1684 1686 1341 1687 
949 1467 1684 1687 1387 
950 1584 1692 1691 1598 
951 1691 1693 1586 1694 
952 1598 1691 1694 1585 
953 1581 1698 1697 1591 
954 1698 1583 1699 1697 
955 1697 1699 1423 1692 
956 1591 1697 1692 1584 
957 1423 1701 1700 1693 
958 1701 1689 1702 1700 
959 1700 1702 1688 1703 
960 1693 1700 1703 1586 
961 1692 1706 1704 1705 
962 1706 1423 1707 1704 
963 1704 1707 1693 1708 
964 1705 1704 1708 1691 
965 1689 1710 1709 1702 
966 1709 1711 1614 1712 
967 1702 1709 1712 1688 
968 1695 1715 1713 1714 
969 1715 1639 1716 1713 
970 1713 1716 50 1710 
971 1714 1713 1710 1689 
972 50 1718 1717 1711 
973 1718 1615 1719 1717 
974 1717 1719 1613 1720 
975 1711 1717 1720 1614 
976 1710 1723 1721 1722 
977 1723 50 1724 1721 
978 1721 1724 1711 1725 
979 1722 1721 1725 1709 
980 1615 1727 1726 1719 
981 1727 1430 1634 1726 
982 1726 1634 1609 1728 
983 1719 1726 1728 1613 
984 1646 1730 1729 1663 
985 1730 1446 1680 1729 
986 1729 1680 1647 1731 
987 1663 1729 1731 1645 
988 72 490 1732 820 
989 490 73 1733 1732 
990 1732 1733 44 1734 
991 820 1732 1734 74 
992 131 1378 1735 920 
993 1378 488 1736 1735 
994 1735 1736 490 1737 
995 920 1735 1737 72 
996 1738 1740 1378 1741 
997 1739 1738 1741 131 
998 1431 1648 1746 1747 
999 1648 1445 1748 1746 
1000 1746 1748 1448 1749 
1001 1747 1746 1749 1417 
1002 1611 1664 1750 1751 
1003 1664 1645 1752 1750 
1004 1750 1752 1648 1753 
1005 1751 1750 1753 1431 
1006 1756 1663 1757 1754 
1007 1754 1757 1645 1758 
1008 1755 1754 1758 1664 
1009 1651 1761 1759 1760 
1010 1761 1661 1755 1759 
1011 1759 1755 1664 1762 
1012 1760 1759 1762 1611 
1013 1632 1765 1763 1764 
1014 1765 1658 1766 1763 
1015 1763 1766 1646 1662 
1016 1764 1763 1662 1418 
1017 1662 1769 1767 1768 
1018 1769 1646 1770 1767 
1019 1767 1770 1663 1756 
1020 1768 1767 1756 1661 
1021 1661 1773 1771 1772 
1022 1773 1756 1774 1771 
1023 1771 1774 1754 1775 
1024 1772 1771 1775 1755 
1025 1445 1672 1776 1748 
1026 1672 1447 1777 1776 
1027 1776 1777 1419 1778 
1028 1748 1776 1778 1448 
1029 1647 1683 1779 1780 
1030 1683 1669 1781 1779 
1031 1779 1781 1672 1782 
1032 1780 1779 1782 1445 
1033 1680 1785 1783 1784 
1034 1783 1786 1683 1787 
1035 1784 1783 1787 1647 
1036 1660 1790 1788 1789 
1037 1790 1676 1791 1788 
1038 1788 1791 1670 1681 
1039 1789 1788 1681 1446 
1040 1446 1794 1792 1793 
1041 1794 1681 1795 1792 
1042 1792 1795 1679 1785 
1043 1793 1792 1785 1680 
1044 1333 1797 1796 1671 
1045 1797 1666 1798 1796 
1046 1796 1798 1665 1799 
1047 1671 1796 1799 1447 
1048 1670 1801 1800 1682 
1049 1801 1333 1802 1800 
1050 1800 1802 1671 1803 
1051 1682 1800 1803 1669 
1052 1679 1805 1804 1786 
1053 1805 1682 1806 1804 
1054 1804 1806 1669 1807 
1055 1786 1804 1807 1683 
1056 1785 1810 1808 1809 
1057 1810 1679 1811 1808 
1058 1808 1811 1786 1812 
1059 1809 1808 1812 1783 
1060 1814 700 1815 1813 
1061 1813 1815 925 1278 
1062 861 1817 1816 1059 
1063 1817 495 1818 1816 
1064 1816 1818 930 1819 
1065 1059 1816 1819 928 
1066 1057 1821 1820 1117 
1067 1821 1059 1822 1820 
1068 1820 1822 928 1823 
1069 1117 1820 1823 1060 
1070 928 1819 1824 1113 
1071 1819 930 1825 1824 
1072 1824 1825 856 1282 
1073 1113 1824 1282 931 
1074 1060 1823 1826 1141 
1075 1823 928 1827 1826 
1076 1826 1827 1113 1828 
1077 1141 1826 1828 1111 
1078 1832 1739 131 1833 
1079 923 1832 1833 493 
1080 492 1831 1837 1838 
1081 1831 1420 1839 1837 
1082 1837 1839 1738 1840 
1083 1838 1837 1840 1739 
1084 1830 1843 1841 1842 
1085 1843 1829 1844 1841 
1086 1841 1844 1831 1845 
1087 1842 1841 1845 492 
1088 1381 1836 1851 1852 
1089 1836 492 1838 1851 
1090 1851 1838 1739 1853 
1091 1852 1851 1853 1832 
1092 1835 1856 1854 1855 
1093 1856 1834 1857 1854 
1094 1854 1857 1836 1858 
1095 1855 1854 1858 1381 
1096 1 1861 1859 1860 
1097 1861 12 111 1859 
1098 1859 111 10 62 
1099 1860 1859 62 11 
1100 16 1863 1862 364 
1101 1863 2 1864 1862 
1102 1862 1864 17 435 
1103 364 1862 435 15 
1104 19 38 1865 1866 
1105 38 21 811 1865 
1106 1865 811 9 1867 
1107 1866 1865 1867 22 
1108 20 94 1868 1869 
1109 94 19 1866 1868 
1110 1868 1866 22 1870 
1111 1869 1868 1870 4 
1112 10 1873 1871 1872 
1113 1873 25 115 1871 
1114 1871 115 23 66 
1115 1872 1871 66 24 
1116 28 484 1874 812 
1117 484 29 1875 1874 
1118 1874 1875 3 1876 
1119 812 1874 1876 30 
1120 32 1878 1877 367 
1121 1878 15 1879 1877 
1122 1877 1879 33 439 
1123 367 1877 439 31 
1124 35 54 1880 1881 
1125 54 37 815 1880 
1126 1880 815 21 1882 
1127 1881 1880 1882 38 
1128 36 97 1883 1884 
1129 97 35 1881 1883 
1130 1883 1881 38 1885 
1131 1884 1883 1885 19 
1132 23 1888 1886 1887 
1133 1888 41 119 1886 
1134 1886 119 39 70 
1135 1887 1886 70 40 
1136 44 487 1889 816 
1137 487 45 1890 1889 
1138 1889 1890 28 1891 
1139 816 1889 1891 46 
1140 48 1893 1892 370 
1141 1893 31 1894 1892 
1142 1892 1894 49 443 
1143 370 1892 443 47 
1144 51 78 1895 1896 
1145 78 53 819 1895 
1146 1895 819 37 1897 
1147 1896 1895 1897 54 
1148 52 100 1898 1899 
1149 100 51 1896 1898 
1150 1898 1896 54 1900 
1151 1899 1898 1900 35 
1152 70 1903 1901 1902 
1153 1903 39 123 1901 
1154 1901 123 56 193 
1155 1902 1901 193 68 
1156 75 135 1904 1905 
1157 135 77 823 1904 
1158 1904 823 53 1906 
1159 1905 1904 1906 78 
1160 76 104 1907 1908 
1161 104 75 1905 1907 
1162 1907 1905 78 1909 
1163 1908 1907 1909 51 
1164 56 1912 1910 1911 
1165 1912 81 127 1910 
1166 1910 127 79 197 
1167 1911 1910 197 80 
1168 71 194 1913 1914 
1169 194 43 102 1913 
1170 1913 102 76 1915 
1171 1914 1913 1915 98 
1172 98 1915 1916 1917 
1173 1915 76 1908 1916 
1174 1916 1908 51 1918 
1175 1917 1916 1918 100 
1176 43 198 1919 1920 
1177 198 83 156 1919 
1178 1919 156 101 1921 
1179 1920 1919 1921 102 
1180 106 202 1922 1923 
1181 202 105 160 1922 
1182 1922 160 109 1924 
1183 1923 1922 1924 83 
1184 127 1927 1925 1926 
1185 1927 126 169 1925 
1186 1925 169 107 201 
1187 1926 1925 201 79 
1188 1928 1008 77 1930 
1189 1929 1928 1930 135 
1190 103 178 1931 1932 
1191 1931 1929 135 1933 
1192 1932 1931 1933 75 
1193 107 1936 1934 1935 
1194 1936 142 173 1934 
1195 1934 173 140 205 
1196 1935 1934 205 141 
1197 152 1938 1937 237 
1198 1938 137 262 1937 
1199 1937 262 153 1939 
1200 237 1937 1939 151 
1201 151 1939 1940 184 
1202 1939 153 1941 1940 
1203 1940 1941 136 1942 
1204 184 1940 1942 154 
1205 105 206 1943 1944 
1206 206 144 212 1943 
1207 1943 212 159 1945 
1208 1944 1943 1945 160 
1209 164 210 1946 1947 
1210 210 163 216 1946 
1211 1946 216 167 1948 
1212 1947 1946 1948 144 
1213 172 1951 1949 1950 
1214 1951 175 239 1949 
1215 1949 239 143 188 
1216 1950 1949 188 165 
1217 173 1954 1952 1953 
1218 1954 172 1950 1952 
1219 1952 1950 165 209 
1220 1953 1952 209 140 
1221 1955 280 176 1957 
1222 1956 1955 1957 157 
1223 154 1942 1958 225 
1224 1942 136 328 1958 
1225 1958 328 180 1959 
1226 225 1958 1959 179 
1227 179 1959 1960 1961 
1228 1959 180 305 1960 
1229 1960 305 139 1962 
1230 1961 1960 1962 181 
1231 161 226 1963 1964 
1232 226 179 1961 1963 
1233 1963 1961 181 1965 
1234 1964 1963 1965 59 
1235 143 242 1966 189 
1236 242 183 1967 1966 
1237 1966 1967 182 1968 
1238 189 1966 1968 166 
1239 166 1968 1969 217 
1240 1968 182 1970 1969 
1241 1969 1970 185 229 
1242 217 1969 229 108 
1243 167 218 1971 1972 
1244 218 108 228 1971 
1245 1971 228 213 1973 
1246 1972 1971 1973 211 
1247 153 265 1974 1941 
1248 265 251 1975 1974 
1249 1974 1975 254 329 
1250 1941 1974 329 136 
1251 150 1977 1976 260 
1252 1977 255 378 1976 
1253 1976 378 248 313 
1254 260 1976 313 88 
1255 275 1979 1978 297 
1256 1979 277 582 1978 
1257 1978 582 250 1980 
1258 297 1978 1980 278 
1259 139 307 1981 1982 
1260 307 268 338 1981 
1261 1981 338 279 1983 
1262 1982 1981 1983 280 
1263 284 311 1984 1985 
1264 311 283 342 1984 
1265 1984 342 287 1986 
1266 1985 1984 1986 268 
1267 91 298 1987 339 
1268 298 278 1988 1987 
1269 1987 1988 292 1989 
1270 339 1987 1989 281 
1271 278 1980 1990 1988 
1272 1980 250 1991 1990 
1273 1990 1991 293 1992 
1274 1988 1990 1992 292 
1275 308 336 1993 1994 
1276 336 300 346 1993 
1277 1993 346 283 1995 
1278 1994 1993 1995 311 
1279 358 393 1996 1997 
1280 393 360 1998 1996 
1281 1996 1998 249 413 
1282 1997 1996 413 361 
1283 314 385 1999 2000 
1284 385 358 1997 1999 
1285 1999 1997 361 2001 
1286 2000 1999 2001 247 
1287 374 2003 2002 429 
1288 2003 376 2004 2002 
1289 2002 2004 243 455 
1290 429 2002 455 355 
1291 387 2006 2005 432 
1292 2006 355 2007 2005 
1293 2005 2007 388 460 
1294 432 2005 460 386 
1295 360 433 2008 1998 
1296 433 386 459 2008 
1297 2008 459 389 2009 
1298 1998 2008 2009 249 
1299 247 2001 2010 2011 
1300 2001 361 412 2010 
1301 2010 412 394 583 
1302 2011 2010 583 277 
1303 249 2009 2015 414 
1304 2009 389 2016 2015 
1305 2015 2016 400 419 
1306 414 2015 419 395 
1307 389 462 2017 2016 
1308 462 354 2018 2017 
1309 2017 2018 401 467 
1310 2016 2017 467 400 
1311 250 584 2019 1991 
1312 584 396 2020 2019 
1313 2019 2020 403 2021 
1314 1991 2019 2021 293 
1315 396 410 2022 2020 
1316 410 5 2023 2022 
1317 2022 2023 404 2024 
1318 2020 2022 2024 403 
1319 5 421 2025 2023 
1320 421 402 2026 2025 
1321 2025 2026 415 2027 
1322 2023 2025 2027 404 
1323 402 469 2028 2026 
1324 469 357 2029 2028 
1325 2028 2029 416 2030 
1326 2026 2028 2030 415 
1327 31 2032 2031 1894 
1328 2032 439 2033 2031 
1329 2031 2033 438 1618 
1330 1894 2031 1618 49 
1331 47 2035 2034 722 
1332 2035 443 2036 2034 
1333 2034 2036 442 1331 
1334 722 2034 1331 86 
1335 443 2038 2037 2036 
1336 2038 49 2039 2037 
1337 2037 2039 444 1621 
1338 2036 2037 1621 442 
1339 388 2041 2040 461 
1340 2041 454 478 2040 
1341 2040 478 457 2042 
1342 461 2040 2042 354 
1343 354 2042 2043 2018 
1344 2042 457 509 2043 
1345 2043 509 463 2044 
1346 2018 2043 2044 401 
1347 401 2044 2045 468 
1348 2044 463 504 2045 
1349 2045 504 465 2046 
1350 468 2045 2046 357 
1351 376 2048 2047 2004 
1352 2048 470 2049 2047 
1353 2047 2049 451 474 
1354 2004 2047 474 243 
1355 473 2051 2050 541 
1356 2051 475 2052 2050 
1357 2050 2052 450 649 
1358 541 2050 649 476 
1359 73 1436 2053 1733 
1360 1436 485 2054 2053 
1361 2053 2054 487 2055 
1362 1733 2053 2055 44 
1363 488 1440 2056 1736 
1364 1440 489 2057 2056 
1365 2056 2057 73 2058 
1366 1736 2056 2058 490 
1367 357 2046 2059 2029 
1368 2046 465 2060 2059 
1369 2059 2060 500 2061 
1370 2029 2059 2061 416 
1371 465 507 2062 2060 
1372 2060 2062 2063 500 
1373 500 2063 2064 2065 
1374 2065 2064 2066 502 
1375 416 2061 2067 2068 
1376 2061 500 2065 2067 
1377 2067 2065 502 2069 
1378 2068 2067 2069 397 
1379 503 522 2070 2071 
1380 2071 2070 2072 507 
1381 518 538 2073 2074 
1382 538 521 594 2073 
1383 2073 594 506 2075 
1384 2074 2073 2075 522 
1385 510 2077 2076 529 
1386 2077 523 651 2076 
1387 2076 651 515 531 
1388 529 2076 531 464 
1389 464 2079 2078 537 
1390 2079 531 2080 2078 
1391 2078 2080 530 595 
1392 537 2078 595 521 
1393 531 2082 2081 2080 
1394 2082 515 655 2081 
1395 2081 655 532 614 
1396 2080 2081 614 530 
1397 550 2085 2083 2084 
1398 2085 552 1318 2083 
1399 2083 1318 452 566 
1400 2084 2083 566 547 
1401 475 2087 2086 2052 
1402 2087 550 2084 2086 
1403 2086 2084 547 555 
1404 2052 2086 555 450 
1405 566 2090 2088 2089 
1406 2090 452 1322 2088 
1407 2088 1322 567 734 
1408 2089 2088 734 565 
1409 573 2092 2091 778 
1410 2092 572 690 2091 
1411 2091 690 575 2093 
1412 778 2091 2093 453 
1413 246 592 2094 2095 
1414 2095 2094 2096 586 
1415 586 2096 2097 2098 
1416 2098 2097 2099 501 
1417 506 597 2100 2101 
1418 597 533 626 2100 
1419 2100 626 589 2102 
1420 2101 2100 2102 590 
1421 589 627 2103 2104 
1422 627 591 793 2103 
1423 2103 793 517 2105 
1424 2104 2103 2105 592 
1425 590 2102 2106 2107 
1426 2102 589 2104 2106 
1427 2106 2104 592 2108 
1428 2107 2106 2108 246 
1429 497 2110 2109 603 
1430 2110 599 2111 2109 
1431 2109 2111 598 758 
1432 603 2109 758 516 
1433 599 2113 2112 2111 
1434 2113 498 2114 2112 
1435 2112 2114 573 777 
1436 2111 2112 777 598 
1437 614 2117 2115 2116 
1438 2117 532 659 2115 
1439 2115 659 609 630 
1440 2116 2115 630 613 
1441 630 2120 2118 2119 
1442 2120 609 663 2118 
1443 2118 663 621 646 
1444 2119 2118 646 628 
1445 525 2122 2121 653 
1446 2122 648 2123 2121 
1447 2121 2123 599 2110 
1448 653 2121 2110 497 
1449 671 742 2124 705 
1450 742 672 2125 2124 
1451 2124 2125 87 2126 
1452 705 2124 2126 673 
1453 453 2093 2127 804 
1454 2093 575 771 2127 
1455 2127 771 685 2128 
1456 804 2127 2128 686 
1457 686 2128 2129 877 
1458 2128 685 869 2129 
1459 2129 869 688 2130 
1460 877 2129 2130 512 
1461 673 2126 2135 763 
1462 2126 87 2136 2135 
1463 2135 2136 702 2137 
1464 763 2135 2137 701 
1465 701 2137 2138 864 
1466 2137 702 2139 2138 
1467 2138 2139 570 2140 
1468 864 2138 2140 703 
1469 574 710 2141 713 
1470 710 681 2142 2141 
1471 2141 2142 704 767 
1472 713 2141 767 691 
1473 730 2144 2143 1324 
1474 2144 562 1364 2143 
1475 2143 1364 731 1355 
1476 1324 2143 1355 729 
1477 732 1356 2145 745 
1478 1356 561 2146 2145 
1479 2145 2146 738 2147 
1480 745 2145 2147 737 
1481 737 2147 2148 2149 
1482 2147 738 1475 2148 
1483 2148 1475 564 2150 
1484 2149 2148 2150 739 
1485 672 746 2151 2125 
1486 746 737 2149 2151 
1487 2151 2149 739 2152 
1488 2125 2151 2152 87 
1489 735 1329 2153 2154 
1490 1329 747 2155 2153 
1491 2153 2155 744 752 
1492 2154 2153 752 548 
1493 762 799 2156 2157 
1494 799 761 2158 2156 
1495 2156 2158 764 873 
1496 2157 2156 873 687 
1497 770 802 2159 2160 
1498 802 762 2157 2159 
1499 2159 2157 687 2161 
1500 2160 2159 2161 772 
1501 499 2164 2162 2163 
1502 2164 760 807 2162 
1503 2162 807 780 848 
1504 2163 2162 848 781 
1505 789 2167 2165 2166 
1506 2167 781 847 2165 
1507 2165 847 587 894 
1508 2166 2165 894 791 
1509 839 891 2168 2169 
1510 891 838 909 2168 
1511 2168 909 841 973 
1512 2169 2168 973 511 
1513 703 2140 2170 898 
1514 2140 570 2171 2170 
1515 2170 2171 860 2172 
1516 898 2170 2172 858 
1517 858 2172 2173 934 
1518 2172 860 2174 2173 
1519 2173 2174 495 1817 
1520 934 2173 1817 861 
1521 512 2130 2175 941 
1522 2130 688 913 2175 
1523 2175 913 866 2176 
1524 941 2175 2176 836 
1525 836 2176 2177 979 
1526 2176 866 992 2177 
1527 2177 992 867 2178 
1528 979 2177 2178 494 
1529 772 2161 2179 2180 
1530 2161 687 872 2179 
1531 2179 872 863 2181 
1532 2180 2179 2181 868 
1533 868 2181 2182 2183 
1534 2181 863 901 2182 
1535 2182 901 569 2184 
1536 2183 2182 2184 870 
1537 501 2099 2185 2186 
1538 2186 2185 2187 884 
1539 884 2187 2188 2189 
1540 2189 2188 2190 398 
1541 886 895 2191 2192 
1542 895 839 2169 2191 
1543 2191 2169 511 2193 
1544 2192 2191 2193 888 
1545 870 2184 2194 2195 
1546 2184 569 916 2194 
1547 2194 916 897 2196 
1548 2195 2194 2196 912 
1549 912 2196 2197 2198 
1550 2196 897 937 2197 
1551 2197 937 859 2199 
1552 2198 2197 2199 914 
1553 2200 2201 923 2202 
1554 1275 2200 2202 922 
1555 2204 940 2205 2203 
1556 2203 2205 942 999 
1557 952 1052 2206 2207 
1558 2207 2206 2208 513 
1559 955 2210 2209 987 
1560 2210 957 2211 2209 
1561 2209 2211 834 1004 
1562 987 2209 1004 958 
1563 888 2193 2212 2213 
1564 2193 511 972 2212 
1565 2212 972 905 2214 
1566 2213 2212 2214 959 
1567 959 2214 2215 2216 
1568 2214 905 963 2215 
1569 2215 963 835 2217 
1570 2216 2215 2217 961 
1571 962 977 2218 2219 
1572 977 956 986 2218 
1573 2218 986 907 2220 
1574 2219 2218 2220 965 
1575 907 988 2221 2222 
1576 988 958 1003 2221 
1577 2221 1003 981 1055 
1578 2222 2221 1055 982 
1579 494 2178 2223 1029 
1580 2178 867 1066 2223 
1581 2223 1066 989 1144 
1582 1029 2223 1144 949 
1583 914 2199 2224 2225 
1584 2199 859 995 2224 
1585 2224 995 933 2226 
1586 2225 2224 2226 991 
1587 991 2226 2227 2228 
1588 2226 933 1062 2227 
1589 2227 1062 571 2229 
1590 2228 2227 2229 993 
1591 834 2231 2230 1005 
1592 2231 999 2232 2230 
1593 2230 2232 998 1035 
1594 1005 2230 1035 983 
1595 2233 1085 827 2235 
1596 2234 2233 2235 1007 
1597 502 2066 2236 2237 
1598 2237 2236 2238 1010 
1599 1010 2238 2239 2240 
1600 2240 2239 2241 1012 
1601 513 2208 2248 2249 
1602 2249 2248 2250 1017 
1603 1017 2250 2251 2252 
1604 2252 2251 2253 948 
1605 951 1056 2254 2255 
1606 1056 984 1039 2254 
1607 2254 1039 1020 2256 
1608 2255 2254 2256 1021 
1609 1020 1041 2257 2258 
1610 1041 1022 2259 2257 
1611 2257 2259 837 1081 
1612 2258 2257 1081 1023 
1613 1021 2256 2260 2261 
1614 2256 1020 2258 2260 
1615 2260 2258 1023 2262 
1616 2261 2260 2262 954 
1617 2264 1029 2265 2263 
1618 2263 2265 949 1147 
1619 953 1037 2266 1040 
1620 1037 1001 2267 2266 
1621 2266 2267 1031 2268 
1622 1040 2266 2268 1022 
1623 1022 2268 2269 2259 
1624 2268 1031 2270 2269 
1625 2269 2270 1033 2271 
1626 2259 2269 2271 837 
1627 961 2217 2272 2273 
1628 2217 835 1051 2272 
1629 2272 1051 952 2274 
1630 2273 2272 2274 1047 
1631 1047 2274 2275 2276 
1632 2274 952 2207 2275 
1633 2275 2207 513 2277 
1634 2276 2275 2277 1049 
1635 965 2220 2278 2279 
1636 2220 907 2222 2278 
1637 2278 2222 982 2280 
1638 2279 2278 2280 1050 
1639 1050 2280 2281 2282 
1640 2280 982 1054 2281 
1641 2281 1054 951 2283 
1642 2282 2281 2283 1052 
1643 935 2285 2284 1070 
1644 2285 861 2286 2284 
1645 2284 2286 1059 1821 
1646 1070 2284 1821 1057 
1647 993 2229 2287 2288 
1648 2229 571 1069 2287 
1649 2287 1069 1058 2289 
1650 2288 2287 2289 1065 
1651 1065 2289 2290 2291 
1652 2289 1058 1116 2290 
1653 2290 1116 929 2292 
1654 2291 2290 2292 1067 
1655 954 2262 2293 2294 
1656 2262 1023 1080 2293 
1657 2293 1080 1072 2295 
1658 2294 2293 2295 1073 
1659 1073 2295 2296 2297 
1660 2295 1072 1101 2296 
1661 2296 1101 1075 2298 
1662 2297 2296 2298 1016 
1663 837 2271 2299 1082 
1664 2271 1033 2300 2299 
1665 2299 2300 1076 2301 
1666 1082 2299 2301 1074 
1667 1074 2301 2302 1102 
1668 2301 1076 2303 2302 
1669 2302 2303 1078 2304 
1670 1102 2302 2304 1018 
1671 948 2253 2305 2306 
1672 2306 2305 2307 1093 
1673 1093 2307 2308 2309 
1674 2309 2308 2310 830 
1675 496 1135 2311 2312 
1676 1135 857 1295 2311 
1677 2311 1295 1104 2313 
1678 2312 2311 2313 1086 
1679 1107 1284 2314 1300 
1680 1284 1109 2315 2314 
1681 2314 2315 270 2316 
1682 1300 2314 2316 1110 
1683 1111 1828 2317 1225 
1684 1828 1113 2318 2317 
1685 2317 2318 931 1286 
1686 1225 2317 1286 1114 
1687 1018 2304 2319 2320 
1688 2304 1078 2321 2319 
1689 2319 2321 1122 1131 
1690 2320 2319 1131 1098 
1691 947 1133 2322 2323 
1692 1133 1124 2324 2322 
1693 2322 2324 1125 1168 
1694 2323 2322 1168 1126 
1695 1124 2326 2325 2324 
1696 2326 1030 2327 2325 
1697 2325 2327 1127 1160 
1698 2324 2325 1160 1125 
1699 1134 1269 2328 2329 
1700 1269 1108 1299 2328 
1701 2328 1299 857 2330 
1702 2329 2328 2330 1135 
1703 1090 1237 2331 2332 
1704 1237 1134 2329 2331 
1705 2331 2329 1135 2333 
1706 2332 2331 2333 496 
1707 1067 2292 2334 2335 
1708 2292 929 1140 2334 
1709 2334 1140 1112 2336 
1710 2335 2334 2336 1136 
1711 1136 2336 2337 2338 
1712 2336 1112 1224 2337 
1713 2337 1224 855 2339 
1714 2338 2337 2339 1138 
1715 1030 2341 2340 2327 
1716 2341 1147 2342 2340 
1717 2340 2342 1146 1183 
1718 2327 2340 1183 1127 
1719 1162 1189 2343 1204 
1720 1189 1119 2344 2343 
1721 2343 2344 1175 1261 
1722 1204 2343 1261 1173 
1723 1174 1205 2345 2346 
1724 1205 1173 1260 2345 
1725 2345 1260 1176 1255 
1726 2346 2345 1255 1154 
1727 2347 1194 1089 2349 
1728 2348 2347 2349 1190 
1729 1095 1198 2350 2351 
1730 1198 950 1228 2350 
1731 2350 1228 1151 2352 
1732 2351 2350 2352 1193 
1733 1169 1214 2353 2354 
1734 1214 1128 1203 2353 
1735 2353 1203 1174 2355 
1736 2354 2353 2355 1199 
1737 1199 2355 2356 2357 
1738 2355 1174 2346 2356 
1739 2356 2346 1154 2358 
1740 2357 2356 2358 1201 
1741 1201 2358 2359 2360 
1742 2358 1154 1254 2359 
1743 2359 1254 1232 2361 
1744 2360 2359 2361 1250 
1745 1138 2339 2362 2363 
1746 2339 855 1271 2362 
1747 2362 1271 1220 2364 
1748 2363 2362 2364 1268 
1749 1268 2364 2365 2366 
1750 2364 1220 1303 2365 
1751 2365 1303 1108 2367 
1752 2366 2365 2367 1269 
1753 270 1280 2368 1296 
1754 1280 927 2369 2368 
1755 2368 2369 1274 2370 
1756 1296 2368 2370 1105 
1757 86 2372 2371 1545 
1758 2372 1331 2373 2371 
1759 2371 2373 1330 1427 
1760 1331 2375 2374 2373 
1761 2375 442 2376 2374 
1762 2374 2376 1332 1624 
1763 2373 2374 1624 1330 
1764 2378 448 2379 2377 
1765 1343 2381 2380 1366 
1766 2381 542 1397 2380 
1767 2380 1397 1344 2382 
1768 1366 2380 2382 1342 
1769 1342 2382 2383 1352 
1770 2382 1344 1389 2383 
1771 2383 1389 563 1460 
1772 1352 2383 1460 1345 
1773 561 1353 2384 2146 
1774 1353 1345 1459 2384 
1775 2384 1459 1346 1476 
1776 2146 2384 1476 738 
1777 1357 2386 2385 1395 
1778 2386 1359 2387 2385 
1779 2385 2387 544 1405 
1780 1395 2385 1405 1339 
1781 1373 2389 2388 1399 
1782 2389 1339 2390 2388 
1783 2388 2390 1374 1409 
1784 1399 2388 1409 1372 
1785 1444 1377 2392 2391 
1786 2391 2392 488 2393 
1787 1740 2391 2393 1378 
1788 563 1392 2394 1461 
1789 1392 1375 2395 2394 
1790 2394 2395 1385 1466 
1791 1461 2394 1466 1347 
1792 1375 1411 2396 2395 
1793 1411 1338 2397 2396 
1794 2396 2397 1386 1685 
1795 2395 2396 1685 1385 
1796 1401 2399 2398 1551 
1797 2399 1334 2400 2398 
1798 2398 2400 1402 1523 
1799 1551 2398 1523 1400 
1800 448 2402 2401 2379 
1801 2402 1427 2403 2401 
1802 2401 2403 1426 1606 
1803 1427 2405 2404 2403 
1804 2405 1330 2406 2404 
1805 2404 2406 1428 1627 
1806 2403 2404 1627 1426 
1807 1429 1612 2407 2408 
1808 1612 1431 1747 2407 
1809 2407 1747 1417 2409 
1810 2408 2407 2409 1432 
1811 1424 1616 2410 2411 
1812 1616 1429 2408 2410 
1813 2410 2408 1432 2412 
1814 2411 2410 2412 1380 
1815 1668 1441 2414 2413 
1816 2413 2414 1444 2415 
1817 564 1477 2416 2417 
1818 1477 1348 1483 2416 
1819 2416 1483 1449 2418 
1820 2417 2416 2418 1450 
1821 1454 1481 2419 2420 
1822 1481 1453 1487 2419 
1823 2419 1487 1457 2421 
1824 2420 2419 2421 1348 
1825 545 1468 2422 1484 
1826 1468 1387 2423 2422 
1827 2422 2423 1462 2424 
1828 1484 2422 2424 1451 
1829 1387 1687 2425 2423 
1830 1687 1341 2426 2425 
1831 2425 2426 1463 2427 
1832 2423 2425 2427 1462 
1833 1407 2430 2428 2429 
1834 2430 1340 1553 2428 
1835 2428 1553 1496 1509 
1836 2429 2428 1509 1495 
1837 1386 2432 2431 1686 
1838 2432 1495 1508 2431 
1839 2431 1508 1497 2433 
1840 1686 2431 2433 1341 
1841 1501 2435 2434 1555 
1842 2435 1400 2436 2434 
1843 2434 2436 1502 1527 
1844 1555 2434 1527 1500 
1845 1341 2433 2437 2426 
1846 2433 1497 2438 2437 
1847 2437 2438 1504 2439 
1848 2426 2437 2439 1463 
1849 1497 1511 2440 2438 
1850 1511 449 1531 2440 
1851 2440 1531 1505 2441 
1852 2438 2440 2441 1504 
1853 1503 1529 2442 1532 
1854 1529 1403 1573 2442 
1855 2442 1573 1513 2443 
1856 1532 2442 2443 1512 
1857 1496 2446 2444 2445 
1858 2446 1516 1557 2444 
1859 2444 1557 1515 1541 
1860 2445 2444 1541 1510 
1861 1334 2448 2447 2400 
1862 2448 1520 2449 2447 
1863 2447 2449 1519 1582 
1864 2400 2447 1582 1402 
1865 1520 2451 2450 2449 
1866 2451 1336 2452 2450 
1867 2450 2452 1521 1696 
1868 2449 2450 1696 1519 
1869 1400 2454 2453 2436 
1870 2454 1523 2455 2453 
1871 2453 2455 1522 1569 
1872 2436 2453 1569 1502 
1873 1523 2457 2456 2455 
1874 2457 1402 2458 2456 
1875 2456 2458 1524 1594 
1876 2455 2456 1594 1522 
1877 1359 2460 2459 2387 
1878 2460 1546 2461 2459 
1879 2459 2461 1401 1550 
1880 2387 2459 1550 544 
1881 1525 1595 2462 1574 
1882 1595 1337 1597 2462 
1883 2462 1597 1566 2463 
1884 1574 2462 2463 1565 
1885 1402 2465 2464 2458 
1886 2465 1582 2466 2464 
1887 2464 2466 1581 1590 
1888 2458 2464 1590 1524 
1889 1582 2468 2467 2466 
1890 2468 1519 2469 2467 
1891 2467 2469 1583 1698 
1892 2466 2467 1698 1581 
1893 1336 2471 2470 2452 
1894 2471 1606 2472 2470 
1895 2470 2472 1605 1640 
1896 2452 2470 1640 1521 
1897 1606 2474 2473 2472 
1898 2474 1426 2475 2473 
1899 2473 2475 1607 1631 
1900 2472 2473 1631 1605 
1901 1608 1652 2476 2477 
1902 1652 1611 1751 2476 
1903 2476 1751 1431 2478 
1904 2477 2476 2478 1612 
1905 1609 1637 2479 2480 
1906 1637 1608 2477 2479 
1907 2479 2477 1612 2481 
1908 2480 2479 2481 1429 
1909 1613 1728 2482 2483 
1910 1728 1609 2480 2482 
1911 2482 2480 1429 2484 
1912 2483 2482 2484 1616 
1913 1614 1720 2485 2486 
1914 1720 1613 2483 2485 
1915 2485 2483 1616 2487 
1916 2486 2485 2487 1424 
1917 1330 2489 2488 2406 
1918 2489 1624 2490 2488 
1919 2488 2490 1623 1674 
1920 2406 2488 1674 1428 
1921 1426 2492 2491 2475 
1922 2492 1627 2493 2491 
1923 2491 2493 1626 1659 
1924 2475 2491 1659 1607 
1925 1627 2495 2494 2493 
1926 2495 1428 2496 2494 
1927 2494 2496 1628 1677 
1928 2493 2494 1677 1626 
1929 1629 2498 2497 1644 
1930 2498 1632 1764 2497 
1931 2497 1764 1418 1650 
1932 1644 2497 1650 1610 
1933 1638 2501 2499 2500 
1934 2501 1630 1642 2499 
1935 2499 1642 1430 1727 
1936 2500 2499 1727 1615 
1937 1639 2503 2502 1716 
1938 2503 1638 2500 2502 
1939 2502 2500 1615 1718 
1940 1716 2502 1718 50 
1941 1645 1731 2504 1752 
1942 1731 1647 1780 2504 
1943 2504 1780 1445 2505 
1944 1752 2504 2505 1648 
1945 1658 2507 2506 1766 
1946 2507 1660 1789 2506 
1947 2506 1789 1446 1730 
1948 1766 2506 1730 1646 
1949 1418 2510 2508 2509 
1950 2510 1662 1768 2508 
1951 2508 1768 1661 1761 
1952 2509 2508 1761 1651 
1953 1447 1799 2511 1777 
1954 1799 1665 2512 2511 
1955 2511 2512 1668 2513 
1956 1777 2511 2513 1419 
1957 1669 1803 2514 1781 
1958 1803 1671 2515 2514 
1959 2514 2515 1447 2516 
1960 1781 2514 2516 1672 
1961 1628 2518 2517 1678 
1962 2518 1673 2519 2517 
1963 2517 2519 1666 1797 
1964 1678 2517 1797 1333 
1965 1676 2521 2520 1791 
1966 2521 1678 2522 2520 
1967 2520 2522 1333 1801 
1968 1791 2520 1801 1670 
1969 1681 2524 2523 1795 
1970 2524 1670 2525 2523 
1971 2523 2525 1682 1805 
1972 1795 2523 1805 1679 
1973 1421 1690 2526 2527 
1974 1690 1424 2411 2526 
1975 2526 2411 1380 2528 
1976 2527 2526 2528 1425 
1977 1688 1712 2529 2530 
1978 1712 1614 2486 2529 
1979 2529 2486 1424 2531 
1980 2530 2529 2531 1690 
1981 1586 1703 2532 2533 
1982 1703 1688 2530 2532 
1983 2532 2530 1690 2534 
1984 2533 2532 2534 1421 
1985 1583 2536 2535 1699 
1986 2536 1695 1714 2535 
1987 2535 1714 1689 1701 
1988 1699 2535 1701 1423 
1989 1420 1745 2537 1839 
1990 1745 1376 2538 2537 
1991 2537 2538 1740 2539 
1992 1839 2537 2539 1738 
1993 1380 2412 2540 2541 
1994 2412 1432 2542 2540 
1995 2540 2542 1829 1843 
1996 2541 2540 1843 1830 
1997 1432 2409 2543 2542 
1998 2409 1417 2544 2543 
1999 2543 2544 1743 2545 
2000 2542 2543 2545 1829 
2001 1829 2545 2546 1844 
2002 2545 1743 2547 2546 
2003 2546 2547 1420 2548 
2004 1844 2546 2548 1831 
2005 2549 1852 1832 2550 
2006 2201 2549 2550 923 
2007 1425 2528 2551 2552 
2008 2528 1380 2541 2551 
2009 2551 2541 1830 2553 
2010 2552 2551 2553 1834 
2011 1834 2553 2554 1857 
2012 2553 1830 1842 2554 
2013 2554 1842 492 2555 
2014 1857 2554 2555 1836 
2015 101 158 2556 2557 
2016 158 103 1932 2556 
2017 2556 1932 75 2558 
2018 2557 2556 2558 104 
2019 102 1921 2559 2560 
2020 1921 101 2557 2559 
2021 2559 2557 104 2561 
2022 2560 2559 2561 76 
2023 109 162 2562 2563 
2024 2562 1956 157 2564 
2025 2563 2562 2564 155 
2026 159 214 2565 2566 
2027 214 161 1964 2565 
2028 2565 1964 59 2567 
2029 2566 2565 2567 162 
2030 160 1945 2568 2569 
2031 1945 159 2566 2568 
2032 2568 2566 162 2570 
2033 2569 2568 2570 109 
2034 144 1948 2571 2572 
2035 1948 167 1972 2571 
2036 2571 1972 211 2573 
2037 2572 2571 2573 212 
2038 251 2575 2574 1975 
2039 2575 253 2576 2574 
2040 2574 2576 138 290 
2041 1975 2574 290 254 
2042 272 405 2577 2578 
2043 2578 2577 2579 274 
2044 177 294 2580 2581 
2045 294 272 2578 2580 
2046 2580 2578 274 2582 
2047 2581 2580 2582 133 
2048 276 2584 2583 317 
2049 2584 247 2011 2583 
2050 2583 2011 277 1979 
2051 317 2583 1979 275 
2052 312 2587 2585 2586 
2053 2587 314 2000 2585 
2054 2585 2000 247 2584 
2055 2586 2585 2584 276 
2056 253 2589 2588 2576 
2057 2589 312 2586 2588 
2058 2588 2586 276 316 
2059 2576 2588 316 138 
2060 415 2030 2590 2591 
2061 2030 416 2068 2590 
2062 2590 2068 397 2592 
2063 2591 2590 2592 417 
2064 404 2027 2593 2594 
2065 2027 415 2591 2593 
2066 2593 2591 417 2595 
2067 2594 2593 2595 273 
2068 355 2597 2596 2007 
2069 2597 455 2598 2596 
2070 2596 2598 454 2041 
2071 2007 2596 2041 388 
2072 455 2600 2599 2598 
2073 2600 243 2601 2599 
2074 2599 2601 456 479 
2075 2598 2599 479 454 
2076 470 2603 2602 2049 
2077 2603 472 2604 2602 
2078 2602 2604 245 551 
2079 2049 2602 551 451 
2080 243 2606 2605 2601 
2081 2606 474 2607 2605 
2082 2605 2607 473 540 
2083 2601 2605 540 456 
2084 474 2609 2608 2607 
2085 2609 451 2610 2608 
2086 2608 2610 475 2051 
2087 2607 2608 2051 473 
2088 451 2612 2611 2610 
2089 2612 551 2613 2611 
2090 2611 2613 550 2087 
2091 2610 2611 2087 475 
2092 551 2615 2614 2613 
2093 2615 245 2616 2614 
2094 2614 2616 552 2085 
2095 2613 2614 2085 550 
2096 547 2619 2617 2618 
2097 2619 566 2089 2617 
2098 2617 2089 565 675 
2099 2618 2617 675 556 
2100 498 2621 2620 2114 
2101 2621 557 683 2620 
2102 2620 683 572 2092 
2103 2114 2620 2092 573 
2104 648 2623 2622 2123 
2105 2623 554 2624 2622 
2106 2622 2624 498 2113 
2107 2123 2622 2113 599 
2108 698 1452 2625 2134 
2109 1452 699 2626 2625 
2110 2625 2626 558 2627 
2111 2134 2625 2627 700 
2112 472 2629 2628 2604 
2113 2629 723 2630 2628 
2114 2628 2630 543 727 
2115 2604 2628 727 245 
2116 245 2632 2631 2616 
2117 2632 727 2633 2631 
2118 2631 2633 726 1319 
2119 2616 2631 1319 552 
2120 727 2635 2634 2633 
2121 2635 543 2636 2634 
2122 2634 2636 728 1361 
2123 2633 2634 1361 726 
2124 606 2639 2637 2638 
2125 2639 757 785 2637 
2126 2637 785 760 2164 
2127 2638 2637 2164 499 
2128 607 2642 2640 2641 
2129 2642 499 2163 2640 
2130 2640 2163 781 2167 
2131 2641 2640 2167 789 
2132 700 2627 2643 1815 
2133 2627 558 2644 2643 
2134 2643 2644 926 2645 
2135 1815 2643 2645 925 
2136 925 2645 2646 1279 
2137 2645 926 2647 2646 
2138 2646 2647 560 2648 
2139 1279 2646 2648 927 
2140 932 2650 2649 1063 
2141 2650 934 2651 2649 
2142 2649 2651 861 2285 
2143 1063 2649 2285 935 
2144 756 2653 2652 945 
2145 2653 878 2654 2652 
2146 2652 2654 940 2204 
2147 945 2652 2204 906 
2148 946 2656 2655 969 
2149 2656 906 2657 2655 
2150 2655 2657 957 2210 
2151 969 2655 2210 955 
2152 134 2014 2658 2659 
2153 2658 2234 1007 2660 
2154 2659 2658 2660 1008 
2155 397 2069 2661 2662 
2156 2069 502 2237 2661 
2157 2661 2237 1010 2663 
2158 2662 2661 2663 1011 
2159 1011 2663 2664 2665 
2160 2663 1010 2240 2664 
2161 2664 2240 1012 2666 
2162 2665 2664 2666 399 
2163 398 2190 2667 2668 
2164 2668 2667 2669 1014 
2165 1014 2669 2670 2671 
2166 2671 2670 2672 831 
2167 980 2674 2673 1077 
2168 2674 494 2675 2673 
2169 2673 2675 1029 2264 
2170 1077 2673 2264 1028 
2171 833 1091 2676 2677 
2172 1091 496 2312 2676 
2173 2676 2312 1086 2678 
2174 2677 2676 2678 1084 
2175 1088 1153 2679 2680 
2176 1153 1090 2332 2679 
2177 2679 2332 496 2681 
2178 2680 2679 2681 1091 
2179 1089 1195 2682 2683 
2180 1195 1088 2680 2682 
2181 2682 2680 1091 2684 
2182 2683 2682 2684 833 
2183 1075 1103 2685 2686 
2184 1103 1018 2320 2685 
2185 2685 2320 1098 2687 
2186 2686 2685 2687 1096 
2187 1096 2687 2688 2689 
2188 2687 1098 1130 2688 
2189 2688 1130 947 2690 
2190 2689 2688 2690 1099 
2191 1122 2692 2691 1132 
2192 2692 1123 2693 2691 
2193 2691 2693 1030 2326 
2194 1132 2691 2326 1124 
2195 1099 2690 2694 2695 
2196 2690 947 2323 2694 
2197 2694 2323 1126 2696 
2198 2695 2694 2696 1163 
2199 1163 2696 2697 2698 
2200 2696 1126 1167 2697 
2201 2697 1167 1094 2699 
2202 2698 2697 2699 1165 
2203 831 2672 2700 2701 
2204 2700 2348 1190 2702 
2205 2701 2700 2702 1191 
2206 269 1192 2703 2704 
2207 1192 833 2677 2703 
2208 2703 2677 1084 2705 
2209 2704 2703 2705 1085 
2210 1190 2349 2706 2707 
2211 2349 1089 2683 2706 
2212 2706 2683 833 2708 
2213 2707 2706 2708 1192 
2214 1191 2702 2709 2710 
2215 2702 1190 2707 2709 
2216 2709 2707 1192 2711 
2217 2710 2709 2711 269 
2218 830 2310 2712 2713 
2219 2310 1095 2351 2712 
2220 2712 2351 1193 2714 
2221 2713 2712 2714 1194 
2222 1165 2699 2715 2716 
2223 2699 1094 1200 2715 
2224 2715 1200 1155 2717 
2225 2716 2715 2717 1196 
2226 1196 2717 2718 2719 
2227 2717 1155 1251 2718 
2228 2718 1251 950 2720 
2229 2719 2718 2720 1198 
2230 927 2648 2721 2369 
2231 2648 560 2722 2721 
2232 2721 2722 1275 2723 
2233 2369 2721 2723 1274 
2234 723 2725 2724 2630 
2235 2725 725 2726 2724 
2236 2724 2726 446 1358 
2237 2630 2724 1358 543 
2238 543 2728 2727 2636 
2239 2728 1358 2729 2727 
2240 2727 2729 1357 1394 
2241 2636 2727 1394 728 
2242 1358 2731 2730 2729 
2243 2731 446 2732 2730 
2244 2730 2732 1359 2386 
2245 2729 2730 2386 1357 
2246 699 1464 2733 2626 
2247 1464 1382 2734 2733 
2248 2733 2734 1384 2735 
2249 2626 2733 2735 558 
2250 1422 1587 2736 2737 
2251 1587 1421 2527 2736 
2252 2736 2527 1425 2738 
2253 2737 2736 2738 1379 
2254 1338 2740 2739 2397 
2255 2740 1407 2429 2739 
2256 2739 2429 1495 2432 
2257 2397 2739 2432 1386 
2258 1498 1567 2741 2742 
2259 1567 1422 2737 2741 
2260 2741 2737 1379 2743 
2261 2742 2741 2743 1499 
2262 1383 1514 2744 2745 
2263 1514 1498 2742 2744 
2264 2744 2742 1499 2746 
2265 2745 2744 2746 559 
2266 725 2748 2747 2726 
2267 2748 1543 2749 2747 
2268 2747 2749 1335 1547 
2269 2726 2747 1547 446 
2270 446 2751 2750 2732 
2271 2751 1547 2752 2750 
2272 2750 2752 1546 2460 
2273 2732 2750 2460 1359 
2274 1546 2754 2753 2461 
2275 2754 1548 2755 2753 
2276 2753 2755 1334 2399 
2277 2461 2753 2399 1401 
2278 1585 1694 2756 2757 
2279 1694 1586 2533 2756 
2280 2756 2533 1421 2758 
2281 2757 2756 2758 1587 
2282 1566 1599 2759 2760 
2283 1599 1585 2757 2759 
2284 2759 2757 1587 2761 
2285 2760 2759 2761 1422 
2286 1428 2763 2762 2496 
2287 2763 1674 2764 2762 
2288 2762 2764 1673 2518 
2289 2496 2762 2518 1628 
2290 1519 2766 2765 2469 
2291 2766 1696 2767 2765 
2292 2765 2767 1695 2536 
2293 2469 2765 2536 1583 
2294 1696 2769 2768 2767 
2295 2769 1521 2770 2768 
2296 2768 2770 1639 1715 
2297 2767 2768 1715 1695 
2298 1417 1749 2771 2544 
2299 1749 1448 2772 2771 
2300 2771 2772 1742 2773 
2301 2544 2771 2773 1743 
2302 1448 1778 2774 2772 
2303 1778 1419 2775 2774 
2304 2774 2775 1744 2776 
2305 2772 2774 2776 1742 
2306 1743 2773 2777 2547 
2307 2773 1742 2778 2777 
2308 2777 2778 1745 2779 
2309 2547 2777 2779 1420 
2310 1379 2738 2780 2781 
2311 2738 1425 2552 2780 
2312 2780 2552 1834 1856 
2313 2781 2780 1856 1835 
2314 558 2735 2782 2644 
2315 2735 1384 2783 2782 
2316 2782 2783 1846 2784 
2317 2644 2782 2784 926 
2318 926 2784 2785 2647 
2319 2784 1846 2786 2785 
2320 2785 2786 1848 2787 
2321 2647 2785 2787 560 
2322 1499 2743 2788 2789 
2323 2743 1379 2781 2788 
2324 2788 2781 1835 2790 
2325 2789 2788 2790 1849 
2326 1849 2790 2791 2792 
2327 2790 1835 1855 2791 
2328 2791 1855 1381 2793 
2329 2792 2791 2793 1850 
2330 274 2579 2794 2795 
2331 2579 134 2659 2794 
2332 2794 2659 1008 2796 
2333 2795 2794 2796 1928 
2334 181 1962 2797 2798 
2335 1962 139 1982 2797 
2336 2797 1982 280 2799 
2337 2798 2797 2799 1955 
2338 417 2592 2800 2801 
2339 2592 397 2662 2800 
2340 2800 2662 1011 2802 
2341 2801 2800 2802 2012 
2342 2012 2802 2803 2804 
2343 2802 1011 2665 2803 
2344 2803 2665 399 2805 
2345 2804 2803 2805 2014 
2346 507 2072 2806 2807 
2347 2072 246 2095 2806 
2348 2806 2095 586 2808 
2349 2807 2806 2808 2062 
2350 2062 2808 2809 2810 
2351 2808 586 2098 2809 
2352 2809 2098 501 2811 
2353 2810 2809 2811 2063 
2354 2063 2811 2812 2813 
2355 2811 501 2186 2812 
2356 2812 2186 884 2814 
2357 2813 2812 2814 2064 
2358 2064 2814 2815 2816 
2359 2814 884 2189 2815 
2360 2815 2189 398 2817 
2361 2816 2815 2817 2066 
2362 522 2075 2818 2819 
2363 2075 506 2101 2818 
2364 2818 2101 590 2820 
2365 2819 2818 2820 2070 
2366 2070 2820 2821 2822 
2367 2820 590 2107 2821 
2368 2821 2107 246 2823 
2369 2822 2821 2823 2072 
2370 87 2152 2824 2136 
2371 2152 739 2825 2824 
2372 2824 2825 2131 2826 
2373 2136 2824 2826 702 
2374 739 2150 2827 2825 
2375 2150 564 2417 2827 
2376 2827 2417 1450 2828 
2377 2825 2827 2828 2131 
2378 702 2826 2829 2139 
2379 2826 2131 2830 2829 
2380 2829 2830 2132 2831 
2381 2139 2829 2831 570 
2382 570 2831 2832 2171 
2383 2831 2132 2833 2832 
2384 2832 2833 2133 2834 
2385 2171 2832 2834 860 
2386 860 2834 2835 2174 
2387 2834 2133 2836 2835 
2388 2835 2836 1814 2837 
2389 2174 2835 2837 495 
2390 560 2787 2838 2722 
2391 2787 1848 2839 2838 
2392 2838 2839 2200 2840 
2393 2722 2838 2840 1275 
2394 957 2842 2841 2211 
2395 2842 2203 2843 2841 
2396 2841 2843 999 2231 
2397 2211 2841 2231 834 
2398 1052 2283 2844 2845 
2399 2283 951 2255 2844 
2400 2844 2255 1021 2846 
2401 2845 2844 2846 2206 
2402 2206 2846 2847 2848 
2403 2846 1021 2261 2847 
2404 2847 2261 954 2849 
2405 2848 2847 2849 2208 
2406 1012 2241 2850 2851 
2407 2241 269 2704 2850 
2408 2850 2704 1085 2852 
2409 2851 2850 2852 2233 
2410 2066 2817 2853 2854 
2411 2817 398 2668 2853 
2412 2853 2668 1014 2855 
2413 2854 2853 2855 2236 
2414 2236 2855 2856 2857 
2415 2855 1014 2671 2856 
2416 2856 2671 831 2858 
2417 2857 2856 2858 2238 
2418 2238 2858 2859 2860 
2419 2858 831 2701 2859 
2420 2859 2701 1191 2861 
2421 2860 2859 2861 2239 
2422 2239 2861 2862 2863 
2423 2861 1191 2710 2862 
2424 2862 2710 269 2864 
2425 2863 2862 2864 2241 
2426 1049 2277 2865 2866 
2427 2277 513 2249 2865 
2428 2865 2249 1017 2867 
2429 2866 2865 2867 2242 
2430 2242 2867 2868 2869 
2431 2867 1017 2252 2868 
2432 2868 2252 948 2870 
2433 2869 2868 2870 2244 
2434 2244 2870 2871 2872 
2435 2870 948 2306 2871 
2436 2871 2306 1093 2873 
2437 2872 2871 2873 2245 
2438 2245 2873 2874 2875 
2439 2873 1093 2309 2874 
2440 2874 2309 830 2876 
2441 2875 2874 2876 2247 
2442 2208 2849 2877 2878 
2443 2849 954 2294 2877 
2444 2877 2294 1073 2879 
2445 2878 2877 2879 2248 
2446 2248 2879 2880 2881 
2447 2879 1073 2297 2880 
2448 2880 2297 1016 2882 
2449 2881 2880 2882 2250 
2450 1123 2884 2883 2693 
2451 2884 2263 2885 2883 
2452 2883 2885 1147 2341 
2453 2693 2883 2341 1030 
2454 2247 2876 2886 2887 
2455 2876 830 2713 2886 
2456 2886 2713 1194 2888 
2457 2887 2886 2888 2347 
2458 1548 2890 2889 2755 
2459 2890 2377 2891 2889 
2460 2889 2891 1520 2448 
2461 2755 2889 2448 1334 
2462 1376 2415 2892 2538 
2463 2415 1444 2893 2892 
2464 2892 2893 2391 2894 
2465 2538 2892 2894 1740 
2466 1419 2513 2895 2775 
2467 2513 1668 2896 2895 
2468 2895 2896 2413 2897 
2469 2775 2895 2897 1744 
2470 83 1924 2898 2899 
2471 1924 109 2563 2898 
2472 2898 2563 155 2900 
2473 2899 2898 2900 156 
2474 176 282 2901 2902 
2475 282 177 2581 2901 
2476 2901 2581 133 2903 
2477 2902 2901 2903 178 
2478 157 1957 2904 2905 
2479 1957 176 2902 2904 
2480 2904 2902 178 2906 
2481 2905 2904 2906 103 
2482 252 2908 2907 264 
2483 2908 88 2909 2907 
2484 2907 2909 253 2575 
2485 264 2907 2575 251 
2486 88 2911 2910 2909 
2487 2911 313 2912 2910 
2488 2910 2912 312 2589 
2489 2909 2910 2589 253 
2490 313 2914 2913 2912 
2491 2914 248 382 2913 
2492 2913 382 314 2587 
2493 2912 2913 2587 312 
2494 403 2024 2915 2916 
2495 2024 404 2594 2915 
2496 2915 2594 273 2917 
2497 2916 2915 2917 405 
2498 293 2021 2918 2919 
2499 2021 403 2916 2918 
2500 2918 2916 405 2920 
2501 2919 2918 2920 272 
2502 555 2923 2921 2922 
2503 2923 547 2618 2921 
2504 2921 2618 556 578 
2505 2922 2921 578 553 
2506 554 2925 2924 2624 
2507 2925 553 577 2924 
2508 2924 577 557 2621 
2509 2624 2924 2621 498 
2510 605 2927 2926 794 
2511 2927 606 2638 2926 
2512 2926 2638 499 2642 
2513 794 2926 2642 607 
2514 517 795 2928 2929 
2515 795 607 2641 2928 
2516 2928 2641 789 2930 
2517 2929 2928 2930 790 
2518 790 2930 2931 2932 
2519 2930 789 2166 2931 
2520 2931 2166 791 2933 
2521 2932 2931 2933 585 
2522 840 2935 2934 910 
2523 2935 876 2936 2934 
2524 2934 2936 878 2653 
2525 910 2934 2653 756 
2526 585 2933 2937 2938 
2527 2933 791 893 2937 
2528 2937 893 886 2939 
2529 2938 2937 2939 887 
2530 887 2939 2940 2941 
2531 2939 886 2192 2940 
2532 2940 2192 888 2942 
2533 2941 2940 2942 588 
2534 899 2944 2943 996 
2535 2944 858 2945 2943 
2536 2943 2945 934 2650 
2537 996 2943 2650 932 
2538 588 2942 2946 2947 
2539 2942 888 2213 2946 
2540 2946 2213 959 2948 
2541 2947 2946 2948 960 
2542 960 2948 2949 2950 
2543 2948 959 2216 2949 
2544 2949 2216 961 2951 
2545 2950 2949 2951 883 
2546 978 2953 2952 1032 
2547 2953 979 2954 2952 
2548 2952 2954 494 2674 
2549 1032 2952 2674 980 
2550 883 2951 2955 2956 
2551 2951 961 2273 2955 
2552 2955 2273 1047 2957 
2553 2956 2955 2957 1048 
2554 1048 2957 2958 2959 
2555 2957 1047 2276 2958 
2556 2958 2276 1049 2960 
2557 2959 2958 2960 885 
2558 1016 2298 2961 2962 
2559 2298 1075 2686 2961 
2560 2961 2686 1096 2963 
2561 2962 2961 2963 1097 
2562 1097 2963 2964 2965 
2563 2963 1096 2689 2964 
2564 2964 2689 1099 2966 
2565 2965 2964 2966 1019 
2566 1078 2968 2967 2321 
2567 2968 1028 2969 2967 
2568 2967 2969 1123 2692 
2569 2321 2967 2692 1122 
2570 1019 2966 2970 2971 
2571 2966 1099 2695 2970 
2572 2970 2695 1163 2972 
2573 2971 2970 2972 1164 
2574 1164 2972 2973 2974 
2575 2972 1163 2698 2973 
2576 2973 2698 1165 2975 
2577 2974 2973 2975 1092 
2578 1092 2975 2976 2977 
2579 2975 1165 2716 2976 
2580 2976 2716 1196 2978 
2581 2977 2976 2978 1197 
2582 1197 2978 2979 2980 
2583 2978 1196 2719 2979 
2584 2979 2719 1198 2981 
2585 2980 2979 2981 1095 
2586 1382 1506 2982 2734 
2587 1506 1383 2745 2982 
2588 2982 2745 559 2983 
2589 2734 2982 2983 1384 
2590 1374 2985 2984 1410 
2591 2985 1404 2986 2984 
2592 2984 2986 1407 2740 
2593 1410 2984 2740 1338 
2594 1543 2988 2987 2749 
2595 2988 1545 2989 2987 
2596 2987 2989 448 2378 
2597 2749 2987 2378 1335 
2598 1547 2991 2990 2752 
2599 2991 1335 2992 2990 
2600 2990 2992 1548 2754 
2601 2752 2990 2754 1546 
2602 1565 2463 2993 2994 
2603 2463 1566 2760 2993 
2604 2993 2760 1422 2995 
2605 2994 2993 2995 1567 
2606 1513 1575 2996 2997 
2607 1575 1565 2994 2996 
2608 2996 2994 1567 2998 
2609 2997 2996 2998 1498 
2610 1521 3000 2999 2770 
2611 3000 1640 3001 2999 
2612 2999 3001 1638 2503 
2613 2770 2999 2503 1639 
2614 1640 3003 3002 3001 
2615 3003 1605 3004 3002 
2616 3002 3004 1630 2501 
2617 3001 3002 2501 1638 
2618 1742 2776 3005 2778 
2619 2776 1744 3006 3005 
2620 3005 3006 1376 3007 
2621 2778 3005 3007 1745 
2622 495 2837 3008 1818 
2623 2837 1814 3009 3008 
2624 3008 3009 1813 3010 
2625 1818 3008 3010 930 
2626 930 3010 3011 1825 
2627 3010 1813 3012 3011 
2628 3011 3012 1278 3013 
2629 1825 3011 3013 856 
2630 1384 2983 3014 2783 
2631 2983 559 3015 3014 
2632 3014 3015 1847 3016 
2633 2783 3014 3016 1846 
2634 1846 3016 3017 2786 
2635 3016 1847 3018 3017 
2636 3017 3018 491 3019 
2637 2786 3017 3019 1848 
2638 559 2746 3020 3015 
2639 2746 1499 2789 3020 
2640 3020 2789 1849 3021 
2641 3015 3020 3021 1847 
2642 1847 3021 3022 3018 
2643 3021 1849 2792 3022 
2644 3022 2792 1850 3023 
2645 3018 3022 3023 491 
2646 133 2582 3024 3025 
2647 2582 274 2795 3024 
2648 3024 2795 1928 3026 
2649 3025 3024 3026 1929 
2650 178 2903 3027 3028 
2651 2903 133 3025 3027 
2652 3027 3025 1929 3029 
2653 3028 3027 3029 1931 
2654 59 1965 3030 3031 
2655 1965 181 2798 3030 
2656 3030 2798 1955 3032 
2657 3031 3030 3032 1956 
2658 273 2595 3033 3034 
2659 2595 417 2801 3033 
2660 3033 2801 2012 3035 
2661 3034 3033 3035 2013 
2662 2013 3035 3036 3037 
2663 3035 2012 2804 3036 
2664 3036 2804 2014 3038 
2665 3037 3036 3038 134 
2666 592 2105 3039 3040 
2667 2105 517 2929 3039 
2668 3039 2929 790 3041 
2669 3040 3039 3041 2094 
2670 2094 3041 3042 3043 
2671 3041 790 2932 3042 
2672 3042 2932 585 3044 
2673 3043 3042 3044 2096 
2674 2096 3044 3045 3046 
2675 3044 585 2938 3045 
2676 3045 2938 887 3047 
2677 3046 3045 3047 2097 
2678 2097 3047 3048 3049 
2679 3047 887 2941 3048 
2680 3048 2941 588 3050 
2681 3049 3048 3050 2099 
2682 2131 2828 3051 2830 
2683 2828 1450 3052 3051 
2684 3051 3052 698 3053 
2685 2830 3051 3053 2132 
2686 2132 3053 3054 2833 
2687 3053 698 3055 3054 
2688 3054 3055 2134 3056 
2689 2833 3054 3056 2133 
2690 2133 3056 3057 2836 
2691 3056 2134 3058 3057 
2692 3057 3058 700 3059 
2693 2836 3057 3059 1814 
2694 2099 3050 3060 3061 
2695 3050 588 2947 3060 
2696 3060 2947 960 3062 
2697 3061 3060 3062 2185 
2698 2185 3062 3063 3064 
2699 3062 960 2950 3063 
2700 3063 2950 883 3065 
2701 3064 3063 3065 2187 
2702 2187 3065 3066 3067 
2703 3065 883 2956 3066 
2704 3066 2956 1048 3068 
2705 3067 3066 3068 2188 
2706 2188 3068 3069 3070 
2707 3068 1048 2959 3069 
2708 3069 2959 885 3071 
2709 3070 3069 3071 2190 
2710 1848 3019 3072 2839 
2711 3019 491 3073 3072 
2712 3072 3073 2201 3074 
2713 2839 3072 3074 2200 
2714 906 3076 3075 2657 
2715 3076 2204 3077 3075 
2716 3075 3077 2203 2842 
2717 2657 3075 2842 957 
2718 399 2666 3078 3079 
2719 2666 1012 2851 3078 
2720 3078 2851 2233 3080 
2721 3079 3078 3080 2234 
2722 885 2960 3081 3082 
2723 2960 1049 2866 3081 
2724 3081 2866 2242 3083 
2725 3082 3081 3083 2243 
2726 2243 3083 3084 3085 
2727 3083 2242 2869 3084 
2728 3084 2869 2244 3086 
2729 3085 3084 3086 1013 
2730 1013 3086 3087 3088 
2731 3086 2244 2872 3087 
2732 3087 2872 2245 3089 
2733 3088 3087 3089 2246 
2734 2246 3089 3090 3091 
2735 3089 2245 2875 3090 
2736 3090 2875 2247 3092 
2737 3091 3090 3092 1015 
2738 2250 2882 3093 3094 
2739 2882 1016 2962 3093 
2740 3093 2962 1097 3095 
2741 3094 3093 3095 2251 
2742 2251 3095 3096 3097 
2743 3095 1097 2965 3096 
2744 3096 2965 1019 3098 
2745 3097 3096 3098 2253 
2746 1028 3100 3099 2969 
2747 3100 2264 3101 3099 
2748 3099 3101 2263 2884 
2749 2969 3099 2884 1123 
2750 2253 3098 3102 3103 
2751 3098 1019 2971 3102 
2752 3102 2971 1164 3104 
2753 3103 3102 3104 2305 
2754 2305 3104 3105 3106 
2755 3104 1164 2974 3105 
2756 3105 2974 1092 3107 
2757 3106 3105 3107 2307 
2758 2307 3107 3108 3109 
2759 3107 1092 2977 3108 
2760 3108 2977 1197 3110 
2761 3109 3108 3110 2308 
2762 2308 3110 3111 3112 
2763 3110 1197 2980 3111 
2764 3111 2980 1095 3113 
2765 3112 3111 3113 2310 
2766 1015 3092 3114 3115 
2767 3092 2247 2887 3114 
2768 3114 2887 2347 3116 
2769 3115 3114 3116 2348 
2770 1545 3118 3117 2989 
2771 3118 2371 3119 3117 
2772 3117 3119 1427 2402 
2773 2989 3117 2402 448 
2774 1335 3121 3120 2992 
2775 3121 2378 3122 3120 
2776 3120 3122 2377 2890 
2777 2992 3120 2890 1548 
2778 2377 3124 3123 2891 
2779 3124 2379 3125 3123 
2780 3123 3125 1336 2451 
2781 2891 3123 2451 1520 
2782 2379 3127 3126 3125 
2783 3127 2401 3128 3126 
2784 3126 3128 1606 2471 
2785 3125 3126 2471 1336 
2786 1744 2897 3129 3006 
2787 2897 2413 3130 3129 
2788 3129 3130 2415 3131 
2789 3006 3129 3131 1376 
2790 491 3023 3132 3073 
2791 3023 1850 3133 3132 
2792 3132 3133 2549 3134 
2793 3073 3132 3134 2201 
2794 1850 2793 3135 3133 
2795 2793 1381 3136 3135 
2796 3135 3136 1852 3137 
2797 3133 3135 3137 2549 
2798 162 2567 3138 3139 
2799 2567 59 3031 3138 
2800 3138 3031 1956 3140 
2801 3139 3138 3140 2562 
2802 405 2917 3141 3142 
2803 2917 273 3034 3141 
2804 3141 3034 2013 3143 
2805 3142 3141 3143 2577 
2806 2577 3143 3144 3145 
2807 3143 2013 3037 3144 
2808 3144 3037 134 3146 
2809 3145 3144 3146 2579 
2810 2014 2805 3147 3148 
2811 2805 399 3079 3147 
2812 3147 3079 2234 3149 
2813 3148 3147 3149 2658 
2814 2190 3071 3150 3151 
2815 3071 885 3082 3150 
2816 3150 3082 2243 3152 
2817 3151 3150 3152 2667 
2818 2667 3152 3153 3154 
2819 3152 2243 3085 3153 
2820 3153 3085 1013 3155 
2821 3154 3153 3155 2669 
2822 2669 3155 3156 3157 
2823 3155 1013 3088 3156 
2824 3156 3088 2246 3158 
2825 3157 3156 3158 2670 
2826 2670 3158 3159 3160 
2827 3158 2246 3091 3159 
2828 3159 3091 1015 3161 
2829 3160 3159 3161 2672 
2830 2672 3161 3162 3163 
2831 3161 1015 3115 3162 
2832 3162 3115 2348 3164 
2833 3163 3162 3164 2700 
