2 0.000000 100.000000 407.315828
1148 991 
1 -81.951989 0.000000 -82.801989 99.752889 0.000309 6.976218 0.000069 
2 92.701989 0.000000 -82.801989 99.754035 0.001818 6.955305 0.000076 
3 92.701989 0.000000 83.146450 99.761607 -0.000840 6.946984 -0.000064 
4 -81.951989 0.000000 83.146450 99.760305 -0.000065 6.976331 -0.000079 
5 5.375000 0.000000 0.172230 -2.169556 -0.717200 -6.402295 0.995379 
6 -81.951989 0.000000 0.172230 99.756275 0.000260 6.980396 -0.000004 
7 5.375000 0.000000 -82.801989 99.746252 0.001134 6.964596 0.000218 
8 92.701989 0.000000 0.172230 99.868394 0.150886 5.358610 -0.000243 
9 5.375000 0.000000 83.146450 99.769131 -0.000265 6.962484 -0.000236 
10 -38.288495 0.000000 -41.314880 99.741916 0.001060 6.977229 0.000287 
11 -81.951989 0.000000 -41.314880 99.752902 0.000327 6.978376 0.000066 
12 -38.288495 0.000000 -82.801989 99.749027 0.000614 6.973435 0.000150 
13 5.375000 0.000000 -41.314880 99.718068 0.003628 6.931793 0.000826 
14 -38.288495 0.000000 0.172230 99.753783 0.001685 6.995177 0.000025 
15 49.038495 0.000000 -41.314880 99.747035 0.004823 6.897624 0.000295 
16 49.038495 0.000000 -82.801989 99.749999 0.001602 6.956683 0.000154 
17 92.701989 0.000000 -41.314880 99.757298 0.004762 6.905740 0.000079 
18 49.038495 0.000000 0.172230 99.905179 0.473493 4.761042 -0.000394 
19 -38.288495 0.000000 41.659340 99.772230 0.000432 6.978849 -0.000320 
20 -81.951989 0.000000 41.659340 99.760039 0.000082 6.978683 -0.000077 
21 5.375000 0.000000 41.659340 99.808516 0.001302 6.921321 -0.000964 
22 -38.288495 0.000000 83.146450 99.764984 -0.000102 6.973346 -0.000168 
23 -16.456747 0.000000 -20.571325 99.695046 0.006255 6.977210 0.001222 
24 -38.288495 0.000000 -20.571325 99.740901 0.001494 6.985769 0.000295 
25 -16.456747 0.000000 -41.314880 99.727190 0.002136 6.965369 0.000597 
26 5.375000 0.000000 -20.571325 99.625768 0.007902 6.804986 0.002840 
27 -16.456747 0.000000 0.172230 99.723198 0.010191 7.063425 0.000539 
28 49.038495 0.000000 41.659340 99.776590 0.000014 6.860935 -0.000244 
29 92.701989 0.000000 41.659340 99.768237 -0.000212 6.842687 -0.000052 
30 49.038495 0.000000 83.146450 99.765539 -0.000601 6.951369 -0.000148 
31 27.206747 0.000000 -20.571325 99.719977 0.015979 6.697452 0.001107 
32 27.206747 0.000000 -41.314880 99.732071 0.004510 6.903042 0.000586 
33 49.038495 0.000000 -20.571325 99.757981 0.013981 6.721649 0.000316 
34 27.206747 0.000000 0.172230 99.786128 0.926128 5.952024 0.000644 
35 -16.456747 0.000000 20.915785 99.821845 0.005291 6.993757 -0.001331 
36 -38.288495 0.000000 20.915785 99.770420 0.001097 6.988899 -0.000298 
37 5.375000 0.000000 20.915785 99.967430 -0.006890 6.749186 -0.003904 
38 -16.456747 0.000000 41.659340 99.791864 0.000958 6.966651 -0.000695 
39 -5.540874 0.000000 -10.199547 99.535330 0.052754 6.880296 0.004538 
40 -16.456747 0.000000 -10.199547 99.677939 0.009251 7.010473 0.001516 
41 -5.540874 0.000000 -20.571325 99.648230 0.013815 6.920000 0.002234 
42 5.375000 0.000000 -10.199547 99.348793 -0.052147 6.431388 0.008845 
43 -5.540874 0.000000 0.172230 99.331668 0.137606 7.373517 0.007883 
44 27.206747 0.000000 20.915785 99.829416 0.007630 6.539547 -0.000868 
45 49.038495 0.000000 20.915785 99.799412 0.006597 6.483353 -0.000196 
46 27.206747 0.000000 41.659340 99.792481 0.000636 6.877165 -0.000583 
47 16.290874 0.000000 -10.199547 99.627305 -0.016853 6.171273 0.003632 
48 16.290874 0.000000 -20.571325 99.677381 -0.001966 6.723387 0.001922 
49 27.206747 0.000000 -10.199547 99.745641 0.014494 6.201001 0.001235 
50 16.290874 0.000000 0.172230 99.292826 -0.481285 9.395829 0.005242 
51 -5.540874 0.000000 10.544008 100.020024 0.005105 7.075796 -0.005407 
52 -16.456747 0.000000 10.544008 99.808627 0.001928 7.043662 -0.001138 
53 5.375000 0.000000 10.544008 100.530334 0.074241 6.153066 -0.014421 
54 -5.540874 0.000000 20.915785 99.904263 0.023360 6.944545 -0.002909 
55 -0.082937 0.000000 -5.013659 98.748901 -0.031621 6.316268 0.020876 
56 -5.540874 0.000000 -5.013659 99.325240 -0.003545 7.009457 0.008536 
57 -0.082937 0.000000 -10.199547 99.368794 -0.023109 6.704144 0.008090 
58 5.375000 0.000000 -5.013659 99.103834 -0.019717 5.705297 0.014588 
59 -0.082937 0.000000 0.172230 80.289966 -0.065829 21.023175 0.311154 
60 16.290874 0.000000 10.544008 99.955537 0.008609 5.619105 -0.002268 
61 27.206747 0.000000 10.544008 99.872457 0.037145 5.550616 -0.000532 
62 16.290874 0.000000 20.915785 99.886594 -0.004432 6.589738 -0.002076 
63 10.832937 0.000000 -5.013659 99.324724 -0.039038 5.488036 0.010448 
64 10.832937 0.000000 -10.199547 99.563285 0.036912 6.274489 0.004778 
65 16.290874 0.000000 -5.013659 99.601441 0.143303 5.340248 0.005101 
66 10.832937 0.000000 0.172230 92.661505 -0.519533 13.401686 0.123397 
67 -0.082937 0.000000 5.358119 101.097747 -0.030961 7.767321 -0.028109 
68 -5.540874 0.000000 5.358119 99.897737 0.034006 7.373859 -0.003393 
69 5.375000 0.000000 5.358119 102.150197 0.152030 4.508019 -0.045501 
70 -0.082937 0.000000 10.544008 100.417173 0.030344 6.887453 -0.013105 
71 2.646032 0.000000 -2.420714 98.752201 -0.064943 3.914900 0.023267 
72 -0.082937 0.000000 -2.420714 97.450782 -0.126887 5.103851 0.047728 
73 2.646032 0.000000 -5.013659 98.790252 -0.079365 5.873418 0.020598 
74 5.375000 0.000000 -2.420714 100.145165 -0.090752 5.093823 -0.005501 
75 2.646032 0.000000 0.172230 -0.852564 -0.118650 0.450167 0.999906 
76 -60.120242 0.000000 -20.571325 99.751119 0.000604 6.982051 0.000097 
77 -81.951989 0.000000 -20.571325 99.754117 0.000311 6.979702 0.000040 
78 -60.120242 0.000000 -41.314880 99.749553 0.000559 6.978817 0.000132 
79 -60.120242 0.000000 0.172230 99.755871 0.000558 6.984171 -0.000001 
80 -27.372621 0.000000 -10.199547 99.730664 0.003490 6.999470 0.000480 
81 -38.288495 0.000000 -10.199547 99.745165 0.001676 6.991561 0.000202 
82 -27.372621 0.000000 -20.571325 99.726585 0.002704 6.986210 0.000580 
83 -27.372621 0.000000 0.172230 99.749070 0.003890 7.011673 0.000096 
84 -10.998810 0.000000 -5.013659 99.608076 0.076574 7.042430 0.002863 
85 -16.456747 0.000000 -5.013659 99.688575 0.011037 7.039279 0.001264 
86 -10.998810 0.000000 -10.199547 99.614912 0.020508 6.996178 0.002792 
87 -10.998810 0.000000 0.172230 99.667089 0.081665 7.113302 0.001587 
88 -2.811905 0.000000 -2.420714 98.581134 -0.063080 6.913448 0.023396 
89 -5.540874 0.000000 -2.420714 99.243862 0.113689 7.150472 0.009951 
90 -2.811905 0.000000 -5.013659 99.066035 0.022759 6.758623 0.014024 
91 -2.811905 0.000000 0.172230 98.447520 -0.046676 7.794087 0.024734 
92 10.832937 0.000000 5.358119 100.103755 0.051773 3.883659 -0.003585 
93 16.290874 0.000000 5.358119 99.933621 0.092234 4.252190 -0.000482 
94 10.832937 0.000000 10.544008 100.253732 0.053807 5.667768 -0.008294 
95 2.646032 0.000000 2.765175 105.757359 0.130956 8.579389 -0.125824 
96 -0.082937 0.000000 2.765175 100.379816 -0.007716 9.809685 -0.017234 
97 5.375000 0.000000 2.765175 103.532225 -0.089346 1.340633 -0.072073 
98 2.646032 0.000000 5.358119 102.189063 -0.049307 6.615177 -0.048637 
99 1.281547 0.000000 -1.124242 101.450541 -0.025841 -12.648610 -0.045220 
100 -0.082937 0.000000 -1.124242 93.317292 -0.043302 0.590269 0.129153 
101 1.281547 0.000000 -2.420714 97.987420 -0.115631 3.903011 0.038322 
102 2.646032 0.000000 -1.124242 101.048900 -0.011835 -2.263682 -0.021600 
103 1.281547 0.000000 0.172230 99.900340 -0.046924 36.293730 -0.129732 
104 -60.120242 0.000000 20.915785 99.761180 0.000390 6.982807 -0.000105 
105 -81.951989 0.000000 20.915785 99.758567 0.000177 6.979946 -0.000049 
106 -60.120242 0.000000 41.659340 99.763561 0.000184 6.979538 -0.000148 
107 -27.372621 0.000000 10.544008 99.772968 0.003246 7.007799 -0.000375 
108 -38.288495 0.000000 10.544008 99.763667 0.001462 6.993959 -0.000170 
109 -27.372621 0.000000 20.915785 99.784647 0.002128 6.992922 -0.000588 
110 -10.998810 0.000000 5.358119 99.788390 0.049827 7.121408 -0.000844 
111 -16.456747 0.000000 5.358119 99.771565 0.006186 7.064890 -0.000428 
112 -10.998810 0.000000 10.544008 99.867030 0.006132 7.067600 -0.002337 
113 -2.811905 0.000000 2.765175 99.560271 -0.063703 8.061553 0.002276 
114 -5.540874 0.000000 2.765175 99.636840 0.105339 7.472656 0.001665 
115 -2.811905 0.000000 5.358119 100.145105 0.078359 7.569503 -0.008635 
116 -1.447421 0.000000 -1.124242 96.732802 -0.041522 6.764747 0.059700 
117 -2.811905 0.000000 -1.124242 98.348042 -0.034618 7.241195 0.027523 
118 -1.447421 0.000000 -2.420714 97.890889 -0.062891 6.451345 0.037575 
119 -1.447421 0.000000 0.172230 96.496311 -0.041489 8.476867 0.061660 
120 1.281547 0.000000 1.468702 101.396283 0.008518 16.836783 -0.056468 
121 -0.082937 0.000000 1.468702 98.069881 -0.092233 12.255601 0.023209 
122 2.646032 0.000000 1.468702 112.439664 0.045696 11.943214 -0.278532 
123 1.281547 0.000000 2.765175 102.557360 0.077364 10.495288 -0.062817 
124 0.599305 0.000000 -0.476006 97.615510 -0.016284 -8.322542 0.040195 
125 -0.082937 0.000000 -0.476006 71.188368 -0.054983 -4.761229 0.490954 
126 0.599305 0.000000 -1.124242 96.376263 -0.071302 -1.763604 0.070850 
127 1.281547 0.000000 -0.476006 100.607250 -0.021308 -12.479122 -0.027755 
128 0.599305 0.000000 0.172230 96.969005 -0.057591 27.986824 -0.018625 
129 -1.447421 0.000000 1.468702 98.337305 -0.060788 9.167371 0.024573 
130 -2.811905 0.000000 1.468702 98.960092 -0.077223 8.062682 0.014189 
131 -1.447421 0.000000 2.765175 99.664846 -0.069902 8.811040 -0.001072 
132 -0.765179 0.000000 -0.476006 92.418851 -0.007132 6.739926 0.141333 
133 -1.447421 0.000000 -0.476006 96.258488 -0.019733 7.528406 0.067763 
134 -0.765179 0.000000 -1.124242 94.964315 -0.019044 5.274929 0.095395 
135 -0.765179 0.000000 0.172230 93.087301 -0.009400 9.936196 0.123603 
136 0.599305 0.000000 0.820466 96.221824 -0.009494 18.910921 0.038374 
137 -0.082937 0.000000 0.820466 94.923767 -0.053706 15.054155 0.076285 
138 1.281547 0.000000 0.820466 101.397179 -0.028597 36.615718 -0.162210 
139 0.599305 0.000000 1.468702 99.047524 0.009438 14.573971 -0.002281 
140 0.258184 0.000000 -0.151888 36.417697 -0.146800 48.187429 0.635170 
141 -0.082937 0.000000 -0.151888 63.966813 -0.071917 14.015980 0.571179 
142 0.258184 0.000000 -0.476006 68.197568 0.022345 -51.397438 0.270739 
143 0.599305 0.000000 -0.151888 0.693107 -0.008155 1.031509 0.999846 
144 0.258184 0.000000 0.172230 65.518242 -0.093549 61.059591 0.197908 
145 -0.765179 0.000000 0.820466 96.046901 -0.015058 10.834002 0.065762 
146 -1.447421 0.000000 0.820466 97.394339 -0.062083 9.097828 0.043157 
147 -0.765179 0.000000 1.468702 98.016715 -0.043400 10.391135 0.028475 
148 -0.424058 0.000000 -0.151888 85.864110 -0.059324 9.217101 0.254240 
149 -0.765179 0.000000 -0.151888 92.145723 -0.003923 8.438407 0.143796 
150 -0.424058 0.000000 -0.476006 87.017112 -0.062773 4.917577 0.240384 
151 -0.424058 0.000000 0.172230 88.883656 -0.054314 12.441915 0.194489 
152 -16.456747 0.000000 -62.058434 99.740813 0.001225 6.967479 0.000322 
153 -38.288495 0.000000 -62.058434 99.745921 0.000780 6.974141 0.000211 
154 -16.456747 0.000000 -82.801989 99.746955 0.000856 6.969733 0.000197 
155 5.375000 0.000000 -62.058434 99.738680 0.001765 6.956016 0.000381 
156 -5.540874 0.000000 -30.943102 99.696030 0.005000 6.940450 0.001253 
157 -16.456747 0.000000 -30.943102 99.714329 0.003222 6.966769 0.000852 
158 -5.540874 0.000000 -41.314880 99.719982 0.002899 6.950880 0.000761 
159 5.375000 0.000000 -30.943102 99.689992 0.006828 6.898855 0.001431 
160 -0.082937 0.000000 -15.385436 99.563608 0.031762 6.806478 0.004076 
161 -5.540874 0.000000 -15.385436 99.590154 0.014521 6.913647 0.003400 
162 -0.082937 0.000000 -20.571325 99.625197 0.008268 6.867258 0.002766 
163 5.375000 0.000000 -15.385436 99.566852 -0.002465 6.689709 0.004169 
164 2.646032 0.000000 -7.606603 99.245292 -0.007193 6.331182 0.011029 
165 -0.082937 0.000000 -7.606603 99.216657 0.004294 6.566062 0.011294 
166 2.646032 0.000000 -10.199547 99.362740 -0.017921 6.553682 0.008409 
167 5.375000 0.000000 -7.606603 99.386757 -0.124358 6.188627 0.008396 
168 1.281547 0.000000 -3.717186 98.445646 -0.047463 5.538696 0.027778 
169 -0.082937 0.000000 -3.717186 98.404793 -0.048756 5.979676 0.028074 
170 1.281547 0.000000 -5.013659 98.829223 -0.054213 6.030178 0.019642 
171 2.646032 0.000000 -3.717186 98.722856 -0.034796 5.251262 0.022622 
172 0.599305 0.000000 -1.772478 96.912443 -0.052998 2.599422 0.060122 
173 -0.082937 0.000000 -1.772478 96.466194 -0.070022 3.926093 0.067885 
174 0.599305 0.000000 -2.420714 97.621015 -0.047426 4.406400 0.045072 
175 1.281547 0.000000 -1.772478 97.566851 -0.059412 1.695994 0.047783 
176 0.258184 0.000000 -0.800124 92.925651 -0.058191 -14.879486 0.114342 
177 -0.082937 0.000000 -0.800124 87.519291 -0.049365 -3.481928 0.232825 
178 0.258184 0.000000 -1.124242 94.931842 -0.077197 -2.058260 0.098370 
179 0.599305 0.000000 -0.800124 97.987482 -0.019863 -11.469453 0.026690 
180 0.087624 0.000000 -0.313947 38.354211 -0.008098 -6.776955 0.848303 
181 -0.082937 0.000000 -0.313947 61.821419 -0.078628 3.056040 0.616877 
182 0.087624 0.000000 -0.476006 46.442033 0.073205 -42.491236 0.603763 
183 0.258184 0.000000 -0.313947 -1.198569 -0.001360 0.858018 0.999783 
184 0.087624 0.000000 -0.151888 35.062189 -0.131420 40.178702 0.715630 
185 -2.811905 0.000000 -7.606603 99.282849 -0.052942 6.820650 0.009639 
186 -5.540874 0.000000 -7.606603 99.417110 0.037784 6.936436 0.006812 
187 -2.811905 0.000000 -10.199547 99.417128 0.053674 6.824253 0.006966 
188 -1.447421 0.000000 -3.717186 98.574995 -0.068852 6.450492 0.024136 
189 -2.811905 0.000000 -3.717186 98.924028 -0.058669 6.722217 0.016885 
190 -1.447421 0.000000 -5.013659 98.997037 -0.030694 6.518624 0.015709 
191 -0.765179 0.000000 -1.772478 96.690733 -0.065019 5.534379 0.062027 
192 -1.447421 0.000000 -1.772478 97.310093 -0.116098 6.593473 0.048726 
193 -0.765179 0.000000 -2.420714 97.564385 -0.110740 5.879523 0.044661 
194 -0.424058 0.000000 -0.800124 90.848598 -0.064795 3.194705 0.173632 
195 -0.765179 0.000000 -0.800124 93.628275 -0.017839 5.629954 0.120205 
196 -0.424058 0.000000 -1.124242 93.819875 -0.052000 3.491658 0.118564 
197 -0.253497 0.000000 -0.313947 78.645228 -0.044239 5.847434 0.378073 
198 -0.424058 0.000000 -0.313947 85.841089 -0.061297 6.911646 0.258353 
199 -0.253497 0.000000 -0.476006 81.475298 -0.045497 2.217313 0.335686 
200 -0.253497 0.000000 -0.151888 78.813655 -0.067704 10.314382 0.368202 
201 0.258184 0.000000 0.496348 93.661619 -0.039788 24.768664 0.061401 
202 -0.082937 0.000000 0.496348 90.791827 -0.053843 18.048148 0.143111 
203 0.599305 0.000000 0.496348 96.625417 -0.067692 28.602206 -0.015456 
204 0.258184 0.000000 0.820466 95.716656 -0.022969 17.502708 0.053198 
205 0.087624 0.000000 0.010171 39.632476 -0.144354 55.639392 0.533350 
206 -0.082937 0.000000 0.010171 71.999605 -0.065424 19.664535 0.442936 
207 0.258184 0.000000 0.010171 51.178595 -0.116988 63.274735 0.337705 
208 0.087624 0.000000 0.172230 74.295862 -0.039085 32.516826 0.342278 
209 0.002343 0.000000 -0.232917 35.965652 -0.062339 15.469495 0.846716 
210 -0.082937 0.000000 -0.232917 33.693262 -0.117667 36.912983 0.750218 
211 0.002343 0.000000 -0.313947 37.232179 -0.019425 -2.338057 0.860830 
212 0.087624 0.000000 -0.232917 36.221089 -0.069289 18.809862 0.833422 
213 0.002343 0.000000 -0.151888 34.070319 -0.131788 40.661776 0.718582 
214 8.103968 0.000000 -2.420714 98.934917 0.105271 6.270348 0.017255 
215 8.103968 0.000000 -5.013659 99.333309 -0.038907 5.727840 0.010008 
216 10.832937 0.000000 -2.420714 98.889256 0.338595 5.459248 0.019100 
217 8.103968 0.000000 0.172230 94.068550 0.313989 31.704197 0.014585 
218 4.010516 0.000000 -1.124242 101.476756 0.169949 0.086299 -0.029757 
219 4.010516 0.000000 -2.420714 99.053619 0.028151 4.196618 0.017077 
220 5.375000 0.000000 -1.124242 105.820774 0.185005 5.683671 -0.123037 
221 4.010516 0.000000 0.172230 1.082307 -0.058552 -1.643618 0.999612 
222 1.963789 0.000000 -0.476006 102.555329 -0.016464 -10.062622 -0.061885 
223 1.963789 0.000000 -1.124242 102.548542 -0.016469 -10.060005 -0.061741 
224 2.646032 0.000000 -0.476006 101.061881 -0.011588 -2.337893 -0.021897 
225 1.963789 0.000000 0.172230 105.330161 0.047655 29.966716 -0.199245 
226 0.940426 0.000000 -0.800124 99.162081 -0.006530 -12.577062 0.000870 
227 0.940426 0.000000 -1.124242 95.737466 -0.070436 -2.359498 0.082877 
228 1.281547 0.000000 -0.800124 100.027455 -0.017676 -12.420510 -0.015976 
229 0.940426 0.000000 -0.476006 99.213756 -0.002528 -12.806345 -0.000737 
230 0.428745 0.000000 -0.638065 95.022090 -0.025058 -24.590770 0.036610 
231 0.258184 0.000000 -0.638065 80.501801 -0.001427 -45.285876 0.146865 
232 0.428745 0.000000 -0.800124 101.351198 -0.055611 -11.692971 -0.040879 
233 0.599305 0.000000 -0.638065 98.099693 -0.017146 -11.506064 0.024406 
234 0.428745 0.000000 -0.476006 92.525019 -0.023079 -32.047176 0.041210 
235 0.087624 0.000000 -0.638065 77.802228 -0.071596 -17.633037 0.363588 
236 -0.082937 0.000000 -0.638065 81.034927 -0.050489 -5.474546 0.340337 
237 0.087624 0.000000 -0.800124 87.837667 -0.061523 -9.466528 0.219493 
238 0.940426 0.000000 -0.151888 7.363084 -0.051162 1.167987 0.994442 
239 1.281547 0.000000 -0.151888 7.679423 -0.046164 1.417894 0.993901 
240 0.940426 0.000000 0.172230 96.741980 -0.089299 35.938363 -0.065058 
241 0.428745 0.000000 -0.313947 -2.069708 -0.009188 1.751723 0.999265 
242 0.599305 0.000000 -0.313947 0.710552 -0.014549 2.319942 0.999411 
243 0.428745 0.000000 -0.151888 -1.967048 -0.009583 1.467113 0.999398 
244 0.343464 0.000000 -0.557035 82.308462 -0.004761 -44.863037 0.121262 
245 0.258184 0.000000 -0.557035 71.731169 0.015464 -50.438088 0.231064 
246 0.343464 0.000000 -0.638065 86.982836 -0.013174 -39.633115 0.086320 
247 0.428745 0.000000 -0.557035 93.850439 -0.023601 -27.673493 0.042627 
248 0.343464 0.000000 -0.476006 76.227222 0.006290 -49.609380 0.172832 
249 8.103968 0.000000 2.765175 100.317702 0.245001 1.871984 -0.006721 
250 10.832937 0.000000 2.765175 99.399946 0.364472 3.203226 0.010926 
251 8.103968 0.000000 5.358119 101.109572 0.084876 3.582433 -0.023599 
252 4.010516 0.000000 1.468702 110.917013 0.071498 0.018883 -0.230259 
253 5.375000 0.000000 1.468702 99.453850 0.208200 -2.577182 0.010225 
254 4.010516 0.000000 2.765175 106.191434 0.286544 3.970396 -0.129247 
255 1.963789 0.000000 0.820466 105.815243 0.063203 26.491512 -0.189867 
256 2.646032 0.000000 0.820466 94.377272 0.130633 7.628479 0.103472 
257 1.963789 0.000000 1.468702 106.698202 -0.053923 17.267632 -0.168268 
258 0.940426 0.000000 0.496348 97.131012 -0.082336 35.872383 -0.072127 
259 1.281547 0.000000 0.496348 99.148555 -0.054721 36.096943 -0.113343 
260 0.940426 0.000000 0.820466 96.180098 -0.018300 21.828400 0.027291 
261 0.428745 0.000000 0.334289 92.341699 -0.057920 36.174644 0.016440 
262 0.258184 0.000000 0.334289 90.017612 -0.034868 35.662214 0.062503 
263 0.428745 0.000000 0.172230 86.912272 -0.063297 44.098865 0.050154 
264 0.599305 0.000000 0.334289 96.848891 -0.063176 27.722248 -0.014823 
265 0.428745 0.000000 0.496348 97.146676 -0.029408 23.977535 -0.001240 
266 3.328274 0.000000 -0.476006 101.573319 0.080082 0.161568 -0.031717 
267 3.328274 0.000000 -1.124242 100.984758 0.052649 0.073855 -0.019793 
268 4.010516 0.000000 -0.476006 101.847234 0.184353 0.113478 -0.037291 
269 3.328274 0.000000 0.172230 0.937291 -0.058885 -0.196758 0.999908 
270 4.010516 0.000000 -3.717186 98.818895 -0.002317 5.259394 0.020716 
271 4.010516 0.000000 -5.013659 98.926683 -0.107483 5.754708 0.018038 
272 5.375000 0.000000 -3.717186 99.014352 -0.178281 5.397703 0.016699 
273 3.328274 0.000000 -1.772478 98.882058 -0.031420 3.357445 0.021107 
274 2.646032 0.000000 -1.772478 99.192220 -0.072194 2.501862 0.015464 
275 3.328274 0.000000 -2.420714 98.945461 0.038359 4.243368 0.019179 
276 4.010516 0.000000 -1.772478 98.915602 -0.029537 3.079924 0.020622 
277 2.987153 0.000000 -0.800124 100.887833 0.002178 -0.304886 -0.017845 
278 2.646032 0.000000 -0.800124 101.562895 -0.010632 -2.328289 -0.032044 
279 2.987153 0.000000 -1.124242 101.283963 0.004740 0.149576 -0.025846 
280 3.328274 0.000000 -0.800124 100.862882 0.057120 0.060074 -0.017333 
281 2.987153 0.000000 -0.476006 100.652924 -0.019355 0.000000 -0.013101 
282 3.328274 0.000000 0.820466 71.627684 0.268689 0.010866 0.486940 
283 4.010516 0.000000 0.820466 72.076768 0.410422 -0.848192 0.480405 
284 3.328274 0.000000 1.468702 113.135637 0.069609 5.361029 -0.282842 
285 -16.456747 0.000000 62.402895 99.775363 0.000102 6.966807 -0.000366 
286 -38.288495 0.000000 62.402895 99.768432 0.000067 6.974519 -0.000238 
287 5.375000 0.000000 62.402895 99.779233 0.000013 6.951958 -0.000423 
288 -16.456747 0.000000 83.146450 99.767803 -0.000156 6.968966 -0.000218 
289 -5.540874 0.000000 31.287562 99.836534 0.003706 6.940445 -0.001550 
290 -16.456747 0.000000 31.287562 99.806133 0.002079 6.971908 -0.000987 
291 5.375000 0.000000 31.287562 99.851432 0.004100 6.878125 -0.001762 
292 -5.540874 0.000000 41.659340 99.803554 0.001237 6.948277 -0.000903 
293 -0.082937 0.000000 15.729896 100.077050 -0.010255 6.826097 -0.006201 
294 -5.540874 0.000000 15.729896 99.969293 -0.004594 6.970533 -0.004245 
295 5.375000 0.000000 15.729896 100.117227 -0.010558 6.583968 -0.006681 
296 -0.082937 0.000000 20.915785 99.954159 -0.006656 6.860526 -0.003790 
297 2.646032 0.000000 7.951063 101.024981 -0.002472 6.483278 -0.024808 
298 -0.082937 0.000000 7.951063 100.626456 -0.030391 7.028897 -0.017509 
299 5.375000 0.000000 7.951063 101.012210 0.049704 5.677411 -0.023570 
300 2.646032 0.000000 10.544008 100.537626 0.052620 6.547911 -0.015069 
301 4.010516 0.000000 4.061647 103.817001 0.080153 5.072082 -0.080370 
302 2.646032 0.000000 4.061647 103.422129 0.204876 7.068086 -0.074614 
303 5.375000 0.000000 4.061647 102.769215 0.141803 3.423622 -0.057325 
304 4.010516 0.000000 5.358119 102.443173 0.088627 5.526121 -0.052515 
305 3.328274 0.000000 2.116938 109.297276 0.217569 6.435732 -0.198736 
306 2.646032 0.000000 2.116938 107.853443 0.102267 10.023700 -0.173285 
307 4.010516 0.000000 2.116938 108.721417 0.066940 2.788739 -0.182813 
308 3.328274 0.000000 2.765175 106.479571 0.190893 6.228146 -0.137673 
309 2.987153 0.000000 1.144584 78.146392 0.179782 0.234712 0.389305 
310 2.646032 0.000000 1.144584 92.748664 0.132019 7.008580 0.134855 
311 2.987153 0.000000 0.820466 95.226680 0.105741 9.138603 0.084835 
312 3.328274 0.000000 1.144584 72.311607 0.259939 0.013699 0.477096 
313 2.987153 0.000000 1.468702 113.216047 0.118810 8.183968 -0.288486 
314 6.739484 0.000000 -1.124242 98.435697 -0.072230 11.759176 0.017213 
315 6.739484 0.000000 -2.420714 99.583203 -0.128599 6.356983 0.004276 
316 8.103968 0.000000 -1.124242 97.965904 0.138968 10.548519 0.029139 
317 6.739484 0.000000 0.172230 -1.916716 0.840443 -0.723105 0.999510 
318 4.692758 0.000000 -0.476006 102.463045 0.207780 0.069889 -0.049872 
319 4.692758 0.000000 -1.124242 102.367736 0.207737 0.064493 -0.047920 
320 5.375000 0.000000 -0.476006 -5.514214 -0.276616 -4.690137 0.994752 
321 4.692758 0.000000 0.172230 -2.972539 -0.275900 -3.605414 0.997809 
322 6.739484 0.000000 1.468702 99.480455 -0.518283 2.827556 0.009538 
323 8.103968 0.000000 1.468702 98.842299 -4.783648 6.741873 0.016186 
324 6.739484 0.000000 2.765175 101.362657 0.174927 1.269553 -0.027603 
325 4.692758 0.000000 0.820466 79.013204 0.333548 -3.358997 0.374552 
326 5.375000 0.000000 0.820466 95.000527 1.850060 -0.144606 0.097146 
327 4.692758 0.000000 1.468702 107.156149 0.115771 -3.739123 -0.149643 
328 4.692758 0.000000 -1.772478 100.285167 -0.053774 2.968622 -0.006593 
329 4.692758 0.000000 -2.420714 99.595875 -0.026391 4.352566 0.006172 
330 5.375000 0.000000 -1.772478 101.872083 -0.119235 4.858307 -0.040154 
331 6.057242 0.000000 -0.476006 100.216376 0.201448 27.917290 -0.082274 
332 6.057242 0.000000 -1.124242 103.152165 0.002654 14.532960 -0.085158 
333 6.739484 0.000000 -0.476006 96.732664 0.236710 17.175126 0.034775 
334 6.057242 0.000000 0.172230 -2.257812 -0.412097 -3.305989 0.998380 
335 5.033879 0.000000 -0.800124 103.587851 0.194757 0.023484 -0.073048 
336 4.692758 0.000000 -0.800124 101.767544 0.203357 0.017742 -0.035667 
337 5.033879 0.000000 -1.124242 102.961593 0.194280 0.000000 -0.060113 
338 5.375000 0.000000 -0.800124 105.894748 0.185072 5.974850 -0.124943 
339 5.033879 0.000000 -0.476006 103.025182 0.193805 0.000000 -0.061423 
340 6.057242 0.000000 0.820466 98.919066 2.691939 -0.783402 0.020716 
341 6.739484 0.000000 0.820466 97.954273 1.298021 -0.506895 0.040302 
342 6.057242 0.000000 1.468702 98.932297 -0.089669 1.692079 0.020953 
343 4.692758 0.000000 2.116938 105.689113 0.066642 0.102341 -0.117020 
344 5.375000 0.000000 2.116938 103.388446 0.044200 -0.482318 -0.068941 
345 4.692758 0.000000 2.765175 105.099569 0.022219 2.187978 -0.105071 
346 5.033879 0.000000 1.144584 72.492304 0.051839 0.000000 0.474486 
347 4.692758 0.000000 1.144584 65.586232 0.455632 -0.819005 0.569757 
348 5.033879 0.000000 0.820466 44.815952 0.551014 -1.545457 0.798884 
349 5.375000 0.000000 1.144584 96.854722 2.046594 -0.201741 0.061493 
350 5.033879 0.000000 1.468702 102.514413 0.178608 -4.323496 -0.052793 
351 27.206747 0.000000 62.402895 99.775686 -0.000261 6.937166 -0.000331 
352 49.038495 0.000000 62.402895 99.769701 -0.000556 6.928766 -0.000200 
353 27.206747 0.000000 83.146450 99.768005 -0.000429 6.955976 -0.000204 
354 16.290874 0.000000 31.287562 99.834247 0.003146 6.818952 -0.001338 
355 27.206747 0.000000 31.287562 99.807732 0.002281 6.787888 -0.000766 
356 16.290874 0.000000 41.659340 99.803056 0.001051 6.895030 -0.000819 
357 10.832937 0.000000 15.729896 100.041760 0.004398 6.370481 -0.004894 
358 16.290874 0.000000 15.729896 99.930340 0.029995 6.286854 -0.002560 
359 10.832937 0.000000 20.915785 99.932691 -0.000810 6.651897 -0.003079 
360 8.103968 0.000000 7.951063 100.616516 0.049454 5.128402 -0.014999 
361 10.832937 0.000000 7.951063 100.234083 0.096279 4.966371 -0.007155 
362 8.103968 0.000000 10.544008 100.397344 0.088031 5.856064 -0.011393 
363 6.739484 0.000000 4.061647 101.667213 0.217525 2.771570 -0.034395 
364 8.103968 0.000000 4.061647 100.458697 0.247578 2.728282 -0.009945 
365 6.739484 0.000000 5.358119 101.570296 0.246801 3.918721 -0.033194 
366 6.057242 0.000000 2.116938 101.545080 -0.158305 0.311545 -0.031153 
367 6.739484 0.000000 2.116938 100.810920 -0.089965 1.080978 -0.016402 
368 6.057242 0.000000 2.765175 102.241529 -0.010131 1.137820 -0.045462 
369 5.716121 0.000000 1.144584 99.913341 2.553590 -0.439026 0.001061 
370 5.716121 0.000000 0.820466 99.830799 2.636256 -0.508013 0.002660 
371 6.057242 0.000000 1.144584 99.134358 2.756653 -0.762563 0.016420 
372 5.716121 0.000000 1.468702 98.835830 0.215028 -0.200647 0.023139 
373 27.206747 0.000000 -62.058434 99.742317 0.002228 6.945498 0.000323 
374 27.206747 0.000000 -82.801989 99.747568 0.001397 6.959740 0.000198 
375 49.038495 0.000000 -62.058434 99.747984 0.002526 6.940651 0.000217 
376 16.290874 0.000000 -30.943102 99.703548 0.007213 6.861987 0.001212 
377 16.290874 0.000000 -41.314880 99.723185 0.004166 6.914207 0.000748 
378 27.206747 0.000000 -30.943102 99.724489 0.007534 6.844773 0.000818 
379 10.832937 0.000000 -15.385436 99.605807 -0.031805 6.601493 0.003510 
380 10.832937 0.000000 -20.571325 99.652117 0.000014 6.757514 0.002379 
381 16.290874 0.000000 -15.385436 99.646981 -0.013699 6.542064 0.002768 
382 8.103968 0.000000 -7.606603 99.367164 -0.019486 6.042801 0.008965 
383 8.103968 0.000000 -10.199547 99.400133 -0.064644 6.317480 0.007970 
384 10.832937 0.000000 -7.606603 99.441070 0.079508 5.943793 0.007614 
385 6.739484 0.000000 -3.717186 99.146369 -0.085061 5.568401 0.013898 
386 6.739484 0.000000 -5.013659 99.194275 -0.049239 5.695337 0.012806 
387 8.103968 0.000000 -3.717186 98.970231 -0.086353 5.528865 0.017432 
388 6.057242 0.000000 -1.772478 101.074104 -0.230561 7.521382 -0.027260 
389 6.057242 0.000000 -2.420714 100.014490 -0.187969 5.994325 -0.003887 
390 6.739484 0.000000 -1.772478 99.906052 -0.129933 8.036072 -0.004581 
391 70.870242 0.000000 -20.571325 99.765907 0.012797 6.750723 0.000119 
392 70.870242 0.000000 -41.314880 99.754245 0.004854 6.901003 0.000147 
393 92.701989 0.000000 -20.571325 99.767447 0.011723 6.774793 0.000056 
394 70.870242 0.000000 0.172230 99.892072 0.247857 5.004111 -0.000353 
395 38.122621 0.000000 -10.199547 99.779477 0.042006 6.264811 0.000481 
396 38.122621 0.000000 -20.571325 99.746004 0.014596 6.706356 0.000576 
397 49.038495 0.000000 -10.199547 99.788587 0.037600 6.330314 0.000216 
398 38.122621 0.000000 0.172230 99.886436 0.697462 4.932271 -0.000211 
399 21.748810 0.000000 -5.013659 99.752307 0.139269 5.359128 0.002074 
400 21.748810 0.000000 -10.199547 99.702545 0.001158 6.177061 0.002125 
401 27.206747 0.000000 -5.013659 99.802619 0.098081 5.453614 0.000969 
402 21.748810 0.000000 0.172230 99.645998 0.787926 7.275582 0.001712 
403 13.561905 0.000000 -2.420714 99.356297 0.349953 4.799868 0.010517 
404 13.561905 0.000000 -5.013659 99.477252 0.114650 5.344184 0.007570 
405 16.290874 0.000000 -2.420714 99.615810 0.406787 4.744306 0.005402 
406 13.561905 0.000000 0.172230 99.086688 -1.689356 10.087146 0.007722 
407 9.468453 0.000000 -1.124242 97.964975 0.351957 7.576802 0.034533 
408 9.468453 0.000000 -2.420714 98.712748 0.238463 5.729019 0.022291 
409 10.832937 0.000000 -1.124242 98.015246 0.566795 6.222771 0.035397 
410 9.468453 0.000000 0.172230 99.144534 -0.591664 25.462115 -0.047831 
411 7.421726 0.000000 -0.476006 100.110078 0.254739 20.154635 -0.042830 
412 7.421726 0.000000 -1.124242 99.479881 0.027194 10.925858 -0.001562 
413 8.103968 0.000000 -0.476006 95.520038 0.253342 31.090090 -0.009074 
414 7.421726 0.000000 0.172230 0.647282 1.272467 1.636971 0.999528 
415 6.398363 0.000000 -0.800124 96.464817 0.224889 27.020715 -0.003563 
416 6.057242 0.000000 -0.800124 100.576095 0.196334 27.705562 -0.088319 
417 6.398363 0.000000 -1.124242 99.521412 -0.183996 13.827983 -0.009576 
418 6.739484 0.000000 -0.800124 96.646660 0.235010 17.573106 0.035055 
419 6.398363 0.000000 -0.476006 96.312251 0.222684 26.656270 0.001334 
420 70.870242 0.000000 20.915785 99.798718 0.008047 6.407845 -0.000084 
421 92.701989 0.000000 20.915785 99.804079 0.010441 6.308521 -0.000065 
422 70.870242 0.000000 41.659340 99.770294 -0.000200 6.851987 -0.000106 
423 38.122621 0.000000 10.544008 99.870624 0.045264 5.424779 -0.000357 
424 49.038495 0.000000 10.544008 99.877934 0.054911 5.269195 -0.000337 
425 38.122621 0.000000 20.915785 99.806873 0.006660 6.511762 -0.000381 
426 21.748810 0.000000 5.358119 99.915791 0.204542 4.394884 -0.000252 
427 27.206747 0.000000 5.358119 99.923947 0.214131 4.406058 -0.000425 
428 21.748810 0.000000 10.544008 99.890372 0.032128 5.587838 -0.000931 
429 13.561905 0.000000 2.765175 99.486918 0.606296 4.546852 0.008131 
430 16.290874 0.000000 2.765175 99.678427 0.686937 5.124546 0.003748 
431 13.561905 0.000000 5.358119 99.916856 0.163262 4.161171 -0.000072 
432 9.468453 0.000000 1.468702 98.936909 -0.016046 9.841168 0.011464 
433 10.832937 0.000000 1.468702 98.055100 5.975612 8.830048 0.027152 
434 9.468453 0.000000 2.765175 99.726856 0.391553 2.568709 0.004780 
435 7.421726 0.000000 0.820466 99.618280 -1.559110 -1.550645 0.007136 
436 8.103968 0.000000 0.820466 99.996133 -3.768550 -2.711502 -0.002078 
437 7.421726 0.000000 1.468702 98.965770 -0.548914 4.461352 0.018557 
438 6.398363 0.000000 1.144584 98.236260 2.486697 -0.849492 0.034273 
439 6.398363 0.000000 0.820466 98.025212 2.115414 -0.779761 0.038597 
440 6.739484 0.000000 1.144584 97.804538 1.727197 -0.706851 0.043079 
441 6.398363 0.000000 1.468702 99.421611 -0.308321 2.155711 0.011060 
442 7.421726 0.000000 -1.772478 99.169708 0.022539 7.762925 0.010511 
443 7.421726 0.000000 -2.420714 99.297260 -0.079517 6.329523 0.009998 
444 8.103968 0.000000 -1.772478 98.687209 0.129862 7.459803 0.020517 
445 7.080605 0.000000 -0.800124 98.209578 0.265916 10.340783 0.024788 
446 7.080605 0.000000 -1.124242 99.095804 -0.016614 10.693544 0.006567 
447 7.421726 0.000000 -0.800124 101.121879 0.291727 13.832227 -0.041705 
448 7.080605 0.000000 -0.476006 100.160999 0.264675 12.332559 -0.018439 
449 7.421726 0.000000 2.116938 100.337499 0.263025 1.723191 -0.007065 
450 8.103968 0.000000 2.116938 99.686831 0.540256 2.296839 0.005697 
451 7.421726 0.000000 2.765175 100.754956 0.081058 1.697270 -0.015445 
452 7.080605 0.000000 1.144584 97.981539 0.027263 -0.669137 0.039917 
453 7.080605 0.000000 0.820466 98.834524 0.034486 -0.654238 0.023131 
454 7.421726 0.000000 1.144584 98.431839 -1.882393 -1.630533 0.030497 
455 7.080605 0.000000 1.468702 99.393346 -0.619652 3.444239 0.010872 
456 8.786211 0.000000 -0.476006 93.357288 0.244913 27.389830 0.053415 
457 8.786211 0.000000 -1.124242 97.525879 0.258130 8.664443 0.041356 
458 9.468453 0.000000 -0.476006 98.235687 0.332555 11.180222 0.022464 
459 8.786211 0.000000 0.172230 96.877200 0.040954 19.205286 0.024596 
460 7.762847 0.000000 -0.151888 96.663643 0.249305 29.962691 -0.024168 
461 7.421726 0.000000 -0.151888 99.395158 0.283681 21.116570 -0.032539 
462 7.762847 0.000000 -0.476006 97.129365 0.259019 29.323717 -0.029406 
463 8.103968 0.000000 -0.151888 95.936208 0.204605 29.494550 -0.007373 
464 7.762847 0.000000 0.172230 2.486472 1.275132 2.203312 0.998734 
465 8.786211 0.000000 0.820466 99.016331 -4.474980 -1.607331 0.017316 
466 9.468453 0.000000 0.820466 100.619612 -5.551024 10.272659 -0.026065 
467 8.786211 0.000000 1.468702 98.663237 -0.878431 7.257277 0.021213 
468 7.762847 0.000000 1.144584 99.156317 -3.146722 -2.315743 0.015276 
469 7.762847 0.000000 0.820466 100.142708 -3.106023 -2.516767 -0.004454 
470 8.103968 0.000000 1.144584 101.300334 -3.344750 -3.002149 -0.028196 
471 7.762847 0.000000 1.468702 96.545816 -2.346592 10.326235 0.056677 
472 8.445089 0.000000 -0.151888 94.941008 0.175461 27.782154 0.021433 
473 8.445089 0.000000 -0.476006 94.520826 0.191767 28.423288 0.025789 
474 8.786211 0.000000 -0.151888 96.073726 0.097113 20.054933 0.036763 
475 8.445089 0.000000 0.172230 94.647897 0.151322 27.280093 0.029755 
476 8.445089 0.000000 0.496348 100.773677 -3.902207 -2.563422 -0.017713 
477 8.103968 0.000000 0.496348 101.299751 -3.344976 -3.002027 -0.028184 
478 8.786211 0.000000 0.496348 98.271743 -4.698625 -1.667990 0.031781 
479 8.445089 0.000000 0.820466 100.718382 -3.607234 -1.981097 -0.016113 
480 12.197421 0.000000 1.468702 98.903285 4.984815 4.993319 0.016836 
481 12.197421 0.000000 0.172230 98.703854 -0.986947 9.856717 0.015942 
482 13.561905 0.000000 1.468702 100.185291 0.117013 -5.728256 -0.006992 
483 12.197421 0.000000 2.765175 99.350942 0.437281 4.014962 0.011308 
484 10.150695 0.000000 0.820466 107.363727 -4.125656 -0.710355 -0.154450 
485 10.150695 0.000000 0.172230 89.988182 -1.982497 41.911134 0.014165 
486 10.832937 0.000000 0.820466 75.520672 -4.452820 3.546769 0.426422 
487 10.150695 0.000000 1.468702 99.871158 2.132858 9.990394 -0.007861 
488 9.468453 0.000000 4.061647 100.273818 0.071155 2.882699 -0.006315 
489 10.832937 0.000000 4.061647 99.816730 0.145382 3.301879 0.002570 
490 9.468453 0.000000 5.358119 100.543063 0.081222 3.682258 -0.012247 
491 10.150695 0.000000 2.116938 99.196473 0.706966 3.741967 0.014556 
492 9.468453 0.000000 2.116938 99.468046 0.617189 3.415612 0.009406 
493 10.832937 0.000000 2.116938 98.819011 0.744409 4.101692 0.021743 
494 10.150695 0.000000 2.765175 99.487770 0.450990 2.941556 0.009333 
495 9.809574 0.000000 1.144584 103.208107 -6.370174 12.954878 -0.086032 
496 9.468453 0.000000 1.144584 100.324546 -6.670167 14.930793 -0.033243 
497 9.809574 0.000000 0.820466 104.771308 -5.754351 10.697431 -0.112457 
498 10.150695 0.000000 1.144584 107.163454 -6.637614 9.397611 -0.161638 
499 9.809574 0.000000 1.468702 99.624673 0.850724 10.393238 -0.003382 
500 12.197421 0.000000 -1.124242 98.783950 0.668563 5.315758 0.021303 
501 12.197421 0.000000 -2.420714 99.078181 0.443141 4.912327 0.015919 
502 13.561905 0.000000 -1.124242 99.241738 0.855643 5.191724 0.012339 
503 10.150695 0.000000 -0.476006 96.734770 0.547778 10.991335 0.052127 
504 10.150695 0.000000 -1.124242 97.970752 0.500836 7.017396 0.035224 
505 10.832937 0.000000 -0.476006 96.740328 0.701826 8.315168 0.057167 
506 11.515179 0.000000 0.820466 96.560632 -5.168377 12.455739 0.049419 
507 11.515179 0.000000 0.172230 97.063742 -0.572333 10.332283 0.047155 
508 12.197421 0.000000 0.820466 98.347791 -5.150289 12.267350 0.015070 
509 11.515179 0.000000 1.468702 98.307041 6.024223 7.219159 0.024732 
510 10.491816 0.000000 0.496348 79.457385 -3.665115 39.374249 0.212276 
511 10.150695 0.000000 0.496348 90.100574 -2.324744 33.259232 0.077031 
512 10.491816 0.000000 0.172230 78.421569 -3.912146 51.422989 0.119043 
513 10.832937 0.000000 0.496348 65.318810 -5.580874 52.567493 0.293897 
514 10.491816 0.000000 0.820466 85.376848 -4.160760 4.410589 0.267403 
515 10.491816 0.000000 1.144584 110.611748 -7.040032 -8.074078 -0.234971 
516 10.832937 0.000000 1.144584 94.272027 -7.802672 7.449639 0.099641 
517 10.491816 0.000000 1.468702 98.952863 3.930213 9.454855 0.010349 
518 11.515179 0.000000 -0.476006 97.858043 0.779377 6.973540 0.037457 
519 11.515179 0.000000 -1.124242 98.411406 0.632946 5.652300 0.028285 
520 12.197421 0.000000 -0.476006 98.647440 0.772103 6.656951 0.022377 
521 11.174058 0.000000 0.496348 94.307112 -2.873649 12.474770 0.094229 
522 11.174058 0.000000 0.172230 95.418411 -0.413636 11.178699 0.077019 
523 11.515179 0.000000 0.496348 96.654823 -2.986601 11.967272 0.050571 
524 11.174058 0.000000 0.820466 94.310434 -5.155171 11.974028 0.093559 
525 10.662376 0.000000 0.658407 73.407947 -4.417092 23.147232 0.405597 
526 10.491816 0.000000 0.658407 83.224252 -3.930925 13.230405 0.288323 
527 10.662376 0.000000 0.496348 72.102481 -4.311459 42.934381 0.293928 
528 10.832937 0.000000 0.658407 70.906716 -3.823517 26.133698 0.427465 
529 10.662376 0.000000 0.820466 77.474386 -4.742107 -5.924098 0.394014 
530 4.351637 0.000000 1.144584 60.665166 0.420875 -0.147594 0.631954 
531 4.010516 0.000000 1.144584 63.841812 0.406636 -0.318499 0.592396 
532 4.351637 0.000000 0.820466 113.979611 0.385419 -2.802097 -0.299935 
533 4.351637 0.000000 1.468702 109.805980 0.087127 -1.723888 -0.206033 
534 5.033879 0.000000 0.496348 58.098186 0.418693 0.000000 0.662443 
535 4.692758 0.000000 0.496348 65.945474 0.457404 -0.858298 0.565025 
536 5.033879 0.000000 0.172230 -3.204071 -0.447853 -6.139676 0.995184 
537 5.375000 0.000000 0.496348 4.178185 -1.244344 -6.517645 0.993851 
538 4.863318 0.000000 0.982525 71.351591 0.190554 -0.394227 0.490876 
539 4.692758 0.000000 0.982525 65.877398 0.310765 -0.312270 0.565997 
540 4.863318 0.000000 0.820466 119.957701 0.000165 -9.812719 -0.448614 
541 5.033879 0.000000 0.982525 76.886927 0.429559 -0.294724 0.408813 
542 4.863318 0.000000 1.144584 71.452099 0.208470 -0.467857 0.489434 
543 4.351637 0.000000 0.496348 62.680867 0.406279 -0.252184 0.607088 
544 4.010516 0.000000 0.496348 64.121513 0.404091 -0.332652 0.588816 
545 4.351637 0.000000 0.172230 -1.318670 -0.134298 -1.736866 0.999523 
546 4.863318 0.000000 0.658407 71.396836 0.197227 -0.422365 0.490227 
547 4.692758 0.000000 0.658407 69.347879 0.258286 -0.454147 0.519060 
548 4.863318 0.000000 0.496348 58.098186 0.418693 0.000000 0.662443 
549 5.033879 0.000000 0.658407 77.823530 0.410835 0.000000 0.394333 
550 5.204439 0.000000 0.982525 88.504859 1.120630 -0.051790 0.216563 
551 5.204439 0.000000 0.820466 88.804943 1.274542 -0.044337 0.211206 
552 5.375000 0.000000 0.982525 95.075961 1.858055 -0.146931 0.095709 
553 5.204439 0.000000 1.144584 90.307557 1.352633 0.000000 0.184272 
554 4.948599 0.000000 0.901496 160.686002 -0.039060 -14.750067 -1.603756 
555 4.863318 0.000000 0.901496 116.363759 -0.008848 -9.788990 -0.363635 
556 4.948599 0.000000 0.820466 148.429233 -0.024711 -13.204420 -1.220559 
557 5.033879 0.000000 0.901496 47.508976 0.557886 -2.091285 0.773821 
558 4.948599 0.000000 0.982525 72.381435 0.160774 -0.381523 0.476076 
559 5.716121 0.000000 0.496348 1.512420 -1.533448 -3.540807 0.998282 
560 5.716121 0.000000 0.172230 -2.029846 -0.763626 -4.728836 0.997293 
561 6.057242 0.000000 0.496348 -0.298819 -1.114422 -1.833091 0.999531 
562 5.204439 0.000000 0.658407 88.240435 1.087868 -0.056058 0.221244 
563 5.204439 0.000000 0.496348 3.307736 -0.907852 -8.925733 0.990857 
564 5.375000 0.000000 0.658407 95.116218 1.862322 -0.148171 0.094941 
565 4.948599 0.000000 0.739437 80.784672 -0.089768 -0.250739 0.347377 
566 4.863318 0.000000 0.739437 71.333289 0.188313 -0.384493 0.491138 
567 4.948599 0.000000 0.658407 72.193401 0.173264 -0.409203 0.478792 
568 5.033879 0.000000 0.739437 83.664018 0.104824 -0.196134 0.300028 
569 5.119159 0.000000 0.901496 49.417244 0.886955 -0.158016 0.755712 
570 5.119159 0.000000 0.820466 48.919195 0.892431 -0.192401 0.760608 
571 5.204439 0.000000 0.901496 87.406893 1.156351 -0.034235 0.235870 
572 5.119159 0.000000 0.982525 84.294105 0.923127 -0.042155 0.289365 
573 4.991239 0.000000 0.860981 61.750735 0.095393 -6.260288 0.614765 
574 4.948599 0.000000 0.860981 179.023002 -0.083209 -16.855505 -2.233335 
575 4.991239 0.000000 0.820466 70.378626 0.212792 -4.414297 0.502732 
576 5.033879 0.000000 0.860981 36.371459 0.556727 -0.765272 0.867622 
577 4.991239 0.000000 0.901496 85.413856 0.096885 -6.219162 0.266579 
578 4.522197 0.000000 0.982525 83.683188 0.335876 -2.741966 0.298949 
579 4.351637 0.000000 0.982525 114.994908 0.386746 -2.922809 -0.323252 
580 4.522197 0.000000 0.820466 83.082907 0.337649 -2.677507 0.308995 
581 4.522197 0.000000 1.144584 61.711355 0.451895 -0.414520 0.619133 
582 4.778038 0.000000 0.901496 84.697918 0.219859 -5.413786 0.279691 
583 4.692758 0.000000 0.901496 86.072565 0.331156 -4.601546 0.257023 
584 4.778038 0.000000 0.820466 81.980616 0.208758 -4.783703 0.325625 
585 4.778038 0.000000 0.982525 69.753281 0.233837 -0.403389 0.513426 
586 4.905959 0.000000 0.860981 195.745350 -0.168479 -18.380157 -2.865410 
587 4.863318 0.000000 0.860981 133.347235 -0.049543 -11.931090 -0.792384 
588 4.905959 0.000000 0.820466 186.870135 -0.173796 -16.972249 -2.520853 
589 4.905959 0.000000 0.901496 193.186991 -0.177864 -17.919547 -2.764236 
590 4.522197 0.000000 0.658407 61.399314 0.449975 -0.379912 0.622978 
591 4.351637 0.000000 0.658407 62.448484 0.434333 -0.379326 0.609985 
592 4.522197 0.000000 0.496348 64.194115 0.459338 -0.680033 0.587844 
593 4.607478 0.000000 0.901496 87.163631 0.332936 -4.202207 0.238473 
594 4.522197 0.000000 0.901496 98.069168 0.302140 -3.765831 0.036817 
595 4.607478 0.000000 0.820466 77.419902 0.374494 -2.922242 0.399748 
596 4.607478 0.000000 0.982525 71.956719 0.396854 -1.959160 0.481823 
597 3.669395 0.000000 1.144584 65.282907 0.365688 0.013638 0.573801 
598 3.669395 0.000000 0.820466 78.469164 0.299538 -0.505523 0.384225 
599 3.669395 0.000000 1.468702 112.455797 0.062975 3.067344 -0.265572 
600 4.181076 0.000000 0.982525 87.170501 0.414980 -1.940926 0.239736 
601 4.010516 0.000000 0.982525 86.731145 0.385586 -1.708579 0.247464 
602 4.181076 0.000000 0.820466 81.308748 0.419356 -1.582242 0.338621 
603 4.181076 0.000000 1.144584 63.871754 0.406364 -0.320014 0.592013 
604 4.436917 0.000000 0.901496 121.834167 0.317016 -3.854805 -0.485852 
605 4.351637 0.000000 0.901496 138.106031 0.323028 -4.073691 -0.908998 
606 4.436917 0.000000 0.820466 111.515155 0.337018 -3.256103 -0.244635 
607 4.436917 0.000000 0.982525 113.678358 0.334093 -3.368755 -0.293423 
608 3.669395 0.000000 0.496348 67.464121 0.340102 0.022640 0.544848 
609 3.328274 0.000000 0.496348 70.407926 0.303310 0.029263 0.504263 
610 3.669395 0.000000 0.172230 0.696533 -0.081878 0.119715 0.999949 
611 4.181076 0.000000 0.658407 60.743016 0.423368 -0.153753 0.631008 
612 4.010516 0.000000 0.658407 62.974996 0.404394 -0.155987 0.603396 
613 4.181076 0.000000 0.496348 64.139677 0.403926 -0.333571 0.588583 
614 4.266357 0.000000 0.901496 102.549390 0.398930 -2.704871 -0.052385 
615 4.181076 0.000000 0.901496 90.910513 0.376591 -2.247184 0.173009 
616 4.266357 0.000000 0.820466 75.394348 0.421787 -1.064103 0.431438 
617 4.266357 0.000000 0.982525 77.494619 0.419907 -1.192453 0.399299 
618 3.839955 0.000000 0.982525 117.091741 0.313802 -2.043408 -0.371475 
619 3.669395 0.000000 0.982525 91.048249 0.224749 -0.908960 0.170934 
620 3.839955 0.000000 0.820466 94.993610 0.338963 -1.012167 0.097507 
621 3.839955 0.000000 1.144584 63.553818 0.396154 -0.150435 0.596073 
622 3.839955 0.000000 0.658407 65.108385 0.375682 -0.104350 0.576075 
623 3.669395 0.000000 0.658407 65.767296 0.365952 -0.083917 0.567452 
624 3.839955 0.000000 0.496348 64.809775 0.388300 -0.255852 0.579948 
625 3.925236 0.000000 0.901496 103.343341 0.320107 -2.213002 -0.068485 
626 3.839955 0.000000 0.901496 123.922372 0.305305 -2.261545 -0.536196 
627 3.925236 0.000000 0.820466 76.764260 0.373935 -0.819818 0.410644 
628 4.010516 0.000000 0.901496 93.084641 0.355504 -2.199511 0.133029 
629 3.925236 0.000000 0.982525 89.535290 0.371564 -1.698809 0.198041 
630 3.498834 0.000000 0.982525 90.857477 0.213460 -0.538588 0.174458 
631 3.328274 0.000000 0.982525 106.015891 0.194911 0.284718 -0.123949 
632 3.498834 0.000000 0.820466 66.776861 0.340256 0.005157 0.554073 
633 3.498834 0.000000 1.144584 70.127503 0.306292 0.027354 0.508204 
634 3.754675 0.000000 0.901496 125.025284 0.235148 -1.947729 -0.563517 
635 3.669395 0.000000 0.901496 104.492821 0.191007 -1.331176 -0.092056 
636 3.754675 0.000000 0.820466 95.129726 0.334979 -0.999511 0.094922 
637 3.754675 0.000000 0.982525 118.463136 0.244283 -1.747015 -0.403663 
638 2.987153 0.000000 0.496348 78.804290 0.143951 0.000000 0.378986 
639 2.646032 0.000000 0.496348 93.787452 0.131130 7.530685 0.114719 
640 2.987153 0.000000 0.172230 -0.292114 -0.057054 -0.138516 0.999989 
641 3.498834 0.000000 0.658407 69.559076 0.312337 0.023485 0.516144 
642 3.328274 0.000000 0.658407 72.078623 0.262796 0.012581 0.480460 
643 3.498834 0.000000 0.496348 70.322024 0.304223 0.028678 0.505472 
644 3.584114 0.000000 0.901496 93.735461 0.189310 -0.903605 0.121281 
645 3.498834 0.000000 0.901496 91.594844 0.207229 -0.595437 0.160999 
646 3.584114 0.000000 0.820466 74.580381 0.301105 -0.284390 0.443760 
647 3.584114 0.000000 0.982525 90.984462 0.206795 -0.795213 0.172115 
648 3.157713 0.000000 0.982525 114.659362 0.096574 2.536750 -0.315321 
649 2.987153 0.000000 0.982525 103.388393 0.067134 11.571140 -0.082306 
650 3.157713 0.000000 0.820466 74.742012 0.225414 0.098236 0.441357 
651 3.157713 0.000000 1.144584 72.908497 0.249001 0.012101 0.468429 
652 3.413554 0.000000 0.901496 99.327457 0.196183 -0.332886 0.013391 
653 3.328274 0.000000 0.901496 108.023948 0.189791 0.233784 -0.166926 
654 3.413554 0.000000 0.820466 70.145320 0.291560 0.009541 0.507955 
655 3.413554 0.000000 0.982525 98.179820 0.200860 -0.249530 0.036062 
656 3.157713 0.000000 0.658407 74.872262 0.225534 0.111381 0.439408 
657 2.987153 0.000000 0.658407 76.326898 0.198901 0.139050 0.417415 
658 3.157713 0.000000 0.496348 72.939362 0.238690 0.000000 0.467979 
659 3.242993 0.000000 0.901496 122.782343 0.162581 0.974709 -0.507648 
660 3.157713 0.000000 0.901496 123.478457 0.075372 2.964275 -0.525572 
661 3.242993 0.000000 0.820466 74.051035 0.236552 0.091738 0.451638 
662 3.242993 0.000000 0.982525 119.897414 0.169024 1.016559 -0.437645 
663 1.281547 0.000000 4.061647 102.167339 0.080964 8.256299 -0.050634 
664 -0.082937 0.000000 4.061647 100.989571 -0.018459 8.471004 -0.027065 
665 1.281547 0.000000 5.358119 101.674992 -0.025530 7.406592 -0.039266 
666 1.963789 0.000000 2.116938 105.144816 0.008502 12.433622 -0.121003 
667 1.281547 0.000000 2.116938 102.381312 0.000135 12.753724 -0.064459 
668 1.963789 0.000000 2.765175 104.223019 0.022837 10.022612 -0.096289 
669 2.304911 0.000000 1.144584 106.142302 0.120558 13.740354 -0.145500 
670 1.963789 0.000000 1.144584 105.330161 0.047655 29.966716 -0.199245 
671 2.304911 0.000000 0.820466 106.207057 0.090751 20.546027 -0.170209 
672 2.304911 0.000000 1.468702 109.957785 0.024686 15.144337 -0.232007 
673 2.816592 0.000000 0.982525 88.126350 0.135337 4.355671 0.221476 
674 2.646032 0.000000 0.982525 94.025081 0.130919 7.429466 0.110407 
675 2.816592 0.000000 0.820466 87.523087 0.135929 4.092131 0.232295 
676 2.816592 0.000000 1.144584 85.896184 0.137004 3.109948 0.261215 
677 3.072433 0.000000 0.901496 106.084589 0.032123 5.960434 -0.128947 
678 2.987153 0.000000 0.901496 108.036666 0.056475 12.532667 -0.182899 
679 3.072433 0.000000 0.820466 75.613096 0.211042 0.101910 0.428260 
680 3.072433 0.000000 0.982525 99.023168 0.064587 5.454816 0.016465 
681 2.987153 0.000000 1.792820 110.790294 0.120293 8.575595 -0.234804 
682 2.646032 0.000000 1.792820 109.635822 0.112024 10.886786 -0.213855 
683 3.328274 0.000000 1.792820 110.932340 0.058892 5.979733 -0.234174 
684 2.987153 0.000000 2.116938 108.930179 0.124485 8.260343 -0.193403 
685 3.157713 0.000000 1.306643 66.108571 0.349031 0.000000 0.562954 
686 2.987153 0.000000 1.306643 78.804290 0.143951 0.000000 0.378986 
687 3.328274 0.000000 1.306643 66.108571 0.349031 0.000000 0.562954 
688 3.157713 0.000000 1.468702 113.188363 0.070262 6.578202 -0.285488 
689 3.072433 0.000000 1.063555 75.774128 0.207408 0.135118 0.425822 
690 2.987153 0.000000 1.063555 76.279624 0.200066 0.142788 0.418136 
691 3.157713 0.000000 1.063555 74.893923 0.225548 0.113491 0.439084 
692 3.072433 0.000000 1.144584 75.770184 0.208516 0.144848 0.425881 
693 3.115073 0.000000 0.942011 109.510705 0.038730 3.869029 -0.200757 
694 3.072433 0.000000 0.942011 105.072016 0.041093 5.309469 -0.106832 
695 3.115073 0.000000 0.901496 109.801717 0.034848 3.860955 -0.207133 
696 3.157713 0.000000 0.942011 123.420845 0.075325 2.962540 -0.524149 
697 3.115073 0.000000 0.982525 105.430419 0.068459 3.712707 -0.112936 
698 2.304911 0.000000 0.496348 105.966218 0.074772 23.915542 -0.180080 
699 1.963789 0.000000 0.496348 105.980933 0.045122 30.498726 -0.216213 
700 2.304911 0.000000 0.172230 0.549345 0.037017 1.477885 0.999751 
701 2.816592 0.000000 0.658407 88.591029 0.134896 4.567031 0.213075 
702 2.646032 0.000000 0.658407 96.805699 0.129131 9.069587 0.054638 
703 2.816592 0.000000 0.496348 78.804290 0.143951 0.000000 0.378986 
704 2.901872 0.000000 0.901496 107.167971 0.087971 11.129195 -0.160884 
705 2.816592 0.000000 0.901496 87.598355 0.135853 4.123754 0.230950 
706 2.901872 0.000000 0.820466 98.427857 0.125416 5.231258 0.028458 
707 2.901872 0.000000 0.982525 105.630137 0.104295 9.071042 -0.124002 
708 3.029793 0.000000 0.942011 104.168811 0.044018 9.464952 -0.094073 
709 2.987153 0.000000 0.942011 106.981670 0.067767 11.338124 -0.157364 
710 3.029793 0.000000 0.901496 104.919686 0.043442 10.079886 -0.110975 
711 3.029793 0.000000 0.982525 101.866423 0.053160 7.676672 -0.043570 
712 2.816592 0.000000 1.306643 78.804290 0.143951 0.000000 0.378986 
713 2.646032 0.000000 1.306643 114.738184 0.037572 12.290359 -0.331591 
714 2.816592 0.000000 1.468702 113.027756 0.093714 9.958181 -0.287445 
715 2.901872 0.000000 1.063555 85.174925 0.137657 2.766403 0.273756 
716 2.816592 0.000000 1.063555 88.514194 0.134939 4.516529 0.214482 
717 2.901872 0.000000 1.144584 80.929000 0.140626 0.288662 0.345039 
718 2.944513 0.000000 0.942011 107.842524 0.077267 11.769925 -0.176855 
719 2.901872 0.000000 0.942011 107.872825 0.084328 11.529125 -0.176947 
720 2.944513 0.000000 0.901496 110.063424 0.072439 15.288702 -0.234771 
721 2.944513 0.000000 0.982525 106.825590 0.086881 11.530206 -0.154466 
722 2.901872 0.000000 0.739437 83.589733 0.158587 2.782407 0.300499 
723 2.816592 0.000000 0.739437 88.088318 0.135392 4.348192 0.222152 
724 2.901872 0.000000 0.658407 87.531370 0.135763 4.013877 0.232213 
725 2.987153 0.000000 0.739437 79.747990 0.180194 1.450224 0.363812 
726 2.944513 0.000000 0.860981 99.589484 0.097298 8.351427 0.001218 
727 2.901872 0.000000 0.860981 103.893785 0.100817 9.627925 -0.088663 
728 2.944513 0.000000 0.820466 100.482387 0.107538 8.536335 -0.016959 
729 2.987153 0.000000 0.860981 105.284528 0.074851 10.605172 -0.119731 
730 2.965833 0.000000 0.921753 108.279390 0.062959 12.852337 -0.188961 
731 2.944513 0.000000 0.921753 108.000823 0.077184 11.787931 -0.180314 
732 2.965833 0.000000 0.901496 108.953768 0.058701 14.599490 -0.208407 
733 2.987153 0.000000 0.921753 108.072188 0.056717 12.435540 -0.183424 
734 2.965833 0.000000 0.942011 107.384858 0.070011 11.472639 -0.166313 
735 19.019842 0.000000 2.765175 99.758165 0.699600 5.520123 0.001735 
736 19.019842 0.000000 0.172230 99.502710 0.294776 8.210742 0.003171 
737 21.748810 0.000000 2.765175 99.761657 0.893153 6.067573 0.001000 
738 19.019842 0.000000 5.358119 99.887284 0.072789 4.411802 0.000306 
739 14.926389 0.000000 1.468702 99.597715 -9.242127 4.687492 -0.002709 
740 14.926389 0.000000 0.172230 99.183079 -1.199191 9.853060 0.006420 
741 16.290874 0.000000 1.468702 99.352219 -6.853795 9.010455 0.000097 
742 14.926389 0.000000 2.765175 99.629378 0.627666 4.843552 0.005013 
743 12.879663 0.000000 0.820466 99.002555 -5.453391 11.839045 0.002859 
744 12.879663 0.000000 0.172230 99.167121 -1.722181 10.006680 0.006278 
745 13.561905 0.000000 0.820466 99.075672 -5.535907 11.693459 0.001663 
746 12.879663 0.000000 1.468702 99.530967 5.807619 0.719273 0.005934 
747 13.561905 0.000000 7.951063 100.038972 0.056737 4.980600 -0.003261 
748 16.290874 0.000000 7.951063 99.982054 0.028081 4.980354 -0.002122 
749 13.561905 0.000000 10.544008 100.030419 -0.037310 5.634363 -0.003783 
750 12.197421 0.000000 4.061647 99.853717 0.110581 3.585212 0.001637 
751 13.561905 0.000000 4.061647 99.748261 0.388345 3.924871 0.003473 
752 12.197421 0.000000 5.358119 99.970661 0.247867 4.022226 -0.001037 
753 11.515179 0.000000 2.116938 98.780211 0.706712 4.877122 0.021818 
754 12.197421 0.000000 2.116938 98.980547 0.715782 5.359896 0.017361 
755 11.515179 0.000000 2.765175 99.309127 0.408989 3.660665 0.012413 
756 11.856300 0.000000 1.144584 97.620769 -7.393845 10.626983 0.030258 
757 11.515179 0.000000 1.144584 96.824615 -7.740183 10.626637 0.045216 
758 11.856300 0.000000 0.820466 97.632002 -5.054118 12.471451 0.028691 
759 12.197421 0.000000 1.144584 98.261102 -6.992422 10.457716 0.018650 
760 11.856300 0.000000 1.468702 98.695915 5.847131 6.111980 0.018757 
761 11.174058 0.000000 1.144584 95.645513 -7.782523 10.115604 0.068904 
762 11.174058 0.000000 1.468702 98.002975 6.458704 8.117474 0.028781 
763 12.879663 0.000000 2.116938 99.146141 0.790763 5.763359 0.013620 
764 13.561905 0.000000 2.116938 99.329724 0.940223 5.936168 0.009748 
765 12.879663 0.000000 2.765175 99.431584 0.535399 4.286481 0.009470 
766 11.856300 0.000000 1.792820 98.619107 1.193410 6.472681 0.023095 
767 11.515179 0.000000 1.792820 98.422744 1.240743 6.186881 0.027315 
768 12.197421 0.000000 1.792820 98.787806 1.214395 6.604604 0.019587 
769 11.856300 0.000000 2.116938 98.878517 0.712626 5.152595 0.019598 
770 11.685739 0.000000 1.306643 96.776135 -17.421016 0.440431 0.033069 
771 11.515179 0.000000 1.306643 96.243521 -21.263691 2.319921 0.027966 
772 11.685739 0.000000 1.144584 97.250212 -7.520731 10.659962 0.037220 
773 11.856300 0.000000 1.306643 97.483173 -14.349128 1.215351 0.028966 
774 11.685739 0.000000 1.468702 98.490066 5.888600 6.731236 0.021972 
775 11.174058 0.000000 1.792820 98.339540 1.157078 5.677374 0.029576 
776 10.832937 0.000000 1.792820 98.435628 1.239433 5.160491 0.028226 
777 11.174058 0.000000 2.116938 98.774196 0.690240 4.445276 0.022342 
778 11.344618 0.000000 1.306643 95.614079 -22.742734 7.277916 0.028775 
779 11.174058 0.000000 1.306643 95.388000 -21.802919 11.714692 0.028853 
780 11.344618 0.000000 1.144584 96.304359 -7.821033 10.492791 0.055420 
781 11.344618 0.000000 1.468702 98.158759 6.398068 7.709592 0.026448 
782 11.685739 0.000000 1.630761 98.401849 2.058634 7.132986 0.026196 
783 11.515179 0.000000 1.630761 98.261797 2.117975 7.039161 0.029058 
784 11.856300 0.000000 1.630761 98.539885 2.073391 7.171038 0.023417 
785 11.685739 0.000000 1.792820 98.519737 1.183580 6.354312 0.025208 
786 11.600459 0.000000 1.387673 99.082274 16.560989 -3.153673 -0.010151 
787 11.515179 0.000000 1.387673 99.126859 19.081485 -1.385109 -0.019216 
788 11.600459 0.000000 1.306643 96.508731 -19.299056 1.161765 0.031226 
789 11.685739 0.000000 1.387673 99.041994 13.947006 -4.164406 -0.002118 
790 11.600459 0.000000 1.468702 98.394803 6.010284 6.974635 0.023369 
791 11.856300 0.000000 0.496348 97.814817 -2.990889 11.693366 0.028658 
792 11.856300 0.000000 0.172230 98.044709 -0.654184 10.015144 0.028650 
793 12.197421 0.000000 0.496348 98.580284 -3.264515 11.393522 0.014146 
794 11.685739 0.000000 0.982525 97.199263 -5.876673 12.049735 0.037257 
795 11.515179 0.000000 0.982525 96.687296 -6.020289 11.923376 0.047316 
796 11.685739 0.000000 0.820466 97.172227 -5.144628 12.488910 0.037512 
797 11.856300 0.000000 0.982525 97.625279 -5.870209 12.078907 0.028895 
798 11.600459 0.000000 1.225614 96.984174 -10.288183 9.165365 0.040422 
799 11.515179 0.000000 1.225614 96.791913 -10.457741 9.335948 0.043480 
800 11.600459 0.000000 1.144584 97.053610 -7.676396 10.648475 0.040828 
801 11.685739 0.000000 1.225614 97.150595 -10.022237 8.997888 0.038035 
802 12.538542 0.000000 1.144584 98.733613 -6.651822 10.597890 0.009511 
803 12.538542 0.000000 0.820466 98.796849 -5.283007 12.033303 0.006647 
804 12.879663 0.000000 1.144584 98.954054 -6.381940 10.737897 0.005206 
805 12.538542 0.000000 1.468702 99.161486 5.643659 3.328585 0.012407 
806 12.026861 0.000000 1.306643 97.860541 -12.094135 1.695957 0.027417 
807 12.026861 0.000000 1.144584 97.940674 -7.187708 10.548992 0.024468 
808 12.197421 0.000000 1.306643 98.549602 -10.360014 2.254269 0.017556 
809 12.026861 0.000000 1.468702 98.862684 5.556107 5.496954 0.016508 
810 11.771020 0.000000 1.387673 99.207213 11.920340 -5.942148 -0.001947 
811 11.771020 0.000000 1.306643 97.267600 -15.752347 1.071670 0.028973 
812 11.856300 0.000000 1.387673 99.180802 9.556192 -6.294875 0.003222 
813 11.771020 0.000000 1.468702 98.601973 5.945878 6.406317 0.020126 
814 11.643099 0.000000 1.347158 97.516125 -9.077165 -25.558559 -0.024503 
815 11.600459 0.000000 1.347158 97.654833 -2.389381 9.534357 0.036692 
816 11.643099 0.000000 1.306643 96.644409 -18.351616 0.745736 0.032252 
817 11.685739 0.000000 1.347158 97.622933 -8.157766 -22.047912 -0.008290 
818 11.643099 0.000000 1.387673 99.062620 15.241971 -3.746891 -0.005976 
819 12.538542 0.000000 1.792820 98.928283 1.301045 6.760008 0.016580 
820 12.879663 0.000000 1.792820 99.033883 1.431388 6.919024 0.014237 
821 12.538542 0.000000 2.116938 99.082576 0.756856 5.558607 0.015117 
822 12.367982 0.000000 1.306643 98.683575 -9.696683 3.285734 0.015673 
823 12.367982 0.000000 1.144584 98.553491 -6.823712 10.505052 0.013029 
824 12.538542 0.000000 1.306643 99.085233 -9.869850 4.791463 0.006174 
825 12.367982 0.000000 1.468702 98.992619 5.356706 4.204320 0.015409 
826 -60.120242 0.000000 -62.058434 99.750088 0.000493 6.976558 0.000125 
827 -81.951989 0.000000 -62.058434 99.752629 0.000323 6.977115 0.000073 
828 -60.120242 0.000000 -82.801989 99.751210 0.000433 6.975397 0.000104 
829 70.870242 0.000000 -62.058434 99.752209 0.002676 6.939941 0.000133 
830 70.870242 0.000000 -82.801989 99.752320 0.001738 6.955441 0.000110 
831 92.701989 0.000000 -62.058434 99.754703 0.002731 6.940896 0.000082 
832 -60.120242 0.000000 62.402895 99.763373 0.000023 6.976930 -0.000141 
833 -81.951989 0.000000 62.402895 99.760496 -0.000002 6.977341 -0.000084 
834 -60.120242 0.000000 83.146450 99.762273 -0.000078 6.975501 -0.000117 
835 -27.372621 0.000000 -30.943102 99.730208 0.001993 6.977622 0.000520 
836 -38.288495 0.000000 -30.943102 99.740448 0.001264 6.980671 0.000311 
837 -27.372621 0.000000 -41.314880 99.735349 0.001508 6.973546 0.000423 
838 70.870242 0.000000 62.402895 99.765569 -0.000753 6.924578 -0.000112 
839 92.701989 0.000000 62.402895 99.763353 -0.000861 6.921722 -0.000064 
840 70.870242 0.000000 83.146450 99.763231 -0.000741 6.948654 -0.000099 
841 38.122621 0.000000 -30.943102 99.739846 0.007601 6.841570 0.000516 
842 38.122621 0.000000 -41.314880 99.740605 0.004715 6.898312 0.000422 
843 49.038495 0.000000 -30.943102 99.749252 0.007565 6.844577 0.000324 
844 -27.372621 0.000000 31.287562 99.784763 0.001234 6.981929 -0.000575 
845 -38.288495 0.000000 31.287562 99.772783 0.000729 6.983210 -0.000337 
846 -27.372621 0.000000 41.659340 99.780463 0.000659 6.975559 -0.000480 
847 -10.998810 0.000000 -15.385436 99.640964 0.010407 6.969246 0.002311 
848 -16.456747 0.000000 -15.385436 99.685819 0.023827 6.984147 0.001396 
849 -10.998810 0.000000 -20.571325 99.672845 0.019989 6.954620 0.001696 
850 38.122621 0.000000 31.287562 99.791380 0.001607 6.773667 -0.000420 
851 49.038495 0.000000 31.287562 99.782889 0.001316 6.763680 -0.000237 
852 38.122621 0.000000 41.659340 99.783035 0.000265 6.867041 -0.000381 
853 21.748810 0.000000 -15.385436 99.696940 0.002341 6.533361 0.001784 
854 21.748810 0.000000 -20.571325 99.700093 0.005686 6.705844 0.001492 
855 27.206747 0.000000 -15.385436 99.724910 0.013249 6.534894 0.001224 
856 -10.998810 0.000000 15.729896 99.877168 0.002614 7.014971 -0.002466 
857 -16.456747 0.000000 15.729896 99.818460 0.022594 7.013925 -0.001292 
858 -10.998810 0.000000 20.915785 99.854791 0.018277 6.981726 -0.001972 
859 21.748810 0.000000 15.729896 99.870914 0.024501 6.251128 -0.001328 
860 27.206747 0.000000 15.729896 99.842327 0.003282 6.226495 -0.000726 
861 21.748810 0.000000 20.915785 99.851654 -0.001956 6.556237 -0.001334 
862 13.561905 0.000000 -7.606603 99.485563 0.036933 5.854313 0.006835 
863 13.561905 0.000000 -10.199547 99.586828 -0.036592 6.208249 0.004392 
864 16.290874 0.000000 -7.606603 99.627912 0.002508 5.846561 0.004010 
865 -2.811905 0.000000 7.951063 100.265970 0.024708 7.245891 -0.010577 
866 -5.540874 0.000000 7.951063 100.020938 0.008170 7.216850 -0.005627 
867 -2.811905 0.000000 10.544008 100.205720 -0.016006 7.047286 -0.009085 
868 1.963789 0.000000 -1.772478 98.586040 -0.046551 1.435933 0.027873 
869 1.963789 0.000000 -2.420714 98.333230 -0.083130 3.794654 0.031617 
870 -1.447421 0.000000 4.061647 100.282049 -0.028869 8.177828 -0.012337 
871 -2.811905 0.000000 4.061647 99.999381 0.087694 7.908328 -0.006243 
872 -1.447421 0.000000 5.358119 100.555826 0.106616 7.773156 -0.017191 
873 0.599305 0.000000 2.116938 100.494976 -0.013750 11.848394 -0.023962 
874 -0.082937 0.000000 2.116938 99.513848 -0.086060 10.759775 -0.001879 
875 0.599305 0.000000 2.765175 101.158945 -0.012662 10.223739 -0.033766 
876 -0.765179 0.000000 2.116938 99.152764 -0.090309 9.788699 0.007290 
877 -1.447421 0.000000 2.116938 99.128272 -0.034764 9.047162 0.009173 
878 -0.765179 0.000000 2.765175 99.924627 -0.035018 9.265922 -0.007079 
879 0.428745 0.000000 0.010171 69.715676 -0.081572 65.635504 0.083170 
880 0.599305 0.000000 0.010171 0.403434 -0.006717 -0.995899 0.999885 
881 -0.424058 0.000000 0.496348 92.628951 -0.035548 13.092170 0.124847 
882 -0.765179 0.000000 0.496348 94.607145 -0.014143 10.696323 0.093508 
883 -0.424058 0.000000 0.820466 95.246369 -0.036669 12.564608 0.077026 
884 -0.253497 0.000000 0.010171 81.572860 -0.064039 13.689195 0.315847 
885 -0.424058 0.000000 0.010171 87.039492 -0.056932 11.194718 0.229880 
886 -0.253497 0.000000 0.172230 85.306048 -0.060303 15.342347 0.248749 
887 -0.253497 0.000000 -0.638065 85.492674 -0.072126 0.682431 0.269053 
888 -0.424058 0.000000 -0.638065 88.899271 -0.063888 3.661400 0.208351 
889 -0.253497 0.000000 -0.800124 89.047680 -0.069951 0.681656 0.207004 
890 0.087624 0.000000 0.334289 85.716286 -0.032927 26.775223 0.193580 
891 -0.082937 0.000000 0.334289 86.669391 -0.063712 19.936626 0.209094 
892 0.087624 0.000000 0.496348 91.135335 -0.030667 21.703609 0.122330 
893 9.468453 0.000000 -3.717186 99.078580 0.079854 5.434055 0.015390 
894 9.468453 0.000000 -5.013659 99.483597 0.066728 5.762543 0.006980 
895 10.832937 0.000000 -3.717186 99.374641 0.090478 5.428664 0.009520 
896 1.622668 0.000000 0.496348 103.105057 0.003007 33.866669 -0.177760 
897 1.622668 0.000000 0.172230 101.424240 -0.028710 36.644219 -0.162968 
898 1.622668 0.000000 0.820466 103.458033 0.008241 33.448338 -0.182236 
899 1.622668 0.000000 1.144584 105.330161 0.047655 29.966716 -0.199245 
900 1.281547 0.000000 1.144584 100.005444 -0.018761 20.320593 -0.041402 
901 1.622668 0.000000 1.468702 103.626172 0.007784 17.437993 -0.104247 
902 2.987153 0.000000 -0.151888 -0.386490 -0.074919 0.363420 0.999971 
903 2.646032 0.000000 -0.151888 -0.420649 -0.137376 0.330705 0.999969 
904 3.328274 0.000000 -0.151888 0.504105 -0.052824 0.427978 0.999956 
905 3.669395 0.000000 1.792820 110.803635 0.053974 3.947866 -0.229303 
906 4.010516 0.000000 1.792820 110.033413 0.073825 2.045992 -0.211154 
907 3.669395 0.000000 2.116938 109.083214 0.098411 4.375880 -0.191831 
908 5.033879 0.000000 -0.151888 -3.286116 -0.281376 -5.016893 0.996395 
909 4.692758 0.000000 -0.151888 -1.701898 -0.199911 -3.477701 0.998497 
910 5.375000 0.000000 -0.151888 -3.969525 -0.413239 -4.994006 0.995913 
911 4.351637 0.000000 -0.151888 0.431976 -0.104318 -2.776664 0.999209 
912 4.010516 0.000000 -0.151888 0.457141 -0.034134 -0.663080 0.999935 
913 4.351637 0.000000 -0.476006 101.714306 0.190565 0.085665 -0.034584 
914 5.716121 0.000000 -0.800124 105.278511 0.172334 18.624574 -0.143047 
915 5.716121 0.000000 -1.124242 105.953567 0.177122 16.108326 -0.148567 
916 5.716121 0.000000 -0.476006 103.267223 0.158070 26.121580 -0.134648 
917 5.716121 0.000000 -0.151888 -3.750078 -0.401838 -3.723662 0.997191 
918 6.057242 0.000000 -0.151888 -3.850561 -0.203259 -3.076054 0.997567 
919 6.398363 0.000000 0.496348 -0.687902 0.089879 -0.504972 0.999926 
920 6.398363 0.000000 0.172230 -2.181494 0.160932 -1.930606 0.999149 
921 6.739484 0.000000 0.496348 -0.655599 1.203352 0.740938 0.999757 
922 4.351637 0.000000 1.792820 108.474815 0.073299 -0.077276 -0.176680 
923 4.692758 0.000000 1.792820 106.396658 0.085287 -1.168411 -0.132162 
924 4.351637 0.000000 2.116938 107.636992 0.064062 1.522332 -0.158804 
925 5.033879 0.000000 1.792820 104.259421 0.039003 -2.018665 -0.087410 
926 5.375000 0.000000 1.792820 102.089932 0.065175 -1.457571 -0.042448 
927 5.033879 0.000000 2.116938 103.539724 0.022382 -0.482337 -0.072071 
928 5.716121 0.000000 1.792820 101.179824 -0.073278 -0.620039 -0.023775 
929 6.057242 0.000000 1.792820 100.648411 -0.190722 0.345163 -0.013026 
930 5.716121 0.000000 2.116938 102.210047 -0.112299 -0.073218 -0.044691 
931 6.398363 0.000000 1.792820 100.431430 -0.202614 1.100748 -0.008772 
932 6.739484 0.000000 1.792820 100.243402 -0.243062 1.618718 -0.005142 
933 6.398363 0.000000 2.116938 101.045805 -0.085293 0.708758 -0.021076 
934 19.019842 0.000000 -2.420714 99.724347 0.305237 4.696934 0.003290 
935 19.019842 0.000000 -5.013659 99.706519 0.039663 5.354092 0.002994 
936 21.748810 0.000000 -2.420714 99.800926 0.346541 4.760626 0.001699 
937 12.197421 0.000000 -3.717186 99.318704 0.003391 5.146210 0.010931 
938 12.197421 0.000000 -5.013659 99.394542 0.107122 5.404288 0.009151 
939 13.561905 0.000000 -3.717186 99.416757 0.255949 5.026985 0.009097 
940 14.926389 0.000000 -1.124242 99.468262 0.755116 5.075536 0.007973 
941 14.926389 0.000000 -2.420714 99.512344 0.366279 4.711200 0.007496 
942 16.290874 0.000000 -1.124242 99.586635 0.794211 5.045131 0.005642 
943 8.786211 0.000000 -1.772478 98.420044 0.218613 6.801919 0.026718 
944 8.786211 0.000000 -2.420714 98.748437 0.167852 6.021126 0.021246 
945 9.468453 0.000000 -1.772478 98.398847 0.288978 6.247539 0.027855 
946 10.150695 0.000000 -1.772478 98.418031 0.432126 5.816696 0.027987 
947 10.150695 0.000000 -2.420714 98.709223 0.230365 5.439119 0.022685 
948 10.832937 0.000000 -1.772478 98.589933 0.463152 5.703091 0.024729 
949 7.762847 0.000000 -0.800124 97.646720 0.275533 28.492527 -0.034678 
950 7.762847 0.000000 -1.124242 98.813000 0.093707 11.080095 0.011321 
951 8.103968 0.000000 -0.800124 96.876501 0.154048 14.389646 0.040786 
952 7.080605 0.000000 -0.151888 101.121879 0.291727 13.832227 -0.041705 
953 6.739484 0.000000 -0.151888 -3.448194 0.471923 -1.078772 0.998672 
954 7.080605 0.000000 0.172230 -1.066737 1.194611 0.580771 0.999710 
955 19.019842 0.000000 7.951063 99.920238 0.085309 5.031751 -0.000938 
956 21.748810 0.000000 7.951063 99.902848 0.062981 5.027566 -0.000586 
957 19.019842 0.000000 10.544008 99.921947 0.052856 5.592265 -0.001567 
958 14.926389 0.000000 4.061647 99.791683 0.264400 4.090061 0.002482 
959 16.290874 0.000000 4.061647 99.834258 0.273039 4.185324 0.001553 
960 14.926389 0.000000 5.358119 99.867758 0.166772 4.286525 0.000803 
961 8.786211 0.000000 2.116938 99.483571 0.460848 3.047115 0.009352 
962 8.786211 0.000000 2.765175 99.961123 0.271257 2.260341 0.000259 
963 7.080605 0.000000 0.496348 -0.098067 1.634088 1.708274 0.999440 
964 7.421726 0.000000 0.496348 97.840405 -0.850245 -1.071154 0.042538 
965 7.762847 0.000000 0.496348 99.156317 -3.146722 -2.315743 0.015276 
966 7.080605 0.000000 1.792820 100.100013 -0.207965 2.104167 -0.002448 
967 7.421726 0.000000 1.792820 99.927648 0.210812 2.637603 0.000746 
968 7.080605 0.000000 2.116938 100.541300 0.087080 1.513158 -0.011085 
969 7.762847 0.000000 1.792820 99.678466 0.822255 3.079690 0.005404 
970 8.103968 0.000000 1.792820 98.905013 1.031768 4.112082 0.019982 
971 7.762847 0.000000 2.116938 100.001125 0.430478 2.049276 -0.000461 
972 8.445089 0.000000 -0.800124 96.093223 0.207248 12.109921 0.061940 
973 8.445089 0.000000 -1.124242 97.504029 0.197223 9.569850 0.040134 
974 8.786211 0.000000 -0.800124 96.437420 0.251657 10.188616 0.059595 
975 8.445089 0.000000 1.144584 100.783405 -3.899320 -2.565025 -0.017908 
976 8.786211 0.000000 1.144584 99.380695 -4.315588 -2.333947 0.009941 
977 8.445089 0.000000 1.468702 99.667986 -2.042156 6.485997 0.002005 
978 9.809574 0.000000 0.496348 95.976158 -1.340410 28.524532 -0.002687 
979 9.468453 0.000000 0.496348 97.611263 -5.819873 7.571763 0.038084 
980 9.809574 0.000000 0.172230 93.834027 -1.304240 38.313928 -0.027448 
981 10.491816 0.000000 1.792820 98.802801 1.225453 4.949971 0.021200 
982 10.150695 0.000000 1.792820 99.250170 1.106858 4.924023 0.012393 
983 10.491816 0.000000 2.116938 98.991854 0.812224 3.872079 0.018496 
984 11.515179 0.000000 -1.772478 98.768834 0.426148 5.207069 0.021742 
985 11.515179 0.000000 -2.420714 98.915143 0.466923 5.083891 0.018973 
986 12.197421 0.000000 -1.772478 98.958427 0.455383 4.955514 0.018247 
987 12.879663 0.000000 -0.476006 99.020400 0.744260 6.689867 0.014965 
988 12.879663 0.000000 -1.124242 99.021112 0.698659 5.148253 0.016783 
989 13.561905 0.000000 -0.476006 99.153173 0.923133 6.663856 0.012339 
990 4.778038 0.000000 0.739437 69.491178 0.236617 -0.389364 0.517077 
991 4.692758 0.000000 0.739437 65.496628 0.315669 -0.295648 0.571000 
992 4.778038 0.000000 0.658407 70.310703 0.229372 -0.438417 0.505616 
993 5.119159 0.000000 0.739437 84.440140 0.930391 -0.041106 0.286900 
994 5.119159 0.000000 0.658407 83.960196 0.909423 -0.044481 0.294986 
995 5.204439 0.000000 0.739437 86.280521 1.081336 -0.045351 0.255450 
996 4.607478 0.000000 0.739437 61.132831 0.445167 -0.346374 0.626246 
997 4.522197 0.000000 0.739437 62.230519 0.435425 -0.380124 0.612703 
998 4.607478 0.000000 0.658407 61.608394 0.449086 -0.400367 0.620404 
999 4.436917 0.000000 0.739437 62.170394 0.435439 -0.366443 0.613452 
1000 4.351637 0.000000 0.739437 62.120761 0.434885 -0.352260 0.614070 
1001 4.436917 0.000000 0.658407 62.501121 0.435169 -0.393863 0.609327 
1002 3.498834 0.000000 1.306643 66.108571 0.349031 0.000000 0.562954 
1003 3.669395 0.000000 1.306643 66.108571 0.349031 0.000000 0.562954 
1004 3.498834 0.000000 1.468702 112.888292 0.047409 4.242956 -0.276177 
1005 4.095796 0.000000 0.901496 86.380626 0.376330 -1.962432 0.253439 
1006 4.095796 0.000000 0.820466 75.827030 0.423320 -1.216693 0.424860 
1007 4.095796 0.000000 0.982525 86.653691 0.405977 -1.969406 0.248709 
1008 4.266357 0.000000 0.739437 60.370457 0.425178 -0.133806 0.635521 
1009 4.181076 0.000000 0.739437 60.408177 0.427391 -0.137487 0.635065 
1010 4.266357 0.000000 0.658407 60.587780 0.423017 -0.144675 0.632892 
1011 4.095796 0.000000 0.739437 60.811502 0.425866 -0.116267 0.630177 
1012 4.010516 0.000000 0.739437 62.352925 0.411141 -0.137243 0.611192 
1013 4.095796 0.000000 0.658407 62.903114 0.415177 -0.271001 0.604295 
1014 3.925236 0.000000 0.739437 62.871048 0.404102 -0.136219 0.604705 
1015 3.839955 0.000000 0.739437 64.830418 0.378523 -0.097720 0.579686 
1016 3.925236 0.000000 0.658407 63.168032 0.401089 -0.147609 0.600962 
1017 3.754675 0.000000 0.739437 65.187316 0.373171 -0.086366 0.575047 
1018 3.669395 0.000000 0.739437 65.625993 0.366912 -0.076677 0.569309 
1019 3.754675 0.000000 0.658407 65.411538 0.371079 -0.093347 0.572118 
1020 3.584114 0.000000 0.739437 65.621252 0.360432 0.011886 0.569372 
1021 3.498834 0.000000 0.739437 67.313969 0.333224 0.009369 0.546872 
1022 3.584114 0.000000 0.658407 65.626684 0.360933 0.013291 0.569301 
1023 3.413554 0.000000 0.739437 71.024984 0.279110 0.011711 0.495537 
1024 3.328274 0.000000 0.739437 71.832095 0.265966 0.011580 0.484008 
1025 3.413554 0.000000 0.658407 70.712269 0.286873 0.015055 0.499969 
1026 3.242993 0.000000 1.063555 72.546689 0.254704 0.011927 0.473691 
1027 3.328274 0.000000 1.063555 72.136846 0.262068 0.012844 0.479621 
1028 3.242993 0.000000 1.144584 72.602208 0.254559 0.012854 0.472885 
1029 3.242993 0.000000 0.739437 74.171339 0.235436 0.096647 0.449855 
1030 3.157713 0.000000 0.739437 74.793898 0.225463 0.103528 0.440581 
1031 3.242993 0.000000 0.658407 72.529905 0.254756 0.011657 0.473935 
1032 3.072433 0.000000 0.739437 75.500126 0.214119 0.109646 0.429967 
1033 3.072433 0.000000 0.658407 75.780861 0.206967 0.132028 0.425720 
1034 2.304911 0.000000 1.792820 107.881525 0.045098 12.990266 -0.180717 
1035 1.963789 0.000000 1.792820 105.790571 -0.048523 14.343301 -0.139738 
1036 2.304911 0.000000 2.116938 106.641551 0.046073 11.515190 -0.150502 
1037 3.029793 0.000000 0.860981 102.582779 0.055242 9.229882 -0.060842 
1038 3.029793 0.000000 0.820466 76.536806 0.191629 0.102912 0.414207 
1039 3.072433 0.000000 0.860981 98.536211 0.066877 5.377116 0.026170 
1040 3.115073 0.000000 0.860981 104.539597 0.071560 3.638429 -0.094177 
1041 3.115073 0.000000 0.820466 75.142695 0.218950 0.101244 0.435352 
1042 3.157713 0.000000 0.860981 113.339378 0.099789 2.473434 -0.285194 
1043 12.538542 0.000000 0.496348 99.036105 -3.650058 11.169279 0.005377 
1044 12.538542 0.000000 0.172230 99.088719 -1.381173 9.903323 0.008144 
1045 12.879663 0.000000 0.496348 99.157169 -4.039678 11.022283 0.003005 
1046 12.026861 0.000000 0.982525 97.976669 -5.805651 12.050284 0.022166 
1047 12.026861 0.000000 0.820466 98.026739 -5.115713 12.397685 0.021089 
1048 12.197421 0.000000 0.982525 98.280489 -5.764609 11.972452 0.016438 
1049 11.344618 0.000000 0.982525 95.983223 -6.080090 11.665660 0.061417 
1050 11.174058 0.000000 0.982525 94.954205 -6.067315 11.122547 0.082318 
1051 11.344618 0.000000 0.820466 95.701848 -5.192644 12.309991 0.066266 
1052 12.026861 0.000000 1.630761 98.664003 2.082873 7.156333 0.020986 
1053 12.197421 0.000000 1.630761 98.749305 2.117162 7.122664 0.019336 
1054 12.026861 0.000000 1.792820 98.713553 1.199166 6.554460 0.021124 
1055 11.771020 0.000000 1.225614 97.391145 -9.657155 8.960809 0.034141 
1056 11.771020 0.000000 1.144584 97.439302 -7.431571 10.651479 0.033690 
1057 11.856300 0.000000 1.225614 97.567720 -9.468897 8.853969 0.031249 
1058 11.344618 0.000000 1.630761 98.158782 2.052704 6.873312 0.031340 
1059 11.174058 0.000000 1.630761 98.084849 2.049390 6.601356 0.033158 
1060 11.344618 0.000000 1.792820 98.365563 1.171112 5.980463 0.028708 
1061 12.367982 0.000000 0.982525 98.538686 -5.749708 11.924087 0.011488 
1062 12.367982 0.000000 0.820466 98.613098 -5.222539 12.156163 0.010041 
1063 12.538542 0.000000 0.982525 98.718917 -5.720306 11.889632 0.008049 
1064 12.367982 0.000000 1.630761 98.809810 2.215653 7.112015 0.018113 
1065 12.538542 0.000000 1.630761 98.891394 2.342694 7.120620 0.016430 
1066 12.367982 0.000000 1.792820 98.859093 1.258857 6.682524 0.018064 
1067 0.940426 0.000000 1.144584 98.473837 -0.005446 18.215279 -0.002889 
1068 0.599305 0.000000 1.144584 97.779010 -0.022458 16.459397 0.016835 
1069 0.940426 0.000000 1.468702 100.001945 0.023852 15.786572 -0.024961 
1070 0.258184 0.000000 1.144584 97.264726 -0.011959 14.867972 0.031852 
1071 -0.082937 0.000000 1.144584 96.882661 -0.075021 13.348309 0.043557 
1072 0.258184 0.000000 1.468702 98.423377 -0.010655 13.314933 0.013555 
1073 -0.424058 0.000000 1.144584 96.853131 -0.046708 11.862092 0.047876 
1074 -0.765179 0.000000 1.144584 97.147071 -0.038746 10.649183 0.044904 
1075 -0.424058 0.000000 1.468702 97.950637 -0.038628 11.259200 0.027890 
1076 2.304911 0.000000 -0.151888 1.025248 -0.050151 0.466611 0.999873 
1077 1.963789 0.000000 -0.151888 3.652511 -0.041542 0.854456 0.998593 
1078 2.304911 0.000000 -0.476006 101.408844 -0.010335 -6.704324 -0.032870 
1079 1.622668 0.000000 -0.151888 6.097055 -0.068691 1.016236 0.996179 
1080 1.622668 0.000000 -0.476006 101.411535 -0.024015 -11.951256 -0.042713 
1081 3.669395 0.000000 -0.151888 0.860442 -0.070686 -0.204126 0.999921 
1082 3.669395 0.000000 -0.476006 101.328377 0.103952 0.124682 -0.026747 
1083 4.351637 0.000000 -0.800124 101.584204 0.195375 0.052320 -0.031939 
1084 4.010516 0.000000 -0.800124 100.914900 0.167155 0.039771 -0.018385 
1085 4.351637 0.000000 -1.124242 101.346981 0.192561 0.048912 -0.027125 
1086 6.398363 0.000000 -0.151888 -3.472197 0.061717 -2.008183 0.998391 
1087 19.019842 0.000000 -7.606603 99.674429 0.064697 5.822862 0.003110 
1088 19.019842 0.000000 -10.199547 99.667777 0.033368 6.160125 0.002839 
1089 21.748810 0.000000 -7.606603 99.719083 0.058039 5.844437 0.002194 
1090 14.926389 0.000000 -3.717186 99.520500 0.230848 4.969439 0.007092 
1091 14.926389 0.000000 -5.013659 99.543515 0.078721 5.309725 0.006289 
1092 16.290874 0.000000 -3.717186 99.622477 0.217301 5.024082 0.005007 
1093 9.127332 0.000000 0.496348 97.289834 -5.037781 -1.078326 0.050815 
1094 9.127332 0.000000 0.172230 99.920906 -0.196932 14.252917 -0.018737 
1095 9.127332 0.000000 0.820466 98.275956 -5.162509 3.282238 0.030441 
1096 9.127332 0.000000 1.144584 96.771961 -4.751366 10.108062 0.051044 
1097 9.127332 0.000000 1.468702 98.510252 -0.485041 8.508792 0.022310 
1098 9.809574 0.000000 1.792820 99.402696 0.981576 5.050976 0.009263 
1099 9.468453 0.000000 1.792820 99.285914 0.826068 5.144615 0.011516 
1100 9.809574 0.000000 2.116938 99.354370 0.692105 3.587155 0.011536 
1101 12.879663 0.000000 -1.772478 99.164396 0.600630 4.895210 0.014210 
1102 12.879663 0.000000 -2.420714 99.335021 0.441410 4.977154 0.010759 
1103 13.561905 0.000000 -1.772478 99.317421 0.719515 4.829487 0.011221 
1104 3.839955 0.000000 1.306643 61.601741 0.409505 0.000000 0.620506 
1105 4.010516 0.000000 1.306643 64.442708 0.401169 -0.348904 0.584685 
1106 3.839955 0.000000 1.468702 111.510890 0.071879 0.994103 -0.243567 
1107 3.413554 0.000000 1.063555 70.811292 0.285615 0.015477 0.498568 
1108 3.498834 0.000000 1.063555 69.714657 0.310682 0.024544 0.513977 
1109 3.413554 0.000000 1.144584 70.161623 0.305929 0.027586 0.507725 
1110 1.622668 0.000000 1.792820 103.750798 -0.052069 14.643648 -0.097867 
1111 1.281547 0.000000 1.792820 102.106062 -0.020324 14.526977 -0.063668 
1112 1.622668 0.000000 2.116938 103.630207 -0.024184 12.727981 -0.090122 
1113 0.940426 0.000000 1.792820 100.853264 0.044709 13.941579 -0.036575 
1114 0.599305 0.000000 1.792820 99.930050 0.003491 13.024371 -0.015565 
1115 0.940426 0.000000 2.116938 101.349542 0.003647 12.467574 -0.042717 
1116 -0.253497 0.000000 0.334289 88.805644 -0.056730 15.609042 0.186991 
1117 -0.424058 0.000000 0.334289 90.849959 -0.030917 13.019492 0.157678 
1118 -0.253497 0.000000 0.496348 91.548259 -0.041868 15.143284 0.138960 
1119 8.445089 0.000000 1.792820 99.178785 0.340686 4.554175 0.014271 
1120 8.786211 0.000000 1.792820 99.193215 0.348715 4.588961 0.013953 
1121 8.445089 0.000000 2.116938 99.508794 0.479769 2.733492 0.009030 
1122 9.127332 0.000000 1.792820 99.209334 0.545162 4.922410 0.013298 
1123 9.127332 0.000000 2.116938 99.449268 0.486356 3.367422 0.009827 
1124 1.622668 0.000000 -0.800124 101.416562 -0.023011 -11.241664 -0.041169 
1125 1.622668 0.000000 -1.124242 100.808622 -0.024138 -10.825058 -0.027956 
1126 1.963789 0.000000 -0.800124 101.585650 -0.016451 -9.409695 -0.040819 
1127 2.304911 0.000000 -0.800124 101.950223 -0.009290 -6.660178 -0.043821 
1128 2.304911 0.000000 -1.124242 101.408718 -0.010407 -6.734804 -0.032909 
1129 3.669395 0.000000 -0.800124 101.102945 0.129967 0.079437 -0.022183 
1130 3.669395 0.000000 -1.124242 100.930624 0.119561 0.073511 -0.018701 
1131 9.127332 0.000000 -0.151888 99.285083 -0.138487 14.254122 -0.006073 
1132 9.127332 0.000000 -0.476006 96.920804 0.277841 10.494017 0.049616 
1133 9.468453 0.000000 -0.151888 99.399861 -0.534395 23.908397 -0.045223 
1134 9.809574 0.000000 -0.151888 96.927462 -0.798088 35.886268 -0.068339 
1135 9.809574 0.000000 -0.476006 97.577604 0.438417 11.780020 0.033965 
1136 10.150695 0.000000 -0.151888 94.603111 0.261859 16.734054 0.077015 
1137 4.181076 0.000000 1.306643 64.451131 0.401092 -0.349330 0.584577 
1138 4.351637 0.000000 1.306643 57.547350 0.463908 0.000000 0.668809 
1139 4.181076 0.000000 1.468702 110.649354 0.083752 -0.330995 -0.224340 
1140 3.584114 0.000000 1.063555 65.632475 0.360979 0.013593 0.569225 
1141 3.669395 0.000000 1.063555 65.176730 0.366763 0.012783 0.575186 
1142 3.584114 0.000000 1.144584 67.765394 0.335973 0.022430 0.540774 
1143 0.258184 0.000000 1.792820 99.324053 0.001076 12.194005 -0.001396 
1144 -0.082937 0.000000 1.792820 98.944370 -0.082353 11.447249 0.007897 
1145 0.258184 0.000000 2.116938 99.931875 -0.038134 11.305274 -0.011419 
1146 -0.424058 0.000000 1.792820 98.737916 -0.041439 10.738250 0.013551 
1147 -0.765179 0.000000 1.792820 98.627227 -0.070506 10.040442 0.017185 
1148 -0.424058 0.000000 2.116938 99.284954 -0.064350 10.275067 0.003692 
1 11 78 76 77 
2 78 10 24 76 
3 76 24 14 79 
4 77 76 79 6 
5 24 82 80 81 
6 82 23 40 80 
7 80 40 27 83 
8 81 80 83 14 
9 40 86 84 85 
10 86 39 56 84 
11 84 56 43 87 
12 85 84 87 27 
13 56 90 88 89 
14 89 88 91 43 
15 6 79 104 105 
16 79 14 36 104 
17 104 36 19 106 
18 105 104 106 20 
19 14 83 107 108 
20 83 27 52 107 
21 107 52 35 109 
22 108 107 109 36 
23 27 87 110 111 
24 87 43 68 110 
25 110 68 51 112 
26 111 110 112 52 
27 43 91 113 114 
28 114 113 115 68 
29 88 118 116 117 
30 117 116 119 91 
31 91 119 129 130 
32 130 129 131 113 
33 116 134 132 133 
34 133 132 135 119 
35 119 135 145 146 
36 146 145 147 129 
37 132 150 148 149 
38 149 148 151 135 
39 12 154 152 153 
40 154 7 155 152 
41 152 155 13 25 
42 153 152 25 10 
43 25 158 156 157 
44 158 13 159 156 
45 156 159 26 41 
46 157 156 41 23 
47 41 162 160 161 
48 162 26 163 160 
49 160 163 42 57 
50 161 160 57 39 
51 57 166 164 165 
52 166 42 167 164 
53 164 167 58 73 
54 165 164 73 55 
55 55 170 168 169 
56 170 73 171 168 
57 168 171 71 101 
58 169 168 101 72 
59 72 174 172 173 
60 174 101 175 172 
61 172 175 99 126 
62 173 172 126 100 
63 100 178 176 177 
64 178 126 179 176 
65 125 182 180 181 
66 182 142 183 180 
67 180 183 140 184 
68 39 187 185 186 
69 187 57 165 185 
70 185 165 55 90 
71 186 185 90 56 
72 90 190 188 189 
73 190 55 169 188 
74 188 169 72 118 
75 189 188 118 88 
76 118 193 191 192 
77 193 72 173 191 
78 191 173 100 134 
79 192 191 134 116 
80 134 196 194 195 
81 196 100 177 194 
82 195 194 150 132 
83 150 199 197 198 
84 199 125 181 197 
85 197 181 141 200 
86 198 197 200 148 
87 201 203 136 204 
88 202 201 204 137 
89 141 184 205 206 
90 184 140 207 205 
91 205 207 144 208 
92 206 205 208 59 
93 181 211 209 210 
94 211 180 212 209 
95 209 212 184 213 
96 210 209 213 141 
97 126 227 226 179 
98 227 99 228 226 
99 226 228 127 229 
100 179 226 229 124 
101 176 232 230 231 
102 232 179 233 230 
103 230 233 124 234 
104 177 237 235 236 
105 237 176 231 235 
106 235 231 142 182 
107 236 235 182 125 
108 124 229 238 143 
109 229 127 239 238 
110 238 239 103 240 
111 143 238 240 128 
112 142 234 241 183 
113 234 124 242 241 
114 241 242 143 243 
115 183 241 243 140 
116 231 246 244 245 
117 246 230 247 244 
118 244 247 234 248 
119 245 244 248 142 
120 128 240 258 203 
121 240 103 259 258 
122 258 259 138 260 
123 203 258 260 136 
124 144 263 261 262 
125 263 128 264 261 
126 261 264 203 265 
127 262 261 265 201 
128 73 271 270 171 
129 271 58 272 270 
130 270 272 74 219 
131 171 270 219 71 
132 71 275 273 274 
133 275 219 276 273 
134 273 276 218 267 
135 274 273 267 102 
136 102 279 277 278 
137 279 267 280 277 
138 277 280 266 281 
139 278 277 281 224 
140 19 38 285 286 
141 38 21 287 285 
142 285 287 9 288 
143 286 285 288 22 
144 35 54 289 290 
145 54 37 291 289 
146 289 291 21 292 
147 290 289 292 38 
148 51 70 293 294 
149 70 53 295 293 
150 293 295 37 296 
151 294 293 296 54 
152 67 98 297 298 
153 98 69 299 297 
154 297 299 53 300 
155 298 297 300 70 
156 95 254 301 302 
157 254 97 303 301 
158 301 303 69 304 
159 302 301 304 98 
160 305 307 254 308 
161 306 305 308 95 
162 219 329 328 276 
163 329 74 330 328 
164 328 330 220 319 
165 276 328 319 218 
166 319 337 335 336 
167 337 220 338 335 
168 335 338 320 339 
169 336 335 339 318 
170 343 344 97 345 
171 307 343 345 254 
172 346 349 253 350 
173 347 346 350 327 
174 21 46 351 287 
175 46 28 352 351 
176 351 352 30 353 
177 287 351 353 9 
178 37 62 354 291 
179 62 44 355 354 
180 354 355 46 356 
181 291 354 356 21 
182 53 94 357 295 
183 94 60 358 357 
184 357 358 62 359 
185 295 357 359 37 
186 69 251 360 299 
187 251 92 361 360 
188 360 361 94 362 
189 299 360 362 53 
190 97 324 363 303 
191 324 249 364 363 
192 363 364 251 365 
193 303 363 365 69 
194 366 367 324 368 
195 344 366 368 97 
196 326 370 369 349 
197 370 340 371 369 
198 369 371 342 372 
199 349 369 372 253 
200 7 374 373 155 
201 374 16 375 373 
202 373 375 15 32 
203 155 373 32 13 
204 13 377 376 159 
205 377 32 378 376 
206 376 378 31 48 
207 159 376 48 26 
208 26 380 379 163 
209 380 48 381 379 
210 379 381 47 64 
211 163 379 64 42 
212 42 383 382 167 
213 383 64 384 382 
214 382 384 63 215 
215 167 382 215 58 
216 58 386 385 272 
217 386 215 387 385 
218 385 387 214 315 
219 272 385 315 74 
220 74 389 388 330 
221 389 315 390 388 
222 388 390 314 332 
223 330 388 332 220 
224 15 392 391 33 
225 392 17 393 391 
226 391 393 8 394 
227 33 391 394 18 
228 31 396 395 49 
229 396 33 397 395 
230 395 397 18 398 
231 49 395 398 34 
232 400 49 401 399 
233 399 401 34 402 
234 332 417 415 416 
235 417 314 418 415 
236 415 418 333 419 
237 416 415 419 331 
238 18 394 420 45 
239 394 8 421 420 
240 420 421 29 422 
241 45 420 422 28 
242 34 398 423 61 
243 398 18 424 423 
244 423 424 45 425 
245 61 423 425 44 
246 402 34 427 426 
247 426 427 61 428 
248 340 439 438 371 
249 439 341 440 438 
250 438 440 322 441 
251 371 438 441 342 
252 315 443 442 390 
253 443 214 444 442 
254 442 444 316 412 
255 390 442 412 314 
256 314 446 445 418 
257 446 412 447 445 
258 445 447 411 448 
259 418 445 448 333 
260 449 450 249 451 
261 367 449 451 324 
262 341 453 452 440 
263 453 435 454 452 
264 452 454 437 455 
265 440 452 455 322 
266 457 407 458 456 
267 411 462 460 461 
268 462 413 463 460 
269 460 463 217 464 
270 461 460 464 414 
271 435 469 468 454 
272 469 436 470 468 
273 468 470 323 471 
274 454 468 471 437 
275 413 473 472 463 
276 473 456 474 472 
277 472 474 459 475 
278 463 472 475 217 
279 217 475 476 477 
280 475 459 478 476 
281 476 478 465 479 
282 477 476 479 436 
283 249 434 488 364 
284 434 250 489 488 
285 488 489 92 490 
286 364 488 490 251 
287 491 493 250 494 
288 492 491 494 434 
289 466 497 495 496 
290 497 484 498 495 
291 495 498 487 499 
292 496 495 499 432 
293 407 504 503 458 
294 504 409 505 503 
295 503 505 66 485 
296 485 512 510 511 
297 512 66 513 510 
298 511 510 514 484 
299 484 514 515 498 
300 514 486 516 515 
301 515 516 433 517 
302 498 515 517 487 
303 409 519 518 505 
304 519 500 520 518 
305 518 520 481 507 
306 505 518 507 66 
307 66 522 521 513 
308 522 507 523 521 
309 521 523 506 524 
310 513 521 524 486 
311 510 527 525 526 
312 527 513 528 525 
313 525 528 486 529 
314 526 525 529 514 
315 530 347 327 533 
316 321 536 534 535 
317 536 5 537 534 
318 538 541 346 542 
319 539 538 542 347 
320 221 545 543 544 
321 545 321 535 543 
322 535 548 546 547 
323 548 534 549 546 
324 551 326 552 550 
325 550 552 349 553 
326 541 550 553 346 
327 554 557 541 558 
328 555 554 558 538 
329 5 560 559 537 
330 560 334 561 559 
331 559 561 340 370 
332 537 559 370 326 
333 534 563 562 549 
334 563 537 564 562 
335 562 564 326 551 
336 546 567 565 566 
337 567 549 568 565 
338 565 568 348 556 
339 566 565 556 540 
340 348 570 569 557 
341 570 551 571 569 
342 569 571 550 572 
343 557 569 572 541 
344 556 575 573 574 
345 575 348 576 573 
346 573 576 557 577 
347 574 573 577 554 
348 578 539 347 581 
349 579 578 581 530 
350 325 584 582 583 
351 584 540 555 582 
352 582 555 538 585 
353 583 582 585 539 
354 540 588 586 587 
355 588 556 574 586 
356 586 574 554 589 
357 587 586 589 555 
358 543 592 590 591 
359 592 535 547 590 
360 580 595 593 594 
361 595 325 583 593 
362 593 583 539 596 
363 594 593 596 578 
364 600 579 530 603 
365 601 600 603 531 
366 532 606 604 605 
367 606 580 594 604 
368 604 594 578 607 
369 605 604 607 579 
370 269 610 608 609 
371 610 221 544 608 
372 544 613 611 612 
373 613 543 591 611 
374 602 616 614 615 
375 616 532 605 614 
376 614 605 579 617 
377 615 614 617 600 
378 618 601 531 621 
379 619 618 621 597 
380 608 624 622 623 
381 624 544 612 622 
382 620 627 625 626 
383 627 283 628 625 
384 625 628 601 629 
385 626 625 629 618 
386 598 636 634 635 
387 636 620 626 634 
388 634 626 618 637 
389 635 634 637 619 
390 75 640 638 639 
391 640 269 609 638 
392 609 643 641 642 
393 643 608 623 641 
394 632 646 644 645 
395 646 598 635 644 
396 644 635 619 647 
397 645 644 647 630 
398 282 654 652 653 
399 654 632 645 652 
400 652 645 630 655 
401 653 652 655 631 
402 638 658 656 657 
403 658 609 642 656 
404 650 661 659 660 
405 661 282 653 659 
406 659 653 631 662 
407 660 659 662 648 
408 96 123 663 664 
409 123 95 302 663 
410 663 302 98 665 
411 664 663 665 67 
412 666 306 95 668 
413 667 666 668 123 
414 255 671 669 670 
415 671 256 310 669 
416 669 310 122 672 
417 670 669 672 257 
418 256 675 673 674 
419 674 673 676 310 
420 122 313 681 682 
421 313 284 683 681 
422 681 683 305 684 
423 682 681 684 306 
424 309 651 685 686 
425 651 312 687 685 
426 685 687 284 688 
427 686 685 688 313 
428 649 680 689 690 
429 680 648 691 689 
430 689 691 651 692 
431 690 689 692 309 
432 677 695 693 694 
433 695 660 696 693 
434 693 696 648 697 
435 694 693 697 680 
436 225 700 698 699 
437 700 75 639 698 
438 698 639 256 671 
439 699 698 671 255 
440 639 703 701 702 
441 703 638 657 701 
442 702 701 675 256 
443 675 706 704 705 
444 705 704 707 673 
445 678 710 708 709 
446 710 677 694 708 
447 708 694 680 711 
448 709 708 711 649 
449 310 676 712 713 
450 676 309 686 712 
451 712 686 313 714 
452 713 712 714 122 
453 673 707 715 716 
454 707 649 690 715 
455 715 690 309 717 
456 716 715 717 676 
457 704 720 718 719 
458 718 709 649 721 
459 719 718 721 707 
460 701 724 722 723 
461 724 657 725 722 
462 722 725 311 706 
463 723 722 706 675 
464 706 728 726 727 
465 728 311 729 726 
466 726 729 678 720 
467 727 726 720 704 
468 720 732 730 731 
469 732 678 733 730 
470 730 733 709 734 
471 731 730 734 718 
472 50 736 735 430 
473 736 402 737 735 
474 735 737 426 738 
475 430 735 738 93 
476 406 740 739 482 
477 740 50 741 739 
478 739 741 430 742 
479 482 739 742 429 
480 744 406 745 743 
481 743 745 482 746 
482 92 431 747 361 
483 431 93 748 747 
484 747 748 60 749 
485 361 747 749 94 
486 250 483 750 489 
487 483 429 751 750 
488 750 751 431 752 
489 489 750 752 92 
490 753 754 483 755 
491 493 753 755 250 
492 486 524 761 516 
493 516 761 762 433 
494 746 482 764 763 
495 763 764 429 765 
496 754 763 765 483 
497 766 768 754 769 
498 767 766 769 753 
499 433 762 775 776 
500 775 767 753 777 
501 776 775 777 493 
502 761 780 778 779 
503 780 757 771 778 
504 778 771 509 781 
505 779 778 781 762 
506 509 774 782 783 
507 774 760 784 782 
508 782 784 766 785 
509 783 782 785 767 
510 771 788 786 787 
511 786 789 774 790 
512 787 786 790 509 
513 507 792 791 523 
514 792 481 793 791 
515 791 793 508 758 
516 523 791 758 506 
517 506 796 794 795 
518 796 758 797 794 
519 794 797 756 772 
520 795 794 772 757 
521 757 800 798 799 
522 800 772 801 798 
523 798 801 770 788 
524 799 798 788 771 
525 803 743 804 802 
526 802 804 746 805 
527 756 807 806 773 
528 807 759 808 806 
529 806 808 480 809 
530 773 806 809 760 
531 770 811 810 789 
532 811 773 812 810 
533 810 812 760 813 
534 789 810 813 774 
535 788 816 814 815 
536 816 770 817 814 
537 814 817 789 818 
538 815 814 818 786 
539 805 746 820 819 
540 819 820 763 821 
541 768 819 821 754 
542 759 823 822 808 
543 823 802 824 822 
544 822 824 805 825 
545 808 822 825 480 
546 1 828 826 827 
547 828 12 153 826 
548 826 153 10 78 
549 827 826 78 11 
550 16 830 829 375 
551 830 2 831 829 
552 829 831 17 392 
553 375 829 392 15 
554 20 106 832 833 
555 106 19 286 832 
556 832 286 22 834 
557 833 832 834 4 
558 10 837 835 836 
559 837 25 157 835 
560 835 157 23 82 
561 836 835 82 24 
562 28 422 838 352 
563 422 29 839 838 
564 838 839 3 840 
565 352 838 840 30 
566 32 842 841 378 
567 842 15 843 841 
568 841 843 33 396 
569 378 841 396 31 
570 36 109 844 845 
571 109 35 290 844 
572 844 290 38 846 
573 845 844 846 19 
574 23 849 847 848 
575 849 41 161 847 
576 847 161 39 86 
577 848 847 86 40 
578 44 425 850 355 
579 425 45 851 850 
580 850 851 28 852 
581 355 850 852 46 
582 48 854 853 381 
583 854 31 855 853 
584 853 855 49 400 
585 381 853 400 47 
586 52 112 856 857 
587 112 51 294 856 
588 856 294 54 858 
589 857 856 858 35 
590 60 428 859 358 
591 428 61 860 859 
592 859 860 44 861 
593 358 859 861 62 
594 64 863 862 384 
595 863 47 864 862 
596 862 864 65 404 
597 384 862 404 63 
598 68 115 865 866 
599 115 67 298 865 
600 865 298 70 867 
601 866 865 867 51 
602 101 869 868 175 
603 869 71 274 868 
604 868 274 102 223 
605 175 868 223 99 
606 113 131 870 871 
607 131 96 664 870 
608 870 664 67 872 
609 871 870 872 115 
610 873 667 123 875 
611 874 873 875 96 
612 129 147 876 877 
613 876 874 96 878 
614 877 876 878 131 
615 140 243 879 207 
616 243 143 880 879 
617 879 880 128 263 
618 207 879 263 144 
619 135 151 881 882 
620 881 202 137 883 
621 882 881 883 145 
622 148 200 884 885 
623 200 141 206 884 
624 884 206 59 886 
625 885 884 886 151 
626 194 889 887 888 
627 889 177 236 887 
628 887 236 125 199 
629 888 887 199 150 
630 59 208 890 891 
631 208 144 262 890 
632 890 262 201 892 
633 891 890 892 202 
634 215 894 893 387 
635 894 63 895 893 
636 893 895 216 408 
637 387 893 408 214 
638 103 897 896 259 
639 897 225 699 896 
640 896 699 255 898 
641 259 896 898 138 
642 138 898 899 900 
643 898 255 670 899 
644 899 670 257 901 
645 900 899 901 120 
646 224 281 902 903 
647 281 266 904 902 
648 902 904 269 640 
649 903 902 640 75 
650 284 599 905 683 
651 599 252 906 905 
652 905 906 307 907 
653 683 905 907 305 
654 318 339 908 909 
655 339 320 910 908 
656 908 910 5 536 
657 909 908 536 321 
658 268 913 911 912 
659 913 318 909 911 
660 911 909 321 545 
661 912 911 545 221 
662 220 915 914 338 
663 915 332 416 914 
664 914 416 331 916 
665 338 914 916 320 
666 320 916 917 910 
667 916 331 918 917 
668 917 918 334 560 
669 910 917 560 5 
670 334 920 919 561 
671 920 317 921 919 
672 919 921 341 439 
673 561 919 439 340 
674 252 533 922 906 
675 533 327 923 922 
676 922 923 343 924 
677 906 922 924 307 
678 327 350 925 923 
679 350 253 926 925 
680 925 926 344 927 
681 923 925 927 343 
682 253 372 928 926 
683 372 342 929 928 
684 928 929 366 930 
685 926 928 930 344 
686 342 441 931 929 
687 441 322 932 931 
688 931 932 367 933 
689 929 931 933 366 
690 65 935 934 405 
691 935 399 936 934 
692 934 936 402 736 
693 405 934 736 50 
694 63 938 937 895 
695 938 404 939 937 
696 937 939 403 501 
697 895 937 501 216 
698 403 941 940 502 
699 941 405 942 940 
700 940 942 50 740 
701 502 940 740 406 
702 214 944 943 444 
703 944 408 945 943 
704 943 945 407 457 
705 444 943 457 316 
706 408 947 946 945 
707 947 216 948 946 
708 946 948 409 504 
709 945 946 504 407 
710 412 950 949 447 
711 950 316 951 949 
712 949 951 413 462 
713 447 949 462 411 
714 333 448 952 953 
715 448 411 461 952 
716 952 461 414 954 
717 953 952 954 317 
718 93 738 955 748 
719 738 426 956 955 
720 955 956 428 957 
721 748 955 957 60 
722 429 742 958 751 
723 742 430 959 958 
724 958 959 93 960 
725 751 958 960 431 
726 961 492 434 962 
727 450 961 962 249 
728 317 954 963 921 
729 954 414 964 963 
730 963 964 435 453 
731 921 963 453 341 
732 414 464 965 964 
733 464 217 477 965 
734 965 477 436 469 
735 964 965 469 435 
736 322 455 966 932 
737 455 437 967 966 
738 966 967 449 968 
739 932 966 968 367 
740 437 471 969 967 
741 471 323 970 969 
742 969 970 450 971 
743 967 969 971 449 
744 316 973 972 951 
745 973 457 974 972 
746 972 974 456 473 
747 951 972 473 413 
748 436 479 975 470 
749 479 465 976 975 
750 975 976 467 977 
751 470 975 977 323 
752 410 980 978 979 
753 980 485 511 978 
754 978 511 484 497 
755 979 978 497 466 
756 487 517 981 982 
757 517 433 776 981 
758 981 776 493 983 
759 982 981 983 491 
760 216 985 984 948 
761 985 501 986 984 
762 984 986 500 519 
763 948 984 519 409 
764 500 988 987 520 
765 988 502 989 987 
766 987 989 406 744 
767 520 987 744 481 
768 547 992 990 991 
769 992 546 566 990 
770 990 566 540 584 
771 991 990 584 325 
772 549 994 993 568 
773 994 562 995 993 
774 993 995 551 570 
775 568 993 570 348 
776 590 998 996 997 
777 998 547 991 996 
778 996 991 325 595 
779 997 996 595 580 
780 591 1001 999 1000 
781 1001 590 997 999 
782 999 997 580 606 
783 1000 999 606 532 
784 312 633 1002 687 
785 633 597 1003 1002 
786 1002 1003 599 1004 
787 687 1002 1004 284 
788 283 1006 1005 628 
789 1006 602 615 1005 
790 1005 615 600 1007 
791 628 1005 1007 601 
792 611 1010 1008 1009 
793 1010 591 1000 1008 
794 1008 1000 532 616 
795 1009 1008 616 602 
796 612 1013 1011 1012 
797 1013 611 1009 1011 
798 1011 1009 602 1006 
799 1012 1011 1006 283 
800 622 1016 1014 1015 
801 1016 612 1012 1014 
802 1014 1012 283 627 
803 1015 1014 627 620 
804 623 1019 1017 1018 
805 1019 622 1015 1017 
806 1017 1015 620 636 
807 1018 1017 636 598 
808 641 1022 1020 1021 
809 1022 623 1018 1020 
810 1020 1018 598 646 
811 1021 1020 646 632 
812 642 1025 1023 1024 
813 1025 641 1021 1023 
814 1023 1021 632 654 
815 1024 1023 654 282 
816 648 662 1026 691 
817 662 631 1027 1026 
818 1026 1027 312 1028 
819 691 1026 1028 651 
820 656 1031 1029 1030 
821 1031 642 1024 1029 
822 1029 1024 282 661 
823 1030 1029 661 650 
824 657 1033 1032 725 
825 1033 656 1030 1032 
826 1032 1030 650 679 
827 725 1032 679 311 
828 257 672 1034 1035 
829 672 122 682 1034 
830 1034 682 306 1036 
831 1035 1034 1036 666 
832 311 1038 1037 729 
833 1038 679 1039 1037 
834 1037 1039 677 710 
835 729 1037 710 678 
836 679 1041 1040 1039 
837 1041 650 1042 1040 
838 1040 1042 660 695 
839 1039 1040 695 677 
840 481 1044 1043 793 
841 1044 744 1045 1043 
842 1043 1045 743 803 
843 793 1043 803 508 
844 758 1047 1046 797 
845 1047 508 1048 1046 
846 1046 1048 759 807 
847 797 1046 807 756 
848 524 1051 1049 1050 
849 1051 506 795 1049 
850 1049 795 757 780 
851 1050 1049 780 761 
852 760 809 1052 784 
853 809 480 1053 1052 
854 1052 1053 768 1054 
855 784 1052 1054 766 
856 772 1056 1055 801 
857 1056 756 1057 1055 
858 1055 1057 773 811 
859 801 1055 811 770 
860 762 781 1058 1059 
861 781 509 783 1058 
862 1058 783 767 1060 
863 1059 1058 1060 775 
864 508 1062 1061 1048 
865 1062 803 1063 1061 
866 1061 1063 802 823 
867 1048 1061 823 759 
868 480 825 1064 1053 
869 825 805 1065 1064 
870 1064 1065 819 1066 
871 1053 1064 1066 768 
872 136 260 1067 1068 
873 260 138 900 1067 
874 1067 900 120 1069 
875 1068 1067 1069 139 
876 137 204 1070 1071 
877 204 136 1068 1070 
878 1070 1068 139 1072 
879 1071 1070 1072 121 
880 145 883 1073 1074 
881 883 137 1071 1073 
882 1073 1071 121 1075 
883 1074 1073 1075 147 
884 222 1078 1076 1077 
885 1078 224 903 1076 
886 1076 903 75 700 
887 1077 1076 700 225 
888 127 1080 1079 239 
889 1080 222 1077 1079 
890 1079 1077 225 897 
891 239 1079 897 103 
892 266 1082 1081 904 
893 1082 268 912 1081 
894 1081 912 221 610 
895 904 1081 610 269 
896 218 1085 1083 1084 
897 1085 319 336 1083 
898 1083 336 318 913 
899 1084 1083 913 268 
900 331 419 1086 918 
901 419 333 953 1086 
902 1086 953 317 920 
903 918 1086 920 334 
904 47 1088 1087 864 
905 1088 400 1089 1087 
906 1087 1089 399 935 
907 864 1087 935 65 
908 404 1091 1090 939 
909 1091 65 1092 1090 
910 1090 1092 405 941 
911 939 1090 941 403 
912 459 1094 1093 478 
913 1094 410 979 1093 
914 1093 979 466 1095 
915 478 1093 1095 465 
916 465 1095 1096 976 
917 1095 466 496 1096 
918 1096 496 432 1097 
919 976 1096 1097 467 
920 432 499 1098 1099 
921 499 487 982 1098 
922 1098 982 491 1100 
923 1099 1098 1100 492 
924 501 1102 1101 986 
925 1102 403 1103 1101 
926 1101 1103 502 988 
927 986 1101 988 500 
928 597 621 1104 1003 
929 621 531 1105 1104 
930 1104 1105 252 1106 
931 1003 1104 1106 599 
932 631 655 1107 1027 
933 655 630 1108 1107 
934 1107 1108 633 1109 
935 1027 1107 1109 312 
936 120 901 1110 1111 
937 901 257 1035 1110 
938 1110 1035 666 1112 
939 1111 1110 1112 667 
940 139 1069 1113 1114 
941 1069 120 1111 1113 
942 1113 1111 667 1115 
943 1114 1113 1115 873 
944 151 886 1116 1117 
945 886 59 891 1116 
946 1116 891 202 1118 
947 1117 1116 1118 881 
948 323 977 1119 970 
949 977 467 1120 1119 
950 1119 1120 961 1121 
951 970 1119 1121 450 
952 467 1097 1122 1120 
953 1097 432 1099 1122 
954 1122 1099 492 1123 
955 1120 1122 1123 961 
956 99 1125 1124 228 
957 1125 223 1126 1124 
958 1124 1126 222 1080 
959 228 1124 1080 127 
960 223 1128 1127 1126 
961 1128 102 278 1127 
962 1127 278 224 1078 
963 1126 1127 1078 222 
964 267 1130 1129 280 
965 1130 218 1084 1129 
966 1129 1084 268 1082 
967 280 1129 1082 266 
968 456 1132 1131 474 
969 1132 458 1133 1131 
970 1131 1133 410 1094 
971 474 1131 1094 459 
972 458 1135 1134 1133 
973 1135 503 1136 1134 
974 1134 1136 485 980 
975 1133 1134 980 410 
976 531 603 1137 1105 
977 603 530 1138 1137 
978 1137 1138 533 1139 
979 1105 1137 1139 252 
980 630 647 1140 1108 
981 647 619 1141 1140 
982 1140 1141 597 1142 
983 1108 1140 1142 633 
984 121 1072 1143 1144 
985 1072 139 1114 1143 
986 1143 1114 873 1145 
987 1144 1143 1145 874 
988 147 1075 1146 1147 
989 1075 121 1144 1146 
990 1146 1144 874 1148 
991 1147 1146 1148 876 
