Results_Name,VSPAERO_History
Results_Timestamp,1787049084
Results_Date,8,18,2026
Results_Time,16,1,24
Alpha,4.000000000000000000e+00,4.000000000000000000e+00,4.000000000000000000e+00,4.000000000000000000e+00,4.000000000000000000e+00,4.000000000000000000e+00,4.000000000000000000e+00,4.000000000000000000e+00,4.000000000000000000e+00,4.000000000000000000e+00,4.000000000000000000e+00,4.000000000000000000e+00,4.000000000000000000e+00,4.000000000000000000e+00,4.000000000000000000e+00,4.000000000000000000e+00,4.000000000000000000e+00,4.000000000000000000e+00,4.000000000000000000e+00,4.000000000000000000e+00
Beta,0.000000000000000000e+00,0.000000000000000000e+00,0.000000000000000000e+00,0.000000000000000000e+00,0.000000000000000000e+00,0.000000000000000000e+00,0.000000000000000000e+00,0.000000000000000000e+00,0.000000000000000000e+00,0.000000000000000000e+00,0.000000000000000000e+00,0.000000000000000000e+00,0.000000000000000000e+00,0.000000000000000000e+00,0.000000000000000000e+00,0.000000000000000000e+00,0.000000000000000000e+00,0.000000000000000000e+00,0.000000000000000000e+00,0.000000000000000000e+00
CDi,0.000000000000000000e+00,3.586103906899999749e-02,1.616926526900000147e-02,7.514936794999999697e-03,-3.295702847399999830e-02,-2.900559045299999986e-02,-1.076242139700000003e-02,-3.901801840999999989e-03,-4.745735031000000367e-03,-1.170555597100000032e-02,-3.375179274000000059e-03,3.637704962999999906e-03,-4.287865721000000234e-03,4.403759010999999668e-03,-1.767440242000000014e-03,-4.416670426999999739e-03,-8.758935989000000630e-03,3.453866160000000217e-04,-2.300802843000000070e-02,1.017518439000000005e-03
CDiw,0.000000000000000000e+00,3.153449413099999876e-02,2.179824671099999875e-02,2.200637909399999828e-02,2.115887000700000103e-02,2.239457210700000062e-02,2.181717941499999869e-02,2.128934114300000055e-02,2.137977614599999993e-02,1.982553729899999909e-02,2.318834642300000165e-02,2.093324349599999870e-02,2.054637410300000008e-02,2.108117721400000130e-02,2.138700477799999888e-02,2.147676107499999973e-02,2.105505383400000166e-02,2.036487033200000060e-02,1.970658448899999943e-02,2.217647959299999874e-02
CDo,7.235778762000000426e-03,1.105981834499999983e-02,1.029646159199999918e-02,1.055234370499999984e-02,1.067719529199999927e-02,1.070496249899999947e-02,1.068609309799999942e-02,1.071506795499999921e-02,1.080021567299999964e-02,1.079466676199999919e-02,1.077308939700000016e-02,1.075938749799999934e-02,1.076943510800000038e-02,1.077743912600000013e-02,1.076083557100000060e-02,1.078628590899999989e-02,1.078741131500000026e-02,1.077765140600000018e-02,1.083817213500000085e-02,1.075763030399999945e-02
CDtot,7.235778762000000426e-03,4.692085741500000295e-02,2.646572686000000021e-02,1.806728050099999996e-02,-2.227983318200000076e-02,-1.830062795400000039e-02,-7.632829900000000299e-05,6.813266113999999658e-03,6.054480642000000142e-03,-9.108892090000000451e-04,7.397910122999999671e-03,1.439709246100000055e-02,6.481569387000000147e-03,1.518119813699999980e-02,8.993395329000000368e-03,6.369615482000000155e-03,2.028475326000000068e-03,1.112303802200000080e-02,-1.216985629399999942e-02,1.177514874299999924e-02
CDwtot,7.235778762000000426e-03,4.259431247699999729e-02,3.209470830299999966e-02,3.255872279900000332e-02,3.183606529800000334e-02,3.309953460600000008e-02,3.250327251300000331e-02,3.200440909800000150e-02,3.217999181899999783e-02,3.062020406200000044e-02,3.396143581999999661e-02,3.169263099399999978e-02,3.131580921100000220e-02,3.185861634099999840e-02,3.214784034899999948e-02,3.226304698400000309e-02,3.184246514900000019e-02,3.114252173800000079e-02,3.054475662400000027e-02,3.293410989799999689e-02
CFxi,0.000000000000000000e+00,-5.490771089999999834e-03,-1.353258346700000024e-02,-2.090415899600000030e-02,-5.952431204800000264e-02,-5.633936588999999967e-02,-3.993304303299999997e-02,-3.438621593700000312e-02,-3.389862762799999985e-02,-4.164736705699999958e-02,-3.308975576300000193e-02,-2.579621555800000118e-02,-3.406164070099999830e-02,-2.446927865700000010e-02,-3.321254454500000008e-02,-3.374058642799999952e-02,-3.867070142299999791e-02,-2.950851220799999980e-02,-5.410181579000000046e-02,-2.911602694699999896e-02
CFxiw,0.000000000000000000e+00,-1.872880949499999836e-02,-2.122448884500000021e-02,-2.159882253299999846e-02,-2.209252389800000008e-02,-2.072061292900000129e-02,-2.163477152900000061e-02,-2.272195901899999940e-02,-2.191667426600000038e-02,-2.340755756399999846e-02,-2.040986732500000081e-02,-2.259365172099999861e-02,-2.306953307499999897e-02,-2.253127967199999859e-02,-2.219996526799999925e-02,-2.218515924100000064e-02,-2.253721138199999904e-02,-2.337615653500000126e-02,-2.405244733300000021e-02,-2.092455745999999978e-02
CFxo,7.261416062999999886e-03,1.110528947299999937e-02,1.033931447099999991e-02,1.059772074199999935e-02,1.072450833999999929e-02,1.075264747899999998e-02,1.073368788400000037e-02,1.076324647100000004e-02,1.084936949900000037e-02,1.084395376299999991e-02,1.082227192200000028e-02,1.080877741600000039e-02,1.081884117799999934e-02,1.082698681200000047e-02,1.081014437100000052e-02,1.083583079400000058e-02,1.083705579799999937e-02,1.082718266599999937e-02,1.088841477999999939e-02,1.080695204699999926e-02
CFxtot,7.261416062999999886e-03,5.614518383000000404e-03,-3.193268995999999898e-03,-1.030643825399999922e-02,-4.879980370800000161e-02,-4.558671841100000316e-02,-2.919935514800000090e-02,-2.362296946699999831e-02,-2.304925812900000121e-02,-3.080341329399999967e-02,-2.226748384199999861e-02,-1.498743814200000080e-02,-2.324279952299999896e-02,-1.364229184499999963e-02,-2.240240017400000130e-02,-2.290475563499999936e-02,-2.783364562500000028e-02,-1.868132954200000043e-02,-4.321340100999999934e-02,-1.830907490099999840e-02
CFxwtot,7.261416062999999886e-03,-7.623520023000000291e-03,-1.088517437400000031e-02,-1.100110179100000085e-02,-1.136801555800000078e-02,-9.967965449999999575e-03,-1.090108364500000024e-02,-1.195871254899999979e-02,-1.106730476700000000e-02,-1.256360380100000028e-02,-9.587595403000000530e-03,-1.178487430499999995e-02,-1.225069189699999964e-02,-1.170429285999999985e-02,-1.138982089700000047e-02,-1.134932844700000006e-02,-1.170015558399999968e-02,-1.254897386799999973e-02,-1.316403255300000082e-02,-1.011760541399999921e-02
CFyi,0.000000000000000000e+00,-1.607497890799999829e-02,-5.203676223999999934e-03,1.570057184899999875e-02,2.693262455980000025e-01,2.658738274799999843e-02,-5.719196579999999593e-03,3.645853486600000165e-02,-1.970980267000000015e-03,-2.280033954299999846e-02,2.388418731900000119e-02,1.782757480600000166e-02,5.234639810000000365e-03,3.901654187999999829e-02,2.559134225499999984e-02,5.783050065200000256e-02,7.530993324999999718e-03,-5.510183677000000425e-03,-3.150643118100000112e-02,3.411036105000000117e-03
CFyiw,0.000000000000000000e+00,9.767567399999999272e-04,9.071026520000000787e-03,7.174318578999999696e-03,7.560825650999999752e-03,7.881887828999999471e-03,7.406211416000000290e-03,8.517738991999999898e-03,1.068824524299999933e-02,7.638232283000000178e-03,7.995694197999999447e-03,6.566468915000000031e-03,6.036802281000000145e-03,6.731323382000000202e-03,7.612836262999999812e-03,8.041487224000000780e-03,5.097242473000000371e-03,5.218395326999999799e-03,5.965980479999999884e-03,8.197207172000000805e-03
CFyo,0.000000000000000000e+00,-2.883844000000000099e-05,-2.558545100000000021e-05,-2.101280099999999919e-05,-1.331361700000000057e-05,-1.454546800000000071e-05,-1.372099199999999936e-05,-1.256001399999999999e-05,-1.215896699999999969e-05,-1.229135099999999988e-05,-1.518953599999999931e-05,-1.361335600000000045e-05,2.405507000000000074e-06,-4.594793999999999871e-06,3.436219000000000126e-06,3.225476000000000050e-06,-5.713393999999999630e-06,-7.415294999999999618e-06,-1.822255500000000090e-05,-1.313700799999999997e-05
CFytot,0.000000000000000000e+00,-1.610381734899999848e-02,-5.229261673999999714e-03,1.567955904799999897e-02,2.693129319809999811e-01,2.657283728000000081e-02,-5.732917572000000017e-03,3.644597485199999737e-02,-1.983139234000000015e-03,-2.281263089399999944e-02,2.386899778300000108e-02,1.781396144999999875e-02,5.237045317999999665e-03,3.901194708599999700e-02,2.559477847400000103e-02,5.783372612900000015e-02,7.525279931000000352e-03,-5.517598971999999879e-03,-3.152465373499999807e-02,3.397899096999999844e-03
CFywtot,0.000000000000000000e+00,9.479182999999999533e-04,9.045441068999999709e-03,7.153305777000000358e-03,7.547512034000000009e-03,7.867342361000000117e-03,7.392490423999999866e-03,8.505178977000000390e-03,1.067608627600000019e-02,7.625940932000000068e-03,7.980504661999999333e-03,6.552855558999999726e-03,6.039207789000000312e-03,6.726728587999999780e-03,7.616272482000000128e-03,8.044712701000000105e-03,5.091529079000000138e-03,5.210980032000000345e-03,5.947757924999999904e-03,8.184070163999999231e-03
CFzi,0.000000000000000000e+00,5.926107312749999689e-01,4.253208691529999919e-01,4.066744316099999978e-01,3.787789709430000040e-01,3.898783025299999982e-01,4.167834924819999731e-01,4.358111780980000183e-01,4.167400627230000154e-01,4.277790804480000042e-01,4.248203774830000001e-01,4.210517054569999917e-01,4.256350836219999767e-01,4.130574581600000017e-01,4.496242216779999801e-01,4.191973025490000060e-01,4.274523058329999792e-01,4.269427047139999765e-01,4.438584176450000029e-01,4.309653082229999987e-01
CFziw,0.000000000000000000e+00,7.198999389289999495e-01,6.160149941800000528e-01,6.243519152149999973e-01,6.192626333880000278e-01,6.173579074830000124e-01,6.221537213569999780e-01,6.301343553220000171e-01,6.199146856760000546e-01,6.189543838990000379e-01,6.242932590980000418e-01,6.231946066689999508e-01,6.244540272349999865e-01,6.244233615049999964e-01,6.240695624269999575e-01,6.251445355839999607e-01,6.241336949000000356e-01,6.262369838869999983e-01,6.264714789040000120e-01,6.171479659570000553e-01
CFzo,-1.139515240000000005e-04,-2.640500500000000114e-04,-2.532643620000000237e-04,-2.804258979999999890e-04,-3.037522330000000056e-04,-3.081014610000000248e-04,-3.074705649999999739e-04,-3.148064570000000113e-04,-3.257806140000000009e-04,-3.278788769999999996e-04,-3.271383089999999961e-04,-3.305826500000000052e-04,-3.304627580000000153e-04,-3.322084529999999938e-04,-3.293720349999999992e-04,-3.318594580000000082e-04,-3.332444750000000092e-04,-3.319661450000000163e-04,-3.400259850000000058e-04,-3.296690439999999775e-04
CFztot,-1.139515240000000005e-04,5.923466812250000046e-01,4.250676047920000089e-01,4.063940057120000171e-01,3.784752187100000054e-01,3.895702010689999772e-01,4.164760219170000055e-01,4.354963716399999907e-01,4.164142821080000223e-01,4.274512015709999724e-01,4.244932391740000033e-01,4.207211228070000253e-01,4.253046208630000269e-01,4.127252497069999748e-01,4.492948496429999827e-01,4.188654430909999893e-01,4.271190613579999851e-01,4.266107385699999810e-01,4.435183916600000109e-01,4.306356391789999960e-01
CFzwtot,-1.139515240000000005e-04,7.196358888789999853e-01,6.157617298190000144e-01,6.240714893180000500e-01,6.189588811549999736e-01,6.170498060219999914e-01,6.218462507919999549e-01,6.298195488650000229e-01,6.195889050609999504e-01,6.186265050220000061e-01,6.239661207900000228e-01,6.228640240189999844e-01,6.241235644770000146e-01,6.240911530520000250e-01,6.237401903929999936e-01,6.248126761259999995e-01,6.238004504249999860e-01,6.259050177420000249e-01,6.261314529189999645e-01,6.168182969130000526e-01
CLi,0.000000000000000000e+00,5.915501781469999498e-01,4.252287941960000150e-01,4.071419935519999811e-01,3.820084905169999767e-01,3.928586140779999902e-01,4.185538171100000038e-01,4.371482251409999908e-01,4.180895536029999859e-01,4.296422055740000134e-01,4.260937610739999881e-01,4.218254976979999848e-01,4.269742778949999762e-01,4.137581615459999806e-01,4.508457496630000061e-01,4.205297833200000168e-01,4.291085852679999979e-01,4.279611035009999731e-01,4.465511527400000125e-01,4.319465297619999866e-01
CLiw,0.000000000000000000e+00,7.194527545669999746e-01,6.159949581139999575e-01,6.243376830269999900e-01,6.192952373000000232e-01,6.172994515399999882e-01,6.221473515330000481e-01,6.301843834410000289e-01,6.199334345710000305e-01,6.190794708029999649e-01,6.241962324700000009e-01,6.232525894020000123e-01,6.245421378879999486e-01,6.244740001990000122e-01,6.240979516329999699e-01,6.251692733929999912e-01,6.241854529820000108e-01,6.263421403179999514e-01,6.266232397780000518e-01,6.171042478730000003e-01
CLo,-6.202047220000000017e-04,-1.038072670000000051e-03,-9.738815410000000155e-04,-1.019002423000000017e-03,-1.051116192000000043e-03,-1.057417712999999919e-03,-1.055465799000000066e-03,-1.064845723999999954e-03,-1.081800788000000053e-03,-1.083516156000000107e-03,-1.081264943000000102e-03,-1.083759566000000018e-03,-1.084341977999999946e-03,-1.086651631999999970e-03,-1.082647253000000023e-03,-1.086920411999999989e-03,-1.088387506000000051e-03,-1.086423575000000077e-03,-1.098735117999999952e-03,-1.082720852999999967e-03
CLtot,-6.202047220000000017e-04,5.905121054769999489e-01,4.242549126549999827e-01,4.061229911290000216e-01,3.809573743260000200e-01,3.918011963640000150e-01,4.174983513109999933e-01,4.360833794160000054e-01,4.170077528159999991e-01,4.285586894180000161e-01,4.250124961310000060e-01,4.207417381329999762e-01,4.258899359169999732e-01,4.126715099150000121e-01,4.497631024109999820e-01,4.194428629090000138e-01,4.280201977620000098e-01,4.268746799250000001e-01,4.454524176219999965e-01,4.308638089080000233e-01
CLwtot,-6.202047220000000017e-04,7.184146818969999737e-01,6.150210765729999807e-01,6.233186806039999750e-01,6.182441211079999777e-01,6.162420338270000464e-01,6.210918857339999821e-01,6.291195377160000435e-01,6.188516337839999881e-01,6.179959546459999897e-01,6.231149675270000188e-01,6.221688298369999481e-01,6.234577959099999456e-01,6.233873485669999548e-01,6.230153043799999679e-01,6.240823529810000103e-01,6.230970654759999672e-01,6.252557167419999784e-01,6.255245046599999803e-01,6.160215270200000148e-01
CMxi,0.000000000000000000e+00,-1.178380620000000020e-04,-1.200231913999999988e-03,-1.938238456000000026e-03,-1.535792538200000078e-02,-2.019145088000000050e-03,-3.497642649999999922e-04,-2.976062671000000159e-03,-1.640720223999999998e-03,-1.397747149999999962e-04,-1.663356406000000062e-03,-7.689240769999999489e-04,-1.353297660000000069e-04,-2.232820980999999927e-03,-2.361012955000000094e-03,-3.080031605000000186e-03,-1.265911949999999880e-04,-3.996616500000000125e-05,1.223740125000000005e-03,-1.295872643000000029e-03
CMxo,-0.000000000000000000e+00,2.033167000000000011e-06,1.804635999999999987e-06,1.486477999999999899e-06,9.622639999999999403e-07,1.018326999999999957e-06,9.702620000000000626e-07,8.824099999999999718e-07,8.756199999999999488e-07,9.230080000000000022e-07,1.092447999999999963e-06,1.078544999999999895e-06,-1.469899999999999980e-08,3.949139999999999852e-07,-1.451009999999999968e-07,-1.775750000000000002e-07,4.585110000000000219e-07,5.861459999999999866e-07,1.255805000000000041e-06,9.590729999999999483e-07
CMxtot,-0.000000000000000000e+00,-1.158048950000000062e-04,-1.198427277999999929e-03,-1.936751978000000006e-03,-1.535696311799999991e-02,-2.018126760999999856e-03,-3.487940030000000234e-04,-2.975180260999999837e-03,-1.639844603000000086e-03,-1.388517069999999965e-04,-1.662263957000000058e-03,-7.678455320000000068e-04,-1.353444650000000093e-04,-2.232426067000000194e-03,-2.361158056000000130e-03,-3.080209180000000133e-03,-1.261326849999999916e-04,-3.938001899999999766e-05,1.224995929999999960e-03,-1.294913570000000074e-03
CMyi,0.000000000000000000e+00,6.681713660529999821e-01,7.987997671750000084e-01,8.758406764939999922e-01,9.556301522769999890e-01,9.532954269079999543e-01,8.665465150100000180e-01,8.088529682130000120e-01,8.616688477420000325e-01,8.237480159129999535e-01,8.303243132369999557e-01,8.240786499619999761e-01,8.229781328490000103e-01,8.412325861989999876e-01,7.507729785540000478e-01,8.564300165060000358e-01,8.093061861300000492e-01,8.070427579359999992e-01,8.072435389900000091e-01,7.891511259550000323e-01
CMyo,4.148535529999999687e-03,6.227769624999999858e-03,5.823756002999999799e-03,5.970345367000000000e-03,6.045645532000000141e-03,6.061853215999999864e-03,6.052805458000000416e-03,6.072057112000000048e-03,6.120252122999999579e-03,6.118390944000000158e-03,6.107296285000000068e-03,6.102235892999999592e-03,6.106552093999999958e-03,6.112215778000000196e-03,6.102775355999999832e-03,6.117415822999999926e-03,6.117954737000000191e-03,6.112443892000000295e-03,6.147269930999999660e-03,6.101749987999999583e-03
CMytot,4.148535529999999687e-03,6.743991356780000279e-01,8.046235231780000108e-01,8.818110218610000217e-01,9.616757978090000325e-01,9.593572801240000114e-01,8.725993204690000171e-01,8.149250253259999743e-01,8.677890998649999688e-01,8.298664068569999719e-01,8.364316095220000191e-01,8.301808858560000282e-01,8.290846849440000055e-01,8.473448019770000172e-01,7.568757539099999487e-01,8.625474323299999746e-01,8.154241408669999913e-01,8.131552018290000294e-01,8.133908089210000192e-01,7.952528759429999816e-01
CMzi,0.000000000000000000e+00,-6.033348749999999615e-03,-1.941273715000000049e-03,4.957126636000000128e-03,8.775195547899999893e-02,8.310806643999999604e-03,-8.571666139999999578e-04,1.255162847399999941e-02,5.282112509999999745e-04,-6.297433839000000401e-03,5.817218362999999719e-03,3.399562957000000149e-03,1.229283173000000028e-03,1.292110142700000040e-02,9.868271484999999871e-03,1.673519960599999939e-02,7.969775190000000231e-04,-2.894870286000000067e-03,-8.741235870000000838e-03,-5.136716449999999658e-04
CMzo,-0.000000000000000000e+00,8.584704999999999658e-06,7.952364999999999543e-06,6.733027000000000274e-06,5.401718999999999773e-06,4.417697000000000201e-06,4.761020000000000369e-06,3.397153999999999848e-06,5.156499000000000281e-06,6.872791000000000043e-06,6.217811000000000090e-06,9.048081999999999745e-06,6.596942000000000204e-06,4.957804999999999706e-06,3.477162000000000150e-06,1.715588000000000023e-06,4.901439999999999611e-06,4.116129999999999840e-06,2.184525000000000061e-06,4.658383000000000322e-06
CMztot,-0.000000000000000000e+00,-6.024764043999999985e-03,-1.933321349999999900e-03,4.963859662999999672e-03,8.775735719799999945e-02,8.315224341000000338e-03,-8.524055939999999930e-04,1.255502562800000013e-02,5.333677500000000163e-04,-6.290561047999999877e-03,5.823436175000000145e-03,3.408611039000000037e-03,1.235880114999999939e-03,1.292605923199999923e-02,9.871748648000000514e-03,1.673691519400000161e-02,8.018789589999999719e-04,-2.890754155999999964e-03,-8.739051345000000207e-03,-5.090132620000000375e-04
CSi,0.000000000000000000e+00,-1.607497890799999829e-02,-5.203676223999999934e-03,1.570057184899999875e-02,2.693262455980000025e-01,2.658738274799999843e-02,-5.719196579999999593e-03,3.645853486600000165e-02,-1.970980267000000015e-03,-2.280033954299999846e-02,2.388418731900000119e-02,1.782757480600000166e-02,5.234639810000000365e-03,3.901654187999999829e-02,2.559134225499999984e-02,5.783050065200000256e-02,7.530993324999999718e-03,-5.510183677000000425e-03,-3.150643118100000112e-02,3.411036105000000117e-03
CSiw,0.000000000000000000e+00,9.767567399999999272e-04,9.071026520000000787e-03,7.174318578999999696e-03,7.560825650999999752e-03,7.881887828999999471e-03,7.406211416000000290e-03,8.517738991999999898e-03,1.068824524299999933e-02,7.638232283000000178e-03,7.995694197999999447e-03,6.566468915000000031e-03,6.036802281000000145e-03,6.731323382000000202e-03,7.612836262999999812e-03,8.041487224000000780e-03,5.097242473000000371e-03,5.218395326999999799e-03,5.965980479999999884e-03,8.197207172000000805e-03
CSo,0.000000000000000000e+00,-2.883844000000000099e-05,-2.558545100000000021e-05,-2.101280099999999919e-05,-1.331361700000000057e-05,-1.454546800000000071e-05,-1.372099199999999936e-05,-1.256001399999999999e-05,-1.215896699999999969e-05,-1.229135099999999988e-05,-1.518953599999999931e-05,-1.361335600000000045e-05,2.405507000000000074e-06,-4.594793999999999871e-06,3.436219000000000126e-06,3.225476000000000050e-06,-5.713393999999999630e-06,-7.415294999999999618e-06,-1.822255500000000090e-05,-1.313700799999999997e-05
CStot,0.000000000000000000e+00,-1.610381734899999848e-02,-5.229261673999999714e-03,1.567955904799999897e-02,2.693129319809999811e-01,2.657283728000000081e-02,-5.732917572000000017e-03,3.644597485199999737e-02,-1.983139234000000015e-03,-2.281263089399999944e-02,2.386899778300000108e-02,1.781396144999999875e-02,5.237045317999999665e-03,3.901194708599999700e-02,2.559477847400000103e-02,5.783372612900000015e-02,7.525279931000000352e-03,-5.517598971999999879e-03,-3.152465373499999807e-02,3.397899096999999844e-03
CSwtot,0.000000000000000000e+00,9.479182999999999533e-04,9.045441068999999709e-03,7.153305777000000358e-03,7.547512034000000009e-03,7.867342361000000117e-03,7.392490423999999866e-03,8.505178977000000390e-03,1.067608627600000019e-02,7.625940932000000068e-03,7.980504661999999333e-03,6.552855558999999726e-03,6.039207789000000312e-03,6.726728587999999780e-03,7.616272482000000128e-03,8.044712701000000105e-03,5.091529079000000138e-03,5.210980032000000345e-03,5.947757924999999904e-03,8.184070163999999231e-03
E,0.000000000000000000e+00,3.464528471419999756e-01,3.970442112979999938e-01,7.831596256280000112e-01,0.000000000000000000e+00,0.000000000000000000e+00,0.000000000000000000e+00,0.000000000000000000e+00,0.000000000000000000e+00,0.000000000000000000e+00,0.000000000000000000e+00,1.736688815521000073e+00,0.000000000000000000e+00,1.380236242412999914e+00,0.000000000000000000e+00,0.000000000000000000e+00,0.000000000000000000e+00,1.882725123881800045e+01,0.000000000000000000e+00,6.510307701599000296e+00
Ew,0.000000000000000000e+00,5.827771505369999661e-01,6.180399891040000426e-01,6.288894820820000175e-01,6.435567273490000462e-01,6.041333881570000175e-01,6.299001837530000536e-01,6.623032360799999685e-01,6.382205593609999728e-01,6.863595234239999732e-01,5.965630231270000472e-01,6.588332099510000317e-01,6.740189774270000100e-01,6.567766261819999452e-01,6.466054676839999571e-01,6.461156913579999550e-01,6.569839417809999471e-01,6.839517099420000523e-01,7.074332374189999939e-01,6.096889043550000054e-01
FC_AoA_,4.000000000000000000e+00
FC_Beta_,0.000000000000000000e+00
FC_Bref_,1.639999999999999858e+01
FC_Cref_,1.881000000000000005e+00
FC_Mach_,2.030000000000000138e-01
FC_Pitch_Rate,0.000000000000000000e+00
FC_ReCref_,6.980000000000000000e+06
FC_Rho_,2.377000000000000206e-03
FC_Roll__Rate,0.000000000000000000e+00
FC_Sref_,3.000000340000000065e+01
FC_Vinf_,1.000000000000000000e+02
FC_Xcg_,3.750000000000000000e+00
FC_Yaw___Rate,0.000000000000000000e+00
FC_Ycg_,0.000000000000000000e+00
FC_Zcg_,0.000000000000000000e+00
L/D,0.000000000000000000e+00,1.260740341796000052e+01,1.606714965515699944e+01,2.253476905611099923e+01,0.000000000000000000e+00,0.000000000000000000e+00,0.000000000000000000e+00,6.416133141487900104e+01,6.905456938595699512e+01,0.000000000000000000e+00,5.759650414702799992e+01,2.929935324459000157e+01,6.587513800657499985e+01,2.725464471343299877e+01,5.013076075818199939e+01,6.602121972594200372e+01,2.115424229201140065e+02,3.847519919216299655e+01,0.000000000000000000e+00,3.668289371025699808e+01
L/Dw,0.000000000000000000e+00,1.689081740563500134e+01,1.919303806432800030e+01,1.917574245395000077e+01,1.945263120595100048e+01,1.864979247883799829e+01,1.914106806567500030e+01,1.969054893383000149e+01,1.926456159629900000e+01,2.021800604451599881e+01,1.837955956223299836e+01,1.966553643096499826e+01,1.994334981645700111e+01,1.960141625484299865e+01,1.941337100291099915e+01,1.937725453239299966e+01,1.960229680921800011e+01,2.011212019349200020e+01,2.051492003962599853e+01,1.873754140568900084e+01
Mach,2.030000000000000138e-01,2.030000000000000138e-01,2.030000000000000138e-01,2.030000000000000138e-01,2.030000000000000138e-01,2.030000000000000138e-01,2.030000000000000138e-01,2.030000000000000138e-01,2.030000000000000138e-01,2.030000000000000138e-01,2.030000000000000138e-01,2.030000000000000138e-01,2.030000000000000138e-01,2.030000000000000138e-01,2.030000000000000138e-01,2.030000000000000138e-01,2.030000000000000138e-01,2.030000000000000138e-01,2.030000000000000138e-01,2.030000000000000138e-01
T/QS,0.000000000000000000e+00,0.000000000000000000e+00,0.000000000000000000e+00,0.000000000000000000e+00,0.000000000000000000e+00,0.000000000000000000e+00,0.000000000000000000e+00,0.000000000000000000e+00,0.000000000000000000e+00,0.000000000000000000e+00,0.000000000000000000e+00,0.000000000000000000e+00,0.000000000000000000e+00,0.000000000000000000e+00,0.000000000000000000e+00,0.000000000000000000e+00,0.000000000000000000e+00,0.000000000000000000e+00,0.000000000000000000e+00,0.000000000000000000e+00
WakeIter,1,2,3,4,5,6,7,8,9,10,11,12,13,14,15,16,17,18,19,20
WallTime,2.480999999999799854e+01,5.279000000000100101e+01,8.049399999999900501e+01,1.083430000000009983e+02,1.336429999999959932e+02,1.592869999999969934e+02,1.857730000000009909e+02,2.121059999999999945e+02,2.386279999999970016e+02,2.698759999999970205e+02,2.985190000000000055e+02,3.272969999999990023e+02,3.564239999999990118e+02,3.896719999999990023e+02,4.232370000000009895e+02,4.564259999999990214e+02,4.883159999999990077e+02,5.179450000000000500e+02,5.460179999999960501e+02,5.817659999999959837e+02
log10( L2Residual ),9.559338369480000486e-01,1.036481045838999915e+00,1.142891109285999907e+00,1.275800264326000022e+00,1.378856311120000067e+00,8.797593624939999968e-01,1.163213550320999934e+00,1.033285819644000014e+00,1.018177819124999939e+00,1.120295954599000110e+00,7.496409551739999788e-01,7.470834531129999512e-01,5.388372550859999999e-01,8.057086336850000086e-01,7.323125264119999533e-01,9.000399856999999892e-01,7.644803304180000092e-01,6.823456327260000176e-01,5.702299680289999451e-01,1.110364086806000072e+00
log10( MaxResidual ),1.910926495972999906e+00,3.045033244232000058e+00,3.211356844342999839e+00,3.283584462122000058e+00,3.475090716351000086e+00,2.779352808002999886e+00,3.199310022077999971e+00,3.040707899345000076e+00,3.115273044688000148e+00,3.158096053790000024e+00,2.728815086287999847e+00,2.679547094145999786e+00,2.231032654003000104e+00,2.804758339040999804e+00,2.676656930846999849e+00,2.923472244061000147e+00,2.745789356239999979e+00,2.543525300784000187e+00,2.358976565734999919e+00,3.137715527666999904e+00
Results_Name,VSPAERO_Polar
Results_Timestamp,1787049084
Results_Date,8,18,2026
Results_Time,16,1,24
Alpha,4.000000000000000000e+00,4.000000000000000000e+00
Beta,0.000000000000000000e+00,0.000000000000000000e+00
CDi,1.017518439000000005e-03,1.017518439000000005e-03
CDiw,2.217647959299999874e-02,2.217647959299999874e-02
CDo,1.075763030399999945e-02,1.075763030399999945e-02
CDtot,1.177514874299999924e-02,1.177514874299999924e-02
CDwtot,3.293410989799999689e-02,3.293410989799999689e-02
CFix,-2.911602694699999896e-02,-2.911602694699999896e-02
CFiy,3.411036105000000117e-03,3.411036105000000117e-03
CFiz,4.309653082229999987e-01,4.309653082229999987e-01
CFox,1.080695204699999926e-02,1.080695204699999926e-02
CFoy,-1.313700799999999997e-05,-1.313700799999999997e-05
CFoz,-3.296690439999999775e-04,-3.296690439999999775e-04
CFxtot,-1.830907490099999840e-02,-1.830907490099999840e-02
CFytot,3.397899096999999844e-03,3.397899096999999844e-03
CFztot,4.306356391789999960e-01,4.306356391789999960e-01
CLi,4.319465297619999866e-01,4.319465297619999866e-01
CLiw,6.171042478730000003e-01,6.171042478730000003e-01
CLo,-1.082720852999999967e-03,-1.082720852999999967e-03
CLtot,4.308638089080000233e-01,4.308638089080000233e-01
CLwtot,6.160215270200000148e-01,6.160215270200000148e-01
CMix,-1.295872643000000029e-03,-1.295872643000000029e-03
CMiy,7.891511259550000323e-01,7.891511259550000323e-01
CMiz,-5.136716449999999658e-04,-5.136716449999999658e-04
CMox,9.590729999999999483e-07,9.590729999999999483e-07
CMoy,6.101749987999999583e-03,6.101749987999999583e-03
CMoz,4.658383000000000322e-06,4.658383000000000322e-06
CMxtot,-1.294913570000000074e-03,-1.294913570000000074e-03
CMytot,7.952528759429999816e-01,7.952528759429999816e-01
CMztot,-5.090132620000000375e-04,-5.090132620000000375e-04
CSi,3.411036105000000117e-03,3.411036105000000117e-03
CSiw,8.197207172000000805e-03,8.197207172000000805e-03
CSo,-1.313700799999999997e-05,-1.313700799999999997e-05
CStot,3.397899096999999844e-03,3.397899096999999844e-03
CSwtot,8.184070163999999231e-03,8.184070163999999231e-03
E,6.477711020872000347e+00,6.477711020872000347e+00
Ew,6.477711020872000347e+00,6.477711020872000347e+00
L_D,3.659094405621500101e+01,3.659094405621500101e+01
L_Dw,3.659094405621500101e+01,3.659094405621500101e+01
Mach,2.030000000000000138e-01,2.030000000000000138e-01
Re_1e6,6.980000000000000426e+00,6.980000000000000426e+00
StallFactor,1.000000000000000000e+00,1.000000000000000000e+00
Results_Name,VSPAERO_Load
Results_Timestamp,1787049084
Results_Date,8,18,2026
Results_Time,16,1,24
Angle ,0.000000000000000000e+00,0.000000000000000000e+00,0.000000000000000000e+00,0.000000000000000000e+00,0.000000000000000000e+00,0.000000000000000000e+00,0.000000000000000000e+00,0.000000000000000000e+00,0.000000000000000000e+00,0.000000000000000000e+00,0.000000000000000000e+00,0.000000000000000000e+00,0.000000000000000000e+00,0.000000000000000000e+00,0.000000000000000000e+00,0.000000000000000000e+00,0.000000000000000000e+00,0.000000000000000000e+00,0.000000000000000000e+00,0.000000000000000000e+00,0.000000000000000000e+00,0.000000000000000000e+00,0.000000000000000000e+00,0.000000000000000000e+00,0.000000000000000000e+00,0.000000000000000000e+00,0.000000000000000000e+00,0.000000000000000000e+00,0.000000000000000000e+00,0.000000000000000000e+00,0.000000000000000000e+00,0.000000000000000000e+00,0.000000000000000000e+00,0.000000000000000000e+00,0.000000000000000000e+00,0.000000000000000000e+00,0.000000000000000000e+00,0.000000000000000000e+00,0.000000000000000000e+00,0.000000000000000000e+00,0.000000000000000000e+00,0.000000000000000000e+00,0.000000000000000000e+00,0.000000000000000000e+00,0.000000000000000000e+00,0.000000000000000000e+00,0.000000000000000000e+00,0.000000000000000000e+00,0.000000000000000000e+00,0.000000000000000000e+00,0.000000000000000000e+00,0.000000000000000000e+00,0.000000000000000000e+00,0.000000000000000000e+00,0.000000000000000000e+00,0.000000000000000000e+00,0.000000000000000000e+00,0.000000000000000000e+00,0.000000000000000000e+00,0.000000000000000000e+00,0.000000000000000000e+00,0.000000000000000000e+00,0.000000000000000000e+00,0.000000000000000000e+00,0.000000000000000000e+00,0.000000000000000000e+00,0.000000000000000000e+00,0.000000000000000000e+00,0.000000000000000000e+00,0.000000000000000000e+00,0.000000000000000000e+00,0.000000000000000000e+00,0.000000000000000000e+00,0.000000000000000000e+00,0.000000000000000000e+00,0.000000000000000000e+00,0.000000000000000000e+00,0.000000000000000000e+00,0.000000000000000000e+00,0.000000000000000000e+00,0.000000000000000000e+00,0.000000000000000000e+00,0.000000000000000000e+00,0.000000000000000000e+00,0.000000000000000000e+00,0.000000000000000000e+00,0.000000000000000000e+00,0.000000000000000000e+00,0.000000000000000000e+00,0.000000000000000000e+00,0.000000000000000000e+00,0.000000000000000000e+00,0.000000000000000000e+00,0.000000000000000000e+00,0.000000000000000000e+00,0.000000000000000000e+00,0.000000000000000000e+00,0.000000000000000000e+00,0.000000000000000000e+00,0.000000000000000000e+00,0.000000000000000000e+00,0.000000000000000000e+00,0.000000000000000000e+00,0.000000000000000000e+00,0.000000000000000000e+00,0.000000000000000000e+00,0.000000000000000000e+00,0.000000000000000000e+00,0.000000000000000000e+00,0.000000000000000000e+00,0.000000000000000000e+00,0.000000000000000000e+00,0.000000000000000000e+00,0.000000000000000000e+00,0.000000000000000000e+00,0.000000000000000000e+00,0.000000000000000000e+00,0.000000000000000000e+00,0.000000000000000000e+00,0.000000000000000000e+00,0.000000000000000000e+00,0.000000000000000000e+00,0.000000000000000000e+00,0.000000000000000000e+00,0.000000000000000000e+00,0.000000000000000000e+00,0.000000000000000000e+00,0.000000000000000000e+00,0.000000000000000000e+00,0.000000000000000000e+00,0.000000000000000000e+00,0.000000000000000000e+00,0.000000000000000000e+00,0.000000000000000000e+00,0.000000000000000000e+00,0.000000000000000000e+00,0.000000000000000000e+00,0.000000000000000000e+00,0.000000000000000000e+00,0.000000000000000000e+00,0.000000000000000000e+00,0.000000000000000000e+00,0.000000000000000000e+00,0.000000000000000000e+00,0.000000000000000000e+00,0.000000000000000000e+00,0.000000000000000000e+00,0.000000000000000000e+00,0.000000000000000000e+00,0.000000000000000000e+00,0.000000000000000000e+00,0.000000000000000000e+00,0.000000000000000000e+00,0.000000000000000000e+00,0.000000000000000000e+00,0.000000000000000000e+00,0.000000000000000000e+00,0.000000000000000000e+00,0.000000000000000000e+00,0.000000000000000000e+00,0.000000000000000000e+00,0.000000000000000000e+00,0.000000000000000000e+00,0.000000000000000000e+00,0.000000000000000000e+00,0.000000000000000000e+00,0.000000000000000000e+00,0.000000000000000000e+00,0.000000000000000000e+00,0.000000000000000000e+00,0.000000000000000000e+00,0.000000000000000000e+00,0.000000000000000000e+00,0.000000000000000000e+00,0.000000000000000000e+00,0.000000000000000000e+00,0.000000000000000000e+00,0.000000000000000000e+00,0.000000000000000000e+00,0.000000000000000000e+00,0.000000000000000000e+00,0.000000000000000000e+00,0.000000000000000000e+00,0.000000000000000000e+00,0.000000000000000000e+00,0.000000000000000000e+00,0.000000000000000000e+00,0.000000000000000000e+00,0.000000000000000000e+00,0.000000000000000000e+00,0.000000000000000000e+00,0.000000000000000000e+00,0.000000000000000000e+00,0.000000000000000000e+00,0.000000000000000000e+00,0.000000000000000000e+00,0.000000000000000000e+00,0.000000000000000000e+00,0.000000000000000000e+00,0.000000000000000000e+00,0.000000000000000000e+00,0.000000000000000000e+00,0.000000000000000000e+00,0.000000000000000000e+00,0.000000000000000000e+00,0.000000000000000000e+00,0.000000000000000000e+00,0.000000000000000000e+00,0.000000000000000000e+00,0.000000000000000000e+00,0.000000000000000000e+00,0.000000000000000000e+00
CP,0.000000000000000000e+00,0.000000000000000000e+00,0.000000000000000000e+00,0.000000000000000000e+00,0.000000000000000000e+00,0.000000000000000000e+00,0.000000000000000000e+00,0.000000000000000000e+00,0.000000000000000000e+00,0.000000000000000000e+00,0.000000000000000000e+00,0.000000000000000000e+00,0.000000000000000000e+00,0.000000000000000000e+00,0.000000000000000000e+00,0.000000000000000000e+00,0.000000000000000000e+00,0.000000000000000000e+00,0.000000000000000000e+00,0.000000000000000000e+00,0.000000000000000000e+00,0.000000000000000000e+00,0.000000000000000000e+00,0.000000000000000000e+00,0.000000000000000000e+00,0.000000000000000000e+00,0.000000000000000000e+00,0.000000000000000000e+00,0.000000000000000000e+00,0.000000000000000000e+00,0.000000000000000000e+00,0.000000000000000000e+00,0.000000000000000000e+00,0.000000000000000000e+00,0.000000000000000000e+00,0.000000000000000000e+00,0.000000000000000000e+00,0.000000000000000000e+00,0.000000000000000000e+00,0.000000000000000000e+00,0.000000000000000000e+00,0.000000000000000000e+00,0.000000000000000000e+00,0.000000000000000000e+00,0.000000000000000000e+00,0.000000000000000000e+00,0.000000000000000000e+00,0.000000000000000000e+00,0.000000000000000000e+00,0.000000000000000000e+00,0.000000000000000000e+00,0.000000000000000000e+00,0.000000000000000000e+00,0.000000000000000000e+00,0.000000000000000000e+00,0.000000000000000000e+00,0.000000000000000000e+00,0.000000000000000000e+00,0.000000000000000000e+00,0.000000000000000000e+00,0.000000000000000000e+00,0.000000000000000000e+00,0.000000000000000000e+00,0.000000000000000000e+00,0.000000000000000000e+00,0.000000000000000000e+00,0.000000000000000000e+00,0.000000000000000000e+00,0.000000000000000000e+00,0.000000000000000000e+00,0.000000000000000000e+00,0.000000000000000000e+00,0.000000000000000000e+00,0.000000000000000000e+00,0.000000000000000000e+00,0.000000000000000000e+00,0.000000000000000000e+00,0.000000000000000000e+00,0.000000000000000000e+00,0.000000000000000000e+00,0.000000000000000000e+00,0.000000000000000000e+00,0.000000000000000000e+00,0.000000000000000000e+00,0.000000000000000000e+00,0.000000000000000000e+00,0.000000000000000000e+00,0.000000000000000000e+00,0.000000000000000000e+00,0.000000000000000000e+00,0.000000000000000000e+00,0.000000000000000000e+00,0.000000000000000000e+00,0.000000000000000000e+00,0.000000000000000000e+00,0.000000000000000000e+00,0.000000000000000000e+00,0.000000000000000000e+00,0.000000000000000000e+00,0.000000000000000000e+00,0.000000000000000000e+00,0.000000000000000000e+00,0.000000000000000000e+00,0.000000000000000000e+00,0.000000000000000000e+00,0.000000000000000000e+00,0.000000000000000000e+00,0.000000000000000000e+00,0.000000000000000000e+00,0.000000000000000000e+00,0.000000000000000000e+00,0.000000000000000000e+00,0.000000000000000000e+00,0.000000000000000000e+00,0.000000000000000000e+00,0.000000000000000000e+00,0.000000000000000000e+00,0.000000000000000000e+00,0.000000000000000000e+00,0.000000000000000000e+00,0.000000000000000000e+00,0.000000000000000000e+00,0.000000000000000000e+00,0.000000000000000000e+00,0.000000000000000000e+00,0.000000000000000000e+00,0.000000000000000000e+00,0.000000000000000000e+00,0.000000000000000000e+00,0.000000000000000000e+00,0.000000000000000000e+00,0.000000000000000000e+00,0.000000000000000000e+00,0.000000000000000000e+00,0.000000000000000000e+00,0.000000000000000000e+00,0.000000000000000000e+00,0.000000000000000000e+00,0.000000000000000000e+00,0.000000000000000000e+00,0.000000000000000000e+00,0.000000000000000000e+00,0.000000000000000000e+00,0.000000000000000000e+00,0.000000000000000000e+00,0.000000000000000000e+00,0.000000000000000000e+00,0.000000000000000000e+00,0.000000000000000000e+00,0.000000000000000000e+00,0.000000000000000000e+00,0.000000000000000000e+00,0.000000000000000000e+00,0.000000000000000000e+00,0.000000000000000000e+00,0.000000000000000000e+00,0.000000000000000000e+00,0.000000000000000000e+00,0.000000000000000000e+00,0.000000000000000000e+00,0.000000000000000000e+00,0.000000000000000000e+00,0.000000000000000000e+00,0.000000000000000000e+00,0.000000000000000000e+00,0.000000000000000000e+00,0.000000000000000000e+00,0.000000000000000000e+00,0.000000000000000000e+00,0.000000000000000000e+00,0.000000000000000000e+00,0.000000000000000000e+00,0.000000000000000000e+00,0.000000000000000000e+00,0.000000000000000000e+00,0.000000000000000000e+00,0.000000000000000000e+00,0.000000000000000000e+00,0.000000000000000000e+00,0.000000000000000000e+00,0.000000000000000000e+00,0.000000000000000000e+00,0.000000000000000000e+00,0.000000000000000000e+00,0.000000000000000000e+00,0.000000000000000000e+00,0.000000000000000000e+00,0.000000000000000000e+00,0.000000000000000000e+00,0.000000000000000000e+00,0.000000000000000000e+00,0.000000000000000000e+00,0.000000000000000000e+00,0.000000000000000000e+00,0.000000000000000000e+00,0.000000000000000000e+00,0.000000000000000000e+00,0.000000000000000000e+00,0.000000000000000000e+00,0.000000000000000000e+00,0.000000000000000000e+00,0.000000000000000000e+00,0.000000000000000000e+00,0.000000000000000000e+00,0.000000000000000000e+00,0.000000000000000000e+00,0.000000000000000000e+00,0.000000000000000000e+00,0.000000000000000000e+00,0.000000000000000000e+00,0.000000000000000000e+00,0.000000000000000000e+00
CP_h,0.000000000000000000e+00,0.000000000000000000e+00,0.000000000000000000e+00,0.000000000000000000e+00,0.000000000000000000e+00,0.000000000000000000e+00,0.000000000000000000e+00,0.000000000000000000e+00,0.000000000000000000e+00,0.000000000000000000e+00,0.000000000000000000e+00,0.000000000000000000e+00,0.000000000000000000e+00,0.000000000000000000e+00,0.000000000000000000e+00,0.000000000000000000e+00,0.000000000000000000e+00,0.000000000000000000e+00,0.000000000000000000e+00,0.000000000000000000e+00,0.000000000000000000e+00,0.000000000000000000e+00,0.000000000000000000e+00,0.000000000000000000e+00,0.000000000000000000e+00,0.000000000000000000e+00,0.000000000000000000e+00,0.000000000000000000e+00,0.000000000000000000e+00,0.000000000000000000e+00,0.000000000000000000e+00,0.000000000000000000e+00,0.000000000000000000e+00,0.000000000000000000e+00,0.000000000000000000e+00,0.000000000000000000e+00,0.000000000000000000e+00,0.000000000000000000e+00,0.000000000000000000e+00,0.000000000000000000e+00,0.000000000000000000e+00,0.000000000000000000e+00,0.000000000000000000e+00,0.000000000000000000e+00,0.000000000000000000e+00,0.000000000000000000e+00,0.000000000000000000e+00,0.000000000000000000e+00,0.000000000000000000e+00,0.000000000000000000e+00,0.000000000000000000e+00,0.000000000000000000e+00,0.000000000000000000e+00,0.000000000000000000e+00,0.000000000000000000e+00,0.000000000000000000e+00,0.000000000000000000e+00,0.000000000000000000e+00,0.000000000000000000e+00,0.000000000000000000e+00,0.000000000000000000e+00,0.000000000000000000e+00,0.000000000000000000e+00,0.000000000000000000e+00,0.000000000000000000e+00,0.000000000000000000e+00,0.000000000000000000e+00,0.000000000000000000e+00,0.000000000000000000e+00,0.000000000000000000e+00,0.000000000000000000e+00,0.000000000000000000e+00,0.000000000000000000e+00,0.000000000000000000e+00,0.000000000000000000e+00,0.000000000000000000e+00,0.000000000000000000e+00,0.000000000000000000e+00,0.000000000000000000e+00,0.000000000000000000e+00,0.000000000000000000e+00,0.000000000000000000e+00,0.000000000000000000e+00,0.000000000000000000e+00,0.000000000000000000e+00,0.000000000000000000e+00,0.000000000000000000e+00,0.000000000000000000e+00,0.000000000000000000e+00,0.000000000000000000e+00,0.000000000000000000e+00,0.000000000000000000e+00,0.000000000000000000e+00,0.000000000000000000e+00,0.000000000000000000e+00,0.000000000000000000e+00,0.000000000000000000e+00,0.000000000000000000e+00,0.000000000000000000e+00,0.000000000000000000e+00,0.000000000000000000e+00,0.000000000000000000e+00,0.000000000000000000e+00,0.000000000000000000e+00,0.000000000000000000e+00,0.000000000000000000e+00,0.000000000000000000e+00,0.000000000000000000e+00,0.000000000000000000e+00,0.000000000000000000e+00,0.000000000000000000e+00,0.000000000000000000e+00,0.000000000000000000e+00,0.000000000000000000e+00,0.000000000000000000e+00,0.000000000000000000e+00,0.000000000000000000e+00,0.000000000000000000e+00,0.000000000000000000e+00,0.000000000000000000e+00,0.000000000000000000e+00,0.000000000000000000e+00,0.000000000000000000e+00,0.000000000000000000e+00,0.000000000000000000e+00,0.000000000000000000e+00,0.000000000000000000e+00,0.000000000000000000e+00,0.000000000000000000e+00,0.000000000000000000e+00,0.000000000000000000e+00,0.000000000000000000e+00,0.000000000000000000e+00,0.000000000000000000e+00,0.000000000000000000e+00,0.000000000000000000e+00,0.000000000000000000e+00,0.000000000000000000e+00,0.000000000000000000e+00,0.000000000000000000e+00,0.000000000000000000e+00,0.000000000000000000e+00,0.000000000000000000e+00,0.000000000000000000e+00,0.000000000000000000e+00,0.000000000000000000e+00,0.000000000000000000e+00,0.000000000000000000e+00,0.000000000000000000e+00,0.000000000000000000e+00,0.000000000000000000e+00,0.000000000000000000e+00,0.000000000000000000e+00,0.000000000000000000e+00,0.000000000000000000e+00,0.000000000000000000e+00,0.000000000000000000e+00,0.000000000000000000e+00,0.000000000000000000e+00,0.000000000000000000e+00,0.000000000000000000e+00,0.000000000000000000e+00,0.000000000000000000e+00,0.000000000000000000e+00,0.000000000000000000e+00,0.000000000000000000e+00,0.000000000000000000e+00,0.000000000000000000e+00,0.000000000000000000e+00,0.000000000000000000e+00,0.000000000000000000e+00,0.000000000000000000e+00,0.000000000000000000e+00,0.000000000000000000e+00,0.000000000000000000e+00,0.000000000000000000e+00,0.000000000000000000e+00,0.000000000000000000e+00,0.000000000000000000e+00,0.000000000000000000e+00,0.000000000000000000e+00,0.000000000000000000e+00,0.000000000000000000e+00,0.000000000000000000e+00,0.000000000000000000e+00,0.000000000000000000e+00,0.000000000000000000e+00,0.000000000000000000e+00,0.000000000000000000e+00,0.000000000000000000e+00,0.000000000000000000e+00,0.000000000000000000e+00,0.000000000000000000e+00,0.000000000000000000e+00,0.000000000000000000e+00,0.000000000000000000e+00,0.000000000000000000e+00,0.000000000000000000e+00,0.000000000000000000e+00,0.000000000000000000e+00,0.000000000000000000e+00,0.000000000000000000e+00,0.000000000000000000e+00,0.000000000000000000e+00,0.000000000000000000e+00,0.000000000000000000e+00,0.000000000000000000e+00,0.000000000000000000e+00,0.000000000000000000e+00,0.000000000000000000e+00,0.000000000000000000e+00,0.000000000000000000e+00
CQ,0.000000000000000000e+00,0.000000000000000000e+00,0.000000000000000000e+00,0.000000000000000000e+00,0.000000000000000000e+00,0.000000000000000000e+00,0.000000000000000000e+00,0.000000000000000000e+00,0.000000000000000000e+00,0.000000000000000000e+00,0.000000000000000000e+00,0.000000000000000000e+00,0.000000000000000000e+00,0.000000000000000000e+00,0.000000000000000000e+00,0.000000000000000000e+00,0.000000000000000000e+00,0.000000000000000000e+00,0.000000000000000000e+00,0.000000000000000000e+00,0.000000000000000000e+00,0.000000000000000000e+00,0.000000000000000000e+00,0.000000000000000000e+00,0.000000000000000000e+00,0.000000000000000000e+00,0.000000000000000000e+00,0.000000000000000000e+00,0.000000000000000000e+00,0.000000000000000000e+00,0.000000000000000000e+00,0.000000000000000000e+00,0.000000000000000000e+00,0.000000000000000000e+00,0.000000000000000000e+00,0.000000000000000000e+00,0.000000000000000000e+00,0.000000000000000000e+00,0.000000000000000000e+00,0.000000000000000000e+00,0.000000000000000000e+00,0.000000000000000000e+00,0.000000000000000000e+00,0.000000000000000000e+00,0.000000000000000000e+00,0.000000000000000000e+00,0.000000000000000000e+00,0.000000000000000000e+00,0.000000000000000000e+00,0.000000000000000000e+00,0.000000000000000000e+00,0.000000000000000000e+00,0.000000000000000000e+00,0.000000000000000000e+00,0.000000000000000000e+00,0.000000000000000000e+00,0.000000000000000000e+00,0.000000000000000000e+00,0.000000000000000000e+00,0.000000000000000000e+00,0.000000000000000000e+00,0.000000000000000000e+00,0.000000000000000000e+00,0.000000000000000000e+00,0.000000000000000000e+00,0.000000000000000000e+00,0.000000000000000000e+00,0.000000000000000000e+00,0.000000000000000000e+00,0.000000000000000000e+00,0.000000000000000000e+00,0.000000000000000000e+00,0.000000000000000000e+00,0.000000000000000000e+00,0.000000000000000000e+00,0.000000000000000000e+00,0.000000000000000000e+00,0.000000000000000000e+00,0.000000000000000000e+00,0.000000000000000000e+00,0.000000000000000000e+00,0.000000000000000000e+00,0.000000000000000000e+00,0.000000000000000000e+00,0.000000000000000000e+00,0.000000000000000000e+00,0.000000000000000000e+00,0.000000000000000000e+00,0.000000000000000000e+00,0.000000000000000000e+00,0.000000000000000000e+00,0.000000000000000000e+00,0.000000000000000000e+00,0.000000000000000000e+00,0.000000000000000000e+00,0.000000000000000000e+00,0.000000000000000000e+00,0.000000000000000000e+00,0.000000000000000000e+00,0.000000000000000000e+00,0.000000000000000000e+00,0.000000000000000000e+00,0.000000000000000000e+00,0.000000000000000000e+00,0.000000000000000000e+00,0.000000000000000000e+00,0.000000000000000000e+00,0.000000000000000000e+00,0.000000000000000000e+00,0.000000000000000000e+00,0.000000000000000000e+00,0.000000000000000000e+00,0.000000000000000000e+00,0.000000000000000000e+00,0.000000000000000000e+00,0.000000000000000000e+00,0.000000000000000000e+00,0.000000000000000000e+00,0.000000000000000000e+00,0.000000000000000000e+00,0.000000000000000000e+00,0.000000000000000000e+00,0.000000000000000000e+00,0.000000000000000000e+00,0.000000000000000000e+00,0.000000000000000000e+00,0.000000000000000000e+00,0.000000000000000000e+00,0.000000000000000000e+00,0.000000000000000000e+00,0.000000000000000000e+00,0.000000000000000000e+00,0.000000000000000000e+00,0.000000000000000000e+00,0.000000000000000000e+00,0.000000000000000000e+00,0.000000000000000000e+00,0.000000000000000000e+00,0.000000000000000000e+00,0.000000000000000000e+00,0.000000000000000000e+00,0.000000000000000000e+00,0.000000000000000000e+00,0.000000000000000000e+00,0.000000000000000000e+00,0.000000000000000000e+00,0.000000000000000000e+00,0.000000000000000000e+00,0.000000000000000000e+00,0.000000000000000000e+00,0.000000000000000000e+00,0.000000000000000000e+00,0.000000000000000000e+00,0.000000000000000000e+00,0.000000000000000000e+00,0.000000000000000000e+00,0.000000000000000000e+00,0.000000000000000000e+00,0.000000000000000000e+00,0.000000000000000000e+00,0.000000000000000000e+00,0.000000000000000000e+00,0.000000000000000000e+00,0.000000000000000000e+00,0.000000000000000000e+00,0.000000000000000000e+00,0.000000000000000000e+00,0.000000000000000000e+00,0.000000000000000000e+00,0.000000000000000000e+00,0.000000000000000000e+00,0.000000000000000000e+00,0.000000000000000000e+00,0.000000000000000000e+00,0.000000000000000000e+00,0.000000000000000000e+00,0.000000000000000000e+00,0.000000000000000000e+00,0.000000000000000000e+00,0.000000000000000000e+00,0.000000000000000000e+00,0.000000000000000000e+00,0.000000000000000000e+00,0.000000000000000000e+00,0.000000000000000000e+00,0.000000000000000000e+00,0.000000000000000000e+00,0.000000000000000000e+00,0.000000000000000000e+00,0.000000000000000000e+00,0.000000000000000000e+00,0.000000000000000000e+00,0.000000000000000000e+00,0.000000000000000000e+00,0.000000000000000000e+00,0.000000000000000000e+00,0.000000000000000000e+00,0.000000000000000000e+00,0.000000000000000000e+00,0.000000000000000000e+00,0.000000000000000000e+00,0.000000000000000000e+00,0.000000000000000000e+00,0.000000000000000000e+00,0.000000000000000000e+00,0.000000000000000000e+00,0.000000000000000000e+00,0.000000000000000000e+00,0.000000000000000000e+00,0.000000000000000000e+00,0.000000000000000000e+00,0.000000000000000000e+00
CQ_h,0.000000000000000000e+00,0.000000000000000000e+00,0.000000000000000000e+00,0.000000000000000000e+00,0.000000000000000000e+00,0.000000000000000000e+00,0.000000000000000000e+00,0.000000000000000000e+00,0.000000000000000000e+00,0.000000000000000000e+00,0.000000000000000000e+00,0.000000000000000000e+00,0.000000000000000000e+00,0.000000000000000000e+00,0.000000000000000000e+00,0.000000000000000000e+00,0.000000000000000000e+00,0.000000000000000000e+00,0.000000000000000000e+00,0.000000000000000000e+00,0.000000000000000000e+00,0.000000000000000000e+00,0.000000000000000000e+00,0.000000000000000000e+00,0.000000000000000000e+00,0.000000000000000000e+00,0.000000000000000000e+00,0.000000000000000000e+00,0.000000000000000000e+00,0.000000000000000000e+00,0.000000000000000000e+00,0.000000000000000000e+00,0.000000000000000000e+00,0.000000000000000000e+00,0.000000000000000000e+00,0.000000000000000000e+00,0.000000000000000000e+00,0.000000000000000000e+00,0.000000000000000000e+00,0.000000000000000000e+00,0.000000000000000000e+00,0.000000000000000000e+00,0.000000000000000000e+00,0.000000000000000000e+00,0.000000000000000000e+00,0.000000000000000000e+00,0.000000000000000000e+00,0.000000000000000000e+00,0.000000000000000000e+00,0.000000000000000000e+00,0.000000000000000000e+00,0.000000000000000000e+00,0.000000000000000000e+00,0.000000000000000000e+00,0.000000000000000000e+00,0.000000000000000000e+00,0.000000000000000000e+00,0.000000000000000000e+00,0.000000000000000000e+00,0.000000000000000000e+00,0.000000000000000000e+00,0.000000000000000000e+00,0.000000000000000000e+00,0.000000000000000000e+00,0.000000000000000000e+00,0.000000000000000000e+00,0.000000000000000000e+00,0.000000000000000000e+00,0.000000000000000000e+00,0.000000000000000000e+00,0.000000000000000000e+00,0.000000000000000000e+00,0.000000000000000000e+00,0.000000000000000000e+00,0.000000000000000000e+00,0.000000000000000000e+00,0.000000000000000000e+00,0.000000000000000000e+00,0.000000000000000000e+00,0.000000000000000000e+00,0.000000000000000000e+00,0.000000000000000000e+00,0.000000000000000000e+00,0.000000000000000000e+00,0.000000000000000000e+00,0.000000000000000000e+00,0.000000000000000000e+00,0.000000000000000000e+00,0.000000000000000000e+00,0.000000000000000000e+00,0.000000000000000000e+00,0.000000000000000000e+00,0.000000000000000000e+00,0.000000000000000000e+00,0.000000000000000000e+00,0.000000000000000000e+00,0.000000000000000000e+00,0.000000000000000000e+00,0.000000000000000000e+00,0.000000000000000000e+00,0.000000000000000000e+00,0.000000000000000000e+00,0.000000000000000000e+00,0.000000000000000000e+00,0.000000000000000000e+00,0.000000000000000000e+00,0.000000000000000000e+00,0.000000000000000000e+00,0.000000000000000000e+00,0.000000000000000000e+00,0.000000000000000000e+00,0.000000000000000000e+00,0.000000000000000000e+00,0.000000000000000000e+00,0.000000000000000000e+00,0.000000000000000000e+00,0.000000000000000000e+00,0.000000000000000000e+00,0.000000000000000000e+00,0.000000000000000000e+00,0.000000000000000000e+00,0.000000000000000000e+00,0.000000000000000000e+00,0.000000000000000000e+00,0.000000000000000000e+00,0.000000000000000000e+00,0.000000000000000000e+00,0.000000000000000000e+00,0.000000000000000000e+00,0.000000000000000000e+00,0.000000000000000000e+00,0.000000000000000000e+00,0.000000000000000000e+00,0.000000000000000000e+00,0.000000000000000000e+00,0.000000000000000000e+00,0.000000000000000000e+00,0.000000000000000000e+00,0.000000000000000000e+00,0.000000000000000000e+00,0.000000000000000000e+00,0.000000000000000000e+00,0.000000000000000000e+00,0.000000000000000000e+00,0.000000000000000000e+00,0.000000000000000000e+00,0.000000000000000000e+00,0.000000000000000000e+00,0.000000000000000000e+00,0.000000000000000000e+00,0.000000000000000000e+00,0.000000000000000000e+00,0.000000000000000000e+00,0.000000000000000000e+00,0.000000000000000000e+00,0.000000000000000000e+00,0.000000000000000000e+00,0.000000000000000000e+00,0.000000000000000000e+00,0.000000000000000000e+00,0.000000000000000000e+00,0.000000000000000000e+00,0.000000000000000000e+00,0.000000000000000000e+00,0.000000000000000000e+00,0.000000000000000000e+00,0.000000000000000000e+00,0.000000000000000000e+00,0.000000000000000000e+00,0.000000000000000000e+00,0.000000000000000000e+00,0.000000000000000000e+00,0.000000000000000000e+00,0.000000000000000000e+00,0.000000000000000000e+00,0.000000000000000000e+00,0.000000000000000000e+00,0.000000000000000000e+00,0.000000000000000000e+00,0.000000000000000000e+00,0.000000000000000000e+00,0.000000000000000000e+00,0.000000000000000000e+00,0.000000000000000000e+00,0.000000000000000000e+00,0.000000000000000000e+00,0.000000000000000000e+00,0.000000000000000000e+00,0.000000000000000000e+00,0.000000000000000000e+00,0.000000000000000000e+00,0.000000000000000000e+00,0.000000000000000000e+00,0.000000000000000000e+00,0.000000000000000000e+00,0.000000000000000000e+00,0.000000000000000000e+00,0.000000000000000000e+00,0.000000000000000000e+00,0.000000000000000000e+00,0.000000000000000000e+00,0.000000000000000000e+00,0.000000000000000000e+00,0.000000000000000000e+00,0.000000000000000000e+00,0.000000000000000000e+00,0.000000000000000000e+00,0.000000000000000000e+00,0.000000000000000000e+00,0.000000000000000000e+00,0.000000000000000000e+00,0.000000000000000000e+00
CT,0.000000000000000000e+00,0.000000000000000000e+00,0.000000000000000000e+00,0.000000000000000000e+00,0.000000000000000000e+00,0.000000000000000000e+00,0.000000000000000000e+00,0.000000000000000000e+00,0.000000000000000000e+00,0.000000000000000000e+00,0.000000000000000000e+00,0.000000000000000000e+00,0.000000000000000000e+00,0.000000000000000000e+00,0.000000000000000000e+00,0.000000000000000000e+00,0.000000000000000000e+00,0.000000000000000000e+00,0.000000000000000000e+00,0.000000000000000000e+00,0.000000000000000000e+00,0.000000000000000000e+00,0.000000000000000000e+00,0.000000000000000000e+00,0.000000000000000000e+00,0.000000000000000000e+00,0.000000000000000000e+00,0.000000000000000000e+00,0.000000000000000000e+00,0.000000000000000000e+00,0.000000000000000000e+00,0.000000000000000000e+00,0.000000000000000000e+00,0.000000000000000000e+00,0.000000000000000000e+00,0.000000000000000000e+00,0.000000000000000000e+00,0.000000000000000000e+00,0.000000000000000000e+00,0.000000000000000000e+00,0.000000000000000000e+00,0.000000000000000000e+00,0.000000000000000000e+00,0.000000000000000000e+00,0.000000000000000000e+00,0.000000000000000000e+00,0.000000000000000000e+00,0.000000000000000000e+00,0.000000000000000000e+00,0.000000000000000000e+00,0.000000000000000000e+00,0.000000000000000000e+00,0.000000000000000000e+00,0.000000000000000000e+00,0.000000000000000000e+00,0.000000000000000000e+00,0.000000000000000000e+00,0.000000000000000000e+00,0.000000000000000000e+00,0.000000000000000000e+00,0.000000000000000000e+00,0.000000000000000000e+00,0.000000000000000000e+00,0.000000000000000000e+00,0.000000000000000000e+00,0.000000000000000000e+00,0.000000000000000000e+00,0.000000000000000000e+00,0.000000000000000000e+00,0.000000000000000000e+00,0.000000000000000000e+00,0.000000000000000000e+00,0.000000000000000000e+00,0.000000000000000000e+00,0.000000000000000000e+00,0.000000000000000000e+00,0.000000000000000000e+00,0.000000000000000000e+00,0.000000000000000000e+00,0.000000000000000000e+00,0.000000000000000000e+00,0.000000000000000000e+00,0.000000000000000000e+00,0.000000000000000000e+00,0.000000000000000000e+00,0.000000000000000000e+00,0.000000000000000000e+00,0.000000000000000000e+00,0.000000000000000000e+00,0.000000000000000000e+00,0.000000000000000000e+00,0.000000000000000000e+00,0.000000000000000000e+00,0.000000000000000000e+00,0.000000000000000000e+00,0.000000000000000000e+00,0.000000000000000000e+00,0.000000000000000000e+00,0.000000000000000000e+00,0.000000000000000000e+00,0.000000000000000000e+00,0.000000000000000000e+00,0.000000000000000000e+00,0.000000000000000000e+00,0.000000000000000000e+00,0.000000000000000000e+00,0.000000000000000000e+00,0.000000000000000000e+00,0.000000000000000000e+00,0.000000000000000000e+00,0.000000000000000000e+00,0.000000000000000000e+00,0.000000000000000000e+00,0.000000000000000000e+00,0.000000000000000000e+00,0.000000000000000000e+00,0.000000000000000000e+00,0.000000000000000000e+00,0.000000000000000000e+00,0.000000000000000000e+00,0.000000000000000000e+00,0.000000000000000000e+00,0.000000000000000000e+00,0.000000000000000000e+00,0.000000000000000000e+00,0.000000000000000000e+00,0.000000000000000000e+00,0.000000000000000000e+00,0.000000000000000000e+00,0.000000000000000000e+00,0.000000000000000000e+00,0.000000000000000000e+00,0.000000000000000000e+00,0.000000000000000000e+00,0.000000000000000000e+00,0.000000000000000000e+00,0.000000000000000000e+00,0.000000000000000000e+00,0.000000000000000000e+00,0.000000000000000000e+00,0.000000000000000000e+00,0.000000000000000000e+00,0.000000000000000000e+00,0.000000000000000000e+00,0.000000000000000000e+00,0.000000000000000000e+00,0.000000000000000000e+00,0.000000000000000000e+00,0.000000000000000000e+00,0.000000000000000000e+00,0.000000000000000000e+00,0.000000000000000000e+00,0.000000000000000000e+00,0.000000000000000000e+00,0.000000000000000000e+00,0.000000000000000000e+00,0.000000000000000000e+00,0.000000000000000000e+00,0.000000000000000000e+00,0.000000000000000000e+00,0.000000000000000000e+00,0.000000000000000000e+00,0.000000000000000000e+00,0.000000000000000000e+00,0.000000000000000000e+00,0.000000000000000000e+00,0.000000000000000000e+00,0.000000000000000000e+00,0.000000000000000000e+00,0.000000000000000000e+00,0.000000000000000000e+00,0.000000000000000000e+00,0.000000000000000000e+00,0.000000000000000000e+00,0.000000000000000000e+00,0.000000000000000000e+00,0.000000000000000000e+00,0.000000000000000000e+00,0.000000000000000000e+00,0.000000000000000000e+00,0.000000000000000000e+00,0.000000000000000000e+00,0.000000000000000000e+00,0.000000000000000000e+00,0.000000000000000000e+00,0.000000000000000000e+00,0.000000000000000000e+00,0.000000000000000000e+00,0.000000000000000000e+00,0.000000000000000000e+00,0.000000000000000000e+00,0.000000000000000000e+00,0.000000000000000000e+00,0.000000000000000000e+00,0.000000000000000000e+00,0.000000000000000000e+00,0.000000000000000000e+00,0.000000000000000000e+00,0.000000000000000000e+00,0.000000000000000000e+00,0.000000000000000000e+00,0.000000000000000000e+00,0.000000000000000000e+00,0.000000000000000000e+00,0.000000000000000000e+00,0.000000000000000000e+00,0.000000000000000000e+00,0.000000000000000000e+00,0.000000000000000000e+00,0.000000000000000000e+00,0.000000000000000000e+00,0.000000000000000000e+00
CT_h,0.000000000000000000e+00,0.000000000000000000e+00,0.000000000000000000e+00,0.000000000000000000e+00,0.000000000000000000e+00,0.000000000000000000e+00,0.000000000000000000e+00,0.000000000000000000e+00,0.000000000000000000e+00,0.000000000000000000e+00,0.000000000000000000e+00,0.000000000000000000e+00,0.000000000000000000e+00,0.000000000000000000e+00,0.000000000000000000e+00,0.000000000000000000e+00,0.000000000000000000e+00,0.000000000000000000e+00,0.000000000000000000e+00,0.000000000000000000e+00,0.000000000000000000e+00,0.000000000000000000e+00,0.000000000000000000e+00,0.000000000000000000e+00,0.000000000000000000e+00,0.000000000000000000e+00,0.000000000000000000e+00,0.000000000000000000e+00,0.000000000000000000e+00,0.000000000000000000e+00,0.000000000000000000e+00,0.000000000000000000e+00,0.000000000000000000e+00,0.000000000000000000e+00,0.000000000000000000e+00,0.000000000000000000e+00,0.000000000000000000e+00,0.000000000000000000e+00,0.000000000000000000e+00,0.000000000000000000e+00,0.000000000000000000e+00,0.000000000000000000e+00,0.000000000000000000e+00,0.000000000000000000e+00,0.000000000000000000e+00,0.000000000000000000e+00,0.000000000000000000e+00,0.000000000000000000e+00,0.000000000000000000e+00,0.000000000000000000e+00,0.000000000000000000e+00,0.000000000000000000e+00,0.000000000000000000e+00,0.000000000000000000e+00,0.000000000000000000e+00,0.000000000000000000e+00,0.000000000000000000e+00,0.000000000000000000e+00,0.000000000000000000e+00,0.000000000000000000e+00,0.000000000000000000e+00,0.000000000000000000e+00,0.000000000000000000e+00,0.000000000000000000e+00,0.000000000000000000e+00,0.000000000000000000e+00,0.000000000000000000e+00,0.000000000000000000e+00,0.000000000000000000e+00,0.000000000000000000e+00,0.000000000000000000e+00,0.000000000000000000e+00,0.000000000000000000e+00,0.000000000000000000e+00,0.000000000000000000e+00,0.000000000000000000e+00,0.000000000000000000e+00,0.000000000000000000e+00,0.000000000000000000e+00,0.000000000000000000e+00,0.000000000000000000e+00,0.000000000000000000e+00,0.000000000000000000e+00,0.000000000000000000e+00,0.000000000000000000e+00,0.000000000000000000e+00,0.000000000000000000e+00,0.000000000000000000e+00,0.000000000000000000e+00,0.000000000000000000e+00,0.000000000000000000e+00,0.000000000000000000e+00,0.000000000000000000e+00,0.000000000000000000e+00,0.000000000000000000e+00,0.000000000000000000e+00,0.000000000000000000e+00,0.000000000000000000e+00,0.000000000000000000e+00,0.000000000000000000e+00,0.000000000000000000e+00,0.000000000000000000e+00,0.000000000000000000e+00,0.000000000000000000e+00,0.000000000000000000e+00,0.000000000000000000e+00,0.000000000000000000e+00,0.000000000000000000e+00,0.000000000000000000e+00,0.000000000000000000e+00,0.000000000000000000e+00,0.000000000000000000e+00,0.000000000000000000e+00,0.000000000000000000e+00,0.000000000000000000e+00,0.000000000000000000e+00,0.000000000000000000e+00,0.000000000000000000e+00,0.000000000000000000e+00,0.000000000000000000e+00,0.000000000000000000e+00,0.000000000000000000e+00,0.000000000000000000e+00,0.000000000000000000e+00,0.000000000000000000e+00,0.000000000000000000e+00,0.000000000000000000e+00,0.000000000000000000e+00,0.000000000000000000e+00,0.000000000000000000e+00,0.000000000000000000e+00,0.000000000000000000e+00,0.000000000000000000e+00,0.000000000000000000e+00,0.000000000000000000e+00,0.000000000000000000e+00,0.000000000000000000e+00,0.000000000000000000e+00,0.000000000000000000e+00,0.000000000000000000e+00,0.000000000000000000e+00,0.000000000000000000e+00,0.000000000000000000e+00,0.000000000000000000e+00,0.000000000000000000e+00,0.000000000000000000e+00,0.000000000000000000e+00,0.000000000000000000e+00,0.000000000000000000e+00,0.000000000000000000e+00,0.000000000000000000e+00,0.000000000000000000e+00,0.000000000000000000e+00,0.000000000000000000e+00,0.000000000000000000e+00,0.000000000000000000e+00,0.000000000000000000e+00,0.000000000000000000e+00,0.000000000000000000e+00,0.000000000000000000e+00,0.000000000000000000e+00,0.000000000000000000e+00,0.000000000000000000e+00,0.000000000000000000e+00,0.000000000000000000e+00,0.000000000000000000e+00,0.000000000000000000e+00,0.000000000000000000e+00,0.000000000000000000e+00,0.000000000000000000e+00,0.000000000000000000e+00,0.000000000000000000e+00,0.000000000000000000e+00,0.000000000000000000e+00,0.000000000000000000e+00,0.000000000000000000e+00,0.000000000000000000e+00,0.000000000000000000e+00,0.000000000000000000e+00,0.000000000000000000e+00,0.000000000000000000e+00,0.000000000000000000e+00,0.000000000000000000e+00,0.000000000000000000e+00,0.000000000000000000e+00,0.000000000000000000e+00,0.000000000000000000e+00,0.000000000000000000e+00,0.000000000000000000e+00,0.000000000000000000e+00,0.000000000000000000e+00,0.000000000000000000e+00,0.000000000000000000e+00,0.000000000000000000e+00,0.000000000000000000e+00,0.000000000000000000e+00,0.000000000000000000e+00,0.000000000000000000e+00,0.000000000000000000e+00,0.000000000000000000e+00,0.000000000000000000e+00,0.000000000000000000e+00,0.000000000000000000e+00,0.000000000000000000e+00,0.000000000000000000e+00,0.000000000000000000e+00,0.000000000000000000e+00,0.000000000000000000e+00,0.000000000000000000e+00,0.000000000000000000e+00,0.000000000000000000e+00,0.000000000000000000e+00
Chord,1.980000000000000163e-02,2.284670000000000201e+00,2.270910000000000206e+00,2.257150000000000212e+00,2.241270000000000095e+00,2.223269999999999857e+00,2.205270000000000064e+00,2.187269999999999825e+00,2.169270000000000032e+00,2.151269999999999794e+00,2.133270000000000000e+00,2.115270000000000206e+00,2.097280000000000033e+00,2.079279999999999795e+00,2.061280000000000001e+00,2.043289999999999829e+00,2.025290000000000035e+00,2.007299999999999862e+00,1.989300000000000068e+00,1.971309999999999896e+00,1.953319999999999945e+00,1.935319999999999929e+00,1.917329999999999979e+00,1.899340000000000028e+00,1.881350000000000078e+00,1.863359999999999905e+00,1.845369999999999955e+00,1.827390000000000070e+00,1.809399999999999897e+00,1.791409999999999947e+00,1.773430000000000062e+00,1.755439999999999889e+00,1.737460000000000004e+00,1.719470000000000054e+00,1.701489999999999947e+00,1.683510000000000062e+00,1.665529999999999955e+00,1.647550000000000070e+00,1.629569999999999963e+00,1.611590000000000078e+00,1.601520000000000055e+00,1.599369999999999958e+00,1.597210000000000019e+00,1.595050000000000079e+00,1.592889999999999917e+00,1.590729999999999977e+00,1.581550000000000011e+00,1.565360000000000085e+00,1.549160000000000093e+00,1.532969999999999944e+00,1.516780000000000017e+00,1.500580000000000025e+00,1.484390000000000098e+00,1.468199999999999950e+00,1.452010000000000023e+00,1.435810000000000031e+00,1.419620000000000104e+00,1.403429999999999955e+00,1.387240000000000029e+00,1.371050000000000102e+00,1.354859999999999953e+00,1.338670000000000027e+00,1.322480000000000100e+00,1.306300000000000017e+00,1.980000000000000163e-02,2.284670000000000201e+00,2.270910000000000206e+00,2.257150000000000212e+00,2.241270000000000095e+00,2.223269999999999857e+00,2.205270000000000064e+00,2.187269999999999825e+00,2.169270000000000032e+00,2.151269999999999794e+00,2.133270000000000000e+00,2.115270000000000206e+00,2.097280000000000033e+00,2.079279999999999795e+00,2.061280000000000001e+00,2.043289999999999829e+00,2.025290000000000035e+00,2.007299999999999862e+00,1.989300000000000068e+00,1.971309999999999896e+00,1.953319999999999945e+00,1.935319999999999929e+00,1.917329999999999979e+00,1.899340000000000028e+00,1.881350000000000078e+00,1.863359999999999905e+00,1.845369999999999955e+00,1.827390000000000070e+00,1.809399999999999897e+00,1.791409999999999947e+00,1.773430000000000062e+00,1.755439999999999889e+00,1.737460000000000004e+00,1.719470000000000054e+00,1.701489999999999947e+00,1.683510000000000062e+00,1.665529999999999955e+00,1.647550000000000070e+00,1.629569999999999963e+00,1.611590000000000078e+00,1.601520000000000055e+00,1.599369999999999958e+00,1.597210000000000019e+00,1.595050000000000079e+00,1.592889999999999917e+00,1.590729999999999977e+00,1.581550000000000011e+00,1.565360000000000085e+00,1.549160000000000093e+00,1.532969999999999944e+00,1.516780000000000017e+00,1.500580000000000025e+00,1.484390000000000098e+00,1.468199999999999950e+00,1.452010000000000023e+00,1.435810000000000031e+00,1.419620000000000104e+00,1.403429999999999955e+00,1.387240000000000029e+00,1.371050000000000102e+00,1.354859999999999953e+00,1.338670000000000027e+00,1.322480000000000100e+00,1.306300000000000017e+00,1.031299999999999994e-01,1.679230000000000000e+00,1.656609999999999916e+00,1.632060000000000066e+00,1.607520000000000060e+00,1.582980000000000054e+00,1.558440000000000047e+00,1.533889999999999976e+00,1.509349999999999969e+00,1.484809999999999963e+00,1.460269999999999957e+00,1.435720000000000107e+00,1.411180000000000101e+00,1.386640000000000095e+00,1.362100000000000088e+00,1.337560000000000082e+00,1.313010000000000010e+00,1.288470000000000004e+00,1.263929999999999998e+00,1.239389999999999992e+00,1.214839999999999920e+00,1.190299999999999914e+00,1.165759999999999907e+00,1.141219999999999901e+00,1.116670000000000051e+00,1.092130000000000045e+00,1.067590000000000039e+00,1.043050000000000033e+00,1.917980000000000018e+00,1.887450000000000072e+00,1.852810000000000068e+00,1.818179999999999907e+00,1.783549999999999969e+00,1.748920000000000030e+00,1.714290000000000092e+00,1.679650000000000087e+00,1.645019999999999927e+00,1.610389999999999988e+00,1.575760000000000050e+00,1.541130000000000111e+00,1.506490000000000107e+00,1.471859999999999946e+00,1.437230000000000008e+00,1.402600000000000069e+00,1.367969999999999908e+00,1.333329999999999904e+00,1.298699999999999966e+00,1.264070000000000027e+00,1.229440000000000088e+00,1.194809999999999928e+00,1.160169999999999924e+00,1.125539999999999985e+00,1.090910000000000046e+00,1.056280000000000108e+00,1.021649999999999947e+00,9.870100000000000540e-01,1.031299999999999994e-01,1.679230000000000000e+00,1.656609999999999916e+00,1.632060000000000066e+00,1.607520000000000060e+00,1.582980000000000054e+00,1.558440000000000047e+00,1.533889999999999976e+00,1.509349999999999969e+00,1.484809999999999963e+00,1.460269999999999957e+00,1.435720000000000107e+00,1.411180000000000101e+00,1.386640000000000095e+00,1.362100000000000088e+00,1.337560000000000082e+00,1.313010000000000010e+00,1.288470000000000004e+00,1.263929999999999998e+00,1.239389999999999992e+00,1.214839999999999920e+00,1.190299999999999914e+00,1.165759999999999907e+00,1.141219999999999901e+00,1.116670000000000051e+00,1.092130000000000045e+00,1.067590000000000039e+00,1.043050000000000033e+00
Diameter,0.000000000000000000e+00,0.000000000000000000e+00,0.000000000000000000e+00,0.000000000000000000e+00,0.000000000000000000e+00,0.000000000000000000e+00,0.000000000000000000e+00,0.000000000000000000e+00,0.000000000000000000e+00,0.000000000000000000e+00,0.000000000000000000e+00,0.000000000000000000e+00,0.000000000000000000e+00,0.000000000000000000e+00,0.000000000000000000e+00,0.000000000000000000e+00,0.000000000000000000e+00,0.000000000000000000e+00,0.000000000000000000e+00,0.000000000000000000e+00,0.000000000000000000e+00,0.000000000000000000e+00,0.000000000000000000e+00,0.000000000000000000e+00,0.000000000000000000e+00,0.000000000000000000e+00,0.000000000000000000e+00,0.000000000000000000e+00,0.000000000000000000e+00,0.000000000000000000e+00,0.000000000000000000e+00,0.000000000000000000e+00,0.000000000000000000e+00,0.000000000000000000e+00,0.000000000000000000e+00,0.000000000000000000e+00,0.000000000000000000e+00,0.000000000000000000e+00,0.000000000000000000e+00,0.000000000000000000e+00,0.000000000000000000e+00,0.000000000000000000e+00,0.000000000000000000e+00,0.000000000000000000e+00,0.000000000000000000e+00,0.000000000000000000e+00,0.000000000000000000e+00,0.000000000000000000e+00,0.000000000000000000e+00,0.000000000000000000e+00,0.000000000000000000e+00,0.000000000000000000e+00,0.000000000000000000e+00,0.000000000000000000e+00,0.000000000000000000e+00,0.000000000000000000e+00,0.000000000000000000e+00,0.000000000000000000e+00,0.000000000000000000e+00,0.000000000000000000e+00,0.000000000000000000e+00,0.000000000000000000e+00,0.000000000000000000e+00,0.000000000000000000e+00,0.000000000000000000e+00,0.000000000000000000e+00,0.000000000000000000e+00,0.000000000000000000e+00,0.000000000000000000e+00,0.000000000000000000e+00,0.000000000000000000e+00,0.000000000000000000e+00,0.000000000000000000e+00,0.000000000000000000e+00,0.000000000000000000e+00,0.000000000000000000e+00,0.000000000000000000e+00,0.000000000000000000e+00,0.000000000000000000e+00,0.000000000000000000e+00,0.000000000000000000e+00,0.000000000000000000e+00,0.000000000000000000e+00,0.000000000000000000e+00,0.000000000000000000e+00,0.000000000000000000e+00,0.000000000000000000e+00,0.000000000000000000e+00,0.000000000000000000e+00,0.000000000000000000e+00,0.000000000000000000e+00,0.000000000000000000e+00,0.000000000000000000e+00,0.000000000000000000e+00,0.000000000000000000e+00,0.000000000000000000e+00,0.000000000000000000e+00,0.000000000000000000e+00,0.000000000000000000e+00,0.000000000000000000e+00,0.000000000000000000e+00,0.000000000000000000e+00,0.000000000000000000e+00,0.000000000000000000e+00,0.000000000000000000e+00,0.000000000000000000e+00,0.000000000000000000e+00,0.000000000000000000e+00,0.000000000000000000e+00,0.000000000000000000e+00,0.000000000000000000e+00,0.000000000000000000e+00,0.000000000000000000e+00,0.000000000000000000e+00,0.000000000000000000e+00,0.000000000000000000e+00,0.000000000000000000e+00,0.000000000000000000e+00,0.000000000000000000e+00,0.000000000000000000e+00,0.000000000000000000e+00,0.000000000000000000e+00,0.000000000000000000e+00,0.000000000000000000e+00,0.000000000000000000e+00,0.000000000000000000e+00,0.000000000000000000e+00,0.000000000000000000e+00,0.000000000000000000e+00,0.000000000000000000e+00,0.000000000000000000e+00,0.000000000000000000e+00,0.000000000000000000e+00,0.000000000000000000e+00,0.000000000000000000e+00,0.000000000000000000e+00,0.000000000000000000e+00,0.000000000000000000e+00,0.000000000000000000e+00,0.000000000000000000e+00,0.000000000000000000e+00,0.000000000000000000e+00,0.000000000000000000e+00,0.000000000000000000e+00,0.000000000000000000e+00,0.000000000000000000e+00,0.000000000000000000e+00,0.000000000000000000e+00,0.000000000000000000e+00,0.000000000000000000e+00,0.000000000000000000e+00,0.000000000000000000e+00,0.000000000000000000e+00,0.000000000000000000e+00,0.000000000000000000e+00,0.000000000000000000e+00,0.000000000000000000e+00,0.000000000000000000e+00,0.000000000000000000e+00,0.000000000000000000e+00,0.000000000000000000e+00,0.000000000000000000e+00,0.000000000000000000e+00,0.000000000000000000e+00,0.000000000000000000e+00,0.000000000000000000e+00,0.000000000000000000e+00,0.000000000000000000e+00,0.000000000000000000e+00,0.000000000000000000e+00,0.000000000000000000e+00,0.000000000000000000e+00,0.000000000000000000e+00,0.000000000000000000e+00,0.000000000000000000e+00,0.000000000000000000e+00,0.000000000000000000e+00,0.000000000000000000e+00,0.000000000000000000e+00,0.000000000000000000e+00,0.000000000000000000e+00,0.000000000000000000e+00,0.000000000000000000e+00,0.000000000000000000e+00,0.000000000000000000e+00,0.000000000000000000e+00,0.000000000000000000e+00,0.000000000000000000e+00,0.000000000000000000e+00,0.000000000000000000e+00,0.000000000000000000e+00,0.000000000000000000e+00,0.000000000000000000e+00,0.000000000000000000e+00,0.000000000000000000e+00,0.000000000000000000e+00,0.000000000000000000e+00,0.000000000000000000e+00,0.000000000000000000e+00,0.000000000000000000e+00,0.000000000000000000e+00,0.000000000000000000e+00,0.000000000000000000e+00,0.000000000000000000e+00,0.000000000000000000e+00,0.000000000000000000e+00,0.000000000000000000e+00,0.000000000000000000e+00,0.000000000000000000e+00,0.000000000000000000e+00,0.000000000000000000e+00,0.000000000000000000e+00
ETAP,0.000000000000000000e+00,0.000000000000000000e+00,0.000000000000000000e+00,0.000000000000000000e+00,0.000000000000000000e+00,0.000000000000000000e+00,0.000000000000000000e+00,0.000000000000000000e+00,0.000000000000000000e+00,0.000000000000000000e+00,0.000000000000000000e+00,0.000000000000000000e+00,0.000000000000000000e+00,0.000000000000000000e+00,0.000000000000000000e+00,0.000000000000000000e+00,0.000000000000000000e+00,0.000000000000000000e+00,0.000000000000000000e+00,0.000000000000000000e+00,0.000000000000000000e+00,0.000000000000000000e+00,0.000000000000000000e+00,0.000000000000000000e+00,0.000000000000000000e+00,0.000000000000000000e+00,0.000000000000000000e+00,0.000000000000000000e+00,0.000000000000000000e+00,0.000000000000000000e+00,0.000000000000000000e+00,0.000000000000000000e+00,0.000000000000000000e+00,0.000000000000000000e+00,0.000000000000000000e+00,0.000000000000000000e+00,0.000000000000000000e+00,0.000000000000000000e+00,0.000000000000000000e+00,0.000000000000000000e+00,0.000000000000000000e+00,0.000000000000000000e+00,0.000000000000000000e+00,0.000000000000000000e+00,0.000000000000000000e+00,0.000000000000000000e+00,0.000000000000000000e+00,0.000000000000000000e+00,0.000000000000000000e+00,0.000000000000000000e+00,0.000000000000000000e+00,0.000000000000000000e+00,0.000000000000000000e+00,0.000000000000000000e+00,0.000000000000000000e+00,0.000000000000000000e+00,0.000000000000000000e+00,0.000000000000000000e+00,0.000000000000000000e+00,0.000000000000000000e+00,0.000000000000000000e+00,0.000000000000000000e+00,0.000000000000000000e+00,0.000000000000000000e+00,0.000000000000000000e+00,0.000000000000000000e+00,0.000000000000000000e+00,0.000000000000000000e+00,0.000000000000000000e+00,0.000000000000000000e+00,0.000000000000000000e+00,0.000000000000000000e+00,0.000000000000000000e+00,0.000000000000000000e+00,0.000000000000000000e+00,0.000000000000000000e+00,0.000000000000000000e+00,0.000000000000000000e+00,0.000000000000000000e+00,0.000000000000000000e+00,0.000000000000000000e+00,0.000000000000000000e+00,0.000000000000000000e+00,0.000000000000000000e+00,0.000000000000000000e+00,0.000000000000000000e+00,0.000000000000000000e+00,0.000000000000000000e+00,0.000000000000000000e+00,0.000000000000000000e+00,0.000000000000000000e+00,0.000000000000000000e+00,0.000000000000000000e+00,0.000000000000000000e+00,0.000000000000000000e+00,0.000000000000000000e+00,0.000000000000000000e+00,0.000000000000000000e+00,0.000000000000000000e+00,0.000000000000000000e+00,0.000000000000000000e+00,0.000000000000000000e+00,0.000000000000000000e+00,0.000000000000000000e+00,0.000000000000000000e+00,0.000000000000000000e+00,0.000000000000000000e+00,0.000000000000000000e+00,0.000000000000000000e+00,0.000000000000000000e+00,0.000000000000000000e+00,0.000000000000000000e+00,0.000000000000000000e+00,0.000000000000000000e+00,0.000000000000000000e+00,0.000000000000000000e+00,0.000000000000000000e+00,0.000000000000000000e+00,0.000000000000000000e+00,0.000000000000000000e+00,0.000000000000000000e+00,0.000000000000000000e+00,0.000000000000000000e+00,0.000000000000000000e+00,0.000000000000000000e+00,0.000000000000000000e+00,0.000000000000000000e+00,0.000000000000000000e+00,0.000000000000000000e+00,0.000000000000000000e+00,0.000000000000000000e+00,0.000000000000000000e+00,0.000000000000000000e+00,0.000000000000000000e+00,0.000000000000000000e+00,0.000000000000000000e+00,0.000000000000000000e+00,0.000000000000000000e+00,0.000000000000000000e+00,0.000000000000000000e+00,0.000000000000000000e+00,0.000000000000000000e+00,0.000000000000000000e+00,0.000000000000000000e+00,0.000000000000000000e+00,0.000000000000000000e+00,0.000000000000000000e+00,0.000000000000000000e+00,0.000000000000000000e+00,0.000000000000000000e+00,0.000000000000000000e+00,0.000000000000000000e+00,0.000000000000000000e+00,0.000000000000000000e+00,0.000000000000000000e+00,0.000000000000000000e+00,0.000000000000000000e+00,0.000000000000000000e+00,0.000000000000000000e+00,0.000000000000000000e+00,0.000000000000000000e+00,0.000000000000000000e+00,0.000000000000000000e+00,0.000000000000000000e+00,0.000000000000000000e+00,0.000000000000000000e+00,0.000000000000000000e+00,0.000000000000000000e+00,0.000000000000000000e+00,0.000000000000000000e+00,0.000000000000000000e+00,0.000000000000000000e+00,0.000000000000000000e+00,0.000000000000000000e+00,0.000000000000000000e+00,0.000000000000000000e+00,0.000000000000000000e+00,0.000000000000000000e+00,0.000000000000000000e+00,0.000000000000000000e+00,0.000000000000000000e+00,0.000000000000000000e+00,0.000000000000000000e+00,0.000000000000000000e+00,0.000000000000000000e+00,0.000000000000000000e+00,0.000000000000000000e+00,0.000000000000000000e+00,0.000000000000000000e+00,0.000000000000000000e+00,0.000000000000000000e+00,0.000000000000000000e+00,0.000000000000000000e+00,0.000000000000000000e+00,0.000000000000000000e+00,0.000000000000000000e+00,0.000000000000000000e+00,0.000000000000000000e+00,0.000000000000000000e+00,0.000000000000000000e+00,0.000000000000000000e+00,0.000000000000000000e+00,0.000000000000000000e+00,0.000000000000000000e+00,0.000000000000000000e+00,0.000000000000000000e+00,0.000000000000000000e+00,0.000000000000000000e+00,0.000000000000000000e+00,0.000000000000000000e+00,0.000000000000000000e+00,0.000000000000000000e+00
FC_AoA_,4.000000000000000000e+00
FC_Beta_,0.000000000000000000e+00
FC_Bref_,1.639999999999999858e+01
FC_Cref_,1.881000000000000005e+00
FC_Mach_,2.030000000000000138e-01
FC_Pitch_Rate,0.000000000000000000e+00
FC_Rho_,2.377000000000000206e-03
FC_Roll__Rate,0.000000000000000000e+00
FC_Sref_,3.000000340000000065e+01
FC_Vinf_,1.000000000000000000e+02
FC_Xcg_,3.750000000000000000e+00
FC_Yaw___Rate,0.000000000000000000e+00
FC_Ycg_,0.000000000000000000e+00
FC_Zcg_,0.000000000000000000e+00
FOM,0.000000000000000000e+00,0.000000000000000000e+00,0.000000000000000000e+00,0.000000000000000000e+00,0.000000000000000000e+00,0.000000000000000000e+00,0.000000000000000000e+00,0.000000000000000000e+00,0.000000000000000000e+00,0.000000000000000000e+00,0.000000000000000000e+00,0.000000000000000000e+00,0.000000000000000000e+00,0.000000000000000000e+00,0.000000000000000000e+00,0.000000000000000000e+00,0.000000000000000000e+00,0.000000000000000000e+00,0.000000000000000000e+00,0.000000000000000000e+00,0.000000000000000000e+00,0.000000000000000000e+00,0.000000000000000000e+00,0.000000000000000000e+00,0.000000000000000000e+00,0.000000000000000000e+00,0.000000000000000000e+00,0.000000000000000000e+00,0.000000000000000000e+00,0.000000000000000000e+00,0.000000000000000000e+00,0.000000000000000000e+00,0.000000000000000000e+00,0.000000000000000000e+00,0.000000000000000000e+00,0.000000000000000000e+00,0.000000000000000000e+00,0.000000000000000000e+00,0.000000000000000000e+00,0.000000000000000000e+00,0.000000000000000000e+00,0.000000000000000000e+00,0.000000000000000000e+00,0.000000000000000000e+00,0.000000000000000000e+00,0.000000000000000000e+00,0.000000000000000000e+00,0.000000000000000000e+00,0.000000000000000000e+00,0.000000000000000000e+00,0.000000000000000000e+00,0.000000000000000000e+00,0.000000000000000000e+00,0.000000000000000000e+00,0.000000000000000000e+00,0.000000000000000000e+00,0.000000000000000000e+00,0.000000000000000000e+00,0.000000000000000000e+00,0.000000000000000000e+00,0.000000000000000000e+00,0.000000000000000000e+00,0.000000000000000000e+00,0.000000000000000000e+00,0.000000000000000000e+00,0.000000000000000000e+00,0.000000000000000000e+00,0.000000000000000000e+00,0.000000000000000000e+00,0.000000000000000000e+00,0.000000000000000000e+00,0.000000000000000000e+00,0.000000000000000000e+00,0.000000000000000000e+00,0.000000000000000000e+00,0.000000000000000000e+00,0.000000000000000000e+00,0.000000000000000000e+00,0.000000000000000000e+00,0.000000000000000000e+00,0.000000000000000000e+00,0.000000000000000000e+00,0.000000000000000000e+00,0.000000000000000000e+00,0.000000000000000000e+00,0.000000000000000000e+00,0.000000000000000000e+00,0.000000000000000000e+00,0.000000000000000000e+00,0.000000000000000000e+00,0.000000000000000000e+00,0.000000000000000000e+00,0.000000000000000000e+00,0.000000000000000000e+00,0.000000000000000000e+00,0.000000000000000000e+00,0.000000000000000000e+00,0.000000000000000000e+00,0.000000000000000000e+00,0.000000000000000000e+00,0.000000000000000000e+00,0.000000000000000000e+00,0.000000000000000000e+00,0.000000000000000000e+00,0.000000000000000000e+00,0.000000000000000000e+00,0.000000000000000000e+00,0.000000000000000000e+00,0.000000000000000000e+00,0.000000000000000000e+00,0.000000000000000000e+00,0.000000000000000000e+00,0.000000000000000000e+00,0.000000000000000000e+00,0.000000000000000000e+00,0.000000000000000000e+00,0.000000000000000000e+00,0.000000000000000000e+00,0.000000000000000000e+00,0.000000000000000000e+00,0.000000000000000000e+00,0.000000000000000000e+00,0.000000000000000000e+00,0.000000000000000000e+00,0.000000000000000000e+00,0.000000000000000000e+00,0.000000000000000000e+00,0.000000000000000000e+00,0.000000000000000000e+00,0.000000000000000000e+00,0.000000000000000000e+00,0.000000000000000000e+00,0.000000000000000000e+00,0.000000000000000000e+00,0.000000000000000000e+00,0.000000000000000000e+00,0.000000000000000000e+00,0.000000000000000000e+00,0.000000000000000000e+00,0.000000000000000000e+00,0.000000000000000000e+00,0.000000000000000000e+00,0.000000000000000000e+00,0.000000000000000000e+00,0.000000000000000000e+00,0.000000000000000000e+00,0.000000000000000000e+00,0.000000000000000000e+00,0.000000000000000000e+00,0.000000000000000000e+00,0.000000000000000000e+00,0.000000000000000000e+00,0.000000000000000000e+00,0.000000000000000000e+00,0.000000000000000000e+00,0.000000000000000000e+00,0.000000000000000000e+00,0.000000000000000000e+00,0.000000000000000000e+00,0.000000000000000000e+00,0.000000000000000000e+00,0.000000000000000000e+00,0.000000000000000000e+00,0.000000000000000000e+00,0.000000000000000000e+00,0.000000000000000000e+00,0.000000000000000000e+00,0.000000000000000000e+00,0.000000000000000000e+00,0.000000000000000000e+00,0.000000000000000000e+00,0.000000000000000000e+00,0.000000000000000000e+00,0.000000000000000000e+00,0.000000000000000000e+00,0.000000000000000000e+00,0.000000000000000000e+00,0.000000000000000000e+00,0.000000000000000000e+00,0.000000000000000000e+00,0.000000000000000000e+00,0.000000000000000000e+00,0.000000000000000000e+00,0.000000000000000000e+00,0.000000000000000000e+00,0.000000000000000000e+00,0.000000000000000000e+00,0.000000000000000000e+00,0.000000000000000000e+00,0.000000000000000000e+00,0.000000000000000000e+00,0.000000000000000000e+00,0.000000000000000000e+00,0.000000000000000000e+00,0.000000000000000000e+00,0.000000000000000000e+00,0.000000000000000000e+00,0.000000000000000000e+00,0.000000000000000000e+00,0.000000000000000000e+00,0.000000000000000000e+00,0.000000000000000000e+00,0.000000000000000000e+00,0.000000000000000000e+00,0.000000000000000000e+00,0.000000000000000000e+00,0.000000000000000000e+00,0.000000000000000000e+00,0.000000000000000000e+00,0.000000000000000000e+00,0.000000000000000000e+00,0.000000000000000000e+00
IsARotor,0,0,0,0,0,0,0,0,0,0,0,0,0,0,0,0,0,0,0,0,0,0,0,0,0,0,0,0,0,0,0,0,0,0,0,0,0,0,0,0,0,0,0,0,0,0,0,0,0,0,0,0,0,0,0,0,0,0,0,0,0,0,0,0,0,0,0,0,0,0,0,0,0,0,0,0,0,0,0,0,0,0,0,0,0,0,0,0,0,0,0,0,0,0,0,0,0,0,0,0,0,0,0,0,0,0,0,0,0,0,0,0,0,0,0,0,0,0,0,0,0,0,0,0,0,0,0,0,0,0,0,0,0,0,0,0,0,0,0,0,0,0,0,0,0,0,0,0,0,0,0,0,0,0,0,0,0,0,0,0,0,0,0,0,0,0,0,0,0,0,0,0,0,0,0,0,0,0,0,0,0,0,0,0,0,0,0,0,0,0,0,0,0,0,0,0,0,0,0,0,0,0,0,0,0,0,0,0,0,0,0,0
Iter,20,20,20,20,20,20,20,20,20,20,20,20,20,20,20,20,20,20,20,20,20,20,20,20,20,20,20,20,20,20,20,20,20,20,20,20,20,20,20,20,20,20,20,20,20,20,20,20,20,20,20,20,20,20,20,20,20,20,20,20,20,20,20,20,20,20,20,20,20,20,20,20,20,20,20,20,20,20,20,20,20,20,20,20,20,20,20,20,20,20,20,20,20,20,20,20,20,20,20,20,20,20,20,20,20,20,20,20,20,20,20,20,20,20,20,20,20,20,20,20,20,20,20,20,20,20,20,20,20,20,20,20,20,20,20,20,20,20,20,20,20,20,20,20,20,20,20,20,20,20,20,20,20,20,20,20,20,20,20,20,20,20,20,20,20,20,20,20,20,20,20,20,20,20,20,20,20,20,20,20,20,20,20,20,20,20,20,20,20,20,20,20,20,20,20,20,20,20,20,20,20,20,20,20,20,20,20,20,20,20,20,20
J,0.000000000000000000e+00,0.000000000000000000e+00,0.000000000000000000e+00,0.000000000000000000e+00,0.000000000000000000e+00,0.000000000000000000e+00,0.000000000000000000e+00,0.000000000000000000e+00,0.000000000000000000e+00,0.000000000000000000e+00,0.000000000000000000e+00,0.000000000000000000e+00,0.000000000000000000e+00,0.000000000000000000e+00,0.000000000000000000e+00,0.000000000000000000e+00,0.000000000000000000e+00,0.000000000000000000e+00,0.000000000000000000e+00,0.000000000000000000e+00,0.000000000000000000e+00,0.000000000000000000e+00,0.000000000000000000e+00,0.000000000000000000e+00,0.000000000000000000e+00,0.000000000000000000e+00,0.000000000000000000e+00,0.000000000000000000e+00,0.000000000000000000e+00,0.000000000000000000e+00,0.000000000000000000e+00,0.000000000000000000e+00,0.000000000000000000e+00,0.000000000000000000e+00,0.000000000000000000e+00,0.000000000000000000e+00,0.000000000000000000e+00,0.000000000000000000e+00,0.000000000000000000e+00,0.000000000000000000e+00,0.000000000000000000e+00,0.000000000000000000e+00,0.000000000000000000e+00,0.000000000000000000e+00,0.000000000000000000e+00,0.000000000000000000e+00,0.000000000000000000e+00,0.000000000000000000e+00,0.000000000000000000e+00,0.000000000000000000e+00,0.000000000000000000e+00,0.000000000000000000e+00,0.000000000000000000e+00,0.000000000000000000e+00,0.000000000000000000e+00,0.000000000000000000e+00,0.000000000000000000e+00,0.000000000000000000e+00,0.000000000000000000e+00,0.000000000000000000e+00,0.000000000000000000e+00,0.000000000000000000e+00,0.000000000000000000e+00,0.000000000000000000e+00,0.000000000000000000e+00,0.000000000000000000e+00,0.000000000000000000e+00,0.000000000000000000e+00,0.000000000000000000e+00,0.000000000000000000e+00,0.000000000000000000e+00,0.000000000000000000e+00,0.000000000000000000e+00,0.000000000000000000e+00,0.000000000000000000e+00,0.000000000000000000e+00,0.000000000000000000e+00,0.000000000000000000e+00,0.000000000000000000e+00,0.000000000000000000e+00,0.000000000000000000e+00,0.000000000000000000e+00,0.000000000000000000e+00,0.000000000000000000e+00,0.000000000000000000e+00,0.000000000000000000e+00,0.000000000000000000e+00,0.000000000000000000e+00,0.000000000000000000e+00,0.000000000000000000e+00,0.000000000000000000e+00,0.000000000000000000e+00,0.000000000000000000e+00,0.000000000000000000e+00,0.000000000000000000e+00,0.000000000000000000e+00,0.000000000000000000e+00,0.000000000000000000e+00,0.000000000000000000e+00,0.000000000000000000e+00,0.000000000000000000e+00,0.000000000000000000e+00,0.000000000000000000e+00,0.000000000000000000e+00,0.000000000000000000e+00,0.000000000000000000e+00,0.000000000000000000e+00,0.000000000000000000e+00,0.000000000000000000e+00,0.000000000000000000e+00,0.000000000000000000e+00,0.000000000000000000e+00,0.000000000000000000e+00,0.000000000000000000e+00,0.000000000000000000e+00,0.000000000000000000e+00,0.000000000000000000e+00,0.000000000000000000e+00,0.000000000000000000e+00,0.000000000000000000e+00,0.000000000000000000e+00,0.000000000000000000e+00,0.000000000000000000e+00,0.000000000000000000e+00,0.000000000000000000e+00,0.000000000000000000e+00,0.000000000000000000e+00,0.000000000000000000e+00,0.000000000000000000e+00,0.000000000000000000e+00,0.000000000000000000e+00,0.000000000000000000e+00,0.000000000000000000e+00,0.000000000000000000e+00,0.000000000000000000e+00,0.000000000000000000e+00,0.000000000000000000e+00,0.000000000000000000e+00,0.000000000000000000e+00,0.000000000000000000e+00,0.000000000000000000e+00,0.000000000000000000e+00,0.000000000000000000e+00,0.000000000000000000e+00,0.000000000000000000e+00,0.000000000000000000e+00,0.000000000000000000e+00,0.000000000000000000e+00,0.000000000000000000e+00,0.000000000000000000e+00,0.000000000000000000e+00,0.000000000000000000e+00,0.000000000000000000e+00,0.000000000000000000e+00,0.000000000000000000e+00,0.000000000000000000e+00,0.000000000000000000e+00,0.000000000000000000e+00,0.000000000000000000e+00,0.000000000000000000e+00,0.000000000000000000e+00,0.000000000000000000e+00,0.000000000000000000e+00,0.000000000000000000e+00,0.000000000000000000e+00,0.000000000000000000e+00,0.000000000000000000e+00,0.000000000000000000e+00,0.000000000000000000e+00,0.000000000000000000e+00,0.000000000000000000e+00,0.000000000000000000e+00,0.000000000000000000e+00,0.000000000000000000e+00,0.000000000000000000e+00,0.000000000000000000e+00,0.000000000000000000e+00,0.000000000000000000e+00,0.000000000000000000e+00,0.000000000000000000e+00,0.000000000000000000e+00,0.000000000000000000e+00,0.000000000000000000e+00,0.000000000000000000e+00,0.000000000000000000e+00,0.000000000000000000e+00,0.000000000000000000e+00,0.000000000000000000e+00,0.000000000000000000e+00,0.000000000000000000e+00,0.000000000000000000e+00,0.000000000000000000e+00,0.000000000000000000e+00,0.000000000000000000e+00,0.000000000000000000e+00,0.000000000000000000e+00,0.000000000000000000e+00,0.000000000000000000e+00,0.000000000000000000e+00,0.000000000000000000e+00,0.000000000000000000e+00,0.000000000000000000e+00,0.000000000000000000e+00,0.000000000000000000e+00,0.000000000000000000e+00,0.000000000000000000e+00,0.000000000000000000e+00,0.000000000000000000e+00,0.000000000000000000e+00,0.000000000000000000e+00,0.000000000000000000e+00,0.000000000000000000e+00
Moment,0.000000000000000000e+00,0.000000000000000000e+00,0.000000000000000000e+00,0.000000000000000000e+00,0.000000000000000000e+00,0.000000000000000000e+00,0.000000000000000000e+00,0.000000000000000000e+00,0.000000000000000000e+00,0.000000000000000000e+00,0.000000000000000000e+00,0.000000000000000000e+00,0.000000000000000000e+00,0.000000000000000000e+00,0.000000000000000000e+00,0.000000000000000000e+00,0.000000000000000000e+00,0.000000000000000000e+00,0.000000000000000000e+00,0.000000000000000000e+00,0.000000000000000000e+00,0.000000000000000000e+00,0.000000000000000000e+00,0.000000000000000000e+00,0.000000000000000000e+00,0.000000000000000000e+00,0.000000000000000000e+00,0.000000000000000000e+00,0.000000000000000000e+00,0.000000000000000000e+00,0.000000000000000000e+00,0.000000000000000000e+00,0.000000000000000000e+00,0.000000000000000000e+00,0.000000000000000000e+00,0.000000000000000000e+00,0.000000000000000000e+00,0.000000000000000000e+00,0.000000000000000000e+00,0.000000000000000000e+00,0.000000000000000000e+00,0.000000000000000000e+00,0.000000000000000000e+00,0.000000000000000000e+00,0.000000000000000000e+00,0.000000000000000000e+00,0.000000000000000000e+00,0.000000000000000000e+00,0.000000000000000000e+00,0.000000000000000000e+00,0.000000000000000000e+00,0.000000000000000000e+00,0.000000000000000000e+00,0.000000000000000000e+00,0.000000000000000000e+00,0.000000000000000000e+00,0.000000000000000000e+00,0.000000000000000000e+00,0.000000000000000000e+00,0.000000000000000000e+00,0.000000000000000000e+00,0.000000000000000000e+00,0.000000000000000000e+00,0.000000000000000000e+00,0.000000000000000000e+00,0.000000000000000000e+00,0.000000000000000000e+00,0.000000000000000000e+00,0.000000000000000000e+00,0.000000000000000000e+00,0.000000000000000000e+00,0.000000000000000000e+00,0.000000000000000000e+00,0.000000000000000000e+00,0.000000000000000000e+00,0.000000000000000000e+00,0.000000000000000000e+00,0.000000000000000000e+00,0.000000000000000000e+00,0.000000000000000000e+00,0.000000000000000000e+00,0.000000000000000000e+00,0.000000000000000000e+00,0.000000000000000000e+00,0.000000000000000000e+00,0.000000000000000000e+00,0.000000000000000000e+00,0.000000000000000000e+00,0.000000000000000000e+00,0.000000000000000000e+00,0.000000000000000000e+00,0.000000000000000000e+00,0.000000000000000000e+00,0.000000000000000000e+00,0.000000000000000000e+00,0.000000000000000000e+00,0.000000000000000000e+00,0.000000000000000000e+00,0.000000000000000000e+00,0.000000000000000000e+00,0.000000000000000000e+00,0.000000000000000000e+00,0.000000000000000000e+00,0.000000000000000000e+00,0.000000000000000000e+00,0.000000000000000000e+00,0.000000000000000000e+00,0.000000000000000000e+00,0.000000000000000000e+00,0.000000000000000000e+00,0.000000000000000000e+00,0.000000000000000000e+00,0.000000000000000000e+00,0.000000000000000000e+00,0.000000000000000000e+00,0.000000000000000000e+00,0.000000000000000000e+00,0.000000000000000000e+00,0.000000000000000000e+00,0.000000000000000000e+00,0.000000000000000000e+00,0.000000000000000000e+00,0.000000000000000000e+00,0.000000000000000000e+00,0.000000000000000000e+00,0.000000000000000000e+00,0.000000000000000000e+00,0.000000000000000000e+00,0.000000000000000000e+00,0.000000000000000000e+00,0.000000000000000000e+00,0.000000000000000000e+00,0.000000000000000000e+00,0.000000000000000000e+00,0.000000000000000000e+00,0.000000000000000000e+00,0.000000000000000000e+00,0.000000000000000000e+00,0.000000000000000000e+00,0.000000000000000000e+00,0.000000000000000000e+00,0.000000000000000000e+00,0.000000000000000000e+00,0.000000000000000000e+00,0.000000000000000000e+00,0.000000000000000000e+00,0.000000000000000000e+00,0.000000000000000000e+00,0.000000000000000000e+00,0.000000000000000000e+00,0.000000000000000000e+00,0.000000000000000000e+00,0.000000000000000000e+00,0.000000000000000000e+00,0.000000000000000000e+00,0.000000000000000000e+00,0.000000000000000000e+00,0.000000000000000000e+00,0.000000000000000000e+00,0.000000000000000000e+00,0.000000000000000000e+00,0.000000000000000000e+00,0.000000000000000000e+00,0.000000000000000000e+00,0.000000000000000000e+00,0.000000000000000000e+00,0.000000000000000000e+00,0.000000000000000000e+00,0.000000000000000000e+00,0.000000000000000000e+00,0.000000000000000000e+00,0.000000000000000000e+00,0.000000000000000000e+00,0.000000000000000000e+00,0.000000000000000000e+00,0.000000000000000000e+00,0.000000000000000000e+00,0.000000000000000000e+00,0.000000000000000000e+00,0.000000000000000000e+00,0.000000000000000000e+00,0.000000000000000000e+00,0.000000000000000000e+00,0.000000000000000000e+00,0.000000000000000000e+00,0.000000000000000000e+00,0.000000000000000000e+00,0.000000000000000000e+00,0.000000000000000000e+00,0.000000000000000000e+00,0.000000000000000000e+00,0.000000000000000000e+00,0.000000000000000000e+00,0.000000000000000000e+00,0.000000000000000000e+00,0.000000000000000000e+00,0.000000000000000000e+00,0.000000000000000000e+00,0.000000000000000000e+00,0.000000000000000000e+00,0.000000000000000000e+00,0.000000000000000000e+00,0.000000000000000000e+00,0.000000000000000000e+00,0.000000000000000000e+00,0.000000000000000000e+00,0.000000000000000000e+00,0.000000000000000000e+00,0.000000000000000000e+00,0.000000000000000000e+00,0.000000000000000000e+00,0.000000000000000000e+00
Momenti,0.000000000000000000e+00,0.000000000000000000e+00,0.000000000000000000e+00,0.000000000000000000e+00,0.000000000000000000e+00,0.000000000000000000e+00,0.000000000000000000e+00,0.000000000000000000e+00,0.000000000000000000e+00,0.000000000000000000e+00,0.000000000000000000e+00,0.000000000000000000e+00,0.000000000000000000e+00,0.000000000000000000e+00,0.000000000000000000e+00,0.000000000000000000e+00,0.000000000000000000e+00,0.000000000000000000e+00,0.000000000000000000e+00,0.000000000000000000e+00,0.000000000000000000e+00,0.000000000000000000e+00,0.000000000000000000e+00,0.000000000000000000e+00,0.000000000000000000e+00,0.000000000000000000e+00,0.000000000000000000e+00,0.000000000000000000e+00,0.000000000000000000e+00,0.000000000000000000e+00,0.000000000000000000e+00,0.000000000000000000e+00,0.000000000000000000e+00,0.000000000000000000e+00,0.000000000000000000e+00,0.000000000000000000e+00,0.000000000000000000e+00,0.000000000000000000e+00,0.000000000000000000e+00,0.000000000000000000e+00,0.000000000000000000e+00,0.000000000000000000e+00,0.000000000000000000e+00,0.000000000000000000e+00,0.000000000000000000e+00,0.000000000000000000e+00,0.000000000000000000e+00,0.000000000000000000e+00,0.000000000000000000e+00,0.000000000000000000e+00,0.000000000000000000e+00,0.000000000000000000e+00,0.000000000000000000e+00,0.000000000000000000e+00,0.000000000000000000e+00,0.000000000000000000e+00,0.000000000000000000e+00,0.000000000000000000e+00,0.000000000000000000e+00,0.000000000000000000e+00,0.000000000000000000e+00,0.000000000000000000e+00,0.000000000000000000e+00,0.000000000000000000e+00,0.000000000000000000e+00,0.000000000000000000e+00,0.000000000000000000e+00,0.000000000000000000e+00,0.000000000000000000e+00,0.000000000000000000e+00,0.000000000000000000e+00,0.000000000000000000e+00,0.000000000000000000e+00,0.000000000000000000e+00,0.000000000000000000e+00,0.000000000000000000e+00,0.000000000000000000e+00,0.000000000000000000e+00,0.000000000000000000e+00,0.000000000000000000e+00,0.000000000000000000e+00,0.000000000000000000e+00,0.000000000000000000e+00,0.000000000000000000e+00,0.000000000000000000e+00,0.000000000000000000e+00,0.000000000000000000e+00,0.000000000000000000e+00,0.000000000000000000e+00,0.000000000000000000e+00,0.000000000000000000e+00,0.000000000000000000e+00,0.000000000000000000e+00,0.000000000000000000e+00,0.000000000000000000e+00,0.000000000000000000e+00,0.000000000000000000e+00,0.000000000000000000e+00,0.000000000000000000e+00,0.000000000000000000e+00,0.000000000000000000e+00,0.000000000000000000e+00,0.000000000000000000e+00,0.000000000000000000e+00,0.000000000000000000e+00,0.000000000000000000e+00,0.000000000000000000e+00,0.000000000000000000e+00,0.000000000000000000e+00,0.000000000000000000e+00,0.000000000000000000e+00,0.000000000000000000e+00,0.000000000000000000e+00,0.000000000000000000e+00,0.000000000000000000e+00,0.000000000000000000e+00,0.000000000000000000e+00,0.000000000000000000e+00,0.000000000000000000e+00,0.000000000000000000e+00,0.000000000000000000e+00,0.000000000000000000e+00,0.000000000000000000e+00,0.000000000000000000e+00,0.000000000000000000e+00,0.000000000000000000e+00,0.000000000000000000e+00,0.000000000000000000e+00,0.000000000000000000e+00,0.000000000000000000e+00,0.000000000000000000e+00,0.000000000000000000e+00,0.000000000000000000e+00,0.000000000000000000e+00,0.000000000000000000e+00,0.000000000000000000e+00,0.000000000000000000e+00,0.000000000000000000e+00,0.000000000000000000e+00,0.000000000000000000e+00,0.000000000000000000e+00,0.000000000000000000e+00,0.000000000000000000e+00,0.000000000000000000e+00,0.000000000000000000e+00,0.000000000000000000e+00,0.000000000000000000e+00,0.000000000000000000e+00,0.000000000000000000e+00,0.000000000000000000e+00,0.000000000000000000e+00,0.000000000000000000e+00,0.000000000000000000e+00,0.000000000000000000e+00,0.000000000000000000e+00,0.000000000000000000e+00,0.000000000000000000e+00,0.000000000000000000e+00,0.000000000000000000e+00,0.000000000000000000e+00,0.000000000000000000e+00,0.000000000000000000e+00,0.000000000000000000e+00,0.000000000000000000e+00,0.000000000000000000e+00,0.000000000000000000e+00,0.000000000000000000e+00,0.000000000000000000e+00,0.000000000000000000e+00,0.000000000000000000e+00,0.000000000000000000e+00,0.000000000000000000e+00,0.000000000000000000e+00,0.000000000000000000e+00,0.000000000000000000e+00,0.000000000000000000e+00,0.000000000000000000e+00,0.000000000000000000e+00,0.000000000000000000e+00,0.000000000000000000e+00,0.000000000000000000e+00,0.000000000000000000e+00,0.000000000000000000e+00,0.000000000000000000e+00,0.000000000000000000e+00,0.000000000000000000e+00,0.000000000000000000e+00,0.000000000000000000e+00,0.000000000000000000e+00,0.000000000000000000e+00,0.000000000000000000e+00,0.000000000000000000e+00,0.000000000000000000e+00,0.000000000000000000e+00,0.000000000000000000e+00,0.000000000000000000e+00,0.000000000000000000e+00,0.000000000000000000e+00,0.000000000000000000e+00,0.000000000000000000e+00,0.000000000000000000e+00,0.000000000000000000e+00,0.000000000000000000e+00,0.000000000000000000e+00,0.000000000000000000e+00,0.000000000000000000e+00,0.000000000000000000e+00,0.000000000000000000e+00,0.000000000000000000e+00,0.000000000000000000e+00,0.000000000000000000e+00,0.000000000000000000e+00
Momento,0.000000000000000000e+00,0.000000000000000000e+00,0.000000000000000000e+00,0.000000000000000000e+00,0.000000000000000000e+00,0.000000000000000000e+00,0.000000000000000000e+00,0.000000000000000000e+00,0.000000000000000000e+00,0.000000000000000000e+00,0.000000000000000000e+00,0.000000000000000000e+00,0.000000000000000000e+00,0.000000000000000000e+00,0.000000000000000000e+00,0.000000000000000000e+00,0.000000000000000000e+00,0.000000000000000000e+00,0.000000000000000000e+00,0.000000000000000000e+00,0.000000000000000000e+00,0.000000000000000000e+00,0.000000000000000000e+00,0.000000000000000000e+00,0.000000000000000000e+00,0.000000000000000000e+00,0.000000000000000000e+00,0.000000000000000000e+00,0.000000000000000000e+00,0.000000000000000000e+00,0.000000000000000000e+00,0.000000000000000000e+00,0.000000000000000000e+00,0.000000000000000000e+00,0.000000000000000000e+00,0.000000000000000000e+00,0.000000000000000000e+00,0.000000000000000000e+00,0.000000000000000000e+00,0.000000000000000000e+00,0.000000000000000000e+00,0.000000000000000000e+00,0.000000000000000000e+00,0.000000000000000000e+00,0.000000000000000000e+00,0.000000000000000000e+00,0.000000000000000000e+00,0.000000000000000000e+00,0.000000000000000000e+00,0.000000000000000000e+00,0.000000000000000000e+00,0.000000000000000000e+00,0.000000000000000000e+00,0.000000000000000000e+00,0.000000000000000000e+00,0.000000000000000000e+00,0.000000000000000000e+00,0.000000000000000000e+00,0.000000000000000000e+00,0.000000000000000000e+00,0.000000000000000000e+00,0.000000000000000000e+00,0.000000000000000000e+00,0.000000000000000000e+00,0.000000000000000000e+00,0.000000000000000000e+00,0.000000000000000000e+00,0.000000000000000000e+00,0.000000000000000000e+00,0.000000000000000000e+00,0.000000000000000000e+00,0.000000000000000000e+00,0.000000000000000000e+00,0.000000000000000000e+00,0.000000000000000000e+00,0.000000000000000000e+00,0.000000000000000000e+00,0.000000000000000000e+00,0.000000000000000000e+00,0.000000000000000000e+00,0.000000000000000000e+00,0.000000000000000000e+00,0.000000000000000000e+00,0.000000000000000000e+00,0.000000000000000000e+00,0.000000000000000000e+00,0.000000000000000000e+00,0.000000000000000000e+00,0.000000000000000000e+00,0.000000000000000000e+00,0.000000000000000000e+00,0.000000000000000000e+00,0.000000000000000000e+00,0.000000000000000000e+00,0.000000000000000000e+00,0.000000000000000000e+00,0.000000000000000000e+00,0.000000000000000000e+00,0.000000000000000000e+00,0.000000000000000000e+00,0.000000000000000000e+00,0.000000000000000000e+00,0.000000000000000000e+00,0.000000000000000000e+00,0.000000000000000000e+00,0.000000000000000000e+00,0.000000000000000000e+00,0.000000000000000000e+00,0.000000000000000000e+00,0.000000000000000000e+00,0.000000000000000000e+00,0.000000000000000000e+00,0.000000000000000000e+00,0.000000000000000000e+00,0.000000000000000000e+00,0.000000000000000000e+00,0.000000000000000000e+00,0.000000000000000000e+00,0.000000000000000000e+00,0.000000000000000000e+00,0.000000000000000000e+00,0.000000000000000000e+00,0.000000000000000000e+00,0.000000000000000000e+00,0.000000000000000000e+00,0.000000000000000000e+00,0.000000000000000000e+00,0.000000000000000000e+00,0.000000000000000000e+00,0.000000000000000000e+00,0.000000000000000000e+00,0.000000000000000000e+00,0.000000000000000000e+00,0.000000000000000000e+00,0.000000000000000000e+00,0.000000000000000000e+00,0.000000000000000000e+00,0.000000000000000000e+00,0.000000000000000000e+00,0.000000000000000000e+00,0.000000000000000000e+00,0.000000000000000000e+00,0.000000000000000000e+00,0.000000000000000000e+00,0.000000000000000000e+00,0.000000000000000000e+00,0.000000000000000000e+00,0.000000000000000000e+00,0.000000000000000000e+00,0.000000000000000000e+00,0.000000000000000000e+00,0.000000000000000000e+00,0.000000000000000000e+00,0.000000000000000000e+00,0.000000000000000000e+00,0.000000000000000000e+00,0.000000000000000000e+00,0.000000000000000000e+00,0.000000000000000000e+00,0.000000000000000000e+00,0.000000000000000000e+00,0.000000000000000000e+00,0.000000000000000000e+00,0.000000000000000000e+00,0.000000000000000000e+00,0.000000000000000000e+00,0.000000000000000000e+00,0.000000000000000000e+00,0.000000000000000000e+00,0.000000000000000000e+00,0.000000000000000000e+00,0.000000000000000000e+00,0.000000000000000000e+00,0.000000000000000000e+00,0.000000000000000000e+00,0.000000000000000000e+00,0.000000000000000000e+00,0.000000000000000000e+00,0.000000000000000000e+00,0.000000000000000000e+00,0.000000000000000000e+00,0.000000000000000000e+00,0.000000000000000000e+00,0.000000000000000000e+00,0.000000000000000000e+00,0.000000000000000000e+00,0.000000000000000000e+00,0.000000000000000000e+00,0.000000000000000000e+00,0.000000000000000000e+00,0.000000000000000000e+00,0.000000000000000000e+00,0.000000000000000000e+00,0.000000000000000000e+00,0.000000000000000000e+00,0.000000000000000000e+00,0.000000000000000000e+00,0.000000000000000000e+00,0.000000000000000000e+00,0.000000000000000000e+00,0.000000000000000000e+00,0.000000000000000000e+00,0.000000000000000000e+00,0.000000000000000000e+00,0.000000000000000000e+00,0.000000000000000000e+00,0.000000000000000000e+00,0.000000000000000000e+00,0.000000000000000000e+00,0.000000000000000000e+00,0.000000000000000000e+00,0.000000000000000000e+00
Power,0.000000000000000000e+00,0.000000000000000000e+00,0.000000000000000000e+00,0.000000000000000000e+00,0.000000000000000000e+00,0.000000000000000000e+00,0.000000000000000000e+00,0.000000000000000000e+00,0.000000000000000000e+00,0.000000000000000000e+00,0.000000000000000000e+00,0.000000000000000000e+00,0.000000000000000000e+00,0.000000000000000000e+00,0.000000000000000000e+00,0.000000000000000000e+00,0.000000000000000000e+00,0.000000000000000000e+00,0.000000000000000000e+00,0.000000000000000000e+00,0.000000000000000000e+00,0.000000000000000000e+00,0.000000000000000000e+00,0.000000000000000000e+00,0.000000000000000000e+00,0.000000000000000000e+00,0.000000000000000000e+00,0.000000000000000000e+00,0.000000000000000000e+00,0.000000000000000000e+00,0.000000000000000000e+00,0.000000000000000000e+00,0.000000000000000000e+00,0.000000000000000000e+00,0.000000000000000000e+00,0.000000000000000000e+00,0.000000000000000000e+00,0.000000000000000000e+00,0.000000000000000000e+00,0.000000000000000000e+00,0.000000000000000000e+00,0.000000000000000000e+00,0.000000000000000000e+00,0.000000000000000000e+00,0.000000000000000000e+00,0.000000000000000000e+00,0.000000000000000000e+00,0.000000000000000000e+00,0.000000000000000000e+00,0.000000000000000000e+00,0.000000000000000000e+00,0.000000000000000000e+00,0.000000000000000000e+00,0.000000000000000000e+00,0.000000000000000000e+00,0.000000000000000000e+00,0.000000000000000000e+00,0.000000000000000000e+00,0.000000000000000000e+00,0.000000000000000000e+00,0.000000000000000000e+00,0.000000000000000000e+00,0.000000000000000000e+00,0.000000000000000000e+00,0.000000000000000000e+00,0.000000000000000000e+00,0.000000000000000000e+00,0.000000000000000000e+00,0.000000000000000000e+00,0.000000000000000000e+00,0.000000000000000000e+00,0.000000000000000000e+00,0.000000000000000000e+00,0.000000000000000000e+00,0.000000000000000000e+00,0.000000000000000000e+00,0.000000000000000000e+00,0.000000000000000000e+00,0.000000000000000000e+00,0.000000000000000000e+00,0.000000000000000000e+00,0.000000000000000000e+00,0.000000000000000000e+00,0.000000000000000000e+00,0.000000000000000000e+00,0.000000000000000000e+00,0.000000000000000000e+00,0.000000000000000000e+00,0.000000000000000000e+00,0.000000000000000000e+00,0.000000000000000000e+00,0.000000000000000000e+00,0.000000000000000000e+00,0.000000000000000000e+00,0.000000000000000000e+00,0.000000000000000000e+00,0.000000000000000000e+00,0.000000000000000000e+00,0.000000000000000000e+00,0.000000000000000000e+00,0.000000000000000000e+00,0.000000000000000000e+00,0.000000000000000000e+00,0.000000000000000000e+00,0.000000000000000000e+00,0.000000000000000000e+00,0.000000000000000000e+00,0.000000000000000000e+00,0.000000000000000000e+00,0.000000000000000000e+00,0.000000000000000000e+00,0.000000000000000000e+00,0.000000000000000000e+00,0.000000000000000000e+00,0.000000000000000000e+00,0.000000000000000000e+00,0.000000000000000000e+00,0.000000000000000000e+00,0.000000000000000000e+00,0.000000000000000000e+00,0.000000000000000000e+00,0.000000000000000000e+00,0.000000000000000000e+00,0.000000000000000000e+00,0.000000000000000000e+00,0.000000000000000000e+00,0.000000000000000000e+00,0.000000000000000000e+00,0.000000000000000000e+00,0.000000000000000000e+00,0.000000000000000000e+00,0.000000000000000000e+00,0.000000000000000000e+00,0.000000000000000000e+00,0.000000000000000000e+00,0.000000000000000000e+00,0.000000000000000000e+00,0.000000000000000000e+00,0.000000000000000000e+00,0.000000000000000000e+00,0.000000000000000000e+00,0.000000000000000000e+00,0.000000000000000000e+00,0.000000000000000000e+00,0.000000000000000000e+00,0.000000000000000000e+00,0.000000000000000000e+00,0.000000000000000000e+00,0.000000000000000000e+00,0.000000000000000000e+00,0.000000000000000000e+00,0.000000000000000000e+00,0.000000000000000000e+00,0.000000000000000000e+00,0.000000000000000000e+00,0.000000000000000000e+00,0.000000000000000000e+00,0.000000000000000000e+00,0.000000000000000000e+00,0.000000000000000000e+00,0.000000000000000000e+00,0.000000000000000000e+00,0.000000000000000000e+00,0.000000000000000000e+00,0.000000000000000000e+00,0.000000000000000000e+00,0.000000000000000000e+00,0.000000000000000000e+00,0.000000000000000000e+00,0.000000000000000000e+00,0.000000000000000000e+00,0.000000000000000000e+00,0.000000000000000000e+00,0.000000000000000000e+00,0.000000000000000000e+00,0.000000000000000000e+00,0.000000000000000000e+00,0.000000000000000000e+00,0.000000000000000000e+00,0.000000000000000000e+00,0.000000000000000000e+00,0.000000000000000000e+00,0.000000000000000000e+00,0.000000000000000000e+00,0.000000000000000000e+00,0.000000000000000000e+00,0.000000000000000000e+00,0.000000000000000000e+00,0.000000000000000000e+00,0.000000000000000000e+00,0.000000000000000000e+00,0.000000000000000000e+00,0.000000000000000000e+00,0.000000000000000000e+00,0.000000000000000000e+00,0.000000000000000000e+00,0.000000000000000000e+00,0.000000000000000000e+00,0.000000000000000000e+00,0.000000000000000000e+00,0.000000000000000000e+00,0.000000000000000000e+00,0.000000000000000000e+00,0.000000000000000000e+00,0.000000000000000000e+00,0.000000000000000000e+00,0.000000000000000000e+00,0.000000000000000000e+00,0.000000000000000000e+00,0.000000000000000000e+00,0.000000000000000000e+00,0.000000000000000000e+00
Poweri,0.000000000000000000e+00,0.000000000000000000e+00,0.000000000000000000e+00,0.000000000000000000e+00,0.000000000000000000e+00,0.000000000000000000e+00,0.000000000000000000e+00,0.000000000000000000e+00,0.000000000000000000e+00,0.000000000000000000e+00,0.000000000000000000e+00,0.000000000000000000e+00,0.000000000000000000e+00,0.000000000000000000e+00,0.000000000000000000e+00,0.000000000000000000e+00,0.000000000000000000e+00,0.000000000000000000e+00,0.000000000000000000e+00,0.000000000000000000e+00,0.000000000000000000e+00,0.000000000000000000e+00,0.000000000000000000e+00,0.000000000000000000e+00,0.000000000000000000e+00,0.000000000000000000e+00,0.000000000000000000e+00,0.000000000000000000e+00,0.000000000000000000e+00,0.000000000000000000e+00,0.000000000000000000e+00,0.000000000000000000e+00,0.000000000000000000e+00,0.000000000000000000e+00,0.000000000000000000e+00,0.000000000000000000e+00,0.000000000000000000e+00,0.000000000000000000e+00,0.000000000000000000e+00,0.000000000000000000e+00,0.000000000000000000e+00,0.000000000000000000e+00,0.000000000000000000e+00,0.000000000000000000e+00,0.000000000000000000e+00,0.000000000000000000e+00,0.000000000000000000e+00,0.000000000000000000e+00,0.000000000000000000e+00,0.000000000000000000e+00,0.000000000000000000e+00,0.000000000000000000e+00,0.000000000000000000e+00,0.000000000000000000e+00,0.000000000000000000e+00,0.000000000000000000e+00,0.000000000000000000e+00,0.000000000000000000e+00,0.000000000000000000e+00,0.000000000000000000e+00,0.000000000000000000e+00,0.000000000000000000e+00,0.000000000000000000e+00,0.000000000000000000e+00,0.000000000000000000e+00,0.000000000000000000e+00,0.000000000000000000e+00,0.000000000000000000e+00,0.000000000000000000e+00,0.000000000000000000e+00,0.000000000000000000e+00,0.000000000000000000e+00,0.000000000000000000e+00,0.000000000000000000e+00,0.000000000000000000e+00,0.000000000000000000e+00,0.000000000000000000e+00,0.000000000000000000e+00,0.000000000000000000e+00,0.000000000000000000e+00,0.000000000000000000e+00,0.000000000000000000e+00,0.000000000000000000e+00,0.000000000000000000e+00,0.000000000000000000e+00,0.000000000000000000e+00,0.000000000000000000e+00,0.000000000000000000e+00,0.000000000000000000e+00,0.000000000000000000e+00,0.000000000000000000e+00,0.000000000000000000e+00,0.000000000000000000e+00,0.000000000000000000e+00,0.000000000000000000e+00,0.000000000000000000e+00,0.000000000000000000e+00,0.000000000000000000e+00,0.000000000000000000e+00,0.000000000000000000e+00,0.000000000000000000e+00,0.000000000000000000e+00,0.000000000000000000e+00,0.000000000000000000e+00,0.000000000000000000e+00,0.000000000000000000e+00,0.000000000000000000e+00,0.000000000000000000e+00,0.000000000000000000e+00,0.000000000000000000e+00,0.000000000000000000e+00,0.000000000000000000e+00,0.000000000000000000e+00,0.000000000000000000e+00,0.000000000000000000e+00,0.000000000000000000e+00,0.000000000000000000e+00,0.000000000000000000e+00,0.000000000000000000e+00,0.000000000000000000e+00,0.000000000000000000e+00,0.000000000000000000e+00,0.000000000000000000e+00,0.000000000000000000e+00,0.000000000000000000e+00,0.000000000000000000e+00,0.000000000000000000e+00,0.000000000000000000e+00,0.000000000000000000e+00,0.000000000000000000e+00,0.000000000000000000e+00,0.000000000000000000e+00,0.000000000000000000e+00,0.000000000000000000e+00,0.000000000000000000e+00,0.000000000000000000e+00,0.000000000000000000e+00,0.000000000000000000e+00,0.000000000000000000e+00,0.000000000000000000e+00,0.000000000000000000e+00,0.000000000000000000e+00,0.000000000000000000e+00,0.000000000000000000e+00,0.000000000000000000e+00,0.000000000000000000e+00,0.000000000000000000e+00,0.000000000000000000e+00,0.000000000000000000e+00,0.000000000000000000e+00,0.000000000000000000e+00,0.000000000000000000e+00,0.000000000000000000e+00,0.000000000000000000e+00,0.000000000000000000e+00,0.000000000000000000e+00,0.000000000000000000e+00,0.000000000000000000e+00,0.000000000000000000e+00,0.000000000000000000e+00,0.000000000000000000e+00,0.000000000000000000e+00,0.000000000000000000e+00,0.000000000000000000e+00,0.000000000000000000e+00,0.000000000000000000e+00,0.000000000000000000e+00,0.000000000000000000e+00,0.000000000000000000e+00,0.000000000000000000e+00,0.000000000000000000e+00,0.000000000000000000e+00,0.000000000000000000e+00,0.000000000000000000e+00,0.000000000000000000e+00,0.000000000000000000e+00,0.000000000000000000e+00,0.000000000000000000e+00,0.000000000000000000e+00,0.000000000000000000e+00,0.000000000000000000e+00,0.000000000000000000e+00,0.000000000000000000e+00,0.000000000000000000e+00,0.000000000000000000e+00,0.000000000000000000e+00,0.000000000000000000e+00,0.000000000000000000e+00,0.000000000000000000e+00,0.000000000000000000e+00,0.000000000000000000e+00,0.000000000000000000e+00,0.000000000000000000e+00,0.000000000000000000e+00,0.000000000000000000e+00,0.000000000000000000e+00,0.000000000000000000e+00,0.000000000000000000e+00,0.000000000000000000e+00,0.000000000000000000e+00,0.000000000000000000e+00,0.000000000000000000e+00,0.000000000000000000e+00,0.000000000000000000e+00,0.000000000000000000e+00,0.000000000000000000e+00,0.000000000000000000e+00,0.000000000000000000e+00,0.000000000000000000e+00,0.000000000000000000e+00,0.000000000000000000e+00,0.000000000000000000e+00
Powero,0.000000000000000000e+00,0.000000000000000000e+00,0.000000000000000000e+00,0.000000000000000000e+00,0.000000000000000000e+00,0.000000000000000000e+00,0.000000000000000000e+00,0.000000000000000000e+00,0.000000000000000000e+00,0.000000000000000000e+00,0.000000000000000000e+00,0.000000000000000000e+00,0.000000000000000000e+00,0.000000000000000000e+00,0.000000000000000000e+00,0.000000000000000000e+00,0.000000000000000000e+00,0.000000000000000000e+00,0.000000000000000000e+00,0.000000000000000000e+00,0.000000000000000000e+00,0.000000000000000000e+00,0.000000000000000000e+00,0.000000000000000000e+00,0.000000000000000000e+00,0.000000000000000000e+00,0.000000000000000000e+00,0.000000000000000000e+00,0.000000000000000000e+00,0.000000000000000000e+00,0.000000000000000000e+00,0.000000000000000000e+00,0.000000000000000000e+00,0.000000000000000000e+00,0.000000000000000000e+00,0.000000000000000000e+00,0.000000000000000000e+00,0.000000000000000000e+00,0.000000000000000000e+00,0.000000000000000000e+00,0.000000000000000000e+00,0.000000000000000000e+00,0.000000000000000000e+00,0.000000000000000000e+00,0.000000000000000000e+00,0.000000000000000000e+00,0.000000000000000000e+00,0.000000000000000000e+00,0.000000000000000000e+00,0.000000000000000000e+00,0.000000000000000000e+00,0.000000000000000000e+00,0.000000000000000000e+00,0.000000000000000000e+00,0.000000000000000000e+00,0.000000000000000000e+00,0.000000000000000000e+00,0.000000000000000000e+00,0.000000000000000000e+00,0.000000000000000000e+00,0.000000000000000000e+00,0.000000000000000000e+00,0.000000000000000000e+00,0.000000000000000000e+00,0.000000000000000000e+00,0.000000000000000000e+00,0.000000000000000000e+00,0.000000000000000000e+00,0.000000000000000000e+00,0.000000000000000000e+00,0.000000000000000000e+00,0.000000000000000000e+00,0.000000000000000000e+00,0.000000000000000000e+00,0.000000000000000000e+00,0.000000000000000000e+00,0.000000000000000000e+00,0.000000000000000000e+00,0.000000000000000000e+00,0.000000000000000000e+00,0.000000000000000000e+00,0.000000000000000000e+00,0.000000000000000000e+00,0.000000000000000000e+00,0.000000000000000000e+00,0.000000000000000000e+00,0.000000000000000000e+00,0.000000000000000000e+00,0.000000000000000000e+00,0.000000000000000000e+00,0.000000000000000000e+00,0.000000000000000000e+00,0.000000000000000000e+00,0.000000000000000000e+00,0.000000000000000000e+00,0.000000000000000000e+00,0.000000000000000000e+00,0.000000000000000000e+00,0.000000000000000000e+00,0.000000000000000000e+00,0.000000000000000000e+00,0.000000000000000000e+00,0.000000000000000000e+00,0.000000000000000000e+00,0.000000000000000000e+00,0.000000000000000000e+00,0.000000000000000000e+00,0.000000000000000000e+00,0.000000000000000000e+00,0.000000000000000000e+00,0.000000000000000000e+00,0.000000000000000000e+00,0.000000000000000000e+00,0.000000000000000000e+00,0.000000000000000000e+00,0.000000000000000000e+00,0.000000000000000000e+00,0.000000000000000000e+00,0.000000000000000000e+00,0.000000000000000000e+00,0.000000000000000000e+00,0.000000000000000000e+00,0.000000000000000000e+00,0.000000000000000000e+00,0.000000000000000000e+00,0.000000000000000000e+00,0.000000000000000000e+00,0.000000000000000000e+00,0.000000000000000000e+00,0.000000000000000000e+00,0.000000000000000000e+00,0.000000000000000000e+00,0.000000000000000000e+00,0.000000000000000000e+00,0.000000000000000000e+00,0.000000000000000000e+00,0.000000000000000000e+00,0.000000000000000000e+00,0.000000000000000000e+00,0.000000000000000000e+00,0.000000000000000000e+00,0.000000000000000000e+00,0.000000000000000000e+00,0.000000000000000000e+00,0.000000000000000000e+00,0.000000000000000000e+00,0.000000000000000000e+00,0.000000000000000000e+00,0.000000000000000000e+00,0.000000000000000000e+00,0.000000000000000000e+00,0.000000000000000000e+00,0.000000000000000000e+00,0.000000000000000000e+00,0.000000000000000000e+00,0.000000000000000000e+00,0.000000000000000000e+00,0.000000000000000000e+00,0.000000000000000000e+00,0.000000000000000000e+00,0.000000000000000000e+00,0.000000000000000000e+00,0.000000000000000000e+00,0.000000000000000000e+00,0.000000000000000000e+00,0.000000000000000000e+00,0.000000000000000000e+00,0.000000000000000000e+00,0.000000000000000000e+00,0.000000000000000000e+00,0.000000000000000000e+00,0.000000000000000000e+00,0.000000000000000000e+00,0.000000000000000000e+00,0.000000000000000000e+00,0.000000000000000000e+00,0.000000000000000000e+00,0.000000000000000000e+00,0.000000000000000000e+00,0.000000000000000000e+00,0.000000000000000000e+00,0.000000000000000000e+00,0.000000000000000000e+00,0.000000000000000000e+00,0.000000000000000000e+00,0.000000000000000000e+00,0.000000000000000000e+00,0.000000000000000000e+00,0.000000000000000000e+00,0.000000000000000000e+00,0.000000000000000000e+00,0.000000000000000000e+00,0.000000000000000000e+00,0.000000000000000000e+00,0.000000000000000000e+00,0.000000000000000000e+00,0.000000000000000000e+00,0.000000000000000000e+00,0.000000000000000000e+00,0.000000000000000000e+00,0.000000000000000000e+00,0.000000000000000000e+00,0.000000000000000000e+00,0.000000000000000000e+00,0.000000000000000000e+00,0.000000000000000000e+00,0.000000000000000000e+00,0.000000000000000000e+00,0.000000000000000000e+00,0.000000000000000000e+00,0.000000000000000000e+00,0.000000000000000000e+00
RPM,0.000000000000000000e+00,0.000000000000000000e+00,0.000000000000000000e+00,0.000000000000000000e+00,0.000000000000000000e+00,0.000000000000000000e+00,0.000000000000000000e+00,0.000000000000000000e+00,0.000000000000000000e+00,0.000000000000000000e+00,0.000000000000000000e+00,0.000000000000000000e+00,0.000000000000000000e+00,0.000000000000000000e+00,0.000000000000000000e+00,0.000000000000000000e+00,0.000000000000000000e+00,0.000000000000000000e+00,0.000000000000000000e+00,0.000000000000000000e+00,0.000000000000000000e+00,0.000000000000000000e+00,0.000000000000000000e+00,0.000000000000000000e+00,0.000000000000000000e+00,0.000000000000000000e+00,0.000000000000000000e+00,0.000000000000000000e+00,0.000000000000000000e+00,0.000000000000000000e+00,0.000000000000000000e+00,0.000000000000000000e+00,0.000000000000000000e+00,0.000000000000000000e+00,0.000000000000000000e+00,0.000000000000000000e+00,0.000000000000000000e+00,0.000000000000000000e+00,0.000000000000000000e+00,0.000000000000000000e+00,0.000000000000000000e+00,0.000000000000000000e+00,0.000000000000000000e+00,0.000000000000000000e+00,0.000000000000000000e+00,0.000000000000000000e+00,0.000000000000000000e+00,0.000000000000000000e+00,0.000000000000000000e+00,0.000000000000000000e+00,0.000000000000000000e+00,0.000000000000000000e+00,0.000000000000000000e+00,0.000000000000000000e+00,0.000000000000000000e+00,0.000000000000000000e+00,0.000000000000000000e+00,0.000000000000000000e+00,0.000000000000000000e+00,0.000000000000000000e+00,0.000000000000000000e+00,0.000000000000000000e+00,0.000000000000000000e+00,0.000000000000000000e+00,0.000000000000000000e+00,0.000000000000000000e+00,0.000000000000000000e+00,0.000000000000000000e+00,0.000000000000000000e+00,0.000000000000000000e+00,0.000000000000000000e+00,0.000000000000000000e+00,0.000000000000000000e+00,0.000000000000000000e+00,0.000000000000000000e+00,0.000000000000000000e+00,0.000000000000000000e+00,0.000000000000000000e+00,0.000000000000000000e+00,0.000000000000000000e+00,0.000000000000000000e+00,0.000000000000000000e+00,0.000000000000000000e+00,0.000000000000000000e+00,0.000000000000000000e+00,0.000000000000000000e+00,0.000000000000000000e+00,0.000000000000000000e+00,0.000000000000000000e+00,0.000000000000000000e+00,0.000000000000000000e+00,0.000000000000000000e+00,0.000000000000000000e+00,0.000000000000000000e+00,0.000000000000000000e+00,0.000000000000000000e+00,0.000000000000000000e+00,0.000000000000000000e+00,0.000000000000000000e+00,0.000000000000000000e+00,0.000000000000000000e+00,0.000000000000000000e+00,0.000000000000000000e+00,0.000000000000000000e+00,0.000000000000000000e+00,0.000000000000000000e+00,0.000000000000000000e+00,0.000000000000000000e+00,0.000000000000000000e+00,0.000000000000000000e+00,0.000000000000000000e+00,0.000000000000000000e+00,0.000000000000000000e+00,0.000000000000000000e+00,0.000000000000000000e+00,0.000000000000000000e+00,0.000000000000000000e+00,0.000000000000000000e+00,0.000000000000000000e+00,0.000000000000000000e+00,0.000000000000000000e+00,0.000000000000000000e+00,0.000000000000000000e+00,0.000000000000000000e+00,0.000000000000000000e+00,0.000000000000000000e+00,0.000000000000000000e+00,0.000000000000000000e+00,0.000000000000000000e+00,0.000000000000000000e+00,0.000000000000000000e+00,0.000000000000000000e+00,0.000000000000000000e+00,0.000000000000000000e+00,0.000000000000000000e+00,0.000000000000000000e+00,0.000000000000000000e+00,0.000000000000000000e+00,0.000000000000000000e+00,0.000000000000000000e+00,0.000000000000000000e+00,0.000000000000000000e+00,0.000000000000000000e+00,0.000000000000000000e+00,0.000000000000000000e+00,0.000000000000000000e+00,0.000000000000000000e+00,0.000000000000000000e+00,0.000000000000000000e+00,0.000000000000000000e+00,0.000000000000000000e+00,0.000000000000000000e+00,0.000000000000000000e+00,0.000000000000000000e+00,0.000000000000000000e+00,0.000000000000000000e+00,0.000000000000000000e+00,0.000000000000000000e+00,0.000000000000000000e+00,0.000000000000000000e+00,0.000000000000000000e+00,0.000000000000000000e+00,0.000000000000000000e+00,0.000000000000000000e+00,0.000000000000000000e+00,0.000000000000000000e+00,0.000000000000000000e+00,0.000000000000000000e+00,0.000000000000000000e+00,0.000000000000000000e+00,0.000000000000000000e+00,0.000000000000000000e+00,0.000000000000000000e+00,0.000000000000000000e+00,0.000000000000000000e+00,0.000000000000000000e+00,0.000000000000000000e+00,0.000000000000000000e+00,0.000000000000000000e+00,0.000000000000000000e+00,0.000000000000000000e+00,0.000000000000000000e+00,0.000000000000000000e+00,0.000000000000000000e+00,0.000000000000000000e+00,0.000000000000000000e+00,0.000000000000000000e+00,0.000000000000000000e+00,0.000000000000000000e+00,0.000000000000000000e+00,0.000000000000000000e+00,0.000000000000000000e+00,0.000000000000000000e+00,0.000000000000000000e+00,0.000000000000000000e+00,0.000000000000000000e+00,0.000000000000000000e+00,0.000000000000000000e+00,0.000000000000000000e+00,0.000000000000000000e+00,0.000000000000000000e+00,0.000000000000000000e+00,0.000000000000000000e+00,0.000000000000000000e+00,0.000000000000000000e+00,0.000000000000000000e+00,0.000000000000000000e+00,0.000000000000000000e+00,0.000000000000000000e+00,0.000000000000000000e+00,0.000000000000000000e+00,0.000000000000000000e+00
SoverB,4.400000000000000265e-03,1.822999999999999968e-02,3.207000000000000128e-02,4.590000000000000330e-02,6.393000000000000071e-02,8.196000000000000507e-02,9.998999999999999555e-02,1.180100000000000038e-01,1.360399999999999943e-01,1.540700000000000125e-01,1.721000000000000030e-01,1.901299999999999935e-01,2.081600000000000117e-01,2.261900000000000022e-01,2.442199999999999926e-01,2.622499999999999831e-01,2.802799999999999736e-01,2.983100000000000196e-01,3.163400000000000101e-01,3.343599999999999905e-01,3.523899999999999810e-01,3.704200000000000270e-01,3.884500000000000175e-01,4.064800000000000080e-01,4.245099999999999985e-01,4.425399999999999889e-01,4.605699999999999794e-01,4.786000000000000254e-01,4.966300000000000159e-01,5.146600000000000064e-01,5.326899999999999968e-01,5.507100000000000328e-01,5.687400000000000233e-01,5.867700000000000138e-01,6.048000000000000043e-01,6.228299999999999947e-01,6.408599999999999852e-01,6.588899999999999757e-01,6.769199999999999662e-01,6.949499999999999567e-01,6.971100000000000074e-01,6.992800000000000127e-01,7.014399999999999524e-01,7.036000000000000032e-01,7.057700000000000085e-01,7.079299999999999482e-01,7.241600000000000259e-01,7.403800000000000381e-01,7.566100000000000048e-01,7.728300000000000169e-01,7.890599999999999836e-01,8.052899999999999503e-01,8.215099999999999625e-01,8.377400000000000402e-01,8.539600000000000524e-01,8.701900000000000190e-01,8.864199999999999857e-01,9.026399999999999979e-01,9.188699999999999646e-01,9.351000000000000423e-01,9.513200000000000545e-01,9.675500000000000211e-01,9.837700000000000333e-01,1.000000000000000000e+00,4.400000000000000265e-03,1.822999999999999968e-02,3.207000000000000128e-02,4.590000000000000330e-02,6.393000000000000071e-02,8.196000000000000507e-02,9.998999999999999555e-02,1.180100000000000038e-01,1.360399999999999943e-01,1.540700000000000125e-01,1.721000000000000030e-01,1.901299999999999935e-01,2.081600000000000117e-01,2.261900000000000022e-01,2.442199999999999926e-01,2.622499999999999831e-01,2.802799999999999736e-01,2.983100000000000196e-01,3.163400000000000101e-01,3.343599999999999905e-01,3.523899999999999810e-01,3.704200000000000270e-01,3.884500000000000175e-01,4.064800000000000080e-01,4.245099999999999985e-01,4.425399999999999889e-01,4.605699999999999794e-01,4.786000000000000254e-01,4.966300000000000159e-01,5.146600000000000064e-01,5.326899999999999968e-01,5.507100000000000328e-01,5.687400000000000233e-01,5.867700000000000138e-01,6.048000000000000043e-01,6.228299999999999947e-01,6.408599999999999852e-01,6.588899999999999757e-01,6.769199999999999662e-01,6.949499999999999567e-01,6.971100000000000074e-01,6.992800000000000127e-01,7.014399999999999524e-01,7.036000000000000032e-01,7.057700000000000085e-01,7.079299999999999482e-01,7.241600000000000259e-01,7.403800000000000381e-01,7.566100000000000048e-01,7.728300000000000169e-01,7.890599999999999836e-01,8.052899999999999503e-01,8.215099999999999625e-01,8.377400000000000402e-01,8.539600000000000524e-01,8.701900000000000190e-01,8.864199999999999857e-01,9.026399999999999979e-01,9.188699999999999646e-01,9.351000000000000423e-01,9.513200000000000545e-01,9.675500000000000211e-01,9.837700000000000333e-01,1.000000000000000000e+00,2.333999999999999964e-02,5.933999999999999692e-02,9.551999999999999380e-02,1.317000000000000115e-01,1.678800000000000014e-01,2.040599999999999914e-01,2.402400000000000091e-01,2.764099999999999890e-01,3.125899999999999790e-01,3.487700000000000244e-01,3.849500000000000144e-01,4.211300000000000043e-01,4.573099999999999943e-01,4.934899999999999842e-01,5.296699999999999742e-01,5.658499999999999641e-01,6.020299999999999541e-01,6.382100000000000550e-01,6.743900000000000450e-01,7.105700000000000349e-01,7.467500000000000249e-01,7.829199999999999493e-01,8.191000000000000503e-01,8.552800000000000402e-01,8.914600000000000302e-01,9.276400000000000201e-01,9.638200000000000101e-01,1.000000000000000000e+00,2.874000000000000166e-02,6.471999999999999975e-02,1.006900000000000017e-01,1.366600000000000037e-01,1.726300000000000057e-01,2.086099999999999899e-01,2.445799999999999919e-01,2.805500000000000216e-01,3.165200000000000236e-01,3.524999999999999800e-01,3.884699999999999820e-01,4.244399999999999840e-01,4.604099999999999859e-01,4.963899999999999979e-01,5.323600000000000554e-01,5.683300000000000018e-01,6.042999999999999483e-01,6.402799999999999603e-01,6.762500000000000178e-01,7.122199999999999642e-01,7.481900000000000217e-01,7.841700000000000337e-01,8.201399999999999801e-01,8.561100000000000376e-01,8.920799999999999841e-01,9.280599999999999961e-01,9.640300000000000535e-01,1.000000000000000000e+00,2.333999999999999964e-02,5.933999999999999692e-02,9.551999999999999380e-02,1.317000000000000115e-01,1.678800000000000014e-01,2.040599999999999914e-01,2.402400000000000091e-01,2.764099999999999890e-01,3.125899999999999790e-01,3.487700000000000244e-01,3.849500000000000144e-01,4.211300000000000043e-01,4.573099999999999943e-01,4.934899999999999842e-01,5.296699999999999742e-01,5.658499999999999641e-01,6.020299999999999541e-01,6.382100000000000550e-01,6.743900000000000450e-01,7.105700000000000349e-01,7.467500000000000249e-01,7.829199999999999493e-01,8.191000000000000503e-01,8.552800000000000402e-01,8.914600000000000302e-01,9.276400000000000201e-01,9.638200000000000101e-01,1.000000000000000000e+00
StallFact,1.000000000000000000e+00,1.000000000000000000e+00,1.000000000000000000e+00,1.000000000000000000e+00,1.000000000000000000e+00,1.000000000000000000e+00,1.000000000000000000e+00,1.000000000000000000e+00,1.000000000000000000e+00,1.000000000000000000e+00,1.000000000000000000e+00,1.000000000000000000e+00,1.000000000000000000e+00,1.000000000000000000e+00,1.000000000000000000e+00,1.000000000000000000e+00,1.000000000000000000e+00,1.000000000000000000e+00,1.000000000000000000e+00,1.000000000000000000e+00,1.000000000000000000e+00,1.000000000000000000e+00,1.000000000000000000e+00,1.000000000000000000e+00,1.000000000000000000e+00,1.000000000000000000e+00,1.000000000000000000e+00,1.000000000000000000e+00,1.000000000000000000e+00,1.000000000000000000e+00,1.000000000000000000e+00,1.000000000000000000e+00,1.000000000000000000e+00,1.000000000000000000e+00,1.000000000000000000e+00,1.000000000000000000e+00,1.000000000000000000e+00,1.000000000000000000e+00,1.000000000000000000e+00,1.000000000000000000e+00,1.000000000000000000e+00,1.000000000000000000e+00,1.000000000000000000e+00,1.000000000000000000e+00,1.000000000000000000e+00,1.000000000000000000e+00,1.000000000000000000e+00,1.000000000000000000e+00,1.000000000000000000e+00,1.000000000000000000e+00,1.000000000000000000e+00,1.000000000000000000e+00,1.000000000000000000e+00,1.000000000000000000e+00,1.000000000000000000e+00,1.000000000000000000e+00,1.000000000000000000e+00,1.000000000000000000e+00,1.000000000000000000e+00,1.000000000000000000e+00,1.000000000000000000e+00,1.000000000000000000e+00,1.000000000000000000e+00,1.000000000000000000e+00,1.000000000000000000e+00,1.000000000000000000e+00,1.000000000000000000e+00,1.000000000000000000e+00,1.000000000000000000e+00,1.000000000000000000e+00,1.000000000000000000e+00,1.000000000000000000e+00,1.000000000000000000e+00,1.000000000000000000e+00,1.000000000000000000e+00,1.000000000000000000e+00,1.000000000000000000e+00,1.000000000000000000e+00,1.000000000000000000e+00,1.000000000000000000e+00,1.000000000000000000e+00,1.000000000000000000e+00,1.000000000000000000e+00,1.000000000000000000e+00,1.000000000000000000e+00,1.000000000000000000e+00,1.000000000000000000e+00,1.000000000000000000e+00,1.000000000000000000e+00,1.000000000000000000e+00,1.000000000000000000e+00,1.000000000000000000e+00,1.000000000000000000e+00,1.000000000000000000e+00,1.000000000000000000e+00,1.000000000000000000e+00,1.000000000000000000e+00,1.000000000000000000e+00,1.000000000000000000e+00,1.000000000000000000e+00,1.000000000000000000e+00,1.000000000000000000e+00,1.000000000000000000e+00,1.000000000000000000e+00,1.000000000000000000e+00,1.000000000000000000e+00,1.000000000000000000e+00,1.000000000000000000e+00,1.000000000000000000e+00,1.000000000000000000e+00,1.000000000000000000e+00,1.000000000000000000e+00,1.000000000000000000e+00,1.000000000000000000e+00,1.000000000000000000e+00,1.000000000000000000e+00,1.000000000000000000e+00,1.000000000000000000e+00,1.000000000000000000e+00,1.000000000000000000e+00,1.000000000000000000e+00,1.000000000000000000e+00,1.000000000000000000e+00,1.000000000000000000e+00,1.000000000000000000e+00,1.000000000000000000e+00,1.000000000000000000e+00,1.000000000000000000e+00,1.000000000000000000e+00,1.000000000000000000e+00,1.000000000000000000e+00,1.000000000000000000e+00,1.000000000000000000e+00,1.000000000000000000e+00,1.000000000000000000e+00,1.000000000000000000e+00,1.000000000000000000e+00,1.000000000000000000e+00,1.000000000000000000e+00,1.000000000000000000e+00,1.000000000000000000e+00,1.000000000000000000e+00,1.000000000000000000e+00,1.000000000000000000e+00,1.000000000000000000e+00,1.000000000000000000e+00,1.000000000000000000e+00,1.000000000000000000e+00,1.000000000000000000e+00,1.000000000000000000e+00,1.000000000000000000e+00,1.000000000000000000e+00,1.000000000000000000e+00,1.000000000000000000e+00,1.000000000000000000e+00,1.000000000000000000e+00,1.000000000000000000e+00,1.000000000000000000e+00,1.000000000000000000e+00,1.000000000000000000e+00,1.000000000000000000e+00,1.000000000000000000e+00,1.000000000000000000e+00,1.000000000000000000e+00,1.000000000000000000e+00,1.000000000000000000e+00,1.000000000000000000e+00,1.000000000000000000e+00,1.000000000000000000e+00,1.000000000000000000e+00,1.000000000000000000e+00,1.000000000000000000e+00,1.000000000000000000e+00,1.000000000000000000e+00,1.000000000000000000e+00,1.000000000000000000e+00,1.000000000000000000e+00,1.000000000000000000e+00,1.000000000000000000e+00,1.000000000000000000e+00,1.000000000000000000e+00,1.000000000000000000e+00,1.000000000000000000e+00,1.000000000000000000e+00,1.000000000000000000e+00,1.000000000000000000e+00,1.000000000000000000e+00,1.000000000000000000e+00,1.000000000000000000e+00,1.000000000000000000e+00,1.000000000000000000e+00,1.000000000000000000e+00,1.000000000000000000e+00,1.000000000000000000e+00,1.000000000000000000e+00,1.000000000000000000e+00,1.000000000000000000e+00,1.000000000000000000e+00,1.000000000000000000e+00,1.000000000000000000e+00,1.000000000000000000e+00,1.000000000000000000e+00,1.000000000000000000e+00,1.000000000000000000e+00,1.000000000000000000e+00,1.000000000000000000e+00,1.000000000000000000e+00,1.000000000000000000e+00,1.000000000000000000e+00,1.000000000000000000e+00,1.000000000000000000e+00,1.000000000000000000e+00
Thrust,0.000000000000000000e+00,0.000000000000000000e+00,0.000000000000000000e+00,0.000000000000000000e+00,0.000000000000000000e+00,0.000000000000000000e+00,0.000000000000000000e+00,0.000000000000000000e+00,0.000000000000000000e+00,0.000000000000000000e+00,0.000000000000000000e+00,0.000000000000000000e+00,0.000000000000000000e+00,0.000000000000000000e+00,0.000000000000000000e+00,0.000000000000000000e+00,0.000000000000000000e+00,0.000000000000000000e+00,0.000000000000000000e+00,0.000000000000000000e+00,0.000000000000000000e+00,0.000000000000000000e+00,0.000000000000000000e+00,0.000000000000000000e+00,0.000000000000000000e+00,0.000000000000000000e+00,0.000000000000000000e+00,0.000000000000000000e+00,0.000000000000000000e+00,0.000000000000000000e+00,0.000000000000000000e+00,0.000000000000000000e+00,0.000000000000000000e+00,0.000000000000000000e+00,0.000000000000000000e+00,0.000000000000000000e+00,0.000000000000000000e+00,0.000000000000000000e+00,0.000000000000000000e+00,0.000000000000000000e+00,0.000000000000000000e+00,0.000000000000000000e+00,0.000000000000000000e+00,0.000000000000000000e+00,0.000000000000000000e+00,0.000000000000000000e+00,0.000000000000000000e+00,0.000000000000000000e+00,0.000000000000000000e+00,0.000000000000000000e+00,0.000000000000000000e+00,0.000000000000000000e+00,0.000000000000000000e+00,0.000000000000000000e+00,0.000000000000000000e+00,0.000000000000000000e+00,0.000000000000000000e+00,0.000000000000000000e+00,0.000000000000000000e+00,0.000000000000000000e+00,0.000000000000000000e+00,0.000000000000000000e+00,0.000000000000000000e+00,0.000000000000000000e+00,0.000000000000000000e+00,0.000000000000000000e+00,0.000000000000000000e+00,0.000000000000000000e+00,0.000000000000000000e+00,0.000000000000000000e+00,0.000000000000000000e+00,0.000000000000000000e+00,0.000000000000000000e+00,0.000000000000000000e+00,0.000000000000000000e+00,0.000000000000000000e+00,0.000000000000000000e+00,0.000000000000000000e+00,0.000000000000000000e+00,0.000000000000000000e+00,0.000000000000000000e+00,0.000000000000000000e+00,0.000000000000000000e+00,0.000000000000000000e+00,0.000000000000000000e+00,0.000000000000000000e+00,0.000000000000000000e+00,0.000000000000000000e+00,0.000000000000000000e+00,0.000000000000000000e+00,0.000000000000000000e+00,0.000000000000000000e+00,0.000000000000000000e+00,0.000000000000000000e+00,0.000000000000000000e+00,0.000000000000000000e+00,0.000000000000000000e+00,0.000000000000000000e+00,0.000000000000000000e+00,0.000000000000000000e+00,0.000000000000000000e+00,0.000000000000000000e+00,0.000000000000000000e+00,0.000000000000000000e+00,0.000000000000000000e+00,0.000000000000000000e+00,0.000000000000000000e+00,0.000000000000000000e+00,0.000000000000000000e+00,0.000000000000000000e+00,0.000000000000000000e+00,0.000000000000000000e+00,0.000000000000000000e+00,0.000000000000000000e+00,0.000000000000000000e+00,0.000000000000000000e+00,0.000000000000000000e+00,0.000000000000000000e+00,0.000000000000000000e+00,0.000000000000000000e+00,0.000000000000000000e+00,0.000000000000000000e+00,0.000000000000000000e+00,0.000000000000000000e+00,0.000000000000000000e+00,0.000000000000000000e+00,0.000000000000000000e+00,0.000000000000000000e+00,0.000000000000000000e+00,0.000000000000000000e+00,0.000000000000000000e+00,0.000000000000000000e+00,0.000000000000000000e+00,0.000000000000000000e+00,0.000000000000000000e+00,0.000000000000000000e+00,0.000000000000000000e+00,0.000000000000000000e+00,0.000000000000000000e+00,0.000000000000000000e+00,0.000000000000000000e+00,0.000000000000000000e+00,0.000000000000000000e+00,0.000000000000000000e+00,0.000000000000000000e+00,0.000000000000000000e+00,0.000000000000000000e+00,0.000000000000000000e+00,0.000000000000000000e+00,0.000000000000000000e+00,0.000000000000000000e+00,0.000000000000000000e+00,0.000000000000000000e+00,0.000000000000000000e+00,0.000000000000000000e+00,0.000000000000000000e+00,0.000000000000000000e+00,0.000000000000000000e+00,0.000000000000000000e+00,0.000000000000000000e+00,0.000000000000000000e+00,0.000000000000000000e+00,0.000000000000000000e+00,0.000000000000000000e+00,0.000000000000000000e+00,0.000000000000000000e+00,0.000000000000000000e+00,0.000000000000000000e+00,0.000000000000000000e+00,0.000000000000000000e+00,0.000000000000000000e+00,0.000000000000000000e+00,0.000000000000000000e+00,0.000000000000000000e+00,0.000000000000000000e+00,0.000000000000000000e+00,0.000000000000000000e+00,0.000000000000000000e+00,0.000000000000000000e+00,0.000000000000000000e+00,0.000000000000000000e+00,0.000000000000000000e+00,0.000000000000000000e+00,0.000000000000000000e+00,0.000000000000000000e+00,0.000000000000000000e+00,0.000000000000000000e+00,0.000000000000000000e+00,0.000000000000000000e+00,0.000000000000000000e+00,0.000000000000000000e+00,0.000000000000000000e+00,0.000000000000000000e+00,0.000000000000000000e+00,0.000000000000000000e+00,0.000000000000000000e+00,0.000000000000000000e+00,0.000000000000000000e+00,0.000000000000000000e+00,0.000000000000000000e+00,0.000000000000000000e+00,0.000000000000000000e+00,0.000000000000000000e+00,0.000000000000000000e+00,0.000000000000000000e+00,0.000000000000000000e+00,0.000000000000000000e+00,0.000000000000000000e+00,0.000000000000000000e+00,0.000000000000000000e+00,0.000000000000000000e+00,0.000000000000000000e+00
Thrusti,0.000000000000000000e+00,0.000000000000000000e+00,0.000000000000000000e+00,0.000000000000000000e+00,0.000000000000000000e+00,0.000000000000000000e+00,0.000000000000000000e+00,0.000000000000000000e+00,0.000000000000000000e+00,0.000000000000000000e+00,0.000000000000000000e+00,0.000000000000000000e+00,0.000000000000000000e+00,0.000000000000000000e+00,0.000000000000000000e+00,0.000000000000000000e+00,0.000000000000000000e+00,0.000000000000000000e+00,0.000000000000000000e+00,0.000000000000000000e+00,0.000000000000000000e+00,0.000000000000000000e+00,0.000000000000000000e+00,0.000000000000000000e+00,0.000000000000000000e+00,0.000000000000000000e+00,0.000000000000000000e+00,0.000000000000000000e+00,0.000000000000000000e+00,0.000000000000000000e+00,0.000000000000000000e+00,0.000000000000000000e+00,0.000000000000000000e+00,0.000000000000000000e+00,0.000000000000000000e+00,0.000000000000000000e+00,0.000000000000000000e+00,0.000000000000000000e+00,0.000000000000000000e+00,0.000000000000000000e+00,0.000000000000000000e+00,0.000000000000000000e+00,0.000000000000000000e+00,0.000000000000000000e+00,0.000000000000000000e+00,0.000000000000000000e+00,0.000000000000000000e+00,0.000000000000000000e+00,0.000000000000000000e+00,0.000000000000000000e+00,0.000000000000000000e+00,0.000000000000000000e+00,0.000000000000000000e+00,0.000000000000000000e+00,0.000000000000000000e+00,0.000000000000000000e+00,0.000000000000000000e+00,0.000000000000000000e+00,0.000000000000000000e+00,0.000000000000000000e+00,0.000000000000000000e+00,0.000000000000000000e+00,0.000000000000000000e+00,0.000000000000000000e+00,0.000000000000000000e+00,0.000000000000000000e+00,0.000000000000000000e+00,0.000000000000000000e+00,0.000000000000000000e+00,0.000000000000000000e+00,0.000000000000000000e+00,0.000000000000000000e+00,0.000000000000000000e+00,0.000000000000000000e+00,0.000000000000000000e+00,0.000000000000000000e+00,0.000000000000000000e+00,0.000000000000000000e+00,0.000000000000000000e+00,0.000000000000000000e+00,0.000000000000000000e+00,0.000000000000000000e+00,0.000000000000000000e+00,0.000000000000000000e+00,0.000000000000000000e+00,0.000000000000000000e+00,0.000000000000000000e+00,0.000000000000000000e+00,0.000000000000000000e+00,0.000000000000000000e+00,0.000000000000000000e+00,0.000000000000000000e+00,0.000000000000000000e+00,0.000000000000000000e+00,0.000000000000000000e+00,0.000000000000000000e+00,0.000000000000000000e+00,0.000000000000000000e+00,0.000000000000000000e+00,0.000000000000000000e+00,0.000000000000000000e+00,0.000000000000000000e+00,0.000000000000000000e+00,0.000000000000000000e+00,0.000000000000000000e+00,0.000000000000000000e+00,0.000000000000000000e+00,0.000000000000000000e+00,0.000000000000000000e+00,0.000000000000000000e+00,0.000000000000000000e+00,0.000000000000000000e+00,0.000000000000000000e+00,0.000000000000000000e+00,0.000000000000000000e+00,0.000000000000000000e+00,0.000000000000000000e+00,0.000000000000000000e+00,0.000000000000000000e+00,0.000000000000000000e+00,0.000000000000000000e+00,0.000000000000000000e+00,0.000000000000000000e+00,0.000000000000000000e+00,0.000000000000000000e+00,0.000000000000000000e+00,0.000000000000000000e+00,0.000000000000000000e+00,0.000000000000000000e+00,0.000000000000000000e+00,0.000000000000000000e+00,0.000000000000000000e+00,0.000000000000000000e+00,0.000000000000000000e+00,0.000000000000000000e+00,0.000000000000000000e+00,0.000000000000000000e+00,0.000000000000000000e+00,0.000000000000000000e+00,0.000000000000000000e+00,0.000000000000000000e+00,0.000000000000000000e+00,0.000000000000000000e+00,0.000000000000000000e+00,0.000000000000000000e+00,0.000000000000000000e+00,0.000000000000000000e+00,0.000000000000000000e+00,0.000000000000000000e+00,0.000000000000000000e+00,0.000000000000000000e+00,0.000000000000000000e+00,0.000000000000000000e+00,0.000000000000000000e+00,0.000000000000000000e+00,0.000000000000000000e+00,0.000000000000000000e+00,0.000000000000000000e+00,0.000000000000000000e+00,0.000000000000000000e+00,0.000000000000000000e+00,0.000000000000000000e+00,0.000000000000000000e+00,0.000000000000000000e+00,0.000000000000000000e+00,0.000000000000000000e+00,0.000000000000000000e+00,0.000000000000000000e+00,0.000000000000000000e+00,0.000000000000000000e+00,0.000000000000000000e+00,0.000000000000000000e+00,0.000000000000000000e+00,0.000000000000000000e+00,0.000000000000000000e+00,0.000000000000000000e+00,0.000000000000000000e+00,0.000000000000000000e+00,0.000000000000000000e+00,0.000000000000000000e+00,0.000000000000000000e+00,0.000000000000000000e+00,0.000000000000000000e+00,0.000000000000000000e+00,0.000000000000000000e+00,0.000000000000000000e+00,0.000000000000000000e+00,0.000000000000000000e+00,0.000000000000000000e+00,0.000000000000000000e+00,0.000000000000000000e+00,0.000000000000000000e+00,0.000000000000000000e+00,0.000000000000000000e+00,0.000000000000000000e+00,0.000000000000000000e+00,0.000000000000000000e+00,0.000000000000000000e+00,0.000000000000000000e+00,0.000000000000000000e+00,0.000000000000000000e+00,0.000000000000000000e+00,0.000000000000000000e+00,0.000000000000000000e+00,0.000000000000000000e+00,0.000000000000000000e+00,0.000000000000000000e+00,0.000000000000000000e+00,0.000000000000000000e+00,0.000000000000000000e+00,0.000000000000000000e+00,0.000000000000000000e+00
Thrusto,0.000000000000000000e+00,0.000000000000000000e+00,0.000000000000000000e+00,0.000000000000000000e+00,0.000000000000000000e+00,0.000000000000000000e+00,0.000000000000000000e+00,0.000000000000000000e+00,0.000000000000000000e+00,0.000000000000000000e+00,0.000000000000000000e+00,0.000000000000000000e+00,0.000000000000000000e+00,0.000000000000000000e+00,0.000000000000000000e+00,0.000000000000000000e+00,0.000000000000000000e+00,0.000000000000000000e+00,0.000000000000000000e+00,0.000000000000000000e+00,0.000000000000000000e+00,0.000000000000000000e+00,0.000000000000000000e+00,0.000000000000000000e+00,0.000000000000000000e+00,0.000000000000000000e+00,0.000000000000000000e+00,0.000000000000000000e+00,0.000000000000000000e+00,0.000000000000000000e+00,0.000000000000000000e+00,0.000000000000000000e+00,0.000000000000000000e+00,0.000000000000000000e+00,0.000000000000000000e+00,0.000000000000000000e+00,0.000000000000000000e+00,0.000000000000000000e+00,0.000000000000000000e+00,0.000000000000000000e+00,0.000000000000000000e+00,0.000000000000000000e+00,0.000000000000000000e+00,0.000000000000000000e+00,0.000000000000000000e+00,0.000000000000000000e+00,0.000000000000000000e+00,0.000000000000000000e+00,0.000000000000000000e+00,0.000000000000000000e+00,0.000000000000000000e+00,0.000000000000000000e+00,0.000000000000000000e+00,0.000000000000000000e+00,0.000000000000000000e+00,0.000000000000000000e+00,0.000000000000000000e+00,0.000000000000000000e+00,0.000000000000000000e+00,0.000000000000000000e+00,0.000000000000000000e+00,0.000000000000000000e+00,0.000000000000000000e+00,0.000000000000000000e+00,0.000000000000000000e+00,0.000000000000000000e+00,0.000000000000000000e+00,0.000000000000000000e+00,0.000000000000000000e+00,0.000000000000000000e+00,0.000000000000000000e+00,0.000000000000000000e+00,0.000000000000000000e+00,0.000000000000000000e+00,0.000000000000000000e+00,0.000000000000000000e+00,0.000000000000000000e+00,0.000000000000000000e+00,0.000000000000000000e+00,0.000000000000000000e+00,0.000000000000000000e+00,0.000000000000000000e+00,0.000000000000000000e+00,0.000000000000000000e+00,0.000000000000000000e+00,0.000000000000000000e+00,0.000000000000000000e+00,0.000000000000000000e+00,0.000000000000000000e+00,0.000000000000000000e+00,0.000000000000000000e+00,0.000000000000000000e+00,0.000000000000000000e+00,0.000000000000000000e+00,0.000000000000000000e+00,0.000000000000000000e+00,0.000000000000000000e+00,0.000000000000000000e+00,0.000000000000000000e+00,0.000000000000000000e+00,0.000000000000000000e+00,0.000000000000000000e+00,0.000000000000000000e+00,0.000000000000000000e+00,0.000000000000000000e+00,0.000000000000000000e+00,0.000000000000000000e+00,0.000000000000000000e+00,0.000000000000000000e+00,0.000000000000000000e+00,0.000000000000000000e+00,0.000000000000000000e+00,0.000000000000000000e+00,0.000000000000000000e+00,0.000000000000000000e+00,0.000000000000000000e+00,0.000000000000000000e+00,0.000000000000000000e+00,0.000000000000000000e+00,0.000000000000000000e+00,0.000000000000000000e+00,0.000000000000000000e+00,0.000000000000000000e+00,0.000000000000000000e+00,0.000000000000000000e+00,0.000000000000000000e+00,0.000000000000000000e+00,0.000000000000000000e+00,0.000000000000000000e+00,0.000000000000000000e+00,0.000000000000000000e+00,0.000000000000000000e+00,0.000000000000000000e+00,0.000000000000000000e+00,0.000000000000000000e+00,0.000000000000000000e+00,0.000000000000000000e+00,0.000000000000000000e+00,0.000000000000000000e+00,0.000000000000000000e+00,0.000000000000000000e+00,0.000000000000000000e+00,0.000000000000000000e+00,0.000000000000000000e+00,0.000000000000000000e+00,0.000000000000000000e+00,0.000000000000000000e+00,0.000000000000000000e+00,0.000000000000000000e+00,0.000000000000000000e+00,0.000000000000000000e+00,0.000000000000000000e+00,0.000000000000000000e+00,0.000000000000000000e+00,0.000000000000000000e+00,0.000000000000000000e+00,0.000000000000000000e+00,0.000000000000000000e+00,0.000000000000000000e+00,0.000000000000000000e+00,0.000000000000000000e+00,0.000000000000000000e+00,0.000000000000000000e+00,0.000000000000000000e+00,0.000000000000000000e+00,0.000000000000000000e+00,0.000000000000000000e+00,0.000000000000000000e+00,0.000000000000000000e+00,0.000000000000000000e+00,0.000000000000000000e+00,0.000000000000000000e+00,0.000000000000000000e+00,0.000000000000000000e+00,0.000000000000000000e+00,0.000000000000000000e+00,0.000000000000000000e+00,0.000000000000000000e+00,0.000000000000000000e+00,0.000000000000000000e+00,0.000000000000000000e+00,0.000000000000000000e+00,0.000000000000000000e+00,0.000000000000000000e+00,0.000000000000000000e+00,0.000000000000000000e+00,0.000000000000000000e+00,0.000000000000000000e+00,0.000000000000000000e+00,0.000000000000000000e+00,0.000000000000000000e+00,0.000000000000000000e+00,0.000000000000000000e+00,0.000000000000000000e+00,0.000000000000000000e+00,0.000000000000000000e+00,0.000000000000000000e+00,0.000000000000000000e+00,0.000000000000000000e+00,0.000000000000000000e+00,0.000000000000000000e+00,0.000000000000000000e+00,0.000000000000000000e+00,0.000000000000000000e+00,0.000000000000000000e+00,0.000000000000000000e+00,0.000000000000000000e+00,0.000000000000000000e+00,0.000000000000000000e+00,0.000000000000000000e+00,0.000000000000000000e+00,0.000000000000000000e+00
TrailVort,1,2,3,4,5,6,7,8,9,10,11,12,13,14,15,16,17,18,19,20,21,22,23,24,25,26,27,28,29,30,31,32,33,34,35,36,37,38,39,40,41,42,43,44,45,46,47,48,49,50,51,52,53,54,55,56,57,58,59,60,61,62,63,64,1,2,3,4,5,6,7,8,9,10,11,12,13,14,15,16,17,18,19,20,21,22,23,24,25,26,27,28,29,30,31,32,33,34,35,36,37,38,39,40,41,42,43,44,45,46,47,48,49,50,51,52,53,54,55,56,57,58,59,60,61,62,63,64,1,2,3,4,5,6,7,8,9,10,11,12,13,14,15,16,17,18,19,20,21,22,23,24,25,26,27,28,1,2,3,4,5,6,7,8,9,10,11,12,13,14,15,16,17,18,19,20,21,22,23,24,25,26,27,28,1,2,3,4,5,6,7,8,9,10,11,12,13,14,15,16,17,18,19,20,21,22,23,24,25,26,27,28
Unsteady,0
V/Vref,1.000000000000000000e+00,1.000000000000000000e+00,1.000000000000000000e+00,1.000000000000000000e+00,1.000000000000000000e+00,1.000000000000000000e+00,1.000000000000000000e+00,1.000000000000000000e+00,1.000000000000000000e+00,1.000000000000000000e+00,1.000000000000000000e+00,1.000000000000000000e+00,1.000000000000000000e+00,1.000000000000000000e+00,1.000000000000000000e+00,1.000000000000000000e+00,1.000000000000000000e+00,1.000000000000000000e+00,1.000000000000000000e+00,1.000000000000000000e+00,1.000000000000000000e+00,1.000000000000000000e+00,1.000000000000000000e+00,1.000000000000000000e+00,1.000000000000000000e+00,1.000000000000000000e+00,1.000000000000000000e+00,1.000000000000000000e+00,1.000000000000000000e+00,1.000000000000000000e+00,1.000000000000000000e+00,1.000000000000000000e+00,1.000000000000000000e+00,1.000000000000000000e+00,1.000000000000000000e+00,1.000000000000000000e+00,1.000000000000000000e+00,1.000000000000000000e+00,1.000000000000000000e+00,1.000000000000000000e+00,1.000000000000000000e+00,1.000000000000000000e+00,1.000000000000000000e+00,1.000000000000000000e+00,1.000000000000000000e+00,1.000000000000000000e+00,1.000000000000000000e+00,1.000000000000000000e+00,1.000000000000000000e+00,1.000000000000000000e+00,1.000000000000000000e+00,1.000000000000000000e+00,1.000000000000000000e+00,1.000000000000000000e+00,1.000000000000000000e+00,1.000000000000000000e+00,1.000000000000000000e+00,1.000000000000000000e+00,1.000000000000000000e+00,1.000000000000000000e+00,1.000000000000000000e+00,1.000000000000000000e+00,1.000000000000000000e+00,1.000000000000000000e+00,1.000000000000000000e+00,1.000000000000000000e+00,1.000000000000000000e+00,1.000000000000000000e+00,1.000000000000000000e+00,1.000000000000000000e+00,1.000000000000000000e+00,1.000000000000000000e+00,1.000000000000000000e+00,1.000000000000000000e+00,1.000000000000000000e+00,1.000000000000000000e+00,1.000000000000000000e+00,1.000000000000000000e+00,1.000000000000000000e+00,1.000000000000000000e+00,1.000000000000000000e+00,1.000000000000000000e+00,1.000000000000000000e+00,1.000000000000000000e+00,1.000000000000000000e+00,1.000000000000000000e+00,1.000000000000000000e+00,1.000000000000000000e+00,1.000000000000000000e+00,1.000000000000000000e+00,1.000000000000000000e+00,1.000000000000000000e+00,1.000000000000000000e+00,1.000000000000000000e+00,1.000000000000000000e+00,1.000000000000000000e+00,1.000000000000000000e+00,1.000000000000000000e+00,1.000000000000000000e+00,1.000000000000000000e+00,1.000000000000000000e+00,1.000000000000000000e+00,1.000000000000000000e+00,1.000000000000000000e+00,1.000000000000000000e+00,1.000000000000000000e+00,1.000000000000000000e+00,1.000000000000000000e+00,1.000000000000000000e+00,1.000000000000000000e+00,1.000000000000000000e+00,1.000000000000000000e+00,1.000000000000000000e+00,1.000000000000000000e+00,1.000000000000000000e+00,1.000000000000000000e+00,1.000000000000000000e+00,1.000000000000000000e+00,1.000000000000000000e+00,1.000000000000000000e+00,1.000000000000000000e+00,1.000000000000000000e+00,1.000000000000000000e+00,1.000000000000000000e+00,1.000000000000000000e+00,1.000000000000000000e+00,1.000000000000000000e+00,1.000000000000000000e+00,1.000000000000000000e+00,1.000000000000000000e+00,1.000000000000000000e+00,1.000000000000000000e+00,1.000000000000000000e+00,1.000000000000000000e+00,1.000000000000000000e+00,1.000000000000000000e+00,1.000000000000000000e+00,1.000000000000000000e+00,1.000000000000000000e+00,1.000000000000000000e+00,1.000000000000000000e+00,1.000000000000000000e+00,1.000000000000000000e+00,1.000000000000000000e+00,1.000000000000000000e+00,1.000000000000000000e+00,1.000000000000000000e+00,1.000000000000000000e+00,1.000000000000000000e+00,1.000000000000000000e+00,1.000000000000000000e+00,1.000000000000000000e+00,1.000000000000000000e+00,1.000000000000000000e+00,1.000000000000000000e+00,1.000000000000000000e+00,1.000000000000000000e+00,1.000000000000000000e+00,1.000000000000000000e+00,1.000000000000000000e+00,1.000000000000000000e+00,1.000000000000000000e+00,1.000000000000000000e+00,1.000000000000000000e+00,1.000000000000000000e+00,1.000000000000000000e+00,1.000000000000000000e+00,1.000000000000000000e+00,1.000000000000000000e+00,1.000000000000000000e+00,1.000000000000000000e+00,1.000000000000000000e+00,1.000000000000000000e+00,1.000000000000000000e+00,1.000000000000000000e+00,1.000000000000000000e+00,1.000000000000000000e+00,1.000000000000000000e+00,1.000000000000000000e+00,1.000000000000000000e+00,1.000000000000000000e+00,1.000000000000000000e+00,1.000000000000000000e+00,1.000000000000000000e+00,1.000000000000000000e+00,1.000000000000000000e+00,1.000000000000000000e+00,1.000000000000000000e+00,1.000000000000000000e+00,1.000000000000000000e+00,1.000000000000000000e+00,1.000000000000000000e+00,1.000000000000000000e+00,1.000000000000000000e+00,1.000000000000000000e+00,1.000000000000000000e+00,1.000000000000000000e+00,1.000000000000000000e+00,1.000000000000000000e+00,1.000000000000000000e+00,1.000000000000000000e+00,1.000000000000000000e+00,1.000000000000000000e+00,1.000000000000000000e+00,1.000000000000000000e+00,1.000000000000000000e+00,1.000000000000000000e+00,1.000000000000000000e+00,1.000000000000000000e+00,1.000000000000000000e+00,1.000000000000000000e+00,1.000000000000000000e+00
VortexSheet,1,1,1,1,1,1,1,1,1,1,1,1,1,1,1,1,1,1,1,1,1,1,1,1,1,1,1,1,1,1,1,1,1,1,1,1,1,1,1,1,1,1,1,1,1,1,1,1,1,1,1,1,1,1,1,1,1,1,1,1,1,1,1,1,2,2,2,2,2,2,2,2,2,2,2,2,2,2,2,2,2,2,2,2,2,2,2,2,2,2,2,2,2,2,2,2,2,2,2,2,2,2,2,2,2,2,2,2,2,2,2,2,2,2,2,2,2,2,2,2,2,2,2,2,2,2,2,2,3,3,3,3,3,3,3,3,3,3,3,3,3,3,3,3,3,3,3,3,3,3,3,3,3,3,3,3,4,4,4,4,4,4,4,4,4,4,4,4,4,4,4,4,4,4,4,4,4,4,4,4,4,4,4,4,5,5,5,5,5,5,5,5,5,5,5,5,5,5,5,5,5,5,5,5,5,5,5,5,5,5,5,5
Xavg,5.239379999999999704e+00,5.232429999999999914e+00,5.222150000000000070e+00,5.211859999999999715e+00,5.199989999999999668e+00,5.186519999999999797e+00,5.173060000000000436e+00,5.159589999999999677e+00,5.146130000000000315e+00,5.132659999999999556e+00,5.119200000000000195e+00,5.105730000000000324e+00,5.092270000000000074e+00,5.078800000000000203e+00,5.065339999999999954e+00,5.051870000000000083e+00,5.038409999999999833e+00,5.024939999999999962e+00,5.011479999999999713e+00,4.998009999999999842e+00,4.984549999999999592e+00,4.971079999999999721e+00,4.957620000000000360e+00,4.944149999999999601e+00,4.930690000000000239e+00,4.917220000000000368e+00,4.903760000000000119e+00,4.890290000000000248e+00,4.876829999999999998e+00,4.863360000000000127e+00,4.849899999999999878e+00,4.836430000000000007e+00,4.822969999999999757e+00,4.809499999999999886e+00,4.796039999999999637e+00,4.782569999999999766e+00,4.769110000000000404e+00,4.755639999999999645e+00,4.742180000000000284e+00,4.728710000000000413e+00,4.721169999999999867e+00,4.719549999999999912e+00,4.717929999999999957e+00,4.716319999999999624e+00,4.714699999999999669e+00,4.713079999999999714e+00,4.706199999999999939e+00,4.694069999999999965e+00,4.681930000000000369e+00,4.669789999999999885e+00,4.657659999999999911e+00,4.645520000000000316e+00,4.633379999999999832e+00,4.621249999999999858e+00,4.609110000000000262e+00,4.596969999999999779e+00,4.584830000000000183e+00,4.572700000000000209e+00,4.560559999999999725e+00,4.548420000000000130e+00,4.536290000000000155e+00,4.524149999999999672e+00,4.512010000000000076e+00,4.499880000000000102e+00,5.239379999999999704e+00,5.232429999999999914e+00,5.222150000000000070e+00,5.211859999999999715e+00,5.199989999999999668e+00,5.186519999999999797e+00,5.173060000000000436e+00,5.159589999999999677e+00,5.146130000000000315e+00,5.132659999999999556e+00,5.119200000000000195e+00,5.105730000000000324e+00,5.092270000000000074e+00,5.078800000000000203e+00,5.065339999999999954e+00,5.051870000000000083e+00,5.038409999999999833e+00,5.024939999999999962e+00,5.011479999999999713e+00,4.998009999999999842e+00,4.984549999999999592e+00,4.971079999999999721e+00,4.957620000000000360e+00,4.944149999999999601e+00,4.930690000000000239e+00,4.917220000000000368e+00,4.903760000000000119e+00,4.890290000000000248e+00,4.876829999999999998e+00,4.863360000000000127e+00,4.849899999999999878e+00,4.836430000000000007e+00,4.822969999999999757e+00,4.809499999999999886e+00,4.796039999999999637e+00,4.782569999999999766e+00,4.769110000000000404e+00,4.755639999999999645e+00,4.742180000000000284e+00,4.728710000000000413e+00,4.721169999999999867e+00,4.719549999999999912e+00,4.717929999999999957e+00,4.716319999999999624e+00,4.714699999999999669e+00,4.713079999999999714e+00,4.706199999999999939e+00,4.694069999999999965e+00,4.681930000000000369e+00,4.669789999999999885e+00,4.657659999999999911e+00,4.645520000000000316e+00,4.633379999999999832e+00,4.621249999999999858e+00,4.609110000000000262e+00,4.596969999999999779e+00,4.584830000000000183e+00,4.572700000000000209e+00,4.560559999999999725e+00,4.548420000000000130e+00,4.536290000000000155e+00,4.524149999999999672e+00,4.512010000000000076e+00,4.499880000000000102e+00,1.069689999999999941e+01,1.068102999999999980e+01,1.066262000000000043e+01,1.064420999999999928e+01,1.062580999999999953e+01,1.060740000000000016e+01,1.058899000000000079e+01,1.057058999999999926e+01,1.055217999999999989e+01,1.053377000000000052e+01,1.051537000000000077e+01,1.049695999999999962e+01,1.047855000000000025e+01,1.046015000000000050e+01,1.044173999999999936e+01,1.042332999999999998e+01,1.040493000000000023e+01,1.038652000000000086e+01,1.036810999999999972e+01,1.034970999999999997e+01,1.033130000000000059e+01,1.031288999999999945e+01,1.029448999999999970e+01,1.027608000000000033e+01,1.025766999999999918e+01,1.023926999999999943e+01,1.022086000000000006e+01,1.020245000000000068e+01,1.071116999999999919e+01,1.071147999999999989e+01,1.071181999999999945e+01,1.071216000000000079e+01,1.071250999999999998e+01,1.071284999999999954e+01,1.071319000000000088e+01,1.071353000000000044e+01,1.071387999999999963e+01,1.071421999999999919e+01,1.071456000000000053e+01,1.071490000000000009e+01,1.071524999999999928e+01,1.071559000000000061e+01,1.071593000000000018e+01,1.071626999999999974e+01,1.071660999999999930e+01,1.071696000000000026e+01,1.071729999999999983e+01,1.071763999999999939e+01,1.071798000000000073e+01,1.071832999999999991e+01,1.071866999999999948e+01,1.071901000000000082e+01,1.071935000000000038e+01,1.071969999999999956e+01,1.072003999999999913e+01,1.072038000000000046e+01,1.069689999999999941e+01,1.068102999999999980e+01,1.066262000000000043e+01,1.064420999999999928e+01,1.062580999999999953e+01,1.060740000000000016e+01,1.058899000000000079e+01,1.057058999999999926e+01,1.055217999999999989e+01,1.053377000000000052e+01,1.051537000000000077e+01,1.049695999999999962e+01,1.047855000000000025e+01,1.046015000000000050e+01,1.044173999999999936e+01,1.042332999999999998e+01,1.040493000000000023e+01,1.038652000000000086e+01,1.036810999999999972e+01,1.034970999999999997e+01,1.033130000000000059e+01,1.031288999999999945e+01,1.029448999999999970e+01,1.027608000000000033e+01,1.025766999999999918e+01,1.023926999999999943e+01,1.022086000000000006e+01,1.020245000000000068e+01
Yavg,-5.136199999999999655e-01,-5.855200000000000404e-01,-6.919699999999999740e-01,-7.984299999999999731e-01,-9.210399999999999698e-01,-1.059800000000000075e+00,-1.198569999999999913e+00,-1.337329999999999908e+00,-1.476089999999999902e+00,-1.614849999999999897e+00,-1.753609999999999891e+00,-1.892379999999999951e+00,-2.031140000000000168e+00,-2.169900000000000162e+00,-2.308660000000000156e+00,-2.447420000000000151e+00,-2.586190000000000211e+00,-2.724950000000000205e+00,-2.863710000000000200e+00,-3.002470000000000194e+00,-3.141239999999999810e+00,-3.279999999999999805e+00,-3.418759999999999799e+00,-3.557519999999999794e+00,-3.696279999999999788e+00,-3.835049999999999848e+00,-3.973809999999999842e+00,-4.112569999999999837e+00,-4.251330000000000275e+00,-4.390089999999999826e+00,-4.528859999999999886e+00,-4.667620000000000324e+00,-4.806379999999999875e+00,-4.945140000000000313e+00,-5.083899999999999864e+00,-5.222669999999999924e+00,-5.361430000000000362e+00,-5.500189999999999912e+00,-5.638950000000000351e+00,-5.777709999999999901e+00,-5.855419999999999625e+00,-5.872069999999999901e+00,-5.888729999999999798e+00,-5.905380000000000074e+00,-5.922030000000000349e+00,-5.938690000000000246e+00,-6.009459999999999802e+00,-6.134360000000000035e+00,-6.259260000000000268e+00,-6.384159999999999613e+00,-6.509059999999999846e+00,-6.633960000000000079e+00,-6.758860000000000312e+00,-6.883759999999999657e+00,-7.008659999999999890e+00,-7.133549999999999613e+00,-7.258449999999999847e+00,-7.383350000000000080e+00,-7.508250000000000313e+00,-7.633149999999999658e+00,-7.758049999999999891e+00,-7.882950000000000124e+00,-8.007849999999999469e+00,-8.132749999999999702e+00,5.136199999999999655e-01,5.855200000000000404e-01,6.919699999999999740e-01,7.984299999999999731e-01,9.210399999999999698e-01,1.059800000000000075e+00,1.198569999999999913e+00,1.337329999999999908e+00,1.476089999999999902e+00,1.614849999999999897e+00,1.753609999999999891e+00,1.892379999999999951e+00,2.031140000000000168e+00,2.169900000000000162e+00,2.308660000000000156e+00,2.447420000000000151e+00,2.586190000000000211e+00,2.724950000000000205e+00,2.863710000000000200e+00,3.002470000000000194e+00,3.141239999999999810e+00,3.279999999999999805e+00,3.418759999999999799e+00,3.557519999999999794e+00,3.696279999999999788e+00,3.835049999999999848e+00,3.973809999999999842e+00,4.112569999999999837e+00,4.251330000000000275e+00,4.390089999999999826e+00,4.528859999999999886e+00,4.667620000000000324e+00,4.806379999999999875e+00,4.945140000000000313e+00,5.083899999999999864e+00,5.222669999999999924e+00,5.361430000000000362e+00,5.500189999999999912e+00,5.638950000000000351e+00,5.777709999999999901e+00,5.855419999999999625e+00,5.872069999999999901e+00,5.888729999999999798e+00,5.905380000000000074e+00,5.922030000000000349e+00,5.938690000000000246e+00,6.009459999999999802e+00,6.134360000000000035e+00,6.259260000000000268e+00,6.384159999999999613e+00,6.509059999999999846e+00,6.633960000000000079e+00,6.758860000000000312e+00,6.883759999999999657e+00,7.008659999999999890e+00,7.133549999999999613e+00,7.258449999999999847e+00,7.383350000000000080e+00,7.508250000000000313e+00,7.633149999999999658e+00,7.758049999999999891e+00,7.882950000000000124e+00,8.007849999999999469e+00,8.132749999999999702e+00,-7.043000000000000649e-02,-1.656600000000000017e-01,-2.761000000000000121e-01,-3.865399999999999947e-01,-4.969799999999999773e-01,-6.074199999999999600e-01,-7.178600000000000536e-01,-8.283000000000000362e-01,-9.387400000000000189e-01,-1.049180000000000001e+00,-1.159620000000000095e+00,-1.270059999999999967e+00,-1.380500000000000060e+00,-1.490939999999999932e+00,-1.601380000000000026e+00,-1.711819999999999897e+00,-1.822270000000000056e+00,-1.932709999999999928e+00,-2.043149999999999800e+00,-2.153589999999999893e+00,-2.264029999999999987e+00,-2.374470000000000081e+00,-2.484910000000000174e+00,-2.595349999999999824e+00,-2.705789999999999917e+00,-2.816230000000000011e+00,-2.926670000000000105e+00,-3.037110000000000198e+00,0.000000000000000000e+00,0.000000000000000000e+00,0.000000000000000000e+00,0.000000000000000000e+00,0.000000000000000000e+00,0.000000000000000000e+00,0.000000000000000000e+00,0.000000000000000000e+00,0.000000000000000000e+00,0.000000000000000000e+00,0.000000000000000000e+00,0.000000000000000000e+00,0.000000000000000000e+00,0.000000000000000000e+00,0.000000000000000000e+00,0.000000000000000000e+00,0.000000000000000000e+00,0.000000000000000000e+00,0.000000000000000000e+00,0.000000000000000000e+00,0.000000000000000000e+00,0.000000000000000000e+00,0.000000000000000000e+00,0.000000000000000000e+00,0.000000000000000000e+00,0.000000000000000000e+00,0.000000000000000000e+00,0.000000000000000000e+00,7.043000000000000649e-02,1.656600000000000017e-01,2.761000000000000121e-01,3.865399999999999947e-01,4.969799999999999773e-01,6.074199999999999600e-01,7.178600000000000536e-01,8.283000000000000362e-01,9.387400000000000189e-01,1.049180000000000001e+00,1.159620000000000095e+00,1.270059999999999967e+00,1.380500000000000060e+00,1.490939999999999932e+00,1.601380000000000026e+00,1.711819999999999897e+00,1.822270000000000056e+00,1.932709999999999928e+00,2.043149999999999800e+00,2.153589999999999893e+00,2.264029999999999987e+00,2.374470000000000081e+00,2.484910000000000174e+00,2.595349999999999824e+00,2.705789999999999917e+00,2.816230000000000011e+00,2.926670000000000105e+00,3.037110000000000198e+00
Zavg,8.317200000000000149e-01,8.350300000000000500e-01,8.399299999999999544e-01,8.448200000000000154e-01,8.502999999999999448e-01,8.563499999999999446e-01,8.624100000000000099e-01,8.684600000000000097e-01,8.745199999999999640e-01,8.805800000000000294e-01,8.866300000000000292e-01,8.926899999999999835e-01,8.987399999999999833e-01,9.048000000000000487e-01,9.108600000000000030e-01,9.169100000000000028e-01,9.229699999999999571e-01,9.290199999999999569e-01,9.350800000000000223e-01,9.411399999999999766e-01,9.471899999999999764e-01,9.532500000000000417e-01,9.593000000000000416e-01,9.653599999999999959e-01,9.714199999999999502e-01,9.774699999999999500e-01,9.835300000000000153e-01,9.895800000000000152e-01,9.956399999999999695e-01,1.001700000000000035e+00,1.007749999999999924e+00,1.013810000000000100e+00,1.019859999999999989e+00,1.025919999999999943e+00,1.031979999999999897e+00,1.038030000000000008e+00,1.044089999999999963e+00,1.050140000000000073e+00,1.056200000000000028e+00,1.062259999999999982e+00,1.065630000000000077e+00,1.066319999999999935e+00,1.067010000000000014e+00,1.067700000000000093e+00,1.068400000000000016e+00,1.069090000000000096e+00,1.071970000000000089e+00,1.077029999999999932e+00,1.082100000000000062e+00,1.087159999999999904e+00,1.092230000000000034e+00,1.097290000000000099e+00,1.102360000000000007e+00,1.107429999999999914e+00,1.112489999999999979e+00,1.117560000000000109e+00,1.122619999999999951e+00,1.127690000000000081e+00,1.132749999999999924e+00,1.137820000000000054e+00,1.142889999999999961e+00,1.147950000000000026e+00,1.153019999999999934e+00,1.158079999999999998e+00,8.317200000000000149e-01,8.350300000000000500e-01,8.399299999999999544e-01,8.448200000000000154e-01,8.502999999999999448e-01,8.563499999999999446e-01,8.624100000000000099e-01,8.684600000000000097e-01,8.745199999999999640e-01,8.805800000000000294e-01,8.866300000000000292e-01,8.926899999999999835e-01,8.987399999999999833e-01,9.048000000000000487e-01,9.108600000000000030e-01,9.169100000000000028e-01,9.229699999999999571e-01,9.290199999999999569e-01,9.350800000000000223e-01,9.411399999999999766e-01,9.471899999999999764e-01,9.532500000000000417e-01,9.593000000000000416e-01,9.653599999999999959e-01,9.714199999999999502e-01,9.774699999999999500e-01,9.835300000000000153e-01,9.895800000000000152e-01,9.956399999999999695e-01,1.001700000000000035e+00,1.007749999999999924e+00,1.013810000000000100e+00,1.019859999999999989e+00,1.025919999999999943e+00,1.031979999999999897e+00,1.038030000000000008e+00,1.044089999999999963e+00,1.050140000000000073e+00,1.056200000000000028e+00,1.062259999999999982e+00,1.065630000000000077e+00,1.066319999999999935e+00,1.067010000000000014e+00,1.067700000000000093e+00,1.068400000000000016e+00,1.069090000000000096e+00,1.071970000000000089e+00,1.077029999999999932e+00,1.082100000000000062e+00,1.087159999999999904e+00,1.092230000000000034e+00,1.097290000000000099e+00,1.102360000000000007e+00,1.107429999999999914e+00,1.112489999999999979e+00,1.117560000000000109e+00,1.122619999999999951e+00,1.127690000000000081e+00,1.132749999999999924e+00,1.137820000000000054e+00,1.142889999999999961e+00,1.147950000000000026e+00,1.153019999999999934e+00,1.158079999999999998e+00,8.000000000000000444e-01,8.000000000000000444e-01,8.000000000000000444e-01,8.000000000000000444e-01,8.000000000000000444e-01,8.000000000000000444e-01,8.000000000000000444e-01,8.000000000000000444e-01,8.000000000000000444e-01,8.000000000000000444e-01,8.000000000000000444e-01,8.000000000000000444e-01,8.000000000000000444e-01,8.000000000000000444e-01,8.000000000000000444e-01,8.000000000000000444e-01,8.000000000000000444e-01,8.000000000000000444e-01,8.000000000000000444e-01,8.000000000000000444e-01,8.000000000000000444e-01,8.000000000000000444e-01,8.000000000000000444e-01,8.000000000000000444e-01,8.000000000000000444e-01,8.000000000000000444e-01,8.000000000000000444e-01,8.000000000000000444e-01,8.589799999999999658e-01,9.473200000000000509e-01,1.045539999999999914e+00,1.143750000000000044e+00,1.241959999999999953e+00,1.340179999999999927e+00,1.438390000000000057e+00,1.536610000000000031e+00,1.634819999999999940e+00,1.733039999999999914e+00,1.831250000000000044e+00,1.929459999999999953e+00,2.027680000000000149e+00,2.125890000000000057e+00,2.224110000000000031e+00,2.322319999999999940e+00,2.420539999999999914e+00,2.518749999999999822e+00,2.616960000000000175e+00,2.715180000000000149e+00,2.813390000000000057e+00,2.911610000000000031e+00,3.009819999999999940e+00,3.108039999999999914e+00,3.206249999999999822e+00,3.304460000000000175e+00,3.402680000000000149e+00,3.500890000000000057e+00,8.000000000000000444e-01,8.000000000000000444e-01,8.000000000000000444e-01,8.000000000000000444e-01,8.000000000000000444e-01,8.000000000000000444e-01,8.000000000000000444e-01,8.000000000000000444e-01,8.000000000000000444e-01,8.000000000000000444e-01,8.000000000000000444e-01,8.000000000000000444e-01,8.000000000000000444e-01,8.000000000000000444e-01,8.000000000000000444e-01,8.000000000000000444e-01,8.000000000000000444e-01,8.000000000000000444e-01,8.000000000000000444e-01,8.000000000000000444e-01,8.000000000000000444e-01,8.000000000000000444e-01,8.000000000000000444e-01,8.000000000000000444e-01,8.000000000000000444e-01,8.000000000000000444e-01,8.000000000000000444e-01,8.000000000000000444e-01
cd,-5.820427999999999713e+01,-1.446500000000000008e-01,-8.498999999999999611e-02,-1.658000000000000099e-02,2.469999999999999973e-02,3.087000000000000161e-02,3.425000000000000266e-02,3.613999999999999851e-02,3.912999999999999812e-02,3.921000000000000180e-02,3.869000000000000217e-02,3.805999999999999661e-02,3.849999999999999950e-02,3.808999999999999886e-02,3.812999999999999723e-02,3.803000000000000130e-02,3.919999999999999873e-02,3.828999999999999765e-02,3.631000000000000200e-02,3.581000000000000155e-02,3.529999999999999805e-02,3.422000000000000042e-02,3.379000000000000059e-02,3.343000000000000138e-02,3.241999999999999743e-02,3.223999999999999783e-02,3.230999999999999844e-02,3.198000000000000148e-02,3.106000000000000080e-02,3.062000000000000138e-02,3.092999999999999916e-02,3.047000000000000056e-02,3.099999999999999978e-02,3.031000000000000014e-02,3.038000000000000075e-02,2.992999999999999827e-02,2.874000000000000166e-02,2.862999999999999920e-02,2.982999999999999888e-02,3.048000000000000015e-02,3.073000000000000037e-02,3.098000000000000059e-02,2.944000000000000089e-02,2.920000000000000026e-02,3.278999999999999970e-02,3.330999999999999933e-02,2.994000000000000133e-02,2.929000000000000006e-02,2.860000000000000042e-02,2.861000000000000001e-02,2.836999999999999938e-02,2.838999999999999857e-02,2.767000000000000015e-02,2.775999999999999995e-02,2.774000000000000077e-02,2.775999999999999995e-02,2.804999999999999855e-02,2.789000000000000160e-02,2.741000000000000034e-02,2.727999999999999869e-02,2.623999999999999944e-02,2.517000000000000140e-02,2.355000000000000149e-02,4.141000000000000236e-02,-4.655611999999999995e+01,-1.685500000000000054e-01,-7.985000000000000431e-02,2.569999999999999802e-03,2.262000000000000122e-02,6.108000000000000235e-02,7.668999999999999428e-02,3.688000000000000306e-02,3.758000000000000229e-02,3.688000000000000306e-02,3.772999999999999965e-02,3.735999999999999738e-02,3.789000000000000007e-02,3.721000000000000002e-02,3.729999999999999982e-02,3.704999999999999960e-02,3.744000000000000106e-02,3.703999999999999654e-02,3.475999999999999923e-02,3.398999999999999938e-02,3.418000000000000205e-02,3.355999999999999955e-02,3.334000000000000158e-02,3.348999999999999894e-02,3.321000000000000341e-02,3.271999999999999909e-02,3.203000000000000291e-02,3.157000000000000084e-02,3.090000000000000038e-02,3.024999999999999911e-02,3.043999999999999831e-02,2.988999999999999990e-02,3.067999999999999894e-02,3.014000000000000012e-02,3.031999999999999973e-02,2.989999999999999949e-02,2.940999999999999864e-02,2.931999999999999884e-02,3.036000000000000157e-02,3.139000000000000123e-02,3.445000000000000145e-02,3.312999999999999973e-02,3.116999999999999979e-02,3.175999999999999657e-02,3.491999999999999965e-02,3.386000000000000121e-02,2.981999999999999929e-02,2.922999999999999904e-02,2.929000000000000006e-02,2.928000000000000047e-02,2.895999999999999963e-02,2.888999999999999901e-02,2.825000000000000080e-02,2.828999999999999918e-02,2.825000000000000080e-02,2.834000000000000061e-02,2.901000000000000106e-02,2.869000000000000022e-02,2.773000000000000118e-02,2.749000000000000055e-02,2.632999999999999924e-02,2.393999999999999947e-02,2.412999999999999867e-02,4.066000000000000170e-02,-1.529977620000000024e+04,-1.616639099999999871e+02,-4.108299999999999730e-01,-8.510000000000000203e-03,1.649999999999999991e-03,7.910000000000000364e-03,-1.671999999999999875e-02,-5.270000000000000379e-03,-5.389999999999999826e-03,-4.980000000000000052e-03,-4.479999999999999608e-03,-4.539999999999999765e-03,-4.870000000000000197e-03,-4.649999999999999620e-03,-4.190000000000000148e-03,-3.919999999999999873e-03,-3.989999999999999623e-03,-3.969999999999999571e-03,-4.109999999999999938e-03,-4.340000000000000108e-03,-2.530000000000000131e-03,-2.010000000000000068e-03,-1.529999999999999893e-03,-1.770000000000000089e-03,1.700000000000000122e-04,1.500000000000000031e-03,2.360000000000000119e-03,3.870000000000000176e-03,4.009999999999999676e-03,4.859999999999999737e-03,5.429999999999999931e-03,5.490000000000000088e-03,5.479999999999999628e-03,5.479999999999999628e-03,5.539999999999999786e-03,5.519999999999999733e-03,5.519999999999999733e-03,5.570000000000000298e-03,5.749999999999999903e-03,5.729999999999999850e-03,5.629999999999999588e-03,5.530000000000000193e-03,5.519999999999999733e-03,5.470000000000000036e-03,5.490000000000000088e-03,5.479999999999999628e-03,5.559999999999999838e-03,5.530000000000000193e-03,5.640000000000000048e-03,5.619999999999999996e-03,5.720000000000000258e-03,5.969999999999999613e-03,5.980000000000000072e-03,6.000000000000000125e-03,5.939999999999999968e-03,6.139999999999999625e-03,-1.578589324999999917e+04,-1.664309399999999926e+02,-4.713999999999999857e-01,-1.587999999999999828e-02,-4.190000000000000148e-03,-1.289000000000000042e-02,-1.980000000000000163e-02,4.879999999999999789e-03,-1.787000000000000047e-02,-3.887999999999999790e-02,-2.382000000000000089e-02,-2.151000000000000134e-02,-1.816999999999999865e-02,-1.476000000000000055e-02,-1.251999999999999988e-02,-1.072999999999999995e-02,-1.009000000000000001e-02,-9.830000000000000196e-03,-8.729999999999999913e-03,-6.170000000000000137e-03,-6.610000000000000424e-03,-4.709999999999999777e-03,-1.899999999999999996e-03,-1.299999999999999940e-03,-1.180000000000000059e-03,8.000000000000000383e-04,2.320000000000000014e-03,3.789999999999999966e-03
cd*c/cref,-6.126766315789474726e-01,-1.756924590643275108e-01,-1.026074645933014451e-01,-1.989555927698033119e-02,2.943081818181818299e-02,3.648715837320573585e-02,4.015443779904306204e-02,4.202442200956937185e-02,4.512681291866028899e-02,4.484385789473684103e-02,4.387890287081339796e-02,4.280020000000000352e-02,4.292678362573099093e-02,4.210514364699627365e-02,4.178447974481658278e-02,4.131117421584263455e-02,4.220700053163210785e-02,4.086098724082933703e-02,3.840057575757575836e-02,3.752929883040935499e-02,3.665720148856990712e-02,3.520821392876129219e-02,3.444262663476874153e-02,3.375594694311536553e-02,3.242603242955875015e-02,3.193765358851674563e-02,3.169798229665071743e-02,3.106854449760765996e-02,2.987770547581073549e-02,2.916160244550770886e-02,2.916118548644338129e-02,2.843607485380116734e-02,2.863437533227006920e-02,2.770714284954811299e-02,2.748073694843168602e-02,2.678758867623604392e-02,2.544781084529505397e-02,2.507674455077086445e-02,2.584267575757575805e-02,2.611444082934609445e-02,2.616411993620414503e-02,2.634156438064859038e-02,2.499833195108984440e-02,2.476101010101010302e-02,2.776760398724082909e-02,2.816970563530037108e-02,2.517363476874003372e-02,2.437501031366294535e-02,2.355447953216374332e-02,2.331646555023923414e-02,2.287668718766613582e-02,2.264830738968633822e-02,2.183576358320042654e-02,2.166785326953747995e-02,2.141348080808080923e-02,2.118983817118554047e-02,2.116977192982456152e-02,2.080896475279106830e-02,2.021491143009037858e-02,1.988423391812865412e-02,1.890033301435406488e-02,1.791298452950558159e-02,1.655736523125997048e-02,2.875804518872940307e-02,-4.900644210526316491e-01,-2.047214930887825968e-01,-9.640200079744819239e-02,3.083931685273790229e-03,2.695243349282297127e-02,7.219422200956937541e-02,8.991076889952152873e-02,4.288491100478469126e-02,4.333926985645934066e-02,4.217907368421052600e-02,4.279015263157894683e-02,4.201301818181818470e-02,4.224664497607655278e-02,4.113238107389685649e-02,4.087493035619351595e-02,4.024662121212121274e-02,4.031199234449760888e-02,3.952705582137160112e-02,3.676133333333333336e-02,3.562191754385964776e-02,3.549414013822434905e-02,3.452915427963848538e-02,3.398393524720893372e-02,3.381653195108984267e-02,3.321617942583732913e-02,3.241315215311004611e-02,3.142328607123870410e-02,3.067022982456140551e-02,2.972379585326953566e-02,2.880922514619882815e-02,2.869920744284954611e-02,2.789479085592769594e-02,2.833879468367889176e-02,2.755174152046783662e-02,2.742646294524189038e-02,2.676073843700159383e-02,2.604106182881445880e-02,2.568110898458266650e-02,2.630183157894737042e-02,2.689410425305688648e-02,2.933140031897926714e-02,2.816965874534821737e-02,2.646732360446570759e-02,2.693183838383838430e-02,2.957135502392344364e-02,2.863483136629452544e-02,2.507273843700159530e-02,2.432507857522594324e-02,2.412275194045720647e-02,2.386249952153110185e-02,2.335244486975013301e-02,2.304718564593301669e-02,2.229347022860181035e-02,2.208154066985645869e-02,2.180716772993088887e-02,2.163256533758638883e-02,2.189429888357256881e-02,2.140585151515151524e-02,2.045091185539606518e-02,2.003730170122275389e-02,1.896515885167463986e-02,1.703761818181817947e-02,1.696514747474747384e-02,2.823719191919192226e-02,-8.388441889984051159e+02,-1.443226409299840327e+02,-3.618208858585857945e-01,-7.383748325358852581e-03,1.410105263157894820e-03,6.656763317384370958e-03,-1.385280000000000018e-02,-4.297501488569909801e-03,-4.325038011695906195e-03,-3.931075917065390661e-03,-3.477942371079212856e-03,-3.465267836257310101e-03,-3.653613290802765114e-03,-3.427897926634768978e-03,-3.034130249867092195e-03,-2.787472195640617028e-03,-2.785172727272726672e-03,-2.719418341307814398e-03,-2.761697129186602845e-03,-2.859623923444975808e-03,-1.633995321637426827e-03,-1.271931419457735272e-03,-9.482258373205740103e-04,-1.073875279106858028e-03,1.009217969165337715e-04,8.709170653907496963e-04,1.339453694843168678e-03,2.145988038277512385e-03,4.088835619351408567e-03,4.876665071770334980e-03,5.348622169059011507e-03,5.306649760765550471e-03,5.196094630515682260e-03,5.095205528973949065e-03,5.048998724082934091e-03,4.929116427432217104e-03,4.827490909090908708e-03,4.768672142477405583e-03,4.816916533758638930e-03,4.694670334928229861e-03,4.509058320042530488e-03,4.327158851674640754e-03,4.217708452950557838e-03,4.078799574694311376e-03,3.992639712918659954e-03,3.884448910154172929e-03,3.838794258373205617e-03,3.716271717171717569e-03,3.686359170653907835e-03,3.569820414673046359e-03,3.528002339181286490e-03,3.572288038277511655e-03,3.468177458798511574e-03,3.369314194577352917e-03,3.226263157894736829e-03,3.221818926103136443e-03,-8.654966352325890284e+02,-1.485783239639553415e+02,-4.151653131313131073e-01,-1.377836937799043100e-02,-3.580812759170654350e-03,-1.084774704944178707e-02,-1.640463157894737206e-02,3.979470069112174026e-03,-1.433922620946305113e-02,-3.069080956937798865e-02,-1.849209537480063850e-02,-1.641804210526316005e-02,-1.363165369484316790e-02,-1.088081148325359057e-02,-9.066183944710261636e-03,-7.629994045720361710e-03,-7.043206220095693179e-03,-6.733471610845294907e-03,-5.866086602870812690e-03,-4.065410047846889849e-03,-4.269054970760233908e-03,-2.980496012759170470e-03,-1.177535353535353506e-03,-7.887219564061668685e-04,-7.005160021265285399e-04,4.644891015417331966e-04,1.316751089845826861e-03,2.101626528442318217e-03
cdi,-7.131328000000000600e+01,-1.510599999999999998e-01,-9.149999999999999800e-02,-2.420999999999999888e-02,1.663999999999999854e-02,2.254000000000000101e-02,2.571999999999999981e-02,2.745999999999999830e-02,3.031999999999999973e-02,3.031999999999999973e-02,2.973999999999999908e-02,2.904999999999999943e-02,2.944000000000000089e-02,2.897999999999999882e-02,2.900000000000000147e-02,2.885000000000000064e-02,2.998999999999999930e-02,2.906999999999999862e-02,2.708999999999999950e-02,2.656999999999999987e-02,2.605999999999999983e-02,2.497999999999999873e-02,2.455999999999999850e-02,2.419999999999999929e-02,2.319999999999999840e-02,2.301999999999999880e-02,2.309999999999999901e-02,2.279000000000000123e-02,2.188999999999999974e-02,2.146999999999999950e-02,2.179999999999999993e-02,2.136000000000000051e-02,2.191999999999999851e-02,2.126000000000000112e-02,2.136000000000000051e-02,2.094999999999999987e-02,1.978999999999999856e-02,1.972000000000000142e-02,2.096999999999999906e-02,2.166999999999999829e-02,2.191999999999999851e-02,2.219000000000000139e-02,2.067000000000000087e-02,2.044999999999999943e-02,2.406000000000000152e-02,2.460000000000000034e-02,2.125000000000000153e-02,2.063999999999999863e-02,2.001000000000000001e-02,2.008000000000000063e-02,1.992000000000000021e-02,2.001000000000000001e-02,1.936999999999999833e-02,1.956000000000000100e-02,1.965000000000000080e-02,1.980000000000000163e-02,2.023000000000000145e-02,2.023000000000000145e-02,1.992999999999999980e-02,2.001000000000000001e-02,1.919999999999999832e-02,1.841999999999999887e-02,1.713999999999999899e-02,3.536999999999999866e-02,-5.863456000000000046e+01,-1.747400000000000064e-01,-8.620999999999999497e-02,-5.219999999999999814e-03,1.446000000000000063e-02,5.206000000000000211e-02,6.737999999999999545e-02,2.808000000000000079e-02,2.878999999999999962e-02,2.803999999999999895e-02,2.884000000000000105e-02,2.843000000000000041e-02,2.892000000000000126e-02,2.819999999999999937e-02,2.826999999999999999e-02,2.798000000000000140e-02,2.835000000000000020e-02,2.793999999999999956e-02,2.565999999999999878e-02,2.488999999999999893e-02,2.508000000000000160e-02,2.444999999999999951e-02,2.423000000000000154e-02,2.436999999999999930e-02,2.408000000000000071e-02,2.359999999999999945e-02,2.292999999999999899e-02,2.247999999999999998e-02,2.182999999999999871e-02,2.118000000000000091e-02,2.139999999999999888e-02,2.086999999999999966e-02,2.168000000000000135e-02,2.116000000000000172e-02,2.137000000000000011e-02,2.099000000000000171e-02,2.052999999999999964e-02,2.046999999999999861e-02,2.155999999999999930e-02,2.262000000000000122e-02,2.569000000000000103e-02,2.438999999999999849e-02,2.245000000000000120e-02,2.305000000000000104e-02,2.622999999999999984e-02,2.519000000000000059e-02,2.116000000000000172e-02,2.061999999999999944e-02,2.074000000000000149e-02,2.078999999999999945e-02,2.053999999999999923e-02,2.053999999999999923e-02,1.999000000000000082e-02,2.014000000000000165e-02,2.019999999999999921e-02,2.041000000000000106e-02,2.120999999999999969e-02,2.104999999999999927e-02,2.026999999999999982e-02,2.024000000000000105e-02,1.931000000000000077e-02,1.718000000000000083e-02,1.768000000000000127e-02,3.457999999999999963e-02,-1.529980812999999944e+04,-1.616694899999999961e+02,-4.164100000000000024e-01,-1.408000000000000050e-02,-3.919999999999999873e-03,2.330000000000000040e-03,-2.239000000000000018e-02,-1.094000000000000007e-02,-1.106999999999999998e-02,-1.065999999999999934e-02,-1.017000000000000022e-02,-1.022999999999999951e-02,-1.058000000000000086e-02,-1.035999999999999942e-02,-9.919999999999999998e-03,-9.660000000000000184e-03,-9.740000000000000394e-03,-9.730000000000000801e-03,-9.870000000000000301e-03,-1.010999999999999920e-02,-8.319999999999999271e-03,-7.799999999999999642e-03,-7.320000000000000118e-03,-7.570000000000000340e-03,-5.640000000000000048e-03,-4.309999999999999595e-03,-3.459999999999999968e-03,-1.959999999999999937e-03,-1.389999999999999960e-03,-5.500000000000000331e-04,0.000000000000000000e+00,5.000000000000000240e-05,2.000000000000000164e-05,-0.000000000000000000e+00,5.000000000000000240e-05,1.000000000000000082e-05,-0.000000000000000000e+00,3.000000000000000076e-05,1.900000000000000105e-04,1.600000000000000131e-04,4.000000000000000327e-05,-8.000000000000000654e-05,-1.100000000000000039e-04,-1.800000000000000113e-04,-1.700000000000000122e-04,-2.000000000000000096e-04,-1.399999999999999877e-04,-1.900000000000000105e-04,-9.000000000000000567e-05,-1.399999999999999877e-04,-6.000000000000000152e-05,1.800000000000000113e-04,1.700000000000000122e-04,1.600000000000000131e-04,8.000000000000000654e-05,2.599999999999999772e-04,-1.578590495000000010e+04,-1.664364300000000014e+02,-4.768999999999999906e-01,-2.138999999999999929e-02,-9.700000000000000289e-03,-1.842999999999999847e-02,-2.542000000000000162e-02,-8.499999999999999526e-04,-2.367000000000000007e-02,-4.474000000000000199e-02,-2.970000000000000070e-02,-2.738000000000000156e-02,-2.402999999999999928e-02,-2.060999999999999985e-02,-1.836000000000000132e-02,-1.655999999999999833e-02,-1.591000000000000053e-02,-1.565000000000000072e-02,-1.454000000000000084e-02,-1.196999999999999974e-02,-1.243000000000000008e-02,-1.052999999999999943e-02,-7.720000000000000299e-03,-7.119999999999999593e-03,-7.009999999999999738e-03,-5.020000000000000157e-03,-3.520000000000000125e-03,-2.050000000000000173e-03
cdi*c/cref,-7.506661052631580233e-01,-1.834780702817650488e-01,-1.104669138755981078e-01,-2.905135645933014377e-02,1.982707751196172152e-02,2.664141722488037878e-02,3.015393110047846770e-02,3.193111866028707641e-02,3.496664880382775731e-02,3.467650526315788767e-02,3.372857511961722260e-02,3.266804545454545655e-02,3.282505220627325582e-02,3.203484019138755357e-02,3.177943646996278515e-02,3.133913689526847401e-02,3.229050882509303111e-02,3.102190909090908610e-02,2.864972727272727462e-02,2.784567076023391693e-02,2.706194534821903044e-02,2.570137884104199341e-02,2.503435661881977733e-02,2.443595321637426904e-02,2.320431685273790720e-02,2.280411866028708018e-02,2.266243859649122797e-02,2.214046682615630410e-02,2.105676023391812521e-02,2.044740707070706945e-02,2.055330887825624481e-02,1.993418309409888262e-02,2.024727442849547782e-02,1.943430738968634011e-02,1.932154513556618922e-02,1.875041706539075023e-02,1.752304024455076867e-02,1.727256034024455059e-02,1.816697655502392400e-02,1.856627076023391679e-02,1.866311451355661538e-02,1.886763439659755459e-02,1.755147830940988890e-02,1.734118686868687045e-02,2.037476523125996905e-02,2.080380542264752622e-02,1.786705874534821881e-02,1.717651802232854699e-02,1.647989984051036888e-02,1.636471961722488211e-02,1.606286953748006438e-02,1.596310781499202594e-02,1.528582365762892227e-02,1.526740669856459405e-02,1.516852551834130952e-02,1.511378947368421238e-02,1.526789611908559510e-02,1.509377400318979295e-02,1.469840148856991005e-02,1.458517304625199344e-02,1.382951196172248556e-02,1.310914481658692100e-02,1.205066836788942081e-02,2.456344019138756093e-02,-6.172058947368421755e-01,-2.122398914407230552e-01,-1.040803567783094158e-01,-6.263861244019138137e-03,1.722953971291866365e-02,6.153292727272726553e-02,7.899579617224879169e-02,3.265206889952153302e-02,3.320217081339713050e-02,3.206890526315788609e-02,3.270787177033492726e-02,3.197082727272727853e-02,3.224526188197766874e-02,3.117261881977671095e-02,3.097947134502923930e-02,3.039407453482190560e-02,3.052470574162679390e-02,2.981603508771929478e-02,2.713739393939394035e-02,2.608501111111110812e-02,2.604426666666666626e-02,2.515607336523125598e-02,2.469798293460925137e-02,2.460761073896863133e-02,2.408448059542796921e-02,2.337867942583731970e-02,2.249565874534821888e-02,2.183930207336523197e-02,2.099904412546517440e-02,2.017121945773524619e-02,2.017618394471025825e-02,1.947689144072301676e-02,2.002558894205209994e-02,1.934289484316853089e-02,1.933059080276448502e-02,1.878621738437001587e-02,1.817827267410951353e-02,1.792947820308346540e-02,1.867811228070175369e-02,1.938020510366826252e-02,2.187296586921850042e-02,2.073824258373205623e-02,1.906292636895268525e-02,1.954593434343434438e-02,2.221238952684741891e-02,2.130275847953216201e-02,1.779138649654439172e-02,1.715987410951621411e-02,1.708111557682084197e-02,1.694335263157894719e-02,1.656281828814460538e-02,1.638591876661350463e-02,1.577509627857522773e-02,1.572012121212121305e-02,1.559308984582668915e-02,1.557941632110579518e-02,1.600751738437001734e-02,1.570558293460925028e-02,1.494915194045720250e-02,1.475281871345029278e-02,1.390874354066985556e-02,1.222666166932482798e-02,1.243032769803296272e-02,2.401480808080808105e-02,-8.388459396315257663e+02,-1.443276223778309202e+02,-3.667352313131312935e-01,-1.221658947368421157e-02,-3.350068261562998573e-03,1.960841786283891788e-03,-1.855048995215311317e-02,-8.921189048378521183e-03,-8.882777511961722702e-03,-8.414712706007441284e-03,-7.895239712918659947e-03,-7.808301754385965285e-03,-7.937418607123871914e-03,-7.637209144072302537e-03,-7.183430090377459186e-03,-6.869127910685806325e-03,-6.798892822966507397e-03,-6.664972408293461451e-03,-6.632104784688994982e-03,-6.661474162679425180e-03,-5.373454970760233214e-03,-4.935853269537479604e-03,-4.536609888357256287e-03,-4.592788623072833337e-03,-3.348229027113238179e-03,-2.502435034556087061e-03,-1.963775332270069167e-03,-1.086856990962254289e-03,-1.417327060074428415e-03,-5.518859649122808330e-04,0.000000000000000000e+00,4.833014354066985562e-05,1.896384901648059501e-05,-0.000000000000000000e+00,4.556858054226475472e-05,8.929558745348220938e-06,-0.000000000000000000e+00,2.568405103668261805e-05,1.591676767676767734e-04,1.310902711323764180e-04,3.203593833067517769e-05,-6.259904306220095559e-05,-8.404853801169590954e-05,-1.342200956937799120e-04,-1.236336523125996882e-04,-1.417682083997873514e-04,-9.666028708133971123e-05,-1.276838383838383903e-04,-5.882488038277512921e-05,-8.892791068580542329e-05,-3.700701754385964836e-05,1.077071770334928226e-04,9.859367357788411214e-05,8.984837852206274482e-05,4.345135566188197939e-05,1.364288144603934038e-04,-8.654972767110579071e+02,-1.485832250658692146e+02,-4.200092020202019771e-01,-1.855915119617224801e-02,-8.289709728867625249e-03,-1.551000606060605989e-02,-2.106089569377990814e-02,-6.931454013822434604e-04,-1.899325598086124348e-02,-3.531653343965975717e-02,-2.305689473684210608e-02,-2.089846549707602766e-02,-1.802799330143540699e-02,-1.519332822966507242e-02,-1.329513875598086273e-02,-1.177564784688995246e-02,-1.110578899521531132e-02,-1.072012519936204125e-02,-9.770091547049442049e-03,-7.887027272727272637e-03,-8.027890058479531313e-03,-6.663401913875596945e-03,-4.784512068048909703e-03,-4.319769484316852461e-03,-4.161539978734716226e-03,-2.914669112174375631e-03,-1.997829239766082000e-03,-1.136763689526847565e-03
cdo,1.310899999999999999e+01,6.400000000000000307e-03,6.510000000000000162e-03,7.629999999999999630e-03,8.059999999999999457e-03,8.330000000000000598e-03,8.529999999999999388e-03,8.689999999999999808e-03,8.810000000000000123e-03,8.899999999999999925e-03,8.949999999999999623e-03,9.010000000000000647e-03,9.060000000000000345e-03,9.100000000000000450e-03,9.140000000000000555e-03,9.169999999999999332e-03,9.209999999999999437e-03,9.220000000000000764e-03,9.230000000000000357e-03,9.230000000000000357e-03,9.239999999999999949e-03,9.239999999999999949e-03,9.230000000000000357e-03,9.230000000000000357e-03,9.220000000000000764e-03,9.220000000000000764e-03,9.209999999999999437e-03,9.190000000000000252e-03,9.169999999999999332e-03,9.150000000000000147e-03,9.129999999999999227e-03,9.110000000000000042e-03,9.079999999999999530e-03,9.050000000000000752e-03,9.020000000000000240e-03,8.980000000000000135e-03,8.940000000000000030e-03,8.899999999999999925e-03,8.859999999999999820e-03,8.819999999999999715e-03,8.800000000000000530e-03,8.779999999999999610e-03,8.770000000000000018e-03,8.750000000000000833e-03,8.729999999999999913e-03,8.710000000000000728e-03,8.699999999999999400e-03,8.649999999999999703e-03,8.590000000000000413e-03,8.529999999999999388e-03,8.460000000000000506e-03,8.380000000000000296e-03,8.290000000000000493e-03,8.189999999999999364e-03,8.080000000000000376e-03,7.960000000000000062e-03,7.820000000000000562e-03,7.660000000000000142e-03,7.479999999999999670e-03,7.270000000000000420e-03,7.029999999999999791e-03,6.749999999999999924e-03,6.409999999999999899e-03,6.040000000000000230e-03,1.207845000000000013e+01,6.190000000000000190e-03,6.360000000000000202e-03,7.790000000000000049e-03,8.160000000000000586e-03,9.020000000000000240e-03,9.310000000000000567e-03,8.800000000000000530e-03,8.789999999999999203e-03,8.840000000000000635e-03,8.890000000000000333e-03,8.930000000000000437e-03,8.970000000000000542e-03,9.010000000000000647e-03,9.029999999999999832e-03,9.060000000000000345e-03,9.090000000000000857e-03,9.100000000000000450e-03,9.100000000000000450e-03,9.100000000000000450e-03,9.110000000000000042e-03,9.110000000000000042e-03,9.110000000000000042e-03,9.119999999999999635e-03,9.119999999999999635e-03,9.119999999999999635e-03,9.110000000000000042e-03,9.090000000000000857e-03,9.079999999999999530e-03,9.060000000000000345e-03,9.039999999999999425e-03,9.020000000000000240e-03,8.999999999999999320e-03,8.970000000000000542e-03,8.940000000000000030e-03,8.909999999999999518e-03,8.880000000000000740e-03,8.840000000000000635e-03,8.800000000000000530e-03,8.770000000000000018e-03,8.760000000000000425e-03,8.739999999999999505e-03,8.729999999999999913e-03,8.710000000000000728e-03,8.689999999999999808e-03,8.670000000000000623e-03,8.659999999999999296e-03,8.609999999999999598e-03,8.550000000000000308e-03,8.489999999999999283e-03,8.420000000000000401e-03,8.340000000000000191e-03,8.259999999999999981e-03,8.160000000000000586e-03,8.049999999999999864e-03,7.929999999999999549e-03,7.799999999999999642e-03,7.640000000000000090e-03,7.459999999999999618e-03,7.259999999999999960e-03,7.029999999999999791e-03,6.760000000000000384e-03,6.450000000000000004e-03,6.069999999999999875e-03,3.193000000000000005e-02,5.570000000000000298e-03,5.570000000000000298e-03,5.570000000000000298e-03,5.570000000000000298e-03,5.579999999999999891e-03,5.669999999999999693e-03,5.669999999999999693e-03,5.669999999999999693e-03,5.680000000000000153e-03,5.689999999999999745e-03,5.700000000000000205e-03,5.709999999999999798e-03,5.720000000000000258e-03,5.729999999999999850e-03,5.740000000000000310e-03,5.749999999999999903e-03,5.760000000000000363e-03,5.760000000000000363e-03,5.769999999999999955e-03,5.780000000000000415e-03,5.790000000000000008e-03,5.790000000000000008e-03,5.799999999999999600e-03,5.810000000000000060e-03,5.810000000000000060e-03,5.819999999999999653e-03,5.839999999999999705e-03,5.400000000000000286e-03,5.409999999999999878e-03,5.429999999999999931e-03,5.449999999999999983e-03,5.459999999999999576e-03,5.479999999999999628e-03,5.490000000000000088e-03,5.510000000000000141e-03,5.530000000000000193e-03,5.539999999999999786e-03,5.559999999999999838e-03,5.579999999999999891e-03,5.590000000000000351e-03,5.610000000000000403e-03,5.629999999999999588e-03,5.649999999999999641e-03,5.660000000000000100e-03,5.680000000000000153e-03,5.700000000000000205e-03,5.720000000000000258e-03,5.729999999999999850e-03,5.749999999999999903e-03,5.769999999999999955e-03,5.790000000000000008e-03,5.810000000000000060e-03,5.830000000000000113e-03,5.859999999999999758e-03,5.879999999999999810e-03,1.170000000000000033e-02,5.490000000000000088e-03,5.499999999999999681e-03,5.499999999999999681e-03,5.519999999999999733e-03,5.539999999999999786e-03,5.629999999999999588e-03,5.729999999999999850e-03,5.799999999999999600e-03,5.859999999999999758e-03,5.879999999999999810e-03,5.870000000000000218e-03,5.859999999999999758e-03,5.850000000000000165e-03,5.839999999999999705e-03,5.830000000000000113e-03,5.819999999999999653e-03,5.819999999999999653e-03,5.810000000000000060e-03,5.810000000000000060e-03,5.810000000000000060e-03,5.819999999999999653e-03,5.819999999999999653e-03,5.819999999999999653e-03,5.830000000000000113e-03,5.830000000000000113e-03,5.830000000000000113e-03,5.839999999999999705e-03
cdo*c/cref,1.379894736842105507e-01,7.773465178096758930e-03,7.859449282296652323e-03,9.155797182349814309e-03,9.603740669856459730e-03,9.845741148325358807e-03,1.000050669856459261e-02,1.010493157894736850e-02,1.016016411483253688e-02,1.017878947368420876e-02,1.015032775119617189e-02,1.013215454545454870e-02,1.010173141945773512e-02,1.005924933545986055e-02,1.001600170122275528e-02,9.961174534821901766e-03,9.916491706539073275e-03,9.839078149920254396e-03,9.761424242424243322e-03,9.673147953216373884e-03,9.595256140350876678e-03,9.506835087719297042e-03,9.408270015948964199e-03,9.319993726741094761e-03,9.221715576820841212e-03,9.133534928229665451e-03,9.035543700159489461e-03,8.928077671451355862e-03,8.820945241892608549e-03,8.714195374800637675e-03,8.607876608187133016e-03,8.501891759702284723e-03,8.387100903774587918e-03,8.272835459861776347e-03,8.159191812865496801e-03,8.037171610845295425e-03,7.915916108452950017e-03,7.795425305688463181e-03,7.675699202551834049e-03,7.556737799043062621e-03,7.492491228070176021e-03,7.465427219564060683e-03,7.446853641679957239e-03,7.419823232323233438e-03,7.392838755980860911e-03,7.365900212652844864e-03,7.314984051036681895e-03,7.198492291334396623e-03,7.074579691653377043e-03,6.951745933014353770e-03,6.821881339712919379e-03,6.685199574694312280e-03,6.542048431685275160e-03,6.392641148325358194e-03,6.237235938330676008e-03,6.076048697501328956e-03,5.901875810738969018e-03,5.715190749601275350e-03,5.516509941520467662e-03,5.299060871876661548e-03,5.063618181818180936e-03,4.803839712918659723e-03,4.506696863370547937e-03,4.194604997341839538e-03,1.271415789473684388e-01,7.518398351940458468e-03,7.678355980861245947e-03,9.347792929292929667e-03,9.722893779904307615e-03,1.066129473684210467e-02,1.091497272727272837e-02,1.023284210526315824e-02,1.013709904306220148e-02,1.011016842105263124e-02,1.008228086124401957e-02,1.004219090909091137e-02,1.000138309409888404e-02,9.959762254120149011e-03,9.895459011164274912e-03,9.841683891547050103e-03,9.787286602870813243e-03,9.711020733652311540e-03,9.623939393939394751e-03,9.536906432748537901e-03,9.460257947900053282e-03,9.373080914407229403e-03,9.285952312599680611e-03,9.208921212121211342e-03,9.121696969696970608e-03,9.034472727272726406e-03,8.937437905369483709e-03,8.830927751196173542e-03,8.734371079213182343e-03,8.628481977671451086e-03,8.523023498139286128e-03,8.417899415204677452e-03,8.313205741626793557e-03,8.199705422647527928e-03,8.086826475279106086e-03,7.974521052631577955e-03,7.862789154704943537e-03,7.742871876661350412e-03,7.623719298245614992e-03,7.513899149388623966e-03,7.458434449760765854e-03,7.431416161616161142e-03,7.412888516746410708e-03,7.385904040404041651e-03,7.358965497076023002e-03,7.332072886762360832e-03,7.281351940457202708e-03,7.165204465709728264e-03,7.041636363636364498e-03,6.919146889952152053e-03,6.789626581605529357e-03,6.653289314194578072e-03,6.518373950026582625e-03,6.369224880382775948e-03,6.214077884104200582e-03,6.053149016480595390e-03,5.886781499202551476e-03,5.700268580542264089e-03,5.501759914938861816e-03,5.291771929824561765e-03,5.063618181818180936e-03,4.810956512493354958e-03,4.534819776714513716e-03,4.215439128123338840e-03,1.750633120680489176e-03,4.972520520999468632e-03,4.905538383838383906e-03,4.832841148325359854e-03,4.760173524720893827e-03,4.695921531100479170e-03,4.697689952153110381e-03,4.623687559808612249e-03,4.549715311004784608e-03,4.483636788942052358e-03,4.417297341839446223e-03,4.350666666666667612e-03,4.283805316321106366e-03,4.216683040935672970e-03,4.149299840510367425e-03,4.081655715045189731e-03,4.013720095693779424e-03,3.945554066985645751e-03,3.870407655502392137e-03,3.801850239234449372e-03,3.733001169590643292e-03,3.663921850079744549e-03,3.588384051036682277e-03,3.518913343965974876e-03,3.449150824029771720e-03,3.373352099946837299e-03,3.303229027113237844e-03,3.238390217969165565e-03,5.506162679425836981e-03,5.428551036682616356e-03,5.348622169059011507e-03,5.267985645933014743e-03,5.177130781499201563e-03,5.095205528973949065e-03,5.003430143540670352e-03,4.920186868686868970e-03,4.836236363636363909e-03,4.742988091440723114e-03,4.657748856990962319e-03,4.571773205741627190e-03,4.477022381711855473e-03,4.389757894736842116e-03,4.301756990962253557e-03,4.213019670388091532e-03,4.116273365231259453e-03,4.026217118553960389e-03,3.935454545454545802e-03,3.843955555555556014e-03,3.745184051036683053e-03,3.652396331738437096e-03,3.558841520467836018e-03,3.464580861244018900e-03,3.369583785220627448e-03,3.273850292397661229e-03,3.182811802232854599e-03,3.085390111642743148e-03,6.414784688995215462e-04,4.901101913875598182e-03,4.843888888888888029e-03,4.772105263157895225e-03,4.717443062200957042e-03,4.662259011164274561e-03,4.664549282296650938e-03,4.672615470494417486e-03,4.654029771398191483e-03,4.625723870281764176e-03,4.564799362041466711e-03,4.480423391812865877e-03,4.396339606592238221e-03,4.312516746411483581e-03,4.228954811270601091e-03,4.145653801169590751e-03,4.062582775119616407e-03,3.986653588516746345e-03,3.904004944178628058e-03,3.828206220095693637e-03,3.752376608187134310e-03,3.682905901116426909e-03,3.606976714513555980e-03,3.531047527910685484e-03,3.461023976608187686e-03,3.384964327485380682e-03,3.308904678362573678e-03,3.238390217969165565e-03
cl,-1.696243000000000123e+01,-2.235499999999999987e-01,8.190000000000000058e-02,4.576200000000000268e-01,6.670199999999999463e-01,6.994099999999999762e-01,7.385800000000000143e-01,7.447599999999999776e-01,7.684600000000000319e-01,7.663600000000000412e-01,7.786800000000000388e-01,7.756699999999999706e-01,7.867399999999999949e-01,7.850000000000000311e-01,7.852599999999999580e-01,7.865799999999999459e-01,7.946600000000000330e-01,7.958499999999999464e-01,7.938399999999999901e-01,7.937400000000000011e-01,7.990599999999999925e-01,7.985200000000000076e-01,7.957999999999999519e-01,7.944799999999999640e-01,7.936699999999999866e-01,7.920000000000000373e-01,7.872999999999999998e-01,7.848399999999999821e-01,7.767100000000000115e-01,7.740200000000000413e-01,7.696499999999999453e-01,7.663200000000000012e-01,7.612600000000000477e-01,7.575399999999999912e-01,7.539299999999999891e-01,7.494100000000000206e-01,7.476800000000000113e-01,7.425800000000000178e-01,7.369700000000000140e-01,7.314500000000000446e-01,7.291100000000000358e-01,7.274800000000000155e-01,7.249499999999999833e-01,7.230999999999999650e-01,7.204000000000000403e-01,7.179499999999999771e-01,7.165399999999999547e-01,7.099800000000000555e-01,7.038100000000000467e-01,6.957299999999999596e-01,6.865599999999999481e-01,6.765299999999999647e-01,6.633599999999999497e-01,6.499399999999999622e-01,6.346800000000000219e-01,6.176800000000000068e-01,5.981199999999999850e-01,5.748499999999999721e-01,5.472099999999999742e-01,5.142299999999999649e-01,4.732600000000000140e-01,4.215599999999999903e-01,3.546400000000000108e-01,3.494099999999999984e-01,-1.635348000000000113e+01,-3.558499999999999996e-01,-1.947000000000000119e-02,4.479199999999999848e-01,6.740000000000000435e-01,7.679099999999999815e-01,8.142700000000000493e-01,7.565699999999999648e-01,7.652099999999999458e-01,7.595800000000000329e-01,7.708500000000000352e-01,7.667500000000000426e-01,7.760599999999999721e-01,7.735699999999999799e-01,7.729500000000000259e-01,7.735899999999999999e-01,7.808399999999999785e-01,7.814200000000000035e-01,7.785999999999999588e-01,7.781799999999999828e-01,7.833200000000000163e-01,7.831700000000000328e-01,7.813999999999999835e-01,7.811700000000000310e-01,7.814999999999999725e-01,7.802999999999999936e-01,7.757399999999999851e-01,7.737899999999999778e-01,7.661200000000000232e-01,7.635800000000000365e-01,7.596899999999999764e-01,7.567599999999999882e-01,7.538200000000000456e-01,7.505500000000000504e-01,7.477000000000000313e-01,7.435500000000000442e-01,7.406500000000000306e-01,7.361400000000000166e-01,7.304500000000000437e-01,7.255000000000000338e-01,7.225099999999999856e-01,7.207000000000000073e-01,7.182899999999999840e-01,7.164300000000000113e-01,7.137700000000000156e-01,7.116099999999999648e-01,7.100600000000000245e-01,7.037200000000000122e-01,6.983399999999999608e-01,6.902899999999999592e-01,6.808699999999999752e-01,6.705499999999999794e-01,6.588800000000000212e-01,6.457600000000000007e-01,6.314400000000000013e-01,6.147200000000000442e-01,5.955300000000000038e-01,5.726400000000000379e-01,5.449399999999999800e-01,5.122100000000000541e-01,4.721299999999999941e-01,4.207600000000000229e-01,3.654200000000000226e-01,3.467100000000000182e-01,1.555549900000000036e+02,2.137809999999999988e+00,-1.257800000000000029e-01,-2.224700000000000011e-01,-1.087299999999999933e-01,-1.077000000000000041e-01,-1.551299999999999901e-01,-1.385000000000000120e-01,-1.308400000000000118e-01,-1.295000000000000040e-01,-1.275000000000000022e-01,-1.271200000000000108e-01,-1.258499999999999897e-01,-1.244900000000000034e-01,-1.218299999999999939e-01,-1.189199999999999979e-01,-1.170800000000000035e-01,-1.147699999999999970e-01,-1.090099999999999958e-01,-1.051399999999999973e-01,-1.029000000000000054e-01,-9.399000000000000410e-02,-8.219999999999999529e-02,-7.929999999999999549e-02,-7.015000000000000402e-02,-5.263000000000000317e-02,-4.404999999999999888e-02,-2.750999999999999973e-02,-1.084000000000000068e-02,-4.129999999999999991e-03,-2.999999999999999737e-04,-1.000000000000000048e-04,-4.000000000000000327e-05,-3.000000000000000076e-05,-1.100000000000000039e-04,-1.700000000000000122e-04,-1.700000000000000122e-04,-1.700000000000000122e-04,-2.999999999999999737e-04,-3.800000000000000209e-04,-4.200000000000000174e-04,-4.699999999999999859e-04,-5.699999999999999772e-04,-5.500000000000000331e-04,-5.599999999999999509e-04,-6.599999999999999964e-04,-8.000000000000000383e-04,-8.999999999999999754e-04,-1.129999999999999928e-03,-1.340000000000000045e-03,-1.490000000000000005e-03,-1.520000000000000084e-03,-1.479999999999999979e-03,-1.619999999999999912e-03,-1.840000000000000056e-03,1.990000000000000015e-03,1.601839200000000005e+02,2.797600000000000087e+00,-2.025800000000000101e-01,-1.337599999999999900e-01,-5.535999999999999949e-02,-1.345699999999999952e-01,-1.935199999999999976e-01,-2.308699999999999919e-01,-2.355800000000000116e-01,-2.119000000000000050e-01,-2.162800000000000000e-01,-2.182300000000000073e-01,-2.073899999999999910e-01,-1.969499999999999862e-01,-1.854899999999999882e-01,-1.728600000000000136e-01,-1.633600000000000052e-01,-1.569200000000000039e-01,-1.457600000000000007e-01,-1.326299999999999979e-01,-1.287500000000000033e-01,-1.207099999999999979e-01,-1.100700000000000012e-01,-1.005199999999999982e-01,-8.591999999999999638e-02,-7.037999999999999812e-02,-5.496000000000000191e-02,-3.456999999999999656e-02
cl*c/cref,-1.785518947368421316e-01,-2.715247094630516278e-01,9.887694258373207201e-02,5.491318357256778082e-01,7.947750746411482714e-01,8.266758483253586753e-01,8.659055377990431124e-01,8.660240325358851132e-01,8.862292526315790342e-01,8.764738315789473155e-01,8.831125377990430847e-01,8.722761727272728693e-01,8.772004610313661743e-01,8.677484316852737134e-01,8.605213890483784933e-01,8.544450017012227283e-01,8.556177306751727718e-01,8.492874561403507272e-01,8.395459393939393999e-01,8.318488035087718835e-01,8.297819666135033412e-01,8.215798651780966688e-01,8.111702360446571003e-01,8.022262855927697611e-01,7.938176791600213278e-01,7.845726315789474103e-01,7.723869223817119156e-01,7.624714341307815557e-01,7.471446432748537481e-01,7.371542627325889940e-01,7.256355127591705978e-01,7.151668159489632526e-01,7.031678892078682130e-01,6.924866048910154337e-01,6.819799870813396669e-01,6.707279261562998363e-01,6.620326796384901069e-01,6.504187554492291135e-01,6.384605012759171361e-01,6.266866057947900748e-01,6.207784408293460787e-01,6.185591108984582753e-01,6.155754330143540232e-01,6.131741919191919798e-01,6.100573928761297005e-01,6.071582155768208144e-01,6.024688128654970276e-01,5.908422609250398860e-01,5.796460922913344582e-01,5.670033057416267175e-01,5.536206681552365838e-01,5.397062133971292086e-01,5.234901384370016508e-01,5.073056395534289997e-01,4.899317952153110500e-01,4.714891657628920707e-01,4.514104808080808273e-01,4.289004441786283262e-01,4.035681022860180267e-01,3.748192671451355262e-01,3.408830641148325458e-01,3.000158028708133640e-01,2.493377497076023630e-01,2.426551212121212386e-01,-1.721418947368421326e-01,-4.322168099415205078e-01,-2.350591052631579442e-02,5.374920935672514721e-01,8.030919617224882012e-01,9.076402263157893335e-01,9.546439143540670358e-01,8.797569717703348502e-01,8.824811784688995075e-01,8.687196526315789091e-01,8.742324186602871139e-01,8.622452272727274547e-01,8.652924597554491060e-01,8.551135723551300805e-01,8.470315661881978597e-01,8.403342430090376958e-01,8.407376095693779305e-01,8.338885518341306868e-01,8.234284848484848540e-01,8.155417415204677667e-01,8.134368008506113190e-01,8.057865839447101441e-01,7.964921116427432501e-01,7.887865113237639836e-01,7.816454146730463792e-01,7.729823540669855664e-01,7.610458925039872424e-01,7.517363679425838052e-01,7.369577501329079849e-01,7.272115086656033567e-01,7.162451019138755814e-01,7.062449624667729298e-01,6.962956391281233115e-01,6.860968678894205919e-01,6.763445364167995910e-01,6.654831794258373456e-01,6.558079715576821123e-01,6.447780207336523128e-01,6.328120183413078470e-01,6.215888064859118600e-01,6.151590724082934836e-01,6.127942365762891752e-01,6.099202397129186437e-01,6.075181666666666924e-01,6.044429002126527894e-01,6.017965844231790706e-01,5.970204109516215052e-01,5.856327162147794141e-01,5.751410921850079738e-01,5.625698358851674019e-01,5.490324288144603493e-01,5.349356294524189037e-01,5.199547491759702877e-01,5.040429728867623638e-01,4.874307253588517352e-01,4.692297305688463704e-01,4.494557674641148637e-01,4.272515444976076604e-01,4.018939742690058048e-01,3.733469008506114517e-01,3.400691397129186333e-01,2.994464589048378422e-01,2.569168748538012137e-01,2.407800494417862980e-01,8.528647591015417362e+00,1.908492656193514048e+00,-1.107753353535353563e-01,-1.930273196172248851e-01,-9.292166379585327374e-02,-9.063633492822967264e-02,-1.285278028708133902e-01,-1.129419271664008489e-01,-1.049884922913344037e-01,-1.022237612971823445e-01,-9.898161881977671217e-02,-9.702749941520469323e-02,-9.441626953748007145e-02,-9.177183072833600130e-02,-8.822150079744817130e-02,-8.456280446570973997e-02,-8.172632153110047371e-02,-7.861653476874001789e-02,-7.324880877192981032e-02,-6.927669569377989389e-02,-6.645775438596490670e-02,-5.947703189792663547e-02,-5.094389792663476385e-02,-4.811203934077617345e-02,-4.164508266879320131e-02,-3.055757676767677233e-02,-2.500124375332270221e-02,-1.525481419457735445e-02,-1.105311174906964400e-02,-4.144161881977671824e-03,-2.955039872408293626e-04,-9.666028708133971123e-05,-3.792769803296119002e-05,-2.789346092503987098e-05,-1.002508771929824604e-04,-1.518024986709197509e-04,-1.486727272727272865e-04,-1.455429558745348221e-04,-2.513173843700159380e-04,-3.113393939393940130e-04,-3.363773524720893387e-04,-3.677693779904305633e-04,-4.355242424242423689e-04,-4.101169590643274953e-04,-4.072637958532694560e-04,-4.678350877192982379e-04,-5.523444976076555702e-04,-6.048181818181818433e-04,-7.385790536948432265e-04,-8.511671451355662214e-04,-9.190076023391812506e-04,-9.095272727272727667e-04,-8.583449229133439809e-04,-9.097148325358852270e-04,-9.993811802232854379e-04,1.044205156831472595e-03,8.782438952472089611e+00,2.497508691121743674e+00,-1.784136383838383910e-01,-1.160575999999999969e-01,-4.731116810207337126e-02,-1.132491326953748018e-01,-1.603345607655502492e-01,-1.882664456671982733e-01,-1.890338506113769246e-01,-1.672680696438064718e-01,-1.679038785752259288e-01,-1.665694713450292519e-01,-1.555899097288676314e-01,-1.451880637958532783e-01,-1.343200047846890011e-01,-1.229189907496012896e-01,-1.140315330143540640e-01,-1.074889486443381115e-01,-9.794281594896331322e-02,-8.738984354066985094e-02,-8.315292397660818680e-02,-7.638549335459861311e-02,-6.821648229665071284e-02,-6.098640850611376091e-02,-5.100706347687400388e-02,-4.086342870813397532e-02,-3.119337926634769068e-02,-1.916971743753322771e-02
cli,-1.266262000000000043e+01,-2.228600000000000025e-01,8.260000000000000675e-02,4.584300000000000042e-01,6.678699999999999637e-01,7.002800000000000136e-01,7.394699999999999607e-01,7.456700000000000550e-01,7.693799999999999528e-01,7.672799999999999621e-01,7.796100000000000252e-01,7.765900000000000025e-01,7.876699999999999813e-01,7.859199999999999520e-01,7.861799999999999899e-01,7.874999999999999778e-01,7.955799999999999539e-01,7.967600000000000238e-01,7.947600000000000220e-01,7.946499999999999675e-01,7.999600000000000044e-01,7.994200000000000195e-01,7.966900000000000093e-01,7.953700000000000214e-01,7.945499999999999785e-01,7.928699999999999637e-01,7.881599999999999717e-01,7.856999999999999540e-01,7.775699999999999834e-01,7.748599999999999932e-01,7.704800000000000537e-01,7.671400000000000441e-01,7.620799999999999796e-01,7.583499999999999686e-01,7.547199999999999465e-01,7.501999999999999780e-01,7.484600000000000142e-01,7.433499999999999552e-01,7.377299999999999969e-01,7.321999999999999620e-01,7.298499999999999988e-01,7.282199999999999784e-01,7.256899999999999462e-01,7.238400000000000389e-01,7.211300000000000487e-01,7.186799999999999855e-01,7.172699999999999632e-01,7.106999999999999984e-01,7.045200000000000351e-01,6.964399999999999480e-01,6.872599999999999820e-01,6.772099999999999786e-01,6.640300000000000091e-01,6.505999999999999561e-01,6.353199999999999958e-01,6.183100000000000263e-01,5.987400000000000500e-01,5.754500000000000171e-01,5.477899999999999991e-01,5.147899999999999698e-01,4.737999999999999989e-01,4.220800000000000107e-01,3.551199999999999912e-01,3.498600000000000043e-01,-1.239169000000000054e+01,-3.551900000000000057e-01,-1.879000000000000115e-02,4.487499999999999822e-01,6.748600000000000154e-01,7.688599999999999879e-01,8.152399999999999647e-01,7.574800000000000422e-01,7.661200000000000232e-01,7.604899999999999993e-01,7.717699999999999561e-01,7.676699999999999635e-01,7.769800000000000040e-01,7.744799999999999462e-01,7.738599999999999923e-01,7.744999999999999662e-01,7.817499999999999449e-01,7.823200000000000154e-01,7.794999999999999707e-01,7.790799999999999947e-01,7.842099999999999627e-01,7.840599999999999792e-01,7.822799999999999754e-01,7.820399999999999574e-01,7.823700000000000099e-01,7.811700000000000310e-01,7.765999999999999570e-01,7.746399999999999952e-01,7.669599999999999751e-01,7.644199999999999884e-01,7.605100000000000193e-01,7.575800000000000312e-01,7.546300000000000230e-01,7.513499999999999623e-01,7.484899999999999887e-01,7.443400000000000016e-01,7.414199999999999680e-01,7.368999999999999995e-01,7.312100000000000266e-01,7.262499999999999512e-01,7.232499999999999485e-01,7.214300000000000157e-01,7.190199999999999925e-01,7.171600000000000197e-01,7.145000000000000240e-01,7.123399999999999732e-01,7.107900000000000329e-01,7.044300000000000006e-01,6.990499999999999492e-01,6.909899999999999931e-01,6.815600000000000547e-01,6.712299999999999933e-01,6.595400000000000151e-01,6.464199999999999946e-01,6.320799999999999752e-01,6.153499999999999526e-01,5.961499999999999577e-01,5.732399999999999718e-01,5.455200000000000049e-01,5.127699999999999481e-01,4.726699999999999791e-01,4.212799999999999878e-01,3.659100000000000130e-01,3.471600000000000241e-01,1.555572200000000009e+02,2.138199999999999878e+00,-1.253900000000000015e-01,-2.220799999999999996e-01,-1.083500000000000019e-01,-1.073100000000000026e-01,-1.547300000000000064e-01,-1.381000000000000005e-01,-1.304500000000000104e-01,-1.290999999999999925e-01,-1.270999999999999908e-01,-1.267199999999999993e-01,-1.254500000000000060e-01,-1.240900000000000059e-01,-1.214299999999999963e-01,-1.185200000000000004e-01,-1.166800000000000059e-01,-1.143699999999999994e-01,-1.086099999999999982e-01,-1.047399999999999998e-01,-1.024999999999999939e-01,-9.359000000000000652e-02,-8.179000000000000159e-02,-7.889000000000000179e-02,-6.973999999999999644e-02,-5.222999999999999865e-02,-4.363999999999999824e-02,-2.710999999999999868e-02,-1.047999999999999973e-02,-3.749999999999999861e-03,8.000000000000000654e-05,2.799999999999999755e-04,3.400000000000000244e-04,3.499999999999999964e-04,2.700000000000000035e-04,2.200000000000000078e-04,2.200000000000000078e-04,2.100000000000000087e-04,8.000000000000000654e-05,1.000000000000000082e-05,-3.000000000000000076e-05,-8.000000000000000654e-05,-1.700000000000000122e-04,-1.600000000000000131e-04,-1.600000000000000131e-04,-2.599999999999999772e-04,-4.000000000000000192e-04,-5.000000000000000104e-04,-7.299999999999999632e-04,-9.399999999999999719e-04,-1.080000000000000014e-03,-1.110000000000000092e-03,-1.069999999999999988e-03,-1.209999999999999921e-03,-1.430000000000000064e-03,2.399999999999999790e-03,1.601847400000000050e+02,2.797979999999999912e+00,-2.021900000000000086e-01,-1.333799999999999986e-01,-5.496999999999999803e-02,-1.341900000000000037e-01,-1.931299999999999961e-01,-2.304700000000000082e-01,-2.351800000000000002e-01,-2.114900000000000113e-01,-2.158700000000000063e-01,-2.178200000000000136e-01,-2.069799999999999973e-01,-1.965399999999999925e-01,-1.850799999999999945e-01,-1.724499999999999922e-01,-1.629500000000000115e-01,-1.565100000000000102e-01,-1.453500000000000070e-01,-1.322299999999999864e-01,-1.283400000000000096e-01,-1.203000000000000042e-01,-1.096599999999999936e-01,-1.001100000000000045e-01,-8.551000000000000267e-02,-6.998000000000000054e-02,-5.455000000000000127e-02,-3.416999999999999899e-02
cli*c/cref,-1.332907368421052952e-01,-2.706866327485380475e-01,9.972204465709731680e-02,5.501038141945773230e-01,7.957878760765551007e-01,8.277041550239233603e-01,8.669489669856458303e-01,8.670822014354067075e-01,8.872902459330144209e-01,8.775260210526314442e-01,8.841672645933015273e-01,8.733107545454547038e-01,8.782373937267410335e-01,8.687654107389685132e-01,8.615295642743221460e-01,8.554443779904306044e-01,8.566083031366293898e-01,8.502585582137159870e-01,8.405189090909090943e-01,8.328024941520467683e-01,8.307165694843168247e-01,8.225058556087186945e-01,8.120774256778309219e-01,8.031249632110579739e-01,7.946978429027113933e-01,7.854344727272726256e-01,7.732306322169059110e-01,7.633069234449760820e-01,7.479719074960126113e-01,7.379542544391280989e-01,7.264180469962786546e-01,7.159320795321637565e-01,7.039253146198830580e-01,6.932270465178096419e-01,6.826945947900052714e-01,6.714349824561403057e-01,6.627233300372141755e-01,6.510931911217436863e-01,6.391189133971292291e-01,6.273291855396065930e-01,6.214084912280701811e-01,6.191883154704943548e-01,6.162037878256245715e-01,6.138016969696971081e-01,6.106755798511430688e-01,6.077755642743221109e-01,6.030825988835725182e-01,5.914414417862838835e-01,5.802308363636364819e-01,5.675819387559808415e-01,5.541851264221159257e-01,5.402486878256247405e-01,5.240188685273791114e-01,5.078207974481658837e-01,4.904258337054758221e-01,4.719700590643274851e-01,4.518784044657097598e-01,4.293481092503987351e-01,4.039958530568846240e-01,3.752274479000531349e-01,3.412720191387559332e-01,3.003858764486975197e-01,2.496752246677299281e-01,2.429676331738437056e-01,-1.304388421052631863e-01,-4.314151713450293246e-01,-2.268495422647528320e-02,5.384880715045188282e-01,8.041166784688995595e-01,9.087630899521529360e-01,9.557811349282295810e-01,8.808151406698564445e-01,8.835306392344498549e-01,8.697604052631577876e-01,8.752758043062200954e-01,8.632798090909091782e-01,8.663182426368951639e-01,8.561194972886760901e-01,8.480287829877725114e-01,8.413227565124933305e-01,8.417174149388622073e-01,8.348489824561402539e-01,8.243803030303030743e-01,8.164849520467836186e-01,8.143610192450823071e-01,8.067022855927696856e-01,7.973891081339713471e-01,7.896649939393938222e-01,7.825155765550240172e-01,7.738441952153110037e-01,7.618896023391812378e-01,7.525621422647528203e-01,7.377657756512492337e-01,7.280115003721424616e-01,7.170182080276449321e-01,7.070102260499734337e-01,6.970438276448697179e-01,6.868281682615630102e-01,6.770591441254650844e-01,6.661902357256778151e-01,6.564897674641148040e-01,6.454436975013290168e-01,6.334704304625199400e-01,6.222313862307283783e-01,6.157891228070174749e-01,6.134149383838384262e-01,6.105401032429558228e-01,6.081371919191920217e-01,6.050610871876661578e-01,6.024139331206804782e-01,5.976341969696969958e-01,5.862235751196172018e-01,5.757258362573099975e-01,5.631403191387559515e-01,5.495888233918129195e-01,5.354781038809144356e-01,5.204755877724615010e-01,5.045581307814992478e-01,4.879247638490165073e-01,4.697106238702817294e-01,4.499236911217437407e-01,4.276992095693779583e-01,4.023217250398724021e-01,3.737550816055289493e-01,3.404580947368420762e-01,2.998165324827219425e-01,2.572613805422647726e-01,2.410925614035087927e-01,8.528769855715045978e+00,1.908840821903242668e+00,-1.104318595959595944e-01,-1.926889339712918869e-01,-9.259691228070175695e-02,-9.030812535885168746e-02,-1.281963961722488166e-01,-1.126157410951621474e-01,-1.046755489101541814e-01,-1.019080122275385358e-01,-9.867108825093034996e-02,-9.672218947368421693e-02,-9.411617809675705548e-02,-9.147695778841043179e-02,-8.793184635832004825e-02,-8.427836852737906337e-02,-8.144710622009569689e-02,-7.834253795853268754e-02,-7.298003046251992643e-02,-6.901313588516745645e-02,-6.619941520467835516e-02,-5.922391121743753040e-02,-5.068979819245082036e-02,-4.786328856990961639e-02,-4.140168304093567314e-02,-3.032533221690590294e-02,-2.476854205209994692e-02,-1.503300664540138318e-02,-1.068603423710792061e-02,-3.762858851674641403e-03,7.880106326422116607e-05,2.706488038277511752e-04,3.223854332801701084e-04,3.254237107921318360e-04,2.460703349282296619e-04,1.964502923976608301e-04,1.923999999999999875e-04,1.797883572567783128e-04,6.701796916533759522e-05,8.193141945773526122e-06,-2.402695374800637988e-05,-6.259904306220095559e-05,-1.298931951089845899e-04,-1.193067517278043662e-04,-1.163610845295055802e-04,-1.842986709197235351e-04,-2.761722488038277851e-04,-3.360101010101010301e-04,-4.771351408825093309e-04,-5.970874003189792978e-04,-6.661263157894736298e-04,-6.641942583732057554e-04,-6.205601807549175793e-04,-6.794783625730994349e-04,-7.766929824561403638e-04,1.259342902711323760e-03,8.782483910792132420e+00,2.497847929505581988e+00,-1.780701626262626291e-01,-1.157278909090909136e-01,-4.697787049441786572e-02,-1.129293387559808792e-01,-1.600114392344497705e-01,-1.879402595959595856e-01,-1.887128830409356695e-01,-1.669444268474215842e-01,-1.675855847421584277e-01,-1.662565286549707866e-01,-1.552823160021265525e-01,-1.448858190324295581e-01,-1.340231089845826673e-01,-1.226274439128123422e-01,-1.137453373205741664e-01,-1.072081019138756003e-01,-9.766731818181817459e-02,-8.712628373205739962e-02,-8.288812631578947043e-02,-7.612604465709728319e-02,-6.796238256246676934e-02,-6.073765773524720385e-02,-5.076366384901648959e-02,-4.063118415736310940e-02,-3.096067756512493885e-02,-1.894790988835725817e-02
clo,-4.299809999999999910e+00,-6.800000000000000488e-04,-6.899999999999999667e-04,-8.099999999999999561e-04,-8.499999999999999526e-04,-8.800000000000000313e-04,-8.899999999999999491e-04,-9.100000000000000016e-04,-9.100000000000000016e-04,-9.200000000000000278e-04,-9.200000000000000278e-04,-9.200000000000000278e-04,-9.200000000000000278e-04,-9.200000000000000278e-04,-9.200000000000000278e-04,-9.200000000000000278e-04,-9.200000000000000278e-04,-9.200000000000000278e-04,-9.100000000000000016e-04,-9.100000000000000016e-04,-8.999999999999999754e-04,-8.999999999999999754e-04,-8.899999999999999491e-04,-8.899999999999999491e-04,-8.800000000000000313e-04,-8.700000000000000051e-04,-8.700000000000000051e-04,-8.599999999999999789e-04,-8.499999999999999526e-04,-8.400000000000000348e-04,-8.400000000000000348e-04,-8.300000000000000086e-04,-8.199999999999999824e-04,-8.099999999999999561e-04,-8.000000000000000383e-04,-7.900000000000000121e-04,-7.799999999999999859e-04,-7.699999999999999597e-04,-7.600000000000000418e-04,-7.500000000000000156e-04,-7.399999999999999894e-04,-7.399999999999999894e-04,-7.399999999999999894e-04,-7.399999999999999894e-04,-7.299999999999999632e-04,-7.299999999999999632e-04,-7.299999999999999632e-04,-7.200000000000000453e-04,-7.100000000000000191e-04,-6.999999999999999929e-04,-6.899999999999999667e-04,-6.800000000000000488e-04,-6.700000000000000226e-04,-6.599999999999999964e-04,-6.400000000000000524e-04,-6.300000000000000261e-04,-6.199999999999999999e-04,-5.999999999999999474e-04,-5.800000000000000034e-04,-5.599999999999999509e-04,-5.400000000000000069e-04,-5.100000000000000366e-04,-4.800000000000000122e-04,-4.499999999999999877e-04,-3.961790000000000145e+00,-6.599999999999999964e-04,-6.800000000000000488e-04,-8.300000000000000086e-04,-8.599999999999999789e-04,-9.499999999999999981e-04,-9.700000000000000505e-04,-9.200000000000000278e-04,-9.100000000000000016e-04,-9.100000000000000016e-04,-9.100000000000000016e-04,-9.100000000000000016e-04,-9.100000000000000016e-04,-9.100000000000000016e-04,-9.100000000000000016e-04,-9.100000000000000016e-04,-9.100000000000000016e-04,-8.999999999999999754e-04,-8.999999999999999754e-04,-8.899999999999999491e-04,-8.899999999999999491e-04,-8.800000000000000313e-04,-8.800000000000000313e-04,-8.700000000000000051e-04,-8.700000000000000051e-04,-8.599999999999999789e-04,-8.599999999999999789e-04,-8.499999999999999526e-04,-8.400000000000000348e-04,-8.300000000000000086e-04,-8.300000000000000086e-04,-8.199999999999999824e-04,-8.099999999999999561e-04,-8.000000000000000383e-04,-7.900000000000000121e-04,-7.799999999999999859e-04,-7.699999999999999597e-04,-7.600000000000000418e-04,-7.500000000000000156e-04,-7.399999999999999894e-04,-7.399999999999999894e-04,-7.399999999999999894e-04,-7.299999999999999632e-04,-7.299999999999999632e-04,-7.299999999999999632e-04,-7.299999999999999632e-04,-7.200000000000000453e-04,-7.200000000000000453e-04,-7.100000000000000191e-04,-6.999999999999999929e-04,-6.899999999999999667e-04,-6.800000000000000488e-04,-6.700000000000000226e-04,-6.599999999999999964e-04,-6.400000000000000524e-04,-6.300000000000000261e-04,-6.099999999999999737e-04,-5.999999999999999474e-04,-5.800000000000000034e-04,-5.599999999999999509e-04,-5.400000000000000069e-04,-5.100000000000000366e-04,-4.899999999999999842e-04,-4.499999999999999877e-04,-2.230000000000000211e-03,-3.899999999999999929e-04,-3.899999999999999929e-04,-3.899999999999999929e-04,-3.899999999999999929e-04,-3.899999999999999929e-04,-4.000000000000000192e-04,-4.000000000000000192e-04,-4.000000000000000192e-04,-4.000000000000000192e-04,-4.000000000000000192e-04,-4.000000000000000192e-04,-4.000000000000000192e-04,-4.000000000000000192e-04,-4.000000000000000192e-04,-4.000000000000000192e-04,-4.000000000000000192e-04,-4.000000000000000192e-04,-4.000000000000000192e-04,-4.000000000000000192e-04,-4.000000000000000192e-04,-4.000000000000000192e-04,-4.000000000000000192e-04,-4.099999999999999912e-04,-4.099999999999999912e-04,-4.099999999999999912e-04,-4.099999999999999912e-04,-4.099999999999999912e-04,-3.600000000000000227e-04,-3.800000000000000209e-04,-3.800000000000000209e-04,-3.800000000000000209e-04,-3.800000000000000209e-04,-3.800000000000000209e-04,-3.800000000000000209e-04,-3.899999999999999929e-04,-3.899999999999999929e-04,-3.899999999999999929e-04,-3.899999999999999929e-04,-3.899999999999999929e-04,-3.899999999999999929e-04,-3.899999999999999929e-04,-3.899999999999999929e-04,-3.899999999999999929e-04,-4.000000000000000192e-04,-4.000000000000000192e-04,-4.000000000000000192e-04,-4.000000000000000192e-04,-4.000000000000000192e-04,-4.000000000000000192e-04,-4.000000000000000192e-04,-4.099999999999999912e-04,-4.099999999999999912e-04,-4.099999999999999912e-04,-4.099999999999999912e-04,-4.099999999999999912e-04,-8.199999999999999824e-04,-3.800000000000000209e-04,-3.800000000000000209e-04,-3.800000000000000209e-04,-3.899999999999999929e-04,-3.899999999999999929e-04,-3.899999999999999929e-04,-4.000000000000000192e-04,-4.099999999999999912e-04,-4.099999999999999912e-04,-4.099999999999999912e-04,-4.099999999999999912e-04,-4.099999999999999912e-04,-4.099999999999999912e-04,-4.099999999999999912e-04,-4.099999999999999912e-04,-4.099999999999999912e-04,-4.099999999999999912e-04,-4.099999999999999912e-04,-4.099999999999999912e-04,-4.099999999999999912e-04,-4.099999999999999912e-04,-4.099999999999999912e-04,-4.099999999999999912e-04,-4.099999999999999912e-04,-4.099999999999999912e-04,-4.099999999999999912e-04,-4.099999999999999912e-04
clo*c/cref,-4.526115789473685036e-02,-8.259306751727806418e-04,-8.330291866028709550e-04,-9.719784688995215024e-04,-1.012801435406698565e-03,-1.040126315789473505e-03,-1.043429186602870757e-03,-1.058168899521531002e-03,-1.049460765550239410e-03,-1.052189473684210378e-03,-1.043385645933014296e-03,-1.034581818181818432e-03,-1.025782881446039244e-03,-1.016979053694843163e-03,-1.008175225943647082e-03,-9.993762892078681109e-04,-9.905724614566720296e-04,-9.817735247208930587e-04,-9.623939393939394535e-04,-9.536906432748538335e-04,-9.346028708133970664e-04,-9.259904306220094212e-04,-9.071896331738436283e-04,-8.986776182881444936e-04,-8.801637426900586455e-04,-8.618411483253588488e-04,-8.535204146730463078e-04,-8.354893141945773883e-04,-8.176448697501327752e-04,-7.999917065390749725e-04,-7.919623604465710325e-04,-7.745960659223817112e-04,-7.574254120148856892e-04,-7.404416267942583087e-04,-7.236533758639021683e-04,-7.070562998405103454e-04,-6.906503987240828401e-04,-6.744356725146198692e-04,-6.584121212121212159e-04,-6.425797448165869886e-04,-6.300503987240828850e-04,-6.292045720361509392e-04,-6.283548112706007415e-04,-6.275050505050505439e-04,-6.181869750132907605e-04,-6.173486975013290322e-04,-6.137860180754916867e-04,-5.991808612440191820e-04,-5.847440723019671450e-04,-5.704832535885167146e-04,-5.563945773524720233e-04,-5.424744284954812141e-04,-5.287300903774589224e-04,-5.151578947368421531e-04,-4.940384901648060172e-04,-4.808933014354067241e-04,-4.679236576289208006e-04,-4.476650717703348778e-04,-4.277507708665603250e-04,-4.081807549175969795e-04,-3.889550239234449498e-04,-3.629567783094099216e-04,-3.374749601275917315e-04,-3.125119617224880676e-04,-4.170305263157895320e-02,-8.016385964912281807e-04,-8.209562998405105661e-04,-9.959779372674109222e-04,-1.024716746411483354e-03,-1.122863636363636251e-03,-1.137220574162679408e-03,-1.069797129186602757e-03,-1.049460765550239410e-03,-1.040752631578947167e-03,-1.032044497607655575e-03,-1.023336363636363766e-03,-1.014633067517278038e-03,-1.005924933545986012e-03,-9.972167995746944198e-04,-9.885135034556086914e-04,-9.798053694843168824e-04,-9.604306220095692494e-04,-9.518181818181818210e-04,-9.327304093567250539e-04,-9.242183944710259192e-04,-9.054128654970758881e-04,-8.969964912280702128e-04,-8.784826156299840394e-04,-8.701618819776716068e-04,-8.519349282296650528e-04,-8.437098351940457543e-04,-8.257743221690590479e-04,-8.080255183413077857e-04,-7.904679957469431173e-04,-7.825342371079212819e-04,-7.652635832004252032e-04,-7.481885167464113941e-04,-7.313003721424774731e-04,-7.146077086656033289e-04,-6.981062200956937190e-04,-6.817959064327484267e-04,-6.656767676767676688e-04,-6.497488038277512284e-04,-6.340120148856991057e-04,-6.300503987240828850e-04,-6.292045720361509392e-04,-6.198635300372142172e-04,-6.190252525252525973e-04,-6.181869750132907605e-04,-6.173486975013290322e-04,-6.053779904306219985e-04,-5.991808612440191820e-04,-5.847440723019671450e-04,-5.704832535885167146e-04,-5.563945773524720233e-04,-5.424744284954812141e-04,-5.287300903774589224e-04,-5.151578947368421531e-04,-4.940384901648060172e-04,-4.808933014354067241e-04,-4.603765018607124094e-04,-4.476650717703348778e-04,-4.277507708665603250e-04,-4.081807549175969795e-04,-3.889550239234449498e-04,-3.629567783094099216e-04,-3.445056884635831762e-04,-3.125119617224880676e-04,-1.222646996278575402e-04,-3.481657097288675794e-04,-3.434757575757575385e-04,-3.383856459330143989e-04,-3.332976076555023903e-04,-3.282095693779904359e-04,-3.314066985645933421e-04,-3.261860712387028272e-04,-3.209675704412546355e-04,-3.157490696438064980e-04,-3.105305688463583062e-04,-3.053099415204678997e-04,-3.000914407230197080e-04,-2.948729399255715705e-04,-2.896544391281233788e-04,-2.844359383306751870e-04,-2.792153110047846721e-04,-2.739968102073365346e-04,-2.687783094098883429e-04,-2.635598086124402053e-04,-2.583391812865496904e-04,-2.531206804891015529e-04,-2.479021796916533612e-04,-2.487507708665603109e-04,-2.433996278575226103e-04,-2.380506645401382355e-04,-2.327017012227538878e-04,-2.273527379053695129e-04,-3.670775119617224690e-04,-3.813030303030303671e-04,-3.743050505050505693e-04,-3.673090909090909271e-04,-3.603131313131312848e-04,-3.533171717171716968e-04,-3.463212121212121629e-04,-3.482527910685805539e-04,-3.410727272727272739e-04,-3.338926634768739940e-04,-3.267125996810207682e-04,-3.195325358851674883e-04,-3.123503987240829147e-04,-3.051703349282296348e-04,-2.979902711323763548e-04,-2.908102073365231291e-04,-2.909027113237639436e-04,-2.835364167995747028e-04,-2.761722488038277851e-04,-2.688080808080808674e-04,-2.614439128123338956e-04,-2.540797448165869237e-04,-2.467134502923976286e-04,-2.453330143540669570e-04,-2.377847421584263746e-04,-2.302364699627857650e-04,-2.226881977671451283e-04,-2.151377458798511388e-04,-4.495832004253056871e-05,-3.392383838383838273e-04,-3.346686868686868615e-04,-3.297090909090909347e-04,-3.332976076555023903e-04,-3.282095693779904359e-04,-3.231215311004784815e-04,-3.261860712387028272e-04,-3.289917597022859919e-04,-3.236427963849016170e-04,-3.182938330675172422e-04,-3.129426900584795688e-04,-3.075937267410951939e-04,-3.022447634237108191e-04,-2.968958001063264442e-04,-2.915468367889420694e-04,-2.861956937799042876e-04,-2.808467304625199127e-04,-2.754977671451355379e-04,-2.701488038277511630e-04,-2.647976608187134354e-04,-2.594486975013290606e-04,-2.540997341839446857e-04,-2.487507708665603109e-04,-2.433996278575226103e-04,-2.380506645401382355e-04,-2.327017012227538878e-04,-2.273527379053695129e-04
cmx,3.025616050000000087e+03,6.407000000000000195e-02,-3.751999999999999780e-02,-1.878700000000000092e-01,-2.835099999999999842e-01,-3.421500000000000097e-01,-4.105300000000000060e-01,-4.647000000000000020e-01,-5.328000000000000513e-01,-5.853800000000000114e-01,-6.505999999999999561e-01,-7.045700000000000296e-01,-7.729500000000000259e-01,-8.304000000000000270e-01,-8.909500000000000197e-01,-9.538499999999999757e-01,-1.026869999999999949e+00,-1.092740000000000045e+00,-1.155140000000000056e+00,-1.221410000000000107e+00,-1.297690000000000010e+00,-1.366049999999999986e+00,-1.431850000000000067e+00,-1.501120000000000010e+00,-1.572419999999999929e+00,-1.643340000000000023e+00,-1.708879999999999955e+00,-1.779979999999999896e+00,-1.838670000000000027e+00,-1.910679999999999934e+00,-1.979570000000000052e+00,-2.051899999999999835e+00,-2.120530000000000026e+00,-2.193369999999999820e+00,-2.267640000000000100e+00,-2.339939999999999909e+00,-2.421879999999999811e+00,-2.494409999999999794e+00,-2.566370000000000040e+00,-2.640019999999999811e+00,-2.691380000000000106e+00,-2.686859999999999804e+00,-2.687899999999999956e+00,-2.692330000000000112e+00,-2.694249999999999812e+00,-2.694240000000000190e+00,-2.738680000000000003e+00,-2.798690000000000122e+00,-2.859780000000000211e+00,-2.913499999999999979e+00,-2.962479999999999780e+00,-3.006850000000000023e+00,-3.035960000000000214e+00,-3.062669999999999781e+00,-3.078759999999999941e+00,-3.083790000000000031e+00,-3.072979999999999823e+00,-3.038569999999999993e+00,-2.975249999999999950e+00,-2.875440000000000218e+00,-2.720019999999999882e+00,-2.488760000000000083e+00,-2.142349999999999977e+00,-1.955209999999999892e+00,-2.547757030000000213e+03,-1.005100000000000021e-01,1.409000000000000009e-02,1.945199999999999985e-01,2.888700000000000156e-01,3.779600000000000182e-01,4.550299999999999900e-01,4.732799999999999785e-01,5.306400000000000006e-01,5.801800000000000290e-01,6.440399999999999459e-01,6.964599999999999680e-01,7.624300000000000521e-01,8.182599999999999874e-01,8.769400000000000528e-01,9.380699999999999594e-01,1.008920000000000039e+00,1.072850000000000081e+00,1.132830000000000004e+00,1.197279999999999900e+00,1.272019999999999929e+00,1.339779999999999971e+00,1.405950000000000033e+00,1.476080000000000059e+00,1.548510000000000053e+00,1.619210000000000038e+00,1.683810000000000029e+00,1.754920000000000035e+00,1.813609999999999944e+00,1.884889999999999954e+00,1.953899999999999970e+00,2.026229999999999976e+00,2.099740000000000162e+00,2.173099999999999810e+00,2.248920000000000030e+00,2.321720000000000006e+00,2.399329999999999963e+00,2.473050000000000193e+00,2.543919999999999959e+00,2.618689999999999962e+00,2.666980000000000128e+00,2.662889999999999979e+00,2.664109999999999978e+00,2.668499999999999872e+00,2.670150000000000023e+00,2.670100000000000140e+00,2.713839999999999808e+00,2.773989999999999956e+00,2.837810000000000166e+00,2.890989999999999949e+00,2.938210000000000210e+00,2.980589999999999851e+00,3.015779999999999905e+00,3.043309999999999960e+00,3.063390000000000057e+00,3.069459999999999855e+00,3.060389999999999944e+00,3.027550000000000185e+00,2.963340000000000085e+00,2.864419999999999966e+00,2.713550000000000129e+00,2.485700000000000021e+00,2.210879999999999956e+00,1.922260000000000080e+00,4.960330000000000155e+02,1.085660999999999987e+01,-6.052970000000000184e+00,3.323000000000000259e-02,2.871999999999999900e-02,4.469000000000000056e-02,7.578000000000000014e-02,7.392999999999999572e-02,8.111999999999999766e-02,9.142999999999999738e-02,1.011900000000000022e-01,1.123500000000000054e-01,1.229900000000000021e-01,1.335699999999999943e-01,1.428200000000000025e-01,1.519000000000000072e-01,1.623300000000000021e-01,1.723200000000000010e-01,1.766000000000000070e-01,1.828799999999999870e-01,1.916799999999999893e-01,1.877199999999999980e-01,1.754199999999999926e-01,1.800200000000000133e-01,1.701999999999999902e-01,1.361900000000000055e-01,1.199999999999999956e-01,8.179000000000000159e-02,-3.380999999999999978e-02,-3.364999999999999936e-02,-2.852000000000000021e-02,-3.370999999999999691e-02,-3.962000000000000244e-02,-4.546999999999999653e-02,-5.228000000000000008e-02,-5.863000000000000156e-02,-6.660000000000000642e-02,-7.424999999999999656e-02,-8.304000000000000270e-02,-9.105000000000000593e-02,-1.000999999999999945e-01,-1.080900000000000055e-01,-1.151599999999999985e-01,-1.228000000000000064e-01,-1.300999999999999934e-01,-1.367700000000000027e-01,-1.424100000000000088e-01,-1.454699999999999882e-01,-1.494399999999999895e-01,-1.517600000000000060e-01,-1.543899999999999995e-01,-1.560100000000000098e-01,-1.540499999999999925e-01,-1.469300000000000050e-01,-1.283400000000000096e-01,-7.066999999999999671e-02,-5.051501200000000154e+02,-9.966219999999999857e+00,5.999329999999999607e+00,-1.648000000000000159e-02,-2.085000000000000048e-02,-4.288999999999999757e-02,-8.401999999999999746e-02,-1.413000000000000089e-01,-1.466200000000000003e-01,-1.468899999999999928e-01,-1.722899999999999987e-01,-1.935999999999999943e-01,-2.032799999999999885e-01,-2.119399999999999895e-01,-2.181899999999999951e-01,-2.216899999999999982e-01,-2.275200000000000000e-01,-2.361999999999999933e-01,-2.365400000000000003e-01,-2.313800000000000023e-01,-2.402900000000000036e-01,-2.405799999999999883e-01,-2.341900000000000093e-01,-2.270500000000000018e-01,-2.057599999999999985e-01,-1.794099999999999862e-01,-1.489399999999999891e-01,-1.015999999999999959e-01
cmx*c/cref,3.184859000000000506e+01,7.781967405635301094e-02,-4.529747113237640038e-02,-2.254390061137692691e-01,-3.378109822966507414e-01,-4.044082033492822359e-01,-4.813022291866028701e-01,-5.403638325358851580e-01,-6.144535119617225982e-01,-6.694898631578947157e-01,-7.378551100478468738e-01,-7.923209909090910275e-01,-8.618248676236044403e-01,-9.179341371610844069e-01,-9.763409973418395449e-01,-1.036146818979266193e+00,-1.105640373365231133e+00,-1.166112175438596354e+00,-1.221648060606060682e+00,-1.280051965497076116e+00,-1.347583110473152379e+00,-1.405499141945773411e+00,-1.459505029505582252e+00,-1.515756119510898392e+00,-1.572712582137161252e+00,-1.627928773205741697e+00,-1.676510306007442885e+00,-1.729249150558213710e+00,-1.768681285486443322e+00,-1.819676373631047062e+00,-1.866363011749069711e+00,-1.914932129718234677e+00,-1.958711352365762881e+00,-2.005015371557682169e+00,-2.051231676555024031e+00,-2.094264959808612492e+00,-2.144451779053694551e+00,-2.184829981658691800e+00,-2.223327783572567995e+00,-2.261897837214247975e+00,-2.291493300159489710e+00,-2.284573778947368350e+00,-2.282371482721956113e+00,-2.283041449494949582e+00,-2.281575695108984281e+00,-2.278473362679426018e+00,-2.302689715045188823e+00,-2.329057617437533256e+00,-2.355266764912280930e+00,-2.374432799043062037e+00,-2.388851894949494792e+00,-2.398734169590643450e+00,-2.395825977884104674e+00,-2.390543377990430596e+00,-2.376603034343434562e+00,-2.353926911164274216e+00,-2.319225873258904613e+00,-2.267102761881977457e+00,-2.194250829346092502e+00,-2.095891553429027443e+00,-1.959195266985645612e+00,-1.771200610951621401e+00,-1.506228085061137811e+00,-1.357836694843168601e+00,-2.681849505263158662e+01,-1.220798414141414379e-01,1.701069744816587070e-02,2.334188293460925101e-01,3.441975889952153533e-01,4.467342526315788986e-01,5.334736885167463694e-01,5.503408535885166986e-01,6.119624842105263474e-01,6.635427052631578393e-01,7.304153167464114693e-01,7.832009272727273874e-01,8.500952633705475270e-01,9.045144353003720106e-01,9.609882419989368429e-01,1.019005343062200808e+00,1.086313443274853796e+00,1.144886658692184866e+00,1.198053545454545565e+00,1.254763443274853563e+00,1.320926159702285885e+00,1.378470510154173212e+00,1.433104791866028682e+00,1.490471976182881519e+00,1.548798133173844072e+00,1.604025064114832588e+00,1.651915183253588548e+00,1.704903380542264868e+00,1.744575190855927493e+00,1.795114723498139053e+00,1.842161019138755851e+00,1.890975646570972835e+00,1.939507847102605043e+00,1.986486048378522051e+00,2.034298187559808735e+00,2.077957914513556492e+00,2.124484898936735533e+00,2.166120960925039807e+00,2.203878636044656947e+00,2.243622869271664211e+00,2.270718665390749624e+00,2.264192652472089229e+00,2.262170724667729615e+00,2.262834090909091156e+00,2.261167056618819782e+00,2.258058571504518941e+00,2.281804174375332117e+00,2.308502385114300726e+00,2.337172641998936928e+00,2.356087687559808685e+00,2.369281320467836682e+00,2.377785083572567792e+00,2.379900943221690657e+00,2.375432079744816516e+00,2.364738391228070391e+00,2.342988496863370518e+00,2.309724004146730625e+00,2.258880646730462516e+00,2.185467188516746262e+00,2.087859139287612908e+00,1.954535009569377868e+00,1.769022870281764970e+00,1.554409666347687402e+00,1.334953874534821949e+00,2.719611020202020413e+01,9.692049553588516275e+00,-5.330893477777777889e+00,2.883219234449761054e-02,2.454437767145135549e-02,3.760945039872408413e-02,6.278499904306220070e-02,6.028734061669323990e-02,6.509222328548644465e-02,7.217234359383306597e-02,7.855647065390748696e-02,8.575392982456141178e-02,9.227061573631048508e-02,9.846544646464647221e-02,1.034211174906964487e-01,1.080145475810739136e-01,1.133125535885167456e-01,1.180378258373205730e-01,1.186656236044657114e-01,1.204995444976076358e-01,1.237961356725146012e-01,1.187895353535353415e-01,1.087175009037745776e-01,1.092197896863370543e-01,1.010405284423179229e-01,7.907346342371079917e-02,6.810781499202551992e-02,4.535409861775651502e-02,-3.447469633173843445e-02,-3.376538676236045394e-02,-2.809257905369484665e-02,-3.258418277511961753e-02,-3.756738490164805711e-02,-4.227718894205209632e-02,-4.764650781499202292e-02,-5.235400292397661415e-02,-5.824472727272727440e-02,-6.356802631578947760e-02,-6.956465199362042717e-02,-7.459855741626796044e-02,-8.016993567251461117e-02,-8.457913205741626750e-02,-8.799117852206272961e-02,-9.156793195108985095e-02,-9.461610685805421639e-02,-9.694818931419457719e-02,-9.832422488038278230e-02,-9.775877878787879449e-02,-9.767544582668793995e-02,-9.639785518341308090e-02,-9.522522397660818094e-02,-9.335220382775119563e-02,-8.934326714513556034e-02,-8.250888910154174916e-02,-6.970683732057417203e-02,-3.708240122275385797e-02,-2.769597654205210091e+01,-8.897169383625730177e+00,5.283652350505049888e+00,-1.429896267942584037e-02,-1.781860287081339991e-02,-3.609463700159489669e-02,-6.961197703349282506e-02,-1.152252296650717739e-01,-1.176506629452418878e-01,-1.159509520999468246e-01,-1.337532792663476688e-01,-1.477700116959064502e-01,-1.525064701754386132e-01,-1.562384272195640744e-01,-1.579992551834130954e-01,-1.576415079213184522e-01,-1.588176688995215080e-01,-1.617951164274321896e-01,-1.589420532695374755e-01,-1.524561712918660050e-01,-1.551908046783625761e-01,-1.522394332801701167e-01,-1.451405286549707629e-01,-1.377533232323232271e-01,-1.221509937267411111e-01,-1.041674871345029257e-01,-8.453314970760233971e-02,-5.633911749069644287e-02
cmxi,2.582797340000000077e+03,6.400000000000000133e-02,-3.760000000000000148e-02,-1.879699999999999982e-01,-2.836299999999999932e-01,-3.422999999999999932e-01,-4.106899999999999995e-01,-4.648900000000000254e-01,-5.330099999999999838e-01,-5.856000000000000094e-01,-6.508500000000000396e-01,-7.048299999999999566e-01,-7.732400000000000384e-01,-8.306999999999999940e-01,-8.912700000000000067e-01,-9.541899999999999826e-01,-1.027230000000000087e+00,-1.093110000000000026e+00,-1.155520000000000103e+00,-1.221810000000000063e+00,-1.298100000000000032e+00,-1.366479999999999917e+00,-1.432290000000000063e+00,-1.501570000000000071e+00,-1.572889999999999899e+00,-1.643809999999999993e+00,-1.709359999999999991e+00,-1.780469999999999997e+00,-1.839169999999999972e+00,-1.911180000000000101e+00,-1.980080000000000062e+00,-2.052410000000000068e+00,-2.121039999999999814e+00,-2.193880000000000052e+00,-2.268149999999999888e+00,-2.340440000000000076e+00,-2.422379999999999978e+00,-2.494899999999999896e+00,-2.566850000000000076e+00,-2.640489999999999782e+00,-2.691850000000000076e+00,-2.687320000000000153e+00,-2.688359999999999861e+00,-2.692790000000000017e+00,-2.694710000000000161e+00,-2.694700000000000095e+00,-2.739129999999999843e+00,-2.799139999999999961e+00,-2.860230000000000050e+00,-2.913940000000000197e+00,-2.962919999999999998e+00,-3.007270000000000110e+00,-3.036369999999999791e+00,-3.063070000000000181e+00,-3.079149999999999832e+00,-3.084159999999999791e+00,-3.073339999999999961e+00,-3.038910000000000000e+00,-2.975560000000000205e+00,-2.875729999999999897e+00,-2.720279999999999809e+00,-2.488999999999999879e+00,-2.142549999999999955e+00,-1.955379999999999896e+00,-2.139750030000000152e+03,-1.004499999999999976e-01,1.417000000000000030e-02,1.946299999999999975e-01,2.889900000000000246e-01,3.781100000000000017e-01,4.552100000000000035e-01,4.734700000000000020e-01,5.308399999999999785e-01,5.804000000000000270e-01,6.442799999999999638e-01,6.967299999999999605e-01,7.627199999999999536e-01,8.185599999999999543e-01,8.772499999999999742e-01,9.384000000000000119e-01,1.009269999999999889e+00,1.073220000000000063e+00,1.133210000000000051e+00,1.197680000000000078e+00,1.272429999999999950e+00,1.340200000000000058e+00,1.406390000000000029e+00,1.476529999999999898e+00,1.548969999999999958e+00,1.619680000000000009e+00,1.684279999999999999e+00,1.755400000000000071e+00,1.814109999999999889e+00,1.885389999999999899e+00,1.954399999999999915e+00,2.026740000000000208e+00,2.100239999999999885e+00,2.173610000000000042e+00,2.249429999999999819e+00,2.322210000000000107e+00,2.399820000000000064e+00,2.473539999999999850e+00,2.544399999999999995e+00,2.619149999999999867e+00,2.667440000000000033e+00,2.663349999999999884e+00,2.664569999999999883e+00,2.668960000000000221e+00,2.670609999999999928e+00,2.670560000000000045e+00,2.714290000000000092e+00,2.774439999999999795e+00,2.838249999999999940e+00,2.891430000000000167e+00,2.938639999999999919e+00,2.981009999999999938e+00,3.016189999999999927e+00,3.043709999999999916e+00,3.063769999999999882e+00,3.069830000000000059e+00,3.060740000000000016e+00,3.027890000000000192e+00,2.963649999999999896e+00,2.864710000000000090e+00,2.713810000000000056e+00,2.485930000000000195e+00,2.211090000000000000e+00,1.922430000000000083e+00,4.961191000000000031e+02,1.085668000000000077e+01,-6.052970000000000184e+00,3.323000000000000259e-02,2.871999999999999900e-02,4.469000000000000056e-02,7.578000000000000014e-02,7.392999999999999572e-02,8.111999999999999766e-02,9.142999999999999738e-02,1.011900000000000022e-01,1.123500000000000054e-01,1.229900000000000021e-01,1.335699999999999943e-01,1.428200000000000025e-01,1.519000000000000072e-01,1.623300000000000021e-01,1.723200000000000010e-01,1.766000000000000070e-01,1.828799999999999870e-01,1.916799999999999893e-01,1.877199999999999980e-01,1.754199999999999926e-01,1.800200000000000133e-01,1.701999999999999902e-01,1.361900000000000055e-01,1.199999999999999956e-01,8.179000000000000159e-02,-3.380999999999999978e-02,-3.364999999999999936e-02,-2.852000000000000021e-02,-3.370999999999999691e-02,-3.962000000000000244e-02,-4.546999999999999653e-02,-5.228000000000000008e-02,-5.863000000000000156e-02,-6.660000000000000642e-02,-7.424999999999999656e-02,-8.304000000000000270e-02,-9.105000000000000593e-02,-1.000999999999999945e-01,-1.080900000000000055e-01,-1.151599999999999985e-01,-1.228000000000000064e-01,-1.300999999999999934e-01,-1.367700000000000027e-01,-1.424100000000000088e-01,-1.454699999999999882e-01,-1.494399999999999895e-01,-1.517600000000000060e-01,-1.543899999999999995e-01,-1.560100000000000098e-01,-1.540499999999999925e-01,-1.469300000000000050e-01,-1.283400000000000096e-01,-7.066999999999999671e-02,-5.051816499999999905e+02,-9.966290000000000759e+00,5.999329999999999607e+00,-1.648000000000000159e-02,-2.085000000000000048e-02,-4.288999999999999757e-02,-8.401999999999999746e-02,-1.413000000000000089e-01,-1.466200000000000003e-01,-1.468899999999999928e-01,-1.722899999999999987e-01,-1.935999999999999943e-01,-2.032799999999999885e-01,-2.119399999999999895e-01,-2.181899999999999951e-01,-2.216899999999999982e-01,-2.275200000000000000e-01,-2.361999999999999933e-01,-2.365400000000000003e-01,-2.313800000000000023e-01,-2.402900000000000036e-01,-2.405799999999999883e-01,-2.341900000000000093e-01,-2.270500000000000018e-01,-2.057599999999999985e-01,-1.794099999999999862e-01,-1.489399999999999891e-01,-1.015999999999999959e-01
cmxi*c/cref,2.718734042105263526e+01,7.773465178096758410e-02,-4.539405422647528610e-02,-2.255590034556087253e-01,-3.379539660287081415e-01,-4.045854976076554421e-01,-4.814898119617224692e-01,-5.405847688995215616e-01,-6.146956952153110887e-01,-6.697414736842104421e-01,-7.381386387559809581e-01,-7.926133727272728358e-01,-8.621482122275385684e-01,-9.182657607655501097e-01,-9.766916669856460231e-01,-1.036516153694843068e+00,-1.106027988676236085e+00,-1.166507019138755874e+00,-1.222049939393939466e+00,-1.280471170175438544e+00,-1.348008874003189694e+00,-1.405941559595959234e+00,-1.459953527751196356e+00,-1.516210507070707036e+00,-1.573182669590643457e+00,-1.628394365550239087e+00,-1.676981213822434924e+00,-1.729725185167464208e+00,-1.769162253056884460e+00,-1.820152559170653994e+00,-1.866843846039340837e+00,-1.915408086337054616e+00,-1.959182434024454800e+00,-2.005481575544922901e+00,-2.051693005582137186e+00,-2.094712463795853186e+00,-2.144894503668261176e+00,-2.185259167995746932e+00,-2.223743622807017761e+00,-2.262300520520999392e+00,-2.291893467304625176e+00,-2.284964906113769345e+00,-2.282762081658691766e+00,-2.283431520202020337e+00,-2.281965237586390138e+00,-2.278862376927166533e+00,-2.303068076289207511e+00,-2.329432105475810921e+00,-2.355637377352472139e+00,-2.374791388516746427e+00,-2.389206697288676295e+00,-2.399069227325890896e+00,-2.396149529133439593e+00,-2.390855594896331926e+00,-2.376904089048378577e+00,-2.354209340563529818e+00,-2.319497570866560388e+00,-2.267356438755980808e+00,-2.194479454758107462e+00,-2.096102932748538095e+00,-1.959382541626794039e+00,-1.771371414141414080e+00,-1.506368699627857577e+00,-1.357954754917596984e+00,-2.252368452631579387e+01,-1.220069651780967684e-01,1.710728054226475642e-02,2.335508264221158869e-01,3.443405727272728090e-01,4.469115468899521049e-01,5.336847191387560363e-01,5.505617899521531022e-01,6.121931349282296875e-01,6.637943157894736768e-01,7.306875043062200925e-01,7.835045545454546456e-01,8.504186079744815441e-01,9.048460589048377134e-01,9.613279532163743202e-01,1.019363814992025441e+00,1.086690291493886074e+00,1.145281502392344386e+00,1.198455424242424350e+00,1.255182647953216435e+00,1.321351923232322978e+00,1.378902639021796883e+00,1.433553290111642786e+00,1.490926363742689942e+00,1.549258218766613737e+00,1.604490656459330200e+00,1.652376280489101568e+00,1.705369700159489854e+00,1.745056158426368631e+00,1.795590909037745764e+00,1.842632425305688271e+00,1.891451603189792774e+00,1.939969691866028523e+00,1.986952252365763005e+00,2.034759516586921446e+00,2.078396468421052745e+00,2.124918769059011225e+00,2.166550147262094494e+00,2.204294475279106713e+00,2.244016984848484775e+00,2.271110318341307721e+00,2.264583779638489780e+00,2.262561323604465713e+00,2.263224161616161911e+00,2.261556599096225195e+00,2.258447585752259457e+00,2.282182535619351249e+00,2.308876873152578391e+00,2.337535018607124204e+00,2.356446277033493075e+00,2.369628059117490526e+00,2.378120141307815238e+00,2.380224494471026464e+00,2.375744296650717846e+00,2.365031726581605653e+00,2.343270926262626119e+00,2.309988154598618060e+00,2.259134323604465866e+00,2.185695813928761222e+00,2.088070518607124004e+00,1.954722284210526295e+00,1.769186556671983102e+00,1.554557311642743356e+00,1.335071934609250555e+00,2.720083082562466714e+01,9.692112044869750420e+00,-5.330893477777777889e+00,2.883219234449761054e-02,2.454437767145135549e-02,3.760945039872408413e-02,6.278499904306220070e-02,6.028734061669323990e-02,6.509222328548644465e-02,7.217234359383306597e-02,7.855647065390748696e-02,8.575392982456141178e-02,9.227061573631048508e-02,9.846544646464647221e-02,1.034211174906964487e-01,1.080145475810739136e-01,1.133125535885167456e-01,1.180378258373205730e-01,1.186656236044657114e-01,1.204995444976076358e-01,1.237961356725146012e-01,1.187895353535353415e-01,1.087175009037745776e-01,1.092197896863370543e-01,1.010405284423179229e-01,7.907346342371079917e-02,6.810781499202551992e-02,4.535409861775651502e-02,-3.447469633173843445e-02,-3.376538676236045394e-02,-2.809257905369484665e-02,-3.258418277511961753e-02,-3.756738490164805711e-02,-4.227718894205209632e-02,-4.764650781499202292e-02,-5.235400292397661415e-02,-5.824472727272727440e-02,-6.356802631578947760e-02,-6.956465199362042717e-02,-7.459855741626796044e-02,-8.016993567251461117e-02,-8.457913205741626750e-02,-8.799117852206272961e-02,-9.156793195108985095e-02,-9.461610685805421639e-02,-9.694818931419457719e-02,-9.832422488038278230e-02,-9.775877878787879449e-02,-9.767544582668793995e-02,-9.639785518341308090e-02,-9.522522397660818094e-02,-9.335220382775119563e-02,-8.934326714513556034e-02,-8.250888910154174916e-02,-6.970683732057417203e-02,-3.708240122275385797e-02,-2.769770524428495406e+01,-8.897231874906964322e+00,5.283652350505049888e+00,-1.429896267942584037e-02,-1.781860287081339991e-02,-3.609463700159489669e-02,-6.961197703349282506e-02,-1.152252296650717739e-01,-1.176506629452418878e-01,-1.159509520999468246e-01,-1.337532792663476688e-01,-1.477700116959064502e-01,-1.525064701754386132e-01,-1.562384272195640744e-01,-1.579992551834130954e-01,-1.576415079213184522e-01,-1.588176688995215080e-01,-1.617951164274321896e-01,-1.589420532695374755e-01,-1.524561712918660050e-01,-1.551908046783625761e-01,-1.522394332801701167e-01,-1.451405286549707629e-01,-1.377533232323232271e-01,-1.221509937267411111e-01,-1.041674871345029257e-01,-8.453314970760233971e-02,-5.633911749069644287e-02
cmxo,4.428187100000000100e+02,6.000000000000000152e-05,6.999999999999999387e-05,1.000000000000000048e-04,1.200000000000000030e-04,1.399999999999999877e-04,1.600000000000000131e-04,1.900000000000000105e-04,2.100000000000000087e-04,2.300000000000000070e-04,2.500000000000000052e-04,2.700000000000000035e-04,2.799999999999999755e-04,2.999999999999999737e-04,3.200000000000000262e-04,3.400000000000000244e-04,3.600000000000000227e-04,3.699999999999999947e-04,3.899999999999999929e-04,4.000000000000000192e-04,4.200000000000000174e-04,4.299999999999999894e-04,4.400000000000000157e-04,4.499999999999999877e-04,4.600000000000000139e-04,4.699999999999999859e-04,4.800000000000000122e-04,4.899999999999999842e-04,5.000000000000000104e-04,5.000000000000000104e-04,5.000000000000000104e-04,5.100000000000000366e-04,5.100000000000000366e-04,5.100000000000000366e-04,5.100000000000000366e-04,5.000000000000000104e-04,5.000000000000000104e-04,4.899999999999999842e-04,4.800000000000000122e-04,4.699999999999999859e-04,4.600000000000000139e-04,4.600000000000000139e-04,4.600000000000000139e-04,4.600000000000000139e-04,4.600000000000000139e-04,4.600000000000000139e-04,4.600000000000000139e-04,4.499999999999999877e-04,4.499999999999999877e-04,4.400000000000000157e-04,4.299999999999999894e-04,4.200000000000000174e-04,4.099999999999999912e-04,4.000000000000000192e-04,3.899999999999999929e-04,3.699999999999999947e-04,3.499999999999999964e-04,3.299999999999999982e-04,3.099999999999999999e-04,2.900000000000000017e-04,2.599999999999999772e-04,2.300000000000000070e-04,2.100000000000000087e-04,1.700000000000000122e-04,-4.080070000000000050e+02,-6.000000000000000152e-05,-6.999999999999999387e-05,-1.000000000000000048e-04,-1.200000000000000030e-04,-1.600000000000000131e-04,-1.800000000000000113e-04,-1.900000000000000105e-04,-2.100000000000000087e-04,-2.300000000000000070e-04,-2.400000000000000061e-04,-2.599999999999999772e-04,-2.799999999999999755e-04,-2.999999999999999737e-04,-3.200000000000000262e-04,-3.299999999999999982e-04,-3.499999999999999964e-04,-3.699999999999999947e-04,-3.800000000000000209e-04,-4.000000000000000192e-04,-4.099999999999999912e-04,-4.200000000000000174e-04,-4.400000000000000157e-04,-4.499999999999999877e-04,-4.600000000000000139e-04,-4.699999999999999859e-04,-4.800000000000000122e-04,-4.800000000000000122e-04,-4.899999999999999842e-04,-5.000000000000000104e-04,-5.000000000000000104e-04,-5.000000000000000104e-04,-5.000000000000000104e-04,-5.000000000000000104e-04,-5.000000000000000104e-04,-5.000000000000000104e-04,-4.899999999999999842e-04,-4.899999999999999842e-04,-4.800000000000000122e-04,-4.699999999999999859e-04,-4.600000000000000139e-04,-4.600000000000000139e-04,-4.600000000000000139e-04,-4.600000000000000139e-04,-4.600000000000000139e-04,-4.499999999999999877e-04,-4.499999999999999877e-04,-4.499999999999999877e-04,-4.400000000000000157e-04,-4.400000000000000157e-04,-4.299999999999999894e-04,-4.200000000000000174e-04,-4.099999999999999912e-04,-4.000000000000000192e-04,-3.800000000000000209e-04,-3.699999999999999947e-04,-3.499999999999999964e-04,-3.299999999999999982e-04,-3.099999999999999999e-04,-2.900000000000000017e-04,-2.599999999999999772e-04,-2.400000000000000061e-04,-2.100000000000000087e-04,-1.800000000000000113e-04,-8.608999999999999986e-02,-6.999999999999999387e-05,-0.000000000000000000e+00,-0.000000000000000000e+00,-0.000000000000000000e+00,-0.000000000000000000e+00,-0.000000000000000000e+00,-0.000000000000000000e+00,-0.000000000000000000e+00,-0.000000000000000000e+00,-0.000000000000000000e+00,-0.000000000000000000e+00,-0.000000000000000000e+00,-0.000000000000000000e+00,-0.000000000000000000e+00,-0.000000000000000000e+00,-0.000000000000000000e+00,-0.000000000000000000e+00,-0.000000000000000000e+00,-0.000000000000000000e+00,-0.000000000000000000e+00,-0.000000000000000000e+00,-0.000000000000000000e+00,-0.000000000000000000e+00,-0.000000000000000000e+00,-0.000000000000000000e+00,-0.000000000000000000e+00,-0.000000000000000000e+00,-0.000000000000000000e+00,0.000000000000000000e+00,0.000000000000000000e+00,0.000000000000000000e+00,0.000000000000000000e+00,0.000000000000000000e+00,0.000000000000000000e+00,0.000000000000000000e+00,0.000000000000000000e+00,0.000000000000000000e+00,0.000000000000000000e+00,0.000000000000000000e+00,0.000000000000000000e+00,0.000000000000000000e+00,0.000000000000000000e+00,0.000000000000000000e+00,0.000000000000000000e+00,0.000000000000000000e+00,0.000000000000000000e+00,0.000000000000000000e+00,0.000000000000000000e+00,0.000000000000000000e+00,0.000000000000000000e+00,0.000000000000000000e+00,0.000000000000000000e+00,0.000000000000000000e+00,0.000000000000000000e+00,0.000000000000000000e+00,3.153000000000000247e-02,6.999999999999999387e-05,0.000000000000000000e+00,0.000000000000000000e+00,0.000000000000000000e+00,0.000000000000000000e+00,0.000000000000000000e+00,0.000000000000000000e+00,0.000000000000000000e+00,0.000000000000000000e+00,0.000000000000000000e+00,0.000000000000000000e+00,0.000000000000000000e+00,0.000000000000000000e+00,0.000000000000000000e+00,0.000000000000000000e+00,0.000000000000000000e+00,0.000000000000000000e+00,0.000000000000000000e+00,0.000000000000000000e+00,0.000000000000000000e+00,0.000000000000000000e+00,0.000000000000000000e+00,0.000000000000000000e+00,0.000000000000000000e+00,0.000000000000000000e+00,0.000000000000000000e+00,0.000000000000000000e+00
cmxo*c/cref,4.661249578947368910e+00,7.287623604465711226e-05,8.451020733652312897e-05,1.199973418394471126e-04,1.429837320574162964e-04,1.654746411483253303e-04,1.875827751196172482e-04,2.209363636363636423e-04,2.421832535885167848e-04,2.630473684210525944e-04,2.835287081339712880e-04,3.036272727272727842e-04,3.121947900053162776e-04,3.316236044657096564e-04,3.506696438064859462e-04,3.693347155768208589e-04,3.876153110047847049e-04,3.948437001594896044e-04,4.124545454545454413e-04,4.192046783625730981e-04,4.361480063795853085e-04,4.424176501860711775e-04,4.484982456140351064e-04,4.543875598086124417e-04,4.600855927698034001e-04,4.655923444976076023e-04,4.709078149920255360e-04,4.760346092503987370e-04,4.809675704412546215e-04,4.761855396065922197e-04,4.714061669324827084e-04,4.759566188197767063e-04,4.710816586921850362e-04,4.662039872408293918e-04,4.613290271132376675e-04,4.475039872408293710e-04,4.427246145667198055e-04,4.291863370547580937e-04,4.158392344497608079e-04,4.026833067517278397e-04,3.916529505582137219e-04,3.911271664008506292e-04,3.905989367357788188e-04,3.900707070707071168e-04,3.895424774056353064e-04,3.890142477405635502e-04,3.867692716640085322e-04,3.744880382775119345e-04,3.706124401913875538e-04,3.585894736842105404e-04,3.467386496544391035e-04,3.350577352472089692e-04,3.235512493354598777e-04,3.122169059011164712e-04,3.010547049441786413e-04,2.824293992557150258e-04,2.641504518872940196e-04,2.462157894736841665e-04,2.286254120148856835e-04,2.113793195108984620e-04,1.872746411483253181e-04,1.636863902179691750e-04,1.476452950558213690e-04,1.180600744284955031e-04,-4.294810526315790078e+00,-7.287623604465711226e-05,-8.451020733652312897e-05,-1.199973418394471126e-04,-1.429837320574162964e-04,-1.891138755980861189e-04,-2.110306220095693839e-04,-2.209363636363636423e-04,-2.421832535885167848e-04,-2.630473684210525944e-04,-2.721875598086124582e-04,-2.923818181818182266e-04,-3.121947900053162776e-04,-3.316236044657096564e-04,-3.506696438064859462e-04,-3.584719298245613852e-04,-3.768482190324295034e-04,-3.948437001594896044e-04,-4.018787878787879173e-04,-4.192046783625730981e-04,-4.257635300372142155e-04,-4.321288676236044110e-04,-4.484982456140351064e-04,-4.543875598086124417e-04,-4.600855927698034001e-04,-4.655923444976076023e-04,-4.709078149920255360e-04,-4.663196172248804507e-04,-4.713482190324294694e-04,-4.761855396065922197e-04,-4.714061669324827084e-04,-4.666241360978203067e-04,-4.618447634237107953e-04,-4.570627325890483936e-04,-4.522833599149388281e-04,-4.475039872408293710e-04,-4.338701222753853920e-04,-4.291863370547580937e-04,-4.158392344497608079e-04,-4.026833067517278397e-04,-3.916529505582137219e-04,-3.911271664008506292e-04,-3.905989367357788188e-04,-3.900707070707071168e-04,-3.895424774056353064e-04,-3.805574162679425422e-04,-3.783612440191387355e-04,-3.744880382775119345e-04,-3.623766081871345260e-04,-3.585894736842105404e-04,-3.467386496544391035e-04,-3.350577352472089692e-04,-3.235512493354598777e-04,-3.122169059011164712e-04,-2.933353535353535897e-04,-2.824293992557150258e-04,-2.641504518872940196e-04,-2.462157894736841665e-04,-2.286254120148856835e-04,-2.113793195108984620e-04,-1.872746411483253181e-04,-1.708031897926634893e-04,-1.476452950558213690e-04,-1.250047846889952433e-04,-4.720075332270068889e-03,-6.249128123338649522e-05,-0.000000000000000000e+00,-0.000000000000000000e+00,-0.000000000000000000e+00,-0.000000000000000000e+00,-0.000000000000000000e+00,-0.000000000000000000e+00,-0.000000000000000000e+00,-0.000000000000000000e+00,-0.000000000000000000e+00,-0.000000000000000000e+00,-0.000000000000000000e+00,-0.000000000000000000e+00,-0.000000000000000000e+00,-0.000000000000000000e+00,-0.000000000000000000e+00,-0.000000000000000000e+00,-0.000000000000000000e+00,-0.000000000000000000e+00,-0.000000000000000000e+00,-0.000000000000000000e+00,-0.000000000000000000e+00,-0.000000000000000000e+00,-0.000000000000000000e+00,-0.000000000000000000e+00,-0.000000000000000000e+00,-0.000000000000000000e+00,-0.000000000000000000e+00,0.000000000000000000e+00,0.000000000000000000e+00,0.000000000000000000e+00,0.000000000000000000e+00,0.000000000000000000e+00,0.000000000000000000e+00,0.000000000000000000e+00,0.000000000000000000e+00,0.000000000000000000e+00,0.000000000000000000e+00,0.000000000000000000e+00,0.000000000000000000e+00,0.000000000000000000e+00,0.000000000000000000e+00,0.000000000000000000e+00,0.000000000000000000e+00,0.000000000000000000e+00,0.000000000000000000e+00,0.000000000000000000e+00,0.000000000000000000e+00,0.000000000000000000e+00,0.000000000000000000e+00,0.000000000000000000e+00,0.000000000000000000e+00,0.000000000000000000e+00,0.000000000000000000e+00,0.000000000000000000e+00,1.728702232854864660e-03,6.249128123338649522e-05,0.000000000000000000e+00,0.000000000000000000e+00,0.000000000000000000e+00,0.000000000000000000e+00,0.000000000000000000e+00,0.000000000000000000e+00,0.000000000000000000e+00,0.000000000000000000e+00,0.000000000000000000e+00,0.000000000000000000e+00,0.000000000000000000e+00,0.000000000000000000e+00,0.000000000000000000e+00,0.000000000000000000e+00,0.000000000000000000e+00,0.000000000000000000e+00,0.000000000000000000e+00,0.000000000000000000e+00,0.000000000000000000e+00,0.000000000000000000e+00,0.000000000000000000e+00,0.000000000000000000e+00,0.000000000000000000e+00,0.000000000000000000e+00,0.000000000000000000e+00,0.000000000000000000e+00
cmy,-8.312017200000000230e+02,3.824699999999999767e-01,2.725699999999999790e-01,9.543999999999999706e-02,4.159999999999999636e-03,-1.141999999999999960e-02,-2.135000000000000092e-02,-2.593000000000000166e-02,-2.956999999999999906e-02,-3.005999999999999991e-02,-3.116000000000000020e-02,-3.090000000000000038e-02,-3.132999999999999674e-02,-3.087000000000000161e-02,-3.063000000000000098e-02,-3.036000000000000157e-02,-2.995000000000000093e-02,-3.002000000000000154e-02,-3.036000000000000157e-02,-2.997999999999999970e-02,-3.000999999999999848e-02,-3.008999999999999869e-02,-2.983999999999999847e-02,-2.944000000000000089e-02,-2.991999999999999868e-02,-2.951000000000000151e-02,-2.901000000000000106e-02,-2.869000000000000022e-02,-2.894000000000000045e-02,-2.870999999999999941e-02,-2.781000000000000139e-02,-2.765000000000000097e-02,-2.651999999999999844e-02,-2.653000000000000150e-02,-2.604000000000000065e-02,-2.579000000000000042e-02,-2.590999999999999900e-02,-2.547999999999999918e-02,-2.470999999999999933e-02,-2.382000000000000089e-02,-2.353999999999999843e-02,-2.369999999999999885e-02,-2.442000000000000073e-02,-2.459000000000000075e-02,-2.206999999999999934e-02,-2.176000000000000156e-02,-2.377999999999999906e-02,-2.355000000000000149e-02,-2.421999999999999847e-02,-2.367000000000000007e-02,-2.353999999999999843e-02,-2.318999999999999881e-02,-2.350999999999999965e-02,-2.312000000000000166e-02,-2.308999999999999941e-02,-2.288000000000000103e-02,-2.236000000000000140e-02,-2.225999999999999854e-02,-2.210000000000000159e-02,-2.162999999999999992e-02,-2.123999999999999846e-02,-2.027999999999999942e-02,-1.820000000000000090e-02,-5.288999999999999951e-02,-4.496511800000000108e+02,4.585699999999999776e-01,3.353400000000000269e-01,1.015400000000000053e-01,-6.559999999999999859e-03,-5.077000000000000263e-02,-5.902000000000000302e-02,-3.758000000000000229e-02,-3.371999999999999997e-02,-3.336000000000000076e-02,-3.400000000000000244e-02,-3.363000000000000017e-02,-3.402999999999999775e-02,-3.384999999999999815e-02,-3.364999999999999936e-02,-3.375999999999999834e-02,-3.382000000000000284e-02,-3.355999999999999955e-02,-3.368999999999999773e-02,-3.318999999999999728e-02,-3.266999999999999765e-02,-3.241000000000000131e-02,-3.212000000000000272e-02,-3.167999999999999983e-02,-3.175999999999999657e-02,-3.153000000000000247e-02,-3.118999999999999898e-02,-3.071000000000000119e-02,-3.047000000000000056e-02,-3.034999999999999851e-02,-2.908000000000000168e-02,-2.878000000000000003e-02,-2.718999999999999889e-02,-2.701999999999999888e-02,-2.647000000000000047e-02,-2.617999999999999841e-02,-2.614000000000000004e-02,-2.582999999999999879e-02,-2.503000000000000017e-02,-2.383000000000000049e-02,-2.197999999999999954e-02,-2.307000000000000023e-02,-2.419999999999999929e-02,-2.375000000000000028e-02,-2.161000000000000074e-02,-2.256000000000000019e-02,-2.505999999999999894e-02,-2.480999999999999872e-02,-2.496999999999999914e-02,-2.452000000000000013e-02,-2.424000000000000113e-02,-2.375999999999999987e-02,-2.358999999999999986e-02,-2.319999999999999840e-02,-2.321000000000000146e-02,-2.299000000000000002e-02,-2.250999999999999876e-02,-2.253000000000000141e-02,-2.266999999999999918e-02,-2.212000000000000077e-02,-2.214999999999999955e-02,-2.220000000000000098e-02,-2.544000000000000081e-02,-5.070999999999999813e-02,-7.083676622999999381e+04,-4.766676999999999964e+01,4.153899999999999815e-01,7.837499999999999467e-01,3.903400000000000203e-01,3.952800000000000202e-01,5.760100000000000220e-01,5.157199999999999562e-01,4.924799999999999733e-01,4.930499999999999883e-01,4.924399999999999888e-01,4.986599999999999921e-01,5.023199999999999887e-01,5.059700000000000308e-01,5.049799999999999844e-01,5.029299999999999882e-01,5.054699999999999749e-01,5.063999999999999613e-01,4.898899999999999921e-01,4.801000000000000267e-01,4.789499999999999869e-01,4.457200000000000051e-01,3.940799999999999859e-01,3.891499999999999959e-01,3.522299999999999875e-01,2.706200000000000272e-01,2.339199999999999890e-01,1.479300000000000059e-01,3.694000000000000061e-02,1.568999999999999909e-02,2.860000000000000129e-03,2.540000000000000157e-03,2.670000000000000064e-03,3.030000000000000141e-03,3.739999999999999835e-03,4.320000000000000055e-03,4.749999999999999882e-03,5.250000000000000326e-03,6.369999999999999794e-03,7.199999999999999803e-03,7.830000000000000154e-03,8.519999999999999796e-03,9.499999999999999764e-03,1.000000000000000021e-02,1.069999999999999944e-02,1.187000000000000034e-02,1.345000000000000015e-02,1.473000000000000004e-02,1.703000000000000000e-02,1.910999999999999852e-02,2.111999999999999988e-02,2.301999999999999880e-02,2.412999999999999867e-02,2.647000000000000047e-02,2.921999999999999945e-02,5.109999999999999959e-03,-7.306651304999999411e+04,-5.091049999999999898e+01,7.005799999999999805e-01,4.910700000000000065e-01,2.211400000000000032e-01,5.260399999999999521e-01,7.450200000000000156e-01,8.745000000000000551e-01,8.804300000000000459e-01,7.923499999999999988e-01,8.210600000000000120e-01,8.514300000000000201e-01,8.273000000000000353e-01,8.012299999999999978e-01,7.685400000000000009e-01,7.286200000000000454e-01,7.015799999999999814e-01,6.878600000000000270e-01,6.520099999999999785e-01,6.014800000000000146e-01,5.980199999999999960e-01,5.748900000000000121e-01,5.367899999999999894e-01,4.999700000000000255e-01,4.370999999999999885e-01,3.672599999999999754e-01,2.945900000000000185e-01,1.894399999999999973e-01
cmy*c/cref,-8.749491789473685444e+00,4.645495666666666912e-01,3.290706744816587204e-01,1.145254630515683131e-01,4.956769377990430381e-03,-1.349800287081339388e-02,-2.503057655502392495e-02,-3.015199952153110180e-02,-3.410170861244019719e-02,-3.437914736842104940e-02,-3.533901818181818533e-02,-3.474845454545455459e-02,-3.493236703880913535e-02,-3.412406889952152717e-02,-3.356565996810207536e-02,-3.297941754385964874e-02,-3.224744045720361052e-02,-3.203569696969696401e-02,-3.210800000000000459e-02,-3.141939064327485542e-02,-3.116381350345560561e-02,-3.095894673046251447e-02,-3.041633556618819623e-02,-2.972704391281233427e-02,-2.992556725146199026e-02,-2.923325550239234613e-02,-2.846049106858054498e-02,-2.787231212121212345e-02,-2.783840297713981518e-02,-2.734257368421052353e-02,-2.621961100478469031e-02,-2.580431472620946243e-02,-2.449624625199361971e-02,-2.425174859117490769e-02,-2.355491738437001659e-02,-2.308225566188197922e-02,-2.294198952684741930e-02,-2.231768952684742152e-02,-2.140705725677831059e-02,-2.040833269537480413e-02,-2.004241403508771890e-02,-2.015155183413077852e-02,-2.073570877192982415e-02,-2.085182323232323554e-02,-1.868957060074428328e-02,-1.840206528442317815e-02,-1.999428973950026500e-02,-1.959820733652312824e-02,-1.994718511430090477e-02,-1.929048373205741532e-02,-1.898192514619883101e-02,-1.849997352472089462e-02,-1.855290212652844356e-02,-1.804613716108453142e-02,-1.782398240297713987e-02,-1.746482339181286772e-02,-1.687544029771398391e-02,-1.660837416267942415e-02,-1.629877937267410967e-02,-1.576598165869218596e-02,-1.529889760765549937e-02,-1.443286953748006314e-02,-1.279592557150452045e-02,-3.673057256778309437e-02,-4.733170315789474891e+00,5.569809260499735126e-01,4.048521846889953091e-01,1.218453009037746004e-01,-7.816444019138757068e-03,-6.000819665071769476e-02,-6.919459617224880954e-02,-4.369888708133971150e-02,-3.888771100478469189e-02,-3.815330526315788978e-02,-3.855990430622009690e-02,-3.781846363636364589e-02,-3.794281679957468845e-02,-3.741819670388090574e-02,-3.687510473152578322e-02,-3.667276469962785224e-02,-3.641430505050505251e-02,-3.581339074960127045e-02,-3.562972727272727125e-02,-3.478350818713450004e-02,-3.392608421052631384e-02,-3.334594428495480517e-02,-3.274037192982456185e-02,-3.198888421052631381e-02,-3.176590962254120104e-02,-3.123431196172249055e-02,-3.059919739500265717e-02,-2.983474051036683061e-02,-2.931016374269005548e-02,-2.890446225412014736e-02,-2.741698266879319737e-02,-2.685888527379053439e-02,-2.511511823498139076e-02,-2.469967006911217428e-02,-2.394388107389686104e-02,-2.343130877192982353e-02,-2.314564284954810994e-02,-2.262425119617224659e-02,-2.168428341307815019e-02,-2.041690042530569169e-02,-1.871419968102073367e-02,-1.961587767145135663e-02,-2.054890058479532169e-02,-2.013952020202020368e-02,-1.830002812333864776e-02,-1.907861180223285533e-02,-2.107051727804359204e-02,-2.064677384370015856e-02,-2.056487251461988283e-02,-1.998321339712918684e-02,-1.954638341307815205e-02,-1.895469473684210579e-02,-1.861603407761829032e-02,-1.810858054226475305e-02,-1.791661461988304505e-02,-1.754878888888888877e-02,-1.698864763423710636e-02,-1.680982344497607486e-02,-1.671915513024986588e-02,-1.612313981924508310e-02,-1.595435885167463888e-02,-1.579929505582137322e-02,-1.788617288676236025e-02,-3.521662573099415550e-02,-3.883782935300318513e+03,-4.255367899367357865e+01,3.658369101010100488e-01,6.800249999999999906e-01,3.335881748006380154e-01,3.326530220095694212e-01,4.772339311004785145e-01,4.205517016480594950e-01,3.951752727272727084e-01,3.892001969696969321e-01,3.822941833067516892e-01,3.806146385964912504e-01,3.768548312599681038e-01,3.729921535353535877e-01,3.656742466772993083e-01,3.576284161616161694e-01,3.528374081339712420e-01,3.468799617224879728e-01,3.291795149920254682e-01,3.163376602870813237e-01,3.093288771929824099e-01,2.820523742690058122e-01,2.442332274322168706e-01,2.361008841041998818e-01,2.091040266347687637e-01,1.571250508240298049e-01,1.327648340244550751e-01,8.202997687400320759e-02,3.766623136629452390e-02,1.574380143540669852e-02,2.817138011695906677e-03,2.455171291866028657e-03,2.531673843700159559e-03,2.817239553429027026e-03,3.408529824561403517e-03,3.857569377990430984e-03,4.154090909090908494e-03,4.494708931419458091e-03,5.336305794790005032e-03,5.899062200956937778e-03,6.271034928229664990e-03,6.666798086124400835e-03,7.258737373737372996e-03,7.456671982987772562e-03,7.781647527910684828e-03,8.413943168527379668e-03,9.286291866028709152e-03,9.898857575757575786e-03,1.113097458798511553e-02,1.213865980861243872e-02,1.302647017543859601e-02,1.377455119617224805e-02,1.399450202020201955e-02,1.486429112174375566e-02,1.587060765550239033e-02,2.681350930356193440e-03,-4.006033753772726868e+03,-4.544946247474747025e+01,6.170057595959594909e-01,4.260795875598086258e-01,1.889882896331738504e-01,4.426957996810207407e-01,6.172615464114833417e-01,7.131242982456140744e-01,7.064736951089846118e-01,6.254594383306751881e-01,6.374105721424774273e-01,6.498751087719298880e-01,6.206641222753854770e-01,5.906526141414142339e-01,5.565275566188198075e-01,5.181142834662414431e-01,4.897296947368420805e-01,4.711786146730462255e-01,4.381153637958532521e-01,3.963148842105262970e-01,3.862299929824561384e-01,3.637913700159489672e-01,3.326785275917065188e-01,3.033363973418394255e-01,2.594877496012759632e-01,2.132353342902711391e-01,1.671990101541733498e-01,1.050480552897395115e-01
cmyi,-1.647131710000000112e+03,3.799699999999999744e-01,2.699900000000000078e-01,9.238999999999999990e-02,8.999999999999999754e-04,-1.482999999999999943e-02,-2.488999999999999893e-02,-2.959000000000000172e-02,-3.332999999999999852e-02,-3.391000000000000264e-02,-3.509000000000000313e-02,-3.490999999999999659e-02,-3.542000000000000010e-02,-3.502999999999999864e-02,-3.486000000000000210e-02,-3.466999999999999943e-02,-3.434000000000000247e-02,-3.447999999999999676e-02,-3.488999999999999740e-02,-3.456999999999999656e-02,-3.466999999999999943e-02,-3.481999999999999679e-02,-3.463999999999999718e-02,-3.429999999999999716e-02,-3.484999999999999903e-02,-3.450999999999999901e-02,-3.407999999999999918e-02,-3.382000000000000284e-02,-3.413999999999999674e-02,-3.397000000000000020e-02,-3.314000000000000279e-02,-3.305000000000000299e-02,-3.198000000000000148e-02,-3.205000000000000210e-02,-3.162999999999999839e-02,-3.144999999999999879e-02,-3.162999999999999839e-02,-3.126999999999999919e-02,-3.056000000000000036e-02,-2.972999999999999948e-02,-2.948999999999999885e-02,-2.964999999999999927e-02,-3.037000000000000116e-02,-3.054000000000000117e-02,-2.801999999999999977e-02,-2.770999999999999852e-02,-2.977000000000000132e-02,-2.959000000000000172e-02,-3.030000000000000054e-02,-2.980000000000000010e-02,-2.971000000000000030e-02,-2.939999999999999905e-02,-2.973999999999999908e-02,-2.937000000000000027e-02,-2.935000000000000109e-02,-2.913999999999999924e-02,-2.860000000000000042e-02,-2.846999999999999878e-02,-2.826000000000000040e-02,-2.772000000000000158e-02,-2.722000000000000114e-02,-2.610000000000000167e-02,-2.383000000000000049e-02,-5.827999999999999847e-02,-1.201437730000000101e+03,4.561399999999999899e-01,3.328200000000000047e-01,9.843000000000000360e-02,-9.860000000000000708e-03,-5.446000000000000146e-02,-6.289000000000000146e-02,-4.129000000000000031e-02,-3.747000000000000330e-02,-3.717999999999999777e-02,-3.790000000000000313e-02,-3.760000000000000148e-02,-3.808000000000000274e-02,-3.796000000000000069e-02,-3.783999999999999864e-02,-3.801999999999999824e-02,-3.815000000000000335e-02,-3.796000000000000069e-02,-3.815000000000000335e-02,-3.771999999999999659e-02,-3.726000000000000145e-02,-3.708000000000000185e-02,-3.685000000000000081e-02,-3.649000000000000160e-02,-3.663999999999999896e-02,-3.647000000000000242e-02,-3.620000000000000301e-02,-3.579000000000000237e-02,-3.561999999999999889e-02,-3.556000000000000133e-02,-3.436000000000000165e-02,-3.413000000000000062e-02,-3.259999999999999704e-02,-3.250999999999999723e-02,-3.201999999999999985e-02,-3.178999999999999881e-02,-3.182000000000000106e-02,-3.157000000000000084e-02,-3.083999999999999936e-02,-2.971000000000000030e-02,-2.790000000000000119e-02,-2.900000000000000147e-02,-3.012000000000000094e-02,-2.966999999999999846e-02,-2.753999999999999851e-02,-2.849000000000000143e-02,-3.101999999999999896e-02,-3.082999999999999977e-02,-3.102999999999999856e-02,-3.062000000000000138e-02,-3.038000000000000075e-02,-2.994000000000000133e-02,-2.979000000000000051e-02,-2.942000000000000171e-02,-2.945000000000000048e-02,-2.922999999999999904e-02,-2.874000000000000166e-02,-2.872999999999999859e-02,-2.881999999999999840e-02,-2.818999999999999978e-02,-2.811999999999999916e-02,-2.802999999999999936e-02,-3.110999999999999877e-02,-5.612000000000000322e-02,-7.083701454000000376e+04,-4.766942999999999842e+01,4.126900000000000013e-01,7.810099999999999820e-01,3.875600000000000156e-01,3.924599999999999755e-01,5.730899999999999883e-01,5.127500000000000391e-01,4.894700000000000162e-01,4.899800000000000266e-01,4.893199999999999772e-01,4.954700000000000215e-01,4.990800000000000236e-01,5.026599999999999957e-01,5.016100000000000003e-01,4.994899999999999896e-01,5.019599999999999618e-01,5.028200000000000447e-01,4.862400000000000055e-01,4.763700000000000156e-01,4.751299999999999968e-01,4.418199999999999905e-01,3.901000000000000023e-01,3.850799999999999779e-01,3.480500000000000260e-01,2.663599999999999857e-01,2.295500000000000040e-01,1.434400000000000119e-01,3.459999999999999881e-02,1.295999999999999930e-02,-2.100000000000000087e-04,-8.999999999999999754e-04,-1.139999999999999954e-03,-1.180000000000000059e-03,-8.899999999999999491e-04,-7.299999999999999632e-04,-7.500000000000000156e-04,-7.299999999999999632e-04,-1.000000000000000048e-04,2.000000000000000096e-04,2.799999999999999755e-04,3.899999999999999929e-04,7.699999999999999597e-04,6.300000000000000261e-04,6.599999999999999964e-04,1.119999999999999902e-03,1.940000000000000101e-03,2.419999999999999842e-03,3.880000000000000202e-03,5.049999999999999802e-03,6.109999999999999980e-03,6.989999999999999686e-03,7.000000000000000146e-03,8.170000000000000179e-03,9.669999999999999776e-03,-1.578999999999999848e-02,-7.306660399000000325e+04,-5.091313000000000244e+01,6.979199999999999848e-01,4.883700000000000263e-01,2.183900000000000008e-01,5.232400000000000384e-01,7.421200000000000019e-01,8.715000000000000524e-01,8.773499999999999632e-01,7.891899999999999471e-01,8.178299999999999459e-01,8.481499999999999595e-01,8.239699999999999802e-01,7.978399999999999936e-01,7.651000000000000023e-01,7.251300000000000523e-01,6.980300000000000393e-01,6.842399999999999594e-01,6.483200000000000074e-01,5.977200000000000291e-01,5.941800000000000415e-01,5.709699999999999775e-01,5.327899999999999858e-01,4.958799999999999875e-01,4.329100000000000170e-01,3.629800000000000249e-01,2.902100000000000235e-01,1.849500000000000033e-01
cmyi*c/cref,-1.733822852631579181e+01,4.615130568314726456e-01,3.259558696969697689e-01,1.108655441254651763e-01,1.072377990430622074e-03,-1.752849234449760374e-02,-2.918084545454545375e-02,-3.440793157894737192e-02,-3.843794210526316202e-02,-3.878233157894736549e-02,-3.979608947368421662e-02,-3.925788181818182232e-02,-3.949264093567251416e-02,-3.872258288144603267e-02,-3.820107432216906379e-02,-3.766127820308346613e-02,-3.697419383306752017e-02,-3.679516427432216047e-02,-3.689881818181817846e-02,-3.622976432748537673e-02,-3.600297947900053114e-02,-3.582554088250929775e-02,-3.530904370015949117e-02,-3.463442955874534296e-02,-3.485648458266879524e-02,-3.418636555023923246e-02,-3.343445486443381159e-02,-3.285610303030303547e-02,-3.284046570972885826e-02,-3.235204556087187266e-02,-3.124480074428495624e-02,-3.084385539606592300e-02,-2.953959106858054448e-02,-2.929772115895800527e-02,-2.861144534821902924e-02,-2.814800079744816594e-02,-2.800675911749069338e-02,-2.738909542796384711e-02,-2.647509792663476844e-02,-2.547186108452950681e-02,-2.510835980861243766e-02,-2.521069670388091308e-02,-2.578802110579479084e-02,-2.589730303030303438e-02,-2.372821786283891426e-02,-2.343388001063264128e-02,-2.503069829877724653e-02,-2.462466900584795587e-02,-2.495457097288676304e-02,-2.428628708133971290e-02,-2.395722158426369028e-02,-2.345404146730462741e-02,-2.346930281765018805e-02,-2.292452631578947506e-02,-2.265629638490165160e-02,-2.224322349813928623e-02,-2.158486549707602439e-02,-2.124170765550239051e-02,-2.084178755980861317e-02,-2.020494736842105496e-02,-1.960621435406698435e-02,-1.857484688995215266e-02,-1.675422562466773180e-02,-4.047377139819244990e-02,-1.264671294736842455e+01,5.540294384901648383e-01,4.018098172248804612e-01,1.181133835725677872e-01,-1.174849665071770431e-02,-6.436963540669855821e-02,-7.373175454545455310e-02,-4.801296028708133823e-02,-4.321241196172249943e-02,-4.252217894736841364e-02,-4.298295215311005030e-02,-4.228290909090910016e-02,-4.245849144072302156e-02,-4.196144008506113438e-02,-4.146668538011696187e-02,-4.130031143009037231e-02,-4.107645587453482433e-02,-4.050882934609249808e-02,-4.034651515151515405e-02,-3.953100116959063631e-02,-3.869255885167464243e-02,-3.815080574162679067e-02,-3.756172807017543747e-02,-3.684578234981392836e-02,-3.664681765018607679e-02,-3.612798468899521692e-02,-3.551429771398192936e-02,-3.476995645933014800e-02,-3.426412971823497577e-02,-3.386631557682084209e-02,-3.239503179160021368e-02,-3.185176353003721372e-02,-3.011227857522593906e-02,-2.971821887293992284e-02,-2.896422636895268354e-02,-2.845230350877192907e-02,-2.817499447102604984e-02,-2.765186257309941442e-02,-2.671767081339712982e-02,-2.545472562466773170e-02,-2.375460287081339675e-02,-2.465801701222753925e-02,-2.557573907496012849e-02,-2.515956060606060543e-02,-2.332173875598085935e-02,-2.409351286549707774e-02,-2.608170175438596222e-02,-2.565659160021265331e-02,-2.555578670919723613e-02,-2.495456746411483379e-02,-2.449748878256246751e-02,-2.388482998405103835e-02,-2.350876028708134141e-02,-2.296355342902711358e-02,-2.273348989898990244e-02,-2.231192254120148780e-02,-2.169052567783094285e-02,-2.143569585326953603e-02,-2.125478830409356645e-02,-2.054752764486975081e-02,-2.025447272727272374e-02,-1.994838920786815364e-02,-2.187259585326953651e-02,-3.897371398192451403e-02,-3.883796549447209145e+03,-4.255605366236044063e+01,3.634590010101009794e-01,6.776476239234450194e-01,3.312123610845295607e-01,3.302798143540670028e-01,4.748146622009569717e-01,4.181297700691121721e-01,3.927599917597022761e-01,3.867768228601807801e-01,3.798720448697500696e-01,3.781797918128655400e-01,3.744240905901116689e-01,3.705520799574694712e-01,3.632339080276448806e-01,3.551822670919723701e-01,3.503872937799042409e-01,3.444276902711324029e-01,3.267269129186602949e-01,3.138799650717702949e-01,3.068617380116958615e-01,2.795844476342370655e-01,2.417666007442849374e-01,2.336315776714513182e-01,2.066225377458798806e-01,1.546516463583200440e-01,1.302845744284955032e-01,7.954018713450293487e-02,3.528022753854332533e-02,1.300444019138756110e-02,-2.068527910685805592e-04,-8.699425837320574418e-04,-1.080939393939393854e-03,-1.097142796384901553e-03,-8.111207336523125391e-04,-6.518577884104200014e-04,-6.559090909090908948e-04,-6.249785752259435839e-04,-8.377246145667199741e-05,1.638628389154705089e-04,2.242515683147261896e-04,3.051703349282296348e-04,5.883397660818713397e-04,4.697703349282296784e-04,4.799894736842104555e-04,7.939019670388090160e-04,1.339435406698564731e-03,1.626288888888888966e-03,2.536005954279638847e-03,3.207756778309409952e-03,3.768547953216374018e-03,4.182628708133970599e-03,4.059739500265816328e-03,4.587882828282829201e-03,5.252182615629983828e-03,-8.285426847421584542e-03,-4.006038739760074350e+03,-4.545181036145667264e+01,6.146630787878787361e-01,4.237369177033493139e-01,1.866381141945773758e-01,4.403394232854865309e-01,6.148588478468900442e-01,7.106779027113238056e-01,7.040022448165869084e-01,6.229650206804889789e-01,6.349030377990430019e-01,6.473715672514620545e-01,6.181658610313662816e-01,5.881535659755450229e-01,5.540365284423179881e-01,5.156325799043063318e-01,4.872516588516746516e-01,4.686989435406698212e-01,4.356358838915470044e-01,3.938374220095693934e-01,3.837499368421052881e-01,3.613107873471557152e-01,3.301995057947899603e-01,3.008549567251461720e-01,2.570003241360978574e-01,2.107503175970228959e-01,1.647130749069644073e-01,1.025582655502392526e-01
cmyo,8.159299999999999500e+02,2.510000000000000078e-03,2.569999999999999802e-03,3.050000000000000194e-03,3.259999999999999877e-03,3.409999999999999837e-03,3.540000000000000178e-03,3.660000000000000059e-03,3.759999999999999887e-03,3.850000000000000124e-03,3.930000000000000333e-03,4.009999999999999676e-03,4.089999999999999886e-03,4.159999999999999636e-03,4.239999999999999845e-03,4.309999999999999595e-03,4.389999999999999805e-03,4.460000000000000422e-03,4.530000000000000172e-03,4.590000000000000330e-03,4.660000000000000080e-03,4.729999999999999830e-03,4.789999999999999987e-03,4.859999999999999737e-03,4.930000000000000354e-03,5.000000000000000104e-03,5.069999999999999854e-03,5.130000000000000011e-03,5.199999999999999761e-03,5.259999999999999919e-03,5.329999999999999669e-03,5.400000000000000286e-03,5.459999999999999576e-03,5.530000000000000193e-03,5.590000000000000351e-03,5.660000000000000100e-03,5.720000000000000258e-03,5.780000000000000415e-03,5.850000000000000165e-03,5.910000000000000323e-03,5.950000000000000427e-03,5.950000000000000427e-03,5.950000000000000427e-03,5.950000000000000427e-03,5.950000000000000427e-03,5.950000000000000427e-03,5.989999999999999665e-03,6.040000000000000230e-03,6.089999999999999927e-03,6.130000000000000032e-03,6.170000000000000137e-03,6.210000000000000242e-03,6.230000000000000294e-03,6.250000000000000347e-03,6.259999999999999939e-03,6.259999999999999939e-03,6.239999999999999887e-03,6.210000000000000242e-03,6.159999999999999677e-03,6.080000000000000335e-03,5.980000000000000072e-03,5.830000000000000113e-03,5.629999999999999588e-03,5.389999999999999826e-03,7.517865500000000338e+02,2.419999999999999842e-03,2.510000000000000078e-03,3.109999999999999917e-03,3.299999999999999982e-03,3.690000000000000138e-03,3.870000000000000176e-03,3.710000000000000190e-03,3.749999999999999861e-03,3.820000000000000045e-03,3.899999999999999821e-03,3.969999999999999571e-03,4.049999999999999781e-03,4.120000000000000398e-03,4.190000000000000148e-03,4.259999999999999898e-03,4.329999999999999648e-03,4.400000000000000265e-03,4.460000000000000422e-03,4.530000000000000172e-03,4.590000000000000330e-03,4.660000000000000080e-03,4.729999999999999830e-03,4.799999999999999580e-03,4.879999999999999789e-03,4.950000000000000407e-03,5.009999999999999697e-03,5.080000000000000314e-03,5.139999999999999604e-03,5.210000000000000221e-03,5.279999999999999971e-03,5.349999999999999721e-03,5.409999999999999878e-03,5.479999999999999628e-03,5.550000000000000246e-03,5.610000000000000403e-03,5.680000000000000153e-03,5.740000000000000310e-03,5.810000000000000060e-03,5.879999999999999810e-03,5.930000000000000375e-03,5.919999999999999915e-03,5.919999999999999915e-03,5.919999999999999915e-03,5.919999999999999915e-03,5.919999999999999915e-03,5.960000000000000020e-03,6.009999999999999717e-03,6.060000000000000282e-03,6.109999999999999980e-03,6.139999999999999625e-03,6.179999999999999730e-03,6.199999999999999782e-03,6.219999999999999835e-03,6.239999999999999887e-03,6.239999999999999887e-03,6.230000000000000294e-03,6.199999999999999782e-03,6.150000000000000085e-03,6.069999999999999875e-03,5.969999999999999613e-03,5.830000000000000113e-03,5.660000000000000100e-03,5.409999999999999878e-03,2.483200000000000129e-01,2.660000000000000038e-03,2.700000000000000143e-03,2.739999999999999814e-03,2.779999999999999919e-03,2.830000000000000050e-03,2.919999999999999853e-03,2.959999999999999958e-03,3.010000000000000089e-03,3.069999999999999812e-03,3.119999999999999944e-03,3.180000000000000101e-03,3.239999999999999825e-03,3.310000000000000008e-03,3.370000000000000166e-03,3.439999999999999915e-03,3.510000000000000099e-03,3.579999999999999849e-03,3.660000000000000059e-03,3.729999999999999809e-03,3.820000000000000045e-03,3.899999999999999821e-03,3.980000000000000031e-03,4.080000000000000293e-03,4.170000000000000095e-03,4.270000000000000358e-03,4.380000000000000213e-03,4.490000000000000067e-03,2.340000000000000066e-03,2.720000000000000195e-03,3.069999999999999812e-03,3.429999999999999889e-03,3.810000000000000019e-03,4.210000000000000200e-03,4.619999999999999975e-03,5.049999999999999802e-03,5.499999999999999681e-03,5.980000000000000072e-03,6.479999999999999649e-03,7.000000000000000146e-03,7.550000000000000287e-03,8.120000000000000481e-03,8.729999999999999913e-03,9.369999999999999857e-03,1.004999999999999991e-02,1.076000000000000047e-02,1.150999999999999940e-02,1.230999999999999976e-02,1.315000000000000023e-02,1.404999999999999999e-02,1.501000000000000077e-02,1.602999999999999911e-02,1.712999999999999939e-02,1.830000000000000029e-02,1.955000000000000140e-02,2.088999999999999885e-02,9.095000000000000306e-02,2.619999999999999933e-03,2.660000000000000038e-03,2.700000000000000143e-03,2.749999999999999840e-03,2.809999999999999998e-03,2.899999999999999800e-03,3.000000000000000062e-03,3.079999999999999839e-03,3.170000000000000075e-03,3.229999999999999798e-03,3.279999999999999930e-03,3.330000000000000061e-03,3.380000000000000192e-03,3.439999999999999915e-03,3.490000000000000047e-03,3.559999999999999797e-03,3.619999999999999954e-03,3.690000000000000138e-03,3.759999999999999887e-03,3.840000000000000097e-03,3.919999999999999873e-03,4.000000000000000083e-03,4.089999999999999886e-03,4.179999999999999688e-03,4.279999999999999950e-03,4.380000000000000213e-03,4.490000000000000067e-03
cmyo*c/cref,8.588736842105264557e+00,3.048655874534822539e-03,3.102731897926635021e-03,3.659918926103136738e-03,3.884391387559808957e-03,4.030489473684209858e-03,4.150268899521531406e-03,4.255932057416267518e-03,4.336233492822966565e-03,4.403184210526315222e-03,4.457071291866029558e-03,4.509427272727272937e-03,4.560273896863370133e-03,4.598513981924507235e-03,4.646372780435938273e-03,4.681860659223816522e-03,4.726753375863901839e-03,4.759467304625199062e-03,4.790818181818182545e-03,4.810373684210526510e-03,4.839165975544922928e-03,4.866594152046782411e-03,4.882514992025518280e-03,4.907385645933013893e-03,4.930917331206805844e-03,4.953110047846889796e-03,4.973963795853269219e-03,4.983790909090909417e-03,5.002062732589047413e-03,5.009471876661350000e-03,5.025189739500265061e-03,5.039540669856458835e-03,5.043344816586921298e-03,5.055113822434875379e-03,5.056527963849016989e-03,5.065745135566188453e-03,5.064769590643274956e-03,5.062646996278575770e-03,5.068040669856459582e-03,5.063528389154705288e-03,5.065945773524721356e-03,5.059144869750132820e-03,5.052312333864965831e-03,5.045479797979798842e-03,5.038647262094630985e-03,5.031814726209463129e-03,5.036408559276979793e-03,5.026461669324827630e-03,5.015621690590111627e-03,4.995803349282296711e-03,4.975296438064859272e-03,4.954067942583732786e-03,4.916400691121744493e-03,4.878389154704944504e-03,4.832313981924508256e-03,4.778400106326421981e-03,4.709425199362041355e-03,4.633333492822966360e-03,4.543008187134502628e-03,4.431676767676768353e-03,4.307316746411483238e-03,4.149094152046783890e-03,3.958300053163210479e-03,3.743198830409356827e-03,7.913542631578948772e+00,2.939341520467836626e-03,3.030294577352472471e-03,3.731917331206804998e-03,3.932052631578947244e-03,4.361438755980860844e-03,4.537158373205741821e-03,4.314073205741626726e-03,4.324700956937799733e-03,4.368873684210525590e-03,4.423047846889951659e-03,4.464445454545455140e-03,4.515674641148324439e-03,4.554297501329080365e-03,4.591580648591175179e-03,4.627546730462520075e-03,4.662150824029770955e-03,4.695438596491227634e-03,4.716787878787879335e-03,4.747492982456140605e-03,4.766474641148325114e-03,4.794572674109516021e-03,4.821356140350877353e-03,4.846800637958532422e-03,4.880908027644870542e-03,4.903578947368421141e-03,4.915100318979266115e-03,4.935215948963318257e-03,4.944346624136096609e-03,4.961853322700691266e-03,4.978049122807017175e-03,4.992878256246676728e-03,4.997160340244550907e-03,5.009407549175969900e-03,5.020345295055821631e-03,5.020994736842105538e-03,5.029351621477937302e-03,5.027611376927166968e-03,5.033387400318979632e-03,5.037825199362041748e-03,5.048917384370015839e-03,5.033636576289207513e-03,5.026838490164805932e-03,5.020040404040404351e-03,5.013242317916001903e-03,5.006444231791600322e-03,5.011184476342371054e-03,5.001495800106326578e-03,4.990914194577353302e-03,4.979503827751196286e-03,4.951105369484316322e-03,4.930135247208931697e-03,4.892726209463051958e-03,4.854972886762360523e-03,4.816875279106858261e-03,4.763133652312599893e-03,4.701878043593833885e-03,4.625872408293460296e-03,4.535633173843700572e-03,4.424387825624667703e-03,4.300113875598085729e-03,4.149094152046783890e-03,3.979392238171185897e-03,3.757088250930356362e-03,1.361469516214779477e-02,2.374668686868686845e-03,2.377909090909091118e-03,2.377376076555024094e-03,2.375813716108452975e-03,2.381623285486443760e-03,2.419268899521531072e-03,2.413776927166400802e-03,2.415280967570440987e-03,2.423374109516214514e-03,2.422138437001594528e-03,2.427214035087719643e-03,2.430740669856459608e-03,2.440073577884104353e-03,2.440338649654439414e-03,2.446149069643806673e-03,2.450114354066985564e-03,2.452271451355661405e-03,2.459321531100478256e-03,2.457695215311004461e-03,2.467139181286549712e-03,2.467926634768739802e-03,2.466626687931950963e-03,2.475373524720892934e-03,2.475552312599681171e-03,2.479210579479001163e-03,2.485935247208932025e-03,2.489789739500266209e-03,2.386003827751195967e-03,2.729326953748007021e-03,3.023990802764487101e-03,3.315447846889951842e-03,3.612613237639553197e-03,3.914382349813928796e-03,4.210536842105263092e-03,4.509427166400850444e-03,4.809999999999999172e-03,5.119687506645401349e-03,5.428455502392344305e-03,5.735199362041467838e-03,6.046783359914939017e-03,6.353802870813396626e-03,6.670397607655502090e-03,6.986901648059542884e-03,7.308930622009568792e-03,7.627129611908559266e-03,7.946856459330143771e-03,8.272568686868687904e-03,8.594968633705476688e-03,8.924551036682616331e-03,9.257922222222221553e-03,9.591922488038277447e-03,9.934762519936204961e-03,1.027640829346092646e-02,1.061842503987240824e-02,1.096153051568314780e-02,4.986535619351408974e-03,2.338959383306751620e-03,2.342680808080808193e-03,2.342669856459330454e-03,2.350175438596491077e-03,2.364792025518341455e-03,2.402698564593301351e-03,2.446395534290270960e-03,2.471450292397660373e-03,2.502311376927166247e-03,2.507534343434343095e-03,2.503541520467836550e-03,2.498261244019138981e-03,2.491676342371079364e-03,2.491028176501861036e-03,2.481703561935141248e-03,2.485016267942583533e-03,2.479671132376395134e-03,2.479479904306219895e-03,2.477462200956937442e-03,2.480056140350877202e-03,2.480582668793194709e-03,2.479021796916533720e-03,2.481440616693247805e-03,2.481488888888889154e-03,2.485016693248272637e-03,2.485935247208932025e-03,2.489789739500266209e-03
cmz,-5.836917330000000220e+03,-4.793000000000000038e-02,-1.315999999999999982e-02,9.400000000000000369e-03,-7.210000000000000263e-03,-7.570000000000000340e-03,-8.479999999999999691e-03,-8.680000000000000215e-03,-8.779999999999999610e-03,-9.570000000000000381e-03,-1.161000000000000053e-02,-1.315000000000000023e-02,-1.463000000000000064e-02,-1.619999999999999912e-02,-1.744000000000000064e-02,-1.896000000000000116e-02,-1.952999999999999875e-02,-2.214999999999999955e-02,-2.623999999999999944e-02,-2.866000000000000145e-02,-3.176999999999999963e-02,-3.536000000000000254e-02,-3.769000000000000128e-02,-4.016999999999999738e-02,-4.404999999999999888e-02,-4.635000000000000231e-02,-4.771000000000000241e-02,-5.027000000000000218e-02,-5.333999999999999853e-02,-5.634999999999999731e-02,-5.725999999999999840e-02,-6.024000000000000188e-02,-6.028000000000000025e-02,-6.396999999999999909e-02,-6.557999999999999940e-02,-6.852999999999999370e-02,-7.457999999999999352e-02,-7.642999999999999794e-02,-7.353999999999999426e-02,-7.198999999999999844e-02,-6.686000000000000276e-02,-7.166999999999999760e-02,-7.717999999999999861e-02,-7.771999999999999742e-02,-6.417000000000000481e-02,-6.140000000000000319e-02,-7.546999999999999542e-02,-7.863000000000000544e-02,-8.240000000000000102e-02,-8.269999999999999574e-02,-8.348999999999999477e-02,-8.298999999999999433e-02,-8.472999999999999976e-02,-8.254000000000000226e-02,-8.000999999999999779e-02,-7.646000000000000019e-02,-7.031999999999999362e-02,-6.478000000000000425e-02,-5.890999999999999709e-02,-4.871999999999999942e-02,-4.028000000000000330e-02,-2.732000000000000053e-02,-1.319999999999999993e-02,3.146000000000000185e-02,4.774188839999999800e+03,5.378999999999999754e-02,-2.639999999999999986e-03,-3.031000000000000014e-02,4.839999999999999684e-03,-7.490000000000000130e-03,-1.439999999999999961e-02,6.550000000000000266e-03,9.400000000000000369e-03,1.080000000000000057e-02,1.187999999999999994e-02,1.312999999999999931e-02,1.443999999999999971e-02,1.620999999999999872e-02,1.734000000000000125e-02,1.895000000000000157e-02,2.043999999999999984e-02,2.238000000000000059e-02,2.684999999999999887e-02,2.972999999999999948e-02,3.176999999999999963e-02,3.459999999999999881e-02,3.663999999999999896e-02,3.824000000000000316e-02,4.075999999999999762e-02,4.363000000000000211e-02,4.651999999999999885e-02,4.943000000000000171e-02,5.197999999999999843e-02,5.548000000000000154e-02,5.671999999999999958e-02,5.999999999999999778e-02,5.974000000000000143e-02,6.308999999999999331e-02,6.447999999999999565e-02,6.736000000000000321e-02,7.083000000000000407e-02,7.263000000000000012e-02,7.011000000000000565e-02,6.734999999999999321e-02,5.222999999999999865e-02,6.183000000000000301e-02,6.895999999999999353e-02,6.654000000000000192e-02,5.458999999999999964e-02,5.786000000000000171e-02,7.424999999999999656e-02,7.714000000000000024e-02,7.802000000000000601e-02,7.825999999999999623e-02,7.921000000000000263e-02,7.889000000000000179e-02,8.061999999999999722e-02,7.857999999999999707e-02,7.636999999999999345e-02,7.244000000000000439e-02,6.432999999999999829e-02,5.954999999999999877e-02,5.618000000000000077e-02,4.667999999999999927e-02,3.925000000000000017e-02,3.291999999999999788e-02,1.238000000000000038e-02,-1.842999999999999847e-02,-8.233649190000000090e+03,-8.248627999999999361e+01,4.103452999999999662e+01,1.300900000000000112e-01,3.780000000000000027e-02,-1.956000000000000100e-02,-3.633999999999999730e-02,8.630000000000000518e-03,4.749999999999999882e-03,3.810000000000000019e-03,4.080000000000000293e-03,4.780000000000000394e-03,5.089999999999999906e-03,6.819999999999999674e-03,8.250000000000000389e-03,7.870000000000000259e-03,7.139999999999999646e-03,4.859999999999999737e-03,3.000000000000000062e-03,4.519999999999999712e-03,8.399999999999999481e-03,6.000000000000000125e-03,5.839999999999999705e-03,9.549999999999999462e-03,6.830000000000000134e-03,5.409999999999999878e-03,1.498999999999999985e-02,-5.700000000000000205e-03,2.239200000000000079e-01,2.086399999999999921e-01,1.535799999999999943e-01,1.659700000000000064e-01,1.796399999999999941e-01,1.913400000000000101e-01,2.053399999999999948e-01,2.162199999999999955e-01,2.315200000000000036e-01,2.445499999999999896e-01,2.597800000000000109e-01,2.713999999999999746e-01,2.850699999999999901e-01,2.947699999999999765e-01,3.013299999999999867e-01,3.090999999999999859e-01,3.154299999999999882e-01,3.194600000000000217e-01,3.208599999999999786e-01,3.160800000000000276e-01,3.143199999999999883e-01,3.099100000000000188e-01,3.069899999999999851e-01,3.025599999999999956e-01,2.908600000000000074e-01,2.702300000000000257e-01,2.295399999999999940e-01,1.201600000000000029e-01,8.447617060000000492e+03,7.719510999999999967e+01,-4.077687999999999846e+01,-9.753000000000000558e-02,2.300999999999999920e-02,-7.180000000000000271e-02,-1.063000000000000056e-02,1.149799999999999989e-01,1.600000000000000077e-03,-1.405999999999999958e-02,7.799999999999999859e-04,2.480000000000000000e-03,6.700000000000000226e-04,-2.439999999999999895e-03,-3.520000000000000125e-03,-1.569999999999999998e-03,9.499999999999999981e-04,7.900000000000000121e-04,1.649999999999999991e-03,1.200000000000000030e-04,-3.899999999999999821e-03,-9.400000000000000369e-03,-1.311999999999999972e-02,-2.200999999999999832e-02,-2.716999999999999971e-02,-2.603000000000000105e-02,-2.390000000000000110e-02,-2.170000000000000054e-03
cmz*c/cref,-6.144123505263159046e+01,-5.821596656034025430e-02,-1.588791897926634944e-02,1.127975013290802818e-02,-8.590939234449762249e-03,-8.947450239234449113e-03,-9.941887081339712690e-03,-1.009330334928229718e-02,-1.012556650717703378e-02,-1.094505789473684126e-02,-1.316707320574162822e-02,-1.478777272727272926e-02,-1.631217777777777683e-02,-1.790767464114832383e-02,-1.911149558745348434e-02,-2.059584178628389231e-02,-2.102813062200956790e-02,-2.363726475279106370e-02,-2.775078787878787825e-02,-3.003601520467836378e-02,-3.299148133971291363e-02,-3.638113514088250899e-02,-3.841795199362041391e-02,-4.056166283891547014e-02,-4.405819643806486302e-02,-4.591533014354066966e-02,-4.680627469431154070e-02,-4.883726491228070760e-02,-5.130962041467303919e-02,-5.366611031366293888e-02,-5.398543423710792238e-02,-5.621887591706539039e-02,-5.568000467836257267e-02,-5.847660600744285231e-02,-5.932148548644337882e-02,-6.133489649122806503e-02,-6.603680350877191851e-02,-6.694430967570440261e-02,-6.371003604465709513e-02,-6.167908777246146335e-02,-5.692590494417863051e-02,-6.093931307814991899e-02,-6.553570855927697003e-02,-6.590498989898990745e-02,-5.434117559808612774e-02,-5.192494524189261024e-02,-6.345538463583200173e-02,-6.543554322169059523e-02,-6.786325571504520093e-02,-6.739852153110047206e-02,-6.732374385964912111e-02,-6.620581297182349945e-02,-6.686462769803297457e-02,-6.442595853269537931e-02,-6.176253062200957183e-02,-5.836365369484317056e-02,-5.307159936204146333e-02,-4.833290558213716032e-02,-4.344620329611908333e-02,-3.551172567783094508e-02,-2.901316363636363693e-02,-1.944309643806485868e-02,-9.280561403508772941e-03,2.184805847953216751e-02,5.025461936842106070e+01,6.533354561403509342e-02,-3.187242105263158286e-03,-3.637119431153641724e-02,5.767010526315789927e-03,-8.852893301435404982e-03,-1.688244976076554854e-02,7.616490430622009471e-03,1.084058373205741728e-02,1.235178947368421008e-02,1.347328421052631543e-02,1.476528181818181906e-02,1.610033131313131152e-02,1.791872876129717990e-02,1.900191132376395642e-02,2.058497900053163354e-02,2.200793599149388283e-02,2.388270813397128794e-02,2.839590909090908971e-02,3.115738771929824416e-02,3.299148133971291363e-02,3.559918766613502650e-02,3.734767208931419336e-02,3.861284508240298008e-02,4.076758426368953109e-02,4.322083827751196233e-02,4.563881573631047017e-02,4.802120558213716917e-02,5.000138862307282328e-02,5.283754747474747604e-02,5.347631557682083758e-02,5.599489633173843073e-02,5.518121233386496377e-02,5.767217559808612143e-02,5.832646209463050735e-02,6.028773716108453556e-02,6.271636889952153515e-02,6.361592583732057771e-02,6.073851818181819073e-02,5.770366108452950477e-02,4.446963827751195669e-02,5.257259282296650876e-02,5.855587538543326892e-02,5.642457575757576366e-02,4.622853009037745931e-02,4.893122690058479551e-02,6.242960526315789044e-02,6.419557171717171773e-02,6.425596129718236238e-02,6.378002775119616385e-02,6.387248474215842520e-02,6.293501127060074918e-02,6.362122371079213801e-02,6.133501116427432509e-02,5.895268670919723286e-02,5.529509643806486408e-02,4.855085305688463387e-02,4.443075837320573790e-02,4.143282466772993389e-02,3.402478149920255129e-02,2.827126794258372905e-02,2.342850419989367036e-02,8.704041679957469704e-03,-1.279910101010101053e-02,-4.514280919535885346e+02,-7.363819030536947707e+01,3.613940071414140931e+01,1.128733043062201125e-01,3.230422966507177224e-02,-1.646097224880382903e-02,-3.010829856459330128e-02,7.037464486975013485e-03,3.811489898989898518e-03,3.007509888357256470e-03,3.167411802232854984e-03,3.648453801169591459e-03,3.818663583200425371e-03,5.027583625730994328e-03,5.974122807017544917e-03,5.596277086656034974e-03,4.983993301435406080e-03,3.329061244019138575e-03,2.015837320574162626e-03,2.978225837320573697e-03,5.425122807017543174e-03,3.796810207336522806e-03,3.619371823498138737e-03,5.794072833599148847e-03,4.054681605528974268e-03,3.141107549175970511e-03,8.507801222753855891e-03,-3.160757575757576314e-03,2.283222124401913800e-01,2.093554322169059179e-01,1.512783412014885864e-01,1.604270784688995310e-01,1.703332918660286910e-01,1.779044937799043047e-01,1.871410465709728854e-01,1.930749191919191865e-01,2.024747636363636305e-01,2.093678227006911252e-01,2.176241003721424982e-01,2.223618724082934706e-01,2.283121234981392855e-01,2.306539990430621634e-01,2.302395087187665834e-01,2.304857309941520382e-01,2.293986055821371217e-01,2.264463592769803413e-01,2.215315693779904282e-01,2.124121454545454812e-01,2.054426266879319785e-01,1.968546342902711410e-01,1.893464052631578798e-01,1.810437971291865844e-01,1.686879758639021898e-01,1.517482958001063476e-01,1.246728022328548596e-01,6.305110132908027520e-02,4.631593553417331464e+02,6.891459041217437687e+01,-3.591248653737373076e+01,-8.462244114832537245e-02,1.966455885167464265e-02,-6.042422328548645305e-02,-8.807133014354068257e-03,9.376218617756511275e-02,1.283870281765018542e-03,-1.109857979797979760e-02,6.055346092503986321e-04,1.892921637426900859e-03,5.026531632110579906e-04,-1.798724933545986200e-03,-2.548959064327485560e-03,-1.116411057947900047e-03,6.631363636363635759e-04,5.411437001594896368e-04,1.108710526315789292e-03,7.906794258373204805e-05,-2.518807017543859238e-03,-5.948335991493886032e-03,-8.131191493886229943e-03,-1.335366943115363914e-02,-1.612967777777777820e-02,-1.511331414141414350e-02,-1.356480648591175051e-02,-1.203305954279638599e-03
cmzi,-5.547819360000000415e+03,-4.957000000000000295e-02,-1.515000000000000027e-02,6.689999999999999766e-03,-1.052999999999999943e-02,-1.154999999999999950e-02,-1.314000000000000064e-02,-1.400999999999999988e-02,-1.480000000000000066e-02,-1.626999999999999974e-02,-1.899999999999999953e-02,-2.123999999999999846e-02,-2.343999999999999903e-02,-2.572999999999999940e-02,-2.772000000000000158e-02,-2.998999999999999930e-02,-3.132999999999999674e-02,-3.472999999999999698e-02,-3.957000000000000101e-02,-4.277999999999999858e-02,-4.667999999999999927e-02,-5.108000000000000040e-02,-5.421999999999999736e-02,-5.752000000000000168e-02,-6.223999999999999672e-02,-6.539000000000000368e-02,-6.761000000000000343e-02,-7.102999999999999592e-02,-7.498000000000000498e-02,-7.886999999999999567e-02,-8.065999999999999559e-02,-8.455000000000000016e-02,-8.548999999999999655e-02,-9.009999999999999953e-02,-9.261999999999999400e-02,-9.650000000000000244e-02,-1.034700000000000064e-01,-1.062599999999999933e-01,-1.042899999999999938e-01,-1.037000000000000005e-01,-9.915000000000000202e-02,-1.040299999999999975e-01,-1.096099999999999991e-01,-1.102299999999999947e-01,-9.675000000000000266e-02,-9.403999999999999859e-02,-1.086300000000000043e-01,-1.126299999999999940e-01,-1.172200000000000047e-01,-1.183300000000000046e-01,-1.199000000000000066e-01,-1.201600000000000029e-01,-1.226099999999999968e-01,-1.210799999999999932e-01,-1.191500000000000059e-01,-1.161200000000000010e-01,-1.104200000000000043e-01,-1.051900000000000057e-01,-9.951000000000000123e-02,-8.931999999999999662e-02,-8.067000000000000559e-02,-6.718999999999999972e-02,-5.213000000000000272e-02,-6.250000000000000347e-03,4.507817989999999554e+03,5.537999999999999867e-02,-6.899999999999999667e-04,-2.755000000000000157e-02,8.200000000000000691e-03,-3.180000000000000101e-03,-9.320000000000000159e-03,1.195000000000000055e-02,1.540000000000000049e-02,1.745999999999999983e-02,1.921000000000000138e-02,2.116000000000000172e-02,2.316000000000000003e-02,2.564999999999999919e-02,2.750000000000000014e-02,2.985000000000000153e-02,3.209000000000000047e-02,3.479000000000000148e-02,4.000000000000000083e-02,4.365000000000000130e-02,4.646999999999999742e-02,5.009999999999999870e-02,5.296000000000000013e-02,5.537999999999999867e-02,5.875999999999999973e-02,6.246999999999999775e-02,6.621000000000000496e-02,6.997000000000000441e-02,7.338000000000000078e-02,7.777000000000000579e-02,7.989999999999999880e-02,8.407000000000000584e-02,8.472999999999999976e-02,8.899999999999999578e-02,9.130000000000000615e-02,9.511000000000000010e-02,9.951000000000000123e-02,1.022499999999999937e-01,1.006699999999999956e-01,9.889000000000000568e-02,8.437999999999999667e-02,9.403000000000000247e-02,1.012300000000000005e-01,9.890000000000000180e-02,8.702000000000000013e-02,9.034999999999999976e-02,1.072499999999999981e-01,1.109900000000000053e-01,1.126899999999999985e-01,1.137399999999999939e-01,1.154700000000000032e-01,1.158900000000000069e-01,1.183300000000000046e-01,1.169599999999999945e-01,1.153499999999999942e-01,1.119600000000000040e-01,1.043400000000000022e-01,9.989000000000000656e-02,9.668999999999999817e-02,8.719999999999999973e-02,7.960000000000000409e-02,7.280999999999999972e-02,5.156999999999999779e-02,1.948000000000000079e-02,-8.234418639999999868e+03,-8.248745999999999867e+01,4.103359999999999985e+01,1.287699999999999956e-01,3.606999999999999790e-02,-2.170000000000000054e-02,-3.896000000000000157e-02,5.559999999999999838e-03,1.209999999999999921e-03,-2.100000000000000087e-04,-4.499999999999999877e-04,-2.700000000000000035e-04,-5.100000000000000366e-04,6.499999999999999702e-04,1.500000000000000031e-03,5.100000000000000366e-04,-8.599999999999999789e-04,-3.799999999999999992e-03,-6.340000000000000149e-03,-5.530000000000000193e-03,-2.399999999999999790e-03,-5.570000000000000298e-03,-6.530000000000000214e-03,-3.670000000000000085e-03,-7.280000000000000013e-03,-9.620000000000000079e-03,-1.020000000000000073e-03,-2.273999999999999980e-02,2.239200000000000079e-01,2.086399999999999921e-01,1.535799999999999943e-01,1.659700000000000064e-01,1.796399999999999941e-01,1.913400000000000101e-01,2.053399999999999948e-01,2.162199999999999955e-01,2.315200000000000036e-01,2.445499999999999896e-01,2.597800000000000109e-01,2.713999999999999746e-01,2.850699999999999901e-01,2.947699999999999765e-01,3.013299999999999867e-01,3.090999999999999859e-01,3.154299999999999882e-01,3.194600000000000217e-01,3.208599999999999786e-01,3.160800000000000276e-01,3.143199999999999883e-01,3.099100000000000188e-01,3.069899999999999851e-01,3.025599999999999956e-01,2.908600000000000074e-01,2.702300000000000257e-01,2.295399999999999940e-01,1.201600000000000029e-01,8.447898880000000645e+03,7.719628000000000156e+01,-4.077595999999999776e+01,-9.621999999999999997e-02,2.471999999999999892e-02,-6.966999999999999582e-02,-8.030000000000000679e-03,1.180800000000000044e-01,5.210000000000000221e-03,-9.910000000000000406e-03,5.459999999999999576e-03,7.689999999999999787e-03,6.420000000000000359e-03,3.860000000000000150e-03,3.360000000000000139e-03,5.910000000000000323e-03,9.050000000000000752e-03,9.549999999999999462e-03,1.106999999999999998e-02,1.022999999999999951e-02,6.960000000000000041e-03,2.230000000000000211e-03,-6.800000000000000488e-04,-8.729999999999999913e-03,-1.302000000000000032e-02,-1.097000000000000058e-02,-7.870000000000000259e-03,1.486999999999999954e-02
cmzi*c/cref,-5.839809852631579901e+01,-6.020791701222755199e-02,-1.829042344497608039e-02,8.027822169059010277e-03,-1.254682248803827734e-02,-1.365165789473683951e-02,-1.540523540669856521e-02,-1.629114976076554908e-02,-1.706815311004784841e-02,-1.860774210526315586e-02,-2.154818181818181702e-02,-2.388534545454545563e-02,-2.613516384901647810e-02,-2.844225114300903343e-02,-3.037675789473684440e-02,-3.257749447102605000e-02,-3.373329914938861390e-02,-3.706195055821370765e-02,-4.184827272727272701e-02,-4.483394035087719109e-02,-4.847473556618819152e-02,-5.255510132908026988e-02,-5.526721562998405252e-02,-5.808082764486974942e-02,-6.225158107389686807e-02,-6.477677320574162789e-02,-6.632932785752260196e-02,-6.900558835725677242e-02,-7.212589686337055050e-02,-7.511350701754385129e-02,-7.604724284954811342e-02,-7.890614141414141469e-02,-7.896621765018606298e-02,-8.236270441254651964e-02,-8.378096959064326721e-02,-8.636826953748007185e-02,-9.161743173843700516e-02,-9.307212280701752938e-02,-9.034973700159489030e-02,-8.884735938330676208e-02,-8.441823923444975730e-02,-8.845425895800106131e-02,-9.307293359914937947e-02,-9.347281313131312885e-02,-8.193094497607655846e-02,-7.952804316852737920e-02,-9.133640430622010087e-02,-9.373019500265815374e-02,-9.654042275385434080e-02,-9.643611913875597963e-02,-9.668363742690058715e-02,-9.585842254120149897e-02,-9.675760653907497510e-02,-9.450805741626794321e-02,-9.197607203615099092e-02,-8.863703200425306072e-02,-8.333569399255714993e-02,-7.848314816586922371e-02,-7.338875725677830586e-02,-6.510483040935673149e-02,-5.810555885167464213e-02,-4.781777634237107527e-02,-3.665118681552365781e-02,-4.340443912812334652e-03,4.745071568421052888e+01,6.726476586921850687e-02,-8.330291866028709550e-04,-3.305926767676767991e-02,9.770555023923446769e-03,-3.758638277511961237e-03,-1.092669665071770331e-02,1.389573444976076495e-02,1.776010526315789650e-02,1.996872631578947010e-02,2.178634593301435537e-02,2.379538181818182524e-02,2.582296905901116171e-02,2.835381818181817795e-02,3.013567251461988367e-02,3.242541547049442030e-02,3.455159813928761203e-02,3.712597926634768342e-02,4.230303030303030759e-02,4.574571052631579149e-02,4.825666156299839721e-02,5.154680063795852307e-02,5.398287974481658785e-02,5.591996236044656510e-02,5.877093354598618424e-02,6.188415693779903554e-02,6.495584673046252144e-02,6.797579920255183983e-02,7.058680063795852444e-02,7.406589883040935740e-02,7.533070547581073584e-02,7.845818224348750924e-02,7.826421360978202957e-02,8.135716640085061124e-02,8.258694152046783254e-02,8.512420845295055882e-02,8.811105279106858090e-02,8.955980196703880458e-02,8.721361610845294876e-02,8.472628128654971502e-02,7.184277384370015007e-02,7.995149447102604945e-02,8.595723992557149917e-02,8.386520202020203429e-02,7.369127474747474982e-02,7.640747235513024871e-02,9.017609649122806936e-02,9.236539415204679526e-02,9.280959085592770108e-02,9.269537894736841477e-02,9.311142296650717909e-02,9.245200223285487962e-02,9.338004715576822545e-02,9.129222328548644572e-02,8.904271850079745199e-02,8.546160956937799702e-02,7.874702328548645325e-02,7.452877336523125451e-02,7.130900350877192317e-02,6.355957469431153251e-02,5.733485167464114768e-02,5.181741770334927916e-02,3.625746602870813518e-02,1.352829558745348437e-02,-4.514702787576820811e+02,-7.363924372982455679e+01,3.613858165656565546e+01,1.117279990430622011e-01,3.082575566188197960e-02,-1.826191706539075088e-02,-3.227901244019139304e-02,4.533986390217968447e-03,9.709269005847952086e-04,-1.657682615629983952e-04,-3.493468899521530945e-04,-2.060842105263158228e-04,-3.826165869218501616e-04,4.791685273790537072e-04,1.086204146730462535e-03,3.626558213716108933e-04,-6.003129186602870369e-04,-2.602969696969696916e-03,-4.260136204146730207e-03,-3.643714354066985520e-03,-1.550035087719297926e-03,-3.524705475810738838e-03,-4.047003083466241269e-03,-2.226622753854332840e-03,-4.321827538543328295e-03,-5.585481446039341526e-03,-5.789164274322169653e-04,-1.260975917065390930e-02,2.283222124401913800e-01,2.093554322169059179e-01,1.512783412014885864e-01,1.604270784688995310e-01,1.703332918660286910e-01,1.779044937799043047e-01,1.871410465709728854e-01,1.930749191919191865e-01,2.024747636363636305e-01,2.093678227006911252e-01,2.176241003721424982e-01,2.223618724082934706e-01,2.283121234981392855e-01,2.306539990430621634e-01,2.302395087187665834e-01,2.304857309941520382e-01,2.293986055821371217e-01,2.264463592769803413e-01,2.215315693779904282e-01,2.124121454545454812e-01,2.054426266879319785e-01,1.968546342902711410e-01,1.893464052631578798e-01,1.810437971291865844e-01,1.686879758639021898e-01,1.517482958001063476e-01,1.246728022328548596e-01,6.305110132908027520e-02,4.631748067487507114e+02,6.891563490930356295e+01,-3.591167628686868341e+01,-8.348581244019138980e-02,2.112594066985646127e-02,-5.863169409888357303e-02,-6.652989473684211424e-03,9.629012822966506735e-02,4.180602604997341563e-03,-7.822683200425305239e-03,4.238742264752790208e-03,5.869583625730994195e-03,4.816467623604466300e-03,2.845523870281765465e-03,2.433097288676236512e-03,4.202540988835726243e-03,6.317246411483254040e-03,6.541673843700158801e-03,7.438439712918659685e-03,6.740542105263157106e-03,4.495101754385964765e-03,1.411147793726741199e-03,-4.214337054758107194e-04,-5.296571291866028659e-03,-7.729422328548645436e-03,-6.369306804891016610e-03,-4.466737533227007825e-03,8.245695640616694175e-03
cmzo,-2.890979699999999752e+02,1.649999999999999991e-03,1.990000000000000015e-03,2.710000000000000169e-03,3.320000000000000034e-03,3.980000000000000031e-03,4.649999999999999620e-03,5.329999999999999669e-03,6.020000000000000177e-03,6.700000000000000226e-03,7.389999999999999868e-03,8.089999999999999969e-03,8.810000000000000123e-03,9.539999999999999869e-03,1.026999999999999962e-02,1.102999999999999987e-02,1.179999999999999973e-02,1.256999999999999958e-02,1.333999999999999943e-02,1.412000000000000061e-02,1.490999999999999964e-02,1.572000000000000133e-02,1.652999999999999955e-02,1.735000000000000084e-02,1.819000000000000131e-02,1.904000000000000137e-02,1.990000000000000102e-02,2.077000000000000027e-02,2.162999999999999992e-02,2.251999999999999835e-02,2.340000000000000066e-02,2.429999999999999868e-02,2.520999999999999977e-02,2.613000000000000045e-02,2.704000000000000153e-02,2.796999999999999834e-02,2.888999999999999901e-02,2.982999999999999888e-02,3.075999999999999915e-02,3.171000000000000207e-02,3.230000000000000232e-02,3.235999999999999988e-02,3.243000000000000049e-02,3.250999999999999723e-02,3.257999999999999785e-02,3.264000000000000234e-02,3.316000000000000197e-02,3.400000000000000244e-02,3.481999999999999679e-02,3.563000000000000195e-02,3.640999999999999792e-02,3.717000000000000165e-02,3.789000000000000007e-02,3.853999999999999787e-02,3.914000000000000118e-02,3.964999999999999775e-02,4.009999999999999676e-02,4.041000000000000147e-02,4.059999999999999720e-02,4.059999999999999720e-02,4.039000000000000229e-02,3.987000000000000266e-02,3.892999999999999933e-02,3.771000000000000046e-02,2.663708500000000186e+02,-1.590000000000000050e-03,-1.940000000000000101e-03,-2.759999999999999867e-03,-3.360000000000000139e-03,-4.309999999999999595e-03,-5.080000000000000314e-03,-5.400000000000000286e-03,-6.000000000000000125e-03,-6.660000000000000121e-03,-7.340000000000000170e-03,-8.019999999999999352e-03,-8.729999999999999913e-03,-9.440000000000000474e-03,-1.016000000000000063e-02,-1.089999999999999997e-02,-1.165000000000000063e-02,-1.239999999999999956e-02,-1.315000000000000023e-02,-1.391000000000000049e-02,-1.469999999999999953e-02,-1.549999999999999989e-02,-1.631000000000000158e-02,-1.714999999999999858e-02,-1.799999999999999864e-02,-1.883999999999999911e-02,-1.967999999999999958e-02,-2.053999999999999923e-02,-2.140999999999999848e-02,-2.229000000000000078e-02,-2.317999999999999922e-02,-2.408000000000000071e-02,-2.498999999999999833e-02,-2.589999999999999941e-02,-2.682000000000000009e-02,-2.775000000000000036e-02,-2.868000000000000063e-02,-2.962000000000000050e-02,-3.056000000000000036e-02,-3.153000000000000247e-02,-3.214000000000000190e-02,-3.221000000000000252e-02,-3.228000000000000314e-02,-3.234999999999999681e-02,-3.241999999999999743e-02,-3.248999999999999805e-02,-3.300000000000000155e-02,-3.384000000000000202e-02,-3.466999999999999943e-02,-3.547999999999999765e-02,-3.624999999999999750e-02,-3.699999999999999817e-02,-3.771000000000000046e-02,-3.837000000000000133e-02,-3.898000000000000076e-02,-3.953000000000000264e-02,-4.000999999999999696e-02,-4.032999999999999780e-02,-4.052000000000000046e-02,-4.052999999999999658e-02,-4.034999999999999698e-02,-3.989999999999999797e-02,-3.917999999999999955e-02,-3.790999999999999925e-02,7.694600000000000328e-01,1.180000000000000059e-03,9.300000000000000541e-04,1.319999999999999993e-03,1.729999999999999984e-03,2.150000000000000001e-03,2.619999999999999933e-03,3.069999999999999812e-03,3.540000000000000178e-03,4.020000000000000136e-03,4.530000000000000172e-03,5.049999999999999802e-03,5.599999999999999943e-03,6.159999999999999677e-03,6.749999999999999924e-03,7.360000000000000223e-03,8.000000000000000167e-03,8.659999999999999296e-03,9.339999999999999344e-03,1.004999999999999991e-02,1.080000000000000057e-02,1.157000000000000042e-02,1.237000000000000079e-02,1.323000000000000044e-02,1.410999999999999928e-02,1.502999999999999996e-02,1.600999999999999993e-02,1.703999999999999959e-02,0.000000000000000000e+00,-0.000000000000000000e+00,-0.000000000000000000e+00,-0.000000000000000000e+00,-0.000000000000000000e+00,-0.000000000000000000e+00,-0.000000000000000000e+00,-0.000000000000000000e+00,-0.000000000000000000e+00,-0.000000000000000000e+00,-0.000000000000000000e+00,-0.000000000000000000e+00,-0.000000000000000000e+00,-0.000000000000000000e+00,-0.000000000000000000e+00,-0.000000000000000000e+00,-0.000000000000000000e+00,-0.000000000000000000e+00,-0.000000000000000000e+00,-0.000000000000000000e+00,-0.000000000000000000e+00,-0.000000000000000000e+00,-0.000000000000000000e+00,-0.000000000000000000e+00,-0.000000000000000000e+00,-0.000000000000000000e+00,-0.000000000000000000e+00,-0.000000000000000000e+00,-2.818200000000000149e-01,-1.160000000000000007e-03,-9.200000000000000278e-04,-1.309999999999999967e-03,-1.709999999999999932e-03,-2.129999999999999949e-03,-2.599999999999999881e-03,-3.099999999999999891e-03,-3.609999999999999928e-03,-4.150000000000000043e-03,-4.680000000000000132e-03,-5.210000000000000221e-03,-5.749999999999999903e-03,-6.300000000000000044e-03,-6.879999999999999831e-03,-7.470000000000000077e-03,-8.099999999999999561e-03,-8.750000000000000833e-03,-9.419999999999999554e-03,-1.012000000000000052e-02,-1.085999999999999986e-02,-1.162999999999999971e-02,-1.243000000000000008e-02,-1.328000000000000014e-02,-1.414999999999999938e-02,-1.506000000000000047e-02,-1.602999999999999911e-02,-1.703999999999999959e-02
cmzo*c/cref,-3.043136526315789681e+00,2.004096491228070289e-03,2.402504465709729212e-03,3.251927963849016601e-03,3.955883253588516821e-03,4.704207655502391262e-03,5.451624401913874977e-03,6.197846411483252764e-03,6.942586602870814624e-03,7.662684210526314599e-03,8.381108612440190536e-03,9.097572727272728102e-03,9.822986071238703001e-03,1.054563062200956740e-02,1.125430388091440762e-02,1.198165268474215769e-02,1.270516852737905295e-02,1.341401435406698421e-02,1.410806060606060661e-02,1.479792514619883079e-02,1.548325422647527788e-02,1.617396618819776782e-02,1.684926363636363514e-02,1.751916480595427927e-02,1.819338463583200852e-02,1.886144306220095823e-02,1.952305316321105780e-02,2.017803843700159694e-02,2.080665709728867288e-02,2.144739670388091241e-02,2.206180861244019104e-02,2.267793301435406389e-02,2.328621297182349725e-02,2.388609840510367080e-02,2.445948410419989533e-02,2.503337304625199294e-02,2.558062822966506930e-02,2.612781313131313024e-02,2.664836427432216992e-02,2.716827161084529874e-02,2.750084848484848563e-02,2.751494587985114232e-02,2.753722503987240597e-02,2.756782323232323181e-02,2.758976937799042725e-02,2.760309792663476897e-02,2.788101967038809220e-02,2.829465178096757239e-02,2.867716703880914333e-02,2.903759760765550410e-02,2.935989356725146257e-02,2.965260956937799258e-02,2.990087033492823398e-02,3.008209888357256737e-02,3.021354141414141908e-02,3.026574508240297348e-02,3.026409463051568313e-02,3.015024258373205646e-02,2.994255396065922253e-02,2.959310473152578294e-02,2.909239521531100520e-02,2.837467990430622006e-02,2.737062541201488661e-02,2.618850239234449956e-02,2.803903684210526936e+00,-1.931220255183413448e-03,-2.342140031897926942e-03,-3.311926634768739934e-03,-4.003544497607655975e-03,-5.094255023923443745e-03,-5.955753110047846965e-03,-6.279244019138756350e-03,-6.919521531100479225e-03,-7.616936842105262624e-03,-8.324402870813396929e-03,-9.018854545454545873e-03,-9.733787559808611614e-03,-1.043508942052099805e-02,-1.113376119085592898e-02,-1.184043646996278502e-02,-1.254366214779372574e-02,-1.323259968102073227e-02,-1.390712121212121267e-02,-1.457784269005847969e-02,-1.526518022328548531e-02,-1.594761297182349657e-02,-1.662501451355662130e-02,-1.731721477937267148e-02,-1.800334928229665316e-02,-1.866331866028708014e-02,-1.930722041467304584e-02,-1.995459362041467413e-02,-2.059503136629451878e-02,-2.122835135566188136e-02,-2.185438989898989826e-02,-2.247261839447102505e-02,-2.308300127591706233e-02,-2.367584954811270681e-02,-2.426047942583731826e-02,-2.483647129186603020e-02,-2.539468389154704922e-02,-2.594387612971823381e-02,-2.647509792663476844e-02,-2.701405247208931923e-02,-2.736462137161084496e-02,-2.738740441254651839e-02,-2.740985582137161342e-02,-2.743214646464646467e-02,-2.745427634237107561e-02,-2.747624545454545320e-02,-2.774649122807017546e-02,-2.816150047846890242e-02,-2.855362955874534911e-02,-2.891535119617224744e-02,-2.923087453482190248e-02,-2.951699096225412003e-02,-2.975882344497608051e-02,-2.994940669856459639e-02,-3.009003179160021565e-02,-3.017414635832004269e-02,-3.019617022860180550e-02,-3.009055390749600795e-02,-2.988355385433280262e-02,-2.954208213716108186e-02,-2.906358373205741169e-02,-2.839603030303030143e-02,-2.754639362041467338e-02,-2.632739659755449491e-02,4.218735236576289654e-02,1.053424455077086761e-03,8.190575757575757187e-04,1.145305263157894889e-03,1.478474003189792852e-03,1.809360446570973001e-03,2.170713875598086120e-03,2.503478096757043737e-03,2.840562998405103852e-03,3.173278149920255326e-03,3.516758692185007699e-03,3.854538011695906631e-03,4.201280170122275587e-03,4.541043274853800993e-03,4.887918660287081732e-03,5.233621265284423701e-03,5.584306220095693225e-03,5.932030940988835058e-03,6.275973524720892399e-03,6.621940191387559217e-03,6.975157894736841967e-03,7.321515683147261644e-03,7.666374906964380440e-03,8.026762679425836558e-03,8.376509144072301696e-03,8.726588995215311603e-03,9.086717650186072748e-03,9.449001594896332124e-03,0.000000000000000000e+00,-0.000000000000000000e+00,-0.000000000000000000e+00,-0.000000000000000000e+00,-0.000000000000000000e+00,-0.000000000000000000e+00,-0.000000000000000000e+00,-0.000000000000000000e+00,-0.000000000000000000e+00,-0.000000000000000000e+00,-0.000000000000000000e+00,-0.000000000000000000e+00,-0.000000000000000000e+00,-0.000000000000000000e+00,-0.000000000000000000e+00,-0.000000000000000000e+00,-0.000000000000000000e+00,-0.000000000000000000e+00,-0.000000000000000000e+00,-0.000000000000000000e+00,-0.000000000000000000e+00,-0.000000000000000000e+00,-0.000000000000000000e+00,-0.000000000000000000e+00,-0.000000000000000000e+00,-0.000000000000000000e+00,-0.000000000000000000e+00,-0.000000000000000000e+00,-1.545140701754386080e-02,-1.035569803296119149e-03,-8.102505050505049876e-04,-1.136628708133971370e-03,-1.461381818181818181e-03,-1.792529186602870913e-03,-2.154143540669856399e-03,-2.527942052099946789e-03,-2.896732323232323238e-03,-3.275896597554491928e-03,-3.633207655502392226e-03,-3.976661988304094203e-03,-4.313814460393408309e-03,-4.644248803827751883e-03,-4.982056353003722071e-03,-5.311841148325359245e-03,-5.654110047846889163e-03,-5.993680223285486816e-03,-6.329729186602870393e-03,-6.668063157894736463e-03,-7.013908771929824003e-03,-7.359483785220626365e-03,-7.703560233918127845e-03,-8.057098139287613078e-03,-8.400255449229133628e-03,-8.744007336523126894e-03,-9.098068952684742680e-03,-9.449001594896332124e-03
cs,-6.015021999999999736e+01,-1.046000000000000055e-02,4.198000000000000342e-02,6.374000000000000499e-02,2.420999999999999888e-02,2.234999999999999834e-02,2.273999999999999980e-02,2.273000000000000020e-02,2.338000000000000148e-02,2.338000000000000148e-02,2.392999999999999988e-02,2.383000000000000049e-02,2.421999999999999847e-02,2.416000000000000092e-02,2.423000000000000154e-02,2.432000000000000134e-02,2.460000000000000034e-02,2.476000000000000076e-02,2.464999999999999830e-02,2.452000000000000013e-02,2.462999999999999912e-02,2.449000000000000135e-02,2.443000000000000033e-02,2.435999999999999971e-02,2.430999999999999828e-02,2.428999999999999909e-02,2.418000000000000010e-02,2.412999999999999867e-02,2.391000000000000070e-02,2.381000000000000130e-02,2.367000000000000007e-02,2.370999999999999844e-02,2.358999999999999986e-02,2.347000000000000128e-02,2.341000000000000025e-02,2.324999999999999983e-02,2.316999999999999962e-02,2.324000000000000024e-02,2.350000000000000006e-02,2.495999999999999955e-02,3.620000000000000301e-02,2.182999999999999871e-02,2.111999999999999988e-02,2.129999999999999949e-02,2.096999999999999906e-02,1.779999999999999985e-02,2.182999999999999871e-02,2.212000000000000077e-02,2.148999999999999869e-02,2.097999999999999865e-02,2.072999999999999843e-02,1.992999999999999980e-02,1.905000000000000096e-02,1.829000000000000070e-02,1.755999999999999922e-02,1.659000000000000058e-02,1.565000000000000072e-02,1.440999999999999920e-02,1.288000000000000082e-02,1.089000000000000037e-02,7.579999999999999932e-03,2.639999999999999986e-03,-1.099999999999999936e-02,-2.612700000000000022e-01,4.959132999999999925e+01,1.542999999999999927e-02,-6.155000000000000054e-02,-8.773000000000000242e-02,-3.058999999999999914e-02,-2.775000000000000036e-02,-2.734999999999999931e-02,-2.607999999999999902e-02,-2.365000000000000088e-02,-2.335999999999999882e-02,-2.373000000000000109e-02,-2.358000000000000027e-02,-2.384999999999999967e-02,-2.375999999999999987e-02,-2.380000000000000171e-02,-2.392999999999999988e-02,-2.417000000000000051e-02,-2.426000000000000031e-02,-2.410999999999999949e-02,-2.391000000000000070e-02,-2.403999999999999887e-02,-2.399000000000000091e-02,-2.399000000000000091e-02,-2.401999999999999968e-02,-2.400000000000000050e-02,-2.392999999999999988e-02,-2.378999999999999865e-02,-2.375000000000000028e-02,-2.353999999999999843e-02,-2.342999999999999944e-02,-2.330000000000000127e-02,-2.333000000000000004e-02,-2.325999999999999943e-02,-2.316999999999999962e-02,-2.316000000000000003e-02,-2.309999999999999901e-02,-2.299999999999999961e-02,-2.312000000000000166e-02,-2.334999999999999923e-02,-2.454999999999999891e-02,-3.432000000000000328e-02,-2.231999999999999956e-02,-2.151000000000000134e-02,-2.151000000000000134e-02,-2.088999999999999885e-02,-1.682000000000000162e-02,-2.146999999999999950e-02,-2.186000000000000096e-02,-2.134000000000000133e-02,-2.084000000000000088e-02,-2.060999999999999985e-02,-1.987999999999999837e-02,-1.904000000000000137e-02,-1.831999999999999948e-02,-1.764999999999999902e-02,-1.678999999999999937e-02,-1.597000000000000156e-02,-1.476000000000000055e-02,-1.316999999999999942e-02,-1.102000000000000028e-02,-7.510000000000000182e-03,-5.159999999999999656e-03,7.519999999999999775e-03,2.781199999999999783e-01,-1.002660000000000107e+00,-2.105139000000000138e+01,1.263416999999999923e+01,3.572000000000000175e-02,9.060000000000000345e-03,-6.539999999999999807e-03,-8.429999999999999993e-03,1.569999999999999998e-03,5.400000000000000069e-04,1.900000000000000105e-04,1.100000000000000039e-04,2.000000000000000096e-04,2.700000000000000035e-04,5.400000000000000069e-04,6.899999999999999667e-04,4.699999999999999859e-04,2.599999999999999772e-04,-2.799999999999999755e-04,-5.599999999999999509e-04,-1.600000000000000131e-04,-8.000000000000000654e-05,-5.999999999999999474e-04,-5.900000000000000296e-04,1.900000000000000105e-04,-9.799999999999999684e-04,-1.420000000000000038e-03,1.000000000000000082e-05,-3.860000000000000150e-03,7.824000000000000399e-02,6.728000000000000647e-02,5.056999999999999690e-02,5.360999999999999793e-02,5.691000000000000225e-02,5.934999999999999998e-02,6.232000000000000040e-02,6.408999999999999420e-02,6.701999999999999624e-02,6.898999999999999577e-02,7.145999999999999575e-02,7.273000000000000298e-02,7.438000000000000167e-02,7.484000000000000374e-02,7.442000000000000004e-02,7.416000000000000369e-02,7.352000000000000202e-02,7.240000000000000602e-02,7.066999999999999671e-02,6.772999999999999854e-02,6.531000000000000694e-02,6.228000000000000203e-02,5.951000000000000040e-02,5.650000000000000161e-02,5.242000000000000132e-02,4.696999999999999786e-02,3.853999999999999787e-02,2.000000000000000042e-02,1.458800000000000097e-01,1.927643000000000129e+01,-1.254960999999999949e+01,-2.732000000000000053e-02,6.190000000000000190e-03,-2.009000000000000022e-02,-7.839999999999999747e-03,3.093999999999999875e-02,2.279999999999999909e-03,-7.810000000000000102e-03,-1.209999999999999921e-03,-5.299999999999999807e-04,-5.400000000000000069e-04,-6.999999999999999929e-04,-5.900000000000000296e-04,9.000000000000000567e-05,6.499999999999999702e-04,5.900000000000000296e-04,8.800000000000000313e-04,1.139999999999999954e-03,1.100000000000000039e-04,-3.899999999999999929e-04,-1.499999999999999869e-04,-1.699999999999999905e-03,-2.870000000000000155e-03,-2.050000000000000173e-03,-1.250000000000000026e-03,2.680000000000000090e-03
cs*c/cref,-6.331602105263158808e-01,-1.270475715045188934e-02,5.068197862838916962e-02,7.648630568846358224e-02,2.884696794258373442e-02,2.641684449760765135e-02,2.666020191387559815e-02,2.643096602870813328e-02,2.696306889952153688e-02,2.673933684210526296e-02,2.713936794258373086e-02,2.679791818181818594e-02,2.700484933545985872e-02,2.670675427963848866e-02,2.655226709197235774e-02,2.641829494949494983e-02,2.648704625199362062e-02,2.642251355661881865e-02,2.606924242424242186e-02,2.569724678362573025e-02,2.557696523125996615e-02,2.519722849548112695e-02,2.490184577352472228e-02,2.459751323763955180e-02,2.431452339181286795e-02,2.406220861244019044e-02,2.372198118022328731e-02,2.344227575757575760e-02,2.299986921850079649e-02,2.267595539606592075e-02,2.231636794258373344e-02,2.212731653375863555e-02,2.178983593833067403e-02,2.145452466772993297e-02,2.117590691121743612e-02,2.080893540669856434e-02,2.051585863902179521e-02,2.035569484316852862e-02,2.035879585326953733e-02,2.138505390749601345e-02,3.082138437001595219e-02,1.856153487506645092e-02,1.793358596491228044e-02,1.806196969696969787e-02,1.775805598086124121e-02,1.505316002126528413e-02,1.835472434875066311e-02,1.840816757044125632e-02,1.769880297713982004e-02,1.709819808612440123e-02,1.671602838915470582e-02,1.589928729399255752e-02,1.503329585326954043e-02,1.427611802232854957e-02,1.355518107389686380e-02,1.266352360446570957e-02,1.181129877724614724e-02,1.075142280701754313e-02,9.499017118553960276e-03,7.937657894736842648e-03,5.459776076555023124e-03,1.878835087719298112e-03,-7.733801169590642961e-03,-1.814444449760765632e-01,5.220140000000000891e-01,1.874133870281765105e-02,-7.430861802232856250e-02,-1.052736679957469446e-01,-3.644893636363636530e-02,-3.279943779904305468e-02,-3.206493062200956728e-02,-3.032642296650717509e-02,-2.727444736842105782e-02,-2.671646315789473133e-02,-2.691254497607655644e-02,-2.651678181818182406e-02,-2.659230622009569125e-02,-2.626458947368420782e-02,-2.608105475810739218e-02,-2.599464630515683009e-02,-2.602406129718234928e-02,-2.588894098883572428e-02,-2.549815151515151535e-02,-2.505795964912280877e-02,-2.496428112706007216e-02,-2.468278936735778667e-02,-2.445334752791068766e-02,-2.425419819245082376e-02,-2.400446570972887203e-02,-2.370558468899521334e-02,-2.333936858054226279e-02,-2.307310606060606131e-02,-2.264395321637426364e-02,-2.231405438596490917e-02,-2.196752737905369526e-02,-2.177268219032429258e-02,-2.148501839447102338e-02,-2.118028702817650183e-02,-2.094976523125996817e-02,-2.067468421052631386e-02,-2.036533227006910932e-02,-2.025058798511430308e-02,-2.022884609250398882e-02,-2.103377698032961318e-02,-2.922071578947368561e-02,-1.897817033492823005e-02,-1.826474593301435564e-02,-1.824004545454545670e-02,-1.769030946305156712e-02,-1.422439053694843185e-02,-1.805203535353535130e-02,-1.819179670388091502e-02,-1.757526549707602581e-02,-1.698410143540669826e-02,-1.661926411483253749e-02,-1.585939946836788933e-02,-1.502540435938331045e-02,-1.429953429027113268e-02,-1.362465523657628921e-02,-1.281618814460393392e-02,-1.205280776182881576e-02,-1.101256076555023888e-02,-9.712892503987239842e-03,-8.032414141414142422e-03,-5.409355980861244029e-03,-3.672268580542264235e-03,5.287107708665603721e-03,1.931462817650186070e-01,-5.497305996810207540e-02,-1.879326189776714529e+01,1.112700285151515089e+01,3.099265454545455101e-02,7.742759808612440994e-03,-5.503822009569378504e-03,-6.984396172248804116e-03,1.280280329611908473e-03,4.333062200956937877e-04,1.499808080808080757e-04,8.539590643274853963e-05,1.526549707602339499e-04,2.025617224880383097e-04,3.980784688995215930e-04,4.996539074960127660e-04,3.342122275385433637e-04,1.814899521531100287e-04,-1.917977671451355363e-04,-3.762896331738436258e-04,-1.054239234449760821e-04,-5.166783625730993944e-05,-3.796810207336522480e-04,-3.656557150451887443e-04,1.152747474747474704e-04,-5.817844763423711584e-04,-8.244681552365763820e-04,5.675651249335460842e-06,-2.140442849548113060e-03,7.977817926634768464e-02,6.751070494417864276e-02,4.981212211589580025e-02,5.181957990430621774e-02,5.396163237639553523e-02,5.518256353003721248e-02,5.679667878787878627e-02,5.722954199893673377e-02,5.861203636363635644e-02,5.906475603402445290e-02,5.986380095693780157e-02,5.958872137161085047e-02,5.957082732589048801e-02,5.856140478468899180e-02,5.686265635300372101e-02,5.529867942583732709e-02,5.346791834130781157e-02,5.132009144072302576e-02,4.879273205741626457e-02,4.551592828282828573e-02,4.268725486443382400e-02,3.956021626794258700e-02,3.670479356725146053e-02,3.380808612440191346e-02,3.040164922913344073e-02,2.637611461988304332e-02,2.093269059011164043e-02,1.049452418926103206e-02,7.998194790005316510e-03,1.720869726150983681e+01,-1.105253026161616070e+01,-2.370434832535885453e-02,5.290031259968102327e-03,-1.690700063795853511e-02,-6.495571291866029072e-03,2.523049261031366092e-02,1.829515151515151428e-03,-6.165000584795321016e-03,-9.393549707602338004e-04,-4.045356725146199224e-04,-4.051234449760766194e-04,-5.160276448697502212e-04,-4.272402977139820026e-04,6.399808612440192792e-05,4.537248803827750583e-04,4.041452950558213695e-04,5.913122807017543543e-04,7.511454545454544903e-04,7.104327485380116758e-05,-2.467926634768739910e-04,-9.296331738437000366e-05,-1.031405635300371984e-03,-1.703797395002658354e-03,-1.190253322700691313e-03,-7.094564061669325714e-04,1.486110579479000713e-03
csi,-5.169451999999999714e+01,-1.046000000000000055e-02,4.198999999999999955e-02,6.375000000000000111e-02,2.421999999999999847e-02,2.236000000000000140e-02,2.274999999999999939e-02,2.273999999999999980e-02,2.339000000000000107e-02,2.339000000000000107e-02,2.393999999999999947e-02,2.384000000000000008e-02,2.423000000000000154e-02,2.417000000000000051e-02,2.424000000000000113e-02,2.433000000000000093e-02,2.460999999999999993e-02,2.477000000000000035e-02,2.464999999999999830e-02,2.452999999999999972e-02,2.463999999999999871e-02,2.450000000000000094e-02,2.443999999999999992e-02,2.436999999999999930e-02,2.432000000000000134e-02,2.429999999999999868e-02,2.418000000000000010e-02,2.412999999999999867e-02,2.391000000000000070e-02,2.382000000000000089e-02,2.367000000000000007e-02,2.372000000000000150e-02,2.359999999999999945e-02,2.348000000000000087e-02,2.341000000000000025e-02,2.325999999999999943e-02,2.317999999999999922e-02,2.324999999999999983e-02,2.350000000000000006e-02,2.496999999999999914e-02,3.620000000000000301e-02,2.183999999999999830e-02,2.111999999999999988e-02,2.129999999999999949e-02,2.097999999999999865e-02,1.779999999999999985e-02,2.183999999999999830e-02,2.213000000000000037e-02,2.149999999999999828e-02,2.097999999999999865e-02,2.072999999999999843e-02,1.992999999999999980e-02,1.905000000000000096e-02,1.829000000000000070e-02,1.755999999999999922e-02,1.660000000000000017e-02,1.565000000000000072e-02,1.440999999999999920e-02,1.288000000000000082e-02,1.089000000000000037e-02,7.590000000000000392e-03,2.639999999999999986e-03,-1.098999999999999977e-02,-2.612700000000000022e-01,4.180035999999999774e+01,1.542999999999999927e-02,-6.155000000000000054e-02,-8.773999999999999855e-02,-3.059999999999999873e-02,-2.775999999999999995e-02,-2.735999999999999890e-02,-2.608999999999999861e-02,-2.366000000000000048e-02,-2.336999999999999841e-02,-2.374000000000000069e-02,-2.358999999999999986e-02,-2.385999999999999927e-02,-2.376999999999999946e-02,-2.381000000000000130e-02,-2.393999999999999947e-02,-2.418000000000000010e-02,-2.426999999999999991e-02,-2.411999999999999908e-02,-2.392000000000000029e-02,-2.404999999999999846e-02,-2.400000000000000050e-02,-2.399000000000000091e-02,-2.402999999999999928e-02,-2.401000000000000009e-02,-2.393999999999999947e-02,-2.380000000000000171e-02,-2.375999999999999987e-02,-2.355000000000000149e-02,-2.342999999999999944e-02,-2.330000000000000127e-02,-2.333000000000000004e-02,-2.326999999999999902e-02,-2.317999999999999922e-02,-2.316999999999999962e-02,-2.309999999999999901e-02,-2.300999999999999920e-02,-2.312000000000000166e-02,-2.335999999999999882e-02,-2.455999999999999850e-02,-3.432000000000000328e-02,-2.231999999999999956e-02,-2.151000000000000134e-02,-2.151000000000000134e-02,-2.089999999999999844e-02,-1.683000000000000121e-02,-2.146999999999999950e-02,-2.186000000000000096e-02,-2.134000000000000133e-02,-2.084000000000000088e-02,-2.060999999999999985e-02,-1.987999999999999837e-02,-1.905000000000000096e-02,-1.832999999999999907e-02,-1.764999999999999902e-02,-1.678999999999999937e-02,-1.597000000000000156e-02,-1.477000000000000014e-02,-1.318000000000000074e-02,-1.102000000000000028e-02,-7.510000000000000182e-03,-5.170000000000000116e-03,7.519999999999999775e-03,2.781199999999999783e-01,-1.013759999999999994e+00,-2.105153999999999925e+01,1.263416999999999923e+01,3.572000000000000175e-02,9.060000000000000345e-03,-6.539999999999999807e-03,-8.429999999999999993e-03,1.569999999999999998e-03,5.400000000000000069e-04,1.900000000000000105e-04,1.100000000000000039e-04,2.000000000000000096e-04,2.700000000000000035e-04,5.400000000000000069e-04,6.899999999999999667e-04,4.699999999999999859e-04,2.599999999999999772e-04,-2.799999999999999755e-04,-5.599999999999999509e-04,-1.600000000000000131e-04,-8.000000000000000654e-05,-5.999999999999999474e-04,-5.900000000000000296e-04,1.900000000000000105e-04,-9.799999999999999684e-04,-1.420000000000000038e-03,1.000000000000000082e-05,-3.860000000000000150e-03,7.824000000000000399e-02,6.728000000000000647e-02,5.056999999999999690e-02,5.360999999999999793e-02,5.691000000000000225e-02,5.934999999999999998e-02,6.232000000000000040e-02,6.408999999999999420e-02,6.701999999999999624e-02,6.898999999999999577e-02,7.145999999999999575e-02,7.273000000000000298e-02,7.438000000000000167e-02,7.484000000000000374e-02,7.442000000000000004e-02,7.416000000000000369e-02,7.352000000000000202e-02,7.240000000000000602e-02,7.066999999999999671e-02,6.772999999999999854e-02,6.531000000000000694e-02,6.228000000000000203e-02,5.951000000000000040e-02,5.650000000000000161e-02,5.242000000000000132e-02,4.696999999999999786e-02,3.853999999999999787e-02,2.000000000000000042e-02,1.499399999999999900e-01,1.927657999999999916e+01,-1.254960999999999949e+01,-2.732000000000000053e-02,6.190000000000000190e-03,-2.009000000000000022e-02,-7.839999999999999747e-03,3.093999999999999875e-02,2.279999999999999909e-03,-7.810000000000000102e-03,-1.209999999999999921e-03,-5.299999999999999807e-04,-5.400000000000000069e-04,-6.999999999999999929e-04,-5.900000000000000296e-04,9.000000000000000567e-05,6.499999999999999702e-04,5.900000000000000296e-04,8.800000000000000313e-04,1.139999999999999954e-03,1.100000000000000039e-04,-3.899999999999999929e-04,-1.499999999999999869e-04,-1.699999999999999905e-03,-2.870000000000000155e-03,-2.050000000000000173e-03,-1.250000000000000026e-03,2.680000000000000090e-03
csi*c/cref,-5.441528421052631570e-01,-1.270475715045188934e-02,5.069405151515152252e-02,7.649830542264753064e-02,2.885888325358851661e-02,2.642866411483253339e-02,2.667192583732057309e-02,2.644259425837320460e-02,2.697460143540670111e-02,2.675077368421052357e-02,2.715070909090909132e-02,2.680916363636363930e-02,2.701599914938862187e-02,2.671780839978734473e-02,2.656322551834131018e-02,2.642915773524720860e-02,2.649781334396597229e-02,2.643318500797448012e-02,2.606924242424242186e-02,2.570772690058479443e-02,2.558734970760233665e-02,2.520751727804359035e-02,2.491203891547049548e-02,2.460761073896863133e-02,2.432452525252525727e-02,2.407211483253588261e-02,2.372198118022328731e-02,2.344227575757575760e-02,2.299986921850079649e-02,2.268547910685805510e-02,2.231636794258373344e-02,2.213664901648059596e-02,2.179907283359914724e-02,2.146366592238171250e-02,2.117590691121743612e-02,2.081788548644337988e-02,2.052471313131313049e-02,2.036445374800638017e-02,2.035879585326953733e-02,2.139362163742690101e-02,3.082138437001595219e-02,1.857003763955342515e-02,1.793358596491228044e-02,1.806196969696969787e-02,1.776652429558745264e-02,1.505316002126528413e-02,1.836313237639553356e-02,1.841648952684742102e-02,1.770703880914407252e-02,1.709819808612440123e-02,1.671602838915470582e-02,1.589928729399255752e-02,1.503329585326954043e-02,1.427611802232854957e-02,1.355518107389686380e-02,1.267115683147262105e-02,1.181129877724614724e-02,1.075142280701754313e-02,9.499017118553960276e-03,7.937657894736842648e-03,5.466978947368420633e-03,1.878835087719298112e-03,-7.726770441254651733e-03,-1.814444449760765632e-01,4.400037894736842370e-01,1.874133870281765105e-02,-7.430861802232856250e-02,-1.052856677299308930e-01,-3.646085167464115095e-02,-3.281125741626794018e-02,-3.207665454545454570e-02,-3.033805119617224641e-02,-2.728597990430622205e-02,-2.672789999999999541e-02,-2.692388612440191342e-02,-2.652802727272727742e-02,-2.660345603402445094e-02,-2.627564359383306389e-02,-2.609201318447634463e-02,-2.600550909090908885e-02,-2.603482838915470443e-02,-2.589961244019138575e-02,-2.550872727272727319e-02,-2.506843976608186947e-02,-2.497466560340244265e-02,-2.469307814992025354e-02,-2.445334752791068766e-02,-2.426429569377990328e-02,-2.401446757044125788e-02,-2.371549090909090898e-02,-2.334917916002126823e-02,-2.308282105263157954e-02,-2.265357256778309167e-02,-2.231405438596490917e-02,-2.196752737905369526e-02,-2.177268219032429258e-02,-2.149425528973950006e-02,-2.118942828282828136e-02,-2.095881089845826398e-02,-2.067468421052631386e-02,-2.037418676236044460e-02,-2.025058798511430308e-02,-2.023750940988835664e-02,-2.104234471026050074e-02,-2.922071578947368561e-02,-1.897817033492823005e-02,-1.826474593301435564e-02,-1.824004545454545670e-02,-1.769877777777777508e-02,-1.423284736842105221e-02,-1.805203535353535130e-02,-1.819179670388091502e-02,-1.757526549707602581e-02,-1.698410143540669826e-02,-1.661926411483253749e-02,-1.585939946836788933e-02,-1.503329585326954043e-02,-1.430733971291866038e-02,-1.362465523657628921e-02,-1.281618814460393392e-02,-1.205280776182881576e-02,-1.102002185007974408e-02,-9.720267517278044500e-03,-8.032414141414142422e-03,-5.409355980861244029e-03,-3.679385380116959037e-03,5.287107708665603721e-03,1.931462817650186070e-01,-5.558164210526315985e-02,-1.879339580765550011e+01,1.112700285151515089e+01,3.099265454545455101e-02,7.742759808612440994e-03,-5.503822009569378504e-03,-6.984396172248804116e-03,1.280280329611908473e-03,4.333062200956937877e-04,1.499808080808080757e-04,8.539590643274853963e-05,1.526549707602339499e-04,2.025617224880383097e-04,3.980784688995215930e-04,4.996539074960127660e-04,3.342122275385433637e-04,1.814899521531100287e-04,-1.917977671451355363e-04,-3.762896331738436258e-04,-1.054239234449760821e-04,-5.166783625730993944e-05,-3.796810207336522480e-04,-3.656557150451887443e-04,1.152747474747474704e-04,-5.817844763423711584e-04,-8.244681552365763820e-04,5.675651249335460842e-06,-2.140442849548113060e-03,7.977817926634768464e-02,6.751070494417864276e-02,4.981212211589580025e-02,5.181957990430621774e-02,5.396163237639553523e-02,5.518256353003721248e-02,5.679667878787878627e-02,5.722954199893673377e-02,5.861203636363635644e-02,5.906475603402445290e-02,5.986380095693780157e-02,5.958872137161085047e-02,5.957082732589048801e-02,5.856140478468899180e-02,5.686265635300372101e-02,5.529867942583732709e-02,5.346791834130781157e-02,5.132009144072302576e-02,4.879273205741626457e-02,4.551592828282828573e-02,4.268725486443382400e-02,3.956021626794258700e-02,3.670479356725146053e-02,3.380808612440191346e-02,3.040164922913344073e-02,2.637611461988304332e-02,2.093269059011164043e-02,1.049452418926103206e-02,8.220793301435406694e-03,1.720883117139819163e+01,-1.105253026161616070e+01,-2.370434832535885453e-02,5.290031259968102327e-03,-1.690700063795853511e-02,-6.495571291866029072e-03,2.523049261031366092e-02,1.829515151515151428e-03,-6.165000584795321016e-03,-9.393549707602338004e-04,-4.045356725146199224e-04,-4.051234449760766194e-04,-5.160276448697502212e-04,-4.272402977139820026e-04,6.399808612440192792e-05,4.537248803827750583e-04,4.041452950558213695e-04,5.913122807017543543e-04,7.511454545454544903e-04,7.104327485380116758e-05,-2.467926634768739910e-04,-9.296331738437000366e-05,-1.031405635300371984e-03,-1.703797395002658354e-03,-1.190253322700691313e-03,-7.094564061669325714e-04,1.486110579479000713e-03
cso,-8.455709999999999837e+00,-1.000000000000000082e-05,-1.000000000000000082e-05,-1.000000000000000082e-05,-1.000000000000000082e-05,-1.000000000000000082e-05,-1.000000000000000082e-05,-1.000000000000000082e-05,-1.000000000000000082e-05,-1.000000000000000082e-05,-1.000000000000000082e-05,-1.000000000000000082e-05,-1.000000000000000082e-05,-1.000000000000000082e-05,-1.000000000000000082e-05,-1.000000000000000082e-05,-1.000000000000000082e-05,-1.000000000000000082e-05,-1.000000000000000082e-05,-1.000000000000000082e-05,-1.000000000000000082e-05,-1.000000000000000082e-05,-1.000000000000000082e-05,-1.000000000000000082e-05,-1.000000000000000082e-05,-1.000000000000000082e-05,-1.000000000000000082e-05,-1.000000000000000082e-05,-1.000000000000000082e-05,-1.000000000000000082e-05,-1.000000000000000082e-05,-1.000000000000000082e-05,-1.000000000000000082e-05,-1.000000000000000082e-05,-1.000000000000000082e-05,-1.000000000000000082e-05,-1.000000000000000082e-05,-1.000000000000000082e-05,-0.000000000000000000e+00,-0.000000000000000000e+00,-0.000000000000000000e+00,-0.000000000000000000e+00,-0.000000000000000000e+00,-0.000000000000000000e+00,-0.000000000000000000e+00,-0.000000000000000000e+00,-0.000000000000000000e+00,-0.000000000000000000e+00,-0.000000000000000000e+00,-0.000000000000000000e+00,-0.000000000000000000e+00,-0.000000000000000000e+00,-0.000000000000000000e+00,-0.000000000000000000e+00,-0.000000000000000000e+00,-0.000000000000000000e+00,-0.000000000000000000e+00,-0.000000000000000000e+00,-0.000000000000000000e+00,-0.000000000000000000e+00,-0.000000000000000000e+00,-0.000000000000000000e+00,-0.000000000000000000e+00,-0.000000000000000000e+00,7.790969999999999729e+00,1.000000000000000082e-05,1.000000000000000082e-05,1.000000000000000082e-05,1.000000000000000082e-05,1.000000000000000082e-05,1.000000000000000082e-05,1.000000000000000082e-05,1.000000000000000082e-05,1.000000000000000082e-05,1.000000000000000082e-05,1.000000000000000082e-05,1.000000000000000082e-05,1.000000000000000082e-05,1.000000000000000082e-05,1.000000000000000082e-05,1.000000000000000082e-05,1.000000000000000082e-05,1.000000000000000082e-05,1.000000000000000082e-05,1.000000000000000082e-05,1.000000000000000082e-05,1.000000000000000082e-05,1.000000000000000082e-05,1.000000000000000082e-05,1.000000000000000082e-05,1.000000000000000082e-05,1.000000000000000082e-05,1.000000000000000082e-05,1.000000000000000082e-05,1.000000000000000082e-05,1.000000000000000082e-05,1.000000000000000082e-05,1.000000000000000082e-05,1.000000000000000082e-05,1.000000000000000082e-05,1.000000000000000082e-05,1.000000000000000082e-05,0.000000000000000000e+00,0.000000000000000000e+00,0.000000000000000000e+00,0.000000000000000000e+00,0.000000000000000000e+00,0.000000000000000000e+00,0.000000000000000000e+00,0.000000000000000000e+00,0.000000000000000000e+00,0.000000000000000000e+00,0.000000000000000000e+00,0.000000000000000000e+00,0.000000000000000000e+00,0.000000000000000000e+00,0.000000000000000000e+00,0.000000000000000000e+00,0.000000000000000000e+00,0.000000000000000000e+00,0.000000000000000000e+00,0.000000000000000000e+00,0.000000000000000000e+00,0.000000000000000000e+00,0.000000000000000000e+00,0.000000000000000000e+00,0.000000000000000000e+00,0.000000000000000000e+00,1.110000000000000049e-02,1.499999999999999869e-04,0.000000000000000000e+00,0.000000000000000000e+00,0.000000000000000000e+00,0.000000000000000000e+00,0.000000000000000000e+00,0.000000000000000000e+00,0.000000000000000000e+00,0.000000000000000000e+00,0.000000000000000000e+00,0.000000000000000000e+00,0.000000000000000000e+00,0.000000000000000000e+00,0.000000000000000000e+00,0.000000000000000000e+00,0.000000000000000000e+00,0.000000000000000000e+00,0.000000000000000000e+00,0.000000000000000000e+00,0.000000000000000000e+00,0.000000000000000000e+00,0.000000000000000000e+00,0.000000000000000000e+00,0.000000000000000000e+00,0.000000000000000000e+00,0.000000000000000000e+00,0.000000000000000000e+00,0.000000000000000000e+00,0.000000000000000000e+00,0.000000000000000000e+00,0.000000000000000000e+00,0.000000000000000000e+00,0.000000000000000000e+00,0.000000000000000000e+00,0.000000000000000000e+00,0.000000000000000000e+00,0.000000000000000000e+00,0.000000000000000000e+00,0.000000000000000000e+00,0.000000000000000000e+00,0.000000000000000000e+00,0.000000000000000000e+00,0.000000000000000000e+00,0.000000000000000000e+00,0.000000000000000000e+00,0.000000000000000000e+00,0.000000000000000000e+00,0.000000000000000000e+00,0.000000000000000000e+00,0.000000000000000000e+00,0.000000000000000000e+00,0.000000000000000000e+00,0.000000000000000000e+00,0.000000000000000000e+00,0.000000000000000000e+00,-4.060000000000000241e-03,-1.499999999999999869e-04,0.000000000000000000e+00,0.000000000000000000e+00,0.000000000000000000e+00,0.000000000000000000e+00,0.000000000000000000e+00,0.000000000000000000e+00,0.000000000000000000e+00,0.000000000000000000e+00,0.000000000000000000e+00,0.000000000000000000e+00,0.000000000000000000e+00,0.000000000000000000e+00,0.000000000000000000e+00,0.000000000000000000e+00,0.000000000000000000e+00,0.000000000000000000e+00,0.000000000000000000e+00,0.000000000000000000e+00,0.000000000000000000e+00,0.000000000000000000e+00,0.000000000000000000e+00,0.000000000000000000e+00,0.000000000000000000e+00,0.000000000000000000e+00,0.000000000000000000e+00,0.000000000000000000e+00
cso*c/cref,-8.900747368421053907e-02,-1.214603934077618481e-05,-1.207288676236044990e-05,-1.199973418394471160e-05,-1.191531100478469024e-05,-1.181961722488038243e-05,-1.172392344497607801e-05,-1.162822966507177020e-05,-1.153253588516746578e-05,-1.143684210526315797e-05,-1.134114832535885355e-05,-1.124545454545454913e-05,-1.114981392876129635e-05,-1.105412014885699024e-05,-1.095842636895268582e-05,-1.086278575225943643e-05,-1.076709197235513032e-05,-1.067145135566188093e-05,-1.057575757575757650e-05,-1.048011695906432881e-05,-1.038447634237107942e-05,-1.028878256246677330e-05,-1.019314194577352561e-05,-1.009750132908027622e-05,-1.000186071238703022e-05,-9.906220095693780826e-06,-9.810579479000533130e-06,-9.714992025518342158e-06,-9.619351408825092768e-06,-9.523710792131845072e-06,-9.428123338649655794e-06,-9.332482721956406404e-06,-9.236895268474217127e-06,-9.141254651780969431e-06,-9.045667198298776765e-06,-8.950079744816587487e-06,-8.854492291334396516e-06,-8.758904837852207238e-06,-0.000000000000000000e+00,-0.000000000000000000e+00,-0.000000000000000000e+00,-0.000000000000000000e+00,-0.000000000000000000e+00,-0.000000000000000000e+00,-0.000000000000000000e+00,-0.000000000000000000e+00,-0.000000000000000000e+00,-0.000000000000000000e+00,-0.000000000000000000e+00,-0.000000000000000000e+00,-0.000000000000000000e+00,-0.000000000000000000e+00,-0.000000000000000000e+00,-0.000000000000000000e+00,-0.000000000000000000e+00,-0.000000000000000000e+00,-0.000000000000000000e+00,-0.000000000000000000e+00,-0.000000000000000000e+00,-0.000000000000000000e+00,-0.000000000000000000e+00,-0.000000000000000000e+00,-0.000000000000000000e+00,-0.000000000000000000e+00,8.201021052631579655e-02,1.214603934077618481e-05,1.207288676236044990e-05,1.199973418394471160e-05,1.191531100478469024e-05,1.181961722488038243e-05,1.172392344497607801e-05,1.162822966507177020e-05,1.153253588516746578e-05,1.143684210526315797e-05,1.134114832535885355e-05,1.124545454545454913e-05,1.114981392876129635e-05,1.105412014885699024e-05,1.095842636895268582e-05,1.086278575225943643e-05,1.076709197235513032e-05,1.067145135566188093e-05,1.057575757575757650e-05,1.048011695906432881e-05,1.038447634237107942e-05,1.028878256246677330e-05,1.019314194577352561e-05,1.009750132908027622e-05,1.000186071238703022e-05,9.906220095693780826e-06,9.810579479000533130e-06,9.714992025518342158e-06,9.619351408825092768e-06,9.523710792131845072e-06,9.428123338649655794e-06,9.332482721956406404e-06,9.236895268474217127e-06,9.141254651780969431e-06,9.045667198298776765e-06,8.950079744816587487e-06,8.854492291334396516e-06,8.758904837852207238e-06,0.000000000000000000e+00,0.000000000000000000e+00,0.000000000000000000e+00,0.000000000000000000e+00,0.000000000000000000e+00,0.000000000000000000e+00,0.000000000000000000e+00,0.000000000000000000e+00,0.000000000000000000e+00,0.000000000000000000e+00,0.000000000000000000e+00,0.000000000000000000e+00,0.000000000000000000e+00,0.000000000000000000e+00,0.000000000000000000e+00,0.000000000000000000e+00,0.000000000000000000e+00,0.000000000000000000e+00,0.000000000000000000e+00,0.000000000000000000e+00,0.000000000000000000e+00,0.000000000000000000e+00,0.000000000000000000e+00,0.000000000000000000e+00,0.000000000000000000e+00,0.000000000000000000e+00,6.085821371610845550e-04,1.339098883572567697e-04,0.000000000000000000e+00,0.000000000000000000e+00,0.000000000000000000e+00,0.000000000000000000e+00,0.000000000000000000e+00,0.000000000000000000e+00,0.000000000000000000e+00,0.000000000000000000e+00,0.000000000000000000e+00,0.000000000000000000e+00,0.000000000000000000e+00,0.000000000000000000e+00,0.000000000000000000e+00,0.000000000000000000e+00,0.000000000000000000e+00,0.000000000000000000e+00,0.000000000000000000e+00,0.000000000000000000e+00,0.000000000000000000e+00,0.000000000000000000e+00,0.000000000000000000e+00,0.000000000000000000e+00,0.000000000000000000e+00,0.000000000000000000e+00,0.000000000000000000e+00,0.000000000000000000e+00,0.000000000000000000e+00,0.000000000000000000e+00,0.000000000000000000e+00,0.000000000000000000e+00,0.000000000000000000e+00,0.000000000000000000e+00,0.000000000000000000e+00,0.000000000000000000e+00,0.000000000000000000e+00,0.000000000000000000e+00,0.000000000000000000e+00,0.000000000000000000e+00,0.000000000000000000e+00,0.000000000000000000e+00,0.000000000000000000e+00,0.000000000000000000e+00,0.000000000000000000e+00,0.000000000000000000e+00,0.000000000000000000e+00,0.000000000000000000e+00,0.000000000000000000e+00,0.000000000000000000e+00,0.000000000000000000e+00,0.000000000000000000e+00,0.000000000000000000e+00,0.000000000000000000e+00,0.000000000000000000e+00,0.000000000000000000e+00,-2.225985114300904014e-04,-1.339098883572567697e-04,0.000000000000000000e+00,0.000000000000000000e+00,0.000000000000000000e+00,0.000000000000000000e+00,0.000000000000000000e+00,0.000000000000000000e+00,0.000000000000000000e+00,0.000000000000000000e+00,0.000000000000000000e+00,0.000000000000000000e+00,0.000000000000000000e+00,0.000000000000000000e+00,0.000000000000000000e+00,0.000000000000000000e+00,0.000000000000000000e+00,0.000000000000000000e+00,0.000000000000000000e+00,0.000000000000000000e+00,0.000000000000000000e+00,0.000000000000000000e+00,0.000000000000000000e+00,0.000000000000000000e+00,0.000000000000000000e+00,0.000000000000000000e+00,0.000000000000000000e+00,0.000000000000000000e+00
cx,-5.687926000000000215e+01,-1.287099999999999911e-01,-9.049999999999999711e-02,-4.846000000000000307e-02,-2.188999999999999974e-02,-1.799999999999999864e-02,-1.735000000000000084e-02,-1.590000000000000094e-02,-1.456999999999999962e-02,-1.434000000000000032e-02,-1.572000000000000133e-02,-1.614000000000000157e-02,-1.646999999999999853e-02,-1.677000000000000018e-02,-1.674000000000000141e-02,-1.693000000000000060e-02,-1.633000000000000076e-02,-1.731999999999999859e-02,-1.915000000000000036e-02,-1.965000000000000080e-02,-2.052999999999999964e-02,-2.156999999999999890e-02,-2.179999999999999993e-02,-2.206999999999999934e-02,-2.301999999999999880e-02,-2.308999999999999941e-02,-2.268999999999999836e-02,-2.284999999999999878e-02,-2.318999999999999881e-02,-2.343999999999999903e-02,-2.282999999999999960e-02,-2.306000000000000064e-02,-2.217999999999999833e-02,-2.261000000000000162e-02,-2.229000000000000078e-02,-2.241999999999999896e-02,-2.349000000000000046e-02,-2.324000000000000024e-02,-2.165999999999999870e-02,-2.060999999999999985e-02,-2.020999999999999880e-02,-1.984000000000000000e-02,-2.120000000000000009e-02,-2.130999999999999908e-02,-1.754000000000000004e-02,-1.685000000000000039e-02,-2.010999999999999940e-02,-2.031000000000000166e-02,-2.055999999999999842e-02,-1.999000000000000082e-02,-1.958999999999999977e-02,-1.887000000000000136e-02,-1.867999999999999869e-02,-1.764999999999999902e-02,-1.660000000000000017e-02,-1.540000000000000049e-02,-1.374000000000000048e-02,-1.227999999999999925e-02,-1.082999999999999935e-02,-8.649999999999999703e-03,-6.839999999999999726e-03,-4.300000000000000003e-03,-1.240000000000000000e-03,1.694000000000000020e-02,-4.530194999999999794e+01,-1.433200000000000029e-01,-7.829999999999999460e-02,-2.868000000000000063e-02,-2.444999999999999951e-02,7.360000000000000223e-03,1.970999999999999835e-02,-1.598000000000000115e-02,-1.589000000000000135e-02,-1.619999999999999912e-02,-1.612999999999999851e-02,-1.621999999999999831e-02,-1.634000000000000036e-02,-1.684000000000000080e-02,-1.669999999999999957e-02,-1.701000000000000081e-02,-1.711999999999999980e-02,-1.755999999999999922e-02,-1.964000000000000121e-02,-2.037999999999999881e-02,-2.053999999999999923e-02,-2.114999999999999866e-02,-2.125000000000000153e-02,-2.109000000000000111e-02,-2.138999999999999929e-02,-2.179000000000000034e-02,-2.215999999999999914e-02,-2.247999999999999998e-02,-2.261000000000000162e-02,-2.308999999999999941e-02,-2.263000000000000081e-02,-2.297000000000000083e-02,-2.197999999999999954e-02,-2.229000000000000078e-02,-2.191999999999999851e-02,-2.204000000000000056e-02,-2.232999999999999916e-02,-2.210000000000000159e-02,-2.066000000000000128e-02,-1.930000000000000118e-02,-1.602999999999999911e-02,-1.721999999999999920e-02,-1.900999999999999912e-02,-1.829000000000000070e-02,-1.495999999999999934e-02,-1.585999999999999910e-02,-1.978999999999999856e-02,-1.992999999999999980e-02,-1.949000000000000038e-02,-1.893999999999999850e-02,-1.861000000000000154e-02,-1.796000000000000027e-02,-1.778000000000000067e-02,-1.682000000000000162e-02,-1.586999999999999869e-02,-1.460999999999999972e-02,-1.260999999999999968e-02,-1.132999999999999979e-02,-1.034999999999999983e-02,-8.300000000000000086e-03,-6.669999999999999714e-03,-5.470000000000000036e-03,-1.420000000000000038e-03,1.636999999999999914e-02,-1.527335767999999916e+04,-1.614192400000000021e+02,-4.010600000000000276e-01,7.029999999999999791e-03,9.230000000000000357e-03,1.540000000000000049e-02,-5.859999999999999758e-03,4.400000000000000265e-03,3.749999999999999861e-03,4.060000000000000241e-03,4.420000000000000318e-03,4.340000000000000108e-03,3.919999999999999873e-03,4.049999999999999781e-03,4.320000000000000055e-03,4.389999999999999805e-03,4.179999999999999688e-03,4.040000000000000188e-03,3.500000000000000073e-03,3.000000000000000062e-03,4.649999999999999620e-03,4.550000000000000225e-03,4.210000000000000200e-03,3.769999999999999914e-03,5.060000000000000261e-03,5.170000000000000116e-03,5.429999999999999931e-03,5.780000000000000415e-03,4.760000000000000342e-03,5.139999999999999604e-03,5.440000000000000391e-03,5.479999999999999628e-03,5.470000000000000036e-03,5.459999999999999576e-03,5.539999999999999786e-03,5.519999999999999733e-03,5.519999999999999733e-03,5.570000000000000298e-03,5.749999999999999903e-03,5.749999999999999903e-03,5.649999999999999641e-03,5.550000000000000246e-03,5.550000000000000246e-03,5.490000000000000088e-03,5.510000000000000141e-03,5.510000000000000141e-03,5.599999999999999943e-03,5.579999999999999891e-03,5.709999999999999798e-03,5.700000000000000205e-03,5.810000000000000060e-03,6.060000000000000282e-03,6.069999999999999875e-03,6.100000000000000387e-03,6.049999999999999822e-03,5.980000000000000072e-03,-1.575861347999999998e+04,-1.662206700000000126e+02,-4.561200000000000254e-01,-6.510000000000000162e-03,-3.200000000000000262e-04,-3.469999999999999994e-03,-6.250000000000000347e-03,2.096999999999999906e-02,-1.399999999999999986e-03,-2.400000000000000050e-02,-8.670000000000000623e-03,-6.230000000000000294e-03,-3.660000000000000059e-03,-9.799999999999999684e-04,4.499999999999999877e-04,1.360000000000000098e-03,1.330000000000000019e-03,1.139999999999999954e-03,1.459999999999999926e-03,3.099999999999999891e-03,2.380000000000000171e-03,3.720000000000000216e-03,5.790000000000000008e-03,5.720000000000000258e-03,4.810000000000000039e-03,5.709999999999999798e-03,6.139999999999999625e-03,6.190000000000000190e-03
cx*c/cref,-5.987290526315790506e-01,-1.563316723551302634e-01,-1.092596251993620537e-01,-5.815071185539606724e-02,-2.608261578947368431e-02,-2.127531100478468468e-02,-2.034100717703349326e-02,-1.848888516746411553e-02,-1.680290478468899479e-02,-1.640043157894736578e-02,-1.782828516746411823e-02,-1.815016363636364274e-02,-1.836374354066985445e-02,-1.853775948963317169e-02,-1.834440574162679582e-02,-1.839069627857522690e-02,-1.758266119085592771e-02,-1.848295374800637547e-02,-2.025257575757575743e-02,-2.059342982456140517e-02,-2.131932993088782313e-02,-2.219290398724082375e-02,-2.222104944178628430e-02,-2.228518543328016771e-02,-2.302428335991494115e-02,-2.287346220095693577e-02,-2.226020483785220647e-02,-2.219875677830941002e-02,-2.230727591706538684e-02,-2.232357809675704352e-02,-2.152440558213716132e-02,-2.152070515683147250e-02,-2.048743370547580905e-02,-2.066837676767676810e-02,-2.016279218500797304e-02,-2.006607878787878760e-02,-2.079920239234449644e-02,-2.035569484316852862e-02,-1.876474545454545270e-02,-1.765809138755981139e-02,-1.720718724082934484e-02,-1.686948474215842556e-02,-1.800151621477937350e-02,-1.807044949494949690e-02,-1.485342402977139764e-02,-1.424976103136629466e-02,-1.690854359383306763e-02,-1.690189346092504236e-02,-1.693287060074428335e-02,-1.629137177033493020e-02,-1.579676778309409974e-02,-1.505366539074960361e-02,-1.474131057947900177e-02,-1.377657097288676261e-02,-1.281412333864965537e-02,-1.175516959064327495e-02,-1.036979202551834185e-02,-9.162211802232853031e-03,-7.987139393939393997e-03,-6.304934875066454079e-03,-4.926763636363636067e-03,-3.060223817118553746e-03,-8.718103136629452160e-04,1.176433918128655040e-02,-4.768626315789474268e-01,-1.740770358320042899e-01,-9.453070334928230511e-02,-3.441523763955343235e-02,-2.913293540669856588e-02,8.699238277511961090e-03,2.310785311004784348e-02,-1.858191100478468957e-02,-1.832519952153110337e-02,-1.852768421052631079e-02,-1.829327224880382755e-02,-1.824012727272727313e-02,-1.821879595959595768e-02,-1.861513833067517110e-02,-1.830057203615098257e-02,-1.847759856459330052e-02,-1.843326145667198088e-02,-1.873906858054226118e-02,-2.077078787878788163e-02,-2.135847836257309673e-02,-2.132971440723019363e-02,-2.176077511961722194e-02,-2.166042663476874103e-02,-2.129563030303030513e-02,-2.139398006379585396e-02,-2.158565358851674554e-02,-2.174024412546517876e-02,-2.183930207336523197e-02,-2.174935353535353486e-02,-2.199024821903242805e-02,-2.133584311536416978e-02,-2.143671281233386350e-02,-2.030269580010632402e-02,-2.037585661881977789e-02,-1.982810249867091729e-02,-1.972597575757575883e-02,-1.977208128654970448e-02,-1.935717969165337560e-02,-1.789841371610845569e-02,-1.653571876661350665e-02,-1.364825390749601144e-02,-1.464176044657097137e-02,-1.614192562466772868e-02,-1.550955050505050704e-02,-1.266859883040935553e-02,-1.341253471557682028e-02,-1.663948670919723413e-02,-1.658565911749069685e-02,-1.605163657628920840e-02,-1.543564688995215095e-02,-1.500652620946305374e-02,-1.432770696438065081e-02,-1.403107612971823785e-02,-1.312872089314194753e-02,-1.225061068580542319e-02,-1.115214465709728903e-02,-9.516963423710791958e-03,-8.453408771929824678e-03,-7.633138755980860626e-03,-6.049821903242956489e-03,-4.804314832535884483e-03,-3.892889367357788358e-03,-9.983634237107920882e-04,1.136849069643806540e-02,-8.373957350018074521e+02,-1.441042160474215734e+02,-3.532163777777777569e-01,6.099618181818182265e-03,7.888043381180223634e-03,1.296007017543859829e-02,-4.855108133971291866e-03,3.588046783625730828e-03,3.009070972886762011e-03,3.204853056884636019e-03,3.431362785752259566e-03,3.312612865497076287e-03,2.940896119085593084e-03,2.985588516746411677e-03,3.128267942583732534e-03,3.121684423179160121e-03,2.917799999999999474e-03,2.767367783094098858e-03,2.351810207336523136e-03,1.976698564593301188e-03,3.003192982456139894e-03,2.879247740563529914e-03,2.609170441254651807e-03,2.287293673577883713e-03,3.003907602339181675e-03,3.001760818713450785e-03,3.081878628389155082e-03,3.205119085592770482e-03,4.853580435938330273e-03,5.157625199362041515e-03,5.358472301967039456e-03,5.296983732057416322e-03,5.186612706007442779e-03,5.076609888357255969e-03,5.048998724082934091e-03,4.929116427432217104e-03,4.827490909090908708e-03,4.768672142477405583e-03,4.816916533758638930e-03,4.711056618819777463e-03,4.525076289207867995e-03,4.342808612440191528e-03,4.240630781499202598e-03,4.093712918660286949e-03,4.007184848484847926e-03,3.905714141414141482e-03,3.866411483253588775e-03,3.749872727272727298e-03,3.732111855396066241e-03,3.620636363636363635e-03,3.583512865497075553e-03,3.626141626794258249e-03,3.520374109516214833e-03,3.425469431153642299e-03,3.286008771929824299e-03,3.137862732589048395e-03,-8.640009612931419269e+02,-1.483906090824561375e+02,-4.017081090909090935e-01,-5.648437320574163645e-03,-2.734749601275917479e-04,-2.920223604465710127e-03,-5.178229665071771431e-03,1.710030478468899454e-02,-1.123386496544391197e-03,-1.894494417862838814e-02,-6.730750079744816407e-03,-4.755202339181287263e-03,-2.745836682615630450e-03,-7.224387028176502664e-04,3.258612440191387604e-04,9.670821903242957877e-04,9.283909090909090714e-04,7.808909090909090097e-04,9.810408293460923159e-04,2.042588516746411415e-03,1.537118128654970869e-03,2.354022328548644339e-03,3.588384051036682277e-03,3.470376608187134178e-03,2.855493195108985138e-03,3.315290962254120385e-03,3.484849867091972375e-03,3.432471823498139778e-03
cxi,-7.025625999999999749e+01,-1.351400000000000101e-01,-9.704000000000000126e-02,-5.612999999999999934e-02,-2.998999999999999930e-02,-2.636000000000000149e-02,-2.593000000000000166e-02,-2.461999999999999952e-02,-2.341999999999999985e-02,-2.327999999999999861e-02,-2.471999999999999892e-02,-2.519000000000000059e-02,-2.556999999999999898e-02,-2.590999999999999900e-02,-2.591999999999999860e-02,-2.614999999999999963e-02,-2.557999999999999857e-02,-2.657999999999999946e-02,-2.842000000000000082e-02,-2.893000000000000085e-02,-2.980000000000000010e-02,-3.084999999999999895e-02,-3.107000000000000040e-02,-3.133999999999999980e-02,-3.228000000000000314e-02,-3.234000000000000069e-02,-3.193000000000000005e-02,-3.207999999999999741e-02,-3.239999999999999825e-02,-3.262999999999999928e-02,-3.200000000000000067e-02,-3.221000000000000252e-02,-3.128999999999999837e-02,-3.169000000000000289e-02,-3.133999999999999980e-02,-3.142999999999999960e-02,-3.246999999999999886e-02,-3.218000000000000027e-02,-3.054000000000000117e-02,-2.946000000000000008e-02,-2.903999999999999984e-02,-2.866000000000000145e-02,-2.999999999999999889e-02,-3.008999999999999869e-02,-2.631000000000000005e-02,-2.559000000000000163e-02,-2.884000000000000105e-02,-2.898999999999999841e-02,-2.918000000000000108e-02,-2.854999999999999899e-02,-2.807000000000000120e-02,-2.727999999999999869e-02,-2.699999999999999969e-02,-2.587000000000000063e-02,-2.470999999999999933e-02,-2.338000000000000148e-02,-2.159000000000000155e-02,-1.995999999999999858e-02,-1.832999999999999907e-02,-1.594999999999999890e-02,-1.388999999999999957e-02,-1.106999999999999998e-02,-7.669999999999999735e-03,1.088000000000000078e-02,-5.762733000000000061e+01,-1.495400000000000063e-01,-8.469000000000000139e-02,-3.651000000000000079e-02,-3.264999999999999847e-02,-1.699999999999999905e-03,1.034999999999999983e-02,-2.483000000000000138e-02,-2.471999999999999892e-02,-2.508000000000000160e-02,-2.505999999999999894e-02,-2.519000000000000059e-02,-2.535000000000000100e-02,-2.588999999999999982e-02,-2.578000000000000083e-02,-2.611000000000000126e-02,-2.625999999999999862e-02,-2.670000000000000151e-02,-2.877000000000000043e-02,-2.952000000000000110e-02,-2.969000000000000111e-02,-3.030000000000000054e-02,-3.039999999999999994e-02,-3.023999999999999952e-02,-3.055000000000000077e-02,-3.094999999999999835e-02,-3.130000000000000143e-02,-3.160999999999999921e-02,-3.173000000000000126e-02,-3.219000000000000333e-02,-3.169999999999999901e-02,-3.203000000000000291e-02,-3.100999999999999937e-02,-3.130000000000000143e-02,-3.089000000000000079e-02,-3.099000000000000019e-02,-3.124000000000000041e-02,-3.098000000000000059e-02,-2.949999999999999845e-02,-2.809000000000000039e-02,-2.481999999999999831e-02,-2.598999999999999921e-02,-2.775999999999999995e-02,-2.702999999999999847e-02,-2.367999999999999966e-02,-2.455999999999999850e-02,-2.846999999999999878e-02,-2.857000000000000164e-02,-2.807000000000000120e-02,-2.745999999999999830e-02,-2.706000000000000072e-02,-2.632999999999999924e-02,-2.606999999999999942e-02,-2.501000000000000098e-02,-2.393999999999999947e-02,-2.256000000000000019e-02,-2.043000000000000024e-02,-1.898999999999999994e-02,-1.784000000000000169e-02,-1.558000000000000010e-02,-1.370999999999999996e-02,-1.225000000000000047e-02,-7.889999999999999444e-03,1.027999999999999921e-02,-1.527338968999999997e+04,-1.614248200000000111e+02,-4.066500000000000115e-01,1.440000000000000091e-03,3.640000000000000006e-03,9.809999999999999276e-03,-1.154999999999999950e-02,-1.280000000000000105e-03,-1.940000000000000101e-03,-1.629999999999999939e-03,-1.280000000000000105e-03,-1.369999999999999907e-03,-1.799999999999999951e-03,-1.680000000000000070e-03,-1.420000000000000038e-03,-1.360000000000000098e-03,-1.580000000000000024e-03,-1.729999999999999984e-03,-2.269999999999999882e-03,-2.779999999999999919e-03,-1.149999999999999981e-03,-1.250000000000000026e-03,-1.590000000000000050e-03,-2.050000000000000173e-03,-7.600000000000000418e-04,-6.599999999999999964e-04,-4.099999999999999912e-04,-6.999999999999999387e-05,-6.499999999999999702e-04,-2.900000000000000017e-04,-0.000000000000000000e+00,3.000000000000000076e-05,-1.000000000000000082e-05,-3.000000000000000076e-05,3.000000000000000076e-05,-1.000000000000000082e-05,-2.000000000000000164e-05,1.000000000000000082e-05,1.800000000000000113e-04,1.600000000000000131e-04,4.000000000000000327e-05,-6.999999999999999387e-05,-9.000000000000000567e-05,-1.700000000000000122e-04,-1.600000000000000131e-04,-1.800000000000000113e-04,-1.100000000000000039e-04,-1.499999999999999869e-04,-4.000000000000000327e-05,-6.999999999999999387e-05,2.000000000000000164e-05,2.599999999999999772e-04,2.400000000000000061e-04,2.500000000000000052e-04,1.800000000000000113e-04,9.000000000000000567e-05,-1.575862520000000040e+04,-1.662261799999999994e+02,-4.616299999999999848e-01,-1.203000000000000076e-02,-5.850000000000000165e-03,-9.020000000000000240e-03,-1.188999999999999953e-02,1.521999999999999915e-02,-7.210000000000000263e-03,-2.988000000000000031e-02,-1.456999999999999962e-02,-1.212000000000000056e-02,-9.530000000000000276e-03,-6.850000000000000186e-03,-5.409999999999999878e-03,-4.479999999999999608e-03,-4.499999999999999660e-03,-4.700000000000000185e-03,-4.369999999999999753e-03,-2.720000000000000195e-03,-3.439999999999999915e-03,-2.109999999999999896e-03,-5.000000000000000240e-05,-1.200000000000000030e-04,-1.030000000000000100e-03,-1.299999999999999886e-04,2.999999999999999737e-04,3.400000000000000244e-04
cxi*c/cref,-7.395395789473685477e-01,-1.641415756512493718e-01,-1.171552931419457960e-01,-6.735450797448165605e-02,-3.573401770334928146e-02,-3.115651100478468785e-02,-3.040013349282296926e-02,-2.862870143540669626e-02,-2.700919904306220420e-02,-2.662496842105262565e-02,-2.803531866028708200e-02,-2.832730000000000664e-02,-2.851007421584263180e-02,-2.864122530568845998e-02,-2.840424114832535915e-02,-2.840618474215842598e-02,-2.754222126528441811e-02,-2.836471770334927922e-02,-3.005630303030303388e-02,-3.031897836257309992e-02,-3.094573950026581477e-02,-3.174089420520998656e-02,-3.167009202551834129e-02,-3.164556916533758230e-02,-3.228600637958533442e-02,-3.203671578947368120e-02,-3.132518027644869835e-02,-3.116569441786283881e-02,-3.116669856459329535e-02,-3.107586831472620645e-02,-3.016999468367889334e-02,-3.005992684742158499e-02,-2.890224529505582007e-02,-2.896863599149388999e-02,-2.834912099946836767e-02,-2.813010063795853138e-02,-2.875053646996278411e-02,-2.818615576820840060e-02,-2.645777129186602933e-02,-2.524053237639553582e-02,-2.472522105263157827e-02,-2.436892301967038751e-02,-2.547384370015948890e-02,-2.551571212121212309e-02,-2.228013604465709646e-02,-2.164103173843700059e-02,-2.424875172780436086e-02,-2.412535162147793483e-02,-2.403215778841042219e-02,-2.326756698564593287e-02,-2.263477650186071499e-02,-2.176279766081871264e-02,-2.130703349282296946e-02,-2.019262838915470565e-02,-1.907451733120680420e-02,-1.784648474215842773e-02,-1.629430930356193588e-02,-1.489232472089314051e-02,-1.351839936204146664e-02,-1.162586257309941411e-02,-1.000478755980861202e-02,-7.878297129186603506e-03,-5.392568633705475609e-03,7.555844763423712196e-03,-6.066034736842106367e-01,-1.816318723019670622e-01,-1.022452779904306358e-01,-4.381102950558213999e-02,-3.890349043062200918e-02,-2.009334928229664780e-03,1.213426076555023866e-02,-2.887289425837320442e-02,-2.850842870813397392e-02,-2.868359999999999660e-02,-2.842091770334928200e-02,-2.832730000000000664e-02,-2.826477830940988742e-02,-2.861911706539074438e-02,-2.825082317916002145e-02,-2.836273359914939091e-02,-2.827438351940456812e-02,-2.849277511961722381e-02,-3.042645454545454820e-02,-3.093730526315789653e-02,-3.083151026049973237e-02,-3.117501116427431884e-02,-3.098715151515151617e-02,-3.053484401913875504e-02,-3.055568447634237489e-02,-3.065975119617224756e-02,-3.070711376927166489e-02,-3.070908979266347844e-02,-3.052220202020201889e-02,-3.065682503987240959e-02,-2.988715098351940255e-02,-2.989194215842637045e-02,-2.864361222753854241e-02,-2.861212706007442916e-02,-2.794206597554492119e-02,-2.773629712918660242e-02,-2.766143391812865213e-02,-2.713508718766613481e-02,-2.555678628389154716e-02,-2.406675337586390573e-02,-2.113223094098883384e-02,-2.209868490164805868e-02,-2.357179670388091439e-02,-2.292089393939393885e-02,-2.005296927166400761e-02,-2.076997809675704132e-02,-2.393765470494417860e-02,-2.377582945241892703e-02,-2.311798043593833382e-02,-2.237924306220095624e-02,-2.182034385964912518e-02,-2.100492897395002737e-02,-2.057312456140351214e-02,-1.952136204146730572e-02,-1.848012727272727376e-02,-1.722056012759170737e-02,-1.541883923444976184e-02,-1.416859952153110003e-02,-1.315702371079213208e-02,-1.135617171717171782e-02,-9.875135885167463795e-03,-8.718079479000532053e-03,-5.547244657097288693e-03,7.139162147793727022e-03,-8.373974900211057957e+02,-1.441091974952684893e+02,-3.581395303030303068e-01,1.249423923444976242e-03,3.110777671451355787e-03,8.255733014354067756e-03,-9.569368421052631968e-03,-1.043795427963848960e-03,-1.556692716640085093e-03,-1.286677458798511295e-03,-9.936978203083466233e-04,-1.045686549707602452e-03,-1.350411483253588550e-03,-1.238466347687400488e-03,-1.028273258904838011e-03,-9.670821903242957877e-04,-1.102900478468899458e-03,-1.185036204146730325e-03,-1.525316905901116142e-03,-1.831740669856459034e-03,-7.427251461988303464e-04,-7.910021265284423054e-04,-9.854111642743220659e-04,-1.243753854332801771e-03,-4.511797979797980821e-04,-3.832035087719298425e-04,-2.327017012227538878e-04,-3.881632110579478828e-05,-6.627788410419988918e-04,-2.909944178628389344e-04,-0.000000000000000000e+00,2.899808612440191405e-05,-9.481924508240297504e-06,-2.789346092503987098e-05,2.734114832535885283e-05,-8.929558745348220938e-06,-1.749090909090909193e-05,8.561350345560872683e-06,1.507904306220095791e-04,1.310902711323764180e-04,3.203593833067517769e-05,-5.477416267942582598e-05,-6.876698564593302059e-05,-1.267634237107921526e-04,-1.163610845295055802e-04,-1.275913875598086054e-04,-7.594736842105264090e-05,-1.008030303030302982e-04,-2.614439128123339227e-05,-4.446395534290271164e-05,1.233567251461988279e-05,1.555770334928229404e-04,1.391910685805422760e-04,1.403880914407230473e-04,9.776555023923444855e-05,4.722535885167464915e-05,-8.640016038681552573e+02,-1.483955280390217979e+02,-4.065608050505050142e-01,-1.043789569377990591e-02,-4.999464114832536180e-03,-7.590898245614035623e-03,-9.851064114832535495e-03,1.241138001063264024e-02,-5.785440457203614578e-03,-2.358645550239234223e-02,-1.131107597022860088e-02,-9.250891228070176261e-03,-7.149678575225944591e-03,-5.049699096225412562e-03,-3.917576289207868462e-03,-3.185682509303562008e-03,-3.141172248803827168e-03,-3.219462519936204092e-03,-2.936403030303029807e-03,-1.792206698564593288e-03,-2.221716959064327403e-03,-1.335211589580010457e-03,-3.098777246145667015e-05,-7.280510366826156167e-05,-6.114673577884105309e-04,-7.547947900053163565e-05,1.702695374800638117e-04,1.885364167995747246e-04
cxo,1.337700000000000067e+01,6.440000000000000412e-03,6.550000000000000266e-03,7.669999999999999735e-03,8.099999999999999561e-03,8.370000000000000703e-03,8.569999999999999493e-03,8.729999999999999913e-03,8.859999999999999820e-03,8.940000000000000030e-03,8.999999999999999320e-03,9.050000000000000752e-03,9.100000000000000450e-03,9.140000000000000555e-03,9.180000000000000659e-03,9.209999999999999437e-03,9.249999999999999542e-03,9.270000000000000462e-03,9.270000000000000462e-03,9.270000000000000462e-03,9.280000000000000054e-03,9.280000000000000054e-03,9.270000000000000462e-03,9.270000000000000462e-03,9.259999999999999135e-03,9.249999999999999542e-03,9.239999999999999949e-03,9.230000000000000357e-03,9.209999999999999437e-03,9.190000000000000252e-03,9.169999999999999332e-03,9.140000000000000555e-03,9.110000000000000042e-03,9.090000000000000857e-03,9.050000000000000752e-03,9.020000000000000240e-03,8.980000000000000135e-03,8.930000000000000437e-03,8.890000000000000333e-03,8.850000000000000228e-03,8.829999999999999308e-03,8.810000000000000123e-03,8.800000000000000530e-03,8.779999999999999610e-03,8.760000000000000425e-03,8.739999999999999505e-03,8.729999999999999913e-03,8.680000000000000215e-03,8.619999999999999191e-03,8.559999999999999901e-03,8.489999999999999283e-03,8.410000000000000808e-03,8.319999999999999271e-03,8.219999999999999876e-03,8.109999999999999154e-03,7.979999999999999247e-03,7.839999999999999747e-03,7.680000000000000195e-03,7.499999999999999722e-03,7.289999999999999605e-03,7.049999999999999843e-03,6.769999999999999976e-03,6.429999999999999952e-03,6.060000000000000282e-03,1.232537999999999911e+01,6.219999999999999835e-03,6.389999999999999847e-03,7.830000000000000154e-03,8.200000000000000691e-03,9.060000000000000345e-03,9.360000000000000264e-03,8.850000000000000228e-03,8.829999999999999308e-03,8.880000000000000740e-03,8.930000000000000437e-03,8.980000000000000135e-03,9.020000000000000240e-03,9.050000000000000752e-03,9.069999999999999937e-03,9.100000000000000450e-03,9.129999999999999227e-03,9.140000000000000555e-03,9.140000000000000555e-03,9.140000000000000555e-03,9.150000000000000147e-03,9.150000000000000147e-03,9.150000000000000147e-03,9.159999999999999740e-03,9.159999999999999740e-03,9.159999999999999740e-03,9.140000000000000555e-03,9.129999999999999227e-03,9.110000000000000042e-03,9.100000000000000450e-03,9.079999999999999530e-03,9.060000000000000345e-03,9.029999999999999832e-03,9.010000000000000647e-03,8.980000000000000135e-03,8.949999999999999623e-03,8.909999999999999518e-03,8.869999999999999413e-03,8.829999999999999308e-03,8.800000000000000530e-03,8.789999999999999203e-03,8.770000000000000018e-03,8.760000000000000425e-03,8.739999999999999505e-03,8.720000000000000320e-03,8.699999999999999400e-03,8.689999999999999808e-03,8.640000000000000110e-03,8.580000000000000820e-03,8.519999999999999796e-03,8.449999999999999178e-03,8.370000000000000703e-03,8.279999999999999166e-03,8.179999999999999771e-03,8.080000000000000376e-03,7.960000000000000062e-03,7.820000000000000562e-03,7.669999999999999735e-03,7.490000000000000130e-03,7.280000000000000013e-03,7.049999999999999843e-03,6.779999999999999569e-03,6.470000000000000057e-03,6.089999999999999927e-03,3.200999999999999679e-02,5.590000000000000351e-03,5.590000000000000351e-03,5.579999999999999891e-03,5.590000000000000351e-03,5.590000000000000351e-03,5.680000000000000153e-03,5.680000000000000153e-03,5.689999999999999745e-03,5.689999999999999745e-03,5.700000000000000205e-03,5.709999999999999798e-03,5.720000000000000258e-03,5.729999999999999850e-03,5.740000000000000310e-03,5.749999999999999903e-03,5.760000000000000363e-03,5.769999999999999955e-03,5.780000000000000415e-03,5.790000000000000008e-03,5.799999999999999600e-03,5.799999999999999600e-03,5.799999999999999600e-03,5.819999999999999653e-03,5.819999999999999653e-03,5.830000000000000113e-03,5.839999999999999705e-03,5.850000000000000165e-03,5.409999999999999878e-03,5.429999999999999931e-03,5.440000000000000391e-03,5.459999999999999576e-03,5.470000000000000036e-03,5.490000000000000088e-03,5.510000000000000141e-03,5.519999999999999733e-03,5.539999999999999786e-03,5.559999999999999838e-03,5.570000000000000298e-03,5.590000000000000351e-03,5.610000000000000403e-03,5.619999999999999996e-03,5.640000000000000048e-03,5.660000000000000100e-03,5.680000000000000153e-03,5.689999999999999745e-03,5.709999999999999798e-03,5.729999999999999850e-03,5.749999999999999903e-03,5.769999999999999955e-03,5.790000000000000008e-03,5.810000000000000060e-03,5.830000000000000113e-03,5.850000000000000165e-03,5.870000000000000218e-03,5.890000000000000270e-03,1.171999999999999952e-02,5.510000000000000141e-03,5.510000000000000141e-03,5.519999999999999733e-03,5.530000000000000193e-03,5.550000000000000246e-03,5.640000000000000048e-03,5.749999999999999903e-03,5.810000000000000060e-03,5.879999999999999810e-03,5.890000000000000270e-03,5.890000000000000270e-03,5.870000000000000218e-03,5.859999999999999758e-03,5.850000000000000165e-03,5.839999999999999705e-03,5.830000000000000113e-03,5.830000000000000113e-03,5.830000000000000113e-03,5.819999999999999653e-03,5.830000000000000113e-03,5.830000000000000113e-03,5.830000000000000113e-03,5.839999999999999705e-03,5.839999999999999705e-03,5.839999999999999705e-03,5.850000000000000165e-03,5.850000000000000165e-03
cxo*c/cref,1.408105263157894971e-01,7.822049335459864070e-03,7.907740829346093445e-03,9.203796119085592281e-03,9.651401913875598884e-03,9.893019617224880005e-03,1.004740239234449758e-02,1.015144449760765552e-02,1.021782679425837365e-02,1.022453684210526161e-02,1.020703349282296550e-02,1.017713636363636563e-02,1.014633067517278081e-02,1.010346581605528829e-02,1.005983540669856506e-02,1.000462567783094031e-02,9.959560074428493864e-03,9.892435406698563485e-03,9.803727272727272984e-03,9.715068421052632311e-03,9.636794045720360399e-03,9.547990217969164542e-03,9.449042583732058728e-03,9.360383732057416320e-03,9.261723019670388066e-03,9.163253588516745429e-03,9.064975438596491880e-03,8.966937639553430525e-03,8.859422647527908506e-03,8.752290217969164662e-03,8.645589101541732019e-03,8.529889207868155548e-03,8.414811589580011020e-03,8.309400478468901424e-03,8.186328814460392886e-03,8.072971929824561063e-03,7.951334077618287671e-03,7.821702020202020433e-03,7.701689154704944446e-03,7.582440988835726162e-03,7.518033811802231695e-03,7.490935513024986857e-03,7.472327485380117137e-03,7.445262626262626193e-03,7.418243700159489994e-03,7.391270707070705936e-03,7.340208133971291501e-03,7.223458160552897675e-03,7.099287187666134501e-03,6.976195215311004408e-03,6.846072408293460594e-03,6.709132270069113370e-03,6.565722913343965961e-03,6.416057416267943042e-03,6.260393992557150566e-03,6.091315151515151044e-03,5.916970122275385692e-03,5.730112918660286610e-03,5.531259968102072641e-03,5.313638755980861113e-03,5.078023923444975954e-03,4.818073312068048460e-03,4.520758320042530393e-03,4.208494417862839072e-03,1.297408421052631544e-01,7.554836469962786238e-03,7.714574641148326355e-03,9.395791866028707640e-03,9.770555023923446769e-03,1.070857320574162587e-02,1.097359234449760829e-02,1.029098325358851658e-02,1.018322918660287055e-02,1.015591578947368408e-02,1.012764545454545445e-02,1.009841818181818340e-02,1.005713216374268942e-02,1.000397873471557675e-02,9.939292716640084693e-03,9.885135034556086914e-03,9.830354970760232097e-03,9.753706539074959159e-03,9.666242424242424414e-03,9.578826900584796328e-03,9.501795853269537004e-03,9.414236044657096902e-03,9.326724880382775140e-03,9.249311217437532900e-03,9.161704412546519197e-03,9.074097607655502024e-03,8.966869643806486129e-03,8.869787719298244735e-03,8.763229133439659480e-03,8.666576820839978074e-03,8.560735991493885130e-03,8.455229346092503484e-03,8.340916427432216659e-03,8.236270441254653005e-03,8.123009144072301443e-03,8.010321371610845329e-03,7.889352631578945910e-03,7.769148591174905930e-03,7.649709250398723653e-03,7.539602339181287506e-03,7.483977033492822395e-03,7.456924455077086449e-03,7.438362360446570606e-03,7.411343434343434407e-03,7.384370441254652084e-03,7.357443381180222772e-03,7.306576023391812315e-03,7.190170334928230184e-03,7.066343859649123690e-03,6.943596172248803558e-03,6.813817650186070572e-03,6.677222009569379162e-03,6.534156937799043448e-03,6.384835725677831357e-03,6.237235938330676008e-03,6.076048697501328956e-03,5.901875810738969018e-03,5.722651834130780546e-03,5.523884954811270585e-03,5.306349813928761330e-03,5.078023923444975954e-03,4.825190111642742828e-03,4.548881233386497039e-03,4.229328548644338374e-03,1.755019298245613776e-03,4.990375172780435811e-03,4.923152525252525585e-03,4.841517703349282505e-03,4.777265709728868714e-03,4.704337161084530539e-03,4.705975119617225241e-03,4.631842211589579789e-03,4.565763689526846671e-03,4.491530515683146881e-03,4.425060606060605972e-03,4.358299415204678305e-03,4.291307602339182285e-03,4.224054864433812381e-03,4.156541201488570328e-03,4.088766613503456125e-03,4.020700478468899365e-03,3.952403987240829183e-03,3.883846570972886852e-03,3.815028229665071505e-03,3.745918128654970349e-03,3.670249867091972002e-03,3.594581605528973222e-03,3.531047527910685484e-03,3.455087400318979270e-03,3.384964327485380682e-03,3.314580329611908644e-03,3.243935406698564890e-03,5.516359276980328623e-03,5.448619617224881480e-03,5.358472301967039456e-03,5.277651674641148025e-03,5.186612706007442779e-03,5.104503349282296480e-03,5.021657575757575848e-03,4.929116427432217104e-03,4.844981818181818244e-03,4.760110792131845049e-03,4.666126103136629920e-03,4.579966347687400990e-03,4.493040350877192980e-03,4.397582775119616635e-03,4.309397767145135144e-03,4.220476342371079319e-03,4.130818500797448292e-03,4.033305528973949762e-03,3.942358851674641375e-03,3.850675757575757786e-03,3.758256246677299864e-03,3.665100318979266306e-03,3.571177192982456002e-03,3.476548325358851717e-03,3.381183040935672665e-03,3.285081339712919279e-03,3.188243221690590257e-03,3.090637373737374193e-03,6.425750132908027504e-04,4.918956565656565361e-03,4.852695959595959736e-03,4.789458373205741394e-03,4.725989154704944920e-03,4.670674641148325930e-03,4.672834449760765799e-03,4.688924774056352565e-03,4.662053960659223381e-03,4.641511323763954956e-03,4.572562626262626460e-03,4.495688888888889866e-03,4.403841892610314140e-03,4.319888569909622993e-03,4.236196172248803994e-03,4.152764699627858012e-03,4.069563157894736348e-03,3.993503508771929777e-03,3.917443859649122340e-03,3.834795215311004486e-03,3.765293567251461800e-03,3.689233918128654796e-03,3.613174269005847792e-03,3.543181711855395658e-03,3.466960552897395235e-03,3.390770441254652157e-03,3.320255980861244478e-03,3.243935406698564890e-03
cy,-6.015021999999999736e+01,-1.046000000000000055e-02,4.198000000000000342e-02,6.374000000000000499e-02,2.420999999999999888e-02,2.234999999999999834e-02,2.273999999999999980e-02,2.273000000000000020e-02,2.338000000000000148e-02,2.338000000000000148e-02,2.392999999999999988e-02,2.383000000000000049e-02,2.421999999999999847e-02,2.416000000000000092e-02,2.423000000000000154e-02,2.432000000000000134e-02,2.460000000000000034e-02,2.476000000000000076e-02,2.464999999999999830e-02,2.452000000000000013e-02,2.462999999999999912e-02,2.449000000000000135e-02,2.443000000000000033e-02,2.435999999999999971e-02,2.430999999999999828e-02,2.428999999999999909e-02,2.418000000000000010e-02,2.412999999999999867e-02,2.391000000000000070e-02,2.381000000000000130e-02,2.367000000000000007e-02,2.370999999999999844e-02,2.358999999999999986e-02,2.347000000000000128e-02,2.341000000000000025e-02,2.324999999999999983e-02,2.316999999999999962e-02,2.324000000000000024e-02,2.350000000000000006e-02,2.495999999999999955e-02,3.620000000000000301e-02,2.182999999999999871e-02,2.111999999999999988e-02,2.129999999999999949e-02,2.096999999999999906e-02,1.779999999999999985e-02,2.182999999999999871e-02,2.212000000000000077e-02,2.148999999999999869e-02,2.097999999999999865e-02,2.072999999999999843e-02,1.992999999999999980e-02,1.905000000000000096e-02,1.829000000000000070e-02,1.755999999999999922e-02,1.659000000000000058e-02,1.565000000000000072e-02,1.440999999999999920e-02,1.288000000000000082e-02,1.089000000000000037e-02,7.579999999999999932e-03,2.639999999999999986e-03,-1.099999999999999936e-02,-2.612700000000000022e-01,4.959132999999999925e+01,1.542999999999999927e-02,-6.155000000000000054e-02,-8.773000000000000242e-02,-3.058999999999999914e-02,-2.775000000000000036e-02,-2.734999999999999931e-02,-2.607999999999999902e-02,-2.365000000000000088e-02,-2.335999999999999882e-02,-2.373000000000000109e-02,-2.358000000000000027e-02,-2.384999999999999967e-02,-2.375999999999999987e-02,-2.380000000000000171e-02,-2.392999999999999988e-02,-2.417000000000000051e-02,-2.426000000000000031e-02,-2.410999999999999949e-02,-2.391000000000000070e-02,-2.403999999999999887e-02,-2.399000000000000091e-02,-2.399000000000000091e-02,-2.401999999999999968e-02,-2.400000000000000050e-02,-2.392999999999999988e-02,-2.378999999999999865e-02,-2.375000000000000028e-02,-2.353999999999999843e-02,-2.342999999999999944e-02,-2.330000000000000127e-02,-2.333000000000000004e-02,-2.325999999999999943e-02,-2.316999999999999962e-02,-2.316000000000000003e-02,-2.309999999999999901e-02,-2.299999999999999961e-02,-2.312000000000000166e-02,-2.334999999999999923e-02,-2.454999999999999891e-02,-3.432000000000000328e-02,-2.231999999999999956e-02,-2.151000000000000134e-02,-2.151000000000000134e-02,-2.088999999999999885e-02,-1.682000000000000162e-02,-2.146999999999999950e-02,-2.186000000000000096e-02,-2.134000000000000133e-02,-2.084000000000000088e-02,-2.060999999999999985e-02,-1.987999999999999837e-02,-1.904000000000000137e-02,-1.831999999999999948e-02,-1.764999999999999902e-02,-1.678999999999999937e-02,-1.597000000000000156e-02,-1.476000000000000055e-02,-1.316999999999999942e-02,-1.102000000000000028e-02,-7.510000000000000182e-03,-5.159999999999999656e-03,7.519999999999999775e-03,2.781199999999999783e-01,-1.002660000000000107e+00,-2.105139000000000138e+01,1.263416999999999923e+01,3.572000000000000175e-02,9.060000000000000345e-03,-6.539999999999999807e-03,-8.429999999999999993e-03,1.569999999999999998e-03,5.400000000000000069e-04,1.900000000000000105e-04,1.100000000000000039e-04,2.000000000000000096e-04,2.700000000000000035e-04,5.400000000000000069e-04,6.899999999999999667e-04,4.699999999999999859e-04,2.599999999999999772e-04,-2.799999999999999755e-04,-5.599999999999999509e-04,-1.600000000000000131e-04,-8.000000000000000654e-05,-5.999999999999999474e-04,-5.900000000000000296e-04,1.900000000000000105e-04,-9.799999999999999684e-04,-1.420000000000000038e-03,1.000000000000000082e-05,-3.860000000000000150e-03,7.824000000000000399e-02,6.728000000000000647e-02,5.056999999999999690e-02,5.360999999999999793e-02,5.691000000000000225e-02,5.934999999999999998e-02,6.232000000000000040e-02,6.408999999999999420e-02,6.701999999999999624e-02,6.898999999999999577e-02,7.145999999999999575e-02,7.273000000000000298e-02,7.438000000000000167e-02,7.484000000000000374e-02,7.442000000000000004e-02,7.416000000000000369e-02,7.352000000000000202e-02,7.240000000000000602e-02,7.066999999999999671e-02,6.772999999999999854e-02,6.531000000000000694e-02,6.228000000000000203e-02,5.951000000000000040e-02,5.650000000000000161e-02,5.242000000000000132e-02,4.696999999999999786e-02,3.853999999999999787e-02,2.000000000000000042e-02,1.458800000000000097e-01,1.927643000000000129e+01,-1.254960999999999949e+01,-2.732000000000000053e-02,6.190000000000000190e-03,-2.009000000000000022e-02,-7.839999999999999747e-03,3.093999999999999875e-02,2.279999999999999909e-03,-7.810000000000000102e-03,-1.209999999999999921e-03,-5.299999999999999807e-04,-5.400000000000000069e-04,-6.999999999999999929e-04,-5.900000000000000296e-04,9.000000000000000567e-05,6.499999999999999702e-04,5.900000000000000296e-04,8.800000000000000313e-04,1.139999999999999954e-03,1.100000000000000039e-04,-3.899999999999999929e-04,-1.499999999999999869e-04,-1.699999999999999905e-03,-2.870000000000000155e-03,-2.050000000000000173e-03,-1.250000000000000026e-03,2.680000000000000090e-03
cy*c/cref,-6.331602105263158808e-01,-1.270475715045188934e-02,5.068197862838916962e-02,7.648630568846358224e-02,2.884696794258373442e-02,2.641684449760765135e-02,2.666020191387559815e-02,2.643096602870813328e-02,2.696306889952153688e-02,2.673933684210526296e-02,2.713936794258373086e-02,2.679791818181818594e-02,2.700484933545985872e-02,2.670675427963848866e-02,2.655226709197235774e-02,2.641829494949494983e-02,2.648704625199362062e-02,2.642251355661881865e-02,2.606924242424242186e-02,2.569724678362573025e-02,2.557696523125996615e-02,2.519722849548112695e-02,2.490184577352472228e-02,2.459751323763955180e-02,2.431452339181286795e-02,2.406220861244019044e-02,2.372198118022328731e-02,2.344227575757575760e-02,2.299986921850079649e-02,2.267595539606592075e-02,2.231636794258373344e-02,2.212731653375863555e-02,2.178983593833067403e-02,2.145452466772993297e-02,2.117590691121743612e-02,2.080893540669856434e-02,2.051585863902179521e-02,2.035569484316852862e-02,2.035879585326953733e-02,2.138505390749601345e-02,3.082138437001595219e-02,1.856153487506645092e-02,1.793358596491228044e-02,1.806196969696969787e-02,1.775805598086124121e-02,1.505316002126528413e-02,1.835472434875066311e-02,1.840816757044125632e-02,1.769880297713982004e-02,1.709819808612440123e-02,1.671602838915470582e-02,1.589928729399255752e-02,1.503329585326954043e-02,1.427611802232854957e-02,1.355518107389686380e-02,1.266352360446570957e-02,1.181129877724614724e-02,1.075142280701754313e-02,9.499017118553960276e-03,7.937657894736842648e-03,5.459776076555023124e-03,1.878835087719298112e-03,-7.733801169590642961e-03,-1.814444449760765632e-01,5.220140000000000891e-01,1.874133870281765105e-02,-7.430861802232856250e-02,-1.052736679957469446e-01,-3.644893636363636530e-02,-3.279943779904305468e-02,-3.206493062200956728e-02,-3.032642296650717509e-02,-2.727444736842105782e-02,-2.671646315789473133e-02,-2.691254497607655644e-02,-2.651678181818182406e-02,-2.659230622009569125e-02,-2.626458947368420782e-02,-2.608105475810739218e-02,-2.599464630515683009e-02,-2.602406129718234928e-02,-2.588894098883572428e-02,-2.549815151515151535e-02,-2.505795964912280877e-02,-2.496428112706007216e-02,-2.468278936735778667e-02,-2.445334752791068766e-02,-2.425419819245082376e-02,-2.400446570972887203e-02,-2.370558468899521334e-02,-2.333936858054226279e-02,-2.307310606060606131e-02,-2.264395321637426364e-02,-2.231405438596490917e-02,-2.196752737905369526e-02,-2.177268219032429258e-02,-2.148501839447102338e-02,-2.118028702817650183e-02,-2.094976523125996817e-02,-2.067468421052631386e-02,-2.036533227006910932e-02,-2.025058798511430308e-02,-2.022884609250398882e-02,-2.103377698032961318e-02,-2.922071578947368561e-02,-1.897817033492823005e-02,-1.826474593301435564e-02,-1.824004545454545670e-02,-1.769030946305156712e-02,-1.422439053694843185e-02,-1.805203535353535130e-02,-1.819179670388091502e-02,-1.757526549707602581e-02,-1.698410143540669826e-02,-1.661926411483253749e-02,-1.585939946836788933e-02,-1.502540435938331045e-02,-1.429953429027113268e-02,-1.362465523657628921e-02,-1.281618814460393392e-02,-1.205280776182881576e-02,-1.101256076555023888e-02,-9.712892503987239842e-03,-8.032414141414142422e-03,-5.409355980861244029e-03,-3.672268580542264235e-03,5.287107708665603721e-03,1.931462817650186070e-01,-5.497305996810207540e-02,-1.879326189776714529e+01,1.112700285151515089e+01,3.099265454545455101e-02,7.742759808612440994e-03,-5.503822009569378504e-03,-6.984396172248804116e-03,1.280280329611908473e-03,4.333062200956937877e-04,1.499808080808080757e-04,8.539590643274853963e-05,1.526549707602339499e-04,2.025617224880383097e-04,3.980784688995215930e-04,4.996539074960127660e-04,3.342122275385433637e-04,1.814899521531100287e-04,-1.917977671451355363e-04,-3.762896331738436258e-04,-1.054239234449760821e-04,-5.166783625730993944e-05,-3.796810207336522480e-04,-3.656557150451887443e-04,1.152747474747474704e-04,-5.817844763423711584e-04,-8.244681552365763820e-04,5.675651249335460842e-06,-2.140442849548113060e-03,7.977817926634768464e-02,6.751070494417864276e-02,4.981212211589580025e-02,5.181957990430621774e-02,5.396163237639553523e-02,5.518256353003721248e-02,5.679667878787878627e-02,5.722954199893673377e-02,5.861203636363635644e-02,5.906475603402445290e-02,5.986380095693780157e-02,5.958872137161085047e-02,5.957082732589048801e-02,5.856140478468899180e-02,5.686265635300372101e-02,5.529867942583732709e-02,5.346791834130781157e-02,5.132009144072302576e-02,4.879273205741626457e-02,4.551592828282828573e-02,4.268725486443382400e-02,3.956021626794258700e-02,3.670479356725146053e-02,3.380808612440191346e-02,3.040164922913344073e-02,2.637611461988304332e-02,2.093269059011164043e-02,1.049452418926103206e-02,7.998194790005316510e-03,1.720869726150983681e+01,-1.105253026161616070e+01,-2.370434832535885453e-02,5.290031259968102327e-03,-1.690700063795853511e-02,-6.495571291866029072e-03,2.523049261031366092e-02,1.829515151515151428e-03,-6.165000584795321016e-03,-9.393549707602338004e-04,-4.045356725146199224e-04,-4.051234449760766194e-04,-5.160276448697502212e-04,-4.272402977139820026e-04,6.399808612440192792e-05,4.537248803827750583e-04,4.041452950558213695e-04,5.913122807017543543e-04,7.511454545454544903e-04,7.104327485380116758e-05,-2.467926634768739910e-04,-9.296331738437000366e-05,-1.031405635300371984e-03,-1.703797395002658354e-03,-1.190253322700691313e-03,-7.094564061669325714e-04,1.486110579479000713e-03
cyi,-5.169451999999999714e+01,-1.046000000000000055e-02,4.198999999999999955e-02,6.375000000000000111e-02,2.421999999999999847e-02,2.236000000000000140e-02,2.274999999999999939e-02,2.273999999999999980e-02,2.339000000000000107e-02,2.339000000000000107e-02,2.393999999999999947e-02,2.384000000000000008e-02,2.423000000000000154e-02,2.417000000000000051e-02,2.424000000000000113e-02,2.433000000000000093e-02,2.460999999999999993e-02,2.477000000000000035e-02,2.464999999999999830e-02,2.452999999999999972e-02,2.463999999999999871e-02,2.450000000000000094e-02,2.443999999999999992e-02,2.436999999999999930e-02,2.432000000000000134e-02,2.429999999999999868e-02,2.418000000000000010e-02,2.412999999999999867e-02,2.391000000000000070e-02,2.382000000000000089e-02,2.367000000000000007e-02,2.372000000000000150e-02,2.359999999999999945e-02,2.348000000000000087e-02,2.341000000000000025e-02,2.325999999999999943e-02,2.317999999999999922e-02,2.324999999999999983e-02,2.350000000000000006e-02,2.496999999999999914e-02,3.620000000000000301e-02,2.183999999999999830e-02,2.111999999999999988e-02,2.129999999999999949e-02,2.097999999999999865e-02,1.779999999999999985e-02,2.183999999999999830e-02,2.213000000000000037e-02,2.149999999999999828e-02,2.097999999999999865e-02,2.072999999999999843e-02,1.992999999999999980e-02,1.905000000000000096e-02,1.829000000000000070e-02,1.755999999999999922e-02,1.660000000000000017e-02,1.565000000000000072e-02,1.440999999999999920e-02,1.288000000000000082e-02,1.089000000000000037e-02,7.590000000000000392e-03,2.639999999999999986e-03,-1.098999999999999977e-02,-2.612700000000000022e-01,4.180035999999999774e+01,1.542999999999999927e-02,-6.155000000000000054e-02,-8.773999999999999855e-02,-3.059999999999999873e-02,-2.775999999999999995e-02,-2.735999999999999890e-02,-2.608999999999999861e-02,-2.366000000000000048e-02,-2.336999999999999841e-02,-2.374000000000000069e-02,-2.358999999999999986e-02,-2.385999999999999927e-02,-2.376999999999999946e-02,-2.381000000000000130e-02,-2.393999999999999947e-02,-2.418000000000000010e-02,-2.426999999999999991e-02,-2.411999999999999908e-02,-2.392000000000000029e-02,-2.404999999999999846e-02,-2.400000000000000050e-02,-2.399000000000000091e-02,-2.402999999999999928e-02,-2.401000000000000009e-02,-2.393999999999999947e-02,-2.380000000000000171e-02,-2.375999999999999987e-02,-2.355000000000000149e-02,-2.342999999999999944e-02,-2.330000000000000127e-02,-2.333000000000000004e-02,-2.326999999999999902e-02,-2.317999999999999922e-02,-2.316999999999999962e-02,-2.309999999999999901e-02,-2.300999999999999920e-02,-2.312000000000000166e-02,-2.335999999999999882e-02,-2.455999999999999850e-02,-3.432000000000000328e-02,-2.231999999999999956e-02,-2.151000000000000134e-02,-2.151000000000000134e-02,-2.089999999999999844e-02,-1.683000000000000121e-02,-2.146999999999999950e-02,-2.186000000000000096e-02,-2.134000000000000133e-02,-2.084000000000000088e-02,-2.060999999999999985e-02,-1.987999999999999837e-02,-1.905000000000000096e-02,-1.832999999999999907e-02,-1.764999999999999902e-02,-1.678999999999999937e-02,-1.597000000000000156e-02,-1.477000000000000014e-02,-1.318000000000000074e-02,-1.102000000000000028e-02,-7.510000000000000182e-03,-5.170000000000000116e-03,7.519999999999999775e-03,2.781199999999999783e-01,-1.013759999999999994e+00,-2.105153999999999925e+01,1.263416999999999923e+01,3.572000000000000175e-02,9.060000000000000345e-03,-6.539999999999999807e-03,-8.429999999999999993e-03,1.569999999999999998e-03,5.400000000000000069e-04,1.900000000000000105e-04,1.100000000000000039e-04,2.000000000000000096e-04,2.700000000000000035e-04,5.400000000000000069e-04,6.899999999999999667e-04,4.699999999999999859e-04,2.599999999999999772e-04,-2.799999999999999755e-04,-5.599999999999999509e-04,-1.600000000000000131e-04,-8.000000000000000654e-05,-5.999999999999999474e-04,-5.900000000000000296e-04,1.900000000000000105e-04,-9.799999999999999684e-04,-1.420000000000000038e-03,1.000000000000000082e-05,-3.860000000000000150e-03,7.824000000000000399e-02,6.728000000000000647e-02,5.056999999999999690e-02,5.360999999999999793e-02,5.691000000000000225e-02,5.934999999999999998e-02,6.232000000000000040e-02,6.408999999999999420e-02,6.701999999999999624e-02,6.898999999999999577e-02,7.145999999999999575e-02,7.273000000000000298e-02,7.438000000000000167e-02,7.484000000000000374e-02,7.442000000000000004e-02,7.416000000000000369e-02,7.352000000000000202e-02,7.240000000000000602e-02,7.066999999999999671e-02,6.772999999999999854e-02,6.531000000000000694e-02,6.228000000000000203e-02,5.951000000000000040e-02,5.650000000000000161e-02,5.242000000000000132e-02,4.696999999999999786e-02,3.853999999999999787e-02,2.000000000000000042e-02,1.499399999999999900e-01,1.927657999999999916e+01,-1.254960999999999949e+01,-2.732000000000000053e-02,6.190000000000000190e-03,-2.009000000000000022e-02,-7.839999999999999747e-03,3.093999999999999875e-02,2.279999999999999909e-03,-7.810000000000000102e-03,-1.209999999999999921e-03,-5.299999999999999807e-04,-5.400000000000000069e-04,-6.999999999999999929e-04,-5.900000000000000296e-04,9.000000000000000567e-05,6.499999999999999702e-04,5.900000000000000296e-04,8.800000000000000313e-04,1.139999999999999954e-03,1.100000000000000039e-04,-3.899999999999999929e-04,-1.499999999999999869e-04,-1.699999999999999905e-03,-2.870000000000000155e-03,-2.050000000000000173e-03,-1.250000000000000026e-03,2.680000000000000090e-03
cyi*c/cref,-5.441528421052631570e-01,-1.270475715045188934e-02,5.069405151515152252e-02,7.649830542264753064e-02,2.885888325358851661e-02,2.642866411483253339e-02,2.667192583732057309e-02,2.644259425837320460e-02,2.697460143540670111e-02,2.675077368421052357e-02,2.715070909090909132e-02,2.680916363636363930e-02,2.701599914938862187e-02,2.671780839978734473e-02,2.656322551834131018e-02,2.642915773524720860e-02,2.649781334396597229e-02,2.643318500797448012e-02,2.606924242424242186e-02,2.570772690058479443e-02,2.558734970760233665e-02,2.520751727804359035e-02,2.491203891547049548e-02,2.460761073896863133e-02,2.432452525252525727e-02,2.407211483253588261e-02,2.372198118022328731e-02,2.344227575757575760e-02,2.299986921850079649e-02,2.268547910685805510e-02,2.231636794258373344e-02,2.213664901648059596e-02,2.179907283359914724e-02,2.146366592238171250e-02,2.117590691121743612e-02,2.081788548644337988e-02,2.052471313131313049e-02,2.036445374800638017e-02,2.035879585326953733e-02,2.139362163742690101e-02,3.082138437001595219e-02,1.857003763955342515e-02,1.793358596491228044e-02,1.806196969696969787e-02,1.776652429558745264e-02,1.505316002126528413e-02,1.836313237639553356e-02,1.841648952684742102e-02,1.770703880914407252e-02,1.709819808612440123e-02,1.671602838915470582e-02,1.589928729399255752e-02,1.503329585326954043e-02,1.427611802232854957e-02,1.355518107389686380e-02,1.267115683147262105e-02,1.181129877724614724e-02,1.075142280701754313e-02,9.499017118553960276e-03,7.937657894736842648e-03,5.466978947368420633e-03,1.878835087719298112e-03,-7.726770441254651733e-03,-1.814444449760765632e-01,4.400037894736842370e-01,1.874133870281765105e-02,-7.430861802232856250e-02,-1.052856677299308930e-01,-3.646085167464115095e-02,-3.281125741626794018e-02,-3.207665454545454570e-02,-3.033805119617224641e-02,-2.728597990430622205e-02,-2.672789999999999541e-02,-2.692388612440191342e-02,-2.652802727272727742e-02,-2.660345603402445094e-02,-2.627564359383306389e-02,-2.609201318447634463e-02,-2.600550909090908885e-02,-2.603482838915470443e-02,-2.589961244019138575e-02,-2.550872727272727319e-02,-2.506843976608186947e-02,-2.497466560340244265e-02,-2.469307814992025354e-02,-2.445334752791068766e-02,-2.426429569377990328e-02,-2.401446757044125788e-02,-2.371549090909090898e-02,-2.334917916002126823e-02,-2.308282105263157954e-02,-2.265357256778309167e-02,-2.231405438596490917e-02,-2.196752737905369526e-02,-2.177268219032429258e-02,-2.149425528973950006e-02,-2.118942828282828136e-02,-2.095881089845826398e-02,-2.067468421052631386e-02,-2.037418676236044460e-02,-2.025058798511430308e-02,-2.023750940988835664e-02,-2.104234471026050074e-02,-2.922071578947368561e-02,-1.897817033492823005e-02,-1.826474593301435564e-02,-1.824004545454545670e-02,-1.769877777777777508e-02,-1.423284736842105221e-02,-1.805203535353535130e-02,-1.819179670388091502e-02,-1.757526549707602581e-02,-1.698410143540669826e-02,-1.661926411483253749e-02,-1.585939946836788933e-02,-1.503329585326954043e-02,-1.430733971291866038e-02,-1.362465523657628921e-02,-1.281618814460393392e-02,-1.205280776182881576e-02,-1.102002185007974408e-02,-9.720267517278044500e-03,-8.032414141414142422e-03,-5.409355980861244029e-03,-3.679385380116959037e-03,5.287107708665603721e-03,1.931462817650186070e-01,-5.558164210526315985e-02,-1.879339580765550011e+01,1.112700285151515089e+01,3.099265454545455101e-02,7.742759808612440994e-03,-5.503822009569378504e-03,-6.984396172248804116e-03,1.280280329611908473e-03,4.333062200956937877e-04,1.499808080808080757e-04,8.539590643274853963e-05,1.526549707602339499e-04,2.025617224880383097e-04,3.980784688995215930e-04,4.996539074960127660e-04,3.342122275385433637e-04,1.814899521531100287e-04,-1.917977671451355363e-04,-3.762896331738436258e-04,-1.054239234449760821e-04,-5.166783625730993944e-05,-3.796810207336522480e-04,-3.656557150451887443e-04,1.152747474747474704e-04,-5.817844763423711584e-04,-8.244681552365763820e-04,5.675651249335460842e-06,-2.140442849548113060e-03,7.977817926634768464e-02,6.751070494417864276e-02,4.981212211589580025e-02,5.181957990430621774e-02,5.396163237639553523e-02,5.518256353003721248e-02,5.679667878787878627e-02,5.722954199893673377e-02,5.861203636363635644e-02,5.906475603402445290e-02,5.986380095693780157e-02,5.958872137161085047e-02,5.957082732589048801e-02,5.856140478468899180e-02,5.686265635300372101e-02,5.529867942583732709e-02,5.346791834130781157e-02,5.132009144072302576e-02,4.879273205741626457e-02,4.551592828282828573e-02,4.268725486443382400e-02,3.956021626794258700e-02,3.670479356725146053e-02,3.380808612440191346e-02,3.040164922913344073e-02,2.637611461988304332e-02,2.093269059011164043e-02,1.049452418926103206e-02,8.220793301435406694e-03,1.720883117139819163e+01,-1.105253026161616070e+01,-2.370434832535885453e-02,5.290031259968102327e-03,-1.690700063795853511e-02,-6.495571291866029072e-03,2.523049261031366092e-02,1.829515151515151428e-03,-6.165000584795321016e-03,-9.393549707602338004e-04,-4.045356725146199224e-04,-4.051234449760766194e-04,-5.160276448697502212e-04,-4.272402977139820026e-04,6.399808612440192792e-05,4.537248803827750583e-04,4.041452950558213695e-04,5.913122807017543543e-04,7.511454545454544903e-04,7.104327485380116758e-05,-2.467926634768739910e-04,-9.296331738437000366e-05,-1.031405635300371984e-03,-1.703797395002658354e-03,-1.190253322700691313e-03,-7.094564061669325714e-04,1.486110579479000713e-03
cyo,-8.455709999999999837e+00,-1.000000000000000082e-05,-1.000000000000000082e-05,-1.000000000000000082e-05,-1.000000000000000082e-05,-1.000000000000000082e-05,-1.000000000000000082e-05,-1.000000000000000082e-05,-1.000000000000000082e-05,-1.000000000000000082e-05,-1.000000000000000082e-05,-1.000000000000000082e-05,-1.000000000000000082e-05,-1.000000000000000082e-05,-1.000000000000000082e-05,-1.000000000000000082e-05,-1.000000000000000082e-05,-1.000000000000000082e-05,-1.000000000000000082e-05,-1.000000000000000082e-05,-1.000000000000000082e-05,-1.000000000000000082e-05,-1.000000000000000082e-05,-1.000000000000000082e-05,-1.000000000000000082e-05,-1.000000000000000082e-05,-1.000000000000000082e-05,-1.000000000000000082e-05,-1.000000000000000082e-05,-1.000000000000000082e-05,-1.000000000000000082e-05,-1.000000000000000082e-05,-1.000000000000000082e-05,-1.000000000000000082e-05,-1.000000000000000082e-05,-1.000000000000000082e-05,-1.000000000000000082e-05,-1.000000000000000082e-05,-0.000000000000000000e+00,-0.000000000000000000e+00,-0.000000000000000000e+00,-0.000000000000000000e+00,-0.000000000000000000e+00,-0.000000000000000000e+00,-0.000000000000000000e+00,-0.000000000000000000e+00,-0.000000000000000000e+00,-0.000000000000000000e+00,-0.000000000000000000e+00,-0.000000000000000000e+00,-0.000000000000000000e+00,-0.000000000000000000e+00,-0.000000000000000000e+00,-0.000000000000000000e+00,-0.000000000000000000e+00,-0.000000000000000000e+00,-0.000000000000000000e+00,-0.000000000000000000e+00,-0.000000000000000000e+00,-0.000000000000000000e+00,-0.000000000000000000e+00,-0.000000000000000000e+00,-0.000000000000000000e+00,-0.000000000000000000e+00,7.790969999999999729e+00,1.000000000000000082e-05,1.000000000000000082e-05,1.000000000000000082e-05,1.000000000000000082e-05,1.000000000000000082e-05,1.000000000000000082e-05,1.000000000000000082e-05,1.000000000000000082e-05,1.000000000000000082e-05,1.000000000000000082e-05,1.000000000000000082e-05,1.000000000000000082e-05,1.000000000000000082e-05,1.000000000000000082e-05,1.000000000000000082e-05,1.000000000000000082e-05,1.000000000000000082e-05,1.000000000000000082e-05,1.000000000000000082e-05,1.000000000000000082e-05,1.000000000000000082e-05,1.000000000000000082e-05,1.000000000000000082e-05,1.000000000000000082e-05,1.000000000000000082e-05,1.000000000000000082e-05,1.000000000000000082e-05,1.000000000000000082e-05,1.000000000000000082e-05,1.000000000000000082e-05,1.000000000000000082e-05,1.000000000000000082e-05,1.000000000000000082e-05,1.000000000000000082e-05,1.000000000000000082e-05,1.000000000000000082e-05,1.000000000000000082e-05,0.000000000000000000e+00,0.000000000000000000e+00,0.000000000000000000e+00,0.000000000000000000e+00,0.000000000000000000e+00,0.000000000000000000e+00,0.000000000000000000e+00,0.000000000000000000e+00,0.000000000000000000e+00,0.000000000000000000e+00,0.000000000000000000e+00,0.000000000000000000e+00,0.000000000000000000e+00,0.000000000000000000e+00,0.000000000000000000e+00,0.000000000000000000e+00,0.000000000000000000e+00,0.000000000000000000e+00,0.000000000000000000e+00,0.000000000000000000e+00,0.000000000000000000e+00,0.000000000000000000e+00,0.000000000000000000e+00,0.000000000000000000e+00,0.000000000000000000e+00,0.000000000000000000e+00,1.110000000000000049e-02,1.499999999999999869e-04,0.000000000000000000e+00,0.000000000000000000e+00,0.000000000000000000e+00,0.000000000000000000e+00,0.000000000000000000e+00,0.000000000000000000e+00,0.000000000000000000e+00,0.000000000000000000e+00,0.000000000000000000e+00,0.000000000000000000e+00,0.000000000000000000e+00,0.000000000000000000e+00,0.000000000000000000e+00,0.000000000000000000e+00,0.000000000000000000e+00,0.000000000000000000e+00,0.000000000000000000e+00,0.000000000000000000e+00,0.000000000000000000e+00,0.000000000000000000e+00,0.000000000000000000e+00,0.000000000000000000e+00,0.000000000000000000e+00,0.000000000000000000e+00,0.000000000000000000e+00,0.000000000000000000e+00,0.000000000000000000e+00,0.000000000000000000e+00,0.000000000000000000e+00,0.000000000000000000e+00,0.000000000000000000e+00,0.000000000000000000e+00,0.000000000000000000e+00,0.000000000000000000e+00,0.000000000000000000e+00,0.000000000000000000e+00,0.000000000000000000e+00,0.000000000000000000e+00,0.000000000000000000e+00,0.000000000000000000e+00,0.000000000000000000e+00,0.000000000000000000e+00,0.000000000000000000e+00,0.000000000000000000e+00,0.000000000000000000e+00,0.000000000000000000e+00,0.000000000000000000e+00,0.000000000000000000e+00,0.000000000000000000e+00,0.000000000000000000e+00,0.000000000000000000e+00,0.000000000000000000e+00,0.000000000000000000e+00,0.000000000000000000e+00,-4.060000000000000241e-03,-1.499999999999999869e-04,0.000000000000000000e+00,0.000000000000000000e+00,0.000000000000000000e+00,0.000000000000000000e+00,0.000000000000000000e+00,0.000000000000000000e+00,0.000000000000000000e+00,0.000000000000000000e+00,0.000000000000000000e+00,0.000000000000000000e+00,0.000000000000000000e+00,0.000000000000000000e+00,0.000000000000000000e+00,0.000000000000000000e+00,0.000000000000000000e+00,0.000000000000000000e+00,0.000000000000000000e+00,0.000000000000000000e+00,0.000000000000000000e+00,0.000000000000000000e+00,0.000000000000000000e+00,0.000000000000000000e+00,0.000000000000000000e+00,0.000000000000000000e+00,0.000000000000000000e+00,0.000000000000000000e+00
cyo*c/cref,-8.900747368421053907e-02,-1.214603934077618481e-05,-1.207288676236044990e-05,-1.199973418394471160e-05,-1.191531100478469024e-05,-1.181961722488038243e-05,-1.172392344497607801e-05,-1.162822966507177020e-05,-1.153253588516746578e-05,-1.143684210526315797e-05,-1.134114832535885355e-05,-1.124545454545454913e-05,-1.114981392876129635e-05,-1.105412014885699024e-05,-1.095842636895268582e-05,-1.086278575225943643e-05,-1.076709197235513032e-05,-1.067145135566188093e-05,-1.057575757575757650e-05,-1.048011695906432881e-05,-1.038447634237107942e-05,-1.028878256246677330e-05,-1.019314194577352561e-05,-1.009750132908027622e-05,-1.000186071238703022e-05,-9.906220095693780826e-06,-9.810579479000533130e-06,-9.714992025518342158e-06,-9.619351408825092768e-06,-9.523710792131845072e-06,-9.428123338649655794e-06,-9.332482721956406404e-06,-9.236895268474217127e-06,-9.141254651780969431e-06,-9.045667198298776765e-06,-8.950079744816587487e-06,-8.854492291334396516e-06,-8.758904837852207238e-06,-0.000000000000000000e+00,-0.000000000000000000e+00,-0.000000000000000000e+00,-0.000000000000000000e+00,-0.000000000000000000e+00,-0.000000000000000000e+00,-0.000000000000000000e+00,-0.000000000000000000e+00,-0.000000000000000000e+00,-0.000000000000000000e+00,-0.000000000000000000e+00,-0.000000000000000000e+00,-0.000000000000000000e+00,-0.000000000000000000e+00,-0.000000000000000000e+00,-0.000000000000000000e+00,-0.000000000000000000e+00,-0.000000000000000000e+00,-0.000000000000000000e+00,-0.000000000000000000e+00,-0.000000000000000000e+00,-0.000000000000000000e+00,-0.000000000000000000e+00,-0.000000000000000000e+00,-0.000000000000000000e+00,-0.000000000000000000e+00,8.201021052631579655e-02,1.214603934077618481e-05,1.207288676236044990e-05,1.199973418394471160e-05,1.191531100478469024e-05,1.181961722488038243e-05,1.172392344497607801e-05,1.162822966507177020e-05,1.153253588516746578e-05,1.143684210526315797e-05,1.134114832535885355e-05,1.124545454545454913e-05,1.114981392876129635e-05,1.105412014885699024e-05,1.095842636895268582e-05,1.086278575225943643e-05,1.076709197235513032e-05,1.067145135566188093e-05,1.057575757575757650e-05,1.048011695906432881e-05,1.038447634237107942e-05,1.028878256246677330e-05,1.019314194577352561e-05,1.009750132908027622e-05,1.000186071238703022e-05,9.906220095693780826e-06,9.810579479000533130e-06,9.714992025518342158e-06,9.619351408825092768e-06,9.523710792131845072e-06,9.428123338649655794e-06,9.332482721956406404e-06,9.236895268474217127e-06,9.141254651780969431e-06,9.045667198298776765e-06,8.950079744816587487e-06,8.854492291334396516e-06,8.758904837852207238e-06,0.000000000000000000e+00,0.000000000000000000e+00,0.000000000000000000e+00,0.000000000000000000e+00,0.000000000000000000e+00,0.000000000000000000e+00,0.000000000000000000e+00,0.000000000000000000e+00,0.000000000000000000e+00,0.000000000000000000e+00,0.000000000000000000e+00,0.000000000000000000e+00,0.000000000000000000e+00,0.000000000000000000e+00,0.000000000000000000e+00,0.000000000000000000e+00,0.000000000000000000e+00,0.000000000000000000e+00,0.000000000000000000e+00,0.000000000000000000e+00,0.000000000000000000e+00,0.000000000000000000e+00,0.000000000000000000e+00,0.000000000000000000e+00,0.000000000000000000e+00,0.000000000000000000e+00,6.085821371610845550e-04,1.339098883572567697e-04,0.000000000000000000e+00,0.000000000000000000e+00,0.000000000000000000e+00,0.000000000000000000e+00,0.000000000000000000e+00,0.000000000000000000e+00,0.000000000000000000e+00,0.000000000000000000e+00,0.000000000000000000e+00,0.000000000000000000e+00,0.000000000000000000e+00,0.000000000000000000e+00,0.000000000000000000e+00,0.000000000000000000e+00,0.000000000000000000e+00,0.000000000000000000e+00,0.000000000000000000e+00,0.000000000000000000e+00,0.000000000000000000e+00,0.000000000000000000e+00,0.000000000000000000e+00,0.000000000000000000e+00,0.000000000000000000e+00,0.000000000000000000e+00,0.000000000000000000e+00,0.000000000000000000e+00,0.000000000000000000e+00,0.000000000000000000e+00,0.000000000000000000e+00,0.000000000000000000e+00,0.000000000000000000e+00,0.000000000000000000e+00,0.000000000000000000e+00,0.000000000000000000e+00,0.000000000000000000e+00,0.000000000000000000e+00,0.000000000000000000e+00,0.000000000000000000e+00,0.000000000000000000e+00,0.000000000000000000e+00,0.000000000000000000e+00,0.000000000000000000e+00,0.000000000000000000e+00,0.000000000000000000e+00,0.000000000000000000e+00,0.000000000000000000e+00,0.000000000000000000e+00,0.000000000000000000e+00,0.000000000000000000e+00,0.000000000000000000e+00,0.000000000000000000e+00,0.000000000000000000e+00,0.000000000000000000e+00,0.000000000000000000e+00,-2.225985114300904014e-04,-1.339098883572567697e-04,0.000000000000000000e+00,0.000000000000000000e+00,0.000000000000000000e+00,0.000000000000000000e+00,0.000000000000000000e+00,0.000000000000000000e+00,0.000000000000000000e+00,0.000000000000000000e+00,0.000000000000000000e+00,0.000000000000000000e+00,0.000000000000000000e+00,0.000000000000000000e+00,0.000000000000000000e+00,0.000000000000000000e+00,0.000000000000000000e+00,0.000000000000000000e+00,0.000000000000000000e+00,0.000000000000000000e+00,0.000000000000000000e+00,0.000000000000000000e+00,0.000000000000000000e+00,0.000000000000000000e+00,0.000000000000000000e+00,0.000000000000000000e+00,0.000000000000000000e+00,0.000000000000000000e+00
cz,-2.098123000000000005e+01,-2.330899999999999916e-01,7.578000000000000014e-02,4.553499999999999770e-01,6.671200000000000463e-01,6.998600000000000376e-01,7.391699999999999937e-01,7.454699999999999660e-01,7.693200000000000038e-01,7.672299999999999676e-01,7.794900000000000162e-01,7.764299999999999535e-01,7.875100000000000433e-01,7.857499999999999485e-01,7.860099999999999865e-01,7.873200000000000198e-01,7.954599999999999449e-01,7.965799999999999548e-01,7.944400000000000350e-01,7.943099999999999605e-01,7.995700000000000029e-01,7.989600000000000035e-01,7.962200000000000388e-01,7.948800000000000310e-01,7.940000000000000391e-01,7.923200000000000243e-01,7.876300000000000523e-01,7.851599999999999691e-01,7.769899999999999585e-01,7.742700000000000138e-01,7.699300000000000033e-01,7.665800000000000392e-01,7.615699999999999692e-01,7.578099999999999836e-01,7.542100000000000470e-01,7.496699999999999475e-01,7.478700000000000347e-01,7.427700000000000413e-01,7.372499999999999609e-01,7.318000000000000060e-01,7.294800000000000173e-01,7.278700000000000170e-01,7.252399999999999958e-01,7.233800000000000230e-01,7.209299999999999597e-01,7.185300000000000020e-01,7.168799999999999617e-01,7.103000000000000425e-01,7.040899999999999936e-01,6.960399999999999920e-01,6.868699999999999806e-01,6.768600000000000172e-01,6.636699999999999822e-01,6.502999999999999892e-01,6.350700000000000234e-01,6.181100000000000483e-01,5.986200000000000410e-01,5.754000000000000226e-01,5.477899999999999991e-01,5.148800000000000043e-01,4.739399999999999724e-01,4.222899999999999987e-01,3.554200000000000137e-01,3.514499999999999846e-01,-1.956122999999999834e+01,-3.667400000000000104e-01,-2.498999999999999833e-02,4.470100000000000184e-01,6.739300000000000290e-01,7.702999999999999847e-01,8.176299999999999679e-01,7.572999999999999732e-01,7.659700000000000397e-01,7.602999999999999758e-01,7.716100000000000181e-01,7.674900000000000055e-01,7.768199999999999550e-01,7.742799999999999683e-01,7.736699999999999688e-01,7.742900000000000338e-01,7.815499999999999670e-01,7.821000000000000174e-01,7.791299999999999892e-01,7.786600000000000188e-01,7.837899999999999867e-01,7.836100000000000287e-01,7.818199999999999594e-01,7.815999999999999615e-01,7.819099999999999939e-01,7.806800000000000406e-01,7.760899999999999466e-01,7.741099999999999648e-01,7.664100000000000357e-01,7.638300000000000090e-01,7.599599999999999689e-01,7.570099999999999607e-01,7.541200000000000125e-01,7.508299999999999974e-01,7.479900000000000437e-01,7.438299999999999912e-01,7.408900000000000485e-01,7.363899999999999890e-01,7.307900000000000507e-01,7.259299999999999642e-01,7.231499999999999595e-01,7.212499999999999467e-01,7.187200000000000255e-01,7.168999999999999817e-01,7.144599999999999840e-01,7.122399999999999842e-01,7.104099999999999859e-01,7.040399999999999991e-01,6.986799999999999677e-01,6.906499999999999861e-01,6.812300000000000022e-01,6.709300000000000264e-01,6.592400000000000482e-01,6.461599999999999566e-01,6.318700000000000427e-01,6.151999999999999691e-01,5.961100000000000287e-01,5.732399999999999718e-01,5.455499999999999794e-01,5.128800000000000026e-01,4.728200000000000180e-01,4.214100000000000068e-01,3.662099999999999800e-01,3.487000000000000099e-01,-9.120823699999999690e+02,-9.144500000000000739e+00,-1.541299999999999892e-01,-2.225199999999999956e-01,-1.083599999999999980e-01,-1.068800000000000028e-01,-1.559099999999999930e-01,-1.385299999999999865e-01,-1.308999999999999886e-01,-1.295300000000000062e-01,-1.275000000000000022e-01,-1.271299999999999930e-01,-1.258799999999999919e-01,-1.245099999999999957e-01,-1.218199999999999977e-01,-1.189100000000000018e-01,-1.170699999999999935e-01,-1.147699999999999970e-01,-1.090300000000000019e-01,-1.051900000000000057e-01,-1.028300000000000047e-01,-9.389999999999999736e-02,-8.210000000000000631e-02,-7.922999999999999488e-02,-6.997000000000000441e-02,-5.240000000000000213e-02,-4.377000000000000335e-02,-2.717999999999999930e-02,-1.052999999999999943e-02,-3.779999999999999940e-03,8.000000000000000654e-05,2.799999999999999755e-04,3.400000000000000244e-04,3.499999999999999964e-04,2.700000000000000035e-04,2.200000000000000078e-04,2.200000000000000078e-04,2.200000000000000078e-04,1.000000000000000048e-04,2.000000000000000164e-05,-3.000000000000000076e-05,-9.000000000000000567e-05,-1.800000000000000113e-04,-1.700000000000000122e-04,-1.700000000000000122e-04,-2.799999999999999755e-04,-4.099999999999999912e-04,-5.100000000000000366e-04,-7.299999999999999632e-04,-9.499999999999999981e-04,-1.080000000000000014e-03,-1.100000000000000066e-03,-1.059999999999999961e-03,-1.199999999999999895e-03,-1.420000000000000038e-03,2.409999999999999816e-03,-9.413745300000000498e+02,-8.818849999999999412e+00,-2.349700000000000122e-01,-1.345500000000000029e-01,-5.551999999999999991e-02,-1.351499999999999924e-01,-1.944299999999999917e-01,-2.299599999999999977e-01,-2.362499999999999878e-01,-2.140900000000000025e-01,-2.174200000000000021e-01,-2.192000000000000060e-01,-2.081500000000000017e-01,-1.975000000000000089e-01,-1.859099999999999919e-01,-1.731900000000000106e-01,-1.636599999999999999e-01,-1.572199999999999986e-01,-1.460100000000000009e-01,-1.327399999999999969e-01,-1.288999999999999868e-01,-1.207400000000000001e-01,-1.099299999999999999e-01,-1.003600000000000048e-01,-8.579000000000000514e-02,-7.016000000000000014e-02,-5.466000000000000025e-02,-3.422999999999999654e-02
cz*c/cref,-2.208550526315789797e-01,-2.831120309941520530e-01,9.148833588516748494e-02,5.464078960659223272e-01,7.948942277511963361e-01,8.272077311004784050e-01,8.665972492822966444e-01,8.668496368421051423e-01,8.872210507177034078e-01,8.774688368421050821e-01,8.840311708133972157e-01,8.731308272727273945e-01,8.780589967038808785e-01,8.685774906964378594e-01,8.613432710260500169e-01,8.552488478468899258e-01,8.564790980329610726e-01,8.500664720893140736e-01,8.401804848484849542e-01,8.324461701754385379e-01,8.303115749069642781e-01,8.220325716108451974e-01,8.115983480063796440e-01,8.026301856459330253e-01,7.941477405635302134e-01,7.848896306220095598e-01,7.727106715045188867e-01,7.627823138755981391e-01,7.474139851143007940e-01,7.373923555023923493e-01,7.258995002126528151e-01,7.154094604997341955e-01,7.034542329611908063e-01,6.927334187666135401e-01,6.822332657628921160e-01,6.709606282296650681e-01,6.622009149920254911e-01,6.505851746411484005e-01,6.387030741626794628e-01,6.269864763423711462e-01,6.210934660287081854e-01,6.188907187134502497e-01,6.158216801701222876e-01,6.134116262626263527e-01,6.105062135566187154e-01,6.076487118022327882e-01,6.027546858054225742e-01,5.911085635300372676e-01,5.798766955874534723e-01,5.672559483253588608e-01,5.538706425305688352e-01,5.399694730462520909e-01,5.237347747474747628e-01,5.075866347687399971e-01,4.902328499202552314e-01,4.718173945241893041e-01,4.517878385964912979e-01,4.293108038277511640e-01,4.039958530568846240e-01,3.752930483785220650e-01,3.413728593301434966e-01,3.005353292397660581e-01,2.498861465178096875e-01,2.440718421052631704e-01,-2.059076842105263261e-01,-4.454438467836258075e-01,-3.017014401913875946e-02,5.364001177565125289e-01,8.030085545454546114e-01,9.104651148325357823e-01,9.585831526315788942e-01,8.806058325358850913e-01,8.833576511961723776e-01,8.695431052631577007e-01,8.750943459330143837e-01,8.630773909090910800e-01,8.661398456140350088e-01,8.558984148856989549e-01,8.478205728867623803e-01,8.410946380116959276e-01,8.415020730994151599e-01,8.346142105263156807e-01,8.239889999999999715e-01,8.160447871345029025e-01,8.139248712387027185e-01,8.062392903774586728e-01,7.969202236044656829e-01,7.892207038809143649e-01,7.820554909622542406e-01,7.733587904306220562e-01,7.613892627857522521e-01,7.520472476874003886e-01,7.372367113237638936e-01,7.274496014354067119e-01,7.164996612440190926e-01,7.064782745348218151e-01,6.965727459861775772e-01,6.863528230196703772e-01,6.766068607655502110e-01,6.657337816586921253e-01,6.560204793726741590e-01,6.449969933545985912e-01,6.331065711323764500e-01,6.219572188729399764e-01,6.157039808612440046e-01,6.132618886230727373e-01,6.102853648059543001e-01,6.079167171717172469e-01,6.050272139287612427e-01,6.023293648059542260e-01,5.973146919191918425e-01,5.858990188197766846e-01,5.754211104731525861e-01,5.628632272727273067e-01,5.493227216374269029e-01,5.352387769271664819e-01,5.202388429558746363e-01,5.043551897926634719e-01,4.877626574694312045e-01,4.695961254651780936e-01,4.498935024986709386e-01,4.276992095693779583e-01,4.023438500797447692e-01,3.738352599681020738e-01,3.405661377990430450e-01,2.999090508771929953e-01,2.574723023923444765e-01,2.421620467836257395e-01,-5.000694036049973334e+01,-8.163593160552897743e+00,-1.357433808080807935e-01,-1.930707023923445009e-01,-9.260545837320574569e-02,-8.994625326953749334e-02,-1.291740459330143476e-01,-1.129663911217437394e-01,-1.050366374269005726e-01,-1.022474424774056367e-01,-9.898161881977671217e-02,-9.703513216374269612e-02,-9.443877639553428793e-02,-9.178657437533227492e-02,-8.821425943646997447e-02,-8.455569356725146923e-02,-8.171934114832535290e-02,-7.861653476874001789e-02,-7.326224768740031978e-02,-6.930964066985645378e-02,-6.641254502923976677e-02,-5.942007974481658406e-02,-5.088192238171185267e-02,-4.806956969696968979e-02,-4.153822429558746282e-02,-3.042403615098352582e-02,-2.484232551834131275e-02,-1.507182296650717845e-02,-1.073701722488038142e-02,-3.792961722488038655e-03,7.880106326422116607e-05,2.706488038277511752e-04,3.223854332801701084e-04,3.254237107921318360e-04,2.460703349282296619e-04,1.964502923976608301e-04,1.923999999999999875e-04,1.883497076023391990e-04,8.377246145667199741e-05,1.638628389154705224e-05,-2.402695374800637988e-05,-7.042392344497607165e-05,-1.375339712918660412e-04,-1.267634237107921526e-04,-1.236336523125996882e-04,-1.984754917597022540e-04,-2.830765550239234662e-04,-3.427303030303030735e-04,-4.771351408825093309e-04,-6.034393939393939031e-04,-6.661263157894736298e-04,-6.582105263157894551e-04,-6.147605528973949709e-04,-6.738628389154705184e-04,-7.712615629984051393e-04,1.264590164805954155e-03,-5.161294804832536443e+01,-7.872874792929292376e+00,-2.069397404040403954e-01,-1.167430478468899635e-01,-4.744790558213716342e-02,-1.137372392344497690e-01,-1.610885110047846902e-01,-1.875243723551302255e-01,-1.895714712918660227e-01,-1.689967958001063197e-01,-1.687888906964380431e-01,-1.673098479532164062e-01,-1.561600834662413839e-01,-1.455935140882509415e-01,-1.346241419457735178e-01,-1.231536503987240988e-01,-1.142409444976076466e-01,-1.076944462519936058e-01,-9.811080239234448719e-02,-8.746232248803827158e-02,-8.324980116959063148e-02,-7.640447740563530155e-02,-6.812971653375862746e-02,-6.088933503455608298e-02,-5.092988798511430965e-02,-4.073569420520999768e-02,-3.102310972886762608e-02,-1.898118102073365412e-02
czi,-1.760632999999999981e+01,-2.328500000000000014e-01,7.600999999999999424e-02,4.556200000000000250e-01,6.674099999999999477e-01,7.001500000000000501e-01,7.394699999999999607e-01,7.457599999999999785e-01,7.696199999999999708e-01,7.675199999999999800e-01,7.797800000000000287e-01,7.767199999999999660e-01,7.877999999999999448e-01,7.860300000000000065e-01,7.862900000000000444e-01,7.875900000000000123e-01,7.957400000000000029e-01,7.968499999999999472e-01,7.947100000000000275e-01,7.945699999999999985e-01,7.998300000000000409e-01,7.992099999999999760e-01,7.964700000000000113e-01,7.951200000000000490e-01,7.942299999999999915e-01,7.925499999999999767e-01,7.878600000000000048e-01,7.853700000000000125e-01,7.772000000000000020e-01,7.744699999999999918e-01,7.701299999999999812e-01,7.667699999999999516e-01,7.617500000000000382e-01,7.579900000000000526e-01,7.543800000000000505e-01,7.498299999999999965e-01,7.480200000000000182e-01,7.429099999999999593e-01,7.373899999999999899e-01,7.319299999999999695e-01,7.296000000000000263e-01,7.279999999999999805e-01,7.253699999999999593e-01,7.235000000000000320e-01,7.210600000000000342e-01,7.186500000000000110e-01,7.169999999999999707e-01,7.104099999999999859e-01,7.042000000000000481e-01,6.961399999999999810e-01,6.869699999999999696e-01,6.769600000000000062e-01,6.637600000000000167e-01,6.503799999999999581e-01,6.351499999999999924e-01,6.181900000000000173e-01,5.986900000000000555e-01,5.754599999999999715e-01,5.478499999999999481e-01,5.149299999999999988e-01,4.739800000000000124e-01,4.223299999999999832e-01,3.554499999999999882e-01,3.514800000000000146e-01,-1.645164000000000115e+01,-3.665100000000000025e-01,-2.476000000000000076e-02,4.472900000000000209e-01,6.742200000000000415e-01,7.706199999999999717e-01,8.179499999999999549e-01,7.576000000000000512e-01,7.662600000000000522e-01,7.605899999999999883e-01,7.719000000000000306e-01,7.677800000000000180e-01,7.771000000000000130e-01,7.745600000000000263e-01,7.739500000000000268e-01,7.745600000000000263e-01,7.818199999999999594e-01,7.823700000000000099e-01,7.793900000000000272e-01,7.789199999999999458e-01,7.840399999999999592e-01,7.838500000000000467e-01,7.820599999999999774e-01,7.818399999999999794e-01,7.821399999999999464e-01,7.809099999999999930e-01,7.763099999999999445e-01,7.743200000000000083e-01,7.666199999999999681e-01,7.640299999999999869e-01,7.601499999999999924e-01,7.571900000000000297e-01,7.543100000000000360e-01,7.510000000000000009e-01,7.481600000000000472e-01,7.439900000000000402e-01,7.410400000000000320e-01,7.365399999999999725e-01,7.309299999999999686e-01,7.260499999999999732e-01,7.232800000000000340e-01,7.213800000000000212e-01,7.188400000000000345e-01,7.170199999999999907e-01,7.145899999999999475e-01,7.123599999999999932e-01,7.105299999999999949e-01,7.041500000000000536e-01,6.987900000000000222e-01,6.907600000000000406e-01,6.813299999999999912e-01,6.710199999999999498e-01,6.593299999999999716e-01,6.462499999999999911e-01,6.319500000000000117e-01,6.152699999999999836e-01,5.961800000000000432e-01,5.733099999999999863e-01,5.455999999999999739e-01,5.129399999999999515e-01,4.728600000000000025e-01,4.214499999999999913e-01,3.662500000000000200e-01,3.487299999999999844e-01,-9.120823699999999690e+02,-9.144500000000000739e+00,-1.541299999999999892e-01,-2.225199999999999956e-01,-1.083599999999999980e-01,-1.068800000000000028e-01,-1.559099999999999930e-01,-1.385299999999999865e-01,-1.308999999999999886e-01,-1.295300000000000062e-01,-1.275000000000000022e-01,-1.271299999999999930e-01,-1.258799999999999919e-01,-1.245099999999999957e-01,-1.218199999999999977e-01,-1.189100000000000018e-01,-1.170699999999999935e-01,-1.147699999999999970e-01,-1.090300000000000019e-01,-1.051900000000000057e-01,-1.028300000000000047e-01,-9.389999999999999736e-02,-8.210000000000000631e-02,-7.922999999999999488e-02,-6.997000000000000441e-02,-5.240000000000000213e-02,-4.377000000000000335e-02,-2.717999999999999930e-02,-1.055000000000000035e-02,-3.779999999999999940e-03,8.000000000000000654e-05,2.799999999999999755e-04,3.400000000000000244e-04,3.499999999999999964e-04,2.700000000000000035e-04,2.200000000000000078e-04,2.200000000000000078e-04,2.200000000000000078e-04,1.000000000000000048e-04,2.000000000000000164e-05,-3.000000000000000076e-05,-9.000000000000000567e-05,-1.800000000000000113e-04,-1.700000000000000122e-04,-1.700000000000000122e-04,-2.799999999999999755e-04,-4.099999999999999912e-04,-5.100000000000000366e-04,-7.299999999999999632e-04,-9.499999999999999981e-04,-1.080000000000000014e-03,-1.100000000000000066e-03,-1.059999999999999961e-03,-1.199999999999999895e-03,-1.420000000000000038e-03,2.409999999999999816e-03,-9.413745300000000498e+02,-8.818849999999999412e+00,-2.349700000000000122e-01,-1.345500000000000029e-01,-5.551999999999999991e-02,-1.351499999999999924e-01,-1.944299999999999917e-01,-2.299599999999999977e-01,-2.362499999999999878e-01,-2.140900000000000025e-01,-2.174200000000000021e-01,-2.192000000000000060e-01,-2.081500000000000017e-01,-1.975000000000000089e-01,-1.859099999999999919e-01,-1.731900000000000106e-01,-1.636599999999999999e-01,-1.572199999999999986e-01,-1.460100000000000009e-01,-1.327399999999999969e-01,-1.288999999999999868e-01,-1.207400000000000001e-01,-1.099299999999999999e-01,-1.003600000000000048e-01,-8.579000000000000514e-02,-7.016000000000000014e-02,-5.466000000000000025e-02,-3.422999999999999654e-02
czi*c/cref,-1.853297894736842255e-01,-2.828205260499734863e-01,9.176601228070176142e-02,5.467318888888889061e-01,7.952397717703348912e-01,8.275504999999999667e-01,8.669489669856458303e-01,8.671868555023922731e-01,8.875670267942584735e-01,8.778005052631577820e-01,8.843600641148325892e-01,8.734569454545455525e-01,8.783823413078148956e-01,8.688870060606059820e-01,8.616501069643807131e-01,8.555421430622009993e-01,8.567805766081870722e-01,8.503546012759168882e-01,8.404660303030303536e-01,8.327186532163742827e-01,8.305815712918660498e-01,8.222897911749068589e-01,8.118531765550239809e-01,8.028725256778309616e-01,7.943777833599150462e-01,7.851174736842104762e-01,7.729363148325358868e-01,7.629863287081339873e-01,7.476159914938861339e-01,7.375828297182349669e-01,7.260880626794258275e-01,7.155867776714512907e-01,7.036204970760233657e-01,6.928979613503456481e-01,6.823870421052631308e-01,6.711038295055821168e-01,6.623337323763954787e-01,6.507077993088782319e-01,6.388243606060606261e-01,6.270978568314726775e-01,6.211956363636363943e-01,6.190012546517809078e-01,6.159320668261561993e-01,6.135133838383839411e-01,6.106163016480595784e-01,6.077501937799042464e-01,6.028555821371610612e-01,5.912001050505050204e-01,5.799672897395004023e-01,5.673374459330143837e-01,5.539512794258373285e-01,5.400492486975013717e-01,5.238057981924508777e-01,5.076490781499202187e-01,4.902946047315258071e-01,4.718784603402445543e-01,4.518406686868687294e-01,4.293555703349281605e-01,4.040401031366294138e-01,3.753294930887825509e-01,3.414016708133971179e-01,3.005637964380648564e-01,2.499072387028176412e-01,2.440926762360446922e-01,-1.731751578947368919e-01,-4.451644878787879289e-01,-2.989246762360447257e-02,5.367361103136629730e-01,8.033540985645933885e-01,9.108433425837318964e-01,9.589583181818180924e-01,8.809546794258373836e-01,8.836920947368422929e-01,8.698747736842104006e-01,8.754232392344497571e-01,8.634035090909092380e-01,8.664520404040403356e-01,8.562079302498669664e-01,8.481274088250930765e-01,8.413879332270068900e-01,8.417927845826687072e-01,8.349023397129186064e-01,8.242639696969698004e-01,8.163172701754385363e-01,8.141844831472619948e-01,8.064862211589579610e-01,7.971648590111642951e-01,7.894630439128123012e-01,7.822855337586390734e-01,7.735866334928229726e-01,7.616050955342902329e-01,7.522512625199362368e-01,7.374387177033491225e-01,7.276400756512493295e-01,7.166787955874535099e-01,7.066462592238170748e-01,6.967482469962785752e-01,6.865082243487506952e-01,6.767606371079213368e-01,6.658769829346092850e-01,6.561532967570441466e-01,6.451283769271664026e-01,6.332278575757576133e-01,6.220600316321106549e-01,6.158146653907495827e-01,6.133724245614035064e-01,6.103872601807549536e-01,6.080184747474748352e-01,6.051373020202019948e-01,6.024308467836256842e-01,5.974155882509303295e-01,5.859905603402446594e-01,5.755117046251994051e-01,5.629528746411484041e-01,5.494033585326953961e-01,5.353105750132908236e-01,5.203098664008506402e-01,5.044254385964912490e-01,4.878244122807017802e-01,4.696495580542264792e-01,4.499463325890484255e-01,4.277514371610844912e-01,4.023807251461988255e-01,3.738789936204146569e-01,3.405949492822966107e-01,2.999375180754917380e-01,2.575004253056885073e-01,2.421828809144072336e-01,-5.000694036049973334e+01,-8.163593160552897743e+00,-1.357433808080807935e-01,-1.930707023923445009e-01,-9.260545837320574569e-02,-8.994625326953749334e-02,-1.291740459330143476e-01,-1.129663911217437394e-01,-1.050366374269005726e-01,-1.022474424774056367e-01,-9.898161881977671217e-02,-9.703513216374269612e-02,-9.443877639553428793e-02,-9.178657437533227492e-02,-8.821425943646997447e-02,-8.455569356725146923e-02,-8.171934114832535290e-02,-7.861653476874001789e-02,-7.326224768740031978e-02,-6.930964066985645378e-02,-6.641254502923976677e-02,-5.942007974481658406e-02,-5.088192238171185267e-02,-4.806956969696968979e-02,-4.153822429558746282e-02,-3.042403615098352582e-02,-2.484232551834131275e-02,-1.507182296650717845e-02,-1.075741041998936644e-02,-3.792961722488038655e-03,7.880106326422116607e-05,2.706488038277511752e-04,3.223854332801701084e-04,3.254237107921318360e-04,2.460703349282296619e-04,1.964502923976608301e-04,1.923999999999999875e-04,1.883497076023391990e-04,8.377246145667199741e-05,1.638628389154705224e-05,-2.402695374800637988e-05,-7.042392344497607165e-05,-1.375339712918660412e-04,-1.267634237107921526e-04,-1.236336523125996882e-04,-1.984754917597022540e-04,-2.830765550239234662e-04,-3.427303030303030735e-04,-4.771351408825093309e-04,-6.034393939393939031e-04,-6.661263157894736298e-04,-6.582105263157894551e-04,-6.147605528973949709e-04,-6.738628389154705184e-04,-7.712615629984051393e-04,1.264590164805954155e-03,-5.161294804832536443e+01,-7.872874792929292376e+00,-2.069397404040403954e-01,-1.167430478468899635e-01,-4.744790558213716342e-02,-1.137372392344497690e-01,-1.610885110047846902e-01,-1.875243723551302255e-01,-1.895714712918660227e-01,-1.689967958001063197e-01,-1.687888906964380431e-01,-1.673098479532164062e-01,-1.561600834662413839e-01,-1.455935140882509415e-01,-1.346241419457735178e-01,-1.231536503987240988e-01,-1.142409444976076466e-01,-1.076944462519936058e-01,-9.811080239234448719e-02,-8.746232248803827158e-02,-8.324980116959063148e-02,-7.640447740563530155e-02,-6.812971653375862746e-02,-6.088933503455608298e-02,-5.092988798511430965e-02,-4.073569420520999768e-02,-3.102310972886762608e-02,-1.898118102073365412e-02
czo,-3.374899999999999789e+00,-2.400000000000000061e-04,-2.400000000000000061e-04,-2.700000000000000035e-04,-2.900000000000000017e-04,-2.900000000000000017e-04,-2.999999999999999737e-04,-2.999999999999999737e-04,-2.999999999999999737e-04,-2.999999999999999737e-04,-2.900000000000000017e-04,-2.900000000000000017e-04,-2.900000000000000017e-04,-2.900000000000000017e-04,-2.799999999999999755e-04,-2.799999999999999755e-04,-2.700000000000000035e-04,-2.700000000000000035e-04,-2.700000000000000035e-04,-2.599999999999999772e-04,-2.599999999999999772e-04,-2.500000000000000052e-04,-2.500000000000000052e-04,-2.400000000000000061e-04,-2.300000000000000070e-04,-2.300000000000000070e-04,-2.200000000000000078e-04,-2.200000000000000078e-04,-2.100000000000000087e-04,-2.000000000000000096e-04,-2.000000000000000096e-04,-1.900000000000000105e-04,-1.800000000000000113e-04,-1.800000000000000113e-04,-1.700000000000000122e-04,-1.600000000000000131e-04,-1.499999999999999869e-04,-1.499999999999999869e-04,-1.399999999999999877e-04,-1.299999999999999886e-04,-1.299999999999999886e-04,-1.200000000000000030e-04,-1.200000000000000030e-04,-1.200000000000000030e-04,-1.200000000000000030e-04,-1.200000000000000030e-04,-1.200000000000000030e-04,-1.100000000000000039e-04,-1.100000000000000039e-04,-1.100000000000000039e-04,-1.000000000000000048e-04,-1.000000000000000048e-04,-9.000000000000000567e-05,-8.000000000000000654e-05,-8.000000000000000654e-05,-6.999999999999999387e-05,-6.999999999999999387e-05,-6.000000000000000152e-05,-6.000000000000000152e-05,-5.000000000000000240e-05,-5.000000000000000240e-05,-4.000000000000000327e-05,-3.000000000000000076e-05,-3.000000000000000076e-05,-3.109589999999999854e+00,-2.300000000000000070e-04,-2.300000000000000070e-04,-2.799999999999999755e-04,-2.900000000000000017e-04,-3.200000000000000262e-04,-3.200000000000000262e-04,-2.999999999999999737e-04,-2.999999999999999737e-04,-2.900000000000000017e-04,-2.900000000000000017e-04,-2.900000000000000017e-04,-2.900000000000000017e-04,-2.799999999999999755e-04,-2.799999999999999755e-04,-2.799999999999999755e-04,-2.700000000000000035e-04,-2.700000000000000035e-04,-2.599999999999999772e-04,-2.599999999999999772e-04,-2.500000000000000052e-04,-2.500000000000000052e-04,-2.400000000000000061e-04,-2.400000000000000061e-04,-2.300000000000000070e-04,-2.300000000000000070e-04,-2.200000000000000078e-04,-2.100000000000000087e-04,-2.100000000000000087e-04,-2.000000000000000096e-04,-1.900000000000000105e-04,-1.900000000000000105e-04,-1.800000000000000113e-04,-1.700000000000000122e-04,-1.700000000000000122e-04,-1.600000000000000131e-04,-1.499999999999999869e-04,-1.399999999999999877e-04,-1.399999999999999877e-04,-1.299999999999999886e-04,-1.299999999999999886e-04,-1.200000000000000030e-04,-1.200000000000000030e-04,-1.200000000000000030e-04,-1.200000000000000030e-04,-1.200000000000000030e-04,-1.200000000000000030e-04,-1.100000000000000039e-04,-1.100000000000000039e-04,-1.000000000000000048e-04,-1.000000000000000048e-04,-9.000000000000000567e-05,-9.000000000000000567e-05,-8.000000000000000654e-05,-8.000000000000000654e-05,-6.999999999999999387e-05,-6.999999999999999387e-05,-6.000000000000000152e-05,-6.000000000000000152e-05,-5.000000000000000240e-05,-5.000000000000000240e-05,-4.000000000000000327e-05,-3.000000000000000076e-05,-3.000000000000000076e-05,0.000000000000000000e+00,0.000000000000000000e+00,0.000000000000000000e+00,0.000000000000000000e+00,0.000000000000000000e+00,0.000000000000000000e+00,0.000000000000000000e+00,0.000000000000000000e+00,0.000000000000000000e+00,0.000000000000000000e+00,0.000000000000000000e+00,0.000000000000000000e+00,0.000000000000000000e+00,0.000000000000000000e+00,0.000000000000000000e+00,0.000000000000000000e+00,0.000000000000000000e+00,0.000000000000000000e+00,0.000000000000000000e+00,0.000000000000000000e+00,0.000000000000000000e+00,0.000000000000000000e+00,0.000000000000000000e+00,0.000000000000000000e+00,0.000000000000000000e+00,0.000000000000000000e+00,0.000000000000000000e+00,0.000000000000000000e+00,2.000000000000000164e-05,0.000000000000000000e+00,0.000000000000000000e+00,0.000000000000000000e+00,0.000000000000000000e+00,0.000000000000000000e+00,0.000000000000000000e+00,0.000000000000000000e+00,0.000000000000000000e+00,0.000000000000000000e+00,0.000000000000000000e+00,0.000000000000000000e+00,0.000000000000000000e+00,0.000000000000000000e+00,0.000000000000000000e+00,0.000000000000000000e+00,0.000000000000000000e+00,0.000000000000000000e+00,0.000000000000000000e+00,0.000000000000000000e+00,0.000000000000000000e+00,0.000000000000000000e+00,0.000000000000000000e+00,0.000000000000000000e+00,0.000000000000000000e+00,0.000000000000000000e+00,0.000000000000000000e+00,0.000000000000000000e+00,0.000000000000000000e+00,0.000000000000000000e+00,0.000000000000000000e+00,0.000000000000000000e+00,0.000000000000000000e+00,0.000000000000000000e+00,0.000000000000000000e+00,0.000000000000000000e+00,0.000000000000000000e+00,0.000000000000000000e+00,0.000000000000000000e+00,0.000000000000000000e+00,0.000000000000000000e+00,0.000000000000000000e+00,0.000000000000000000e+00,0.000000000000000000e+00,0.000000000000000000e+00,0.000000000000000000e+00,0.000000000000000000e+00,0.000000000000000000e+00,0.000000000000000000e+00,0.000000000000000000e+00,0.000000000000000000e+00,0.000000000000000000e+00,0.000000000000000000e+00,0.000000000000000000e+00,0.000000000000000000e+00,0.000000000000000000e+00
czo*c/cref,-3.552526315789474032e-02,-2.915049441786284491e-04,-2.897492822966507976e-04,-3.239928229665071675e-04,-3.455440191387559932e-04,-3.427688995215310685e-04,-3.517177033492822793e-04,-3.488468899521530824e-04,-3.459760765550239396e-04,-3.431052631578946342e-04,-3.288933014354067158e-04,-3.261181818181818994e-04,-3.233446039340775926e-04,-3.205694843168527220e-04,-3.068359383306751352e-04,-3.041580010632641794e-04,-2.907114832535884880e-04,-2.881291866028707748e-04,-2.855454545454545572e-04,-2.724830409356725084e-04,-2.699963849016480378e-04,-2.572195640616692716e-04,-2.548285486443381521e-04,-2.423400318979266428e-04,-2.300427963849017000e-04,-2.278430622009569302e-04,-2.158327485380117153e-04,-2.137298245614035173e-04,-2.020063795853269464e-04,-1.904742158426368879e-04,-1.885624667729930888e-04,-1.773171717171717014e-04,-1.662641148325359015e-04,-1.645425837320574260e-04,-1.537763423710792135e-04,-1.432012759170653998e-04,-1.328173843700159308e-04,-1.313835725677830882e-04,-1.212864433811802176e-04,-1.113804891015417322e-04,-1.106845295055821211e-04,-1.020331738437001541e-04,-1.018953748006379533e-04,-1.017575757575757661e-04,-1.016197767145135517e-04,-1.014819776714513509e-04,-1.008963317384370043e-04,-9.154152046783626542e-05,-9.059415204678363150e-05,-8.964736842105263510e-05,-8.063689526847422808e-05,-7.977565124933546628e-05,-7.102344497607656216e-05,-6.244338118022328883e-05,-6.175481127060075215e-05,-5.343258904837851436e-05,-5.283009037745879308e-05,-4.476650717703348914e-05,-4.425007974481659002e-05,-3.644471026049973903e-05,-3.601435406698564175e-05,-2.846719829877724709e-05,-2.109218500797448322e-05,-2.083413078149920383e-05,-3.273252631578947580e-02,-2.793589048378522727e-04,-2.776763955342903003e-04,-3.359925571504518774e-04,-3.455440191387559932e-04,-3.782277511961722378e-04,-3.751655502392344963e-04,-3.488468899521530824e-04,-3.459760765550239396e-04,-3.316684210526315321e-04,-3.288933014354067158e-04,-3.261181818181818994e-04,-3.233446039340775926e-04,-3.095153641679956793e-04,-3.068359383306751352e-04,-3.041580010632641794e-04,-2.907114832535884880e-04,-2.881291866028707748e-04,-2.749696969696969790e-04,-2.724830409356725084e-04,-2.596119085592769448e-04,-2.572195640616692716e-04,-2.446354066985646281e-04,-2.423400318979266428e-04,-2.300427963849017000e-04,-2.278430622009569302e-04,-2.158327485380117153e-04,-2.040148325358851769e-04,-2.020063795853269464e-04,-1.904742158426368879e-04,-1.791343434343434465e-04,-1.773171717171717014e-04,-1.662641148325359015e-04,-1.554013290802764549e-04,-1.537763423710792135e-04,-1.432012759170653998e-04,-1.328173843700159308e-04,-1.226246677299308878e-04,-1.212864433811802176e-04,-1.113804891015417322e-04,-1.106845295055821211e-04,-1.020331738437001541e-04,-1.018953748006379533e-04,-1.017575757575757661e-04,-1.016197767145135517e-04,-1.014819776714513509e-04,-1.008963317384370043e-04,-9.154152046783626542e-05,-9.059415204678363150e-05,-8.149760765550239554e-05,-8.063689526847422808e-05,-7.179808612440192778e-05,-7.102344497607656216e-05,-6.244338118022328883e-05,-6.175481127060075215e-05,-5.343258904837851436e-05,-5.283009037745879308e-05,-4.476650717703348914e-05,-4.425007974481659002e-05,-3.644471026049973903e-05,-3.601435406698564175e-05,-2.846719829877724709e-05,-2.109218500797448322e-05,-2.083413078149920383e-05,0.000000000000000000e+00,0.000000000000000000e+00,0.000000000000000000e+00,0.000000000000000000e+00,0.000000000000000000e+00,0.000000000000000000e+00,0.000000000000000000e+00,0.000000000000000000e+00,0.000000000000000000e+00,0.000000000000000000e+00,0.000000000000000000e+00,0.000000000000000000e+00,0.000000000000000000e+00,0.000000000000000000e+00,0.000000000000000000e+00,0.000000000000000000e+00,0.000000000000000000e+00,0.000000000000000000e+00,0.000000000000000000e+00,0.000000000000000000e+00,0.000000000000000000e+00,0.000000000000000000e+00,0.000000000000000000e+00,0.000000000000000000e+00,0.000000000000000000e+00,0.000000000000000000e+00,0.000000000000000000e+00,0.000000000000000000e+00,2.039319510898458124e-05,0.000000000000000000e+00,0.000000000000000000e+00,0.000000000000000000e+00,0.000000000000000000e+00,0.000000000000000000e+00,0.000000000000000000e+00,0.000000000000000000e+00,0.000000000000000000e+00,0.000000000000000000e+00,0.000000000000000000e+00,0.000000000000000000e+00,0.000000000000000000e+00,0.000000000000000000e+00,0.000000000000000000e+00,0.000000000000000000e+00,0.000000000000000000e+00,0.000000000000000000e+00,0.000000000000000000e+00,0.000000000000000000e+00,0.000000000000000000e+00,0.000000000000000000e+00,0.000000000000000000e+00,0.000000000000000000e+00,0.000000000000000000e+00,0.000000000000000000e+00,0.000000000000000000e+00,0.000000000000000000e+00,0.000000000000000000e+00,0.000000000000000000e+00,0.000000000000000000e+00,0.000000000000000000e+00,0.000000000000000000e+00,0.000000000000000000e+00,0.000000000000000000e+00,0.000000000000000000e+00,0.000000000000000000e+00,0.000000000000000000e+00,0.000000000000000000e+00,0.000000000000000000e+00,0.000000000000000000e+00,0.000000000000000000e+00,0.000000000000000000e+00,0.000000000000000000e+00,0.000000000000000000e+00,0.000000000000000000e+00,0.000000000000000000e+00,0.000000000000000000e+00,0.000000000000000000e+00,0.000000000000000000e+00,0.000000000000000000e+00,0.000000000000000000e+00,0.000000000000000000e+00,0.000000000000000000e+00,0.000000000000000000e+00,0.000000000000000000e+00
dArea,6.700000000000000226e-04,2.434600000000000097e-01,2.419999999999999929e-01,2.405299999999999938e-01,3.112900000000000111e-01,3.087900000000000089e-01,3.062900000000000067e-01,3.037900000000000045e-01,3.012900000000000023e-01,2.987900000000000000e-01,2.962899999999999978e-01,2.937899999999999956e-01,2.912899999999999934e-01,2.887899999999999912e-01,2.862899999999999889e-01,2.837899999999999867e-01,2.812999999999999945e-01,2.787999999999999923e-01,2.762999999999999901e-01,2.737999999999999878e-01,2.712999999999999856e-01,2.687999999999999834e-01,2.662999999999999812e-01,2.637999999999999790e-01,2.612999999999999767e-01,2.588099999999999845e-01,2.563099999999999823e-01,2.538099999999999801e-01,2.513099999999999778e-01,2.488100000000000034e-01,2.463100000000000012e-01,2.438200000000000089e-01,2.413200000000000067e-01,2.388200000000000045e-01,2.363200000000000023e-01,2.338300000000000101e-01,2.313300000000000078e-01,2.288300000000000056e-01,2.263300000000000034e-01,2.238400000000000112e-01,2.668999999999999845e-02,2.665999999999999967e-02,2.662000000000000130e-02,2.657999999999999946e-02,2.655000000000000068e-02,2.650999999999999884e-02,1.976999999999999869e-01,1.956700000000000106e-01,1.936499999999999888e-01,1.916200000000000125e-01,1.895999999999999908e-01,1.875699999999999867e-01,1.855499999999999927e-01,1.835299999999999987e-01,1.814999999999999947e-01,1.794800000000000006e-01,1.774499999999999966e-01,1.754300000000000026e-01,1.734100000000000086e-01,1.713800000000000046e-01,1.693600000000000105e-01,1.673399999999999888e-01,1.653100000000000125e-01,1.632899999999999907e-01,6.700000000000000226e-04,2.434600000000000097e-01,2.419999999999999929e-01,2.405299999999999938e-01,3.112900000000000111e-01,3.087900000000000089e-01,3.062900000000000067e-01,3.037900000000000045e-01,3.012900000000000023e-01,2.987900000000000000e-01,2.962899999999999978e-01,2.937899999999999956e-01,2.912899999999999934e-01,2.887899999999999912e-01,2.862899999999999889e-01,2.837899999999999867e-01,2.812999999999999945e-01,2.787999999999999923e-01,2.762999999999999901e-01,2.737999999999999878e-01,2.712999999999999856e-01,2.687999999999999834e-01,2.662999999999999812e-01,2.637999999999999790e-01,2.612999999999999767e-01,2.588099999999999845e-01,2.563099999999999823e-01,2.538099999999999801e-01,2.513099999999999778e-01,2.488100000000000034e-01,2.463100000000000012e-01,2.438200000000000089e-01,2.413200000000000067e-01,2.388200000000000045e-01,2.363200000000000023e-01,2.338300000000000101e-01,2.313300000000000078e-01,2.288300000000000056e-01,2.263300000000000034e-01,2.238400000000000112e-01,2.668999999999999845e-02,2.665999999999999967e-02,2.662000000000000130e-02,2.657999999999999946e-02,2.655000000000000068e-02,2.650999999999999884e-02,1.976999999999999869e-01,1.956700000000000106e-01,1.936499999999999888e-01,1.916200000000000125e-01,1.895999999999999908e-01,1.875699999999999867e-01,1.855499999999999927e-01,1.835299999999999987e-01,1.814999999999999947e-01,1.794800000000000006e-01,1.774499999999999966e-01,1.754300000000000026e-01,1.734100000000000086e-01,1.713800000000000046e-01,1.693600000000000105e-01,1.673399999999999888e-01,1.653100000000000125e-01,1.632899999999999907e-01,7.349999999999999763e-03,1.845400000000000096e-01,1.829600000000000115e-01,1.802499999999999936e-01,1.775400000000000034e-01,1.748200000000000032e-01,1.721100000000000130e-01,1.693999999999999950e-01,1.666900000000000048e-01,1.639799999999999869e-01,1.612699999999999967e-01,1.585600000000000065e-01,1.558499999999999885e-01,1.531399999999999983e-01,1.504300000000000082e-01,1.477199999999999902e-01,1.450100000000000000e-01,1.423000000000000098e-01,1.395899999999999919e-01,1.368800000000000017e-01,1.341700000000000115e-01,1.314599999999999935e-01,1.287500000000000033e-01,1.260400000000000131e-01,1.233299999999999952e-01,1.206200000000000050e-01,1.179000000000000048e-01,1.151900000000000007e-01,1.505100000000000049e-01,1.853700000000000070e-01,1.819699999999999929e-01,1.785700000000000065e-01,1.751699999999999924e-01,1.717700000000000060e-01,1.683699999999999919e-01,1.649700000000000055e-01,1.615600000000000092e-01,1.581599999999999950e-01,1.547600000000000087e-01,1.513599999999999945e-01,1.479600000000000082e-01,1.445599999999999941e-01,1.411600000000000077e-01,1.377599999999999936e-01,1.343499999999999972e-01,1.309500000000000108e-01,1.275499999999999967e-01,1.241499999999999965e-01,1.207499999999999962e-01,1.173499999999999960e-01,1.139499999999999957e-01,1.105399999999999994e-01,1.071399999999999991e-01,1.037399999999999989e-01,1.003399999999999986e-01,9.693999999999999839e-02,7.349999999999999763e-03,1.845400000000000096e-01,1.829600000000000115e-01,1.802499999999999936e-01,1.775400000000000034e-01,1.748200000000000032e-01,1.721100000000000130e-01,1.693999999999999950e-01,1.666900000000000048e-01,1.639799999999999869e-01,1.612699999999999967e-01,1.585600000000000065e-01,1.558499999999999885e-01,1.531399999999999983e-01,1.504300000000000082e-01,1.477199999999999902e-01,1.450100000000000000e-01,1.423000000000000098e-01,1.395899999999999919e-01,1.368800000000000017e-01,1.341700000000000115e-01,1.314599999999999935e-01,1.287500000000000033e-01,1.260400000000000131e-01,1.233299999999999952e-01,1.206200000000000050e-01,1.179000000000000048e-01,1.151900000000000007e-01
dSpan,3.389999999999999958e-02,1.065600000000000019e-01,1.065600000000000019e-01,1.065699999999999981e-01,1.388900000000000134e-01,1.388900000000000134e-01,1.388900000000000134e-01,1.388900000000000134e-01,1.388900000000000134e-01,1.388900000000000134e-01,1.388900000000000134e-01,1.388900000000000134e-01,1.388900000000000134e-01,1.388900000000000134e-01,1.388900000000000134e-01,1.388900000000000134e-01,1.388900000000000134e-01,1.388900000000000134e-01,1.388900000000000134e-01,1.388900000000000134e-01,1.388900000000000134e-01,1.388900000000000134e-01,1.388900000000000134e-01,1.388900000000000134e-01,1.388900000000000134e-01,1.388900000000000134e-01,1.388900000000000134e-01,1.388900000000000134e-01,1.388900000000000134e-01,1.388900000000000134e-01,1.388900000000000134e-01,1.388900000000000134e-01,1.388900000000000134e-01,1.388900000000000134e-01,1.388900000000000134e-01,1.388900000000000134e-01,1.388900000000000134e-01,1.388900000000000134e-01,1.388900000000000134e-01,1.388900000000000134e-01,1.667000000000000079e-02,1.667000000000000079e-02,1.667000000000000079e-02,1.667000000000000079e-02,1.667000000000000079e-02,1.667000000000000079e-02,1.250000000000000000e-01,1.250000000000000000e-01,1.250000000000000000e-01,1.250000000000000000e-01,1.250000000000000000e-01,1.250000000000000000e-01,1.250000000000000000e-01,1.250000000000000000e-01,1.250000000000000000e-01,1.250000000000000000e-01,1.250000000000000000e-01,1.250000000000000000e-01,1.250000000000000000e-01,1.250000000000000000e-01,1.250000000000000000e-01,1.250000000000000000e-01,1.250000000000000000e-01,1.250000000000000000e-01,3.389999999999999958e-02,1.065600000000000019e-01,1.065600000000000019e-01,1.065699999999999981e-01,1.388900000000000134e-01,1.388900000000000134e-01,1.388900000000000134e-01,1.388900000000000134e-01,1.388900000000000134e-01,1.388900000000000134e-01,1.388900000000000134e-01,1.388900000000000134e-01,1.388900000000000134e-01,1.388900000000000134e-01,1.388900000000000134e-01,1.388900000000000134e-01,1.388900000000000134e-01,1.388900000000000134e-01,1.388900000000000134e-01,1.388900000000000134e-01,1.388900000000000134e-01,1.388900000000000134e-01,1.388900000000000134e-01,1.388900000000000134e-01,1.388900000000000134e-01,1.388900000000000134e-01,1.388900000000000134e-01,1.388900000000000134e-01,1.388900000000000134e-01,1.388900000000000134e-01,1.388900000000000134e-01,1.388900000000000134e-01,1.388900000000000134e-01,1.388900000000000134e-01,1.388900000000000134e-01,1.388900000000000134e-01,1.388900000000000134e-01,1.388900000000000134e-01,1.388900000000000134e-01,1.388900000000000134e-01,1.667000000000000079e-02,1.667000000000000079e-02,1.667000000000000079e-02,1.667000000000000079e-02,1.667000000000000079e-02,1.667000000000000079e-02,1.250000000000000000e-01,1.250000000000000000e-01,1.250000000000000000e-01,1.250000000000000000e-01,1.250000000000000000e-01,1.250000000000000000e-01,1.250000000000000000e-01,1.250000000000000000e-01,1.250000000000000000e-01,1.250000000000000000e-01,1.250000000000000000e-01,1.250000000000000000e-01,1.250000000000000000e-01,1.250000000000000000e-01,1.250000000000000000e-01,1.250000000000000000e-01,1.250000000000000000e-01,1.250000000000000000e-01,7.123999999999999777e-02,1.098999999999999977e-01,1.104399999999999965e-01,1.104399999999999965e-01,1.104399999999999965e-01,1.104399999999999965e-01,1.104399999999999965e-01,1.104399999999999965e-01,1.104399999999999965e-01,1.104399999999999965e-01,1.104399999999999965e-01,1.104399999999999965e-01,1.104399999999999965e-01,1.104399999999999965e-01,1.104399999999999965e-01,1.104399999999999965e-01,1.104399999999999965e-01,1.104399999999999965e-01,1.104399999999999965e-01,1.104399999999999965e-01,1.104399999999999965e-01,1.104399999999999965e-01,1.104399999999999965e-01,1.104399999999999965e-01,1.104399999999999965e-01,1.104399999999999965e-01,1.104399999999999965e-01,1.104399999999999965e-01,7.847999999999999421e-02,9.821000000000000563e-02,9.821000000000000563e-02,9.821000000000000563e-02,9.821000000000000563e-02,9.821000000000000563e-02,9.821000000000000563e-02,9.821000000000000563e-02,9.821000000000000563e-02,9.821000000000000563e-02,9.821000000000000563e-02,9.821000000000000563e-02,9.821000000000000563e-02,9.821000000000000563e-02,9.821000000000000563e-02,9.821000000000000563e-02,9.821000000000000563e-02,9.821000000000000563e-02,9.821000000000000563e-02,9.821000000000000563e-02,9.821000000000000563e-02,9.821000000000000563e-02,9.821000000000000563e-02,9.821000000000000563e-02,9.821000000000000563e-02,9.821000000000000563e-02,9.821000000000000563e-02,9.821000000000000563e-02,7.123999999999999777e-02,1.098999999999999977e-01,1.104399999999999965e-01,1.104399999999999965e-01,1.104399999999999965e-01,1.104399999999999965e-01,1.104399999999999965e-01,1.104399999999999965e-01,1.104399999999999965e-01,1.104399999999999965e-01,1.104399999999999965e-01,1.104399999999999965e-01,1.104399999999999965e-01,1.104399999999999965e-01,1.104399999999999965e-01,1.104399999999999965e-01,1.104399999999999965e-01,1.104399999999999965e-01,1.104399999999999965e-01,1.104399999999999965e-01,1.104399999999999965e-01,1.104399999999999965e-01,1.104399999999999965e-01,1.104399999999999965e-01,1.104399999999999965e-01,1.104399999999999965e-01,1.104399999999999965e-01,1.104399999999999965e-01
roverR,inf,inf,inf,inf,inf,inf,inf,inf,inf,inf,inf,inf,inf,inf,inf,inf,inf,inf,inf,inf,inf,inf,inf,inf,inf,inf,inf,inf,inf,inf,inf,inf,inf,inf,inf,inf,inf,inf,inf,inf,inf,inf,inf,inf,inf,inf,inf,inf,inf,inf,inf,inf,inf,inf,inf,inf,inf,inf,inf,inf,inf,inf,inf,inf,inf,inf,inf,inf,inf,inf,inf,inf,inf,inf,inf,inf,inf,inf,inf,inf,inf,inf,inf,inf,inf,inf,inf,inf,inf,inf,inf,inf,inf,inf,inf,inf,inf,inf,inf,inf,inf,inf,inf,inf,inf,inf,inf,inf,inf,inf,inf,inf,inf,inf,inf,inf,inf,inf,inf,inf,inf,inf,inf,inf,inf,inf,inf,inf,inf,inf,inf,inf,inf,inf,inf,inf,inf,inf,inf,inf,inf,inf,inf,inf,inf,inf,inf,inf,inf,inf,inf,inf,inf,inf,inf,inf,inf,inf,inf,inf,inf,inf,inf,inf,inf,inf,inf,inf,inf,inf,inf,inf,inf,inf,inf,inf,inf,inf,inf,inf,inf,inf,inf,inf,inf,inf,inf,inf,inf,inf,inf,inf,inf,inf,inf,inf,inf,inf,inf,inf,inf,inf,inf,inf,inf,inf,inf,inf,inf,inf,inf,inf
Results_Name,CpSlice_Wrapper
Results_Timestamp,1787049085
Results_Date,8,18,2026
Results_Time,16,1,25
CpSlice_Case_ID_Vec,UTJRZHR
Num_Cuts,1
Results_Name,CpSlicer_Case
Results_Timestamp,1787049085
Results_Date,8,18,2026
Results_Time,16,1,25
Alpha,4.000000000000000000e+00
Beta,0.000000000000000000e+00
Case,1
Cp,6.807999999999999607e-01,6.807999999999999607e-01,6.807999999999999607e-01,6.807999999999999607e-01,5.944000000000000394e-01,6.807999999999999607e-01,5.944000000000000394e-01,6.807999999999999607e-01,6.807999999999999607e-01,6.807999999999999607e-01,6.807999999999999607e-01,6.807999999999999607e-01,6.807999999999999607e-01,6.807999999999999607e-01,6.433999999999999719e-01,6.807999999999999607e-01,6.433999999999999719e-01,6.807999999999999607e-01,6.807999999999999607e-01,6.807999999999999607e-01,4.181000000000000272e-01,4.181000000000000272e-01,4.181000000000000272e-01,4.181000000000000272e-01,5.024999999999999467e-01,5.024999999999999467e-01,5.024999999999999467e-01,5.024999999999999467e-01,1.889000000000000123e-01,1.889000000000000123e-01,1.889000000000000123e-01,1.889000000000000123e-01,2.672999999999999821e-01,2.672999999999999821e-01,2.672999999999999821e-01,2.672999999999999821e-01,2.450000000000000094e-02,2.450000000000000094e-02,2.450000000000000094e-02,2.450000000000000094e-02,3.930000000000000160e-02,3.930000000000000160e-02,3.930000000000000160e-02,3.930000000000000160e-02,1.529999999999999936e-02,1.529999999999999936e-02,1.529999999999999936e-02,1.529999999999999936e-02,1.529999999999999936e-02,-2.400000000000000050e-02,-2.400000000000000050e-02,-2.400000000000000050e-02,-2.400000000000000050e-02,-2.400000000000000050e-02,3.009999999999999828e-02,3.009999999999999828e-02,3.009999999999999828e-02,3.009999999999999828e-02,-2.350000000000000006e-02,-2.350000000000000006e-02,-2.350000000000000006e-02,-2.350000000000000006e-02,3.099999999999999891e-03,3.099999999999999891e-03,3.099999999999999891e-03,3.099999999999999891e-03,-8.890000000000000679e-02,-8.890000000000000679e-02,-8.890000000000000679e-02,-8.890000000000000679e-02,-2.699999999999999969e-02,-2.699999999999999969e-02,-2.699999999999999969e-02,-2.699999999999999969e-02,-1.613999999999999879e-01,-1.613999999999999879e-01,-1.613999999999999879e-01,-1.613999999999999879e-01,-3.729999999999999982e-02,-3.729999999999999982e-02,-3.729999999999999982e-02,-3.729999999999999982e-02,-1.741000000000000048e-01,-1.741000000000000048e-01,-1.741000000000000048e-01,-1.741000000000000048e-01,-2.949999999999999845e-02,-2.949999999999999845e-02,-2.949999999999999845e-02,-2.949999999999999845e-02,4.929999999999999660e-02,4.929999999999999660e-02,4.929999999999999660e-02,4.929999999999999660e-02,-1.899999999999999953e-02,-1.899999999999999953e-02,-1.899999999999999953e-02,-1.899999999999999953e-02,4.627999999999999892e-01,4.627999999999999892e-01,4.627999999999999892e-01,4.627999999999999892e-01,-1.549999999999999989e-02,-1.549999999999999989e-02,-1.549999999999999989e-02,-1.549999999999999989e-02,6.159000000000000030e-01,6.159000000000000030e-01,6.159000000000000030e-01,6.159000000000000030e-01,-2.000000000000000042e-02,-2.000000000000000042e-02,-2.000000000000000042e-02,-2.000000000000000042e-02,6.782000000000000250e-01,6.782000000000000250e-01,6.782000000000000250e-01,6.782000000000000250e-01,-5.170000000000000290e-02,-5.170000000000000290e-02,-5.170000000000000290e-02,-5.170000000000000290e-02,6.231999999999999762e-01,6.231999999999999762e-01,6.231999999999999762e-01,6.231999999999999762e-01,-1.370000000000000107e-01,-1.370000000000000107e-01,-1.370000000000000107e-01,-1.370000000000000107e-01,-2.572999999999999732e-01,-2.572999999999999732e-01,-2.572999999999999732e-01,-2.572999999999999732e-01,4.689999999999999725e-02,6.231999999999999762e-01,6.231999999999999762e-01,6.231999999999999762e-01,6.231999999999999762e-01,4.689999999999999725e-02,-2.572999999999999732e-01,-2.572999999999999732e-01,-2.572999999999999732e-01,-2.572999999999999732e-01,-1.370000000000000107e-01,-1.610000000000000042e-01,-1.370000000000000107e-01,-1.610000000000000042e-01,-2.572999999999999732e-01,-2.162999999999999923e-01,-2.572999999999999732e-01,-2.162999999999999923e-01,-8.989999999999999380e-02,-1.610000000000000042e-01,-1.610000000000000042e-01,-8.989999999999999380e-02,-2.162999999999999923e-01,-2.078000000000000125e-01,-2.162999999999999923e-01,-2.078000000000000125e-01,-1.359999999999999924e-02,-8.989999999999999380e-02,-8.989999999999999380e-02,-1.359999999999999924e-02,-2.078000000000000125e-01,-1.274000000000000132e-01,-2.078000000000000125e-01,-1.274000000000000132e-01,-1.020000000000000073e-02,-1.359999999999999924e-02,-1.359999999999999924e-02,-1.020000000000000073e-02,-1.274000000000000132e-01,-5.619999999999999996e-02,-1.274000000000000132e-01,-5.619999999999999996e-02,-1.028000000000000025e-01,-1.020000000000000073e-02,-1.028000000000000025e-01,-1.020000000000000073e-02,-5.619999999999999996e-02,-4.229999999999999732e-02,-5.619999999999999996e-02,-4.229999999999999732e-02,-1.028000000000000025e-01,-1.097000000000000058e-01,-1.097000000000000058e-01,-1.028000000000000025e-01,-4.229999999999999732e-02,-4.000000000000000083e-02,-4.229999999999999732e-02,-4.000000000000000083e-02,-1.097000000000000058e-01,-4.320000000000000229e-02,-4.320000000000000229e-02,-1.097000000000000058e-01,-4.000000000000000083e-02,-2.680000000000000090e-02,-4.000000000000000083e-02,-2.680000000000000090e-02,-4.320000000000000229e-02,1.540000000000000049e-02,1.540000000000000049e-02,-4.320000000000000229e-02,-2.680000000000000090e-02,5.199999999999999761e-03,-2.680000000000000090e-02,5.199999999999999761e-03,1.540000000000000049e-02,2.889999999999999861e-02,2.889999999999999861e-02,1.540000000000000049e-02,5.199999999999999761e-03,2.079999999999999905e-02,5.199999999999999761e-03,2.079999999999999905e-02,2.889999999999999861e-02,-1.969999999999999876e-02,-1.969999999999999876e-02,2.889999999999999861e-02,1.414999999999999869e-01,1.414999999999999869e-01,8.690000000000000502e-02,8.690000000000000502e-02,1.264000000000000123e-01,1.345999999999999974e-01,1.048999999999999932e-01,8.630000000000000171e-02,7.389999999999999347e-02,6.650000000000000355e-02,6.260000000000000286e-02,6.729999999999999871e-02,6.729999999999999871e-02,6.099999999999999867e-02,6.329999999999999516e-02,6.250000000000000000e-02,6.250000000000000000e-02,1.414999999999999869e-01,8.690000000000000502e-02,1.264000000000000123e-01,1.345999999999999974e-01,1.048999999999999932e-01,8.630000000000000171e-02,7.389999999999999347e-02,6.650000000000000355e-02,6.260000000000000286e-02,6.729999999999999871e-02,6.729999999999999871e-02,6.250000000000000000e-02,6.099999999999999867e-02,6.250000000000000000e-02,6.329999999999999516e-02,1.414999999999999869e-01,1.414999999999999869e-01,-1.969999999999999876e-02,-7.699999999999999900e-02,-1.969999999999999876e-02,-7.699999999999999900e-02,-1.969999999999999876e-02,1.414999999999999869e-01,1.436000000000000054e-01,1.436000000000000054e-01,1.255000000000000004e-01,1.414999999999999869e-01,1.726999999999999924e-01,1.726999999999999924e-01,1.496000000000000107e-01,1.603999999999999870e-01,1.376000000000000001e-01,1.439000000000000001e-01,1.565999999999999892e-01,1.414999999999999869e-01,1.436000000000000054e-01,1.436000000000000054e-01,1.255000000000000004e-01,1.726999999999999924e-01,1.726999999999999924e-01,1.496000000000000107e-01,1.603999999999999870e-01,1.376000000000000001e-01,-7.699999999999999900e-02,-7.059999999999999609e-02,-7.059999999999999609e-02,-7.699999999999999900e-02,1.171999999999999986e-01,1.171999999999999986e-01,1.103999999999999981e-01,1.155999999999999944e-01,1.158000000000000002e-01,1.330999999999999961e-01,6.510000000000000508e-02,4.270000000000000184e-02,1.155999999999999944e-01,1.171999999999999986e-01,1.171999999999999986e-01,1.103999999999999981e-01,1.158000000000000002e-01,4.270000000000000184e-02,-7.059999999999999609e-02,1.919999999999999832e-02,1.919999999999999832e-02,-7.059999999999999609e-02,1.990000000000000102e-02,1.990000000000000102e-02,1.830000000000000029e-02,2.040000000000000147e-02,3.769999999999999740e-02,1.830000000000000029e-02,1.200000000000000025e-02,-1.609999999999999973e-02,-2.369999999999999885e-02,2.040000000000000147e-02,1.830000000000000029e-02,1.990000000000000102e-02,1.990000000000000102e-02,1.830000000000000029e-02,1.200000000000000025e-02,-2.369999999999999885e-02,1.577999999999999958e-01,1.577999999999999958e-01,1.577999999999999958e-01,1.577999999999999958e-01,-4.000000000000000083e-02,-2.520000000000000018e-02,-3.860000000000000236e-02,-3.440000000000000002e-02,-3.529999999999999805e-02,-3.529999999999999805e-02,1.600000000000000033e-02,-3.049999999999999933e-02,-3.670000000000000345e-02,-2.620000000000000107e-02,1.600000000000000033e-02,-3.440000000000000002e-02,-4.000000000000000083e-02,-2.520000000000000018e-02,-3.529999999999999805e-02,-3.529999999999999805e-02,-3.049999999999999933e-02,-3.670000000000000345e-02,2.607999999999999763e-01,2.607999999999999763e-01,1.986999999999999877e-01,1.986999999999999877e-01,2.607999999999999763e-01,2.607999999999999763e-01,2.607999999999999763e-01,2.607999999999999763e-01,2.607999999999999763e-01,2.607999999999999763e-01,2.607999999999999763e-01,2.710000000000000187e-01,2.710000000000000187e-01,2.710000000000000187e-01,2.607999999999999763e-01,2.607999999999999763e-01,2.607999999999999763e-01,1.446000000000000063e-01,1.293999999999999873e-01,1.103999999999999981e-01,9.879999999999999893e-02,7.649999999999999856e-02,1.209999999999999964e-01,1.164000000000000035e-01,8.870000000000000107e-02,9.879999999999999893e-02,1.529999999999999971e-01,2.607999999999999763e-01,1.406999999999999917e-01,7.649999999999999856e-02,1.446000000000000063e-01,1.293999999999999873e-01,1.209999999999999964e-01,1.164000000000000035e-01,1.103999999999999981e-01,9.879999999999999893e-02,8.870000000000000107e-02,9.879999999999999893e-02,1.529999999999999971e-01,2.607999999999999763e-01,2.607999999999999763e-01,2.607999999999999763e-01,2.607999999999999763e-01,1.986999999999999877e-01,4.689999999999999725e-02,1.075199999999999934e+00,2.205640000000000001e+01,2.205640000000000001e+01,5.780279999999999774e+01,5.780279999999999774e+01,3.505879999999999797e+01,3.505879999999999797e+01,-1.944600000000000106e+00,-1.944600000000000106e+00,-1.323399999999999910e+00,-1.323399999999999910e+00,-1.119699999999999918e+00,-1.119699999999999918e+00,-7.594999999999999529e-01,-7.594999999999999529e-01,-1.963000000000000023e-01,-1.963000000000000023e-01,-3.805000000000000049e-01,-3.805000000000000049e-01,-9.920999999999999819e-01,-9.920999999999999819e-01,-1.146900000000000031e+00,-1.146900000000000031e+00,-9.925000000000000488e-01,-9.925000000000000488e-01,-3.613999999999999990e-01,-3.613999999999999990e-01,2.046000000000000041e-01,2.046000000000000041e-01,-3.687000000000000277e-01,-3.687000000000000277e-01,-1.136500000000000066e+00,-1.136500000000000066e+00,-1.136500000000000066e+00,-1.214499999999999913e+00,-1.214499999999999913e+00,-1.132500000000000062e+00,-1.132500000000000062e+00,-5.593000000000000194e-01,-5.593000000000000194e-01,-2.179999999999999993e-02,-2.179999999999999993e-02,-3.346999999999999975e-01,-3.346999999999999975e-01,-9.245999999999999774e-01,-9.245999999999999774e-01,-1.193500000000000005e+00,-1.193500000000000005e+00,-1.243999999999999995e+00,-1.243999999999999995e+00,-1.226900000000000102e+00,-1.226900000000000102e+00,-1.197100000000000053e+00,-1.197100000000000053e+00,-1.352400000000000047e+00,-1.352400000000000047e+00,-1.325499999999999901e+00,-1.325499999999999901e+00,4.689999999999999725e-02,1.075199999999999934e+00,2.205640000000000001e+01,2.205640000000000001e+01,5.780279999999999774e+01,5.780279999999999774e+01,3.505879999999999797e+01,3.505879999999999797e+01,-1.944600000000000106e+00,-1.944600000000000106e+00,-1.323399999999999910e+00,-1.323399999999999910e+00,-1.119699999999999918e+00,-1.119699999999999918e+00,-7.594999999999999529e-01,-7.594999999999999529e-01,-1.963000000000000023e-01,-1.963000000000000023e-01,-3.805000000000000049e-01,-3.805000000000000049e-01,-9.920999999999999819e-01,-9.920999999999999819e-01,-1.146900000000000031e+00,-1.146900000000000031e+00,-9.925000000000000488e-01,-9.925000000000000488e-01,-3.613999999999999990e-01,-3.613999999999999990e-01,2.046000000000000041e-01,2.046000000000000041e-01,-3.687000000000000277e-01,-3.687000000000000277e-01,-1.136500000000000066e+00,-1.136500000000000066e+00,-1.136500000000000066e+00,-1.214499999999999913e+00,-1.214499999999999913e+00,-1.132500000000000062e+00,-1.132500000000000062e+00,-5.593000000000000194e-01,-5.593000000000000194e-01,-2.179999999999999993e-02,-2.179999999999999993e-02,-3.346999999999999975e-01,-9.245999999999999774e-01,-3.346999999999999975e-01,-1.193500000000000005e+00,-9.245999999999999774e-01,-1.243999999999999995e+00,-1.193500000000000005e+00,-1.226900000000000102e+00,-1.243999999999999995e+00,-1.197100000000000053e+00,-1.226900000000000102e+00,-1.352400000000000047e+00,-1.197100000000000053e+00,-1.325499999999999901e+00,-1.352400000000000047e+00,-1.325499999999999901e+00,5.979999999999999899e-02,5.799999999999999600e-03,3.099999999999999891e-03,4.270000000000000184e-02,1.949999999999999997e-02,1.290999999999999925e-01,1.255000000000000004e-01,4.739999999999999769e-02,4.739999999999999769e-02,4.739999999999999769e-02,4.739999999999999769e-02,4.739999999999999769e-02,1.414999999999999869e-01,6.700000000000000226e-03,3.099999999999999891e-03,-5.799999999999999600e-03,-2.429999999999999868e-02,-1.660000000000000017e-02,-1.890000000000000013e-02,-2.299999999999999961e-02,6.800000000000000488e-02,6.800000000000000488e-02,4.739999999999999769e-02,6.800000000000000488e-02,1.973000000000000032e-01,1.952000000000000124e-01,7.700000000000000247e-03,6.799999999999999621e-03,-7.700000000000000247e-03,-8.999999999999999320e-03,6.800000000000000488e-02,6.800000000000000488e-02,6.769999999999999629e-02,2.409999999999999920e-01,2.461000000000000132e-01,8.399999999999999481e-03,7.799999999999999642e-03,-5.300000000000000024e-03,-5.799999999999999600e-03,6.840000000000000246e-02,6.759999999999999343e-02,2.958000000000000074e-01,3.034000000000000030e-01,9.700000000000000289e-03,8.699999999999999400e-03,-4.400000000000000265e-03,-4.599999999999999922e-03,6.750000000000000444e-02,6.750000000000000444e-02,3.504999999999999782e-01,3.602000000000000202e-01,9.199999999999999845e-03,9.700000000000000289e-03,-3.500000000000000073e-03,-3.500000000000000073e-03,6.900000000000000577e-02,6.880000000000000004e-02,8.599999999999999312e-02,8.599999999999999312e-02,8.599999999999999312e-02,8.599999999999999312e-02,4.032999999999999918e-01,4.141000000000000236e-01,6.499999999999999702e-03,8.300000000000000086e-03,-6.999999999999999929e-04,-1.199999999999999895e-03,6.959999999999999520e-02,6.959999999999999520e-02,6.959999999999999520e-02,6.959999999999999520e-02,9.059999999999999998e-02,9.059999999999999998e-02,8.599999999999999312e-02,9.059999999999999998e-02,4.462999999999999745e-01,4.571999999999999953e-01,4.199999999999999740e-03,5.499999999999999681e-03,9.700000000000000289e-03,9.100000000000000450e-03,6.959999999999999520e-02,6.959999999999999520e-02,7.789999999999999702e-02,8.640000000000000457e-02,9.059999999999999998e-02,8.680000000000000215e-02,9.059999999999999998e-02,1.005999999999999950e-01,4.879999999999999893e-01,4.995999999999999885e-01,3.700000000000000164e-03,3.899999999999999821e-03,1.499999999999999944e-02,1.640000000000000138e-02,8.880000000000000393e-02,8.880000000000000393e-02,8.880000000000000393e-02,8.709999999999999687e-02,8.880000000000000393e-02,1.038000000000000034e-01,1.084999999999999992e-01,5.212999999999999856e-01,5.322000000000000064e-01,3.000000000000000062e-03,3.399999999999999811e-03,1.640000000000000138e-02,1.600000000000000033e-02,9.289999999999999647e-02,9.289999999999999647e-02,8.880000000000000393e-02,9.289999999999999647e-02,1.158000000000000002e-01,1.181999999999999995e-01,5.541000000000000369e-01,5.662000000000000366e-01,2.500000000000000052e-03,2.799999999999999972e-03,1.510000000000000057e-02,1.600000000000000033e-02,9.289999999999999647e-02,9.289999999999999647e-02,1.223999999999999949e-01,1.226000000000000006e-01,5.809999999999999609e-01,5.918999999999999817e-01,2.399999999999999790e-03,2.500000000000000052e-03,1.250000000000000069e-02,1.370000000000000037e-02,1.302999999999999992e-01,1.302999999999999992e-01,1.302999999999999992e-01,1.302999999999999992e-01,6.060999999999999721e-01,6.177000000000000268e-01,2.399999999999999790e-03,2.399999999999999790e-03,1.020000000000000073e-02,1.129999999999999928e-02,1.302999999999999992e-01,1.302999999999999992e-01,1.378000000000000058e-01,6.284999999999999476e-01,6.379000000000000226e-01,2.399999999999999790e-03,2.399999999999999790e-03,9.400000000000000369e-03,9.700000000000000289e-03,1.396000000000000019e-01,1.393000000000000071e-01,1.781999999999999973e-01,1.796999999999999986e-01,1.773000000000000131e-01,1.970000000000000084e-01,2.477999999999999925e-01,2.559000000000000163e-01,2.353000000000000091e-01,2.587999999999999745e-01,6.469000000000000306e-01,6.565999999999999615e-01,1.399999999999999986e-03,1.799999999999999951e-03,1.089999999999999997e-02,9.599999999999999159e-03,1.405000000000000138e-01,1.423999999999999988e-01,1.703999999999999959e-01,1.685000000000000109e-01,2.132999999999999896e-01,2.245000000000000051e-01,2.590000000000000080e-01,2.629000000000000226e-01,6.635999999999999677e-01,6.734999999999999876e-01,3.099999999999999891e-03,2.799999999999999972e-03,1.370000000000000037e-02,8.699999999999999400e-03,1.451000000000000068e-01,1.486999999999999988e-01,1.633999999999999897e-01,1.617000000000000104e-01,2.631999999999999895e-01,2.645000000000000129e-01,6.774000000000000021e-01,6.846999999999999753e-01,4.899999999999999842e-03,4.700000000000000185e-03,1.890000000000000013e-02,1.260000000000000009e-02,1.537999999999999923e-01,1.550999999999999879e-01,1.605000000000000038e-01,1.607000000000000095e-01,2.652999999999999803e-01,2.685000000000000164e-01,6.842000000000000304e-01,6.845999999999999863e-01,4.300000000000000003e-03,4.400000000000000265e-03,1.779999999999999985e-02,1.839999999999999969e-02,1.577000000000000068e-01,1.605000000000000038e-01,2.697999999999999843e-01,2.761000000000000121e-01,6.836999999999999744e-01,6.860000000000000542e-01,3.599999999999999901e-03,3.599999999999999901e-03,1.179999999999999973e-02,1.679999999999999896e-02,2.797000000000000042e-01,2.856000000000000205e-01,6.891000000000000458e-01,6.937999999999999723e-01,3.299999999999999982e-03,3.599999999999999901e-03,1.469999999999999953e-02,1.469999999999999953e-02,1.469999999999999953e-02,1.469999999999999953e-02,1.200000000000000025e-02,2.883999999999999897e-01,2.886000000000000232e-01,6.974000000000000199e-01,7.130999999999999561e-01,3.700000000000000164e-03,3.399999999999999811e-03,1.849999999999999908e-02,1.839999999999999969e-02,1.469999999999999953e-02,1.469999999999999953e-02,2.903999999999999915e-01,2.896000000000000241e-01,7.165000000000000258e-01,7.322999999999999510e-01,4.199999999999999740e-03,3.799999999999999992e-03,2.060000000000000026e-02,2.050000000000000086e-02,2.857999999999999985e-01,2.846000000000000196e-01,7.317000000000000171e-01,7.304000000000000492e-01,4.199999999999999740e-03,4.199999999999999740e-03,2.060000000000000026e-02,2.089999999999999844e-02,2.757999999999999896e-01,2.735000000000000209e-01,7.272999999999999465e-01,6.994000000000000217e-01,3.700000000000000164e-03,3.799999999999999992e-03,1.089999999999999997e-02,1.400000000000000029e-02,2.622999999999999776e-01,2.611999999999999877e-01,3.654999999999999916e-01,3.428999999999999826e-01,3.294000000000000261e-01,3.620999999999999774e-01,6.598000000000000531e-01,6.548000000000000487e-01,6.542000000000000037e-01,6.967999999999999750e-01,3.399999999999999811e-03,3.500000000000000073e-03,2.799999999999999972e-03,5.700000000000000205e-03,2.492999999999999938e-01,2.492999999999999938e-01,2.492999999999999938e-01,2.924999999999999822e-01,2.492999999999999938e-01,3.618999999999999995e-01,3.630999999999999783e-01,6.088000000000000078e-01,6.031999999999999584e-01,3.000000000000000062e-03,3.200000000000000153e-03,2.000000000000000042e-03,2.299999999999999961e-03,2.492999999999999938e-01,2.492999999999999938e-01,3.598000000000000087e-01,3.522000000000000131e-01,5.563000000000000167e-01,5.423999999999999932e-01,6.499999999999999702e-03,5.799999999999999600e-03,-1.890000000000000013e-02,-7.900000000000000772e-03,3.363999999999999768e-01,3.179000000000000159e-01,4.827000000000000179e-01,4.501000000000000001e-01,1.000000000000000021e-02,-2.620000000000000107e-02,2.911000000000000254e-01,4.198999999999999955e-01,2.607999999999999763e-01
Cut_Loc,0.000000000000000000e+00
Cut_Num,1
Cut_Type,1
Mach,2.030000000000000138e-01
X_Loc,0.000000000000000000e+00,0.000000000000000000e+00,0.000000000000000000e+00,0.000000000000000000e+00,8.129999999999999727e-02,0.000000000000000000e+00,8.129999999999999727e-02,0.000000000000000000e+00,0.000000000000000000e+00,0.000000000000000000e+00,0.000000000000000000e+00,0.000000000000000000e+00,0.000000000000000000e+00,0.000000000000000000e+00,8.129999999999999727e-02,0.000000000000000000e+00,8.129999999999999727e-02,0.000000000000000000e+00,0.000000000000000000e+00,0.000000000000000000e+00,1.753000000000000114e-01,1.753000000000000114e-01,1.753000000000000114e-01,1.753000000000000114e-01,1.753000000000000114e-01,1.753000000000000114e-01,1.753000000000000114e-01,1.753000000000000114e-01,2.823999999999999844e-01,2.823999999999999844e-01,2.823999999999999844e-01,2.823999999999999844e-01,2.823999999999999844e-01,2.823999999999999844e-01,2.823999999999999844e-01,2.823999999999999844e-01,4.030000000000000249e-01,4.030000000000000249e-01,4.030000000000000249e-01,4.030000000000000249e-01,4.030000000000000249e-01,4.030000000000000249e-01,4.030000000000000249e-01,4.030000000000000249e-01,5.374999999999999778e-01,5.374999999999999778e-01,5.374999999999999778e-01,5.374999999999999778e-01,5.374999999999999778e-01,5.374999999999999778e-01,5.374999999999999778e-01,5.374999999999999778e-01,5.374999999999999778e-01,5.374999999999999778e-01,7.814999999999999725e-01,7.814999999999999725e-01,7.814999999999999725e-01,7.814999999999999725e-01,7.814999999999999725e-01,7.814999999999999725e-01,7.814999999999999725e-01,7.814999999999999725e-01,1.185400000000000009e+00,1.185400000000000009e+00,1.185400000000000009e+00,1.185400000000000009e+00,1.185400000000000009e+00,1.185400000000000009e+00,1.185400000000000009e+00,1.185400000000000009e+00,1.682500000000000107e+00,1.682500000000000107e+00,1.682500000000000107e+00,1.682500000000000107e+00,1.682500000000000107e+00,1.682500000000000107e+00,1.682500000000000107e+00,1.682500000000000107e+00,2.205499999999999794e+00,2.205499999999999794e+00,2.205499999999999794e+00,2.205499999999999794e+00,2.205499999999999794e+00,2.205499999999999794e+00,2.205499999999999794e+00,2.205499999999999794e+00,2.687500000000000000e+00,2.687500000000000000e+00,2.687500000000000000e+00,2.687500000000000000e+00,2.687500000000000000e+00,2.687500000000000000e+00,2.687500000000000000e+00,2.687500000000000000e+00,3.192499999999999893e+00,3.192499999999999893e+00,3.192499999999999893e+00,3.192499999999999893e+00,3.192499999999999893e+00,3.192499999999999893e+00,3.192499999999999893e+00,3.192499999999999893e+00,3.782900000000000151e+00,3.782900000000000151e+00,3.782900000000000151e+00,3.782900000000000151e+00,3.782900000000000151e+00,3.782900000000000151e+00,3.782900000000000151e+00,3.782900000000000151e+00,4.389599999999999724e+00,4.389599999999999724e+00,4.389599999999999724e+00,4.389599999999999724e+00,4.389599999999999724e+00,4.389599999999999724e+00,4.389599999999999724e+00,4.389599999999999724e+00,4.943299999999999805e+00,4.943299999999999805e+00,4.943299999999999805e+00,4.943299999999999805e+00,4.943299999999999805e+00,4.943299999999999805e+00,4.943299999999999805e+00,4.943299999999999805e+00,5.375000000000000000e+00,5.375000000000000000e+00,5.375000000000000000e+00,5.375000000000000000e+00,5.375000000000000000e+00,5.375000000000000000e+00,5.375000000000000000e+00,5.375000000000000000e+00,5.077399999999999913e+00,4.943299999999999805e+00,4.943299999999999805e+00,4.943299999999999805e+00,4.943299999999999805e+00,5.077399999999999913e+00,5.375000000000000000e+00,5.375000000000000000e+00,5.375000000000000000e+00,5.375000000000000000e+00,5.375000000000000000e+00,5.720699999999999896e+00,5.375000000000000000e+00,5.720699999999999896e+00,5.375000000000000000e+00,5.720699999999999896e+00,5.375000000000000000e+00,5.720699999999999896e+00,6.063900000000000290e+00,5.720699999999999896e+00,5.720699999999999896e+00,6.063900000000000290e+00,5.720699999999999896e+00,6.063900000000000290e+00,5.720699999999999896e+00,6.063900000000000290e+00,6.406100000000000350e+00,6.063900000000000290e+00,6.063900000000000290e+00,6.406100000000000350e+00,6.063900000000000290e+00,6.406100000000000350e+00,6.063900000000000290e+00,6.406100000000000350e+00,6.749299999999999855e+00,6.406100000000000350e+00,6.406100000000000350e+00,6.749299999999999855e+00,6.406100000000000350e+00,6.749299999999999855e+00,6.406100000000000350e+00,6.749299999999999855e+00,7.094999999999999751e+00,6.749299999999999855e+00,7.094999999999999751e+00,6.749299999999999855e+00,6.749299999999999855e+00,7.094999999999999751e+00,6.749299999999999855e+00,7.094999999999999751e+00,7.094999999999999751e+00,7.475200000000000067e+00,7.475200000000000067e+00,7.094999999999999751e+00,7.094999999999999751e+00,7.475200000000000067e+00,7.094999999999999751e+00,7.475200000000000067e+00,7.475200000000000067e+00,7.900100000000000122e+00,7.900100000000000122e+00,7.475200000000000067e+00,7.475200000000000067e+00,7.900100000000000122e+00,7.475200000000000067e+00,7.900100000000000122e+00,7.900100000000000122e+00,8.339299999999999713e+00,8.339299999999999713e+00,7.900100000000000122e+00,7.900100000000000122e+00,8.339299999999999713e+00,7.900100000000000122e+00,8.339299999999999713e+00,8.339299999999999713e+00,8.762000000000000455e+00,8.762000000000000455e+00,8.339299999999999713e+00,8.339299999999999713e+00,8.762000000000000455e+00,8.339299999999999713e+00,8.762000000000000455e+00,8.762000000000000455e+00,9.137499999999999289e+00,9.137499999999999289e+00,8.762000000000000455e+00,9.137499999999999289e+00,9.137499999999999289e+00,8.772999999999999687e+00,8.772999999999999687e+00,8.776500000000000412e+00,8.787000000000000810e+00,8.803399999999999892e+00,8.824699999999999989e+00,8.851000000000000867e+00,8.882300000000000750e+00,8.919100000000000250e+00,8.961899999999999977e+00,8.961899999999999977e+00,9.066599999999999326e+00,9.129099999999999326e+00,9.010899999999999466e+00,9.010899999999999466e+00,9.137499999999999289e+00,8.772999999999999687e+00,8.776500000000000412e+00,8.787000000000000810e+00,8.803399999999999892e+00,8.824699999999999989e+00,8.851000000000000867e+00,8.882300000000000750e+00,8.919100000000000250e+00,8.961899999999999977e+00,8.961899999999999977e+00,9.010899999999999466e+00,9.066599999999999326e+00,9.010899999999999466e+00,9.129099999999999326e+00,9.137499999999999289e+00,9.137499999999999289e+00,9.137499999999999289e+00,9.494899999999999451e+00,9.137499999999999289e+00,9.494899999999999451e+00,9.137499999999999289e+00,9.137499999999999289e+00,9.277699999999999392e+00,9.277699999999999392e+00,9.199999999999999289e+00,9.137499999999999289e+00,9.313599999999999213e+00,9.313599999999999213e+00,9.361499999999999488e+00,9.450499999999999901e+00,9.494899999999999451e+00,9.482599999999999696e+00,9.346999999999999531e+00,9.137499999999999289e+00,9.277699999999999392e+00,9.277699999999999392e+00,9.199999999999999289e+00,9.313599999999999213e+00,9.313599999999999213e+00,9.361499999999999488e+00,9.450499999999999901e+00,9.494899999999999451e+00,9.494899999999999451e+00,9.864200000000000301e+00,9.864200000000000301e+00,9.494899999999999451e+00,9.641799999999999926e+00,9.641799999999999926e+00,9.740000000000000213e+00,9.544499999999999318e+00,9.837699999999999889e+00,9.505000000000000782e+00,9.855999999999999872e+00,9.864200000000000301e+00,9.544499999999999318e+00,9.641799999999999926e+00,9.641799999999999926e+00,9.740000000000000213e+00,9.837699999999999889e+00,9.864200000000000301e+00,9.864200000000000301e+00,1.021589999999999954e+01,1.021589999999999954e+01,9.864200000000000301e+00,1.002420000000000044e+01,1.002420000000000044e+01,9.954900000000000304e+00,9.932800000000000296e+00,9.879500000000000171e+00,1.011100000000000065e+01,1.019209999999999994e+01,1.021090000000000053e+01,1.021589999999999954e+01,9.932800000000000296e+00,9.954900000000000304e+00,1.002420000000000044e+01,1.002420000000000044e+01,1.011100000000000065e+01,1.019209999999999994e+01,1.021589999999999954e+01,1.052100000000000080e+01,1.052100000000000080e+01,1.052100000000000080e+01,1.052100000000000080e+01,1.049719999999999942e+01,1.044890000000000008e+01,1.049910000000000032e+01,1.050459999999999994e+01,1.039439999999999920e+01,1.039439999999999920e+01,1.052100000000000080e+01,1.033350000000000080e+01,1.026619999999999955e+01,1.022550000000000026e+01,1.052100000000000080e+01,1.050459999999999994e+01,1.049719999999999942e+01,1.044890000000000008e+01,1.039439999999999920e+01,1.039439999999999920e+01,1.033350000000000080e+01,1.026619999999999955e+01,1.075000000000000000e+01,1.075000000000000000e+01,1.075000000000000000e+01,1.075000000000000000e+01,1.075000000000000000e+01,1.075000000000000000e+01,1.075000000000000000e+01,1.075000000000000000e+01,1.075000000000000000e+01,1.075000000000000000e+01,1.075000000000000000e+01,1.075000000000000000e+01,1.075000000000000000e+01,1.075000000000000000e+01,1.075000000000000000e+01,1.075000000000000000e+01,1.075000000000000000e+01,1.055610000000000070e+01,1.057569999999999943e+01,1.065869999999999962e+01,1.067900000000000027e+01,1.053919999999999924e+01,1.060749999999999993e+01,1.063509999999999955e+01,1.069630000000000081e+01,1.071059999999999945e+01,1.071100000000000030e+01,1.075000000000000000e+01,1.071090000000000053e+01,1.053919999999999924e+01,1.055610000000000070e+01,1.057569999999999943e+01,1.060749999999999993e+01,1.063509999999999955e+01,1.065869999999999962e+01,1.067900000000000027e+01,1.069630000000000081e+01,1.071059999999999945e+01,1.071100000000000030e+01,1.075000000000000000e+01,1.075000000000000000e+01,1.075000000000000000e+01,1.075000000000000000e+01,1.075000000000000000e+01,5.077399999999999913e+00,5.075999999999999623e+00,5.023200000000000109e+00,5.023200000000000109e+00,4.963199999999999612e+00,4.963199999999999612e+00,4.895400000000000418e+00,4.895400000000000418e+00,4.819600000000000328e+00,4.819600000000000328e+00,4.735699999999999577e+00,4.735699999999999577e+00,4.643799999999999706e+00,4.643799999999999706e+00,4.544200000000000017e+00,4.544200000000000017e+00,4.437800000000000189e+00,4.437800000000000189e+00,4.325599999999999667e+00,4.325599999999999667e+00,4.209100000000000286e+00,4.209100000000000286e+00,4.090300000000000047e+00,4.090300000000000047e+00,3.971200000000000063e+00,3.971200000000000063e+00,3.854000000000000092e+00,3.854000000000000092e+00,3.740600000000000147e+00,3.740600000000000147e+00,3.632499999999999840e+00,3.632499999999999840e+00,3.531000000000000139e+00,3.531000000000000139e+00,3.531000000000000139e+00,3.437300000000000022e+00,3.437300000000000022e+00,3.351799999999999891e+00,3.351799999999999891e+00,3.274900000000000144e+00,3.274900000000000144e+00,3.206599999999999895e+00,3.206599999999999895e+00,3.146500000000000075e+00,3.146500000000000075e+00,3.094300000000000050e+00,3.094300000000000050e+00,3.049799999999999844e+00,3.049799999999999844e+00,3.012500000000000178e+00,3.012500000000000178e+00,2.982099999999999973e+00,2.982099999999999973e+00,2.958200000000000163e+00,2.958200000000000163e+00,2.941399999999999793e+00,2.941399999999999793e+00,2.932700000000000085e+00,2.932700000000000085e+00,5.077399999999999913e+00,5.075999999999999623e+00,5.023200000000000109e+00,5.023200000000000109e+00,4.963199999999999612e+00,4.963199999999999612e+00,4.895400000000000418e+00,4.895400000000000418e+00,4.819600000000000328e+00,4.819600000000000328e+00,4.735699999999999577e+00,4.735699999999999577e+00,4.643799999999999706e+00,4.643799999999999706e+00,4.544200000000000017e+00,4.544200000000000017e+00,4.437800000000000189e+00,4.437800000000000189e+00,4.325599999999999667e+00,4.325599999999999667e+00,4.209100000000000286e+00,4.209100000000000286e+00,4.090300000000000047e+00,4.090300000000000047e+00,3.971200000000000063e+00,3.971200000000000063e+00,3.854000000000000092e+00,3.854000000000000092e+00,3.740600000000000147e+00,3.740600000000000147e+00,3.632499999999999840e+00,3.632499999999999840e+00,3.531000000000000139e+00,3.531000000000000139e+00,3.531000000000000139e+00,3.437300000000000022e+00,3.437300000000000022e+00,3.351799999999999891e+00,3.351799999999999891e+00,3.274900000000000144e+00,3.274900000000000144e+00,3.206599999999999895e+00,3.206599999999999895e+00,3.146500000000000075e+00,3.094300000000000050e+00,3.146500000000000075e+00,3.049799999999999844e+00,3.094300000000000050e+00,3.012500000000000178e+00,3.049799999999999844e+00,2.982099999999999973e+00,3.012500000000000178e+00,2.958200000000000163e+00,2.982099999999999973e+00,2.941399999999999793e+00,2.958200000000000163e+00,2.932700000000000085e+00,2.941399999999999793e+00,2.932700000000000085e+00,1.071090000000000053e+01,1.071080000000000076e+01,1.071080000000000076e+01,9.856899999999999551e+00,9.879599999999999937e+00,9.488799999999999457e+00,9.506099999999999994e+00,9.300700000000000855e+00,9.300700000000000855e+00,9.300700000000000855e+00,9.300700000000000855e+00,9.300700000000000855e+00,9.137499999999999289e+00,1.071059999999999945e+01,1.071080000000000076e+01,1.050810000000000066e+01,1.050210000000000043e+01,1.050380000000000003e+01,1.021250000000000036e+01,1.022659999999999947e+01,9.326700000000000657e+00,9.326700000000000657e+00,9.300700000000000855e+00,9.326700000000000657e+00,8.839999999999999858e+00,8.841699999999999449e+00,1.071039999999999992e+01,1.071059999999999945e+01,1.050960000000000072e+01,1.050900000000000034e+01,9.326700000000000657e+00,9.326700000000000657e+00,9.328699999999999548e+00,8.874200000000000088e+00,8.876699999999999591e+00,1.071030000000000015e+01,1.071039999999999992e+01,1.051510000000000034e+01,1.051430000000000042e+01,9.334799999999999542e+00,9.343299999999999272e+00,8.908400000000000318e+00,8.911799999999999500e+00,1.071010000000000062e+01,1.071020000000000039e+01,1.052059999999999995e+01,1.051960000000000051e+01,9.346199999999999619e+00,9.352700000000000458e+00,8.942500000000000782e+00,8.946899999999999409e+00,1.070989999999999931e+01,1.071010000000000062e+01,1.052630000000000088e+01,1.052519999999999989e+01,9.373200000000000642e+00,9.376300000000000523e+00,9.244600000000000151e+00,9.244600000000000151e+00,9.244600000000000151e+00,9.244600000000000151e+00,8.976599999999999469e+00,8.981899999999999551e+00,1.070969999999999978e+01,1.070989999999999931e+01,1.053170000000000073e+01,1.053040000000000020e+01,9.390000000000000568e+00,9.390000000000000568e+00,9.390000000000000568e+00,9.390000000000000568e+00,9.274300000000000210e+00,9.274300000000000210e+00,9.244600000000000151e+00,9.274300000000000210e+00,9.010600000000000165e+00,9.016999999999999460e+00,1.070960000000000001e+01,1.070969999999999978e+01,1.053759999999999941e+01,1.053589999999999982e+01,9.390000000000000568e+00,9.390000000000000568e+00,9.387600000000000833e+00,9.316599999999999326e+00,9.274300000000000210e+00,9.339900000000000091e+00,9.274300000000000210e+00,9.288100000000000023e+00,9.044600000000000861e+00,9.051999999999999602e+00,1.070940000000000047e+01,1.070950000000000024e+01,1.054299999999999926e+01,1.054119999999999990e+01,9.386400000000000077e+00,9.386400000000000077e+00,9.386400000000000077e+00,9.351800000000000779e+00,9.386400000000000077e+00,9.297200000000000131e+00,9.310299999999999798e+00,9.078599999999999781e+00,9.087099999999999511e+00,1.070919999999999916e+01,1.070930000000000071e+01,1.054879999999999995e+01,1.054659999999999975e+01,9.414899999999999380e+00,9.414899999999999380e+00,9.386400000000000077e+00,9.414899999999999380e+00,9.321600000000000108e+00,9.325200000000000600e+00,9.112500000000000711e+00,9.122099999999999653e+00,1.070899999999999963e+01,1.070909999999999940e+01,1.055450000000000088e+01,1.055199999999999960e+01,9.414899999999999380e+00,9.414899999999999380e+00,9.350799999999999557e+00,9.357200000000000628e+00,9.146300000000000097e+00,9.157199999999999562e+00,1.070889999999999986e+01,1.070899999999999963e+01,1.056010000000000026e+01,1.055760000000000076e+01,9.378999999999999559e+00,9.378999999999999559e+00,9.378999999999999559e+00,9.378999999999999559e+00,9.180199999999999250e+00,9.192299999999999471e+00,1.070870000000000033e+01,1.070880000000000010e+01,1.056579999999999941e+01,1.056279999999999930e+01,9.378999999999999559e+00,9.378999999999999559e+00,9.400199999999999889e+00,9.213900000000000645e+00,9.227299999999999613e+00,1.070850000000000080e+01,1.070860000000000056e+01,1.057099999999999973e+01,1.056809999999999938e+01,9.407600000000000406e+00,9.428100000000000591e+00,9.371299999999999741e+00,9.360500000000000043e+00,9.374900000000000233e+00,9.357400000000000162e+00,9.318099999999999383e+00,9.308699999999999974e+00,9.331699999999999662e+00,9.319399999999999906e+00,9.247600000000000264e+00,9.262399999999999523e+00,1.070829999999999949e+01,1.070839999999999925e+01,1.057709999999999972e+01,1.057329999999999970e+01,9.438299999999999912e+00,9.453099999999999170e+00,9.403600000000000847e+00,9.416199999999999903e+00,9.354599999999999582e+00,9.346000000000000085e+00,9.320399999999999352e+00,9.351800000000000779e+00,9.281299999999999883e+00,9.297399999999999665e+00,1.070819999999999972e+01,1.070819999999999972e+01,1.058259999999999934e+01,1.057890000000000086e+01,9.468400000000000816e+00,9.476699999999999235e+00,9.435499999999999332e+00,9.455500000000000682e+00,9.354900000000000659e+00,9.384199999999999875e+00,9.314899999999999736e+00,9.332499999999999574e+00,1.070800000000000018e+01,1.070800000000000018e+01,1.058820000000000050e+01,1.058409999999999940e+01,9.498799999999999244e+00,9.503099999999999881e+00,9.467200000000000060e+00,9.492300000000000182e+00,9.389599999999999724e+00,9.416199999999999903e+00,9.348300000000000054e+00,9.367499999999999716e+00,1.070780000000000065e+01,1.070780000000000065e+01,1.059409999999999918e+01,1.058939999999999948e+01,9.513999999999999346e+00,9.498599999999999710e+00,9.424899999999999167e+00,9.448700000000000543e+00,9.381800000000000139e+00,9.402599999999999625e+00,1.070770000000000088e+01,1.070759999999999934e+01,1.059950000000000081e+01,1.059479999999999933e+01,9.460000000000000853e+00,9.480900000000000105e+00,9.415100000000000691e+00,9.437599999999999767e+00,1.070730000000000004e+01,1.070759999999999934e+01,1.060500000000000043e+01,1.060500000000000043e+01,1.060500000000000043e+01,1.060500000000000043e+01,1.059989999999999988e+01,9.495200000000000529e+00,9.513199999999999434e+00,9.448499999999999233e+00,9.472699999999999676e+00,1.070710000000000051e+01,1.070730000000000004e+01,1.061030000000000051e+01,1.060989999999999966e+01,1.060500000000000043e+01,1.060500000000000043e+01,9.531000000000000583e+00,9.545199999999999463e+00,9.481500000000000483e+00,9.507799999999999585e+00,1.070669999999999966e+01,1.070700000000000074e+01,1.061560000000000059e+01,1.061490000000000045e+01,9.566200000000000259e+00,9.577700000000000102e+00,9.514599999999999724e+00,9.542799999999999727e+00,1.070650000000000013e+01,1.070669999999999966e+01,1.062110000000000021e+01,1.061989999999999945e+01,9.602800000000000225e+00,9.609600000000000364e+00,9.547399999999999665e+00,9.577899999999999636e+00,1.070620000000000083e+01,1.070630000000000059e+01,1.062640000000000029e+01,1.062470000000000070e+01,9.638700000000000045e+00,9.642099999999999227e+00,9.614599999999999369e+00,9.624700000000000699e+00,9.631899999999999906e+00,9.628000000000000114e+00,9.610400000000000276e+00,9.612700000000000244e+00,9.612999999999999545e+00,9.580399999999999139e+00,1.070589999999999975e+01,1.070599999999999952e+01,1.063160000000000061e+01,1.062959999999999994e+01,9.674699999999999633e+00,9.674699999999999633e+00,9.674699999999999633e+00,9.649200000000000443e+00,9.674699999999999633e+00,9.629599999999999937e+00,9.661300000000000665e+00,9.644500000000000739e+00,9.648600000000000065e+00,1.070560000000000045e+01,1.070570000000000022e+01,1.063669999999999938e+01,1.063419999999999987e+01,9.674699999999999633e+00,9.674699999999999633e+00,9.667899999999999494e+00,9.694599999999999440e+00,9.675900000000000389e+00,9.684300000000000352e+00,1.070529999999999937e+01,1.070529999999999937e+01,1.064220000000000077e+01,1.063899999999999935e+01,9.706799999999999429e+00,9.727800000000000225e+00,9.707100000000000506e+00,9.720000000000000639e+00,1.070500000000000007e+01,1.064380000000000059e+01,9.746000000000000441e+00,9.737800000000000011e+00,1.075000000000000000e+01
Y_Loc,0.000000000000000000e+00,0.000000000000000000e+00,0.000000000000000000e+00,0.000000000000000000e+00,0.000000000000000000e+00,0.000000000000000000e+00,-0.000000000000000000e+00,0.000000000000000000e+00,0.000000000000000000e+00,0.000000000000000000e+00,0.000000000000000000e+00,0.000000000000000000e+00,0.000000000000000000e+00,0.000000000000000000e+00,0.000000000000000000e+00,0.000000000000000000e+00,0.000000000000000000e+00,0.000000000000000000e+00,0.000000000000000000e+00,0.000000000000000000e+00,0.000000000000000000e+00,0.000000000000000000e+00,0.000000000000000000e+00,-0.000000000000000000e+00,0.000000000000000000e+00,0.000000000000000000e+00,0.000000000000000000e+00,0.000000000000000000e+00,0.000000000000000000e+00,0.000000000000000000e+00,0.000000000000000000e+00,-0.000000000000000000e+00,0.000000000000000000e+00,0.000000000000000000e+00,0.000000000000000000e+00,0.000000000000000000e+00,0.000000000000000000e+00,0.000000000000000000e+00,0.000000000000000000e+00,-0.000000000000000000e+00,0.000000000000000000e+00,0.000000000000000000e+00,0.000000000000000000e+00,-0.000000000000000000e+00,0.000000000000000000e+00,0.000000000000000000e+00,0.000000000000000000e+00,0.000000000000000000e+00,0.000000000000000000e+00,0.000000000000000000e+00,0.000000000000000000e+00,0.000000000000000000e+00,0.000000000000000000e+00,0.000000000000000000e+00,0.000000000000000000e+00,0.000000000000000000e+00,0.000000000000000000e+00,0.000000000000000000e+00,0.000000000000000000e+00,0.000000000000000000e+00,0.000000000000000000e+00,0.000000000000000000e+00,0.000000000000000000e+00,0.000000000000000000e+00,0.000000000000000000e+00,0.000000000000000000e+00,0.000000000000000000e+00,0.000000000000000000e+00,0.000000000000000000e+00,0.000000000000000000e+00,0.000000000000000000e+00,0.000000000000000000e+00,0.000000000000000000e+00,0.000000000000000000e+00,0.000000000000000000e+00,0.000000000000000000e+00,0.000000000000000000e+00,0.000000000000000000e+00,0.000000000000000000e+00,0.000000000000000000e+00,0.000000000000000000e+00,0.000000000000000000e+00,0.000000000000000000e+00,0.000000000000000000e+00,0.000000000000000000e+00,0.000000000000000000e+00,0.000000000000000000e+00,0.000000000000000000e+00,0.000000000000000000e+00,0.000000000000000000e+00,0.000000000000000000e+00,0.000000000000000000e+00,0.000000000000000000e+00,0.000000000000000000e+00,0.000000000000000000e+00,0.000000000000000000e+00,0.000000000000000000e+00,0.000000000000000000e+00,0.000000000000000000e+00,0.000000000000000000e+00,0.000000000000000000e+00,0.000000000000000000e+00,0.000000000000000000e+00,0.000000000000000000e+00,0.000000000000000000e+00,0.000000000000000000e+00,0.000000000000000000e+00,0.000000000000000000e+00,0.000000000000000000e+00,0.000000000000000000e+00,0.000000000000000000e+00,0.000000000000000000e+00,0.000000000000000000e+00,0.000000000000000000e+00,0.000000000000000000e+00,0.000000000000000000e+00,0.000000000000000000e+00,0.000000000000000000e+00,0.000000000000000000e+00,0.000000000000000000e+00,0.000000000000000000e+00,0.000000000000000000e+00,0.000000000000000000e+00,0.000000000000000000e+00,0.000000000000000000e+00,0.000000000000000000e+00,0.000000000000000000e+00,0.000000000000000000e+00,0.000000000000000000e+00,0.000000000000000000e+00,0.000000000000000000e+00,0.000000000000000000e+00,0.000000000000000000e+00,0.000000000000000000e+00,0.000000000000000000e+00,0.000000000000000000e+00,0.000000000000000000e+00,0.000000000000000000e+00,0.000000000000000000e+00,0.000000000000000000e+00,0.000000000000000000e+00,0.000000000000000000e+00,0.000000000000000000e+00,0.000000000000000000e+00,0.000000000000000000e+00,0.000000000000000000e+00,0.000000000000000000e+00,0.000000000000000000e+00,0.000000000000000000e+00,0.000000000000000000e+00,0.000000000000000000e+00,0.000000000000000000e+00,0.000000000000000000e+00,0.000000000000000000e+00,0.000000000000000000e+00,0.000000000000000000e+00,0.000000000000000000e+00,0.000000000000000000e+00,0.000000000000000000e+00,0.000000000000000000e+00,0.000000000000000000e+00,0.000000000000000000e+00,0.000000000000000000e+00,0.000000000000000000e+00,0.000000000000000000e+00,0.000000000000000000e+00,0.000000000000000000e+00,0.000000000000000000e+00,0.000000000000000000e+00,0.000000000000000000e+00,0.000000000000000000e+00,0.000000000000000000e+00,0.000000000000000000e+00,0.000000000000000000e+00,0.000000000000000000e+00,0.000000000000000000e+00,0.000000000000000000e+00,0.000000000000000000e+00,0.000000000000000000e+00,0.000000000000000000e+00,0.000000000000000000e+00,0.000000000000000000e+00,0.000000000000000000e+00,0.000000000000000000e+00,0.000000000000000000e+00,0.000000000000000000e+00,0.000000000000000000e+00,0.000000000000000000e+00,0.000000000000000000e+00,0.000000000000000000e+00,0.000000000000000000e+00,0.000000000000000000e+00,0.000000000000000000e+00,0.000000000000000000e+00,0.000000000000000000e+00,0.000000000000000000e+00,0.000000000000000000e+00,0.000000000000000000e+00,0.000000000000000000e+00,0.000000000000000000e+00,0.000000000000000000e+00,0.000000000000000000e+00,0.000000000000000000e+00,0.000000000000000000e+00,0.000000000000000000e+00,0.000000000000000000e+00,0.000000000000000000e+00,0.000000000000000000e+00,0.000000000000000000e+00,0.000000000000000000e+00,0.000000000000000000e+00,0.000000000000000000e+00,0.000000000000000000e+00,0.000000000000000000e+00,0.000000000000000000e+00,0.000000000000000000e+00,0.000000000000000000e+00,0.000000000000000000e+00,0.000000000000000000e+00,0.000000000000000000e+00,0.000000000000000000e+00,0.000000000000000000e+00,0.000000000000000000e+00,0.000000000000000000e+00,0.000000000000000000e+00,0.000000000000000000e+00,0.000000000000000000e+00,0.000000000000000000e+00,0.000000000000000000e+00,0.000000000000000000e+00,0.000000000000000000e+00,0.000000000000000000e+00,0.000000000000000000e+00,0.000000000000000000e+00,0.000000000000000000e+00,0.000000000000000000e+00,0.000000000000000000e+00,0.000000000000000000e+00,0.000000000000000000e+00,0.000000000000000000e+00,0.000000000000000000e+00,0.000000000000000000e+00,0.000000000000000000e+00,0.000000000000000000e+00,0.000000000000000000e+00,0.000000000000000000e+00,0.000000000000000000e+00,0.000000000000000000e+00,0.000000000000000000e+00,0.000000000000000000e+00,0.000000000000000000e+00,0.000000000000000000e+00,0.000000000000000000e+00,0.000000000000000000e+00,0.000000000000000000e+00,0.000000000000000000e+00,0.000000000000000000e+00,-0.000000000000000000e+00,0.000000000000000000e+00,0.000000000000000000e+00,0.000000000000000000e+00,0.000000000000000000e+00,0.000000000000000000e+00,0.000000000000000000e+00,0.000000000000000000e+00,0.000000000000000000e+00,0.000000000000000000e+00,0.000000000000000000e+00,0.000000000000000000e+00,0.000000000000000000e+00,-0.000000000000000000e+00,0.000000000000000000e+00,0.000000000000000000e+00,0.000000000000000000e+00,0.000000000000000000e+00,0.000000000000000000e+00,0.000000000000000000e+00,0.000000000000000000e+00,0.000000000000000000e+00,0.000000000000000000e+00,0.000000000000000000e+00,0.000000000000000000e+00,-0.000000000000000000e+00,-0.000000000000000000e+00,0.000000000000000000e+00,0.000000000000000000e+00,0.000000000000000000e+00,0.000000000000000000e+00,0.000000000000000000e+00,0.000000000000000000e+00,0.000000000000000000e+00,0.000000000000000000e+00,0.000000000000000000e+00,0.000000000000000000e+00,0.000000000000000000e+00,0.000000000000000000e+00,0.000000000000000000e+00,0.000000000000000000e+00,0.000000000000000000e+00,0.000000000000000000e+00,-0.000000000000000000e+00,-0.000000000000000000e+00,0.000000000000000000e+00,0.000000000000000000e+00,0.000000000000000000e+00,0.000000000000000000e+00,0.000000000000000000e+00,0.000000000000000000e+00,0.000000000000000000e+00,0.000000000000000000e+00,0.000000000000000000e+00,0.000000000000000000e+00,0.000000000000000000e+00,0.000000000000000000e+00,0.000000000000000000e+00,0.000000000000000000e+00,0.000000000000000000e+00,0.000000000000000000e+00,0.000000000000000000e+00,0.000000000000000000e+00,-0.000000000000000000e+00,0.000000000000000000e+00,0.000000000000000000e+00,0.000000000000000000e+00,0.000000000000000000e+00,0.000000000000000000e+00,0.000000000000000000e+00,0.000000000000000000e+00,0.000000000000000000e+00,0.000000000000000000e+00,0.000000000000000000e+00,0.000000000000000000e+00,0.000000000000000000e+00,0.000000000000000000e+00,0.000000000000000000e+00,0.000000000000000000e+00,0.000000000000000000e+00,0.000000000000000000e+00,0.000000000000000000e+00,0.000000000000000000e+00,0.000000000000000000e+00,0.000000000000000000e+00,0.000000000000000000e+00,0.000000000000000000e+00,0.000000000000000000e+00,0.000000000000000000e+00,0.000000000000000000e+00,0.000000000000000000e+00,0.000000000000000000e+00,0.000000000000000000e+00,0.000000000000000000e+00,0.000000000000000000e+00,0.000000000000000000e+00,0.000000000000000000e+00,0.000000000000000000e+00,0.000000000000000000e+00,0.000000000000000000e+00,0.000000000000000000e+00,0.000000000000000000e+00,0.000000000000000000e+00,0.000000000000000000e+00,0.000000000000000000e+00,0.000000000000000000e+00,0.000000000000000000e+00,0.000000000000000000e+00,0.000000000000000000e+00,0.000000000000000000e+00,0.000000000000000000e+00,0.000000000000000000e+00,0.000000000000000000e+00,0.000000000000000000e+00,0.000000000000000000e+00,0.000000000000000000e+00,0.000000000000000000e+00,0.000000000000000000e+00,0.000000000000000000e+00,0.000000000000000000e+00,0.000000000000000000e+00,0.000000000000000000e+00,0.000000000000000000e+00,0.000000000000000000e+00,0.000000000000000000e+00,0.000000000000000000e+00,0.000000000000000000e+00,0.000000000000000000e+00,0.000000000000000000e+00,0.000000000000000000e+00,0.000000000000000000e+00,0.000000000000000000e+00,0.000000000000000000e+00,0.000000000000000000e+00,0.000000000000000000e+00,0.000000000000000000e+00,0.000000000000000000e+00,0.000000000000000000e+00,0.000000000000000000e+00,0.000000000000000000e+00,0.000000000000000000e+00,0.000000000000000000e+00,0.000000000000000000e+00,0.000000000000000000e+00,0.000000000000000000e+00,0.000000000000000000e+00,0.000000000000000000e+00,0.000000000000000000e+00,0.000000000000000000e+00,0.000000000000000000e+00,0.000000000000000000e+00,0.000000000000000000e+00,0.000000000000000000e+00,0.000000000000000000e+00,0.000000000000000000e+00,0.000000000000000000e+00,0.000000000000000000e+00,0.000000000000000000e+00,0.000000000000000000e+00,0.000000000000000000e+00,0.000000000000000000e+00,0.000000000000000000e+00,0.000000000000000000e+00,0.000000000000000000e+00,0.000000000000000000e+00,0.000000000000000000e+00,0.000000000000000000e+00,0.000000000000000000e+00,0.000000000000000000e+00,0.000000000000000000e+00,0.000000000000000000e+00,0.000000000000000000e+00,0.000000000000000000e+00,0.000000000000000000e+00,0.000000000000000000e+00,0.000000000000000000e+00,0.000000000000000000e+00,0.000000000000000000e+00,0.000000000000000000e+00,0.000000000000000000e+00,0.000000000000000000e+00,0.000000000000000000e+00,0.000000000000000000e+00,0.000000000000000000e+00,0.000000000000000000e+00,0.000000000000000000e+00,0.000000000000000000e+00,0.000000000000000000e+00,0.000000000000000000e+00,0.000000000000000000e+00,0.000000000000000000e+00,0.000000000000000000e+00,0.000000000000000000e+00,0.000000000000000000e+00,0.000000000000000000e+00,0.000000000000000000e+00,0.000000000000000000e+00,0.000000000000000000e+00,0.000000000000000000e+00,0.000000000000000000e+00,0.000000000000000000e+00,0.000000000000000000e+00,0.000000000000000000e+00,0.000000000000000000e+00,0.000000000000000000e+00,0.000000000000000000e+00,0.000000000000000000e+00,0.000000000000000000e+00,0.000000000000000000e+00,0.000000000000000000e+00,0.000000000000000000e+00,0.000000000000000000e+00,0.000000000000000000e+00,0.000000000000000000e+00,0.000000000000000000e+00,0.000000000000000000e+00,0.000000000000000000e+00,0.000000000000000000e+00,0.000000000000000000e+00,0.000000000000000000e+00,0.000000000000000000e+00,0.000000000000000000e+00,0.000000000000000000e+00,0.000000000000000000e+00,0.000000000000000000e+00,0.000000000000000000e+00,0.000000000000000000e+00,0.000000000000000000e+00,0.000000000000000000e+00,0.000000000000000000e+00,0.000000000000000000e+00,0.000000000000000000e+00,0.000000000000000000e+00,0.000000000000000000e+00,0.000000000000000000e+00,0.000000000000000000e+00,0.000000000000000000e+00,0.000000000000000000e+00,0.000000000000000000e+00,0.000000000000000000e+00,0.000000000000000000e+00,0.000000000000000000e+00,0.000000000000000000e+00,0.000000000000000000e+00,0.000000000000000000e+00,0.000000000000000000e+00,0.000000000000000000e+00,0.000000000000000000e+00,0.000000000000000000e+00,-0.000000000000000000e+00,0.000000000000000000e+00,0.000000000000000000e+00,0.000000000000000000e+00,0.000000000000000000e+00,0.000000000000000000e+00,0.000000000000000000e+00,0.000000000000000000e+00,0.000000000000000000e+00,0.000000000000000000e+00,0.000000000000000000e+00,-0.000000000000000000e+00,0.000000000000000000e+00,0.000000000000000000e+00,0.000000000000000000e+00,0.000000000000000000e+00,0.000000000000000000e+00,0.000000000000000000e+00,0.000000000000000000e+00,0.000000000000000000e+00,0.000000000000000000e+00,0.000000000000000000e+00,0.000000000000000000e+00,0.000000000000000000e+00,-0.000000000000000000e+00,-0.000000000000000000e+00,0.000000000000000000e+00,0.000000000000000000e+00,0.000000000000000000e+00,0.000000000000000000e+00,0.000000000000000000e+00,0.000000000000000000e+00,0.000000000000000000e+00,0.000000000000000000e+00,-0.000000000000000000e+00,0.000000000000000000e+00,0.000000000000000000e+00,-0.000000000000000000e+00,0.000000000000000000e+00,0.000000000000000000e+00,0.000000000000000000e+00,0.000000000000000000e+00,0.000000000000000000e+00,0.000000000000000000e+00,0.000000000000000000e+00,0.000000000000000000e+00,0.000000000000000000e+00,-0.000000000000000000e+00,0.000000000000000000e+00,0.000000000000000000e+00,0.000000000000000000e+00,0.000000000000000000e+00,0.000000000000000000e+00,0.000000000000000000e+00,0.000000000000000000e+00,0.000000000000000000e+00,0.000000000000000000e+00,0.000000000000000000e+00,0.000000000000000000e+00,0.000000000000000000e+00,-0.000000000000000000e+00,0.000000000000000000e+00,0.000000000000000000e+00,0.000000000000000000e+00,0.000000000000000000e+00,0.000000000000000000e+00,0.000000000000000000e+00,0.000000000000000000e+00,0.000000000000000000e+00,0.000000000000000000e+00,0.000000000000000000e+00,-0.000000000000000000e+00,0.000000000000000000e+00,0.000000000000000000e+00,0.000000000000000000e+00,0.000000000000000000e+00,0.000000000000000000e+00,0.000000000000000000e+00,0.000000000000000000e+00,0.000000000000000000e+00,0.000000000000000000e+00,0.000000000000000000e+00,-0.000000000000000000e+00,0.000000000000000000e+00,0.000000000000000000e+00,0.000000000000000000e+00,-0.000000000000000000e+00,0.000000000000000000e+00,0.000000000000000000e+00,-0.000000000000000000e+00,0.000000000000000000e+00,0.000000000000000000e+00,0.000000000000000000e+00,0.000000000000000000e+00,0.000000000000000000e+00,0.000000000000000000e+00,0.000000000000000000e+00,0.000000000000000000e+00,0.000000000000000000e+00,0.000000000000000000e+00,-0.000000000000000000e+00,0.000000000000000000e+00,-0.000000000000000000e+00,0.000000000000000000e+00,0.000000000000000000e+00,0.000000000000000000e+00,0.000000000000000000e+00,0.000000000000000000e+00,0.000000000000000000e+00,0.000000000000000000e+00,0.000000000000000000e+00,0.000000000000000000e+00,0.000000000000000000e+00,0.000000000000000000e+00,0.000000000000000000e+00,0.000000000000000000e+00,0.000000000000000000e+00,0.000000000000000000e+00,0.000000000000000000e+00,0.000000000000000000e+00,0.000000000000000000e+00,0.000000000000000000e+00,0.000000000000000000e+00,0.000000000000000000e+00,0.000000000000000000e+00,0.000000000000000000e+00,0.000000000000000000e+00,0.000000000000000000e+00,0.000000000000000000e+00,0.000000000000000000e+00,0.000000000000000000e+00,0.000000000000000000e+00,0.000000000000000000e+00,-0.000000000000000000e+00,-0.000000000000000000e+00,0.000000000000000000e+00,0.000000000000000000e+00,0.000000000000000000e+00,0.000000000000000000e+00,0.000000000000000000e+00,0.000000000000000000e+00,0.000000000000000000e+00,0.000000000000000000e+00,-0.000000000000000000e+00,-0.000000000000000000e+00,0.000000000000000000e+00,0.000000000000000000e+00,0.000000000000000000e+00,-0.000000000000000000e+00,0.000000000000000000e+00,0.000000000000000000e+00,0.000000000000000000e+00,-0.000000000000000000e+00,0.000000000000000000e+00,0.000000000000000000e+00,0.000000000000000000e+00,0.000000000000000000e+00,-0.000000000000000000e+00,0.000000000000000000e+00,0.000000000000000000e+00,0.000000000000000000e+00,0.000000000000000000e+00,0.000000000000000000e+00,-0.000000000000000000e+00,0.000000000000000000e+00,-0.000000000000000000e+00,0.000000000000000000e+00,0.000000000000000000e+00,0.000000000000000000e+00,-0.000000000000000000e+00,0.000000000000000000e+00,0.000000000000000000e+00,0.000000000000000000e+00,0.000000000000000000e+00,0.000000000000000000e+00,0.000000000000000000e+00,0.000000000000000000e+00,0.000000000000000000e+00,0.000000000000000000e+00,-0.000000000000000000e+00,0.000000000000000000e+00,0.000000000000000000e+00,0.000000000000000000e+00,0.000000000000000000e+00,0.000000000000000000e+00,0.000000000000000000e+00,0.000000000000000000e+00,0.000000000000000000e+00,-0.000000000000000000e+00,-0.000000000000000000e+00,0.000000000000000000e+00,0.000000000000000000e+00,0.000000000000000000e+00,0.000000000000000000e+00,0.000000000000000000e+00,0.000000000000000000e+00,0.000000000000000000e+00,0.000000000000000000e+00,0.000000000000000000e+00,0.000000000000000000e+00,-0.000000000000000000e+00,0.000000000000000000e+00,0.000000000000000000e+00,0.000000000000000000e+00,0.000000000000000000e+00,0.000000000000000000e+00,0.000000000000000000e+00,-0.000000000000000000e+00,0.000000000000000000e+00,0.000000000000000000e+00,0.000000000000000000e+00,0.000000000000000000e+00,0.000000000000000000e+00,0.000000000000000000e+00,0.000000000000000000e+00,0.000000000000000000e+00,0.000000000000000000e+00,0.000000000000000000e+00,0.000000000000000000e+00,-0.000000000000000000e+00,0.000000000000000000e+00,0.000000000000000000e+00,0.000000000000000000e+00,0.000000000000000000e+00,0.000000000000000000e+00,0.000000000000000000e+00,0.000000000000000000e+00,0.000000000000000000e+00,0.000000000000000000e+00,0.000000000000000000e+00,0.000000000000000000e+00,0.000000000000000000e+00,0.000000000000000000e+00,0.000000000000000000e+00,0.000000000000000000e+00,0.000000000000000000e+00,-0.000000000000000000e+00,-0.000000000000000000e+00,0.000000000000000000e+00,0.000000000000000000e+00,0.000000000000000000e+00,0.000000000000000000e+00,0.000000000000000000e+00,0.000000000000000000e+00,0.000000000000000000e+00,0.000000000000000000e+00,0.000000000000000000e+00,0.000000000000000000e+00,0.000000000000000000e+00,0.000000000000000000e+00,-0.000000000000000000e+00,0.000000000000000000e+00,0.000000000000000000e+00,0.000000000000000000e+00,0.000000000000000000e+00,-0.000000000000000000e+00,0.000000000000000000e+00,0.000000000000000000e+00,0.000000000000000000e+00,0.000000000000000000e+00,0.000000000000000000e+00,0.000000000000000000e+00,0.000000000000000000e+00,0.000000000000000000e+00,0.000000000000000000e+00,0.000000000000000000e+00,0.000000000000000000e+00,0.000000000000000000e+00,0.000000000000000000e+00,0.000000000000000000e+00,0.000000000000000000e+00,0.000000000000000000e+00,0.000000000000000000e+00,0.000000000000000000e+00,0.000000000000000000e+00,0.000000000000000000e+00,0.000000000000000000e+00,0.000000000000000000e+00,0.000000000000000000e+00,-0.000000000000000000e+00,0.000000000000000000e+00,0.000000000000000000e+00,0.000000000000000000e+00,0.000000000000000000e+00,0.000000000000000000e+00,0.000000000000000000e+00,0.000000000000000000e+00,-0.000000000000000000e+00,0.000000000000000000e+00,-0.000000000000000000e+00,0.000000000000000000e+00,0.000000000000000000e+00,0.000000000000000000e+00,0.000000000000000000e+00,0.000000000000000000e+00,0.000000000000000000e+00,0.000000000000000000e+00,0.000000000000000000e+00,0.000000000000000000e+00,0.000000000000000000e+00
Z_Loc,-2.999999999999999889e-01,-2.999999999999999889e-01,-2.999999999999999889e-01,-2.999999999999999889e-01,-3.845000000000000084e-01,-2.999999999999999889e-01,-3.845000000000000084e-01,-2.999999999999999889e-01,-2.999999999999999889e-01,-2.999999999999999889e-01,-2.999999999999999889e-01,-2.999999999999999889e-01,-2.999999999999999889e-01,-2.999999999999999889e-01,-1.947000000000000119e-01,-2.999999999999999889e-01,-1.947000000000000119e-01,-2.999999999999999889e-01,-2.999999999999999889e-01,-2.999999999999999889e-01,-4.773000000000000020e-01,-4.773000000000000020e-01,-4.773000000000000020e-01,-4.773000000000000020e-01,-5.229999999999999927e-02,-5.229999999999999927e-02,-5.229999999999999927e-02,-5.229999999999999927e-02,-5.628999999999999559e-01,-5.628999999999999559e-01,-5.628999999999999559e-01,-5.628999999999999559e-01,9.249999999999999889e-02,9.249999999999999889e-02,9.249999999999999889e-02,9.249999999999999889e-02,-6.256000000000000449e-01,-6.256000000000000449e-01,-6.256000000000000449e-01,-6.256000000000000449e-01,2.048000000000000098e-01,2.048000000000000098e-01,2.048000000000000098e-01,2.048000000000000098e-01,-6.500000000000000222e-01,-6.500000000000000222e-01,-6.500000000000000222e-01,-6.500000000000000222e-01,-6.500000000000000222e-01,2.500000000000000000e-01,2.500000000000000000e-01,2.500000000000000000e-01,2.500000000000000000e-01,2.500000000000000000e-01,-6.707999999999999519e-01,-6.707999999999999519e-01,-6.707999999999999519e-01,-6.707999999999999519e-01,3.124000000000000110e-01,3.124000000000000110e-01,3.124000000000000110e-01,3.124000000000000110e-01,-7.204000000000000403e-01,-7.204000000000000403e-01,-7.204000000000000403e-01,-7.204000000000000403e-01,4.611999999999999988e-01,4.611999999999999988e-01,4.611999999999999988e-01,4.611999999999999988e-01,-7.795999999999999597e-01,-7.795999999999999597e-01,-7.795999999999999597e-01,-7.795999999999999597e-01,6.388000000000000345e-01,6.388000000000000345e-01,6.388000000000000345e-01,6.388000000000000345e-01,-8.292000000000000481e-01,-8.292000000000000481e-01,-8.292000000000000481e-01,-8.292000000000000481e-01,7.875999999999999668e-01,7.875999999999999668e-01,7.875999999999999668e-01,7.875999999999999668e-01,-8.499999999999999778e-01,-8.499999999999999778e-01,-8.499999999999999778e-01,-8.499999999999999778e-01,8.499999999999999778e-01,8.499999999999999778e-01,8.499999999999999778e-01,8.499999999999999778e-01,-8.499999999999999778e-01,-8.499999999999999778e-01,-8.499999999999999778e-01,-8.499999999999999778e-01,8.499999999999999778e-01,8.499999999999999778e-01,8.499999999999999778e-01,8.499999999999999778e-01,-8.499999999999999778e-01,-8.499999999999999778e-01,-8.499999999999999778e-01,-8.499999999999999778e-01,8.499999999999999778e-01,8.499999999999999778e-01,8.499999999999999778e-01,8.499999999999999778e-01,-8.499999999999999778e-01,-8.499999999999999778e-01,-8.499999999999999778e-01,-8.499999999999999778e-01,8.499999999999999778e-01,8.499999999999999778e-01,8.499999999999999778e-01,8.499999999999999778e-01,-8.499999999999999778e-01,-8.499999999999999778e-01,-8.499999999999999778e-01,-8.499999999999999778e-01,8.499999999999999778e-01,8.499999999999999778e-01,8.499999999999999778e-01,8.499999999999999778e-01,-8.499999999999999778e-01,-8.499999999999999778e-01,-8.499999999999999778e-01,-8.499999999999999778e-01,8.499999999999999778e-01,8.499999999999999778e-01,8.499999999999999778e-01,8.499999999999999778e-01,8.499999999999999778e-01,8.499999999999999778e-01,8.499999999999999778e-01,8.499999999999999778e-01,8.499999999999999778e-01,8.499999999999999778e-01,8.499999999999999778e-01,8.499999999999999778e-01,8.499999999999999778e-01,8.499999999999999778e-01,-8.499999999999999778e-01,-8.135999999999999899e-01,-8.499999999999999778e-01,-8.135999999999999899e-01,8.499999999999999778e-01,8.489999999999999769e-01,8.499999999999999778e-01,8.489999999999999769e-01,-7.268000000000000016e-01,-8.135999999999999899e-01,-8.135999999999999899e-01,-7.268000000000000016e-01,8.489999999999999769e-01,8.465000000000000302e-01,8.489999999999999769e-01,8.465000000000000302e-01,-6.231999999999999762e-01,-7.268000000000000016e-01,-7.268000000000000016e-01,-6.231999999999999762e-01,8.465000000000000302e-01,8.435000000000000275e-01,8.465000000000000302e-01,8.435000000000000275e-01,-5.363999999999999879e-01,-6.231999999999999762e-01,-6.231999999999999762e-01,-5.363999999999999879e-01,8.435000000000000275e-01,8.409999999999999698e-01,8.435000000000000275e-01,8.409999999999999698e-01,-5.000000000000000000e-01,-5.363999999999999879e-01,-5.000000000000000000e-01,-5.363999999999999879e-01,8.409999999999999698e-01,8.399999999999999689e-01,8.409999999999999698e-01,8.399999999999999689e-01,-5.000000000000000000e-01,-4.480000000000000093e-01,-4.480000000000000093e-01,-5.000000000000000000e-01,8.399999999999999689e-01,8.357999999999999874e-01,8.399999999999999689e-01,8.357999999999999874e-01,-4.480000000000000093e-01,-3.240000000000000102e-01,-3.240000000000000102e-01,-4.480000000000000093e-01,8.357999999999999874e-01,8.258999999999999675e-01,8.357999999999999874e-01,8.258999999999999675e-01,-3.240000000000000102e-01,-1.759999999999999898e-01,-1.759999999999999898e-01,-3.240000000000000102e-01,8.258999999999999675e-01,8.141000000000000458e-01,8.258999999999999675e-01,8.141000000000000458e-01,-1.759999999999999898e-01,-5.199999999999999761e-02,-5.199999999999999761e-02,-1.759999999999999898e-01,8.141000000000000458e-01,8.042000000000000259e-01,8.141000000000000458e-01,8.042000000000000259e-01,-5.199999999999999761e-02,0.000000000000000000e+00,0.000000000000000000e+00,-5.199999999999999761e-02,8.000000000000000444e-01,8.000000000000000444e-01,8.040000000000000480e-01,8.040000000000000480e-01,8.040000000000000480e-01,8.038999999999999480e-01,8.036999999999999700e-01,8.034999999999999920e-01,8.032000000000000250e-01,8.027999999999999581e-01,8.024000000000000021e-01,8.018999999999999462e-01,8.018999999999999462e-01,8.007999999999999563e-01,8.001000000000000334e-01,8.014000000000000012e-01,8.014000000000000012e-01,8.000000000000000444e-01,8.040000000000000480e-01,8.040000000000000480e-01,8.038999999999999480e-01,8.036999999999999700e-01,8.034999999999999920e-01,8.032000000000000250e-01,8.027999999999999581e-01,8.024000000000000021e-01,8.018999999999999462e-01,8.018999999999999462e-01,8.014000000000000012e-01,8.007999999999999563e-01,8.014000000000000012e-01,8.001000000000000334e-01,8.000000000000000444e-01,8.000000000000000444e-01,0.000000000000000000e+00,5.419999999999999818e-02,0.000000000000000000e+00,5.419999999999999818e-02,0.000000000000000000e+00,8.000000000000000444e-01,8.114000000000000101e-01,8.114000000000000101e-01,8.051000000000000378e-01,8.000000000000000444e-01,8.143000000000000238e-01,8.143000000000000238e-01,8.182000000000000384e-01,8.254000000000000226e-01,8.289999999999999591e-01,8.279999999999999583e-01,8.169999999999999485e-01,8.000000000000000444e-01,8.114000000000000101e-01,8.114000000000000101e-01,8.051000000000000378e-01,8.143000000000000238e-01,8.143000000000000238e-01,8.182000000000000384e-01,8.254000000000000226e-01,8.289999999999999591e-01,5.419999999999999818e-02,1.945999999999999952e-01,1.945999999999999952e-01,5.419999999999999818e-02,8.520999999999999686e-01,8.520999999999999686e-01,8.675000000000000488e-01,8.367999999999999883e-01,8.828000000000000291e-01,8.306000000000000050e-01,8.857000000000000428e-01,8.870000000000000107e-01,8.367999999999999883e-01,8.520999999999999686e-01,8.520999999999999686e-01,8.675000000000000488e-01,8.828000000000000291e-01,8.870000000000000107e-01,1.945999999999999952e-01,3.879000000000000226e-01,3.879000000000000226e-01,1.945999999999999952e-01,9.068000000000000504e-01,9.068000000000000504e-01,8.981999999999999984e-01,8.954999999999999627e-01,8.889000000000000234e-01,9.174999999999999822e-01,9.275999999999999801e-01,9.298999999999999488e-01,9.304999999999999938e-01,8.954999999999999627e-01,8.981999999999999984e-01,9.068000000000000504e-01,9.068000000000000504e-01,9.174999999999999822e-01,9.275999999999999801e-01,9.304999999999999938e-01,6.008000000000000007e-01,6.008000000000000007e-01,6.008000000000000007e-01,6.008000000000000007e-01,9.171000000000000263e-01,9.193999999999999950e-01,9.170000000000000373e-01,9.167999999999999483e-01,9.220000000000000417e-01,9.220000000000000417e-01,9.160000000000000364e-01,9.249000000000000554e-01,9.281000000000000361e-01,9.300000000000000488e-01,9.160000000000000364e-01,9.167999999999999483e-01,9.171000000000000263e-01,9.193999999999999950e-01,9.220000000000000417e-01,9.220000000000000417e-01,9.249000000000000554e-01,9.281000000000000361e-01,8.000000000000000444e-01,8.000000000000000444e-01,8.000000000000000444e-01,8.000000000000000444e-01,8.000000000000000444e-01,8.000000000000000444e-01,8.000000000000000444e-01,8.000000000000000444e-01,8.000000000000000444e-01,8.000000000000000444e-01,8.000000000000000444e-01,8.000000000000000444e-01,8.000000000000000444e-01,8.000000000000000444e-01,8.000000000000000444e-01,8.000000000000000444e-01,8.000000000000000444e-01,8.981999999999999984e-01,8.882999999999999785e-01,8.461999999999999522e-01,8.358999999999999764e-01,9.068000000000000504e-01,8.721999999999999753e-01,8.581999999999999629e-01,8.272000000000000464e-01,8.199999999999999512e-01,8.196999999999999842e-01,8.000000000000000444e-01,8.197999999999999732e-01,9.068000000000000504e-01,8.981999999999999984e-01,8.882999999999999785e-01,8.721999999999999753e-01,8.581999999999999629e-01,8.461999999999999522e-01,8.358999999999999764e-01,8.272000000000000464e-01,8.199999999999999512e-01,8.196999999999999842e-01,8.000000000000000444e-01,8.000000000000000444e-01,8.000000000000000444e-01,8.000000000000000444e-01,8.000000000000000444e-01,8.499999999999999778e-01,8.501999999999999558e-01,8.572999999999999510e-01,8.572999999999999510e-01,8.643999999999999462e-01,8.643999999999999462e-01,8.713999999999999524e-01,8.713999999999999524e-01,8.780999999999999917e-01,8.780999999999999917e-01,8.840999999999999970e-01,8.840999999999999970e-01,8.899000000000000243e-01,8.899000000000000243e-01,8.951000000000000068e-01,8.951000000000000068e-01,8.994999999999999662e-01,8.994999999999999662e-01,9.031000000000000139e-01,9.031000000000000139e-01,9.062000000000000055e-01,9.062000000000000055e-01,9.095999999999999641e-01,9.095999999999999641e-01,9.127999999999999448e-01,9.127999999999999448e-01,9.155999999999999694e-01,9.155999999999999694e-01,9.177999999999999492e-01,9.177999999999999492e-01,9.193999999999999950e-01,9.193999999999999950e-01,9.204999999999999849e-01,9.204999999999999849e-01,9.204999999999999849e-01,9.213000000000000078e-01,9.213000000000000078e-01,9.215999999999999748e-01,9.215999999999999748e-01,9.213000000000000078e-01,9.213000000000000078e-01,9.207999999999999519e-01,9.207999999999999519e-01,9.194999999999999840e-01,9.194999999999999840e-01,9.176999999999999602e-01,9.176999999999999602e-01,9.154999999999999805e-01,9.154999999999999805e-01,9.122000000000000108e-01,9.122000000000000108e-01,9.088000000000000522e-01,9.088000000000000522e-01,9.050000000000000266e-01,9.050000000000000266e-01,9.019000000000000350e-01,9.019000000000000350e-01,9.006999999999999451e-01,9.006999999999999451e-01,8.499999999999999778e-01,8.501999999999999558e-01,8.572999999999999510e-01,8.572999999999999510e-01,8.643999999999999462e-01,8.643999999999999462e-01,8.713999999999999524e-01,8.713999999999999524e-01,8.780999999999999917e-01,8.780999999999999917e-01,8.840999999999999970e-01,8.840999999999999970e-01,8.899000000000000243e-01,8.899000000000000243e-01,8.951000000000000068e-01,8.951000000000000068e-01,8.994999999999999662e-01,8.994999999999999662e-01,9.031000000000000139e-01,9.031000000000000139e-01,9.062000000000000055e-01,9.062000000000000055e-01,9.095999999999999641e-01,9.095999999999999641e-01,9.127999999999999448e-01,9.127999999999999448e-01,9.155999999999999694e-01,9.155999999999999694e-01,9.177999999999999492e-01,9.177999999999999492e-01,9.193999999999999950e-01,9.193999999999999950e-01,9.204999999999999849e-01,9.204999999999999849e-01,9.204999999999999849e-01,9.213000000000000078e-01,9.213000000000000078e-01,9.215999999999999748e-01,9.215999999999999748e-01,9.213000000000000078e-01,9.213000000000000078e-01,9.207999999999999519e-01,9.207999999999999519e-01,9.194999999999999840e-01,9.176999999999999602e-01,9.194999999999999840e-01,9.154999999999999805e-01,9.176999999999999602e-01,9.122000000000000108e-01,9.154999999999999805e-01,9.088000000000000522e-01,9.122000000000000108e-01,9.050000000000000266e-01,9.088000000000000522e-01,9.019000000000000350e-01,9.050000000000000266e-01,9.006999999999999451e-01,9.019000000000000350e-01,9.006999999999999451e-01,8.518000000000000016e-01,8.958000000000000407e-01,8.981999999999999984e-01,8.903999999999999693e-01,8.894999999999999574e-01,8.445000000000000284e-01,8.413000000000000478e-01,8.981999999999999984e-01,8.981999999999999984e-01,8.981999999999999984e-01,8.981999999999999984e-01,8.981999999999999984e-01,8.000000000000000444e-01,9.963999999999999524e-01,9.019000000000000350e-01,9.668999999999999817e-01,9.674000000000000377e-01,9.963999999999999524e-01,9.441000000000000503e-01,9.431000000000000494e-01,9.963999999999999524e-01,9.963999999999999524e-01,8.981999999999999984e-01,9.963999999999999524e-01,9.918000000000000149e-01,9.963999999999999524e-01,1.094600000000000017e+00,1.004000000000000004e+00,1.094600000000000017e+00,1.083800000000000097e+00,9.963999999999999524e-01,9.963999999999999524e-01,1.094600000000000017e+00,1.087599999999999900e+00,1.094600000000000017e+00,1.192900000000000071e+00,1.106200000000000072e+00,1.192900000000000071e+00,1.179000000000000048e+00,1.133899999999999908e+00,1.192900000000000071e+00,1.183200000000000029e+00,1.192900000000000071e+00,1.291099999999999914e+00,1.208499999999999908e+00,1.291099999999999914e+00,1.274100000000000010e+00,1.266499999999999959e+00,1.291099999999999914e+00,1.278799999999999937e+00,1.291099999999999914e+00,1.389299999999999979e+00,1.311099999999999932e+00,1.389299999999999979e+00,1.368100000000000094e+00,1.364700000000000024e+00,1.389299999999999979e+00,1.389299999999999979e+00,1.389299999999999979e+00,1.389299999999999979e+00,1.389299999999999979e+00,1.374300000000000077e+00,1.389299999999999979e+00,1.487500000000000044e+00,1.413799999999999946e+00,1.487500000000000044e+00,1.463200000000000056e+00,1.487500000000000044e+00,1.487500000000000044e+00,1.487500000000000044e+00,1.487500000000000044e+00,1.487500000000000044e+00,1.487500000000000044e+00,1.389299999999999979e+00,1.487500000000000044e+00,1.469700000000000006e+00,1.487500000000000044e+00,1.585700000000000109e+00,1.516699999999999937e+00,1.585700000000000109e+00,1.557199999999999918e+00,1.487500000000000044e+00,1.487500000000000044e+00,1.585700000000000109e+00,1.536599999999999966e+00,1.487500000000000044e+00,1.585700000000000109e+00,1.487500000000000044e+00,1.585700000000000109e+00,1.564999999999999947e+00,1.585700000000000109e+00,1.683899999999999952e+00,1.619799999999999907e+00,1.683899999999999952e+00,1.651499999999999968e+00,1.683899999999999952e+00,1.683899999999999952e+00,1.683899999999999952e+00,1.610300000000000065e+00,1.683899999999999952e+00,1.625000000000000000e+00,1.683899999999999952e+00,1.659999999999999920e+00,1.683899999999999952e+00,1.782100000000000017e+00,1.723200000000000065e+00,1.782100000000000017e+00,1.745300000000000074e+00,1.782100000000000017e+00,1.782100000000000017e+00,1.683899999999999952e+00,1.782100000000000017e+00,1.757600000000000051e+00,1.782100000000000017e+00,1.755200000000000093e+00,1.782100000000000017e+00,1.880400000000000071e+00,1.826799999999999979e+00,1.880400000000000071e+00,1.839199999999999946e+00,1.782100000000000017e+00,1.782100000000000017e+00,1.864000000000000101e+00,1.880400000000000071e+00,1.849900000000000100e+00,1.880400000000000071e+00,1.978599999999999914e+00,1.930600000000000094e+00,1.978599999999999914e+00,1.932199999999999918e+00,1.978599999999999914e+00,1.978599999999999914e+00,1.978599999999999914e+00,1.978599999999999914e+00,1.944700000000000095e+00,1.978599999999999914e+00,2.076799999999999979e+00,2.034800000000000164e+00,2.076799999999999979e+00,2.025999999999999801e+00,1.978599999999999914e+00,1.978599999999999914e+00,2.076799999999999979e+00,2.039299999999999891e+00,2.076799999999999979e+00,2.174999999999999822e+00,2.139200000000000212e+00,2.174999999999999822e+00,2.119000000000000217e+00,2.109500000000000153e+00,2.174999999999999822e+00,2.167400000000000215e+00,2.142300000000000093e+00,2.174999999999999822e+00,2.174999999999999822e+00,2.155400000000000205e+00,2.142300000000000093e+00,2.174999999999999822e+00,2.174999999999999822e+00,2.133700000000000152e+00,2.174999999999999822e+00,2.273200000000000109e+00,2.243900000000000006e+00,2.273200000000000109e+00,2.212699999999999889e+00,2.214300000000000157e+00,2.273200000000000109e+00,2.240499999999999936e+00,2.273200000000000109e+00,2.207699999999999996e+00,2.199600000000000222e+00,2.178100000000000147e+00,2.273200000000000109e+00,2.228000000000000203e+00,2.273200000000000109e+00,2.371399999999999952e+00,2.349000000000000199e+00,2.371399999999999952e+00,2.304399999999999782e+00,2.332100000000000062e+00,2.371399999999999952e+00,2.318499999999999783e+00,2.371399999999999952e+00,2.282700000000000173e+00,2.371399999999999952e+00,2.322099999999999831e+00,2.371399999999999952e+00,2.469599999999999795e+00,2.454400000000000137e+00,2.469599999999999795e+00,2.396900000000000031e+00,2.453300000000000036e+00,2.469599999999999795e+00,2.404199999999999893e+00,2.469599999999999795e+00,2.387799999999999923e+00,2.469599999999999795e+00,2.415799999999999947e+00,2.469599999999999795e+00,2.567899999999999849e+00,2.560299999999999798e+00,2.567899999999999849e+00,2.489300000000000068e+00,2.518699999999999939e+00,2.486000000000000210e+00,2.495800000000000018e+00,2.567899999999999849e+00,2.509700000000000042e+00,2.567899999999999849e+00,2.661300000000000221e+00,2.666100000000000136e+00,2.666100000000000136e+00,2.580600000000000005e+00,2.602899999999999991e+00,2.666100000000000136e+00,2.602899999999999991e+00,2.666100000000000136e+00,2.764299999999999979e+00,2.666500000000000092e+00,2.764299999999999979e+00,2.764299999999999979e+00,2.764299999999999979e+00,2.764299999999999979e+00,2.672600000000000087e+00,2.709700000000000220e+00,2.764299999999999979e+00,2.696400000000000130e+00,2.764299999999999979e+00,2.862499999999999822e+00,2.773600000000000065e+00,2.862499999999999822e+00,2.855500000000000149e+00,2.764299999999999979e+00,2.764299999999999979e+00,2.819300000000000139e+00,2.862499999999999822e+00,2.789000000000000146e+00,2.862499999999999822e+00,2.960700000000000109e+00,2.881299999999999972e+00,2.960700000000000109e+00,2.946299999999999919e+00,2.925399999999999778e+00,2.960700000000000109e+00,2.881699999999999928e+00,2.960700000000000109e+00,3.058899999999999952e+00,2.989500000000000046e+00,3.058899999999999952e+00,3.036500000000000199e+00,3.038499999999999979e+00,3.058899999999999952e+00,2.973599999999999799e+00,3.058899999999999952e+00,3.157099999999999795e+00,3.098599999999999799e+00,3.157099999999999795e+00,3.126900000000000013e+00,3.146700000000000053e+00,3.157099999999999795e+00,3.117900000000000116e+00,3.140800000000000036e+00,3.157099999999999795e+00,3.157099999999999795e+00,3.150100000000000122e+00,3.156200000000000117e+00,3.157099999999999795e+00,3.065999999999999837e+00,3.255399999999999849e+00,3.208299999999999930e+00,3.255399999999999849e+00,3.216200000000000170e+00,3.255399999999999849e+00,3.255399999999999849e+00,3.255399999999999849e+00,3.194900000000000073e+00,3.255399999999999849e+00,3.161900000000000155e+00,3.255399999999999849e+00,3.244000000000000217e+00,3.255399999999999849e+00,3.353600000000000136e+00,3.318599999999999994e+00,3.353600000000000136e+00,3.306299999999999795e+00,3.255399999999999849e+00,3.255399999999999849e+00,3.274999999999999911e+00,3.353600000000000136e+00,3.330499999999999794e+00,3.353600000000000136e+00,3.451799999999999979e+00,3.430499999999999883e+00,3.451799999999999979e+00,3.394899999999999807e+00,3.389800000000000146e+00,3.451799999999999979e+00,3.416100000000000136e+00,3.451799999999999979e+00,3.543000000000000149e+00,3.482699999999999907e+00,3.505599999999999827e+00,3.500599999999999934e+00,8.000000000000000444e-01
