Results_Name,VSPAERO_History
Results_Timestamp,1787071701
Results_Date,8,18,2026
Results_Time,22,18,21
Alpha,4.000000000000000000e+00,4.000000000000000000e+00,4.000000000000000000e+00,4.000000000000000000e+00,4.000000000000000000e+00,4.000000000000000000e+00,4.000000000000000000e+00,4.000000000000000000e+00,4.000000000000000000e+00,4.000000000000000000e+00,4.000000000000000000e+00,4.000000000000000000e+00,4.000000000000000000e+00,4.000000000000000000e+00,4.000000000000000000e+00,4.000000000000000000e+00,4.000000000000000000e+00,4.000000000000000000e+00,4.000000000000000000e+00,4.000000000000000000e+00
Beta,0.000000000000000000e+00,0.000000000000000000e+00,0.000000000000000000e+00,0.000000000000000000e+00,0.000000000000000000e+00,0.000000000000000000e+00,0.000000000000000000e+00,0.000000000000000000e+00,0.000000000000000000e+00,0.000000000000000000e+00,0.000000000000000000e+00,0.000000000000000000e+00,0.000000000000000000e+00,0.000000000000000000e+00,0.000000000000000000e+00,0.000000000000000000e+00,0.000000000000000000e+00,0.000000000000000000e+00,0.000000000000000000e+00,0.000000000000000000e+00
CDi,0.000000000000000000e+00,-5.159511384399999984e-02,-8.568952428899999363e-02,-1.313500057929999909e-01,-1.443532454689999966e-01,-1.495791844699999873e-01,-1.537417952010000088e-01,-1.571625288780000018e-01,-1.638738339069999994e-01,-1.687247068470000000e-01,-1.714916510239999914e-01,-1.625634091800000069e-01,-1.727744020820000115e-01,-1.748289762780000089e-01,-1.721830445910000063e-01,-1.860542145749999876e-01,-1.768518980700000132e-01,-1.651623129660000078e-01,-1.855890786269999981e-01,-2.040081839700000066e-01
CDiw,0.000000000000000000e+00,3.064184700599999894e-02,2.456236460099999949e-02,2.529843724400000077e-02,2.789245294299999914e-02,2.459235986200000029e-02,2.523502635100000058e-02,2.484163597300000081e-02,2.546506713999999866e-02,2.523420101799999857e-02,2.521191795900000129e-02,2.703951980800000168e-02,2.519621982699999860e-02,2.483406668299999870e-02,2.465155067600000027e-02,2.606274593299999845e-02,2.439775565999999923e-02,2.660628932599999955e-02,2.447001800099999833e-02,2.540540394900000012e-02
CDo,4.973299205999999646e-03,8.898504146000000073e-03,8.342653348000000565e-03,8.396025450999999168e-03,8.400456614999999433e-03,8.305015715999999534e-03,8.348265849999999752e-03,8.342946384000000590e-03,8.444703664000000401e-03,8.437544038000000662e-03,8.407769893999999730e-03,8.376692579999999236e-03,8.378856570999999517e-03,8.402292890999999916e-03,8.420625697000000409e-03,8.386878306000000033e-03,8.455183373999999169e-03,8.467629670999999442e-03,8.268739017999999705e-03,8.465323348999999331e-03
CDtot,4.973299205999999646e-03,-4.269660969700000280e-02,-7.734687094099999827e-02,-1.229539803429999939e-01,-1.359527888540000007e-01,-1.412741687540000068e-01,-1.453935293510000004e-01,-1.488195824949999913e-01,-1.554291302430000077e-01,-1.602871628089999889e-01,-1.630838811299999969e-01,-1.541867165999999956e-01,-1.643955455109999964e-01,-1.664266833870000073e-01,-1.637624188940000058e-01,-1.776673362679999923e-01,-1.683967146969999884e-01,-1.566946832939999923e-01,-1.773203396090000106e-01,-1.955428606209999864e-01
CDwtot,4.973299205999999646e-03,3.954035115199999728e-02,3.290501794899999832e-02,3.369446269500000340e-02,3.629290955799999857e-02,3.289737557800000156e-02,3.358329220200000076e-02,3.318458235599999750e-02,3.390977080399999732e-02,3.367174505599999923e-02,3.361968785299999929e-02,3.541621238800000265e-02,3.357507639800000332e-02,3.323635957400000035e-02,3.307217637300000068e-02,3.444962423999999718e-02,3.285293903400000187e-02,3.507391899699999899e-02,3.273875701900000323e-02,3.387072729800000292e-02
CFxi,0.000000000000000000e+00,-1.055428603089999945e-01,-1.345643464450000104e-01,-1.812960967539999912e-01,-1.945505352050000136e-01,-1.987146893149999982e-01,-2.033263201980000101e-01,-2.068684191250000082e-01,-2.144978093200000102e-01,-2.187782204569999889e-01,-2.211545038430000054e-01,-2.127037468340000070e-01,-2.232654612199999888e-01,-2.254779507680000072e-01,-2.221888004350000001e-01,-2.361030971610000029e-01,-2.264257615170000015e-01,-2.151693134759999904e-01,-2.351218727640000117e-01,-2.550575074209999737e-01
CFxiw,0.000000000000000000e+00,-1.959183973899999986e-02,-2.177767295800000016e-02,-2.145701151100000079e-02,-1.866306607300000087e-02,-2.144521736600000020e-02,-2.112405160199999979e-02,-2.146207129700000021e-02,-2.154013106600000116e-02,-2.160618132699999860e-02,-2.125324522100000002e-02,-1.936363282500000102e-02,-2.130622991400000013e-02,-2.175714370600000114e-02,-2.213741428200000083e-02,-2.058348088099999987e-02,-2.226337380500000018e-02,-2.012201160899999841e-02,-2.144821613700000074e-02,-2.171197679800000030e-02
CFxo,4.993422525999999598e-03,8.940714766000000188e-03,8.382158615999999937e-03,8.435714998999999450e-03,8.440302421000000707e-03,8.344423026999999576e-03,8.387938520999999384e-03,8.382433934999999198e-03,8.485030944999999436e-03,8.477801861000000549e-03,8.447802153000000605e-03,8.416523768999999502e-03,8.418793509999999633e-03,8.442417156000000047e-03,8.460877752000000793e-03,8.426561457999999852e-03,8.496052445000000855e-03,8.508582617000000348e-03,8.307667536000000810e-03,8.505641083999999214e-03
CFxtot,4.993422525999999598e-03,-9.660214554399999820e-02,-1.261821878290000087e-01,-1.728603817549999866e-01,-1.861102327849999960e-01,-1.903702662879999952e-01,-1.949383816770000055e-01,-1.984859851890000138e-01,-2.060127783750000108e-01,-2.103004185959999883e-01,-2.127067016899999996e-01,-2.042872230649999954e-01,-2.148466677099999944e-01,-2.170355336120000089e-01,-2.137279226830000045e-01,-2.276765357030000048e-01,-2.179297090710000107e-01,-2.066607308589999970e-01,-2.268142052279999987e-01,-2.465518663369999919e-01
CFxwtot,4.993422525999999598e-03,-1.065112497299999968e-02,-1.339551434200000023e-02,-1.302129651199999960e-02,-1.022276365300000059e-02,-1.310079433900000062e-02,-1.273611308100000040e-02,-1.307963736199999928e-02,-1.305510012099999999e-02,-1.312837946599999979e-02,-1.280544306799999942e-02,-1.094710905599999978e-02,-1.288743640400000050e-02,-1.331472654999999936e-02,-1.367653653000000004e-02,-1.215691942300000002e-02,-1.376732135999999933e-02,-1.161342899199999980e-02,-1.314054860099999993e-02,-1.320633571399999935e-02
CFyi,0.000000000000000000e+00,1.195668248000000084e-03,7.834163909999999507e-04,-3.084412186000000042e-03,5.138109060000000273e-04,9.274946199999999693e-04,-3.336551560000000031e-04,-2.453864339999999988e-04,3.562950609999999897e-04,-1.178544138000000002e-03,3.860145540000000167e-03,-7.357409510000000215e-04,8.296778700000000117e-04,-4.050494739999999615e-03,1.441435493600000048e-02,-5.350396543000000317e-03,2.481295279999999864e-03,9.273961903000000132e-03,4.412849814999999717e-03,3.454476189999999944e-04
CFyiw,0.000000000000000000e+00,1.163288189999999952e-04,7.154785199999999512e-05,4.911364399999999716e-05,1.783152999999999900e-05,2.835490100000000128e-05,3.423630700000000201e-05,3.119162900000000066e-05,8.014574399999999435e-05,5.982129599999999836e-05,1.169253089999999946e-04,-5.815861299999999800e-05,-4.095878200000000239e-05,6.449675699999999788e-05,3.345408599999999708e-05,2.257376109999999951e-04,-4.292488299999999978e-05,-5.674792300000000220e-05,4.874707079999999831e-04,3.259911820000000078e-04
CFyo,-0.000000000000000000e+00,-7.195600000000000191e-07,-2.955699999999999924e-07,-1.451999999999999949e-09,3.610800000000000146e-08,-1.348479999999999909e-07,1.998010000000000035e-07,4.371869999999999826e-07,-1.911099999999999954e-07,-1.910300000000000106e-07,-3.061301999999999866e-06,-3.725286999999999998e-06,2.294048999999999845e-06,-5.025677999999999827e-06,-2.243618000000000073e-06,-1.011303899999999958e-05,1.785617700000000066e-05,2.254147100000000162e-05,-2.664893299999999851e-05,-2.470502699999999863e-05
CFytot,-0.000000000000000000e+00,1.194948688000000000e-03,7.831208209999999687e-04,-3.084413637999999878e-03,5.138470150000000502e-04,9.273597719999999468e-04,-3.334553550000000162e-04,-2.449492469999999911e-04,3.561039510000000240e-04,-1.178735166999999966e-03,3.857084238000000123e-03,-7.394662389999999506e-04,8.319719200000000444e-04,-4.055520418000000023e-03,1.441211131900000005e-02,-5.360509581999999690e-03,2.499151458000000142e-03,9.296503374000000472e-03,4.386200881000000204e-03,3.207425920000000195e-04
CFywtot,-0.000000000000000000e+00,1.156092600000000018e-04,7.125228100000000357e-05,4.911219199999999858e-05,1.786763799999999876e-05,2.822005299999999915e-05,3.443610800000000244e-05,3.162881600000000160e-05,7.995463300000000553e-05,5.963026700000000036e-05,1.138640070000000054e-04,-6.188389999999999885e-05,-3.866473299999999958e-05,5.947107900000000313e-05,3.121046899999999725e-05,2.156245719999999989e-04,-2.506870599999999911e-05,-3.420645200000000058e-05,4.608217749999999778e-04,3.012861549999999787e-04
CFzi,0.000000000000000000e+00,7.696869764310000361e-01,6.959501758860000553e-01,7.096755343799999727e-01,7.128137611070000101e-01,6.974470359179999468e-01,7.037229616819999922e-01,7.053391109619999710e-01,7.182339765820000554e-01,7.099065965130000322e-01,7.042232631100000528e-01,7.113633954460000242e-01,7.160223706030000024e-01,7.182089180409999551e-01,7.091028608260000476e-01,7.092352100519999647e-01,7.027634718340000086e-01,7.093658297320000194e-01,7.018710442890000456e-01,7.229152145299999610e-01
CFziw,0.000000000000000000e+00,7.194452258560000146e-01,6.635511481310000237e-01,6.695175092230000180e-01,6.667489657849999807e-01,6.592268113350000514e-01,6.638469283250000297e-01,6.630413531550000128e-01,6.730949116159999912e-01,6.707298729720000408e-01,6.653632107800000473e-01,6.645402399040000185e-01,6.658958852459999633e-01,6.671525749829999574e-01,6.699742234809999974e-01,6.679822529500000217e-01,6.681372280459999535e-01,6.691749485100000339e-01,6.575158533630000024e-01,6.746971132000000315e-01
CFzo,-1.141054429999999978e-04,-2.928973660000000262e-04,-2.736197769999999959e-04,-2.743913069999999888e-04,-2.764711569999999991e-04,-2.735332659999999789e-04,-2.758177589999999814e-04,-2.733561889999999934e-04,-2.818114329999999801e-04,-2.810681659999999735e-04,-2.788821850000000103e-04,-2.770919879999999896e-04,-2.785287150000000165e-04,-2.803891879999999824e-04,-2.815764679999999891e-04,-2.746192630000000140e-04,-2.891934439999999953e-04,-2.899582589999999860e-04,-2.679530140000000262e-04,-2.809548610000000093e-04
CFztot,-1.141054429999999978e-04,7.693940790640000360e-01,6.956765561090000327e-01,7.094011430729999512e-01,7.125372899499999857e-01,6.971735026509999766e-01,7.034471439230000067e-01,7.050657547730000418e-01,7.179521651489999545e-01,7.096255283469999897e-01,7.039443809250000017e-01,7.110863034579999464e-01,7.157438418879999986e-01,7.179285288519999808e-01,7.088212843579999589e-01,7.089605907889999781e-01,7.024742783890000064e-01,7.090758714729999967e-01,7.016030912759999572e-01,7.226342596689999676e-01
CFzwtot,-1.141054429999999978e-04,7.191523284890000145e-01,6.632775283540000011e-01,6.692431179150000187e-01,6.664724946279999562e-01,6.589532780679999702e-01,6.635711105660000442e-01,6.627679969659999726e-01,6.728131001820000234e-01,6.704488048059999983e-01,6.650843285949999961e-01,6.642631479160000518e-01,6.656173565309999596e-01,6.668721857939999831e-01,6.696926470120000419e-01,6.677076336870000350e-01,6.678480346020000402e-01,6.688849902510000112e-01,6.572479003490000471e-01,6.744161583379999492e-01
CLi,0.000000000000000000e+00,7.751743554040000372e-01,7.036416105360000506e-01,7.205933768600000233e-01,7.246485419110000326e-01,7.096097260000000517e-01,7.161920550329999857e-01,7.180513517850000138e-01,7.314470055170000373e-01,7.234384969139999733e-01,7.179347689759999485e-01,7.244680132990000132e-01,7.298523873790000449e-01,7.321879439659999544e-01,7.228746291209999786e-01,7.239772682249999702e-01,7.168462380250000265e-01,7.226473027890000234e-01,7.165625944460000118e-01,7.389461417210000382e-01
CLiw,0.000000000000000000e+00,7.190593510989999881e-01,6.634539045559999515e-01,6.693833636799999542e-01,6.664266684930000295e-01,6.591169106969999580e-01,6.637033699240000306e-01,6.629233361559999649e-01,6.729578498279999987e-01,6.706031797320000098e-01,6.652249708820000551e-01,6.642721920240000077e-01,6.657600438049999791e-01,6.670451264650000267e-01,6.698864279030000146e-01,6.677909127979999582e-01,6.680626937889999617e-01,6.689485125420000511e-01,6.574103297169999749e-01,6.745681358820000417e-01
CLo,-4.621510350000000234e-04,-9.158566179999999644e-04,-8.576630800000000507e-04,-8.621686360000000229e-04,-8.645634209999999943e-04,-8.549444789999999890e-04,-8.602588940000000352e-04,-8.574193400000000489e-04,-8.730107929999999941e-04,-8.717650610000000130e-04,-8.674917309999999717e-04,-8.635240249999999625e-04,-8.651155820000000192e-04,-8.686194249999999815e-04,-8.710915589999999875e-04,-8.617575179999999863e-04,-8.811436429999999547e-04,-8.827806549999999862e-04,-8.468138860000000087e-04,-8.735939980000000061e-04
CLtot,-4.621510350000000234e-04,7.742584987859999490e-01,7.027839474549999466e-01,7.197312082240000519e-01,7.237839784899999795e-01,7.087547815210000213e-01,7.153317961389999979e-01,7.171939324449999598e-01,7.305739947239999754e-01,7.225667318539999995e-01,7.170672772449999677e-01,7.236044892740000067e-01,7.289872717969999583e-01,7.313193245410000154e-01,7.220035375609999972e-01,7.231155107069999755e-01,7.159650943819999558e-01,7.217645221339999972e-01,7.157157805599999589e-01,7.380725477230000164e-01
CLwtot,-4.621510350000000234e-04,7.181434944810000109e-01,6.625962414760000474e-01,6.685211950449999607e-01,6.655621050719999765e-01,6.582619662180000386e-01,6.628431110300000428e-01,6.620659168160000219e-01,6.720848390350000479e-01,6.697314146720000361e-01,6.643574791499999854e-01,6.634086679990000013e-01,6.648949282230000035e-01,6.661765070399999766e-01,6.690153363440000112e-01,6.669291552810000523e-01,6.671815501469999798e-01,6.680657318870000250e-01,6.565635158310000330e-01,6.736945418830000420e-01
CMxi,0.000000000000000000e+00,-8.976962319999999594e-04,-5.791485799999999918e-04,-2.459527360000000060e-04,-4.833824999999999819e-04,-3.389013380000000181e-04,-2.685219979999999961e-04,-4.119743390000000106e-04,-4.712138140000000030e-04,-4.691937409999999854e-04,-6.090950540000000368e-04,-5.660689870000000425e-04,-2.123144560000000079e-04,-2.444735019999999884e-04,-1.111412925999999976e-03,-4.159816299999999768e-04,-5.069982510000000135e-04,-4.268467260000000118e-04,-1.081578791000000015e-03,-7.356018449999999912e-04
CMxo,-0.000000000000000000e+00,1.831370000000000073e-07,9.656999999999999719e-08,5.696999999999999993e-08,5.792099999999999965e-08,3.551300000000000175e-08,2.037799999999999891e-08,1.228699999999999945e-08,8.270599999999999957e-08,9.282700000000000132e-08,2.844550000000000150e-07,3.384109999999999986e-07,-1.144169999999999981e-07,3.658799999999999914e-07,1.975570000000000001e-07,6.948369999999999637e-07,-1.103050999999999995e-06,-1.457932000000000088e-06,1.865297999999999899e-06,1.730521999999999963e-06
CMxtot,-0.000000000000000000e+00,-8.975130950000000107e-04,-5.790520099999999989e-04,-2.458957660000000186e-04,-4.833245789999999998e-04,-3.388658240000000030e-04,-2.685016199999999990e-04,-4.119620519999999926e-04,-4.711311080000000150e-04,-4.691009139999999982e-04,-6.088105989999999853e-04,-5.657305760000000492e-04,-2.124288730000000011e-04,-2.441076220000000074e-04,-1.111215369000000076e-03,-4.152867929999999835e-04,-5.081013010000000503e-04,-4.283046579999999839e-04,-1.079713492999999922e-03,-7.338713229999999912e-04
CMyi,0.000000000000000000e+00,-4.099028467100000045e-02,-4.401845923500000146e-02,-8.473578916700000296e-02,-8.945006742100000685e-02,-7.990614501100000433e-02,-9.235657684299999892e-02,-8.952266725499999356e-02,-9.249558947199999770e-02,-9.117226457499999492e-02,-9.375100369300000402e-02,-9.708899537100000587e-02,-1.077784471170000064e-01,-1.078426598649999957e-01,-8.976228685900000670e-02,-1.027067158679999953e-01,-8.713338049100000093e-02,-9.091978245899999533e-02,-1.135058396229999961e-01,-1.030212592379999986e-01
CMyo,2.692804213000000047e-03,4.835304702000000135e-03,4.533962998999999799e-03,4.562516560999999894e-03,4.565446788999999797e-03,4.516775494000000411e-03,4.538940281999999729e-03,4.534778407999999830e-03,4.590401776999999961e-03,4.586284331999999908e-03,4.570495560000000304e-03,4.554029343000000167e-03,4.556167750999999891e-03,4.568549784000000211e-03,4.578390970999999914e-03,4.557536856999999664e-03,4.600134789000000397e-03,4.606765839000000196e-03,4.494897097000000348e-03,4.600392705999999804e-03
CMytot,2.692804213000000047e-03,-3.615497996900000205e-02,-3.948449623599999819e-02,-8.017327260499999830e-02,-8.488462063200000185e-02,-7.538936951699999611e-02,-8.781763656100000093e-02,-8.498788884699999546e-02,-8.790518769600000337e-02,-8.658598024300000195e-02,-8.918050813300000546e-02,-9.253496602800000137e-02,-1.032222793659999943e-01,-1.032741100799999950e-01,-8.518389588899999421e-02,-9.814917901099999564e-02,-8.253324570200000487e-02,-8.631301662000000208e-02,-1.090109425259999931e-01,-9.842086653199999535e-02
CMzi,0.000000000000000000e+00,-1.717076310000000005e-04,-2.286331090000000028e-04,-9.565511549999999603e-04,-2.621300899999999784e-04,-6.838714400000000160e-05,-3.945126830000000016e-04,-3.630040319999999765e-04,2.384755399999999932e-05,-7.544523620000000369e-04,2.428746960000000032e-04,-4.276998300000000165e-04,4.473392759999999754e-04,-1.014416216999999973e-03,3.413927604999999945e-03,-1.382494102999999976e-03,8.068319740000000524e-04,8.349629989999999852e-04,-9.357558019999999682e-04,-1.328378651000000068e-03
CMzo,-0.000000000000000000e+00,6.197061000000000331e-06,3.253398000000000000e-06,2.310266000000000049e-06,2.385271000000000104e-06,9.735850000000000984e-07,1.229520999999999989e-06,1.560898999999999927e-06,3.047721000000000004e-06,3.307587000000000169e-06,3.817535000000000203e-06,3.988349999999999685e-06,1.327573999999999921e-06,1.341902000000000074e-06,2.312195999999999961e-06,2.688526000000000049e-06,1.533066999999999920e-06,-4.934639999999999776e-07,6.596645999999999657e-06,6.367407000000000207e-06
CMztot,-0.000000000000000000e+00,-1.655105710000000013e-04,-2.253797110000000032e-04,-9.542408889999999966e-04,-2.597448199999999882e-04,-6.741355900000000235e-05,-3.932831620000000255e-04,-3.614431329999999855e-04,2.689527399999999866e-05,-7.511447739999999734e-04,2.466922310000000144e-04,-4.237114799999999889e-04,4.486668499999999817e-04,-1.013074313999999922e-03,3.416239801000000003e-03,-1.379805577000000087e-03,8.083650409999999613e-04,8.344695350000000400e-04,-9.291591559999999583e-04,-1.322011243999999999e-03
CSi,0.000000000000000000e+00,1.195668248000000084e-03,7.834163909999999507e-04,-3.084412186000000042e-03,5.138109060000000273e-04,9.274946199999999693e-04,-3.336551560000000031e-04,-2.453864339999999988e-04,3.562950609999999897e-04,-1.178544138000000002e-03,3.860145540000000167e-03,-7.357409510000000215e-04,8.296778700000000117e-04,-4.050494739999999615e-03,1.441435493600000048e-02,-5.350396543000000317e-03,2.481295279999999864e-03,9.273961903000000132e-03,4.412849814999999717e-03,3.454476189999999944e-04
CSiw,0.000000000000000000e+00,1.163288189999999952e-04,7.154785199999999512e-05,4.911364399999999716e-05,1.783152999999999900e-05,2.835490100000000128e-05,3.423630700000000201e-05,3.119162900000000066e-05,8.014574399999999435e-05,5.982129599999999836e-05,1.169253089999999946e-04,-5.815861299999999800e-05,-4.095878200000000239e-05,6.449675699999999788e-05,3.345408599999999708e-05,2.257376109999999951e-04,-4.292488299999999978e-05,-5.674792300000000220e-05,4.874707079999999831e-04,3.259911820000000078e-04
CSo,-0.000000000000000000e+00,-7.195600000000000191e-07,-2.955699999999999924e-07,-1.451999999999999949e-09,3.610800000000000146e-08,-1.348479999999999909e-07,1.998010000000000035e-07,4.371869999999999826e-07,-1.911099999999999954e-07,-1.910300000000000106e-07,-3.061301999999999866e-06,-3.725286999999999998e-06,2.294048999999999845e-06,-5.025677999999999827e-06,-2.243618000000000073e-06,-1.011303899999999958e-05,1.785617700000000066e-05,2.254147100000000162e-05,-2.664893299999999851e-05,-2.470502699999999863e-05
CStot,-0.000000000000000000e+00,1.194948688000000000e-03,7.831208209999999687e-04,-3.084413637999999878e-03,5.138470150000000502e-04,9.273597719999999468e-04,-3.334553550000000162e-04,-2.449492469999999911e-04,3.561039510000000240e-04,-1.178735166999999966e-03,3.857084238000000123e-03,-7.394662389999999506e-04,8.319719200000000444e-04,-4.055520418000000023e-03,1.441211131900000005e-02,-5.360509581999999690e-03,2.499151458000000142e-03,9.296503374000000472e-03,4.386200881000000204e-03,3.207425920000000195e-04
CSwtot,-0.000000000000000000e+00,1.156092600000000018e-04,7.125228100000000357e-05,4.911219199999999858e-05,1.786763799999999876e-05,2.822005299999999915e-05,3.443610800000000244e-05,3.162881600000000160e-05,7.995463300000000553e-05,5.963026700000000036e-05,1.138640070000000054e-04,-6.188389999999999885e-05,-3.866473299999999958e-05,5.947107900000000313e-05,3.121046899999999725e-05,2.156245719999999989e-04,-2.506870599999999911e-05,-3.420645200000000058e-05,4.608217749999999778e-04,3.012861549999999787e-04
E,0.000000000000000000e+00,0.000000000000000000e+00,0.000000000000000000e+00,0.000000000000000000e+00,0.000000000000000000e+00,0.000000000000000000e+00,0.000000000000000000e+00,0.000000000000000000e+00,0.000000000000000000e+00,0.000000000000000000e+00,0.000000000000000000e+00,0.000000000000000000e+00,0.000000000000000000e+00,0.000000000000000000e+00,0.000000000000000000e+00,0.000000000000000000e+00,0.000000000000000000e+00,0.000000000000000000e+00,0.000000000000000000e+00,0.000000000000000000e+00
Ew,0.000000000000000000e+00,5.990986789529999523e-01,6.362607891139999694e-01,6.288397110419999825e-01,5.653297646049999514e-01,6.272035793219999933e-01,6.197665141729999938e-01,6.281021007539999701e-01,6.314147545229999992e-01,6.327402810979999570e-01,6.231821796919999601e-01,5.793980036970000080e-01,6.245739838710000491e-01,6.361307841890000425e-01,6.463115832050000398e-01,6.074977366670000212e-01,6.494838971830000363e-01,5.971520122640000539e-01,6.270794712230000068e-01,6.359300769660000130e-01
FC_AoA_,4.000000000000000000e+00
FC_Beta_,0.000000000000000000e+00
FC_Bref_,1.639999999999999858e+01
FC_Cref_,1.881000000000000005e+00
FC_Mach_,2.030000000000000138e-01
FC_Pitch_Rate,0.000000000000000000e+00
FC_ReCref_,6.980000000000000000e+06
FC_Rho_,2.377000000000000206e-03
FC_Roll__Rate,0.000000000000000000e+00
FC_Sref_,3.000000340000000065e+01
FC_Vinf_,1.000000000000000000e+02
FC_Xcg_,3.750000000000000000e+00
FC_Yaw___Rate,0.000000000000000000e+00
FC_Ycg_,0.000000000000000000e+00
FC_Zcg_,0.000000000000000000e+00
L/D,0.000000000000000000e+00,0.000000000000000000e+00,0.000000000000000000e+00,0.000000000000000000e+00,0.000000000000000000e+00,0.000000000000000000e+00,0.000000000000000000e+00,0.000000000000000000e+00,0.000000000000000000e+00,0.000000000000000000e+00,0.000000000000000000e+00,0.000000000000000000e+00,0.000000000000000000e+00,0.000000000000000000e+00,0.000000000000000000e+00,0.000000000000000000e+00,0.000000000000000000e+00,0.000000000000000000e+00,0.000000000000000000e+00,0.000000000000000000e+00
L/Dw,0.000000000000000000e+00,1.818545688516899972e+01,2.016269693525000051e+01,1.986627208576700099e+01,1.836244810913600034e+01,2.003554688224999936e+01,1.976290370625299886e+01,1.997684735147199930e+01,1.984554403840800063e+01,1.991590214933399849e+01,1.978676821138200026e+01,1.875616129521399955e+01,1.982899564865499897e+01,2.006974094073800075e+01,2.025528711326499831e+01,1.938456304059599944e+01,2.033494455718399863e+01,1.907253399861100007e+01,2.008049142921899843e+01,1.991596253428100027e+01
Mach,2.030000000000000138e-01,2.030000000000000138e-01,2.030000000000000138e-01,2.030000000000000138e-01,2.030000000000000138e-01,2.030000000000000138e-01,2.030000000000000138e-01,2.030000000000000138e-01,2.030000000000000138e-01,2.030000000000000138e-01,2.030000000000000138e-01,2.030000000000000138e-01,2.030000000000000138e-01,2.030000000000000138e-01,2.030000000000000138e-01,2.030000000000000138e-01,2.030000000000000138e-01,2.030000000000000138e-01,2.030000000000000138e-01,2.030000000000000138e-01
T/QS,0.000000000000000000e+00,0.000000000000000000e+00,0.000000000000000000e+00,0.000000000000000000e+00,0.000000000000000000e+00,0.000000000000000000e+00,0.000000000000000000e+00,0.000000000000000000e+00,0.000000000000000000e+00,0.000000000000000000e+00,0.000000000000000000e+00,0.000000000000000000e+00,0.000000000000000000e+00,0.000000000000000000e+00,0.000000000000000000e+00,0.000000000000000000e+00,0.000000000000000000e+00,0.000000000000000000e+00,0.000000000000000000e+00,0.000000000000000000e+00
WakeIter,1,2,3,4,5,6,7,8,9,10,11,12,13,14,15,16,17,18,19,20
WallTime,8.599000000002000377e+00,1.705900000000800176e+01,2.651700000000699831e+01,3.531700000000999751e+01,4.336699999999800070e+01,5.188999999999899870e+01,6.145900000000300167e+01,7.148799999999799581e+01,7.994500000000699913e+01,8.989400000000000546e+01,9.849599999999900035e+01,1.067600000000090006e+02,1.171230000000069964e+02,1.258370000000000033e+02,1.373629999999980100e+02,1.506840000000080124e+02,1.586260000000040122e+02,1.674860000000039975e+02,1.751509999999979925e+02,1.864930000000020129e+02
log10( L2Residual ),1.068105663304999897e+00,1.500269367629999961e-01,3.329709882970000034e-01,2.940612826819999914e-01,1.408289264279999897e-01,9.134873915100000241e-02,9.417668937699999465e-02,2.012596369849999900e-01,3.728793475039999805e-01,2.533855520369999725e-01,2.403314538090000063e-01,1.547975776970000050e-01,1.832873232789999918e-01,3.891468002160000106e-01,4.657272927159999965e-01,3.083876376049999868e-01,3.709814331690000078e-01,2.221178529139999913e-01,1.039974811489999956e-01,1.688536001779999962e-01
log10( MaxResidual ),1.912005152896999904e+00,1.841056316658000069e+00,1.914953725229000092e+00,1.891963727342999890e+00,1.838166573175000096e+00,1.613734789767000022e+00,1.645860935953999959e+00,1.837889857266000071e+00,2.097536607168000167e+00,1.872300721146000102e+00,1.602618558177999919e+00,1.650430046599000056e+00,1.515158696639999913e+00,1.854441162802999976e+00,1.872883961809999942e+00,1.920299189619999902e+00,2.196386904908000037e+00,1.752992293027999970e+00,1.592714491169999969e+00,1.671483496035000016e+00
Results_Name,VSPAERO_Polar
Results_Timestamp,1787071701
Results_Date,8,18,2026
Results_Time,22,18,21
Alpha,4.000000000000000000e+00
Beta,0.000000000000000000e+00
CDi,-2.040081839700000066e-01
CDiw,2.540540394900000012e-02
CDo,8.465323348999999331e-03
CDtot,-1.955428606209999864e-01
CDwtot,3.387072729800000292e-02
CFix,-2.550575074209999737e-01
CFiy,3.454476189999999944e-04
CFiz,7.229152145299999610e-01
CFox,8.505641083999999214e-03
CFoy,-2.470502699999999863e-05
CFoz,-2.809548610000000093e-04
CFxtot,-2.465518663369999919e-01
CFytot,3.207425920000000195e-04
CFztot,7.226342596689999676e-01
CLi,7.389461417210000382e-01
CLiw,6.745681358820000417e-01
CLo,-8.735939980000000061e-04
CLtot,7.380725477230000164e-01
CLwtot,6.736945418830000420e-01
CMix,-7.356018449999999912e-04
CMiy,-1.030212592379999986e-01
CMiz,-1.328378651000000068e-03
CMox,1.730521999999999963e-06
CMoy,4.600392705999999804e-03
CMoz,6.367407000000000207e-06
CMxtot,-7.338713229999999912e-04
CMytot,-9.842086653199999535e-02
CMztot,-1.322011243999999999e-03
CSi,3.454476189999999944e-04
CSiw,3.259911820000000078e-04
CSo,-2.470502699999999863e-05
CStot,3.207425920000000195e-04
CSwtot,3.012861549999999787e-04
E,-9.480567602499999358e-02
Ew,-9.480567602499999358e-02
L_D,-3.774479647990999887e+00
L_Dw,-3.774479647990999887e+00
Mach,2.030000000000000138e-01
Re_1e6,6.980000000000000426e+00
StallFactor,1.000000000000000000e+00
Results_Name,VSPAERO_Load
Results_Timestamp,1787071701
Results_Date,8,18,2026
Results_Time,22,18,21
Angle ,0.000000000000000000e+00,0.000000000000000000e+00,0.000000000000000000e+00,0.000000000000000000e+00,0.000000000000000000e+00,0.000000000000000000e+00,0.000000000000000000e+00,0.000000000000000000e+00,0.000000000000000000e+00,0.000000000000000000e+00,0.000000000000000000e+00,0.000000000000000000e+00,0.000000000000000000e+00,0.000000000000000000e+00,0.000000000000000000e+00,0.000000000000000000e+00,0.000000000000000000e+00,0.000000000000000000e+00,0.000000000000000000e+00,0.000000000000000000e+00,0.000000000000000000e+00,0.000000000000000000e+00,0.000000000000000000e+00,0.000000000000000000e+00,0.000000000000000000e+00,0.000000000000000000e+00,0.000000000000000000e+00,0.000000000000000000e+00,0.000000000000000000e+00,0.000000000000000000e+00,0.000000000000000000e+00,0.000000000000000000e+00,0.000000000000000000e+00,0.000000000000000000e+00,0.000000000000000000e+00,0.000000000000000000e+00,0.000000000000000000e+00,0.000000000000000000e+00,0.000000000000000000e+00,0.000000000000000000e+00,0.000000000000000000e+00,0.000000000000000000e+00,0.000000000000000000e+00,0.000000000000000000e+00,0.000000000000000000e+00,0.000000000000000000e+00,0.000000000000000000e+00,0.000000000000000000e+00,0.000000000000000000e+00,0.000000000000000000e+00,0.000000000000000000e+00,0.000000000000000000e+00,0.000000000000000000e+00,0.000000000000000000e+00,0.000000000000000000e+00,0.000000000000000000e+00,0.000000000000000000e+00,0.000000000000000000e+00,0.000000000000000000e+00,0.000000000000000000e+00,0.000000000000000000e+00,0.000000000000000000e+00,0.000000000000000000e+00,0.000000000000000000e+00,0.000000000000000000e+00,0.000000000000000000e+00,0.000000000000000000e+00,0.000000000000000000e+00,0.000000000000000000e+00,0.000000000000000000e+00,0.000000000000000000e+00,0.000000000000000000e+00,0.000000000000000000e+00,0.000000000000000000e+00,0.000000000000000000e+00,0.000000000000000000e+00,0.000000000000000000e+00,0.000000000000000000e+00,0.000000000000000000e+00,0.000000000000000000e+00,0.000000000000000000e+00,0.000000000000000000e+00,0.000000000000000000e+00,0.000000000000000000e+00,0.000000000000000000e+00,0.000000000000000000e+00,0.000000000000000000e+00,0.000000000000000000e+00,0.000000000000000000e+00,0.000000000000000000e+00,0.000000000000000000e+00,0.000000000000000000e+00,0.000000000000000000e+00,0.000000000000000000e+00,0.000000000000000000e+00,0.000000000000000000e+00,0.000000000000000000e+00,0.000000000000000000e+00,0.000000000000000000e+00,0.000000000000000000e+00,0.000000000000000000e+00,0.000000000000000000e+00,0.000000000000000000e+00,0.000000000000000000e+00,0.000000000000000000e+00,0.000000000000000000e+00,0.000000000000000000e+00,0.000000000000000000e+00,0.000000000000000000e+00,0.000000000000000000e+00,0.000000000000000000e+00,0.000000000000000000e+00,0.000000000000000000e+00,0.000000000000000000e+00,0.000000000000000000e+00,0.000000000000000000e+00,0.000000000000000000e+00,0.000000000000000000e+00,0.000000000000000000e+00,0.000000000000000000e+00,0.000000000000000000e+00,0.000000000000000000e+00,0.000000000000000000e+00,0.000000000000000000e+00,0.000000000000000000e+00,0.000000000000000000e+00,0.000000000000000000e+00,0.000000000000000000e+00
CP,0.000000000000000000e+00,0.000000000000000000e+00,0.000000000000000000e+00,0.000000000000000000e+00,0.000000000000000000e+00,0.000000000000000000e+00,0.000000000000000000e+00,0.000000000000000000e+00,0.000000000000000000e+00,0.000000000000000000e+00,0.000000000000000000e+00,0.000000000000000000e+00,0.000000000000000000e+00,0.000000000000000000e+00,0.000000000000000000e+00,0.000000000000000000e+00,0.000000000000000000e+00,0.000000000000000000e+00,0.000000000000000000e+00,0.000000000000000000e+00,0.000000000000000000e+00,0.000000000000000000e+00,0.000000000000000000e+00,0.000000000000000000e+00,0.000000000000000000e+00,0.000000000000000000e+00,0.000000000000000000e+00,0.000000000000000000e+00,0.000000000000000000e+00,0.000000000000000000e+00,0.000000000000000000e+00,0.000000000000000000e+00,0.000000000000000000e+00,0.000000000000000000e+00,0.000000000000000000e+00,0.000000000000000000e+00,0.000000000000000000e+00,0.000000000000000000e+00,0.000000000000000000e+00,0.000000000000000000e+00,0.000000000000000000e+00,0.000000000000000000e+00,0.000000000000000000e+00,0.000000000000000000e+00,0.000000000000000000e+00,0.000000000000000000e+00,0.000000000000000000e+00,0.000000000000000000e+00,0.000000000000000000e+00,0.000000000000000000e+00,0.000000000000000000e+00,0.000000000000000000e+00,0.000000000000000000e+00,0.000000000000000000e+00,0.000000000000000000e+00,0.000000000000000000e+00,0.000000000000000000e+00,0.000000000000000000e+00,0.000000000000000000e+00,0.000000000000000000e+00,0.000000000000000000e+00,0.000000000000000000e+00,0.000000000000000000e+00,0.000000000000000000e+00,0.000000000000000000e+00,0.000000000000000000e+00,0.000000000000000000e+00,0.000000000000000000e+00,0.000000000000000000e+00,0.000000000000000000e+00,0.000000000000000000e+00,0.000000000000000000e+00,0.000000000000000000e+00,0.000000000000000000e+00,0.000000000000000000e+00,0.000000000000000000e+00,0.000000000000000000e+00,0.000000000000000000e+00,0.000000000000000000e+00,0.000000000000000000e+00,0.000000000000000000e+00,0.000000000000000000e+00,0.000000000000000000e+00,0.000000000000000000e+00,0.000000000000000000e+00,0.000000000000000000e+00,0.000000000000000000e+00,0.000000000000000000e+00,0.000000000000000000e+00,0.000000000000000000e+00,0.000000000000000000e+00,0.000000000000000000e+00,0.000000000000000000e+00,0.000000000000000000e+00,0.000000000000000000e+00,0.000000000000000000e+00,0.000000000000000000e+00,0.000000000000000000e+00,0.000000000000000000e+00,0.000000000000000000e+00,0.000000000000000000e+00,0.000000000000000000e+00,0.000000000000000000e+00,0.000000000000000000e+00,0.000000000000000000e+00,0.000000000000000000e+00,0.000000000000000000e+00,0.000000000000000000e+00,0.000000000000000000e+00,0.000000000000000000e+00,0.000000000000000000e+00,0.000000000000000000e+00,0.000000000000000000e+00,0.000000000000000000e+00,0.000000000000000000e+00,0.000000000000000000e+00,0.000000000000000000e+00,0.000000000000000000e+00,0.000000000000000000e+00,0.000000000000000000e+00,0.000000000000000000e+00,0.000000000000000000e+00,0.000000000000000000e+00,0.000000000000000000e+00,0.000000000000000000e+00,0.000000000000000000e+00,0.000000000000000000e+00,0.000000000000000000e+00
CP_h,0.000000000000000000e+00,0.000000000000000000e+00,0.000000000000000000e+00,0.000000000000000000e+00,0.000000000000000000e+00,0.000000000000000000e+00,0.000000000000000000e+00,0.000000000000000000e+00,0.000000000000000000e+00,0.000000000000000000e+00,0.000000000000000000e+00,0.000000000000000000e+00,0.000000000000000000e+00,0.000000000000000000e+00,0.000000000000000000e+00,0.000000000000000000e+00,0.000000000000000000e+00,0.000000000000000000e+00,0.000000000000000000e+00,0.000000000000000000e+00,0.000000000000000000e+00,0.000000000000000000e+00,0.000000000000000000e+00,0.000000000000000000e+00,0.000000000000000000e+00,0.000000000000000000e+00,0.000000000000000000e+00,0.000000000000000000e+00,0.000000000000000000e+00,0.000000000000000000e+00,0.000000000000000000e+00,0.000000000000000000e+00,0.000000000000000000e+00,0.000000000000000000e+00,0.000000000000000000e+00,0.000000000000000000e+00,0.000000000000000000e+00,0.000000000000000000e+00,0.000000000000000000e+00,0.000000000000000000e+00,0.000000000000000000e+00,0.000000000000000000e+00,0.000000000000000000e+00,0.000000000000000000e+00,0.000000000000000000e+00,0.000000000000000000e+00,0.000000000000000000e+00,0.000000000000000000e+00,0.000000000000000000e+00,0.000000000000000000e+00,0.000000000000000000e+00,0.000000000000000000e+00,0.000000000000000000e+00,0.000000000000000000e+00,0.000000000000000000e+00,0.000000000000000000e+00,0.000000000000000000e+00,0.000000000000000000e+00,0.000000000000000000e+00,0.000000000000000000e+00,0.000000000000000000e+00,0.000000000000000000e+00,0.000000000000000000e+00,0.000000000000000000e+00,0.000000000000000000e+00,0.000000000000000000e+00,0.000000000000000000e+00,0.000000000000000000e+00,0.000000000000000000e+00,0.000000000000000000e+00,0.000000000000000000e+00,0.000000000000000000e+00,0.000000000000000000e+00,0.000000000000000000e+00,0.000000000000000000e+00,0.000000000000000000e+00,0.000000000000000000e+00,0.000000000000000000e+00,0.000000000000000000e+00,0.000000000000000000e+00,0.000000000000000000e+00,0.000000000000000000e+00,0.000000000000000000e+00,0.000000000000000000e+00,0.000000000000000000e+00,0.000000000000000000e+00,0.000000000000000000e+00,0.000000000000000000e+00,0.000000000000000000e+00,0.000000000000000000e+00,0.000000000000000000e+00,0.000000000000000000e+00,0.000000000000000000e+00,0.000000000000000000e+00,0.000000000000000000e+00,0.000000000000000000e+00,0.000000000000000000e+00,0.000000000000000000e+00,0.000000000000000000e+00,0.000000000000000000e+00,0.000000000000000000e+00,0.000000000000000000e+00,0.000000000000000000e+00,0.000000000000000000e+00,0.000000000000000000e+00,0.000000000000000000e+00,0.000000000000000000e+00,0.000000000000000000e+00,0.000000000000000000e+00,0.000000000000000000e+00,0.000000000000000000e+00,0.000000000000000000e+00,0.000000000000000000e+00,0.000000000000000000e+00,0.000000000000000000e+00,0.000000000000000000e+00,0.000000000000000000e+00,0.000000000000000000e+00,0.000000000000000000e+00,0.000000000000000000e+00,0.000000000000000000e+00,0.000000000000000000e+00,0.000000000000000000e+00,0.000000000000000000e+00,0.000000000000000000e+00,0.000000000000000000e+00,0.000000000000000000e+00,0.000000000000000000e+00
CQ,0.000000000000000000e+00,0.000000000000000000e+00,0.000000000000000000e+00,0.000000000000000000e+00,0.000000000000000000e+00,0.000000000000000000e+00,0.000000000000000000e+00,0.000000000000000000e+00,0.000000000000000000e+00,0.000000000000000000e+00,0.000000000000000000e+00,0.000000000000000000e+00,0.000000000000000000e+00,0.000000000000000000e+00,0.000000000000000000e+00,0.000000000000000000e+00,0.000000000000000000e+00,0.000000000000000000e+00,0.000000000000000000e+00,0.000000000000000000e+00,0.000000000000000000e+00,0.000000000000000000e+00,0.000000000000000000e+00,0.000000000000000000e+00,0.000000000000000000e+00,0.000000000000000000e+00,0.000000000000000000e+00,0.000000000000000000e+00,0.000000000000000000e+00,0.000000000000000000e+00,0.000000000000000000e+00,0.000000000000000000e+00,0.000000000000000000e+00,0.000000000000000000e+00,0.000000000000000000e+00,0.000000000000000000e+00,0.000000000000000000e+00,0.000000000000000000e+00,0.000000000000000000e+00,0.000000000000000000e+00,0.000000000000000000e+00,0.000000000000000000e+00,0.000000000000000000e+00,0.000000000000000000e+00,0.000000000000000000e+00,0.000000000000000000e+00,0.000000000000000000e+00,0.000000000000000000e+00,0.000000000000000000e+00,0.000000000000000000e+00,0.000000000000000000e+00,0.000000000000000000e+00,0.000000000000000000e+00,0.000000000000000000e+00,0.000000000000000000e+00,0.000000000000000000e+00,0.000000000000000000e+00,0.000000000000000000e+00,0.000000000000000000e+00,0.000000000000000000e+00,0.000000000000000000e+00,0.000000000000000000e+00,0.000000000000000000e+00,0.000000000000000000e+00,0.000000000000000000e+00,0.000000000000000000e+00,0.000000000000000000e+00,0.000000000000000000e+00,0.000000000000000000e+00,0.000000000000000000e+00,0.000000000000000000e+00,0.000000000000000000e+00,0.000000000000000000e+00,0.000000000000000000e+00,0.000000000000000000e+00,0.000000000000000000e+00,0.000000000000000000e+00,0.000000000000000000e+00,0.000000000000000000e+00,0.000000000000000000e+00,0.000000000000000000e+00,0.000000000000000000e+00,0.000000000000000000e+00,0.000000000000000000e+00,0.000000000000000000e+00,0.000000000000000000e+00,0.000000000000000000e+00,0.000000000000000000e+00,0.000000000000000000e+00,0.000000000000000000e+00,0.000000000000000000e+00,0.000000000000000000e+00,0.000000000000000000e+00,0.000000000000000000e+00,0.000000000000000000e+00,0.000000000000000000e+00,0.000000000000000000e+00,0.000000000000000000e+00,0.000000000000000000e+00,0.000000000000000000e+00,0.000000000000000000e+00,0.000000000000000000e+00,0.000000000000000000e+00,0.000000000000000000e+00,0.000000000000000000e+00,0.000000000000000000e+00,0.000000000000000000e+00,0.000000000000000000e+00,0.000000000000000000e+00,0.000000000000000000e+00,0.000000000000000000e+00,0.000000000000000000e+00,0.000000000000000000e+00,0.000000000000000000e+00,0.000000000000000000e+00,0.000000000000000000e+00,0.000000000000000000e+00,0.000000000000000000e+00,0.000000000000000000e+00,0.000000000000000000e+00,0.000000000000000000e+00,0.000000000000000000e+00,0.000000000000000000e+00,0.000000000000000000e+00,0.000000000000000000e+00,0.000000000000000000e+00,0.000000000000000000e+00,0.000000000000000000e+00
CQ_h,0.000000000000000000e+00,0.000000000000000000e+00,0.000000000000000000e+00,0.000000000000000000e+00,0.000000000000000000e+00,0.000000000000000000e+00,0.000000000000000000e+00,0.000000000000000000e+00,0.000000000000000000e+00,0.000000000000000000e+00,0.000000000000000000e+00,0.000000000000000000e+00,0.000000000000000000e+00,0.000000000000000000e+00,0.000000000000000000e+00,0.000000000000000000e+00,0.000000000000000000e+00,0.000000000000000000e+00,0.000000000000000000e+00,0.000000000000000000e+00,0.000000000000000000e+00,0.000000000000000000e+00,0.000000000000000000e+00,0.000000000000000000e+00,0.000000000000000000e+00,0.000000000000000000e+00,0.000000000000000000e+00,0.000000000000000000e+00,0.000000000000000000e+00,0.000000000000000000e+00,0.000000000000000000e+00,0.000000000000000000e+00,0.000000000000000000e+00,0.000000000000000000e+00,0.000000000000000000e+00,0.000000000000000000e+00,0.000000000000000000e+00,0.000000000000000000e+00,0.000000000000000000e+00,0.000000000000000000e+00,0.000000000000000000e+00,0.000000000000000000e+00,0.000000000000000000e+00,0.000000000000000000e+00,0.000000000000000000e+00,0.000000000000000000e+00,0.000000000000000000e+00,0.000000000000000000e+00,0.000000000000000000e+00,0.000000000000000000e+00,0.000000000000000000e+00,0.000000000000000000e+00,0.000000000000000000e+00,0.000000000000000000e+00,0.000000000000000000e+00,0.000000000000000000e+00,0.000000000000000000e+00,0.000000000000000000e+00,0.000000000000000000e+00,0.000000000000000000e+00,0.000000000000000000e+00,0.000000000000000000e+00,0.000000000000000000e+00,0.000000000000000000e+00,0.000000000000000000e+00,0.000000000000000000e+00,0.000000000000000000e+00,0.000000000000000000e+00,0.000000000000000000e+00,0.000000000000000000e+00,0.000000000000000000e+00,0.000000000000000000e+00,0.000000000000000000e+00,0.000000000000000000e+00,0.000000000000000000e+00,0.000000000000000000e+00,0.000000000000000000e+00,0.000000000000000000e+00,0.000000000000000000e+00,0.000000000000000000e+00,0.000000000000000000e+00,0.000000000000000000e+00,0.000000000000000000e+00,0.000000000000000000e+00,0.000000000000000000e+00,0.000000000000000000e+00,0.000000000000000000e+00,0.000000000000000000e+00,0.000000000000000000e+00,0.000000000000000000e+00,0.000000000000000000e+00,0.000000000000000000e+00,0.000000000000000000e+00,0.000000000000000000e+00,0.000000000000000000e+00,0.000000000000000000e+00,0.000000000000000000e+00,0.000000000000000000e+00,0.000000000000000000e+00,0.000000000000000000e+00,0.000000000000000000e+00,0.000000000000000000e+00,0.000000000000000000e+00,0.000000000000000000e+00,0.000000000000000000e+00,0.000000000000000000e+00,0.000000000000000000e+00,0.000000000000000000e+00,0.000000000000000000e+00,0.000000000000000000e+00,0.000000000000000000e+00,0.000000000000000000e+00,0.000000000000000000e+00,0.000000000000000000e+00,0.000000000000000000e+00,0.000000000000000000e+00,0.000000000000000000e+00,0.000000000000000000e+00,0.000000000000000000e+00,0.000000000000000000e+00,0.000000000000000000e+00,0.000000000000000000e+00,0.000000000000000000e+00,0.000000000000000000e+00,0.000000000000000000e+00,0.000000000000000000e+00,0.000000000000000000e+00,0.000000000000000000e+00
CT,0.000000000000000000e+00,0.000000000000000000e+00,0.000000000000000000e+00,0.000000000000000000e+00,0.000000000000000000e+00,0.000000000000000000e+00,0.000000000000000000e+00,0.000000000000000000e+00,0.000000000000000000e+00,0.000000000000000000e+00,0.000000000000000000e+00,0.000000000000000000e+00,0.000000000000000000e+00,0.000000000000000000e+00,0.000000000000000000e+00,0.000000000000000000e+00,0.000000000000000000e+00,0.000000000000000000e+00,0.000000000000000000e+00,0.000000000000000000e+00,0.000000000000000000e+00,0.000000000000000000e+00,0.000000000000000000e+00,0.000000000000000000e+00,0.000000000000000000e+00,0.000000000000000000e+00,0.000000000000000000e+00,0.000000000000000000e+00,0.000000000000000000e+00,0.000000000000000000e+00,0.000000000000000000e+00,0.000000000000000000e+00,0.000000000000000000e+00,0.000000000000000000e+00,0.000000000000000000e+00,0.000000000000000000e+00,0.000000000000000000e+00,0.000000000000000000e+00,0.000000000000000000e+00,0.000000000000000000e+00,0.000000000000000000e+00,0.000000000000000000e+00,0.000000000000000000e+00,0.000000000000000000e+00,0.000000000000000000e+00,0.000000000000000000e+00,0.000000000000000000e+00,0.000000000000000000e+00,0.000000000000000000e+00,0.000000000000000000e+00,0.000000000000000000e+00,0.000000000000000000e+00,0.000000000000000000e+00,0.000000000000000000e+00,0.000000000000000000e+00,0.000000000000000000e+00,0.000000000000000000e+00,0.000000000000000000e+00,0.000000000000000000e+00,0.000000000000000000e+00,0.000000000000000000e+00,0.000000000000000000e+00,0.000000000000000000e+00,0.000000000000000000e+00,0.000000000000000000e+00,0.000000000000000000e+00,0.000000000000000000e+00,0.000000000000000000e+00,0.000000000000000000e+00,0.000000000000000000e+00,0.000000000000000000e+00,0.000000000000000000e+00,0.000000000000000000e+00,0.000000000000000000e+00,0.000000000000000000e+00,0.000000000000000000e+00,0.000000000000000000e+00,0.000000000000000000e+00,0.000000000000000000e+00,0.000000000000000000e+00,0.000000000000000000e+00,0.000000000000000000e+00,0.000000000000000000e+00,0.000000000000000000e+00,0.000000000000000000e+00,0.000000000000000000e+00,0.000000000000000000e+00,0.000000000000000000e+00,0.000000000000000000e+00,0.000000000000000000e+00,0.000000000000000000e+00,0.000000000000000000e+00,0.000000000000000000e+00,0.000000000000000000e+00,0.000000000000000000e+00,0.000000000000000000e+00,0.000000000000000000e+00,0.000000000000000000e+00,0.000000000000000000e+00,0.000000000000000000e+00,0.000000000000000000e+00,0.000000000000000000e+00,0.000000000000000000e+00,0.000000000000000000e+00,0.000000000000000000e+00,0.000000000000000000e+00,0.000000000000000000e+00,0.000000000000000000e+00,0.000000000000000000e+00,0.000000000000000000e+00,0.000000000000000000e+00,0.000000000000000000e+00,0.000000000000000000e+00,0.000000000000000000e+00,0.000000000000000000e+00,0.000000000000000000e+00,0.000000000000000000e+00,0.000000000000000000e+00,0.000000000000000000e+00,0.000000000000000000e+00,0.000000000000000000e+00,0.000000000000000000e+00,0.000000000000000000e+00,0.000000000000000000e+00,0.000000000000000000e+00,0.000000000000000000e+00,0.000000000000000000e+00,0.000000000000000000e+00
CT_h,0.000000000000000000e+00,0.000000000000000000e+00,0.000000000000000000e+00,0.000000000000000000e+00,0.000000000000000000e+00,0.000000000000000000e+00,0.000000000000000000e+00,0.000000000000000000e+00,0.000000000000000000e+00,0.000000000000000000e+00,0.000000000000000000e+00,0.000000000000000000e+00,0.000000000000000000e+00,0.000000000000000000e+00,0.000000000000000000e+00,0.000000000000000000e+00,0.000000000000000000e+00,0.000000000000000000e+00,0.000000000000000000e+00,0.000000000000000000e+00,0.000000000000000000e+00,0.000000000000000000e+00,0.000000000000000000e+00,0.000000000000000000e+00,0.000000000000000000e+00,0.000000000000000000e+00,0.000000000000000000e+00,0.000000000000000000e+00,0.000000000000000000e+00,0.000000000000000000e+00,0.000000000000000000e+00,0.000000000000000000e+00,0.000000000000000000e+00,0.000000000000000000e+00,0.000000000000000000e+00,0.000000000000000000e+00,0.000000000000000000e+00,0.000000000000000000e+00,0.000000000000000000e+00,0.000000000000000000e+00,0.000000000000000000e+00,0.000000000000000000e+00,0.000000000000000000e+00,0.000000000000000000e+00,0.000000000000000000e+00,0.000000000000000000e+00,0.000000000000000000e+00,0.000000000000000000e+00,0.000000000000000000e+00,0.000000000000000000e+00,0.000000000000000000e+00,0.000000000000000000e+00,0.000000000000000000e+00,0.000000000000000000e+00,0.000000000000000000e+00,0.000000000000000000e+00,0.000000000000000000e+00,0.000000000000000000e+00,0.000000000000000000e+00,0.000000000000000000e+00,0.000000000000000000e+00,0.000000000000000000e+00,0.000000000000000000e+00,0.000000000000000000e+00,0.000000000000000000e+00,0.000000000000000000e+00,0.000000000000000000e+00,0.000000000000000000e+00,0.000000000000000000e+00,0.000000000000000000e+00,0.000000000000000000e+00,0.000000000000000000e+00,0.000000000000000000e+00,0.000000000000000000e+00,0.000000000000000000e+00,0.000000000000000000e+00,0.000000000000000000e+00,0.000000000000000000e+00,0.000000000000000000e+00,0.000000000000000000e+00,0.000000000000000000e+00,0.000000000000000000e+00,0.000000000000000000e+00,0.000000000000000000e+00,0.000000000000000000e+00,0.000000000000000000e+00,0.000000000000000000e+00,0.000000000000000000e+00,0.000000000000000000e+00,0.000000000000000000e+00,0.000000000000000000e+00,0.000000000000000000e+00,0.000000000000000000e+00,0.000000000000000000e+00,0.000000000000000000e+00,0.000000000000000000e+00,0.000000000000000000e+00,0.000000000000000000e+00,0.000000000000000000e+00,0.000000000000000000e+00,0.000000000000000000e+00,0.000000000000000000e+00,0.000000000000000000e+00,0.000000000000000000e+00,0.000000000000000000e+00,0.000000000000000000e+00,0.000000000000000000e+00,0.000000000000000000e+00,0.000000000000000000e+00,0.000000000000000000e+00,0.000000000000000000e+00,0.000000000000000000e+00,0.000000000000000000e+00,0.000000000000000000e+00,0.000000000000000000e+00,0.000000000000000000e+00,0.000000000000000000e+00,0.000000000000000000e+00,0.000000000000000000e+00,0.000000000000000000e+00,0.000000000000000000e+00,0.000000000000000000e+00,0.000000000000000000e+00,0.000000000000000000e+00,0.000000000000000000e+00,0.000000000000000000e+00,0.000000000000000000e+00,0.000000000000000000e+00
Chord,3.089000000000000079e-02,2.284670000000000201e+00,2.270910000000000206e+00,2.257150000000000212e+00,2.241270000000000095e+00,2.223269999999999857e+00,2.205270000000000064e+00,2.187269999999999825e+00,2.169270000000000032e+00,2.151269999999999794e+00,2.133270000000000000e+00,2.115270000000000206e+00,2.097280000000000033e+00,2.079279999999999795e+00,2.061280000000000001e+00,2.043289999999999829e+00,2.025290000000000035e+00,2.007299999999999862e+00,1.989300000000000068e+00,1.971309999999999896e+00,1.953319999999999945e+00,1.935319999999999929e+00,1.917329999999999979e+00,1.899340000000000028e+00,1.881350000000000078e+00,1.863359999999999905e+00,1.845369999999999955e+00,1.827390000000000070e+00,1.809399999999999897e+00,1.791409999999999947e+00,1.773430000000000062e+00,1.755439999999999889e+00,1.737460000000000004e+00,1.719470000000000054e+00,1.701489999999999947e+00,1.683510000000000062e+00,1.665529999999999955e+00,1.647550000000000070e+00,1.629569999999999963e+00,1.611590000000000078e+00,1.601520000000000055e+00,1.599369999999999958e+00,1.597210000000000019e+00,1.595050000000000079e+00,1.592889999999999917e+00,1.590729999999999977e+00,1.581550000000000011e+00,1.565360000000000085e+00,1.549160000000000093e+00,1.532969999999999944e+00,1.516780000000000017e+00,1.500580000000000025e+00,1.484390000000000098e+00,1.468199999999999950e+00,1.452010000000000023e+00,1.435810000000000031e+00,1.419620000000000104e+00,1.403429999999999955e+00,1.387240000000000029e+00,1.371050000000000102e+00,1.354859999999999953e+00,1.338670000000000027e+00,1.322480000000000100e+00,1.306300000000000017e+00,3.089000000000000079e-02,2.284670000000000201e+00,2.270910000000000206e+00,2.257150000000000212e+00,2.241270000000000095e+00,2.223269999999999857e+00,2.205270000000000064e+00,2.187269999999999825e+00,2.169270000000000032e+00,2.151269999999999794e+00,2.133270000000000000e+00,2.115270000000000206e+00,2.097280000000000033e+00,2.079279999999999795e+00,2.061280000000000001e+00,2.043289999999999829e+00,2.025290000000000035e+00,2.007299999999999862e+00,1.989300000000000068e+00,1.971309999999999896e+00,1.953319999999999945e+00,1.935319999999999929e+00,1.917329999999999979e+00,1.899340000000000028e+00,1.881350000000000078e+00,1.863359999999999905e+00,1.845369999999999955e+00,1.827390000000000070e+00,1.809399999999999897e+00,1.791409999999999947e+00,1.773430000000000062e+00,1.755439999999999889e+00,1.737460000000000004e+00,1.719470000000000054e+00,1.701489999999999947e+00,1.683510000000000062e+00,1.665529999999999955e+00,1.647550000000000070e+00,1.629569999999999963e+00,1.611590000000000078e+00,1.601520000000000055e+00,1.599369999999999958e+00,1.597210000000000019e+00,1.595050000000000079e+00,1.592889999999999917e+00,1.590729999999999977e+00,1.581550000000000011e+00,1.565360000000000085e+00,1.549160000000000093e+00,1.532969999999999944e+00,1.516780000000000017e+00,1.500580000000000025e+00,1.484390000000000098e+00,1.468199999999999950e+00,1.452010000000000023e+00,1.435810000000000031e+00,1.419620000000000104e+00,1.403429999999999955e+00,1.387240000000000029e+00,1.371050000000000102e+00,1.354859999999999953e+00,1.338670000000000027e+00,1.322480000000000100e+00,1.306300000000000017e+00
Diameter,0.000000000000000000e+00,0.000000000000000000e+00,0.000000000000000000e+00,0.000000000000000000e+00,0.000000000000000000e+00,0.000000000000000000e+00,0.000000000000000000e+00,0.000000000000000000e+00,0.000000000000000000e+00,0.000000000000000000e+00,0.000000000000000000e+00,0.000000000000000000e+00,0.000000000000000000e+00,0.000000000000000000e+00,0.000000000000000000e+00,0.000000000000000000e+00,0.000000000000000000e+00,0.000000000000000000e+00,0.000000000000000000e+00,0.000000000000000000e+00,0.000000000000000000e+00,0.000000000000000000e+00,0.000000000000000000e+00,0.000000000000000000e+00,0.000000000000000000e+00,0.000000000000000000e+00,0.000000000000000000e+00,0.000000000000000000e+00,0.000000000000000000e+00,0.000000000000000000e+00,0.000000000000000000e+00,0.000000000000000000e+00,0.000000000000000000e+00,0.000000000000000000e+00,0.000000000000000000e+00,0.000000000000000000e+00,0.000000000000000000e+00,0.000000000000000000e+00,0.000000000000000000e+00,0.000000000000000000e+00,0.000000000000000000e+00,0.000000000000000000e+00,0.000000000000000000e+00,0.000000000000000000e+00,0.000000000000000000e+00,0.000000000000000000e+00,0.000000000000000000e+00,0.000000000000000000e+00,0.000000000000000000e+00,0.000000000000000000e+00,0.000000000000000000e+00,0.000000000000000000e+00,0.000000000000000000e+00,0.000000000000000000e+00,0.000000000000000000e+00,0.000000000000000000e+00,0.000000000000000000e+00,0.000000000000000000e+00,0.000000000000000000e+00,0.000000000000000000e+00,0.000000000000000000e+00,0.000000000000000000e+00,0.000000000000000000e+00,0.000000000000000000e+00,0.000000000000000000e+00,0.000000000000000000e+00,0.000000000000000000e+00,0.000000000000000000e+00,0.000000000000000000e+00,0.000000000000000000e+00,0.000000000000000000e+00,0.000000000000000000e+00,0.000000000000000000e+00,0.000000000000000000e+00,0.000000000000000000e+00,0.000000000000000000e+00,0.000000000000000000e+00,0.000000000000000000e+00,0.000000000000000000e+00,0.000000000000000000e+00,0.000000000000000000e+00,0.000000000000000000e+00,0.000000000000000000e+00,0.000000000000000000e+00,0.000000000000000000e+00,0.000000000000000000e+00,0.000000000000000000e+00,0.000000000000000000e+00,0.000000000000000000e+00,0.000000000000000000e+00,0.000000000000000000e+00,0.000000000000000000e+00,0.000000000000000000e+00,0.000000000000000000e+00,0.000000000000000000e+00,0.000000000000000000e+00,0.000000000000000000e+00,0.000000000000000000e+00,0.000000000000000000e+00,0.000000000000000000e+00,0.000000000000000000e+00,0.000000000000000000e+00,0.000000000000000000e+00,0.000000000000000000e+00,0.000000000000000000e+00,0.000000000000000000e+00,0.000000000000000000e+00,0.000000000000000000e+00,0.000000000000000000e+00,0.000000000000000000e+00,0.000000000000000000e+00,0.000000000000000000e+00,0.000000000000000000e+00,0.000000000000000000e+00,0.000000000000000000e+00,0.000000000000000000e+00,0.000000000000000000e+00,0.000000000000000000e+00,0.000000000000000000e+00,0.000000000000000000e+00,0.000000000000000000e+00,0.000000000000000000e+00,0.000000000000000000e+00,0.000000000000000000e+00,0.000000000000000000e+00,0.000000000000000000e+00,0.000000000000000000e+00,0.000000000000000000e+00
ETAP,0.000000000000000000e+00,0.000000000000000000e+00,0.000000000000000000e+00,0.000000000000000000e+00,0.000000000000000000e+00,0.000000000000000000e+00,0.000000000000000000e+00,0.000000000000000000e+00,0.000000000000000000e+00,0.000000000000000000e+00,0.000000000000000000e+00,0.000000000000000000e+00,0.000000000000000000e+00,0.000000000000000000e+00,0.000000000000000000e+00,0.000000000000000000e+00,0.000000000000000000e+00,0.000000000000000000e+00,0.000000000000000000e+00,0.000000000000000000e+00,0.000000000000000000e+00,0.000000000000000000e+00,0.000000000000000000e+00,0.000000000000000000e+00,0.000000000000000000e+00,0.000000000000000000e+00,0.000000000000000000e+00,0.000000000000000000e+00,0.000000000000000000e+00,0.000000000000000000e+00,0.000000000000000000e+00,0.000000000000000000e+00,0.000000000000000000e+00,0.000000000000000000e+00,0.000000000000000000e+00,0.000000000000000000e+00,0.000000000000000000e+00,0.000000000000000000e+00,0.000000000000000000e+00,0.000000000000000000e+00,0.000000000000000000e+00,0.000000000000000000e+00,0.000000000000000000e+00,0.000000000000000000e+00,0.000000000000000000e+00,0.000000000000000000e+00,0.000000000000000000e+00,0.000000000000000000e+00,0.000000000000000000e+00,0.000000000000000000e+00,0.000000000000000000e+00,0.000000000000000000e+00,0.000000000000000000e+00,0.000000000000000000e+00,0.000000000000000000e+00,0.000000000000000000e+00,0.000000000000000000e+00,0.000000000000000000e+00,0.000000000000000000e+00,0.000000000000000000e+00,0.000000000000000000e+00,0.000000000000000000e+00,0.000000000000000000e+00,0.000000000000000000e+00,0.000000000000000000e+00,0.000000000000000000e+00,0.000000000000000000e+00,0.000000000000000000e+00,0.000000000000000000e+00,0.000000000000000000e+00,0.000000000000000000e+00,0.000000000000000000e+00,0.000000000000000000e+00,0.000000000000000000e+00,0.000000000000000000e+00,0.000000000000000000e+00,0.000000000000000000e+00,0.000000000000000000e+00,0.000000000000000000e+00,0.000000000000000000e+00,0.000000000000000000e+00,0.000000000000000000e+00,0.000000000000000000e+00,0.000000000000000000e+00,0.000000000000000000e+00,0.000000000000000000e+00,0.000000000000000000e+00,0.000000000000000000e+00,0.000000000000000000e+00,0.000000000000000000e+00,0.000000000000000000e+00,0.000000000000000000e+00,0.000000000000000000e+00,0.000000000000000000e+00,0.000000000000000000e+00,0.000000000000000000e+00,0.000000000000000000e+00,0.000000000000000000e+00,0.000000000000000000e+00,0.000000000000000000e+00,0.000000000000000000e+00,0.000000000000000000e+00,0.000000000000000000e+00,0.000000000000000000e+00,0.000000000000000000e+00,0.000000000000000000e+00,0.000000000000000000e+00,0.000000000000000000e+00,0.000000000000000000e+00,0.000000000000000000e+00,0.000000000000000000e+00,0.000000000000000000e+00,0.000000000000000000e+00,0.000000000000000000e+00,0.000000000000000000e+00,0.000000000000000000e+00,0.000000000000000000e+00,0.000000000000000000e+00,0.000000000000000000e+00,0.000000000000000000e+00,0.000000000000000000e+00,0.000000000000000000e+00,0.000000000000000000e+00,0.000000000000000000e+00,0.000000000000000000e+00,0.000000000000000000e+00,0.000000000000000000e+00,0.000000000000000000e+00
FC_AoA_,4.000000000000000000e+00
FC_Beta_,0.000000000000000000e+00
FC_Bref_,1.639999999999999858e+01
FC_Cref_,1.881000000000000005e+00
FC_Mach_,2.030000000000000138e-01
FC_Pitch_Rate,0.000000000000000000e+00
FC_Rho_,2.377000000000000206e-03
FC_Roll__Rate,0.000000000000000000e+00
FC_Sref_,3.000000340000000065e+01
FC_Vinf_,1.000000000000000000e+02
FC_Xcg_,3.750000000000000000e+00
FC_Yaw___Rate,0.000000000000000000e+00
FC_Ycg_,0.000000000000000000e+00
FC_Zcg_,0.000000000000000000e+00
FOM,0.000000000000000000e+00,0.000000000000000000e+00,0.000000000000000000e+00,0.000000000000000000e+00,0.000000000000000000e+00,0.000000000000000000e+00,0.000000000000000000e+00,0.000000000000000000e+00,0.000000000000000000e+00,0.000000000000000000e+00,0.000000000000000000e+00,0.000000000000000000e+00,0.000000000000000000e+00,0.000000000000000000e+00,0.000000000000000000e+00,0.000000000000000000e+00,0.000000000000000000e+00,0.000000000000000000e+00,0.000000000000000000e+00,0.000000000000000000e+00,0.000000000000000000e+00,0.000000000000000000e+00,0.000000000000000000e+00,0.000000000000000000e+00,0.000000000000000000e+00,0.000000000000000000e+00,0.000000000000000000e+00,0.000000000000000000e+00,0.000000000000000000e+00,0.000000000000000000e+00,0.000000000000000000e+00,0.000000000000000000e+00,0.000000000000000000e+00,0.000000000000000000e+00,0.000000000000000000e+00,0.000000000000000000e+00,0.000000000000000000e+00,0.000000000000000000e+00,0.000000000000000000e+00,0.000000000000000000e+00,0.000000000000000000e+00,0.000000000000000000e+00,0.000000000000000000e+00,0.000000000000000000e+00,0.000000000000000000e+00,0.000000000000000000e+00,0.000000000000000000e+00,0.000000000000000000e+00,0.000000000000000000e+00,0.000000000000000000e+00,0.000000000000000000e+00,0.000000000000000000e+00,0.000000000000000000e+00,0.000000000000000000e+00,0.000000000000000000e+00,0.000000000000000000e+00,0.000000000000000000e+00,0.000000000000000000e+00,0.000000000000000000e+00,0.000000000000000000e+00,0.000000000000000000e+00,0.000000000000000000e+00,0.000000000000000000e+00,0.000000000000000000e+00,0.000000000000000000e+00,0.000000000000000000e+00,0.000000000000000000e+00,0.000000000000000000e+00,0.000000000000000000e+00,0.000000000000000000e+00,0.000000000000000000e+00,0.000000000000000000e+00,0.000000000000000000e+00,0.000000000000000000e+00,0.000000000000000000e+00,0.000000000000000000e+00,0.000000000000000000e+00,0.000000000000000000e+00,0.000000000000000000e+00,0.000000000000000000e+00,0.000000000000000000e+00,0.000000000000000000e+00,0.000000000000000000e+00,0.000000000000000000e+00,0.000000000000000000e+00,0.000000000000000000e+00,0.000000000000000000e+00,0.000000000000000000e+00,0.000000000000000000e+00,0.000000000000000000e+00,0.000000000000000000e+00,0.000000000000000000e+00,0.000000000000000000e+00,0.000000000000000000e+00,0.000000000000000000e+00,0.000000000000000000e+00,0.000000000000000000e+00,0.000000000000000000e+00,0.000000000000000000e+00,0.000000000000000000e+00,0.000000000000000000e+00,0.000000000000000000e+00,0.000000000000000000e+00,0.000000000000000000e+00,0.000000000000000000e+00,0.000000000000000000e+00,0.000000000000000000e+00,0.000000000000000000e+00,0.000000000000000000e+00,0.000000000000000000e+00,0.000000000000000000e+00,0.000000000000000000e+00,0.000000000000000000e+00,0.000000000000000000e+00,0.000000000000000000e+00,0.000000000000000000e+00,0.000000000000000000e+00,0.000000000000000000e+00,0.000000000000000000e+00,0.000000000000000000e+00,0.000000000000000000e+00,0.000000000000000000e+00,0.000000000000000000e+00,0.000000000000000000e+00,0.000000000000000000e+00,0.000000000000000000e+00,0.000000000000000000e+00,0.000000000000000000e+00
IsARotor,0,0,0,0,0,0,0,0,0,0,0,0,0,0,0,0,0,0,0,0,0,0,0,0,0,0,0,0,0,0,0,0,0,0,0,0,0,0,0,0,0,0,0,0,0,0,0,0,0,0,0,0,0,0,0,0,0,0,0,0,0,0,0,0,0,0,0,0,0,0,0,0,0,0,0,0,0,0,0,0,0,0,0,0,0,0,0,0,0,0,0,0,0,0,0,0,0,0,0,0,0,0,0,0,0,0,0,0,0,0,0,0,0,0,0,0,0,0,0,0,0,0,0,0,0,0,0,0
Iter,20,20,20,20,20,20,20,20,20,20,20,20,20,20,20,20,20,20,20,20,20,20,20,20,20,20,20,20,20,20,20,20,20,20,20,20,20,20,20,20,20,20,20,20,20,20,20,20,20,20,20,20,20,20,20,20,20,20,20,20,20,20,20,20,20,20,20,20,20,20,20,20,20,20,20,20,20,20,20,20,20,20,20,20,20,20,20,20,20,20,20,20,20,20,20,20,20,20,20,20,20,20,20,20,20,20,20,20,20,20,20,20,20,20,20,20,20,20,20,20,20,20,20,20,20,20,20,20
J,0.000000000000000000e+00,0.000000000000000000e+00,0.000000000000000000e+00,0.000000000000000000e+00,0.000000000000000000e+00,0.000000000000000000e+00,0.000000000000000000e+00,0.000000000000000000e+00,0.000000000000000000e+00,0.000000000000000000e+00,0.000000000000000000e+00,0.000000000000000000e+00,0.000000000000000000e+00,0.000000000000000000e+00,0.000000000000000000e+00,0.000000000000000000e+00,0.000000000000000000e+00,0.000000000000000000e+00,0.000000000000000000e+00,0.000000000000000000e+00,0.000000000000000000e+00,0.000000000000000000e+00,0.000000000000000000e+00,0.000000000000000000e+00,0.000000000000000000e+00,0.000000000000000000e+00,0.000000000000000000e+00,0.000000000000000000e+00,0.000000000000000000e+00,0.000000000000000000e+00,0.000000000000000000e+00,0.000000000000000000e+00,0.000000000000000000e+00,0.000000000000000000e+00,0.000000000000000000e+00,0.000000000000000000e+00,0.000000000000000000e+00,0.000000000000000000e+00,0.000000000000000000e+00,0.000000000000000000e+00,0.000000000000000000e+00,0.000000000000000000e+00,0.000000000000000000e+00,0.000000000000000000e+00,0.000000000000000000e+00,0.000000000000000000e+00,0.000000000000000000e+00,0.000000000000000000e+00,0.000000000000000000e+00,0.000000000000000000e+00,0.000000000000000000e+00,0.000000000000000000e+00,0.000000000000000000e+00,0.000000000000000000e+00,0.000000000000000000e+00,0.000000000000000000e+00,0.000000000000000000e+00,0.000000000000000000e+00,0.000000000000000000e+00,0.000000000000000000e+00,0.000000000000000000e+00,0.000000000000000000e+00,0.000000000000000000e+00,0.000000000000000000e+00,0.000000000000000000e+00,0.000000000000000000e+00,0.000000000000000000e+00,0.000000000000000000e+00,0.000000000000000000e+00,0.000000000000000000e+00,0.000000000000000000e+00,0.000000000000000000e+00,0.000000000000000000e+00,0.000000000000000000e+00,0.000000000000000000e+00,0.000000000000000000e+00,0.000000000000000000e+00,0.000000000000000000e+00,0.000000000000000000e+00,0.000000000000000000e+00,0.000000000000000000e+00,0.000000000000000000e+00,0.000000000000000000e+00,0.000000000000000000e+00,0.000000000000000000e+00,0.000000000000000000e+00,0.000000000000000000e+00,0.000000000000000000e+00,0.000000000000000000e+00,0.000000000000000000e+00,0.000000000000000000e+00,0.000000000000000000e+00,0.000000000000000000e+00,0.000000000000000000e+00,0.000000000000000000e+00,0.000000000000000000e+00,0.000000000000000000e+00,0.000000000000000000e+00,0.000000000000000000e+00,0.000000000000000000e+00,0.000000000000000000e+00,0.000000000000000000e+00,0.000000000000000000e+00,0.000000000000000000e+00,0.000000000000000000e+00,0.000000000000000000e+00,0.000000000000000000e+00,0.000000000000000000e+00,0.000000000000000000e+00,0.000000000000000000e+00,0.000000000000000000e+00,0.000000000000000000e+00,0.000000000000000000e+00,0.000000000000000000e+00,0.000000000000000000e+00,0.000000000000000000e+00,0.000000000000000000e+00,0.000000000000000000e+00,0.000000000000000000e+00,0.000000000000000000e+00,0.000000000000000000e+00,0.000000000000000000e+00,0.000000000000000000e+00,0.000000000000000000e+00,0.000000000000000000e+00,0.000000000000000000e+00,0.000000000000000000e+00,0.000000000000000000e+00
Moment,0.000000000000000000e+00,0.000000000000000000e+00,0.000000000000000000e+00,0.000000000000000000e+00,0.000000000000000000e+00,0.000000000000000000e+00,0.000000000000000000e+00,0.000000000000000000e+00,0.000000000000000000e+00,0.000000000000000000e+00,0.000000000000000000e+00,0.000000000000000000e+00,0.000000000000000000e+00,0.000000000000000000e+00,0.000000000000000000e+00,0.000000000000000000e+00,0.000000000000000000e+00,0.000000000000000000e+00,0.000000000000000000e+00,0.000000000000000000e+00,0.000000000000000000e+00,0.000000000000000000e+00,0.000000000000000000e+00,0.000000000000000000e+00,0.000000000000000000e+00,0.000000000000000000e+00,0.000000000000000000e+00,0.000000000000000000e+00,0.000000000000000000e+00,0.000000000000000000e+00,0.000000000000000000e+00,0.000000000000000000e+00,0.000000000000000000e+00,0.000000000000000000e+00,0.000000000000000000e+00,0.000000000000000000e+00,0.000000000000000000e+00,0.000000000000000000e+00,0.000000000000000000e+00,0.000000000000000000e+00,0.000000000000000000e+00,0.000000000000000000e+00,0.000000000000000000e+00,0.000000000000000000e+00,0.000000000000000000e+00,0.000000000000000000e+00,0.000000000000000000e+00,0.000000000000000000e+00,0.000000000000000000e+00,0.000000000000000000e+00,0.000000000000000000e+00,0.000000000000000000e+00,0.000000000000000000e+00,0.000000000000000000e+00,0.000000000000000000e+00,0.000000000000000000e+00,0.000000000000000000e+00,0.000000000000000000e+00,0.000000000000000000e+00,0.000000000000000000e+00,0.000000000000000000e+00,0.000000000000000000e+00,0.000000000000000000e+00,0.000000000000000000e+00,0.000000000000000000e+00,0.000000000000000000e+00,0.000000000000000000e+00,0.000000000000000000e+00,0.000000000000000000e+00,0.000000000000000000e+00,0.000000000000000000e+00,0.000000000000000000e+00,0.000000000000000000e+00,0.000000000000000000e+00,0.000000000000000000e+00,0.000000000000000000e+00,0.000000000000000000e+00,0.000000000000000000e+00,0.000000000000000000e+00,0.000000000000000000e+00,0.000000000000000000e+00,0.000000000000000000e+00,0.000000000000000000e+00,0.000000000000000000e+00,0.000000000000000000e+00,0.000000000000000000e+00,0.000000000000000000e+00,0.000000000000000000e+00,0.000000000000000000e+00,0.000000000000000000e+00,0.000000000000000000e+00,0.000000000000000000e+00,0.000000000000000000e+00,0.000000000000000000e+00,0.000000000000000000e+00,0.000000000000000000e+00,0.000000000000000000e+00,0.000000000000000000e+00,0.000000000000000000e+00,0.000000000000000000e+00,0.000000000000000000e+00,0.000000000000000000e+00,0.000000000000000000e+00,0.000000000000000000e+00,0.000000000000000000e+00,0.000000000000000000e+00,0.000000000000000000e+00,0.000000000000000000e+00,0.000000000000000000e+00,0.000000000000000000e+00,0.000000000000000000e+00,0.000000000000000000e+00,0.000000000000000000e+00,0.000000000000000000e+00,0.000000000000000000e+00,0.000000000000000000e+00,0.000000000000000000e+00,0.000000000000000000e+00,0.000000000000000000e+00,0.000000000000000000e+00,0.000000000000000000e+00,0.000000000000000000e+00,0.000000000000000000e+00,0.000000000000000000e+00,0.000000000000000000e+00,0.000000000000000000e+00,0.000000000000000000e+00,0.000000000000000000e+00
Momenti,0.000000000000000000e+00,0.000000000000000000e+00,0.000000000000000000e+00,0.000000000000000000e+00,0.000000000000000000e+00,0.000000000000000000e+00,0.000000000000000000e+00,0.000000000000000000e+00,0.000000000000000000e+00,0.000000000000000000e+00,0.000000000000000000e+00,0.000000000000000000e+00,0.000000000000000000e+00,0.000000000000000000e+00,0.000000000000000000e+00,0.000000000000000000e+00,0.000000000000000000e+00,0.000000000000000000e+00,0.000000000000000000e+00,0.000000000000000000e+00,0.000000000000000000e+00,0.000000000000000000e+00,0.000000000000000000e+00,0.000000000000000000e+00,0.000000000000000000e+00,0.000000000000000000e+00,0.000000000000000000e+00,0.000000000000000000e+00,0.000000000000000000e+00,0.000000000000000000e+00,0.000000000000000000e+00,0.000000000000000000e+00,0.000000000000000000e+00,0.000000000000000000e+00,0.000000000000000000e+00,0.000000000000000000e+00,0.000000000000000000e+00,0.000000000000000000e+00,0.000000000000000000e+00,0.000000000000000000e+00,0.000000000000000000e+00,0.000000000000000000e+00,0.000000000000000000e+00,0.000000000000000000e+00,0.000000000000000000e+00,0.000000000000000000e+00,0.000000000000000000e+00,0.000000000000000000e+00,0.000000000000000000e+00,0.000000000000000000e+00,0.000000000000000000e+00,0.000000000000000000e+00,0.000000000000000000e+00,0.000000000000000000e+00,0.000000000000000000e+00,0.000000000000000000e+00,0.000000000000000000e+00,0.000000000000000000e+00,0.000000000000000000e+00,0.000000000000000000e+00,0.000000000000000000e+00,0.000000000000000000e+00,0.000000000000000000e+00,0.000000000000000000e+00,0.000000000000000000e+00,0.000000000000000000e+00,0.000000000000000000e+00,0.000000000000000000e+00,0.000000000000000000e+00,0.000000000000000000e+00,0.000000000000000000e+00,0.000000000000000000e+00,0.000000000000000000e+00,0.000000000000000000e+00,0.000000000000000000e+00,0.000000000000000000e+00,0.000000000000000000e+00,0.000000000000000000e+00,0.000000000000000000e+00,0.000000000000000000e+00,0.000000000000000000e+00,0.000000000000000000e+00,0.000000000000000000e+00,0.000000000000000000e+00,0.000000000000000000e+00,0.000000000000000000e+00,0.000000000000000000e+00,0.000000000000000000e+00,0.000000000000000000e+00,0.000000000000000000e+00,0.000000000000000000e+00,0.000000000000000000e+00,0.000000000000000000e+00,0.000000000000000000e+00,0.000000000000000000e+00,0.000000000000000000e+00,0.000000000000000000e+00,0.000000000000000000e+00,0.000000000000000000e+00,0.000000000000000000e+00,0.000000000000000000e+00,0.000000000000000000e+00,0.000000000000000000e+00,0.000000000000000000e+00,0.000000000000000000e+00,0.000000000000000000e+00,0.000000000000000000e+00,0.000000000000000000e+00,0.000000000000000000e+00,0.000000000000000000e+00,0.000000000000000000e+00,0.000000000000000000e+00,0.000000000000000000e+00,0.000000000000000000e+00,0.000000000000000000e+00,0.000000000000000000e+00,0.000000000000000000e+00,0.000000000000000000e+00,0.000000000000000000e+00,0.000000000000000000e+00,0.000000000000000000e+00,0.000000000000000000e+00,0.000000000000000000e+00,0.000000000000000000e+00,0.000000000000000000e+00,0.000000000000000000e+00,0.000000000000000000e+00,0.000000000000000000e+00
Momento,0.000000000000000000e+00,0.000000000000000000e+00,0.000000000000000000e+00,0.000000000000000000e+00,0.000000000000000000e+00,0.000000000000000000e+00,0.000000000000000000e+00,0.000000000000000000e+00,0.000000000000000000e+00,0.000000000000000000e+00,0.000000000000000000e+00,0.000000000000000000e+00,0.000000000000000000e+00,0.000000000000000000e+00,0.000000000000000000e+00,0.000000000000000000e+00,0.000000000000000000e+00,0.000000000000000000e+00,0.000000000000000000e+00,0.000000000000000000e+00,0.000000000000000000e+00,0.000000000000000000e+00,0.000000000000000000e+00,0.000000000000000000e+00,0.000000000000000000e+00,0.000000000000000000e+00,0.000000000000000000e+00,0.000000000000000000e+00,0.000000000000000000e+00,0.000000000000000000e+00,0.000000000000000000e+00,0.000000000000000000e+00,0.000000000000000000e+00,0.000000000000000000e+00,0.000000000000000000e+00,0.000000000000000000e+00,0.000000000000000000e+00,0.000000000000000000e+00,0.000000000000000000e+00,0.000000000000000000e+00,0.000000000000000000e+00,0.000000000000000000e+00,0.000000000000000000e+00,0.000000000000000000e+00,0.000000000000000000e+00,0.000000000000000000e+00,0.000000000000000000e+00,0.000000000000000000e+00,0.000000000000000000e+00,0.000000000000000000e+00,0.000000000000000000e+00,0.000000000000000000e+00,0.000000000000000000e+00,0.000000000000000000e+00,0.000000000000000000e+00,0.000000000000000000e+00,0.000000000000000000e+00,0.000000000000000000e+00,0.000000000000000000e+00,0.000000000000000000e+00,0.000000000000000000e+00,0.000000000000000000e+00,0.000000000000000000e+00,0.000000000000000000e+00,0.000000000000000000e+00,0.000000000000000000e+00,0.000000000000000000e+00,0.000000000000000000e+00,0.000000000000000000e+00,0.000000000000000000e+00,0.000000000000000000e+00,0.000000000000000000e+00,0.000000000000000000e+00,0.000000000000000000e+00,0.000000000000000000e+00,0.000000000000000000e+00,0.000000000000000000e+00,0.000000000000000000e+00,0.000000000000000000e+00,0.000000000000000000e+00,0.000000000000000000e+00,0.000000000000000000e+00,0.000000000000000000e+00,0.000000000000000000e+00,0.000000000000000000e+00,0.000000000000000000e+00,0.000000000000000000e+00,0.000000000000000000e+00,0.000000000000000000e+00,0.000000000000000000e+00,0.000000000000000000e+00,0.000000000000000000e+00,0.000000000000000000e+00,0.000000000000000000e+00,0.000000000000000000e+00,0.000000000000000000e+00,0.000000000000000000e+00,0.000000000000000000e+00,0.000000000000000000e+00,0.000000000000000000e+00,0.000000000000000000e+00,0.000000000000000000e+00,0.000000000000000000e+00,0.000000000000000000e+00,0.000000000000000000e+00,0.000000000000000000e+00,0.000000000000000000e+00,0.000000000000000000e+00,0.000000000000000000e+00,0.000000000000000000e+00,0.000000000000000000e+00,0.000000000000000000e+00,0.000000000000000000e+00,0.000000000000000000e+00,0.000000000000000000e+00,0.000000000000000000e+00,0.000000000000000000e+00,0.000000000000000000e+00,0.000000000000000000e+00,0.000000000000000000e+00,0.000000000000000000e+00,0.000000000000000000e+00,0.000000000000000000e+00,0.000000000000000000e+00,0.000000000000000000e+00,0.000000000000000000e+00,0.000000000000000000e+00,0.000000000000000000e+00
Power,0.000000000000000000e+00,0.000000000000000000e+00,0.000000000000000000e+00,0.000000000000000000e+00,0.000000000000000000e+00,0.000000000000000000e+00,0.000000000000000000e+00,0.000000000000000000e+00,0.000000000000000000e+00,0.000000000000000000e+00,0.000000000000000000e+00,0.000000000000000000e+00,0.000000000000000000e+00,0.000000000000000000e+00,0.000000000000000000e+00,0.000000000000000000e+00,0.000000000000000000e+00,0.000000000000000000e+00,0.000000000000000000e+00,0.000000000000000000e+00,0.000000000000000000e+00,0.000000000000000000e+00,0.000000000000000000e+00,0.000000000000000000e+00,0.000000000000000000e+00,0.000000000000000000e+00,0.000000000000000000e+00,0.000000000000000000e+00,0.000000000000000000e+00,0.000000000000000000e+00,0.000000000000000000e+00,0.000000000000000000e+00,0.000000000000000000e+00,0.000000000000000000e+00,0.000000000000000000e+00,0.000000000000000000e+00,0.000000000000000000e+00,0.000000000000000000e+00,0.000000000000000000e+00,0.000000000000000000e+00,0.000000000000000000e+00,0.000000000000000000e+00,0.000000000000000000e+00,0.000000000000000000e+00,0.000000000000000000e+00,0.000000000000000000e+00,0.000000000000000000e+00,0.000000000000000000e+00,0.000000000000000000e+00,0.000000000000000000e+00,0.000000000000000000e+00,0.000000000000000000e+00,0.000000000000000000e+00,0.000000000000000000e+00,0.000000000000000000e+00,0.000000000000000000e+00,0.000000000000000000e+00,0.000000000000000000e+00,0.000000000000000000e+00,0.000000000000000000e+00,0.000000000000000000e+00,0.000000000000000000e+00,0.000000000000000000e+00,0.000000000000000000e+00,0.000000000000000000e+00,0.000000000000000000e+00,0.000000000000000000e+00,0.000000000000000000e+00,0.000000000000000000e+00,0.000000000000000000e+00,0.000000000000000000e+00,0.000000000000000000e+00,0.000000000000000000e+00,0.000000000000000000e+00,0.000000000000000000e+00,0.000000000000000000e+00,0.000000000000000000e+00,0.000000000000000000e+00,0.000000000000000000e+00,0.000000000000000000e+00,0.000000000000000000e+00,0.000000000000000000e+00,0.000000000000000000e+00,0.000000000000000000e+00,0.000000000000000000e+00,0.000000000000000000e+00,0.000000000000000000e+00,0.000000000000000000e+00,0.000000000000000000e+00,0.000000000000000000e+00,0.000000000000000000e+00,0.000000000000000000e+00,0.000000000000000000e+00,0.000000000000000000e+00,0.000000000000000000e+00,0.000000000000000000e+00,0.000000000000000000e+00,0.000000000000000000e+00,0.000000000000000000e+00,0.000000000000000000e+00,0.000000000000000000e+00,0.000000000000000000e+00,0.000000000000000000e+00,0.000000000000000000e+00,0.000000000000000000e+00,0.000000000000000000e+00,0.000000000000000000e+00,0.000000000000000000e+00,0.000000000000000000e+00,0.000000000000000000e+00,0.000000000000000000e+00,0.000000000000000000e+00,0.000000000000000000e+00,0.000000000000000000e+00,0.000000000000000000e+00,0.000000000000000000e+00,0.000000000000000000e+00,0.000000000000000000e+00,0.000000000000000000e+00,0.000000000000000000e+00,0.000000000000000000e+00,0.000000000000000000e+00,0.000000000000000000e+00,0.000000000000000000e+00,0.000000000000000000e+00,0.000000000000000000e+00,0.000000000000000000e+00,0.000000000000000000e+00
Poweri,0.000000000000000000e+00,0.000000000000000000e+00,0.000000000000000000e+00,0.000000000000000000e+00,0.000000000000000000e+00,0.000000000000000000e+00,0.000000000000000000e+00,0.000000000000000000e+00,0.000000000000000000e+00,0.000000000000000000e+00,0.000000000000000000e+00,0.000000000000000000e+00,0.000000000000000000e+00,0.000000000000000000e+00,0.000000000000000000e+00,0.000000000000000000e+00,0.000000000000000000e+00,0.000000000000000000e+00,0.000000000000000000e+00,0.000000000000000000e+00,0.000000000000000000e+00,0.000000000000000000e+00,0.000000000000000000e+00,0.000000000000000000e+00,0.000000000000000000e+00,0.000000000000000000e+00,0.000000000000000000e+00,0.000000000000000000e+00,0.000000000000000000e+00,0.000000000000000000e+00,0.000000000000000000e+00,0.000000000000000000e+00,0.000000000000000000e+00,0.000000000000000000e+00,0.000000000000000000e+00,0.000000000000000000e+00,0.000000000000000000e+00,0.000000000000000000e+00,0.000000000000000000e+00,0.000000000000000000e+00,0.000000000000000000e+00,0.000000000000000000e+00,0.000000000000000000e+00,0.000000000000000000e+00,0.000000000000000000e+00,0.000000000000000000e+00,0.000000000000000000e+00,0.000000000000000000e+00,0.000000000000000000e+00,0.000000000000000000e+00,0.000000000000000000e+00,0.000000000000000000e+00,0.000000000000000000e+00,0.000000000000000000e+00,0.000000000000000000e+00,0.000000000000000000e+00,0.000000000000000000e+00,0.000000000000000000e+00,0.000000000000000000e+00,0.000000000000000000e+00,0.000000000000000000e+00,0.000000000000000000e+00,0.000000000000000000e+00,0.000000000000000000e+00,0.000000000000000000e+00,0.000000000000000000e+00,0.000000000000000000e+00,0.000000000000000000e+00,0.000000000000000000e+00,0.000000000000000000e+00,0.000000000000000000e+00,0.000000000000000000e+00,0.000000000000000000e+00,0.000000000000000000e+00,0.000000000000000000e+00,0.000000000000000000e+00,0.000000000000000000e+00,0.000000000000000000e+00,0.000000000000000000e+00,0.000000000000000000e+00,0.000000000000000000e+00,0.000000000000000000e+00,0.000000000000000000e+00,0.000000000000000000e+00,0.000000000000000000e+00,0.000000000000000000e+00,0.000000000000000000e+00,0.000000000000000000e+00,0.000000000000000000e+00,0.000000000000000000e+00,0.000000000000000000e+00,0.000000000000000000e+00,0.000000000000000000e+00,0.000000000000000000e+00,0.000000000000000000e+00,0.000000000000000000e+00,0.000000000000000000e+00,0.000000000000000000e+00,0.000000000000000000e+00,0.000000000000000000e+00,0.000000000000000000e+00,0.000000000000000000e+00,0.000000000000000000e+00,0.000000000000000000e+00,0.000000000000000000e+00,0.000000000000000000e+00,0.000000000000000000e+00,0.000000000000000000e+00,0.000000000000000000e+00,0.000000000000000000e+00,0.000000000000000000e+00,0.000000000000000000e+00,0.000000000000000000e+00,0.000000000000000000e+00,0.000000000000000000e+00,0.000000000000000000e+00,0.000000000000000000e+00,0.000000000000000000e+00,0.000000000000000000e+00,0.000000000000000000e+00,0.000000000000000000e+00,0.000000000000000000e+00,0.000000000000000000e+00,0.000000000000000000e+00,0.000000000000000000e+00,0.000000000000000000e+00,0.000000000000000000e+00,0.000000000000000000e+00
Powero,0.000000000000000000e+00,0.000000000000000000e+00,0.000000000000000000e+00,0.000000000000000000e+00,0.000000000000000000e+00,0.000000000000000000e+00,0.000000000000000000e+00,0.000000000000000000e+00,0.000000000000000000e+00,0.000000000000000000e+00,0.000000000000000000e+00,0.000000000000000000e+00,0.000000000000000000e+00,0.000000000000000000e+00,0.000000000000000000e+00,0.000000000000000000e+00,0.000000000000000000e+00,0.000000000000000000e+00,0.000000000000000000e+00,0.000000000000000000e+00,0.000000000000000000e+00,0.000000000000000000e+00,0.000000000000000000e+00,0.000000000000000000e+00,0.000000000000000000e+00,0.000000000000000000e+00,0.000000000000000000e+00,0.000000000000000000e+00,0.000000000000000000e+00,0.000000000000000000e+00,0.000000000000000000e+00,0.000000000000000000e+00,0.000000000000000000e+00,0.000000000000000000e+00,0.000000000000000000e+00,0.000000000000000000e+00,0.000000000000000000e+00,0.000000000000000000e+00,0.000000000000000000e+00,0.000000000000000000e+00,0.000000000000000000e+00,0.000000000000000000e+00,0.000000000000000000e+00,0.000000000000000000e+00,0.000000000000000000e+00,0.000000000000000000e+00,0.000000000000000000e+00,0.000000000000000000e+00,0.000000000000000000e+00,0.000000000000000000e+00,0.000000000000000000e+00,0.000000000000000000e+00,0.000000000000000000e+00,0.000000000000000000e+00,0.000000000000000000e+00,0.000000000000000000e+00,0.000000000000000000e+00,0.000000000000000000e+00,0.000000000000000000e+00,0.000000000000000000e+00,0.000000000000000000e+00,0.000000000000000000e+00,0.000000000000000000e+00,0.000000000000000000e+00,0.000000000000000000e+00,0.000000000000000000e+00,0.000000000000000000e+00,0.000000000000000000e+00,0.000000000000000000e+00,0.000000000000000000e+00,0.000000000000000000e+00,0.000000000000000000e+00,0.000000000000000000e+00,0.000000000000000000e+00,0.000000000000000000e+00,0.000000000000000000e+00,0.000000000000000000e+00,0.000000000000000000e+00,0.000000000000000000e+00,0.000000000000000000e+00,0.000000000000000000e+00,0.000000000000000000e+00,0.000000000000000000e+00,0.000000000000000000e+00,0.000000000000000000e+00,0.000000000000000000e+00,0.000000000000000000e+00,0.000000000000000000e+00,0.000000000000000000e+00,0.000000000000000000e+00,0.000000000000000000e+00,0.000000000000000000e+00,0.000000000000000000e+00,0.000000000000000000e+00,0.000000000000000000e+00,0.000000000000000000e+00,0.000000000000000000e+00,0.000000000000000000e+00,0.000000000000000000e+00,0.000000000000000000e+00,0.000000000000000000e+00,0.000000000000000000e+00,0.000000000000000000e+00,0.000000000000000000e+00,0.000000000000000000e+00,0.000000000000000000e+00,0.000000000000000000e+00,0.000000000000000000e+00,0.000000000000000000e+00,0.000000000000000000e+00,0.000000000000000000e+00,0.000000000000000000e+00,0.000000000000000000e+00,0.000000000000000000e+00,0.000000000000000000e+00,0.000000000000000000e+00,0.000000000000000000e+00,0.000000000000000000e+00,0.000000000000000000e+00,0.000000000000000000e+00,0.000000000000000000e+00,0.000000000000000000e+00,0.000000000000000000e+00,0.000000000000000000e+00,0.000000000000000000e+00,0.000000000000000000e+00,0.000000000000000000e+00,0.000000000000000000e+00
RPM,0.000000000000000000e+00,0.000000000000000000e+00,0.000000000000000000e+00,0.000000000000000000e+00,0.000000000000000000e+00,0.000000000000000000e+00,0.000000000000000000e+00,0.000000000000000000e+00,0.000000000000000000e+00,0.000000000000000000e+00,0.000000000000000000e+00,0.000000000000000000e+00,0.000000000000000000e+00,0.000000000000000000e+00,0.000000000000000000e+00,0.000000000000000000e+00,0.000000000000000000e+00,0.000000000000000000e+00,0.000000000000000000e+00,0.000000000000000000e+00,0.000000000000000000e+00,0.000000000000000000e+00,0.000000000000000000e+00,0.000000000000000000e+00,0.000000000000000000e+00,0.000000000000000000e+00,0.000000000000000000e+00,0.000000000000000000e+00,0.000000000000000000e+00,0.000000000000000000e+00,0.000000000000000000e+00,0.000000000000000000e+00,0.000000000000000000e+00,0.000000000000000000e+00,0.000000000000000000e+00,0.000000000000000000e+00,0.000000000000000000e+00,0.000000000000000000e+00,0.000000000000000000e+00,0.000000000000000000e+00,0.000000000000000000e+00,0.000000000000000000e+00,0.000000000000000000e+00,0.000000000000000000e+00,0.000000000000000000e+00,0.000000000000000000e+00,0.000000000000000000e+00,0.000000000000000000e+00,0.000000000000000000e+00,0.000000000000000000e+00,0.000000000000000000e+00,0.000000000000000000e+00,0.000000000000000000e+00,0.000000000000000000e+00,0.000000000000000000e+00,0.000000000000000000e+00,0.000000000000000000e+00,0.000000000000000000e+00,0.000000000000000000e+00,0.000000000000000000e+00,0.000000000000000000e+00,0.000000000000000000e+00,0.000000000000000000e+00,0.000000000000000000e+00,0.000000000000000000e+00,0.000000000000000000e+00,0.000000000000000000e+00,0.000000000000000000e+00,0.000000000000000000e+00,0.000000000000000000e+00,0.000000000000000000e+00,0.000000000000000000e+00,0.000000000000000000e+00,0.000000000000000000e+00,0.000000000000000000e+00,0.000000000000000000e+00,0.000000000000000000e+00,0.000000000000000000e+00,0.000000000000000000e+00,0.000000000000000000e+00,0.000000000000000000e+00,0.000000000000000000e+00,0.000000000000000000e+00,0.000000000000000000e+00,0.000000000000000000e+00,0.000000000000000000e+00,0.000000000000000000e+00,0.000000000000000000e+00,0.000000000000000000e+00,0.000000000000000000e+00,0.000000000000000000e+00,0.000000000000000000e+00,0.000000000000000000e+00,0.000000000000000000e+00,0.000000000000000000e+00,0.000000000000000000e+00,0.000000000000000000e+00,0.000000000000000000e+00,0.000000000000000000e+00,0.000000000000000000e+00,0.000000000000000000e+00,0.000000000000000000e+00,0.000000000000000000e+00,0.000000000000000000e+00,0.000000000000000000e+00,0.000000000000000000e+00,0.000000000000000000e+00,0.000000000000000000e+00,0.000000000000000000e+00,0.000000000000000000e+00,0.000000000000000000e+00,0.000000000000000000e+00,0.000000000000000000e+00,0.000000000000000000e+00,0.000000000000000000e+00,0.000000000000000000e+00,0.000000000000000000e+00,0.000000000000000000e+00,0.000000000000000000e+00,0.000000000000000000e+00,0.000000000000000000e+00,0.000000000000000000e+00,0.000000000000000000e+00,0.000000000000000000e+00,0.000000000000000000e+00,0.000000000000000000e+00,0.000000000000000000e+00,0.000000000000000000e+00
SoverB,4.409999999999999858e-03,1.824999999999999886e-02,3.207999999999999741e-02,4.590999999999999942e-02,6.393999999999999684e-02,8.197000000000000119e-02,1.000000000000000056e-01,1.180299999999999960e-01,1.360599999999999865e-01,1.540900000000000047e-01,1.721100000000000130e-01,1.901400000000000035e-01,2.081699999999999939e-01,2.262000000000000122e-01,2.442300000000000026e-01,2.622599999999999931e-01,2.802899999999999836e-01,2.983199999999999741e-01,3.163500000000000201e-01,3.343700000000000006e-01,3.523999999999999910e-01,3.704299999999999815e-01,3.884600000000000275e-01,4.064900000000000180e-01,4.245200000000000085e-01,4.425499999999999989e-01,4.605799999999999894e-01,4.786099999999999799e-01,4.966300000000000159e-01,5.146600000000000064e-01,5.326899999999999968e-01,5.507199999999999873e-01,5.687499999999999778e-01,5.867799999999999683e-01,6.048099999999999588e-01,6.228399999999999492e-01,6.408700000000000507e-01,6.589000000000000412e-01,6.769199999999999662e-01,6.949499999999999567e-01,6.971199999999999619e-01,6.992800000000000127e-01,7.014399999999999524e-01,7.036099999999999577e-01,7.057700000000000085e-01,7.079299999999999482e-01,7.241600000000000259e-01,7.403899999999999926e-01,7.566100000000000048e-01,7.728399999999999714e-01,7.890599999999999836e-01,8.052899999999999503e-01,8.215200000000000280e-01,8.377400000000000402e-01,8.539700000000000069e-01,8.701900000000000190e-01,8.864199999999999857e-01,9.026399999999999979e-01,9.188699999999999646e-01,9.351000000000000423e-01,9.513200000000000545e-01,9.675500000000000211e-01,9.837700000000000333e-01,1.000000000000000000e+00,4.409999999999999858e-03,1.824999999999999886e-02,3.207999999999999741e-02,4.590999999999999942e-02,6.393999999999999684e-02,8.197000000000000119e-02,1.000000000000000056e-01,1.180299999999999960e-01,1.360599999999999865e-01,1.540900000000000047e-01,1.721100000000000130e-01,1.901400000000000035e-01,2.081699999999999939e-01,2.262000000000000122e-01,2.442300000000000026e-01,2.622599999999999931e-01,2.802899999999999836e-01,2.983199999999999741e-01,3.163500000000000201e-01,3.343700000000000006e-01,3.523999999999999910e-01,3.704299999999999815e-01,3.884600000000000275e-01,4.064900000000000180e-01,4.245200000000000085e-01,4.425499999999999989e-01,4.605799999999999894e-01,4.786099999999999799e-01,4.966300000000000159e-01,5.146600000000000064e-01,5.326899999999999968e-01,5.507199999999999873e-01,5.687499999999999778e-01,5.867799999999999683e-01,6.048099999999999588e-01,6.228399999999999492e-01,6.408700000000000507e-01,6.589000000000000412e-01,6.769199999999999662e-01,6.949499999999999567e-01,6.971199999999999619e-01,6.992800000000000127e-01,7.014399999999999524e-01,7.036099999999999577e-01,7.057700000000000085e-01,7.079299999999999482e-01,7.241600000000000259e-01,7.403899999999999926e-01,7.566100000000000048e-01,7.728399999999999714e-01,7.890599999999999836e-01,8.052899999999999503e-01,8.215200000000000280e-01,8.377400000000000402e-01,8.539700000000000069e-01,8.701900000000000190e-01,8.864199999999999857e-01,9.026399999999999979e-01,9.188699999999999646e-01,9.351000000000000423e-01,9.513200000000000545e-01,9.675500000000000211e-01,9.837700000000000333e-01,1.000000000000000000e+00
StallFact,1.000000000000000000e+00,1.000000000000000000e+00,1.000000000000000000e+00,1.000000000000000000e+00,1.000000000000000000e+00,1.000000000000000000e+00,1.000000000000000000e+00,1.000000000000000000e+00,1.000000000000000000e+00,1.000000000000000000e+00,1.000000000000000000e+00,1.000000000000000000e+00,1.000000000000000000e+00,1.000000000000000000e+00,1.000000000000000000e+00,1.000000000000000000e+00,1.000000000000000000e+00,1.000000000000000000e+00,1.000000000000000000e+00,1.000000000000000000e+00,1.000000000000000000e+00,1.000000000000000000e+00,1.000000000000000000e+00,1.000000000000000000e+00,1.000000000000000000e+00,1.000000000000000000e+00,1.000000000000000000e+00,1.000000000000000000e+00,1.000000000000000000e+00,1.000000000000000000e+00,1.000000000000000000e+00,1.000000000000000000e+00,1.000000000000000000e+00,1.000000000000000000e+00,1.000000000000000000e+00,1.000000000000000000e+00,1.000000000000000000e+00,1.000000000000000000e+00,1.000000000000000000e+00,1.000000000000000000e+00,1.000000000000000000e+00,1.000000000000000000e+00,1.000000000000000000e+00,1.000000000000000000e+00,1.000000000000000000e+00,1.000000000000000000e+00,1.000000000000000000e+00,1.000000000000000000e+00,1.000000000000000000e+00,1.000000000000000000e+00,1.000000000000000000e+00,1.000000000000000000e+00,1.000000000000000000e+00,1.000000000000000000e+00,1.000000000000000000e+00,1.000000000000000000e+00,1.000000000000000000e+00,1.000000000000000000e+00,1.000000000000000000e+00,1.000000000000000000e+00,1.000000000000000000e+00,1.000000000000000000e+00,1.000000000000000000e+00,1.000000000000000000e+00,1.000000000000000000e+00,1.000000000000000000e+00,1.000000000000000000e+00,1.000000000000000000e+00,1.000000000000000000e+00,1.000000000000000000e+00,1.000000000000000000e+00,1.000000000000000000e+00,1.000000000000000000e+00,1.000000000000000000e+00,1.000000000000000000e+00,1.000000000000000000e+00,1.000000000000000000e+00,1.000000000000000000e+00,1.000000000000000000e+00,1.000000000000000000e+00,1.000000000000000000e+00,1.000000000000000000e+00,1.000000000000000000e+00,1.000000000000000000e+00,1.000000000000000000e+00,1.000000000000000000e+00,1.000000000000000000e+00,1.000000000000000000e+00,1.000000000000000000e+00,1.000000000000000000e+00,1.000000000000000000e+00,1.000000000000000000e+00,1.000000000000000000e+00,1.000000000000000000e+00,1.000000000000000000e+00,1.000000000000000000e+00,1.000000000000000000e+00,1.000000000000000000e+00,1.000000000000000000e+00,1.000000000000000000e+00,1.000000000000000000e+00,1.000000000000000000e+00,1.000000000000000000e+00,1.000000000000000000e+00,1.000000000000000000e+00,1.000000000000000000e+00,1.000000000000000000e+00,1.000000000000000000e+00,1.000000000000000000e+00,1.000000000000000000e+00,1.000000000000000000e+00,1.000000000000000000e+00,1.000000000000000000e+00,1.000000000000000000e+00,1.000000000000000000e+00,1.000000000000000000e+00,1.000000000000000000e+00,1.000000000000000000e+00,1.000000000000000000e+00,1.000000000000000000e+00,1.000000000000000000e+00,1.000000000000000000e+00,1.000000000000000000e+00,1.000000000000000000e+00,1.000000000000000000e+00,1.000000000000000000e+00,1.000000000000000000e+00,1.000000000000000000e+00
Thrust,0.000000000000000000e+00,0.000000000000000000e+00,0.000000000000000000e+00,0.000000000000000000e+00,0.000000000000000000e+00,0.000000000000000000e+00,0.000000000000000000e+00,0.000000000000000000e+00,0.000000000000000000e+00,0.000000000000000000e+00,0.000000000000000000e+00,0.000000000000000000e+00,0.000000000000000000e+00,0.000000000000000000e+00,0.000000000000000000e+00,0.000000000000000000e+00,0.000000000000000000e+00,0.000000000000000000e+00,0.000000000000000000e+00,0.000000000000000000e+00,0.000000000000000000e+00,0.000000000000000000e+00,0.000000000000000000e+00,0.000000000000000000e+00,0.000000000000000000e+00,0.000000000000000000e+00,0.000000000000000000e+00,0.000000000000000000e+00,0.000000000000000000e+00,0.000000000000000000e+00,0.000000000000000000e+00,0.000000000000000000e+00,0.000000000000000000e+00,0.000000000000000000e+00,0.000000000000000000e+00,0.000000000000000000e+00,0.000000000000000000e+00,0.000000000000000000e+00,0.000000000000000000e+00,0.000000000000000000e+00,0.000000000000000000e+00,0.000000000000000000e+00,0.000000000000000000e+00,0.000000000000000000e+00,0.000000000000000000e+00,0.000000000000000000e+00,0.000000000000000000e+00,0.000000000000000000e+00,0.000000000000000000e+00,0.000000000000000000e+00,0.000000000000000000e+00,0.000000000000000000e+00,0.000000000000000000e+00,0.000000000000000000e+00,0.000000000000000000e+00,0.000000000000000000e+00,0.000000000000000000e+00,0.000000000000000000e+00,0.000000000000000000e+00,0.000000000000000000e+00,0.000000000000000000e+00,0.000000000000000000e+00,0.000000000000000000e+00,0.000000000000000000e+00,0.000000000000000000e+00,0.000000000000000000e+00,0.000000000000000000e+00,0.000000000000000000e+00,0.000000000000000000e+00,0.000000000000000000e+00,0.000000000000000000e+00,0.000000000000000000e+00,0.000000000000000000e+00,0.000000000000000000e+00,0.000000000000000000e+00,0.000000000000000000e+00,0.000000000000000000e+00,0.000000000000000000e+00,0.000000000000000000e+00,0.000000000000000000e+00,0.000000000000000000e+00,0.000000000000000000e+00,0.000000000000000000e+00,0.000000000000000000e+00,0.000000000000000000e+00,0.000000000000000000e+00,0.000000000000000000e+00,0.000000000000000000e+00,0.000000000000000000e+00,0.000000000000000000e+00,0.000000000000000000e+00,0.000000000000000000e+00,0.000000000000000000e+00,0.000000000000000000e+00,0.000000000000000000e+00,0.000000000000000000e+00,0.000000000000000000e+00,0.000000000000000000e+00,0.000000000000000000e+00,0.000000000000000000e+00,0.000000000000000000e+00,0.000000000000000000e+00,0.000000000000000000e+00,0.000000000000000000e+00,0.000000000000000000e+00,0.000000000000000000e+00,0.000000000000000000e+00,0.000000000000000000e+00,0.000000000000000000e+00,0.000000000000000000e+00,0.000000000000000000e+00,0.000000000000000000e+00,0.000000000000000000e+00,0.000000000000000000e+00,0.000000000000000000e+00,0.000000000000000000e+00,0.000000000000000000e+00,0.000000000000000000e+00,0.000000000000000000e+00,0.000000000000000000e+00,0.000000000000000000e+00,0.000000000000000000e+00,0.000000000000000000e+00,0.000000000000000000e+00,0.000000000000000000e+00,0.000000000000000000e+00,0.000000000000000000e+00,0.000000000000000000e+00
Thrusti,0.000000000000000000e+00,0.000000000000000000e+00,0.000000000000000000e+00,0.000000000000000000e+00,0.000000000000000000e+00,0.000000000000000000e+00,0.000000000000000000e+00,0.000000000000000000e+00,0.000000000000000000e+00,0.000000000000000000e+00,0.000000000000000000e+00,0.000000000000000000e+00,0.000000000000000000e+00,0.000000000000000000e+00,0.000000000000000000e+00,0.000000000000000000e+00,0.000000000000000000e+00,0.000000000000000000e+00,0.000000000000000000e+00,0.000000000000000000e+00,0.000000000000000000e+00,0.000000000000000000e+00,0.000000000000000000e+00,0.000000000000000000e+00,0.000000000000000000e+00,0.000000000000000000e+00,0.000000000000000000e+00,0.000000000000000000e+00,0.000000000000000000e+00,0.000000000000000000e+00,0.000000000000000000e+00,0.000000000000000000e+00,0.000000000000000000e+00,0.000000000000000000e+00,0.000000000000000000e+00,0.000000000000000000e+00,0.000000000000000000e+00,0.000000000000000000e+00,0.000000000000000000e+00,0.000000000000000000e+00,0.000000000000000000e+00,0.000000000000000000e+00,0.000000000000000000e+00,0.000000000000000000e+00,0.000000000000000000e+00,0.000000000000000000e+00,0.000000000000000000e+00,0.000000000000000000e+00,0.000000000000000000e+00,0.000000000000000000e+00,0.000000000000000000e+00,0.000000000000000000e+00,0.000000000000000000e+00,0.000000000000000000e+00,0.000000000000000000e+00,0.000000000000000000e+00,0.000000000000000000e+00,0.000000000000000000e+00,0.000000000000000000e+00,0.000000000000000000e+00,0.000000000000000000e+00,0.000000000000000000e+00,0.000000000000000000e+00,0.000000000000000000e+00,0.000000000000000000e+00,0.000000000000000000e+00,0.000000000000000000e+00,0.000000000000000000e+00,0.000000000000000000e+00,0.000000000000000000e+00,0.000000000000000000e+00,0.000000000000000000e+00,0.000000000000000000e+00,0.000000000000000000e+00,0.000000000000000000e+00,0.000000000000000000e+00,0.000000000000000000e+00,0.000000000000000000e+00,0.000000000000000000e+00,0.000000000000000000e+00,0.000000000000000000e+00,0.000000000000000000e+00,0.000000000000000000e+00,0.000000000000000000e+00,0.000000000000000000e+00,0.000000000000000000e+00,0.000000000000000000e+00,0.000000000000000000e+00,0.000000000000000000e+00,0.000000000000000000e+00,0.000000000000000000e+00,0.000000000000000000e+00,0.000000000000000000e+00,0.000000000000000000e+00,0.000000000000000000e+00,0.000000000000000000e+00,0.000000000000000000e+00,0.000000000000000000e+00,0.000000000000000000e+00,0.000000000000000000e+00,0.000000000000000000e+00,0.000000000000000000e+00,0.000000000000000000e+00,0.000000000000000000e+00,0.000000000000000000e+00,0.000000000000000000e+00,0.000000000000000000e+00,0.000000000000000000e+00,0.000000000000000000e+00,0.000000000000000000e+00,0.000000000000000000e+00,0.000000000000000000e+00,0.000000000000000000e+00,0.000000000000000000e+00,0.000000000000000000e+00,0.000000000000000000e+00,0.000000000000000000e+00,0.000000000000000000e+00,0.000000000000000000e+00,0.000000000000000000e+00,0.000000000000000000e+00,0.000000000000000000e+00,0.000000000000000000e+00,0.000000000000000000e+00,0.000000000000000000e+00,0.000000000000000000e+00,0.000000000000000000e+00,0.000000000000000000e+00
Thrusto,0.000000000000000000e+00,0.000000000000000000e+00,0.000000000000000000e+00,0.000000000000000000e+00,0.000000000000000000e+00,0.000000000000000000e+00,0.000000000000000000e+00,0.000000000000000000e+00,0.000000000000000000e+00,0.000000000000000000e+00,0.000000000000000000e+00,0.000000000000000000e+00,0.000000000000000000e+00,0.000000000000000000e+00,0.000000000000000000e+00,0.000000000000000000e+00,0.000000000000000000e+00,0.000000000000000000e+00,0.000000000000000000e+00,0.000000000000000000e+00,0.000000000000000000e+00,0.000000000000000000e+00,0.000000000000000000e+00,0.000000000000000000e+00,0.000000000000000000e+00,0.000000000000000000e+00,0.000000000000000000e+00,0.000000000000000000e+00,0.000000000000000000e+00,0.000000000000000000e+00,0.000000000000000000e+00,0.000000000000000000e+00,0.000000000000000000e+00,0.000000000000000000e+00,0.000000000000000000e+00,0.000000000000000000e+00,0.000000000000000000e+00,0.000000000000000000e+00,0.000000000000000000e+00,0.000000000000000000e+00,0.000000000000000000e+00,0.000000000000000000e+00,0.000000000000000000e+00,0.000000000000000000e+00,0.000000000000000000e+00,0.000000000000000000e+00,0.000000000000000000e+00,0.000000000000000000e+00,0.000000000000000000e+00,0.000000000000000000e+00,0.000000000000000000e+00,0.000000000000000000e+00,0.000000000000000000e+00,0.000000000000000000e+00,0.000000000000000000e+00,0.000000000000000000e+00,0.000000000000000000e+00,0.000000000000000000e+00,0.000000000000000000e+00,0.000000000000000000e+00,0.000000000000000000e+00,0.000000000000000000e+00,0.000000000000000000e+00,0.000000000000000000e+00,0.000000000000000000e+00,0.000000000000000000e+00,0.000000000000000000e+00,0.000000000000000000e+00,0.000000000000000000e+00,0.000000000000000000e+00,0.000000000000000000e+00,0.000000000000000000e+00,0.000000000000000000e+00,0.000000000000000000e+00,0.000000000000000000e+00,0.000000000000000000e+00,0.000000000000000000e+00,0.000000000000000000e+00,0.000000000000000000e+00,0.000000000000000000e+00,0.000000000000000000e+00,0.000000000000000000e+00,0.000000000000000000e+00,0.000000000000000000e+00,0.000000000000000000e+00,0.000000000000000000e+00,0.000000000000000000e+00,0.000000000000000000e+00,0.000000000000000000e+00,0.000000000000000000e+00,0.000000000000000000e+00,0.000000000000000000e+00,0.000000000000000000e+00,0.000000000000000000e+00,0.000000000000000000e+00,0.000000000000000000e+00,0.000000000000000000e+00,0.000000000000000000e+00,0.000000000000000000e+00,0.000000000000000000e+00,0.000000000000000000e+00,0.000000000000000000e+00,0.000000000000000000e+00,0.000000000000000000e+00,0.000000000000000000e+00,0.000000000000000000e+00,0.000000000000000000e+00,0.000000000000000000e+00,0.000000000000000000e+00,0.000000000000000000e+00,0.000000000000000000e+00,0.000000000000000000e+00,0.000000000000000000e+00,0.000000000000000000e+00,0.000000000000000000e+00,0.000000000000000000e+00,0.000000000000000000e+00,0.000000000000000000e+00,0.000000000000000000e+00,0.000000000000000000e+00,0.000000000000000000e+00,0.000000000000000000e+00,0.000000000000000000e+00,0.000000000000000000e+00,0.000000000000000000e+00,0.000000000000000000e+00,0.000000000000000000e+00,0.000000000000000000e+00
TrailVort,1,2,3,4,5,6,7,8,9,10,11,12,13,14,15,16,17,18,19,20,21,22,23,24,25,26,27,28,29,30,31,32,33,34,35,36,37,38,39,40,41,42,43,44,45,46,47,48,49,50,51,52,53,54,55,56,57,58,59,60,61,62,63,64,1,2,3,4,5,6,7,8,9,10,11,12,13,14,15,16,17,18,19,20,21,22,23,24,25,26,27,28,29,30,31,32,33,34,35,36,37,38,39,40,41,42,43,44,45,46,47,48,49,50,51,52,53,54,55,56,57,58,59,60,61,62,63,64
Unsteady,0
V/Vref,1.000000000000000000e+00,1.000000000000000000e+00,1.000000000000000000e+00,1.000000000000000000e+00,1.000000000000000000e+00,1.000000000000000000e+00,1.000000000000000000e+00,1.000000000000000000e+00,1.000000000000000000e+00,1.000000000000000000e+00,1.000000000000000000e+00,1.000000000000000000e+00,1.000000000000000000e+00,1.000000000000000000e+00,1.000000000000000000e+00,1.000000000000000000e+00,1.000000000000000000e+00,1.000000000000000000e+00,1.000000000000000000e+00,1.000000000000000000e+00,1.000000000000000000e+00,1.000000000000000000e+00,1.000000000000000000e+00,1.000000000000000000e+00,1.000000000000000000e+00,1.000000000000000000e+00,1.000000000000000000e+00,1.000000000000000000e+00,1.000000000000000000e+00,1.000000000000000000e+00,1.000000000000000000e+00,1.000000000000000000e+00,1.000000000000000000e+00,1.000000000000000000e+00,1.000000000000000000e+00,1.000000000000000000e+00,1.000000000000000000e+00,1.000000000000000000e+00,1.000000000000000000e+00,1.000000000000000000e+00,1.000000000000000000e+00,1.000000000000000000e+00,1.000000000000000000e+00,1.000000000000000000e+00,1.000000000000000000e+00,1.000000000000000000e+00,1.000000000000000000e+00,1.000000000000000000e+00,1.000000000000000000e+00,1.000000000000000000e+00,1.000000000000000000e+00,1.000000000000000000e+00,1.000000000000000000e+00,1.000000000000000000e+00,1.000000000000000000e+00,1.000000000000000000e+00,1.000000000000000000e+00,1.000000000000000000e+00,1.000000000000000000e+00,1.000000000000000000e+00,1.000000000000000000e+00,1.000000000000000000e+00,1.000000000000000000e+00,1.000000000000000000e+00,1.000000000000000000e+00,1.000000000000000000e+00,1.000000000000000000e+00,1.000000000000000000e+00,1.000000000000000000e+00,1.000000000000000000e+00,1.000000000000000000e+00,1.000000000000000000e+00,1.000000000000000000e+00,1.000000000000000000e+00,1.000000000000000000e+00,1.000000000000000000e+00,1.000000000000000000e+00,1.000000000000000000e+00,1.000000000000000000e+00,1.000000000000000000e+00,1.000000000000000000e+00,1.000000000000000000e+00,1.000000000000000000e+00,1.000000000000000000e+00,1.000000000000000000e+00,1.000000000000000000e+00,1.000000000000000000e+00,1.000000000000000000e+00,1.000000000000000000e+00,1.000000000000000000e+00,1.000000000000000000e+00,1.000000000000000000e+00,1.000000000000000000e+00,1.000000000000000000e+00,1.000000000000000000e+00,1.000000000000000000e+00,1.000000000000000000e+00,1.000000000000000000e+00,1.000000000000000000e+00,1.000000000000000000e+00,1.000000000000000000e+00,1.000000000000000000e+00,1.000000000000000000e+00,1.000000000000000000e+00,1.000000000000000000e+00,1.000000000000000000e+00,1.000000000000000000e+00,1.000000000000000000e+00,1.000000000000000000e+00,1.000000000000000000e+00,1.000000000000000000e+00,1.000000000000000000e+00,1.000000000000000000e+00,1.000000000000000000e+00,1.000000000000000000e+00,1.000000000000000000e+00,1.000000000000000000e+00,1.000000000000000000e+00,1.000000000000000000e+00,1.000000000000000000e+00,1.000000000000000000e+00,1.000000000000000000e+00,1.000000000000000000e+00,1.000000000000000000e+00,1.000000000000000000e+00,1.000000000000000000e+00,1.000000000000000000e+00,1.000000000000000000e+00
VortexSheet,1,1,1,1,1,1,1,1,1,1,1,1,1,1,1,1,1,1,1,1,1,1,1,1,1,1,1,1,1,1,1,1,1,1,1,1,1,1,1,1,1,1,1,1,1,1,1,1,1,1,1,1,1,1,1,1,1,1,1,1,1,1,1,1,2,2,2,2,2,2,2,2,2,2,2,2,2,2,2,2,2,2,2,2,2,2,2,2,2,2,2,2,2,2,2,2,2,2,2,2,2,2,2,2,2,2,2,2,2,2,2,2,2,2,2,2,2,2,2,2,2,2,2,2,2,2,2,2
Xavg,5.239379999999999704e+00,5.232429999999999914e+00,5.222150000000000070e+00,5.211859999999999715e+00,5.199989999999999668e+00,5.186519999999999797e+00,5.173060000000000436e+00,5.159589999999999677e+00,5.146130000000000315e+00,5.132659999999999556e+00,5.119200000000000195e+00,5.105730000000000324e+00,5.092270000000000074e+00,5.078800000000000203e+00,5.065339999999999954e+00,5.051870000000000083e+00,5.038409999999999833e+00,5.024939999999999962e+00,5.011479999999999713e+00,4.998009999999999842e+00,4.984549999999999592e+00,4.971079999999999721e+00,4.957620000000000360e+00,4.944149999999999601e+00,4.930690000000000239e+00,4.917220000000000368e+00,4.903760000000000119e+00,4.890290000000000248e+00,4.876829999999999998e+00,4.863360000000000127e+00,4.849899999999999878e+00,4.836430000000000007e+00,4.822969999999999757e+00,4.809499999999999886e+00,4.796039999999999637e+00,4.782569999999999766e+00,4.769110000000000404e+00,4.755639999999999645e+00,4.742180000000000284e+00,4.728710000000000413e+00,4.721169999999999867e+00,4.719549999999999912e+00,4.717929999999999957e+00,4.716319999999999624e+00,4.714699999999999669e+00,4.713079999999999714e+00,4.706199999999999939e+00,4.694069999999999965e+00,4.681930000000000369e+00,4.669789999999999885e+00,4.657659999999999911e+00,4.645520000000000316e+00,4.633379999999999832e+00,4.621249999999999858e+00,4.609110000000000262e+00,4.596969999999999779e+00,4.584830000000000183e+00,4.572700000000000209e+00,4.560559999999999725e+00,4.548420000000000130e+00,4.536290000000000155e+00,4.524149999999999672e+00,4.512010000000000076e+00,4.499880000000000102e+00,5.239379999999999704e+00,5.232429999999999914e+00,5.222150000000000070e+00,5.211859999999999715e+00,5.199989999999999668e+00,5.186519999999999797e+00,5.173060000000000436e+00,5.159589999999999677e+00,5.146130000000000315e+00,5.132659999999999556e+00,5.119200000000000195e+00,5.105730000000000324e+00,5.092270000000000074e+00,5.078800000000000203e+00,5.065339999999999954e+00,5.051870000000000083e+00,5.038409999999999833e+00,5.024939999999999962e+00,5.011479999999999713e+00,4.998009999999999842e+00,4.984549999999999592e+00,4.971079999999999721e+00,4.957620000000000360e+00,4.944149999999999601e+00,4.930690000000000239e+00,4.917220000000000368e+00,4.903760000000000119e+00,4.890290000000000248e+00,4.876829999999999998e+00,4.863360000000000127e+00,4.849899999999999878e+00,4.836430000000000007e+00,4.822969999999999757e+00,4.809499999999999886e+00,4.796039999999999637e+00,4.782569999999999766e+00,4.769110000000000404e+00,4.755639999999999645e+00,4.742180000000000284e+00,4.728710000000000413e+00,4.721169999999999867e+00,4.719549999999999912e+00,4.717929999999999957e+00,4.716319999999999624e+00,4.714699999999999669e+00,4.713079999999999714e+00,4.706199999999999939e+00,4.694069999999999965e+00,4.681930000000000369e+00,4.669789999999999885e+00,4.657659999999999911e+00,4.645520000000000316e+00,4.633379999999999832e+00,4.621249999999999858e+00,4.609110000000000262e+00,4.596969999999999779e+00,4.584830000000000183e+00,4.572700000000000209e+00,4.560559999999999725e+00,4.548420000000000130e+00,4.536290000000000155e+00,4.524149999999999672e+00,4.512010000000000076e+00,4.499880000000000102e+00
Yavg,-5.136199999999999655e-01,-5.855200000000000404e-01,-6.919699999999999740e-01,-7.984299999999999731e-01,-9.210399999999999698e-01,-1.059800000000000075e+00,-1.198569999999999913e+00,-1.337329999999999908e+00,-1.476089999999999902e+00,-1.614849999999999897e+00,-1.753609999999999891e+00,-1.892379999999999951e+00,-2.031140000000000168e+00,-2.169900000000000162e+00,-2.308660000000000156e+00,-2.447420000000000151e+00,-2.586190000000000211e+00,-2.724950000000000205e+00,-2.863710000000000200e+00,-3.002470000000000194e+00,-3.141239999999999810e+00,-3.279999999999999805e+00,-3.418759999999999799e+00,-3.557519999999999794e+00,-3.696279999999999788e+00,-3.835049999999999848e+00,-3.973809999999999842e+00,-4.112569999999999837e+00,-4.251330000000000275e+00,-4.390089999999999826e+00,-4.528859999999999886e+00,-4.667620000000000324e+00,-4.806379999999999875e+00,-4.945140000000000313e+00,-5.083899999999999864e+00,-5.222669999999999924e+00,-5.361430000000000362e+00,-5.500189999999999912e+00,-5.638950000000000351e+00,-5.777709999999999901e+00,-5.855419999999999625e+00,-5.872069999999999901e+00,-5.888729999999999798e+00,-5.905380000000000074e+00,-5.922030000000000349e+00,-5.938690000000000246e+00,-6.009459999999999802e+00,-6.134360000000000035e+00,-6.259260000000000268e+00,-6.384159999999999613e+00,-6.509059999999999846e+00,-6.633960000000000079e+00,-6.758860000000000312e+00,-6.883759999999999657e+00,-7.008659999999999890e+00,-7.133549999999999613e+00,-7.258449999999999847e+00,-7.383350000000000080e+00,-7.508250000000000313e+00,-7.633149999999999658e+00,-7.758049999999999891e+00,-7.882950000000000124e+00,-8.007849999999999469e+00,-8.132749999999999702e+00,5.136199999999999655e-01,5.855200000000000404e-01,6.919699999999999740e-01,7.984299999999999731e-01,9.210399999999999698e-01,1.059800000000000075e+00,1.198569999999999913e+00,1.337329999999999908e+00,1.476089999999999902e+00,1.614849999999999897e+00,1.753609999999999891e+00,1.892379999999999951e+00,2.031140000000000168e+00,2.169900000000000162e+00,2.308660000000000156e+00,2.447420000000000151e+00,2.586190000000000211e+00,2.724950000000000205e+00,2.863710000000000200e+00,3.002470000000000194e+00,3.141239999999999810e+00,3.279999999999999805e+00,3.418759999999999799e+00,3.557519999999999794e+00,3.696279999999999788e+00,3.835049999999999848e+00,3.973809999999999842e+00,4.112569999999999837e+00,4.251330000000000275e+00,4.390089999999999826e+00,4.528859999999999886e+00,4.667620000000000324e+00,4.806379999999999875e+00,4.945140000000000313e+00,5.083899999999999864e+00,5.222669999999999924e+00,5.361430000000000362e+00,5.500189999999999912e+00,5.638950000000000351e+00,5.777709999999999901e+00,5.855419999999999625e+00,5.872069999999999901e+00,5.888729999999999798e+00,5.905380000000000074e+00,5.922030000000000349e+00,5.938690000000000246e+00,6.009459999999999802e+00,6.134360000000000035e+00,6.259260000000000268e+00,6.384159999999999613e+00,6.509059999999999846e+00,6.633960000000000079e+00,6.758860000000000312e+00,6.883759999999999657e+00,7.008659999999999890e+00,7.133549999999999613e+00,7.258449999999999847e+00,7.383350000000000080e+00,7.508250000000000313e+00,7.633149999999999658e+00,7.758049999999999891e+00,7.882950000000000124e+00,8.007849999999999469e+00,8.132749999999999702e+00
Zavg,8.317200000000000149e-01,8.350300000000000500e-01,8.399299999999999544e-01,8.448200000000000154e-01,8.502999999999999448e-01,8.563499999999999446e-01,8.624100000000000099e-01,8.684600000000000097e-01,8.745199999999999640e-01,8.805800000000000294e-01,8.866300000000000292e-01,8.926899999999999835e-01,8.987399999999999833e-01,9.048000000000000487e-01,9.108600000000000030e-01,9.169100000000000028e-01,9.229699999999999571e-01,9.290199999999999569e-01,9.350800000000000223e-01,9.411399999999999766e-01,9.471899999999999764e-01,9.532500000000000417e-01,9.593000000000000416e-01,9.653599999999999959e-01,9.714199999999999502e-01,9.774699999999999500e-01,9.835300000000000153e-01,9.895800000000000152e-01,9.956399999999999695e-01,1.001700000000000035e+00,1.007749999999999924e+00,1.013810000000000100e+00,1.019859999999999989e+00,1.025919999999999943e+00,1.031979999999999897e+00,1.038030000000000008e+00,1.044089999999999963e+00,1.050140000000000073e+00,1.056200000000000028e+00,1.062259999999999982e+00,1.065630000000000077e+00,1.066319999999999935e+00,1.067010000000000014e+00,1.067700000000000093e+00,1.068400000000000016e+00,1.069090000000000096e+00,1.071970000000000089e+00,1.077029999999999932e+00,1.082100000000000062e+00,1.087159999999999904e+00,1.092230000000000034e+00,1.097290000000000099e+00,1.102360000000000007e+00,1.107429999999999914e+00,1.112489999999999979e+00,1.117560000000000109e+00,1.122619999999999951e+00,1.127690000000000081e+00,1.132749999999999924e+00,1.137820000000000054e+00,1.142889999999999961e+00,1.147950000000000026e+00,1.153019999999999934e+00,1.158079999999999998e+00,8.317200000000000149e-01,8.350300000000000500e-01,8.399299999999999544e-01,8.448200000000000154e-01,8.502999999999999448e-01,8.563499999999999446e-01,8.624100000000000099e-01,8.684600000000000097e-01,8.745199999999999640e-01,8.805800000000000294e-01,8.866300000000000292e-01,8.926899999999999835e-01,8.987399999999999833e-01,9.048000000000000487e-01,9.108600000000000030e-01,9.169100000000000028e-01,9.229699999999999571e-01,9.290199999999999569e-01,9.350800000000000223e-01,9.411399999999999766e-01,9.471899999999999764e-01,9.532500000000000417e-01,9.593000000000000416e-01,9.653599999999999959e-01,9.714199999999999502e-01,9.774699999999999500e-01,9.835300000000000153e-01,9.895800000000000152e-01,9.956399999999999695e-01,1.001700000000000035e+00,1.007749999999999924e+00,1.013810000000000100e+00,1.019859999999999989e+00,1.025919999999999943e+00,1.031979999999999897e+00,1.038030000000000008e+00,1.044089999999999963e+00,1.050140000000000073e+00,1.056200000000000028e+00,1.062259999999999982e+00,1.065630000000000077e+00,1.066319999999999935e+00,1.067010000000000014e+00,1.067700000000000093e+00,1.068400000000000016e+00,1.069090000000000096e+00,1.071970000000000089e+00,1.077029999999999932e+00,1.082100000000000062e+00,1.087159999999999904e+00,1.092230000000000034e+00,1.097290000000000099e+00,1.102360000000000007e+00,1.107429999999999914e+00,1.112489999999999979e+00,1.117560000000000109e+00,1.122619999999999951e+00,1.127690000000000081e+00,1.132749999999999924e+00,1.137820000000000054e+00,1.142889999999999961e+00,1.147950000000000026e+00,1.153019999999999934e+00,1.158079999999999998e+00
cd,-2.455718999999999852e+01,-1.902800000000000047e-01,-8.271000000000000574e-02,2.197999999999999954e-02,4.034999999999999698e-02,4.150999999999999829e-02,4.308000000000000024e-02,4.225999999999999895e-02,4.123000000000000276e-02,3.964000000000000162e-02,3.839000000000000051e-02,3.762000000000000066e-02,3.701999999999999735e-02,3.622000000000000219e-02,3.674000000000000182e-02,3.599999999999999728e-02,3.604000000000000259e-02,3.558999999999999664e-02,3.576000000000000012e-02,3.531000000000000111e-02,3.416999999999999899e-02,3.355999999999999955e-02,3.368999999999999773e-02,3.314000000000000279e-02,3.284999999999999726e-02,3.259999999999999704e-02,3.266999999999999765e-02,3.225999999999999701e-02,3.141999999999999654e-02,3.062000000000000138e-02,3.014000000000000012e-02,2.965999999999999887e-02,2.965999999999999887e-02,2.932999999999999843e-02,2.990999999999999909e-02,2.946000000000000008e-02,2.911000000000000046e-02,2.932999999999999843e-02,3.065000000000000016e-02,3.178999999999999881e-02,3.076999999999999874e-02,3.068999999999999853e-02,3.013000000000000053e-02,3.037000000000000116e-02,3.441999999999999921e-02,3.307999999999999829e-02,3.056000000000000036e-02,2.894000000000000045e-02,2.927000000000000088e-02,2.917000000000000148e-02,2.910000000000000087e-02,2.904999999999999943e-02,2.902000000000000066e-02,2.889999999999999861e-02,2.861999999999999961e-02,2.853999999999999940e-02,2.806000000000000161e-02,2.747000000000000136e-02,2.697000000000000092e-02,2.653000000000000150e-02,2.580000000000000002e-02,2.510000000000000078e-02,2.467000000000000096e-02,3.663999999999999896e-02,-1.941910999999999987e+01,-2.898800000000000265e-01,-8.830999999999999961e-02,2.519000000000000059e-02,3.921999999999999792e-02,4.209999999999999853e-02,4.401000000000000051e-02,4.379999999999999866e-02,4.465999999999999831e-02,4.291999999999999982e-02,3.998000000000000165e-02,3.867000000000000298e-02,3.776000000000000190e-02,3.658000000000000140e-02,3.672999999999999876e-02,3.604999999999999871e-02,3.656000000000000222e-02,3.629000000000000281e-02,3.579999999999999849e-02,3.531999999999999723e-02,3.466000000000000331e-02,3.420999999999999736e-02,3.434000000000000247e-02,3.363000000000000017e-02,3.334999999999999770e-02,3.309999999999999748e-02,3.330000000000000321e-02,3.332999999999999852e-02,3.314999999999999891e-02,3.277999999999999664e-02,3.219000000000000333e-02,3.198000000000000148e-02,3.185999999999999943e-02,3.104000000000000162e-02,3.101999999999999896e-02,3.038000000000000075e-02,3.028000000000000136e-02,3.050999999999999893e-02,3.164999999999999758e-02,3.269999999999999990e-02,3.164000000000000146e-02,3.160000000000000309e-02,3.110999999999999877e-02,3.144999999999999879e-02,3.545000000000000234e-02,3.502000000000000252e-02,3.189000000000000168e-02,3.048999999999999974e-02,3.130000000000000143e-02,3.096000000000000141e-02,3.024999999999999911e-02,3.012000000000000094e-02,2.983999999999999847e-02,2.954999999999999988e-02,2.928000000000000047e-02,2.912999999999999964e-02,2.846999999999999878e-02,2.775999999999999995e-02,2.710999999999999868e-02,2.666999999999999926e-02,2.581999999999999920e-02,2.509000000000000119e-02,2.460999999999999993e-02,3.658999999999999753e-02
cd*c/cref,-4.032810202551833645e-01,-2.311148365762892565e-01,-9.985484641148327511e-02,2.637541573631047367e-02,4.807827990430622173e-02,4.906323110047845770e-02,5.050666220095693937e-02,4.914089856459329803e-02,4.754864545454546426e-02,4.533564210526315474e-02,4.353866842105263285e-02,4.230540000000000689e-02,4.127661116427431415e-02,4.003802317916001913e-02,4.026125847953216513e-02,3.910602870813396914e-02,3.880459946836788826e-02,3.797969537480062885e-02,3.781890909090909053e-02,3.700529298245613941e-02,3.548375566188197161e-02,3.452915427963848538e-02,3.434069521531100261e-02,3.346311940457203510e-02,3.285611244019139010e-02,3.229427751196171925e-02,3.205116315789473258e-02,3.134056427432217046e-02,3.022400212652843685e-02,2.916160244550770886e-02,2.841636374269005880e-02,2.768014375332269669e-02,2.739663136629452364e-02,2.681129989367357636e-02,2.705559059011164100e-02,2.636693492822966486e-02,2.577542706007442813e-02,2.568986788942051805e-02,2.655306778309409962e-02,2.723681345029239920e-02,2.619817671451355606e-02,2.609498421052631328e-02,2.558423035619351513e-02,2.575314646464646820e-02,2.914793928761296934e-02,2.797519851143008898e-02,2.569493248272195635e-02,2.408374183944710437e-02,2.410628027644870150e-02,2.377285215311004951e-02,2.346533652312599721e-02,2.317482668793195352e-02,2.290111525784157762e-02,2.255767145135566254e-02,2.209278373205741594e-02,2.178522987772461492e-02,2.117731908559277246e-02,2.049559920255183271e-02,1.989041084529505690e-02,1.933756326422116090e-02,1.858340669856459182e-02,1.786316693248272275e-02,1.734480680489101576e-02,2.544541839447102619e-02,-3.189028750132907875e-01,-3.520893884104200899e-01,-1.066156629984051224e-01,3.022733040935672577e-02,4.673184976076555364e-02,4.976058851674640404e-02,5.159698708133971662e-02,5.093164593301435089e-02,5.150430526315789848e-02,4.908692631578946697e-02,4.534191100478469211e-02,4.348617272727273858e-02,4.210169739500265601e-02,4.043597150451887223e-02,4.025030005316321269e-02,3.916034263689526645e-02,3.936448825093035592e-02,3.872669696969696651e-02,3.786121212121212193e-02,3.701577309941520011e-02,3.599259500265816064e-02,3.519792514619882184e-02,3.500324944178628828e-02,3.395789696969696986e-02,3.335620547581073791e-02,3.278958851674641101e-02,3.266922966507177645e-02,3.238006842105263516e-02,3.188814992025518213e-02,3.121872397660818352e-02,3.034912902711324120e-02,2.984527974481658574e-02,2.942874832535885207e-02,2.837445443912812656e-02,2.805965964912280480e-02,2.719034226475279190e-02,2.681140265816055190e-02,2.672341866028708074e-02,2.741939952153110011e-02,2.801647687400319123e-02,2.693891164274322264e-02,2.686873577884104497e-02,2.641637591706538779e-02,2.666896464646464904e-02,3.002017570441254876e-02,2.961582381711855630e-02,2.681320015948963562e-02,2.537364508240297703e-02,2.577815417331207060e-02,2.523165933014354101e-02,2.439266081871345124e-02,2.402842615629984316e-02,2.354821775651249477e-02,2.306502392344497721e-02,2.260226092503987358e-02,2.223559027113237649e-02,2.148675247208931341e-02,2.071197065390749381e-02,1.999366103136629436e-02,1.943960845295055959e-02,1.859781244019138510e-02,1.785605013290802665e-02,1.730262243487506665e-02,2.541069484316852561e-02
cdi,-3.018406999999999840e+01,-1.971499999999999919e-01,-9.024999999999999689e-02,1.328000000000000014e-02,3.132000000000000062e-02,3.235999999999999988e-02,3.386000000000000121e-02,3.300000000000000155e-02,3.193000000000000005e-02,3.031999999999999973e-02,2.903999999999999984e-02,2.826000000000000040e-02,2.762999999999999831e-02,2.682000000000000009e-02,2.732000000000000053e-02,2.656999999999999987e-02,2.659999999999999865e-02,2.614000000000000004e-02,2.631000000000000005e-02,2.586000000000000104e-02,2.471999999999999892e-02,2.411999999999999908e-02,2.426000000000000031e-02,2.373000000000000109e-02,2.343999999999999903e-02,2.321000000000000146e-02,2.329000000000000167e-02,2.290000000000000022e-02,2.207999999999999893e-02,2.128999999999999990e-02,2.084000000000000088e-02,2.040000000000000147e-02,2.042000000000000065e-02,2.011999999999999900e-02,2.074000000000000149e-02,2.033000000000000085e-02,2.001999999999999960e-02,2.028999999999999901e-02,2.165999999999999870e-02,2.284999999999999878e-02,2.183999999999999830e-02,2.178000000000000075e-02,2.123999999999999846e-02,2.149999999999999828e-02,2.556999999999999898e-02,2.425000000000000072e-02,2.174999999999999850e-02,2.018999999999999961e-02,2.059000000000000066e-02,2.055999999999999842e-02,2.055999999999999842e-02,2.060000000000000026e-02,2.066000000000000128e-02,2.063999999999999863e-02,2.049000000000000127e-02,2.053999999999999923e-02,2.020999999999999880e-02,1.977999999999999897e-02,1.947000000000000119e-02,1.924000000000000016e-02,1.875999999999999890e-02,1.835000000000000173e-02,1.823999999999999927e-02,3.058999999999999914e-02,-2.393451999999999913e+01,-2.965300000000000158e-01,-9.557999999999999829e-02,1.667000000000000079e-02,3.030000000000000054e-02,3.303999999999999992e-02,3.486000000000000210e-02,3.459999999999999881e-02,3.540000000000000091e-02,3.366000000000000242e-02,3.071000000000000119e-02,2.938999999999999946e-02,2.847999999999999837e-02,2.728999999999999829e-02,2.743999999999999911e-02,2.674999999999999947e-02,2.724000000000000032e-02,2.697000000000000092e-02,2.648000000000000007e-02,2.600999999999999840e-02,2.535000000000000100e-02,2.489999999999999852e-02,2.503000000000000017e-02,2.433000000000000093e-02,2.406000000000000152e-02,2.381000000000000130e-02,2.402999999999999928e-02,2.408000000000000071e-02,2.391000000000000070e-02,2.356000000000000108e-02,2.299000000000000002e-02,2.280000000000000082e-02,2.270000000000000143e-02,2.189999999999999933e-02,2.193000000000000158e-02,2.131999999999999867e-02,2.126000000000000112e-02,2.154000000000000012e-02,2.273000000000000020e-02,2.382000000000000089e-02,2.276999999999999857e-02,2.274999999999999939e-02,2.227000000000000160e-02,2.264000000000000040e-02,2.665999999999999967e-02,2.624999999999999903e-02,2.313000000000000125e-02,2.178000000000000075e-02,2.264999999999999999e-02,2.237000000000000099e-02,2.173999999999999891e-02,2.170000000000000054e-02,2.151000000000000134e-02,2.132999999999999827e-02,2.117000000000000132e-02,2.114999999999999866e-02,2.063999999999999863e-02,2.009999999999999981e-02,1.961999999999999855e-02,1.940000000000000058e-02,1.879000000000000115e-02,1.833999999999999866e-02,1.818000000000000171e-02,3.054000000000000117e-02
cdi*c/cref,-4.956862957469430619e-01,-2.394591656034024685e-01,-1.089578030303030437e-01,1.593564699627857476e-02,3.731875406698564879e-02,3.824828133971291261e-02,3.969720478468899416e-02,3.837315789473684513e-02,3.682338708133971877e-02,3.467650526315788767e-02,3.293469473684210863e-02,3.177965454545455398e-02,3.080693588516746073e-02,2.964715023923444534e-02,2.993842083997873618e-02,2.886242174375332203e-02,2.864046464646464313e-02,2.789517384370015715e-02,2.782481818181818320e-02,2.710158245614035025e-02,2.567042551834130409e-02,2.481654354066985257e-02,2.472856236044657097e-02,2.396137065390749679e-02,2.344436150983519526e-02,2.299233684210526263e-02,2.284883960659224098e-02,2.224733173843700465e-02,2.123952791068580218e-02,2.027598027644869627e-02,1.964820903774587915e-02,1.903826475279106825e-02,1.886174013822435047e-02,1.839220435938330664e-02,1.876071376927166551e-02,1.819551212121212069e-02,1.772669356725145931e-02,1.777181791600212363e-02,1.876474545454545270e-02,1.957726289207868328e-02,1.859500095693779678e-02,1.851902105263157974e-02,1.803548133971291656e-02,1.823156565656565767e-02,2.165348075491759644e-02,2.050781632110579289e-02,1.828746012759170647e-02,1.680202998405103815e-02,1.695757809675704428e-02,1.675590813397128884e-02,1.657894566719829779e-02,1.643378415736310508e-02,1.630382636895268827e-02,1.611039234449760868e-02,1.581695103668261798e-02,1.567864827219564092e-02,1.525280180754917496e-02,1.475802519936204003e-02,1.435915087719298253e-02,1.402392450824029892e-02,1.351258564593301251e-02,1.305932721956406216e-02,1.282404848484848536e-02,2.124386868686868601e-02,-3.930554613503455252e-01,-3.601665045720361946e-01,-1.153926516746411612e-01,2.000355688463583206e-02,3.610339234449760903e-02,3.905201531100477991e-02,4.086959712918660642e-02,4.023367464114831898e-02,4.082517703349283072e-02,3.849641052631578436e-02,3.482866650717703766e-02,3.305039090909091259e-02,3.175467006911217305e-02,3.016669388623072212e-02,3.006992195640616553e-02,2.905795188729399028e-02,2.932955853269537255e-02,2.878090430622009394e-02,2.800460606060606317e-02,2.725878421052631284e-02,2.632464752791068355e-02,2.561906858054225841e-02,2.551343429027113502e-02,2.456722073365231324e-02,2.406447687400319405e-02,2.358671004784688996e-02,2.357482248803827868e-02,2.339370079744816644e-02,2.299986921850079649e-02,2.243786262626262448e-02,2.167525555555555386e-02,2.127806060606060590e-02,2.096775225943647153e-02,2.001934768740032053e-02,1.983714816586922003e-02,1.908157001594896346e-02,1.882465061137692658e-02,1.886668102073365064e-02,1.969172041467304526e-02,2.040833269537480413e-02,1.938682105263157818e-02,1.934378920786815337e-02,1.891008330675172933e-02,1.919826262626262922e-02,2.257652706007442708e-02,2.219918261562998235e-02,1.944776794258373104e-02,1.812522105263158004e-02,1.865415948963317430e-02,1.823101483253588423e-02,1.753046103136629563e-02,1.731131632110579494e-02,1.697460334928229883e-02,1.664896650717703416e-02,1.634186693248272301e-02,1.614427511961722198e-02,1.557732950558213605e-02,1.499677990430621846e-02,1.446977607655502290e-02,1.414054758107389717e-02,1.353419425837320590e-02,1.305221041998936606e-02,1.278186411483253800e-02,2.120914513556618891e-02
cdo,5.626879999999999882e+00,6.859999999999999779e-03,7.539999999999999827e-03,8.699999999999999400e-03,9.029999999999999832e-03,9.150000000000000147e-03,9.220000000000000764e-03,9.259999999999999135e-03,9.299999999999999239e-03,9.320000000000000159e-03,9.339999999999999344e-03,9.369999999999999857e-03,9.390000000000000777e-03,9.400000000000000369e-03,9.419999999999999554e-03,9.429999999999999147e-03,9.440000000000000474e-03,9.450000000000000067e-03,9.450000000000000067e-03,9.450000000000000067e-03,9.440000000000000474e-03,9.429999999999999147e-03,9.419999999999999554e-03,9.409999999999999962e-03,9.409999999999999962e-03,9.400000000000000369e-03,9.379999999999999449e-03,9.360000000000000264e-03,9.339999999999999344e-03,9.320000000000000159e-03,9.299999999999999239e-03,9.270000000000000462e-03,9.239999999999999949e-03,9.209999999999999437e-03,9.169999999999999332e-03,9.129999999999999227e-03,9.090000000000000857e-03,9.039999999999999425e-03,8.989999999999999727e-03,8.940000000000000030e-03,8.930000000000000437e-03,8.909999999999999518e-03,8.890000000000000333e-03,8.869999999999999413e-03,8.850000000000000228e-03,8.829999999999999308e-03,8.810000000000000123e-03,8.750000000000000833e-03,8.680000000000000215e-03,8.619999999999999191e-03,8.540000000000000716e-03,8.449999999999999178e-03,8.359999999999999376e-03,8.250000000000000389e-03,8.139999999999999666e-03,8.000000000000000167e-03,7.860000000000000667e-03,7.689999999999999787e-03,7.499999999999999722e-03,7.280000000000000013e-03,7.040000000000000251e-03,6.749999999999999924e-03,6.440000000000000412e-03,6.049999999999999822e-03,4.515410000000000146e+00,6.649999999999999661e-03,7.270000000000000420e-03,8.519999999999999796e-03,8.920000000000000845e-03,9.060000000000000345e-03,9.140000000000000555e-03,9.199999999999999845e-03,9.270000000000000462e-03,9.270000000000000462e-03,9.270000000000000462e-03,9.270000000000000462e-03,9.280000000000000054e-03,9.289999999999999647e-03,9.289999999999999647e-03,9.299999999999999239e-03,9.310000000000000567e-03,9.310000000000000567e-03,9.310000000000000567e-03,9.320000000000000159e-03,9.320000000000000159e-03,9.310000000000000567e-03,9.310000000000000567e-03,9.299999999999999239e-03,9.289999999999999647e-03,9.280000000000000054e-03,9.270000000000000462e-03,9.259999999999999135e-03,9.239999999999999949e-03,9.220000000000000764e-03,9.199999999999999845e-03,9.180000000000000659e-03,9.159999999999999740e-03,9.129999999999999227e-03,9.100000000000000450e-03,9.060000000000000345e-03,9.010000000000000647e-03,8.970000000000000542e-03,8.920000000000000845e-03,8.880000000000000740e-03,8.869999999999999413e-03,8.850000000000000228e-03,8.829999999999999308e-03,8.819999999999999715e-03,8.800000000000000530e-03,8.779999999999999610e-03,8.760000000000000425e-03,8.710000000000000728e-03,8.659999999999999296e-03,8.590000000000000413e-03,8.510000000000000203e-03,8.429999999999999993e-03,8.330000000000000598e-03,8.229999999999999469e-03,8.109999999999999154e-03,7.979999999999999247e-03,7.830000000000000154e-03,7.669999999999999735e-03,7.479999999999999670e-03,7.270000000000000420e-03,7.029999999999999791e-03,6.740000000000000331e-03,6.429999999999999952e-03,6.049999999999999822e-03
cdo*c/cref,9.240527549175969746e-02,8.332182987772461524e-03,9.102956618819777260e-03,1.043976874003189718e-02,1.075952583732057467e-02,1.081494976076554856e-02,1.080945741626794347e-02,1.076774066985645810e-02,1.072525837320574202e-02,1.065913684210526187e-02,1.059263253588516723e-02,1.053699090909091148e-02,1.046967527910685862e-02,1.039087293992557032e-02,1.032283763955342895e-02,1.024360696438064711e-02,1.016413482190324340e-02,1.008452153110047690e-02,9.994090909090909067e-03,9.903710526315789159e-03,9.802945667198298754e-03,9.702321956406164197e-03,9.601939712918660177e-03,9.501748750664540041e-03,9.411750930356194839e-03,9.311846889952153997e-03,9.202323551302498544e-03,9.093232535885167542e-03,8.984474215842634670e-03,8.876098458266878238e-03,8.768154704944177910e-03,8.651211483253588852e-03,8.534891228070174904e-03,8.419095534290271451e-03,8.294876820839977224e-03,8.171422807017542436e-03,8.048733492822967087e-03,7.918049973418394422e-03,7.788322328548644320e-03,7.659550558213716782e-03,7.603175757575757546e-03,7.575963157894736143e-03,7.548749016480595098e-03,7.521580808080807930e-03,7.494458532695374639e-03,7.467382190324294358e-03,7.407472355130249875e-03,7.281711855396067086e-03,7.148702179691653752e-03,7.025093779904305683e-03,6.886390855927698555e-03,6.741042530568845843e-03,6.597288888888889341e-03,6.439473684210527023e-03,6.283552046783625993e-03,6.106581605528973999e-03,5.932064433811803233e-03,5.737574003189791806e-03,5.531259968102072641e-03,5.306349813928761330e-03,5.070821052631578445e-03,4.803839712918659723e-03,4.527789048378522488e-03,4.201549707602339305e-03,7.415258633705475166e-02,8.077116161616161930e-03,8.776988676236045783e-03,1.022377352472089371e-02,1.062845741626794460e-02,1.070857320574162587e-02,1.071566602870813525e-02,1.069797129186602844e-02,1.069066076555024065e-02,1.060195263157894668e-02,1.051324449760765618e-02,1.042453636363636568e-02,1.034702732589048296e-02,1.026927761828814317e-02,1.018037809675704369e-02,1.010239074960127444e-02,1.002416262626262648e-02,9.935121212121211104e-03,9.846030303030304381e-03,9.767469005847953176e-03,9.678331951089845855e-03,9.578856565656565167e-03,9.489815151515153258e-03,9.390676236044656622e-03,9.291728601807550808e-03,9.192972248803827143e-03,9.094407177033494299e-03,8.996082615629983487e-03,8.888280701754385643e-03,8.780861350345560770e-03,8.673873471557682138e-03,8.567219138755981581e-03,8.460996065922380543e-03,8.345965497076023032e-03,8.231557150451887517e-03,8.108772248803828436e-03,7.977897554492291779e-03,7.856737639553430103e-03,7.727679106858054842e-03,7.608144178628390569e-03,7.552090590111641862e-03,7.524946570972886398e-03,7.497801329080275301e-03,7.479181818181818847e-03,7.452116959064327903e-03,7.425098032961189969e-03,7.365432216905901108e-03,7.248424029771398727e-03,7.132230515683147046e-03,7.000644497607655913e-03,6.862199787347156472e-03,6.725087400318979607e-03,6.573614407230197673e-03,6.423862838915469879e-03,6.260393992557150566e-03,6.091315151515151044e-03,5.909422966507177355e-03,5.722651834130780546e-03,5.516509941520467662e-03,5.299060871876661548e-03,5.063618181818180936e-03,4.796722913343966221e-03,4.520758320042530393e-03,4.201549707602339305e-03
cl,-1.911651000000000167e+01,-2.474000000000000088e-01,3.159500000000000086e-01,6.550500000000000211e-01,7.689200000000000479e-01,7.816300000000000470e-01,8.042300000000000004e-01,8.002599999999999714e-01,8.168800000000000505e-01,8.102599999999999802e-01,8.211500000000000465e-01,8.154700000000000282e-01,8.229199999999999848e-01,8.186499999999999888e-01,8.203000000000000291e-01,8.176200000000000134e-01,8.173300000000000010e-01,8.166799999999999615e-01,8.091699999999999449e-01,8.080300000000000260e-01,8.097800000000000553e-01,8.091699999999999449e-01,8.108199999999999852e-01,8.088199999999999834e-01,8.115299999999999736e-01,8.100300000000000278e-01,8.081199999999999495e-01,8.058600000000000207e-01,8.028199999999999781e-01,7.993099999999999650e-01,7.963400000000000478e-01,7.927699999999999747e-01,7.876900000000000013e-01,7.840500000000000247e-01,7.791500000000000092e-01,7.740599999999999703e-01,7.660599999999999632e-01,7.601400000000000379e-01,7.500200000000000200e-01,7.433999999999999497e-01,7.424399999999999888e-01,7.405100000000000016e-01,7.402699999999999836e-01,7.380100000000000549e-01,7.353199999999999736e-01,7.330299999999999594e-01,7.291800000000000503e-01,7.213699999999999557e-01,7.127599999999999492e-01,7.048999999999999710e-01,6.943099999999999827e-01,6.833299999999999930e-01,6.704799999999999649e-01,6.566400000000000015e-01,6.405199999999999783e-01,6.225800000000000223e-01,6.042499999999999538e-01,5.800800000000000400e-01,5.516799999999999482e-01,5.172600000000000531e-01,4.747700000000000253e-01,4.230900000000000216e-01,3.593299999999999828e-01,3.320100000000000273e-01,-1.905608000000000146e+01,-3.659600000000000075e-01,2.288199999999999956e-01,6.242299999999999516e-01,7.557399999999999674e-01,7.714800000000000546e-01,7.953099999999999614e-01,7.927699999999999747e-01,8.113500000000000156e-01,8.024200000000000221e-01,8.117799999999999461e-01,8.038399999999999990e-01,8.094500000000000028e-01,8.041099999999999914e-01,8.053700000000000303e-01,8.028100000000000236e-01,8.018899999999999917e-01,8.000899999999999679e-01,7.930800000000000072e-01,7.923599999999999532e-01,7.941899999999999515e-01,7.942500000000000115e-01,7.946800000000000530e-01,7.931300000000000017e-01,7.938300000000000356e-01,7.918699999999999628e-01,7.905699999999999950e-01,7.885900000000000132e-01,7.876800000000000468e-01,7.849500000000000366e-01,7.836100000000000287e-01,7.819599999999999884e-01,7.777800000000000269e-01,7.733299999999999619e-01,7.660299999999999887e-01,7.609099999999999753e-01,7.548300000000000010e-01,7.493600000000000261e-01,7.414500000000000535e-01,7.353899999999999881e-01,7.349599999999999467e-01,7.335899999999999643e-01,7.338700000000000223e-01,7.319499999999999895e-01,7.288700000000000179e-01,7.263699999999999601e-01,7.229100000000000525e-01,7.165200000000000458e-01,7.096400000000000485e-01,7.011800000000000255e-01,6.898400000000000087e-01,6.792899999999999494e-01,6.670000000000000373e-01,6.532799999999999718e-01,6.374300000000000521e-01,6.194699999999999651e-01,6.008599999999999497e-01,5.766700000000000159e-01,5.484200000000000186e-01,5.145899999999999919e-01,4.731400000000000050e-01,4.214300000000000268e-01,3.576300000000000034e-01,3.309000000000000274e-01
cl*c/cref,-3.139335427432217163e-01,-3.004930132908028018e-01,3.814428572567784004e-01,7.860425877192982469e-01,9.161920937799044040e-01,9.238567411483252778e-01,9.428730952153110412e-01,9.305607071770334304e-01,9.420697913875599738e-01,9.266815684210525372e-01,9.312783947368421522e-01,9.170330818181819943e-01,9.175404878256245844e-01,9.049455459861774909e-01,8.989197150451887497e-01,8.881630886762360566e-01,8.800267281765018490e-01,8.715160893141944420e-01,8.557585757575757457e-01,8.468248906432748191e-01,8.409141252525252908e-01,8.325374186071237137e-01,8.264803352472089859e-01,8.167061024986709272e-01,8.116810023923445305e-01,8.024335464114832339e-01,7.928125488569909285e-01,7.828923473684211709e-01,7.722607698032960544e-01,7.612397273258904029e-01,7.507991739500265993e-01,7.398512327485379236e-01,7.275810034024454698e-01,7.167200709728868135e-01,7.047931597554492056e-01,6.927898727272726598e-01,6.783072364699627155e-01,6.657993923444975870e-01,6.497661304625199641e-01,6.369250430622009906e-01,6.321278622009569581e-01,6.296382130249866815e-01,6.285840758639021919e-01,6.258175707070707805e-01,6.226921184476341686e-01,6.199111174375331323e-01,6.130965598086124402e-01,6.003209692716640067e-01,5.870171619351408632e-01,5.744766363636363282e-01,5.598700275385433134e-01,5.451309576820840830e-01,5.291088820839978668e-01,5.125352727272727282e-01,4.944398964380649075e-01,4.752294469962786150e-01,4.560368872939925544e-01,4.328025913875598318e-01,4.068647332270068917e-01,3.770278165869219156e-01,3.419706976076554716e-01,3.011046732057416353e-01,2.526351612971823313e-01,2.305713253588517198e-01,-3.129411542796384782e-01,-4.444964557150452578e-01,2.762517948963317815e-01,7.490594069643805586e-01,9.004877138755981170e-01,9.118598296650717305e-01,9.324153555023922957e-01,9.218511631578946153e-01,9.356922990430622811e-01,9.177150842105261663e-01,9.206517387559808308e-01,9.039546181818183257e-01,9.025216884635831605e-01,8.888728552897393609e-01,8.825587844763423950e-01,8.720753029771398657e-01,8.634023381711855016e-01,8.538121515151513297e-01,8.387421818181818312e-01,8.304025473684210068e-01,8.247247266347685901e-01,8.171865550239233444e-01,8.100286041467305020e-01,8.008631229133439389e-01,7.939777089314196123e-01,7.844438507177032838e-01,7.755949818713450128e-01,7.661145561403509552e-01,7.576970717703348512e-01,7.475636786283891277e-01,7.387971729399256393e-01,7.297628189261030629e-01,7.184272401913875949e-01,7.069206459861775427e-01,6.929252443912812254e-01,6.810205178628389033e-01,6.683636416267941804e-01,6.563572929292929015e-01,6.423416674641149182e-01,6.300622913875598696e-01,6.257592446570972022e-01,6.237542999999999838e-01,6.231496558745348580e-01,6.206788131313131229e-01,6.172300554492291536e-01,6.142788676767676481e-01,6.078247264752791867e-01,5.962848204146731224e-01,5.844475823498139766e-01,5.714449253588517186e-01,5.562655583200425413e-01,5.419080213716108707e-01,5.263626422115896819e-01,5.099126507177033085e-01,4.920546168527379916e-01,4.728555133971291680e-01,4.534784014885698822e-01,4.302583615629984037e-01,4.044604788942052220e-01,3.750816690590111913e-01,3.407966296650717375e-01,2.999232844763423667e-01,2.514399374800638243e-01,2.298004625199362438e-01
cli,-1.729661000000000115e+01,-2.466599999999999904e-01,3.167499999999999760e-01,6.559700000000000530e-01,7.698700000000000543e-01,7.825999999999999623e-01,8.052000000000000268e-01,8.012299999999999978e-01,8.178400000000000114e-01,8.112300000000000066e-01,8.221100000000000074e-01,8.164299999999999891e-01,8.238799999999999457e-01,8.196099999999999497e-01,8.212500000000000355e-01,8.185700000000000198e-01,8.182800000000000074e-01,8.176200000000000134e-01,8.101000000000000423e-01,8.089600000000000124e-01,8.107100000000000417e-01,8.100800000000000223e-01,8.117299999999999516e-01,8.097199999999999953e-01,8.124299999999999855e-01,8.109199999999999742e-01,8.090000000000000524e-01,8.067400000000000126e-01,8.036900000000000155e-01,8.001700000000000479e-01,7.971899999999999542e-01,7.936100000000000376e-01,7.885199999999999987e-01,7.848699999999999566e-01,7.799599999999999866e-01,7.748599999999999932e-01,7.668500000000000316e-01,7.609200000000000408e-01,7.507800000000000029e-01,7.441600000000000437e-01,7.431900000000000173e-01,7.412600000000000300e-01,7.410200000000000120e-01,7.387500000000000178e-01,7.360700000000000021e-01,7.337700000000000333e-01,7.299200000000000133e-01,7.220999999999999641e-01,7.134800000000000031e-01,7.056099999999999595e-01,6.950100000000000167e-01,6.840199999999999614e-01,6.711599999999999788e-01,6.572999999999999954e-01,6.411700000000000177e-01,6.232199999999999962e-01,6.048700000000000188e-01,5.806799999999999740e-01,5.522700000000000387e-01,5.178199999999999470e-01,4.753100000000000103e-01,4.235999999999999766e-01,3.598100000000000187e-01,3.324599999999999778e-01,-1.759565999999999875e+01,-3.652500000000000191e-01,2.295999999999999985e-01,6.251400000000000290e-01,7.566899999999999737e-01,7.724299999999999500e-01,7.962599999999999678e-01,7.937300000000000466e-01,8.123099999999999765e-01,8.033799999999999830e-01,8.127400000000000180e-01,8.047800000000000509e-01,8.104000000000000092e-01,8.050599999999999978e-01,8.063099999999999712e-01,8.037400000000000100e-01,8.028199999999999781e-01,8.010099999999999998e-01,7.940000000000000391e-01,7.932700000000000307e-01,7.951000000000000290e-01,7.951500000000000234e-01,7.955799999999999539e-01,7.940199999999999481e-01,7.947100000000000275e-01,7.927499999999999547e-01,7.914499999999999869e-01,7.894499999999999851e-01,7.885400000000000187e-01,7.858000000000000540e-01,7.844499999999999806e-01,7.827899999999999858e-01,7.786100000000000243e-01,7.741500000000000048e-01,7.668300000000000116e-01,7.617099999999999982e-01,7.556199999999999584e-01,7.501400000000000290e-01,7.422100000000000364e-01,7.361400000000000166e-01,7.357000000000000206e-01,7.343399999999999928e-01,7.346099999999999852e-01,7.326899999999999524e-01,7.296099999999999808e-01,7.270999999999999686e-01,7.236399999999999499e-01,7.172500000000000542e-01,7.103599999999999914e-01,7.018900000000000139e-01,6.905400000000000427e-01,6.799800000000000288e-01,6.676699999999999857e-01,6.539399999999999658e-01,6.380799999999999805e-01,6.201100000000000501e-01,6.014800000000000146e-01,5.772699999999999498e-01,5.490000000000000435e-01,5.151499999999999968e-01,4.736799999999999899e-01,4.219399999999999817e-01,3.581099999999999839e-01,3.313499999999999779e-01
cli*c/cref,-2.840469340244550778e-01,-2.995942063795853372e-01,3.824086881977671881e-01,7.871465632642212773e-01,9.173240483253589650e-01,9.250032440191385819e-01,9.440103157894736974e-01,9.316886454545454388e-01,9.431769148325359620e-01,9.277909421052630279e-01,9.323671449760765340e-01,9.181126454545456284e-01,9.186108699627856256e-01,9.060067415204676733e-01,8.999607655502392944e-01,8.891950533227006570e-01,8.810496019138754908e-01,8.725192057416266689e-01,8.567421212121212326e-01,8.477995415204678809e-01,8.418798815523657053e-01,8.334736978203082236e-01,8.274079111642742568e-01,8.176148776182881051e-01,8.125811698564594510e-01,8.033151999999998960e-01,7.936758798511430735e-01,7.837472666666667198e-01,7.730976533758637803e-01,7.620587664540138251e-01,7.516005644338117353e-01,7.406351612971823206e-01,7.283476657097288642e-01,7.174696538543328117e-01,7.055258587985113738e-01,6.935058791068580142e-01,6.790067413609781610e-01,6.664825869218501397e-01,6.504245425837320571e-01,6.375761905369484728e-01,6.327664267942583187e-01,6.302759203615098116e-01,6.292209219564061096e-01,6.264450757575757978e-01,6.233272420520998836e-01,6.205369229665071984e-01,6.137187538543328325e-01,6.009284720893142140e-01,5.876101418394471532e-01,5.750552693779903413e-01,5.604344858054226552e-01,5.456814096757044430e-01,5.296455036682615747e-01,5.130504306220096122e-01,4.949416542796385432e-01,4.757179735247208940e-01,4.565048109516214869e-01,4.332502564593300742e-01,4.072998590111642780e-01,3.774359973418394132e-01,3.423596526315789146e-01,3.014676299840510221e-01,2.529726362573099796e-01,2.308838373205741590e-01,-2.889579677830940718e-01,-4.436340869218501903e-01,2.771934800637959051e-01,7.501513827751196128e-01,9.016196684210526779e-01,9.129826933014352219e-01,9.335291282296650506e-01,9.229674732057416842e-01,9.367994224880383802e-01,9.188130210526314068e-01,9.217404889952153235e-01,9.050116909090911710e-01,9.035809207868155113e-01,8.899229967038807532e-01,8.835888765550239388e-01,8.730855420520999832e-01,8.644036777246144609e-01,8.547939250398722821e-01,8.397151515151516366e-01,8.313562380116958916e-01,8.256697139819244580e-01,8.181125454545453701e-01,8.109459869218500483e-01,8.017618005316320406e-01,7.948578726741096778e-01,7.853155980861242780e-01,7.764583128654970468e-01,7.669500454545454815e-01,7.585243359914938255e-01,7.483731940457203358e-01,7.395891353003720692e-01,7.305374149920254023e-01,7.191939024986708784e-01,7.076702288676236519e-01,6.936488977671451117e-01,6.817365242424242577e-01,6.690631465178096260e-01,6.570404875066454542e-01,6.430000795853270112e-01,6.307048711323764989e-01,6.263892950558214157e-01,6.243920073365231138e-01,6.237780106858054063e-01,6.213063181818182512e-01,6.178567107389686397e-01,6.148962163742689446e-01,6.084385124933545663e-01,5.968923232323233297e-01,5.850405622541201556e-01,5.720235583732057316e-01,5.568300165869218832e-01,5.424584733652313417e-01,5.268913723019671425e-01,5.104278086124401925e-01,4.925563746943115717e-01,4.733440399255715580e-01,4.539463251461988702e-01,4.307060266347687016e-01,4.048882296650718193e-01,3.754898498139287444e-01,3.411855846889951804e-01,3.002862412546517534e-01,2.517774124401913616e-01,2.301129744816586831e-01
clo,-1.819900000000000073e+00,-7.299999999999999632e-04,-8.000000000000000383e-04,-9.200000000000000278e-04,-9.499999999999999981e-04,-9.600000000000000243e-04,-9.600000000000000243e-04,-9.600000000000000243e-04,-9.600000000000000243e-04,-9.600000000000000243e-04,-9.600000000000000243e-04,-9.600000000000000243e-04,-9.600000000000000243e-04,-9.499999999999999981e-04,-9.499999999999999981e-04,-9.499999999999999981e-04,-9.399999999999999719e-04,-9.399999999999999719e-04,-9.300000000000000541e-04,-9.300000000000000541e-04,-9.200000000000000278e-04,-9.200000000000000278e-04,-9.100000000000000016e-04,-8.999999999999999754e-04,-8.999999999999999754e-04,-8.899999999999999491e-04,-8.800000000000000313e-04,-8.700000000000000051e-04,-8.700000000000000051e-04,-8.599999999999999789e-04,-8.499999999999999526e-04,-8.400000000000000348e-04,-8.300000000000000086e-04,-8.199999999999999824e-04,-8.099999999999999561e-04,-8.000000000000000383e-04,-7.900000000000000121e-04,-7.799999999999999859e-04,-7.699999999999999597e-04,-7.600000000000000418e-04,-7.500000000000000156e-04,-7.500000000000000156e-04,-7.500000000000000156e-04,-7.500000000000000156e-04,-7.399999999999999894e-04,-7.399999999999999894e-04,-7.399999999999999894e-04,-7.299999999999999632e-04,-7.200000000000000453e-04,-7.100000000000000191e-04,-6.999999999999999929e-04,-6.899999999999999667e-04,-6.800000000000000488e-04,-6.599999999999999964e-04,-6.499999999999999702e-04,-6.300000000000000261e-04,-6.199999999999999999e-04,-5.999999999999999474e-04,-5.800000000000000034e-04,-5.599999999999999509e-04,-5.400000000000000069e-04,-5.100000000000000366e-04,-4.800000000000000122e-04,-4.499999999999999877e-04,-1.460409999999999986e+00,-7.100000000000000191e-04,-7.699999999999999597e-04,-8.999999999999999754e-04,-9.399999999999999719e-04,-9.499999999999999981e-04,-9.600000000000000243e-04,-9.600000000000000243e-04,-9.600000000000000243e-04,-9.600000000000000243e-04,-9.499999999999999981e-04,-9.499999999999999981e-04,-9.499999999999999981e-04,-9.399999999999999719e-04,-9.399999999999999719e-04,-9.300000000000000541e-04,-9.300000000000000541e-04,-9.300000000000000541e-04,-9.200000000000000278e-04,-9.200000000000000278e-04,-9.100000000000000016e-04,-8.999999999999999754e-04,-8.999999999999999754e-04,-8.899999999999999491e-04,-8.899999999999999491e-04,-8.800000000000000313e-04,-8.700000000000000051e-04,-8.599999999999999789e-04,-8.599999999999999789e-04,-8.499999999999999526e-04,-8.400000000000000348e-04,-8.300000000000000086e-04,-8.300000000000000086e-04,-8.199999999999999824e-04,-8.099999999999999561e-04,-8.000000000000000383e-04,-7.900000000000000121e-04,-7.699999999999999597e-04,-7.600000000000000418e-04,-7.500000000000000156e-04,-7.500000000000000156e-04,-7.399999999999999894e-04,-7.399999999999999894e-04,-7.399999999999999894e-04,-7.399999999999999894e-04,-7.399999999999999894e-04,-7.299999999999999632e-04,-7.200000000000000453e-04,-7.200000000000000453e-04,-7.100000000000000191e-04,-6.999999999999999929e-04,-6.899999999999999667e-04,-6.700000000000000226e-04,-6.599999999999999964e-04,-6.499999999999999702e-04,-6.300000000000000261e-04,-6.199999999999999999e-04,-5.999999999999999474e-04,-5.800000000000000034e-04,-5.599999999999999509e-04,-5.400000000000000069e-04,-5.100000000000000366e-04,-4.800000000000000122e-04,-4.499999999999999877e-04
clo*c/cref,-2.988660871876661421e-02,-8.866608718766614151e-04,-9.658309409888358836e-04,-1.103975544922913311e-03,-1.131954545454545583e-03,-1.134683253588516551e-03,-1.125496650717703381e-03,-1.116310047846889994e-03,-1.107123444976076607e-03,-1.097936842105263003e-03,-1.088750239234449833e-03,-1.079563636363636663e-03,-1.070382137161084504e-03,-1.050141414141413966e-03,-1.041050505050505068e-03,-1.031964646464646369e-03,-1.012106645401382107e-03,-1.003116427432216651e-03,-9.835454545454546098e-04,-9.746508771929825047e-04,-9.553718234981392523e-04,-9.465679957469430627e-04,-9.275759170653907846e-04,-9.087751196172248833e-04,-9.001674641148326144e-04,-8.816535885167463326e-04,-8.633309941520468612e-04,-8.452043062200957288e-04,-8.368835725677829709e-04,-8.190391281233385746e-04,-8.013904837852205663e-04,-7.839285486443381109e-04,-7.666623072833598758e-04,-7.495828814460393612e-04,-7.326990430622008993e-04,-7.160063795853269719e-04,-6.995048910154172536e-04,-6.831945773524720697e-04,-6.670754385964912034e-04,-6.511474747474748715e-04,-6.385645933014354268e-04,-6.377073365231259328e-04,-6.368460925039872659e-04,-6.359848484848485990e-04,-6.266552897395002378e-04,-6.258055289739500402e-04,-6.221940457203614834e-04,-6.075028176501860548e-04,-5.929799043062201729e-04,-5.786330143540670354e-04,-5.644582668793195288e-04,-5.504519936204146577e-04,-5.366215842636896591e-04,-5.151578947368421531e-04,-5.017578415736310147e-04,-4.808933014354067241e-04,-4.679236576289208006e-04,-4.476650717703348778e-04,-4.277507708665603250e-04,-4.081807549175969795e-04,-3.889550239234449498e-04,-3.629567783094099216e-04,-3.374749601275917315e-04,-3.125119617224880676e-04,-2.398302227538543288e-02,-8.623687931951091708e-04,-9.296122807017545000e-04,-1.079976076555023892e-03,-1.120039234449760794e-03,-1.122863636363636251e-03,-1.125496650717703381e-03,-1.116310047846889994e-03,-1.107123444976076607e-03,-1.097936842105263003e-03,-1.077409090909090894e-03,-1.068318181818181997e-03,-1.059232323232323081e-03,-1.039087293992557032e-03,-1.030092078681552406e-03,-1.010239074960127530e-03,-1.001339553429027177e-03,-9.924449760765549633e-04,-9.729696969696970859e-04,-9.641707602339181149e-04,-9.449873471557681051e-04,-9.259904306220094212e-04,-9.173827751196172607e-04,-8.986776182881444936e-04,-8.901656034024455757e-04,-8.717473684210526449e-04,-8.535204146730463078e-04,-8.354893141945773883e-04,-8.272642211589578730e-04,-8.095154173312067193e-04,-7.919623604465710325e-04,-7.745960659223817112e-04,-7.666623072833598758e-04,-7.495828814460393612e-04,-7.326990430622008993e-04,-7.160063795853269719e-04,-6.995048910154172536e-04,-6.744356725146198692e-04,-6.584121212121212159e-04,-6.425797448165869886e-04,-6.385645933014354268e-04,-6.292045720361509392e-04,-6.283548112706007415e-04,-6.275050505050505439e-04,-6.266552897395002378e-04,-6.258055289739500402e-04,-6.137860180754916867e-04,-5.991808612440191820e-04,-5.929799043062201729e-04,-5.786330143540670354e-04,-5.644582668793195288e-04,-5.504519936204146577e-04,-5.287300903774589224e-04,-5.151578947368421531e-04,-5.017578415736310147e-04,-4.808933014354067241e-04,-4.679236576289208006e-04,-4.476650717703348778e-04,-4.277507708665603250e-04,-4.081807549175969795e-04,-3.889550239234449498e-04,-3.629567783094099216e-04,-3.374749601275917315e-04,-3.125119617224880676e-04
cmx,9.490136599999999589e+02,5.761000000000000149e-02,-1.079200000000000020e-01,-2.517599999999999838e-01,-3.263199999999999990e-01,-3.826399999999999801e-01,-4.474000000000000199e-01,-4.996399999999999730e-01,-5.665299999999999780e-01,-6.189400000000000457e-01,-6.859399999999999942e-01,-7.405199999999999561e-01,-8.082200000000000495e-01,-8.657000000000000250e-01,-9.304099999999999593e-01,-9.911200000000000010e-01,-1.055700000000000083e+00,-1.120880000000000098e+00,-1.177200000000000024e+00,-1.243239999999999901e+00,-1.314920000000000089e+00,-1.384200000000000097e+00,-1.458830000000000071e+00,-1.528110000000000079e+00,-1.607830000000000092e+00,-1.680770000000000097e+00,-1.754050000000000109e+00,-1.827569999999999917e+00,-1.900330000000000075e+00,-1.972930000000000073e+00,-2.047849999999999948e+00,-2.122259999999999813e+00,-2.193529999999999980e+00,-2.269569999999999865e+00,-2.343059999999999921e+00,-2.416490000000000027e+00,-2.481259999999999799e+00,-2.553490000000000038e+00,-2.611899999999999888e+00,-2.683040000000000092e+00,-2.739310000000000134e+00,-2.735219999999999985e+00,-2.744829999999999881e+00,-2.747910000000000075e+00,-2.750449999999999839e+00,-2.748979999999999979e+00,-2.786669999999999980e+00,-2.843399999999999928e+00,-2.896440000000000126e+00,-2.952020000000000088e+00,-2.995989999999999931e+00,-3.037409999999999943e+00,-3.069329999999999892e+00,-3.094980000000000064e+00,-3.107839999999999936e+00,-3.109100000000000197e+00,-3.104870000000000019e+00,-3.066240000000000077e+00,-2.999540000000000095e+00,-2.892339999999999911e+00,-2.729049999999999976e+00,-2.496700000000000141e+00,-2.170560000000000045e+00,-1.826640000000000041e+00,-7.821840600000000450e+02,-8.823000000000000287e-02,8.221000000000000529e-02,2.427499999999999936e-01,3.206600000000000006e-01,3.777300000000000102e-01,4.425200000000000244e-01,4.950999999999999845e-01,5.629300000000000415e-01,6.132600000000000273e-01,6.783599999999999630e-01,7.300999999999999712e-01,7.951099999999999834e-01,8.504000000000000448e-01,9.135299999999999532e-01,9.732100000000000195e-01,1.035879999999999912e+00,1.098300000000000054e+00,1.153909999999999991e+00,1.219230000000000036e+00,1.289749999999999952e+00,1.358849999999999891e+00,1.429969999999999963e+00,1.498650000000000038e+00,1.572980000000000045e+00,1.643310000000000048e+00,1.716229999999999922e+00,1.788799999999999946e+00,1.865050000000000097e+00,1.938109999999999999e+00,2.015719999999999956e+00,2.093960000000000043e+00,2.166570000000000107e+00,2.239129999999999843e+00,2.304079999999999906e+00,2.375879999999999992e+00,2.445409999999999862e+00,2.517770000000000064e+00,2.582460000000000200e+00,2.654430000000000067e+00,2.711580000000000101e+00,2.710139999999999993e+00,2.721630000000000216e+00,2.725919999999999899e+00,2.726989999999999803e+00,2.725490000000000190e+00,2.763279999999999959e+00,2.824949999999999850e+00,2.884570000000000078e+00,2.937250000000000139e+00,2.977329999999999810e+00,3.020059999999999967e+00,3.053900000000000059e+00,3.079610000000000181e+00,3.093259999999999899e+00,3.093989999999999796e+00,3.087909999999999933e+00,3.048700000000000188e+00,2.982200000000000184e+00,2.877699999999999925e+00,2.719780000000000086e+00,2.486950000000000216e+00,2.160320000000000018e+00,1.821809999999999929e+00
cmx*c/cref,1.558481231121743527e+01,6.997333264221160254e-02,-1.302905939393939616e-01,-3.021053078149920079e-01,-3.888204287081339916e-01,-4.522658334928228996e-01,-5.245283349282297003e-01,-5.809928669856458949e-01,-6.533527555023923572e-01,-7.078719052631579078e-01,-7.779347282296650290e-01,-8.327484000000000552e-01,-9.011502613503455938e-01,-9.569551812865496609e-01,-1.019582947793726824e+00,-1.076632421477937251e+00,-1.136681899521531092e+00,-1.196141639553429004e+00,-1.244978181818181984e+00,-1.302930060818713320e+00,-1.365475563211058008e+00,-1.424173282296650633e+00,-1.487006126475279189e+00,-1.543009275598086205e+00,-1.608129170919723849e+00,-1.665007755023923508e+00,-1.720824693514088288e+00,-1.775482797607655483e+00,-1.827994206273258815e+00,-1.878961473312068087e+00,-1.930738237905369470e+00,-1.980595478149919986e+00,-2.026140687825624731e+00,-2.074671732004253144e+00,-2.119454098564593103e+00,-2.162777820255183503e+00,-2.197029754279637981e+00,-2.236577591440723101e+00,-2.262771867623604383e+00,-2.298756211376927538e+00,-2.332301834768740090e+00,-2.325693148006379385e+00,-2.330712346783625488e+00,-2.330172166666666822e+00,-2.329167623870281645e+00,-2.324766058160552706e+00,-2.343039839712918404e+00,-2.366265084529505458e+00,-2.385459325039872791e+00,-2.405825677511961747e+00,-2.415873318553960480e+00,-2.423113608612440295e+00,-2.422159892982456153e+00,-2.415762698564593247e+00,-2.399050908240297986e+00,-2.373246608718766915e+00,-2.343293753003721669e+00,-2.287747582775119692e+00,-2.212164736629452566e+00,-2.108209865497076230e+00,-1.965699459330143339e+00,-1.776851349813928893e+00,-1.526061769696969828e+00,-1.268548555023923496e+00,-1.284511728516746487e+01,-1.071645051036682755e-01,9.925120207336525502e-02,2.912935473152578614e-01,3.820763626794258516e-01,4.464624014354066639e-01,5.188070602870813453e-01,5.757136507177033069e-01,6.492010425837321241e-01,7.013757789473683557e-01,7.693381377990430314e-01,8.210306363636364901e-01,8.865328552897394632e-01,9.400423774587984838e-01,1.001085124082934597e+00,1.057177172195640669e+00,1.115341523232323162e+00,1.172045502392344396e+00,1.220347242424242529e+00,1.277767300000000050e+00,1.339337836257309844e+00,1.398091218500797206e+00,1.457588718819776696e+00,1.513262036682615719e+00,1.573272686337054971e+00,1.627899054545454582e+00,1.683721081924508090e+00,1.737817773524720888e+00,1.794057134502923923e+00,1.845799912333864867e+00,1.900445677618288087e+00,1.954184552046783541e+00,2.001238018181818124e+00,2.046845752844231647e+00,2.084194087825624653e+00,2.126431546411483353e+00,2.165286399415204510e+00,2.205290783359914908e+00,2.237267061244019306e+00,2.274243936044657133e+00,2.308691973205741821e+00,2.304368214673046200e+00,2.311012574322169222e+00,2.311525090909090974e+00,2.309300957522594011e+00,2.304900961031366435e+00,2.323373463051568333e+00,2.350911074960127412e+00,2.375683392450824272e+00,2.393788480861243961e+00,2.400826473896863433e+00,2.409272533120680571e+00,2.409983317916002399e+00,2.403765763955342916e+00,2.387796093886231041e+00,2.361712802711323445e+00,2.330493776820839802e+00,2.274660840510366988e+00,2.199376463583200714e+00,2.097538854332801517e+00,1.959022398086124328e+00,1.769912470228601986e+00,1.518862303880914366e+00,1.265194259968102086e+00
cmxi,8.293039899999999989e+02,5.754000000000000087e-02,-1.080099999999999949e-01,-2.518699999999999828e-01,-3.264599999999999724e-01,-3.827999999999999736e-01,-4.475799999999999779e-01,-4.998299999999999965e-01,-5.667499999999999760e-01,-6.191799999999999526e-01,-6.862000000000000322e-01,-7.407899999999999485e-01,-8.085099999999999509e-01,-8.660099999999999465e-01,-9.307400000000000118e-01,-9.914699999999999624e-01,-1.056059999999999999e+00,-1.121259999999999923e+00,-1.177599999999999980e+00,-1.243649999999999922e+00,-1.315350000000000019e+00,-1.384640000000000093e+00,-1.459279999999999911e+00,-1.528569999999999984e+00,-1.608309999999999906e+00,-1.681259999999999977e+00,-1.754539999999999988e+00,-1.828070000000000084e+00,-1.900830000000000020e+00,-1.973440000000000083e+00,-2.048360000000000181e+00,-2.122770000000000046e+00,-2.194040000000000212e+00,-2.270090000000000163e+00,-2.343580000000000219e+00,-2.416999999999999815e+00,-2.481770000000000032e+00,-2.553980000000000139e+00,-2.612389999999999990e+00,-2.683520000000000127e+00,-2.739780000000000104e+00,-2.735689999999999955e+00,-2.745299999999999851e+00,-2.748380000000000045e+00,-2.750910000000000188e+00,-2.749439999999999884e+00,-2.787129999999999885e+00,-2.843859999999999832e+00,-2.896889999999999965e+00,-2.952469999999999928e+00,-2.996420000000000083e+00,-3.037830000000000030e+00,-3.069739999999999913e+00,-3.095380000000000020e+00,-3.108220000000000205e+00,-3.109469999999999956e+00,-3.105220000000000091e+00,-3.066570000000000018e+00,-2.999859999999999971e+00,-2.892630000000000035e+00,-2.729309999999999903e+00,-2.496929999999999872e+00,-2.170760000000000023e+00,-1.826810000000000045e+00,-6.861204500000000053e+02,-8.816000000000000225e-02,8.229999999999999816e-02,2.428599999999999925e-01,3.207900000000000196e-01,3.778900000000000037e-01,4.426999999999999824e-01,4.953000000000000180e-01,5.631399999999999739e-01,6.134899999999999798e-01,6.786100000000000465e-01,7.303800000000000292e-01,7.953999999999999959e-01,8.507099999999999662e-01,9.138600000000000056e-01,9.735500000000000265e-01,1.036240000000000050e+00,1.098670000000000035e+00,1.154300000000000104e+00,1.219640000000000057e+00,1.290170000000000039e+00,1.359280000000000044e+00,1.430409999999999959e+00,1.499109999999999943e+00,1.573450000000000015e+00,1.643790000000000084e+00,1.716720000000000024e+00,1.789299999999999891e+00,1.865550000000000042e+00,1.938620000000000010e+00,2.016230000000000189e+00,2.094469999999999832e+00,2.167079999999999895e+00,2.239640000000000075e+00,2.304590000000000138e+00,2.376380000000000159e+00,2.445920000000000094e+00,2.518260000000000165e+00,2.582949999999999857e+00,2.654910000000000103e+00,2.712050000000000072e+00,2.710599999999999898e+00,2.722090000000000121e+00,2.726379999999999804e+00,2.727450000000000152e+00,2.725950000000000095e+00,2.763739999999999863e+00,2.825400000000000134e+00,2.885019999999999918e+00,2.937699999999999978e+00,2.977759999999999962e+00,3.020480000000000054e+00,3.054310000000000080e+00,3.080010000000000137e+00,3.093649999999999789e+00,3.094370000000000065e+00,3.088270000000000071e+00,3.049030000000000129e+00,2.982509999999999994e+00,2.877979999999999983e+00,2.720050000000000079e+00,2.487179999999999946e+00,2.160530000000000062e+00,1.821989999999999998e+00
cmxi*c/cref,1.361892623662945212e+01,6.988831036682616182e-02,-1.303992499202552002e-01,-3.022373048910154125e-01,-3.889872430622009492e-01,-4.524549473684209566e-01,-5.247393655502392562e-01,-5.812138033492822986e-01,-6.536064712918661090e-01,-7.081463894736840237e-01,-7.782295980861244633e-01,-8.330520272727273134e-01,-9.014736059542794999e-01,-9.572978590111640429e-01,-1.019944575863902303e+00,-1.077012618979266367e+00,-1.137069514832535821e+00,-1.196547154704943994e+00,-1.245401212121212131e+00,-1.303359745614034892e+00,-1.365922095693779870e+00,-1.424625988729399273e+00,-1.487464817862838906e+00,-1.543473760659223704e+00,-1.608609260233918148e+00,-1.665493159808612456e+00,-1.721305411908559346e+00,-1.775968547208931714e+00,-1.828475173843699952e+00,-1.879447182562466789e+00,-1.931219072195640818e+00,-1.981071434768739925e+00,-2.026611769484317094e+00,-2.075147077246145777e+00,-2.119924473258905095e+00,-2.163234274322169082e+00,-2.197481333386496427e+00,-2.237006777777777788e+00,-2.263196370175438510e+00,-2.299167462413610252e+00,-2.332702001913875556e+00,-2.326092777937267098e+00,-2.331111437001594844e+00,-2.330570717171717376e+00,-2.329557166347687502e+00,-2.325155072408293222e+00,-2.343426608984582327e+00,-2.366647894524189333e+00,-2.385829937480064000e+00,-2.406192416746411489e+00,-2.416220057203615212e+00,-2.423448666347687741e+00,-2.422483444231791960e+00,-2.416074915470494577e+00,-2.399344243593833248e+00,-2.373529038118022072e+00,-2.343557903455608660e+00,-2.287993798564593284e+00,-2.212400737054758260e+00,-2.108421244816586881e+00,-1.965886733971291545e+00,-1.777015036204146581e+00,-1.526202384263689593e+00,-1.268666615098352102e+00,-1.126754954837852196e+01,-1.070794828282828487e-01,9.935985805422649364e-02,2.914255443912812105e-01,3.822312617224881137e-01,4.466515153110047209e-01,5.190180909090909012e-01,5.759462153110047611e-01,6.494432258373206146e-01,7.016388263157893324e-01,7.696216665071771157e-01,8.213455090909093093e-01,8.868561998936734803e-01,9.403850551834129767e-01,1.001446752153110076e+00,1.057546506911217543e+00,1.115729138543327892e+00,1.172440346092503916e+00,1.220759696969697217e+00,1.278196984795321622e+00,1.339773984263689544e+00,1.398533636150983472e+00,1.458037217065390800e+00,1.513726521743753217e+00,1.573742773790537175e+00,1.628374553110047973e+00,1.684201800318979370e+00,1.738303523125996897e+00,1.794538102073365060e+00,1.846285621584263570e+00,1.900926511908559435e+00,1.954660508665603036e+00,2.001709099840510042e+00,2.047311956831472823e+00,2.084655416852737808e+00,2.126879050398724047e+00,2.165737978522062512e+00,2.205719969696969596e+00,2.237691563795852989e+00,2.274655187081339847e+00,2.309092140350877287e+00,2.304759341839446751e+00,2.311403173258904875e+00,2.311915161616161729e+00,2.309690499999999869e+00,2.305289975279106951e+00,2.323760232323232255e+00,2.351285562998405076e+00,2.376054004891015481e+00,2.394155220095693704e+00,2.401173212546517721e+00,2.409607590855928017e+00,2.410306869165337762e+00,2.404077980861244246e+00,2.388097148591175056e+00,2.362002865337586410e+00,2.330765474428495576e+00,2.274907056299840580e+00,2.199605088995215230e+00,2.097742944710260460e+00,1.959216875598086105e+00,1.770076156618819674e+00,1.519009949175970320e+00,1.265319264752791106e+00
cmxo,1.197096800000000059e+02,6.999999999999999387e-05,9.000000000000000567e-05,1.100000000000000039e-04,1.399999999999999877e-04,1.600000000000000131e-04,1.800000000000000113e-04,2.000000000000000096e-04,2.200000000000000078e-04,2.400000000000000061e-04,2.599999999999999772e-04,2.799999999999999755e-04,2.900000000000000017e-04,3.099999999999999999e-04,3.299999999999999982e-04,3.499999999999999964e-04,3.600000000000000227e-04,3.800000000000000209e-04,4.000000000000000192e-04,4.099999999999999912e-04,4.200000000000000174e-04,4.400000000000000157e-04,4.499999999999999877e-04,4.600000000000000139e-04,4.699999999999999859e-04,4.800000000000000122e-04,4.899999999999999842e-04,5.000000000000000104e-04,5.100000000000000366e-04,5.100000000000000366e-04,5.100000000000000366e-04,5.199999999999999544e-04,5.199999999999999544e-04,5.199999999999999544e-04,5.100000000000000366e-04,5.100000000000000366e-04,5.000000000000000104e-04,5.000000000000000104e-04,4.899999999999999842e-04,4.800000000000000122e-04,4.699999999999999859e-04,4.699999999999999859e-04,4.699999999999999859e-04,4.699999999999999859e-04,4.600000000000000139e-04,4.600000000000000139e-04,4.600000000000000139e-04,4.600000000000000139e-04,4.499999999999999877e-04,4.400000000000000157e-04,4.400000000000000157e-04,4.299999999999999894e-04,4.200000000000000174e-04,4.000000000000000192e-04,3.899999999999999929e-04,3.699999999999999947e-04,3.499999999999999964e-04,3.299999999999999982e-04,3.099999999999999999e-04,2.900000000000000017e-04,2.599999999999999772e-04,2.300000000000000070e-04,2.100000000000000087e-04,1.700000000000000122e-04,-9.606360999999999706e+01,-6.000000000000000152e-05,-8.000000000000000654e-05,-1.100000000000000039e-04,-1.299999999999999886e-04,-1.600000000000000131e-04,-1.800000000000000113e-04,-2.000000000000000096e-04,-2.200000000000000078e-04,-2.400000000000000061e-04,-2.500000000000000052e-04,-2.700000000000000035e-04,-2.900000000000000017e-04,-3.099999999999999999e-04,-3.299999999999999982e-04,-3.400000000000000244e-04,-3.600000000000000227e-04,-3.800000000000000209e-04,-3.899999999999999929e-04,-4.099999999999999912e-04,-4.200000000000000174e-04,-4.299999999999999894e-04,-4.400000000000000157e-04,-4.600000000000000139e-04,-4.699999999999999859e-04,-4.800000000000000122e-04,-4.899999999999999842e-04,-4.899999999999999842e-04,-5.000000000000000104e-04,-5.000000000000000104e-04,-5.100000000000000366e-04,-5.100000000000000366e-04,-5.100000000000000366e-04,-5.100000000000000366e-04,-5.100000000000000366e-04,-5.100000000000000366e-04,-5.000000000000000104e-04,-4.899999999999999842e-04,-4.800000000000000122e-04,-4.699999999999999859e-04,-4.699999999999999859e-04,-4.699999999999999859e-04,-4.600000000000000139e-04,-4.600000000000000139e-04,-4.600000000000000139e-04,-4.600000000000000139e-04,-4.600000000000000139e-04,-4.499999999999999877e-04,-4.499999999999999877e-04,-4.400000000000000157e-04,-4.400000000000000157e-04,-4.299999999999999894e-04,-4.099999999999999912e-04,-4.000000000000000192e-04,-3.899999999999999929e-04,-3.699999999999999947e-04,-3.499999999999999964e-04,-3.299999999999999982e-04,-3.099999999999999999e-04,-2.900000000000000017e-04,-2.599999999999999772e-04,-2.300000000000000070e-04,-2.100000000000000087e-04,-1.700000000000000122e-04
cmxo*c/cref,1.965886238809144038e+00,8.502227538543328860e-05,1.086559808612440423e-04,1.319970760233918090e-04,1.668143540669856566e-04,1.891138755980861189e-04,2.110306220095693839e-04,2.325645933014353973e-04,2.537157894736842404e-04,2.744842105263157507e-04,2.948698564593301178e-04,3.148727272727272876e-04,3.233446039340775926e-04,3.426777246145666991e-04,3.616280701754386083e-04,3.801975013290802784e-04,3.876153110047847049e-04,4.055151515151515090e-04,4.230303030303030737e-04,4.296847953216374337e-04,4.361480063795853085e-04,4.527064327485379441e-04,4.586913875598086303e-04,4.644850611376927230e-04,4.700874534821903846e-04,4.754985645933014525e-04,4.807183944710260353e-04,4.857496012759171316e-04,4.905869218500797735e-04,4.857092503987240750e-04,4.808342902711324049e-04,4.852891015417330517e-04,4.803185539606591686e-04,4.753452418926102816e-04,4.613290271132376675e-04,4.564540669856459432e-04,4.427246145667198055e-04,4.379452418926102941e-04,4.245025518341307954e-04,4.112510366826156684e-04,4.001671451355661552e-04,3.996299308878256229e-04,3.990902179691652890e-04,3.985505050505050635e-04,3.895424774056353064e-04,3.890142477405635502e-04,3.867692716640085322e-04,3.828099946836789158e-04,3.706124401913875538e-04,3.585894736842105404e-04,3.548023391812865548e-04,3.430353003721425213e-04,3.314427432216906686e-04,3.122169059011164712e-04,3.010547049441786413e-04,2.824293992557150258e-04,2.641504518872940196e-04,2.462157894736841665e-04,2.286254120148856835e-04,2.113793195108984620e-04,1.872746411483253181e-04,1.636863902179691750e-04,1.476452950558213690e-04,1.180600744284955031e-04,-1.577567736788941799e+00,-7.287623604465711226e-05,-9.658309409888359920e-05,-1.319970760233918090e-04,-1.548990430622009494e-04,-1.891138755980861189e-04,-2.110306220095693839e-04,-2.325645933014353973e-04,-2.537157894736842404e-04,-2.744842105263157507e-04,-2.835287081339712880e-04,-3.036272727272727842e-04,-3.233446039340775926e-04,-3.426777246145666991e-04,-3.616280701754386083e-04,-3.693347155768208589e-04,-3.876153110047847049e-04,-4.055151515151515090e-04,-4.124545454545454413e-04,-4.296847953216374337e-04,-4.361480063795853085e-04,-4.424176501860711775e-04,-4.484982456140351064e-04,-4.644850611376927230e-04,-4.700874534821903846e-04,-4.754985645933014525e-04,-4.807183944710260353e-04,-4.760346092503987370e-04,-4.809675704412546215e-04,-4.761855396065922197e-04,-4.808342902711324049e-04,-4.759566188197767063e-04,-4.710816586921850362e-04,-4.662039872408293918e-04,-4.613290271132376675e-04,-4.564540669856459432e-04,-4.427246145667198055e-04,-4.291863370547580937e-04,-4.158392344497608079e-04,-4.026833067517278397e-04,-4.001671451355661552e-04,-3.996299308878256229e-04,-3.905989367357788188e-04,-3.900707070707071168e-04,-3.895424774056353064e-04,-3.890142477405635502e-04,-3.867692716640085322e-04,-3.744880382775119345e-04,-3.706124401913875538e-04,-3.585894736842105404e-04,-3.548023391812865548e-04,-3.430353003721425213e-04,-3.235512493354598777e-04,-3.122169059011164712e-04,-3.010547049441786413e-04,-2.824293992557150258e-04,-2.641504518872940196e-04,-2.462157894736841665e-04,-2.286254120148856835e-04,-2.113793195108984620e-04,-1.872746411483253181e-04,-1.636863902179691750e-04,-1.476452950558213690e-04,-1.180600744284955031e-04
cmy,3.716309099999999717e+02,5.173299999999999566e-01,2.150499999999999912e-01,3.543000000000000316e-02,-1.416000000000000071e-02,-2.207999999999999893e-02,-2.403999999999999887e-02,-2.514999999999999875e-02,-2.716000000000000011e-02,-2.707000000000000031e-02,-2.759999999999999953e-02,-2.733999999999999972e-02,-2.774000000000000077e-02,-2.751999999999999932e-02,-2.687000000000000152e-02,-2.638000000000000067e-02,-2.528000000000000039e-02,-2.497999999999999873e-02,-2.315000000000000044e-02,-2.257999999999999938e-02,-2.122999999999999887e-02,-2.139999999999999888e-02,-2.229000000000000078e-02,-2.188999999999999974e-02,-2.179000000000000034e-02,-2.178000000000000075e-02,-2.219000000000000139e-02,-2.196000000000000035e-02,-2.281000000000000041e-02,-2.255000000000000060e-02,-2.216999999999999874e-02,-2.182999999999999871e-02,-2.157999999999999849e-02,-2.131999999999999867e-02,-2.055999999999999842e-02,-2.041000000000000106e-02,-2.052999999999999964e-02,-2.000000000000000042e-02,-1.784000000000000169e-02,-1.658000000000000099e-02,-1.729999999999999941e-02,-1.765999999999999862e-02,-1.868999999999999828e-02,-1.858999999999999889e-02,-1.575000000000000011e-02,-1.692000000000000101e-02,-1.756999999999999881e-02,-1.803000000000000089e-02,-1.771000000000000005e-02,-1.788000000000000006e-02,-1.710000000000000062e-02,-1.684000000000000080e-02,-1.677999999999999978e-02,-1.667000000000000079e-02,-1.645999999999999894e-02,-1.626000000000000015e-02,-1.697999999999999857e-02,-1.737000000000000002e-02,-1.737999999999999962e-02,-1.710000000000000062e-02,-1.659000000000000058e-02,-1.604999999999999830e-02,-1.618999999999999953e-02,-4.227000000000000202e-02,4.896681800000000067e+02,5.552700000000000413e-01,2.639199999999999879e-01,5.118999999999999939e-02,-1.111000000000000008e-02,-2.016000000000000084e-02,-2.291999999999999940e-02,-2.477000000000000035e-02,-2.741000000000000034e-02,-2.646000000000000088e-02,-2.733999999999999972e-02,-2.678000000000000172e-02,-2.738000000000000156e-02,-2.719999999999999848e-02,-2.676999999999999866e-02,-2.641999999999999904e-02,-2.500000000000000139e-02,-2.440000000000000155e-02,-2.304000000000000145e-02,-2.271000000000000102e-02,-2.137000000000000011e-02,-2.145000000000000032e-02,-2.211000000000000118e-02,-2.185000000000000137e-02,-2.132999999999999827e-02,-2.103999999999999967e-02,-2.163999999999999951e-02,-2.100000000000000130e-02,-2.103999999999999967e-02,-2.043000000000000024e-02,-2.031000000000000166e-02,-2.020999999999999880e-02,-2.065000000000000169e-02,-2.063999999999999863e-02,-1.966999999999999998e-02,-1.957000000000000059e-02,-1.923000000000000057e-02,-1.864999999999999991e-02,-1.736000000000000043e-02,-1.611999999999999891e-02,-1.660000000000000017e-02,-1.701000000000000081e-02,-1.812000000000000069e-02,-1.786000000000000087e-02,-1.491999999999999924e-02,-1.531000000000000069e-02,-1.661999999999999936e-02,-1.726000000000000104e-02,-1.709000000000000102e-02,-1.695999999999999938e-02,-1.620999999999999872e-02,-1.583999999999999991e-02,-1.569999999999999868e-02,-1.563000000000000153e-02,-1.553000000000000040e-02,-1.545999999999999978e-02,-1.609999999999999973e-02,-1.655999999999999833e-02,-1.676000000000000059e-02,-1.665000000000000160e-02,-1.644999999999999934e-02,-1.600999999999999993e-02,-1.617000000000000035e-02,-4.218000000000000221e-02
cmy*c/cref,6.102965874481657949e+00,6.283510532163743001e-01,2.596274298245614398e-01,4.251505821371611565e-02,-1.687208038277512173e-02,-2.609771483253588154e-02,-2.818431196172248646e-02,-2.924499760765550058e-02,-3.132236746411483364e-02,-3.095953157894736421e-02,-3.130156937799043193e-02,-3.074507272727273338e-02,-3.092958383838383812e-02,-3.042093864965443595e-02,-2.944529165337586574e-02,-2.865602881446039502e-02,-2.721920850611376716e-02,-2.665728548644337795e-02,-2.448287878787878957e-02,-2.366410409356724948e-02,-2.204624327485379953e-02,-2.201799468367889034e-02,-2.272051339712918838e-02,-2.210343040935672590e-02,-2.179405449229133637e-02,-2.157574736842105337e-02,-2.176967586390218118e-02,-2.133412248803828043e-02,-2.194174056353003638e-02,-2.147596783625730851e-02,-2.090214944178628298e-02,-2.037280978203083112e-02,-1.993321998936735742e-02,-1.948915491759702079e-02,-1.859789175970228206e-02,-1.826711275917065544e-02,-1.817827267410951353e-02,-1.751780967570441133e-02,-1.545535821371610968e-02,-1.420529622541201638e-02,-1.472955661881977622e-02,-1.501588208399787239e-02,-1.587020462519935990e-02,-1.576394444444444501e-02,-1.333759569377990402e-02,-1.430895885167464063e-02,-1.477290457203614925e-02,-1.500448740031897973e-02,-1.458565847953216532e-02,-1.457177224880382670e-02,-1.378890909090909125e-02,-1.343421967038809298e-02,-1.324192674109516375e-02,-1.301163955342902849e-02,-1.270605241892610281e-02,-1.241162711323763948e-02,-1.281507049441786214e-02,-1.295990382775119576e-02,-1.281777309941520455e-02,-1.246409090909091077e-02,-1.194956267942583715e-02,-1.142246331738436781e-02,-1.138274917597022901e-02,-2.935529027113237960e-02,8.041387602445507099e+00,6.744331264752793098e-01,3.186276274322169533e-01,6.142663928761297326e-02,-1.323791052631578986e-02,-2.382834832535885017e-02,-2.687123253588516794e-02,-2.880312488038277302e-02,-3.161068086124402265e-02,-3.026188421052631444e-02,-3.100669952153110170e-02,-3.011532727272727902e-02,-3.052819053694843035e-02,-3.006720680489101058e-02,-2.933570738968633781e-02,-2.869947995746943009e-02,-2.691772993088782651e-02,-2.603834130781499182e-02,-2.436654545454545670e-02,-2.380034561403508719e-02,-2.219162594364699342e-02,-2.206943859649122472e-02,-2.253703684210526387e-02,-2.206304040404040434e-02,-2.133396889952153194e-02,-2.084268708133971137e-02,-2.123009399255714955e-02,-2.040148325358851975e-02,-2.023911536416799287e-02,-1.945694114832535737e-02,-1.914851850079744844e-02,-1.886094758107389330e-02,-1.907418872939925514e-02,-1.886754960127591529e-02,-1.779282737905369532e-02,-1.751530606060605968e-02,-1.702718867623604498e-02,-1.633535752259436535e-02,-1.503951897926634855e-02,-1.381118064859117485e-02,-1.413356299840510394e-02,-1.446320239234449856e-02,-1.538620159489633224e-02,-1.514491919191919382e-02,-1.263472557150451848e-02,-1.294740898458266939e-02,-1.397414194577352442e-02,-1.436369675704412749e-02,-1.407503689526847651e-02,-1.382199425837320542e-02,-1.307124072301966977e-02,-1.263646315789473777e-02,-1.238964540138224463e-02,-1.219987559808612641e-02,-1.198815273790537067e-02,-1.180096895268474208e-02,-1.215092078681552328e-02,-1.235555598086124189e-02,-1.236052227538543373e-02,-1.213608851674641276e-02,-1.184872248803827549e-02,-1.139399611908559207e-02,-1.136868771929824655e-02,-2.929278787878788343e-02
cmyi,1.484424400000000048e+02,5.146500000000000519e-01,2.120700000000000085e-01,3.196000000000000230e-02,-1.780999999999999944e-02,-2.582999999999999879e-02,-2.786999999999999894e-02,-2.904999999999999943e-02,-3.111999999999999836e-02,-3.109999999999999917e-02,-3.169999999999999901e-02,-3.151000000000000328e-02,-3.198000000000000148e-02,-3.182000000000000106e-02,-3.124000000000000041e-02,-3.081000000000000058e-02,-2.978000000000000091e-02,-2.954999999999999988e-02,-2.777999999999999914e-02,-2.726999999999999910e-02,-2.599999999999999881e-02,-2.622999999999999984e-02,-2.718999999999999889e-02,-2.684999999999999887e-02,-2.682000000000000009e-02,-2.687000000000000152e-02,-2.734999999999999931e-02,-2.718999999999999889e-02,-2.809999999999999998e-02,-2.791000000000000078e-02,-2.759999999999999953e-02,-2.733000000000000013e-02,-2.714000000000000093e-02,-2.693999999999999867e-02,-2.624999999999999903e-02,-2.616999999999999882e-02,-2.633999999999999883e-02,-2.587000000000000063e-02,-2.376999999999999946e-02,-2.256999999999999978e-02,-2.333999999999999964e-02,-2.369999999999999885e-02,-2.472999999999999851e-02,-2.462999999999999912e-02,-2.178000000000000075e-02,-2.293999999999999859e-02,-2.363000000000000170e-02,-2.414000000000000173e-02,-2.385999999999999927e-02,-2.408000000000000071e-02,-2.332000000000000045e-02,-2.309999999999999901e-02,-2.307000000000000023e-02,-2.297000000000000083e-02,-2.275999999999999898e-02,-2.255000000000000060e-02,-2.324999999999999983e-02,-2.359999999999999945e-02,-2.356000000000000108e-02,-2.318999999999999881e-02,-2.256999999999999978e-02,-2.188000000000000014e-02,-2.183999999999999830e-02,-4.766000000000000097e-02,3.105658000000000243e+02,5.526699999999999946e-01,2.610399999999999943e-01,4.778999999999999915e-02,-1.472000000000000045e-02,-2.387999999999999845e-02,-2.671000000000000110e-02,-2.863999999999999879e-02,-3.137000000000000205e-02,-3.046000000000000096e-02,-3.141000000000000042e-02,-3.090000000000000038e-02,-3.157000000000000084e-02,-3.144000000000000267e-02,-3.107999999999999999e-02,-3.079000000000000140e-02,-2.944000000000000089e-02,-2.891000000000000167e-02,-2.760999999999999913e-02,-2.734999999999999931e-02,-2.606999999999999942e-02,-2.622000000000000025e-02,-2.693999999999999867e-02,-2.673999999999999988e-02,-2.630000000000000046e-02,-2.606999999999999942e-02,-2.674999999999999947e-02,-2.616999999999999882e-02,-2.628000000000000128e-02,-2.573999999999999899e-02,-2.569000000000000103e-02,-2.564999999999999919e-02,-2.615999999999999923e-02,-2.622000000000000025e-02,-2.530999999999999917e-02,-2.528000000000000039e-02,-2.498999999999999833e-02,-2.446999999999999870e-02,-2.324999999999999983e-02,-2.206999999999999934e-02,-2.259999999999999856e-02,-2.299999999999999961e-02,-2.410999999999999949e-02,-2.385999999999999927e-02,-2.092000000000000109e-02,-2.129999999999999949e-02,-2.264999999999999999e-02,-2.333999999999999964e-02,-2.322000000000000106e-02,-2.313000000000000125e-02,-2.241999999999999896e-02,-2.207999999999999893e-02,-2.196000000000000035e-02,-2.190999999999999892e-02,-2.180999999999999953e-02,-2.172999999999999932e-02,-2.234999999999999834e-02,-2.278000000000000164e-02,-2.291999999999999940e-02,-2.273000000000000020e-02,-2.241999999999999896e-02,-2.182999999999999871e-02,-2.180999999999999953e-02,-4.757000000000000117e-02
cmyi*c/cref,2.437738953535353303e+00,6.250959146730463711e-01,2.560297095693780389e-01,3.835115045188729893e-02,-2.122116889952153224e-02,-3.053007129186602331e-02,-3.267457464114832677e-02,-3.378000717703349282e-02,-3.588925167464115246e-02,-3.556857894736841635e-02,-3.595144019138755975e-02,-3.543442727272728271e-02,-3.565710494417862614e-02,-3.517421031366294026e-02,-3.423412397660818840e-02,-3.346824290271132457e-02,-3.206439989367357996e-02,-3.153413875598085753e-02,-2.937945454545454541e-02,-2.857927894736841945e-02,-2.699963849016480399e-02,-2.698747666135034237e-02,-2.771515295055821185e-02,-2.711179106858054022e-02,-2.682499043062201369e-02,-2.661801339712918657e-02,-2.683193487506645505e-02,-2.641506331738437130e-02,-2.703037745879850740e-02,-2.658067682083997685e-02,-2.602162041467304468e-02,-2.550567527910685764e-02,-2.506893375863902124e-02,-2.462654003189792759e-02,-2.374487639553428744e-02,-2.342235869218500799e-02,-2.332273269537479821e-02,-2.265928681552365626e-02,-2.059270542264752743e-02,-1.933736645401382473e-02,-1.987213014354067067e-02,-2.015155183413077852e-02,-2.099893849016480282e-02,-2.088574242424242472e-02,-1.844398947368421082e-02,-1.939997139819244973e-02,-1.986816932482722217e-02,-2.008920276448697764e-02,-1.965069516214779446e-02,-1.962462392344497750e-02,-1.880452397660818675e-02,-1.842817543859649049e-02,-1.820567639553429332e-02,-1.792905582137161238e-02,-1.756924380648591105e-02,-1.721292690058479416e-02,-1.754713716108452851e-02,-1.760815948963317251e-02,-1.737553131313131216e-02,-1.690305661881977631e-02,-1.625687942583731865e-02,-1.557155746943115343e-02,-1.535511068580542107e-02,-3.309848910154173512e-02,5.100147560871876706e+00,6.712751562466774402e-01,3.151506360446571509e-01,5.734672966507176756e-02,-1.753933779904306295e-02,-2.822524593301434931e-02,-3.131459952153110154e-02,-3.330324976076554783e-02,-3.617756507177034148e-02,-3.483662105263157782e-02,-3.562254688995215163e-02,-3.474845454545455459e-02,-3.519996257309941645e-02,-3.475415374800637502e-02,-3.405878915470494234e-02,-3.344651733120680703e-02,-3.169831876661350495e-02,-3.085116586921849910e-02,-2.919966666666666544e-02,-2.866311988304093283e-02,-2.707232982456140094e-02,-2.697718787878787550e-02,-2.746032440191387494e-02,-2.700071855396065854e-02,-2.630489367357788724e-02,-2.582551578947368115e-02,-2.624330010632642055e-02,-2.542413413078150122e-02,-2.527965550239234457e-02,-2.451403157894736784e-02,-2.422084885699096399e-02,-2.393781818181817816e-02,-2.416371802232854596e-02,-2.396836969696969702e-02,-2.289458367889420434e-02,-2.262580159489633105e-02,-2.212737623604465326e-02,-2.143304013822434559e-02,-2.014221291866028635e-02,-1.890897995746943297e-02,-1.924207974481658562e-02,-1.955635832004253005e-02,-2.047247905369484200e-02,-2.023279797979798261e-02,-1.771571440723019794e-02,-1.801305103668261395e-02,-1.904418261562998427e-02,-1.942344625199362088e-02,-1.912360191387560068e-02,-1.885039665071770384e-02,-1.807879191919191733e-02,-1.761446379585326905e-02,-1.732972057416268252e-02,-1.710168102073365143e-02,-1.683590542264752979e-02,-1.658700228601807380e-02,-1.686789314194577297e-02,-1.699635055821371518e-02,-1.690353046251993549e-02,-1.656776528442318111e-02,-1.614883636363636035e-02,-1.553597347155768159e-02,-1.533401850079744826e-02,-3.303598670919723895e-02
cmyo,2.231884599999999921e+02,2.680000000000000090e-03,2.980000000000000010e-03,3.469999999999999994e-03,3.650000000000000033e-03,3.749999999999999861e-03,3.830000000000000071e-03,3.899999999999999821e-03,3.969999999999999571e-03,4.029999999999999728e-03,4.100000000000000346e-03,4.170000000000000095e-03,4.230000000000000253e-03,4.300000000000000003e-03,4.369999999999999753e-03,4.429999999999999910e-03,4.499999999999999660e-03,4.570000000000000277e-03,4.629999999999999567e-03,4.700000000000000185e-03,4.760000000000000342e-03,4.830000000000000092e-03,4.890000000000000249e-03,4.959999999999999999e-03,5.029999999999999749e-03,5.100000000000000366e-03,5.159999999999999656e-03,5.230000000000000274e-03,5.290000000000000431e-03,5.360000000000000181e-03,5.429999999999999931e-03,5.490000000000000088e-03,5.559999999999999838e-03,5.629999999999999588e-03,5.689999999999999745e-03,5.749999999999999903e-03,5.810000000000000060e-03,5.870000000000000218e-03,5.930000000000000375e-03,5.989999999999999665e-03,6.040000000000000230e-03,6.029999999999999770e-03,6.029999999999999770e-03,6.029999999999999770e-03,6.029999999999999770e-03,6.029999999999999770e-03,6.060000000000000282e-03,6.109999999999999980e-03,6.150000000000000085e-03,6.190000000000000190e-03,6.230000000000000294e-03,6.259999999999999939e-03,6.279999999999999992e-03,6.300000000000000044e-03,6.300000000000000044e-03,6.289999999999999584e-03,6.270000000000000399e-03,6.230000000000000294e-03,6.170000000000000137e-03,6.089999999999999927e-03,5.980000000000000072e-03,5.830000000000000113e-03,5.649999999999999641e-03,5.400000000000000286e-03,1.791023900000000140e+02,2.599999999999999881e-03,2.870000000000000155e-03,3.399999999999999811e-03,3.599999999999999901e-03,3.710000000000000190e-03,3.799999999999999992e-03,3.870000000000000176e-03,3.950000000000000386e-03,4.009999999999999676e-03,4.069999999999999833e-03,4.120000000000000398e-03,4.179999999999999688e-03,4.250000000000000305e-03,4.309999999999999595e-03,4.369999999999999753e-03,4.440000000000000370e-03,4.499999999999999660e-03,4.570000000000000277e-03,4.629999999999999567e-03,4.700000000000000185e-03,4.769999999999999934e-03,4.830000000000000092e-03,4.899999999999999842e-03,4.969999999999999592e-03,5.029999999999999749e-03,5.100000000000000366e-03,5.170000000000000116e-03,5.239999999999999866e-03,5.300000000000000024e-03,5.369999999999999774e-03,5.440000000000000391e-03,5.510000000000000141e-03,5.579999999999999891e-03,5.640000000000000048e-03,5.700000000000000205e-03,5.769999999999999955e-03,5.830000000000000113e-03,5.890000000000000270e-03,5.950000000000000427e-03,6.000000000000000125e-03,6.000000000000000125e-03,6.000000000000000125e-03,6.000000000000000125e-03,6.000000000000000125e-03,5.989999999999999665e-03,6.029999999999999770e-03,6.080000000000000335e-03,6.130000000000000032e-03,6.170000000000000137e-03,6.210000000000000242e-03,6.239999999999999887e-03,6.259999999999999939e-03,6.279999999999999992e-03,6.279999999999999992e-03,6.270000000000000399e-03,6.250000000000000347e-03,6.219999999999999835e-03,6.159999999999999677e-03,6.080000000000000335e-03,5.969999999999999613e-03,5.819999999999999653e-03,5.640000000000000048e-03,5.389999999999999826e-03
cmyo*c/cref,3.665226756725145751e+00,3.255138543328017428e-03,3.597720255183413894e-03,4.163907761828814121e-03,4.349088516746412239e-03,4.432356459330142641e-03,4.490262679425837712e-03,4.535009569377989637e-03,4.578416746411483051e-03,4.609047368421051276e-03,4.649870813397129557e-03,4.689354545454546726e-03,4.716371291866028326e-03,4.753271664008505183e-03,4.788832323232323530e-03,4.812214088250930423e-03,4.845191387559807591e-03,4.876853269537479579e-03,4.896575757575757568e-03,4.925654970760234147e-03,4.943010738968633966e-03,4.969481977671451160e-03,4.984446411483253736e-03,5.008360659223816923e-03,5.030935938330675580e-03,5.052172248803827974e-03,5.062259011164273875e-03,5.080940829346093472e-03,5.088636895268474486e-03,5.104708984582668335e-03,5.119470972886762568e-03,5.123533014354066974e-03,5.135713769271663814e-03,5.146526368952684602e-03,5.146984635832003649e-03,5.146295853269537007e-03,5.144460021265283810e-03,5.141477139819244924e-03,5.137347208931420349e-03,5.132070228601807484e-03,5.142573524720893581e-03,5.127166985645932769e-03,5.120242583732057158e-03,5.113318181818182415e-03,5.106393779904305937e-03,5.099469377990430326e-03,5.095264752791068587e-03,5.084715364167996174e-03,5.065036682615630011e-03,5.044701913875597986e-03,5.023678575225944305e-03,4.993955768208400113e-03,4.955858160552897851e-03,4.917416267942583893e-03,4.863191387559809113e-03,4.801299787347155547e-03,4.732066666666667233e-03,4.648255661881977620e-03,4.550383200425305551e-03,4.438965709728868135e-03,4.307316746411483238e-03,4.149094152046783890e-03,3.972361509835193802e-03,3.750143540669857029e-03,2.941240205794790175e+00,3.157970228601808017e-03,3.464918500797449074e-03,4.079909622541201368e-03,4.289511961722488297e-03,4.385077990430621443e-03,4.455090909090909414e-03,4.500124880382774806e-03,4.555351674641149387e-03,4.586173684210525722e-03,4.615847368421052525e-03,4.633127272727273829e-03,4.660622222222221209e-03,4.698001063264220512e-03,4.723081765018607124e-03,4.747037373737373472e-03,4.780588835725677575e-03,4.802153110047845813e-03,4.833121212121212207e-03,4.852294152046783202e-03,4.880703880914406649e-03,4.907749282296649911e-03,4.923287559808612809e-03,4.947775651249335452e-03,4.970924774056353565e-03,4.982828708133970642e-03,5.003395534290271639e-03,5.022650877192983213e-03,5.040540138224348238e-03,5.047566719829877854e-03,5.062902232854864064e-03,5.076870600744284867e-03,5.089529292929292556e-03,5.100820095693779990e-03,5.101756299840509885e-03,5.101545454545454959e-03,5.109042052099946156e-03,5.106441520467836122e-03,5.102693939393939532e-03,5.097799308878257253e-03,5.108516746411483414e-03,5.101658692185007463e-03,5.094768740031898127e-03,5.087878787878788792e-03,5.080988835725677721e-03,5.065642052099946294e-03,5.070040669856458980e-03,5.059749494949495122e-03,5.048565018607124172e-03,5.028402392344497561e-03,5.007551196172249294e-03,4.978000637958533009e-03,4.940075172780436161e-03,4.901805422647528485e-03,4.847752684742159118e-03,4.786033333333333459e-03,4.716972355130250559e-03,4.640794577352471556e-03,4.543008187134502628e-03,4.431676767676768353e-03,4.300113875598085729e-03,4.141977352472088654e-03,3.965330781499202574e-03,3.743198830409356827e-03
cmz,-1.463572470000000067e+03,-4.470999999999999974e-02,-2.409000000000000030e-02,7.280000000000000013e-03,-4.060000000000000241e-03,-4.879999999999999789e-03,-5.839999999999999705e-03,-7.089999999999999948e-03,-9.459999999999999659e-03,-1.142999999999999919e-02,-1.431999999999999940e-02,-1.608000000000000054e-02,-1.858999999999999889e-02,-2.065000000000000169e-02,-2.180999999999999953e-02,-2.408000000000000071e-02,-2.571000000000000021e-02,-2.795999999999999874e-02,-2.877000000000000043e-02,-3.113000000000000142e-02,-3.500000000000000333e-02,-3.790000000000000313e-02,-3.991000000000000103e-02,-4.277000000000000246e-02,-4.587000000000000105e-02,-4.839000000000000246e-02,-5.023999999999999994e-02,-5.315000000000000280e-02,-5.698000000000000287e-02,-6.085000000000000131e-02,-6.415999999999999481e-02,-6.744999999999999607e-02,-6.927999999999999436e-02,-7.228999999999999315e-02,-7.237999999999999989e-02,-7.552999999999999992e-02,-7.771999999999999742e-02,-7.835999999999999910e-02,-7.409000000000000308e-02,-7.070999999999999508e-02,-7.109000000000000041e-02,-7.595000000000000362e-02,-7.879999999999999505e-02,-7.759000000000000619e-02,-6.208000000000000324e-02,-6.726000000000000034e-02,-7.686999999999999389e-02,-8.329000000000000292e-02,-8.241999999999999327e-02,-8.319999999999999618e-02,-8.290999999999999759e-02,-8.228000000000000591e-02,-8.089999999999999969e-02,-7.945000000000000673e-02,-7.774999999999999967e-02,-7.427000000000000268e-02,-7.249999999999999500e-02,-6.901000000000000190e-02,-6.314000000000000168e-02,-5.426999999999999880e-02,-4.345000000000000251e-02,-2.920000000000000026e-02,-9.020000000000000240e-03,1.740000000000000010e-03,1.101237399999999980e+03,6.568999999999999839e-02,2.197999999999999954e-02,-1.222999999999999955e-02,4.400000000000000265e-03,4.309999999999999595e-03,5.020000000000000157e-03,5.810000000000000060e-03,6.830000000000000134e-03,8.460000000000000506e-03,1.237000000000000079e-02,1.439999999999999961e-02,1.694999999999999979e-02,1.923000000000000057e-02,2.066000000000000128e-02,2.280000000000000082e-02,2.367999999999999966e-02,2.542000000000000162e-02,2.708999999999999950e-02,2.944000000000000089e-02,3.244999999999999968e-02,3.502000000000000252e-02,3.674000000000000182e-02,3.978999999999999898e-02,4.243999999999999856e-02,4.474999999999999811e-02,4.623000000000000026e-02,4.798999999999999794e-02,5.041000000000000342e-02,5.306999999999999912e-02,5.666000000000000203e-02,5.929000000000000242e-02,6.124999999999999889e-02,6.517000000000000570e-02,6.629999999999999782e-02,6.980999999999999706e-02,7.141999999999999738e-02,7.192999999999999394e-02,6.858000000000000207e-02,6.551999999999999491e-02,6.636000000000000232e-02,7.087999999999999856e-02,7.352999999999999814e-02,7.198000000000000231e-02,5.650999999999999773e-02,5.802000000000000213e-02,7.012000000000000177e-02,7.587000000000000688e-02,7.326000000000000567e-02,7.459999999999999964e-02,7.657999999999999530e-02,7.625999999999999446e-02,7.600999999999999424e-02,7.524999999999999745e-02,7.352000000000000202e-02,7.026000000000000301e-02,6.913999999999999313e-02,6.615000000000000047e-02,6.110999999999999766e-02,5.240000000000000213e-02,4.263000000000000123e-02,2.859000000000000083e-02,8.619999999999999191e-03,-2.500000000000000052e-03
cmz*c/cref,-2.403495672424242358e+01,-5.430494189261032140e-02,-2.908358421052632120e-02,8.735806485911748812e-03,-4.837616267942584231e-03,-5.767973205741626017e-03,-6.846771291866028501e-03,-8.244414832535884238e-03,-1.090977894736842174e-02,-1.307231052631578627e-02,-1.624052440191387642e-02,-1.808269090909091215e-02,-2.072750409356724846e-02,-2.282675810738968650e-02,-2.390032791068580700e-02,-2.615758809144072203e-02,-2.768219346092503849e-02,-2.983737799043061772e-02,-3.042645454545454820e-02,-3.262460409356725266e-02,-3.634566719829877834e-02,-3.899448591174906747e-02,-4.068082950558214034e-02,-4.318701318447634718e-02,-4.587853508771930905e-02,-4.793619904306219842e-02,-4.928835130249867302e-02,-5.163518261562999312e-02,-5.481106432748537871e-02,-5.795178017012227178e-02,-6.049083934077617575e-02,-6.294759595959595333e-02,-6.399321041998935755e-02,-6.608212987772460467e-02,-6.547253918128655148e-02,-6.759995231259968707e-02,-6.881711408825091913e-02,-6.863477830940988011e-02,-6.418651850079745702e-02,-6.058241834130781434e-02,-6.052740925039871989e-02,-6.457849627857523145e-02,-6.691129611908558372e-02,-6.579475252525253393e-02,-5.257129782030834503e-02,-5.688064848484847974e-02,-6.463250850611376719e-02,-6.931357490696438139e-02,-6.787972737905369203e-02,-6.780600956937798962e-02,-6.685604986709196840e-02,-6.563940584795323330e-02,-6.384218553960660514e-02,-6.201408293460925619e-02,-6.001795720361510073e-02,-5.669197698032961419e-02,-5.471687931951089989e-02,-5.148894433811802146e-02,-4.656583391812865735e-02,-3.955708851674641369e-02,-3.129647368421052678e-02,-2.078105475810738956e-02,-6.341716959064327801e-03,1.208379585326953883e-03,1.808464821158957747e+01,7.978733242955875216e-02,2.653620510366826515e-02,-1.467567490696438000e-02,5.242736842105263570e-03,5.094255023923443745e-03,5.885409569377990369e-03,6.756001435406698737e-03,7.876722009569379207e-03,9.675568421052630971e-03,1.402900047846890146e-02,1.619345454545454907e-02,1.889893460925039584e-02,2.125707304625199315e-02,2.264010887825624804e-02,2.476715151515151633e-02,2.549647379053694707e-02,2.712682934609250349e-02,2.864972727272727462e-02,3.085346432748537968e-02,3.369762573099414904e-02,3.603131653375863525e-02,3.744960350877193228e-02,4.017795778841042054e-02,4.244789686337055445e-02,4.433033492822965882e-02,4.535430893141945835e-02,4.662224673046252293e-02,4.849115045188729517e-02,5.054233317384369817e-02,5.341974683678894081e-02,5.533229005847953297e-02,5.657598351940457126e-02,5.957355656565656993e-02,5.997277352472089179e-02,6.248050669856459322e-02,6.323878394471024733e-02,6.300280249867090676e-02,5.941303062200957441e-02,5.613576650717703315e-02,5.650019521531100819e-02,6.026759468367889200e-02,6.243639090909090805e-02,6.103758585858586744e-02,4.785444651780967201e-02,4.906653620414672817e-02,5.895708984582669065e-02,6.313868325358852618e-02,6.033570526315790161e-02,6.079721531100478610e-02,6.175173439659754904e-02,6.083691164274322022e-02,5.998324502923976786e-02,5.873580542264753013e-02,5.675267155768209254e-02,5.363105295055821398e-02,5.218103498139287089e-02,4.935507416267942427e-02,4.506870622009569172e-02,3.819405635300372748e-02,3.070583827751196052e-02,2.034692998405103828e-02,6.060487825624667410e-03,-1.736177565124933601e-03
cmzi,-1.387032909999999902e+03,-4.646999999999999742e-02,-2.639999999999999986e-02,4.199999999999999740e-03,-7.779999999999999589e-03,-9.259999999999999135e-03,-1.085999999999999986e-02,-1.277000000000000010e-02,-1.581000000000000114e-02,-1.845000000000000112e-02,-2.203000000000000097e-02,-2.449000000000000135e-02,-2.770999999999999852e-02,-3.049999999999999933e-02,-3.239999999999999825e-02,-3.542000000000000010e-02,-3.781000000000000333e-02,-4.082999999999999824e-02,-4.243000000000000244e-02,-4.556999999999999940e-02,-5.025000000000000300e-02,-5.394999999999999796e-02,-5.677999999999999714e-02,-6.045999999999999985e-02,-6.443000000000000116e-02,-6.780999999999999528e-02,-7.051999999999999935e-02,-7.430000000000000493e-02,-7.902000000000000690e-02,-8.377999999999999337e-02,-8.798999999999999877e-02,-9.218999999999999417e-02,-9.493999999999999662e-02,-9.886999999999999955e-02,-9.989000000000000656e-02,-1.039599999999999969e-01,-1.070799999999999946e-01,-1.086400000000000005e-01,-1.053000000000000047e-01,-1.028700000000000031e-01,-1.038300000000000056e-01,-1.087499999999999994e-01,-1.116700000000000054e-01,-1.105300000000000032e-01,-9.508999999999999397e-02,-1.003300000000000025e-01,-1.104500000000000065e-01,-1.176900000000000029e-01,-1.176100000000000062e-01,-1.191900000000000043e-01,-1.196699999999999986e-01,-1.197799999999999976e-01,-1.190900000000000014e-01,-1.182700000000000001e-01,-1.171399999999999941e-01,-1.141500000000000015e-01,-1.127900000000000014e-01,-1.095799999999999969e-01,-1.038499999999999979e-01,-9.493000000000000049e-02,-8.387000000000000011e-02,-6.908000000000000251e-02,-4.809000000000000080e-02,-3.604000000000000259e-02,1.039816579999999931e+03,6.740000000000000158e-02,2.419999999999999929e-02,-9.209999999999999437e-03,8.070000000000000784e-03,8.640000000000000110e-03,1.000999999999999980e-02,1.145999999999999970e-02,1.315000000000000023e-02,1.544000000000000060e-02,2.001999999999999960e-02,2.272000000000000061e-02,2.597999999999999962e-02,2.895999999999999963e-02,3.110999999999999877e-02,3.398000000000000326e-02,3.561999999999999889e-02,3.812000000000000111e-02,4.055000000000000271e-02,4.367999999999999661e-02,4.748999999999999749e-02,5.086999999999999855e-02,5.340000000000000302e-02,5.727999999999999758e-02,6.076999999999999763e-02,6.393000000000000071e-02,6.626999999999999558e-02,6.890000000000000291e-02,7.220000000000000029e-02,7.575999999999999401e-02,8.025000000000000189e-02,8.379999999999999949e-02,8.669000000000000317e-02,9.153000000000000025e-02,9.357999999999999652e-02,9.800000000000000377e-02,1.005400000000000044e-01,1.019800000000000012e-01,9.957000000000000572e-02,9.746000000000000496e-02,9.890000000000000180e-02,1.034800000000000025e-01,1.062000000000000027e-01,1.047300000000000036e-01,8.933000000000000662e-02,9.089999999999999469e-02,1.035299999999999970e-01,1.101300000000000057e-01,1.083400000000000057e-01,1.104900000000000049e-01,1.132200000000000012e-01,1.136299999999999949e-01,1.140700000000000047e-01,1.139499999999999957e-01,1.127900000000000014e-01,1.100300000000000028e-01,1.093200000000000005e-01,1.066099999999999964e-01,1.017200000000000049e-01,9.297999999999999321e-02,8.297000000000000208e-02,6.840999999999999859e-02,4.764999999999999791e-02,3.527000000000000274e-02
cmzi*c/cref,-2.277801519930887508e+01,-5.644264481658693017e-02,-3.187242105263158459e-02,5.039888357256778161e-03,-9.270111961722489122e-03,-1.094496555023923186e-02,-1.273218086124401974e-02,-1.484924928229664973e-02,-1.823293923444976525e-02,-2.110097368421052361e-02,-2.498454976076555298e-02,-2.754011818181818783e-02,-3.089613439659754865e-02,-3.371506645401381452e-02,-3.550530143540669981e-02,-3.847598713450292585e-02,-4.071037474747474932e-02,-4.357153588516745474e-02,-4.487293939393939557e-02,-4.775789298245614045e-02,-5.218199362041467393e-02,-5.550798192450823176e-02,-5.787665996810207464e-02,-6.104949303561935103e-02,-6.444198856990963897e-02,-6.717407846889951462e-02,-6.918420648591175337e-02,-7.218239074960128288e-02,-7.601211483253587919e-02,-7.978964901648058494e-02,-8.295805725677830866e-02,-8.603615821371610184e-02,-8.769508367889419787e-02,-9.037958474215843085e-02,-9.035716964380648142e-02,-9.304502902711322965e-02,-9.481390345560870847e-02,-9.515674215842637174e-02,-9.122473205741626900e-02,-8.813623779904307398e-02,-8.840288229665071995e-02,-9.246756379585326091e-02,-9.482213753322700500e-02,-9.372720707070708590e-02,-8.052520473152577352e-02,-8.484739016480595530e-02,-9.286666533758639042e-02,-9.794110494417863910e-02,-9.686162020202021550e-02,-9.713699856459330484e-02,-9.649817256778309149e-02,-9.555527506645401792e-02,-9.397980069112175927e-02,-9.231473365231260275e-02,-9.042448240297713824e-02,-8.713328628389155339e-02,-8.512436990962254924e-02,-8.175856427432216800e-02,-7.658951302498670510e-02,-6.919392690058480400e-02,-6.041047751196172017e-02,-4.916285146198830225e-02,-3.381077256778309420e-02,-2.502873577884104361e-02,1.707598838713450107e+01,8.186430515683149056e-02,2.921638596491228299e-02,-1.105175518341307804e-02,9.615655980861245386e-03,1.021214928229664982e-02,1.173564736842105244e-02,1.332595119617224766e-02,1.516528468899521788e-02,1.765848421052631373e-02,2.270497894736842048e-02,2.554967272727273059e-02,2.896721658692184842e-02,3.201273195108984143e-02,3.409166443381179967e-02,3.691174598617756597e-02,3.835238160552897208e-02,4.067957256778308855e-02,4.288469696969697542e-02,4.577715087719298054e-02,4.931587814992025032e-02,5.233903689526846897e-02,5.443137799043062941e-02,5.783848761297182006e-02,6.078130754917597522e-02,6.333046507177032824e-02,6.501471020733652628e-02,6.693629505582138206e-02,6.945171717171716441e-02,7.215163296119084246e-02,7.566068979266347971e-02,7.820620520999467529e-02,8.007464508240297318e-02,8.366990382775120472e-02,8.464935364167995580e-02,8.771078149920255584e-02,8.902306549707601768e-02,8.932331153641680233e-02,8.626065119617225274e-02,8.350109590643275959e-02,8.420538437001594267e-02,8.798660691121742983e-02,9.017740669856459668e-02,8.880892424242425864e-02,7.564745544922914233e-02,7.687259808612439960e-02,8.704831020733651281e-02,9.164970590111642945e-02,8.922700393407763386e-02,9.004670669856459919e-02,9.129709282296651074e-02,9.064907251461988558e-02,9.001827076023392882e-02,8.894279106858053729e-02,8.706656454013823876e-02,8.398839675704412866e-02,8.250550685805423112e-02,7.954262216905901017e-02,7.501863519404572411e-02,6.777258320042529871e-02,5.976221913875597730e-02,4.868602589048378476e-02,3.350142052099946977e-02,2.449399308878256673e-02
cmzo,-7.653955999999999449e+01,1.760000000000000063e-03,2.299999999999999961e-03,3.079999999999999839e-03,3.720000000000000216e-03,4.380000000000000213e-03,5.029999999999999749e-03,5.680000000000000153e-03,6.349999999999999742e-03,7.020000000000000198e-03,7.709999999999999840e-03,8.410000000000000808e-03,9.129999999999999227e-03,9.849999999999999381e-03,1.059000000000000045e-02,1.133999999999999939e-02,1.209999999999999964e-02,1.286999999999999950e-02,1.365000000000000067e-02,1.443999999999999971e-02,1.524000000000000007e-02,1.604999999999999830e-02,1.686999999999999958e-02,1.770000000000000046e-02,1.855000000000000052e-02,1.941999999999999976e-02,2.027999999999999942e-02,2.114999999999999866e-02,2.204000000000000056e-02,2.292999999999999899e-02,2.383000000000000049e-02,2.474000000000000157e-02,2.565999999999999878e-02,2.657999999999999946e-02,2.750000000000000014e-02,2.843000000000000041e-02,2.936000000000000068e-02,3.029000000000000095e-02,3.121000000000000163e-02,3.216000000000000109e-02,3.275000000000000133e-02,3.280999999999999889e-02,3.287000000000000338e-02,3.295000000000000012e-02,3.300999999999999768e-02,3.307000000000000217e-02,3.359000000000000180e-02,3.441000000000000308e-02,3.520000000000000212e-02,3.599000000000000116e-02,3.676000000000000101e-02,3.749000000000000249e-02,3.819000000000000172e-02,3.882000000000000034e-02,3.939000000000000140e-02,3.987999999999999878e-02,4.028999999999999942e-02,4.055999999999999883e-02,4.071000000000000313e-02,4.066000000000000170e-02,4.041999999999999760e-02,3.987999999999999878e-02,3.907999999999999668e-02,3.778999999999999720e-02,6.142081999999999908e+01,-1.709999999999999932e-03,-2.220000000000000185e-03,-3.020000000000000115e-03,-3.670000000000000085e-03,-4.329999999999999648e-03,-4.989999999999999644e-03,-5.649999999999999641e-03,-6.329999999999999689e-03,-6.980000000000000093e-03,-7.649999999999999682e-03,-8.330000000000000598e-03,-9.020000000000000240e-03,-9.730000000000000801e-03,-1.044999999999999922e-02,-1.119000000000000029e-02,-1.193999999999999923e-02,-1.268999999999999989e-02,-1.345999999999999974e-02,-1.425000000000000051e-02,-1.503999999999999955e-02,-1.584999999999999951e-02,-1.666000000000000120e-02,-1.748999999999999860e-02,-1.832999999999999907e-02,-1.917999999999999913e-02,-2.003999999999999879e-02,-2.091000000000000150e-02,-2.179000000000000034e-02,-2.268999999999999836e-02,-2.358999999999999986e-02,-2.451000000000000054e-02,-2.545000000000000040e-02,-2.637000000000000108e-02,-2.727999999999999869e-02,-2.818999999999999978e-02,-2.912000000000000005e-02,-3.005000000000000032e-02,-3.099000000000000019e-02,-3.194000000000000311e-02,-3.253000000000000336e-02,-3.259999999999999704e-02,-3.266999999999999765e-02,-3.275000000000000133e-02,-3.282000000000000195e-02,-3.287999999999999950e-02,-3.341000000000000220e-02,-3.425000000000000266e-02,-3.509000000000000313e-02,-3.588000000000000217e-02,-3.663999999999999896e-02,-3.737999999999999656e-02,-3.806999999999999967e-02,-3.869999999999999829e-02,-3.926999999999999935e-02,-3.975999999999999673e-02,-4.018000000000000044e-02,-4.044999999999999984e-02,-4.061000000000000026e-02,-4.057999999999999802e-02,-4.034000000000000086e-02,-3.982000000000000123e-02,-3.903999999999999831e-02,-3.776999999999999802e-02
cmzo*c/cref,-1.256941524933545828e+00,2.137702923976608771e-03,2.776763955342903111e-03,3.695918128654970651e-03,4.432495693779904891e-03,5.176992344497606709e-03,5.897133492822966179e-03,6.604834449760765488e-03,7.323160287081340036e-03,8.028663157894735600e-03,8.744025358851674826e-03,9.457427272727275680e-03,1.017978011695906335e-02,1.088830834662413323e-02,1.160497352472089454e-02,1.231839904306220035e-02,1.302818128654970563e-02,1.373415789473684048e-02,1.443590909090909299e-02,1.513328888888888779e-02,1.582594194577352509e-02,1.651349601275916776e-02,1.719583046251993777e-02,1.787257735247209031e-02,1.855345162147794061e-02,1.923787942583731966e-02,1.989585518341307688e-02,2.054720813397129323e-02,2.120105050505050395e-02,2.183786884635831663e-02,2.246721791600212598e-02,2.308856225412014851e-02,2.370187325890483684e-02,2.429745486443381230e-02,2.487558479532163760e-02,2.544507671451355646e-02,2.599678936735778587e-02,2.653072275385433276e-02,2.703821355661882239e-02,2.755381945773524924e-02,2.788398724082934502e-02,2.789757028176501757e-02,2.791084141414141434e-02,2.794093434343434754e-02,2.795390691121743543e-02,2.796674167995746862e-02,2.824256485911749021e-02,2.863585199362041894e-02,2.899012865497076555e-02,2.933098899521531175e-02,2.964212270069112309e-02,2.990789165337586972e-02,3.013761515151515760e-02,3.030065071770335003e-02,3.040652519936204445e-02,3.044130930356193226e-02,3.040749059011164240e-02,3.026215885167463787e-02,3.002367910685805469e-02,2.963683838383838684e-02,2.911400382775119339e-02,2.838179670388091269e-02,2.747608633705475589e-02,2.624406007442849423e-02,1.008659824455077070e+00,-2.076972727272727564e-03,-2.680180861244020000e-03,-3.623919723551302825e-03,-4.372919138755980949e-03,-5.117894258373204344e-03,-5.850237799043062070e-03,-6.569949760765549790e-03,-7.300095215311005505e-03,-7.982915789473682758e-03,-8.675978468899520762e-03,-9.367463636363638352e-03,-1.005713216374268942e-02,-1.075565890483785175e-02,-1.145155555555555510e-02,-1.215545725677831014e-02,-1.285590781499202327e-02,-1.354207177033492707e-02,-1.423496969696969733e-02,-1.493416666666666677e-02,-1.561825241892610128e-02,-1.630772036150983373e-02,-1.698177448165869366e-02,-1.766052982456140300e-02,-1.833341068580542424e-02,-1.900013014354066943e-02,-1.966040127591706446e-02,-2.031404832535885566e-02,-2.096056671982987618e-02,-2.160929978734715470e-02,-2.224094295587453543e-02,-2.287391515151514926e-02,-2.350789845826687860e-02,-2.410548851674641432e-02,-2.467658011695906053e-02,-2.523027480063795916e-02,-2.578428155236575994e-02,-2.632050903774587822e-02,-2.684762057416268180e-02,-2.736532939925571950e-02,-2.769667496012759300e-02,-2.771901222753854130e-02,-2.774101578947368169e-02,-2.777133838383838774e-02,-2.779300893141945991e-02,-2.780606188197767142e-02,-2.809122036150983603e-02,-2.850270069112174551e-02,-2.889953450292398127e-02,-2.924134162679425941e-02,-2.954535842636895129e-02,-2.982013843700159414e-02,-3.004291722488038746e-02,-3.020698564593301411e-02,-3.031389298245614275e-02,-3.034971057947899800e-02,-3.032447187666135330e-02,-3.018008692185007724e-02,-2.994992897395002546e-02,-2.957852684742158511e-02,-2.905638086124401678e-02,-2.833909590643274995e-02,-2.744796342371079098e-02,-2.623017065390749469e-02
cs,-2.319106999999999985e+01,2.246000000000000080e-02,3.683999999999999775e-02,4.982999999999999929e-02,2.589999999999999941e-02,2.500000000000000139e-02,2.513999999999999915e-02,2.477999999999999994e-02,2.528000000000000039e-02,2.500000000000000139e-02,2.523999999999999855e-02,2.493000000000000077e-02,2.520999999999999977e-02,2.511000000000000038e-02,2.522999999999999896e-02,2.511000000000000038e-02,2.511999999999999997e-02,2.517000000000000140e-02,2.491000000000000159e-02,2.491000000000000159e-02,2.494999999999999996e-02,2.494000000000000036e-02,2.495999999999999955e-02,2.485000000000000056e-02,2.497999999999999873e-02,2.494999999999999996e-02,2.489999999999999852e-02,2.475000000000000117e-02,2.463999999999999871e-02,2.455999999999999850e-02,2.443999999999999992e-02,2.429999999999999868e-02,2.416000000000000092e-02,2.408000000000000071e-02,2.399000000000000091e-02,2.384999999999999967e-02,2.365000000000000088e-02,2.392000000000000029e-02,2.394999999999999907e-02,2.494000000000000036e-02,3.520000000000000212e-02,2.291999999999999940e-02,2.171999999999999972e-02,2.162999999999999992e-02,2.161000000000000074e-02,1.586999999999999869e-02,2.171999999999999972e-02,2.255000000000000060e-02,2.204000000000000056e-02,2.135000000000000092e-02,2.088999999999999885e-02,2.042000000000000065e-02,1.982000000000000081e-02,1.908999999999999933e-02,1.837000000000000091e-02,1.753000000000000044e-02,1.643000000000000016e-02,1.488000000000000086e-02,1.328000000000000014e-02,1.132999999999999979e-02,8.240000000000000796e-03,1.479999999999999979e-03,-1.148000000000000062e-02,-2.806699999999999751e-01,1.725225999999999971e+01,-2.613000000000000045e-02,-3.962000000000000244e-02,-5.412999999999999756e-02,-2.528999999999999998e-02,-2.472999999999999851e-02,-2.493000000000000077e-02,-2.468000000000000055e-02,-2.521999999999999936e-02,-2.501000000000000098e-02,-2.523999999999999855e-02,-2.469999999999999973e-02,-2.486000000000000015e-02,-2.467000000000000096e-02,-2.475000000000000117e-02,-2.462999999999999912e-02,-2.469000000000000014e-02,-2.477000000000000035e-02,-2.451000000000000054e-02,-2.447999999999999829e-02,-2.452999999999999972e-02,-2.452000000000000013e-02,-2.451000000000000054e-02,-2.443000000000000033e-02,-2.452999999999999972e-02,-2.449000000000000135e-02,-2.446999999999999870e-02,-2.444999999999999951e-02,-2.450000000000000094e-02,-2.442000000000000073e-02,-2.430999999999999828e-02,-2.418999999999999970e-02,-2.407000000000000112e-02,-2.398000000000000131e-02,-2.378999999999999865e-02,-2.365000000000000088e-02,-2.352999999999999883e-02,-2.374000000000000069e-02,-2.378999999999999865e-02,-2.462999999999999912e-02,-3.422000000000000042e-02,-2.291999999999999940e-02,-2.185000000000000137e-02,-2.178000000000000075e-02,-2.191999999999999851e-02,-1.703000000000000000e-02,-2.174999999999999850e-02,-2.264000000000000040e-02,-2.225999999999999854e-02,-2.159000000000000155e-02,-2.108000000000000151e-02,-2.059000000000000066e-02,-1.999000000000000082e-02,-1.923000000000000057e-02,-1.847000000000000031e-02,-1.764999999999999902e-02,-1.660999999999999976e-02,-1.515000000000000027e-02,-1.353000000000000036e-02,-1.146999999999999929e-02,-8.309999999999999679e-03,-1.449999999999999900e-03,1.142999999999999919e-02,2.783499999999999863e-01
cs*c/cref,-3.808464392876129700e-01,2.728000435938331136e-02,4.447651483253588917e-02,5.979467543859649098e-02,3.086065550239234720e-02,2.954904306220095325e-02,2.947394354066985508e-02,2.881475311004784434e-02,2.915425071770335122e-02,2.859210526315789092e-02,2.862505837320573898e-02,2.803491818181818793e-02,2.810868091440722749e-02,2.775689569377990176e-02,2.764810972886762308e-02,2.727645502392344462e-02,2.704693503455608480e-02,2.686004306220095630e-02,2.634421212121212247e-02,2.610597134502923994e-02,2.590926847421583940e-02,2.566022371079212938e-02,2.544208229665071916e-02,2.509229080276448656e-02,2.498464805954279944e-02,2.471601913875598119e-02,2.442834290271132455e-02,2.404460526315789839e-02,2.370208187134502376e-02,2.339023370547580957e-02,2.304233343965975470e-02,2.267793301435406389e-02,2.231633896863370603e-02,2.201214120148857131e-02,2.170055560871876621e-02,2.134594019138755933e-02,2.094087426900584706e-02,2.095130037214247565e-02,2.074864513556618634e-02,2.136791844763423834e-02,2.996996491228070408e-02,1.948833620414672924e-02,1.844306283891546799e-02,1.834180303030303119e-02,1.830002812333864776e-02,1.342099154704944064e-02,1.826223604465709513e-02,1.876601169590643228e-02,1.815177373737373798e-02,1.739973923444976256e-02,1.684504742158426244e-02,1.629018798511430374e-02,1.564094088250930770e-02,1.490055183413078153e-02,1.418044853801169770e-02,1.338104694311536419e-02,1.239997692716640100e-02,1.110209377990430644e-02,9.794017650186071997e-03,8.258371345029240015e-03,5.935165550239234443e-03,1.053286337054758085e-03,-8.071276129718234910e-03,-1.949171828814460217e-01,2.833186131844763200e-01,-3.173760079744816776e-02,-4.783277735247210005e-02,-6.495456113769271234e-02,-3.013382153110048117e-02,-2.922991339712917996e-02,-2.922774114832536047e-02,-2.869847081339712766e-02,-2.908505550239234849e-02,-2.860354210526315499e-02,-2.862505837320573898e-02,-2.777627272727273278e-02,-2.771843742690058288e-02,-2.727051440723019318e-02,-2.712210526315789530e-02,-2.675504130781498902e-02,-2.658395007974481347e-02,-2.643318500797448012e-02,-2.592118181818181891e-02,-2.565532631578947009e-02,-2.547312046783625425e-02,-2.522809484316852410e-02,-2.498339090909091134e-02,-2.466819574694311540e-02,-2.453456432748538432e-02,-2.426033301435406853e-02,-2.400648798511429913e-02,-2.375315550239234449e-02,-2.356741095162147651e-02,-2.325690175438596338e-02,-2.291976783625730707e-02,-2.257527570441254447e-02,-2.223320691121743672e-02,-2.192072865497076209e-02,-2.151964226475278769e-02,-2.116693859649122766e-02,-2.083462036150983410e-02,-2.079364008506113734e-02,-2.061003205741626654e-02,-2.110231881977671711e-02,-2.913557384370015976e-02,-1.948833620414672924e-02,-1.855344949494949422e-02,-1.846900000000000278e-02,-1.856254587985113960e-02,-1.440198399787347150e-02,-1.828746012759170647e-02,-1.884090930356193544e-02,-1.833296204146730307e-02,-1.759533349282296766e-02,-1.699825752259436634e-02,-1.642580659223817283e-02,-1.577509627857522773e-02,-1.500982775119617287e-02,-1.425764205209994855e-02,-1.347264566719829845e-02,-1.253582573099415280e-02,-1.130354306220095716e-02,-9.978392982456139870e-03,-8.360416533758638705e-03,-5.985585645933013538e-03,-1.031935938330674979e-03,8.036122488038277903e-03,1.933060101010100895e-01
csi,-1.962431000000000125e+01,2.247000000000000039e-02,3.685000000000000081e-02,4.984000000000000236e-02,2.591999999999999860e-02,2.501000000000000098e-02,2.514999999999999875e-02,2.478999999999999954e-02,2.528999999999999998e-02,2.501000000000000098e-02,2.525000000000000161e-02,2.494000000000000036e-02,2.521999999999999936e-02,2.511999999999999997e-02,2.523999999999999855e-02,2.511999999999999997e-02,2.512999999999999956e-02,2.518000000000000099e-02,2.492000000000000118e-02,2.492000000000000118e-02,2.495999999999999955e-02,2.494999999999999996e-02,2.496999999999999914e-02,2.486000000000000015e-02,2.498999999999999833e-02,2.495999999999999955e-02,2.491000000000000159e-02,2.476000000000000076e-02,2.464999999999999830e-02,2.457000000000000156e-02,2.443999999999999992e-02,2.430999999999999828e-02,2.417000000000000051e-02,2.408000000000000071e-02,2.399000000000000091e-02,2.385999999999999927e-02,2.365000000000000088e-02,2.392000000000000029e-02,2.394999999999999907e-02,2.494000000000000036e-02,3.520999999999999824e-02,2.292999999999999899e-02,2.172999999999999932e-02,2.162999999999999992e-02,2.162000000000000033e-02,1.586999999999999869e-02,2.171999999999999972e-02,2.255000000000000060e-02,2.205000000000000016e-02,2.136000000000000051e-02,2.089999999999999844e-02,2.043000000000000024e-02,1.982000000000000081e-02,1.909999999999999892e-02,1.837000000000000091e-02,1.753000000000000044e-02,1.643000000000000016e-02,1.488000000000000086e-02,1.328000000000000014e-02,1.132999999999999979e-02,8.240000000000000796e-03,1.479999999999999979e-03,-1.148000000000000062e-02,-2.806699999999999751e-01,1.439002999999999943e+01,-2.613000000000000045e-02,-3.962999999999999856e-02,-5.414000000000000062e-02,-2.529999999999999957e-02,-2.474000000000000157e-02,-2.494000000000000036e-02,-2.469000000000000014e-02,-2.522999999999999896e-02,-2.502000000000000057e-02,-2.525000000000000161e-02,-2.470999999999999933e-02,-2.486999999999999975e-02,-2.468000000000000055e-02,-2.476000000000000076e-02,-2.463999999999999871e-02,-2.469999999999999973e-02,-2.477999999999999994e-02,-2.452000000000000013e-02,-2.449000000000000135e-02,-2.453999999999999931e-02,-2.452999999999999972e-02,-2.452000000000000013e-02,-2.443999999999999992e-02,-2.453999999999999931e-02,-2.450000000000000094e-02,-2.447999999999999829e-02,-2.445999999999999910e-02,-2.450000000000000094e-02,-2.443000000000000033e-02,-2.432000000000000134e-02,-2.419999999999999929e-02,-2.408000000000000071e-02,-2.398000000000000131e-02,-2.380000000000000171e-02,-2.366000000000000048e-02,-2.352999999999999883e-02,-2.374000000000000069e-02,-2.378999999999999865e-02,-2.463999999999999871e-02,-3.422999999999999654e-02,-2.292999999999999899e-02,-2.186000000000000096e-02,-2.179000000000000034e-02,-2.191999999999999851e-02,-1.703999999999999959e-02,-2.176000000000000156e-02,-2.264000000000000040e-02,-2.225999999999999854e-02,-2.160000000000000114e-02,-2.108000000000000151e-02,-2.059000000000000066e-02,-1.999000000000000082e-02,-1.923000000000000057e-02,-1.847000000000000031e-02,-1.764999999999999902e-02,-1.660999999999999976e-02,-1.515999999999999986e-02,-1.353000000000000036e-02,-1.146999999999999929e-02,-8.309999999999999679e-03,-1.449999999999999900e-03,1.142999999999999919e-02,2.783499999999999863e-01
csi*c/cref,-3.222726931951089835e-01,2.729215039872408613e-02,4.448858771929825595e-02,5.980667517278043938e-02,3.088448612440191504e-02,2.956086267942583529e-02,2.948566746411483003e-02,2.882638133971291566e-02,2.916578325358851892e-02,2.860354210526315499e-02,2.863639952153110291e-02,2.804616363636364129e-02,2.811983072833598718e-02,2.776794981392875783e-02,2.765906815523657553e-02,2.728731780967570339e-02,2.705770212652843995e-02,2.687071451355661778e-02,2.635478787878788032e-02,2.611645146198830411e-02,2.591965295055820989e-02,2.567051249335459626e-02,2.545227543859649236e-02,2.510238830409356608e-02,2.499464992025518528e-02,2.472592535885167336e-02,2.443815348219032652e-02,2.405432025518341663e-02,2.371170122275385178e-02,2.339975741626794392e-02,2.304233343965975470e-02,2.268726549707602083e-02,2.232557586390217924e-02,2.201214120148857131e-02,2.170055560871876621e-02,2.135489027113237487e-02,2.094087426900584706e-02,2.095130037214247565e-02,2.074864513556618634e-02,2.136791844763423834e-02,2.997847910685805251e-02,1.949683896863370347e-02,1.845155412014885463e-02,1.834180303030303119e-02,1.830849643806485919e-02,1.342099154704944064e-02,1.826223604465709513e-02,1.876601169590643228e-02,1.816000956937799046e-02,1.740788899521531277e-02,1.685311111111111038e-02,1.629816555023923599e-02,1.564094088250930770e-02,1.490835725677830924e-02,1.418044853801169770e-02,1.338104694311536419e-02,1.239997692716640100e-02,1.110209377990430644e-02,9.794017650186071997e-03,8.258371345029240015e-03,5.935165550239234443e-03,1.053286337054758085e-03,-8.071276129718234910e-03,-1.949171828814460217e-01,2.363147404040403798e-01,-3.173760079744816776e-02,-4.784485023923445296e-02,-6.496656087187666073e-02,-3.014573684210526683e-02,-2.924173301435406547e-02,-2.923946507177033541e-02,-2.871009904306219898e-02,-2.909658803827751272e-02,-2.861497894736841907e-02,-2.863639952153110291e-02,-2.778751818181818614e-02,-2.772958724082934256e-02,-2.728156852737904925e-02,-2.713306368952684774e-02,-2.676590409356724778e-02,-2.659471717171716862e-02,-2.644385645933014159e-02,-2.593175757575757676e-02,-2.566580643274853774e-02,-2.548350494417862475e-02,-2.523838362573099098e-02,-2.499358405103668454e-02,-2.467829324827219492e-02,-2.454456618819777017e-02,-2.427023923444976070e-02,-2.401629856459330109e-02,-2.376287049441786273e-02,-2.356741095162147651e-02,-2.326642546517809426e-02,-2.292919595959596116e-02,-2.258460818713450141e-02,-2.224244380648591340e-02,-2.192072865497076209e-02,-2.152868793195109043e-02,-2.117588867623604668e-02,-2.083462036150983410e-02,-2.079364008506113734e-02,-2.061003205741626654e-02,-2.111088654970760120e-02,-2.914408803827750818e-02,-1.949683896863370347e-02,-1.856194077618288085e-02,-1.847747979797979834e-02,-1.856254587985113960e-02,-1.441044082934609186e-02,-1.829586815523657692e-02,-1.884090930356193544e-02,-1.833296204146730307e-02,-1.760348325358851787e-02,-1.699825752259436634e-02,-1.642580659223817283e-02,-1.577509627857522773e-02,-1.500982775119617287e-02,-1.425764205209994855e-02,-1.347264566719829845e-02,-1.253582573099415280e-02,-1.131100414673046235e-02,-9.978392982456139870e-03,-8.360416533758638705e-03,-5.985585645933013538e-03,-1.031935938330674979e-03,8.036122488038277903e-03,1.933060101010100895e-01
cso,-3.566759999999999931e+00,-1.000000000000000082e-05,-1.000000000000000082e-05,-1.000000000000000082e-05,-1.000000000000000082e-05,-1.000000000000000082e-05,-1.000000000000000082e-05,-1.000000000000000082e-05,-1.000000000000000082e-05,-1.000000000000000082e-05,-1.000000000000000082e-05,-1.000000000000000082e-05,-1.000000000000000082e-05,-1.000000000000000082e-05,-1.000000000000000082e-05,-1.000000000000000082e-05,-1.000000000000000082e-05,-1.000000000000000082e-05,-1.000000000000000082e-05,-1.000000000000000082e-05,-1.000000000000000082e-05,-1.000000000000000082e-05,-1.000000000000000082e-05,-1.000000000000000082e-05,-1.000000000000000082e-05,-1.000000000000000082e-05,-1.000000000000000082e-05,-1.000000000000000082e-05,-1.000000000000000082e-05,-1.000000000000000082e-05,-1.000000000000000082e-05,-1.000000000000000082e-05,-1.000000000000000082e-05,-1.000000000000000082e-05,-1.000000000000000082e-05,-1.000000000000000082e-05,-1.000000000000000082e-05,-1.000000000000000082e-05,-0.000000000000000000e+00,-0.000000000000000000e+00,-0.000000000000000000e+00,-0.000000000000000000e+00,-0.000000000000000000e+00,-0.000000000000000000e+00,-0.000000000000000000e+00,-0.000000000000000000e+00,-0.000000000000000000e+00,-0.000000000000000000e+00,-0.000000000000000000e+00,-0.000000000000000000e+00,-0.000000000000000000e+00,-0.000000000000000000e+00,-0.000000000000000000e+00,-0.000000000000000000e+00,-0.000000000000000000e+00,-0.000000000000000000e+00,-0.000000000000000000e+00,-0.000000000000000000e+00,-0.000000000000000000e+00,-0.000000000000000000e+00,-0.000000000000000000e+00,-0.000000000000000000e+00,-0.000000000000000000e+00,-0.000000000000000000e+00,2.862220000000000208e+00,1.000000000000000082e-05,1.000000000000000082e-05,1.000000000000000082e-05,1.000000000000000082e-05,1.000000000000000082e-05,1.000000000000000082e-05,1.000000000000000082e-05,1.000000000000000082e-05,1.000000000000000082e-05,1.000000000000000082e-05,1.000000000000000082e-05,1.000000000000000082e-05,1.000000000000000082e-05,1.000000000000000082e-05,1.000000000000000082e-05,1.000000000000000082e-05,1.000000000000000082e-05,1.000000000000000082e-05,1.000000000000000082e-05,1.000000000000000082e-05,1.000000000000000082e-05,1.000000000000000082e-05,1.000000000000000082e-05,1.000000000000000082e-05,1.000000000000000082e-05,1.000000000000000082e-05,1.000000000000000082e-05,1.000000000000000082e-05,1.000000000000000082e-05,1.000000000000000082e-05,1.000000000000000082e-05,1.000000000000000082e-05,1.000000000000000082e-05,1.000000000000000082e-05,1.000000000000000082e-05,1.000000000000000082e-05,1.000000000000000082e-05,0.000000000000000000e+00,0.000000000000000000e+00,0.000000000000000000e+00,0.000000000000000000e+00,0.000000000000000000e+00,0.000000000000000000e+00,0.000000000000000000e+00,0.000000000000000000e+00,0.000000000000000000e+00,0.000000000000000000e+00,0.000000000000000000e+00,0.000000000000000000e+00,0.000000000000000000e+00,0.000000000000000000e+00,0.000000000000000000e+00,0.000000000000000000e+00,0.000000000000000000e+00,0.000000000000000000e+00,0.000000000000000000e+00,0.000000000000000000e+00,0.000000000000000000e+00,0.000000000000000000e+00,0.000000000000000000e+00,0.000000000000000000e+00,0.000000000000000000e+00,0.000000000000000000e+00
cso*c/cref,-5.857374609250397962e-02,-1.214603934077618481e-05,-1.207288676236044990e-05,-1.199973418394471160e-05,-1.191531100478469024e-05,-1.181961722488038243e-05,-1.172392344497607801e-05,-1.162822966507177020e-05,-1.153253588516746578e-05,-1.143684210526315797e-05,-1.134114832535885355e-05,-1.124545454545454913e-05,-1.114981392876129635e-05,-1.105412014885699024e-05,-1.095842636895268582e-05,-1.086278575225943643e-05,-1.076709197235513032e-05,-1.067145135566188093e-05,-1.057575757575757650e-05,-1.048011695906432881e-05,-1.038447634237107942e-05,-1.028878256246677330e-05,-1.019314194577352561e-05,-1.009750132908027622e-05,-1.000186071238703022e-05,-9.906220095693780826e-06,-9.810579479000533130e-06,-9.714992025518342158e-06,-9.619351408825092768e-06,-9.523710792131845072e-06,-9.428123338649655794e-06,-9.332482721956406404e-06,-9.236895268474217127e-06,-9.141254651780969431e-06,-9.045667198298776765e-06,-8.950079744816587487e-06,-8.854492291334396516e-06,-8.758904837852207238e-06,-0.000000000000000000e+00,-0.000000000000000000e+00,-0.000000000000000000e+00,-0.000000000000000000e+00,-0.000000000000000000e+00,-0.000000000000000000e+00,-0.000000000000000000e+00,-0.000000000000000000e+00,-0.000000000000000000e+00,-0.000000000000000000e+00,-0.000000000000000000e+00,-0.000000000000000000e+00,-0.000000000000000000e+00,-0.000000000000000000e+00,-0.000000000000000000e+00,-0.000000000000000000e+00,-0.000000000000000000e+00,-0.000000000000000000e+00,-0.000000000000000000e+00,-0.000000000000000000e+00,-0.000000000000000000e+00,-0.000000000000000000e+00,-0.000000000000000000e+00,-0.000000000000000000e+00,-0.000000000000000000e+00,-0.000000000000000000e+00,4.700370855927698405e-02,1.214603934077618481e-05,1.207288676236044990e-05,1.199973418394471160e-05,1.191531100478469024e-05,1.181961722488038243e-05,1.172392344497607801e-05,1.162822966507177020e-05,1.153253588516746578e-05,1.143684210526315797e-05,1.134114832535885355e-05,1.124545454545454913e-05,1.114981392876129635e-05,1.105412014885699024e-05,1.095842636895268582e-05,1.086278575225943643e-05,1.076709197235513032e-05,1.067145135566188093e-05,1.057575757575757650e-05,1.048011695906432881e-05,1.038447634237107942e-05,1.028878256246677330e-05,1.019314194577352561e-05,1.009750132908027622e-05,1.000186071238703022e-05,9.906220095693780826e-06,9.810579479000533130e-06,9.714992025518342158e-06,9.619351408825092768e-06,9.523710792131845072e-06,9.428123338649655794e-06,9.332482721956406404e-06,9.236895268474217127e-06,9.141254651780969431e-06,9.045667198298776765e-06,8.950079744816587487e-06,8.854492291334396516e-06,8.758904837852207238e-06,0.000000000000000000e+00,0.000000000000000000e+00,0.000000000000000000e+00,0.000000000000000000e+00,0.000000000000000000e+00,0.000000000000000000e+00,0.000000000000000000e+00,0.000000000000000000e+00,0.000000000000000000e+00,0.000000000000000000e+00,0.000000000000000000e+00,0.000000000000000000e+00,0.000000000000000000e+00,0.000000000000000000e+00,0.000000000000000000e+00,0.000000000000000000e+00,0.000000000000000000e+00,0.000000000000000000e+00,0.000000000000000000e+00,0.000000000000000000e+00,0.000000000000000000e+00,0.000000000000000000e+00,0.000000000000000000e+00,0.000000000000000000e+00,0.000000000000000000e+00,0.000000000000000000e+00
cx,-2.316386999999999929e+01,-1.725599999999999912e-01,-1.045500000000000040e-01,-2.376999999999999946e-02,-1.337999999999999953e-02,-1.311999999999999972e-02,-1.312999999999999931e-02,-1.366999999999999986e-02,-1.584999999999999951e-02,-1.697999999999999857e-02,-1.898999999999999994e-02,-1.934999999999999915e-02,-2.048000000000000168e-02,-2.096999999999999906e-02,-2.057000000000000148e-02,-2.112999999999999948e-02,-2.105999999999999886e-02,-2.146999999999999950e-02,-2.077000000000000027e-02,-2.113999999999999907e-02,-2.240999999999999936e-02,-2.297000000000000083e-02,-2.296000000000000124e-02,-2.335999999999999882e-02,-2.384000000000000008e-02,-2.398000000000000131e-02,-2.377999999999999906e-02,-2.402999999999999928e-02,-2.464999999999999830e-02,-2.521999999999999936e-02,-2.547999999999999918e-02,-2.571000000000000021e-02,-2.536000000000000060e-02,-2.543000000000000121e-02,-2.451000000000000054e-02,-2.460999999999999993e-02,-2.440000000000000155e-02,-2.376999999999999946e-02,-2.173999999999999891e-02,-2.014000000000000165e-02,-2.110000000000000070e-02,-2.103999999999999967e-02,-2.157999999999999849e-02,-2.119000000000000050e-02,-1.694999999999999979e-02,-1.813999999999999987e-02,-2.037999999999999881e-02,-2.145000000000000032e-02,-2.052000000000000005e-02,-2.007000000000000103e-02,-1.940000000000000058e-02,-1.868999999999999828e-02,-1.781999999999999904e-02,-1.697999999999999857e-02,-1.612999999999999851e-02,-1.495999999999999934e-02,-1.416000000000000071e-02,-1.306000000000000043e-02,-1.158000000000000002e-02,-9.620000000000000079e-03,-7.389999999999999868e-03,-4.470000000000000015e-03,-4.499999999999999877e-04,1.339000000000000086e-02,-1.804251999999999967e+01,-2.636399999999999855e-01,-1.040599999999999997e-01,-1.841999999999999887e-02,-1.358999999999999965e-02,-1.182000000000000065e-02,-1.158000000000000002e-02,-1.161000000000000053e-02,-1.204000000000000035e-02,-1.315000000000000023e-02,-1.675000000000000100e-02,-1.750000000000000167e-02,-1.880000000000000074e-02,-1.960999999999999896e-02,-1.953999999999999834e-02,-2.003999999999999879e-02,-1.947000000000000119e-02,-1.960999999999999896e-02,-1.960999999999999896e-02,-2.002999999999999919e-02,-2.082000000000000170e-02,-2.127000000000000071e-02,-2.118000000000000091e-02,-2.177000000000000116e-02,-2.210000000000000159e-02,-2.222000000000000017e-02,-2.193000000000000158e-02,-2.176000000000000156e-02,-2.188000000000000014e-02,-2.205000000000000016e-02,-2.255000000000000060e-02,-2.264000000000000040e-02,-2.247000000000000039e-02,-2.298000000000000043e-02,-2.248999999999999957e-02,-2.276999999999999857e-02,-2.245000000000000120e-02,-2.183999999999999830e-02,-2.015000000000000124e-02,-1.867999999999999869e-02,-1.970999999999999835e-02,-1.965000000000000080e-02,-2.016000000000000084e-02,-1.967999999999999958e-02,-1.548000000000000070e-02,-1.573000000000000093e-02,-1.861000000000000154e-02,-1.957000000000000059e-02,-1.828000000000000111e-02,-1.803000000000000089e-02,-1.794000000000000108e-02,-1.733000000000000165e-02,-1.676000000000000059e-02,-1.609000000000000014e-02,-1.524999999999999967e-02,-1.414999999999999938e-02,-1.350999999999999944e-02,-1.252999999999999947e-02,-1.122000000000000081e-02,-9.299999999999999239e-03,-7.250000000000000368e-03,-4.369999999999999753e-03,-4.000000000000000192e-04,1.341999999999999964e-02
cx*c/cref,-3.803997577352471460e-01,-2.095920548644338299e-01,-1.262220311004784989e-01,-2.852336815523657393e-02,-1.594268612440191343e-02,-1.550733779904306039e-02,-1.539351148325358853e-02,-1.589578995215311027e-02,-1.827906937799043258e-02,-1.941975789473683947e-02,-2.153684066985646003e-02,-2.175995454545454760e-02,-2.283481892610313493e-02,-2.318048995215310493e-02,-2.254148304093567604e-02,-2.295306629452418742e-02,-2.267549569377990196e-02,-2.291160606060605592e-02,-2.196584848484848737e-02,-2.215496725146198775e-02,-2.327161148325358753e-02,-2.363333354598617583e-02,-2.340345390749601351e-02,-2.358776310473152324e-02,-2.384443593833067768e-02,-2.375511578947368460e-02,-2.332955800106326430e-02,-2.334512583732057528e-02,-2.371170122275385178e-02,-2.401879861775651007e-02,-2.402285826687931836e-02,-2.399381307814991982e-02,-2.342476640085061276e-02,-2.324621057947900277e-02,-2.217093030303030413e-02,-2.202614625199362033e-02,-2.160496119085592720e-02,-2.081991679957469199e-02,-1.883405199362041260e-02,-1.725540808080808231e-02,-1.796495055821371520e-02,-1.788981648059542739e-02,-1.832418490164805860e-02,-1.796869191919192241e-02,-1.435379346092503956e-02,-1.534069229133439537e-02,-1.713556034024454888e-02,-1.785059649122807193e-02,-1.689992727272727341e-02,-1.635656985645933190e-02,-1.564355768208399930e-02,-1.491006921850079707e-02,-1.406264210526315950e-02,-1.325360765550239080e-02,-1.245131382243487572e-02,-1.141930760233918034e-02,-1.068677256778309548e-02,-9.744176395534289575e-03,-8.540265390749601088e-03,-7.011962254120149458e-03,-5.322921531100478255e-03,-3.181209409888357143e-03,-3.163827751196172347e-04,9.298967038809145130e-03,-2.962963544922913028e-01,-3.202181811802233269e-01,-1.256304596491228387e-01,-2.210351036682615608e-02,-1.619290765550239486e-02,-1.397078755980861106e-02,-1.357630334928229716e-02,-1.350037464114832615e-02,-1.388517320574162925e-02,-1.503944736842105154e-02,-1.899642344497607868e-02,-1.967954545454545998e-02,-2.096165018607123662e-02,-2.167712961190855492e-02,-2.141276512493354642e-02,-2.176902264752790875e-02,-2.096352807017543701e-02,-2.092671610845294600e-02,-2.073906060606060461e-02,-2.099167426900584721e-02,-2.162047974481658835e-02,-2.188424051036682444e-02,-2.158907464114832864e-02,-2.198226039340776122e-02,-2.210411217437533576e-02,-2.201162105263157823e-02,-2.151460079744816831e-02,-2.113982264752791232e-02,-2.104714088250930065e-02,-2.099978229665071597e-02,-2.126041812865497177e-02,-2.112874088250930177e-02,-2.075530366826156339e-02,-2.100660318979266292e-02,-2.034370552897394810e-02,-2.037933157894736627e-02,-1.987833519404572091e-02,-1.912944816586921795e-02,-1.745658452950558243e-02,-1.600451951089845726e-02,-1.678147751196171905e-02,-1.670793221690590122e-02,-1.711842296650717757e-02,-1.668824242424242488e-02,-1.310895119617224922e-02,-1.330259590643274870e-02,-1.564733944710260463e-02,-1.628606868686868769e-02,-1.505510090377458997e-02,-1.469401866028708162e-02,-1.446625901116427478e-02,-1.382512036150983746e-02,-1.322614375332270206e-02,-1.255892503987240949e-02,-1.177201089845826727e-02,-1.080101621477937146e-02,-1.019620744284954750e-02,-9.348738915470493349e-03,-8.274764912280702794e-03,-6.778716108452950348e-03,-5.222081339712918331e-03,-3.110041414141413892e-03,-2.812291334396597943e-04,9.319801169590644432e-03
cxi,-2.890399000000000029e+01,-1.794600000000000084e-01,-1.121299999999999936e-01,-3.250999999999999723e-02,-2.246000000000000080e-02,-2.230999999999999997e-02,-2.239000000000000018e-02,-2.297000000000000083e-02,-2.519000000000000059e-02,-2.633999999999999883e-02,-2.836999999999999938e-02,-2.876000000000000084e-02,-2.990999999999999909e-02,-3.041999999999999912e-02,-3.003000000000000114e-02,-3.059999999999999873e-02,-3.054000000000000117e-02,-3.094999999999999835e-02,-3.025999999999999870e-02,-3.063000000000000098e-02,-3.189000000000000168e-02,-3.243999999999999662e-02,-3.241999999999999743e-02,-3.280999999999999889e-02,-3.329000000000000015e-02,-3.341999999999999832e-02,-3.320000000000000034e-02,-3.343000000000000138e-02,-3.402999999999999775e-02,-3.456999999999999656e-02,-3.481999999999999679e-02,-3.500999999999999945e-02,-3.463000000000000106e-02,-3.468000000000000249e-02,-3.371999999999999997e-02,-3.377000000000000141e-02,-3.352000000000000118e-02,-3.284000000000000113e-02,-3.075999999999999915e-02,-2.911000000000000046e-02,-3.005000000000000032e-02,-2.997999999999999970e-02,-3.049999999999999933e-02,-3.008999999999999869e-02,-2.582999999999999879e-02,-2.699000000000000010e-02,-2.921999999999999945e-02,-3.022999999999999993e-02,-2.922999999999999904e-02,-2.871999999999999900e-02,-2.796999999999999834e-02,-2.716999999999999971e-02,-2.621000000000000066e-02,-2.526000000000000120e-02,-2.428999999999999909e-02,-2.298000000000000043e-02,-2.204000000000000056e-02,-2.077000000000000027e-02,-1.909999999999999892e-02,-1.692000000000000101e-02,-1.443999999999999971e-02,-1.123999999999999999e-02,-6.899999999999999883e-03,7.320000000000000118e-03,-2.264880000000000138e+01,-2.703300000000000147e-01,-1.113600000000000007e-01,-2.698000000000000051e-02,-2.255000000000000060e-02,-2.093000000000000069e-02,-2.077000000000000027e-02,-2.086000000000000007e-02,-2.135000000000000092e-02,-2.246000000000000080e-02,-2.605999999999999983e-02,-2.682000000000000009e-02,-2.811999999999999916e-02,-2.893000000000000085e-02,-2.886999999999999983e-02,-2.937999999999999987e-02,-2.881999999999999840e-02,-2.896999999999999922e-02,-2.896999999999999922e-02,-2.938999999999999946e-02,-3.017999999999999849e-02,-3.063000000000000098e-02,-3.051999999999999852e-02,-3.110999999999999877e-02,-3.142999999999999960e-02,-3.153999999999999859e-02,-3.124000000000000041e-02,-3.105000000000000121e-02,-3.115000000000000061e-02,-3.130999999999999756e-02,-3.178999999999999881e-02,-3.185999999999999943e-02,-3.166999999999999676e-02,-3.214999999999999802e-02,-3.162000000000000227e-02,-3.185999999999999943e-02,-3.150000000000000022e-02,-3.083999999999999936e-02,-2.910000000000000087e-02,-2.758999999999999994e-02,-2.861000000000000001e-02,-2.852999999999999980e-02,-2.902000000000000066e-02,-2.852999999999999980e-02,-2.429999999999999868e-02,-2.453999999999999931e-02,-2.741000000000000034e-02,-2.830999999999999836e-02,-2.696000000000000132e-02,-2.665000000000000008e-02,-2.648000000000000007e-02,-2.579000000000000042e-02,-2.511999999999999997e-02,-2.434000000000000052e-02,-2.339000000000000107e-02,-2.215999999999999914e-02,-2.137000000000000011e-02,-2.021999999999999839e-02,-1.872000000000000053e-02,-1.658000000000000099e-02,-1.430000000000000021e-02,-1.112999999999999927e-02,-6.839999999999999726e-03,7.349999999999999763e-03
cxi*c/cref,-4.746646736310473069e-01,-2.179728220095694113e-01,-1.353732792663477069e-01,-3.901113583200425255e-02,-2.676178851674641465e-02,-2.636956602870813016e-02,-2.624986459330143698e-02,-2.671004354066985539e-02,-2.905045789473684539e-02,-3.012464210526315245e-02,-3.217483779904305868e-02,-3.234192727272727774e-02,-3.334909346092503751e-02,-3.362663349282295905e-02,-3.290815438596491477e-02,-3.324012440191387308e-02,-3.288269888357256421e-02,-3.302814194577351897e-02,-3.200224242424242610e-02,-3.210059824561403707e-02,-3.311609505582137347e-02,-3.337681063264220233e-02,-3.304616618819776475e-02,-3.312990186071238657e-02,-3.329619431153642284e-02,-3.310658755980860901e-02,-3.257112387028176376e-02,-3.247721834130781748e-02,-3.273465284423178467e-02,-3.292346820839978094e-02,-3.282872546517809353e-02,-3.267302200956937602e-02,-3.198736831472621250e-02,-3.170187113237640103e-02,-3.050198979266347671e-02,-3.022441929824561460e-02,-2.968025816055289492e-02,-2.876424348750664453e-02,-2.664836427432216992e-02,-2.494066182881446436e-02,-2.558515470494417826e-02,-2.549128793195108711e-02,-2.589840776182881360e-02,-2.551571212121212309e-02,-2.187365693779904155e-02,-2.282498814460393391e-02,-2.456825677830941010e-02,-2.515727421584263573e-02,-2.407333694843168462e-02,-2.340611291866028648e-02,-2.255413960659223907e-02,-2.167504444444444747e-02,-2.068360547581074224e-02,-1.971649760765550527e-02,-1.875030457203615344e-02,-1.754115566188197903e-02,-1.663393131313131365e-02,-1.549667256778309264e-02,-1.408627538543327957e-02,-1.233288995215311122e-02,-1.040094545454545334e-02,-7.999282721956406036e-03,-4.851202551834131113e-03,5.083527910685805423e-03,-3.719412185007974214e-01,-3.283438814992026278e-01,-1.344436669856459432e-01,-3.237528282828282949e-02,-2.686902631578947515e-02,-2.473845885167463843e-02,-2.435058899521531234e-02,-2.425648708133971293e-02,-2.462196411483253897e-02,-2.568714736842105106e-02,-2.955503253588516802e-02,-3.016030909090909595e-02,-3.135327676767676180e-02,-3.197956959064326976e-02,-3.163697692716640336e-02,-3.191486454013821999e-02,-3.103075906432748235e-02,-3.091519457735246793e-02,-3.063796969696969824e-02,-3.080106374269005881e-02,-3.134034960127591446e-02,-3.151454098883572225e-02,-3.110946921850079802e-02,-3.141332663476873593e-02,-3.143584821903243343e-02,-3.124421818181817925e-02,-3.064825029239766352e-02,-3.016505023923445397e-02,-2.996427963849016343e-02,-2.981873849016480199e-02,-2.997200409356725118e-02,-2.973328995215310591e-02,-2.925324731525783678e-02,-2.938913370547581103e-02,-2.860239968102073344e-02,-2.851495406698564480e-02,-2.789165071770334861e-02,-2.701246251993620270e-02,-2.521025358851674766e-02,-2.363836687931951397e-02,-2.435911068580542266e-02,-2.425838708133971205e-02,-2.464169813928761277e-02,-2.419286363636363735e-02,-2.057800478468899477e-02,-2.075306443381180060e-02,-2.304640377458798406e-02,-2.355945858585858574e-02,-2.220380308346624545e-02,-2.171911244019138557e-02,-2.135264986709197246e-02,-2.057414045720361642e-02,-1.982343264221159140e-02,-1.899839872408293565e-02,-1.805556294524189587e-02,-1.691523104731525867e-02,-1.612827187666135073e-02,-1.508631291866028429e-02,-1.380602488038277544e-02,-1.208506592238171341e-02,-1.030010526315789342e-02,-7.920997926634767983e-03,-4.809018181818182011e-03,5.104362041467304725e-03
cxo,5.740120000000000111e+00,6.899999999999999883e-03,7.570000000000000340e-03,8.739999999999999505e-03,9.079999999999999530e-03,9.199999999999999845e-03,9.259999999999999135e-03,9.299999999999999239e-03,9.339999999999999344e-03,9.360000000000000264e-03,9.390000000000000777e-03,9.409999999999999962e-03,9.429999999999999147e-03,9.450000000000000067e-03,9.459999999999999659e-03,9.469999999999999252e-03,9.480000000000000579e-03,9.490000000000000172e-03,9.490000000000000172e-03,9.490000000000000172e-03,9.480000000000000579e-03,9.480000000000000579e-03,9.459999999999999659e-03,9.450000000000000067e-03,9.450000000000000067e-03,9.440000000000000474e-03,9.419999999999999554e-03,9.400000000000000369e-03,9.379999999999999449e-03,9.360000000000000264e-03,9.329999999999999752e-03,9.310000000000000567e-03,9.280000000000000054e-03,9.239999999999999949e-03,9.209999999999999437e-03,9.169999999999999332e-03,9.119999999999999635e-03,9.069999999999999937e-03,9.020000000000000240e-03,8.970000000000000542e-03,8.959999999999999215e-03,8.940000000000000030e-03,8.920000000000000845e-03,8.899999999999999925e-03,8.880000000000000740e-03,8.859999999999999820e-03,8.840000000000000635e-03,8.779999999999999610e-03,8.710000000000000728e-03,8.640000000000000110e-03,8.569999999999999493e-03,8.479999999999999691e-03,8.389999999999999888e-03,8.279999999999999166e-03,8.160000000000000586e-03,8.030000000000000679e-03,7.879999999999999852e-03,7.709999999999999840e-03,7.519999999999999775e-03,7.300000000000000065e-03,7.060000000000000303e-03,6.769999999999999976e-03,6.450000000000000004e-03,6.069999999999999875e-03,4.606279999999999930e+00,6.680000000000000174e-03,7.309999999999999658e-03,8.559999999999999901e-03,8.959999999999999215e-03,9.110000000000000042e-03,9.190000000000000252e-03,9.249999999999999542e-03,9.310000000000000567e-03,9.310000000000000567e-03,9.310000000000000567e-03,9.310000000000000567e-03,9.320000000000000159e-03,9.329999999999999752e-03,9.339999999999999344e-03,9.350000000000000672e-03,9.350000000000000672e-03,9.360000000000000264e-03,9.360000000000000264e-03,9.360000000000000264e-03,9.360000000000000264e-03,9.350000000000000672e-03,9.350000000000000672e-03,9.339999999999999344e-03,9.329999999999999752e-03,9.320000000000000159e-03,9.310000000000000567e-03,9.289999999999999647e-03,9.280000000000000054e-03,9.259999999999999135e-03,9.239999999999999949e-03,9.220000000000000764e-03,9.199999999999999845e-03,9.169999999999999332e-03,9.129999999999999227e-03,9.090000000000000857e-03,9.050000000000000752e-03,8.999999999999999320e-03,8.959999999999999215e-03,8.909999999999999518e-03,8.899999999999999925e-03,8.880000000000000740e-03,8.859999999999999820e-03,8.850000000000000228e-03,8.829999999999999308e-03,8.810000000000000123e-03,8.789999999999999203e-03,8.739999999999999505e-03,8.680000000000000215e-03,8.619999999999999191e-03,8.540000000000000716e-03,8.449999999999999178e-03,8.359999999999999376e-03,8.250000000000000389e-03,8.139999999999999666e-03,8.000000000000000167e-03,7.860000000000000667e-03,7.689999999999999787e-03,7.499999999999999722e-03,7.289999999999999605e-03,7.049999999999999843e-03,6.760000000000000384e-03,6.450000000000000004e-03,6.069999999999999875e-03
cxo*c/cref,9.426491589580010544e-02,8.380767145135567531e-03,9.139175279106860270e-03,1.048776767676767689e-02,1.081910239234449775e-02,1.087404784688995006e-02,1.085635311004784671e-02,1.081425358851674512e-02,1.077138851674641108e-02,1.070488421052631471e-02,1.064933827751196257e-02,1.058197272727272840e-02,1.051427453482190084e-02,1.044614354066985586e-02,1.036667134502924047e-02,1.028705810738968565e-02,1.020720318979266399e-02,1.012720733652312452e-02,1.003639393939394046e-02,9.945630994152047585e-03,9.844483572567782476e-03,9.753765869218500306e-03,9.642712280701754707e-03,9.542138755980861600e-03,9.451758373205743427e-03,9.351471770334927880e-03,9.241565869218501192e-03,9.132092503987242205e-03,9.022951621477936363e-03,8.914193301435406960e-03,8.796439074960128029e-03,8.688541414141414884e-03,8.571838809144072951e-03,8.446519298245613525e-03,8.331059489633172582e-03,8.207223125996809809e-03,8.075296969696969460e-03,7.944326687931950806e-03,7.814312280701755584e-03,7.685253748006380323e-03,7.628718341307814087e-03,7.601471451355661449e-03,7.574222860180754996e-03,7.547020202020202420e-03,7.519863476874003722e-03,7.492752684742158033e-03,7.432696438064859482e-03,7.306677724614566403e-03,7.173409675704413811e-03,7.041393301435406975e-03,6.910581924508239771e-03,6.764975225943646933e-03,6.620963370547581876e-03,6.462889952153109269e-03,6.298990749601276855e-03,6.129481286549708433e-03,5.947158745348219040e-03,5.752496172248803066e-03,5.546009994683678487e-03,5.320927698032961763e-03,5.085226794258373463e-03,4.818073312068048460e-03,4.534819776714513716e-03,4.215439128123338840e-03,7.564486400850610470e-02,8.113554279638491434e-03,8.825280223285486905e-03,1.027177246145667168e-02,1.067611866028708202e-02,1.076767129186602737e-02,1.077428564593301517e-02,1.075611244019138678e-02,1.073679090909091145e-02,1.064769999999999953e-02,1.055860909090909107e-02,1.046951818181818435e-02,1.039162658160552866e-02,1.031349409888357091e-02,1.023517022860180765e-02,1.015670467836257349e-02,1.006723099415204707e-02,9.988478468899520193e-03,9.898909090909091893e-03,9.809389473684209867e-03,9.719869856459329577e-03,9.620011695906432667e-03,9.530587719298246052e-03,9.431066241360976446e-03,9.331736044657097662e-03,9.232597129186602761e-03,9.133649494949495212e-03,9.025227591706539917e-03,8.926758107389685601e-03,8.818956193514087757e-03,8.711585964912281141e-03,8.604549069643805878e-03,8.497943646996278591e-03,8.382530515683146374e-03,8.258694152046781867e-03,8.135622488038278532e-03,8.013315523657629433e-03,7.883014354066984752e-03,7.762332376395533924e-03,7.633847368421053242e-03,7.577633173843700137e-03,7.550454864433812571e-03,7.523275172780435199e-03,7.504621212121213338e-03,7.477521903242955251e-03,7.450468527379053643e-03,7.390656299840509848e-03,7.273389898989898912e-03,7.148702179691653752e-03,7.025093779904305683e-03,6.886390855927698555e-03,6.741042530568845843e-03,6.597288888888889341e-03,6.439473684210527023e-03,6.283552046783625993e-03,6.106581605528973999e-03,5.932064433811803233e-03,5.737574003189791806e-03,5.531259968102072641e-03,5.313638755980861113e-03,5.078023923444975954e-03,4.810956512493354958e-03,4.534819776714513716e-03,4.215439128123338840e-03
cy,-2.319106999999999985e+01,2.246000000000000080e-02,3.683999999999999775e-02,4.982999999999999929e-02,2.589999999999999941e-02,2.500000000000000139e-02,2.513999999999999915e-02,2.477999999999999994e-02,2.528000000000000039e-02,2.500000000000000139e-02,2.523999999999999855e-02,2.493000000000000077e-02,2.520999999999999977e-02,2.511000000000000038e-02,2.522999999999999896e-02,2.511000000000000038e-02,2.511999999999999997e-02,2.517000000000000140e-02,2.491000000000000159e-02,2.491000000000000159e-02,2.494999999999999996e-02,2.494000000000000036e-02,2.495999999999999955e-02,2.485000000000000056e-02,2.497999999999999873e-02,2.494999999999999996e-02,2.489999999999999852e-02,2.475000000000000117e-02,2.463999999999999871e-02,2.455999999999999850e-02,2.443999999999999992e-02,2.429999999999999868e-02,2.416000000000000092e-02,2.408000000000000071e-02,2.399000000000000091e-02,2.384999999999999967e-02,2.365000000000000088e-02,2.392000000000000029e-02,2.394999999999999907e-02,2.494000000000000036e-02,3.520000000000000212e-02,2.291999999999999940e-02,2.171999999999999972e-02,2.162999999999999992e-02,2.161000000000000074e-02,1.586999999999999869e-02,2.171999999999999972e-02,2.255000000000000060e-02,2.204000000000000056e-02,2.135000000000000092e-02,2.088999999999999885e-02,2.042000000000000065e-02,1.982000000000000081e-02,1.908999999999999933e-02,1.837000000000000091e-02,1.753000000000000044e-02,1.643000000000000016e-02,1.488000000000000086e-02,1.328000000000000014e-02,1.132999999999999979e-02,8.240000000000000796e-03,1.479999999999999979e-03,-1.148000000000000062e-02,-2.806699999999999751e-01,1.725225999999999971e+01,-2.613000000000000045e-02,-3.962000000000000244e-02,-5.412999999999999756e-02,-2.528999999999999998e-02,-2.472999999999999851e-02,-2.493000000000000077e-02,-2.468000000000000055e-02,-2.521999999999999936e-02,-2.501000000000000098e-02,-2.523999999999999855e-02,-2.469999999999999973e-02,-2.486000000000000015e-02,-2.467000000000000096e-02,-2.475000000000000117e-02,-2.462999999999999912e-02,-2.469000000000000014e-02,-2.477000000000000035e-02,-2.451000000000000054e-02,-2.447999999999999829e-02,-2.452999999999999972e-02,-2.452000000000000013e-02,-2.451000000000000054e-02,-2.443000000000000033e-02,-2.452999999999999972e-02,-2.449000000000000135e-02,-2.446999999999999870e-02,-2.444999999999999951e-02,-2.450000000000000094e-02,-2.442000000000000073e-02,-2.430999999999999828e-02,-2.418999999999999970e-02,-2.407000000000000112e-02,-2.398000000000000131e-02,-2.378999999999999865e-02,-2.365000000000000088e-02,-2.352999999999999883e-02,-2.374000000000000069e-02,-2.378999999999999865e-02,-2.462999999999999912e-02,-3.422000000000000042e-02,-2.291999999999999940e-02,-2.185000000000000137e-02,-2.178000000000000075e-02,-2.191999999999999851e-02,-1.703000000000000000e-02,-2.174999999999999850e-02,-2.264000000000000040e-02,-2.225999999999999854e-02,-2.159000000000000155e-02,-2.108000000000000151e-02,-2.059000000000000066e-02,-1.999000000000000082e-02,-1.923000000000000057e-02,-1.847000000000000031e-02,-1.764999999999999902e-02,-1.660999999999999976e-02,-1.515000000000000027e-02,-1.353000000000000036e-02,-1.146999999999999929e-02,-8.309999999999999679e-03,-1.449999999999999900e-03,1.142999999999999919e-02,2.783499999999999863e-01
cy*c/cref,-3.808464392876129700e-01,2.728000435938331136e-02,4.447651483253588917e-02,5.979467543859649098e-02,3.086065550239234720e-02,2.954904306220095325e-02,2.947394354066985508e-02,2.881475311004784434e-02,2.915425071770335122e-02,2.859210526315789092e-02,2.862505837320573898e-02,2.803491818181818793e-02,2.810868091440722749e-02,2.775689569377990176e-02,2.764810972886762308e-02,2.727645502392344462e-02,2.704693503455608480e-02,2.686004306220095630e-02,2.634421212121212247e-02,2.610597134502923994e-02,2.590926847421583940e-02,2.566022371079212938e-02,2.544208229665071916e-02,2.509229080276448656e-02,2.498464805954279944e-02,2.471601913875598119e-02,2.442834290271132455e-02,2.404460526315789839e-02,2.370208187134502376e-02,2.339023370547580957e-02,2.304233343965975470e-02,2.267793301435406389e-02,2.231633896863370603e-02,2.201214120148857131e-02,2.170055560871876621e-02,2.134594019138755933e-02,2.094087426900584706e-02,2.095130037214247565e-02,2.074864513556618634e-02,2.136791844763423834e-02,2.996996491228070408e-02,1.948833620414672924e-02,1.844306283891546799e-02,1.834180303030303119e-02,1.830002812333864776e-02,1.342099154704944064e-02,1.826223604465709513e-02,1.876601169590643228e-02,1.815177373737373798e-02,1.739973923444976256e-02,1.684504742158426244e-02,1.629018798511430374e-02,1.564094088250930770e-02,1.490055183413078153e-02,1.418044853801169770e-02,1.338104694311536419e-02,1.239997692716640100e-02,1.110209377990430644e-02,9.794017650186071997e-03,8.258371345029240015e-03,5.935165550239234443e-03,1.053286337054758085e-03,-8.071276129718234910e-03,-1.949171828814460217e-01,2.833186131844763200e-01,-3.173760079744816776e-02,-4.783277735247210005e-02,-6.495456113769271234e-02,-3.013382153110048117e-02,-2.922991339712917996e-02,-2.922774114832536047e-02,-2.869847081339712766e-02,-2.908505550239234849e-02,-2.860354210526315499e-02,-2.862505837320573898e-02,-2.777627272727273278e-02,-2.771843742690058288e-02,-2.727051440723019318e-02,-2.712210526315789530e-02,-2.675504130781498902e-02,-2.658395007974481347e-02,-2.643318500797448012e-02,-2.592118181818181891e-02,-2.565532631578947009e-02,-2.547312046783625425e-02,-2.522809484316852410e-02,-2.498339090909091134e-02,-2.466819574694311540e-02,-2.453456432748538432e-02,-2.426033301435406853e-02,-2.400648798511429913e-02,-2.375315550239234449e-02,-2.356741095162147651e-02,-2.325690175438596338e-02,-2.291976783625730707e-02,-2.257527570441254447e-02,-2.223320691121743672e-02,-2.192072865497076209e-02,-2.151964226475278769e-02,-2.116693859649122766e-02,-2.083462036150983410e-02,-2.079364008506113734e-02,-2.061003205741626654e-02,-2.110231881977671711e-02,-2.913557384370015976e-02,-1.948833620414672924e-02,-1.855344949494949422e-02,-1.846900000000000278e-02,-1.856254587985113960e-02,-1.440198399787347150e-02,-1.828746012759170647e-02,-1.884090930356193544e-02,-1.833296204146730307e-02,-1.759533349282296766e-02,-1.699825752259436634e-02,-1.642580659223817283e-02,-1.577509627857522773e-02,-1.500982775119617287e-02,-1.425764205209994855e-02,-1.347264566719829845e-02,-1.253582573099415280e-02,-1.130354306220095716e-02,-9.978392982456139870e-03,-8.360416533758638705e-03,-5.985585645933013538e-03,-1.031935938330674979e-03,8.036122488038277903e-03,1.933060101010100895e-01
cyi,-1.962431000000000125e+01,2.247000000000000039e-02,3.685000000000000081e-02,4.984000000000000236e-02,2.591999999999999860e-02,2.501000000000000098e-02,2.514999999999999875e-02,2.478999999999999954e-02,2.528999999999999998e-02,2.501000000000000098e-02,2.525000000000000161e-02,2.494000000000000036e-02,2.521999999999999936e-02,2.511999999999999997e-02,2.523999999999999855e-02,2.511999999999999997e-02,2.512999999999999956e-02,2.518000000000000099e-02,2.492000000000000118e-02,2.492000000000000118e-02,2.495999999999999955e-02,2.494999999999999996e-02,2.496999999999999914e-02,2.486000000000000015e-02,2.498999999999999833e-02,2.495999999999999955e-02,2.491000000000000159e-02,2.476000000000000076e-02,2.464999999999999830e-02,2.457000000000000156e-02,2.443999999999999992e-02,2.430999999999999828e-02,2.417000000000000051e-02,2.408000000000000071e-02,2.399000000000000091e-02,2.385999999999999927e-02,2.365000000000000088e-02,2.392000000000000029e-02,2.394999999999999907e-02,2.494000000000000036e-02,3.520999999999999824e-02,2.292999999999999899e-02,2.172999999999999932e-02,2.162999999999999992e-02,2.162000000000000033e-02,1.586999999999999869e-02,2.171999999999999972e-02,2.255000000000000060e-02,2.205000000000000016e-02,2.136000000000000051e-02,2.089999999999999844e-02,2.043000000000000024e-02,1.982000000000000081e-02,1.909999999999999892e-02,1.837000000000000091e-02,1.753000000000000044e-02,1.643000000000000016e-02,1.488000000000000086e-02,1.328000000000000014e-02,1.132999999999999979e-02,8.240000000000000796e-03,1.479999999999999979e-03,-1.148000000000000062e-02,-2.806699999999999751e-01,1.439002999999999943e+01,-2.613000000000000045e-02,-3.962999999999999856e-02,-5.414000000000000062e-02,-2.529999999999999957e-02,-2.474000000000000157e-02,-2.494000000000000036e-02,-2.469000000000000014e-02,-2.522999999999999896e-02,-2.502000000000000057e-02,-2.525000000000000161e-02,-2.470999999999999933e-02,-2.486999999999999975e-02,-2.468000000000000055e-02,-2.476000000000000076e-02,-2.463999999999999871e-02,-2.469999999999999973e-02,-2.477999999999999994e-02,-2.452000000000000013e-02,-2.449000000000000135e-02,-2.453999999999999931e-02,-2.452999999999999972e-02,-2.452000000000000013e-02,-2.443999999999999992e-02,-2.453999999999999931e-02,-2.450000000000000094e-02,-2.447999999999999829e-02,-2.445999999999999910e-02,-2.450000000000000094e-02,-2.443000000000000033e-02,-2.432000000000000134e-02,-2.419999999999999929e-02,-2.408000000000000071e-02,-2.398000000000000131e-02,-2.380000000000000171e-02,-2.366000000000000048e-02,-2.352999999999999883e-02,-2.374000000000000069e-02,-2.378999999999999865e-02,-2.463999999999999871e-02,-3.422999999999999654e-02,-2.292999999999999899e-02,-2.186000000000000096e-02,-2.179000000000000034e-02,-2.191999999999999851e-02,-1.703999999999999959e-02,-2.176000000000000156e-02,-2.264000000000000040e-02,-2.225999999999999854e-02,-2.160000000000000114e-02,-2.108000000000000151e-02,-2.059000000000000066e-02,-1.999000000000000082e-02,-1.923000000000000057e-02,-1.847000000000000031e-02,-1.764999999999999902e-02,-1.660999999999999976e-02,-1.515999999999999986e-02,-1.353000000000000036e-02,-1.146999999999999929e-02,-8.309999999999999679e-03,-1.449999999999999900e-03,1.142999999999999919e-02,2.783499999999999863e-01
cyi*c/cref,-3.222726931951089835e-01,2.729215039872408613e-02,4.448858771929825595e-02,5.980667517278043938e-02,3.088448612440191504e-02,2.956086267942583529e-02,2.948566746411483003e-02,2.882638133971291566e-02,2.916578325358851892e-02,2.860354210526315499e-02,2.863639952153110291e-02,2.804616363636364129e-02,2.811983072833598718e-02,2.776794981392875783e-02,2.765906815523657553e-02,2.728731780967570339e-02,2.705770212652843995e-02,2.687071451355661778e-02,2.635478787878788032e-02,2.611645146198830411e-02,2.591965295055820989e-02,2.567051249335459626e-02,2.545227543859649236e-02,2.510238830409356608e-02,2.499464992025518528e-02,2.472592535885167336e-02,2.443815348219032652e-02,2.405432025518341663e-02,2.371170122275385178e-02,2.339975741626794392e-02,2.304233343965975470e-02,2.268726549707602083e-02,2.232557586390217924e-02,2.201214120148857131e-02,2.170055560871876621e-02,2.135489027113237487e-02,2.094087426900584706e-02,2.095130037214247565e-02,2.074864513556618634e-02,2.136791844763423834e-02,2.997847910685805251e-02,1.949683896863370347e-02,1.845155412014885463e-02,1.834180303030303119e-02,1.830849643806485919e-02,1.342099154704944064e-02,1.826223604465709513e-02,1.876601169590643228e-02,1.816000956937799046e-02,1.740788899521531277e-02,1.685311111111111038e-02,1.629816555023923599e-02,1.564094088250930770e-02,1.490835725677830924e-02,1.418044853801169770e-02,1.338104694311536419e-02,1.239997692716640100e-02,1.110209377990430644e-02,9.794017650186071997e-03,8.258371345029240015e-03,5.935165550239234443e-03,1.053286337054758085e-03,-8.071276129718234910e-03,-1.949171828814460217e-01,2.363147404040403798e-01,-3.173760079744816776e-02,-4.784485023923445296e-02,-6.496656087187666073e-02,-3.014573684210526683e-02,-2.924173301435406547e-02,-2.923946507177033541e-02,-2.871009904306219898e-02,-2.909658803827751272e-02,-2.861497894736841907e-02,-2.863639952153110291e-02,-2.778751818181818614e-02,-2.772958724082934256e-02,-2.728156852737904925e-02,-2.713306368952684774e-02,-2.676590409356724778e-02,-2.659471717171716862e-02,-2.644385645933014159e-02,-2.593175757575757676e-02,-2.566580643274853774e-02,-2.548350494417862475e-02,-2.523838362573099098e-02,-2.499358405103668454e-02,-2.467829324827219492e-02,-2.454456618819777017e-02,-2.427023923444976070e-02,-2.401629856459330109e-02,-2.376287049441786273e-02,-2.356741095162147651e-02,-2.326642546517809426e-02,-2.292919595959596116e-02,-2.258460818713450141e-02,-2.224244380648591340e-02,-2.192072865497076209e-02,-2.152868793195109043e-02,-2.117588867623604668e-02,-2.083462036150983410e-02,-2.079364008506113734e-02,-2.061003205741626654e-02,-2.111088654970760120e-02,-2.914408803827750818e-02,-1.949683896863370347e-02,-1.856194077618288085e-02,-1.847747979797979834e-02,-1.856254587985113960e-02,-1.441044082934609186e-02,-1.829586815523657692e-02,-1.884090930356193544e-02,-1.833296204146730307e-02,-1.760348325358851787e-02,-1.699825752259436634e-02,-1.642580659223817283e-02,-1.577509627857522773e-02,-1.500982775119617287e-02,-1.425764205209994855e-02,-1.347264566719829845e-02,-1.253582573099415280e-02,-1.131100414673046235e-02,-9.978392982456139870e-03,-8.360416533758638705e-03,-5.985585645933013538e-03,-1.031935938330674979e-03,8.036122488038277903e-03,1.933060101010100895e-01
cyo,-3.566759999999999931e+00,-1.000000000000000082e-05,-1.000000000000000082e-05,-1.000000000000000082e-05,-1.000000000000000082e-05,-1.000000000000000082e-05,-1.000000000000000082e-05,-1.000000000000000082e-05,-1.000000000000000082e-05,-1.000000000000000082e-05,-1.000000000000000082e-05,-1.000000000000000082e-05,-1.000000000000000082e-05,-1.000000000000000082e-05,-1.000000000000000082e-05,-1.000000000000000082e-05,-1.000000000000000082e-05,-1.000000000000000082e-05,-1.000000000000000082e-05,-1.000000000000000082e-05,-1.000000000000000082e-05,-1.000000000000000082e-05,-1.000000000000000082e-05,-1.000000000000000082e-05,-1.000000000000000082e-05,-1.000000000000000082e-05,-1.000000000000000082e-05,-1.000000000000000082e-05,-1.000000000000000082e-05,-1.000000000000000082e-05,-1.000000000000000082e-05,-1.000000000000000082e-05,-1.000000000000000082e-05,-1.000000000000000082e-05,-1.000000000000000082e-05,-1.000000000000000082e-05,-1.000000000000000082e-05,-1.000000000000000082e-05,-0.000000000000000000e+00,-0.000000000000000000e+00,-0.000000000000000000e+00,-0.000000000000000000e+00,-0.000000000000000000e+00,-0.000000000000000000e+00,-0.000000000000000000e+00,-0.000000000000000000e+00,-0.000000000000000000e+00,-0.000000000000000000e+00,-0.000000000000000000e+00,-0.000000000000000000e+00,-0.000000000000000000e+00,-0.000000000000000000e+00,-0.000000000000000000e+00,-0.000000000000000000e+00,-0.000000000000000000e+00,-0.000000000000000000e+00,-0.000000000000000000e+00,-0.000000000000000000e+00,-0.000000000000000000e+00,-0.000000000000000000e+00,-0.000000000000000000e+00,-0.000000000000000000e+00,-0.000000000000000000e+00,-0.000000000000000000e+00,2.862220000000000208e+00,1.000000000000000082e-05,1.000000000000000082e-05,1.000000000000000082e-05,1.000000000000000082e-05,1.000000000000000082e-05,1.000000000000000082e-05,1.000000000000000082e-05,1.000000000000000082e-05,1.000000000000000082e-05,1.000000000000000082e-05,1.000000000000000082e-05,1.000000000000000082e-05,1.000000000000000082e-05,1.000000000000000082e-05,1.000000000000000082e-05,1.000000000000000082e-05,1.000000000000000082e-05,1.000000000000000082e-05,1.000000000000000082e-05,1.000000000000000082e-05,1.000000000000000082e-05,1.000000000000000082e-05,1.000000000000000082e-05,1.000000000000000082e-05,1.000000000000000082e-05,1.000000000000000082e-05,1.000000000000000082e-05,1.000000000000000082e-05,1.000000000000000082e-05,1.000000000000000082e-05,1.000000000000000082e-05,1.000000000000000082e-05,1.000000000000000082e-05,1.000000000000000082e-05,1.000000000000000082e-05,1.000000000000000082e-05,1.000000000000000082e-05,0.000000000000000000e+00,0.000000000000000000e+00,0.000000000000000000e+00,0.000000000000000000e+00,0.000000000000000000e+00,0.000000000000000000e+00,0.000000000000000000e+00,0.000000000000000000e+00,0.000000000000000000e+00,0.000000000000000000e+00,0.000000000000000000e+00,0.000000000000000000e+00,0.000000000000000000e+00,0.000000000000000000e+00,0.000000000000000000e+00,0.000000000000000000e+00,0.000000000000000000e+00,0.000000000000000000e+00,0.000000000000000000e+00,0.000000000000000000e+00,0.000000000000000000e+00,0.000000000000000000e+00,0.000000000000000000e+00,0.000000000000000000e+00,0.000000000000000000e+00,0.000000000000000000e+00
cyo*c/cref,-5.857374609250397962e-02,-1.214603934077618481e-05,-1.207288676236044990e-05,-1.199973418394471160e-05,-1.191531100478469024e-05,-1.181961722488038243e-05,-1.172392344497607801e-05,-1.162822966507177020e-05,-1.153253588516746578e-05,-1.143684210526315797e-05,-1.134114832535885355e-05,-1.124545454545454913e-05,-1.114981392876129635e-05,-1.105412014885699024e-05,-1.095842636895268582e-05,-1.086278575225943643e-05,-1.076709197235513032e-05,-1.067145135566188093e-05,-1.057575757575757650e-05,-1.048011695906432881e-05,-1.038447634237107942e-05,-1.028878256246677330e-05,-1.019314194577352561e-05,-1.009750132908027622e-05,-1.000186071238703022e-05,-9.906220095693780826e-06,-9.810579479000533130e-06,-9.714992025518342158e-06,-9.619351408825092768e-06,-9.523710792131845072e-06,-9.428123338649655794e-06,-9.332482721956406404e-06,-9.236895268474217127e-06,-9.141254651780969431e-06,-9.045667198298776765e-06,-8.950079744816587487e-06,-8.854492291334396516e-06,-8.758904837852207238e-06,-0.000000000000000000e+00,-0.000000000000000000e+00,-0.000000000000000000e+00,-0.000000000000000000e+00,-0.000000000000000000e+00,-0.000000000000000000e+00,-0.000000000000000000e+00,-0.000000000000000000e+00,-0.000000000000000000e+00,-0.000000000000000000e+00,-0.000000000000000000e+00,-0.000000000000000000e+00,-0.000000000000000000e+00,-0.000000000000000000e+00,-0.000000000000000000e+00,-0.000000000000000000e+00,-0.000000000000000000e+00,-0.000000000000000000e+00,-0.000000000000000000e+00,-0.000000000000000000e+00,-0.000000000000000000e+00,-0.000000000000000000e+00,-0.000000000000000000e+00,-0.000000000000000000e+00,-0.000000000000000000e+00,-0.000000000000000000e+00,4.700370855927698405e-02,1.214603934077618481e-05,1.207288676236044990e-05,1.199973418394471160e-05,1.191531100478469024e-05,1.181961722488038243e-05,1.172392344497607801e-05,1.162822966507177020e-05,1.153253588516746578e-05,1.143684210526315797e-05,1.134114832535885355e-05,1.124545454545454913e-05,1.114981392876129635e-05,1.105412014885699024e-05,1.095842636895268582e-05,1.086278575225943643e-05,1.076709197235513032e-05,1.067145135566188093e-05,1.057575757575757650e-05,1.048011695906432881e-05,1.038447634237107942e-05,1.028878256246677330e-05,1.019314194577352561e-05,1.009750132908027622e-05,1.000186071238703022e-05,9.906220095693780826e-06,9.810579479000533130e-06,9.714992025518342158e-06,9.619351408825092768e-06,9.523710792131845072e-06,9.428123338649655794e-06,9.332482721956406404e-06,9.236895268474217127e-06,9.141254651780969431e-06,9.045667198298776765e-06,8.950079744816587487e-06,8.854492291334396516e-06,8.758904837852207238e-06,0.000000000000000000e+00,0.000000000000000000e+00,0.000000000000000000e+00,0.000000000000000000e+00,0.000000000000000000e+00,0.000000000000000000e+00,0.000000000000000000e+00,0.000000000000000000e+00,0.000000000000000000e+00,0.000000000000000000e+00,0.000000000000000000e+00,0.000000000000000000e+00,0.000000000000000000e+00,0.000000000000000000e+00,0.000000000000000000e+00,0.000000000000000000e+00,0.000000000000000000e+00,0.000000000000000000e+00,0.000000000000000000e+00,0.000000000000000000e+00,0.000000000000000000e+00,0.000000000000000000e+00,0.000000000000000000e+00,0.000000000000000000e+00,0.000000000000000000e+00,0.000000000000000000e+00
cz,-2.078295999999999921e+01,-2.600700000000000234e-01,3.094100000000000183e-01,6.549800000000000066e-01,7.698599999999999888e-01,7.826300000000000479e-01,8.052799999999999958e-01,8.012599999999999723e-01,8.177600000000000424e-01,8.110600000000000032e-01,8.218199999999999950e-01,8.161100000000000021e-01,8.235000000000000098e-01,8.191800000000000193e-01,8.208600000000000341e-01,8.181399999999999784e-01,8.178600000000000314e-01,8.171699999999999520e-01,8.096900000000000208e-01,8.085200000000000164e-01,8.102000000000000313e-01,8.095400000000000373e-01,8.112000000000000322e-01,8.091599999999999904e-01,8.118400000000000061e-01,8.103399999999999492e-01,8.084299999999999820e-01,8.061500000000000332e-01,8.030599999999999961e-01,7.994999999999999885e-01,7.964999999999999858e-01,7.929100000000000037e-01,7.878399999999999848e-01,7.841799999999999882e-01,7.793400000000000327e-01,7.742299999999999738e-01,7.662200000000000122e-01,7.603299999999999503e-01,7.503300000000000525e-01,7.438099999999999712e-01,7.427799999999999958e-01,7.408400000000000540e-01,7.405699999999999505e-01,7.383300000000000418e-01,7.359299999999999731e-01,7.335500000000000353e-01,7.295399999999999663e-01,7.216299999999999937e-01,7.130699999999999816e-01,7.052199999999999580e-01,6.946499999999999897e-01,6.836900000000000199e-01,6.708699999999999664e-01,6.570599999999999774e-01,6.409599999999999742e-01,6.230599999999999472e-01,6.047299999999999898e-01,5.805799999999999850e-01,5.522200000000000442e-01,5.178500000000000325e-01,4.754099999999999993e-01,4.238100000000000200e-01,3.601699999999999902e-01,3.337600000000000011e-01,-2.036427000000000120e+01,-3.852900000000000214e-01,2.220999999999999919e-01,6.244699999999999696e-01,7.566399999999999793e-01,7.725400000000000045e-01,7.964400000000000368e-01,7.939000000000000501e-01,8.124900000000000455e-01,8.034599999999999520e-01,8.125900000000000345e-01,8.045700000000000074e-01,8.101199999999999513e-01,8.047100000000000364e-01,8.059699999999999642e-01,8.033700000000000285e-01,8.024900000000000366e-01,8.006699999999999928e-01,7.936400000000000121e-01,7.928899999999999837e-01,7.946699999999999875e-01,7.946999999999999620e-01,7.951399999999999579e-01,7.935400000000000231e-01,7.942200000000000371e-01,7.922500000000000098e-01,7.909699999999999509e-01,7.889899999999999691e-01,7.880700000000000482e-01,7.853200000000000180e-01,7.839399999999999702e-01,7.822900000000000409e-01,7.781099999999999683e-01,7.736199999999999743e-01,7.663299999999999557e-01,7.611799999999999677e-01,7.550999999999999934e-01,7.496699999999999475e-01,7.418500000000000094e-01,7.358799999999999786e-01,7.353699999999999681e-01,7.340100000000000513e-01,7.342499999999999583e-01,7.323600000000000110e-01,7.295700000000000518e-01,7.270400000000000196e-01,7.233699999999999575e-01,7.168999999999999817e-01,7.100899999999999990e-01,7.016299999999999759e-01,6.902700000000000502e-01,6.797400000000000109e-01,6.674499999999999877e-01,6.537500000000000533e-01,6.379200000000000426e-01,6.199999999999999956e-01,6.013899999999999801e-01,5.772000000000000464e-01,5.489800000000000235e-01,5.151999999999999913e-01,4.737899999999999889e-01,4.221500000000000252e-01,3.584800000000000209e-01,3.326399999999999912e-01
cz*c/cref,-3.413001777777777690e-01,-3.158820451355662806e-01,3.735471893141946720e-01,7.859585895800106359e-01,9.173121330143541030e-01,9.250387028708133563e-01,9.441041071770335247e-01,9.317235301435405903e-01,9.430846545454546481e-01,9.275965157894735524e-01,9.320382516746411605e-01,9.177527909090911207e-01,9.181871770334927296e-01,9.055314143540669214e-01,8.995333869218501421e-01,8.887279535353534987e-01,8.805973840510366024e-01,8.720389904306218298e-01,8.563085151515151816e-01,8.473384163742689879e-01,8.413502732589047683e-01,8.329181035619350748e-01,8.268676746411484091e-01,8.170494175438596240e-01,8.119910600744285611e-01,8.027406392344497155e-01,7.931166768208399720e-01,7.831740821371612205e-01,7.724916342371078715e-01,7.614206778309409174e-01,7.509500239234450092e-01,7.399818875066453971e-01,7.277195568314726026e-01,7.168389072833599718e-01,7.049650274322168952e-01,6.929420240829345934e-01,6.784489083466240800e-01,6.659658115364167630e-01,6.500346933014354844e-01,6.372763199893674013e-01,6.324173448165869571e-01,6.299188042530569076e-01,6.288388143009037146e-01,6.260889242424243495e-01,6.232086856459330138e-01,6.203508726741094881e-01,6.133992488038276791e-01,6.005373401382243514e-01,5.872724727272727874e-01,5.747374287081339350e-01,5.601441929824561017e-01,5.454181500265816718e-01,5.294166503455609574e-01,5.128631004784689473e-01,4.947795479000531849e-01,4.755958418926102826e-01,4.563991507708665685e-01,4.331756456140350431e-01,4.072629839447102773e-01,3.774578641679957602e-01,3.424316813397129122e-01,3.016170827751196160e-01,2.532257424774056465e-01,2.317866496544391530e-01,-3.344244020733652123e-01,-4.679747497607656403e-01,2.681388149920255759e-01,7.493474005847953201e-01,9.015600918660288121e-01,9.131127090909089139e-01,9.337401588516747175e-01,9.231651531100478758e-01,9.370070081339714196e-01,9.189045157894735194e-01,9.215703717703349618e-01,9.047755363636365011e-01,9.032687259968100735e-01,8.895361024986708776e-01,8.832162900584795695e-01,8.726836189792663845e-01,8.640483636895268660e-01,8.544310956937798407e-01,8.393344242424243262e-01,8.309579935672514184e-01,8.252231814992024850e-01,8.176495502392343573e-01,8.104974886762360553e-01,8.012771204678362791e-01,7.943677814992027297e-01,7.848202870813396625e-01,7.759874050505050080e-01,7.665031558213716290e-01,7.580722264752790540e-01,7.479160559276980536e-01,7.391083010101009432e-01,7.300707908559276316e-01,7.187320577352471762e-01,7.071857423710792290e-01,6.931966144072301272e-01,6.812621700159489091e-01,6.686027129186602469e-01,6.566288189792662822e-01,6.426882001594896865e-01,6.304821101541733253e-01,6.261083266347686749e-01,6.241114161084529988e-01,6.234723245614034459e-01,6.210264848484848832e-01,6.178228374800638356e-01,6.148454753854332155e-01,6.082114957469431094e-01,5.966010547581074297e-01,5.848181947900054078e-01,5.718116645933014608e-01,5.566122969696970513e-01,5.422670118022329122e-01,5.267177594364700344e-01,5.102795055821371939e-01,4.924328650717704203e-01,4.732600744284954919e-01,4.538784007442849822e-01,4.306537990430622242e-01,4.048734796384901857e-01,3.755262945241892858e-01,3.412648162679425279e-01,3.004356940457203473e-01,2.520375493886231055e-01,2.310088421052631791e-01
czi,-1.936000999999999905e+01,-2.598099999999999854e-01,3.096900000000000208e-01,6.552999999999999936e-01,7.701799999999999757e-01,7.829500000000000348e-01,8.055999999999999828e-01,8.015799999999999592e-01,8.180800000000000294e-01,8.113700000000000356e-01,8.221300000000000274e-01,8.164099999999999691e-01,8.237999999999999767e-01,8.194799999999999862e-01,8.211500000000000465e-01,8.184299999999999908e-01,8.181399999999999784e-01,8.174500000000000099e-01,8.099600000000000133e-01,8.087900000000000089e-01,8.104599999999999582e-01,8.097900000000000098e-01,8.114500000000000046e-01,8.094000000000000083e-01,8.120800000000000241e-01,8.105700000000000127e-01,8.086600000000000454e-01,8.063700000000000312e-01,8.032700000000000395e-01,7.996999999999999664e-01,7.966999999999999638e-01,7.931000000000000272e-01,7.880200000000000538e-01,7.843599999999999461e-01,7.795100000000000362e-01,7.743900000000000228e-01,7.663799999999999502e-01,7.604800000000000448e-01,7.504699999999999704e-01,7.439400000000000457e-01,7.429000000000000048e-01,7.409700000000000175e-01,7.407000000000000250e-01,7.384500000000000508e-01,7.360600000000000476e-01,7.336700000000000443e-01,7.296599999999999753e-01,7.217500000000000027e-01,7.131800000000000361e-01,7.053300000000000125e-01,6.947499999999999787e-01,6.837900000000000089e-01,6.709600000000000009e-01,6.571399999999999464e-01,6.410400000000000542e-01,6.231299999999999617e-01,6.048000000000000043e-01,5.806400000000000450e-01,5.522799999999999931e-01,5.179000000000000270e-01,4.754599999999999937e-01,4.238500000000000045e-01,3.602099999999999747e-01,3.337899999999999756e-01,-1.922239000000000075e+01,-3.850500000000000034e-01,2.223700000000000121e-01,6.247800000000000020e-01,7.569599999999999662e-01,7.728599999999999914e-01,7.967499999999999583e-01,7.942099999999999715e-01,8.127999999999999670e-01,8.037699999999999845e-01,8.128999999999999559e-01,8.048699999999999743e-01,8.104099999999999637e-01,8.050000000000000488e-01,8.062599999999999767e-01,8.036499999999999755e-01,8.027699999999999836e-01,8.009399999999999853e-01,7.939100000000000046e-01,7.931500000000000217e-01,7.949300000000000255e-01,7.949500000000000455e-01,7.953799999999999759e-01,7.937800000000000411e-01,7.944600000000000550e-01,7.924799999999999622e-01,7.912000000000000144e-01,7.892099999999999671e-01,7.882799999999999807e-01,7.855199999999999960e-01,7.841399999999999482e-01,7.824799999999999534e-01,7.782999999999999918e-01,7.737899999999999778e-01,7.664999999999999591e-01,7.613400000000000167e-01,7.552600000000000424e-01,7.498099999999999765e-01,7.419900000000000384e-01,7.360100000000000531e-01,7.355000000000000426e-01,7.341400000000000148e-01,7.343800000000000328e-01,7.324800000000000200e-01,7.296899999999999498e-01,7.271600000000000286e-01,7.234899999999999665e-01,7.170199999999999907e-01,7.102100000000000080e-01,7.017400000000000304e-01,6.903700000000000392e-01,6.798300000000000454e-01,6.675400000000000222e-01,6.538399999999999768e-01,6.380000000000000115e-01,6.200700000000000101e-01,6.014599999999999946e-01,5.772599999999999953e-01,5.490300000000000180e-01,5.152499999999999858e-01,4.738299999999999734e-01,4.221900000000000097e-01,3.585099999999999953e-01,3.326700000000000212e-01
czi*c/cref,-3.179323279638489597e-01,-3.155662481127060603e-01,3.738852301435407477e-01,7.863425810738968735e-01,9.176934229665072440e-01,9.254169306220094704e-01,9.444792727272727229e-01,9.320956334928228726e-01,9.434536956937800145e-01,9.279510578947367527e-01,9.323898272727273451e-01,9.180901545454546175e-01,9.185216714513555480e-01,9.058630379585325132e-01,8.998511812865498394e-01,8.890429743221690551e-01,8.808988626262624910e-01,8.723377910685804482e-01,8.565940606060606921e-01,8.476213795321637656e-01,8.416202696438064290e-01,8.331753231259967363e-01,8.271225031897927460e-01,8.172917575757575603e-01,8.122311047315259325e-01,8.029684822966507429e-01,7.933423201488570831e-01,7.833878119617225799e-01,7.726936406166932114e-01,7.616111520467835350e-01,7.511385863902179105e-01,7.401592046783624923e-01,7.278858209463051621e-01,7.170034498670919687e-01,7.051188037745880210e-01,6.930852253588517531e-01,6.785905802232854445e-01,6.660971951089845744e-01,6.501559797448165368e-01,6.373877004784690437e-01,6.325195151515151659e-01,6.300293401913875657e-01,6.289492009569378483e-01,6.261906818181819379e-01,6.233187737373737658e-01,6.204523546517809462e-01,6.135001451355661661e-01,6.006372036150983140e-01,5.873630668793196064e-01,5.748270760765550325e-01,5.602248298777245950e-01,5.454979256778309527e-01,5.294876737905369612e-01,5.129255438596490579e-01,4.948413027113238716e-01,4.756492744816586682e-01,4.564519808612440555e-01,4.332204121212121506e-01,4.073072340244550671e-01,3.774943088782563017e-01,3.424676956937798833e-01,3.016455499734184142e-01,2.532538653907495663e-01,2.318074837852206194e-01,-3.156723163742690130e-01,-4.676832448165870182e-01,2.684647829346092918e-01,7.497193923444975816e-01,9.019413818181818421e-01,9.134909368421051390e-01,9.341036004784688540e-01,9.235256282296649966e-01,9.373645167464115247e-01,9.192590578947367197e-01,9.219219473684210353e-01,9.051129000000001090e-01,9.035920706007442016e-01,8.898566719829876792e-01,8.835340844231791557e-01,8.729877769803295884e-01,8.643498422647527546e-01,8.547192248803826553e-01,8.396199696969697257e-01,8.312304766081871632e-01,8.254931778841041456e-01,8.179067698032960188e-01,8.107421240829345566e-01,8.015194604997342154e-01,7.946078261562999900e-01,7.850481301435405790e-01,7.762130483785221191e-01,7.667168856459329884e-01,7.582742328548642829e-01,7.481065301435406711e-01,7.392968634768739555e-01,7.302481080276447267e-01,7.189075587453481742e-01,7.073411437001594360e-01,6.933503907496012530e-01,6.814053712918660688e-01,6.687443847953216114e-01,6.567514436469962247e-01,6.428094866028708498e-01,6.305934906432749676e-01,6.262190111642743640e-01,6.242219520467836569e-01,6.235827112174375797e-01,6.211282424242424716e-01,6.179244572567782479e-01,6.149469573631046737e-01,6.083123920786814853e-01,5.967009182349813923e-01,5.849170247740563822e-01,5.719013119617225582e-01,5.566929338649655445e-01,5.423388098883573649e-01,5.267887828814461493e-01,5.103497543859648600e-01,4.924946198830409960e-01,4.733135070175438774e-01,4.539312308346624136e-01,4.306985655502392207e-01,4.049103547049441865e-01,3.755627392344497717e-01,3.412936277511961491e-01,3.004641612440191456e-01,2.520586415736310593e-01,2.310296762360446732e-01
czo,-1.422949999999999937e+00,-2.500000000000000052e-04,-2.700000000000000035e-04,-3.099999999999999999e-04,-3.200000000000000262e-04,-3.200000000000000262e-04,-3.200000000000000262e-04,-3.200000000000000262e-04,-3.099999999999999999e-04,-3.099999999999999999e-04,-3.099999999999999999e-04,-2.999999999999999737e-04,-2.999999999999999737e-04,-2.999999999999999737e-04,-2.900000000000000017e-04,-2.900000000000000017e-04,-2.799999999999999755e-04,-2.799999999999999755e-04,-2.700000000000000035e-04,-2.700000000000000035e-04,-2.599999999999999772e-04,-2.599999999999999772e-04,-2.500000000000000052e-04,-2.400000000000000061e-04,-2.400000000000000061e-04,-2.300000000000000070e-04,-2.300000000000000070e-04,-2.200000000000000078e-04,-2.100000000000000087e-04,-2.100000000000000087e-04,-2.000000000000000096e-04,-1.900000000000000105e-04,-1.900000000000000105e-04,-1.800000000000000113e-04,-1.700000000000000122e-04,-1.600000000000000131e-04,-1.600000000000000131e-04,-1.499999999999999869e-04,-1.399999999999999877e-04,-1.299999999999999886e-04,-1.299999999999999886e-04,-1.299999999999999886e-04,-1.299999999999999886e-04,-1.200000000000000030e-04,-1.200000000000000030e-04,-1.200000000000000030e-04,-1.200000000000000030e-04,-1.200000000000000030e-04,-1.100000000000000039e-04,-1.100000000000000039e-04,-1.000000000000000048e-04,-1.000000000000000048e-04,-9.000000000000000567e-05,-9.000000000000000567e-05,-8.000000000000000654e-05,-6.999999999999999387e-05,-6.999999999999999387e-05,-6.000000000000000152e-05,-6.000000000000000152e-05,-5.000000000000000240e-05,-5.000000000000000240e-05,-4.000000000000000327e-05,-3.000000000000000076e-05,-3.000000000000000076e-05,-1.141880000000000006e+00,-2.500000000000000052e-04,-2.700000000000000035e-04,-3.099999999999999999e-04,-3.200000000000000262e-04,-3.200000000000000262e-04,-3.200000000000000262e-04,-3.099999999999999999e-04,-3.099999999999999999e-04,-3.099999999999999999e-04,-2.999999999999999737e-04,-2.999999999999999737e-04,-2.999999999999999737e-04,-2.900000000000000017e-04,-2.900000000000000017e-04,-2.799999999999999755e-04,-2.799999999999999755e-04,-2.700000000000000035e-04,-2.700000000000000035e-04,-2.599999999999999772e-04,-2.599999999999999772e-04,-2.500000000000000052e-04,-2.500000000000000052e-04,-2.400000000000000061e-04,-2.400000000000000061e-04,-2.300000000000000070e-04,-2.200000000000000078e-04,-2.200000000000000078e-04,-2.100000000000000087e-04,-2.000000000000000096e-04,-2.000000000000000096e-04,-1.900000000000000105e-04,-1.800000000000000113e-04,-1.800000000000000113e-04,-1.700000000000000122e-04,-1.600000000000000131e-04,-1.499999999999999869e-04,-1.499999999999999869e-04,-1.399999999999999877e-04,-1.299999999999999886e-04,-1.299999999999999886e-04,-1.299999999999999886e-04,-1.200000000000000030e-04,-1.200000000000000030e-04,-1.200000000000000030e-04,-1.200000000000000030e-04,-1.200000000000000030e-04,-1.200000000000000030e-04,-1.100000000000000039e-04,-1.100000000000000039e-04,-1.000000000000000048e-04,-1.000000000000000048e-04,-9.000000000000000567e-05,-9.000000000000000567e-05,-8.000000000000000654e-05,-6.999999999999999387e-05,-6.999999999999999387e-05,-6.000000000000000152e-05,-6.000000000000000152e-05,-5.000000000000000240e-05,-5.000000000000000240e-05,-4.000000000000000327e-05,-3.000000000000000076e-05,-3.000000000000000076e-05
czo*c/cref,-2.336784981392875729e-02,-3.036509835194046254e-04,-3.259679425837321270e-04,-3.719917597022860071e-04,-3.812899521531100877e-04,-3.782277511961722378e-04,-3.751655502392344963e-04,-3.721033492822966465e-04,-3.575086124401914223e-04,-3.545421052631578447e-04,-3.515755980861244297e-04,-3.373636363636364028e-04,-3.344944178628388534e-04,-3.316236044657096564e-04,-3.177943646996278515e-04,-3.150207868155236531e-04,-3.014785752259435811e-04,-2.988006379585326252e-04,-2.855454545454545572e-04,-2.829631578947368440e-04,-2.699963849016480378e-04,-2.675083466241360381e-04,-2.548285486443381521e-04,-2.423400318979266428e-04,-2.400446570972887116e-04,-2.278430622009569302e-04,-2.256433280170122417e-04,-2.137298245614035173e-04,-2.020063795853269464e-04,-1.999979266347687431e-04,-1.885624667729930888e-04,-1.773171717171717014e-04,-1.755010101010101152e-04,-1.645425837320574260e-04,-1.537763423710792135e-04,-1.432012759170653998e-04,-1.416718766613503443e-04,-1.313835725677830882e-04,-1.212864433811802176e-04,-1.113804891015417322e-04,-1.106845295055821211e-04,-1.105359383306751613e-04,-1.103866560340244370e-04,-1.017575757575757661e-04,-1.016197767145135517e-04,-1.014819776714513509e-04,-1.008963317384370043e-04,-9.986347687400319248e-05,-9.059415204678363150e-05,-8.964736842105263510e-05,-8.063689526847422808e-05,-7.977565124933546628e-05,-7.102344497607656216e-05,-7.024880382775119654e-05,-6.175481127060075215e-05,-5.343258904837851436e-05,-5.283009037745879308e-05,-4.476650717703348914e-05,-4.425007974481659002e-05,-3.644471026049973903e-05,-3.601435406698564175e-05,-2.846719829877724709e-05,-2.109218500797448322e-05,-2.083413078149920383e-05,-1.875208569909622355e-02,-3.036509835194046254e-04,-3.259679425837321270e-04,-3.719917597022860071e-04,-3.812899521531100877e-04,-3.782277511961722378e-04,-3.751655502392344963e-04,-3.604751196172248373e-04,-3.575086124401914223e-04,-3.545421052631578447e-04,-3.402344497607655456e-04,-3.373636363636364028e-04,-3.344944178628388534e-04,-3.205694843168527220e-04,-3.177943646996278515e-04,-3.041580010632641794e-04,-3.014785752259435811e-04,-2.881291866028707748e-04,-2.855454545454545572e-04,-2.724830409356725084e-04,-2.699963849016480378e-04,-2.572195640616692716e-04,-2.548285486443381521e-04,-2.423400318979266428e-04,-2.400446570972887116e-04,-2.278430622009569302e-04,-2.158327485380117153e-04,-2.137298245614035173e-04,-2.020063795853269464e-04,-1.904742158426368879e-04,-1.885624667729930888e-04,-1.773171717171717014e-04,-1.662641148325359015e-04,-1.645425837320574260e-04,-1.537763423710792135e-04,-1.432012759170653998e-04,-1.328173843700159308e-04,-1.313835725677830882e-04,-1.212864433811802176e-04,-1.113804891015417322e-04,-1.106845295055821211e-04,-1.105359383306751613e-04,-1.018953748006379533e-04,-1.017575757575757661e-04,-1.016197767145135517e-04,-1.014819776714513509e-04,-1.008963317384370043e-04,-9.986347687400319248e-05,-9.059415204678363150e-05,-8.964736842105263510e-05,-8.063689526847422808e-05,-7.977565124933546628e-05,-7.102344497607656216e-05,-7.024880382775119654e-05,-6.175481127060075215e-05,-5.343258904837851436e-05,-5.283009037745879308e-05,-4.476650717703348914e-05,-4.425007974481659002e-05,-3.644471026049973903e-05,-3.601435406698564175e-05,-2.846719829877724709e-05,-2.109218500797448322e-05,-2.083413078149920383e-05
dArea,1.049999999999999935e-03,2.434600000000000097e-01,2.419999999999999929e-01,2.405299999999999938e-01,3.112900000000000111e-01,3.087900000000000089e-01,3.062900000000000067e-01,3.037900000000000045e-01,3.012900000000000023e-01,2.987900000000000000e-01,2.962899999999999978e-01,2.937899999999999956e-01,2.912899999999999934e-01,2.887899999999999912e-01,2.862899999999999889e-01,2.837899999999999867e-01,2.812999999999999945e-01,2.787999999999999923e-01,2.762999999999999901e-01,2.737999999999999878e-01,2.712999999999999856e-01,2.687999999999999834e-01,2.662999999999999812e-01,2.637999999999999790e-01,2.612999999999999767e-01,2.588099999999999845e-01,2.563099999999999823e-01,2.538099999999999801e-01,2.513099999999999778e-01,2.488100000000000034e-01,2.463100000000000012e-01,2.438200000000000089e-01,2.413200000000000067e-01,2.388200000000000045e-01,2.363200000000000023e-01,2.338300000000000101e-01,2.313300000000000078e-01,2.288300000000000056e-01,2.263300000000000034e-01,2.238400000000000112e-01,2.668999999999999845e-02,2.665999999999999967e-02,2.662000000000000130e-02,2.657999999999999946e-02,2.655000000000000068e-02,2.650999999999999884e-02,1.976999999999999869e-01,1.956700000000000106e-01,1.936499999999999888e-01,1.916200000000000125e-01,1.895999999999999908e-01,1.875699999999999867e-01,1.855499999999999927e-01,1.835299999999999987e-01,1.814999999999999947e-01,1.794800000000000006e-01,1.774499999999999966e-01,1.754300000000000026e-01,1.734100000000000086e-01,1.713800000000000046e-01,1.693600000000000105e-01,1.673399999999999888e-01,1.653100000000000125e-01,1.632899999999999907e-01,1.049999999999999935e-03,2.434600000000000097e-01,2.419999999999999929e-01,2.405299999999999938e-01,3.112900000000000111e-01,3.087900000000000089e-01,3.062900000000000067e-01,3.037900000000000045e-01,3.012900000000000023e-01,2.987900000000000000e-01,2.962899999999999978e-01,2.937899999999999956e-01,2.912899999999999934e-01,2.887899999999999912e-01,2.862899999999999889e-01,2.837899999999999867e-01,2.812999999999999945e-01,2.787999999999999923e-01,2.762999999999999901e-01,2.737999999999999878e-01,2.712999999999999856e-01,2.687999999999999834e-01,2.662999999999999812e-01,2.637999999999999790e-01,2.612999999999999767e-01,2.588099999999999845e-01,2.563099999999999823e-01,2.538099999999999801e-01,2.513099999999999778e-01,2.488100000000000034e-01,2.463100000000000012e-01,2.438200000000000089e-01,2.413200000000000067e-01,2.388200000000000045e-01,2.363200000000000023e-01,2.338300000000000101e-01,2.313300000000000078e-01,2.288300000000000056e-01,2.263300000000000034e-01,2.238400000000000112e-01,2.668999999999999845e-02,2.665999999999999967e-02,2.662000000000000130e-02,2.657999999999999946e-02,2.655000000000000068e-02,2.650999999999999884e-02,1.976999999999999869e-01,1.956700000000000106e-01,1.936499999999999888e-01,1.916200000000000125e-01,1.895999999999999908e-01,1.875699999999999867e-01,1.855499999999999927e-01,1.835299999999999987e-01,1.814999999999999947e-01,1.794800000000000006e-01,1.774499999999999966e-01,1.754300000000000026e-01,1.734100000000000086e-01,1.713800000000000046e-01,1.693600000000000105e-01,1.673399999999999888e-01,1.653100000000000125e-01,1.632899999999999907e-01
dSpan,3.400999999999999857e-02,1.065600000000000019e-01,1.065600000000000019e-01,1.065699999999999981e-01,1.388900000000000134e-01,1.388900000000000134e-01,1.388900000000000134e-01,1.388900000000000134e-01,1.388900000000000134e-01,1.388900000000000134e-01,1.388900000000000134e-01,1.388900000000000134e-01,1.388900000000000134e-01,1.388900000000000134e-01,1.388900000000000134e-01,1.388900000000000134e-01,1.388900000000000134e-01,1.388900000000000134e-01,1.388900000000000134e-01,1.388900000000000134e-01,1.388900000000000134e-01,1.388900000000000134e-01,1.388900000000000134e-01,1.388900000000000134e-01,1.388900000000000134e-01,1.388900000000000134e-01,1.388900000000000134e-01,1.388900000000000134e-01,1.388900000000000134e-01,1.388900000000000134e-01,1.388900000000000134e-01,1.388900000000000134e-01,1.388900000000000134e-01,1.388900000000000134e-01,1.388900000000000134e-01,1.388900000000000134e-01,1.388900000000000134e-01,1.388900000000000134e-01,1.388900000000000134e-01,1.388900000000000134e-01,1.667000000000000079e-02,1.667000000000000079e-02,1.667000000000000079e-02,1.667000000000000079e-02,1.667000000000000079e-02,1.667000000000000079e-02,1.250000000000000000e-01,1.250000000000000000e-01,1.250000000000000000e-01,1.250000000000000000e-01,1.250000000000000000e-01,1.250000000000000000e-01,1.250000000000000000e-01,1.250000000000000000e-01,1.250000000000000000e-01,1.250000000000000000e-01,1.250000000000000000e-01,1.250000000000000000e-01,1.250000000000000000e-01,1.250000000000000000e-01,1.250000000000000000e-01,1.250000000000000000e-01,1.250000000000000000e-01,1.250000000000000000e-01,3.400999999999999857e-02,1.065600000000000019e-01,1.065600000000000019e-01,1.065699999999999981e-01,1.388900000000000134e-01,1.388900000000000134e-01,1.388900000000000134e-01,1.388900000000000134e-01,1.388900000000000134e-01,1.388900000000000134e-01,1.388900000000000134e-01,1.388900000000000134e-01,1.388900000000000134e-01,1.388900000000000134e-01,1.388900000000000134e-01,1.388900000000000134e-01,1.388900000000000134e-01,1.388900000000000134e-01,1.388900000000000134e-01,1.388900000000000134e-01,1.388900000000000134e-01,1.388900000000000134e-01,1.388900000000000134e-01,1.388900000000000134e-01,1.388900000000000134e-01,1.388900000000000134e-01,1.388900000000000134e-01,1.388900000000000134e-01,1.388900000000000134e-01,1.388900000000000134e-01,1.388900000000000134e-01,1.388900000000000134e-01,1.388900000000000134e-01,1.388900000000000134e-01,1.388900000000000134e-01,1.388900000000000134e-01,1.388900000000000134e-01,1.388900000000000134e-01,1.388900000000000134e-01,1.388900000000000134e-01,1.667000000000000079e-02,1.667000000000000079e-02,1.667000000000000079e-02,1.667000000000000079e-02,1.667000000000000079e-02,1.667000000000000079e-02,1.250000000000000000e-01,1.250000000000000000e-01,1.250000000000000000e-01,1.250000000000000000e-01,1.250000000000000000e-01,1.250000000000000000e-01,1.250000000000000000e-01,1.250000000000000000e-01,1.250000000000000000e-01,1.250000000000000000e-01,1.250000000000000000e-01,1.250000000000000000e-01,1.250000000000000000e-01,1.250000000000000000e-01,1.250000000000000000e-01,1.250000000000000000e-01,1.250000000000000000e-01,1.250000000000000000e-01
roverR,inf,inf,inf,inf,inf,inf,inf,inf,inf,inf,inf,inf,inf,inf,inf,inf,inf,inf,inf,inf,inf,inf,inf,inf,inf,inf,inf,inf,inf,inf,inf,inf,inf,inf,inf,inf,inf,inf,inf,inf,inf,inf,inf,inf,inf,inf,inf,inf,inf,inf,inf,inf,inf,inf,inf,inf,inf,inf,inf,inf,inf,inf,inf,inf,inf,inf,inf,inf,inf,inf,inf,inf,inf,inf,inf,inf,inf,inf,inf,inf,inf,inf,inf,inf,inf,inf,inf,inf,inf,inf,inf,inf,inf,inf,inf,inf,inf,inf,inf,inf,inf,inf,inf,inf,inf,inf,inf,inf,inf,inf,inf,inf,inf,inf,inf,inf,inf,inf,inf,inf,inf,inf,inf,inf,inf,inf,inf,inf
Results_Name,CpSlice_Wrapper
Results_Timestamp,1787071702
Results_Date,8,18,2026
Results_Time,22,18,22
CpSlice_Case_ID_Vec,PXBYFJA
Num_Cuts,1
Results_Name,CpSlicer_Case
Results_Timestamp,1787071702
Results_Date,8,18,2026
Results_Time,22,18,22
Alpha,4.000000000000000000e+00
Beta,0.000000000000000000e+00
Case,1
Cp,7.916999999999999593e-01,7.916999999999999593e-01,7.916999999999999593e-01,7.916999999999999593e-01,7.500999999999999890e-01,7.916999999999999593e-01,7.500999999999999890e-01,7.916999999999999593e-01,7.916999999999999593e-01,7.916999999999999593e-01,7.916999999999999593e-01,7.916999999999999593e-01,7.916999999999999593e-01,7.916999999999999593e-01,7.755999999999999561e-01,7.916999999999999593e-01,7.755999999999999561e-01,7.916999999999999593e-01,7.916999999999999593e-01,7.916999999999999593e-01,6.521000000000000130e-01,6.521000000000000130e-01,6.521000000000000130e-01,6.521000000000000130e-01,7.077999999999999847e-01,7.077999999999999847e-01,7.077999999999999847e-01,7.077999999999999847e-01,5.036000000000000476e-01,5.036000000000000476e-01,5.036000000000000476e-01,5.036000000000000476e-01,5.865000000000000213e-01,5.865000000000000213e-01,5.865000000000000213e-01,5.865000000000000213e-01,3.160000000000000031e-01,3.160000000000000031e-01,3.160000000000000031e-01,3.160000000000000031e-01,4.143999999999999906e-01,4.143999999999999906e-01,4.143999999999999906e-01,4.143999999999999906e-01,1.053999999999999937e-01,1.053999999999999937e-01,1.053999999999999937e-01,1.053999999999999937e-01,1.890999999999999903e-01,1.890999999999999903e-01,1.890999999999999903e-01,1.890999999999999903e-01,-7.770000000000000517e-02,-7.770000000000000517e-02,-7.770000000000000517e-02,-7.770000000000000517e-02,-5.990000000000000185e-02,-5.990000000000000185e-02,-5.990000000000000185e-02,-5.990000000000000185e-02,-1.429999999999999882e-01,-1.429999999999999882e-01,-1.429999999999999882e-01,-1.429999999999999882e-01,-2.028999999999999970e-01,-2.028999999999999970e-01,-2.028999999999999970e-01,-2.028999999999999970e-01,-4.850000000000000144e-02,-4.850000000000000144e-02,-4.850000000000000144e-02,-4.850000000000000144e-02,-4.850000000000000144e-02,-8.580000000000000127e-02,-8.580000000000000127e-02,-8.580000000000000127e-02,-8.580000000000000127e-02,-8.580000000000000127e-02,5.589999999999999830e-02,5.589999999999999830e-02,5.589999999999999830e-02,5.589999999999999830e-02,4.569999999999999757e-02,4.569999999999999757e-02,4.569999999999999757e-02,4.569999999999999757e-02,7.839999999999999747e-02,7.839999999999999747e-02,7.839999999999999747e-02,7.839999999999999747e-02,4.780000000000000221e-02,4.780000000000000221e-02,4.780000000000000221e-02,4.780000000000000221e-02,5.979999999999999899e-02,5.979999999999999899e-02,5.979999999999999899e-02,5.979999999999999899e-02,-1.580000000000000154e-02,-1.580000000000000154e-02,-1.580000000000000154e-02,-1.580000000000000154e-02,2.719999999999999848e-02,2.719999999999999848e-02,2.719999999999999848e-02,2.719999999999999848e-02,-1.004000000000000031e-01,-1.004000000000000031e-01,-1.004000000000000031e-01,-1.004000000000000031e-01,-3.500000000000000073e-03,-3.500000000000000073e-03,-3.500000000000000073e-03,-3.500000000000000073e-03,-1.885999999999999899e-01,-1.885999999999999899e-01,-1.885999999999999899e-01,-1.885999999999999899e-01,-3.080000000000000099e-02,-3.080000000000000099e-02,-3.080000000000000099e-02,-3.080000000000000099e-02,-2.590000000000000080e-01,-2.590000000000000080e-01,-2.590000000000000080e-01,-2.590000000000000080e-01,-4.329999999999999821e-02,-4.329999999999999821e-02,-4.329999999999999821e-02,-4.329999999999999821e-02,-2.615999999999999992e-01,-2.615999999999999992e-01,-2.615999999999999992e-01,-2.615999999999999992e-01,-3.280000000000000276e-02,-3.280000000000000276e-02,-3.280000000000000276e-02,-3.280000000000000276e-02,-1.203000000000000042e-01,-1.203000000000000042e-01,-1.203000000000000042e-01,-1.203000000000000042e-01,-7.900000000000000772e-03,-7.900000000000000772e-03,-7.900000000000000772e-03,-7.900000000000000772e-03,2.393000000000000127e-01,2.393000000000000127e-01,2.393000000000000127e-01,2.393000000000000127e-01,1.149999999999999981e-02,1.149999999999999981e-02,1.149999999999999981e-02,1.149999999999999981e-02,5.795000000000000151e-01,5.795000000000000151e-01,5.795000000000000151e-01,5.795000000000000151e-01,2.350000000000000006e-02,2.350000000000000006e-02,2.350000000000000006e-02,2.350000000000000006e-02,6.532999999999999918e-01,6.532999999999999918e-01,6.532999999999999918e-01,6.532999999999999918e-01,2.340000000000000066e-02,2.340000000000000066e-02,2.340000000000000066e-02,2.340000000000000066e-02,7.665999999999999481e-01,7.665999999999999481e-01,7.665999999999999481e-01,7.665999999999999481e-01,7.199999999999999803e-03,7.199999999999999803e-03,7.199999999999999803e-03,7.199999999999999803e-03,7.556000000000000494e-01,7.556000000000000494e-01,7.556000000000000494e-01,7.556000000000000494e-01,-2.309999999999999901e-02,-2.309999999999999901e-02,-2.309999999999999901e-02,-2.309999999999999901e-02,6.119999999999999885e-01,6.119999999999999885e-01,6.119999999999999885e-01,6.119999999999999885e-01,-8.550000000000000655e-02,-8.550000000000000655e-02,-8.550000000000000655e-02,-8.550000000000000655e-02,2.617999999999999772e-01,6.119999999999999885e-01,6.119999999999999885e-01,-4.339999999999999969e-01,-4.339999999999999969e-01,-4.339999999999999969e-01,-4.339999999999999969e-01,-4.339999999999999969e-01,-4.339999999999999969e-01,-4.339999999999999969e-01,-4.339999999999999969e-01,2.617999999999999772e-01,6.119999999999999885e-01,6.119999999999999885e-01,-8.550000000000000655e-02,-1.827000000000000013e-01,-1.827000000000000013e-01,-1.827000000000000013e-01,-3.859000000000000208e-01,-3.859000000000000208e-01,-3.859000000000000208e-01,-3.859000000000000208e-01,-1.827000000000000013e-01,-2.265999999999999959e-01,-1.827000000000000013e-01,-2.265999999999999959e-01,-3.859000000000000208e-01,-1.822999999999999898e-01,-3.859000000000000208e-01,-1.822999999999999898e-01,-2.265999999999999959e-01,-1.799999999999999933e-01,-2.265999999999999959e-01,-1.799999999999999933e-01,-1.822999999999999898e-01,-4.059999999999999720e-02,-1.822999999999999898e-01,-4.059999999999999720e-02,-1.799999999999999933e-01,-8.649999999999999356e-02,-1.799999999999999933e-01,-8.649999999999999356e-02,-4.059999999999999720e-02,-3.830000000000000071e-02,-4.059999999999999720e-02,-3.830000000000000071e-02,-8.649999999999999356e-02,9.900000000000000813e-03,-8.649999999999999356e-02,9.900000000000000813e-03,-3.830000000000000071e-02,-3.330000000000000321e-02,-3.830000000000000071e-02,-3.330000000000000321e-02,9.900000000000000813e-03,8.369999999999999662e-02,9.900000000000000813e-03,8.369999999999999662e-02,-3.330000000000000321e-02,-4.700000000000000185e-03,-3.330000000000000321e-02,-4.700000000000000185e-03,8.369999999999999662e-02,1.131999999999999951e-01,8.369999999999999662e-02,1.131999999999999951e-01,-4.700000000000000185e-03,-3.889999999999999708e-02,-4.700000000000000185e-03,-3.889999999999999708e-02,1.131999999999999951e-01,8.129999999999999727e-02,1.131999999999999951e-01,8.129999999999999727e-02,-3.889999999999999708e-02,-2.610000000000000167e-02,-3.889999999999999708e-02,-2.610000000000000167e-02,8.129999999999999727e-02,-3.500000000000000073e-03,8.129999999999999727e-02,-3.500000000000000073e-03,-2.610000000000000167e-02,-4.100000000000000346e-03,-2.610000000000000167e-02,-4.100000000000000346e-03,-3.500000000000000073e-03,-4.920000000000000068e-02,-3.500000000000000073e-03,-4.920000000000000068e-02,-4.100000000000000346e-03,-2.840000000000000163e-02,-4.100000000000000346e-03,-2.840000000000000163e-02,-4.920000000000000068e-02,-2.440000000000000155e-02,-4.920000000000000068e-02,-2.440000000000000155e-02,-2.840000000000000163e-02,-2.670000000000000151e-02,-2.840000000000000163e-02,-2.670000000000000151e-02,-2.440000000000000155e-02,3.490000000000000047e-02,-2.440000000000000155e-02,3.490000000000000047e-02,-2.670000000000000151e-02,-1.020000000000000073e-02,-2.670000000000000151e-02,-1.020000000000000073e-02,3.490000000000000047e-02,9.009999999999999953e-02,3.490000000000000047e-02,9.009999999999999953e-02,-1.020000000000000073e-02,2.700000000000000143e-03,-1.020000000000000073e-02,2.700000000000000143e-03,9.009999999999999953e-02,1.353999999999999926e-01,1.353999999999999926e-01,9.009999999999999953e-02,2.700000000000000143e-03,-3.590000000000000135e-02,2.700000000000000143e-03,-3.590000000000000135e-02,1.353999999999999926e-01,1.524000000000000077e-01,1.524000000000000077e-01,1.353999999999999926e-01,-3.590000000000000135e-02,8.899999999999999925e-03,-3.590000000000000135e-02,8.899999999999999925e-03,1.524000000000000077e-01,1.454000000000000015e-01,1.454000000000000015e-01,1.524000000000000077e-01,8.899999999999999925e-03,6.759999999999999343e-02,8.899999999999999925e-03,6.759999999999999343e-02,1.454000000000000015e-01,5.190000000000000169e-02,5.190000000000000169e-02,1.454000000000000015e-01,6.759999999999999343e-02,7.349999999999999589e-02,6.759999999999999343e-02,7.349999999999999589e-02,5.190000000000000169e-02,-3.620000000000000301e-02,5.190000000000000169e-02,-3.620000000000000301e-02,5.190000000000000169e-02,7.349999999999999589e-02,4.979999999999999705e-02,7.349999999999999589e-02,7.349999999999999589e-02,4.979999999999999705e-02,-3.620000000000000301e-02,-2.889999999999999861e-02,-2.889999999999999861e-02,-3.620000000000000301e-02,4.979999999999999705e-02,6.000000000000000125e-03,4.979999999999999705e-02,6.000000000000000125e-03,-2.889999999999999861e-02,3.389999999999999958e-02,3.389999999999999958e-02,-2.889999999999999861e-02,6.000000000000000125e-03,-3.939999999999999752e-02,6.000000000000000125e-03,-3.939999999999999752e-02,3.389999999999999958e-02,9.049999999999999711e-02,9.049999999999999711e-02,3.389999999999999958e-02,-3.939999999999999752e-02,-9.420000000000000595e-02,-3.939999999999999752e-02,-9.420000000000000595e-02,9.049999999999999711e-02,4.519999999999999712e-02,4.519999999999999712e-02,9.049999999999999711e-02,-1.203000000000000042e-01,-9.420000000000000595e-02,-9.420000000000000595e-02,-1.203000000000000042e-01,4.519999999999999712e-02,1.930000000000000118e-02,1.930000000000000118e-02,4.519999999999999712e-02,-1.203000000000000042e-01,-6.940000000000000335e-02,-1.203000000000000042e-01,-6.940000000000000335e-02,8.669999999999999929e-02,8.669999999999999929e-02,8.669999999999999929e-02,8.669999999999999929e-02,-6.940000000000000335e-02,1.433999999999999997e-01,-6.940000000000000335e-02,1.433999999999999997e-01,2.978999999999999981e-01,2.978999999999999981e-01,2.978999999999999981e-01,2.978999999999999981e-01,2.978999999999999981e-01,2.978999999999999981e-01,2.978999999999999981e-01,2.978999999999999981e-01,2.978999999999999981e-01,2.978999999999999981e-01,2.978999999999999981e-01,2.978999999999999981e-01,2.978999999999999981e-01,2.978999999999999981e-01,2.978999999999999981e-01,2.978999999999999981e-01,2.617999999999999772e-01,-3.553000000000000047e-01,1.320699999999999985e+00,1.320699999999999985e+00,3.817299999999999915e+00,3.817299999999999915e+00,1.412199999999999900e+00,1.412199999999999900e+00,-1.517600000000000060e+00,-1.517600000000000060e+00,-1.052000000000000046e+00,-1.052000000000000046e+00,-9.718999999999999861e-01,-9.718999999999999861e-01,-1.030200000000000005e+00,-1.030200000000000005e+00,-9.443000000000000282e-01,-9.443000000000000282e-01,-7.984999999999999876e-01,-7.984999999999999876e-01,-1.001200000000000090e+00,-1.001200000000000090e+00,-1.001200000000000090e+00,-8.618000000000000105e-01,-8.618000000000000105e-01,-7.164000000000000368e-01,-7.164000000000000368e-01,-1.120000000000000107e+00,-1.120000000000000107e+00,-1.381000000000000005e+00,-1.381000000000000005e+00,-1.128800000000000026e+00,-1.128800000000000026e+00,-7.647000000000000464e-01,-7.647000000000000464e-01,-1.001300000000000079e+00,-1.001300000000000079e+00,-1.198399999999999910e+00,-1.198399999999999910e+00,2.617999999999999772e-01,-3.553000000000000047e-01,1.320699999999999985e+00,1.320699999999999985e+00,3.817299999999999915e+00,3.817299999999999915e+00,1.412199999999999900e+00,1.412199999999999900e+00,-1.517600000000000060e+00,-1.517600000000000060e+00,-1.052000000000000046e+00,-1.052000000000000046e+00,-9.718999999999999861e-01,-9.718999999999999861e-01,-1.030200000000000005e+00,-1.030200000000000005e+00,-9.443000000000000282e-01,-9.443000000000000282e-01,-7.984999999999999876e-01,-7.984999999999999876e-01,-1.001200000000000090e+00,-1.001200000000000090e+00,-8.618000000000000105e-01,-1.001200000000000090e+00,-7.164000000000000368e-01,-8.618000000000000105e-01,-7.164000000000000368e-01,-1.120000000000000107e+00,-1.120000000000000107e+00,-1.381000000000000005e+00,-1.381000000000000005e+00,-1.128800000000000026e+00,-7.647000000000000464e-01,-1.128800000000000026e+00,-1.001300000000000079e+00,-7.647000000000000464e-01,-1.198399999999999910e+00,-1.001300000000000079e+00,-1.198399999999999910e+00
Cut_Loc,0.000000000000000000e+00
Cut_Num,1
Cut_Type,1
Mach,2.030000000000000138e-01
X_Loc,0.000000000000000000e+00,0.000000000000000000e+00,0.000000000000000000e+00,0.000000000000000000e+00,4.939999999999999947e-02,0.000000000000000000e+00,4.939999999999999947e-02,0.000000000000000000e+00,0.000000000000000000e+00,0.000000000000000000e+00,0.000000000000000000e+00,0.000000000000000000e+00,0.000000000000000000e+00,0.000000000000000000e+00,4.939999999999999947e-02,0.000000000000000000e+00,4.939999999999999947e-02,0.000000000000000000e+00,0.000000000000000000e+00,0.000000000000000000e+00,1.035999999999999976e-01,1.035999999999999976e-01,1.035999999999999976e-01,1.035999999999999976e-01,1.035999999999999976e-01,1.035999999999999976e-01,1.035999999999999976e-01,1.035999999999999976e-01,1.628000000000000003e-01,1.628000000000000003e-01,1.628000000000000003e-01,1.628000000000000003e-01,1.628000000000000003e-01,1.628000000000000003e-01,1.628000000000000003e-01,1.628000000000000003e-01,2.272000000000000131e-01,2.272000000000000131e-01,2.272000000000000131e-01,2.272000000000000131e-01,2.272000000000000131e-01,2.272000000000000131e-01,2.272000000000000131e-01,2.272000000000000131e-01,2.967000000000000193e-01,2.967000000000000193e-01,2.967000000000000193e-01,2.967000000000000193e-01,2.967000000000000193e-01,2.967000000000000193e-01,2.967000000000000193e-01,2.967000000000000193e-01,3.714999999999999969e-01,3.714999999999999969e-01,3.714999999999999969e-01,3.714999999999999969e-01,3.714999999999999969e-01,3.714999999999999969e-01,3.714999999999999969e-01,3.714999999999999969e-01,4.517999999999999794e-01,4.517999999999999794e-01,4.517999999999999794e-01,4.517999999999999794e-01,4.517999999999999794e-01,4.517999999999999794e-01,4.517999999999999794e-01,4.517999999999999794e-01,5.374999999999999778e-01,5.374999999999999778e-01,5.374999999999999778e-01,5.374999999999999778e-01,5.374999999999999778e-01,5.374999999999999778e-01,5.374999999999999778e-01,5.374999999999999778e-01,5.374999999999999778e-01,5.374999999999999778e-01,6.675999999999999712e-01,6.675999999999999712e-01,6.675999999999999712e-01,6.675999999999999712e-01,6.675999999999999712e-01,6.675999999999999712e-01,6.675999999999999712e-01,6.675999999999999712e-01,8.700999999999999845e-01,8.700999999999999845e-01,8.700999999999999845e-01,8.700999999999999845e-01,8.700999999999999845e-01,8.700999999999999845e-01,8.700999999999999845e-01,8.700999999999999845e-01,1.128500000000000059e+00,1.128500000000000059e+00,1.128500000000000059e+00,1.128500000000000059e+00,1.128500000000000059e+00,1.128500000000000059e+00,1.128500000000000059e+00,1.128500000000000059e+00,1.426500000000000101e+00,1.426500000000000101e+00,1.426500000000000101e+00,1.426500000000000101e+00,1.426500000000000101e+00,1.426500000000000101e+00,1.426500000000000101e+00,1.426500000000000101e+00,1.747800000000000020e+00,1.747800000000000020e+00,1.747800000000000020e+00,1.747800000000000020e+00,1.747800000000000020e+00,1.747800000000000020e+00,1.747800000000000020e+00,1.747800000000000020e+00,2.075899999999999856e+00,2.075899999999999856e+00,2.075899999999999856e+00,2.075899999999999856e+00,2.075899999999999856e+00,2.075899999999999856e+00,2.075899999999999856e+00,2.075899999999999856e+00,2.394600000000000062e+00,2.394600000000000062e+00,2.394600000000000062e+00,2.394600000000000062e+00,2.394600000000000062e+00,2.394600000000000062e+00,2.394600000000000062e+00,2.394600000000000062e+00,2.687500000000000000e+00,2.687500000000000000e+00,2.687500000000000000e+00,2.687500000000000000e+00,2.687500000000000000e+00,2.687500000000000000e+00,2.687500000000000000e+00,2.687500000000000000e+00,2.989399999999999835e+00,2.989399999999999835e+00,2.989399999999999835e+00,2.989399999999999835e+00,2.989399999999999835e+00,2.989399999999999835e+00,2.989399999999999835e+00,2.989399999999999835e+00,3.334799999999999986e+00,3.334799999999999986e+00,3.334799999999999986e+00,3.334799999999999986e+00,3.334799999999999986e+00,3.334799999999999986e+00,3.334799999999999986e+00,3.334799999999999986e+00,3.706799999999999873e+00,3.706799999999999873e+00,3.706799999999999873e+00,3.706799999999999873e+00,3.706799999999999873e+00,3.706799999999999873e+00,3.706799999999999873e+00,3.706799999999999873e+00,4.088499999999999801e+00,4.088499999999999801e+00,4.088499999999999801e+00,4.088499999999999801e+00,4.088499999999999801e+00,4.088499999999999801e+00,4.088499999999999801e+00,4.088499999999999801e+00,4.463099999999999845e+00,4.463099999999999845e+00,4.463099999999999845e+00,4.463099999999999845e+00,4.463099999999999845e+00,4.463099999999999845e+00,4.463099999999999845e+00,4.463099999999999845e+00,4.813600000000000101e+00,4.813600000000000101e+00,4.813600000000000101e+00,4.813600000000000101e+00,4.813600000000000101e+00,4.813600000000000101e+00,4.813600000000000101e+00,4.813600000000000101e+00,5.123199999999999754e+00,5.123199999999999754e+00,5.123199999999999754e+00,5.123199999999999754e+00,5.075899999999999856e+00,4.813600000000000101e+00,4.813600000000000101e+00,5.123199999999999754e+00,5.123199999999999754e+00,5.123199999999999754e+00,5.123199999999999754e+00,5.123199999999999754e+00,5.123199999999999754e+00,5.123199999999999754e+00,5.123199999999999754e+00,5.075899999999999856e+00,4.813600000000000101e+00,4.813600000000000101e+00,5.123199999999999754e+00,5.375000000000000000e+00,5.375000000000000000e+00,5.375000000000000000e+00,5.375000000000000000e+00,5.375000000000000000e+00,5.375000000000000000e+00,5.375000000000000000e+00,5.375000000000000000e+00,5.591499999999999915e+00,5.375000000000000000e+00,5.591499999999999915e+00,5.375000000000000000e+00,5.591499999999999915e+00,5.375000000000000000e+00,5.591499999999999915e+00,5.591499999999999915e+00,5.806700000000000195e+00,5.591499999999999915e+00,5.806700000000000195e+00,5.591499999999999915e+00,5.806700000000000195e+00,5.591499999999999915e+00,5.806700000000000195e+00,5.806700000000000195e+00,6.020999999999999908e+00,5.806700000000000195e+00,6.020999999999999908e+00,5.806700000000000195e+00,6.020999999999999908e+00,5.806700000000000195e+00,6.020999999999999908e+00,6.020999999999999908e+00,6.235000000000000320e+00,6.020999999999999908e+00,6.235000000000000320e+00,6.020999999999999908e+00,6.235000000000000320e+00,6.020999999999999908e+00,6.235000000000000320e+00,6.235000000000000320e+00,6.448999999999999844e+00,6.235000000000000320e+00,6.448999999999999844e+00,6.235000000000000320e+00,6.448999999999999844e+00,6.235000000000000320e+00,6.448999999999999844e+00,6.448999999999999844e+00,6.663299999999999557e+00,6.448999999999999844e+00,6.663299999999999557e+00,6.448999999999999844e+00,6.663299999999999557e+00,6.448999999999999844e+00,6.663299999999999557e+00,6.663299999999999557e+00,6.878499999999999837e+00,6.663299999999999557e+00,6.878499999999999837e+00,6.663299999999999557e+00,6.878499999999999837e+00,6.663299999999999557e+00,6.878499999999999837e+00,6.878499999999999837e+00,7.094999999999999751e+00,6.878499999999999837e+00,7.094999999999999751e+00,6.878499999999999837e+00,7.094999999999999751e+00,6.878499999999999837e+00,7.094999999999999751e+00,7.094999999999999751e+00,7.325700000000000323e+00,7.094999999999999751e+00,7.325700000000000323e+00,7.094999999999999751e+00,7.325700000000000323e+00,7.094999999999999751e+00,7.325700000000000323e+00,7.325700000000000323e+00,7.578400000000000247e+00,7.325700000000000323e+00,7.578400000000000247e+00,7.325700000000000323e+00,7.578400000000000247e+00,7.325700000000000323e+00,7.578400000000000247e+00,7.578400000000000247e+00,7.845600000000000129e+00,7.578400000000000247e+00,7.845600000000000129e+00,7.578400000000000247e+00,7.845600000000000129e+00,7.578400000000000247e+00,7.845600000000000129e+00,7.845600000000000129e+00,8.119899999999999451e+00,7.845600000000000129e+00,8.119899999999999451e+00,7.845600000000000129e+00,8.119899999999999451e+00,7.845600000000000129e+00,8.119899999999999451e+00,8.119899999999999451e+00,8.393700000000000827e+00,8.393700000000000827e+00,8.119899999999999451e+00,8.119899999999999451e+00,8.393700000000000827e+00,8.119899999999999451e+00,8.393700000000000827e+00,8.393700000000000827e+00,8.659499999999999531e+00,8.659499999999999531e+00,8.393700000000000827e+00,8.393700000000000827e+00,8.659499999999999531e+00,8.393700000000000827e+00,8.659499999999999531e+00,8.659499999999999531e+00,8.910000000000000142e+00,8.910000000000000142e+00,8.659499999999999531e+00,8.659499999999999531e+00,8.910000000000000142e+00,8.659499999999999531e+00,8.910000000000000142e+00,8.910000000000000142e+00,9.137499999999999289e+00,9.137499999999999289e+00,8.910000000000000142e+00,8.910000000000000142e+00,9.137499999999999289e+00,8.910000000000000142e+00,9.137499999999999289e+00,9.137499999999999289e+00,9.357900000000000773e+00,9.137499999999999289e+00,9.357900000000000773e+00,9.137499999999999289e+00,9.137499999999999289e+00,9.357900000000000773e+00,9.137499999999999289e+00,9.137499999999999289e+00,9.357900000000000773e+00,9.357900000000000773e+00,9.587300000000000821e+00,9.587300000000000821e+00,9.357900000000000773e+00,9.357900000000000773e+00,9.587300000000000821e+00,9.357900000000000773e+00,9.587300000000000821e+00,9.587300000000000821e+00,9.818400000000000460e+00,9.818400000000000460e+00,9.587300000000000821e+00,9.587300000000000821e+00,9.818400000000000460e+00,9.587300000000000821e+00,9.818400000000000460e+00,9.818400000000000460e+00,1.004410000000000025e+01,1.004410000000000025e+01,9.818400000000000460e+00,9.818400000000000460e+00,1.004410000000000025e+01,9.818400000000000460e+00,1.004410000000000025e+01,1.004410000000000025e+01,1.025719999999999921e+01,1.025719999999999921e+01,1.004410000000000025e+01,1.025719999999999921e+01,1.004410000000000025e+01,1.004410000000000025e+01,1.025719999999999921e+01,1.025719999999999921e+01,1.045069999999999943e+01,1.045069999999999943e+01,1.025719999999999921e+01,1.025719999999999921e+01,1.045069999999999943e+01,1.025719999999999921e+01,1.045069999999999943e+01,1.061730000000000018e+01,1.061730000000000018e+01,1.061730000000000018e+01,1.061730000000000018e+01,1.045069999999999943e+01,1.061730000000000018e+01,1.045069999999999943e+01,1.061730000000000018e+01,1.075000000000000000e+01,1.075000000000000000e+01,1.075000000000000000e+01,1.075000000000000000e+01,1.075000000000000000e+01,1.075000000000000000e+01,1.075000000000000000e+01,1.075000000000000000e+01,1.075000000000000000e+01,1.075000000000000000e+01,1.075000000000000000e+01,1.075000000000000000e+01,1.075000000000000000e+01,1.075000000000000000e+01,1.075000000000000000e+01,1.075000000000000000e+01,5.075899999999999856e+00,5.050500000000000433e+00,4.963199999999999612e+00,4.963199999999999612e+00,4.858500000000000263e+00,4.858500000000000263e+00,4.735699999999999577e+00,4.735699999999999577e+00,4.594899999999999984e+00,4.594899999999999984e+00,4.437800000000000189e+00,4.437800000000000189e+00,4.267800000000000260e+00,4.267800000000000260e+00,4.090300000000000047e+00,4.090300000000000047e+00,3.912300000000000111e+00,3.912300000000000111e+00,3.740600000000000147e+00,3.740600000000000147e+00,3.580900000000000194e+00,3.580900000000000194e+00,3.580900000000000194e+00,3.437300000000000022e+00,3.437300000000000022e+00,3.312300000000000022e+00,3.312300000000000022e+00,3.206599999999999895e+00,3.206599999999999895e+00,3.119400000000000173e+00,3.119400000000000173e+00,3.049799999999999844e+00,3.049799999999999844e+00,2.996500000000000163e+00,2.996500000000000163e+00,2.958200000000000163e+00,2.958200000000000163e+00,2.936100000000000154e+00,2.936100000000000154e+00,5.075899999999999856e+00,5.050500000000000433e+00,4.963199999999999612e+00,4.963199999999999612e+00,4.858500000000000263e+00,4.858500000000000263e+00,4.735699999999999577e+00,4.735699999999999577e+00,4.594899999999999984e+00,4.594899999999999984e+00,4.437800000000000189e+00,4.437800000000000189e+00,4.267800000000000260e+00,4.267800000000000260e+00,4.090300000000000047e+00,4.090300000000000047e+00,3.912300000000000111e+00,3.912300000000000111e+00,3.740600000000000147e+00,3.740600000000000147e+00,3.580900000000000194e+00,3.580900000000000194e+00,3.437300000000000022e+00,3.580900000000000194e+00,3.312300000000000022e+00,3.437300000000000022e+00,3.312300000000000022e+00,3.206599999999999895e+00,3.206599999999999895e+00,3.119400000000000173e+00,3.119400000000000173e+00,3.049799999999999844e+00,2.996500000000000163e+00,3.049799999999999844e+00,2.958200000000000163e+00,2.996500000000000163e+00,2.936100000000000154e+00,2.958200000000000163e+00,2.936100000000000154e+00
Y_Loc,0.000000000000000000e+00,0.000000000000000000e+00,0.000000000000000000e+00,0.000000000000000000e+00,0.000000000000000000e+00,0.000000000000000000e+00,-0.000000000000000000e+00,0.000000000000000000e+00,0.000000000000000000e+00,0.000000000000000000e+00,0.000000000000000000e+00,0.000000000000000000e+00,0.000000000000000000e+00,0.000000000000000000e+00,0.000000000000000000e+00,0.000000000000000000e+00,0.000000000000000000e+00,0.000000000000000000e+00,0.000000000000000000e+00,0.000000000000000000e+00,0.000000000000000000e+00,0.000000000000000000e+00,0.000000000000000000e+00,-0.000000000000000000e+00,0.000000000000000000e+00,0.000000000000000000e+00,0.000000000000000000e+00,-0.000000000000000000e+00,0.000000000000000000e+00,0.000000000000000000e+00,0.000000000000000000e+00,-0.000000000000000000e+00,0.000000000000000000e+00,0.000000000000000000e+00,0.000000000000000000e+00,0.000000000000000000e+00,0.000000000000000000e+00,0.000000000000000000e+00,0.000000000000000000e+00,-0.000000000000000000e+00,0.000000000000000000e+00,0.000000000000000000e+00,0.000000000000000000e+00,0.000000000000000000e+00,0.000000000000000000e+00,0.000000000000000000e+00,0.000000000000000000e+00,-0.000000000000000000e+00,0.000000000000000000e+00,0.000000000000000000e+00,0.000000000000000000e+00,0.000000000000000000e+00,0.000000000000000000e+00,0.000000000000000000e+00,0.000000000000000000e+00,-0.000000000000000000e+00,0.000000000000000000e+00,0.000000000000000000e+00,0.000000000000000000e+00,0.000000000000000000e+00,0.000000000000000000e+00,0.000000000000000000e+00,0.000000000000000000e+00,-0.000000000000000000e+00,0.000000000000000000e+00,0.000000000000000000e+00,0.000000000000000000e+00,0.000000000000000000e+00,0.000000000000000000e+00,0.000000000000000000e+00,0.000000000000000000e+00,0.000000000000000000e+00,0.000000000000000000e+00,0.000000000000000000e+00,0.000000000000000000e+00,0.000000000000000000e+00,0.000000000000000000e+00,0.000000000000000000e+00,0.000000000000000000e+00,0.000000000000000000e+00,0.000000000000000000e+00,0.000000000000000000e+00,0.000000000000000000e+00,0.000000000000000000e+00,0.000000000000000000e+00,0.000000000000000000e+00,0.000000000000000000e+00,0.000000000000000000e+00,0.000000000000000000e+00,0.000000000000000000e+00,0.000000000000000000e+00,0.000000000000000000e+00,0.000000000000000000e+00,0.000000000000000000e+00,0.000000000000000000e+00,0.000000000000000000e+00,0.000000000000000000e+00,0.000000000000000000e+00,0.000000000000000000e+00,0.000000000000000000e+00,0.000000000000000000e+00,0.000000000000000000e+00,0.000000000000000000e+00,0.000000000000000000e+00,0.000000000000000000e+00,0.000000000000000000e+00,0.000000000000000000e+00,0.000000000000000000e+00,0.000000000000000000e+00,0.000000000000000000e+00,0.000000000000000000e+00,0.000000000000000000e+00,0.000000000000000000e+00,0.000000000000000000e+00,0.000000000000000000e+00,0.000000000000000000e+00,0.000000000000000000e+00,0.000000000000000000e+00,0.000000000000000000e+00,0.000000000000000000e+00,0.000000000000000000e+00,0.000000000000000000e+00,0.000000000000000000e+00,0.000000000000000000e+00,0.000000000000000000e+00,0.000000000000000000e+00,0.000000000000000000e+00,0.000000000000000000e+00,0.000000000000000000e+00,0.000000000000000000e+00,0.000000000000000000e+00,0.000000000000000000e+00,0.000000000000000000e+00,0.000000000000000000e+00,0.000000000000000000e+00,0.000000000000000000e+00,0.000000000000000000e+00,0.000000000000000000e+00,0.000000000000000000e+00,0.000000000000000000e+00,0.000000000000000000e+00,0.000000000000000000e+00,0.000000000000000000e+00,0.000000000000000000e+00,0.000000000000000000e+00,0.000000000000000000e+00,0.000000000000000000e+00,0.000000000000000000e+00,0.000000000000000000e+00,0.000000000000000000e+00,0.000000000000000000e+00,0.000000000000000000e+00,0.000000000000000000e+00,0.000000000000000000e+00,0.000000000000000000e+00,0.000000000000000000e+00,0.000000000000000000e+00,0.000000000000000000e+00,0.000000000000000000e+00,0.000000000000000000e+00,0.000000000000000000e+00,0.000000000000000000e+00,0.000000000000000000e+00,0.000000000000000000e+00,0.000000000000000000e+00,0.000000000000000000e+00,0.000000000000000000e+00,0.000000000000000000e+00,0.000000000000000000e+00,0.000000000000000000e+00,0.000000000000000000e+00,0.000000000000000000e+00,0.000000000000000000e+00,0.000000000000000000e+00,0.000000000000000000e+00,0.000000000000000000e+00,0.000000000000000000e+00,0.000000000000000000e+00,0.000000000000000000e+00,0.000000000000000000e+00,0.000000000000000000e+00,0.000000000000000000e+00,0.000000000000000000e+00,0.000000000000000000e+00,0.000000000000000000e+00,0.000000000000000000e+00,0.000000000000000000e+00,0.000000000000000000e+00,0.000000000000000000e+00,0.000000000000000000e+00,0.000000000000000000e+00,0.000000000000000000e+00,0.000000000000000000e+00,0.000000000000000000e+00,0.000000000000000000e+00,0.000000000000000000e+00,0.000000000000000000e+00,0.000000000000000000e+00,0.000000000000000000e+00,0.000000000000000000e+00,0.000000000000000000e+00,0.000000000000000000e+00,0.000000000000000000e+00,0.000000000000000000e+00,0.000000000000000000e+00,0.000000000000000000e+00,0.000000000000000000e+00,0.000000000000000000e+00,0.000000000000000000e+00,0.000000000000000000e+00,0.000000000000000000e+00,0.000000000000000000e+00,0.000000000000000000e+00,0.000000000000000000e+00,0.000000000000000000e+00,0.000000000000000000e+00,0.000000000000000000e+00,0.000000000000000000e+00,0.000000000000000000e+00,0.000000000000000000e+00,0.000000000000000000e+00,0.000000000000000000e+00,0.000000000000000000e+00,0.000000000000000000e+00,0.000000000000000000e+00,0.000000000000000000e+00,0.000000000000000000e+00,0.000000000000000000e+00,0.000000000000000000e+00,0.000000000000000000e+00,0.000000000000000000e+00,0.000000000000000000e+00,0.000000000000000000e+00,0.000000000000000000e+00,0.000000000000000000e+00,0.000000000000000000e+00,0.000000000000000000e+00,0.000000000000000000e+00,0.000000000000000000e+00,0.000000000000000000e+00,0.000000000000000000e+00,0.000000000000000000e+00,0.000000000000000000e+00,0.000000000000000000e+00,0.000000000000000000e+00,0.000000000000000000e+00,0.000000000000000000e+00,0.000000000000000000e+00,0.000000000000000000e+00,0.000000000000000000e+00,0.000000000000000000e+00,0.000000000000000000e+00,0.000000000000000000e+00,0.000000000000000000e+00,0.000000000000000000e+00,0.000000000000000000e+00,0.000000000000000000e+00,0.000000000000000000e+00,0.000000000000000000e+00,0.000000000000000000e+00,0.000000000000000000e+00,0.000000000000000000e+00,0.000000000000000000e+00,0.000000000000000000e+00,0.000000000000000000e+00,0.000000000000000000e+00,0.000000000000000000e+00,0.000000000000000000e+00,0.000000000000000000e+00,0.000000000000000000e+00,0.000000000000000000e+00,0.000000000000000000e+00,0.000000000000000000e+00,0.000000000000000000e+00,0.000000000000000000e+00,0.000000000000000000e+00,0.000000000000000000e+00,0.000000000000000000e+00,0.000000000000000000e+00,0.000000000000000000e+00,0.000000000000000000e+00,0.000000000000000000e+00,0.000000000000000000e+00,0.000000000000000000e+00,0.000000000000000000e+00,0.000000000000000000e+00,0.000000000000000000e+00,0.000000000000000000e+00,0.000000000000000000e+00,0.000000000000000000e+00,0.000000000000000000e+00,0.000000000000000000e+00,0.000000000000000000e+00,0.000000000000000000e+00,0.000000000000000000e+00,0.000000000000000000e+00,0.000000000000000000e+00,0.000000000000000000e+00,0.000000000000000000e+00,0.000000000000000000e+00,0.000000000000000000e+00,0.000000000000000000e+00,0.000000000000000000e+00,0.000000000000000000e+00,0.000000000000000000e+00,0.000000000000000000e+00,0.000000000000000000e+00,0.000000000000000000e+00,0.000000000000000000e+00,0.000000000000000000e+00,0.000000000000000000e+00,0.000000000000000000e+00,0.000000000000000000e+00,0.000000000000000000e+00,0.000000000000000000e+00,0.000000000000000000e+00,0.000000000000000000e+00,0.000000000000000000e+00,0.000000000000000000e+00,0.000000000000000000e+00,0.000000000000000000e+00,0.000000000000000000e+00,0.000000000000000000e+00,0.000000000000000000e+00,0.000000000000000000e+00,0.000000000000000000e+00,0.000000000000000000e+00,0.000000000000000000e+00,0.000000000000000000e+00,0.000000000000000000e+00,0.000000000000000000e+00,0.000000000000000000e+00,0.000000000000000000e+00,0.000000000000000000e+00,0.000000000000000000e+00,0.000000000000000000e+00,0.000000000000000000e+00,0.000000000000000000e+00,0.000000000000000000e+00,0.000000000000000000e+00,0.000000000000000000e+00,0.000000000000000000e+00,0.000000000000000000e+00,0.000000000000000000e+00,0.000000000000000000e+00,0.000000000000000000e+00,0.000000000000000000e+00,-0.000000000000000000e+00,0.000000000000000000e+00,0.000000000000000000e+00,0.000000000000000000e+00,0.000000000000000000e+00,0.000000000000000000e+00,0.000000000000000000e+00,0.000000000000000000e+00,0.000000000000000000e+00,-0.000000000000000000e+00,-0.000000000000000000e+00,-0.000000000000000000e+00,0.000000000000000000e+00,0.000000000000000000e+00,0.000000000000000000e+00,0.000000000000000000e+00,0.000000000000000000e+00,-0.000000000000000000e+00,-0.000000000000000000e+00,-0.000000000000000000e+00,0.000000000000000000e+00,0.000000000000000000e+00,0.000000000000000000e+00,0.000000000000000000e+00,0.000000000000000000e+00,-0.000000000000000000e+00,-0.000000000000000000e+00,-0.000000000000000000e+00,0.000000000000000000e+00,0.000000000000000000e+00,0.000000000000000000e+00,0.000000000000000000e+00,0.000000000000000000e+00,-0.000000000000000000e+00,-0.000000000000000000e+00,0.000000000000000000e+00,-0.000000000000000000e+00,0.000000000000000000e+00,0.000000000000000000e+00,0.000000000000000000e+00,0.000000000000000000e+00,-0.000000000000000000e+00,-0.000000000000000000e+00,-0.000000000000000000e+00,0.000000000000000000e+00,0.000000000000000000e+00,0.000000000000000000e+00,0.000000000000000000e+00,0.000000000000000000e+00,-0.000000000000000000e+00,0.000000000000000000e+00,-0.000000000000000000e+00,0.000000000000000000e+00,0.000000000000000000e+00,0.000000000000000000e+00,0.000000000000000000e+00,0.000000000000000000e+00,0.000000000000000000e+00,0.000000000000000000e+00,0.000000000000000000e+00,0.000000000000000000e+00,0.000000000000000000e+00,0.000000000000000000e+00,0.000000000000000000e+00,0.000000000000000000e+00,0.000000000000000000e+00,0.000000000000000000e+00,0.000000000000000000e+00,0.000000000000000000e+00,0.000000000000000000e+00,0.000000000000000000e+00,0.000000000000000000e+00,0.000000000000000000e+00,0.000000000000000000e+00,0.000000000000000000e+00,0.000000000000000000e+00,0.000000000000000000e+00,0.000000000000000000e+00,0.000000000000000000e+00,0.000000000000000000e+00,0.000000000000000000e+00,0.000000000000000000e+00,0.000000000000000000e+00,0.000000000000000000e+00,0.000000000000000000e+00,0.000000000000000000e+00,0.000000000000000000e+00,0.000000000000000000e+00,0.000000000000000000e+00,0.000000000000000000e+00,0.000000000000000000e+00,0.000000000000000000e+00,0.000000000000000000e+00,0.000000000000000000e+00,0.000000000000000000e+00,0.000000000000000000e+00,0.000000000000000000e+00,0.000000000000000000e+00,0.000000000000000000e+00,0.000000000000000000e+00,0.000000000000000000e+00,0.000000000000000000e+00,0.000000000000000000e+00,0.000000000000000000e+00,0.000000000000000000e+00,0.000000000000000000e+00,0.000000000000000000e+00,0.000000000000000000e+00,0.000000000000000000e+00,0.000000000000000000e+00,0.000000000000000000e+00,0.000000000000000000e+00,0.000000000000000000e+00,0.000000000000000000e+00,0.000000000000000000e+00,0.000000000000000000e+00,0.000000000000000000e+00,0.000000000000000000e+00,0.000000000000000000e+00,0.000000000000000000e+00,0.000000000000000000e+00,0.000000000000000000e+00,0.000000000000000000e+00,0.000000000000000000e+00,0.000000000000000000e+00,0.000000000000000000e+00,0.000000000000000000e+00,0.000000000000000000e+00,0.000000000000000000e+00,0.000000000000000000e+00,0.000000000000000000e+00,0.000000000000000000e+00,0.000000000000000000e+00,0.000000000000000000e+00,0.000000000000000000e+00,0.000000000000000000e+00,0.000000000000000000e+00,0.000000000000000000e+00,0.000000000000000000e+00,0.000000000000000000e+00,0.000000000000000000e+00,0.000000000000000000e+00,0.000000000000000000e+00,0.000000000000000000e+00,0.000000000000000000e+00,0.000000000000000000e+00,0.000000000000000000e+00,0.000000000000000000e+00,0.000000000000000000e+00
Z_Loc,-2.999999999999999889e-01,-2.999999999999999889e-01,-2.999999999999999889e-01,-2.999999999999999889e-01,-3.509999999999999787e-01,-2.999999999999999889e-01,-3.509999999999999787e-01,-2.999999999999999889e-01,-2.999999999999999889e-01,-2.999999999999999889e-01,-2.999999999999999889e-01,-2.999999999999999889e-01,-2.999999999999999889e-01,-2.999999999999999889e-01,-2.404000000000000026e-01,-2.999999999999999889e-01,-2.404000000000000026e-01,-2.999999999999999889e-01,-2.999999999999999889e-01,-2.999999999999999889e-01,-4.074999999999999734e-01,-4.074999999999999734e-01,-4.074999999999999734e-01,-4.074999999999999734e-01,-1.612999999999999989e-01,-1.612999999999999989e-01,-1.612999999999999989e-01,-1.612999999999999989e-01,-4.657999999999999918e-01,-4.657999999999999918e-01,-4.657999999999999918e-01,-4.657999999999999918e-01,-7.099999999999999367e-02,-7.099999999999999367e-02,-7.099999999999999367e-02,-7.099999999999999367e-02,-5.219000000000000306e-01,-5.219000000000000306e-01,-5.219000000000000306e-01,-5.219000000000000306e-01,2.189999999999999933e-02,2.189999999999999933e-02,2.189999999999999933e-02,2.189999999999999933e-02,-5.723000000000000309e-01,-5.723000000000000309e-01,-5.723000000000000309e-01,-5.723000000000000309e-01,1.089999999999999997e-01,1.089999999999999997e-01,1.089999999999999997e-01,1.089999999999999997e-01,-6.129000000000000004e-01,-6.129000000000000004e-01,-6.129000000000000004e-01,-6.129000000000000004e-01,1.817000000000000004e-01,1.817000000000000004e-01,1.817000000000000004e-01,1.817000000000000004e-01,-6.401000000000000023e-01,-6.401000000000000023e-01,-6.401000000000000023e-01,-6.401000000000000023e-01,2.315000000000000113e-01,2.315000000000000113e-01,2.315000000000000113e-01,2.315000000000000113e-01,-6.500000000000000222e-01,-6.500000000000000222e-01,-6.500000000000000222e-01,-6.500000000000000222e-01,-6.500000000000000222e-01,2.500000000000000000e-01,2.500000000000000000e-01,2.500000000000000000e-01,2.500000000000000000e-01,2.500000000000000000e-01,-6.585999999999999632e-01,-6.585999999999999632e-01,-6.585999999999999632e-01,-6.585999999999999632e-01,2.757999999999999896e-01,2.757999999999999896e-01,2.757999999999999896e-01,2.757999999999999896e-01,-6.812000000000000277e-01,-6.812000000000000277e-01,-6.812000000000000277e-01,-6.812000000000000277e-01,3.437999999999999945e-01,3.437999999999999945e-01,3.437999999999999945e-01,3.437999999999999945e-01,-7.133000000000000451e-01,-7.133000000000000451e-01,-7.133000000000000451e-01,-7.133000000000000451e-01,4.398000000000000242e-01,4.398000000000000242e-01,4.398000000000000242e-01,4.398000000000000242e-01,-7.500000000000000000e-01,-7.500000000000000000e-01,-7.500000000000000000e-01,-7.500000000000000000e-01,5.500000000000000444e-01,5.500000000000000444e-01,5.500000000000000444e-01,5.500000000000000444e-01,-7.866999999999999549e-01,-7.866999999999999549e-01,-7.866999999999999549e-01,-7.866999999999999549e-01,6.602000000000000091e-01,6.602000000000000091e-01,6.602000000000000091e-01,6.602000000000000091e-01,-8.187999999999999723e-01,-8.187999999999999723e-01,-8.187999999999999723e-01,-8.187999999999999723e-01,7.562999999999999723e-01,7.562999999999999723e-01,7.562999999999999723e-01,7.562999999999999723e-01,-8.414000000000000368e-01,-8.414000000000000368e-01,-8.414000000000000368e-01,-8.414000000000000368e-01,8.242000000000000437e-01,8.242000000000000437e-01,8.242000000000000437e-01,8.242000000000000437e-01,-8.499999999999999778e-01,-8.499999999999999778e-01,-8.499999999999999778e-01,-8.499999999999999778e-01,8.499999999999999778e-01,8.499999999999999778e-01,8.499999999999999778e-01,8.499999999999999778e-01,-8.499999999999999778e-01,-8.499999999999999778e-01,-8.499999999999999778e-01,-8.499999999999999778e-01,8.499999999999999778e-01,8.499999999999999778e-01,8.499999999999999778e-01,8.499999999999999778e-01,-8.499999999999999778e-01,-8.499999999999999778e-01,-8.499999999999999778e-01,-8.499999999999999778e-01,8.499999999999999778e-01,8.499999999999999778e-01,8.499999999999999778e-01,8.499999999999999778e-01,-8.499999999999999778e-01,-8.499999999999999778e-01,-8.499999999999999778e-01,-8.499999999999999778e-01,8.499999999999999778e-01,8.499999999999999778e-01,8.499999999999999778e-01,8.499999999999999778e-01,-8.499999999999999778e-01,-8.499999999999999778e-01,-8.499999999999999778e-01,-8.499999999999999778e-01,8.499999999999999778e-01,8.499999999999999778e-01,8.499999999999999778e-01,8.499999999999999778e-01,-8.499999999999999778e-01,-8.499999999999999778e-01,-8.499999999999999778e-01,-8.499999999999999778e-01,8.499999999999999778e-01,8.499999999999999778e-01,8.499999999999999778e-01,8.499999999999999778e-01,-8.499999999999999778e-01,-8.499999999999999778e-01,-8.499999999999999778e-01,-8.499999999999999778e-01,8.499999999999999778e-01,8.499999999999999778e-01,8.499999999999999778e-01,8.499999999999999778e-01,-8.499999999999999778e-01,-8.499999999999999778e-01,-8.499999999999999778e-01,-8.499999999999999778e-01,8.499999999999999778e-01,8.499999999999999778e-01,8.499999999999999778e-01,8.499999999999999778e-01,8.499999999999999778e-01,8.499999999999999778e-01,8.499999999999999778e-01,8.499999999999999778e-01,8.499999999999999778e-01,8.499999999999999778e-01,8.499999999999999778e-01,8.499999999999999778e-01,8.499999999999999778e-01,8.499999999999999778e-01,-8.499999999999999778e-01,-8.499999999999999778e-01,-8.499999999999999778e-01,-8.499999999999999778e-01,8.499999999999999778e-01,8.499999999999999778e-01,8.499999999999999778e-01,8.499999999999999778e-01,-8.499999999999999778e-01,-8.349999999999999645e-01,-8.499999999999999778e-01,-8.349999999999999645e-01,8.499999999999999778e-01,8.496000000000000218e-01,8.499999999999999778e-01,8.496000000000000218e-01,-8.349999999999999645e-01,-7.953000000000000069e-01,-8.349999999999999645e-01,-7.953000000000000069e-01,8.496000000000000218e-01,8.484000000000000430e-01,8.496000000000000218e-01,8.484000000000000430e-01,-7.953000000000000069e-01,-7.392999999999999572e-01,-7.953000000000000069e-01,-7.392999999999999572e-01,8.484000000000000430e-01,8.467999999999999972e-01,8.484000000000000430e-01,8.467999999999999972e-01,-7.392999999999999572e-01,-6.750000000000000444e-01,-7.392999999999999572e-01,-6.750000000000000444e-01,8.467999999999999972e-01,8.449999999999999734e-01,8.467999999999999972e-01,8.449999999999999734e-01,-6.750000000000000444e-01,-6.107000000000000206e-01,-6.750000000000000444e-01,-6.107000000000000206e-01,8.449999999999999734e-01,8.431999999999999496e-01,8.449999999999999734e-01,8.431999999999999496e-01,-6.107000000000000206e-01,-5.546999999999999709e-01,-6.107000000000000206e-01,-5.546999999999999709e-01,8.431999999999999496e-01,8.416000000000000147e-01,8.431999999999999496e-01,8.416000000000000147e-01,-5.546999999999999709e-01,-5.150000000000000133e-01,-5.546999999999999709e-01,-5.150000000000000133e-01,8.416000000000000147e-01,8.404000000000000359e-01,8.416000000000000147e-01,8.404000000000000359e-01,-5.150000000000000133e-01,-5.000000000000000000e-01,-5.150000000000000133e-01,-5.000000000000000000e-01,8.404000000000000359e-01,8.399999999999999689e-01,8.404000000000000359e-01,8.399999999999999689e-01,-5.000000000000000000e-01,-4.784999999999999809e-01,-5.000000000000000000e-01,-4.784999999999999809e-01,8.399999999999999689e-01,8.383000000000000451e-01,8.399999999999999689e-01,8.383000000000000451e-01,-4.784999999999999809e-01,-4.218999999999999972e-01,-4.784999999999999809e-01,-4.218999999999999972e-01,8.383000000000000451e-01,8.337999999999999856e-01,8.383000000000000451e-01,8.337999999999999856e-01,-4.218999999999999972e-01,-3.417999999999999927e-01,-4.218999999999999972e-01,-3.417999999999999927e-01,8.337999999999999856e-01,8.273000000000000353e-01,8.337999999999999856e-01,8.273000000000000353e-01,-3.417999999999999927e-01,-2.500000000000000000e-01,-3.417999999999999927e-01,-2.500000000000000000e-01,8.273000000000000353e-01,8.199999999999999512e-01,8.273000000000000353e-01,8.199999999999999512e-01,-2.500000000000000000e-01,-1.582000000000000073e-01,-1.582000000000000073e-01,-2.500000000000000000e-01,8.199999999999999512e-01,8.126999999999999780e-01,8.199999999999999512e-01,8.126999999999999780e-01,-1.582000000000000073e-01,-7.810000000000000275e-02,-7.810000000000000275e-02,-1.582000000000000073e-01,8.126999999999999780e-01,8.062000000000000277e-01,8.126999999999999780e-01,8.062000000000000277e-01,-7.810000000000000275e-02,-2.149999999999999828e-02,-2.149999999999999828e-02,-7.810000000000000275e-02,8.062000000000000277e-01,8.016999999999999682e-01,8.062000000000000277e-01,8.016999999999999682e-01,-2.149999999999999828e-02,0.000000000000000000e+00,0.000000000000000000e+00,-2.149999999999999828e-02,8.016999999999999682e-01,8.000000000000000444e-01,8.016999999999999682e-01,8.000000000000000444e-01,0.000000000000000000e+00,2.199999999999999872e-02,0.000000000000000000e+00,2.199999999999999872e-02,0.000000000000000000e+00,8.000000000000000444e-01,8.124000000000000110e-01,8.000000000000000444e-01,8.000000000000000444e-01,8.124000000000000110e-01,2.199999999999999872e-02,8.250000000000000389e-02,8.250000000000000389e-02,2.199999999999999872e-02,8.124000000000000110e-01,8.425000000000000266e-01,8.124000000000000110e-01,8.425000000000000266e-01,8.250000000000000389e-02,1.734999999999999876e-01,1.734999999999999876e-01,8.250000000000000389e-02,8.425000000000000266e-01,8.797000000000000375e-01,8.425000000000000266e-01,8.797000000000000375e-01,1.734999999999999876e-01,2.867000000000000104e-01,2.867000000000000104e-01,1.734999999999999876e-01,8.797000000000000375e-01,9.133000000000000007e-01,8.797000000000000375e-01,9.133000000000000007e-01,2.867000000000000104e-01,4.141000000000000236e-01,4.141000000000000236e-01,2.867000000000000104e-01,9.327999999999999625e-01,9.133000000000000007e-01,9.133000000000000007e-01,9.327999999999999625e-01,4.141000000000000236e-01,5.475999999999999757e-01,5.475999999999999757e-01,4.141000000000000236e-01,9.327999999999999625e-01,9.274000000000000021e-01,9.327999999999999625e-01,9.274000000000000021e-01,6.788999999999999480e-01,6.788999999999999480e-01,6.788999999999999480e-01,6.788999999999999480e-01,9.274000000000000021e-01,8.867000000000000437e-01,9.274000000000000021e-01,8.867000000000000437e-01,8.000000000000000444e-01,8.000000000000000444e-01,8.000000000000000444e-01,8.000000000000000444e-01,8.000000000000000444e-01,8.000000000000000444e-01,8.000000000000000444e-01,8.000000000000000444e-01,8.000000000000000444e-01,8.000000000000000444e-01,8.000000000000000444e-01,8.000000000000000444e-01,8.000000000000000444e-01,8.000000000000000444e-01,8.000000000000000444e-01,8.000000000000000444e-01,8.499999999999999778e-01,8.538000000000000034e-01,8.643999999999999462e-01,8.643999999999999462e-01,8.748000000000000220e-01,8.748000000000000220e-01,8.840999999999999970e-01,8.840999999999999970e-01,8.925999999999999490e-01,8.925999999999999490e-01,8.994999999999999662e-01,8.994999999999999662e-01,9.045999999999999597e-01,9.045999999999999597e-01,9.095999999999999641e-01,9.095999999999999641e-01,9.143000000000000016e-01,9.143000000000000016e-01,9.177999999999999492e-01,9.177999999999999492e-01,9.200000000000000400e-01,9.200000000000000400e-01,9.200000000000000400e-01,9.213000000000000078e-01,9.213000000000000078e-01,9.214999999999999858e-01,9.214999999999999858e-01,9.207999999999999519e-01,9.207999999999999519e-01,9.185999999999999721e-01,9.185999999999999721e-01,9.154999999999999805e-01,9.154999999999999805e-01,9.104999999999999760e-01,9.104999999999999760e-01,9.050000000000000266e-01,9.050000000000000266e-01,9.011000000000000121e-01,9.011000000000000121e-01,8.499999999999999778e-01,8.538000000000000034e-01,8.643999999999999462e-01,8.643999999999999462e-01,8.748000000000000220e-01,8.748000000000000220e-01,8.840999999999999970e-01,8.840999999999999970e-01,8.925999999999999490e-01,8.925999999999999490e-01,8.994999999999999662e-01,8.994999999999999662e-01,9.045999999999999597e-01,9.045999999999999597e-01,9.095999999999999641e-01,9.095999999999999641e-01,9.143000000000000016e-01,9.143000000000000016e-01,9.177999999999999492e-01,9.177999999999999492e-01,9.200000000000000400e-01,9.200000000000000400e-01,9.213000000000000078e-01,9.200000000000000400e-01,9.214999999999999858e-01,9.213000000000000078e-01,9.214999999999999858e-01,9.207999999999999519e-01,9.207999999999999519e-01,9.185999999999999721e-01,9.185999999999999721e-01,9.154999999999999805e-01,9.104999999999999760e-01,9.154999999999999805e-01,9.050000000000000266e-01,9.104999999999999760e-01,9.011000000000000121e-01,9.050000000000000266e-01,9.011000000000000121e-01
