Results_Name,VSPAERO_History
Results_Timestamp,1787090416
Results_Date,8,19,2026
Results_Time,3,30,16
Alpha,4.000000000000000000e+00,4.000000000000000000e+00,4.000000000000000000e+00,4.000000000000000000e+00,4.000000000000000000e+00,4.000000000000000000e+00,4.000000000000000000e+00,4.000000000000000000e+00,4.000000000000000000e+00,4.000000000000000000e+00,4.000000000000000000e+00,4.000000000000000000e+00,4.000000000000000000e+00,4.000000000000000000e+00,4.000000000000000000e+00,4.000000000000000000e+00,4.000000000000000000e+00,4.000000000000000000e+00,4.000000000000000000e+00,4.000000000000000000e+00
Beta,0.000000000000000000e+00,0.000000000000000000e+00,0.000000000000000000e+00,0.000000000000000000e+00,0.000000000000000000e+00,0.000000000000000000e+00,0.000000000000000000e+00,0.000000000000000000e+00,0.000000000000000000e+00,0.000000000000000000e+00,0.000000000000000000e+00,0.000000000000000000e+00,0.000000000000000000e+00,0.000000000000000000e+00,0.000000000000000000e+00,0.000000000000000000e+00,0.000000000000000000e+00,0.000000000000000000e+00,0.000000000000000000e+00,0.000000000000000000e+00
CDi,0.000000000000000000e+00,-9.505802916540000425e-01,-1.002113478210999942e+00,-2.225068519685999835e+00,-2.582579207351999973e+00,-1.219736283158000090e+00,-1.945396379411999943e+00,-9.172696514860000372e-01,-1.018611870985999923e+00,-1.216463272336999912e+00,-8.522150355390000209e-01,-1.013757671703999996e+00,-1.063159499326000068e+00,-1.006600012130000055e+00,-9.718162740910000208e-01,-1.040931390401999890e+00,4.123503718270000173e-01,-8.494203639170000431e-01,-1.011653924813000094e+00,-1.137974236300000053e+00
CDiw,0.000000000000000000e+00,3.767808881500000345e-02,3.862092976999999955e-02,7.460447871900000028e-02,5.757622018400000014e-02,1.494042500299999979e-02,5.420706033400000123e-01,4.346226319700000063e-02,4.701300820499999811e-02,4.235085683599999762e-02,6.343329237099999685e-02,5.460229909000000048e-02,7.455737244200000280e-02,6.229699037900000153e-02,4.479349955399999916e-02,3.796263486399999859e-02,3.763973139102999799e+00,2.254639704489999896e-01,3.450462635399999950e-02,4.998970116499999727e-02
CDo,1.097971345399999937e-02,1.500196641899999989e-02,1.499290786299999935e-02,1.535504039100000009e-02,1.554891352300000022e-02,1.579326331500000014e-02,5.588488562599999709e-02,1.553127970799999917e-02,1.501865799399999986e-02,1.490322562900000050e-02,1.515811578199999926e-02,1.498711406300000035e-02,1.518278184600000032e-02,1.518031959900000005e-02,1.493856057199999948e-02,1.493632746400000086e-02,6.590370675499999942e-02,1.600114337300000134e-02,1.483768750500000060e-02,1.501110846299999989e-02
CDtot,1.097971345399999937e-02,-9.355783252349999524e-01,-9.871205703480000482e-01,-2.209713479293999860e+00,-2.567030293829000165e+00,-1.203943019842999895e+00,-1.889511493786999896e+00,-9.017383717779999808e-01,-1.003593212990999906e+00,-1.201560046708000096e+00,-8.370569197570000286e-01,-9.987705576409999786e-01,-1.047976717480000097e+00,-9.914196925320000187e-01,-9.568777135199999506e-01,-1.025995062937999913e+00,4.782540785830000085e-01,-8.334192205449999502e-01,-9.968162373079999528e-01,-1.122963127837000030e+00
CDwtot,1.097971345399999937e-02,5.268005523400000334e-02,5.361383763199999847e-02,8.995951910999999690e-02,7.312513370699999515e-02,3.073368831799999992e-02,5.979554889649999483e-01,5.899354290400000284e-02,6.203166619900000317e-02,5.725408246500000159e-02,7.859140815199999741e-02,6.958941315300000430e-02,8.974015428800000138e-02,7.747730997799999464e-02,5.973206012499999995e-02,5.289896232699999729e-02,3.829876845858000145e+00,2.414651138220000048e-01,4.934231385900000183e-02,6.500080962800000584e-02
CFxi,0.000000000000000000e+00,-9.868465382669999730e-01,-1.038605512064000091e+00,-2.387957531607999950e+00,-2.724488825994999974e+00,-1.319542866646000068e+00,-3.292642305621999999e+00,-9.832923287150000524e-01,-1.065978467976999911e+00,-1.265637818554000038e+00,-9.147849400419999499e-01,-1.059276693875000008e+00,-1.101616919055999899e+00,-1.065804536756000065e+00,-1.029538051412000055e+00,-1.077034928095000010e+00,-8.276468299489999625e-01,-9.890190658530000345e-01,-1.059159333736999997e+00,-1.171038952133000022e+00
CFxiw,0.000000000000000000e+00,-1.586589969800000083e-02,-1.502905671400000046e-02,2.264848707300000027e-02,7.036688184000000276e-03,-4.017562585699999828e-02,5.358496416870000001e-01,-1.561328522999999927e-02,-9.040153291999999258e-03,-1.150344947500000006e-02,1.046535782600000082e-02,4.381093283999999699e-03,2.294672735999999866e-02,7.839315342000000714e-03,-9.585928570999999523e-03,-1.335164987399999927e-02,3.619684071072999831e+00,1.949613613900000042e-01,-1.868422232900000118e-02,-4.499453870000000148e-04
CFxo,1.102023118600000025e-02,1.507471253499999969e-02,1.506559214100000078e-02,1.542903944699999981e-02,1.562458843399999915e-02,1.586954386000000161e-02,5.624676227699999809e-02,1.560644584199999928e-02,1.509040227599999992e-02,1.497460505200000000e-02,1.523135360199999976e-02,1.505958003299999980e-02,1.525676620700000020e-02,1.525269106900000067e-02,1.500944534800000008e-02,1.500858465400000015e-02,6.632491588699999940e-02,1.608078106000000035e-02,1.490844942599999987e-02,1.508379162000000016e-02
CFxtot,1.102023118600000025e-02,-9.717718257320000497e-01,-1.023539919922999974e+00,-2.372528492160999924e+00,-2.708864237560999921e+00,-1.303673322786000011e+00,-3.236395543346000103e+00,-9.676858828729999473e-01,-1.050888065701000018e+00,-1.250663213501999937e+00,-8.995535864400000525e-01,-1.044217113843000089e+00,-1.086360152848999894e+00,-1.050551845686999997e+00,-1.014528606063999971e+00,-1.062026343440999998e+00,-7.613219140620000047e-01,-9.729382847940000190e-01,-1.044250884311000105e+00,-1.155955160511999980e+00
CFxwtot,1.102023118600000025e-02,-7.911871640000000486e-04,3.653542700000000313e-05,3.807752652000000182e-02,2.266127661799999943e-02,-2.430608199700000013e-02,5.920964039630000064e-01,-6.839387999999999780e-06,6.050248983999999795e-03,3.471155576999999937e-03,2.569671142899999927e-02,1.944067331599999907e-02,3.820349356700000060e-02,2.309200641099999965e-02,5.423516778000000114e-03,1.656934780000000017e-03,3.686008986960000122e+00,2.110421424489999920e-01,-3.775772903000000017e-03,1.463384623300000020e-02
CFyi,0.000000000000000000e+00,5.471797805000000285e-03,2.813060200000000108e-03,4.091575817299999973e-02,-2.652330879199999922e-02,3.378818557600000300e-02,-1.084581571618300089e+01,1.023763708000000050e-02,4.826957461999999838e-02,-4.665138174000000269e-03,1.194393776229999982e-01,2.695162874099999925e-02,-7.884337151299999902e-02,-1.695172251979999989e-01,-7.156315049299999398e-02,-7.868914300899999825e-02,-1.520529213417199976e+01,1.523110398729999870e-01,1.354654419800000072e-02,5.398361186000000256e-02
CFyiw,0.000000000000000000e+00,4.860199709999999925e-04,1.678275919999999970e-04,-4.172495529999999749e-04,3.565523545000000120e-03,-1.944980840200000172e-02,3.631822918100000019e-02,2.652422659000000169e-03,5.854903437000000266e-03,-1.985751222999999985e-03,-1.882101401000000089e-03,2.629435372000000094e-03,-2.152872689999999964e-04,-2.098801501799999955e-02,8.396623945000000755e-03,5.657001350000000379e-04,-1.187309920090000026e-01,4.349988121599999980e-02,2.220114134300000056e-02,3.411158442199999780e-02
CFyo,2.001494400000000079e-05,1.961667400000000029e-05,1.967831600000000141e-05,1.982399299999999944e-05,1.947673600000000122e-05,2.031216900000000031e-05,-4.022758800000000141e-05,2.042497099999999910e-05,1.925341100000000112e-05,1.974926499999999835e-05,1.986305099999999889e-05,2.020651399999999869e-05,2.080488500000000028e-05,2.405680599999999954e-05,1.993016000000000164e-05,2.139518799999999855e-05,1.147682290000000027e-04,1.796331399999999957e-05,1.844848500000000028e-05,1.979693800000000077e-05
CFytot,2.001494400000000079e-05,5.491414479000000272e-03,2.832738515000000120e-03,4.093558216599999661e-02,-2.650383205600000125e-02,3.380849774400000035e-02,-1.084585594377099937e+01,1.025806205099999945e-02,4.828882803100000010e-02,-4.645388910000000128e-03,1.194592406749999947e-01,2.697183525499999984e-02,-7.882256662799999591e-02,-1.694931683910000098e-01,-7.154322033299999328e-02,-7.866774782100000030e-02,-1.520517736594299940e+01,1.523290031879999951e-01,1.356499268299999998e-02,5.400340879800000216e-02
CFywtot,2.001494400000000079e-05,5.056366439999999832e-04,1.875059080000000052e-04,-3.974255600000000093e-04,3.585000280999999824e-03,-1.942949623400000089e-02,3.627800159300000049e-02,2.672847629999999981e-03,5.874156848000000250e-03,-1.966001957999999848e-03,-1.862238349999999903e-03,2.649641885999999818e-03,-1.944823840000000097e-04,-2.096395821100000001e-02,8.416554104999999716e-03,5.870953230000000534e-04,-1.186162237800000019e-01,4.351784453000000219e-02,2.221958982799999982e-02,3.413138135899999870e-02
CFzi,0.000000000000000000e+00,4.854364939379999799e-01,4.868658233929999968e-01,2.251720291504000215e+00,1.939216441636999910e+00,1.384706511099000004e+00,1.919857961791199941e+01,9.121365103730000312e-01,6.418031849469999495e-01,6.607489402420000379e-01,8.650313172050000388e-01,6.155511464370000407e-01,5.128403768489999681e-01,8.115129005710000065e-01,7.915233011090000437e-01,4.799545180929999932e-01,1.774718573414499900e+01,1.966692033528999906e+00,6.440312649010000445e-01,4.331085300040000141e-01
CFziw,0.000000000000000000e+00,7.670304576330000401e-01,7.685792239669999582e-01,7.456105423640000396e-01,7.247595858149999959e-01,7.887179798729999636e-01,1.078934189880000061e-01,8.463374376569999802e-01,8.032392856290000438e-01,7.716313855559999713e-01,7.596918936040000236e-01,7.201034575439999585e-01,7.406702114259999803e-01,7.809564946670000118e-01,7.792262763110000545e-01,7.351541446599999530e-01,2.194870644754999933e+00,4.440810074629999993e-01,7.618409016949999613e-01,7.230662302789999663e-01
CFzo,-1.960105110000000066e-04,-5.164377060000000137e-04,-5.158697339999999574e-04,-5.220259650000000102e-04,-5.392216269999999811e-04,-5.393497180000000066e-04,-3.223534007000000094e-03,-5.325615600000000111e-04,-5.015279410000000188e-04,-5.003411960000000427e-04,-5.180165659999999561e-04,-5.129500900000000469e-04,-5.278312310000000344e-04,-5.048518039999999943e-04,-4.920335050000000524e-04,-5.117379129999999939e-04,-3.722163065999999857e-03,-5.800997420000000068e-04,-4.937991509999999995e-04,-5.152181159999999829e-04
CFztot,-1.960105110000000066e-04,4.849200562320000185e-01,4.863499536590000227e-01,2.251198265538000065e+00,1.938677220009999980e+00,1.384167161381000044e+00,1.919535608390500059e+01,9.116039488129999979e-01,6.413016570059999477e-01,6.602485990449999953e-01,8.645133006399999820e-01,6.150381963469999658e-01,5.123125456179999926e-01,8.110080487669999449e-01,7.910312676049999769e-01,4.794427801810000056e-01,1.774346357107900118e+01,1.966111933787000110e+00,6.435374657500000373e-01,4.325933118879999872e-01
CFzwtot,-1.960105110000000066e-04,7.665140199269999677e-01,7.680633542329999841e-01,7.450885163989999782e-01,7.242203641879999543e-01,7.881786301550000040e-01,1.046698849809999943e-01,8.458048760980000358e-01,8.027377576880000420e-01,7.711310443590000396e-01,7.591738770379999890e-01,7.195905074539999946e-01,7.401423801950000048e-01,7.804516428629999503e-01,7.787342428060000099e-01,7.346424067469999875e-01,2.191148481688999894e+00,4.435009077209999817e-01,7.613471025439999540e-01,7.225510121620000170e-01
CLi,0.000000000000000000e+00,5.530929296730000555e-01,5.581293008500000097e-01,2.412810710900000100e+00,2.124543341107000050e+00,1.473380092963999966e+00,1.938149595942099879e+01,9.785055971880000092e-01,7.145986836590000335e-01,7.474258202919999983e-01,9.267363160449999526e-01,6.879431016660000342e-01,5.884360351559999591e-01,8.838828621159999788e-01,8.614121341820000222e-01,5.539155316930000073e-01,1.776168820603000142e+01,2.030891753080999784e+00,7.163456573630000435e-01,5.137410473110000098e-01
CLiw,0.000000000000000000e+00,7.662687592050000385e-01,7.677553776059999890e-01,7.422143939630000409e-01,7.225032533359999620e-01,7.895992125049999810e-01,7.025161458100000200e-02,8.453649299169999631e-01,8.019132443159999735e-01,7.705541703539999787e-01,7.571112958750000343e-01,7.180437120949999530e-01,7.372652932319999630e-01,7.785072809020000539e-01,7.779968008400000024e-01,7.342947101260000053e-01,1.937027653312000108e+00,4.293994313619999836e-01,7.612884410129999724e-01,7.213362638870000065e-01
CLo,-9.642655069999999913e-04,-1.566738479000000066e-03,-1.565535683999999929e-03,-1.597029720999999965e-03,-1.627824303000000028e-03,-1.645039308999999899e-03,-7.139257436000000408e-03,-1.619914895999999965e-03,-1.552959494000000001e-03,-1.543698033999999896e-03,-1.579240220999999968e-03,-1.562203769000000035e-03,-1.590803671999999926e-03,-1.567595955000000056e-03,-1.537840915999999980e-03,-1.557437285999999999e-03,-8.339688317000000517e-03,-1.700425229999999932e-03,-1.532557142000000013e-03,-1.566155184999999976e-03
CLtot,-9.642655069999999913e-04,5.515261911940000372e-01,5.565637651660000351e-01,2.411213681178999924e+00,2.122915516802999836e+00,1.471735053655000014e+00,1.937435670198500048e+01,9.768856822920000127e-01,7.130457241640000277e-01,7.458821222579999910e-01,9.251570758239999748e-01,6.863808978969999641e-01,5.868452314850000073e-01,8.823152661609999781e-01,8.598742932649999782e-01,5.523580944070000109e-01,1.775334851771199851e+01,2.029191327851000093e+00,7.148131002209999751e-01,5.121748921259999809e-01
CLwtot,-9.642655069999999913e-04,7.647020207260000202e-01,7.661898419220000145e-01,7.406173642419999759e-01,7.208754290329999481e-01,7.879541731970000074e-01,6.311235714500000593e-02,8.437450150209999666e-01,8.003602848219999455e-01,7.690104723189999936e-01,7.555320556539999455e-01,7.164815083259999939e-01,7.356744895600000334e-01,7.769396849470000532e-01,7.764589599240000473e-01,7.327372728400000090e-01,1.928687964994000081e+00,4.276990061320000147e-01,7.597558838710000151e-01,7.197701087009999998e-01
CMxi,0.000000000000000000e+00,-4.028634570000000012e-03,-3.355337675999999804e-03,-6.609340499000000181e-03,1.388255842000000019e-03,1.533827518000000075e-03,3.739910569459999889e-01,-5.374549929999999920e-03,-1.065419832000000060e-02,9.481229160000000534e-04,-1.744467407200000000e-02,-5.373426027000000049e-03,4.533217596999999759e-03,4.937941147999999787e-03,-6.685738152999999920e-03,8.924749916999999422e-03,1.527294670169999924e-01,-3.652021052499999920e-02,-1.634634792099999914e-02,-1.262127339299999942e-02
CMxo,-2.505476000000000167e-06,7.937179999999999874e-07,4.443530000000000085e-07,3.012119999999999843e-07,1.287170999999999979e-06,-2.994299999999999754e-07,2.125615550000000049e-04,-1.231865000000000106e-06,2.465702000000000012e-06,-1.241521000000000043e-06,3.573434999999999864e-06,1.084711000000000057e-06,-3.474439999999999975e-06,-1.038470499999999936e-05,6.659899999999999966e-07,-7.198637000000000379e-06,2.034110840000000111e-04,1.981968999999999861e-05,9.209522000000000693e-06,7.413670999999999682e-06
CMxtot,-2.505476000000000167e-06,-4.027840851999999611e-03,-3.354893322999999861e-03,-6.609039286000000304e-03,1.389543012999999976e-03,1.533528088000000013e-03,3.742036185009999794e-01,-5.375781795999999904e-03,-1.065173261800000069e-02,9.468813960000000470e-04,-1.744110063600000024e-02,-5.372341315999999700e-03,4.529743156000000381e-03,4.927556443000000001e-03,-6.685072163000000019e-03,8.917551279999999872e-03,1.529328781010000082e-01,-3.650039083400000162e-02,-1.633713839900000075e-02,-1.261385972199999955e-02
CMyi,0.000000000000000000e+00,-4.411568148900000264e-01,-3.323016028949999923e-01,-5.958610421923999922e+00,-4.653699875881000203e+00,-3.683723033883000042e+00,-5.461662897787400084e+01,-1.553973091090000036e+00,-9.676142299129999458e-01,-7.430200139179999885e-01,-1.269247926598999987e+00,-4.886499101069999851e-01,-6.044852099600000334e-02,-9.994528711579999669e-01,-1.416983459916000054e+00,-2.682054984419999788e-01,-3.400593565197299739e+01,-3.081405929304999791e+00,-7.244544472849999694e-01,1.525141783810000096e-01
CMyo,4.398008424000000166e-03,6.686062916999999800e-03,6.680147214999999569e-03,6.890902116999999931e-03,6.994576471999999594e-03,7.033202290000000259e-03,2.824286315900000066e-02,6.974590035000000424e-03,6.701353143999999595e-03,6.637915420000000365e-03,6.779405888000000421e-03,6.694808822000000194e-03,6.784186801000000044e-03,6.763167199000000122e-03,6.646913511000000080e-03,6.654004954999999909e-03,3.619567883400000297e-02,7.226362818000000264e-03,6.608470211000000427e-03,6.709649144999999676e-03
CMytot,4.398008424000000166e-03,-4.344707519730000023e-01,-3.256214556790000270e-01,-5.951719519806999870e+00,-4.646705299408999679e+00,-3.676689831592999891e+00,-5.458838611471500002e+01,-1.546998501055000030e+00,-9.609128767689999462e-01,-7.363820984979999595e-01,-1.262468520711000020e+00,-4.819551012850000205e-01,-5.366433419500000329e-02,-9.926897039590000249e-01,-1.410336546404000080e+00,-2.615514934870000197e-01,-3.396973997313899929e+01,-3.074179566486999970e+00,-7.178459770739999968e-01,1.592238275260000058e-01
CMzi,0.000000000000000000e+00,-1.088284861999999934e-03,-1.139176226999999951e-03,1.037104210699999959e-02,-1.400672333600000083e-02,-8.072209371000000147e-03,-1.228207730722000068e+00,8.845377688000000474e-03,1.069886138700000024e-02,-1.049577817000000093e-03,2.204678668900000166e-02,-1.521307416300000069e-02,-2.114576793999999819e-03,7.950536569999999692e-03,2.410407253000000118e-03,-6.797685199999999560e-04,-9.053468803349999927e-01,-2.694925657899999855e-02,-3.080365554999999790e-03,-4.342538001999999946e-03
CMzo,8.500655999999999406e-06,5.348873799999999894e-05,4.896907799999999824e-05,4.773551900000000262e-05,5.949025900000000318e-05,3.961880599999999724e-05,3.003498376000000077e-03,4.122968599999999765e-05,8.484121600000000055e-05,2.757444899999999882e-05,9.444526999999999979e-05,5.916438799999999940e-05,6.717379999999999499e-07,-7.111599099999999678e-05,5.908581599999999977e-05,-4.681896999999999806e-05,2.908865409000000162e-03,3.026708140000000007e-04,1.600098489999999879e-04,1.415137499999999967e-04
CMztot,8.500655999999999406e-06,-1.034796124000000091e-03,-1.090207148999999993e-03,1.041877762600000069e-02,-1.394723307699999998e-02,-8.032590565000000821e-03,-1.225204232345999955e+00,8.886607373000000171e-03,1.078370260199999937e-02,-1.022003369000000104e-03,2.214123195899999827e-02,-1.515390977500000007e-02,-2.113905055999999900e-03,7.879420579000000549e-03,2.469493068999999846e-03,-7.265874889999999987e-04,-9.024380149259999540e-01,-2.664658576599999995e-02,-2.920355706000000127e-03,-4.201024252000000112e-03
CSi,0.000000000000000000e+00,5.471797805000000285e-03,2.813060200000000108e-03,4.091575817299999973e-02,-2.652330879199999922e-02,3.378818557600000300e-02,-1.084581571618300089e+01,1.023763708000000050e-02,4.826957461999999838e-02,-4.665138174000000269e-03,1.194393776229999982e-01,2.695162874099999925e-02,-7.884337151299999902e-02,-1.695172251979999989e-01,-7.156315049299999398e-02,-7.868914300899999825e-02,-1.520529213417199976e+01,1.523110398729999870e-01,1.354654419800000072e-02,5.398361186000000256e-02
CSiw,0.000000000000000000e+00,4.860199709999999925e-04,1.678275919999999970e-04,-4.172495529999999749e-04,3.565523545000000120e-03,-1.944980840200000172e-02,3.631822918100000019e-02,2.652422659000000169e-03,5.854903437000000266e-03,-1.985751222999999985e-03,-1.882101401000000089e-03,2.629435372000000094e-03,-2.152872689999999964e-04,-2.098801501799999955e-02,8.396623945000000755e-03,5.657001350000000379e-04,-1.187309920090000026e-01,4.349988121599999980e-02,2.220114134300000056e-02,3.411158442199999780e-02
CSo,2.001494400000000079e-05,1.961667400000000029e-05,1.967831600000000141e-05,1.982399299999999944e-05,1.947673600000000122e-05,2.031216900000000031e-05,-4.022758800000000141e-05,2.042497099999999910e-05,1.925341100000000112e-05,1.974926499999999835e-05,1.986305099999999889e-05,2.020651399999999869e-05,2.080488500000000028e-05,2.405680599999999954e-05,1.993016000000000164e-05,2.139518799999999855e-05,1.147682290000000027e-04,1.796331399999999957e-05,1.844848500000000028e-05,1.979693800000000077e-05
CStot,2.001494400000000079e-05,5.491414479000000272e-03,2.832738515000000120e-03,4.093558216599999661e-02,-2.650383205600000125e-02,3.380849774400000035e-02,-1.084585594377099937e+01,1.025806205099999945e-02,4.828882803100000010e-02,-4.645388910000000128e-03,1.194592406749999947e-01,2.697183525499999984e-02,-7.882256662799999591e-02,-1.694931683910000098e-01,-7.154322033299999328e-02,-7.866774782100000030e-02,-1.520517736594299940e+01,1.523290031879999951e-01,1.356499268299999998e-02,5.400340879800000216e-02
CSwtot,2.001494400000000079e-05,5.056366439999999832e-04,1.875059080000000052e-04,-3.974255600000000093e-04,3.585000280999999824e-03,-1.942949623400000089e-02,3.627800159300000049e-02,2.672847629999999981e-03,5.874156848000000250e-03,-1.966001957999999848e-03,-1.862238349999999903e-03,2.649641885999999818e-03,-1.944823840000000097e-04,-2.096395821100000001e-02,8.416554104999999716e-03,5.870953230000000534e-04,-1.186162237800000019e-01,4.351784453000000219e-02,2.221958982799999982e-02,3.413138135899999870e-02
E,0.000000000000000000e+00,0.000000000000000000e+00,0.000000000000000000e+00,0.000000000000000000e+00,0.000000000000000000e+00,0.000000000000000000e+00,0.000000000000000000e+00,0.000000000000000000e+00,0.000000000000000000e+00,0.000000000000000000e+00,0.000000000000000000e+00,0.000000000000000000e+00,0.000000000000000000e+00,0.000000000000000000e+00,0.000000000000000000e+00,0.000000000000000000e+00,2.716351192086899857e+01,0.000000000000000000e+00,0.000000000000000000e+00,0.000000000000000000e+00
Ew,0.000000000000000000e+00,5.532955772609999823e-01,5.418846314440000089e-01,2.621667857810000002e-01,3.218994897410000222e-01,1.481611314905999954e+00,3.232515299999999818e-04,5.837944225669999820e-01,4.856468277300000080e-01,4.977691464460000104e-01,3.208381645880000188e-01,3.352545356489999850e-01,2.588456140340000267e-01,3.454157338309999936e-01,4.797604613540000229e-01,5.042759730920000072e-01,3.539231339300000223e-02,2.903551971700000026e-02,5.963551408660000552e-01,3.695547735379999810e-01
FC_AoA_,4.000000000000000000e+00
FC_Beta_,0.000000000000000000e+00
FC_Bref_,1.639999999999999858e+01
FC_Cref_,1.881000000000000005e+00
FC_Mach_,2.030000000000000138e-01
FC_Pitch_Rate,0.000000000000000000e+00
FC_ReCref_,6.980000000000000000e+06
FC_Rho_,2.377000000000000206e-03
FC_Roll__Rate,0.000000000000000000e+00
FC_Sref_,3.000000340000000065e+01
FC_Vinf_,1.000000000000000000e+02
FC_Xcg_,3.750000000000000000e+00
FC_Yaw___Rate,0.000000000000000000e+00
FC_Ycg_,0.000000000000000000e+00
FC_Zcg_,0.000000000000000000e+00
L/D,0.000000000000000000e+00,0.000000000000000000e+00,0.000000000000000000e+00,0.000000000000000000e+00,0.000000000000000000e+00,0.000000000000000000e+00,0.000000000000000000e+00,0.000000000000000000e+00,0.000000000000000000e+00,0.000000000000000000e+00,0.000000000000000000e+00,0.000000000000000000e+00,0.000000000000000000e+00,0.000000000000000000e+00,0.000000000000000000e+00,0.000000000000000000e+00,3.713860268305799650e+01,0.000000000000000000e+00,0.000000000000000000e+00,0.000000000000000000e+00
L/Dw,0.000000000000000000e+00,1.454570910762200064e+01,1.432009741353000010e+01,8.250537589616000034e+00,9.880368304435000582e+00,2.569165159570700041e+01,1.174863612389999978e-01,1.432978743604000016e+01,1.292748193707699933e+01,1.345850177268400039e+01,9.633512284296999795e+00,1.031828951506600056e+01,8.215556336873000021e+00,1.004819709308899967e+01,1.302477763545799938e+01,1.388107966240600000e+01,5.057676085350000239e-01,1.778308363327000041e+00,1.542871384563100001e+01,1.109734275641200085e+01
Mach,2.030000000000000138e-01,2.030000000000000138e-01,2.030000000000000138e-01,2.030000000000000138e-01,2.030000000000000138e-01,2.030000000000000138e-01,2.030000000000000138e-01,2.030000000000000138e-01,2.030000000000000138e-01,2.030000000000000138e-01,2.030000000000000138e-01,2.030000000000000138e-01,2.030000000000000138e-01,2.030000000000000138e-01,2.030000000000000138e-01,2.030000000000000138e-01,2.030000000000000138e-01,2.030000000000000138e-01,2.030000000000000138e-01,2.030000000000000138e-01
T/QS,0.000000000000000000e+00,0.000000000000000000e+00,0.000000000000000000e+00,0.000000000000000000e+00,0.000000000000000000e+00,0.000000000000000000e+00,0.000000000000000000e+00,0.000000000000000000e+00,0.000000000000000000e+00,0.000000000000000000e+00,0.000000000000000000e+00,0.000000000000000000e+00,0.000000000000000000e+00,0.000000000000000000e+00,0.000000000000000000e+00,0.000000000000000000e+00,0.000000000000000000e+00,0.000000000000000000e+00,0.000000000000000000e+00,0.000000000000000000e+00
WakeIter,1,2,3,4,5,6,7,8,9,10,11,12,13,14,15,16,17,18,19,20
WallTime,2.406020000000000039e+02,4.680369999999999777e+02,7.639990000000000236e+02,9.388740000000000236e+02,1.263086000000000013e+03,1.646481999999999971e+03,1.996805000000000064e+03,2.271481000000000222e+03,2.458527999999999793e+03,2.757311000000000149e+03,2.953137999999999920e+03,3.175139999999999873e+03,3.366659999999999854e+03,3.581126000000000204e+03,3.795123000000000047e+03,4.160125000000000000e+03,9.534128000000000611e+03,9.790012000000000626e+03,1.000168100000000049e+04,1.020947900000000118e+04
log10( L2Residual ),1.440263339374999951e+00,9.269297391130000285e-01,5.423635716450000421e-01,1.275566894532000006e+00,1.383192775549999975e+00,1.271523344888999985e+00,2.035851206654999856e+00,1.367136057091999923e+00,1.339893248210000110e+00,1.317731610342999904e+00,1.347580459653000107e+00,1.142157149009999983e+00,1.171986923535000003e+00,1.107035318282999947e+00,1.030831165963999929e+00,1.247452044217999934e+00,2.023870245243999832e+00,1.560209474462000090e+00,1.127078955972999896e+00,1.395667854097000005e+00
log10( MaxResidual ),1.996996925769999986e+00,3.059316908031000093e+00,2.090098804032999968e+00,2.668914070695000085e+00,3.284154803225999952e+00,3.129868215122999953e+00,3.783764551612999849e+00,3.376535254138000042e+00,3.487711074416000034e+00,3.458529924712999915e+00,3.331336676074000192e+00,3.160924037347999871e+00,2.834863350656999792e+00,3.110094950257999979e+00,2.885028129253000007e+00,3.372255471694999951e+00,3.731925207414000134e+00,3.345359481726999817e+00,3.130821859685999797e+00,3.516197542393999953e+00
Results_Name,VSPAERO_Polar
Results_Timestamp,1787090416
Results_Date,8,19,2026
Results_Time,3,30,16
Alpha,4.000000000000000000e+00
Beta,0.000000000000000000e+00
CDi,-1.137974236300000053e+00
CDiw,4.998970116499999727e-02
CDo,1.501110846299999989e-02
CDtot,-1.122963127837000030e+00
CDwtot,6.500080962800000584e-02
CFix,-1.171038952133000022e+00
CFiy,5.398361186000000256e-02
CFiz,4.331085300040000141e-01
CFox,1.508379162000000016e-02
CFoy,1.979693800000000077e-05
CFoz,-5.152181159999999829e-04
CFxtot,-1.155955160511999980e+00
CFytot,5.400340879800000216e-02
CFztot,4.325933118879999872e-01
CLi,5.137410473110000098e-01
CLiw,7.213362638870000065e-01
CLo,-1.566155184999999976e-03
CLtot,5.121748921259999809e-01
CLwtot,7.197701087009999998e-01
CMix,-1.262127339299999942e-02
CMiy,1.525141783810000096e-01
CMiz,-4.342538001999999946e-03
CMox,7.413670999999999682e-06
CMoy,6.709649144999999676e-03
CMoz,1.415137499999999967e-04
CMxtot,-1.261385972199999955e-02
CMytot,1.592238275260000058e-01
CMztot,-4.201024252000000112e-03
CSi,5.398361186000000256e-02
CSiw,3.411158442199999780e-02
CSo,1.979693800000000077e-05
CStot,5.400340879800000216e-02
CSwtot,3.413138135899999870e-02
E,-8.184421061999999636e-03
Ew,-8.184421061999999636e-03
L_D,-4.560923501670000046e-01
L_Dw,-4.560923501670000046e-01
Mach,2.030000000000000138e-01
Re_1e6,6.980000000000000426e+00
StallFactor,1.000000000000000000e+00
Results_Name,VSPAERO_Load
Results_Timestamp,1787090416
Results_Date,8,19,2026
Results_Time,3,30,16
Angle ,0.000000000000000000e+00,0.000000000000000000e+00,0.000000000000000000e+00,0.000000000000000000e+00,0.000000000000000000e+00,0.000000000000000000e+00,0.000000000000000000e+00,0.000000000000000000e+00,0.000000000000000000e+00,0.000000000000000000e+00,0.000000000000000000e+00,0.000000000000000000e+00,0.000000000000000000e+00,0.000000000000000000e+00,0.000000000000000000e+00,0.000000000000000000e+00,0.000000000000000000e+00,0.000000000000000000e+00,0.000000000000000000e+00,0.000000000000000000e+00,0.000000000000000000e+00,0.000000000000000000e+00,0.000000000000000000e+00,0.000000000000000000e+00,0.000000000000000000e+00,0.000000000000000000e+00,0.000000000000000000e+00,0.000000000000000000e+00,0.000000000000000000e+00,0.000000000000000000e+00,0.000000000000000000e+00,0.000000000000000000e+00,0.000000000000000000e+00,0.000000000000000000e+00,0.000000000000000000e+00,0.000000000000000000e+00,0.000000000000000000e+00,0.000000000000000000e+00,0.000000000000000000e+00,0.000000000000000000e+00,0.000000000000000000e+00,0.000000000000000000e+00,0.000000000000000000e+00,0.000000000000000000e+00,0.000000000000000000e+00,0.000000000000000000e+00,0.000000000000000000e+00,0.000000000000000000e+00,0.000000000000000000e+00,0.000000000000000000e+00,0.000000000000000000e+00,0.000000000000000000e+00,0.000000000000000000e+00,0.000000000000000000e+00,0.000000000000000000e+00,0.000000000000000000e+00,0.000000000000000000e+00,0.000000000000000000e+00,0.000000000000000000e+00,0.000000000000000000e+00,0.000000000000000000e+00,0.000000000000000000e+00,0.000000000000000000e+00,0.000000000000000000e+00,0.000000000000000000e+00,0.000000000000000000e+00,0.000000000000000000e+00,0.000000000000000000e+00,0.000000000000000000e+00,0.000000000000000000e+00,0.000000000000000000e+00,0.000000000000000000e+00,0.000000000000000000e+00,0.000000000000000000e+00,0.000000000000000000e+00,0.000000000000000000e+00,0.000000000000000000e+00,0.000000000000000000e+00,0.000000000000000000e+00,0.000000000000000000e+00,0.000000000000000000e+00,0.000000000000000000e+00,0.000000000000000000e+00,0.000000000000000000e+00,0.000000000000000000e+00,0.000000000000000000e+00,0.000000000000000000e+00,0.000000000000000000e+00,0.000000000000000000e+00,0.000000000000000000e+00,0.000000000000000000e+00,0.000000000000000000e+00,0.000000000000000000e+00,0.000000000000000000e+00,0.000000000000000000e+00,0.000000000000000000e+00,0.000000000000000000e+00,0.000000000000000000e+00,0.000000000000000000e+00,0.000000000000000000e+00,0.000000000000000000e+00,0.000000000000000000e+00,0.000000000000000000e+00,0.000000000000000000e+00,0.000000000000000000e+00,0.000000000000000000e+00,0.000000000000000000e+00,0.000000000000000000e+00,0.000000000000000000e+00,0.000000000000000000e+00,0.000000000000000000e+00,0.000000000000000000e+00,0.000000000000000000e+00,0.000000000000000000e+00,0.000000000000000000e+00,0.000000000000000000e+00,0.000000000000000000e+00,0.000000000000000000e+00,0.000000000000000000e+00,0.000000000000000000e+00,0.000000000000000000e+00,0.000000000000000000e+00,0.000000000000000000e+00,0.000000000000000000e+00,0.000000000000000000e+00,0.000000000000000000e+00,0.000000000000000000e+00,0.000000000000000000e+00,0.000000000000000000e+00,0.000000000000000000e+00,0.000000000000000000e+00,0.000000000000000000e+00,0.000000000000000000e+00,0.000000000000000000e+00,0.000000000000000000e+00,0.000000000000000000e+00,0.000000000000000000e+00,0.000000000000000000e+00,0.000000000000000000e+00,0.000000000000000000e+00,0.000000000000000000e+00,0.000000000000000000e+00,0.000000000000000000e+00,0.000000000000000000e+00,0.000000000000000000e+00,0.000000000000000000e+00,0.000000000000000000e+00,0.000000000000000000e+00,0.000000000000000000e+00,0.000000000000000000e+00,0.000000000000000000e+00,0.000000000000000000e+00,0.000000000000000000e+00,0.000000000000000000e+00,0.000000000000000000e+00,0.000000000000000000e+00,0.000000000000000000e+00,0.000000000000000000e+00,0.000000000000000000e+00,0.000000000000000000e+00,0.000000000000000000e+00,0.000000000000000000e+00,0.000000000000000000e+00,0.000000000000000000e+00,0.000000000000000000e+00,0.000000000000000000e+00,0.000000000000000000e+00,0.000000000000000000e+00,0.000000000000000000e+00,0.000000000000000000e+00,0.000000000000000000e+00,0.000000000000000000e+00,0.000000000000000000e+00,0.000000000000000000e+00,0.000000000000000000e+00,0.000000000000000000e+00,0.000000000000000000e+00,0.000000000000000000e+00,0.000000000000000000e+00,0.000000000000000000e+00,0.000000000000000000e+00,0.000000000000000000e+00,0.000000000000000000e+00,0.000000000000000000e+00,0.000000000000000000e+00,0.000000000000000000e+00,0.000000000000000000e+00,0.000000000000000000e+00,0.000000000000000000e+00,0.000000000000000000e+00,0.000000000000000000e+00,0.000000000000000000e+00,0.000000000000000000e+00,0.000000000000000000e+00,0.000000000000000000e+00,0.000000000000000000e+00,0.000000000000000000e+00,0.000000000000000000e+00,0.000000000000000000e+00,0.000000000000000000e+00,0.000000000000000000e+00,0.000000000000000000e+00,0.000000000000000000e+00,0.000000000000000000e+00,0.000000000000000000e+00,0.000000000000000000e+00,0.000000000000000000e+00,0.000000000000000000e+00,0.000000000000000000e+00,0.000000000000000000e+00,0.000000000000000000e+00,0.000000000000000000e+00,0.000000000000000000e+00,0.000000000000000000e+00,0.000000000000000000e+00,0.000000000000000000e+00,0.000000000000000000e+00,0.000000000000000000e+00,0.000000000000000000e+00,0.000000000000000000e+00,0.000000000000000000e+00,0.000000000000000000e+00,0.000000000000000000e+00,0.000000000000000000e+00,0.000000000000000000e+00,0.000000000000000000e+00,0.000000000000000000e+00,0.000000000000000000e+00
CP,0.000000000000000000e+00,0.000000000000000000e+00,0.000000000000000000e+00,0.000000000000000000e+00,0.000000000000000000e+00,0.000000000000000000e+00,0.000000000000000000e+00,0.000000000000000000e+00,0.000000000000000000e+00,0.000000000000000000e+00,0.000000000000000000e+00,0.000000000000000000e+00,0.000000000000000000e+00,0.000000000000000000e+00,0.000000000000000000e+00,0.000000000000000000e+00,0.000000000000000000e+00,0.000000000000000000e+00,0.000000000000000000e+00,0.000000000000000000e+00,0.000000000000000000e+00,0.000000000000000000e+00,0.000000000000000000e+00,0.000000000000000000e+00,0.000000000000000000e+00,0.000000000000000000e+00,0.000000000000000000e+00,0.000000000000000000e+00,0.000000000000000000e+00,0.000000000000000000e+00,0.000000000000000000e+00,0.000000000000000000e+00,0.000000000000000000e+00,0.000000000000000000e+00,0.000000000000000000e+00,0.000000000000000000e+00,0.000000000000000000e+00,0.000000000000000000e+00,0.000000000000000000e+00,0.000000000000000000e+00,0.000000000000000000e+00,0.000000000000000000e+00,0.000000000000000000e+00,0.000000000000000000e+00,0.000000000000000000e+00,0.000000000000000000e+00,0.000000000000000000e+00,0.000000000000000000e+00,0.000000000000000000e+00,0.000000000000000000e+00,0.000000000000000000e+00,0.000000000000000000e+00,0.000000000000000000e+00,0.000000000000000000e+00,0.000000000000000000e+00,0.000000000000000000e+00,0.000000000000000000e+00,0.000000000000000000e+00,0.000000000000000000e+00,0.000000000000000000e+00,0.000000000000000000e+00,0.000000000000000000e+00,0.000000000000000000e+00,0.000000000000000000e+00,0.000000000000000000e+00,0.000000000000000000e+00,0.000000000000000000e+00,0.000000000000000000e+00,0.000000000000000000e+00,0.000000000000000000e+00,0.000000000000000000e+00,0.000000000000000000e+00,0.000000000000000000e+00,0.000000000000000000e+00,0.000000000000000000e+00,0.000000000000000000e+00,0.000000000000000000e+00,0.000000000000000000e+00,0.000000000000000000e+00,0.000000000000000000e+00,0.000000000000000000e+00,0.000000000000000000e+00,0.000000000000000000e+00,0.000000000000000000e+00,0.000000000000000000e+00,0.000000000000000000e+00,0.000000000000000000e+00,0.000000000000000000e+00,0.000000000000000000e+00,0.000000000000000000e+00,0.000000000000000000e+00,0.000000000000000000e+00,0.000000000000000000e+00,0.000000000000000000e+00,0.000000000000000000e+00,0.000000000000000000e+00,0.000000000000000000e+00,0.000000000000000000e+00,0.000000000000000000e+00,0.000000000000000000e+00,0.000000000000000000e+00,0.000000000000000000e+00,0.000000000000000000e+00,0.000000000000000000e+00,0.000000000000000000e+00,0.000000000000000000e+00,0.000000000000000000e+00,0.000000000000000000e+00,0.000000000000000000e+00,0.000000000000000000e+00,0.000000000000000000e+00,0.000000000000000000e+00,0.000000000000000000e+00,0.000000000000000000e+00,0.000000000000000000e+00,0.000000000000000000e+00,0.000000000000000000e+00,0.000000000000000000e+00,0.000000000000000000e+00,0.000000000000000000e+00,0.000000000000000000e+00,0.000000000000000000e+00,0.000000000000000000e+00,0.000000000000000000e+00,0.000000000000000000e+00,0.000000000000000000e+00,0.000000000000000000e+00,0.000000000000000000e+00,0.000000000000000000e+00,0.000000000000000000e+00,0.000000000000000000e+00,0.000000000000000000e+00,0.000000000000000000e+00,0.000000000000000000e+00,0.000000000000000000e+00,0.000000000000000000e+00,0.000000000000000000e+00,0.000000000000000000e+00,0.000000000000000000e+00,0.000000000000000000e+00,0.000000000000000000e+00,0.000000000000000000e+00,0.000000000000000000e+00,0.000000000000000000e+00,0.000000000000000000e+00,0.000000000000000000e+00,0.000000000000000000e+00,0.000000000000000000e+00,0.000000000000000000e+00,0.000000000000000000e+00,0.000000000000000000e+00,0.000000000000000000e+00,0.000000000000000000e+00,0.000000000000000000e+00,0.000000000000000000e+00,0.000000000000000000e+00,0.000000000000000000e+00,0.000000000000000000e+00,0.000000000000000000e+00,0.000000000000000000e+00,0.000000000000000000e+00,0.000000000000000000e+00,0.000000000000000000e+00,0.000000000000000000e+00,0.000000000000000000e+00,0.000000000000000000e+00,0.000000000000000000e+00,0.000000000000000000e+00,0.000000000000000000e+00,0.000000000000000000e+00,0.000000000000000000e+00,0.000000000000000000e+00,0.000000000000000000e+00,0.000000000000000000e+00,0.000000000000000000e+00,0.000000000000000000e+00,0.000000000000000000e+00,0.000000000000000000e+00,0.000000000000000000e+00,0.000000000000000000e+00,0.000000000000000000e+00,0.000000000000000000e+00,0.000000000000000000e+00,0.000000000000000000e+00,0.000000000000000000e+00,0.000000000000000000e+00,0.000000000000000000e+00,0.000000000000000000e+00,0.000000000000000000e+00,0.000000000000000000e+00,0.000000000000000000e+00,0.000000000000000000e+00,0.000000000000000000e+00,0.000000000000000000e+00,0.000000000000000000e+00,0.000000000000000000e+00,0.000000000000000000e+00,0.000000000000000000e+00,0.000000000000000000e+00,0.000000000000000000e+00,0.000000000000000000e+00,0.000000000000000000e+00,0.000000000000000000e+00,0.000000000000000000e+00,0.000000000000000000e+00,0.000000000000000000e+00,0.000000000000000000e+00,0.000000000000000000e+00,0.000000000000000000e+00,0.000000000000000000e+00,0.000000000000000000e+00,0.000000000000000000e+00,0.000000000000000000e+00,0.000000000000000000e+00,0.000000000000000000e+00,0.000000000000000000e+00,0.000000000000000000e+00,0.000000000000000000e+00,0.000000000000000000e+00,0.000000000000000000e+00,0.000000000000000000e+00,0.000000000000000000e+00,0.000000000000000000e+00,0.000000000000000000e+00,0.000000000000000000e+00,0.000000000000000000e+00,0.000000000000000000e+00,0.000000000000000000e+00
CP_h,0.000000000000000000e+00,0.000000000000000000e+00,0.000000000000000000e+00,0.000000000000000000e+00,0.000000000000000000e+00,0.000000000000000000e+00,0.000000000000000000e+00,0.000000000000000000e+00,0.000000000000000000e+00,0.000000000000000000e+00,0.000000000000000000e+00,0.000000000000000000e+00,0.000000000000000000e+00,0.000000000000000000e+00,0.000000000000000000e+00,0.000000000000000000e+00,0.000000000000000000e+00,0.000000000000000000e+00,0.000000000000000000e+00,0.000000000000000000e+00,0.000000000000000000e+00,0.000000000000000000e+00,0.000000000000000000e+00,0.000000000000000000e+00,0.000000000000000000e+00,0.000000000000000000e+00,0.000000000000000000e+00,0.000000000000000000e+00,0.000000000000000000e+00,0.000000000000000000e+00,0.000000000000000000e+00,0.000000000000000000e+00,0.000000000000000000e+00,0.000000000000000000e+00,0.000000000000000000e+00,0.000000000000000000e+00,0.000000000000000000e+00,0.000000000000000000e+00,0.000000000000000000e+00,0.000000000000000000e+00,0.000000000000000000e+00,0.000000000000000000e+00,0.000000000000000000e+00,0.000000000000000000e+00,0.000000000000000000e+00,0.000000000000000000e+00,0.000000000000000000e+00,0.000000000000000000e+00,0.000000000000000000e+00,0.000000000000000000e+00,0.000000000000000000e+00,0.000000000000000000e+00,0.000000000000000000e+00,0.000000000000000000e+00,0.000000000000000000e+00,0.000000000000000000e+00,0.000000000000000000e+00,0.000000000000000000e+00,0.000000000000000000e+00,0.000000000000000000e+00,0.000000000000000000e+00,0.000000000000000000e+00,0.000000000000000000e+00,0.000000000000000000e+00,0.000000000000000000e+00,0.000000000000000000e+00,0.000000000000000000e+00,0.000000000000000000e+00,0.000000000000000000e+00,0.000000000000000000e+00,0.000000000000000000e+00,0.000000000000000000e+00,0.000000000000000000e+00,0.000000000000000000e+00,0.000000000000000000e+00,0.000000000000000000e+00,0.000000000000000000e+00,0.000000000000000000e+00,0.000000000000000000e+00,0.000000000000000000e+00,0.000000000000000000e+00,0.000000000000000000e+00,0.000000000000000000e+00,0.000000000000000000e+00,0.000000000000000000e+00,0.000000000000000000e+00,0.000000000000000000e+00,0.000000000000000000e+00,0.000000000000000000e+00,0.000000000000000000e+00,0.000000000000000000e+00,0.000000000000000000e+00,0.000000000000000000e+00,0.000000000000000000e+00,0.000000000000000000e+00,0.000000000000000000e+00,0.000000000000000000e+00,0.000000000000000000e+00,0.000000000000000000e+00,0.000000000000000000e+00,0.000000000000000000e+00,0.000000000000000000e+00,0.000000000000000000e+00,0.000000000000000000e+00,0.000000000000000000e+00,0.000000000000000000e+00,0.000000000000000000e+00,0.000000000000000000e+00,0.000000000000000000e+00,0.000000000000000000e+00,0.000000000000000000e+00,0.000000000000000000e+00,0.000000000000000000e+00,0.000000000000000000e+00,0.000000000000000000e+00,0.000000000000000000e+00,0.000000000000000000e+00,0.000000000000000000e+00,0.000000000000000000e+00,0.000000000000000000e+00,0.000000000000000000e+00,0.000000000000000000e+00,0.000000000000000000e+00,0.000000000000000000e+00,0.000000000000000000e+00,0.000000000000000000e+00,0.000000000000000000e+00,0.000000000000000000e+00,0.000000000000000000e+00,0.000000000000000000e+00,0.000000000000000000e+00,0.000000000000000000e+00,0.000000000000000000e+00,0.000000000000000000e+00,0.000000000000000000e+00,0.000000000000000000e+00,0.000000000000000000e+00,0.000000000000000000e+00,0.000000000000000000e+00,0.000000000000000000e+00,0.000000000000000000e+00,0.000000000000000000e+00,0.000000000000000000e+00,0.000000000000000000e+00,0.000000000000000000e+00,0.000000000000000000e+00,0.000000000000000000e+00,0.000000000000000000e+00,0.000000000000000000e+00,0.000000000000000000e+00,0.000000000000000000e+00,0.000000000000000000e+00,0.000000000000000000e+00,0.000000000000000000e+00,0.000000000000000000e+00,0.000000000000000000e+00,0.000000000000000000e+00,0.000000000000000000e+00,0.000000000000000000e+00,0.000000000000000000e+00,0.000000000000000000e+00,0.000000000000000000e+00,0.000000000000000000e+00,0.000000000000000000e+00,0.000000000000000000e+00,0.000000000000000000e+00,0.000000000000000000e+00,0.000000000000000000e+00,0.000000000000000000e+00,0.000000000000000000e+00,0.000000000000000000e+00,0.000000000000000000e+00,0.000000000000000000e+00,0.000000000000000000e+00,0.000000000000000000e+00,0.000000000000000000e+00,0.000000000000000000e+00,0.000000000000000000e+00,0.000000000000000000e+00,0.000000000000000000e+00,0.000000000000000000e+00,0.000000000000000000e+00,0.000000000000000000e+00,0.000000000000000000e+00,0.000000000000000000e+00,0.000000000000000000e+00,0.000000000000000000e+00,0.000000000000000000e+00,0.000000000000000000e+00,0.000000000000000000e+00,0.000000000000000000e+00,0.000000000000000000e+00,0.000000000000000000e+00,0.000000000000000000e+00,0.000000000000000000e+00,0.000000000000000000e+00,0.000000000000000000e+00,0.000000000000000000e+00,0.000000000000000000e+00,0.000000000000000000e+00,0.000000000000000000e+00,0.000000000000000000e+00,0.000000000000000000e+00,0.000000000000000000e+00,0.000000000000000000e+00,0.000000000000000000e+00,0.000000000000000000e+00,0.000000000000000000e+00,0.000000000000000000e+00,0.000000000000000000e+00,0.000000000000000000e+00,0.000000000000000000e+00,0.000000000000000000e+00,0.000000000000000000e+00,0.000000000000000000e+00,0.000000000000000000e+00,0.000000000000000000e+00,0.000000000000000000e+00,0.000000000000000000e+00,0.000000000000000000e+00,0.000000000000000000e+00,0.000000000000000000e+00,0.000000000000000000e+00,0.000000000000000000e+00,0.000000000000000000e+00,0.000000000000000000e+00,0.000000000000000000e+00,0.000000000000000000e+00
CQ,0.000000000000000000e+00,0.000000000000000000e+00,0.000000000000000000e+00,0.000000000000000000e+00,0.000000000000000000e+00,0.000000000000000000e+00,0.000000000000000000e+00,0.000000000000000000e+00,0.000000000000000000e+00,0.000000000000000000e+00,0.000000000000000000e+00,0.000000000000000000e+00,0.000000000000000000e+00,0.000000000000000000e+00,0.000000000000000000e+00,0.000000000000000000e+00,0.000000000000000000e+00,0.000000000000000000e+00,0.000000000000000000e+00,0.000000000000000000e+00,0.000000000000000000e+00,0.000000000000000000e+00,0.000000000000000000e+00,0.000000000000000000e+00,0.000000000000000000e+00,0.000000000000000000e+00,0.000000000000000000e+00,0.000000000000000000e+00,0.000000000000000000e+00,0.000000000000000000e+00,0.000000000000000000e+00,0.000000000000000000e+00,0.000000000000000000e+00,0.000000000000000000e+00,0.000000000000000000e+00,0.000000000000000000e+00,0.000000000000000000e+00,0.000000000000000000e+00,0.000000000000000000e+00,0.000000000000000000e+00,0.000000000000000000e+00,0.000000000000000000e+00,0.000000000000000000e+00,0.000000000000000000e+00,0.000000000000000000e+00,0.000000000000000000e+00,0.000000000000000000e+00,0.000000000000000000e+00,0.000000000000000000e+00,0.000000000000000000e+00,0.000000000000000000e+00,0.000000000000000000e+00,0.000000000000000000e+00,0.000000000000000000e+00,0.000000000000000000e+00,0.000000000000000000e+00,0.000000000000000000e+00,0.000000000000000000e+00,0.000000000000000000e+00,0.000000000000000000e+00,0.000000000000000000e+00,0.000000000000000000e+00,0.000000000000000000e+00,0.000000000000000000e+00,0.000000000000000000e+00,0.000000000000000000e+00,0.000000000000000000e+00,0.000000000000000000e+00,0.000000000000000000e+00,0.000000000000000000e+00,0.000000000000000000e+00,0.000000000000000000e+00,0.000000000000000000e+00,0.000000000000000000e+00,0.000000000000000000e+00,0.000000000000000000e+00,0.000000000000000000e+00,0.000000000000000000e+00,0.000000000000000000e+00,0.000000000000000000e+00,0.000000000000000000e+00,0.000000000000000000e+00,0.000000000000000000e+00,0.000000000000000000e+00,0.000000000000000000e+00,0.000000000000000000e+00,0.000000000000000000e+00,0.000000000000000000e+00,0.000000000000000000e+00,0.000000000000000000e+00,0.000000000000000000e+00,0.000000000000000000e+00,0.000000000000000000e+00,0.000000000000000000e+00,0.000000000000000000e+00,0.000000000000000000e+00,0.000000000000000000e+00,0.000000000000000000e+00,0.000000000000000000e+00,0.000000000000000000e+00,0.000000000000000000e+00,0.000000000000000000e+00,0.000000000000000000e+00,0.000000000000000000e+00,0.000000000000000000e+00,0.000000000000000000e+00,0.000000000000000000e+00,0.000000000000000000e+00,0.000000000000000000e+00,0.000000000000000000e+00,0.000000000000000000e+00,0.000000000000000000e+00,0.000000000000000000e+00,0.000000000000000000e+00,0.000000000000000000e+00,0.000000000000000000e+00,0.000000000000000000e+00,0.000000000000000000e+00,0.000000000000000000e+00,0.000000000000000000e+00,0.000000000000000000e+00,0.000000000000000000e+00,0.000000000000000000e+00,0.000000000000000000e+00,0.000000000000000000e+00,0.000000000000000000e+00,0.000000000000000000e+00,0.000000000000000000e+00,0.000000000000000000e+00,0.000000000000000000e+00,0.000000000000000000e+00,0.000000000000000000e+00,0.000000000000000000e+00,0.000000000000000000e+00,0.000000000000000000e+00,0.000000000000000000e+00,0.000000000000000000e+00,0.000000000000000000e+00,0.000000000000000000e+00,0.000000000000000000e+00,0.000000000000000000e+00,0.000000000000000000e+00,0.000000000000000000e+00,0.000000000000000000e+00,0.000000000000000000e+00,0.000000000000000000e+00,0.000000000000000000e+00,0.000000000000000000e+00,0.000000000000000000e+00,0.000000000000000000e+00,0.000000000000000000e+00,0.000000000000000000e+00,0.000000000000000000e+00,0.000000000000000000e+00,0.000000000000000000e+00,0.000000000000000000e+00,0.000000000000000000e+00,0.000000000000000000e+00,0.000000000000000000e+00,0.000000000000000000e+00,0.000000000000000000e+00,0.000000000000000000e+00,0.000000000000000000e+00,0.000000000000000000e+00,0.000000000000000000e+00,0.000000000000000000e+00,0.000000000000000000e+00,0.000000000000000000e+00,0.000000000000000000e+00,0.000000000000000000e+00,0.000000000000000000e+00,0.000000000000000000e+00,0.000000000000000000e+00,0.000000000000000000e+00,0.000000000000000000e+00,0.000000000000000000e+00,0.000000000000000000e+00,0.000000000000000000e+00,0.000000000000000000e+00,0.000000000000000000e+00,0.000000000000000000e+00,0.000000000000000000e+00,0.000000000000000000e+00,0.000000000000000000e+00,0.000000000000000000e+00,0.000000000000000000e+00,0.000000000000000000e+00,0.000000000000000000e+00,0.000000000000000000e+00,0.000000000000000000e+00,0.000000000000000000e+00,0.000000000000000000e+00,0.000000000000000000e+00,0.000000000000000000e+00,0.000000000000000000e+00,0.000000000000000000e+00,0.000000000000000000e+00,0.000000000000000000e+00,0.000000000000000000e+00,0.000000000000000000e+00,0.000000000000000000e+00,0.000000000000000000e+00,0.000000000000000000e+00,0.000000000000000000e+00,0.000000000000000000e+00,0.000000000000000000e+00,0.000000000000000000e+00,0.000000000000000000e+00,0.000000000000000000e+00,0.000000000000000000e+00,0.000000000000000000e+00,0.000000000000000000e+00,0.000000000000000000e+00,0.000000000000000000e+00,0.000000000000000000e+00,0.000000000000000000e+00,0.000000000000000000e+00,0.000000000000000000e+00,0.000000000000000000e+00,0.000000000000000000e+00,0.000000000000000000e+00,0.000000000000000000e+00,0.000000000000000000e+00,0.000000000000000000e+00,0.000000000000000000e+00,0.000000000000000000e+00,0.000000000000000000e+00,0.000000000000000000e+00
CQ_h,0.000000000000000000e+00,0.000000000000000000e+00,0.000000000000000000e+00,0.000000000000000000e+00,0.000000000000000000e+00,0.000000000000000000e+00,0.000000000000000000e+00,0.000000000000000000e+00,0.000000000000000000e+00,0.000000000000000000e+00,0.000000000000000000e+00,0.000000000000000000e+00,0.000000000000000000e+00,0.000000000000000000e+00,0.000000000000000000e+00,0.000000000000000000e+00,0.000000000000000000e+00,0.000000000000000000e+00,0.000000000000000000e+00,0.000000000000000000e+00,0.000000000000000000e+00,0.000000000000000000e+00,0.000000000000000000e+00,0.000000000000000000e+00,0.000000000000000000e+00,0.000000000000000000e+00,0.000000000000000000e+00,0.000000000000000000e+00,0.000000000000000000e+00,0.000000000000000000e+00,0.000000000000000000e+00,0.000000000000000000e+00,0.000000000000000000e+00,0.000000000000000000e+00,0.000000000000000000e+00,0.000000000000000000e+00,0.000000000000000000e+00,0.000000000000000000e+00,0.000000000000000000e+00,0.000000000000000000e+00,0.000000000000000000e+00,0.000000000000000000e+00,0.000000000000000000e+00,0.000000000000000000e+00,0.000000000000000000e+00,0.000000000000000000e+00,0.000000000000000000e+00,0.000000000000000000e+00,0.000000000000000000e+00,0.000000000000000000e+00,0.000000000000000000e+00,0.000000000000000000e+00,0.000000000000000000e+00,0.000000000000000000e+00,0.000000000000000000e+00,0.000000000000000000e+00,0.000000000000000000e+00,0.000000000000000000e+00,0.000000000000000000e+00,0.000000000000000000e+00,0.000000000000000000e+00,0.000000000000000000e+00,0.000000000000000000e+00,0.000000000000000000e+00,0.000000000000000000e+00,0.000000000000000000e+00,0.000000000000000000e+00,0.000000000000000000e+00,0.000000000000000000e+00,0.000000000000000000e+00,0.000000000000000000e+00,0.000000000000000000e+00,0.000000000000000000e+00,0.000000000000000000e+00,0.000000000000000000e+00,0.000000000000000000e+00,0.000000000000000000e+00,0.000000000000000000e+00,0.000000000000000000e+00,0.000000000000000000e+00,0.000000000000000000e+00,0.000000000000000000e+00,0.000000000000000000e+00,0.000000000000000000e+00,0.000000000000000000e+00,0.000000000000000000e+00,0.000000000000000000e+00,0.000000000000000000e+00,0.000000000000000000e+00,0.000000000000000000e+00,0.000000000000000000e+00,0.000000000000000000e+00,0.000000000000000000e+00,0.000000000000000000e+00,0.000000000000000000e+00,0.000000000000000000e+00,0.000000000000000000e+00,0.000000000000000000e+00,0.000000000000000000e+00,0.000000000000000000e+00,0.000000000000000000e+00,0.000000000000000000e+00,0.000000000000000000e+00,0.000000000000000000e+00,0.000000000000000000e+00,0.000000000000000000e+00,0.000000000000000000e+00,0.000000000000000000e+00,0.000000000000000000e+00,0.000000000000000000e+00,0.000000000000000000e+00,0.000000000000000000e+00,0.000000000000000000e+00,0.000000000000000000e+00,0.000000000000000000e+00,0.000000000000000000e+00,0.000000000000000000e+00,0.000000000000000000e+00,0.000000000000000000e+00,0.000000000000000000e+00,0.000000000000000000e+00,0.000000000000000000e+00,0.000000000000000000e+00,0.000000000000000000e+00,0.000000000000000000e+00,0.000000000000000000e+00,0.000000000000000000e+00,0.000000000000000000e+00,0.000000000000000000e+00,0.000000000000000000e+00,0.000000000000000000e+00,0.000000000000000000e+00,0.000000000000000000e+00,0.000000000000000000e+00,0.000000000000000000e+00,0.000000000000000000e+00,0.000000000000000000e+00,0.000000000000000000e+00,0.000000000000000000e+00,0.000000000000000000e+00,0.000000000000000000e+00,0.000000000000000000e+00,0.000000000000000000e+00,0.000000000000000000e+00,0.000000000000000000e+00,0.000000000000000000e+00,0.000000000000000000e+00,0.000000000000000000e+00,0.000000000000000000e+00,0.000000000000000000e+00,0.000000000000000000e+00,0.000000000000000000e+00,0.000000000000000000e+00,0.000000000000000000e+00,0.000000000000000000e+00,0.000000000000000000e+00,0.000000000000000000e+00,0.000000000000000000e+00,0.000000000000000000e+00,0.000000000000000000e+00,0.000000000000000000e+00,0.000000000000000000e+00,0.000000000000000000e+00,0.000000000000000000e+00,0.000000000000000000e+00,0.000000000000000000e+00,0.000000000000000000e+00,0.000000000000000000e+00,0.000000000000000000e+00,0.000000000000000000e+00,0.000000000000000000e+00,0.000000000000000000e+00,0.000000000000000000e+00,0.000000000000000000e+00,0.000000000000000000e+00,0.000000000000000000e+00,0.000000000000000000e+00,0.000000000000000000e+00,0.000000000000000000e+00,0.000000000000000000e+00,0.000000000000000000e+00,0.000000000000000000e+00,0.000000000000000000e+00,0.000000000000000000e+00,0.000000000000000000e+00,0.000000000000000000e+00,0.000000000000000000e+00,0.000000000000000000e+00,0.000000000000000000e+00,0.000000000000000000e+00,0.000000000000000000e+00,0.000000000000000000e+00,0.000000000000000000e+00,0.000000000000000000e+00,0.000000000000000000e+00,0.000000000000000000e+00,0.000000000000000000e+00,0.000000000000000000e+00,0.000000000000000000e+00,0.000000000000000000e+00,0.000000000000000000e+00,0.000000000000000000e+00,0.000000000000000000e+00,0.000000000000000000e+00,0.000000000000000000e+00,0.000000000000000000e+00,0.000000000000000000e+00,0.000000000000000000e+00,0.000000000000000000e+00,0.000000000000000000e+00,0.000000000000000000e+00,0.000000000000000000e+00,0.000000000000000000e+00,0.000000000000000000e+00,0.000000000000000000e+00,0.000000000000000000e+00,0.000000000000000000e+00,0.000000000000000000e+00,0.000000000000000000e+00,0.000000000000000000e+00,0.000000000000000000e+00,0.000000000000000000e+00,0.000000000000000000e+00,0.000000000000000000e+00,0.000000000000000000e+00,0.000000000000000000e+00,0.000000000000000000e+00,0.000000000000000000e+00
CT,0.000000000000000000e+00,0.000000000000000000e+00,0.000000000000000000e+00,0.000000000000000000e+00,0.000000000000000000e+00,0.000000000000000000e+00,0.000000000000000000e+00,0.000000000000000000e+00,0.000000000000000000e+00,0.000000000000000000e+00,0.000000000000000000e+00,0.000000000000000000e+00,0.000000000000000000e+00,0.000000000000000000e+00,0.000000000000000000e+00,0.000000000000000000e+00,0.000000000000000000e+00,0.000000000000000000e+00,0.000000000000000000e+00,0.000000000000000000e+00,0.000000000000000000e+00,0.000000000000000000e+00,0.000000000000000000e+00,0.000000000000000000e+00,0.000000000000000000e+00,0.000000000000000000e+00,0.000000000000000000e+00,0.000000000000000000e+00,0.000000000000000000e+00,0.000000000000000000e+00,0.000000000000000000e+00,0.000000000000000000e+00,0.000000000000000000e+00,0.000000000000000000e+00,0.000000000000000000e+00,0.000000000000000000e+00,0.000000000000000000e+00,0.000000000000000000e+00,0.000000000000000000e+00,0.000000000000000000e+00,0.000000000000000000e+00,0.000000000000000000e+00,0.000000000000000000e+00,0.000000000000000000e+00,0.000000000000000000e+00,0.000000000000000000e+00,0.000000000000000000e+00,0.000000000000000000e+00,0.000000000000000000e+00,0.000000000000000000e+00,0.000000000000000000e+00,0.000000000000000000e+00,0.000000000000000000e+00,0.000000000000000000e+00,0.000000000000000000e+00,0.000000000000000000e+00,0.000000000000000000e+00,0.000000000000000000e+00,0.000000000000000000e+00,0.000000000000000000e+00,0.000000000000000000e+00,0.000000000000000000e+00,0.000000000000000000e+00,0.000000000000000000e+00,0.000000000000000000e+00,0.000000000000000000e+00,0.000000000000000000e+00,0.000000000000000000e+00,0.000000000000000000e+00,0.000000000000000000e+00,0.000000000000000000e+00,0.000000000000000000e+00,0.000000000000000000e+00,0.000000000000000000e+00,0.000000000000000000e+00,0.000000000000000000e+00,0.000000000000000000e+00,0.000000000000000000e+00,0.000000000000000000e+00,0.000000000000000000e+00,0.000000000000000000e+00,0.000000000000000000e+00,0.000000000000000000e+00,0.000000000000000000e+00,0.000000000000000000e+00,0.000000000000000000e+00,0.000000000000000000e+00,0.000000000000000000e+00,0.000000000000000000e+00,0.000000000000000000e+00,0.000000000000000000e+00,0.000000000000000000e+00,0.000000000000000000e+00,0.000000000000000000e+00,0.000000000000000000e+00,0.000000000000000000e+00,0.000000000000000000e+00,0.000000000000000000e+00,0.000000000000000000e+00,0.000000000000000000e+00,0.000000000000000000e+00,0.000000000000000000e+00,0.000000000000000000e+00,0.000000000000000000e+00,0.000000000000000000e+00,0.000000000000000000e+00,0.000000000000000000e+00,0.000000000000000000e+00,0.000000000000000000e+00,0.000000000000000000e+00,0.000000000000000000e+00,0.000000000000000000e+00,0.000000000000000000e+00,0.000000000000000000e+00,0.000000000000000000e+00,0.000000000000000000e+00,0.000000000000000000e+00,0.000000000000000000e+00,0.000000000000000000e+00,0.000000000000000000e+00,0.000000000000000000e+00,0.000000000000000000e+00,0.000000000000000000e+00,0.000000000000000000e+00,0.000000000000000000e+00,0.000000000000000000e+00,0.000000000000000000e+00,0.000000000000000000e+00,0.000000000000000000e+00,0.000000000000000000e+00,0.000000000000000000e+00,0.000000000000000000e+00,0.000000000000000000e+00,0.000000000000000000e+00,0.000000000000000000e+00,0.000000000000000000e+00,0.000000000000000000e+00,0.000000000000000000e+00,0.000000000000000000e+00,0.000000000000000000e+00,0.000000000000000000e+00,0.000000000000000000e+00,0.000000000000000000e+00,0.000000000000000000e+00,0.000000000000000000e+00,0.000000000000000000e+00,0.000000000000000000e+00,0.000000000000000000e+00,0.000000000000000000e+00,0.000000000000000000e+00,0.000000000000000000e+00,0.000000000000000000e+00,0.000000000000000000e+00,0.000000000000000000e+00,0.000000000000000000e+00,0.000000000000000000e+00,0.000000000000000000e+00,0.000000000000000000e+00,0.000000000000000000e+00,0.000000000000000000e+00,0.000000000000000000e+00,0.000000000000000000e+00,0.000000000000000000e+00,0.000000000000000000e+00,0.000000000000000000e+00,0.000000000000000000e+00,0.000000000000000000e+00,0.000000000000000000e+00,0.000000000000000000e+00,0.000000000000000000e+00,0.000000000000000000e+00,0.000000000000000000e+00,0.000000000000000000e+00,0.000000000000000000e+00,0.000000000000000000e+00,0.000000000000000000e+00,0.000000000000000000e+00,0.000000000000000000e+00,0.000000000000000000e+00,0.000000000000000000e+00,0.000000000000000000e+00,0.000000000000000000e+00,0.000000000000000000e+00,0.000000000000000000e+00,0.000000000000000000e+00,0.000000000000000000e+00,0.000000000000000000e+00,0.000000000000000000e+00,0.000000000000000000e+00,0.000000000000000000e+00,0.000000000000000000e+00,0.000000000000000000e+00,0.000000000000000000e+00,0.000000000000000000e+00,0.000000000000000000e+00,0.000000000000000000e+00,0.000000000000000000e+00,0.000000000000000000e+00,0.000000000000000000e+00,0.000000000000000000e+00,0.000000000000000000e+00,0.000000000000000000e+00,0.000000000000000000e+00,0.000000000000000000e+00,0.000000000000000000e+00,0.000000000000000000e+00,0.000000000000000000e+00,0.000000000000000000e+00,0.000000000000000000e+00,0.000000000000000000e+00,0.000000000000000000e+00,0.000000000000000000e+00,0.000000000000000000e+00,0.000000000000000000e+00,0.000000000000000000e+00,0.000000000000000000e+00,0.000000000000000000e+00,0.000000000000000000e+00,0.000000000000000000e+00,0.000000000000000000e+00,0.000000000000000000e+00,0.000000000000000000e+00,0.000000000000000000e+00,0.000000000000000000e+00,0.000000000000000000e+00,0.000000000000000000e+00,0.000000000000000000e+00,0.000000000000000000e+00
CT_h,0.000000000000000000e+00,0.000000000000000000e+00,0.000000000000000000e+00,0.000000000000000000e+00,0.000000000000000000e+00,0.000000000000000000e+00,0.000000000000000000e+00,0.000000000000000000e+00,0.000000000000000000e+00,0.000000000000000000e+00,0.000000000000000000e+00,0.000000000000000000e+00,0.000000000000000000e+00,0.000000000000000000e+00,0.000000000000000000e+00,0.000000000000000000e+00,0.000000000000000000e+00,0.000000000000000000e+00,0.000000000000000000e+00,0.000000000000000000e+00,0.000000000000000000e+00,0.000000000000000000e+00,0.000000000000000000e+00,0.000000000000000000e+00,0.000000000000000000e+00,0.000000000000000000e+00,0.000000000000000000e+00,0.000000000000000000e+00,0.000000000000000000e+00,0.000000000000000000e+00,0.000000000000000000e+00,0.000000000000000000e+00,0.000000000000000000e+00,0.000000000000000000e+00,0.000000000000000000e+00,0.000000000000000000e+00,0.000000000000000000e+00,0.000000000000000000e+00,0.000000000000000000e+00,0.000000000000000000e+00,0.000000000000000000e+00,0.000000000000000000e+00,0.000000000000000000e+00,0.000000000000000000e+00,0.000000000000000000e+00,0.000000000000000000e+00,0.000000000000000000e+00,0.000000000000000000e+00,0.000000000000000000e+00,0.000000000000000000e+00,0.000000000000000000e+00,0.000000000000000000e+00,0.000000000000000000e+00,0.000000000000000000e+00,0.000000000000000000e+00,0.000000000000000000e+00,0.000000000000000000e+00,0.000000000000000000e+00,0.000000000000000000e+00,0.000000000000000000e+00,0.000000000000000000e+00,0.000000000000000000e+00,0.000000000000000000e+00,0.000000000000000000e+00,0.000000000000000000e+00,0.000000000000000000e+00,0.000000000000000000e+00,0.000000000000000000e+00,0.000000000000000000e+00,0.000000000000000000e+00,0.000000000000000000e+00,0.000000000000000000e+00,0.000000000000000000e+00,0.000000000000000000e+00,0.000000000000000000e+00,0.000000000000000000e+00,0.000000000000000000e+00,0.000000000000000000e+00,0.000000000000000000e+00,0.000000000000000000e+00,0.000000000000000000e+00,0.000000000000000000e+00,0.000000000000000000e+00,0.000000000000000000e+00,0.000000000000000000e+00,0.000000000000000000e+00,0.000000000000000000e+00,0.000000000000000000e+00,0.000000000000000000e+00,0.000000000000000000e+00,0.000000000000000000e+00,0.000000000000000000e+00,0.000000000000000000e+00,0.000000000000000000e+00,0.000000000000000000e+00,0.000000000000000000e+00,0.000000000000000000e+00,0.000000000000000000e+00,0.000000000000000000e+00,0.000000000000000000e+00,0.000000000000000000e+00,0.000000000000000000e+00,0.000000000000000000e+00,0.000000000000000000e+00,0.000000000000000000e+00,0.000000000000000000e+00,0.000000000000000000e+00,0.000000000000000000e+00,0.000000000000000000e+00,0.000000000000000000e+00,0.000000000000000000e+00,0.000000000000000000e+00,0.000000000000000000e+00,0.000000000000000000e+00,0.000000000000000000e+00,0.000000000000000000e+00,0.000000000000000000e+00,0.000000000000000000e+00,0.000000000000000000e+00,0.000000000000000000e+00,0.000000000000000000e+00,0.000000000000000000e+00,0.000000000000000000e+00,0.000000000000000000e+00,0.000000000000000000e+00,0.000000000000000000e+00,0.000000000000000000e+00,0.000000000000000000e+00,0.000000000000000000e+00,0.000000000000000000e+00,0.000000000000000000e+00,0.000000000000000000e+00,0.000000000000000000e+00,0.000000000000000000e+00,0.000000000000000000e+00,0.000000000000000000e+00,0.000000000000000000e+00,0.000000000000000000e+00,0.000000000000000000e+00,0.000000000000000000e+00,0.000000000000000000e+00,0.000000000000000000e+00,0.000000000000000000e+00,0.000000000000000000e+00,0.000000000000000000e+00,0.000000000000000000e+00,0.000000000000000000e+00,0.000000000000000000e+00,0.000000000000000000e+00,0.000000000000000000e+00,0.000000000000000000e+00,0.000000000000000000e+00,0.000000000000000000e+00,0.000000000000000000e+00,0.000000000000000000e+00,0.000000000000000000e+00,0.000000000000000000e+00,0.000000000000000000e+00,0.000000000000000000e+00,0.000000000000000000e+00,0.000000000000000000e+00,0.000000000000000000e+00,0.000000000000000000e+00,0.000000000000000000e+00,0.000000000000000000e+00,0.000000000000000000e+00,0.000000000000000000e+00,0.000000000000000000e+00,0.000000000000000000e+00,0.000000000000000000e+00,0.000000000000000000e+00,0.000000000000000000e+00,0.000000000000000000e+00,0.000000000000000000e+00,0.000000000000000000e+00,0.000000000000000000e+00,0.000000000000000000e+00,0.000000000000000000e+00,0.000000000000000000e+00,0.000000000000000000e+00,0.000000000000000000e+00,0.000000000000000000e+00,0.000000000000000000e+00,0.000000000000000000e+00,0.000000000000000000e+00,0.000000000000000000e+00,0.000000000000000000e+00,0.000000000000000000e+00,0.000000000000000000e+00,0.000000000000000000e+00,0.000000000000000000e+00,0.000000000000000000e+00,0.000000000000000000e+00,0.000000000000000000e+00,0.000000000000000000e+00,0.000000000000000000e+00,0.000000000000000000e+00,0.000000000000000000e+00,0.000000000000000000e+00,0.000000000000000000e+00,0.000000000000000000e+00,0.000000000000000000e+00,0.000000000000000000e+00,0.000000000000000000e+00,0.000000000000000000e+00,0.000000000000000000e+00,0.000000000000000000e+00,0.000000000000000000e+00,0.000000000000000000e+00,0.000000000000000000e+00,0.000000000000000000e+00,0.000000000000000000e+00,0.000000000000000000e+00,0.000000000000000000e+00,0.000000000000000000e+00,0.000000000000000000e+00,0.000000000000000000e+00,0.000000000000000000e+00,0.000000000000000000e+00,0.000000000000000000e+00,0.000000000000000000e+00,0.000000000000000000e+00,0.000000000000000000e+00,0.000000000000000000e+00,0.000000000000000000e+00,0.000000000000000000e+00,0.000000000000000000e+00,0.000000000000000000e+00
Chord,2.915599999999999858e-01,2.891199999999999881e-01,2.842600000000000127e-01,2.793999999999999817e-01,2.745400000000000063e-01,2.696799999999999753e-01,2.648199999999999998e-01,2.624400000000000066e-01,2.915599999999999858e-01,2.891199999999999881e-01,2.842600000000000127e-01,2.793999999999999817e-01,2.745400000000000063e-01,2.696799999999999753e-01,2.648199999999999998e-01,2.624400000000000066e-01,2.166739999999999888e+00,2.186430000000000096e+00,2.173259999999999970e+00,2.160099999999999909e+00,2.144899999999999807e+00,2.127670000000000172e+00,2.110450000000000159e+00,2.093220000000000081e+00,2.078310000000000102e+00,1.921079999999999899e+00,2.040849999999999831e+00,2.024319999999999897e+00,2.007099999999999884e+00,1.989880000000000093e+00,1.972650000000000015e+00,1.955430000000000001e+00,1.938209999999999988e+00,1.920989999999999975e+00,1.903769999999999962e+00,1.886549999999999949e+00,1.869329999999999936e+00,1.852109999999999923e+00,1.834889999999999910e+00,1.817679999999999962e+00,1.800459999999999949e+00,1.783239999999999936e+00,1.766029999999999989e+00,1.748809999999999976e+00,1.731600000000000028e+00,1.714390000000000081e+00,1.697170000000000067e+00,1.679959999999999898e+00,1.662749999999999950e+00,1.645540000000000003e+00,1.628330000000000055e+00,1.611120000000000108e+00,1.593909999999999938e+00,1.576710000000000056e+00,1.559500000000000108e+00,1.542300000000000004e+00,1.532659999999999911e+00,1.530599999999999961e+00,1.528529999999999944e+00,1.526469999999999994e+00,1.524399999999999977e+00,1.522329999999999961e+00,1.513549999999999951e+00,1.498050000000000104e+00,1.482550000000000034e+00,1.467060000000000031e+00,1.451559999999999961e+00,1.436059999999999892e+00,1.420570000000000110e+00,1.405070000000000041e+00,1.389569999999999972e+00,1.374079999999999968e+00,1.358579999999999899e+00,1.343089999999999895e+00,1.327590000000000048e+00,1.312100000000000044e+00,1.296610000000000040e+00,1.281109999999999971e+00,1.265619999999999967e+00,1.250129999999999963e+00,2.166739999999999888e+00,2.186430000000000096e+00,2.173259999999999970e+00,2.160099999999999909e+00,2.144899999999999807e+00,2.127670000000000172e+00,2.110450000000000159e+00,2.093220000000000081e+00,2.078310000000000102e+00,1.921079999999999899e+00,2.040849999999999831e+00,2.024319999999999897e+00,2.007099999999999884e+00,1.989880000000000093e+00,1.972650000000000015e+00,1.955430000000000001e+00,1.938209999999999988e+00,1.920989999999999975e+00,1.903769999999999962e+00,1.886549999999999949e+00,1.869329999999999936e+00,1.852109999999999923e+00,1.834889999999999910e+00,1.817679999999999962e+00,1.800459999999999949e+00,1.783239999999999936e+00,1.766029999999999989e+00,1.748809999999999976e+00,1.731600000000000028e+00,1.714390000000000081e+00,1.697170000000000067e+00,1.679959999999999898e+00,1.662749999999999950e+00,1.645540000000000003e+00,1.628330000000000055e+00,1.611120000000000108e+00,1.593909999999999938e+00,1.576710000000000056e+00,1.559500000000000108e+00,1.542300000000000004e+00,1.532659999999999911e+00,1.530599999999999961e+00,1.528529999999999944e+00,1.526469999999999994e+00,1.524399999999999977e+00,1.522329999999999961e+00,1.513549999999999951e+00,1.498050000000000104e+00,1.482550000000000034e+00,1.467060000000000031e+00,1.451559999999999961e+00,1.436059999999999892e+00,1.420570000000000110e+00,1.405070000000000041e+00,1.389569999999999972e+00,1.374079999999999968e+00,1.358579999999999899e+00,1.343089999999999895e+00,1.327590000000000048e+00,1.312100000000000044e+00,1.296610000000000040e+00,1.281109999999999971e+00,1.265619999999999967e+00,1.250129999999999963e+00,1.656009999999999982e+00,1.636749999999999927e+00,1.612859999999999960e+00,1.588959999999999928e+00,1.565069999999999961e+00,1.541179999999999994e+00,1.517279999999999962e+00,1.493389999999999995e+00,1.469489999999999963e+00,1.445599999999999996e+00,1.421699999999999964e+00,1.397809999999999997e+00,1.373920000000000030e+00,1.350019999999999998e+00,1.326130000000000031e+00,1.302229999999999999e+00,1.278340000000000032e+00,1.254440000000000000e+00,1.230550000000000033e+00,1.206660000000000066e+00,1.182760000000000034e+00,1.158870000000000067e+00,1.134970000000000034e+00,1.111080000000000068e+00,1.087190000000000101e+00,1.063290000000000068e+00,1.039400000000000102e+00,1.015500000000000069e+00,1.870770000000000044e+00,1.837599999999999900e+00,1.803889999999999993e+00,1.770170000000000021e+00,1.736450000000000049e+00,1.702730000000000077e+00,1.669019999999999948e+00,1.635299999999999976e+00,1.601580000000000004e+00,1.567860000000000031e+00,1.534149999999999903e+00,1.500429999999999930e+00,1.466709999999999958e+00,1.432989999999999986e+00,1.399280000000000079e+00,1.365560000000000107e+00,1.331839999999999913e+00,1.298119999999999941e+00,1.264410000000000034e+00,1.230690000000000062e+00,1.196970000000000089e+00,1.163249999999999895e+00,1.129539999999999988e+00,1.095820000000000016e+00,1.062100000000000044e+00,1.028380000000000072e+00,9.946700000000000541e-01,9.609499999999999709e-01,1.656009999999999982e+00,1.636749999999999927e+00,1.612859999999999960e+00,1.588959999999999928e+00,1.565069999999999961e+00,1.541179999999999994e+00,1.517279999999999962e+00,1.493389999999999995e+00,1.469489999999999963e+00,1.445599999999999996e+00,1.421699999999999964e+00,1.397809999999999997e+00,1.373920000000000030e+00,1.350019999999999998e+00,1.326130000000000031e+00,1.302229999999999999e+00,1.278340000000000032e+00,1.254440000000000000e+00,1.230550000000000033e+00,1.206660000000000066e+00,1.182760000000000034e+00,1.158870000000000067e+00,1.134970000000000034e+00,1.111080000000000068e+00,1.087190000000000101e+00,1.063290000000000068e+00,1.039400000000000102e+00,1.015500000000000069e+00
Diameter,0.000000000000000000e+00,0.000000000000000000e+00,0.000000000000000000e+00,0.000000000000000000e+00,0.000000000000000000e+00,0.000000000000000000e+00,0.000000000000000000e+00,0.000000000000000000e+00,0.000000000000000000e+00,0.000000000000000000e+00,0.000000000000000000e+00,0.000000000000000000e+00,0.000000000000000000e+00,0.000000000000000000e+00,0.000000000000000000e+00,0.000000000000000000e+00,0.000000000000000000e+00,0.000000000000000000e+00,0.000000000000000000e+00,0.000000000000000000e+00,0.000000000000000000e+00,0.000000000000000000e+00,0.000000000000000000e+00,0.000000000000000000e+00,0.000000000000000000e+00,0.000000000000000000e+00,0.000000000000000000e+00,0.000000000000000000e+00,0.000000000000000000e+00,0.000000000000000000e+00,0.000000000000000000e+00,0.000000000000000000e+00,0.000000000000000000e+00,0.000000000000000000e+00,0.000000000000000000e+00,0.000000000000000000e+00,0.000000000000000000e+00,0.000000000000000000e+00,0.000000000000000000e+00,0.000000000000000000e+00,0.000000000000000000e+00,0.000000000000000000e+00,0.000000000000000000e+00,0.000000000000000000e+00,0.000000000000000000e+00,0.000000000000000000e+00,0.000000000000000000e+00,0.000000000000000000e+00,0.000000000000000000e+00,0.000000000000000000e+00,0.000000000000000000e+00,0.000000000000000000e+00,0.000000000000000000e+00,0.000000000000000000e+00,0.000000000000000000e+00,0.000000000000000000e+00,0.000000000000000000e+00,0.000000000000000000e+00,0.000000000000000000e+00,0.000000000000000000e+00,0.000000000000000000e+00,0.000000000000000000e+00,0.000000000000000000e+00,0.000000000000000000e+00,0.000000000000000000e+00,0.000000000000000000e+00,0.000000000000000000e+00,0.000000000000000000e+00,0.000000000000000000e+00,0.000000000000000000e+00,0.000000000000000000e+00,0.000000000000000000e+00,0.000000000000000000e+00,0.000000000000000000e+00,0.000000000000000000e+00,0.000000000000000000e+00,0.000000000000000000e+00,0.000000000000000000e+00,0.000000000000000000e+00,0.000000000000000000e+00,0.000000000000000000e+00,0.000000000000000000e+00,0.000000000000000000e+00,0.000000000000000000e+00,0.000000000000000000e+00,0.000000000000000000e+00,0.000000000000000000e+00,0.000000000000000000e+00,0.000000000000000000e+00,0.000000000000000000e+00,0.000000000000000000e+00,0.000000000000000000e+00,0.000000000000000000e+00,0.000000000000000000e+00,0.000000000000000000e+00,0.000000000000000000e+00,0.000000000000000000e+00,0.000000000000000000e+00,0.000000000000000000e+00,0.000000000000000000e+00,0.000000000000000000e+00,0.000000000000000000e+00,0.000000000000000000e+00,0.000000000000000000e+00,0.000000000000000000e+00,0.000000000000000000e+00,0.000000000000000000e+00,0.000000000000000000e+00,0.000000000000000000e+00,0.000000000000000000e+00,0.000000000000000000e+00,0.000000000000000000e+00,0.000000000000000000e+00,0.000000000000000000e+00,0.000000000000000000e+00,0.000000000000000000e+00,0.000000000000000000e+00,0.000000000000000000e+00,0.000000000000000000e+00,0.000000000000000000e+00,0.000000000000000000e+00,0.000000000000000000e+00,0.000000000000000000e+00,0.000000000000000000e+00,0.000000000000000000e+00,0.000000000000000000e+00,0.000000000000000000e+00,0.000000000000000000e+00,0.000000000000000000e+00,0.000000000000000000e+00,0.000000000000000000e+00,0.000000000000000000e+00,0.000000000000000000e+00,0.000000000000000000e+00,0.000000000000000000e+00,0.000000000000000000e+00,0.000000000000000000e+00,0.000000000000000000e+00,0.000000000000000000e+00,0.000000000000000000e+00,0.000000000000000000e+00,0.000000000000000000e+00,0.000000000000000000e+00,0.000000000000000000e+00,0.000000000000000000e+00,0.000000000000000000e+00,0.000000000000000000e+00,0.000000000000000000e+00,0.000000000000000000e+00,0.000000000000000000e+00,0.000000000000000000e+00,0.000000000000000000e+00,0.000000000000000000e+00,0.000000000000000000e+00,0.000000000000000000e+00,0.000000000000000000e+00,0.000000000000000000e+00,0.000000000000000000e+00,0.000000000000000000e+00,0.000000000000000000e+00,0.000000000000000000e+00,0.000000000000000000e+00,0.000000000000000000e+00,0.000000000000000000e+00,0.000000000000000000e+00,0.000000000000000000e+00,0.000000000000000000e+00,0.000000000000000000e+00,0.000000000000000000e+00,0.000000000000000000e+00,0.000000000000000000e+00,0.000000000000000000e+00,0.000000000000000000e+00,0.000000000000000000e+00,0.000000000000000000e+00,0.000000000000000000e+00,0.000000000000000000e+00,0.000000000000000000e+00,0.000000000000000000e+00,0.000000000000000000e+00,0.000000000000000000e+00,0.000000000000000000e+00,0.000000000000000000e+00,0.000000000000000000e+00,0.000000000000000000e+00,0.000000000000000000e+00,0.000000000000000000e+00,0.000000000000000000e+00,0.000000000000000000e+00,0.000000000000000000e+00,0.000000000000000000e+00,0.000000000000000000e+00,0.000000000000000000e+00,0.000000000000000000e+00,0.000000000000000000e+00,0.000000000000000000e+00,0.000000000000000000e+00,0.000000000000000000e+00,0.000000000000000000e+00,0.000000000000000000e+00,0.000000000000000000e+00,0.000000000000000000e+00,0.000000000000000000e+00,0.000000000000000000e+00,0.000000000000000000e+00,0.000000000000000000e+00,0.000000000000000000e+00,0.000000000000000000e+00,0.000000000000000000e+00,0.000000000000000000e+00,0.000000000000000000e+00,0.000000000000000000e+00,0.000000000000000000e+00,0.000000000000000000e+00,0.000000000000000000e+00,0.000000000000000000e+00,0.000000000000000000e+00,0.000000000000000000e+00,0.000000000000000000e+00,0.000000000000000000e+00,0.000000000000000000e+00,0.000000000000000000e+00,0.000000000000000000e+00,0.000000000000000000e+00,0.000000000000000000e+00,0.000000000000000000e+00,0.000000000000000000e+00,0.000000000000000000e+00
ETAP,0.000000000000000000e+00,0.000000000000000000e+00,0.000000000000000000e+00,0.000000000000000000e+00,0.000000000000000000e+00,0.000000000000000000e+00,0.000000000000000000e+00,0.000000000000000000e+00,0.000000000000000000e+00,0.000000000000000000e+00,0.000000000000000000e+00,0.000000000000000000e+00,0.000000000000000000e+00,0.000000000000000000e+00,0.000000000000000000e+00,0.000000000000000000e+00,0.000000000000000000e+00,0.000000000000000000e+00,0.000000000000000000e+00,0.000000000000000000e+00,0.000000000000000000e+00,0.000000000000000000e+00,0.000000000000000000e+00,0.000000000000000000e+00,0.000000000000000000e+00,0.000000000000000000e+00,0.000000000000000000e+00,0.000000000000000000e+00,0.000000000000000000e+00,0.000000000000000000e+00,0.000000000000000000e+00,0.000000000000000000e+00,0.000000000000000000e+00,0.000000000000000000e+00,0.000000000000000000e+00,0.000000000000000000e+00,0.000000000000000000e+00,0.000000000000000000e+00,0.000000000000000000e+00,0.000000000000000000e+00,0.000000000000000000e+00,0.000000000000000000e+00,0.000000000000000000e+00,0.000000000000000000e+00,0.000000000000000000e+00,0.000000000000000000e+00,0.000000000000000000e+00,0.000000000000000000e+00,0.000000000000000000e+00,0.000000000000000000e+00,0.000000000000000000e+00,0.000000000000000000e+00,0.000000000000000000e+00,0.000000000000000000e+00,0.000000000000000000e+00,0.000000000000000000e+00,0.000000000000000000e+00,0.000000000000000000e+00,0.000000000000000000e+00,0.000000000000000000e+00,0.000000000000000000e+00,0.000000000000000000e+00,0.000000000000000000e+00,0.000000000000000000e+00,0.000000000000000000e+00,0.000000000000000000e+00,0.000000000000000000e+00,0.000000000000000000e+00,0.000000000000000000e+00,0.000000000000000000e+00,0.000000000000000000e+00,0.000000000000000000e+00,0.000000000000000000e+00,0.000000000000000000e+00,0.000000000000000000e+00,0.000000000000000000e+00,0.000000000000000000e+00,0.000000000000000000e+00,0.000000000000000000e+00,0.000000000000000000e+00,0.000000000000000000e+00,0.000000000000000000e+00,0.000000000000000000e+00,0.000000000000000000e+00,0.000000000000000000e+00,0.000000000000000000e+00,0.000000000000000000e+00,0.000000000000000000e+00,0.000000000000000000e+00,0.000000000000000000e+00,0.000000000000000000e+00,0.000000000000000000e+00,0.000000000000000000e+00,0.000000000000000000e+00,0.000000000000000000e+00,0.000000000000000000e+00,0.000000000000000000e+00,0.000000000000000000e+00,0.000000000000000000e+00,0.000000000000000000e+00,0.000000000000000000e+00,0.000000000000000000e+00,0.000000000000000000e+00,0.000000000000000000e+00,0.000000000000000000e+00,0.000000000000000000e+00,0.000000000000000000e+00,0.000000000000000000e+00,0.000000000000000000e+00,0.000000000000000000e+00,0.000000000000000000e+00,0.000000000000000000e+00,0.000000000000000000e+00,0.000000000000000000e+00,0.000000000000000000e+00,0.000000000000000000e+00,0.000000000000000000e+00,0.000000000000000000e+00,0.000000000000000000e+00,0.000000000000000000e+00,0.000000000000000000e+00,0.000000000000000000e+00,0.000000000000000000e+00,0.000000000000000000e+00,0.000000000000000000e+00,0.000000000000000000e+00,0.000000000000000000e+00,0.000000000000000000e+00,0.000000000000000000e+00,0.000000000000000000e+00,0.000000000000000000e+00,0.000000000000000000e+00,0.000000000000000000e+00,0.000000000000000000e+00,0.000000000000000000e+00,0.000000000000000000e+00,0.000000000000000000e+00,0.000000000000000000e+00,0.000000000000000000e+00,0.000000000000000000e+00,0.000000000000000000e+00,0.000000000000000000e+00,0.000000000000000000e+00,0.000000000000000000e+00,0.000000000000000000e+00,0.000000000000000000e+00,0.000000000000000000e+00,0.000000000000000000e+00,0.000000000000000000e+00,0.000000000000000000e+00,0.000000000000000000e+00,0.000000000000000000e+00,0.000000000000000000e+00,0.000000000000000000e+00,0.000000000000000000e+00,0.000000000000000000e+00,0.000000000000000000e+00,0.000000000000000000e+00,0.000000000000000000e+00,0.000000000000000000e+00,0.000000000000000000e+00,0.000000000000000000e+00,0.000000000000000000e+00,0.000000000000000000e+00,0.000000000000000000e+00,0.000000000000000000e+00,0.000000000000000000e+00,0.000000000000000000e+00,0.000000000000000000e+00,0.000000000000000000e+00,0.000000000000000000e+00,0.000000000000000000e+00,0.000000000000000000e+00,0.000000000000000000e+00,0.000000000000000000e+00,0.000000000000000000e+00,0.000000000000000000e+00,0.000000000000000000e+00,0.000000000000000000e+00,0.000000000000000000e+00,0.000000000000000000e+00,0.000000000000000000e+00,0.000000000000000000e+00,0.000000000000000000e+00,0.000000000000000000e+00,0.000000000000000000e+00,0.000000000000000000e+00,0.000000000000000000e+00,0.000000000000000000e+00,0.000000000000000000e+00,0.000000000000000000e+00,0.000000000000000000e+00,0.000000000000000000e+00,0.000000000000000000e+00,0.000000000000000000e+00,0.000000000000000000e+00,0.000000000000000000e+00,0.000000000000000000e+00,0.000000000000000000e+00,0.000000000000000000e+00,0.000000000000000000e+00,0.000000000000000000e+00,0.000000000000000000e+00,0.000000000000000000e+00,0.000000000000000000e+00,0.000000000000000000e+00,0.000000000000000000e+00,0.000000000000000000e+00,0.000000000000000000e+00,0.000000000000000000e+00,0.000000000000000000e+00,0.000000000000000000e+00,0.000000000000000000e+00,0.000000000000000000e+00,0.000000000000000000e+00,0.000000000000000000e+00,0.000000000000000000e+00,0.000000000000000000e+00,0.000000000000000000e+00,0.000000000000000000e+00,0.000000000000000000e+00,0.000000000000000000e+00,0.000000000000000000e+00,0.000000000000000000e+00,0.000000000000000000e+00,0.000000000000000000e+00,0.000000000000000000e+00,0.000000000000000000e+00
FC_AoA_,4.000000000000000000e+00
FC_Beta_,0.000000000000000000e+00
FC_Bref_,1.639999999999999858e+01
FC_Cref_,1.881000000000000005e+00
FC_Mach_,2.030000000000000138e-01
FC_Pitch_Rate,0.000000000000000000e+00
FC_Rho_,2.377000000000000206e-03
FC_Roll__Rate,0.000000000000000000e+00
FC_Sref_,3.000000340000000065e+01
FC_Vinf_,1.000000000000000000e+02
FC_Xcg_,3.750000000000000000e+00
FC_Yaw___Rate,0.000000000000000000e+00
FC_Ycg_,0.000000000000000000e+00
FC_Zcg_,0.000000000000000000e+00
FOM,0.000000000000000000e+00,0.000000000000000000e+00,0.000000000000000000e+00,0.000000000000000000e+00,0.000000000000000000e+00,0.000000000000000000e+00,0.000000000000000000e+00,0.000000000000000000e+00,0.000000000000000000e+00,0.000000000000000000e+00,0.000000000000000000e+00,0.000000000000000000e+00,0.000000000000000000e+00,0.000000000000000000e+00,0.000000000000000000e+00,0.000000000000000000e+00,0.000000000000000000e+00,0.000000000000000000e+00,0.000000000000000000e+00,0.000000000000000000e+00,0.000000000000000000e+00,0.000000000000000000e+00,0.000000000000000000e+00,0.000000000000000000e+00,0.000000000000000000e+00,0.000000000000000000e+00,0.000000000000000000e+00,0.000000000000000000e+00,0.000000000000000000e+00,0.000000000000000000e+00,0.000000000000000000e+00,0.000000000000000000e+00,0.000000000000000000e+00,0.000000000000000000e+00,0.000000000000000000e+00,0.000000000000000000e+00,0.000000000000000000e+00,0.000000000000000000e+00,0.000000000000000000e+00,0.000000000000000000e+00,0.000000000000000000e+00,0.000000000000000000e+00,0.000000000000000000e+00,0.000000000000000000e+00,0.000000000000000000e+00,0.000000000000000000e+00,0.000000000000000000e+00,0.000000000000000000e+00,0.000000000000000000e+00,0.000000000000000000e+00,0.000000000000000000e+00,0.000000000000000000e+00,0.000000000000000000e+00,0.000000000000000000e+00,0.000000000000000000e+00,0.000000000000000000e+00,0.000000000000000000e+00,0.000000000000000000e+00,0.000000000000000000e+00,0.000000000000000000e+00,0.000000000000000000e+00,0.000000000000000000e+00,0.000000000000000000e+00,0.000000000000000000e+00,0.000000000000000000e+00,0.000000000000000000e+00,0.000000000000000000e+00,0.000000000000000000e+00,0.000000000000000000e+00,0.000000000000000000e+00,0.000000000000000000e+00,0.000000000000000000e+00,0.000000000000000000e+00,0.000000000000000000e+00,0.000000000000000000e+00,0.000000000000000000e+00,0.000000000000000000e+00,0.000000000000000000e+00,0.000000000000000000e+00,0.000000000000000000e+00,0.000000000000000000e+00,0.000000000000000000e+00,0.000000000000000000e+00,0.000000000000000000e+00,0.000000000000000000e+00,0.000000000000000000e+00,0.000000000000000000e+00,0.000000000000000000e+00,0.000000000000000000e+00,0.000000000000000000e+00,0.000000000000000000e+00,0.000000000000000000e+00,0.000000000000000000e+00,0.000000000000000000e+00,0.000000000000000000e+00,0.000000000000000000e+00,0.000000000000000000e+00,0.000000000000000000e+00,0.000000000000000000e+00,0.000000000000000000e+00,0.000000000000000000e+00,0.000000000000000000e+00,0.000000000000000000e+00,0.000000000000000000e+00,0.000000000000000000e+00,0.000000000000000000e+00,0.000000000000000000e+00,0.000000000000000000e+00,0.000000000000000000e+00,0.000000000000000000e+00,0.000000000000000000e+00,0.000000000000000000e+00,0.000000000000000000e+00,0.000000000000000000e+00,0.000000000000000000e+00,0.000000000000000000e+00,0.000000000000000000e+00,0.000000000000000000e+00,0.000000000000000000e+00,0.000000000000000000e+00,0.000000000000000000e+00,0.000000000000000000e+00,0.000000000000000000e+00,0.000000000000000000e+00,0.000000000000000000e+00,0.000000000000000000e+00,0.000000000000000000e+00,0.000000000000000000e+00,0.000000000000000000e+00,0.000000000000000000e+00,0.000000000000000000e+00,0.000000000000000000e+00,0.000000000000000000e+00,0.000000000000000000e+00,0.000000000000000000e+00,0.000000000000000000e+00,0.000000000000000000e+00,0.000000000000000000e+00,0.000000000000000000e+00,0.000000000000000000e+00,0.000000000000000000e+00,0.000000000000000000e+00,0.000000000000000000e+00,0.000000000000000000e+00,0.000000000000000000e+00,0.000000000000000000e+00,0.000000000000000000e+00,0.000000000000000000e+00,0.000000000000000000e+00,0.000000000000000000e+00,0.000000000000000000e+00,0.000000000000000000e+00,0.000000000000000000e+00,0.000000000000000000e+00,0.000000000000000000e+00,0.000000000000000000e+00,0.000000000000000000e+00,0.000000000000000000e+00,0.000000000000000000e+00,0.000000000000000000e+00,0.000000000000000000e+00,0.000000000000000000e+00,0.000000000000000000e+00,0.000000000000000000e+00,0.000000000000000000e+00,0.000000000000000000e+00,0.000000000000000000e+00,0.000000000000000000e+00,0.000000000000000000e+00,0.000000000000000000e+00,0.000000000000000000e+00,0.000000000000000000e+00,0.000000000000000000e+00,0.000000000000000000e+00,0.000000000000000000e+00,0.000000000000000000e+00,0.000000000000000000e+00,0.000000000000000000e+00,0.000000000000000000e+00,0.000000000000000000e+00,0.000000000000000000e+00,0.000000000000000000e+00,0.000000000000000000e+00,0.000000000000000000e+00,0.000000000000000000e+00,0.000000000000000000e+00,0.000000000000000000e+00,0.000000000000000000e+00,0.000000000000000000e+00,0.000000000000000000e+00,0.000000000000000000e+00,0.000000000000000000e+00,0.000000000000000000e+00,0.000000000000000000e+00,0.000000000000000000e+00,0.000000000000000000e+00,0.000000000000000000e+00,0.000000000000000000e+00,0.000000000000000000e+00,0.000000000000000000e+00,0.000000000000000000e+00,0.000000000000000000e+00,0.000000000000000000e+00,0.000000000000000000e+00,0.000000000000000000e+00,0.000000000000000000e+00,0.000000000000000000e+00,0.000000000000000000e+00,0.000000000000000000e+00,0.000000000000000000e+00,0.000000000000000000e+00,0.000000000000000000e+00,0.000000000000000000e+00,0.000000000000000000e+00,0.000000000000000000e+00,0.000000000000000000e+00,0.000000000000000000e+00,0.000000000000000000e+00,0.000000000000000000e+00,0.000000000000000000e+00,0.000000000000000000e+00,0.000000000000000000e+00,0.000000000000000000e+00,0.000000000000000000e+00,0.000000000000000000e+00,0.000000000000000000e+00,0.000000000000000000e+00,0.000000000000000000e+00
IsARotor,0,0,0,0,0,0,0,0,0,0,0,0,0,0,0,0,0,0,0,0,0,0,0,0,0,0,0,0,0,0,0,0,0,0,0,0,0,0,0,0,0,0,0,0,0,0,0,0,0,0,0,0,0,0,0,0,0,0,0,0,0,0,0,0,0,0,0,0,0,0,0,0,0,0,0,0,0,0,0,0,0,0,0,0,0,0,0,0,0,0,0,0,0,0,0,0,0,0,0,0,0,0,0,0,0,0,0,0,0,0,0,0,0,0,0,0,0,0,0,0,0,0,0,0,0,0,0,0,0,0,0,0,0,0,0,0,0,0,0,0,0,0,0,0,0,0,0,0,0,0,0,0,0,0,0,0,0,0,0,0,0,0,0,0,0,0,0,0,0,0,0,0,0,0,0,0,0,0,0,0,0,0,0,0,0,0,0,0,0,0,0,0,0,0,0,0,0,0,0,0,0,0,0,0,0,0,0,0,0,0,0,0,0,0,0,0,0,0,0,0,0,0,0,0,0,0,0,0
Iter,20,20,20,20,20,20,20,20,20,20,20,20,20,20,20,20,20,20,20,20,20,20,20,20,20,20,20,20,20,20,20,20,20,20,20,20,20,20,20,20,20,20,20,20,20,20,20,20,20,20,20,20,20,20,20,20,20,20,20,20,20,20,20,20,20,20,20,20,20,20,20,20,20,20,20,20,20,20,20,20,20,20,20,20,20,20,20,20,20,20,20,20,20,20,20,20,20,20,20,20,20,20,20,20,20,20,20,20,20,20,20,20,20,20,20,20,20,20,20,20,20,20,20,20,20,20,20,20,20,20,20,20,20,20,20,20,20,20,20,20,20,20,20,20,20,20,20,20,20,20,20,20,20,20,20,20,20,20,20,20,20,20,20,20,20,20,20,20,20,20,20,20,20,20,20,20,20,20,20,20,20,20,20,20,20,20,20,20,20,20,20,20,20,20,20,20,20,20,20,20,20,20,20,20,20,20,20,20,20,20,20,20,20,20,20,20,20,20,20,20,20,20,20,20,20,20,20,20
J,0.000000000000000000e+00,0.000000000000000000e+00,0.000000000000000000e+00,0.000000000000000000e+00,0.000000000000000000e+00,0.000000000000000000e+00,0.000000000000000000e+00,0.000000000000000000e+00,0.000000000000000000e+00,0.000000000000000000e+00,0.000000000000000000e+00,0.000000000000000000e+00,0.000000000000000000e+00,0.000000000000000000e+00,0.000000000000000000e+00,0.000000000000000000e+00,0.000000000000000000e+00,0.000000000000000000e+00,0.000000000000000000e+00,0.000000000000000000e+00,0.000000000000000000e+00,0.000000000000000000e+00,0.000000000000000000e+00,0.000000000000000000e+00,0.000000000000000000e+00,0.000000000000000000e+00,0.000000000000000000e+00,0.000000000000000000e+00,0.000000000000000000e+00,0.000000000000000000e+00,0.000000000000000000e+00,0.000000000000000000e+00,0.000000000000000000e+00,0.000000000000000000e+00,0.000000000000000000e+00,0.000000000000000000e+00,0.000000000000000000e+00,0.000000000000000000e+00,0.000000000000000000e+00,0.000000000000000000e+00,0.000000000000000000e+00,0.000000000000000000e+00,0.000000000000000000e+00,0.000000000000000000e+00,0.000000000000000000e+00,0.000000000000000000e+00,0.000000000000000000e+00,0.000000000000000000e+00,0.000000000000000000e+00,0.000000000000000000e+00,0.000000000000000000e+00,0.000000000000000000e+00,0.000000000000000000e+00,0.000000000000000000e+00,0.000000000000000000e+00,0.000000000000000000e+00,0.000000000000000000e+00,0.000000000000000000e+00,0.000000000000000000e+00,0.000000000000000000e+00,0.000000000000000000e+00,0.000000000000000000e+00,0.000000000000000000e+00,0.000000000000000000e+00,0.000000000000000000e+00,0.000000000000000000e+00,0.000000000000000000e+00,0.000000000000000000e+00,0.000000000000000000e+00,0.000000000000000000e+00,0.000000000000000000e+00,0.000000000000000000e+00,0.000000000000000000e+00,0.000000000000000000e+00,0.000000000000000000e+00,0.000000000000000000e+00,0.000000000000000000e+00,0.000000000000000000e+00,0.000000000000000000e+00,0.000000000000000000e+00,0.000000000000000000e+00,0.000000000000000000e+00,0.000000000000000000e+00,0.000000000000000000e+00,0.000000000000000000e+00,0.000000000000000000e+00,0.000000000000000000e+00,0.000000000000000000e+00,0.000000000000000000e+00,0.000000000000000000e+00,0.000000000000000000e+00,0.000000000000000000e+00,0.000000000000000000e+00,0.000000000000000000e+00,0.000000000000000000e+00,0.000000000000000000e+00,0.000000000000000000e+00,0.000000000000000000e+00,0.000000000000000000e+00,0.000000000000000000e+00,0.000000000000000000e+00,0.000000000000000000e+00,0.000000000000000000e+00,0.000000000000000000e+00,0.000000000000000000e+00,0.000000000000000000e+00,0.000000000000000000e+00,0.000000000000000000e+00,0.000000000000000000e+00,0.000000000000000000e+00,0.000000000000000000e+00,0.000000000000000000e+00,0.000000000000000000e+00,0.000000000000000000e+00,0.000000000000000000e+00,0.000000000000000000e+00,0.000000000000000000e+00,0.000000000000000000e+00,0.000000000000000000e+00,0.000000000000000000e+00,0.000000000000000000e+00,0.000000000000000000e+00,0.000000000000000000e+00,0.000000000000000000e+00,0.000000000000000000e+00,0.000000000000000000e+00,0.000000000000000000e+00,0.000000000000000000e+00,0.000000000000000000e+00,0.000000000000000000e+00,0.000000000000000000e+00,0.000000000000000000e+00,0.000000000000000000e+00,0.000000000000000000e+00,0.000000000000000000e+00,0.000000000000000000e+00,0.000000000000000000e+00,0.000000000000000000e+00,0.000000000000000000e+00,0.000000000000000000e+00,0.000000000000000000e+00,0.000000000000000000e+00,0.000000000000000000e+00,0.000000000000000000e+00,0.000000000000000000e+00,0.000000000000000000e+00,0.000000000000000000e+00,0.000000000000000000e+00,0.000000000000000000e+00,0.000000000000000000e+00,0.000000000000000000e+00,0.000000000000000000e+00,0.000000000000000000e+00,0.000000000000000000e+00,0.000000000000000000e+00,0.000000000000000000e+00,0.000000000000000000e+00,0.000000000000000000e+00,0.000000000000000000e+00,0.000000000000000000e+00,0.000000000000000000e+00,0.000000000000000000e+00,0.000000000000000000e+00,0.000000000000000000e+00,0.000000000000000000e+00,0.000000000000000000e+00,0.000000000000000000e+00,0.000000000000000000e+00,0.000000000000000000e+00,0.000000000000000000e+00,0.000000000000000000e+00,0.000000000000000000e+00,0.000000000000000000e+00,0.000000000000000000e+00,0.000000000000000000e+00,0.000000000000000000e+00,0.000000000000000000e+00,0.000000000000000000e+00,0.000000000000000000e+00,0.000000000000000000e+00,0.000000000000000000e+00,0.000000000000000000e+00,0.000000000000000000e+00,0.000000000000000000e+00,0.000000000000000000e+00,0.000000000000000000e+00,0.000000000000000000e+00,0.000000000000000000e+00,0.000000000000000000e+00,0.000000000000000000e+00,0.000000000000000000e+00,0.000000000000000000e+00,0.000000000000000000e+00,0.000000000000000000e+00,0.000000000000000000e+00,0.000000000000000000e+00,0.000000000000000000e+00,0.000000000000000000e+00,0.000000000000000000e+00,0.000000000000000000e+00,0.000000000000000000e+00,0.000000000000000000e+00,0.000000000000000000e+00,0.000000000000000000e+00,0.000000000000000000e+00,0.000000000000000000e+00,0.000000000000000000e+00,0.000000000000000000e+00,0.000000000000000000e+00,0.000000000000000000e+00,0.000000000000000000e+00,0.000000000000000000e+00,0.000000000000000000e+00,0.000000000000000000e+00,0.000000000000000000e+00,0.000000000000000000e+00,0.000000000000000000e+00,0.000000000000000000e+00,0.000000000000000000e+00,0.000000000000000000e+00,0.000000000000000000e+00,0.000000000000000000e+00,0.000000000000000000e+00,0.000000000000000000e+00,0.000000000000000000e+00,0.000000000000000000e+00,0.000000000000000000e+00,0.000000000000000000e+00
Moment,0.000000000000000000e+00,0.000000000000000000e+00,0.000000000000000000e+00,0.000000000000000000e+00,0.000000000000000000e+00,0.000000000000000000e+00,0.000000000000000000e+00,0.000000000000000000e+00,0.000000000000000000e+00,0.000000000000000000e+00,0.000000000000000000e+00,0.000000000000000000e+00,0.000000000000000000e+00,0.000000000000000000e+00,0.000000000000000000e+00,0.000000000000000000e+00,0.000000000000000000e+00,0.000000000000000000e+00,0.000000000000000000e+00,0.000000000000000000e+00,0.000000000000000000e+00,0.000000000000000000e+00,0.000000000000000000e+00,0.000000000000000000e+00,0.000000000000000000e+00,0.000000000000000000e+00,0.000000000000000000e+00,0.000000000000000000e+00,0.000000000000000000e+00,0.000000000000000000e+00,0.000000000000000000e+00,0.000000000000000000e+00,0.000000000000000000e+00,0.000000000000000000e+00,0.000000000000000000e+00,0.000000000000000000e+00,0.000000000000000000e+00,0.000000000000000000e+00,0.000000000000000000e+00,0.000000000000000000e+00,0.000000000000000000e+00,0.000000000000000000e+00,0.000000000000000000e+00,0.000000000000000000e+00,0.000000000000000000e+00,0.000000000000000000e+00,0.000000000000000000e+00,0.000000000000000000e+00,0.000000000000000000e+00,0.000000000000000000e+00,0.000000000000000000e+00,0.000000000000000000e+00,0.000000000000000000e+00,0.000000000000000000e+00,0.000000000000000000e+00,0.000000000000000000e+00,0.000000000000000000e+00,0.000000000000000000e+00,0.000000000000000000e+00,0.000000000000000000e+00,0.000000000000000000e+00,0.000000000000000000e+00,0.000000000000000000e+00,0.000000000000000000e+00,0.000000000000000000e+00,0.000000000000000000e+00,0.000000000000000000e+00,0.000000000000000000e+00,0.000000000000000000e+00,0.000000000000000000e+00,0.000000000000000000e+00,0.000000000000000000e+00,0.000000000000000000e+00,0.000000000000000000e+00,0.000000000000000000e+00,0.000000000000000000e+00,0.000000000000000000e+00,0.000000000000000000e+00,0.000000000000000000e+00,0.000000000000000000e+00,0.000000000000000000e+00,0.000000000000000000e+00,0.000000000000000000e+00,0.000000000000000000e+00,0.000000000000000000e+00,0.000000000000000000e+00,0.000000000000000000e+00,0.000000000000000000e+00,0.000000000000000000e+00,0.000000000000000000e+00,0.000000000000000000e+00,0.000000000000000000e+00,0.000000000000000000e+00,0.000000000000000000e+00,0.000000000000000000e+00,0.000000000000000000e+00,0.000000000000000000e+00,0.000000000000000000e+00,0.000000000000000000e+00,0.000000000000000000e+00,0.000000000000000000e+00,0.000000000000000000e+00,0.000000000000000000e+00,0.000000000000000000e+00,0.000000000000000000e+00,0.000000000000000000e+00,0.000000000000000000e+00,0.000000000000000000e+00,0.000000000000000000e+00,0.000000000000000000e+00,0.000000000000000000e+00,0.000000000000000000e+00,0.000000000000000000e+00,0.000000000000000000e+00,0.000000000000000000e+00,0.000000000000000000e+00,0.000000000000000000e+00,0.000000000000000000e+00,0.000000000000000000e+00,0.000000000000000000e+00,0.000000000000000000e+00,0.000000000000000000e+00,0.000000000000000000e+00,0.000000000000000000e+00,0.000000000000000000e+00,0.000000000000000000e+00,0.000000000000000000e+00,0.000000000000000000e+00,0.000000000000000000e+00,0.000000000000000000e+00,0.000000000000000000e+00,0.000000000000000000e+00,0.000000000000000000e+00,0.000000000000000000e+00,0.000000000000000000e+00,0.000000000000000000e+00,0.000000000000000000e+00,0.000000000000000000e+00,0.000000000000000000e+00,0.000000000000000000e+00,0.000000000000000000e+00,0.000000000000000000e+00,0.000000000000000000e+00,0.000000000000000000e+00,0.000000000000000000e+00,0.000000000000000000e+00,0.000000000000000000e+00,0.000000000000000000e+00,0.000000000000000000e+00,0.000000000000000000e+00,0.000000000000000000e+00,0.000000000000000000e+00,0.000000000000000000e+00,0.000000000000000000e+00,0.000000000000000000e+00,0.000000000000000000e+00,0.000000000000000000e+00,0.000000000000000000e+00,0.000000000000000000e+00,0.000000000000000000e+00,0.000000000000000000e+00,0.000000000000000000e+00,0.000000000000000000e+00,0.000000000000000000e+00,0.000000000000000000e+00,0.000000000000000000e+00,0.000000000000000000e+00,0.000000000000000000e+00,0.000000000000000000e+00,0.000000000000000000e+00,0.000000000000000000e+00,0.000000000000000000e+00,0.000000000000000000e+00,0.000000000000000000e+00,0.000000000000000000e+00,0.000000000000000000e+00,0.000000000000000000e+00,0.000000000000000000e+00,0.000000000000000000e+00,0.000000000000000000e+00,0.000000000000000000e+00,0.000000000000000000e+00,0.000000000000000000e+00,0.000000000000000000e+00,0.000000000000000000e+00,0.000000000000000000e+00,0.000000000000000000e+00,0.000000000000000000e+00,0.000000000000000000e+00,0.000000000000000000e+00,0.000000000000000000e+00,0.000000000000000000e+00,0.000000000000000000e+00,0.000000000000000000e+00,0.000000000000000000e+00,0.000000000000000000e+00,0.000000000000000000e+00,0.000000000000000000e+00,0.000000000000000000e+00,0.000000000000000000e+00,0.000000000000000000e+00,0.000000000000000000e+00,0.000000000000000000e+00,0.000000000000000000e+00,0.000000000000000000e+00,0.000000000000000000e+00,0.000000000000000000e+00,0.000000000000000000e+00,0.000000000000000000e+00,0.000000000000000000e+00,0.000000000000000000e+00,0.000000000000000000e+00,0.000000000000000000e+00,0.000000000000000000e+00,0.000000000000000000e+00,0.000000000000000000e+00,0.000000000000000000e+00,0.000000000000000000e+00,0.000000000000000000e+00,0.000000000000000000e+00,0.000000000000000000e+00,0.000000000000000000e+00,0.000000000000000000e+00,0.000000000000000000e+00,0.000000000000000000e+00,0.000000000000000000e+00,0.000000000000000000e+00,0.000000000000000000e+00
Momenti,0.000000000000000000e+00,0.000000000000000000e+00,0.000000000000000000e+00,0.000000000000000000e+00,0.000000000000000000e+00,0.000000000000000000e+00,0.000000000000000000e+00,0.000000000000000000e+00,0.000000000000000000e+00,0.000000000000000000e+00,0.000000000000000000e+00,0.000000000000000000e+00,0.000000000000000000e+00,0.000000000000000000e+00,0.000000000000000000e+00,0.000000000000000000e+00,0.000000000000000000e+00,0.000000000000000000e+00,0.000000000000000000e+00,0.000000000000000000e+00,0.000000000000000000e+00,0.000000000000000000e+00,0.000000000000000000e+00,0.000000000000000000e+00,0.000000000000000000e+00,0.000000000000000000e+00,0.000000000000000000e+00,0.000000000000000000e+00,0.000000000000000000e+00,0.000000000000000000e+00,0.000000000000000000e+00,0.000000000000000000e+00,0.000000000000000000e+00,0.000000000000000000e+00,0.000000000000000000e+00,0.000000000000000000e+00,0.000000000000000000e+00,0.000000000000000000e+00,0.000000000000000000e+00,0.000000000000000000e+00,0.000000000000000000e+00,0.000000000000000000e+00,0.000000000000000000e+00,0.000000000000000000e+00,0.000000000000000000e+00,0.000000000000000000e+00,0.000000000000000000e+00,0.000000000000000000e+00,0.000000000000000000e+00,0.000000000000000000e+00,0.000000000000000000e+00,0.000000000000000000e+00,0.000000000000000000e+00,0.000000000000000000e+00,0.000000000000000000e+00,0.000000000000000000e+00,0.000000000000000000e+00,0.000000000000000000e+00,0.000000000000000000e+00,0.000000000000000000e+00,0.000000000000000000e+00,0.000000000000000000e+00,0.000000000000000000e+00,0.000000000000000000e+00,0.000000000000000000e+00,0.000000000000000000e+00,0.000000000000000000e+00,0.000000000000000000e+00,0.000000000000000000e+00,0.000000000000000000e+00,0.000000000000000000e+00,0.000000000000000000e+00,0.000000000000000000e+00,0.000000000000000000e+00,0.000000000000000000e+00,0.000000000000000000e+00,0.000000000000000000e+00,0.000000000000000000e+00,0.000000000000000000e+00,0.000000000000000000e+00,0.000000000000000000e+00,0.000000000000000000e+00,0.000000000000000000e+00,0.000000000000000000e+00,0.000000000000000000e+00,0.000000000000000000e+00,0.000000000000000000e+00,0.000000000000000000e+00,0.000000000000000000e+00,0.000000000000000000e+00,0.000000000000000000e+00,0.000000000000000000e+00,0.000000000000000000e+00,0.000000000000000000e+00,0.000000000000000000e+00,0.000000000000000000e+00,0.000000000000000000e+00,0.000000000000000000e+00,0.000000000000000000e+00,0.000000000000000000e+00,0.000000000000000000e+00,0.000000000000000000e+00,0.000000000000000000e+00,0.000000000000000000e+00,0.000000000000000000e+00,0.000000000000000000e+00,0.000000000000000000e+00,0.000000000000000000e+00,0.000000000000000000e+00,0.000000000000000000e+00,0.000000000000000000e+00,0.000000000000000000e+00,0.000000000000000000e+00,0.000000000000000000e+00,0.000000000000000000e+00,0.000000000000000000e+00,0.000000000000000000e+00,0.000000000000000000e+00,0.000000000000000000e+00,0.000000000000000000e+00,0.000000000000000000e+00,0.000000000000000000e+00,0.000000000000000000e+00,0.000000000000000000e+00,0.000000000000000000e+00,0.000000000000000000e+00,0.000000000000000000e+00,0.000000000000000000e+00,0.000000000000000000e+00,0.000000000000000000e+00,0.000000000000000000e+00,0.000000000000000000e+00,0.000000000000000000e+00,0.000000000000000000e+00,0.000000000000000000e+00,0.000000000000000000e+00,0.000000000000000000e+00,0.000000000000000000e+00,0.000000000000000000e+00,0.000000000000000000e+00,0.000000000000000000e+00,0.000000000000000000e+00,0.000000000000000000e+00,0.000000000000000000e+00,0.000000000000000000e+00,0.000000000000000000e+00,0.000000000000000000e+00,0.000000000000000000e+00,0.000000000000000000e+00,0.000000000000000000e+00,0.000000000000000000e+00,0.000000000000000000e+00,0.000000000000000000e+00,0.000000000000000000e+00,0.000000000000000000e+00,0.000000000000000000e+00,0.000000000000000000e+00,0.000000000000000000e+00,0.000000000000000000e+00,0.000000000000000000e+00,0.000000000000000000e+00,0.000000000000000000e+00,0.000000000000000000e+00,0.000000000000000000e+00,0.000000000000000000e+00,0.000000000000000000e+00,0.000000000000000000e+00,0.000000000000000000e+00,0.000000000000000000e+00,0.000000000000000000e+00,0.000000000000000000e+00,0.000000000000000000e+00,0.000000000000000000e+00,0.000000000000000000e+00,0.000000000000000000e+00,0.000000000000000000e+00,0.000000000000000000e+00,0.000000000000000000e+00,0.000000000000000000e+00,0.000000000000000000e+00,0.000000000000000000e+00,0.000000000000000000e+00,0.000000000000000000e+00,0.000000000000000000e+00,0.000000000000000000e+00,0.000000000000000000e+00,0.000000000000000000e+00,0.000000000000000000e+00,0.000000000000000000e+00,0.000000000000000000e+00,0.000000000000000000e+00,0.000000000000000000e+00,0.000000000000000000e+00,0.000000000000000000e+00,0.000000000000000000e+00,0.000000000000000000e+00,0.000000000000000000e+00,0.000000000000000000e+00,0.000000000000000000e+00,0.000000000000000000e+00,0.000000000000000000e+00,0.000000000000000000e+00,0.000000000000000000e+00,0.000000000000000000e+00,0.000000000000000000e+00,0.000000000000000000e+00,0.000000000000000000e+00,0.000000000000000000e+00,0.000000000000000000e+00,0.000000000000000000e+00,0.000000000000000000e+00,0.000000000000000000e+00,0.000000000000000000e+00,0.000000000000000000e+00,0.000000000000000000e+00,0.000000000000000000e+00,0.000000000000000000e+00,0.000000000000000000e+00,0.000000000000000000e+00,0.000000000000000000e+00,0.000000000000000000e+00,0.000000000000000000e+00,0.000000000000000000e+00,0.000000000000000000e+00,0.000000000000000000e+00,0.000000000000000000e+00,0.000000000000000000e+00,0.000000000000000000e+00
Momento,0.000000000000000000e+00,0.000000000000000000e+00,0.000000000000000000e+00,0.000000000000000000e+00,0.000000000000000000e+00,0.000000000000000000e+00,0.000000000000000000e+00,0.000000000000000000e+00,0.000000000000000000e+00,0.000000000000000000e+00,0.000000000000000000e+00,0.000000000000000000e+00,0.000000000000000000e+00,0.000000000000000000e+00,0.000000000000000000e+00,0.000000000000000000e+00,0.000000000000000000e+00,0.000000000000000000e+00,0.000000000000000000e+00,0.000000000000000000e+00,0.000000000000000000e+00,0.000000000000000000e+00,0.000000000000000000e+00,0.000000000000000000e+00,0.000000000000000000e+00,0.000000000000000000e+00,0.000000000000000000e+00,0.000000000000000000e+00,0.000000000000000000e+00,0.000000000000000000e+00,0.000000000000000000e+00,0.000000000000000000e+00,0.000000000000000000e+00,0.000000000000000000e+00,0.000000000000000000e+00,0.000000000000000000e+00,0.000000000000000000e+00,0.000000000000000000e+00,0.000000000000000000e+00,0.000000000000000000e+00,0.000000000000000000e+00,0.000000000000000000e+00,0.000000000000000000e+00,0.000000000000000000e+00,0.000000000000000000e+00,0.000000000000000000e+00,0.000000000000000000e+00,0.000000000000000000e+00,0.000000000000000000e+00,0.000000000000000000e+00,0.000000000000000000e+00,0.000000000000000000e+00,0.000000000000000000e+00,0.000000000000000000e+00,0.000000000000000000e+00,0.000000000000000000e+00,0.000000000000000000e+00,0.000000000000000000e+00,0.000000000000000000e+00,0.000000000000000000e+00,0.000000000000000000e+00,0.000000000000000000e+00,0.000000000000000000e+00,0.000000000000000000e+00,0.000000000000000000e+00,0.000000000000000000e+00,0.000000000000000000e+00,0.000000000000000000e+00,0.000000000000000000e+00,0.000000000000000000e+00,0.000000000000000000e+00,0.000000000000000000e+00,0.000000000000000000e+00,0.000000000000000000e+00,0.000000000000000000e+00,0.000000000000000000e+00,0.000000000000000000e+00,0.000000000000000000e+00,0.000000000000000000e+00,0.000000000000000000e+00,0.000000000000000000e+00,0.000000000000000000e+00,0.000000000000000000e+00,0.000000000000000000e+00,0.000000000000000000e+00,0.000000000000000000e+00,0.000000000000000000e+00,0.000000000000000000e+00,0.000000000000000000e+00,0.000000000000000000e+00,0.000000000000000000e+00,0.000000000000000000e+00,0.000000000000000000e+00,0.000000000000000000e+00,0.000000000000000000e+00,0.000000000000000000e+00,0.000000000000000000e+00,0.000000000000000000e+00,0.000000000000000000e+00,0.000000000000000000e+00,0.000000000000000000e+00,0.000000000000000000e+00,0.000000000000000000e+00,0.000000000000000000e+00,0.000000000000000000e+00,0.000000000000000000e+00,0.000000000000000000e+00,0.000000000000000000e+00,0.000000000000000000e+00,0.000000000000000000e+00,0.000000000000000000e+00,0.000000000000000000e+00,0.000000000000000000e+00,0.000000000000000000e+00,0.000000000000000000e+00,0.000000000000000000e+00,0.000000000000000000e+00,0.000000000000000000e+00,0.000000000000000000e+00,0.000000000000000000e+00,0.000000000000000000e+00,0.000000000000000000e+00,0.000000000000000000e+00,0.000000000000000000e+00,0.000000000000000000e+00,0.000000000000000000e+00,0.000000000000000000e+00,0.000000000000000000e+00,0.000000000000000000e+00,0.000000000000000000e+00,0.000000000000000000e+00,0.000000000000000000e+00,0.000000000000000000e+00,0.000000000000000000e+00,0.000000000000000000e+00,0.000000000000000000e+00,0.000000000000000000e+00,0.000000000000000000e+00,0.000000000000000000e+00,0.000000000000000000e+00,0.000000000000000000e+00,0.000000000000000000e+00,0.000000000000000000e+00,0.000000000000000000e+00,0.000000000000000000e+00,0.000000000000000000e+00,0.000000000000000000e+00,0.000000000000000000e+00,0.000000000000000000e+00,0.000000000000000000e+00,0.000000000000000000e+00,0.000000000000000000e+00,0.000000000000000000e+00,0.000000000000000000e+00,0.000000000000000000e+00,0.000000000000000000e+00,0.000000000000000000e+00,0.000000000000000000e+00,0.000000000000000000e+00,0.000000000000000000e+00,0.000000000000000000e+00,0.000000000000000000e+00,0.000000000000000000e+00,0.000000000000000000e+00,0.000000000000000000e+00,0.000000000000000000e+00,0.000000000000000000e+00,0.000000000000000000e+00,0.000000000000000000e+00,0.000000000000000000e+00,0.000000000000000000e+00,0.000000000000000000e+00,0.000000000000000000e+00,0.000000000000000000e+00,0.000000000000000000e+00,0.000000000000000000e+00,0.000000000000000000e+00,0.000000000000000000e+00,0.000000000000000000e+00,0.000000000000000000e+00,0.000000000000000000e+00,0.000000000000000000e+00,0.000000000000000000e+00,0.000000000000000000e+00,0.000000000000000000e+00,0.000000000000000000e+00,0.000000000000000000e+00,0.000000000000000000e+00,0.000000000000000000e+00,0.000000000000000000e+00,0.000000000000000000e+00,0.000000000000000000e+00,0.000000000000000000e+00,0.000000000000000000e+00,0.000000000000000000e+00,0.000000000000000000e+00,0.000000000000000000e+00,0.000000000000000000e+00,0.000000000000000000e+00,0.000000000000000000e+00,0.000000000000000000e+00,0.000000000000000000e+00,0.000000000000000000e+00,0.000000000000000000e+00,0.000000000000000000e+00,0.000000000000000000e+00,0.000000000000000000e+00,0.000000000000000000e+00,0.000000000000000000e+00,0.000000000000000000e+00,0.000000000000000000e+00,0.000000000000000000e+00,0.000000000000000000e+00,0.000000000000000000e+00,0.000000000000000000e+00,0.000000000000000000e+00,0.000000000000000000e+00,0.000000000000000000e+00,0.000000000000000000e+00,0.000000000000000000e+00,0.000000000000000000e+00,0.000000000000000000e+00,0.000000000000000000e+00,0.000000000000000000e+00,0.000000000000000000e+00,0.000000000000000000e+00,0.000000000000000000e+00,0.000000000000000000e+00
Power,0.000000000000000000e+00,0.000000000000000000e+00,0.000000000000000000e+00,0.000000000000000000e+00,0.000000000000000000e+00,0.000000000000000000e+00,0.000000000000000000e+00,0.000000000000000000e+00,0.000000000000000000e+00,0.000000000000000000e+00,0.000000000000000000e+00,0.000000000000000000e+00,0.000000000000000000e+00,0.000000000000000000e+00,0.000000000000000000e+00,0.000000000000000000e+00,0.000000000000000000e+00,0.000000000000000000e+00,0.000000000000000000e+00,0.000000000000000000e+00,0.000000000000000000e+00,0.000000000000000000e+00,0.000000000000000000e+00,0.000000000000000000e+00,0.000000000000000000e+00,0.000000000000000000e+00,0.000000000000000000e+00,0.000000000000000000e+00,0.000000000000000000e+00,0.000000000000000000e+00,0.000000000000000000e+00,0.000000000000000000e+00,0.000000000000000000e+00,0.000000000000000000e+00,0.000000000000000000e+00,0.000000000000000000e+00,0.000000000000000000e+00,0.000000000000000000e+00,0.000000000000000000e+00,0.000000000000000000e+00,0.000000000000000000e+00,0.000000000000000000e+00,0.000000000000000000e+00,0.000000000000000000e+00,0.000000000000000000e+00,0.000000000000000000e+00,0.000000000000000000e+00,0.000000000000000000e+00,0.000000000000000000e+00,0.000000000000000000e+00,0.000000000000000000e+00,0.000000000000000000e+00,0.000000000000000000e+00,0.000000000000000000e+00,0.000000000000000000e+00,0.000000000000000000e+00,0.000000000000000000e+00,0.000000000000000000e+00,0.000000000000000000e+00,0.000000000000000000e+00,0.000000000000000000e+00,0.000000000000000000e+00,0.000000000000000000e+00,0.000000000000000000e+00,0.000000000000000000e+00,0.000000000000000000e+00,0.000000000000000000e+00,0.000000000000000000e+00,0.000000000000000000e+00,0.000000000000000000e+00,0.000000000000000000e+00,0.000000000000000000e+00,0.000000000000000000e+00,0.000000000000000000e+00,0.000000000000000000e+00,0.000000000000000000e+00,0.000000000000000000e+00,0.000000000000000000e+00,0.000000000000000000e+00,0.000000000000000000e+00,0.000000000000000000e+00,0.000000000000000000e+00,0.000000000000000000e+00,0.000000000000000000e+00,0.000000000000000000e+00,0.000000000000000000e+00,0.000000000000000000e+00,0.000000000000000000e+00,0.000000000000000000e+00,0.000000000000000000e+00,0.000000000000000000e+00,0.000000000000000000e+00,0.000000000000000000e+00,0.000000000000000000e+00,0.000000000000000000e+00,0.000000000000000000e+00,0.000000000000000000e+00,0.000000000000000000e+00,0.000000000000000000e+00,0.000000000000000000e+00,0.000000000000000000e+00,0.000000000000000000e+00,0.000000000000000000e+00,0.000000000000000000e+00,0.000000000000000000e+00,0.000000000000000000e+00,0.000000000000000000e+00,0.000000000000000000e+00,0.000000000000000000e+00,0.000000000000000000e+00,0.000000000000000000e+00,0.000000000000000000e+00,0.000000000000000000e+00,0.000000000000000000e+00,0.000000000000000000e+00,0.000000000000000000e+00,0.000000000000000000e+00,0.000000000000000000e+00,0.000000000000000000e+00,0.000000000000000000e+00,0.000000000000000000e+00,0.000000000000000000e+00,0.000000000000000000e+00,0.000000000000000000e+00,0.000000000000000000e+00,0.000000000000000000e+00,0.000000000000000000e+00,0.000000000000000000e+00,0.000000000000000000e+00,0.000000000000000000e+00,0.000000000000000000e+00,0.000000000000000000e+00,0.000000000000000000e+00,0.000000000000000000e+00,0.000000000000000000e+00,0.000000000000000000e+00,0.000000000000000000e+00,0.000000000000000000e+00,0.000000000000000000e+00,0.000000000000000000e+00,0.000000000000000000e+00,0.000000000000000000e+00,0.000000000000000000e+00,0.000000000000000000e+00,0.000000000000000000e+00,0.000000000000000000e+00,0.000000000000000000e+00,0.000000000000000000e+00,0.000000000000000000e+00,0.000000000000000000e+00,0.000000000000000000e+00,0.000000000000000000e+00,0.000000000000000000e+00,0.000000000000000000e+00,0.000000000000000000e+00,0.000000000000000000e+00,0.000000000000000000e+00,0.000000000000000000e+00,0.000000000000000000e+00,0.000000000000000000e+00,0.000000000000000000e+00,0.000000000000000000e+00,0.000000000000000000e+00,0.000000000000000000e+00,0.000000000000000000e+00,0.000000000000000000e+00,0.000000000000000000e+00,0.000000000000000000e+00,0.000000000000000000e+00,0.000000000000000000e+00,0.000000000000000000e+00,0.000000000000000000e+00,0.000000000000000000e+00,0.000000000000000000e+00,0.000000000000000000e+00,0.000000000000000000e+00,0.000000000000000000e+00,0.000000000000000000e+00,0.000000000000000000e+00,0.000000000000000000e+00,0.000000000000000000e+00,0.000000000000000000e+00,0.000000000000000000e+00,0.000000000000000000e+00,0.000000000000000000e+00,0.000000000000000000e+00,0.000000000000000000e+00,0.000000000000000000e+00,0.000000000000000000e+00,0.000000000000000000e+00,0.000000000000000000e+00,0.000000000000000000e+00,0.000000000000000000e+00,0.000000000000000000e+00,0.000000000000000000e+00,0.000000000000000000e+00,0.000000000000000000e+00,0.000000000000000000e+00,0.000000000000000000e+00,0.000000000000000000e+00,0.000000000000000000e+00,0.000000000000000000e+00,0.000000000000000000e+00,0.000000000000000000e+00,0.000000000000000000e+00,0.000000000000000000e+00,0.000000000000000000e+00,0.000000000000000000e+00,0.000000000000000000e+00,0.000000000000000000e+00,0.000000000000000000e+00,0.000000000000000000e+00,0.000000000000000000e+00,0.000000000000000000e+00,0.000000000000000000e+00,0.000000000000000000e+00,0.000000000000000000e+00,0.000000000000000000e+00,0.000000000000000000e+00,0.000000000000000000e+00,0.000000000000000000e+00,0.000000000000000000e+00,0.000000000000000000e+00,0.000000000000000000e+00,0.000000000000000000e+00,0.000000000000000000e+00,0.000000000000000000e+00,0.000000000000000000e+00
Poweri,0.000000000000000000e+00,0.000000000000000000e+00,0.000000000000000000e+00,0.000000000000000000e+00,0.000000000000000000e+00,0.000000000000000000e+00,0.000000000000000000e+00,0.000000000000000000e+00,0.000000000000000000e+00,0.000000000000000000e+00,0.000000000000000000e+00,0.000000000000000000e+00,0.000000000000000000e+00,0.000000000000000000e+00,0.000000000000000000e+00,0.000000000000000000e+00,0.000000000000000000e+00,0.000000000000000000e+00,0.000000000000000000e+00,0.000000000000000000e+00,0.000000000000000000e+00,0.000000000000000000e+00,0.000000000000000000e+00,0.000000000000000000e+00,0.000000000000000000e+00,0.000000000000000000e+00,0.000000000000000000e+00,0.000000000000000000e+00,0.000000000000000000e+00,0.000000000000000000e+00,0.000000000000000000e+00,0.000000000000000000e+00,0.000000000000000000e+00,0.000000000000000000e+00,0.000000000000000000e+00,0.000000000000000000e+00,0.000000000000000000e+00,0.000000000000000000e+00,0.000000000000000000e+00,0.000000000000000000e+00,0.000000000000000000e+00,0.000000000000000000e+00,0.000000000000000000e+00,0.000000000000000000e+00,0.000000000000000000e+00,0.000000000000000000e+00,0.000000000000000000e+00,0.000000000000000000e+00,0.000000000000000000e+00,0.000000000000000000e+00,0.000000000000000000e+00,0.000000000000000000e+00,0.000000000000000000e+00,0.000000000000000000e+00,0.000000000000000000e+00,0.000000000000000000e+00,0.000000000000000000e+00,0.000000000000000000e+00,0.000000000000000000e+00,0.000000000000000000e+00,0.000000000000000000e+00,0.000000000000000000e+00,0.000000000000000000e+00,0.000000000000000000e+00,0.000000000000000000e+00,0.000000000000000000e+00,0.000000000000000000e+00,0.000000000000000000e+00,0.000000000000000000e+00,0.000000000000000000e+00,0.000000000000000000e+00,0.000000000000000000e+00,0.000000000000000000e+00,0.000000000000000000e+00,0.000000000000000000e+00,0.000000000000000000e+00,0.000000000000000000e+00,0.000000000000000000e+00,0.000000000000000000e+00,0.000000000000000000e+00,0.000000000000000000e+00,0.000000000000000000e+00,0.000000000000000000e+00,0.000000000000000000e+00,0.000000000000000000e+00,0.000000000000000000e+00,0.000000000000000000e+00,0.000000000000000000e+00,0.000000000000000000e+00,0.000000000000000000e+00,0.000000000000000000e+00,0.000000000000000000e+00,0.000000000000000000e+00,0.000000000000000000e+00,0.000000000000000000e+00,0.000000000000000000e+00,0.000000000000000000e+00,0.000000000000000000e+00,0.000000000000000000e+00,0.000000000000000000e+00,0.000000000000000000e+00,0.000000000000000000e+00,0.000000000000000000e+00,0.000000000000000000e+00,0.000000000000000000e+00,0.000000000000000000e+00,0.000000000000000000e+00,0.000000000000000000e+00,0.000000000000000000e+00,0.000000000000000000e+00,0.000000000000000000e+00,0.000000000000000000e+00,0.000000000000000000e+00,0.000000000000000000e+00,0.000000000000000000e+00,0.000000000000000000e+00,0.000000000000000000e+00,0.000000000000000000e+00,0.000000000000000000e+00,0.000000000000000000e+00,0.000000000000000000e+00,0.000000000000000000e+00,0.000000000000000000e+00,0.000000000000000000e+00,0.000000000000000000e+00,0.000000000000000000e+00,0.000000000000000000e+00,0.000000000000000000e+00,0.000000000000000000e+00,0.000000000000000000e+00,0.000000000000000000e+00,0.000000000000000000e+00,0.000000000000000000e+00,0.000000000000000000e+00,0.000000000000000000e+00,0.000000000000000000e+00,0.000000000000000000e+00,0.000000000000000000e+00,0.000000000000000000e+00,0.000000000000000000e+00,0.000000000000000000e+00,0.000000000000000000e+00,0.000000000000000000e+00,0.000000000000000000e+00,0.000000000000000000e+00,0.000000000000000000e+00,0.000000000000000000e+00,0.000000000000000000e+00,0.000000000000000000e+00,0.000000000000000000e+00,0.000000000000000000e+00,0.000000000000000000e+00,0.000000000000000000e+00,0.000000000000000000e+00,0.000000000000000000e+00,0.000000000000000000e+00,0.000000000000000000e+00,0.000000000000000000e+00,0.000000000000000000e+00,0.000000000000000000e+00,0.000000000000000000e+00,0.000000000000000000e+00,0.000000000000000000e+00,0.000000000000000000e+00,0.000000000000000000e+00,0.000000000000000000e+00,0.000000000000000000e+00,0.000000000000000000e+00,0.000000000000000000e+00,0.000000000000000000e+00,0.000000000000000000e+00,0.000000000000000000e+00,0.000000000000000000e+00,0.000000000000000000e+00,0.000000000000000000e+00,0.000000000000000000e+00,0.000000000000000000e+00,0.000000000000000000e+00,0.000000000000000000e+00,0.000000000000000000e+00,0.000000000000000000e+00,0.000000000000000000e+00,0.000000000000000000e+00,0.000000000000000000e+00,0.000000000000000000e+00,0.000000000000000000e+00,0.000000000000000000e+00,0.000000000000000000e+00,0.000000000000000000e+00,0.000000000000000000e+00,0.000000000000000000e+00,0.000000000000000000e+00,0.000000000000000000e+00,0.000000000000000000e+00,0.000000000000000000e+00,0.000000000000000000e+00,0.000000000000000000e+00,0.000000000000000000e+00,0.000000000000000000e+00,0.000000000000000000e+00,0.000000000000000000e+00,0.000000000000000000e+00,0.000000000000000000e+00,0.000000000000000000e+00,0.000000000000000000e+00,0.000000000000000000e+00,0.000000000000000000e+00,0.000000000000000000e+00,0.000000000000000000e+00,0.000000000000000000e+00,0.000000000000000000e+00,0.000000000000000000e+00,0.000000000000000000e+00,0.000000000000000000e+00,0.000000000000000000e+00,0.000000000000000000e+00,0.000000000000000000e+00,0.000000000000000000e+00,0.000000000000000000e+00,0.000000000000000000e+00,0.000000000000000000e+00,0.000000000000000000e+00,0.000000000000000000e+00,0.000000000000000000e+00,0.000000000000000000e+00,0.000000000000000000e+00,0.000000000000000000e+00,0.000000000000000000e+00
Powero,0.000000000000000000e+00,0.000000000000000000e+00,0.000000000000000000e+00,0.000000000000000000e+00,0.000000000000000000e+00,0.000000000000000000e+00,0.000000000000000000e+00,0.000000000000000000e+00,0.000000000000000000e+00,0.000000000000000000e+00,0.000000000000000000e+00,0.000000000000000000e+00,0.000000000000000000e+00,0.000000000000000000e+00,0.000000000000000000e+00,0.000000000000000000e+00,0.000000000000000000e+00,0.000000000000000000e+00,0.000000000000000000e+00,0.000000000000000000e+00,0.000000000000000000e+00,0.000000000000000000e+00,0.000000000000000000e+00,0.000000000000000000e+00,0.000000000000000000e+00,0.000000000000000000e+00,0.000000000000000000e+00,0.000000000000000000e+00,0.000000000000000000e+00,0.000000000000000000e+00,0.000000000000000000e+00,0.000000000000000000e+00,0.000000000000000000e+00,0.000000000000000000e+00,0.000000000000000000e+00,0.000000000000000000e+00,0.000000000000000000e+00,0.000000000000000000e+00,0.000000000000000000e+00,0.000000000000000000e+00,0.000000000000000000e+00,0.000000000000000000e+00,0.000000000000000000e+00,0.000000000000000000e+00,0.000000000000000000e+00,0.000000000000000000e+00,0.000000000000000000e+00,0.000000000000000000e+00,0.000000000000000000e+00,0.000000000000000000e+00,0.000000000000000000e+00,0.000000000000000000e+00,0.000000000000000000e+00,0.000000000000000000e+00,0.000000000000000000e+00,0.000000000000000000e+00,0.000000000000000000e+00,0.000000000000000000e+00,0.000000000000000000e+00,0.000000000000000000e+00,0.000000000000000000e+00,0.000000000000000000e+00,0.000000000000000000e+00,0.000000000000000000e+00,0.000000000000000000e+00,0.000000000000000000e+00,0.000000000000000000e+00,0.000000000000000000e+00,0.000000000000000000e+00,0.000000000000000000e+00,0.000000000000000000e+00,0.000000000000000000e+00,0.000000000000000000e+00,0.000000000000000000e+00,0.000000000000000000e+00,0.000000000000000000e+00,0.000000000000000000e+00,0.000000000000000000e+00,0.000000000000000000e+00,0.000000000000000000e+00,0.000000000000000000e+00,0.000000000000000000e+00,0.000000000000000000e+00,0.000000000000000000e+00,0.000000000000000000e+00,0.000000000000000000e+00,0.000000000000000000e+00,0.000000000000000000e+00,0.000000000000000000e+00,0.000000000000000000e+00,0.000000000000000000e+00,0.000000000000000000e+00,0.000000000000000000e+00,0.000000000000000000e+00,0.000000000000000000e+00,0.000000000000000000e+00,0.000000000000000000e+00,0.000000000000000000e+00,0.000000000000000000e+00,0.000000000000000000e+00,0.000000000000000000e+00,0.000000000000000000e+00,0.000000000000000000e+00,0.000000000000000000e+00,0.000000000000000000e+00,0.000000000000000000e+00,0.000000000000000000e+00,0.000000000000000000e+00,0.000000000000000000e+00,0.000000000000000000e+00,0.000000000000000000e+00,0.000000000000000000e+00,0.000000000000000000e+00,0.000000000000000000e+00,0.000000000000000000e+00,0.000000000000000000e+00,0.000000000000000000e+00,0.000000000000000000e+00,0.000000000000000000e+00,0.000000000000000000e+00,0.000000000000000000e+00,0.000000000000000000e+00,0.000000000000000000e+00,0.000000000000000000e+00,0.000000000000000000e+00,0.000000000000000000e+00,0.000000000000000000e+00,0.000000000000000000e+00,0.000000000000000000e+00,0.000000000000000000e+00,0.000000000000000000e+00,0.000000000000000000e+00,0.000000000000000000e+00,0.000000000000000000e+00,0.000000000000000000e+00,0.000000000000000000e+00,0.000000000000000000e+00,0.000000000000000000e+00,0.000000000000000000e+00,0.000000000000000000e+00,0.000000000000000000e+00,0.000000000000000000e+00,0.000000000000000000e+00,0.000000000000000000e+00,0.000000000000000000e+00,0.000000000000000000e+00,0.000000000000000000e+00,0.000000000000000000e+00,0.000000000000000000e+00,0.000000000000000000e+00,0.000000000000000000e+00,0.000000000000000000e+00,0.000000000000000000e+00,0.000000000000000000e+00,0.000000000000000000e+00,0.000000000000000000e+00,0.000000000000000000e+00,0.000000000000000000e+00,0.000000000000000000e+00,0.000000000000000000e+00,0.000000000000000000e+00,0.000000000000000000e+00,0.000000000000000000e+00,0.000000000000000000e+00,0.000000000000000000e+00,0.000000000000000000e+00,0.000000000000000000e+00,0.000000000000000000e+00,0.000000000000000000e+00,0.000000000000000000e+00,0.000000000000000000e+00,0.000000000000000000e+00,0.000000000000000000e+00,0.000000000000000000e+00,0.000000000000000000e+00,0.000000000000000000e+00,0.000000000000000000e+00,0.000000000000000000e+00,0.000000000000000000e+00,0.000000000000000000e+00,0.000000000000000000e+00,0.000000000000000000e+00,0.000000000000000000e+00,0.000000000000000000e+00,0.000000000000000000e+00,0.000000000000000000e+00,0.000000000000000000e+00,0.000000000000000000e+00,0.000000000000000000e+00,0.000000000000000000e+00,0.000000000000000000e+00,0.000000000000000000e+00,0.000000000000000000e+00,0.000000000000000000e+00,0.000000000000000000e+00,0.000000000000000000e+00,0.000000000000000000e+00,0.000000000000000000e+00,0.000000000000000000e+00,0.000000000000000000e+00,0.000000000000000000e+00,0.000000000000000000e+00,0.000000000000000000e+00,0.000000000000000000e+00,0.000000000000000000e+00,0.000000000000000000e+00,0.000000000000000000e+00,0.000000000000000000e+00,0.000000000000000000e+00,0.000000000000000000e+00,0.000000000000000000e+00,0.000000000000000000e+00,0.000000000000000000e+00,0.000000000000000000e+00,0.000000000000000000e+00,0.000000000000000000e+00,0.000000000000000000e+00,0.000000000000000000e+00,0.000000000000000000e+00,0.000000000000000000e+00,0.000000000000000000e+00,0.000000000000000000e+00,0.000000000000000000e+00,0.000000000000000000e+00,0.000000000000000000e+00,0.000000000000000000e+00,0.000000000000000000e+00,0.000000000000000000e+00
RPM,0.000000000000000000e+00,0.000000000000000000e+00,0.000000000000000000e+00,0.000000000000000000e+00,0.000000000000000000e+00,0.000000000000000000e+00,0.000000000000000000e+00,0.000000000000000000e+00,0.000000000000000000e+00,0.000000000000000000e+00,0.000000000000000000e+00,0.000000000000000000e+00,0.000000000000000000e+00,0.000000000000000000e+00,0.000000000000000000e+00,0.000000000000000000e+00,0.000000000000000000e+00,0.000000000000000000e+00,0.000000000000000000e+00,0.000000000000000000e+00,0.000000000000000000e+00,0.000000000000000000e+00,0.000000000000000000e+00,0.000000000000000000e+00,0.000000000000000000e+00,0.000000000000000000e+00,0.000000000000000000e+00,0.000000000000000000e+00,0.000000000000000000e+00,0.000000000000000000e+00,0.000000000000000000e+00,0.000000000000000000e+00,0.000000000000000000e+00,0.000000000000000000e+00,0.000000000000000000e+00,0.000000000000000000e+00,0.000000000000000000e+00,0.000000000000000000e+00,0.000000000000000000e+00,0.000000000000000000e+00,0.000000000000000000e+00,0.000000000000000000e+00,0.000000000000000000e+00,0.000000000000000000e+00,0.000000000000000000e+00,0.000000000000000000e+00,0.000000000000000000e+00,0.000000000000000000e+00,0.000000000000000000e+00,0.000000000000000000e+00,0.000000000000000000e+00,0.000000000000000000e+00,0.000000000000000000e+00,0.000000000000000000e+00,0.000000000000000000e+00,0.000000000000000000e+00,0.000000000000000000e+00,0.000000000000000000e+00,0.000000000000000000e+00,0.000000000000000000e+00,0.000000000000000000e+00,0.000000000000000000e+00,0.000000000000000000e+00,0.000000000000000000e+00,0.000000000000000000e+00,0.000000000000000000e+00,0.000000000000000000e+00,0.000000000000000000e+00,0.000000000000000000e+00,0.000000000000000000e+00,0.000000000000000000e+00,0.000000000000000000e+00,0.000000000000000000e+00,0.000000000000000000e+00,0.000000000000000000e+00,0.000000000000000000e+00,0.000000000000000000e+00,0.000000000000000000e+00,0.000000000000000000e+00,0.000000000000000000e+00,0.000000000000000000e+00,0.000000000000000000e+00,0.000000000000000000e+00,0.000000000000000000e+00,0.000000000000000000e+00,0.000000000000000000e+00,0.000000000000000000e+00,0.000000000000000000e+00,0.000000000000000000e+00,0.000000000000000000e+00,0.000000000000000000e+00,0.000000000000000000e+00,0.000000000000000000e+00,0.000000000000000000e+00,0.000000000000000000e+00,0.000000000000000000e+00,0.000000000000000000e+00,0.000000000000000000e+00,0.000000000000000000e+00,0.000000000000000000e+00,0.000000000000000000e+00,0.000000000000000000e+00,0.000000000000000000e+00,0.000000000000000000e+00,0.000000000000000000e+00,0.000000000000000000e+00,0.000000000000000000e+00,0.000000000000000000e+00,0.000000000000000000e+00,0.000000000000000000e+00,0.000000000000000000e+00,0.000000000000000000e+00,0.000000000000000000e+00,0.000000000000000000e+00,0.000000000000000000e+00,0.000000000000000000e+00,0.000000000000000000e+00,0.000000000000000000e+00,0.000000000000000000e+00,0.000000000000000000e+00,0.000000000000000000e+00,0.000000000000000000e+00,0.000000000000000000e+00,0.000000000000000000e+00,0.000000000000000000e+00,0.000000000000000000e+00,0.000000000000000000e+00,0.000000000000000000e+00,0.000000000000000000e+00,0.000000000000000000e+00,0.000000000000000000e+00,0.000000000000000000e+00,0.000000000000000000e+00,0.000000000000000000e+00,0.000000000000000000e+00,0.000000000000000000e+00,0.000000000000000000e+00,0.000000000000000000e+00,0.000000000000000000e+00,0.000000000000000000e+00,0.000000000000000000e+00,0.000000000000000000e+00,0.000000000000000000e+00,0.000000000000000000e+00,0.000000000000000000e+00,0.000000000000000000e+00,0.000000000000000000e+00,0.000000000000000000e+00,0.000000000000000000e+00,0.000000000000000000e+00,0.000000000000000000e+00,0.000000000000000000e+00,0.000000000000000000e+00,0.000000000000000000e+00,0.000000000000000000e+00,0.000000000000000000e+00,0.000000000000000000e+00,0.000000000000000000e+00,0.000000000000000000e+00,0.000000000000000000e+00,0.000000000000000000e+00,0.000000000000000000e+00,0.000000000000000000e+00,0.000000000000000000e+00,0.000000000000000000e+00,0.000000000000000000e+00,0.000000000000000000e+00,0.000000000000000000e+00,0.000000000000000000e+00,0.000000000000000000e+00,0.000000000000000000e+00,0.000000000000000000e+00,0.000000000000000000e+00,0.000000000000000000e+00,0.000000000000000000e+00,0.000000000000000000e+00,0.000000000000000000e+00,0.000000000000000000e+00,0.000000000000000000e+00,0.000000000000000000e+00,0.000000000000000000e+00,0.000000000000000000e+00,0.000000000000000000e+00,0.000000000000000000e+00,0.000000000000000000e+00,0.000000000000000000e+00,0.000000000000000000e+00,0.000000000000000000e+00,0.000000000000000000e+00,0.000000000000000000e+00,0.000000000000000000e+00,0.000000000000000000e+00,0.000000000000000000e+00,0.000000000000000000e+00,0.000000000000000000e+00,0.000000000000000000e+00,0.000000000000000000e+00,0.000000000000000000e+00,0.000000000000000000e+00,0.000000000000000000e+00,0.000000000000000000e+00,0.000000000000000000e+00,0.000000000000000000e+00,0.000000000000000000e+00,0.000000000000000000e+00,0.000000000000000000e+00,0.000000000000000000e+00,0.000000000000000000e+00,0.000000000000000000e+00,0.000000000000000000e+00,0.000000000000000000e+00,0.000000000000000000e+00,0.000000000000000000e+00,0.000000000000000000e+00,0.000000000000000000e+00,0.000000000000000000e+00,0.000000000000000000e+00,0.000000000000000000e+00,0.000000000000000000e+00,0.000000000000000000e+00,0.000000000000000000e+00,0.000000000000000000e+00,0.000000000000000000e+00,0.000000000000000000e+00,0.000000000000000000e+00,0.000000000000000000e+00,0.000000000000000000e+00,0.000000000000000000e+00
SoverB,4.159999999999999636e-03,1.655600000000000127e-01,3.269500000000000184e-01,4.883399999999999963e-01,6.497399999999999842e-01,8.111300000000000177e-01,9.725200000000000511e-01,1.000000000000000000e+00,4.159999999999999636e-03,1.655600000000000127e-01,3.269500000000000184e-01,4.883399999999999963e-01,6.497399999999999842e-01,8.111300000000000177e-01,9.725200000000000511e-01,1.000000000000000000e+00,4.850000000000000144e-03,1.866999999999999910e-02,3.250000000000000111e-02,4.633000000000000312e-02,6.435000000000000442e-02,8.236999999999999877e-02,1.003899999999999931e-01,1.184100000000000014e-01,1.364700000000000080e-01,1.544899999999999884e-01,1.724700000000000122e-01,1.905000000000000027e-01,2.085200000000000109e-01,2.265399999999999914e-01,2.445599999999999996e-01,2.625799999999999801e-01,2.806000000000000161e-01,2.986199999999999966e-01,3.166399999999999770e-01,3.346600000000000130e-01,3.526799999999999935e-01,3.707099999999999840e-01,3.887300000000000200e-01,4.067500000000000004e-01,4.247699999999999809e-01,4.427900000000000169e-01,4.608099999999999974e-01,4.788299999999999779e-01,4.968500000000000139e-01,5.148700000000000498e-01,5.328899999999999748e-01,5.509199999999999653e-01,5.689400000000000013e-01,5.869600000000000373e-01,6.049799999999999622e-01,6.229999999999999982e-01,6.410200000000000342e-01,6.590399999999999592e-01,6.770599999999999952e-01,6.950800000000000312e-01,6.972500000000000364e-01,6.994099999999999762e-01,7.015700000000000269e-01,7.037299999999999667e-01,7.058999999999999719e-01,7.080600000000000227e-01,7.242800000000000349e-01,7.405000000000000471e-01,7.567199999999999482e-01,7.729399999999999604e-01,7.891500000000000181e-01,8.053700000000000303e-01,8.215900000000000425e-01,8.378100000000000547e-01,8.540299999999999558e-01,8.702499999999999680e-01,8.864699999999999802e-01,9.026899999999999924e-01,9.189100000000000046e-01,9.351199999999999513e-01,9.513399999999999634e-01,9.675599999999999756e-01,9.837799999999999878e-01,1.000000000000000000e+00,4.850000000000000144e-03,1.866999999999999910e-02,3.250000000000000111e-02,4.633000000000000312e-02,6.435000000000000442e-02,8.236999999999999877e-02,1.003899999999999931e-01,1.184100000000000014e-01,1.364700000000000080e-01,1.544899999999999884e-01,1.724700000000000122e-01,1.905000000000000027e-01,2.085200000000000109e-01,2.265399999999999914e-01,2.445599999999999996e-01,2.625799999999999801e-01,2.806000000000000161e-01,2.986199999999999966e-01,3.166399999999999770e-01,3.346600000000000130e-01,3.526799999999999935e-01,3.707099999999999840e-01,3.887300000000000200e-01,4.067500000000000004e-01,4.247699999999999809e-01,4.427900000000000169e-01,4.608099999999999974e-01,4.788299999999999779e-01,4.968500000000000139e-01,5.148700000000000498e-01,5.328899999999999748e-01,5.509199999999999653e-01,5.689400000000000013e-01,5.869600000000000373e-01,6.049799999999999622e-01,6.229999999999999982e-01,6.410200000000000342e-01,6.590399999999999592e-01,6.770599999999999952e-01,6.950800000000000312e-01,6.972500000000000364e-01,6.994099999999999762e-01,7.015700000000000269e-01,7.037299999999999667e-01,7.058999999999999719e-01,7.080600000000000227e-01,7.242800000000000349e-01,7.405000000000000471e-01,7.567199999999999482e-01,7.729399999999999604e-01,7.891500000000000181e-01,8.053700000000000303e-01,8.215900000000000425e-01,8.378100000000000547e-01,8.540299999999999558e-01,8.702499999999999680e-01,8.864699999999999802e-01,9.026899999999999924e-01,9.189100000000000046e-01,9.351199999999999513e-01,9.513399999999999634e-01,9.675599999999999756e-01,9.837799999999999878e-01,1.000000000000000000e+00,2.604000000000000065e-02,6.212000000000000161e-02,9.818999999999999950e-02,1.342599999999999905e-01,1.703300000000000092e-01,2.064100000000000101e-01,2.424800000000000011e-01,2.785500000000000198e-01,3.146200000000000108e-01,3.507000000000000117e-01,3.867700000000000027e-01,4.228399999999999936e-01,4.589099999999999846e-01,4.949899999999999856e-01,5.310599999999999765e-01,5.671300000000000230e-01,6.031999999999999584e-01,6.392799999999999594e-01,6.753500000000000059e-01,7.114200000000000523e-01,7.474899999999999878e-01,7.835699999999999887e-01,8.196400000000000352e-01,8.557099999999999707e-01,8.917800000000000171e-01,9.278600000000000181e-01,9.639299999999999535e-01,1.000000000000000000e+00,2.874000000000000166e-02,6.471999999999999975e-02,1.006900000000000017e-01,1.366600000000000037e-01,1.726300000000000057e-01,2.086099999999999899e-01,2.445799999999999919e-01,2.805500000000000216e-01,3.165200000000000236e-01,3.524999999999999800e-01,3.884699999999999820e-01,4.244399999999999840e-01,4.604099999999999859e-01,4.963899999999999979e-01,5.323600000000000554e-01,5.683300000000000018e-01,6.042999999999999483e-01,6.402799999999999603e-01,6.762500000000000178e-01,7.122199999999999642e-01,7.481900000000000217e-01,7.841700000000000337e-01,8.201399999999999801e-01,8.561100000000000376e-01,8.920799999999999841e-01,9.280599999999999961e-01,9.640300000000000535e-01,1.000000000000000000e+00,2.604000000000000065e-02,6.212000000000000161e-02,9.818999999999999950e-02,1.342599999999999905e-01,1.703300000000000092e-01,2.064100000000000101e-01,2.424800000000000011e-01,2.785500000000000198e-01,3.146200000000000108e-01,3.507000000000000117e-01,3.867700000000000027e-01,4.228399999999999936e-01,4.589099999999999846e-01,4.949899999999999856e-01,5.310599999999999765e-01,5.671300000000000230e-01,6.031999999999999584e-01,6.392799999999999594e-01,6.753500000000000059e-01,7.114200000000000523e-01,7.474899999999999878e-01,7.835699999999999887e-01,8.196400000000000352e-01,8.557099999999999707e-01,8.917800000000000171e-01,9.278600000000000181e-01,9.639299999999999535e-01,1.000000000000000000e+00
StallFact,1.000000000000000000e+00,1.000000000000000000e+00,1.000000000000000000e+00,1.000000000000000000e+00,1.000000000000000000e+00,1.000000000000000000e+00,1.000000000000000000e+00,1.000000000000000000e+00,1.000000000000000000e+00,1.000000000000000000e+00,1.000000000000000000e+00,1.000000000000000000e+00,1.000000000000000000e+00,1.000000000000000000e+00,1.000000000000000000e+00,1.000000000000000000e+00,1.000000000000000000e+00,1.000000000000000000e+00,1.000000000000000000e+00,1.000000000000000000e+00,1.000000000000000000e+00,1.000000000000000000e+00,1.000000000000000000e+00,1.000000000000000000e+00,1.000000000000000000e+00,1.000000000000000000e+00,1.000000000000000000e+00,1.000000000000000000e+00,1.000000000000000000e+00,1.000000000000000000e+00,1.000000000000000000e+00,1.000000000000000000e+00,1.000000000000000000e+00,1.000000000000000000e+00,1.000000000000000000e+00,1.000000000000000000e+00,1.000000000000000000e+00,1.000000000000000000e+00,1.000000000000000000e+00,1.000000000000000000e+00,1.000000000000000000e+00,1.000000000000000000e+00,1.000000000000000000e+00,1.000000000000000000e+00,1.000000000000000000e+00,1.000000000000000000e+00,1.000000000000000000e+00,1.000000000000000000e+00,1.000000000000000000e+00,1.000000000000000000e+00,1.000000000000000000e+00,1.000000000000000000e+00,1.000000000000000000e+00,1.000000000000000000e+00,1.000000000000000000e+00,1.000000000000000000e+00,1.000000000000000000e+00,1.000000000000000000e+00,1.000000000000000000e+00,1.000000000000000000e+00,1.000000000000000000e+00,1.000000000000000000e+00,1.000000000000000000e+00,1.000000000000000000e+00,1.000000000000000000e+00,1.000000000000000000e+00,1.000000000000000000e+00,1.000000000000000000e+00,1.000000000000000000e+00,1.000000000000000000e+00,1.000000000000000000e+00,1.000000000000000000e+00,1.000000000000000000e+00,1.000000000000000000e+00,1.000000000000000000e+00,1.000000000000000000e+00,1.000000000000000000e+00,1.000000000000000000e+00,1.000000000000000000e+00,1.000000000000000000e+00,1.000000000000000000e+00,1.000000000000000000e+00,1.000000000000000000e+00,1.000000000000000000e+00,1.000000000000000000e+00,1.000000000000000000e+00,1.000000000000000000e+00,1.000000000000000000e+00,1.000000000000000000e+00,1.000000000000000000e+00,1.000000000000000000e+00,1.000000000000000000e+00,1.000000000000000000e+00,1.000000000000000000e+00,1.000000000000000000e+00,1.000000000000000000e+00,1.000000000000000000e+00,1.000000000000000000e+00,1.000000000000000000e+00,1.000000000000000000e+00,1.000000000000000000e+00,1.000000000000000000e+00,1.000000000000000000e+00,1.000000000000000000e+00,1.000000000000000000e+00,1.000000000000000000e+00,1.000000000000000000e+00,1.000000000000000000e+00,1.000000000000000000e+00,1.000000000000000000e+00,1.000000000000000000e+00,1.000000000000000000e+00,1.000000000000000000e+00,1.000000000000000000e+00,1.000000000000000000e+00,1.000000000000000000e+00,1.000000000000000000e+00,1.000000000000000000e+00,1.000000000000000000e+00,1.000000000000000000e+00,1.000000000000000000e+00,1.000000000000000000e+00,1.000000000000000000e+00,1.000000000000000000e+00,1.000000000000000000e+00,1.000000000000000000e+00,1.000000000000000000e+00,1.000000000000000000e+00,1.000000000000000000e+00,1.000000000000000000e+00,1.000000000000000000e+00,1.000000000000000000e+00,1.000000000000000000e+00,1.000000000000000000e+00,1.000000000000000000e+00,1.000000000000000000e+00,1.000000000000000000e+00,1.000000000000000000e+00,1.000000000000000000e+00,1.000000000000000000e+00,1.000000000000000000e+00,1.000000000000000000e+00,1.000000000000000000e+00,1.000000000000000000e+00,1.000000000000000000e+00,1.000000000000000000e+00,1.000000000000000000e+00,1.000000000000000000e+00,1.000000000000000000e+00,1.000000000000000000e+00,1.000000000000000000e+00,1.000000000000000000e+00,1.000000000000000000e+00,1.000000000000000000e+00,1.000000000000000000e+00,1.000000000000000000e+00,1.000000000000000000e+00,1.000000000000000000e+00,1.000000000000000000e+00,1.000000000000000000e+00,1.000000000000000000e+00,1.000000000000000000e+00,1.000000000000000000e+00,1.000000000000000000e+00,1.000000000000000000e+00,1.000000000000000000e+00,1.000000000000000000e+00,1.000000000000000000e+00,1.000000000000000000e+00,1.000000000000000000e+00,1.000000000000000000e+00,1.000000000000000000e+00,1.000000000000000000e+00,1.000000000000000000e+00,1.000000000000000000e+00,1.000000000000000000e+00,1.000000000000000000e+00,1.000000000000000000e+00,1.000000000000000000e+00,1.000000000000000000e+00,1.000000000000000000e+00,1.000000000000000000e+00,1.000000000000000000e+00,1.000000000000000000e+00,1.000000000000000000e+00,1.000000000000000000e+00,1.000000000000000000e+00,1.000000000000000000e+00,1.000000000000000000e+00,1.000000000000000000e+00,1.000000000000000000e+00,1.000000000000000000e+00,1.000000000000000000e+00,1.000000000000000000e+00,1.000000000000000000e+00,1.000000000000000000e+00,1.000000000000000000e+00,1.000000000000000000e+00,1.000000000000000000e+00,1.000000000000000000e+00,1.000000000000000000e+00,1.000000000000000000e+00,1.000000000000000000e+00,1.000000000000000000e+00,1.000000000000000000e+00,1.000000000000000000e+00,1.000000000000000000e+00,1.000000000000000000e+00,1.000000000000000000e+00,1.000000000000000000e+00,1.000000000000000000e+00,1.000000000000000000e+00,1.000000000000000000e+00,1.000000000000000000e+00,1.000000000000000000e+00,1.000000000000000000e+00,1.000000000000000000e+00,1.000000000000000000e+00,1.000000000000000000e+00,1.000000000000000000e+00,1.000000000000000000e+00,1.000000000000000000e+00,1.000000000000000000e+00,1.000000000000000000e+00,1.000000000000000000e+00,1.000000000000000000e+00,1.000000000000000000e+00,1.000000000000000000e+00
Thrust,0.000000000000000000e+00,0.000000000000000000e+00,0.000000000000000000e+00,0.000000000000000000e+00,0.000000000000000000e+00,0.000000000000000000e+00,0.000000000000000000e+00,0.000000000000000000e+00,0.000000000000000000e+00,0.000000000000000000e+00,0.000000000000000000e+00,0.000000000000000000e+00,0.000000000000000000e+00,0.000000000000000000e+00,0.000000000000000000e+00,0.000000000000000000e+00,0.000000000000000000e+00,0.000000000000000000e+00,0.000000000000000000e+00,0.000000000000000000e+00,0.000000000000000000e+00,0.000000000000000000e+00,0.000000000000000000e+00,0.000000000000000000e+00,0.000000000000000000e+00,0.000000000000000000e+00,0.000000000000000000e+00,0.000000000000000000e+00,0.000000000000000000e+00,0.000000000000000000e+00,0.000000000000000000e+00,0.000000000000000000e+00,0.000000000000000000e+00,0.000000000000000000e+00,0.000000000000000000e+00,0.000000000000000000e+00,0.000000000000000000e+00,0.000000000000000000e+00,0.000000000000000000e+00,0.000000000000000000e+00,0.000000000000000000e+00,0.000000000000000000e+00,0.000000000000000000e+00,0.000000000000000000e+00,0.000000000000000000e+00,0.000000000000000000e+00,0.000000000000000000e+00,0.000000000000000000e+00,0.000000000000000000e+00,0.000000000000000000e+00,0.000000000000000000e+00,0.000000000000000000e+00,0.000000000000000000e+00,0.000000000000000000e+00,0.000000000000000000e+00,0.000000000000000000e+00,0.000000000000000000e+00,0.000000000000000000e+00,0.000000000000000000e+00,0.000000000000000000e+00,0.000000000000000000e+00,0.000000000000000000e+00,0.000000000000000000e+00,0.000000000000000000e+00,0.000000000000000000e+00,0.000000000000000000e+00,0.000000000000000000e+00,0.000000000000000000e+00,0.000000000000000000e+00,0.000000000000000000e+00,0.000000000000000000e+00,0.000000000000000000e+00,0.000000000000000000e+00,0.000000000000000000e+00,0.000000000000000000e+00,0.000000000000000000e+00,0.000000000000000000e+00,0.000000000000000000e+00,0.000000000000000000e+00,0.000000000000000000e+00,0.000000000000000000e+00,0.000000000000000000e+00,0.000000000000000000e+00,0.000000000000000000e+00,0.000000000000000000e+00,0.000000000000000000e+00,0.000000000000000000e+00,0.000000000000000000e+00,0.000000000000000000e+00,0.000000000000000000e+00,0.000000000000000000e+00,0.000000000000000000e+00,0.000000000000000000e+00,0.000000000000000000e+00,0.000000000000000000e+00,0.000000000000000000e+00,0.000000000000000000e+00,0.000000000000000000e+00,0.000000000000000000e+00,0.000000000000000000e+00,0.000000000000000000e+00,0.000000000000000000e+00,0.000000000000000000e+00,0.000000000000000000e+00,0.000000000000000000e+00,0.000000000000000000e+00,0.000000000000000000e+00,0.000000000000000000e+00,0.000000000000000000e+00,0.000000000000000000e+00,0.000000000000000000e+00,0.000000000000000000e+00,0.000000000000000000e+00,0.000000000000000000e+00,0.000000000000000000e+00,0.000000000000000000e+00,0.000000000000000000e+00,0.000000000000000000e+00,0.000000000000000000e+00,0.000000000000000000e+00,0.000000000000000000e+00,0.000000000000000000e+00,0.000000000000000000e+00,0.000000000000000000e+00,0.000000000000000000e+00,0.000000000000000000e+00,0.000000000000000000e+00,0.000000000000000000e+00,0.000000000000000000e+00,0.000000000000000000e+00,0.000000000000000000e+00,0.000000000000000000e+00,0.000000000000000000e+00,0.000000000000000000e+00,0.000000000000000000e+00,0.000000000000000000e+00,0.000000000000000000e+00,0.000000000000000000e+00,0.000000000000000000e+00,0.000000000000000000e+00,0.000000000000000000e+00,0.000000000000000000e+00,0.000000000000000000e+00,0.000000000000000000e+00,0.000000000000000000e+00,0.000000000000000000e+00,0.000000000000000000e+00,0.000000000000000000e+00,0.000000000000000000e+00,0.000000000000000000e+00,0.000000000000000000e+00,0.000000000000000000e+00,0.000000000000000000e+00,0.000000000000000000e+00,0.000000000000000000e+00,0.000000000000000000e+00,0.000000000000000000e+00,0.000000000000000000e+00,0.000000000000000000e+00,0.000000000000000000e+00,0.000000000000000000e+00,0.000000000000000000e+00,0.000000000000000000e+00,0.000000000000000000e+00,0.000000000000000000e+00,0.000000000000000000e+00,0.000000000000000000e+00,0.000000000000000000e+00,0.000000000000000000e+00,0.000000000000000000e+00,0.000000000000000000e+00,0.000000000000000000e+00,0.000000000000000000e+00,0.000000000000000000e+00,0.000000000000000000e+00,0.000000000000000000e+00,0.000000000000000000e+00,0.000000000000000000e+00,0.000000000000000000e+00,0.000000000000000000e+00,0.000000000000000000e+00,0.000000000000000000e+00,0.000000000000000000e+00,0.000000000000000000e+00,0.000000000000000000e+00,0.000000000000000000e+00,0.000000000000000000e+00,0.000000000000000000e+00,0.000000000000000000e+00,0.000000000000000000e+00,0.000000000000000000e+00,0.000000000000000000e+00,0.000000000000000000e+00,0.000000000000000000e+00,0.000000000000000000e+00,0.000000000000000000e+00,0.000000000000000000e+00,0.000000000000000000e+00,0.000000000000000000e+00,0.000000000000000000e+00,0.000000000000000000e+00,0.000000000000000000e+00,0.000000000000000000e+00,0.000000000000000000e+00,0.000000000000000000e+00,0.000000000000000000e+00,0.000000000000000000e+00,0.000000000000000000e+00,0.000000000000000000e+00,0.000000000000000000e+00,0.000000000000000000e+00,0.000000000000000000e+00,0.000000000000000000e+00,0.000000000000000000e+00,0.000000000000000000e+00,0.000000000000000000e+00,0.000000000000000000e+00,0.000000000000000000e+00,0.000000000000000000e+00,0.000000000000000000e+00,0.000000000000000000e+00,0.000000000000000000e+00,0.000000000000000000e+00,0.000000000000000000e+00,0.000000000000000000e+00,0.000000000000000000e+00,0.000000000000000000e+00,0.000000000000000000e+00
Thrusti,0.000000000000000000e+00,0.000000000000000000e+00,0.000000000000000000e+00,0.000000000000000000e+00,0.000000000000000000e+00,0.000000000000000000e+00,0.000000000000000000e+00,0.000000000000000000e+00,0.000000000000000000e+00,0.000000000000000000e+00,0.000000000000000000e+00,0.000000000000000000e+00,0.000000000000000000e+00,0.000000000000000000e+00,0.000000000000000000e+00,0.000000000000000000e+00,0.000000000000000000e+00,0.000000000000000000e+00,0.000000000000000000e+00,0.000000000000000000e+00,0.000000000000000000e+00,0.000000000000000000e+00,0.000000000000000000e+00,0.000000000000000000e+00,0.000000000000000000e+00,0.000000000000000000e+00,0.000000000000000000e+00,0.000000000000000000e+00,0.000000000000000000e+00,0.000000000000000000e+00,0.000000000000000000e+00,0.000000000000000000e+00,0.000000000000000000e+00,0.000000000000000000e+00,0.000000000000000000e+00,0.000000000000000000e+00,0.000000000000000000e+00,0.000000000000000000e+00,0.000000000000000000e+00,0.000000000000000000e+00,0.000000000000000000e+00,0.000000000000000000e+00,0.000000000000000000e+00,0.000000000000000000e+00,0.000000000000000000e+00,0.000000000000000000e+00,0.000000000000000000e+00,0.000000000000000000e+00,0.000000000000000000e+00,0.000000000000000000e+00,0.000000000000000000e+00,0.000000000000000000e+00,0.000000000000000000e+00,0.000000000000000000e+00,0.000000000000000000e+00,0.000000000000000000e+00,0.000000000000000000e+00,0.000000000000000000e+00,0.000000000000000000e+00,0.000000000000000000e+00,0.000000000000000000e+00,0.000000000000000000e+00,0.000000000000000000e+00,0.000000000000000000e+00,0.000000000000000000e+00,0.000000000000000000e+00,0.000000000000000000e+00,0.000000000000000000e+00,0.000000000000000000e+00,0.000000000000000000e+00,0.000000000000000000e+00,0.000000000000000000e+00,0.000000000000000000e+00,0.000000000000000000e+00,0.000000000000000000e+00,0.000000000000000000e+00,0.000000000000000000e+00,0.000000000000000000e+00,0.000000000000000000e+00,0.000000000000000000e+00,0.000000000000000000e+00,0.000000000000000000e+00,0.000000000000000000e+00,0.000000000000000000e+00,0.000000000000000000e+00,0.000000000000000000e+00,0.000000000000000000e+00,0.000000000000000000e+00,0.000000000000000000e+00,0.000000000000000000e+00,0.000000000000000000e+00,0.000000000000000000e+00,0.000000000000000000e+00,0.000000000000000000e+00,0.000000000000000000e+00,0.000000000000000000e+00,0.000000000000000000e+00,0.000000000000000000e+00,0.000000000000000000e+00,0.000000000000000000e+00,0.000000000000000000e+00,0.000000000000000000e+00,0.000000000000000000e+00,0.000000000000000000e+00,0.000000000000000000e+00,0.000000000000000000e+00,0.000000000000000000e+00,0.000000000000000000e+00,0.000000000000000000e+00,0.000000000000000000e+00,0.000000000000000000e+00,0.000000000000000000e+00,0.000000000000000000e+00,0.000000000000000000e+00,0.000000000000000000e+00,0.000000000000000000e+00,0.000000000000000000e+00,0.000000000000000000e+00,0.000000000000000000e+00,0.000000000000000000e+00,0.000000000000000000e+00,0.000000000000000000e+00,0.000000000000000000e+00,0.000000000000000000e+00,0.000000000000000000e+00,0.000000000000000000e+00,0.000000000000000000e+00,0.000000000000000000e+00,0.000000000000000000e+00,0.000000000000000000e+00,0.000000000000000000e+00,0.000000000000000000e+00,0.000000000000000000e+00,0.000000000000000000e+00,0.000000000000000000e+00,0.000000000000000000e+00,0.000000000000000000e+00,0.000000000000000000e+00,0.000000000000000000e+00,0.000000000000000000e+00,0.000000000000000000e+00,0.000000000000000000e+00,0.000000000000000000e+00,0.000000000000000000e+00,0.000000000000000000e+00,0.000000000000000000e+00,0.000000000000000000e+00,0.000000000000000000e+00,0.000000000000000000e+00,0.000000000000000000e+00,0.000000000000000000e+00,0.000000000000000000e+00,0.000000000000000000e+00,0.000000000000000000e+00,0.000000000000000000e+00,0.000000000000000000e+00,0.000000000000000000e+00,0.000000000000000000e+00,0.000000000000000000e+00,0.000000000000000000e+00,0.000000000000000000e+00,0.000000000000000000e+00,0.000000000000000000e+00,0.000000000000000000e+00,0.000000000000000000e+00,0.000000000000000000e+00,0.000000000000000000e+00,0.000000000000000000e+00,0.000000000000000000e+00,0.000000000000000000e+00,0.000000000000000000e+00,0.000000000000000000e+00,0.000000000000000000e+00,0.000000000000000000e+00,0.000000000000000000e+00,0.000000000000000000e+00,0.000000000000000000e+00,0.000000000000000000e+00,0.000000000000000000e+00,0.000000000000000000e+00,0.000000000000000000e+00,0.000000000000000000e+00,0.000000000000000000e+00,0.000000000000000000e+00,0.000000000000000000e+00,0.000000000000000000e+00,0.000000000000000000e+00,0.000000000000000000e+00,0.000000000000000000e+00,0.000000000000000000e+00,0.000000000000000000e+00,0.000000000000000000e+00,0.000000000000000000e+00,0.000000000000000000e+00,0.000000000000000000e+00,0.000000000000000000e+00,0.000000000000000000e+00,0.000000000000000000e+00,0.000000000000000000e+00,0.000000000000000000e+00,0.000000000000000000e+00,0.000000000000000000e+00,0.000000000000000000e+00,0.000000000000000000e+00,0.000000000000000000e+00,0.000000000000000000e+00,0.000000000000000000e+00,0.000000000000000000e+00,0.000000000000000000e+00,0.000000000000000000e+00,0.000000000000000000e+00,0.000000000000000000e+00,0.000000000000000000e+00,0.000000000000000000e+00,0.000000000000000000e+00,0.000000000000000000e+00,0.000000000000000000e+00,0.000000000000000000e+00,0.000000000000000000e+00,0.000000000000000000e+00,0.000000000000000000e+00,0.000000000000000000e+00,0.000000000000000000e+00,0.000000000000000000e+00,0.000000000000000000e+00,0.000000000000000000e+00,0.000000000000000000e+00,0.000000000000000000e+00
Thrusto,0.000000000000000000e+00,0.000000000000000000e+00,0.000000000000000000e+00,0.000000000000000000e+00,0.000000000000000000e+00,0.000000000000000000e+00,0.000000000000000000e+00,0.000000000000000000e+00,0.000000000000000000e+00,0.000000000000000000e+00,0.000000000000000000e+00,0.000000000000000000e+00,0.000000000000000000e+00,0.000000000000000000e+00,0.000000000000000000e+00,0.000000000000000000e+00,0.000000000000000000e+00,0.000000000000000000e+00,0.000000000000000000e+00,0.000000000000000000e+00,0.000000000000000000e+00,0.000000000000000000e+00,0.000000000000000000e+00,0.000000000000000000e+00,0.000000000000000000e+00,0.000000000000000000e+00,0.000000000000000000e+00,0.000000000000000000e+00,0.000000000000000000e+00,0.000000000000000000e+00,0.000000000000000000e+00,0.000000000000000000e+00,0.000000000000000000e+00,0.000000000000000000e+00,0.000000000000000000e+00,0.000000000000000000e+00,0.000000000000000000e+00,0.000000000000000000e+00,0.000000000000000000e+00,0.000000000000000000e+00,0.000000000000000000e+00,0.000000000000000000e+00,0.000000000000000000e+00,0.000000000000000000e+00,0.000000000000000000e+00,0.000000000000000000e+00,0.000000000000000000e+00,0.000000000000000000e+00,0.000000000000000000e+00,0.000000000000000000e+00,0.000000000000000000e+00,0.000000000000000000e+00,0.000000000000000000e+00,0.000000000000000000e+00,0.000000000000000000e+00,0.000000000000000000e+00,0.000000000000000000e+00,0.000000000000000000e+00,0.000000000000000000e+00,0.000000000000000000e+00,0.000000000000000000e+00,0.000000000000000000e+00,0.000000000000000000e+00,0.000000000000000000e+00,0.000000000000000000e+00,0.000000000000000000e+00,0.000000000000000000e+00,0.000000000000000000e+00,0.000000000000000000e+00,0.000000000000000000e+00,0.000000000000000000e+00,0.000000000000000000e+00,0.000000000000000000e+00,0.000000000000000000e+00,0.000000000000000000e+00,0.000000000000000000e+00,0.000000000000000000e+00,0.000000000000000000e+00,0.000000000000000000e+00,0.000000000000000000e+00,0.000000000000000000e+00,0.000000000000000000e+00,0.000000000000000000e+00,0.000000000000000000e+00,0.000000000000000000e+00,0.000000000000000000e+00,0.000000000000000000e+00,0.000000000000000000e+00,0.000000000000000000e+00,0.000000000000000000e+00,0.000000000000000000e+00,0.000000000000000000e+00,0.000000000000000000e+00,0.000000000000000000e+00,0.000000000000000000e+00,0.000000000000000000e+00,0.000000000000000000e+00,0.000000000000000000e+00,0.000000000000000000e+00,0.000000000000000000e+00,0.000000000000000000e+00,0.000000000000000000e+00,0.000000000000000000e+00,0.000000000000000000e+00,0.000000000000000000e+00,0.000000000000000000e+00,0.000000000000000000e+00,0.000000000000000000e+00,0.000000000000000000e+00,0.000000000000000000e+00,0.000000000000000000e+00,0.000000000000000000e+00,0.000000000000000000e+00,0.000000000000000000e+00,0.000000000000000000e+00,0.000000000000000000e+00,0.000000000000000000e+00,0.000000000000000000e+00,0.000000000000000000e+00,0.000000000000000000e+00,0.000000000000000000e+00,0.000000000000000000e+00,0.000000000000000000e+00,0.000000000000000000e+00,0.000000000000000000e+00,0.000000000000000000e+00,0.000000000000000000e+00,0.000000000000000000e+00,0.000000000000000000e+00,0.000000000000000000e+00,0.000000000000000000e+00,0.000000000000000000e+00,0.000000000000000000e+00,0.000000000000000000e+00,0.000000000000000000e+00,0.000000000000000000e+00,0.000000000000000000e+00,0.000000000000000000e+00,0.000000000000000000e+00,0.000000000000000000e+00,0.000000000000000000e+00,0.000000000000000000e+00,0.000000000000000000e+00,0.000000000000000000e+00,0.000000000000000000e+00,0.000000000000000000e+00,0.000000000000000000e+00,0.000000000000000000e+00,0.000000000000000000e+00,0.000000000000000000e+00,0.000000000000000000e+00,0.000000000000000000e+00,0.000000000000000000e+00,0.000000000000000000e+00,0.000000000000000000e+00,0.000000000000000000e+00,0.000000000000000000e+00,0.000000000000000000e+00,0.000000000000000000e+00,0.000000000000000000e+00,0.000000000000000000e+00,0.000000000000000000e+00,0.000000000000000000e+00,0.000000000000000000e+00,0.000000000000000000e+00,0.000000000000000000e+00,0.000000000000000000e+00,0.000000000000000000e+00,0.000000000000000000e+00,0.000000000000000000e+00,0.000000000000000000e+00,0.000000000000000000e+00,0.000000000000000000e+00,0.000000000000000000e+00,0.000000000000000000e+00,0.000000000000000000e+00,0.000000000000000000e+00,0.000000000000000000e+00,0.000000000000000000e+00,0.000000000000000000e+00,0.000000000000000000e+00,0.000000000000000000e+00,0.000000000000000000e+00,0.000000000000000000e+00,0.000000000000000000e+00,0.000000000000000000e+00,0.000000000000000000e+00,0.000000000000000000e+00,0.000000000000000000e+00,0.000000000000000000e+00,0.000000000000000000e+00,0.000000000000000000e+00,0.000000000000000000e+00,0.000000000000000000e+00,0.000000000000000000e+00,0.000000000000000000e+00,0.000000000000000000e+00,0.000000000000000000e+00,0.000000000000000000e+00,0.000000000000000000e+00,0.000000000000000000e+00,0.000000000000000000e+00,0.000000000000000000e+00,0.000000000000000000e+00,0.000000000000000000e+00,0.000000000000000000e+00,0.000000000000000000e+00,0.000000000000000000e+00,0.000000000000000000e+00,0.000000000000000000e+00,0.000000000000000000e+00,0.000000000000000000e+00,0.000000000000000000e+00,0.000000000000000000e+00,0.000000000000000000e+00,0.000000000000000000e+00,0.000000000000000000e+00,0.000000000000000000e+00,0.000000000000000000e+00,0.000000000000000000e+00,0.000000000000000000e+00,0.000000000000000000e+00,0.000000000000000000e+00,0.000000000000000000e+00,0.000000000000000000e+00,0.000000000000000000e+00,0.000000000000000000e+00,0.000000000000000000e+00
TrailVort,1,2,3,4,5,6,7,8,1,2,3,4,5,6,7,8,1,2,3,4,5,6,7,8,9,10,11,12,13,14,15,16,17,18,19,20,21,22,23,24,25,26,27,28,29,30,31,32,33,34,35,36,37,38,39,40,41,42,43,44,45,46,47,48,49,50,51,52,53,54,55,56,57,58,59,60,61,62,63,64,1,2,3,4,5,6,7,8,9,10,11,12,13,14,15,16,17,18,19,20,21,22,23,24,25,26,27,28,29,30,31,32,33,34,35,36,37,38,39,40,41,42,43,44,45,46,47,48,49,50,51,52,53,54,55,56,57,58,59,60,61,62,63,64,1,2,3,4,5,6,7,8,9,10,11,12,13,14,15,16,17,18,19,20,21,22,23,24,25,26,27,28,1,2,3,4,5,6,7,8,9,10,11,12,13,14,15,16,17,18,19,20,21,22,23,24,25,26,27,28,1,2,3,4,5,6,7,8,9,10,11,12,13,14,15,16,17,18,19,20,21,22,23,24,25,26,27,28
Unsteady,0
V/Vref,1.000000000000000000e+00,1.000000000000000000e+00,1.000000000000000000e+00,1.000000000000000000e+00,1.000000000000000000e+00,1.000000000000000000e+00,1.000000000000000000e+00,1.000000000000000000e+00,1.000000000000000000e+00,1.000000000000000000e+00,1.000000000000000000e+00,1.000000000000000000e+00,1.000000000000000000e+00,1.000000000000000000e+00,1.000000000000000000e+00,1.000000000000000000e+00,1.000000000000000000e+00,1.000000000000000000e+00,1.000000000000000000e+00,1.000000000000000000e+00,1.000000000000000000e+00,1.000000000000000000e+00,1.000000000000000000e+00,1.000000000000000000e+00,1.000000000000000000e+00,1.000000000000000000e+00,1.000000000000000000e+00,1.000000000000000000e+00,1.000000000000000000e+00,1.000000000000000000e+00,1.000000000000000000e+00,1.000000000000000000e+00,1.000000000000000000e+00,1.000000000000000000e+00,1.000000000000000000e+00,1.000000000000000000e+00,1.000000000000000000e+00,1.000000000000000000e+00,1.000000000000000000e+00,1.000000000000000000e+00,1.000000000000000000e+00,1.000000000000000000e+00,1.000000000000000000e+00,1.000000000000000000e+00,1.000000000000000000e+00,1.000000000000000000e+00,1.000000000000000000e+00,1.000000000000000000e+00,1.000000000000000000e+00,1.000000000000000000e+00,1.000000000000000000e+00,1.000000000000000000e+00,1.000000000000000000e+00,1.000000000000000000e+00,1.000000000000000000e+00,1.000000000000000000e+00,1.000000000000000000e+00,1.000000000000000000e+00,1.000000000000000000e+00,1.000000000000000000e+00,1.000000000000000000e+00,1.000000000000000000e+00,1.000000000000000000e+00,1.000000000000000000e+00,1.000000000000000000e+00,1.000000000000000000e+00,1.000000000000000000e+00,1.000000000000000000e+00,1.000000000000000000e+00,1.000000000000000000e+00,1.000000000000000000e+00,1.000000000000000000e+00,1.000000000000000000e+00,1.000000000000000000e+00,1.000000000000000000e+00,1.000000000000000000e+00,1.000000000000000000e+00,1.000000000000000000e+00,1.000000000000000000e+00,1.000000000000000000e+00,1.000000000000000000e+00,1.000000000000000000e+00,1.000000000000000000e+00,1.000000000000000000e+00,1.000000000000000000e+00,1.000000000000000000e+00,1.000000000000000000e+00,1.000000000000000000e+00,1.000000000000000000e+00,1.000000000000000000e+00,1.000000000000000000e+00,1.000000000000000000e+00,1.000000000000000000e+00,1.000000000000000000e+00,1.000000000000000000e+00,1.000000000000000000e+00,1.000000000000000000e+00,1.000000000000000000e+00,1.000000000000000000e+00,1.000000000000000000e+00,1.000000000000000000e+00,1.000000000000000000e+00,1.000000000000000000e+00,1.000000000000000000e+00,1.000000000000000000e+00,1.000000000000000000e+00,1.000000000000000000e+00,1.000000000000000000e+00,1.000000000000000000e+00,1.000000000000000000e+00,1.000000000000000000e+00,1.000000000000000000e+00,1.000000000000000000e+00,1.000000000000000000e+00,1.000000000000000000e+00,1.000000000000000000e+00,1.000000000000000000e+00,1.000000000000000000e+00,1.000000000000000000e+00,1.000000000000000000e+00,1.000000000000000000e+00,1.000000000000000000e+00,1.000000000000000000e+00,1.000000000000000000e+00,1.000000000000000000e+00,1.000000000000000000e+00,1.000000000000000000e+00,1.000000000000000000e+00,1.000000000000000000e+00,1.000000000000000000e+00,1.000000000000000000e+00,1.000000000000000000e+00,1.000000000000000000e+00,1.000000000000000000e+00,1.000000000000000000e+00,1.000000000000000000e+00,1.000000000000000000e+00,1.000000000000000000e+00,1.000000000000000000e+00,1.000000000000000000e+00,1.000000000000000000e+00,1.000000000000000000e+00,1.000000000000000000e+00,1.000000000000000000e+00,1.000000000000000000e+00,1.000000000000000000e+00,1.000000000000000000e+00,1.000000000000000000e+00,1.000000000000000000e+00,1.000000000000000000e+00,1.000000000000000000e+00,1.000000000000000000e+00,1.000000000000000000e+00,1.000000000000000000e+00,1.000000000000000000e+00,1.000000000000000000e+00,1.000000000000000000e+00,1.000000000000000000e+00,1.000000000000000000e+00,1.000000000000000000e+00,1.000000000000000000e+00,1.000000000000000000e+00,1.000000000000000000e+00,1.000000000000000000e+00,1.000000000000000000e+00,1.000000000000000000e+00,1.000000000000000000e+00,1.000000000000000000e+00,1.000000000000000000e+00,1.000000000000000000e+00,1.000000000000000000e+00,1.000000000000000000e+00,1.000000000000000000e+00,1.000000000000000000e+00,1.000000000000000000e+00,1.000000000000000000e+00,1.000000000000000000e+00,1.000000000000000000e+00,1.000000000000000000e+00,1.000000000000000000e+00,1.000000000000000000e+00,1.000000000000000000e+00,1.000000000000000000e+00,1.000000000000000000e+00,1.000000000000000000e+00,1.000000000000000000e+00,1.000000000000000000e+00,1.000000000000000000e+00,1.000000000000000000e+00,1.000000000000000000e+00,1.000000000000000000e+00,1.000000000000000000e+00,1.000000000000000000e+00,1.000000000000000000e+00,1.000000000000000000e+00,1.000000000000000000e+00,1.000000000000000000e+00,1.000000000000000000e+00,1.000000000000000000e+00,1.000000000000000000e+00,1.000000000000000000e+00,1.000000000000000000e+00,1.000000000000000000e+00,1.000000000000000000e+00,1.000000000000000000e+00,1.000000000000000000e+00,1.000000000000000000e+00,1.000000000000000000e+00,1.000000000000000000e+00,1.000000000000000000e+00,1.000000000000000000e+00,1.000000000000000000e+00,1.000000000000000000e+00,1.000000000000000000e+00,1.000000000000000000e+00,1.000000000000000000e+00,1.000000000000000000e+00,1.000000000000000000e+00,1.000000000000000000e+00,1.000000000000000000e+00,1.000000000000000000e+00,1.000000000000000000e+00,1.000000000000000000e+00,1.000000000000000000e+00,1.000000000000000000e+00,1.000000000000000000e+00,1.000000000000000000e+00,1.000000000000000000e+00
VortexSheet,1,1,1,1,1,1,1,1,2,2,2,2,2,2,2,2,3,3,3,3,3,3,3,3,3,3,3,3,3,3,3,3,3,3,3,3,3,3,3,3,3,3,3,3,3,3,3,3,3,3,3,3,3,3,3,3,3,3,3,3,3,3,3,3,3,3,3,3,3,3,3,3,3,3,3,3,3,3,3,3,4,4,4,4,4,4,4,4,4,4,4,4,4,4,4,4,4,4,4,4,4,4,4,4,4,4,4,4,4,4,4,4,4,4,4,4,4,4,4,4,4,4,4,4,4,4,4,4,4,4,4,4,4,4,4,4,4,4,4,4,4,4,4,4,5,5,5,5,5,5,5,5,5,5,5,5,5,5,5,5,5,5,5,5,5,5,5,5,5,5,5,5,6,6,6,6,6,6,6,6,6,6,6,6,6,6,6,6,6,6,6,6,6,6,6,6,6,6,6,6,7,7,7,7,7,7,7,7,7,7,7,7,7,7,7,7,7,7,7,7,7,7,7,7,7,7,7,7
Xavg,3.669999999999999929e+00,3.668120000000000047e+00,3.664369999999999905e+00,3.660629999999999828e+00,3.656870000000000065e+00,3.653129999999999988e+00,3.649379999999999846e+00,3.647499999999999964e+00,3.669999999999999929e+00,3.668120000000000047e+00,3.664369999999999905e+00,3.660629999999999828e+00,3.656870000000000065e+00,3.653129999999999988e+00,3.649379999999999846e+00,3.647499999999999964e+00,5.239379999999999704e+00,5.232429999999999914e+00,5.222150000000000070e+00,5.211859999999999715e+00,5.199989999999999668e+00,5.186519999999999797e+00,5.173060000000000436e+00,5.159589999999999677e+00,5.146130000000000315e+00,5.132659999999999556e+00,5.119200000000000195e+00,5.105730000000000324e+00,5.092270000000000074e+00,5.078800000000000203e+00,5.065339999999999954e+00,5.051870000000000083e+00,5.038409999999999833e+00,5.024939999999999962e+00,5.011479999999999713e+00,4.998009999999999842e+00,4.984549999999999592e+00,4.971079999999999721e+00,4.957620000000000360e+00,4.944149999999999601e+00,4.930690000000000239e+00,4.917220000000000368e+00,4.903760000000000119e+00,4.890290000000000248e+00,4.876829999999999998e+00,4.863360000000000127e+00,4.849899999999999878e+00,4.836430000000000007e+00,4.822969999999999757e+00,4.809499999999999886e+00,4.796039999999999637e+00,4.782569999999999766e+00,4.769110000000000404e+00,4.755639999999999645e+00,4.742180000000000284e+00,4.728710000000000413e+00,4.721169999999999867e+00,4.719549999999999912e+00,4.717929999999999957e+00,4.716319999999999624e+00,4.714699999999999669e+00,4.713079999999999714e+00,4.706199999999999939e+00,4.694069999999999965e+00,4.681930000000000369e+00,4.669789999999999885e+00,4.657659999999999911e+00,4.645520000000000316e+00,4.633379999999999832e+00,4.621249999999999858e+00,4.609110000000000262e+00,4.596969999999999779e+00,4.584830000000000183e+00,4.572700000000000209e+00,4.560559999999999725e+00,4.548420000000000130e+00,4.536290000000000155e+00,4.524149999999999672e+00,4.512010000000000076e+00,4.499880000000000102e+00,5.239379999999999704e+00,5.232429999999999914e+00,5.222150000000000070e+00,5.211859999999999715e+00,5.199989999999999668e+00,5.186519999999999797e+00,5.173060000000000436e+00,5.159589999999999677e+00,5.146130000000000315e+00,5.132659999999999556e+00,5.119200000000000195e+00,5.105730000000000324e+00,5.092270000000000074e+00,5.078800000000000203e+00,5.065339999999999954e+00,5.051870000000000083e+00,5.038409999999999833e+00,5.024939999999999962e+00,5.011479999999999713e+00,4.998009999999999842e+00,4.984549999999999592e+00,4.971079999999999721e+00,4.957620000000000360e+00,4.944149999999999601e+00,4.930690000000000239e+00,4.917220000000000368e+00,4.903760000000000119e+00,4.890290000000000248e+00,4.876829999999999998e+00,4.863360000000000127e+00,4.849899999999999878e+00,4.836430000000000007e+00,4.822969999999999757e+00,4.809499999999999886e+00,4.796039999999999637e+00,4.782569999999999766e+00,4.769110000000000404e+00,4.755639999999999645e+00,4.742180000000000284e+00,4.728710000000000413e+00,4.721169999999999867e+00,4.719549999999999912e+00,4.717929999999999957e+00,4.716319999999999624e+00,4.714699999999999669e+00,4.713079999999999714e+00,4.706199999999999939e+00,4.694069999999999965e+00,4.681930000000000369e+00,4.669789999999999885e+00,4.657659999999999911e+00,4.645520000000000316e+00,4.633379999999999832e+00,4.621249999999999858e+00,4.609110000000000262e+00,4.596969999999999779e+00,4.584830000000000183e+00,4.572700000000000209e+00,4.560559999999999725e+00,4.548420000000000130e+00,4.536290000000000155e+00,4.524149999999999672e+00,4.512010000000000076e+00,4.499880000000000102e+00,1.069689999999999941e+01,1.068102999999999980e+01,1.066262000000000043e+01,1.064420999999999928e+01,1.062580999999999953e+01,1.060740000000000016e+01,1.058899000000000079e+01,1.057058999999999926e+01,1.055217999999999989e+01,1.053377000000000052e+01,1.051537000000000077e+01,1.049695999999999962e+01,1.047855000000000025e+01,1.046015000000000050e+01,1.044173999999999936e+01,1.042332999999999998e+01,1.040493000000000023e+01,1.038652000000000086e+01,1.036810999999999972e+01,1.034970999999999997e+01,1.033130000000000059e+01,1.031288999999999945e+01,1.029448999999999970e+01,1.027608000000000033e+01,1.025766999999999918e+01,1.023926999999999943e+01,1.022086000000000006e+01,1.020245000000000068e+01,1.071116999999999919e+01,1.071147999999999989e+01,1.071181999999999945e+01,1.071216000000000079e+01,1.071250999999999998e+01,1.071284999999999954e+01,1.071319000000000088e+01,1.071353000000000044e+01,1.071387999999999963e+01,1.071421999999999919e+01,1.071456000000000053e+01,1.071490000000000009e+01,1.071524999999999928e+01,1.071559000000000061e+01,1.071593000000000018e+01,1.071626999999999974e+01,1.071660999999999930e+01,1.071696000000000026e+01,1.071729999999999983e+01,1.071763999999999939e+01,1.071798000000000073e+01,1.071832999999999991e+01,1.071866999999999948e+01,1.071901000000000082e+01,1.071935000000000038e+01,1.071969999999999956e+01,1.072003999999999913e+01,1.072038000000000046e+01,1.069689999999999941e+01,1.068102999999999980e+01,1.066262000000000043e+01,1.064420999999999928e+01,1.062580999999999953e+01,1.060740000000000016e+01,1.058899000000000079e+01,1.057058999999999926e+01,1.055217999999999989e+01,1.053377000000000052e+01,1.051537000000000077e+01,1.049695999999999962e+01,1.047855000000000025e+01,1.046015000000000050e+01,1.044173999999999936e+01,1.042332999999999998e+01,1.040493000000000023e+01,1.038652000000000086e+01,1.036810999999999972e+01,1.034970999999999997e+01,1.033130000000000059e+01,1.031288999999999945e+01,1.029448999999999970e+01,1.027608000000000033e+01,1.025766999999999918e+01,1.023926999999999943e+01,1.022086000000000006e+01,1.020245000000000068e+01
Yavg,7.680700000000000305e-01,1.043749999999999956e+00,1.581250000000000044e+00,2.118749999999999911e+00,2.656250000000000000e+00,3.193750000000000089e+00,3.731250000000000178e+00,4.045759999999999579e+00,-7.680700000000000305e-01,-1.043749999999999956e+00,-1.581250000000000044e+00,-2.118749999999999911e+00,-2.656250000000000000e+00,-3.193750000000000089e+00,-3.731250000000000178e+00,-4.045759999999999579e+00,-5.136199999999999655e-01,-5.855200000000000404e-01,-6.919699999999999740e-01,-7.984299999999999731e-01,-9.210399999999999698e-01,-1.059800000000000075e+00,-1.198569999999999913e+00,-1.337329999999999908e+00,-1.476089999999999902e+00,-1.614849999999999897e+00,-1.753609999999999891e+00,-1.892379999999999951e+00,-2.031140000000000168e+00,-2.169900000000000162e+00,-2.308660000000000156e+00,-2.447420000000000151e+00,-2.586190000000000211e+00,-2.724950000000000205e+00,-2.863710000000000200e+00,-3.002470000000000194e+00,-3.141239999999999810e+00,-3.279999999999999805e+00,-3.418759999999999799e+00,-3.557519999999999794e+00,-3.696279999999999788e+00,-3.835049999999999848e+00,-3.973809999999999842e+00,-4.112569999999999837e+00,-4.251330000000000275e+00,-4.390089999999999826e+00,-4.528859999999999886e+00,-4.667620000000000324e+00,-4.806379999999999875e+00,-4.945140000000000313e+00,-5.083899999999999864e+00,-5.222669999999999924e+00,-5.361430000000000362e+00,-5.500189999999999912e+00,-5.638950000000000351e+00,-5.777709999999999901e+00,-5.855419999999999625e+00,-5.872069999999999901e+00,-5.888729999999999798e+00,-5.905380000000000074e+00,-5.922030000000000349e+00,-5.938690000000000246e+00,-6.009459999999999802e+00,-6.134360000000000035e+00,-6.259260000000000268e+00,-6.384159999999999613e+00,-6.509059999999999846e+00,-6.633960000000000079e+00,-6.758860000000000312e+00,-6.883759999999999657e+00,-7.008659999999999890e+00,-7.133549999999999613e+00,-7.258449999999999847e+00,-7.383350000000000080e+00,-7.508250000000000313e+00,-7.633149999999999658e+00,-7.758049999999999891e+00,-7.882950000000000124e+00,-8.007849999999999469e+00,-8.132749999999999702e+00,5.136199999999999655e-01,5.855200000000000404e-01,6.919699999999999740e-01,7.984299999999999731e-01,9.210399999999999698e-01,1.059800000000000075e+00,1.198569999999999913e+00,1.337329999999999908e+00,1.476089999999999902e+00,1.614849999999999897e+00,1.753609999999999891e+00,1.892379999999999951e+00,2.031140000000000168e+00,2.169900000000000162e+00,2.308660000000000156e+00,2.447420000000000151e+00,2.586190000000000211e+00,2.724950000000000205e+00,2.863710000000000200e+00,3.002470000000000194e+00,3.141239999999999810e+00,3.279999999999999805e+00,3.418759999999999799e+00,3.557519999999999794e+00,3.696279999999999788e+00,3.835049999999999848e+00,3.973809999999999842e+00,4.112569999999999837e+00,4.251330000000000275e+00,4.390089999999999826e+00,4.528859999999999886e+00,4.667620000000000324e+00,4.806379999999999875e+00,4.945140000000000313e+00,5.083899999999999864e+00,5.222669999999999924e+00,5.361430000000000362e+00,5.500189999999999912e+00,5.638950000000000351e+00,5.777709999999999901e+00,5.855419999999999625e+00,5.872069999999999901e+00,5.888729999999999798e+00,5.905380000000000074e+00,5.922030000000000349e+00,5.938690000000000246e+00,6.009459999999999802e+00,6.134360000000000035e+00,6.259260000000000268e+00,6.384159999999999613e+00,6.509059999999999846e+00,6.633960000000000079e+00,6.758860000000000312e+00,6.883759999999999657e+00,7.008659999999999890e+00,7.133549999999999613e+00,7.258449999999999847e+00,7.383350000000000080e+00,7.508250000000000313e+00,7.633149999999999658e+00,7.758049999999999891e+00,7.882950000000000124e+00,8.007849999999999469e+00,8.132749999999999702e+00,-7.043000000000000649e-02,-1.656600000000000017e-01,-2.761000000000000121e-01,-3.865399999999999947e-01,-4.969799999999999773e-01,-6.074199999999999600e-01,-7.178600000000000536e-01,-8.283000000000000362e-01,-9.387400000000000189e-01,-1.049180000000000001e+00,-1.159620000000000095e+00,-1.270059999999999967e+00,-1.380500000000000060e+00,-1.490939999999999932e+00,-1.601380000000000026e+00,-1.711819999999999897e+00,-1.822270000000000056e+00,-1.932709999999999928e+00,-2.043149999999999800e+00,-2.153589999999999893e+00,-2.264029999999999987e+00,-2.374470000000000081e+00,-2.484910000000000174e+00,-2.595349999999999824e+00,-2.705789999999999917e+00,-2.816230000000000011e+00,-2.926670000000000105e+00,-3.037110000000000198e+00,0.000000000000000000e+00,0.000000000000000000e+00,0.000000000000000000e+00,0.000000000000000000e+00,0.000000000000000000e+00,0.000000000000000000e+00,0.000000000000000000e+00,0.000000000000000000e+00,0.000000000000000000e+00,0.000000000000000000e+00,0.000000000000000000e+00,0.000000000000000000e+00,0.000000000000000000e+00,0.000000000000000000e+00,0.000000000000000000e+00,0.000000000000000000e+00,0.000000000000000000e+00,0.000000000000000000e+00,0.000000000000000000e+00,0.000000000000000000e+00,0.000000000000000000e+00,0.000000000000000000e+00,0.000000000000000000e+00,0.000000000000000000e+00,0.000000000000000000e+00,0.000000000000000000e+00,0.000000000000000000e+00,0.000000000000000000e+00,7.043000000000000649e-02,1.656600000000000017e-01,2.761000000000000121e-01,3.865399999999999947e-01,4.969799999999999773e-01,6.074199999999999600e-01,7.178600000000000536e-01,8.283000000000000362e-01,9.387400000000000189e-01,1.049180000000000001e+00,1.159620000000000095e+00,1.270059999999999967e+00,1.380500000000000060e+00,1.490939999999999932e+00,1.601380000000000026e+00,1.711819999999999897e+00,1.822270000000000056e+00,1.932709999999999928e+00,2.043149999999999800e+00,2.153589999999999893e+00,2.264029999999999987e+00,2.374470000000000081e+00,2.484910000000000174e+00,2.595349999999999824e+00,2.705789999999999917e+00,2.816230000000000011e+00,2.926670000000000105e+00,3.037110000000000198e+00
Zavg,-5.087800000000000100e-01,-3.917599999999999971e-01,-1.635999999999999954e-01,6.454999999999999627e-02,2.927100000000000257e-01,5.208599999999999897e-01,7.490200000000000191e-01,8.825199999999999712e-01,-5.087800000000000100e-01,-3.917599999999999971e-01,-1.635999999999999954e-01,6.454999999999999627e-02,2.927100000000000257e-01,5.208599999999999897e-01,7.490200000000000191e-01,8.825199999999999712e-01,8.317200000000000149e-01,8.350300000000000500e-01,8.399299999999999544e-01,8.448200000000000154e-01,8.502999999999999448e-01,8.563499999999999446e-01,8.624100000000000099e-01,8.684600000000000097e-01,8.745199999999999640e-01,8.805800000000000294e-01,8.866300000000000292e-01,8.926899999999999835e-01,8.987399999999999833e-01,9.048000000000000487e-01,9.108600000000000030e-01,9.169100000000000028e-01,9.229699999999999571e-01,9.290199999999999569e-01,9.350800000000000223e-01,9.411399999999999766e-01,9.471899999999999764e-01,9.532500000000000417e-01,9.593000000000000416e-01,9.653599999999999959e-01,9.714199999999999502e-01,9.774699999999999500e-01,9.835300000000000153e-01,9.895800000000000152e-01,9.956399999999999695e-01,1.001700000000000035e+00,1.007749999999999924e+00,1.013810000000000100e+00,1.019859999999999989e+00,1.025919999999999943e+00,1.031979999999999897e+00,1.038030000000000008e+00,1.044089999999999963e+00,1.050140000000000073e+00,1.056200000000000028e+00,1.062259999999999982e+00,1.065630000000000077e+00,1.066319999999999935e+00,1.067010000000000014e+00,1.067700000000000093e+00,1.068400000000000016e+00,1.069090000000000096e+00,1.071970000000000089e+00,1.077029999999999932e+00,1.082100000000000062e+00,1.087159999999999904e+00,1.092230000000000034e+00,1.097290000000000099e+00,1.102360000000000007e+00,1.107429999999999914e+00,1.112489999999999979e+00,1.117560000000000109e+00,1.122619999999999951e+00,1.127690000000000081e+00,1.132749999999999924e+00,1.137820000000000054e+00,1.142889999999999961e+00,1.147950000000000026e+00,1.153019999999999934e+00,1.158079999999999998e+00,8.317200000000000149e-01,8.350300000000000500e-01,8.399299999999999544e-01,8.448200000000000154e-01,8.502999999999999448e-01,8.563499999999999446e-01,8.624100000000000099e-01,8.684600000000000097e-01,8.745199999999999640e-01,8.805800000000000294e-01,8.866300000000000292e-01,8.926899999999999835e-01,8.987399999999999833e-01,9.048000000000000487e-01,9.108600000000000030e-01,9.169100000000000028e-01,9.229699999999999571e-01,9.290199999999999569e-01,9.350800000000000223e-01,9.411399999999999766e-01,9.471899999999999764e-01,9.532500000000000417e-01,9.593000000000000416e-01,9.653599999999999959e-01,9.714199999999999502e-01,9.774699999999999500e-01,9.835300000000000153e-01,9.895800000000000152e-01,9.956399999999999695e-01,1.001700000000000035e+00,1.007749999999999924e+00,1.013810000000000100e+00,1.019859999999999989e+00,1.025919999999999943e+00,1.031979999999999897e+00,1.038030000000000008e+00,1.044089999999999963e+00,1.050140000000000073e+00,1.056200000000000028e+00,1.062259999999999982e+00,1.065630000000000077e+00,1.066319999999999935e+00,1.067010000000000014e+00,1.067700000000000093e+00,1.068400000000000016e+00,1.069090000000000096e+00,1.071970000000000089e+00,1.077029999999999932e+00,1.082100000000000062e+00,1.087159999999999904e+00,1.092230000000000034e+00,1.097290000000000099e+00,1.102360000000000007e+00,1.107429999999999914e+00,1.112489999999999979e+00,1.117560000000000109e+00,1.122619999999999951e+00,1.127690000000000081e+00,1.132749999999999924e+00,1.137820000000000054e+00,1.142889999999999961e+00,1.147950000000000026e+00,1.153019999999999934e+00,1.158079999999999998e+00,8.000000000000000444e-01,8.000000000000000444e-01,8.000000000000000444e-01,8.000000000000000444e-01,8.000000000000000444e-01,8.000000000000000444e-01,8.000000000000000444e-01,8.000000000000000444e-01,8.000000000000000444e-01,8.000000000000000444e-01,8.000000000000000444e-01,8.000000000000000444e-01,8.000000000000000444e-01,8.000000000000000444e-01,8.000000000000000444e-01,8.000000000000000444e-01,8.000000000000000444e-01,8.000000000000000444e-01,8.000000000000000444e-01,8.000000000000000444e-01,8.000000000000000444e-01,8.000000000000000444e-01,8.000000000000000444e-01,8.000000000000000444e-01,8.000000000000000444e-01,8.000000000000000444e-01,8.000000000000000444e-01,8.000000000000000444e-01,8.589799999999999658e-01,9.473200000000000509e-01,1.045539999999999914e+00,1.143750000000000044e+00,1.241959999999999953e+00,1.340179999999999927e+00,1.438390000000000057e+00,1.536610000000000031e+00,1.634819999999999940e+00,1.733039999999999914e+00,1.831250000000000044e+00,1.929459999999999953e+00,2.027680000000000149e+00,2.125890000000000057e+00,2.224110000000000031e+00,2.322319999999999940e+00,2.420539999999999914e+00,2.518749999999999822e+00,2.616960000000000175e+00,2.715180000000000149e+00,2.813390000000000057e+00,2.911610000000000031e+00,3.009819999999999940e+00,3.108039999999999914e+00,3.206249999999999822e+00,3.304460000000000175e+00,3.402680000000000149e+00,3.500890000000000057e+00,8.000000000000000444e-01,8.000000000000000444e-01,8.000000000000000444e-01,8.000000000000000444e-01,8.000000000000000444e-01,8.000000000000000444e-01,8.000000000000000444e-01,8.000000000000000444e-01,8.000000000000000444e-01,8.000000000000000444e-01,8.000000000000000444e-01,8.000000000000000444e-01,8.000000000000000444e-01,8.000000000000000444e-01,8.000000000000000444e-01,8.000000000000000444e-01,8.000000000000000444e-01,8.000000000000000444e-01,8.000000000000000444e-01,8.000000000000000444e-01,8.000000000000000444e-01,8.000000000000000444e-01,8.000000000000000444e-01,8.000000000000000444e-01,8.000000000000000444e-01,8.000000000000000444e-01,8.000000000000000444e-01,8.000000000000000444e-01
cd,-5.367771749999999884e+03,4.831732999999999834e+01,-8.952799999999999647e-01,-2.169309999999999850e+00,-3.834709999999999841e+00,-6.523990000000000400e+00,-5.303560000000000052e+00,-1.052655000000000030e+01,-5.125254899999999907e+03,4.631555999999999784e+01,-7.625399999999999956e-01,-1.718360000000000110e+00,-3.184860000000000024e+00,-6.092319999999999958e+00,-5.328319999999999723e+00,-1.158012000000000086e+01,1.060990000000000100e+00,9.715000000000000024e-02,4.257970000000000255e+00,1.959999999999999937e-02,4.219999999999999793e-03,9.730000000000000801e-03,2.356000000000000108e-02,2.719999999999999848e-02,1.311100000000000043e-01,1.346499999999999919e-01,2.651200000000000223e-01,-4.712000000000000216e-02,-4.919999999999999894e-03,1.569999999999999868e-02,3.953000000000000264e-02,3.679999999999999938e-02,2.046999999999999861e-02,1.332000000000000024e-02,6.100000000000000387e-03,1.094000000000000007e-02,9.310000000000000567e-03,2.990000000000000036e-03,1.374000000000000048e-02,1.456999999999999962e-02,2.588000000000000023e-02,1.938000000000000139e-02,3.227000000000000007e-02,-8.676899999999999613e-01,-9.860000000000000708e-03,6.559999999999999859e-03,1.924000000000000016e-02,9.069999999999999937e-03,-5.810000000000000060e-03,1.949999999999999910e-03,-8.109999999999999154e-03,-5.380000000000000233e-03,3.020000000000000115e-03,8.259999999999999981e-03,1.106000000000000039e-02,1.671999999999999875e-02,2.400000000000000050e-02,6.309999999999999637e-03,4.959999999999999999e-03,4.400000000000000265e-03,8.880000000000000740e-03,2.164999999999999911e-02,1.663999999999999854e-02,1.563000000000000153e-02,1.243000000000000008e-02,1.106999999999999998e-02,1.677999999999999978e-02,1.593999999999999931e-02,1.071000000000000077e-02,1.252999999999999947e-02,6.620000000000000016e-03,8.399999999999999481e-03,4.599999999999999922e-03,9.180000000000000659e-03,1.068999999999999985e-02,3.589999999999999875e-03,7.860000000000000667e-03,1.406999999999999917e-02,6.459999999999999597e-03,6.669999999999999540e-02,6.563690000000000246e+00,1.798329999999999984e+00,4.373459999999999681e+00,-1.257109999999999950e+00,-1.264299999999999868e-01,2.895000000000000004e-02,2.996000000000000052e-02,7.341999999999999915e-02,1.657200000000000062e-01,1.677700000000000025e-01,2.843399999999999817e-01,-1.961999999999999855e-02,6.479999999999999649e-03,2.537999999999999978e-02,3.939999999999999752e-02,3.638000000000000261e-02,3.244999999999999968e-02,2.350000000000000006e-02,1.913000000000000117e-02,2.338000000000000148e-02,8.089999999999999969e-03,1.291999999999999919e-02,3.033999999999999891e-02,2.351999999999999924e-02,3.729999999999999982e-02,4.003000000000000308e-02,3.450000000000000289e-02,-8.299499999999999655e-01,-1.431999999999999940e-02,2.474000000000000157e-02,2.741000000000000034e-02,3.212999999999999884e-02,2.478999999999999954e-02,1.915999999999999995e-02,1.519000000000000038e-02,1.810000000000000150e-02,2.042000000000000065e-02,2.339000000000000107e-02,9.830000000000000196e-03,3.366000000000000242e-02,1.145999999999999970e-02,8.389999999999999888e-03,2.799999999999999755e-04,-4.850000000000000144e-03,3.439999999999999915e-03,1.388999999999999957e-02,3.529999999999999805e-02,3.450000000000000289e-02,3.593999999999999972e-02,3.046000000000000096e-02,3.343999999999999750e-02,2.536000000000000060e-02,2.121999999999999928e-02,2.093000000000000069e-02,2.092000000000000109e-02,2.060999999999999985e-02,1.984000000000000000e-02,2.182999999999999871e-02,2.000000000000000042e-02,1.129999999999999928e-02,7.329999999999999710e-03,9.780000000000000498e-03,3.160000000000000048e-03,3.065999999999999975e-02,-7.725999999999999535e-02,3.502999999999999864e-02,-1.821000000000000119e-01,-1.035999999999999976e-01,-4.898999999999999883e-02,-5.398000000000000020e-02,-7.623000000000000609e-02,-6.826000000000000123e-02,-5.815000000000000030e-02,-2.551000000000000142e-02,-2.691999999999999948e-02,-3.384999999999999815e-02,-3.724000000000000227e-02,-2.605999999999999983e-02,-2.821999999999999856e-02,-2.249999999999999917e-02,-2.840000000000000163e-02,-1.298000000000000022e-02,-7.889999999999999444e-03,-1.111000000000000008e-02,-1.389999999999999960e-03,-3.910000000000000281e-03,-8.729999999999999913e-03,-1.997000000000000164e-02,-1.900999999999999912e-02,-5.389999999999999826e-03,6.300000000000000261e-04,1.270000000000000078e-03,-1.030699999999999950e-01,1.348900000000000099e-01,3.572999999999999787e-02,-1.196000000000000014e-02,-6.454999999999999627e-02,-4.768000000000000016e-02,-1.047000000000000014e-02,-4.211400000000000143e-01,-3.562000000000000166e-01,-4.934999999999999803e-02,-2.075000000000000108e-02,-8.061999999999999722e-02,-1.099099999999999938e-01,-1.086499999999999966e-01,-9.439999999999999780e-02,-6.882000000000000617e-02,-3.457999999999999963e-02,3.579999999999999849e-02,-1.814399999999999902e-01,-6.493000000000000160e-02,-6.343000000000000027e-02,-4.721999999999999809e-02,-3.121000000000000163e-02,-4.209999999999999853e-02,-4.467999999999999750e-02,-3.389000000000000346e-02,-1.765999999999999862e-02,-1.410999999999999928e-02,-6.897999999999999965e-02,-2.355000000000000149e-02,-4.675599999999999756e-01,-1.022300000000000014e-01,2.133200000000000096e-01,3.263699999999999934e-01,2.792499999999999982e-01,-1.594800000000000106e-01,-1.869800000000000073e-01,2.631999999999999965e-02,-4.300000000000000003e-03,-1.125999999999999918e-02,-2.987000000000000072e-02,-1.371999999999999956e-02,-1.225000000000000047e-02,-2.571000000000000021e-02,-2.449000000000000135e-02,1.634999999999999995e-02,1.861000000000000154e-02,-1.726000000000000104e-02,-4.610000000000000382e-03,-3.454000000000000126e-02,-3.307999999999999829e-02,-2.946999999999999967e-02,-1.762999999999999984e-02,-1.670000000000000043e-03,-9.820000000000000603e-03,-3.776999999999999802e-02
cd*c/cref,-8.320188896491227979e+02,7.426638197554491505e+00,-1.352962747474747429e-01,-3.222249941520466954e-01,-5.596923356725146403e-01,-9.353480187134501911e-01,-7.466713233386496062e-01,-1.468680373205741629e+00,-7.944281332503986732e+02,7.118955187240828764e+00,-1.152363744816587016e-01,-2.552417777777777341e-01,-4.648439470494418191e-01,-8.734592544391279745e-01,-7.501572048910153390e-01,-1.615676072727272761e+00,1.222163462307283455e+00,1.129248668261562949e-01,4.919551239872408388e+00,2.250821903242955502e-02,4.812056353003720324e-03,1.100596975013290978e-02,2.643391919191919598e-02,3.026878468899521848e-02,1.448629580542264983e-01,1.375190972886762009e-01,2.876502668793194939e-01,-5.071023838383838245e-02,-5.249830940988835931e-03,1.660878043593832717e-02,4.145606299840510350e-02,3.825615311004784691e-02,2.109258835725677864e-02,1.360318277511961618e-02,6.173842105263157264e-03,1.097227910685805510e-02,9.252239393939393902e-03,2.944077033492822904e-03,1.340318373205741549e-02,1.407953088782562361e-02,2.477187921318447367e-02,1.837277575757575998e-02,3.029760132908027731e-02,-8.067118282296650289e-01,-9.076861244019138533e-03,5.978946517809675953e-03,1.735967612971823712e-02,8.100604572036150183e-03,-5.135873205741625994e-03,1.705902711323763806e-03,-7.020604093567250903e-03,-4.608094417862839028e-03,2.559068686868686774e-03,6.923777033492822981e-03,9.169627857522594239e-03,1.370933333333333205e-02,1.955547049441786270e-02,5.134548644338117647e-03,4.030573524720893440e-03,3.570690058479532476e-03,7.196529505582137907e-03,1.752176741095162055e-02,1.338940563530036966e-02,1.244791148325359066e-02,9.796967836257310103e-03,8.633893779904306190e-03,1.294905730994152029e-02,1.216948240297713660e-02,8.088412918660288151e-03,9.359663530037214477e-03,4.890459011164274145e-03,6.136242424242423395e-03,3.322417862838915152e-03,6.554793301435405881e-03,7.544889473684210715e-03,2.504220627325890163e-03,5.418051355661882874e-03,9.582784529505580448e-03,4.346573737373736999e-03,4.432943700159489714e-02,7.560770691440722224e+00,2.090336343381180129e+00,5.052985475598085863e+00,-1.443638123870281564e+00,-1.441678399787346687e-01,3.274643620414673106e-02,3.361461031366295288e-02,8.170346220095695000e-02,1.831034200956938029e-01,1.713448121212121089e-01,3.085036092503986582e-01,-2.111491674641147870e-02,6.914411483253588703e-03,2.684909856459330099e-02,4.131972886762359798e-02,3.781953397129186878e-02,3.343695614035088054e-02,2.399960925039872420e-02,1.936157368421052502e-02,2.344898405103668440e-02,8.039808452950557988e-03,1.272156363636363363e-02,2.959625869218500405e-02,2.272824752791068395e-02,3.570290164805953875e-02,3.794954662413609764e-02,3.239129984051036804e-02,-7.716240614035086987e-01,-1.318262200956937802e-02,2.254864891015417525e-02,2.473122259436470044e-02,2.869596746411483268e-02,2.191364832535884835e-02,1.676158766613503395e-02,1.314956549707602292e-02,1.550306858054226709e-02,1.730337171717171579e-02,1.960619186602870906e-02,8.149859117490696608e-03,2.759905263157894778e-02,9.337737161084528129e-03,6.827078149920254475e-03,2.275323763955342503e-04,-3.935874269005847775e-03,2.787844763423710792e-03,1.124144800637958373e-02,2.840420786815523249e-02,2.747619617224880684e-02,2.832687240829346101e-02,2.375685677830940978e-02,2.580551111111110962e-02,1.936123423710791810e-02,1.602578171185539690e-02,1.563429829877724733e-02,1.545444146730462487e-02,1.505570909090908974e-02,1.432973269537479895e-02,1.558726990962253783e-02,1.411578947368421003e-02,7.882365762892078187e-03,5.052712014885699446e-03,6.660954704944178732e-03,2.126187772461456647e-03,2.037691961722487913e-02,-6.801878394471025380e-02,3.048131446039340636e-02,-1.561413110047847053e-01,-8.751528761297182324e-02,-4.076171148325358207e-02,-4.422801509835194017e-02,-6.148976842105263740e-02,-5.419394013822435158e-02,-4.542841228070175486e-02,-1.960513343965975680e-02,-2.034671132376395311e-02,-2.515463503455608527e-02,-2.720084040404040573e-02,-1.870362636895268188e-02,-1.989547506645401517e-02,-1.557691387559808661e-02,-1.930082721956406441e-02,-8.656369590643274436e-03,-5.161637161084529565e-03,-7.127056140350877290e-03,-8.740225412014884787e-04,-2.408921690590112071e-03,-5.267564114832535595e-03,-1.179599553429027357e-02,-1.098749702286018134e-02,-3.046854385964912256e-03,3.481244019138756102e-04,6.856379585326954993e-04,-1.025094438596491214e-01,1.317777054758107469e-01,3.426527894736842300e-02,-1.125530738968633787e-02,-5.958949893673576997e-02,-4.316117299308878247e-02,-9.290079425837319965e-03,-3.661298468899521485e-01,-3.032869728867623738e-01,-4.113444497607655903e-02,-1.692377060074428535e-02,-6.430870101010099926e-02,-8.570233710792131421e-02,-8.277212307283360326e-02,-7.022436576289207977e-02,-4.996163700159490101e-02,-2.448433131313131061e-02,2.470637745879850772e-02,-1.219641416267942535e-01,-4.248203173843700248e-02,-4.036353381180223659e-02,-2.920184210526315452e-02,-1.874159670388091808e-02,-2.452632748538011512e-02,-2.522840404040403717e-02,-1.852833503455608710e-02,-9.338581711855396122e-03,-7.208402179691653089e-03,-6.072917054758107669e-02,-2.049200558213716203e-02,-4.009084644338117842e-01,-8.635799085592769930e-02,1.774910858054226381e-01,2.674082491228070291e-01,2.252527591706539045e-01,-1.266166066985646155e-01,-1.460740245614035038e-01,2.022764061669324667e-02,-3.250031897926634536e-03,-8.367538862307281888e-03,-2.181764508240297690e-02,-9.847035832004252462e-03,-8.636412812333866401e-03,-1.779922025518341361e-02,-1.664356544391281528e-02,1.090382456140350995e-02,1.217466002126528501e-02,-1.107227623604465847e-02,-2.898736629452419288e-03,-2.127983508771930099e-02,-1.996002530568845995e-02,-1.740751068580542391e-02,-1.018987756512493466e-02,-9.440161084529506089e-04,-5.426320042530569446e-03,-2.039098086124402007e-02
cdi,-5.367826649999999972e+03,4.830977000000000032e+01,-9.023799999999999599e-01,-2.176649999999999974e+00,-3.841740000000000155e+00,-6.530969999999999942e+00,-5.310679999999999623e+00,-1.053415999999999997e+01,-5.125304479999999785e+03,4.630658999999999992e+01,-7.696699999999999653e-01,-1.725840000000000041e+00,-3.191980000000000040e+00,-6.099310000000000009e+00,-5.335359999999999658e+00,-1.158755999999999986e+01,1.054859999999999909e+00,8.933000000000000662e-02,4.249559999999999782e+00,1.086999999999999945e-02,-4.760000000000000342e-03,5.000000000000000104e-04,1.410999999999999928e-02,1.754999999999999963e-02,1.213000000000000050e-01,1.239999999999999991e-01,2.550399999999999889e-01,-5.732000000000000289e-02,-1.523000000000000048e-02,5.279999999999999971e-03,2.901000000000000106e-02,2.616999999999999882e-02,9.730000000000000801e-03,2.459999999999999947e-03,-4.859999999999999737e-03,-1.299999999999999886e-04,-1.850000000000000082e-03,-8.279999999999999166e-03,2.370000000000000145e-03,3.109999999999999917e-03,1.433000000000000072e-02,7.760000000000000404e-03,2.058000000000000107e-02,-8.794199999999999795e-01,-2.162999999999999992e-02,-5.259999999999999919e-03,7.369999999999999815e-03,-2.830000000000000050e-03,-1.772999999999999923e-02,-9.950000000000000511e-03,-1.999000000000000082e-02,-1.721999999999999920e-02,-8.779999999999999610e-03,-3.490000000000000047e-03,-5.999999999999999474e-04,5.150000000000000064e-03,1.246000000000000059e-02,-5.199999999999999761e-03,-6.510000000000000162e-03,-7.040000000000000251e-03,-2.540000000000000157e-03,1.026999999999999962e-02,5.300000000000000024e-03,4.400000000000000265e-03,1.330000000000000019e-03,1.100000000000000039e-04,5.950000000000000427e-03,5.259999999999999919e-03,2.000000000000000096e-04,2.210000000000000159e-03,-3.480000000000000020e-03,-1.449999999999999900e-03,-4.959999999999999999e-03,-6.000000000000000152e-05,1.789999999999999925e-03,-4.919999999999999894e-03,-2.100000000000000087e-04,6.510000000000000162e-03,-4.899999999999999842e-04,6.040000000000000230e-02,6.557979999999999698e+00,1.792119999999999935e+00,4.367580000000000240e+00,-1.262489999999999890e+00,-1.344299999999999939e-01,2.009999999999999981e-02,2.076000000000000068e-02,6.410000000000000420e-02,1.563900000000000012e-01,1.578799999999999926e-01,2.750600000000000267e-01,-2.891000000000000167e-02,-2.830000000000000050e-03,1.602999999999999911e-02,2.999999999999999889e-02,2.690999999999999989e-02,2.290999999999999981e-02,1.391000000000000049e-02,9.469999999999999252e-03,1.363999999999999935e-02,-1.729999999999999984e-03,3.030000000000000141e-03,2.036999999999999922e-02,1.346999999999999933e-02,2.717999999999999930e-02,2.986000000000000112e-02,2.428999999999999909e-02,-8.401800000000000379e-01,-2.455999999999999850e-02,1.450000000000000074e-02,1.718000000000000083e-02,2.181999999999999912e-02,1.442000000000000053e-02,8.819999999999999715e-03,4.890000000000000249e-03,7.860000000000000667e-03,1.021000000000000033e-02,1.324000000000000003e-02,-2.500000000000000052e-04,2.366000000000000048e-02,1.490000000000000005e-03,-1.559999999999999972e-03,-9.650000000000000591e-03,-1.474999999999999922e-02,-6.440000000000000412e-03,4.040000000000000188e-03,2.546999999999999958e-02,2.476000000000000076e-02,2.631999999999999965e-02,2.089999999999999844e-02,2.398000000000000131e-02,1.599000000000000074e-02,1.196999999999999974e-02,1.182000000000000065e-02,1.196000000000000014e-02,1.182000000000000065e-02,1.123999999999999999e-02,1.345999999999999974e-02,1.188999999999999953e-02,3.480000000000000020e-03,-1.600000000000000131e-04,2.670000000000000064e-03,-3.510000000000000099e-03,2.449000000000000135e-02,-8.275000000000000411e-02,2.954000000000000029e-02,-1.875999999999999890e-01,-1.091099999999999987e-01,-5.451000000000000290e-02,-5.951000000000000040e-02,-8.179000000000000159e-02,-7.383000000000000673e-02,-6.374000000000000499e-02,-3.110999999999999877e-02,-3.253999999999999948e-02,-3.948999999999999733e-02,-4.288999999999999757e-02,-3.171999999999999820e-02,-3.389999999999999958e-02,-2.818999999999999978e-02,-3.411000000000000143e-02,-1.868999999999999828e-02,-1.361000000000000057e-02,-1.685000000000000039e-02,-7.139999999999999646e-03,-9.679999999999999369e-03,-1.451000000000000033e-02,-2.577000000000000124e-02,-2.481999999999999831e-02,-1.122000000000000081e-02,-5.210000000000000221e-03,-4.579999999999999870e-03,-1.091099999999999987e-01,1.287899999999999878e-01,2.960000000000000131e-02,-1.811000000000000110e-02,-7.069999999999999896e-02,-5.381999999999999978e-02,-1.659000000000000058e-02,-4.272299999999999986e-01,-3.622600000000000264e-01,-5.537000000000000255e-02,-2.673000000000000029e-02,-8.656999999999999418e-02,-1.158300000000000024e-01,-1.145300000000000068e-01,-1.002600000000000019e-01,-7.467000000000000026e-02,-4.041999999999999760e-02,2.997000000000000011e-02,-1.872800000000000020e-01,-7.076999999999999957e-02,-6.926999999999999824e-02,-5.306999999999999912e-02,-3.708000000000000185e-02,-4.796999999999999875e-02,-5.056000000000000077e-02,-3.978000000000000286e-02,-2.356000000000000108e-02,-2.001000000000000001e-02,-7.452999999999999903e-02,-2.909000000000000127e-02,-4.730900000000000105e-01,-1.077599999999999947e-01,2.077799999999999925e-01,3.208300000000000041e-01,2.737100000000000088e-01,-1.650300000000000100e-01,-1.925499999999999989e-01,2.071999999999999884e-02,-9.919999999999999998e-03,-1.689999999999999836e-02,-3.554999999999999827e-02,-1.941999999999999976e-02,-1.797999999999999945e-02,-3.146000000000000185e-02,-3.025999999999999870e-02,1.055999999999999994e-02,1.281000000000000021e-02,-2.307000000000000023e-02,-1.043999999999999963e-02,-4.037000000000000310e-02,-3.891000000000000014e-02,-3.531000000000000111e-02,-2.347000000000000128e-02,-7.519999999999999775e-03,-1.566000000000000031e-02,-4.361999999999999905e-02
cdi*c/cref,-8.320273992950558295e+02,7.425476184157362880e+00,-1.363692391281233485e-01,-3.233152631578947167e-01,-5.607183942583732206e-01,-9.363487451355659852e-01,-7.476737254651780740e-01,-1.469742132057416217e+00,-7.944358182821902119e+02,7.117576449122806181e+00,-1.163138725146198871e-01,-2.563528421052631567e-01,-4.658831415204678361e-01,-8.744614145667196636e-01,-7.511483440723019100e-01,-1.616714112918660184e+00,1.215102262838915204e+00,1.038350834130781636e-01,4.909834537799042664e+00,1.248287453482190175e-02,-5.427817118553960631e-03,5.655688463583200334e-04,1.583117995746943438e-02,1.953004306220096006e-02,1.340239250398724269e-01,1.266421690590111560e-01,2.767136544391280983e-01,-6.168741222753854059e-02,-1.625100106326422128e-02,5.585628070175438845e-03,3.042348564593301205e-02,2.720553062200957092e-02,1.002593476874003367e-02,2.512299521531100380e-03,-4.918831578947367722e-03,-1.303835725677830910e-04,-1.838522328548644440e-03,-8.152828708133968982e-03,2.311902870813397314e-03,3.005308240297713956e-03,1.371642307283359868e-02,7.356694524189261002e-03,1.932211451355661871e-02,-8.176174854864433073e-01,-1.991201913875598195e-02,-4.794094311536416936e-03,6.649730409356725130e-03,-2.527531525784157494e-03,-1.567281100478468830e-02,-8.704477937267411647e-03,-1.730479356725146342e-02,-1.474932822966507247e-02,-7.439941414141413266e-03,-2.925421531100478364e-03,-4.974481658692184779e-04,4.222671451355661937e-03,1.015254843168527342e-02,-4.231323763955342071e-03,-5.290127751196172477e-03,-5.713104093567251268e-03,-2.058466772993088924e-03,8.311711376927165967e-03,4.264654439128123288e-03,3.504210526315789786e-03,1.048267676767676918e-03,8.579298245614036175e-05,4.591590643274853951e-03,4.015776501860711389e-03,1.510441254651781224e-04,1.650826528442318102e-03,-2.570815311004784592e-03,-1.059232323232323081e-03,-3.582433173843699737e-03,-4.284178628389154436e-05,1.263363157894736768e-03,-3.431968102073365036e-03,-1.447570972886762437e-04,4.433825677830940427e-03,-3.296936735778841052e-04,4.014239872408293525e-02,7.554193293567250223e+00,2.083117985964912044e+00,5.046191871770335347e+00,-1.449816400318979071e+00,-1.532902216905900894e-01,2.273586762360446656e-02,2.329236682615630494e-02,7.133195215311005644e-02,1.727947373205741821e-01,1.612440778309409684e-01,2.984349819245082358e-01,-3.111275449229133211e-02,-3.019719829877724835e-03,1.695788219032429503e-02,3.146172248803827398e-02,2.797481196172248857e-02,2.360680015948963401e-02,1.420572615629983951e-02,9.584636842105261068e-03,1.368024561403508726e-02,-1.719266826156299732e-03,2.983462679425837299e-03,1.987065885167463991e-02,1.301656012759170623e-02,2.601621626794257958e-02,2.830810547581073811e-02,2.280535284423178960e-02,-7.811351333333332869e-01,-2.260930143540669512e-02,1.321565922381711874e-02,1.550099978734715764e-02,1.948789324827219366e-02,1.274686602870813389e-02,7.715929186602870152e-03,4.233138596491227944e-03,6.732271770334929267e-03,8.651685858585857897e-03,1.109816076555023880e-02,-2.072700691121743839e-04,1.939969059011164079e-02,1.214068793195108775e-03,-1.269397129186602838e-03,-7.841740829346093358e-03,-1.196992690058479476e-02,-5.219104731525784843e-03,3.269650824029771315e-03,2.049448086124401602e-02,1.971914832535885329e-02,2.074466560340244500e-02,1.630066666666666469e-02,1.850526783625731225e-02,1.220765518341307768e-02,9.039990909090909674e-03,8.829307496012760159e-03,8.835330781499202771e-03,8.634569696969697158e-03,8.118255821371609185e-03,9.610840723019669143e-03,8.391836842105261998e-03,2.427489633173843774e-03,-1.102911217437533485e-04,1.818481499202551739e-03,-2.361683253588516777e-03,1.627628054226475454e-02,-7.285211456671983332e-02,2.570419723551302382e-02,-1.608572759170653621e-01,-9.216981690590110576e-02,-4.535458038277511567e-02,-4.875896959064327657e-02,-6.597465773524721633e-02,-5.861615295055822017e-02,-4.979547719298246106e-02,-2.390888676236044633e-02,-2.459442743221690666e-02,-2.934583567251461758e-02,-3.132771334396597385e-02,-2.276588750664539779e-02,-2.389995055821371797e-02,-1.951614231791600276e-02,-2.318138086124402197e-02,-1.246437192982456123e-02,-8.903660552897395275e-03,-1.080926156299840540e-02,-4.489583413078149926e-03,-5.963775438596491743e-03,-8.755138064859117192e-03,-1.522197320574162835e-02,-1.434559053694843198e-02,-6.342431578947369149e-03,-2.878933545986177896e-03,-2.472615629984051093e-03,-1.085165947368421091e-01,1.258184497607655328e-01,2.838657309941520698e-02,-1.704294455077086726e-02,-6.526688729399254818e-02,-4.871926028708133821e-02,-1.472038373205741650e-02,-3.714243588516746297e-01,-3.084467681020733876e-01,-4.615226379585327804e-02,-2.180107894736842133e-02,-6.905487777777777336e-02,-9.031845789473684494e-02,-8.725164524189261972e-02,-7.458363253588516650e-02,-5.420859393939394394e-02,-2.861933694843168258e-02,2.068296459330143389e-02,-1.258897952153109900e-01,-4.630299377990430842e-02,-4.407980430622009810e-02,-3.281960526315789300e-02,-2.226653014354067206e-02,-2.794603157894736539e-02,-2.854852525252525239e-02,-2.174851483253588749e-02,-1.245849292929293063e-02,-1.022254625199362117e-02,-6.561532445507708977e-02,-2.531263024986709145e-02,-4.056501527910685856e-01,-9.102941499202550635e-02,1.728815760765549936e-01,2.628691012227538648e-01,2.207840025518341409e-01,-1.310229408293460962e-01,-1.504254649122807042e-01,1.592388729399255715e-02,-7.497748006379585488e-03,-1.255873950026581420e-02,-2.596643062200956753e-02,-1.393800552897394955e-02,-1.267613896863370622e-02,-2.177998713450292681e-02,-2.056489548112706151e-02,7.042470175438596269e-03,8.380300637958533472e-03,-1.479938660287081348e-02,-6.564600956937798396e-03,-2.487165438596491626e-02,-2.347776858054226312e-02,-2.085711578947368680e-02,-1.356531063264221348e-02,-4.250898883572567892e-03,-8.653377990430623223e-03,-2.354923444976076558e-02
cdo,5.491000000000000048e-02,7.559999999999999880e-03,7.100000000000000408e-03,7.340000000000000170e-03,7.029999999999999791e-03,6.980000000000000093e-03,7.119999999999999593e-03,7.620000000000000037e-03,4.957000000000000295e-02,8.970000000000000542e-03,7.130000000000000053e-03,7.479999999999999670e-03,7.119999999999999593e-03,7.000000000000000146e-03,7.040000000000000251e-03,7.440000000000000432e-03,6.139999999999999625e-03,7.820000000000000562e-03,8.410000000000000808e-03,8.729999999999999913e-03,8.980000000000000135e-03,9.230000000000000357e-03,9.450000000000000067e-03,9.650000000000000591e-03,9.809999999999999276e-03,1.064999999999999974e-02,1.009000000000000001e-02,1.020000000000000073e-02,1.030999999999999972e-02,1.041000000000000085e-02,1.051999999999999984e-02,1.063000000000000056e-02,1.073999999999999955e-02,1.085999999999999986e-02,1.095999999999999926e-02,1.106000000000000039e-02,1.115999999999999978e-02,1.127000000000000050e-02,1.136000000000000031e-02,1.145999999999999970e-02,1.153999999999999991e-02,1.162000000000000012e-02,1.169000000000000074e-02,1.174000000000000044e-02,1.178000000000000054e-02,1.182000000000000065e-02,1.187000000000000034e-02,1.190000000000000085e-02,1.191000000000000045e-02,1.191000000000000045e-02,1.187999999999999994e-02,1.183999999999999983e-02,1.179999999999999973e-02,1.175000000000000003e-02,1.166000000000000023e-02,1.158000000000000002e-02,1.153999999999999991e-02,1.150999999999999940e-02,1.148000000000000062e-02,1.145000000000000011e-02,1.141999999999999960e-02,1.137999999999999949e-02,1.133999999999999939e-02,1.123000000000000040e-02,1.110000000000000049e-02,1.095999999999999926e-02,1.082999999999999935e-02,1.068000000000000026e-02,1.051999999999999984e-02,1.031999999999999931e-02,1.009999999999999960e-02,9.849999999999999381e-03,9.549999999999999462e-03,9.239999999999999949e-03,8.899999999999999925e-03,8.510000000000000203e-03,8.070000000000000784e-03,7.559999999999999880e-03,6.949999999999999581e-03,6.309999999999999637e-03,5.709999999999999798e-03,6.210000000000000242e-03,5.879999999999999810e-03,5.380000000000000233e-03,8.000000000000000167e-03,8.840000000000000635e-03,9.199999999999999845e-03,9.320000000000000159e-03,9.329999999999999752e-03,9.889999999999999486e-03,9.289999999999999647e-03,9.289999999999999647e-03,9.310000000000000567e-03,9.350000000000000672e-03,9.400000000000000369e-03,9.469999999999999252e-03,9.539999999999999869e-03,9.589999999999999566e-03,9.660000000000000184e-03,9.740000000000000394e-03,9.820000000000000603e-03,9.889999999999999486e-03,9.969999999999999696e-03,1.004999999999999991e-02,1.012000000000000052e-02,1.017000000000000022e-02,1.021000000000000033e-02,1.022999999999999951e-02,1.024000000000000084e-02,1.024000000000000084e-02,1.022999999999999951e-02,1.030999999999999972e-02,1.037000000000000074e-02,1.034000000000000023e-02,1.030000000000000013e-02,1.025000000000000043e-02,1.021000000000000033e-02,1.014999999999999930e-02,1.008000000000000042e-02,1.000000000000000021e-02,9.969999999999999696e-03,9.950000000000000511e-03,9.919999999999999998e-03,9.900000000000000813e-03,9.879999999999999893e-03,9.860000000000000708e-03,9.830000000000000196e-03,9.740000000000000394e-03,9.620000000000000079e-03,9.560000000000000789e-03,9.459999999999999659e-03,9.369999999999999857e-03,9.249999999999999542e-03,9.110000000000000042e-03,8.959999999999999215e-03,8.789999999999999203e-03,8.600000000000000006e-03,8.370000000000000703e-03,8.109999999999999154e-03,7.820000000000000562e-03,7.490000000000000130e-03,7.110000000000000001e-03,6.669999999999999714e-03,6.170000000000000137e-03,5.490000000000000088e-03,5.499999999999999681e-03,5.499999999999999681e-03,5.510000000000000141e-03,5.519999999999999733e-03,5.539999999999999786e-03,5.550000000000000246e-03,5.570000000000000298e-03,5.590000000000000351e-03,5.599999999999999943e-03,5.619999999999999996e-03,5.629999999999999588e-03,5.649999999999999641e-03,5.660000000000000100e-03,5.680000000000000153e-03,5.689999999999999745e-03,5.700000000000000205e-03,5.720000000000000258e-03,5.729999999999999850e-03,5.740000000000000310e-03,5.760000000000000363e-03,5.769999999999999955e-03,5.780000000000000415e-03,5.799999999999999600e-03,5.810000000000000060e-03,5.830000000000000113e-03,5.839999999999999705e-03,5.850000000000000165e-03,6.040000000000000230e-03,6.089999999999999927e-03,6.130000000000000032e-03,6.150000000000000085e-03,6.150000000000000085e-03,6.139999999999999625e-03,6.109999999999999980e-03,6.089999999999999927e-03,6.049999999999999822e-03,6.020000000000000177e-03,5.980000000000000072e-03,5.950000000000000427e-03,5.919999999999999915e-03,5.879999999999999810e-03,5.859999999999999758e-03,5.839999999999999705e-03,5.839999999999999705e-03,5.830000000000000113e-03,5.830000000000000113e-03,5.839999999999999705e-03,5.850000000000000165e-03,5.850000000000000165e-03,5.859999999999999758e-03,5.870000000000000218e-03,5.879999999999999810e-03,5.890000000000000270e-03,5.899999999999999863e-03,5.910000000000000323e-03,5.550000000000000246e-03,5.539999999999999786e-03,5.539999999999999786e-03,5.530000000000000193e-03,5.530000000000000193e-03,5.539999999999999786e-03,5.539999999999999786e-03,5.550000000000000246e-03,5.570000000000000298e-03,5.590000000000000351e-03,5.619999999999999996e-03,5.649999999999999641e-03,5.680000000000000153e-03,5.700000000000000205e-03,5.729999999999999850e-03,5.749999999999999903e-03,5.769999999999999955e-03,5.790000000000000008e-03,5.799999999999999600e-03,5.810000000000000060e-03,5.819999999999999653e-03,5.830000000000000113e-03,5.830000000000000113e-03,5.839999999999999705e-03,5.839999999999999705e-03,5.850000000000000165e-03,5.850000000000000165e-03,5.850000000000000165e-03
cdo*c/cref,8.511195959595959162e-03,1.162013397129186458e-03,1.072964380648591242e-03,1.090269005847953028e-03,1.026058585858585868e-03,1.000726422115895582e-03,1.002402126528442348e-03,1.063154066985645945e-03,7.683481765018607308e-03,1.378738118022328468e-03,1.077498032961190936e-03,1.111064327485379892e-03,1.039194471026049990e-03,1.003593833067517203e-03,9.911391812865498301e-04,1.038040191387559720e-03,7.072718553960658135e-03,9.089783413078150395e-03,9.716702073365231229e-03,1.002534449760765500e-02,1.023987347155768182e-02,1.044040090377458888e-02,1.060273923444976334e-02,1.073874162679426016e-02,1.083903301435406620e-02,1.087692822966507093e-02,1.094746225412014835e-02,1.097717384370015987e-02,1.100117012227538535e-02,1.101257352472089293e-02,1.103257735247208798e-02,1.105062248803827946e-02,1.106665358851674670e-02,1.109088325358851580e-02,1.109267368421052412e-02,1.109263317384370090e-02,1.109076172248803747e-02,1.109690574162679362e-02,1.108152599681020735e-02,1.107422264752790965e-02,1.104588431685273736e-02,1.101608123338649638e-02,1.097548681552365860e-02,1.091495449229133372e-02,1.084436363636363636e-02,1.077304082934609289e-02,1.070994572036151025e-02,1.062813609782030898e-02,1.052809808612440064e-02,1.041912886762360463e-02,1.028418947368421078e-02,1.014123381180223257e-02,9.999010101010100474e-03,9.849198564593300911e-03,9.667076023391812933e-03,9.494861244019138502e-03,9.402922062732587544e-03,9.365872408293460585e-03,9.328827432216905968e-03,9.291909356725146923e-03,9.254996278575225097e-03,9.210056034024454580e-03,9.124751196172247239e-03,8.943700956937800442e-03,8.748700159489633185e-03,8.548100797448165977e-03,8.357466666666665475e-03,8.153705901116426943e-03,7.944920999468368591e-03,7.708837001594896592e-03,7.461274322169058303e-03,7.195474747474746476e-03,6.897628389154703520e-03,6.597635087719297235e-03,6.281526315789473514e-03,5.936188729399255633e-03,5.562808452950559687e-03,5.148958851674640888e-03,4.676267410951621267e-03,4.193684370015948910e-03,6.577397873471556820e-03,7.218357416267942757e-03,6.793603827751195333e-03,6.178276448697500936e-03,9.122381711855394662e-03,9.999257203615099718e-03,1.032224348750664621e-02,1.037151004784689183e-02,1.030868277511961736e-02,1.010073429027113015e-02,1.007947713981924287e-02,9.997837745879849941e-03,9.934131313131314839e-03,9.891216374269005962e-03,9.858006379585325732e-03,9.844722009569378471e-03,9.830155980861244799e-03,9.793883094098882955e-03,9.776936842105262218e-03,9.768738437001595401e-03,9.759075279106858153e-03,9.738100956937797634e-03,9.725599840510365870e-03,9.711687400318979452e-03,9.686685380116959176e-03,9.641441148325359534e-03,9.585946996278574966e-03,9.511071929824560511e-03,9.426679425837320575e-03,9.332989686337056501e-03,9.230222807017544537e-03,9.208074215842637286e-03,9.166782296650717934e-03,9.045658479532163801e-03,8.916426900584795839e-03,8.779362041467305908e-03,8.651685858585857897e-03,8.508031100478468528e-03,8.357129186602871643e-03,8.199362041467303519e-03,8.123668367889419137e-03,8.096475279106857964e-03,8.061147049441786880e-03,8.034052631578948722e-03,8.006949494949495635e-03,7.979890377458798492e-03,7.909727006911216468e-03,7.757047846889952684e-03,7.582206804891016005e-03,7.456190111642744221e-03,7.300243274853800840e-03,7.153579053694842163e-03,6.985790802764487231e-03,6.804990802764488041e-03,6.619110685805421231e-03,6.421139393939392578e-03,6.211476874003188896e-03,5.976429186602870425e-03,5.723952631578947160e-03,5.454876129718235281e-03,5.163003136629452754e-03,4.842473205741626777e-03,4.487871026049973858e-03,4.100639074960128055e-03,4.833330622009569984e-03,4.785818713450291743e-03,4.715964912280701075e-03,4.654529292929292933e-03,4.592868899521530129e-03,4.539147900053163397e-03,4.476822966507177336e-03,4.422212812333865123e-03,4.367064912280701865e-03,4.303753322700691261e-03,4.247716108452950085e-03,4.183769431153640944e-03,4.126872939925570714e-03,4.062261137692716774e-03,4.004475491759702799e-03,3.939228442317916148e-03,3.873757575757575972e-03,3.814671345029239935e-03,3.748565390749601222e-03,3.682205422647528113e-03,3.621848803827751317e-03,3.554853748006380106e-03,3.487573950026581597e-03,3.425977671451355643e-03,3.358093514088251064e-03,3.295577192982456459e-03,3.227057947900053344e-03,3.158253588516746809e-03,6.007150877192983345e-03,5.949486443381179351e-03,5.878705847953216886e-03,5.787637161084530253e-03,5.677388357256778206e-03,5.558087293992556611e-03,5.421431259968101726e-03,5.294511961722488114e-03,5.151280701754385773e-03,5.017818819776714671e-03,4.877308346624135982e-03,4.746176767676768028e-03,4.616120786815523791e-03,4.479522169059011252e-03,4.359266772993088471e-03,4.239697182349813805e-03,4.135005635300371962e-03,4.023412865497075566e-03,3.918931578947367975e-03,3.820962041467304213e-03,3.722633971291866312e-03,3.617763157894736317e-03,3.518928442317915961e-03,3.419704093567251142e-03,3.320121212121211751e-03,3.220179797979798222e-03,3.119911217437533208e-03,3.019252791068580914e-03,4.886153907496013082e-03,4.820624667729930292e-03,4.750262838915469965e-03,4.671424136097820055e-03,4.601189314194576926e-03,4.539147900053163397e-03,4.468756618819776615e-03,4.406334130781499811e-03,4.351440350877193441e-03,4.296068048910154681e-03,4.247716108452950085e-03,4.198631844763423687e-03,4.148785539606592368e-03,4.090969696969697089e-03,4.039726156299840686e-03,3.980766879319511467e-03,3.921330037214247957e-03,3.861354385964912376e-03,3.794359383306751543e-03,3.727110366826156315e-03,3.659576395534290105e-03,3.591819298245614404e-03,3.517743274853801002e-03,3.449605103668261594e-03,3.375433067517277959e-03,3.306882775119617500e-03,3.232583732057416667e-03,3.158253588516746809e-03
cl,-3.478866601999999693e+04,9.645229600000000119e+02,1.766099999999999892e-01,3.796300000000000230e-01,3.857300000000000173e-01,4.817600000000000215e-01,5.216600000000000126e-01,3.217699999999999783e+00,-3.333521536999999807e+04,9.225751699999999573e+02,1.621599999999999986e-01,3.782200000000000006e-01,3.536900000000000044e-01,5.056500000000000439e-01,6.207799999999999985e-01,3.600890000000000146e+00,-3.814000000000000168e-01,1.271800000000000042e+00,-1.895199999999999996e+00,-8.885499999999999510e-01,7.391100000000000447e-01,8.006600000000000383e-01,8.857500000000000373e-01,9.643500000000000405e-01,9.736099999999999755e-01,1.055060000000000109e+00,1.028750000000000053e+00,9.422500000000000320e-01,9.218100000000000183e-01,9.102299999999999836e-01,9.243799999999999795e-01,9.383799999999999919e-01,9.418299999999999450e-01,9.451399999999999801e-01,9.554000000000000270e-01,9.751900000000000013e-01,9.795000000000000373e-01,9.890099999999999447e-01,1.011530000000000040e+00,1.006839999999999957e+00,1.007970000000000033e+00,9.930999999999999828e-01,8.299199999999999910e-01,1.009849999999999914e+00,6.353999999999999648e-01,1.022259999999999946e+00,1.027249999999999996e+00,1.024389999999999912e+00,1.012380000000000058e+00,1.014359999999999928e+00,1.013330000000000064e+00,1.000080000000000080e+00,1.000699999999999923e+00,9.978299999999999947e-01,9.835899999999999643e-01,9.873600000000000154e-01,9.772100000000000231e-01,9.761499999999999622e-01,9.695000000000000284e-01,9.659100000000000463e-01,9.685099999999999820e-01,9.647299999999999764e-01,9.648299999999999654e-01,9.540300000000000447e-01,9.439800000000000413e-01,9.329699999999999660e-01,9.110200000000000520e-01,9.013299999999999645e-01,8.866600000000000037e-01,8.652600000000000291e-01,8.538299999999999779e-01,8.157900000000000151e-01,7.861299999999999955e-01,7.509500000000000064e-01,7.152399999999999869e-01,6.668399999999999883e-01,6.127299999999999969e-01,5.460000000000000409e-01,4.525600000000000178e-01,4.305499999999999883e-01,-1.439999999999999947e+00,-6.176599999999999868e-01,-4.284970000000000390e+00,-2.914789999999999992e+00,5.792300000000000226e-01,7.580700000000000216e-01,8.044599999999999529e-01,9.477100000000000524e-01,9.513099999999999890e-01,1.058670000000000000e+00,9.694899999999999629e-01,8.602899999999999991e-01,8.377400000000000402e-01,8.337299999999999711e-01,8.284099999999999797e-01,8.413500000000000423e-01,8.405799999999999939e-01,8.492600000000000149e-01,8.630600000000000493e-01,8.673300000000000454e-01,8.591699999999999893e-01,8.639599999999999502e-01,8.836300000000000265e-01,8.930099999999999705e-01,8.973999999999999755e-01,8.883499999999999730e-01,7.423800000000000399e-01,9.541500000000000536e-01,5.462000000000000188e-01,8.938700000000000534e-01,9.038699999999999513e-01,8.950200000000000378e-01,8.931700000000000195e-01,8.930500000000000105e-01,8.928199999999999470e-01,8.803999999999999604e-01,8.766399999999999748e-01,8.680099999999999483e-01,8.566899999999999515e-01,8.544100000000000028e-01,8.498599999999999488e-01,8.390100000000000335e-01,8.378700000000000037e-01,8.276900000000000368e-01,8.355700000000000349e-01,8.391499999999999515e-01,8.273800000000000043e-01,8.301199999999999690e-01,8.116799999999999571e-01,8.059500000000000552e-01,7.945999999999999730e-01,7.804699999999999971e-01,7.674900000000000055e-01,7.484600000000000142e-01,7.356500000000000261e-01,7.112000000000000544e-01,6.944000000000000172e-01,6.667800000000000393e-01,6.346699999999999564e-01,5.983300000000000285e-01,5.550899999999999723e-01,4.961599999999999899e-01,4.202199999999999824e-01,3.939300000000000024e-01,1.832300000000000040e-01,3.447060000000000013e+00,-6.281299999999999661e-01,-7.562999999999999723e-01,-2.625999999999999862e-02,2.151000000000000134e-02,3.932999999999999691e-02,5.086999999999999855e-02,5.909999999999999976e-02,6.943000000000000560e-02,8.164000000000000423e-02,8.679000000000000603e-02,8.749999999999999445e-02,9.400000000000000022e-02,8.508000000000000285e-02,7.306999999999999607e-02,7.156999999999999473e-02,7.253999999999999337e-02,7.044000000000000261e-02,6.618000000000000271e-02,6.611000000000000210e-02,8.536000000000000532e-02,7.861999999999999544e-02,7.488000000000000211e-02,7.127999999999999614e-02,6.517000000000000570e-02,5.380999999999999672e-02,4.658999999999999947e-02,1.608700000000000130e-01,8.830000000000000349e-02,3.520000000000000125e-03,4.354000000000000231e-02,7.809000000000000663e-02,9.063999999999999835e-02,6.608999999999999597e-02,1.063899999999999985e-01,4.673000000000000070e-02,3.160000000000000048e-03,1.917999999999999913e-02,5.696999999999999981e-02,8.149000000000000687e-02,9.422999999999999432e-02,9.274999999999999911e-02,8.579000000000000514e-02,7.907000000000000139e-02,6.153999999999999748e-02,1.123699999999999977e-01,6.278999999999999859e-02,6.551999999999999491e-02,6.292000000000000370e-02,5.990000000000000185e-02,6.223999999999999672e-02,6.353999999999999926e-02,6.205000000000000099e-02,5.927000000000000324e-02,5.859000000000000319e-02,9.524200000000000443e-01,6.137859999999999872e+00,1.357700000000000018e-01,-6.622299999999999853e-01,-5.371999999999999692e-02,-1.636700000000000099e-01,-1.215200000000000030e-01,1.408000000000000085e-01,1.097800000000000026e-01,7.087999999999999856e-02,6.864000000000000656e-02,-4.225999999999999895e-02,-6.747999999999999832e-02,-9.686999999999999778e-02,-1.025299999999999961e-01,-1.179299999999999932e-01,-1.277099999999999902e-01,-1.350600000000000134e-01,-1.403099999999999903e-01,-1.424700000000000133e-01,-1.340999999999999970e-01,-9.864000000000000545e-02,-9.400999999999999635e-02,-1.044400000000000051e-01,-1.020900000000000002e-01,-9.250999999999999501e-02,-8.308000000000000107e-02,-6.087000000000000050e-02
cl*c/cref,-5.392335706959701383e+03,1.482524604971823408e+02,2.668961116427432181e-02,5.638948538011695488e-02,5.629894428495481329e-02,6.907019500265815237e-02,7.344285018607124571e-02,4.489384306220094989e-01,-5.167046992704518743e+03,1.418048554760233628e+02,2.450590196703881021e-02,5.618004678362572418e-02,5.162256916533759094e-02,7.249531738437001160e-02,8.739763934077618424e-02,5.024016861244019472e-01,-4.393379245082402740e-01,1.478310299840510433e+00,-2.189666322169058876e+00,-1.020391735778841014e+00,8.428054433811801305e-01,9.056567050505051064e-01,9.937964314194579485e-01,1.073150827751196301e+00,1.075738117543859618e+00,1.077541023285486510e+00,1.116174607921318396e+00,1.014043338649654347e+00,9.836070446570973624e-01,9.629178481658692279e-01,9.694195677830940161e-01,9.755111129186603280e-01,9.704754515151514660e-01,9.652336462519935933e-01,9.669653684210525180e-01,9.780673548644338577e-01,9.734230382775119761e-01,9.738199421052630145e-01,9.867338020733652515e-01,9.729468002126527848e-01,9.648110931419456859e-01,9.414862541201488577e-01,7.791938424242423888e-01,9.388813282828281093e-01,5.849328229665071710e-01,9.317130895268473934e-01,9.268569284954811804e-01,9.149038938862306125e-01,8.949148564593301103e-01,8.873843457735246520e-01,8.772119292397660972e-01,8.565916478468900142e-01,8.479668989898988540e-01,8.364107066985645433e-01,8.154750691121743778e-01,8.095722105263157831e-01,7.962417217437532946e-01,7.943089792663475812e-01,7.878308532695375010e-01,7.838557350877193297e-01,7.848998639021796953e-01,7.807748117490695972e-01,7.763521778309409038e-01,7.598004473684211169e-01,7.440178357256779229e-01,7.276570803827751011e-01,7.030304046783626415e-01,6.881254438064857704e-01,6.696239214247741156e-01,6.463322000000001344e-01,6.307584014354066237e-01,5.959387151515150860e-01,5.677939901116426658e-01,5.362006568314725552e-01,5.048088631578947494e-01,4.651572376395534114e-01,4.223667439128123702e-01,3.718692503987240938e-01,3.045023855396066237e-01,2.861475127591706635e-01,-1.658748325358851528e+00,-7.179534044657097658e-01,-4.950746359489633264e+00,-3.347282232323232076e+00,6.604946448697500694e-01,8.574815507177033780e-01,9.025904343434344446e-01,1.054633453588516900e+00,1.051098929346092614e+00,1.081227944497607618e+00,1.051878610579478845e+00,9.258385182349813114e-01,8.939010919723552329e-01,8.819897141945772789e-01,8.687735175438595636e-01,8.746416961722489614e-01,8.661459658692185481e-01,8.673152405103667917e-01,8.735075684210525937e-01,8.698891076555024249e-01,8.538395832535884411e-01,8.506905665071768929e-01,8.619690859649122849e-01,8.629486532695374024e-01,8.589754407230195676e-01,8.421803583200424548e-01,6.970044398724083434e-01,8.870957264752791227e-01,5.028176076555024299e-01,8.146952627857523277e-01,8.155348473684210786e-01,7.993608714513557034e-01,7.895366387559807908e-01,7.812597006911217168e-01,7.728897345029239752e-01,7.540829601275916838e-01,7.428417131313130861e-01,7.275917315789472983e-01,7.102647820308346516e-01,7.005616921850079670e-01,6.924755064327484666e-01,6.827159521531099839e-01,6.808662578947368704e-01,6.716873760233917912e-01,6.771626305156831505e-01,6.791404675704412197e-01,6.657527905369483578e-01,6.611171004784689442e-01,6.397427878787879107e-01,6.285895837320574220e-01,6.131895672514620088e-01,5.958541989367356351e-01,5.796242792663477417e-01,5.590848975013291700e-01,5.434541044657097419e-01,5.195351919191919521e-01,5.015406443381179580e-01,4.761007709728867221e-01,4.479434052631578456e-01,4.173677793726741081e-01,3.826343673046251892e-01,3.379242624136097328e-01,2.827426030834662707e-01,2.618095220095693620e-01,1.613135099946836903e-01,2.999455318979266316e+00,-5.385889164274321184e-01,-6.388784944178628189e-01,-2.184940893141945617e-02,1.762402009569378342e-02,3.172494545454545428e-02,4.038742652844231479e-02,4.617057894736842361e-02,5.335885592769804009e-02,6.170525677830940997e-02,6.449544385964912918e-02,6.391174906964379454e-02,6.746511430090376682e-02,5.998253078149921175e-02,5.058689319510898535e-02,4.863944380648591026e-02,4.837696842105262962e-02,4.608184051036683104e-02,4.245441722488038638e-02,4.156951812865496837e-02,5.258965614035088915e-02,4.743824635832003672e-02,4.423055311004785162e-02,4.119877894736842516e-02,3.683923939393939778e-02,2.973424455077086637e-02,2.515265550239234593e-02,1.599950929824561496e-01,8.626266879319510750e-02,3.375700584795322118e-03,4.097458894205210228e-02,7.208898484848484667e-02,8.204967953216374399e-02,5.864196267942583390e-02,9.249312440191387319e-02,3.978832185007974420e-02,2.633938118022328620e-03,1.564327325890483775e-02,4.544364545454545462e-02,6.354183833067517106e-02,7.178662822966506984e-02,6.899692716640085099e-02,6.228144199893674571e-02,5.598542732589047860e-02,4.247012482721956167e-02,7.553522153110046877e-02,4.108188468899521412e-02,4.169350047846889784e-02,3.891105263157894345e-02,3.596993407761828881e-02,3.625934970760233411e-02,3.587763636363636155e-02,3.392396544391280966e-02,3.134188777246146168e-02,2.993198325358852052e-02,8.384992260499735117e-01,5.340851863370547292e+00,1.164157374800637856e-01,-5.594135995746942758e-01,-4.469726762360445860e-02,-1.341015048378522145e-01,-9.802225709728867864e-02,1.117859181286549736e-01,8.576321754385965446e-02,5.447322062732588843e-02,5.187957894736842240e-02,-3.140427995746943035e-02,-4.928874088250929930e-02,-6.952495342902710596e-02,-7.228501270600744266e-02,-8.164379792663477298e-02,-8.679255789473683258e-02,-9.007159298245615009e-02,-9.179078708133971143e-02,-9.139439138755982295e-02,-8.432116746411483232e-02,-6.077136459330144402e-02,-5.672436454013821822e-02,-6.169122551834131662e-02,-5.900650031897927000e-02,-5.229397017543859633e-02,-4.590821477937268025e-02,-3.286203349282296876e-02
cli,-3.478866010999999708e+04,9.645237399999999752e+02,1.773500000000000076e-01,3.803900000000000059e-01,3.864600000000000257e-01,4.824800000000000200e-01,5.223900000000000210e-01,3.218539999999999957e+00,-3.333521003000000201e+04,9.225760900000000220e+02,1.628999999999999893e-01,3.789899999999999936e-01,3.544200000000000128e-01,5.063699999999999868e-01,6.215100000000000069e-01,3.601719999999999811e+00,-3.809899999999999953e-01,1.273079999999999989e+00,-1.893820000000000059e+00,-8.871299999999999741e-01,7.405699999999999505e-01,8.021500000000000297e-01,8.872799999999999576e-01,9.659100000000000463e-01,9.751800000000000468e-01,1.057090000000000085e+00,1.030359999999999943e+00,9.438699999999999868e-01,9.234499999999999931e-01,9.118800000000000239e-01,9.260399999999999743e-01,9.400600000000000067e-01,9.435200000000000253e-01,9.468400000000000150e-01,9.571100000000000163e-01,9.768999999999999906e-01,9.812300000000000466e-01,9.907500000000000195e-01,1.013279999999999959e+00,1.008590000000000098e+00,1.009730000000000016e+00,9.948599999999999666e-01,8.316900000000000404e-01,1.011619999999999964e+00,6.371700000000000141e-01,1.024019999999999930e+00,1.029009999999999980e+00,1.026149999999999896e+00,1.014140000000000041e+00,1.016100000000000003e+00,1.015060000000000073e+00,1.001789999999999958e+00,1.002399999999999958e+00,9.995199999999999640e-01,9.852499999999999591e-01,9.889999999999999902e-01,9.788400000000000434e-01,9.777700000000000280e-01,9.711199999999999832e-01,9.675200000000000466e-01,9.701199999999999823e-01,9.663300000000000223e-01,9.664300000000000113e-01,9.556000000000000050e-01,9.455299999999999816e-01,9.344999999999999973e-01,9.125199999999999978e-01,9.028000000000000469e-01,8.881099999999999550e-01,8.666700000000000514e-01,8.552100000000000257e-01,8.171300000000000230e-01,7.874200000000000088e-01,7.521999999999999797e-01,7.164300000000000113e-01,6.679699999999999527e-01,6.138099999999999667e-01,5.470000000000000417e-01,4.534799999999999942e-01,4.313799999999999857e-01,-1.439610000000000056e+00,-6.166399999999999659e-01,-4.284010000000000318e+00,-2.913910000000000000e+00,5.805299999999999905e-01,7.595100000000000184e-01,8.059500000000000552e-01,9.492099999999999982e-01,9.527999999999999803e-01,1.060550000000000104e+00,9.709799999999999542e-01,8.617700000000000360e-01,8.392199999999999660e-01,8.352100000000000080e-01,8.298900000000000166e-01,8.428400000000000336e-01,8.420800000000000507e-01,8.507599999999999607e-01,8.645699999999999497e-01,8.688399999999999457e-01,8.606899999999999551e-01,8.654899999999999816e-01,8.851599999999999469e-01,8.945499999999999563e-01,8.989399999999999613e-01,8.899000000000000243e-01,7.439200000000000257e-01,9.556900000000000395e-01,5.477400000000000047e-01,8.953900000000000192e-01,9.053900000000000281e-01,8.965400000000000036e-01,8.947000000000000508e-01,8.945600000000000218e-01,8.943200000000000038e-01,8.818899999999999517e-01,8.781099999999999461e-01,8.694699999999999651e-01,8.581299999999999484e-01,8.558200000000000252e-01,8.512699999999999712e-01,8.404099999999999904e-01,8.392699999999999605e-01,8.290800000000000392e-01,8.369600000000000373e-01,8.405299999999999994e-01,8.287600000000000522e-01,8.314799999999999969e-01,8.130199999999999649e-01,8.072799999999999976e-01,7.959100000000000064e-01,7.817699999999999649e-01,7.687699999999999534e-01,7.497099999999999875e-01,7.368700000000000250e-01,7.123899999999999677e-01,6.955599999999999561e-01,6.679100000000000037e-01,6.357599999999999918e-01,5.993800000000000239e-01,5.560899999999999732e-01,4.970999999999999863e-01,4.210999999999999743e-01,3.947399999999999798e-01,1.837699999999999889e-01,3.447589999999999932e+00,-6.276000000000000467e-01,-7.557599999999999874e-01,-2.571999999999999981e-02,2.205000000000000016e-02,3.987000000000000266e-02,5.140999999999999737e-02,5.965000000000000163e-02,6.998000000000000054e-02,8.218999999999999917e-02,8.734000000000000097e-02,8.805000000000000326e-02,9.454999999999999516e-02,8.563999999999999391e-02,7.363000000000000100e-02,7.212999999999999967e-02,7.309999999999999831e-02,7.099999999999999367e-02,6.673999999999999377e-02,6.666999999999999316e-02,8.591999999999999638e-02,7.918000000000000038e-02,7.545000000000000318e-02,7.184000000000000108e-02,6.574000000000000676e-02,5.437999999999999778e-02,4.716000000000000053e-02,1.612599999999999867e-01,8.873000000000000331e-02,3.950000000000000386e-03,4.397000000000000214e-02,7.852000000000000646e-02,9.106999999999999817e-02,6.650999999999999968e-02,1.068100000000000022e-01,4.716000000000000053e-02,3.579999999999999849e-03,1.959999999999999937e-02,5.738999999999999657e-02,8.190999999999999670e-02,9.464000000000000190e-02,9.316000000000000669e-02,8.619999999999999885e-02,7.947999999999999510e-02,6.194999999999999812e-02,1.127699999999999952e-01,6.320000000000000617e-02,6.593000000000000249e-02,6.332999999999999741e-02,6.031000000000000250e-02,6.264999999999999736e-02,6.395000000000000684e-02,6.246999999999999775e-02,5.967999999999999694e-02,5.900999999999999995e-02,9.529600000000000293e-01,6.138410000000000366e+00,1.363199999999999967e-01,-6.616900000000000004e-01,-5.317999999999999811e-02,-1.631299999999999972e-01,-1.209800000000000042e-01,1.413399999999999934e-01,1.103299999999999975e-01,7.142999999999999350e-02,6.919000000000000150e-02,-4.170000000000000095e-02,-6.691999999999999338e-02,-9.631000000000000671e-02,-1.019700000000000051e-01,-1.173600000000000060e-01,-1.271500000000000130e-01,-1.345000000000000084e-01,-1.397500000000000131e-01,-1.419100000000000084e-01,-1.335300000000000098e-01,-9.807000000000000439e-02,-9.343999999999999528e-02,-1.038599999999999940e-01,-1.015199999999999991e-01,-9.192999999999999783e-02,-8.251000000000000001e-02,-6.029000000000000331e-02
cli*c/cref,-5.392334790893992249e+03,1.482525803874534631e+02,2.680144125465178453e-02,5.650237426900583948e-02,5.640549090909091623e-02,6.917342179691651771e-02,7.354562456140351090e-02,4.490556287081339248e-01,-5.167046164990324542e+03,1.418049968850611435e+02,2.461773205741626946e-02,5.629442105263156998e-02,5.172911578947368694e-02,7.259854417862837694e-02,8.750041371610844942e-02,5.025174889952153112e-01,-4.388656419989366841e-01,1.479798141626794239e+00,-2.188071904944178581e+00,-1.018761038277511854e+00,8.444702780435936473e-01,9.073421002126529356e-01,9.955130653907496852e-01,1.074886831578947488e+00,1.077472804784689098e+00,1.079614278149920281e+00,1.117921427963848746e+00,1.015786772142477368e+00,9.853569883040935729e-01,9.646633569377990325e-01,9.711604497607654318e-01,9.772575894736842406e-01,9.722168523125996886e-01,9.669697881977671328e-01,9.686960684210524919e-01,9.797824003189793407e-01,9.751423051036682832e-01,9.755332177033492203e-01,9.884409033492822516e-01,9.746378900584796723e-01,9.664957340776182404e-01,9.431547827751195490e-01,7.808556569377991252e-01,9.405269389686335968e-01,5.865622392344497227e-01,9.333171971291865932e-01,9.284449238171186281e-01,9.164757862838914804e-01,8.964706459330142874e-01,8.889065358851674370e-01,8.787095426900585204e-01,8.580563023923445387e-01,8.494074343434342422e-01,8.378273148325358077e-01,8.168513423710792587e-01,8.109169059011163139e-01,7.975698641148325496e-01,7.956271993620414040e-01,7.891472905901115720e-01,7.851622830409357157e-01,7.862046400850611905e-01,7.820697229665071193e-01,7.776396206804890854e-01,7.610508133971292111e-01,7.452395010632641981e-01,7.288503827751195985e-01,7.041879485380116988e-01,6.892477235513024825e-01,6.707189913343966081e-01,6.473854422647529194e-01,6.317778626794258168e-01,5.969175919191919144e-01,5.687257116427432146e-01,5.370931940457203124e-01,5.056487526315789349e-01,4.659454742158425922e-01,4.231112089845827096e-01,3.725503296119085372e-01,3.051214022328548880e-01,2.866991384370015661e-01,-1.658299081020733645e+00,-7.167677805422647541e-01,-4.949637199681021116e+00,-3.346271659223816641e+00,6.619770318979265600e-01,8.591103889952153017e-01,9.042621889952154879e-01,1.056302688038277537e+00,1.052745224880382802e+00,1.083148003189792652e+00,1.053495232854864350e+00,9.274312846358319096e-01,8.954803094098883198e-01,8.835553826687931878e-01,8.703256291866028338e-01,8.761906545454546391e-01,8.676915878787879732e-01,8.688471304625198233e-01,8.750358473684208827e-01,8.714035629984050457e-01,8.553501529505581624e-01,8.521970674641147214e-01,8.634615802232853410e-01,8.644368123338649346e-01,8.604495015417330528e-01,8.436498011695906518e-01,6.984503123870282604e-01,8.885275007442849926e-01,5.042352918660286676e-01,8.160806284423179902e-01,8.169062978734716873e-01,8.007184148856990591e-01,7.908891148325358778e-01,7.825806817650186042e-01,7.741882432748538045e-01,7.553591795853269453e-01,7.440873525252524878e-01,7.288155468899520928e-01,7.114586576289207986e-01,7.017178022328548481e-01,6.936243903242954589e-01,6.838551547049441792e-01,6.820039197767144845e-01,6.728153894736842444e-01,6.782891143009038837e-01,6.802573284954810395e-01,6.668632099946837366e-01,6.622002200956937923e-01,6.407989372674109951e-01,6.296268988835725944e-01,6.142004888888888958e-01,5.968466912280701031e-01,5.805909616693248898e-01,5.600186229133440330e-01,5.443553673046251928e-01,5.204044929292928057e-01,5.023784714513556127e-01,4.769076246145666498e-01,4.487127157894736929e-01,4.181002115895799953e-01,3.833236868155237009e-01,3.385644768740031507e-01,2.833347060074428714e-01,2.623478555023923131e-01,1.617889195640616617e-01,2.999916497873471588e+00,-5.381344688995215453e-01,-6.384223336523126013e-01,-2.140010653907495689e-02,1.806646411483253667e-02,3.216052822966507241e-02,4.081615093035619035e-02,4.660025438596491348e-02,5.378154598617756327e-02,6.212095853269537088e-02,6.490416023391812339e-02,6.431348006379584981e-02,6.785985699096225288e-02,6.037733822434875053e-02,5.097458527379054166e-02,4.902002349813928961e-02,4.875043274853801262e-02,4.644819245082402320e-02,4.281365677830940852e-02,4.192164231791599416e-02,5.293466794258373798e-02,4.777614279638489614e-02,4.456724401913876588e-02,4.152245061137693066e-02,3.716144848484849439e-02,3.004921424774056535e-02,2.546038277511961795e-02,1.603829719298245637e-01,8.668274747474746800e-02,3.788073099415205109e-03,4.137925300372143067e-02,7.248594045720362089e-02,8.243892668793194323e-02,5.901463062200956733e-02,9.285826315789473540e-02,4.015444593301435716e-02,2.984018500797448389e-03,1.598582668793194911e-02,4.577866969696969129e-02,6.386933338649654346e-02,7.209897586390218160e-02,6.930192706007443082e-02,6.257909197235513032e-02,5.627572737905368883e-02,4.275307496012759056e-02,7.580410191387559893e-02,4.135013716108453669e-02,4.195440303030303214e-02,3.916460526315788948e-02,3.621613896863370985e-02,3.649820467836256688e-02,3.610914141414141298e-02,3.415358777246145505e-02,3.155869516214779291e-02,3.014654944178628629e-02,8.389746356193514831e-01,5.341330445241892377e+00,1.168873339712918624e-01,-5.589574388091440582e-01,-4.424796523125996278e-02,-1.336590608187134543e-01,-9.758667432216906745e-02,1.122146425305688422e-01,8.619289298245613740e-02,5.489591068580541855e-02,5.229528070175438331e-02,-3.098813237639553436e-02,-4.887970568846357333e-02,-6.912303359914938328e-02,-7.189020526315789694e-02,-8.124918277511962439e-02,-8.641197820308348099e-02,-8.969812865497077403e-02,-9.142443514088251233e-02,-9.103515183413078693e-02,-8.396275534290272013e-02,-6.042019186602871905e-02,-5.638043423710791674e-02,-6.134862775119617750e-02,-5.867704880382775684e-02,-5.196610829346092614e-02,-4.559324508240297780e-02,-3.254890749601276057e-02
clo,-5.910000000000000323e-03,-7.799999999999999859e-04,-7.299999999999999632e-04,-7.600000000000000418e-04,-7.299999999999999632e-04,-7.200000000000000453e-04,-7.399999999999999894e-04,-8.499999999999999526e-04,-5.340000000000000129e-03,-9.300000000000000541e-04,-7.399999999999999894e-04,-7.699999999999999597e-04,-7.399999999999999894e-04,-7.200000000000000453e-04,-7.299999999999999632e-04,-8.300000000000000086e-04,-4.200000000000000174e-04,-1.280000000000000105e-03,-1.379999999999999933e-03,-1.420000000000000038e-03,-1.459999999999999926e-03,-1.500000000000000031e-03,-1.529999999999999893e-03,-1.559999999999999972e-03,-1.569999999999999998e-03,-2.030000000000000120e-03,-1.619999999999999912e-03,-1.629999999999999939e-03,-1.639999999999999965e-03,-1.649999999999999991e-03,-1.660000000000000017e-03,-1.670000000000000043e-03,-1.690000000000000096e-03,-1.699999999999999905e-03,-1.709999999999999932e-03,-1.719999999999999958e-03,-1.729999999999999984e-03,-1.740000000000000010e-03,-1.740000000000000010e-03,-1.750000000000000036e-03,-1.760000000000000063e-03,-1.760000000000000063e-03,-1.770000000000000089e-03,-1.770000000000000089e-03,-1.760000000000000063e-03,-1.760000000000000063e-03,-1.760000000000000063e-03,-1.760000000000000063e-03,-1.750000000000000036e-03,-1.740000000000000010e-03,-1.729999999999999984e-03,-1.709999999999999932e-03,-1.699999999999999905e-03,-1.680000000000000070e-03,-1.660000000000000017e-03,-1.639999999999999965e-03,-1.629999999999999939e-03,-1.619999999999999912e-03,-1.619999999999999912e-03,-1.610000000000000103e-03,-1.610000000000000103e-03,-1.600000000000000077e-03,-1.590000000000000050e-03,-1.569999999999999998e-03,-1.549999999999999946e-03,-1.520000000000000084e-03,-1.500000000000000031e-03,-1.479999999999999979e-03,-1.449999999999999900e-03,-1.420000000000000038e-03,-1.379999999999999933e-03,-1.340000000000000045e-03,-1.289999999999999914e-03,-1.250000000000000026e-03,-1.199999999999999895e-03,-1.139999999999999954e-03,-1.069999999999999988e-03,-1.000000000000000021e-03,-9.200000000000000278e-04,-8.300000000000000086e-04,-3.899999999999999929e-04,-1.020000000000000073e-03,-9.600000000000000243e-04,-8.800000000000000313e-04,-1.299999999999999940e-03,-1.430000000000000064e-03,-1.490000000000000005e-03,-1.500000000000000031e-03,-1.490000000000000005e-03,-1.889999999999999970e-03,-1.490000000000000005e-03,-1.479999999999999979e-03,-1.479999999999999979e-03,-1.479999999999999979e-03,-1.490000000000000005e-03,-1.490000000000000005e-03,-1.500000000000000031e-03,-1.500000000000000031e-03,-1.510000000000000057e-03,-1.510000000000000057e-03,-1.520000000000000084e-03,-1.520000000000000084e-03,-1.529999999999999893e-03,-1.539999999999999919e-03,-1.539999999999999919e-03,-1.539999999999999919e-03,-1.539999999999999919e-03,-1.539999999999999919e-03,-1.529999999999999893e-03,-1.529999999999999893e-03,-1.520000000000000084e-03,-1.520000000000000084e-03,-1.520000000000000084e-03,-1.510000000000000057e-03,-1.500000000000000031e-03,-1.479999999999999979e-03,-1.469999999999999953e-03,-1.449999999999999900e-03,-1.430000000000000064e-03,-1.420000000000000038e-03,-1.410000000000000012e-03,-1.399999999999999986e-03,-1.399999999999999986e-03,-1.399999999999999986e-03,-1.389999999999999960e-03,-1.389999999999999960e-03,-1.379999999999999933e-03,-1.360000000000000098e-03,-1.340000000000000045e-03,-1.330000000000000019e-03,-1.309999999999999967e-03,-1.289999999999999914e-03,-1.270000000000000078e-03,-1.250000000000000026e-03,-1.219999999999999947e-03,-1.199999999999999895e-03,-1.160000000000000007e-03,-1.129999999999999928e-03,-1.090000000000000040e-03,-1.049999999999999935e-03,-1.000000000000000021e-03,-9.399999999999999719e-04,-8.800000000000000313e-04,-8.099999999999999561e-04,-5.400000000000000069e-04,-5.400000000000000069e-04,-5.400000000000000069e-04,-5.400000000000000069e-04,-5.400000000000000069e-04,-5.400000000000000069e-04,-5.400000000000000069e-04,-5.500000000000000331e-04,-5.500000000000000331e-04,-5.500000000000000331e-04,-5.500000000000000331e-04,-5.500000000000000331e-04,-5.500000000000000331e-04,-5.500000000000000331e-04,-5.599999999999999509e-04,-5.599999999999999509e-04,-5.599999999999999509e-04,-5.599999999999999509e-04,-5.599999999999999509e-04,-5.599999999999999509e-04,-5.599999999999999509e-04,-5.599999999999999509e-04,-5.699999999999999772e-04,-5.699999999999999772e-04,-5.699999999999999772e-04,-5.699999999999999772e-04,-5.699999999999999772e-04,-5.699999999999999772e-04,-4.000000000000000192e-04,-4.299999999999999894e-04,-4.299999999999999894e-04,-4.299999999999999894e-04,-4.299999999999999894e-04,-4.299999999999999894e-04,-4.299999999999999894e-04,-4.299999999999999894e-04,-4.200000000000000174e-04,-4.200000000000000174e-04,-4.200000000000000174e-04,-4.200000000000000174e-04,-4.099999999999999912e-04,-4.099999999999999912e-04,-4.099999999999999912e-04,-4.099999999999999912e-04,-4.099999999999999912e-04,-4.099999999999999912e-04,-4.099999999999999912e-04,-4.099999999999999912e-04,-4.099999999999999912e-04,-4.099999999999999912e-04,-4.099999999999999912e-04,-4.099999999999999912e-04,-4.099999999999999912e-04,-4.099999999999999912e-04,-4.099999999999999912e-04,-4.099999999999999912e-04,-5.400000000000000069e-04,-5.400000000000000069e-04,-5.400000000000000069e-04,-5.400000000000000069e-04,-5.400000000000000069e-04,-5.400000000000000069e-04,-5.400000000000000069e-04,-5.400000000000000069e-04,-5.500000000000000331e-04,-5.500000000000000331e-04,-5.500000000000000331e-04,-5.500000000000000331e-04,-5.599999999999999509e-04,-5.599999999999999509e-04,-5.599999999999999509e-04,-5.599999999999999509e-04,-5.599999999999999509e-04,-5.699999999999999772e-04,-5.699999999999999772e-04,-5.699999999999999772e-04,-5.699999999999999772e-04,-5.699999999999999772e-04,-5.699999999999999772e-04,-5.699999999999999772e-04,-5.699999999999999772e-04,-5.699999999999999772e-04,-5.699999999999999772e-04,-5.699999999999999772e-04
clo*c/cref,-9.160657097288676682e-04,-1.198902711323763897e-04,-1.103188729399255685e-04,-1.128888888888888802e-04,-1.065466241360978181e-04,-1.032267942583731866e-04,-1.041822434875066460e-04,-1.185933014354066862e-04,-8.277141945773525047e-04,-1.429460925039872411e-04,-1.118300903774588042e-04,-1.143742690058479380e-04,-1.080061669324827251e-04,-1.032267942583731866e-04,-1.027743753322700676e-04,-1.158028708133971267e-04,-4.838015948963316978e-04,-1.487841786283891675e-03,-1.594417224880382645e-03,-1.630697501329080208e-03,-1.664834662413609443e-03,-1.696706539074960100e-03,-1.716633971291866125e-03,-1.736003827751196431e-03,-1.734687240829346213e-03,-2.073254864433811493e-03,-1.757669856459329787e-03,-1.754195427963848664e-03,-1.749943646996278499e-03,-1.745508771929824531e-03,-1.740881977671451288e-03,-1.736080861244019332e-03,-1.741400797448166031e-03,-1.736141945773524457e-03,-1.730699999999999730e-03,-1.725074960127591633e-03,-1.719266826156299732e-03,-1.713275598086124243e-03,-1.697346411483253471e-03,-1.691089845826687990e-03,-1.684640935672514564e-03,-1.668528654970760205e-03,-1.661814513556618845e-03,-1.645610685805422692e-03,-1.620210526315789528e-03,-1.604107602339181369e-03,-1.587995321637427010e-03,-1.571892397660818851e-03,-1.546949760765550103e-03,-1.522190111642743099e-03,-1.497613450292397622e-03,-1.464654545454545376e-03,-1.440535353535353285e-03,-1.408225837320574133e-03,-1.376273258904838013e-03,-1.344695374800637926e-03,-1.328142371079212968e-03,-1.318220095693779662e-03,-1.316437320574162647e-03,-1.306547953216374456e-03,-1.304776182881446211e-03,-1.294911217437533192e-03,-1.279396331738436986e-03,-1.250366028708134111e-03,-1.221665337586390300e-03,-1.185503030303030345e-03,-1.157543859649122747e-03,-1.129914300903774428e-03,-1.095069909622541299e-03,-1.060712068048910370e-03,-1.019461244019138598e-03,-9.788767676767676923e-04,-9.317215311004783127e-04,-8.925372142477404217e-04,-8.469473684210525842e-04,-7.952121212121211801e-04,-7.375718766613504089e-04,-6.810792131844762730e-04,-6.190166932482722749e-04,-5.516256778309410391e-04,-4.492443381180222521e-04,-1.185623923444976101e-03,-1.109159808612440214e-03,-1.010573099415204654e-03,-1.482387028176501654e-03,-1.617526900584795530e-03,-1.671754651780967861e-03,-1.669234449760765866e-03,-1.646295534290271190e-03,-1.930271770334927904e-03,-1.616622275385433058e-03,-1.592766400850611185e-03,-1.579217437533227044e-03,-1.565668474215842470e-03,-1.562598883572567654e-03,-1.548958373205741720e-03,-1.545622009569378027e-03,-1.531889952153110083e-03,-1.528278947368421009e-03,-1.514455342902711488e-03,-1.510569696969697034e-03,-1.496654545454545503e-03,-1.492494258373205668e-03,-1.488159064327485362e-03,-1.474060818713450027e-03,-1.459962573099415125e-03,-1.445872514619882905e-03,-1.431774269005847786e-03,-1.408478468899521325e-03,-1.394479904306220085e-03,-1.371450505050505293e-03,-1.357543434343434384e-03,-1.343636363636363691e-03,-1.320981073896863390e-03,-1.298508771929824616e-03,-1.267654226475279072e-03,-1.245639393939393900e-03,-1.215433014354066902e-03,-1.185584795321637484e-03,-1.164309409888357287e-03,-1.148883891547049360e-03,-1.139202551834130658e-03,-1.137661881977671333e-03,-1.136128654970760274e-03,-1.126483785220627407e-03,-1.124954120148856851e-03,-1.110419457735247134e-03,-1.083119617224880590e-03,-1.056149388623072892e-03,-1.037315151515151579e-03,-1.010921637426900671e-03,-9.848577352472086092e-04,-9.591301967038810350e-04,-9.337254120148858003e-04,-9.012628389154704080e-04,-8.766060606060604695e-04,-8.378271132376395071e-04,-8.068536416799572787e-04,-7.693105263157894993e-04,-7.324322169059009928e-04,-6.893195108984583909e-04,-6.402144603934077031e-04,-5.921029239766082818e-04,-5.383334928229664609e-04,-4.754095693779904360e-04,-4.698803827751195914e-04,-4.630220095693779502e-04,-4.561607655502391916e-04,-4.493023923444976046e-04,-4.424440191387560175e-04,-4.355827751196172590e-04,-4.366637426900584905e-04,-4.296754385964912334e-04,-4.226900584795321774e-04,-4.157017543859649203e-04,-4.087163742690058644e-04,-4.017309941520468084e-04,-3.947426900584795513e-04,-3.948074428495481052e-04,-3.876920786815523496e-04,-3.805796916533758247e-04,-3.734643274853801233e-04,-3.663519404572035984e-04,-3.592395534290270735e-04,-3.521241892610313179e-04,-3.450118022328549014e-04,-3.439303030303029942e-04,-3.366909090909091088e-04,-3.294515151515151692e-04,-3.222090909090909150e-04,-3.149696969696969755e-04,-3.077272727272727213e-04,-3.978245614035088229e-04,-4.200786815523657042e-04,-4.123725146198830454e-04,-4.046640616693248662e-04,-3.969556087187665785e-04,-3.892471557682083993e-04,-3.815409888357256863e-04,-3.738325358851674529e-04,-3.576095693779904458e-04,-3.500803827751196610e-04,-3.425534290271132587e-04,-3.350242424242424197e-04,-3.196975544922913011e-04,-3.123476342371079109e-04,-3.049998936735778734e-04,-2.976499734183944831e-04,-2.903000531632110386e-04,-2.829501329080276483e-04,-2.756023923444976109e-04,-2.682524720893141664e-04,-2.609025518341307761e-04,-2.535526315789473316e-04,-2.462048910154173483e-04,-2.388549707602339038e-04,-2.315050505050504864e-04,-2.241551302498670962e-04,-2.168073896863370587e-04,-2.094574694311536413e-04,-4.754095693779904360e-04,-4.698803827751195914e-04,-4.630220095693779502e-04,-4.561607655502391916e-04,-4.493023923444976046e-04,-4.424440191387560175e-04,-4.355827751196172590e-04,-4.287244019138756177e-04,-4.296754385964912334e-04,-4.226900584795321774e-04,-4.157017543859649203e-04,-4.087163742690058644e-04,-4.090351940457202773e-04,-4.019198298777245759e-04,-3.948074428495481052e-04,-3.876920786815523496e-04,-3.805796916533758247e-04,-3.801333333333333214e-04,-3.728939393939393818e-04,-3.656545454545454422e-04,-3.584121212121211880e-04,-3.511727272727273026e-04,-3.439303030303029942e-04,-3.366909090909091088e-04,-3.294515151515151692e-04,-3.222090909090909150e-04,-3.149696969696969755e-04,-3.077272727272727213e-04
cmx,-2.226656387699999905e+05,6.007635140000000320e+03,6.143699999999999717e-01,1.802389999999999937e+00,1.315239999999999965e+00,5.189099999999999824e-01,2.747500000000000053e+00,7.508325000000000671e+01,2.132384518199999875e+05,-5.747625850000000355e+03,-5.961800000000000432e-01,-2.023569999999999869e+00,-1.410619999999999985e+00,-1.227659999999999973e+00,-4.333580000000000432e+00,-8.343115000000000236e+01,2.526000000000000120e-02,-3.431799999999999851e-01,2.446219999999999839e+00,-4.852500000000000147e-01,-3.071599999999999886e-01,-3.934400000000000119e-01,-5.067500000000000338e-01,-6.235100000000000087e-01,-6.842799999999999994e-01,-8.948899999999999633e-01,-8.486399999999999499e-01,-8.306000000000000050e-01,-9.193400000000000460e-01,-9.819099999999999495e-01,-1.077700000000000102e+00,-1.171049999999999924e+00,-1.249509999999999899e+00,-1.330670000000000019e+00,-1.425040000000000084e+00,-1.539900000000000047e+00,-1.634030000000000094e+00,-1.739049999999999985e+00,-1.873199999999999976e+00,-1.957370000000000054e+00,-2.053840000000000110e+00,-2.095169999999999977e+00,-1.506559999999999899e+00,-1.379329999999999945e+00,-6.240750000000000242e+00,-2.612410000000000121e+00,-2.736899999999999888e+00,-2.837990000000000013e+00,-2.913600000000000190e+00,-3.036259999999999959e+00,-3.149700000000000166e+00,-3.227910000000000057e+00,-3.353899999999999881e+00,-3.470489999999999853e+00,-3.548189999999999955e+00,-3.706280000000000019e+00,-3.846179999999999932e+00,-3.737779999999999880e+00,-3.720779999999999976e+00,-3.716870000000000118e+00,-3.736180000000000057e+00,-3.653459999999999930e+00,-3.810449999999999893e+00,-3.898590000000000000e+00,-3.975649999999999906e+00,-4.049669999999999881e+00,-4.076419999999999710e+00,-4.153270000000000017e+00,-4.206070000000000420e+00,-4.227009999999999934e+00,-4.292469999999999786e+00,-4.220729999999999649e+00,-4.183399999999999785e+00,-4.112190000000000012e+00,-4.029020000000000046e+00,-3.860479999999999912e+00,-3.648369999999999891e+00,-3.341470000000000162e+00,-2.826960000000000139e+00,-2.676569999999999894e+00,-3.669499999999999984e-01,-3.069299999999999806e-01,-3.089739999999999931e+00,2.956900000000000084e-01,2.604299999999999948e-01,3.423999999999999821e-01,4.448699999999999877e-01,6.132900000000000018e-01,6.690500000000000336e-01,8.981099999999999639e-01,7.990199999999999525e-01,7.517800000000000038e-01,8.346999999999999975e-01,8.964900000000000091e-01,9.628400000000000292e-01,1.046669999999999989e+00,1.114929999999999977e+00,1.194960000000000022e+00,1.285449999999999982e+00,1.366999999999999993e+00,1.428770000000000095e+00,1.518140000000000045e+00,1.637480000000000047e+00,1.735950000000000104e+00,1.829110000000000014e+00,1.872470000000000079e+00,1.334340000000000082e+00,1.305900000000000061e+00,5.741670000000000051e+00,2.283729999999999816e+00,2.407529999999999948e+00,2.483249999999999957e+00,2.575919999999999987e+00,2.676099999999999923e+00,2.779100000000000126e+00,2.846189999999999998e+00,2.940869999999999873e+00,3.020540000000000003e+00,3.088029999999999831e+00,3.208130000000000148e+00,3.333919999999999995e+00,3.210799999999999876e+00,3.207009999999999916e+00,3.177729999999999944e+00,3.223629999999999995e+00,3.165340000000000042e+00,3.269530000000000047e+00,3.396349999999999980e+00,3.423350000000000115e+00,3.502019999999999911e+00,3.558399999999999785e+00,3.597710000000000186e+00,3.641880000000000006e+00,3.657000000000000028e+00,3.700380000000000003e+00,3.681900000000000173e+00,3.699260000000000215e+00,3.655590000000000117e+00,3.578269999999999840e+00,3.465629999999999988e+00,3.303069999999999951e+00,3.032719999999999860e+00,2.622209999999999930e+00,2.449209999999999887e+00,2.591999999999999860e-02,-5.770199999999999774e-01,5.651899999999999702e-01,3.388499999999999845e-01,4.800000000000000100e-02,2.835000000000000020e-02,2.025000000000000064e-02,1.210999999999999924e-02,-2.850000000000000103e-03,-1.981000000000000122e-02,-4.014000000000000207e-02,-5.097999999999999754e-02,-5.811000000000000193e-02,-7.510999999999999621e-02,-7.649999999999999856e-02,-6.934999999999999498e-02,-7.302000000000000157e-02,-8.404999999999999971e-02,-9.213999999999999968e-02,-9.295000000000000484e-02,-1.022399999999999975e-01,-1.492499999999999938e-01,-1.452600000000000002e-01,-1.455299999999999927e-01,-1.478700000000000014e-01,-1.448500000000000065e-01,-1.259200000000000041e-01,-1.099399999999999961e-01,-1.201699999999999990e-01,-5.383999999999999897e-02,-5.435999999999999860e-02,-6.414999999999999869e-02,-7.512000000000000621e-02,-6.909999999999999476e-02,-7.886999999999999567e-02,2.154699999999999949e-01,1.519199999999999995e-01,-4.606999999999999984e-02,-8.103000000000000480e-02,-1.203499999999999986e-01,-1.807199999999999918e-01,-2.250199999999999978e-01,-2.521999999999999797e-01,-2.701600000000000112e-01,-2.686700000000000199e-01,-2.540499999999999980e-01,-3.511799999999999922e-01,-2.955699999999999994e-01,-3.089000000000000079e-01,-3.075700000000000101e-01,-3.215700000000000225e-01,-3.191999999999999837e-01,-2.783999999999999808e-01,-2.599799999999999889e-01,-2.164699999999999958e-01,-1.747299999999999964e-01,1.239800000000000069e-01,1.032769999999999966e+00,-2.531800000000000161e-01,-2.604400000000000048e-01,-8.760000000000000425e-03,-6.425000000000000155e-02,-3.422999999999999654e-02,1.132699999999999957e-01,1.164800000000000002e-01,9.422999999999999432e-02,7.674000000000000266e-02,-3.527999999999999886e-02,-7.607999999999999485e-02,-1.197499999999999953e-01,-1.398899999999999866e-01,-1.744400000000000117e-01,-2.014700000000000102e-01,-2.237800000000000067e-01,-2.513799999999999923e-01,-2.775599999999999734e-01,-2.804200000000000026e-01,-2.318699999999999928e-01,-2.379400000000000126e-01,-2.760799999999999921e-01,-2.837399999999999922e-01,-2.738399999999999723e-01,-2.678900000000000170e-01,-2.336999999999999911e-01
cmx*c/cref,-3.451376589036746009e+04,9.234064176910153492e+02,9.284466570972886579e-02,2.677234269005847600e-01,1.919649067517278096e-01,7.439641084529503845e-02,3.868117756512493566e-01,1.047573000000000043e+01,3.305252685414098232e+04,-8.834415660563529400e+02,-9.009576119085593859e-02,-3.005770643274853215e-01,-2.058860259436469942e-01,-1.760102864433811531e-01,-6.101109280170122773e-01,-1.164044178947368380e+01,2.909721020733652130e-02,-3.989043314194577472e-01,2.826300944816586558e+00,-5.572506778309409547e-01,-3.502538458266878929e-01,-4.450348138224348715e-01,-5.685648790536950159e-01,-6.938562478468900396e-01,-7.560584618819776725e-01,-9.139581505582136112e-01,-9.207586092503985409e-01,-8.938863328017011556e-01,-9.809714587985115530e-01,-1.038746980754917448e+00,-1.130209944178628412e+00,-1.217387720095693737e+00,-1.287513438118022213e+00,-1.358960001754385916e+00,-1.442290484210526191e+00,-1.544443564593301454e+00,-1.623892238118022302e+00,-1.712340188995215229e+00,-1.827281205741626779e+00,-1.891479160871876619e+00,-1.965899397341839494e+00,-1.986279080701754296e+00,-1.414476425730994080e+00,-1.282395586018075351e+00,-5.745073205741626943e+00,-2.381015193992557233e+00,-2.469422952153109918e+00,-2.534667560021265142e+00,-2.575538755980861350e+00,-2.656186751940456947e+00,-2.726608719298245553e+00,-2.764779563636363680e+00,-2.842006777777777327e+00,-2.909067670334927858e+00,-2.941734346092503838e+00,-3.038913154704943942e+00,-3.133910812759170383e+00,-3.041491795853269231e+00,-3.023563983732057370e+00,-3.016316081286549711e+00,-3.027874955874534812e+00,-2.956816460287081227e+00,-3.066085378787878568e+00,-3.104881844497608068e+00,-3.133492773790536923e+00,-3.158484247846889748e+00,-3.145756626900584774e+00,-3.170837276023391382e+00,-3.176510823976608666e+00,-3.157493323072833924e+00,-3.171019424720892932e+00,-3.083264581818181416e+00,-3.021522366826155714e+00,-2.936226085645932571e+00,-2.843639905263157797e+00,-2.692895166400850471e+00,-2.514892623976608288e+00,-2.275805758479532148e+00,-1.902103729505582264e+00,-1.778873181339712950e+00,-4.226928458266878685e-01,-3.567681870813396716e-01,-3.569807736523125996e+00,3.395640451887294020e-01,2.969677336523125488e-01,3.873015459861775533e-01,4.991365717703349913e-01,6.824831971291867028e-01,7.392308907496013548e-01,9.172467617224878689e-01,8.669218325358850619e-01,8.090607600212651462e-01,8.906572939925572197e-01,9.483825205741626130e-01,1.009753496012759211e+00,1.088086080861244032e+00,1.148840231419457680e+00,1.220364811483253487e+00,1.301010710526315561e+00,1.371033413078150076e+00,1.419905701275917087e+00,1.494823112918660213e+00,1.597339541307814859e+00,1.677512810207336669e+00,1.750791807868155026e+00,1.775153324189260973e+00,1.252782812440191407e+00,1.214125985645932992e+00,5.285633052631578899e+00,2.081448099255714723e+00,2.172242259489633120e+00,2.217841929824561298e+00,2.277039330143540319e+00,2.341110895268474046e+00,2.405790485380117083e+00,2.437827555980861316e+00,2.492016003030302684e+00,2.531906232535884982e+00,2.560224766081871106e+00,2.630461934609250374e+00,2.716515591281233100e+00,2.612679681020733558e+00,2.606066451515151261e+00,2.578792936257309876e+00,2.612494190324295751e+00,2.561771420627325657e+00,2.630833137426900503e+00,2.704892141148325546e+00,2.698185828017012344e+00,2.731352185645933073e+00,2.746002713450292454e+00,2.746691878043593604e+00,2.750422898245614256e+00,2.731707065390749811e+00,2.733618839234449371e+00,2.689646545454545290e+00,2.671845109409888064e+00,2.610200092025518170e+00,2.525505299999999842e+00,2.417465775119616911e+00,2.276870596863370899e+00,2.065522551408824903e+00,1.764338873046251921e+00,1.627767622169058903e+00,2.281965933014354006e-02,-5.020932934609250164e-01,4.846211288676235407e-01,2.862408803827750647e-01,3.993799043062200987e-02,2.322831100478469149e-02,1.633435406698564851e-02,9.614541679957469555e-03,-2.226500000000000180e-03,-1.522452737905369627e-02,-3.033866985645933267e-02,-3.788429229133439408e-02,-4.244470558213715716e-02,-5.390749718234980753e-02,-5.393351674641148896e-02,-4.801151010101010336e-02,-4.962487336523126180e-02,-5.605299415204678670e-02,-6.027797820308346960e-02,-5.962735087719298749e-02,-6.428781626794258242e-02,-9.195180622009570259e-02,-8.764792248803827956e-02,-8.596250526315789287e-02,-8.546665885167464838e-02,-8.188067862838915856e-02,-6.958067410951622456e-02,-5.935357256778309165e-02,-1.195164438596491296e-01,-5.259775863902178827e-02,-5.213155789473684215e-02,-6.037023152578416263e-02,-6.934722169059011343e-02,-6.255111270600743900e-02,-6.998171578947368077e-02,1.873248755980861102e-01,1.293524899521531213e-01,-3.840048389154705061e-02,-6.608834370015949367e-02,-9.600039898989898290e-02,-1.409164440191387480e-01,-1.714255235513025000e-01,-1.876121297182349601e-01,-1.961295532163742916e-01,-1.902315006911217410e-01,-1.753255640616693256e-01,-2.360635320574162588e-01,-1.933838614035087722e-01,-1.965678006379585341e-01,-1.902077631578947270e-01,-1.931026995215311404e-01,-1.859573333333333078e-01,-1.571975757575757304e-01,-1.421362213716108325e-01,-1.144690137692716686e-01,-8.926464300903774740e-02,1.091505155768208446e-01,8.986636350345560409e-01,-2.170887266347687472e-01,-2.200046477405635248e-01,-7.288683253588516299e-03,-5.264264486975013535e-02,-2.761110813397129118e-02,8.992891297182349641e-02,9.099744561403508292e-02,7.241833492822966067e-02,5.800173205741626647e-02,-2.621729760765549935e-02,-5.557035279106857517e-02,-8.594624933545985668e-02,-9.862430925039872287e-02,-1.207660825093035822e-01,-1.369203401382243501e-01,-1.492390128654970949e-01,-1.644527692716639955e-01,-1.780545186602870700e-01,-1.763261877724614513e-01,-1.428533688995215489e-01,-1.435697829877724541e-01,-1.630765371610845560e-01,-1.639974963317384349e-01,-1.547960306220095561e-01,-1.480302317916002419e-01,-1.261681818181818182e-01
cmxi,-2.226656336700000102e+05,6.007635900000000220e+03,6.156300000000000106e-01,1.804259999999999975e+00,1.317609999999999948e+00,5.218500000000000361e-01,2.751119999999999788e+00,7.508796999999999855e+01,2.132384472200000018e+05,-5.747626760000000104e+03,-5.974399999999999711e-01,-2.025479999999999947e+00,-1.413019999999999943e+00,-1.230609999999999982e+00,-4.337159999999999904e+00,-8.343576000000000192e+01,2.527000000000000079e-02,-3.433899999999999730e-01,2.445959999999999912e+00,-4.855599999999999916e-01,-3.075200000000000156e-01,-3.938699999999999979e-01,-5.072499999999999787e-01,-6.240900000000000336e-01,-6.850300000000000278e-01,-8.959899999999999531e-01,-8.493399999999999839e-01,-8.314599999999999769e-01,-9.202799999999999869e-01,-9.829299999999999704e-01,-1.078799999999999981e+00,-1.172220000000000040e+00,-1.250769999999999937e+00,-1.332019999999999982e+00,-1.426469999999999905e+00,-1.541420000000000012e+00,-1.635629999999999917e+00,-1.740739999999999954e+00,-1.874989999999999934e+00,-1.959240000000000093e+00,-2.055810000000000137e+00,-2.097230000000000150e+00,-1.508709999999999996e+00,-1.381569999999999965e+00,-6.243070000000000341e+00,-2.614819999999999922e+00,-2.739399999999999835e+00,-2.840570000000000039e+00,-2.916259999999999852e+00,-3.039000000000000146e+00,-3.152519999999999989e+00,-3.230799999999999894e+00,-3.356850000000000112e+00,-3.473510000000000097e+00,-3.551250000000000018e+00,-3.709389999999999965e+00,-3.849330000000000140e+00,-3.740930000000000089e+00,-3.723939999999999806e+00,-3.720029999999999948e+00,-3.739339999999999886e+00,-3.656620000000000203e+00,-3.813639999999999919e+00,-3.901829999999999909e+00,-3.978930000000000078e+00,-4.052979999999999805e+00,-4.079760000000000275e+00,-4.156649999999999956e+00,-4.209459999999999980e+00,-4.230419999999999625e+00,-4.295880000000000365e+00,-4.224120000000000097e+00,-4.186759999999999593e+00,-4.115499999999999936e+00,-4.032280000000000086e+00,-3.863649999999999807e+00,-3.651429999999999954e+00,-3.344390000000000196e+00,-2.829689999999999817e+00,-2.679100000000000037e+00,-3.669600000000000084e-01,-3.067699999999999871e-01,-3.089560000000000084e+00,2.958799999999999764e-01,2.607599999999999918e-01,3.428200000000000136e-01,4.453599999999999781e-01,6.138400000000000523e-01,6.697699999999999765e-01,8.991299999999999848e-01,7.996600000000000374e-01,7.525600000000000067e-01,8.355500000000000149e-01,8.974100000000000410e-01,9.638200000000000101e-01,1.047719999999999985e+00,1.116049999999999986e+00,1.196150000000000047e+00,1.286710000000000020e+00,1.368339999999999890e+00,1.430180000000000007e+00,1.519630000000000036e+00,1.639040000000000052e+00,1.737600000000000033e+00,1.830840000000000023e+00,1.874270000000000103e+00,1.336219999999999963e+00,1.307849999999999957e+00,5.743680000000000341e+00,2.285810000000000120e+00,2.409689999999999888e+00,2.485489999999999977e+00,2.578240000000000087e+00,2.678479999999999972e+00,2.781540000000000123e+00,2.848689999999999944e+00,2.943420000000000147e+00,3.023140000000000160e+00,3.090679999999999872e+00,3.210830000000000073e+00,3.336650000000000116e+00,3.213529999999999998e+00,3.209740000000000038e+00,3.180460000000000065e+00,3.226360000000000117e+00,3.168070000000000164e+00,3.272299999999999986e+00,3.399150000000000116e+00,3.426190000000000069e+00,3.504910000000000192e+00,3.561319999999999819e+00,3.600670000000000037e+00,3.644870000000000054e+00,3.660010000000000208e+00,3.703399999999999803e+00,3.684919999999999973e+00,3.702280000000000015e+00,3.658589999999999787e+00,3.581240000000000201e+00,3.468539999999999957e+00,3.305919999999999970e+00,3.035470000000000113e+00,2.624839999999999840e+00,2.451680000000000081e+00,2.597000000000000003e-02,-5.770300000000000429e-01,5.651599999999999957e-01,3.388100000000000001e-01,4.794999999999999957e-02,2.828999999999999918e-02,2.018000000000000002e-02,1.203000000000000076e-02,-2.949999999999999931e-03,-1.992999999999999980e-02,-4.027000000000000024e-02,-5.111999999999999877e-02,-5.827000000000000235e-02,-7.528999999999999582e-02,-7.668999999999999428e-02,-6.955999999999999683e-02,-7.324999999999999567e-02,-8.429999999999999993e-02,-9.241000000000000603e-02,-9.324000000000000343e-02,-1.025500000000000023e-01,-1.495700000000000085e-01,-1.456199999999999994e-01,-1.459100000000000119e-01,-1.482700000000000129e-01,-1.452799999999999925e-01,-1.263799999999999923e-01,-1.104300000000000004e-01,-1.200900000000000023e-01,-5.376000000000000223e-02,-5.426000000000000267e-02,-6.403999999999999970e-02,-7.499999999999999722e-02,-6.897000000000000353e-02,-7.872999999999999443e-02,2.156299999999999883e-01,1.520900000000000030e-01,-4.587999999999999717e-02,-8.082999999999999907e-02,-1.201399999999999968e-01,-1.804900000000000115e-01,-2.247800000000000076e-01,-2.519399999999999973e-01,-2.698800000000000088e-01,-2.683699999999999974e-01,-2.537400000000000211e-01,-3.508499999999999952e-01,-2.952099999999999724e-01,-3.085200000000000164e-01,-3.071599999999999886e-01,-3.211300000000000265e-01,-3.187400000000000233e-01,-2.778999999999999804e-01,-2.594500000000000139e-01,-2.159099999999999908e-01,-1.741300000000000070e-01,1.239299999999999985e-01,1.032790000000000097e+00,-2.531499999999999861e-01,-2.604000000000000203e-01,-8.710000000000000728e-03,-6.418999999999999706e-02,-3.416000000000000286e-02,1.133600000000000024e-01,1.165800000000000031e-01,9.433999999999999331e-02,7.686999999999999389e-02,-3.513999999999999763e-02,-7.592000000000000137e-02,-1.195699999999999957e-01,-1.396999999999999909e-01,-1.742299999999999960e-01,-2.012400000000000022e-01,-2.235300000000000065e-01,-2.511099999999999999e-01,-2.772700000000000164e-01,-2.801100000000000256e-01,-2.315399999999999958e-01,-2.375800000000000134e-01,-2.757000000000000006e-01,-2.833300000000000263e-01,-2.734099999999999864e-01,-2.674300000000000010e-01,-2.332100000000000006e-01
cmxi*c/cref,-3.451376509985391021e+04,9.234065345071769570e+02,9.303507910685805682e-02,2.680011929824561157e-01,1.923108183944710337e-01,7.481792025518339828e-02,3.873214239234449296e-01,1.047638854162679323e+01,3.305252614112875744e+04,-8.834417059283359777e+02,-9.028617458798511575e-02,-3.008607719298245220e-01,-2.062363162147793638e-01,-1.764332295587453248e-01,-6.106149448165868465e-01,-1.164108498373205691e+01,2.910872929292929179e-02,-3.991484304625199098e-01,2.826000547368420879e+00,-5.576066751727803972e-01,-3.506643530037213963e-01,-4.455212030303030146e-01,-5.691258705475811253e-01,-6.945016851674642444e-01,-7.568871341307815692e-01,-9.150815891547048331e-01,-9.215180962254119201e-01,-8.948118592238170077e-01,-9.819744752791068620e-01,-1.039826022541201489e+00,-1.131363540669856338e+00,-1.218604016267942791e+00,-1.288811760606060508e+00,-1.360338702711323622e+00,-1.443737794736841940e+00,-1.545968049441786452e+00,-1.625482311483253506e+00,-1.714004232535885075e+00,-1.829027326475278992e+00,-1.893286211164274313e+00,-1.967785046570972973e+00,-1.988232017650186201e+00,-1.416495013981924567e+00,-1.284478166772992980e+00,-5.747208937799043404e+00,-2.383211727698033133e+00,-2.471678627325890609e+00,-2.536971811376927288e+00,-2.577890119617224585e+00,-2.658583763955343127e+00,-2.729049915789473868e+00,-2.767254915470494403e+00,-2.844506530303030356e+00,-2.911599123923445109e+00,-2.944271331738437247e+00,-3.041463156299840431e+00,-3.136477468261563040e+00,-3.044055001594896392e+00,-3.026131849122806639e+00,-3.018880485964912097e+00,-3.030435883040935696e+00,-2.959373909941520608e+00,-3.068652217969165097e+00,-3.107462217703349516e+00,-3.136077975279107033e+00,-3.161065836682615426e+00,-3.148334091228070619e+00,-3.173417755980860733e+00,-3.179071021903243199e+00,-3.160040525996810068e+00,-3.173538528229665090e+00,-3.085740993939393828e+00,-3.023949176395533733e+00,-2.938589524189260782e+00,-2.845940778947368521e+00,-2.695106414141414053e+00,-2.517001941679957611e+00,-2.277794509782030907e+00,-1.903940594258373142e+00,-1.780554642743221727e+00,-4.227043649122806945e-01,-3.565822068580541959e-01,-3.569599769059011329e+00,3.397822371079212700e-01,2.973440318979265751e-01,3.877766238171185820e-01,4.996863434343434829e-01,6.830952497607656326e-01,7.400264161084529890e-01,9.182884956937797938e-01,8.676162206273257960e-01,8.099001909622540740e-01,8.915642769803296952e-01,9.493557739500265713e-01,1.010781245614035040e+00,1.089177628708134060e+00,1.149994295853269621e+00,1.221580110845295053e+00,1.302285963157894688e+00,1.372377366826156297e+00,1.421306953429027020e+00,1.496290228229665065e+00,1.598861300159489574e+00,1.679107266347687366e+00,1.752447733333333257e+00,1.776859773950026700e+00,1.254547903561935129e+00,1.215938946570972679e+00,5.287483406698564536e+00,2.083343862785752343e+00,2.174191162838915670e+00,2.219842520148856746e+00,2.279090143540669633e+00,2.343192971398192270e+00,2.407902726315789721e+00,2.439968863795853427e+00,2.494176806060606211e+00,2.534085629665071782e+00,2.562421828814460234e+00,2.632675762360446647e+00,2.718740026049973224e+00,2.614901125996810016e+00,2.608284892185007919e+00,2.581008387134502868e+00,2.614706636895268499e+00,2.563980862892078605e+00,2.633062022860180651e+00,2.707122093301435495e+00,2.700424234183945060e+00,2.733606201275917247e+00,2.748256065497075795e+00,2.748951706645400783e+00,2.752681007921318646e+00,2.733955476182881927e+00,2.735849834130781311e+00,2.691852670707070239e+00,2.674026348963316924e+00,2.612342181339712521e+00,2.527601494736842369e+00,2.419495658692184747e+00,2.278835157469431216e+00,2.067395519245082358e+00,1.766108453375863974e+00,1.629409207017543881e+00,2.286367873471557843e-02,-5.021019949494949230e-01,4.845954054226475072e-01,2.862070906964380712e-01,3.989638835725677762e-02,2.317915055821371736e-02,1.627788963317384346e-02,9.551026953748006573e-03,-2.304622807017544031e-03,-1.531675066454013870e-02,-3.043692663476874061e-02,-3.798832918660286634e-02,-4.256157278043593700e-02,-5.403668569909621938e-02,-5.406746927166401068e-02,-4.815689463051568697e-02,-4.978118288144604137e-02,-5.621971929824561703e-02,-6.045461217437533841e-02,-5.981338564593301904e-02,-6.448274215842636492e-02,-9.214895582137162811e-02,-8.786514162679424922e-02,-8.618696586921852087e-02,-8.569785289739502432e-02,-8.212374864433812094e-02,-6.983486018075492352e-02,-5.961811004784689505e-02,-1.194368789473684300e-01,-5.251960446570972524e-02,-5.203565730994152289e-02,-6.026671281233386690e-02,-6.923644338118022101e-02,-6.243343333333333661e-02,-6.985749314194576731e-02,1.874639760765550167e-01,1.294972366826156462e-01,-3.824211419457735489e-02,-6.592522301967038145e-02,-9.583288686868686457e-02,-1.407371014885699101e-01,-1.712426859117490707e-01,-1.874187151515151473e-01,-1.959262800637958657e-01,-1.900190860180754893e-01,-1.751116261562998544e-01,-2.358417057416267726e-01,-1.931483226475279036e-01,-1.963259885167464303e-01,-1.899542105263157532e-01,-1.928384796384901845e-01,-1.856893497076023414e-01,-1.569152525252525132e-01,-1.418464598617756589e-01,-1.141728866028708100e-01,-8.895811988304094808e-02,1.091064961722488097e-01,8.986810380116959651e-01,-2.170630031897926304e-01,-2.199708580542264758e-01,-7.247081180223285783e-03,-5.259348442317916122e-02,-2.755464370015949307e-02,9.000036703880914812e-02,9.107556842105263284e-02,7.250287293992556392e-02,5.809998883572567441e-02,-2.611326071238702709e-02,-5.545348559276980227e-02,-8.581706081871344483e-02,-9.849035672514619422e-02,-1.206206979797979778e-01,-1.367640306220095636e-01,-1.490722877192982576e-01,-1.642761353003721336e-01,-1.778684838915470523e-01,-1.761312618819776965e-01,-1.426500583732057681e-01,-1.433525638490164844e-01,-1.628520765550239280e-01,-1.637605224348750999e-01,-1.545529606060606076e-01,-1.477760457203615152e-01,-1.259036443381180148e-01
cmxo,-5.100000000000000366e-03,-7.600000000000000418e-04,-1.260000000000000052e-03,-1.869999999999999917e-03,-2.370000000000000145e-03,-2.939999999999999905e-03,-3.619999999999999954e-03,-4.720000000000000237e-03,4.599999999999999922e-03,8.999999999999999754e-04,1.260000000000000052e-03,1.910000000000000022e-03,2.399999999999999790e-03,2.949999999999999931e-03,3.579999999999999849e-03,4.610000000000000382e-03,-2.000000000000000164e-05,2.000000000000000096e-04,2.599999999999999772e-04,3.099999999999999999e-04,3.699999999999999947e-04,4.400000000000000157e-04,5.000000000000000104e-04,5.699999999999999772e-04,7.500000000000000156e-04,1.100000000000000066e-03,6.999999999999999929e-04,8.700000000000000051e-04,9.399999999999999719e-04,1.020000000000000073e-03,1.100000000000000066e-03,1.180000000000000059e-03,1.260000000000000052e-03,1.340000000000000045e-03,1.430000000000000064e-03,1.520000000000000084e-03,1.600000000000000077e-03,1.690000000000000096e-03,1.779999999999999898e-03,1.869999999999999917e-03,1.969999999999999963e-03,2.060000000000000199e-03,2.150000000000000001e-03,2.239999999999999804e-03,2.320000000000000014e-03,2.409999999999999816e-03,2.500000000000000052e-03,2.589999999999999854e-03,2.670000000000000064e-03,2.739999999999999814e-03,2.820000000000000024e-03,2.890000000000000208e-03,2.949999999999999931e-03,3.020000000000000115e-03,3.069999999999999812e-03,3.119999999999999944e-03,3.150000000000000022e-03,3.150000000000000022e-03,3.150000000000000022e-03,3.160000000000000048e-03,3.160000000000000048e-03,3.160000000000000048e-03,3.190000000000000127e-03,3.239999999999999825e-03,3.269999999999999903e-03,3.310000000000000008e-03,3.350000000000000113e-03,3.380000000000000192e-03,3.399999999999999811e-03,3.409999999999999837e-03,3.409999999999999837e-03,3.389999999999999784e-03,3.360000000000000139e-03,3.310000000000000008e-03,3.249999999999999851e-03,3.170000000000000075e-03,3.059999999999999786e-03,2.919999999999999853e-03,2.729999999999999788e-03,2.530000000000000131e-03,1.000000000000000082e-05,-1.600000000000000131e-04,-1.800000000000000113e-04,-1.900000000000000105e-04,-3.299999999999999982e-04,-4.200000000000000174e-04,-4.899999999999999842e-04,-5.599999999999999509e-04,-7.200000000000000453e-04,-1.020000000000000073e-03,-6.499999999999999702e-04,-7.900000000000000121e-04,-8.499999999999999526e-04,-9.100000000000000016e-04,-9.799999999999999684e-04,-1.049999999999999935e-03,-1.119999999999999902e-03,-1.190000000000000085e-03,-1.260000000000000052e-03,-1.330000000000000019e-03,-1.410000000000000012e-03,-1.490000000000000005e-03,-1.559999999999999972e-03,-1.639999999999999965e-03,-1.719999999999999958e-03,-1.799999999999999951e-03,-1.879999999999999944e-03,-1.949999999999999910e-03,-2.020000000000000094e-03,-2.089999999999999844e-03,-2.150000000000000001e-03,-2.239999999999999804e-03,-2.320000000000000014e-03,-2.380000000000000171e-03,-2.439999999999999895e-03,-2.500000000000000052e-03,-2.550000000000000183e-03,-2.609999999999999907e-03,-2.650000000000000012e-03,-2.690000000000000117e-03,-2.720000000000000195e-03,-2.720000000000000195e-03,-2.729999999999999788e-03,-2.729999999999999788e-03,-2.729999999999999788e-03,-2.729999999999999788e-03,-2.759999999999999867e-03,-2.809999999999999998e-03,-2.840000000000000076e-03,-2.890000000000000208e-03,-2.929999999999999879e-03,-2.959999999999999958e-03,-2.990000000000000036e-03,-3.010000000000000089e-03,-3.020000000000000115e-03,-3.030000000000000141e-03,-3.020000000000000115e-03,-3.000000000000000062e-03,-2.959999999999999958e-03,-2.909999999999999826e-03,-2.840000000000000076e-03,-2.749999999999999840e-03,-2.619999999999999933e-03,-2.469999999999999973e-03,-5.000000000000000240e-05,2.000000000000000164e-05,3.000000000000000076e-05,4.000000000000000327e-05,5.000000000000000240e-05,6.000000000000000152e-05,6.999999999999999387e-05,9.000000000000000567e-05,1.000000000000000048e-04,1.100000000000000039e-04,1.299999999999999886e-04,1.399999999999999877e-04,1.600000000000000131e-04,1.700000000000000122e-04,1.900000000000000105e-04,2.100000000000000087e-04,2.300000000000000070e-04,2.500000000000000052e-04,2.700000000000000035e-04,2.900000000000000017e-04,3.099999999999999999e-04,3.299999999999999982e-04,3.499999999999999964e-04,3.800000000000000209e-04,4.000000000000000192e-04,4.299999999999999894e-04,4.600000000000000139e-04,4.899999999999999842e-04,-8.000000000000000654e-05,-9.000000000000000567e-05,-1.000000000000000048e-04,-1.100000000000000039e-04,-1.200000000000000030e-04,-1.299999999999999886e-04,-1.499999999999999869e-04,-1.600000000000000131e-04,-1.700000000000000122e-04,-1.900000000000000105e-04,-2.000000000000000096e-04,-2.100000000000000087e-04,-2.300000000000000070e-04,-2.400000000000000061e-04,-2.599999999999999772e-04,-2.799999999999999755e-04,-2.999999999999999737e-04,-3.099999999999999999e-04,-3.400000000000000244e-04,-3.600000000000000227e-04,-3.800000000000000209e-04,-4.099999999999999912e-04,-4.299999999999999894e-04,-4.600000000000000139e-04,-4.899999999999999842e-04,-5.299999999999999807e-04,-5.599999999999999509e-04,-5.999999999999999474e-04,5.000000000000000240e-05,-2.000000000000000164e-05,-3.000000000000000076e-05,-4.000000000000000327e-05,-5.000000000000000240e-05,-6.000000000000000152e-05,-6.999999999999999387e-05,-9.000000000000000567e-05,-1.000000000000000048e-04,-1.100000000000000039e-04,-1.299999999999999886e-04,-1.399999999999999877e-04,-1.600000000000000131e-04,-1.800000000000000113e-04,-1.900000000000000105e-04,-2.100000000000000087e-04,-2.300000000000000070e-04,-2.500000000000000052e-04,-2.700000000000000035e-04,-2.900000000000000017e-04,-3.099999999999999999e-04,-3.299999999999999982e-04,-3.600000000000000227e-04,-3.800000000000000209e-04,-4.099999999999999912e-04,-4.299999999999999894e-04,-4.600000000000000139e-04,-4.899999999999999842e-04
cmxo*c/cref,-7.905135566188197871e-04,-1.168161616161616167e-04,-1.904133971291866129e-04,-2.777660818713449729e-04,-3.459116427432217260e-04,-4.215094098883571754e-04,-5.096482721956406168e-04,-6.585416267942584322e-04,7.130122275385433013e-04,1.383349282296650546e-04,1.904133971291866129e-04,2.837076023391812583e-04,3.502902711323763792e-04,4.229431153641679316e-04,5.040167995746942494e-04,6.431942583732057871e-04,-2.303817118553960563e-05,2.324752791068580675e-04,3.003974481658692065e-04,3.559973418394470892e-04,4.219101541733120335e-04,4.977005847953216598e-04,5.609914938862307909e-04,6.343090909090909118e-04,8.286722488038278248e-04,1.123438596491227980e-03,7.594869750132906714e-04,9.362883572567781611e-04,1.003016480595428058e-03,1.079041786283891496e-03,1.153596491228070162e-03,1.226691866028708187e-03,1.298322488038277517e-03,1.368488357256778367e-03,1.447310526315789391e-03,1.524484848484848566e-03,1.590073365231259956e-03,1.664043540669856358e-03,1.736365869218500693e-03,1.807050292397660704e-03,1.885649229133439528e-03,1.952936948431685353e-03,2.018588250930356334e-03,2.082580754917596859e-03,2.135732057416267916e-03,2.196533705475810661e-03,2.255675172780436180e-03,2.313182562466772809e-03,2.360203349282296616e-03,2.397012014885699024e-03,2.441196491228070017e-03,2.475351834130781574e-03,2.499752525252525118e-03,2.531453588516746536e-03,2.545276448697501425e-03,2.558200956937799024e-03,2.566655502392344457e-03,2.563205741626794088e-03,2.559739234449760498e-03,2.564404678362573308e-03,2.560927166400850732e-03,2.557449654439128157e-03,2.566839181286549587e-03,2.580373205741626815e-03,2.577319776714513677e-03,2.581588835725678009e-03,2.585181286549707771e-03,2.580479957469431103e-03,2.567750132908027619e-03,2.547202923976608479e-03,2.519103508771929501e-03,2.476412121212120954e-03,2.426809569377990326e-03,2.363438543328016516e-03,2.293815789473684173e-03,2.211247740563530156e-03,2.109317703349282338e-03,1.988751302498670617e-03,1.836864752791068532e-03,1.681461403508771948e-03,1.151908559276980281e-05,-1.859802232854864594e-04,-2.079674641148325401e-04,-2.181919191919191793e-04,-3.762982456140350320e-04,-4.750778309409888866e-04,-5.497716640085061708e-04,-6.231808612440191148e-04,-7.955253588516747725e-04,-1.041733971291865929e-03,-7.052379053694841872e-04,-8.501928761297181938e-04,-9.069829877724614516e-04,-9.626745348219031871e-04,-1.027749601275916970e-03,-1.091547846889952267e-03,-1.154064433811802237e-03,-1.215299362041467315e-03,-1.275252631578947284e-03,-1.333924242424242576e-03,-1.401252153110047827e-03,-1.467115311004784598e-03,-1.521758851674640976e-03,-1.584792769803295993e-03,-1.646353641679957356e-03,-1.706449760765550239e-03,-1.765091121743753199e-03,-1.812960925039872138e-03,-1.859559808612440239e-03,-1.904877777777777646e-03,-1.939880648591175072e-03,-2.000590324295587353e-03,-2.050813397129186595e-03,-2.082076129718234830e-03,-2.112240935672514332e-03,-2.141307814992025535e-03,-2.160803030303030253e-03,-2.187779425837320640e-03,-2.197062732589048512e-03,-2.205628389154704831e-03,-2.216286656034024451e-03,-2.213307814992025550e-03,-2.218440669856459272e-03,-2.215450877192982199e-03,-2.212446570972886883e-03,-2.209442264752790701e-03,-2.220838915470494269e-03,-2.237916267942583869e-03,-2.238406166932483104e-03,-2.254015629984051309e-03,-2.261069005847953298e-03,-2.259828601807548857e-03,-2.258109675704412893e-03,-2.248410792131845092e-03,-2.230994896331738465e-03,-2.213430303030302845e-03,-2.181239553429026746e-03,-2.142089314194577272e-03,-2.089136842105263243e-03,-2.029883572567782804e-03,-1.957667410951621865e-03,-1.872967836257309615e-03,-1.762851887293992578e-03,-1.641584848484848539e-03,-4.401940457203615725e-05,1.740297713981924714e-05,2.572344497607655542e-05,3.378968633705475995e-05,4.160207336523126119e-05,4.916044657097289234e-05,5.646443381180222924e-05,7.145406698564593629e-05,7.812280701754386431e-05,8.453801169590643278e-05,9.825677830940988434e-05,1.040368952684742006e-04,1.168671982987772511e-04,1.220113769271664075e-04,1.339525252525252655e-04,1.453845295055821514e-04,1.563095162147793750e-04,1.667251461988304131e-04,1.766339712918660429e-04,1.860347687400319054e-04,1.949258904837852151e-04,2.033105263157895110e-04,2.111852737905369458e-04,2.244606060606061087e-04,2.311940457203615475e-04,2.430700159489633300e-04,2.541860712387028118e-04,2.645374800637958633e-04,-7.956491228070175915e-05,-8.792344497607655282e-05,-9.590058479532165107e-05,-1.035187134502924092e-04,-1.107783094098883513e-04,-1.176793726741095044e-04,-1.330956937799043067e-04,-1.391004784688995306e-04,-1.447467304625199656e-04,-1.583696969696969908e-04,-1.631206804891015337e-04,-1.675121212121212099e-04,-1.793425305688463496e-04,-1.828376395534290263e-04,-1.934145667198298795e-04,-2.032731525784157393e-04,-2.124146730462519669e-04,-2.139379053694843069e-04,-2.285483253588516713e-04,-2.355387559808612516e-04,-2.418121212121212269e-04,-2.535526315789473316e-04,-2.582148856990962500e-04,-2.679836257309941585e-04,-2.766767676767676459e-04,-2.897615098351940068e-04,-2.961271664008505969e-04,-3.065231259968102134e-04,4.401940457203615725e-05,-1.740297713981924714e-05,-2.572344497607655542e-05,-3.378968633705475995e-05,-4.160207336523126119e-05,-4.916044657097289234e-05,-5.646443381180222924e-05,-7.145406698564593629e-05,-7.812280701754386431e-05,-8.453801169590643278e-05,-9.825677830940988434e-05,-1.040368952684742006e-04,-1.168671982987772511e-04,-1.291885167464114728e-04,-1.339525252525252655e-04,-1.453845295055821514e-04,-1.563095162147793750e-04,-1.667251461988304131e-04,-1.766339712918660429e-04,-1.860347687400319054e-04,-1.949258904837852151e-04,-2.033105263157895110e-04,-2.172191387559808755e-04,-2.244606060606061087e-04,-2.369738968633705665e-04,-2.430700159489633300e-04,-2.541860712387028118e-04,-2.645374800637958633e-04
cmy,-2.681050734000000011e+04,9.199483300000000554e+02,3.801200000000000134e-01,-4.971099999999999963e-01,-4.413260000000000183e+00,-1.327506999999999948e+01,-1.367765999999999948e+01,-3.400330999999999904e+01,-2.570953291000000172e+04,8.795430300000000443e+02,3.561699999999999866e-01,-2.867299999999999849e-01,-3.699650000000000105e+00,-1.249271000000000065e+01,-1.374621999999999922e+01,-3.728195999999999799e+01,6.403400000000000203e-01,5.040000000000000209e-03,2.193430000000000213e+00,5.584900000000000420e-01,-2.548999999999999877e-02,-3.751000000000000167e-02,-5.269000000000000072e-02,-4.077999999999999681e-02,-4.456000000000000238e-02,-5.038999999999999729e-02,3.364999999999999936e-02,-9.006999999999999729e-02,-7.821999999999999786e-02,-5.637000000000000344e-02,-4.290999999999999676e-02,-3.991999999999999715e-02,-4.782999999999999752e-02,-4.653999999999999804e-02,-4.617999999999999883e-02,-4.529999999999999999e-02,-4.179999999999999688e-02,-4.417999999999999705e-02,-3.903999999999999831e-02,-3.482999999999999985e-02,-2.394999999999999907e-02,-1.545000000000000019e-02,-1.225000000000000047e-02,-4.831900000000000084e-01,-9.249999999999999889e-02,-3.214999999999999802e-02,-2.767000000000000015e-02,-3.097000000000000100e-02,-3.939000000000000140e-02,-3.511000000000000232e-02,-4.202000000000000179e-02,-3.767000000000000209e-02,-3.296000000000000318e-02,-3.048999999999999974e-02,-2.572999999999999940e-02,-2.103999999999999967e-02,-1.410999999999999928e-02,-3.046000000000000096e-02,-3.130999999999999756e-02,-3.104000000000000162e-02,-2.871999999999999900e-02,-1.727000000000000063e-02,-2.197999999999999954e-02,-2.352999999999999883e-02,-2.644000000000000170e-02,-2.813999999999999835e-02,-2.188999999999999974e-02,-2.317999999999999922e-02,-2.804999999999999855e-02,-2.581999999999999920e-02,-3.031999999999999973e-02,-2.492000000000000118e-02,-2.730000000000000135e-02,-2.331000000000000086e-02,-2.247999999999999998e-02,-2.942000000000000171e-02,-2.367000000000000007e-02,-1.788999999999999965e-02,-2.212000000000000077e-02,-2.501000000000000098e-02,3.154510000000000147e+00,1.628849999999999909e+00,3.626759999999999984e+00,1.268450000000000077e+00,-4.755000000000000199e-02,-5.877999999999999892e-02,-6.693999999999999950e-02,-3.869000000000000217e-02,-3.050999999999999893e-02,-4.368999999999999967e-02,5.482000000000000067e-02,-8.798999999999999877e-02,-7.704999999999999349e-02,-6.053999999999999659e-02,-4.542999999999999816e-02,-4.295000000000000207e-02,-4.547999999999999959e-02,-4.773999999999999772e-02,-4.614999999999999658e-02,-4.073000000000000231e-02,-4.052999999999999658e-02,-3.538999999999999785e-02,-2.580000000000000002e-02,-3.296999999999999931e-02,-2.338000000000000148e-02,-1.220000000000000077e-02,-1.456999999999999962e-02,-4.627700000000000147e-01,-9.939000000000000612e-02,-2.949999999999999845e-02,-3.128999999999999837e-02,-2.048000000000000168e-02,-2.998999999999999930e-02,-3.389999999999999958e-02,-3.391999999999999876e-02,-3.133999999999999980e-02,-3.008999999999999869e-02,-2.767999999999999974e-02,-3.919999999999999873e-02,-1.975999999999999979e-02,-3.771000000000000046e-02,-3.799999999999999906e-02,-4.225999999999999895e-02,-4.306999999999999718e-02,-3.746000000000000024e-02,-3.203999999999999904e-02,-1.131000000000000061e-02,-1.847999999999999990e-02,-1.443999999999999971e-02,-2.151000000000000134e-02,-2.009000000000000022e-02,-2.454999999999999891e-02,-2.886000000000000024e-02,-2.895999999999999963e-02,-2.800000000000000058e-02,-2.708999999999999950e-02,-2.683999999999999928e-02,-2.493000000000000077e-02,-2.409000000000000030e-02,-3.028000000000000136e-02,-3.082999999999999977e-02,-2.685999999999999846e-02,-3.472000000000000086e-02,-5.546000000000000235e-02,-6.428800000000000070e-01,-1.384162000000000070e+01,2.552090000000000192e+00,2.782059999999999977e+00,7.482999999999999374e-02,-1.074900000000000022e-01,-1.850700000000000123e-01,-2.314199999999999868e-01,-2.613099999999999867e-01,-3.013399999999999967e-01,-3.506299999999999972e-01,-3.860299999999999843e-01,-3.881100000000000105e-01,-4.224300000000000277e-01,-3.852499999999999813e-01,-3.348200000000000065e-01,-3.342800000000000216e-01,-3.387600000000000056e-01,-3.346799999999999775e-01,-3.224500000000000144e-01,-3.239500000000000157e-01,-4.325600000000000001e-01,-4.062299999999999800e-01,-3.996700000000000252e-01,-3.880100000000000215e-01,-3.523800000000000265e-01,-2.929599999999999982e-01,-2.624799999999999911e-01,-4.985200000000000187e-01,-2.610199999999999743e-01,6.409999999999999899e-03,-1.419199999999999906e-01,-2.871199999999999863e-01,-3.368900000000000228e-01,-2.377900000000000014e-01,-6.790000000000000480e-01,-4.396499999999999853e-01,-2.605999999999999983e-02,-6.223000000000000059e-02,-2.889399999999999746e-01,-4.494799999999999907e-01,-5.293700000000000072e-01,-5.283099999999999463e-01,-4.817699999999999760e-01,-4.174499999999999877e-01,-2.316300000000000026e-01,-8.629200000000000204e-01,-4.367800000000000016e-01,-4.662600000000000078e-01,-4.381499999999999839e-01,-4.038200000000000123e-01,-4.612899999999999778e-01,-4.957400000000000140e-01,-4.787199999999999789e-01,-4.344600000000000128e-01,-4.419799999999999840e-01,-3.943350000000000133e+00,-2.484375999999999962e+01,-4.777299999999999880e-01,2.302659999999999929e+00,1.998900000000000121e-01,6.973099999999999854e-01,5.571399999999999686e-01,-5.092700000000000005e-01,-4.236599999999999810e-01,-2.413399999999999990e-01,-2.481800000000000117e-01,1.792499999999999927e-01,2.813599999999999990e-01,4.086799999999999877e-01,4.409699999999999731e-01,5.115300000000000402e-01,5.669899999999999940e-01,6.249500000000000055e-01,6.645499999999999741e-01,6.756199999999999983e-01,6.547399999999999887e-01,4.771299999999999986e-01,4.670500000000000207e-01,5.328899999999999748e-01,5.387600000000000167e-01,5.040099999999999580e-01,4.609699999999999909e-01,3.402600000000000069e-01
cmy*c/cref,-4.155699904333014274e+03,1.414010957839446974e+02,5.744439723551303389e-02,-7.383973099415203079e-02,-6.441341841573631211e-01,-1.903254055077086226e+00,-1.925634195215310873e+00,-4.744193873684210416e+00,-3.985045941116215090e+03,1.351905799221690643e+02,5.382503147262095167e-02,-4.259030409356724667e-02,-5.399797506645401812e-01,-1.791086673471557367e+00,-1.935286539287612850e+00,-5.201636141626793552e+00,7.376131268474215297e-01,5.858377033492823648e-03,2.534233748963317545e+00,6.413579207868155274e-01,-2.906618872939924908e-02,-4.242897485380116990e-02,-5.911728362573100137e-02,-4.538092057416268088e-02,-4.923418054226475632e-02,-5.146370079744815723e-02,3.650962387028176132e-02,-9.693274981392874246e-02,-8.346377565124933617e-02,-5.963292695374800695e-02,-4.500075039872407368e-02,-4.149960956937798900e-02,-4.928473381180223378e-02,-4.752943891547049132e-02,-4.673902105263157136e-02,-4.543366028708133858e-02,-4.154066666666666324e-02,-4.350144593301434603e-02,-3.808299074960127401e-02,-3.365751961722487917e-02,-2.292451727804359005e-02,-1.464702711323763971e-02,-1.150125863902179760e-02,-4.492331227538542970e-01,-8.515311004784688331e-02,-2.930230648591174852e-02,-2.496581281233386726e-02,-2.765994747474747467e-02,-3.481962918660286982e-02,-3.071499702286017985e-02,-3.637555906432748953e-02,-3.226522615629984214e-02,-2.792943838383838556e-02,-2.555762248803827852e-02,-2.133223551302498855e-02,-1.725145773524720816e-02,-1.149698702817649951e-02,-2.478579266347687160e-02,-2.544299537480063447e-02,-2.518959532163742715e-02,-2.327526209463051665e-02,-1.397694795321637387e-02,-1.768624614566719627e-02,-1.873956220095693639e-02,-2.083924614566719929e-02,-2.194740478468899456e-02,-1.689242339181286703e-02,-1.769690101010100783e-02,-2.118393859649123079e-02,-1.928703211057947869e-02,-2.239859776714513487e-02,-1.820418585858585639e-02,-1.971782775119617151e-02,-1.664403397129186543e-02,-1.586614736842105119e-02,-2.052205316321105769e-02,-1.631619282296650764e-02,-1.218450712387028102e-02,-1.488331440723019740e-02,-1.662187735247208989e-02,3.633707069324827010e+00,1.893336791866028657e+00,4.190267111961722080e+00,1.456660736310473103e+00,-5.422115629984050611e-02,-6.648827357788410219e-02,-7.510554120148858759e-02,-4.305512057416268495e-02,-3.371038708133971412e-02,-4.462093843700158657e-02,5.947867995746942277e-02,-9.469426730462518482e-02,-8.221534024455076639e-02,-6.404430366826155407e-02,-4.764353508771929091e-02,-4.464950478468900086e-02,-4.686325933014354184e-02,-4.875495087719297627e-02,-4.670865789473683388e-02,-4.085017623604465797e-02,-4.027854593301435221e-02,-3.484645023923444579e-02,-2.516755023923444856e-02,-3.186013269537479875e-02,-2.237892333864965541e-02,-1.156593726741095285e-02,-1.367945619351408799e-02,-4.302481678362573003e-01,-9.149586602870814211e-02,-2.688703083466241137e-02,-2.823203046251993725e-02,-1.829111153641680212e-02,-2.651029904306219723e-02,-2.965646251993620322e-02,-2.936361169590643097e-02,-2.684343476874003279e-02,-2.549747575757575421e-02,-2.320219712918660318e-02,-3.249994683678894547e-02,-1.620193939393939353e-02,-3.072653301435406339e-02,-3.092121212121211674e-02,-3.434113652312599518e-02,-3.495218654970760203e-02,-3.035833280170122453e-02,-2.593059712918660206e-02,-9.100611642743221263e-03,-1.471768421052631684e-02,-1.138119191919191933e-02,-1.677642775119617471e-02,-1.550337076023391818e-02,-1.874283519404571635e-02,-2.179566730462520127e-02,-2.163255034556087544e-02,-2.068472089314194601e-02,-1.978938181818181569e-02,-1.938558596491227887e-02,-1.780076220095693634e-02,-1.700246842105263001e-02,-2.112195002658160542e-02,-2.125172052099947098e-02,-1.829378766613503141e-02,-2.336115172780436205e-02,-3.685922902711324251e-02,-5.659838962254120087e-01,-1.204426982190324402e+01,2.188284889633173691e+00,2.350123369271663876e+00,6.226166299840509705e-02,-8.807094003189792908e-02,-1.492838966507177290e-01,-1.837322242424242469e-01,-2.041427070175438618e-01,-2.315880404040404072e-01,-2.650136475279106785e-01,-2.868668762892078727e-01,-2.834833020733651954e-01,-3.031839173843700053e-01,-2.716063702817650416e-01,-2.317983246145667309e-01,-2.271788916533758751e-01,-2.259192421052631794e-01,-2.189476204146730276e-01,-2.068514178628389211e-01,-2.036975555555555484e-01,-2.664969735247209037e-01,-2.451136964912280503e-01,-2.360793958532695913e-01,-2.242640041998937017e-01,-1.991930516746411861e-01,-1.618833726741095158e-01,-1.417057097288676182e-01,-4.958087508771930052e-01,-2.549975289739500051e-01,6.147227485380117075e-03,-1.335579619351408842e-01,-2.650555683147262087e-01,-3.049615681552366175e-01,-2.109921668261562910e-01,-5.903076555023923921e-01,-3.743405885167463976e-01,-2.172165422647527946e-02,-5.075499973418394484e-02,-2.304807252525252204e-01,-3.504820897395002355e-01,-4.032865052099947056e-01,-3.930109605528973593e-01,-3.497532382775119797e-01,-2.955750175438596195e-01,-1.598530226475279037e-01,-5.800556497607655126e-01,-2.857739384370016067e-01,-2.967034727272727657e-01,-2.709611842105262847e-01,-2.424938026581605899e-01,-2.687351450292397304e-01,-2.799178383838383799e-01,-2.617257169590643251e-01,-2.297418012759170625e-01,-2.257951520467836315e-01,-3.471678380382775320e+00,-2.161776936735778776e+01,-4.096287122807017456e-01,1.945153978522062621e+00,1.663167688995215165e-01,5.713345166400850550e-01,4.494084950558213665e-01,-4.043268077086656365e-01,-3.309750842105262936e-01,-1.854763976608187204e-01,-1.875797480063795819e-01,1.332043819776714544e-01,2.055109682083997857e-01,2.933153501329079926e-01,3.108897108452950420e-01,3.541359446570973568e-01,3.853301417331206902e-01,4.167795204678362841e-01,4.347485393407761745e-01,4.334096912280701597e-01,4.116960565656565540e-01,2.939562164274322487e-01,2.818116632110579389e-01,3.147705588516746533e-01,3.113952601807549736e-01,2.849063226475279098e-01,2.547220723019670285e-01,1.836969856459330364e-01
cmyi,-2.681041047999999864e+04,9.199586900000000469e+02,3.842999999999999750e-01,-4.987400000000000166e-01,-4.420720000000000205e+00,-1.328852999999999973e+01,-1.369781000000000049e+01,-3.402893999999999863e+01,-2.570944544999999925e+04,8.795553200000000516e+02,3.603700000000000236e-01,-2.883899999999999797e-01,-3.707199999999999829e+00,-1.250620999999999938e+01,-1.376613000000000042e+01,-3.730698000000000292e+01,6.379899999999999460e-01,1.529999999999999893e-03,2.189620000000000122e+00,5.544999999999999929e-01,-2.963999999999999968e-02,-4.182999999999999913e-02,-5.716999999999999860e-02,-4.540999999999999898e-02,-4.930999999999999966e-02,-5.623999999999999833e-02,2.861999999999999961e-02,-9.521000000000000296e-02,-8.348999999999999477e-02,-6.176000000000000240e-02,-4.843000000000000083e-02,-4.556999999999999940e-02,-5.360999999999999793e-02,-5.245999999999999969e-02,-5.222999999999999865e-02,-5.149000000000000105e-02,-4.812999999999999917e-02,-5.065000000000000058e-02,-4.565999999999999920e-02,-4.159000000000000197e-02,-3.084999999999999895e-02,-2.248999999999999957e-02,-1.942999999999999935e-02,-4.904999999999999916e-01,-9.993000000000000493e-02,-3.971000000000000224e-02,-3.536999999999999866e-02,-3.880000000000000115e-02,-4.734000000000000014e-02,-4.318000000000000310e-02,-5.018000000000000238e-02,-4.592000000000000248e-02,-4.130999999999999950e-02,-3.892999999999999933e-02,-3.422999999999999654e-02,-2.960000000000000131e-02,-2.272000000000000061e-02,-3.905000000000000138e-02,-3.989000000000000185e-02,-3.962000000000000244e-02,-3.729999999999999982e-02,-2.583999999999999839e-02,-3.057999999999999954e-02,-3.216000000000000109e-02,-3.508000000000000007e-02,-3.679999999999999938e-02,-3.056000000000000036e-02,-3.185000000000000331e-02,-3.670999999999999958e-02,-3.443999999999999839e-02,-3.889000000000000096e-02,-3.339000000000000301e-02,-3.563000000000000195e-02,-3.148999999999999716e-02,-3.047000000000000056e-02,-3.717000000000000165e-02,-3.114000000000000101e-02,-2.500000000000000139e-02,-2.876000000000000084e-02,-3.111999999999999836e-02,3.152330000000000076e+00,1.626060000000000061e+00,3.624089999999999812e+00,1.265989999999999949e+00,-5.124999999999999695e-02,-6.292000000000000370e-02,-7.130000000000000226e-02,-4.315999999999999698e-02,-3.502999999999999864e-02,-4.913000000000000006e-02,5.018999999999999850e-02,-9.267000000000000237e-02,-8.180999999999999384e-02,-6.537999999999999368e-02,-5.036000000000000199e-02,-4.798000000000000181e-02,-5.061000000000000221e-02,-5.296000000000000013e-02,-5.149000000000000105e-02,-4.617999999999999883e-02,-4.608999999999999903e-02,-4.107000000000000234e-02,-3.160999999999999921e-02,-3.889999999999999708e-02,-2.943000000000000130e-02,-1.836000000000000132e-02,-2.084000000000000088e-02,-4.691400000000000015e-01,-1.058599999999999958e-01,-3.604999999999999871e-02,-3.792999999999999844e-02,-2.725999999999999951e-02,-3.690999999999999837e-02,-4.091000000000000192e-02,-4.098999999999999866e-02,-3.848000000000000032e-02,-3.731000000000000288e-02,-3.497000000000000108e-02,-4.653999999999999804e-02,-2.715000000000000052e-02,-4.513999999999999957e-02,-4.542999999999999816e-02,-4.968999999999999806e-02,-5.049000000000000016e-02,-4.488000000000000322e-02,-3.944999999999999896e-02,-1.875999999999999890e-02,-2.596000000000000044e-02,-2.193000000000000158e-02,-2.905999999999999903e-02,-2.766000000000000056e-02,-3.216000000000000109e-02,-3.647999999999999854e-02,-3.658000000000000140e-02,-3.558999999999999664e-02,-3.463999999999999718e-02,-3.434000000000000247e-02,-3.234000000000000069e-02,-3.137000000000000205e-02,-3.740999999999999881e-02,-3.776999999999999802e-02,-3.354000000000000037e-02,-4.109000000000000152e-02,-6.144000000000000156e-02,-6.461799999999999766e-01,-1.384496000000000038e+01,2.548690000000000122e+00,2.778610000000000024e+00,7.131999999999999451e-02,-1.110600000000000059e-01,-1.887099999999999889e-01,-2.351300000000000057e-01,-2.650899999999999923e-01,-3.051900000000000168e-01,-3.545499999999999763e-01,-3.900299999999999878e-01,-3.921799999999999731e-01,-4.265800000000000147e-01,-3.894900000000000029e-01,-3.391399999999999970e-01,-3.387000000000000011e-01,-3.432600000000000096e-01,-3.392800000000000260e-01,-3.271499999999999964e-01,-3.287499999999999867e-01,-4.374700000000000255e-01,-4.112500000000000044e-01,-4.048100000000000032e-01,-3.932700000000000085e-01,-3.577799999999999869e-01,-2.984899999999999776e-01,-2.681499999999999995e-01,-5.011999999999999789e-01,-2.641700000000000159e-01,2.850000000000000103e-03,-1.459100000000000119e-01,-2.915300000000000114e-01,-3.417399999999999882e-01,-2.430700000000000083e-01,-6.847400000000000153e-01,-4.458500000000000241e-01,-3.273000000000000215e-02,-6.938999999999999335e-02,-2.966099999999999848e-01,-4.576899999999999857e-01,-5.381200000000000427e-01,-5.376400000000000068e-01,-4.917300000000000004e-01,-4.280800000000000161e-01,-2.429699999999999915e-01,-8.750299999999999745e-01,-4.496899999999999786e-01,-4.800400000000000222e-01,-4.528300000000000103e-01,-4.194800000000000195e-01,-4.779800000000000160e-01,-5.135399999999999965e-01,-4.976999999999999758e-01,-4.546999999999999931e-01,-4.635500000000000176e-01,-3.946689999999999809e+00,-2.484713999999999956e+01,-4.811500000000000221e-01,2.299189999999999845e+00,1.963699999999999890e-01,6.937400000000000233e-01,5.535099999999999465e-01,-5.129700000000000371e-01,-4.274200000000000221e-01,-2.451899999999999913e-01,-2.520999999999999908e-01,1.752400000000000069e-01,2.772700000000000164e-01,4.044900000000000162e-01,4.366999999999999771e-01,5.071600000000000552e-01,5.625200000000000200e-01,6.203899999999999970e-01,6.598899999999999766e-01,6.708699999999999664e-01,6.498800000000000132e-01,4.721699999999999786e-01,4.619800000000000018e-01,5.277100000000000124e-01,5.334699999999999998e-01,4.985999999999999877e-01,4.554400000000000115e-01,3.345899999999999985e-01
cmyi*c/cref,-4.155684890775544773e+03,1.414026881726741181e+02,5.807608612440191137e-02,-7.408184795321637317e-02,-6.452230030834662511e-01,-1.905183822647527503e+00,-1.928471049548112770e+00,-4.747769810526315304e+00,-3.985032384583731982e+03,1.351924689624667622e+02,5.445974279638490789e-02,-4.283687719298244490e-02,-5.410817054758106925e-01,-1.793022175863901779e+00,-1.938089604784688946e+00,-5.205126970334928771e+00,7.349061417331205215e-01,1.778435885167463934e-03,2.529831770972887028e+00,6.367758904837851341e-01,-3.379842424242424093e-02,-4.731548968633705193e-02,-6.414376741095162426e-02,-5.053329090909091520e-02,-5.448243811802232911e-02,-5.743835151515150339e-02,3.105216746411482848e-02,-1.024643844763423600e-01,-8.908707017543859852e-02,-6.533492227538544028e-02,-5.078970733652312525e-02,-4.737317655502392560e-02,-5.524053062200956488e-02,-5.357529792663476287e-02,-5.286225789473683601e-02,-5.164192424242424612e-02,-4.783139441786283391e-02,-4.987207416267942089e-02,-4.454071100478468326e-02,-4.018995810738968527e-02,-2.952907549175970078e-02,-2.132114173312068053e-02,-1.824240451887293793e-02,-4.560294019138755872e-01,-9.199297607655503028e-02,-3.619267777777777917e-02,-3.191329234449760688e-02,-3.465308240297713949e-02,-4.184720095693779396e-02,-3.777480978203083539e-02,-4.343944678362573336e-02,-3.933154194577352658e-02,-3.500500909090908941e-02,-3.263228086124402016e-02,-2.837941786283891196e-02,-2.427011164274322022e-02,-1.851251206804890859e-02,-3.177561403508771809e-02,-3.241523748006379380e-02,-3.215244093567251604e-02,-3.022866560340244785e-02,-2.091281616161615869e-02,-2.460625146198830090e-02,-2.561259330143541083e-02,-2.764904518872940073e-02,-2.870165231259967989e-02,-2.358302690058479423e-02,-2.431606113769271479e-02,-2.772414922913344140e-02,-2.572600255183413176e-02,-2.872959984051036419e-02,-2.439156363636363692e-02,-2.573429314194577294e-02,-2.248479750132907629e-02,-2.150540526315789652e-02,-2.592810047846889898e-02,-2.146540956937799394e-02,-1.702698032961190780e-02,-1.935100010632642351e-02,-2.068263987240829410e-02,3.631195908665603156e+00,1.890093761722488219e+00,4.187182261244018378e+00,1.453835725146198632e+00,-5.844025784157361875e-02,-7.117118362573099377e-02,-7.999738702817651981e-02,-4.802943923444976532e-02,-3.870451850079744543e-02,-5.017685295055820949e-02,5.445521610845294180e-02,-9.973085295055821031e-02,-8.729444497607655173e-02,-6.916446273258904098e-02,-5.281374481658691888e-02,-4.987853875598086822e-02,-5.214928660287081880e-02,-5.408592791068580347e-02,-5.211329999999999435e-02,-4.631625677830941007e-02,-4.580405087719297691e-02,-4.043921196172248905e-02,-3.083512647527910516e-02,-3.759051143009037310e-02,-2.816987655502392260e-02,-1.740578755980861161e-02,-1.956622286018075765e-02,-4.361705068580541966e-01,-9.745198086124401415e-02,-3.285686310473152211e-02,-3.422310372142477186e-02,-2.434646975013290623e-02,-3.262738038277511465e-02,-3.578896406166932193e-02,-3.548391637426900197e-02,-3.295900988835726020e-02,-3.161551414141414162e-02,-2.931289138755980780e-02,-3.858539606592237964e-02,-2.226126794258373107e-02,-3.678058075491759393e-02,-3.696712280701754116e-02,-4.037887065390749486e-02,-4.097366842105263501e-02,-3.637164912280702045e-02,-3.192765470494417918e-02,-1.509526741095161897e-02,-2.067484210526315813e-02,-1.728459409888357529e-02,-2.266494609250398543e-02,-2.134510877192982367e-02,-2.455273237639553005e-02,-2.755044848484848596e-02,-2.732454045720362004e-02,-2.629175773524720580e-02,-2.530469494949494358e-02,-2.480257161084529344e-02,-2.309172280701754162e-02,-2.214061578947368672e-02,-2.609551355661881775e-02,-2.603559792663476952e-02,-2.284339681020733370e-02,-2.764716948431685667e-02,-4.083359234449760594e-02,-5.688891769271664511e-01,-1.204717611908559327e+01,2.185369565869218711e+00,2.347209008825092980e+00,5.934119744816585690e-02,-9.099598660287082363e-02,-1.522200472089314249e-01,-1.866777196703880981e-01,-2.070957491228070102e-01,-2.345468708133971458e-01,-2.679764673046251544e-01,-2.898393590111642548e-01,-2.864561114300903655e-01,-3.061624304093567006e-01,-2.745956266347687746e-01,-2.347890920786815661e-01,-2.301827527910685900e-01,-2.289202947368421115e-01,-2.219569399255715281e-01,-2.098664641148325349e-01,-2.067157628920786583e-01,-2.695219877192983060e-01,-2.481426967038808939e-01,-2.391155208931419751e-01,-2.273042059011164406e-01,-2.022455588516746394e-01,-1.649391313131313153e-01,-1.447667862838915576e-01,-4.984741754385965118e-01,-2.580748495481127169e-01,2.733166666666666730e-03,-1.373128679957469622e-01,-2.691266711855396232e-01,-3.093519139819245201e-01,-2.156771352472089398e-01,-5.952978851674641803e-01,-3.796195869218501051e-01,-2.728126411483253883e-02,-5.659472009569377349e-02,-2.365989060606060457e-01,-3.568838383306751627e-01,-4.099524608187135044e-01,-3.999515678894205450e-01,-3.569839547049442063e-01,-3.031015774587985101e-01,-1.676790092503987195e-01,-5.881960033492822371e-01,-2.942206199362041308e-01,-3.054723438596491647e-01,-2.800396052631578536e-01,-2.518976284954811407e-01,-2.784582900584794962e-01,-2.899685454545454233e-01,-2.721024593301435424e-01,-2.404446831472620838e-01,-2.368146584263689791e-01,-3.474618876608186913e+00,-2.162071047049441574e+01,-4.125611850079745069e-01,1.942222723232323034e+00,1.633879829346092383e-01,5.684094700691122437e-01,4.464804108452950504e-01,-4.072643637958532903e-01,-3.339125017543859708e-01,-1.884352280701754312e-01,-1.905425677830940856e-01,1.302244680489101636e-01,2.025235504518873020e-01,2.903081285486443508e-01,3.078793040935672298e-01,3.511105618288145047e-01,3.822923002658160652e-01,4.137384538011695811e-01,4.316999678362573034e-01,4.303625700159489642e-01,4.086401216374269119e-01,2.909003976076555142e-01,2.787524936735778502e-01,3.117108063795853701e-01,3.083377189261031770e-01,2.818481626794258621e-01,2.516663136629452846e-01,1.806359090909090970e-01
cmyo,-9.686000000000000165e-02,-1.035999999999999942e-02,-4.179999999999999688e-03,1.619999999999999912e-03,7.450000000000000025e-03,1.345999999999999974e-02,2.015000000000000124e-02,2.563000000000000000e-02,-8.745999999999999608e-02,-1.229000000000000058e-02,-4.190000000000000148e-03,1.660000000000000017e-03,7.550000000000000287e-03,1.349999999999999985e-02,1.991000000000000061e-02,2.502000000000000057e-02,2.350000000000000092e-03,3.510000000000000099e-03,3.810000000000000019e-03,3.989999999999999623e-03,4.150000000000000043e-03,4.320000000000000055e-03,4.479999999999999608e-03,4.629999999999999567e-03,4.749999999999999882e-03,5.859999999999999758e-03,5.029999999999999749e-03,5.150000000000000064e-03,5.270000000000000379e-03,5.389999999999999826e-03,5.519999999999999733e-03,5.640000000000000048e-03,5.780000000000000415e-03,5.919999999999999915e-03,6.049999999999999822e-03,6.190000000000000190e-03,6.329999999999999689e-03,6.470000000000000057e-03,6.610000000000000424e-03,6.760000000000000384e-03,6.899999999999999883e-03,7.040000000000000251e-03,7.179999999999999750e-03,7.309999999999999658e-03,7.440000000000000432e-03,7.570000000000000340e-03,7.700000000000000247e-03,7.839999999999999747e-03,7.960000000000000062e-03,8.070000000000000784e-03,8.160000000000000586e-03,8.250000000000000389e-03,8.349999999999999784e-03,8.429999999999999993e-03,8.489999999999999283e-03,8.559999999999999901e-03,8.600000000000000006e-03,8.590000000000000413e-03,8.590000000000000413e-03,8.580000000000000820e-03,8.569999999999999493e-03,8.559999999999999901e-03,8.600000000000000006e-03,8.630000000000000518e-03,8.640000000000000110e-03,8.659999999999999296e-03,8.670000000000000623e-03,8.680000000000000215e-03,8.659999999999999296e-03,8.619999999999999191e-03,8.559999999999999901e-03,8.470000000000000098e-03,8.330000000000000598e-03,8.179999999999999771e-03,7.990000000000000574e-03,7.760000000000000404e-03,7.470000000000000077e-03,7.110000000000000001e-03,6.640000000000000069e-03,6.119999999999999572e-03,2.190000000000000106e-03,2.789999999999999945e-03,2.660000000000000038e-03,2.459999999999999947e-03,3.700000000000000164e-03,4.139999999999999583e-03,4.360000000000000160e-03,4.470000000000000015e-03,4.519999999999999712e-03,5.440000000000000391e-03,4.629999999999999567e-03,4.689999999999999725e-03,4.760000000000000342e-03,4.839999999999999684e-03,4.930000000000000354e-03,5.029999999999999749e-03,5.130000000000000011e-03,5.230000000000000274e-03,5.340000000000000129e-03,5.449999999999999983e-03,5.570000000000000298e-03,5.680000000000000153e-03,5.799999999999999600e-03,5.930000000000000375e-03,6.049999999999999822e-03,6.170000000000000137e-03,6.270000000000000399e-03,6.369999999999999794e-03,6.470000000000000057e-03,6.559999999999999859e-03,6.640000000000000069e-03,6.790000000000000029e-03,6.919999999999999936e-03,7.000000000000000146e-03,7.080000000000000356e-03,7.139999999999999646e-03,7.219999999999999855e-03,7.289999999999999605e-03,7.340000000000000170e-03,7.389999999999999868e-03,7.429999999999999973e-03,7.429999999999999973e-03,7.420000000000000380e-03,7.420000000000000380e-03,7.420000000000000380e-03,7.409999999999999920e-03,7.450000000000000025e-03,7.479999999999999670e-03,7.490000000000000130e-03,7.550000000000000287e-03,7.579999999999999932e-03,7.609999999999999577e-03,7.620000000000000037e-03,7.609999999999999577e-03,7.590000000000000392e-03,7.550000000000000287e-03,7.499999999999999722e-03,7.409999999999999920e-03,7.289999999999999605e-03,7.130000000000000053e-03,6.930000000000000396e-03,6.680000000000000174e-03,6.369999999999999794e-03,5.980000000000000072e-03,3.299999999999999982e-03,3.350000000000000113e-03,3.399999999999999811e-03,3.449999999999999942e-03,3.510000000000000099e-03,3.569999999999999823e-03,3.640000000000000006e-03,3.710000000000000190e-03,3.779999999999999940e-03,3.850000000000000124e-03,3.919999999999999873e-03,4.000000000000000083e-03,4.069999999999999833e-03,4.159999999999999636e-03,4.239999999999999845e-03,4.320000000000000055e-03,4.409999999999999858e-03,4.499999999999999660e-03,4.599999999999999922e-03,4.700000000000000185e-03,4.799999999999999580e-03,4.910000000000000302e-03,5.020000000000000157e-03,5.139999999999999604e-03,5.270000000000000379e-03,5.400000000000000286e-03,5.530000000000000193e-03,5.660000000000000100e-03,2.680000000000000090e-03,3.150000000000000022e-03,3.559999999999999797e-03,3.980000000000000031e-03,4.409999999999999858e-03,4.839999999999999684e-03,5.279999999999999971e-03,5.740000000000000310e-03,6.190000000000000190e-03,6.669999999999999714e-03,7.159999999999999698e-03,7.669999999999999735e-03,8.200000000000000691e-03,8.750000000000000833e-03,9.339999999999999344e-03,9.960000000000000103e-03,1.064000000000000015e-02,1.133999999999999939e-02,1.209999999999999964e-02,1.291999999999999919e-02,1.378000000000000058e-02,1.468999999999999993e-02,1.566000000000000031e-02,1.669999999999999957e-02,1.779000000000000026e-02,1.898000000000000034e-02,2.023000000000000145e-02,2.156999999999999890e-02,3.340000000000000087e-03,3.380000000000000192e-03,3.419999999999999863e-03,3.469999999999999994e-03,3.520000000000000125e-03,3.569999999999999823e-03,3.629999999999999980e-03,3.700000000000000164e-03,3.769999999999999914e-03,3.840000000000000097e-03,3.919999999999999873e-03,4.009999999999999676e-03,4.100000000000000346e-03,4.190000000000000148e-03,4.279999999999999950e-03,4.369999999999999753e-03,4.460000000000000422e-03,4.559999999999999817e-03,4.660000000000000080e-03,4.760000000000000342e-03,4.859999999999999737e-03,4.959999999999999999e-03,5.069999999999999854e-03,5.179999999999999709e-03,5.290000000000000431e-03,5.409999999999999878e-03,5.539999999999999786e-03,5.669999999999999693e-03
cmyo*c/cref,-1.501355746943115396e-02,-1.592388729399255541e-03,-6.316888888888888597e-04,2.406315789473683654e-04,1.087359383306751772e-03,1.929767570441254330e-03,2.836854332801701326e-03,3.575936842105263171e-03,-1.355653248272195577e-02,-1.889040297713981756e-03,-6.332001063264221631e-04,2.465730994152046237e-04,1.101954811270600869e-03,1.935502392344497138e-03,2.803065497076023555e-03,3.490828708133971239e-03,2.706985114300903671e-03,4.079941148325359063e-03,4.401977990430621691e-03,4.582030303030302197e-03,4.732235513024985775e-03,4.886514832535885505e-03,5.026483785220628095e-03,5.152370334928229982e-03,5.248257575757575392e-03,5.984863795853268692e-03,5.457456406166931971e-03,5.542396597554491780e-03,5.623294524189261477e-03,5.701995321637426395e-03,5.788956937799042031e-03,5.863171291866029096e-03,5.955796810207337165e-03,6.045859011164274148e-03,6.123236842105262041e-03,6.208263955342903199e-03,6.290727751196171537e-03,6.370628229665071390e-03,6.447965390749601025e-03,6.532438490164806100e-03,6.604558213716108135e-03,6.674114619883040819e-03,6.741145879851142934e-03,6.796279160021264157e-03,6.849071770334928637e-03,6.899485539606592388e-03,6.947479532163743088e-03,7.002066135034555952e-03,7.036411483253587548e-03,7.059812759170654671e-03,7.063887719298246430e-03,7.066315789473684439e-03,7.075570707070706448e-03,7.066276076555023412e-03,7.038891547049441581e-03,7.018653907496012062e-03,7.007376927166400135e-03,6.989821371610844755e-03,6.980368261562998507e-03,6.962845614035088025e-03,6.945299308878255702e-03,6.927775013290802218e-03,6.920005316321105500e-03,6.873031100478470094e-03,6.809799043062201435e-03,6.754247527910685334e-03,6.690603508771930663e-03,6.626794683678893100e-03,6.540210632642211482e-03,6.438970441254652198e-03,6.323614673046251515e-03,6.187377777777777060e-03,6.016465390749601433e-03,5.840763530037213457e-03,5.639257894736842726e-03,5.413022860180754722e-03,5.149216746411483699e-03,4.842473205741626777e-03,4.467685699096225239e-03,4.067408612440191230e-03,2.522679744816586772e-03,3.243030143540669846e-03,3.073296969696969524e-03,2.825011164274321678e-03,4.219101541733120443e-03,4.682910047846889842e-03,4.891845826687933087e-03,4.974318660287082097e-03,4.994131419457734783e-03,5.555914513556618577e-03,5.023463849016479230e-03,5.047347581073896236e-03,5.079104731525784476e-03,5.120159064327485174e-03,5.170209728867623637e-03,5.229033971291866499e-03,5.286027272727272623e-03,5.341189633173843744e-03,5.404642105263156998e-03,5.466080542264752963e-03,5.535442902711323887e-03,5.592761722488038059e-03,5.657821371610844904e-03,5.730378734715576954e-03,5.790953216374268055e-03,5.849330568846358713e-03,5.886766666666667057e-03,5.922339021796916257e-03,5.956114832535885049e-03,5.978946517809675953e-03,5.991073258904838078e-03,6.064289420520999584e-03,6.117081339712918293e-03,6.123753322700690831e-03,6.128961403508772013e-03,6.115575119617224810e-03,6.118038383838383075e-03,6.110694258373205491e-03,6.085449229133440240e-03,6.059328548644337536e-03,6.054047740563529671e-03,6.045910685805421826e-03,6.029607974481658757e-03,6.021481871345029518e-03,6.013316321105795052e-03,5.997057575757575379e-03,5.994655768208399446e-03,5.957157894736842159e-03,5.903402179691654220e-03,5.888518341307815047e-03,5.849454970760233942e-03,5.809897182349812832e-03,5.754781180223286427e-03,5.684520308346624473e-03,5.607036842105263263e-03,5.515313131313131362e-03,5.416985645933013703e-03,5.290960606060605281e-03,5.145205263157894698e-03,4.973563530037214062e-03,4.776984210526316610e-03,4.549609144072301430e-03,4.286017756512493747e-03,3.974363317384370375e-03,2.905280701754386040e-03,2.914998670919723665e-03,2.915323763955342609e-03,2.914360446570972863e-03,2.920465550239234511e-03,2.925046570972886749e-03,2.936150558213716354e-03,2.945495427963849052e-03,2.953042105263157906e-03,2.958830409356725134e-03,2.962819776714513235e-03,2.972482721956405931e-03,2.972809356725145818e-03,2.985690164805953652e-03,2.989256353003721337e-03,2.990767464114832581e-03,2.997065071770335046e-03,3.001052631578947274e-03,3.009319510898458404e-03,3.015046251993620374e-03,3.018207336523125520e-03,3.025014194577353276e-03,3.029000212652844127e-03,3.036125039872408522e-03,3.045981552365763494e-03,3.052507177033493210e-03,3.055758639021797281e-03,3.055677830940988892e-03,2.665424561403509189e-03,3.077320574162679349e-03,3.414060818713450345e-03,3.745495268474216110e-03,4.071102870813397140e-03,4.381293567251461595e-03,4.684968421052631421e-03,4.990229665071770765e-03,5.270483891547050014e-03,5.559609888357256759e-03,5.839720361509834722e-03,6.118180808080807970e-03,6.393951089845827107e-03,6.665955608718767550e-03,6.948046358320042297e-03,7.230716427432217104e-03,7.533640404040403867e-03,7.825986602870812353e-03,8.133631578947368018e-03,8.453224242424242640e-03,8.768871132376395566e-03,9.084605263157893851e-03,9.403825837320575060e-03,9.728970760233917464e-03,1.004506060606060597e-02,1.037674237107921379e-02,1.069759388623072946e-02,1.101950637958532681e-02,2.940496225412014917e-03,2.941103136629452577e-03,2.932472727272727054e-03,2.931255289739499986e-03,2.928785964912280441e-03,2.925046570972886749e-03,2.928084210526316067e-03,2.937556087187666396e-03,2.945229824561403260e-03,2.951145135566188120e-03,2.962819776714513235e-03,2.979913928761296869e-03,2.994721956406167038e-03,3.007221584263689539e-03,3.017456884635831994e-03,3.025382828282828247e-03,3.031045401382243855e-03,3.041066666666666571e-03,3.048571504518873213e-03,3.053536204146730694e-03,3.055934928229664740e-03,3.055818819776714903e-03,3.059169537480063532e-03,3.059752472089314473e-03,3.057541254651781424e-03,3.058159968102073731e-03,3.061284423179160170e-03,3.061076555023923337e-03
cmz,7.957697750999999698e+04,-1.850601180000000113e+03,5.758880000000000443e+00,1.736448999999999998e+01,3.847538000000000125e+01,7.916937000000000069e+01,7.226456000000000301e+01,1.765608200000000068e+02,-7.613445269999999437e+04,1.771134099999999989e+03,-4.884100000000000108e+00,-1.378173999999999921e+01,-3.214800000000000324e+01,-7.435983000000000231e+01,-7.301340000000000430e+01,-1.942636099999999999e+02,3.031099999999999905e-01,2.613000000000000045e-02,2.103029999999999955e+00,8.388600000000000501e-01,-1.498000000000000026e-02,-2.136000000000000051e-02,-2.713000000000000134e-02,-2.857000000000000164e-02,5.108000000000000040e-02,5.036999999999999811e-02,1.738399999999999945e-01,-8.686000000000000665e-02,-7.226000000000000478e-02,-5.392999999999999877e-02,-3.031999999999999973e-02,-3.527999999999999886e-02,-6.022000000000000269e-02,-7.469000000000000639e-02,-9.056999999999999773e-02,-9.092000000000000082e-02,-1.005000000000000060e-01,-1.189299999999999941e-01,-1.078100000000000031e-01,-1.106300000000000061e-01,-9.188999999999999946e-02,-1.011800000000000060e-01,5.807999999999999968e-02,-1.983489999999999975e+00,-1.827099999999999946e+00,-1.667500000000000093e-01,-1.410299999999999887e-01,-1.750299999999999911e-01,-2.229899999999999938e-01,-2.087600000000000011e-01,-2.474699999999999955e-01,-2.452100000000000113e-01,-2.262099999999999944e-01,-2.152900000000000091e-01,-2.080599999999999949e-01,-1.901400000000000035e-01,-1.247499999999999998e-01,-2.346399999999999875e-01,-2.403000000000000136e-01,-2.460700000000000109e-01,-2.330599999999999894e-01,-1.986400000000000110e-01,-2.042299999999999949e-01,-2.088200000000000056e-01,-2.268400000000000138e-01,-2.364900000000000058e-01,-2.113099999999999978e-01,-2.185100000000000098e-01,-2.448400000000000021e-01,-2.356999999999999929e-01,-2.682200000000000140e-01,-2.533000000000000251e-01,-2.697200000000000153e-01,-2.390400000000000025e-01,-2.232300000000000118e-01,-2.509600000000000164e-01,-2.100799999999999890e-01,-1.501000000000000112e-01,-1.678000000000000047e-01,2.093000000000000138e-01,-1.339469999999999938e+00,-2.716999999999999971e-01,-2.601659999999999862e+00,-1.214159999999999906e+00,2.282999999999999960e-02,5.793999999999999845e-02,4.399999999999999745e-02,6.799999999999999621e-03,-7.417999999999999594e-02,-7.430000000000000493e-02,-1.900600000000000067e-01,5.213999999999999885e-02,5.564999999999999808e-02,3.946999999999999814e-02,2.525000000000000161e-02,3.060999999999999832e-02,3.531999999999999723e-02,5.163999999999999840e-02,6.353999999999999926e-02,6.096000000000000030e-02,9.017000000000000015e-02,8.748000000000000220e-02,6.210000000000000242e-02,7.857000000000000095e-02,5.337000000000000077e-02,4.322000000000000147e-02,-6.598999999999999311e-02,1.901250000000000107e+00,1.723950000000000093e+00,9.911999999999999977e-02,9.710000000000000575e-02,8.626999999999999946e-02,1.100899999999999934e-01,1.309700000000000031e-01,1.481500000000000039e-01,1.416999999999999926e-01,1.388500000000000012e-01,1.311900000000000011e-01,1.801200000000000023e-01,9.357999999999999652e-02,1.482700000000000129e-01,1.894800000000000095e-01,2.260699999999999932e-01,2.453799999999999870e-01,2.143500000000000127e-01,1.986700000000000133e-01,9.293999999999999484e-02,9.589999999999999913e-02,8.876000000000000556e-02,1.136100000000000027e-01,1.003099999999999964e-01,1.358699999999999908e-01,1.551400000000000001e-01,1.543499999999999872e-01,1.545600000000000029e-01,1.518200000000000105e-01,1.538599999999999968e-01,1.365800000000000070e-01,1.381600000000000050e-01,1.780100000000000016e-01,1.892099999999999893e-01,1.552699999999999914e-01,1.740700000000000025e-01,4.760000000000000342e-03,-2.548099999999999810e-01,2.188600000000000101e+00,-3.519070000000000142e+00,-1.285900000000000043e+00,-2.191200000000000092e-01,-2.107300000000000006e-01,-2.444800000000000029e-01,-2.727299999999999724e-01,-2.425499999999999878e-01,-2.118599999999999928e-01,-1.899700000000000000e-01,-2.103700000000000014e-01,-2.318500000000000005e-01,-2.222600000000000131e-01,-2.099000000000000032e-01,-2.127000000000000002e-01,-2.362400000000000055e-01,-2.197900000000000131e-01,-1.952099999999999946e-01,-2.011900000000000077e-01,-1.866700000000000026e-01,-2.008999999999999952e-01,-2.155199999999999894e-01,-2.484099999999999919e-01,-2.502699999999999925e-01,-2.206899999999999973e-01,-1.963300000000000045e-01,-2.230999999999999928e-01,8.030500000000000416e-01,2.509000000000000119e-01,2.436599999999999877e-01,2.874599999999999933e-01,3.323499999999999788e-01,2.971400000000000152e-01,3.376600000000000157e-01,-8.772199999999999998e-01,-5.882500000000000506e-01,1.553499999999999881e-01,2.545000000000000040e-01,3.649200000000000221e-01,5.397999999999999465e-01,6.570300000000000029e-01,7.122500000000000497e-01,7.341999999999999638e-01,7.025700000000000278e-01,6.407500000000000417e-01,8.164200000000000346e-01,6.670800000000000063e-01,6.770100000000000007e-01,6.533099999999999463e-01,6.620599999999999818e-01,6.377199999999999536e-01,5.383900000000000352e-01,4.887900000000000023e-01,3.956399999999999917e-01,3.175399999999999889e-01,-7.014599999999999724e-01,-3.787240000000000162e+00,2.233379999999999921e+00,9.274099999999999566e-01,-8.562000000000000166e-02,-6.310999999999999943e-02,-2.243400000000000116e-01,-1.668199999999999961e-01,-2.281900000000000039e-01,-2.843499999999999917e-01,-1.177300000000000013e-01,3.820000000000000045e-03,9.081999999999999795e-02,1.114399999999999974e-01,1.318300000000000027e-01,1.617599999999999871e-01,1.607300000000000118e-01,1.035200000000000009e-01,1.191299999999999998e-01,1.827699999999999880e-01,1.747700000000000087e-01,2.507499999999999729e-01,2.671200000000000241e-01,2.627300000000000191e-01,2.310000000000000109e-01,2.055700000000000027e-01,2.544000000000000150e-01,4.225800000000000112e-01
cmz*c/cref,1.233464304243253537e+04,-2.844475349078149975e+02,8.702919876661351362e-01,2.579286818713450113e+00,5.615646371717172514e+00,1.135055592854864237e+01,1.017389727761828766e+01,2.463403593875598219e+01,-1.180104254609888267e+04,2.722330095651249167e+02,-7.380937086656035317e-01,-2.047112257309941175e+00,-4.692138181818182652e+00,-1.066100954513556509e+01,-1.027932407655502445e+01,-2.710395630430621949e+01,3.491550034024454852e-01,3.037289521531100558e-02,2.429787866985645639e+00,9.633288070175438644e-01,-1.708165975544922652e-02,-2.416110111642743447e-02,-3.043939845826688570e-02,-3.179335215311005630e-02,5.643810462519936733e-02,5.144327464114831910e-02,1.886131653375863748e-01,-9.347816863370547735e-02,-7.710422434875066622e-02,-5.705168973950026229e-02,-3.179731419457734742e-02,-3.667600765550239200e-02,-6.205157161084529777e-02,-7.627790701754386116e-02,-9.166637368421051701e-02,-9.118826475279107058e-02,-9.987648325358851331e-02,-1.171033717703349047e-01,-1.051671934609250403e-01,-1.069058683678894284e-01,-8.795548612440190483e-02,-9.592143710792132294e-02,5.453004912280701860e-02,-1.844097366772992963e+00,-1.681981052631578821e+00,-1.519800810738968777e-01,-1.272471478468899519e-01,-1.563229127060074275e-01,-1.971167583732057194e-01,-1.826278205209994621e-01,-2.142279771929824495e-01,-2.100280357256778530e-01,-1.916844131313131250e-01,-1.804624645933014526e-01,-1.724984423179160009e-01,-1.559026698564593139e-01,-1.016477060074428423e-01,-1.909303476874003036e-01,-1.952715358851674632e-01,-1.996908415204678433e-01,-1.888764827219563958e-01,-1.607632276448697495e-01,-1.643340332270069037e-01,-1.663066459330143632e-01,-1.787887517278043681e-01,-1.844471129186602831e-01,-1.630670619883040906e-01,-1.668226850611376766e-01,-1.849082183944710522e-01,-1.760632636895268499e-01,-1.981448513556618718e-01,-1.850369292929292808e-01,-1.948092491228070045e-01,-1.706816765550238923e-01,-1.575533842105263094e-01,-1.750582753854332818e-01,-1.448122428495481062e-01,-1.022299898989899036e-01,-1.129032620946305299e-01,1.391027161084529562e-01,-1.542946957894736570e+00,-3.158176666666666632e-01,-3.005892403827751025e+00,-1.394315266347687210e+00,2.603299681020733447e-02,6.553811791600212822e-02,4.936725146198830960e-02,7.567196172248804621e-03,-8.196120988835725596e-02,-7.588317065390749738e-02,-2.062115635300371952e-01,5.611272982456139841e-02,5.938070972886762278e-02,4.175468559276979824e-02,2.648028309409888176e-02,3.182121866028708029e-02,3.639424625199361857e-02,5.273786475279106101e-02,6.430916842105262321e-02,6.113986602870813414e-02,8.961057208931419438e-02,8.613640765550238665e-02,6.057770813397129334e-02,7.592510239234449843e-02,5.108482200956937502e-02,4.097375481127060043e-02,-6.195657612971822853e-02,1.767636901913875569e+00,1.587023827751196325e+00,9.034042360446571662e-02,8.761042371079214020e-02,7.704952110579478541e-02,9.731639952153108009e-02,1.145754246677299221e-01,1.282493830409356661e-01,1.213693269537480107e-01,1.176578434343434343e-01,1.099673497607655537e-01,1.493339393939394077e-01,7.672962998405102875e-02,1.208120670919723555e-01,1.541829282296650616e-01,1.837080154704943957e-01,1.991308923976607970e-01,1.737135247208931588e-01,1.607875072301966912e-01,7.478433652312599378e-02,7.637586124401914145e-02,6.995807442849548419e-02,8.860855215311004562e-02,7.740881637426900996e-02,1.037307135566187949e-01,1.171649281233386602e-01,1.152964138755980944e-01,1.141796593301435403e-01,1.109052767676767665e-01,1.111276548644337947e-01,9.752218617756511221e-02,9.751187368421053436e-02,1.241716751727804380e-01,1.304261446570972871e-01,1.057511694311536327e-01,1.171219954279638514e-01,3.163540031897926850e-03,-2.243316895800106237e-01,1.904407788410420022e+00,-3.017420117065390706e+00,-1.086253941520467725e+00,-1.823169263157894682e-01,-1.726596817650186133e-01,-1.972060682615630056e-01,-2.165296409888357032e-01,-1.894868684210526122e-01,-1.628202105263157895e-01,-1.435833859649122690e-01,-1.563302975544922924e-01,-1.693478745348218906e-01,-1.595191096225412053e-01,-1.479822897395002834e-01,-1.472537591706539195e-01,-1.605502613503455578e-01,-1.465780795321637575e-01,-1.277063612440191287e-01,-1.290632245614035112e-01,-1.173768257309941582e-01,-1.237729840510366913e-01,-1.300418577352472072e-01,-1.467322609250398813e-01,-1.446523345560871976e-01,-1.247514460925039925e-01,-1.084877203615098457e-01,-1.204455342902711334e-01,7.986825350877193586e-01,2.451110260499734239e-01,2.336713649122806880e-01,2.705226306220095966e-01,3.068097594364699310e-01,2.689788368952684694e-01,2.996072797448166014e-01,-7.626357607655502857e-01,-5.008662599681021899e-01,1.294880653907496126e-01,2.075710659223816978e-01,2.910882060606060917e-01,4.209091217437532784e-01,5.005408929824561870e-01,5.298443274853801288e-01,5.330112450824029402e-01,4.974539228070175012e-01,4.421958479532163699e-01,5.487983052631578706e-01,4.364533148325359102e-01,4.308137478468899717e-01,4.040206578947367344e-01,3.975668540138224683e-01,3.715185169590642933e-01,3.040000101010101319e-01,2.672311856459330115e-01,2.092138430622009493e-01,1.622222557150451994e-01,-6.175570306220096173e-01,-3.295462557150452110e+00,1.915007584688995124e+00,7.834223251461986948e-01,-7.123939043062200993e-02,-5.170859638490164778e-02,-1.809604440191387720e-01,-1.324440828282828220e-01,-1.782684333333333371e-01,-2.185307602339181254e-01,-8.898285007974481020e-02,2.838720999468367749e-03,6.633674343434342591e-02,7.998204614566718773e-02,9.294190212652844729e-02,1.119876261562998410e-01,1.092331675704412697e-01,6.903754853801169489e-02,7.793483333333332819e-02,1.172468092503987092e-01,1.098941867091972335e-01,1.544851953748006546e-01,1.611766009569378100e-01,1.551908816586922146e-01,1.335145614035087858e-01,1.162044259968102178e-01,1.405759489633174042e-01,2.281392822966507306e-01
cmzi,7.957712294000000111e+04,-1.850573740000000043e+03,5.798589999999999911e+00,1.742041000000000039e+01,3.854377000000000209e+01,7.925244999999999607e+01,7.236540999999999713e+01,1.766788500000000113e+02,-7.613458401000000595e+04,1.771101540000000114e+03,-4.923960000000000115e+00,-1.383876000000000062e+01,-3.221728000000000236e+01,-7.444312999999999647e+01,-7.311306000000000438e+01,-1.943788499999999999e+02,3.016300000000000092e-01,2.402999999999999928e-02,2.100340000000000096e+00,8.356200000000000294e-01,-1.884999999999999870e-02,-2.597999999999999962e-02,-3.252000000000000030e-02,-3.475999999999999923e-02,4.424999999999999767e-02,4.134999999999999787e-02,1.649799999999999878e-01,-9.646000000000000407e-02,-8.276000000000000023e-02,-6.536999999999999755e-02,-4.270999999999999797e-02,-4.866999999999999799e-02,-7.464999999999999414e-02,-9.020000000000000240e-02,-1.071799999999999975e-01,-1.086499999999999966e-01,-1.194000000000000061e-01,-1.390299999999999869e-01,-1.291299999999999948e-01,-1.332200000000000051e-01,-1.157600000000000018e-01,-1.263499999999999901e-01,3.160000000000000309e-02,-2.011289999999999800e+00,-1.856230000000000047e+00,-1.972299999999999887e-01,-1.729199999999999904e-01,-2.083399999999999974e-01,-2.576800000000000201e-01,-2.447999999999999898e-01,-2.848300000000000276e-01,-2.838700000000000112e-01,-2.661899999999999822e-01,-2.565799999999999748e-01,-2.505200000000000204e-01,-2.338099999999999901e-01,-1.691499999999999948e-01,-2.790900000000000047e-01,-2.848200000000000176e-01,-2.906699999999999839e-01,-2.777299999999999769e-01,-2.433700000000000030e-01,-2.495699999999999863e-01,-2.551300000000000234e-01,-2.740199999999999858e-01,-2.845300000000000051e-01,-2.602099999999999969e-01,-2.682100000000000040e-01,-2.952199999999999824e-01,-2.866299999999999959e-01,-3.195399999999999907e-01,-3.048000000000000154e-01,-3.211200000000000165e-01,-2.901699999999999835e-01,-2.738800000000000123e-01,-3.007799999999999918e-01,-2.586800000000000210e-01,-1.969299999999999939e-01,-2.120700000000000085e-01,1.679900000000000004e-01,-1.338090000000000002e+00,-2.700299999999999923e-01,-2.599790000000000045e+00,-1.212159999999999904e+00,2.628000000000000128e-02,6.235999999999999877e-02,4.925999999999999823e-02,1.278999999999999929e-02,-6.769999999999999629e-02,-6.593000000000000249e-02,-1.818899999999999961e-01,6.087999999999999662e-02,6.512999999999999345e-02,4.973999999999999949e-02,3.631999999999999812e-02,4.254999999999999755e-02,4.812999999999999917e-02,6.535000000000000531e-02,7.817999999999999949e-02,7.656999999999999917e-02,1.067899999999999960e-01,1.051300000000000012e-01,8.081000000000000683e-02,9.837999999999999523e-02,7.431000000000000105e-02,6.525999999999999857e-02,-4.284999999999999920e-02,1.925489999999999924e+00,1.749270000000000103e+00,1.255300000000000027e-01,1.246000000000000024e-01,1.151200000000000001e-01,1.402799999999999880e-01,1.622699999999999976e-01,1.805400000000000060e-01,1.751500000000000001e-01,1.734300000000000008e-01,1.668600000000000083e-01,2.168100000000000027e-01,1.313000000000000000e-01,1.866200000000000081e-01,2.278999999999999915e-01,2.645700000000000274e-01,2.839599999999999902e-01,2.530000000000000027e-01,2.373899999999999899e-01,1.322200000000000042e-01,1.360399999999999943e-01,1.296400000000000052e-01,1.554800000000000071e-01,1.430500000000000105e-01,1.794399999999999884e-01,1.994499999999999884e-01,1.993099999999999872e-01,2.000599999999999878e-01,1.977500000000000091e-01,2.001000000000000001e-01,1.829199999999999993e-01,1.843299999999999939e-01,2.237899999999999889e-01,2.343099999999999905e-01,1.993099999999999872e-01,2.165499999999999925e-01,4.515999999999999875e-02,-2.555200000000000249e-01,2.188039999999999985e+00,-3.520010000000000083e+00,-1.287239999999999940e+00,-2.208799999999999930e-01,-2.129199999999999982e-01,-2.471200000000000063e-01,-2.758300000000000196e-01,-2.461299999999999877e-01,-2.159399999999999931e-01,-1.945699999999999930e-01,-2.155100000000000071e-01,-2.375500000000000111e-01,-2.285399999999999932e-01,-2.167800000000000005e-01,-2.202099999999999891e-01,-2.444000000000000061e-01,-2.286400000000000099e-01,-2.047599999999999976e-01,-2.114800000000000013e-01,-1.977399999999999991e-01,-2.127699999999999869e-01,-2.282299999999999884e-01,-2.620100000000000207e-01,-2.647900000000000253e-01,-2.361900000000000110e-01,-2.128400000000000014e-01,-2.406600000000000128e-01,8.024200000000000221e-01,2.502499999999999725e-01,2.429999999999999938e-01,2.867899999999999894e-01,3.316600000000000104e-01,2.964499999999999913e-01,3.369500000000000273e-01,-8.779400000000000537e-01,-5.889799999999999480e-01,1.546099999999999974e-01,2.537499999999999756e-01,3.641499999999999737e-01,5.390200000000000546e-01,6.562400000000000455e-01,7.114399999999999613e-01,7.333699999999999664e-01,7.017200000000000104e-01,6.398800000000000043e-01,8.155299999999999772e-01,6.661599999999999744e-01,6.760599999999999943e-01,6.523400000000000309e-01,6.610500000000000265e-01,6.366800000000000237e-01,5.373099999999999543e-01,4.876800000000000024e-01,3.944900000000000073e-01,3.163400000000000101e-01,-7.007400000000000295e-01,-3.786680000000000046e+00,2.234329999999999927e+00,9.287600000000000300e-01,-8.384999999999999398e-02,-6.092000000000000193e-02,-2.217099999999999904e-01,-1.637200000000000044e-01,-2.246199999999999863e-01,-2.802700000000000191e-01,-1.131199999999999983e-01,8.970000000000000542e-03,9.654999999999999694e-02,1.177600000000000036e-01,1.387799999999999867e-01,1.693600000000000105e-01,1.689900000000000013e-01,1.124799999999999967e-01,1.287999999999999978e-01,1.931900000000000006e-01,1.859699999999999964e-01,2.627499999999999836e-01,2.799499999999999766e-01,2.764199999999999990e-01,2.456000000000000127e-01,2.211299999999999932e-01,2.709400000000000142e-01,4.401499999999999857e-01
cmzi*c/cref,1.233466558446911222e+04,-2.844433172295587156e+02,8.762930321105795173e-01,2.587593064327485148e+00,5.625628184901648510e+00,1.136246715364167770e+01,1.018809562796384860e+01,2.465050366507177060e+01,-1.180106289949792699e+04,2.722280049148325247e+02,-7.441174213716109653e-01,-2.055581894736842052e+00,-4.702249894311536949e+00,-1.067295231174906789e+01,-1.029335489059011266e+01,-2.712003476555023695e+01,3.474501787347155646e-01,2.793190478468899479e-02,2.426679908771929739e+00,9.596080606060605200e-01,-2.149461190855927323e-02,-2.938695725677830869e-02,-3.648688676236045564e-02,-3.868172631578947751e-02,4.889166267942583743e-02,4.223107814992024811e-02,1.790002301967038578e-01,-1.038096263689526760e-01,-8.830813184476342392e-02,-6.915388389154704385e-02,-4.479100558213715277e-02,-5.059584162679425789e-02,-7.692045534290270492e-02,-9.211764912280701045e-02,-1.084774421052631388e-01,-1.089705781499202553e-01,-1.186592248803827743e-01,-1.368946588516746221e-01,-1.259645644338117931e-01,-1.287354224348750686e-01,-1.108034288144603835e-01,-1.197832929292929199e-01,2.966855289739500634e-02,-1.869943681499202315e+00,-1.708797377990430633e+00,-1.797603081871345099e-01,-1.560205403508772015e-01,-1.860727625730994039e-01,-2.277817224880382685e-01,-2.141564019138755826e-01,-2.465695023391813179e-01,-2.431412197767145456e-01,-2.255624151515151221e-01,-2.150729674641148059e-01,-2.077011908559277253e-01,-1.917092838915470387e-01,-1.378253264221158680e-01,-2.271000287081339497e-01,-2.314491837320574175e-01,-2.358846543859648981e-01,-2.250779436469962647e-01,-1.969640893673577919e-01,-2.008169449760765224e-01,-2.031884617224880840e-01,-2.159746682615630020e-01,-2.219152481658692166e-01,-2.008029918128654834e-01,-2.047664288144603606e-01,-2.229562335991494004e-01,-2.141069718766613617e-01,-2.360569897926634575e-01,-2.226579393939393803e-01,-2.319336574162679243e-01,-2.071900187666134707e-01,-1.933016210526316003e-01,-2.098104401913875594e-01,-1.783131710792132119e-01,-1.341249294524189117e-01,-1.426900762360446828e-01,1.116477079744816608e-01,-1.541357324082934355e+00,-3.138764980861243892e-01,-3.003731852950558334e+00,-1.392018509303561746e+00,2.996702392344497215e-02,7.053774651780968241e-02,5.526888197767145655e-02,1.423300574162679466e-02,-7.480148165869218713e-02,-6.733482424242423492e-02,-1.973472655502392092e-01,6.551866113769271027e-02,6.949623763955342648e-02,5.261915534290270702e-02,3.808965869218500222e-02,4.423367703349282559e-02,4.959385821371610492e-02,6.673933891547050024e-02,7.912638947368419440e-02,7.679592424242424886e-02,1.061274591706539011e-01,1.035153239234449657e-01,7.882905948963317422e-02,9.506823944710260377e-02,7.112822041467303791e-02,6.186828410419988739e-02,-4.023093328017011971e-02,1.790173400797447911e+00,1.610332765550239298e+00,1.144111518872940048e-01,1.124228506113769399e-01,1.028160527379053668e-01,1.240034928229664796e-01,1.419573502392344477e-01,1.562885157894736976e-01,1.500200255183413156e-01,1.469600272727272783e-01,1.398670019138756049e-01,1.797528947368421115e-01,1.076576236044657076e-01,1.520600793195109046e-01,1.854459011164274196e-01,2.149937172248803929e-01,2.304393520467836187e-01,2.050362573099415164e-01,1.921243586921849988e-01,1.063910584795321607e-01,1.083438181818181800e-01,1.021785124933546063e-01,1.212644810207336582e-01,1.103910994152046826e-01,1.369944744284954385e-01,1.506287541201488667e-01,1.488806494949495018e-01,1.477923307814991705e-01,1.444573737373737177e-01,1.445251770334927965e-01,1.306103257841573495e-01,1.300981736842105330e-01,1.561057198298776982e-01,1.615144545986177682e-01,1.357458979797979692e-01,1.457044183944710414e-01,3.001375374800637971e-02,-2.249567651249335665e-01,1.903920505050505030e+00,-3.018226118341307718e+00,-1.087385896012759146e+00,-1.837813192982455934e-01,-1.744540380648591238e-01,-1.993355840510366850e-01,-2.189908366294524289e-01,-1.922836649122806885e-01,-1.659558022328548599e-01,-1.470601642743221693e-01,-1.601499378522062700e-01,-1.735112684742158295e-01,-1.640263534290271052e-01,-1.528327811802233094e-01,-1.524529868686868572e-01,-1.660958511430090379e-01,-1.524801497076023471e-01,-1.339539702286018097e-01,-1.356642513556618745e-01,-1.243375664008506132e-01,-1.310860020733652376e-01,-1.377109001063264171e-01,-1.547655878787879136e-01,-1.530446784157363516e-01,-1.335132722488038548e-01,-1.176107900053163235e-01,-1.299256937799043166e-01,7.980559614035088734e-01,2.444760233918128189e-01,2.330384210526315891e-01,2.698921075491759747e-01,3.061727841573630982e-01,2.683542309941520099e-01,2.989772934609250532e-01,-7.632617129186602956e-01,-5.014878194577352399e-01,1.288712570972886939e-01,2.069593633705475444e-01,2.904739949494949403e-01,4.203009166400851204e-01,4.999390524189261664e-01,5.292417667198298092e-01,5.324086853801169861e-01,4.968520812333864778e-01,4.415954415736310090e-01,5.482000464114832328e-01,4.358513824561403571e-01,4.302092175438596566e-01,4.034207894736842048e-01,3.969603492822966762e-01,3.709126409356724996e-01,3.033901919191918650e-01,2.666243266347687602e-01,2.086057247740563669e-01,1.616092094630515730e-01,-6.169231511961722481e-01,-3.294975273790536896e+00,1.915822160446570832e+00,7.845627270600744607e-01,-6.976667703349281879e-02,-4.991424008506114424e-02,-1.788389945773524725e-01,-1.299828871876661518e-01,-1.754794491228069964e-01,-2.153951685273790551e-01,-8.549851355661881869e-02,6.665792503987241074e-03,7.052204997341839088e-02,8.451799851143008968e-02,9.784174449760765779e-02,1.172491615098352064e-01,1.148467180223285561e-01,7.501297777777778120e-02,8.426094630515683359e-02,1.239312309409888319e-01,1.169366704944178603e-01,1.618783054226475282e-01,1.689180497076023246e-01,1.632773703349282568e-01,1.419531440723019733e-01,1.250001688995215354e-01,1.497155959595959651e-01,2.376248405103668360e-01
cmzo,-1.454300000000000037e-01,-2.743999999999999911e-02,-3.971000000000000224e-02,-5.593000000000000055e-02,-6.839000000000000634e-02,-8.308000000000000107e-02,-1.008499999999999952e-01,-1.180199999999999999e-01,1.313100000000000100e-01,3.255999999999999867e-02,3.985999999999999960e-02,5.702999999999999736e-02,6.926999999999999824e-02,8.329999999999999905e-02,9.965999999999999859e-02,1.152500000000000052e-01,1.479999999999999979e-03,2.099999999999999870e-03,2.690000000000000117e-03,3.239999999999999825e-03,3.870000000000000176e-03,4.619999999999999975e-03,5.389999999999999826e-03,6.199999999999999782e-03,6.819999999999999674e-03,9.020000000000000240e-03,8.869999999999999413e-03,9.599999999999999159e-03,1.050000000000000065e-02,1.142999999999999919e-02,1.239999999999999956e-02,1.339000000000000086e-02,1.443999999999999971e-02,1.550999999999999948e-02,1.660999999999999976e-02,1.773999999999999883e-02,1.889000000000000054e-02,2.009999999999999981e-02,2.132999999999999827e-02,2.258999999999999897e-02,2.386999999999999886e-02,2.515999999999999834e-02,2.648999999999999966e-02,2.779999999999999832e-02,2.912000000000000005e-02,3.048000000000000015e-02,3.189000000000000168e-02,3.330999999999999933e-02,3.468999999999999861e-02,3.604000000000000259e-02,3.735999999999999738e-02,3.864999999999999686e-02,3.996999999999999859e-02,4.129000000000000031e-02,4.245999999999999774e-02,4.367000000000000048e-02,4.438999999999999890e-02,4.445000000000000340e-02,4.451999999999999708e-02,4.460000000000000075e-02,4.465999999999999831e-02,4.472000000000000280e-02,4.535000000000000142e-02,4.632000000000000006e-02,4.717999999999999972e-02,4.803999999999999937e-02,4.889999999999999902e-02,4.970000000000000112e-02,5.036999999999999811e-02,5.091999999999999998e-02,5.131000000000000144e-02,5.149999999999999717e-02,5.138999999999999818e-02,5.111999999999999877e-02,5.065000000000000058e-02,4.982000000000000317e-02,4.861000000000000043e-02,4.682000000000000051e-02,4.426999999999999685e-02,4.132000000000000256e-02,-1.379999999999999933e-03,-1.670000000000000043e-03,-1.879999999999999944e-03,-1.990000000000000015e-03,-3.449999999999999942e-03,-4.420000000000000318e-03,-5.250000000000000326e-03,-5.989999999999999665e-03,-6.490000000000000109e-03,-8.370000000000000703e-03,-8.160000000000000586e-03,-8.739999999999999505e-03,-9.490000000000000172e-03,-1.026000000000000002e-02,-1.107999999999999957e-02,-1.192999999999999963e-02,-1.281999999999999980e-02,-1.370999999999999996e-02,-1.464000000000000024e-02,-1.562000000000000020e-02,-1.661999999999999936e-02,-1.764999999999999902e-02,-1.871000000000000094e-02,-1.981000000000000122e-02,-2.094000000000000028e-02,-2.204000000000000056e-02,-2.314000000000000085e-02,-2.424000000000000113e-02,-2.531999999999999876e-02,-2.640999999999999945e-02,-2.750000000000000014e-02,-2.885000000000000064e-02,-3.019000000000000156e-02,-3.128999999999999837e-02,-3.239000000000000212e-02,-3.345000000000000057e-02,-3.457999999999999963e-02,-3.567000000000000032e-02,-3.670000000000000345e-02,-3.771999999999999659e-02,-3.835000000000000214e-02,-3.842000000000000276e-02,-3.849999999999999950e-02,-3.858000000000000318e-02,-3.864999999999999686e-02,-3.871999999999999748e-02,-3.928999999999999854e-02,-4.014000000000000207e-02,-4.089000000000000273e-02,-4.186999999999999750e-02,-4.272999999999999715e-02,-4.358000000000000068e-02,-4.431999999999999829e-02,-4.495999999999999996e-02,-4.549999999999999878e-02,-4.592000000000000248e-02,-4.624000000000000332e-02,-4.633999999999999925e-02,-4.617000000000000270e-02,-4.578000000000000125e-02,-4.510999999999999732e-02,-4.404000000000000276e-02,-4.247999999999999693e-02,-4.041000000000000147e-02,7.100000000000000191e-04,5.599999999999999509e-04,9.499999999999999981e-04,1.350000000000000071e-03,1.760000000000000063e-03,2.190000000000000106e-03,2.639999999999999986e-03,3.099999999999999891e-03,3.579999999999999849e-03,4.080000000000000293e-03,4.599999999999999922e-03,5.139999999999999604e-03,5.700000000000000205e-03,6.279999999999999992e-03,6.890000000000000291e-03,7.510000000000000182e-03,8.170000000000000179e-03,8.850000000000000228e-03,9.549999999999999462e-03,1.029000000000000054e-02,1.106999999999999998e-02,1.187000000000000034e-02,1.271000000000000081e-02,1.359999999999999924e-02,1.452999999999999951e-02,1.549999999999999989e-02,1.651000000000000037e-02,1.755999999999999922e-02,6.300000000000000261e-04,6.400000000000000524e-04,6.599999999999999964e-04,6.700000000000000226e-04,6.899999999999999667e-04,6.999999999999999929e-04,7.100000000000000191e-04,7.200000000000000453e-04,7.299999999999999632e-04,7.399999999999999894e-04,7.600000000000000418e-04,7.699999999999999597e-04,7.799999999999999859e-04,8.000000000000000383e-04,8.099999999999999561e-04,8.300000000000000086e-04,8.499999999999999526e-04,8.700000000000000051e-04,8.899999999999999491e-04,9.200000000000000278e-04,9.499999999999999981e-04,9.799999999999999684e-04,1.010000000000000047e-03,1.039999999999999909e-03,1.069999999999999988e-03,1.110000000000000092e-03,1.149999999999999981e-03,1.190000000000000085e-03,-7.200000000000000453e-04,-5.599999999999999509e-04,-9.499999999999999981e-04,-1.350000000000000071e-03,-1.770000000000000089e-03,-2.190000000000000106e-03,-2.629999999999999959e-03,-3.089999999999999865e-03,-3.569999999999999823e-03,-4.080000000000000293e-03,-4.610000000000000382e-03,-5.159999999999999656e-03,-5.729999999999999850e-03,-6.329999999999999689e-03,-6.949999999999999581e-03,-7.590000000000000392e-03,-8.259999999999999981e-03,-8.959999999999999215e-03,-9.679999999999999369e-03,-1.042000000000000044e-02,-1.119000000000000029e-02,-1.200000000000000025e-02,-1.282999999999999939e-02,-1.370000000000000037e-02,-1.460000000000000013e-02,-1.554999999999999959e-02,-1.653999999999999915e-02,-1.757999999999999841e-02
cmzo*c/cref,-2.254203657628920873e-02,-4.217678256246676534e-03,-6.001044444444445305e-03,-8.307730994152046425e-03,-9.981813184476343026e-03,-1.191122509303561665e-02,-1.419835034556087179e-02,-1.646633110047846654e-02,2.035339904306220082e-02,5.004650292397660148e-03,6.023712706007443123e-03,8.471122807017542403e-03,1.011025295055821387e-02,1.194276661350345339e-02,1.403081403508771828e-02,1.607985645933014338e-02,1.704824667729930776e-03,2.440990430622009492e-03,3.107958213716108687e-03,3.720746411483252889e-03,4.412952153110047578e-03,5.225856140350877699e-03,6.047488304093568204e-03,6.899502392344498101e-03,7.535392982456140011e-03,9.212196491228069259e-03,9.623784954811269790e-03,1.033145773524720736e-02,1.120390749601275944e-02,1.209161531100478269e-02,1.300417862838915313e-02,1.391983397129186763e-02,1.487918787878787785e-02,1.583974210526315624e-02,1.681106842105262872e-02,1.779234290271132501e-02,1.877280366826156177e-02,1.979128708133971043e-02,2.080712583732057322e-02,2.182955406698564374e-02,2.284794269005847520e-02,2.385237554492291093e-02,2.487088500797448101e-02,2.584631472620945933e-02,2.680711961722487963e-02,2.778022711323763910e-02,2.877339250398724610e-02,2.974984986709197296e-02,3.066496411483253179e-02,3.152858139287612743e-02,3.234152514619882679e-02,3.310461881977671411e-02,3.386952828282827760e-02,3.461050287081339494e-02,3.520274853801169668e-02,3.580661403508771795e-02,3.616947230196703583e-02,3.616968102073365304e-02,3.617764784688994734e-02,3.619381286549707560e-02,3.619335672514619601e-02,3.619276852737905031e-02,3.649095826687932115e-02,3.688977990430622467e-02,3.718591653375864087e-02,3.746813524720893351e-02,3.773592982456139971e-02,3.794374375332269789e-02,3.804046299840510570e-02,3.803623838383838468e-02,3.790475103668261569e-02,3.762101010101009252e-02,3.711718564593300546e-02,3.650120191387559027e-02,3.574823684210526320e-02,3.475216480595427759e-02,3.350782142477406328e-02,3.188812876129717977e-02,2.978681414141413908e-02,2.746165422647528151e-02,-1.589633811802232660e-03,-1.941168580542264929e-03,-2.172104625199362121e-03,-2.285273258904837665e-03,-3.934027113237639414e-03,-4.999628601807549859e-03,-5.890410685805424172e-03,-6.665809569377990906e-03,-7.170777192982456111e-03,-8.548346411483253790e-03,-8.853448165869217540e-03,-9.405931313131311866e-03,-1.012619829877724718e-02,-1.085389090909090817e-02,-1.161986283891546998e-02,-1.240206267942583866e-02,-1.320991610845295011e-02,-1.400147416267942535e-02,-1.481722105263157813e-02,-1.566608771929824812e-02,-1.651688708133971020e-02,-1.737891626794258251e-02,-1.825135135566188088e-02,-1.914313705475810881e-02,-2.004339840510366635e-02,-2.089452929292929390e-02,-2.172564284954811228e-02,-2.253649888357256784e-02,-2.330893779904305921e-02,-2.407072828282828120e-02,-2.481242690058479625e-02,-2.576653163211058140e-02,-2.668709330143540642e-02,-2.737317735247208825e-02,-2.803913274853801416e-02,-2.865069856459330142e-02,-2.930218383838383706e-02,-2.989965215311004773e-02,-3.042724614566720207e-02,-3.092799362041466840e-02,-3.124801222753854218e-02,-3.126297288676235797e-02,-3.128570175438596251e-02,-3.130845964912280788e-02,-3.132273258904837848e-02,-3.133685146198830068e-02,-3.161476847421584163e-02,-3.196795693779904551e-02,-3.222831977671451742e-02,-3.265592886762360564e-02,-3.297456608187133986e-02,-3.327139542796384714e-02,-3.347137820308346973e-02,-3.358423561935141438e-02,-3.361267145135565793e-02,-3.354479191919191444e-02,-3.339752216905900878e-02,-3.308813960659223036e-02,-3.258629999999999860e-02,-3.193404465709728801e-02,-3.109520313662945262e-02,-2.999472854864433657e-02,-2.858242296650717607e-02,-2.685685980861244118e-02,6.250755449229134343e-04,4.872833599149388115e-04,8.145757575757575511e-04,1.140401913875598115e-03,1.464392982456140220e-03,1.794356299840510482e-03,2.129515789473684136e-03,2.461195640616693162e-03,2.796796491228070204e-03,3.135591706539075148e-03,3.476778309409888149e-03,3.819640297713981520e-03,4.163393939393938981e-03,4.507243806485911226e-03,4.857541573631047986e-03,5.199227698032962003e-03,5.552385858585858619e-03,5.902070175438596522e-03,6.247608984582668848e-03,6.601026794258373770e-03,6.960740669856459346e-03,7.313018022328549722e-03,7.669042371079213410e-03,8.033326953748006274e-03,8.398123710792132143e-03,8.761826156299841462e-03,9.123069643806486564e-03,9.480159489633174438e-03,6.265736842105264041e-04,6.252333864965443997e-04,6.329438596491227887e-04,6.305230728335991987e-04,6.369752791068579792e-04,6.336581605528974169e-04,6.299862838915470118e-04,6.259521531100479012e-04,6.215594896331738933e-04,6.168082934609250964e-04,6.198585858585858605e-04,6.142111111111110125e-04,6.082051036682615923e-04,6.094587985114301599e-04,6.025607655502392265e-04,6.025597022860180920e-04,6.018415736310472712e-04,6.004063795853269809e-04,5.982588516746411341e-04,6.019323763955343248e-04,6.045303030303030402e-04,6.060526315789472804e-04,6.065047315257841810e-04,6.058760233918127763e-04,6.041717171717171132e-04,6.068590111642743236e-04,6.081182881446039286e-04,6.079375332270069458e-04,-6.338794258373206536e-04,-4.872833599149388115e-04,-8.145757575757575511e-04,-1.140401913875598115e-03,-1.472713397129186584e-03,-1.794356299840510482e-03,-2.121449441786283849e-03,-2.453256299840510506e-03,-2.788984210526315559e-03,-3.135591706539075148e-03,-3.484336523125997152e-03,-3.834502711323763396e-03,-4.185306539074959767e-03,-4.543129505582136837e-03,-4.899842371079213103e-03,-5.254612280701754894e-03,-5.613550451887294214e-03,-5.975429239766081972e-03,-6.332654970760233544e-03,-6.684421690590112292e-03,-7.036195853269537788e-03,-7.393110047846890992e-03,-7.741448750664538941e-03,-8.092395534290272238e-03,-8.438582668793196198e-03,-8.790090111642744064e-03,-9.139646996278574798e-03,-9.490956937799043328e-03
cs,-7.733517179999999644e+04,2.029689450000000079e+03,-8.420999999999999319e-02,-1.821800000000000086e-01,-1.807799999999999963e-01,-1.221799999999999969e-01,-1.431999999999999940e-01,-1.082882000000000033e+01,7.402189617999999609e+04,-1.942425410000000056e+03,7.915999999999999426e-02,1.782700000000000118e-01,1.514999999999999958e-01,1.444100000000000106e-01,2.148200000000000109e-01,1.187627999999999950e+01,1.095700000000000007e-01,9.950000000000000511e-03,-5.230550000000000033e+00,2.068789999999999907e+00,-1.644999999999999934e-02,-8.349999999999999784e-03,1.239999999999999956e-02,2.349000000000000046e-02,-1.626000000000000015e-02,7.029999999999999791e-03,-1.239800000000000069e-01,-9.822000000000000175e-02,-2.046999999999999861e-02,-1.598000000000000115e-02,-7.620000000000000037e-03,-6.859999999999999779e-03,-1.145000000000000011e-02,-1.473999999999999963e-02,-1.714999999999999858e-02,-1.811000000000000110e-02,-1.597000000000000156e-02,-1.392999999999999967e-02,-1.465999999999999942e-02,-1.788000000000000006e-02,-2.498999999999999833e-02,-7.244000000000000439e-02,-6.913000000000000256e-01,-1.651909999999999989e+00,8.780770000000000408e+00,2.969999999999999984e-03,7.600000000000000418e-04,-2.190000000000000106e-03,-4.890000000000000249e-03,-5.440000000000000391e-03,-4.250000000000000305e-03,-4.499999999999999660e-03,-4.360000000000000160e-03,-3.259999999999999877e-03,-1.129999999999999928e-03,1.898999999999999994e-02,1.575100000000000111e-01,2.259999999999999856e-03,-6.510000000000000162e-03,-1.405999999999999958e-02,-2.450000000000000094e-02,-1.402799999999999880e-01,-1.835000000000000173e-02,-1.969999999999999963e-03,-2.919999999999999853e-03,-2.969999999999999984e-03,-3.210000000000000180e-03,-4.760000000000000342e-03,-5.130000000000000011e-03,-5.360000000000000181e-03,-5.170000000000000116e-03,-6.640000000000000069e-03,-7.579999999999999932e-03,-9.050000000000000752e-03,-1.001999999999999939e-02,-1.055000000000000035e-02,-1.201999999999999943e-02,-1.628999999999999893e-02,-3.422999999999999654e-02,-1.591899999999999982e-01,3.724500000000000033e-01,4.348899999999999988e-01,4.896469999999999878e+00,-3.521329999999999849e+00,-4.893000000000000127e-02,8.402999999999999359e-02,2.894000000000000045e-02,-1.632000000000000117e-02,2.168000000000000135e-02,-9.499999999999999981e-04,1.254500000000000060e-01,1.091400000000000009e-01,2.239999999999999977e-02,2.120999999999999969e-02,1.256999999999999958e-02,1.319000000000000034e-02,1.329999999999999932e-02,1.755999999999999922e-02,2.332000000000000045e-02,2.515999999999999834e-02,2.472999999999999851e-02,1.897000000000000075e-02,1.680999999999999855e-02,1.989000000000000143e-02,2.543000000000000121e-02,7.399000000000000021e-02,6.453499999999999792e-01,1.552650000000000086e+00,-8.256600000000000605e+00,4.170000000000000095e-03,3.789999999999999966e-03,3.860000000000000150e-03,5.850000000000000165e-03,6.400000000000000307e-03,5.890000000000000270e-03,5.760000000000000363e-03,6.309999999999999637e-03,6.539999999999999807e-03,4.599999999999999922e-03,-1.072000000000000036e-02,-1.255699999999999872e-01,1.920000000000000049e-03,1.636999999999999914e-02,1.910999999999999852e-02,1.939000000000000098e-02,1.375200000000000033e-01,2.092000000000000109e-02,4.129999999999999991e-03,5.890000000000000270e-03,6.089999999999999927e-03,6.680000000000000174e-03,7.250000000000000368e-03,8.030000000000000679e-03,8.170000000000000179e-03,8.389999999999999888e-03,8.750000000000000833e-03,8.940000000000000030e-03,9.230000000000000357e-03,1.018999999999999941e-02,1.119999999999999989e-02,1.324000000000000003e-02,1.737000000000000002e-02,3.296999999999999931e-02,1.307099999999999929e-01,-7.234999999999999765e-02,5.165800000000000392e-01,-9.161399999999999544e-01,-3.461899999999999977e-01,-5.686999999999999694e-02,-5.065999999999999670e-02,-5.367999999999999855e-02,-5.854000000000000176e-02,-5.025000000000000300e-02,-4.603999999999999759e-02,-3.916000000000000036e-02,-4.096999999999999947e-02,-4.347000000000000169e-02,-4.222000000000000058e-02,-3.765999999999999903e-02,-3.862000000000000155e-02,-4.044999999999999984e-02,-4.034999999999999698e-02,-3.606999999999999790e-02,-3.531000000000000111e-02,-3.508000000000000007e-02,-3.549000000000000071e-02,-3.547000000000000153e-02,-3.574000000000000093e-02,-3.520999999999999824e-02,-3.513000000000000150e-02,-3.314999999999999891e-02,-3.769999999999999740e-02,2.841299999999999937e-01,1.048100000000000004e-01,9.138999999999999901e-02,9.964000000000000634e-02,1.082000000000000045e-01,9.239999999999999603e-02,9.815000000000000113e-02,-2.278000000000000025e-01,-1.461899999999999866e-01,4.333000000000000046e-02,6.891999999999999515e-02,9.439999999999999780e-02,1.319599999999999940e-01,1.532199999999999951e-01,1.602600000000000136e-01,1.604500000000000093e-01,1.492999999999999883e-01,1.324700000000000044e-01,1.692400000000000015e-01,1.342500000000000082e-01,1.320199999999999985e-01,1.233199999999999991e-01,1.210699999999999971e-01,1.128600000000000020e-01,9.252000000000000501e-02,8.115999999999999603e-02,6.346000000000000252e-02,4.823000000000000204e-02,-1.657200000000000062e-01,-9.333700000000000330e-01,5.568400000000000016e-01,2.514199999999999768e-01,-7.250000000000000368e-03,1.729999999999999941e-02,-2.341000000000000025e-02,-6.675000000000000377e-02,-8.834999999999999798e-02,-6.567000000000000615e-02,-2.981999999999999929e-02,-3.600000000000000227e-04,1.569999999999999868e-02,2.402999999999999928e-02,2.847999999999999837e-02,3.087000000000000161e-02,3.031999999999999973e-02,3.060999999999999832e-02,3.456999999999999656e-02,3.463999999999999718e-02,3.681999999999999856e-02,3.814000000000000029e-02,4.019999999999999962e-02,3.975999999999999673e-02,3.785999999999999782e-02,3.937000000000000222e-02,4.275999999999999940e-02,5.571000000000000257e-02
cs*c/cref,-1.198715719830302987e+04,3.119743826602870627e+02,-1.272596204146730393e-02,-2.706065497076023257e-02,-2.638561467304625235e-02,-1.751701350345560501e-02,-2.016067198298777258e-02,-1.510853546411483173e+00,1.147359066998447452e+04,-2.985614218709197303e+02,1.196279723551302472e-02,2.647987134502923640e-02,2.211207336523126135e-02,2.070414077618287774e-02,3.024382371079213302e-02,1.656996769377990342e+00,1.262146208399787251e-01,1.156564513556618962e-02,-6.043245663476874086e+00,2.375754002658160058e+00,-1.875789739500265466e-02,-9.444999734183945339e-03,1.391258904837852466e-02,2.614021148325359339e-02,-1.796561435406698534e-02,7.179793939393937924e-03,-1.345159930887825650e-01,-1.057037269537479951e-01,-2.184228442317915839e-02,-1.690498798511430242e-02,-7.991277511961722771e-03,-7.131445933014354290e-03,-1.179824800637958512e-02,-1.505337192982456052e-02,-1.735760526315789296e-02,-1.816343460925039927e-02,-1.587091977671451631e-02,-1.371605119617224679e-02,-1.430063125996810028e-02,-1.727810653907495969e-02,-2.391998692185007616e-02,-6.867512259436470146e-02,-6.490465385433280554e-01,-1.535819631632110438e+00,8.083349990430622967e+00,2.706931578947368439e-03,6.857252525252526465e-04,-1.955934290271132536e-03,-4.322619617224880348e-03,-4.759031153641680480e-03,-3.679108187134503150e-03,-3.854354066985645703e-03,-3.694549494949495114e-03,-2.732628708133971133e-03,-9.368607123870281370e-04,1.557058851674641108e-02,1.283409232323232396e-01,1.838998405103667950e-03,-5.290127751196172477e-03,-1.140997777777777791e-02,-1.985528973950026824e-02,-1.135313409888357022e-01,-1.476536018075491792e-02,-1.568930622009569349e-03,-2.301459861775651330e-03,-2.316410526315789645e-03,-2.477143859649122946e-03,-3.634048697501328796e-03,-3.874281818181818556e-03,-4.003814566719830423e-03,-3.819285964912280673e-03,-4.850553535353534576e-03,-5.474766826156299455e-03,-6.461969431153641134e-03,-7.072010526315788796e-03,-7.359199893673578144e-03,-8.285620520999468011e-03,-1.109478038277511742e-02,-2.303145805422647519e-02,-1.057991465709728907e-01,4.290283429027113016e-01,5.055058706539075075e-01,5.657258050079744471e+00,-4.043819741095161291e+00,-5.579476714513555841e-02,9.504950031897925478e-02,3.247018766613504054e-02,-1.816127081339713109e-02,2.395415247208931495e-02,-9.702424242424241346e-04,1.361109157363104560e-01,1.174557601275916935e-01,2.390166932482722106e-02,2.243772185007974346e-02,1.318246172248803763e-02,1.371192009569378173e-02,1.370451515151515157e-02,1.793332503987240742e-02,2.360229473684210405e-02,2.523423604465709763e-02,2.457657145135565963e-02,1.867864258373205799e-02,1.639792711323763766e-02,1.922044401913875628e-02,2.434114715576820784e-02,7.014456544391281523e-02,6.059050826687931712e-01,1.443535271929824670e+00,-7.600812631578947709e+00,3.800641307814992247e-03,3.419603561935141006e-03,3.447445826687932022e-03,5.171232057416267486e-03,5.598860180754917752e-03,5.098811111111111599e-03,4.933573205741626985e-03,5.346928282828282419e-03,5.482022009569377866e-03,3.813769271664008403e-03,-8.789716108452950982e-03,-1.023158512493354405e-01,1.562334928229665082e-03,1.330251786283891471e-02,1.550815614035087539e-02,1.571404359383306998e-02,1.112976191387559793e-01,1.683331525784157248e-02,3.289179425837320848e-03,4.642328282828283616e-03,4.749811483253588672e-03,5.154928654970760381e-03,5.535053163211057364e-03,6.064421637426901587e-03,6.102829292929293388e-03,6.198028867623603562e-03,6.391919191919191723e-03,6.457046889952152043e-03,6.590494790005315198e-03,7.191994736842104857e-03,7.812610313662945657e-03,9.126590324295589043e-03,1.183034593301435233e-02,2.218367432216905924e-02,8.687107511961722484e-02,-6.369607841573630969e-02,4.495014965443913102e-01,-7.855425626794257932e-01,-2.924412878256246739e-01,-4.731819824561402793e-02,-4.150780372142476998e-02,-4.330015438596491323e-02,-4.647690090377459143e-02,-3.925671052631578978e-02,-3.538300053163211112e-02,-2.959796491228070328e-02,-3.044565427963848853e-02,-3.175135693779904122e-02,-3.030188431685273617e-02,-2.655080053163211273e-02,-2.673690728335991612e-02,-2.749008665603402610e-02,-2.690943859649122527e-02,-2.359699016480595185e-02,-2.265133684210526507e-02,-2.205806528442317768e-02,-2.186512296650718057e-02,-2.140211903242955974e-02,-2.111111068580542524e-02,-2.035085587453482406e-02,-1.985825502392344830e-02,-1.831797448165869285e-02,-2.035318979266347722e-02,2.825847315789473679e-01,1.023917363104731443e-01,8.764354444444444336e-02,9.376913280170123821e-02,9.988510898458266563e-02,8.364287719298245383e-02,8.708894896331738356e-02,-1.980443062200956950e-01,-1.244736736842105146e-01,3.611662615629984002e-02,5.621138649654438407e-02,7.530068686868686412e-02,1.028958275385433163e-01,1.167265963849016402e-01,1.192177633173843870e-01,1.164827761828814562e-01,1.057117022860180611e-01,9.142049782030833849e-02,1.137632899521531099e-01,8.783632775119618041e-02,8.401062169059010654e-02,7.626368421052630298e-02,7.270250281765018585e-02,6.574919999999999376e-02,5.224109090909091063e-02,4.437178139287612649e-02,3.355755353535353619e-02,2.463935061137692908e-02,-1.458979145135566313e-01,-8.121708386496544474e-01,4.774614366826155920e-01,2.123850734715576616e-01,-6.032300637958532344e-03,1.417459542796384829e-02,-1.888331993620414803e-02,-5.299509968102073670e-02,-6.902149999999999952e-02,-5.046919298245614721e-02,-2.253859330143540701e-02,-2.675234449760765815e-04,1.146759383306751590e-02,1.724666698564593023e-02,2.007877852206273184e-02,2.137152583732057631e-02,2.060567187666135017e-02,2.041382690058479374e-02,2.261569032429558423e-02,2.222153237639553150e-02,2.315216544391281162e-02,2.349776810207336933e-02,2.425613716108452819e-02,2.348566762360446494e-02,2.188251642743221578e-02,2.225503843700159939e-02,2.362825305688463773e-02,3.007629186602871207e-02
csi,-7.733517200000000594e+04,2.029689350000000104e+03,-8.430999999999999606e-02,-1.822799999999999976e-01,-1.808800000000000130e-01,-1.222799999999999998e-01,-1.433000000000000107e-01,-1.082878999999999969e+01,7.402189635999999882e+04,-1.942425279999999930e+03,7.925999999999999712e-02,1.783800000000000108e-01,1.516000000000000125e-01,1.445099999999999996e-01,2.149199999999999999e-01,1.187625000000000064e+01,1.095300000000000024e-01,9.969999999999999696e-03,-5.230529999999999902e+00,2.068820000000000103e+00,-1.642000000000000057e-02,-8.319999999999999271e-03,1.243000000000000008e-02,2.351999999999999924e-02,-1.595999999999999849e-02,7.069999999999999896e-03,-1.241600000000000065e-01,-9.818999999999999950e-02,-2.043999999999999984e-02,-1.594999999999999890e-02,-7.590000000000000392e-03,-6.830000000000000134e-03,-1.141999999999999960e-02,-1.471000000000000085e-02,-1.711999999999999980e-02,-1.806999999999999926e-02,-1.592999999999999972e-02,-1.389999999999999916e-02,-1.463000000000000064e-02,-1.785000000000000128e-02,-2.495999999999999955e-02,-7.241000000000000214e-02,-6.912700000000000511e-01,-1.651869999999999949e+00,8.780799999999999272e+00,3.010000000000000089e-03,7.900000000000000121e-04,-2.150000000000000001e-03,-4.859999999999999737e-03,-5.409999999999999878e-03,-4.219999999999999793e-03,-4.470000000000000015e-03,-4.329999999999999648e-03,-3.229999999999999798e-03,-1.100000000000000066e-03,1.901999999999999871e-02,1.575300000000000034e-01,2.279999999999999909e-03,-6.479999999999999649e-03,-1.403000000000000080e-02,-2.447999999999999829e-02,-1.402500000000000135e-01,-1.831999999999999948e-02,-1.940000000000000101e-03,-2.890000000000000208e-03,-2.949999999999999931e-03,-3.180000000000000101e-03,-4.729999999999999830e-03,-5.100000000000000366e-03,-5.340000000000000129e-03,-5.150000000000000064e-03,-6.620000000000000016e-03,-7.559999999999999880e-03,-9.020000000000000240e-03,-1.000000000000000021e-02,-1.052999999999999943e-02,-1.200000000000000025e-02,-1.626999999999999974e-02,-3.420999999999999736e-02,-1.591700000000000059e-01,3.724799999999999778e-01,4.348799999999999888e-01,4.896460000000000257e+00,-3.521349999999999980e+00,-4.895000000000000046e-02,8.401000000000000134e-02,2.891000000000000167e-02,-1.634999999999999995e-02,2.138999999999999929e-02,-9.899999999999999946e-04,1.256099999999999994e-01,1.091099999999999987e-01,2.238000000000000059e-02,2.118000000000000091e-02,1.254000000000000080e-02,1.315999999999999982e-02,1.327000000000000055e-02,1.753000000000000044e-02,2.329000000000000167e-02,2.512999999999999956e-02,2.469999999999999973e-02,1.893999999999999850e-02,1.677999999999999978e-02,1.985999999999999918e-02,2.540999999999999856e-02,7.396999999999999409e-02,6.453200000000000047e-01,1.552619999999999889e+00,-8.256629999999999470e+00,4.150000000000000043e-03,3.759999999999999887e-03,3.830000000000000071e-03,5.819999999999999653e-03,6.369999999999999794e-03,5.859999999999999758e-03,5.740000000000000310e-03,6.279999999999999992e-03,6.519999999999999754e-03,4.579999999999999870e-03,-1.073999999999999955e-02,-1.255999999999999894e-01,1.889999999999999970e-03,1.634999999999999995e-02,1.907999999999999974e-02,1.936999999999999833e-02,1.375000000000000111e-01,2.088999999999999885e-02,4.100000000000000346e-03,5.870000000000000218e-03,6.060000000000000282e-03,6.660000000000000121e-03,7.230000000000000315e-03,8.009999999999999759e-03,8.149999999999999259e-03,8.370000000000000703e-03,8.729999999999999913e-03,8.920000000000000845e-03,9.209999999999999437e-03,1.017000000000000022e-02,1.118000000000000070e-02,1.322000000000000085e-02,1.735000000000000084e-02,3.296000000000000318e-02,1.307000000000000106e-01,-7.247000000000000663e-02,5.165800000000000392e-01,-9.161399999999999544e-01,-3.461899999999999977e-01,-5.686999999999999694e-02,-5.065999999999999670e-02,-5.367999999999999855e-02,-5.854000000000000176e-02,-5.025000000000000300e-02,-4.603999999999999759e-02,-3.916000000000000036e-02,-4.096999999999999947e-02,-4.347000000000000169e-02,-4.222000000000000058e-02,-3.765999999999999903e-02,-3.862000000000000155e-02,-4.044999999999999984e-02,-4.034999999999999698e-02,-3.606999999999999790e-02,-3.531000000000000111e-02,-3.508000000000000007e-02,-3.549000000000000071e-02,-3.547000000000000153e-02,-3.574000000000000093e-02,-3.520999999999999824e-02,-3.513000000000000150e-02,-3.314999999999999891e-02,-3.769999999999999740e-02,2.839599999999999902e-01,1.046399999999999969e-01,9.121999999999999553e-02,9.946000000000000674e-02,1.080300000000000010e-01,9.223000000000000642e-02,9.797999999999999765e-02,-2.279700000000000060e-01,-1.463500000000000079e-01,4.315999999999999698e-02,6.876000000000000167e-02,9.422999999999999432e-02,1.318000000000000005e-01,1.530600000000000016e-01,1.600999999999999923e-01,1.602899999999999880e-01,1.491300000000000125e-01,1.323100000000000109e-01,1.690800000000000081e-01,1.340800000000000047e-01,1.318499999999999950e-01,1.231600000000000056e-01,1.209100000000000036e-01,1.126899999999999985e-01,9.235000000000000153e-02,8.100000000000000255e-02,6.329999999999999516e-02,4.807000000000000162e-02,-1.655999999999999972e-01,-9.333700000000000330e-01,5.568400000000000016e-01,2.514199999999999768e-01,-7.250000000000000368e-03,1.729999999999999941e-02,-2.341000000000000025e-02,-6.675000000000000377e-02,-8.834999999999999798e-02,-6.567000000000000615e-02,-2.981999999999999929e-02,-3.600000000000000227e-04,1.569999999999999868e-02,2.402999999999999928e-02,2.847999999999999837e-02,3.087000000000000161e-02,3.031999999999999973e-02,3.060999999999999832e-02,3.456999999999999656e-02,3.463999999999999718e-02,3.681999999999999856e-02,3.814000000000000029e-02,4.019999999999999962e-02,3.975999999999999673e-02,3.785999999999999782e-02,3.937000000000000222e-02,4.275999999999999940e-02,5.571000000000000257e-02
csi*c/cref,-1.198715722930356242e+04,3.119743672897395186e+02,-1.274107421584263697e-02,-2.707550877192982028e-02,-2.640021010101010340e-02,-1.753135055821371246e-02,-2.017475066454013991e-02,-1.510849360765550209e+00,1.147359069788495435e+04,-2.985614018892078434e+02,1.197790940988835776e-02,2.649621052631578877e-02,2.212666879319511240e-02,2.071847783094098519e-02,3.025790239234449688e-02,1.656992583732057378e+00,1.261685444976076431e-01,1.158889266347687408e-02,-6.043222555980860555e+00,2.375788454013822548e+00,-1.872368846358319835e-02,-9.411065603402444038e-03,1.394624853801169906e-02,2.617359617224880586e-02,-1.763414545454545374e-02,7.220646251993619383e-03,-1.347112897395002507e-01,-1.056714411483253430e-01,-2.181027325890484009e-02,-1.687325146198830408e-02,-7.959815789473684636e-03,-7.100258851674642185e-03,-1.176733556618819732e-02,-1.502273413078149961e-02,-1.732724210526315547e-02,-1.812331658692184835e-02,-1.583116794258372997e-02,-1.368651196172248653e-02,-1.427136666666666692e-02,-1.724911642743221646e-02,-2.389127145135565983e-02,-6.864668176501860508e-02,-6.490183721956406249e-01,-1.535782442690058369e+00,8.083377607655501507e+00,2.743388569909622782e-03,7.127933545986178069e-04,-1.920209463051568205e-03,-4.296100478468898795e-03,-4.732786496544390785e-03,-3.653138011695906181e-03,-3.828658373205741892e-03,-3.669128282828282295e-03,-2.707481818181818167e-03,-9.119883040935673540e-04,1.559518660287081103e-02,1.283572194577352332e-01,1.855272727272727108e-03,-5.265749282296650589e-03,-1.138563216374269098e-02,-1.983908133971291898e-02,-1.135070614035087744e-01,-1.474122062732588848e-02,-1.545038277511961858e-03,-2.277814726209463191e-03,-2.300811802232855061e-03,-2.453992982456140639e-03,-3.611145029239765623e-03,-3.851625199362042080e-03,-3.988874960127591907e-03,-3.804511164274322014e-03,-4.835943434343434148e-03,-5.460321531100477584e-03,-6.440548538011695023e-03,-7.057894736842105013e-03,-7.345248803827750424e-03,-8.271834130781500691e-03,-1.108115879851142953e-02,-2.301800116959064335e-02,-1.057858543859649114e-01,4.290629001594895575e-01,5.054942468899521479e-01,5.657246496331738150e+00,-4.043842708665603247e+00,-5.581757309941520057e-02,9.502687756512494255e-02,3.243652817650186787e-02,-1.819465550239234702e-02,2.363373253588516715e-02,-1.011094736842105051e-03,1.362845127591706396e-01,1.174234743221690414e-01,2.388032854864434104e-02,2.240598532695374859e-02,1.315099999999999950e-02,1.368073301435406702e-02,1.367360271132376549e-02,1.790268724082934651e-02,2.357193157894736657e-02,2.520414752791068705e-02,2.454675757575757594e-02,1.864910334928229427e-02,1.636866251993620430e-02,1.919145390749601304e-02,2.432200350877192566e-02,7.012560489101540839e-02,6.058769163211058517e-01,1.443507380223285397e+00,-7.600840248803827137e+00,3.782412812333865292e-03,3.392535459861775737e-03,3.420652206273259045e-03,5.144712918660285933e-03,5.572615523657628057e-03,5.072840935672514630e-03,4.916442743221690823e-03,5.321507070707070033e-03,5.465257416267942266e-03,3.797187666135034764e-03,-8.806114832535884285e-03,-1.023402955874534587e-01,1.537923444976076453e-03,1.328626555023923461e-02,1.548381052631578846e-02,1.569783519404572072e-02,1.112814327485380089e-01,1.680917570441254477e-02,3.265287081339713574e-03,4.626564859117491234e-03,4.726413397129186796e-03,5.139494736842105220e-03,5.519784051036681627e-03,6.049317224880383648e-03,6.087889686337054872e-03,6.183254066985646204e-03,6.377309090909090428e-03,6.442601594896331905e-03,6.576214194577351124e-03,7.177878947368421074e-03,7.798659223817118805e-03,9.112803934077619988e-03,1.181672434875066444e-02,2.217694587985114679e-02,8.686442902711324909e-02,-6.380172498670920456e-02,4.495014965443913102e-01,-7.855425626794257932e-01,-2.924412878256246739e-01,-4.731819824561402793e-02,-4.150780372142476998e-02,-4.330015438596491323e-02,-4.647690090377459143e-02,-3.925671052631578978e-02,-3.538300053163211112e-02,-2.959796491228070328e-02,-3.044565427963848853e-02,-3.175135693779904122e-02,-3.030188431685273617e-02,-2.655080053163211273e-02,-2.673690728335991612e-02,-2.749008665603402610e-02,-2.690943859649122527e-02,-2.359699016480595185e-02,-2.265133684210526507e-02,-2.205806528442317768e-02,-2.186512296650718057e-02,-2.140211903242955974e-02,-2.111111068580542524e-02,-2.035085587453482406e-02,-1.985825502392344830e-02,-1.831797448165869285e-02,-2.035318979266347722e-02,2.824156561403508570e-01,1.022256586921850008e-01,8.748051345029239645e-02,9.359973854332802323e-02,9.972817304625199164e-02,8.348898878256247325e-02,8.693810717703348567e-02,-1.981921004784689133e-01,-1.246099059011164384e-01,3.597492695374800847e-02,5.608088995215310818e-02,7.516508181818180867e-02,1.027710675172780475e-01,1.166047046251993680e-01,1.190987389686336967e-01,1.163666200956937763e-01,1.055913339712918619e-01,9.131007825624667951e-02,1.136557377990430606e-01,8.772510111642743691e-02,8.390244258373205644e-02,7.616473684210525730e-02,7.260642286018076375e-02,6.565016257309941317e-02,5.214510101010100956e-02,4.428430622009569412e-02,3.347294577352472045e-02,2.455761111111111339e-02,-1.457922679425837365e-01,-8.121708386496544474e-01,4.774614366826155920e-01,2.123850734715576616e-01,-6.032300637958532344e-03,1.417459542796384829e-02,-1.888331993620414803e-02,-5.299509968102073670e-02,-6.902149999999999952e-02,-5.046919298245614721e-02,-2.253859330143540701e-02,-2.675234449760765815e-04,1.146759383306751590e-02,1.724666698564593023e-02,2.007877852206273184e-02,2.137152583732057631e-02,2.060567187666135017e-02,2.041382690058479374e-02,2.261569032429558423e-02,2.222153237639553150e-02,2.315216544391281162e-02,2.349776810207336933e-02,2.425613716108452819e-02,2.348566762360446494e-02,2.188251642743221578e-02,2.225503843700159939e-02,2.362825305688463773e-02,3.007629186602871207e-02
cso,2.000000000000000096e-04,1.100000000000000039e-04,1.000000000000000048e-04,1.000000000000000048e-04,1.000000000000000048e-04,1.000000000000000048e-04,1.000000000000000048e-04,-3.000000000000000076e-05,-1.800000000000000113e-04,-1.299999999999999886e-04,-1.000000000000000048e-04,-1.100000000000000039e-04,-1.000000000000000048e-04,-1.000000000000000048e-04,-1.000000000000000048e-04,3.000000000000000076e-05,3.000000000000000076e-05,-2.000000000000000164e-05,-2.000000000000000164e-05,-3.000000000000000076e-05,-3.000000000000000076e-05,-3.000000000000000076e-05,-3.000000000000000076e-05,-3.000000000000000076e-05,-2.999999999999999737e-04,-4.000000000000000327e-05,1.800000000000000113e-04,-3.000000000000000076e-05,-3.000000000000000076e-05,-3.000000000000000076e-05,-3.000000000000000076e-05,-3.000000000000000076e-05,-3.000000000000000076e-05,-3.000000000000000076e-05,-3.000000000000000076e-05,-3.000000000000000076e-05,-3.000000000000000076e-05,-3.000000000000000076e-05,-3.000000000000000076e-05,-3.000000000000000076e-05,-3.000000000000000076e-05,-3.000000000000000076e-05,-3.000000000000000076e-05,-3.000000000000000076e-05,-3.000000000000000076e-05,-3.000000000000000076e-05,-3.000000000000000076e-05,-3.000000000000000076e-05,-3.000000000000000076e-05,-3.000000000000000076e-05,-3.000000000000000076e-05,-3.000000000000000076e-05,-3.000000000000000076e-05,-3.000000000000000076e-05,-3.000000000000000076e-05,-3.000000000000000076e-05,-3.000000000000000076e-05,-3.000000000000000076e-05,-3.000000000000000076e-05,-3.000000000000000076e-05,-3.000000000000000076e-05,-3.000000000000000076e-05,-3.000000000000000076e-05,-3.000000000000000076e-05,-3.000000000000000076e-05,-3.000000000000000076e-05,-3.000000000000000076e-05,-3.000000000000000076e-05,-2.000000000000000164e-05,-2.000000000000000164e-05,-2.000000000000000164e-05,-2.000000000000000164e-05,-2.000000000000000164e-05,-2.000000000000000164e-05,-2.000000000000000164e-05,-2.000000000000000164e-05,-2.000000000000000164e-05,-2.000000000000000164e-05,-2.000000000000000164e-05,-1.000000000000000082e-05,-3.000000000000000076e-05,1.000000000000000082e-05,2.000000000000000164e-05,2.000000000000000164e-05,3.000000000000000076e-05,3.000000000000000076e-05,3.000000000000000076e-05,3.000000000000000076e-05,2.900000000000000017e-04,4.000000000000000327e-05,-1.700000000000000122e-04,3.000000000000000076e-05,3.000000000000000076e-05,3.000000000000000076e-05,3.000000000000000076e-05,3.000000000000000076e-05,3.000000000000000076e-05,3.000000000000000076e-05,3.000000000000000076e-05,3.000000000000000076e-05,3.000000000000000076e-05,3.000000000000000076e-05,3.000000000000000076e-05,3.000000000000000076e-05,3.000000000000000076e-05,3.000000000000000076e-05,3.000000000000000076e-05,3.000000000000000076e-05,3.000000000000000076e-05,3.000000000000000076e-05,3.000000000000000076e-05,3.000000000000000076e-05,3.000000000000000076e-05,3.000000000000000076e-05,3.000000000000000076e-05,3.000000000000000076e-05,3.000000000000000076e-05,3.000000000000000076e-05,3.000000000000000076e-05,2.000000000000000164e-05,2.000000000000000164e-05,2.000000000000000164e-05,2.000000000000000164e-05,2.000000000000000164e-05,2.000000000000000164e-05,2.000000000000000164e-05,2.000000000000000164e-05,2.000000000000000164e-05,2.000000000000000164e-05,2.000000000000000164e-05,2.000000000000000164e-05,2.000000000000000164e-05,2.000000000000000164e-05,2.000000000000000164e-05,2.000000000000000164e-05,2.000000000000000164e-05,2.000000000000000164e-05,2.000000000000000164e-05,2.000000000000000164e-05,2.000000000000000164e-05,2.000000000000000164e-05,2.000000000000000164e-05,1.000000000000000082e-05,1.000000000000000082e-05,1.100000000000000039e-04,0.000000000000000000e+00,0.000000000000000000e+00,0.000000000000000000e+00,0.000000000000000000e+00,0.000000000000000000e+00,0.000000000000000000e+00,0.000000000000000000e+00,0.000000000000000000e+00,0.000000000000000000e+00,0.000000000000000000e+00,0.000000000000000000e+00,0.000000000000000000e+00,0.000000000000000000e+00,0.000000000000000000e+00,0.000000000000000000e+00,0.000000000000000000e+00,0.000000000000000000e+00,0.000000000000000000e+00,0.000000000000000000e+00,0.000000000000000000e+00,0.000000000000000000e+00,0.000000000000000000e+00,0.000000000000000000e+00,0.000000000000000000e+00,0.000000000000000000e+00,0.000000000000000000e+00,0.000000000000000000e+00,1.700000000000000122e-04,1.700000000000000122e-04,1.700000000000000122e-04,1.700000000000000122e-04,1.700000000000000122e-04,1.700000000000000122e-04,1.700000000000000122e-04,1.700000000000000122e-04,1.700000000000000122e-04,1.700000000000000122e-04,1.700000000000000122e-04,1.700000000000000122e-04,1.600000000000000131e-04,1.600000000000000131e-04,1.600000000000000131e-04,1.600000000000000131e-04,1.600000000000000131e-04,1.600000000000000131e-04,1.600000000000000131e-04,1.600000000000000131e-04,1.600000000000000131e-04,1.600000000000000131e-04,1.600000000000000131e-04,1.600000000000000131e-04,1.600000000000000131e-04,1.600000000000000131e-04,1.600000000000000131e-04,1.600000000000000131e-04,-1.100000000000000039e-04,0.000000000000000000e+00,0.000000000000000000e+00,0.000000000000000000e+00,0.000000000000000000e+00,0.000000000000000000e+00,0.000000000000000000e+00,0.000000000000000000e+00,0.000000000000000000e+00,0.000000000000000000e+00,0.000000000000000000e+00,0.000000000000000000e+00,0.000000000000000000e+00,0.000000000000000000e+00,0.000000000000000000e+00,0.000000000000000000e+00,0.000000000000000000e+00,0.000000000000000000e+00,0.000000000000000000e+00,0.000000000000000000e+00,0.000000000000000000e+00,0.000000000000000000e+00,0.000000000000000000e+00,0.000000000000000000e+00,0.000000000000000000e+00,0.000000000000000000e+00,0.000000000000000000e+00,0.000000000000000000e+00
cso*c/cref,3.100053163211058215e-05,1.690760233918128520e-05,1.511217437533227221e-05,1.485380116959064231e-05,1.459542796384901750e-05,1.433705475810738760e-05,1.407868155236576278e-05,-4.185645933014353681e-06,-2.790047846889952122e-05,-1.998171185539606156e-05,-1.511217437533227221e-05,-1.633918128654970688e-05,-1.459542796384901750e-05,-1.433705475810738760e-05,-1.407868155236576278e-05,4.185645933014353681e-06,3.455725677830940505e-05,-2.324752791068580743e-05,-2.310749601275917338e-05,-3.445135566188197747e-05,-3.420893141945773080e-05,-3.393413078149920716e-05,-3.365948963317384691e-05,-3.338468899521531650e-05,-3.314688995215310649e-04,-4.085231259968101855e-05,1.952966507177033488e-04,-3.228580542264752841e-05,-3.201116427432216816e-05,-3.173652312599680792e-05,-3.146172248803827751e-05,-3.118708133971292404e-05,-3.091244019138756380e-05,-3.063779904306219678e-05,-3.036315789473683992e-05,-3.008851674641148646e-05,-2.981387559808612283e-05,-2.953923444976076258e-05,-2.926459330143540573e-05,-2.899011164274322244e-05,-2.871547049441786219e-05,-2.844082934609250534e-05,-2.816634768740031866e-05,-2.789170653907495842e-05,-2.761722488038277512e-05,-2.734274322169059183e-05,-2.706810207336523497e-05,-2.679362041467304829e-05,-2.651913875598085822e-05,-2.624465709728867493e-05,-2.597017543859649164e-05,-2.569569377990430834e-05,-2.542121212121212166e-05,-2.514688995215311193e-05,-2.487240829346092525e-05,-2.459808612440191213e-05,-2.444433811802232810e-05,-2.441148325358851690e-05,-2.437846889952153214e-05,-2.434561403508772094e-05,-2.431259968102073617e-05,-2.427958532695374802e-05,-2.413955342902711397e-05,-2.389234449760765708e-05,-2.364513556618820018e-05,-2.339808612440191345e-05,-2.315087719298245656e-05,-2.290366826156299627e-05,-1.510441254651781258e-05,-1.493960659223817408e-05,-1.477480063795853219e-05,-1.461010101010101054e-05,-1.444529505582137034e-05,-1.428059542796384868e-05,-1.411578947368421188e-05,-1.395108984582668853e-05,-1.378639021796916856e-05,-1.362158426368952668e-05,-1.345688463583200671e-05,-6.646092503987241680e-06,-3.455725677830940505e-05,1.162376395534290371e-05,2.310749601275917338e-05,2.296757044125465278e-05,3.420893141945773080e-05,3.393413078149920716e-05,3.365948963317384691e-05,3.338468899521531650e-05,3.204199362041467683e-04,4.085231259968101855e-05,-1.844468367889420411e-04,3.228580542264752841e-05,3.201116427432216816e-05,3.173652312599680792e-05,3.146172248803827751e-05,3.118708133971292404e-05,3.091244019138756380e-05,3.063779904306219678e-05,3.036315789473683992e-05,3.008851674641148646e-05,2.981387559808612283e-05,2.953923444976076258e-05,2.926459330143540573e-05,2.899011164274322244e-05,2.871547049441786219e-05,2.844082934609250534e-05,2.816634768740031866e-05,2.789170653907495842e-05,2.761722488038277512e-05,2.734274322169059183e-05,2.706810207336523497e-05,2.679362041467304829e-05,2.651913875598085822e-05,2.624465709728867493e-05,2.597017543859649164e-05,2.569569377990430834e-05,2.542121212121212166e-05,2.514688995215311193e-05,2.487240829346092525e-05,1.639872408293461034e-05,1.629622541201488427e-05,1.627432216905901240e-05,1.625231259968102030e-05,1.623040935672514842e-05,1.620839978734715632e-05,1.618639021796916422e-05,1.609303561935140819e-05,1.592822966507177138e-05,1.576342371079213458e-05,1.559872408293461123e-05,1.543391812865497104e-05,1.526911217437533085e-05,1.510441254651781258e-05,1.493960659223817408e-05,1.477480063795853219e-05,1.461010101010101054e-05,1.444529505582137034e-05,1.428059542796384868e-05,1.411578947368421188e-05,1.395108984582668853e-05,1.378639021796916856e-05,1.362158426368952668e-05,6.728442317916003357e-06,6.646092503987241680e-06,9.684269005847953376e-05,0.000000000000000000e+00,0.000000000000000000e+00,0.000000000000000000e+00,0.000000000000000000e+00,0.000000000000000000e+00,0.000000000000000000e+00,0.000000000000000000e+00,0.000000000000000000e+00,0.000000000000000000e+00,0.000000000000000000e+00,0.000000000000000000e+00,0.000000000000000000e+00,0.000000000000000000e+00,0.000000000000000000e+00,0.000000000000000000e+00,0.000000000000000000e+00,0.000000000000000000e+00,0.000000000000000000e+00,0.000000000000000000e+00,0.000000000000000000e+00,0.000000000000000000e+00,0.000000000000000000e+00,0.000000000000000000e+00,0.000000000000000000e+00,0.000000000000000000e+00,0.000000000000000000e+00,0.000000000000000000e+00,1.690754385964912416e-04,1.660776182881446028e-04,1.630309941520468068e-04,1.599834662413609923e-04,1.569359383306751779e-04,1.538884104199893634e-04,1.508417862838915674e-04,1.477942583732057529e-04,1.447467304625199656e-04,1.416992025518341511e-04,1.386525784157363009e-04,1.356050505050505135e-04,1.247600212652844195e-04,1.218917597022860266e-04,1.190243487506645548e-04,1.161560871876661483e-04,1.132878256246677283e-04,1.104195640616693354e-04,1.075521531100478501e-04,1.046838915470494437e-04,1.018156299840510508e-04,9.894736842105263076e-05,9.607995746943117255e-05,9.321169590643275254e-05,9.034343434343434609e-05,8.747517278043593963e-05,8.460776182881446787e-05,8.173950026581606142e-05,-9.684269005847953376e-05,0.000000000000000000e+00,0.000000000000000000e+00,0.000000000000000000e+00,0.000000000000000000e+00,0.000000000000000000e+00,0.000000000000000000e+00,0.000000000000000000e+00,0.000000000000000000e+00,0.000000000000000000e+00,0.000000000000000000e+00,0.000000000000000000e+00,0.000000000000000000e+00,0.000000000000000000e+00,0.000000000000000000e+00,0.000000000000000000e+00,0.000000000000000000e+00,0.000000000000000000e+00,0.000000000000000000e+00,0.000000000000000000e+00,0.000000000000000000e+00,0.000000000000000000e+00,0.000000000000000000e+00,0.000000000000000000e+00,0.000000000000000000e+00,0.000000000000000000e+00,0.000000000000000000e+00,0.000000000000000000e+00
cx,-2.927961459999999988e+03,-1.908209000000000088e+01,-9.054200000000000026e-01,-2.190510000000000179e+00,-3.852279999999999927e+00,-6.541710000000000136e+00,-5.327029999999999710e+00,-1.072536000000000023e+01,-2.787422959999999875e+03,-1.815286000000000044e+01,-7.720000000000000195e-01,-1.740560000000000107e+00,-3.201769999999999783e+00,-6.112750000000000128e+00,-5.358649999999999913e+00,-1.180310000000000059e+01,1.085010000000000030e+00,8.189999999999999364e-03,4.379800000000000360e+00,8.153000000000000524e-02,-4.735000000000000320e-02,-4.614000000000000046e-02,-3.828999999999999765e-02,-4.014000000000000207e-02,6.286999999999999533e-02,6.072000000000000314e-02,1.927099999999999924e-01,-1.127400000000000069e-01,-6.920999999999999375e-02,-4.784000000000000058e-02,-2.504999999999999935e-02,-2.875000000000000125e-02,-4.528000000000000080e-02,-5.263999999999999929e-02,-6.056000000000000272e-02,-5.711999999999999716e-02,-5.904000000000000220e-02,-6.600999999999999923e-02,-5.686000000000000082e-02,-5.569999999999999951e-02,-4.449999999999999789e-02,-4.993999999999999828e-02,-2.570000000000000062e-02,-9.360199999999999632e-01,-5.415999999999999981e-02,-6.475999999999999812e-02,-5.247000000000000275e-02,-6.241000000000000020e-02,-7.642000000000000182e-02,-6.880999999999999617e-02,-7.878000000000000280e-02,-7.513000000000000234e-02,-6.679000000000000214e-02,-6.137000000000000094e-02,-5.757999999999999924e-02,-5.219000000000000028e-02,-4.422000000000000236e-02,-6.180000000000000077e-02,-6.267999999999999960e-02,-6.297999999999999432e-02,-5.870000000000000218e-02,-4.569999999999999757e-02,-5.070000000000000201e-02,-5.095999999999999835e-02,-5.344999999999999751e-02,-5.403999999999999776e-02,-4.680999999999999744e-02,-4.696999999999999786e-02,-5.115999999999999714e-02,-4.785999999999999976e-02,-5.294999999999999707e-02,-4.852000000000000063e-02,-5.025000000000000300e-02,-4.322999999999999760e-02,-3.923000000000000098e-02,-4.293999999999999900e-02,-3.490000000000000047e-02,-2.404999999999999846e-02,-2.512999999999999956e-02,3.651000000000000079e-02,6.648150000000000226e+00,1.837029999999999941e+00,4.661710000000000242e+00,-1.050729999999999942e+00,-1.665200000000000014e-01,-2.400000000000000050e-02,-2.622999999999999984e-02,7.130000000000000053e-03,9.896000000000000629e-02,9.352000000000000590e-02,2.160199999999999898e-01,-7.957999999999999796e-02,-5.197000000000000230e-02,-3.284000000000000113e-02,-1.847999999999999990e-02,-2.239999999999999977e-02,-2.627000000000000168e-02,-3.579999999999999849e-02,-4.111999999999999683e-02,-3.717999999999999777e-02,-5.186000000000000332e-02,-4.737999999999999851e-02,-3.137000000000000205e-02,-3.883000000000000340e-02,-2.538999999999999937e-02,-2.203000000000000097e-02,-1.737000000000000002e-02,-8.944900000000000073e-01,-5.238000000000000295e-02,-3.767000000000000209e-02,-3.570000000000000256e-02,-3.038000000000000075e-02,-3.756999999999999923e-02,-4.318000000000000310e-02,-4.712999999999999828e-02,-4.334999999999999964e-02,-4.078999999999999987e-02,-3.721000000000000002e-02,-4.995000000000000134e-02,-2.602000000000000146e-02,-4.784999999999999670e-02,-5.016000000000000320e-02,-5.816999999999999948e-02,-6.257000000000000062e-02,-5.485999999999999904e-02,-4.467999999999999750e-02,-2.250999999999999876e-02,-2.349000000000000046e-02,-2.077000000000000027e-02,-2.583999999999999839e-02,-2.206999999999999934e-02,-2.913999999999999924e-02,-3.237000000000000294e-02,-3.132999999999999674e-02,-3.043999999999999831e-02,-2.904999999999999943e-02,-2.864999999999999838e-02,-2.474000000000000157e-02,-2.432000000000000134e-02,-3.047000000000000056e-02,-3.141000000000000042e-02,-2.485000000000000056e-02,-2.615999999999999923e-02,3.099999999999999891e-03,-8.984999999999999931e-02,-2.055099999999999982e-01,-1.378399999999999903e-01,-5.059000000000000302e-02,-4.703999999999999848e-02,-5.535000000000000336e-02,-7.878999999999999893e-02,-7.163999999999999535e-02,-6.212999999999999773e-02,-3.029000000000000095e-02,-3.255000000000000254e-02,-3.982999999999999735e-02,-4.325999999999999984e-02,-3.255000000000000254e-02,-3.409000000000000224e-02,-2.755000000000000157e-02,-3.332999999999999852e-02,-1.799999999999999864e-02,-1.277999999999999969e-02,-1.569999999999999868e-02,-5.989999999999999665e-03,-9.860000000000000708e-03,-1.420000000000000082e-02,-2.513999999999999915e-02,-2.393999999999999947e-02,-9.929999999999999591e-03,-3.129999999999999970e-03,-1.979999999999999989e-03,-1.140400000000000025e-01,1.283999999999999864e-01,3.538999999999999785e-02,-1.495999999999999934e-02,-6.983999999999999930e-02,-5.389000000000000040e-02,-1.506000000000000047e-02,-4.275399999999999756e-01,-3.585900000000000198e-01,-4.945000000000000090e-02,-2.204000000000000056e-02,-8.440000000000000280e-02,-1.153300000000000020e-01,-1.149600000000000066e-01,-1.006399999999999934e-01,-7.463999999999999801e-02,-4.000999999999999696e-02,3.141999999999999654e-02,-1.888400000000000079e-01,-6.915000000000000313e-02,-6.783999999999999753e-02,-5.149999999999999717e-02,-3.531999999999999723e-02,-4.633999999999999925e-02,-4.900999999999999801e-02,-3.814000000000000029e-02,-2.174999999999999850e-02,-1.815999999999999906e-02,-1.352500000000000091e-01,-4.516399999999999859e-01,-4.758899999999999797e-01,-5.578999999999999931e-02,2.165499999999999925e-01,3.369900000000000118e-01,2.870500000000000274e-01,-1.689100000000000046e-01,-1.941900000000000015e-01,2.130999999999999908e-02,-9.069999999999999937e-03,-8.279999999999999166e-03,-2.509000000000000119e-02,-6.919999999999999936e-03,-5.069999999999999854e-03,-1.742000000000000146e-02,-1.552000000000000081e-02,2.572999999999999940e-02,2.835000000000000020e-02,-7.280000000000000013e-03,4.749999999999999882e-03,-2.758000000000000035e-02,-2.644000000000000170e-02,-2.211000000000000118e-02,-1.046000000000000055e-02,4.789999999999999987e-03,-4.000000000000000083e-03,-3.343000000000000138e-02
cx*c/cref,-4.538418092916533624e+02,-2.933021722913343954e+00,-1.368286492291334588e-01,-3.253739999999999966e-01,-5.622567523657628907e-01,-9.378885448165867889e-01,-7.499755898989898251e-01,-1.496418648803827800e+00,-4.320579682177564678e+02,-2.790193983625731011e+00,-1.166659861775651424e-01,-2.585393216374268777e-01,-4.673120339181286442e-01,-8.763883147262093720e-01,-7.544272690058478892e-01,-1.646786583732057441e+00,1.249832305901116269e+00,9.519862679425837235e-03,5.060310551834130699e+00,9.362730090377459347e-02,-5.399309675704411920e-02,-5.219069314194577786e-02,-4.296072860180755182e-02,-4.466871387559809281e-02,6.946483237639552999e-02,6.201381052631578517e-02,2.090867642211589328e-01,-1.213300567783094086e-01,-7.384975598086124249e-02,-5.060917554492291165e-02,-2.627053827751195739e-02,-2.988761961722488300e-02,-4.665717639553429441e-02,-5.375912472089313526e-02,-6.129309473684210058e-02,-5.728853588516746170e-02,-5.867370717703349059e-02,-6.499616220095692787e-02,-5.546615917065390866e-02,-5.382497395002658336e-02,-4.259461456671982671e-02,-4.734450058479532097e-02,-2.412917118553960585e-02,-8.702398384901647299e-01,-4.985829665071770528e-02,-5.902386836788942048e-02,-4.734211052631579625e-02,-5.573966166932482758e-02,-6.755308612440190374e-02,-6.019649516214779089e-02,-6.819768070175438734e-02,-6.435058245614035111e-02,-5.659609191919191817e-02,-5.144215454545454647e-02,-4.773844231791600501e-02,-4.279247049441785994e-02,-3.603095438596490979e-02,-5.028765550239234355e-02,-5.093474768740031966e-02,-5.110955906432747969e-02,-4.757165337586390791e-02,-3.698590164805953817e-02,-4.079584529505581730e-02,-4.058512918660286961e-02,-4.212774986709197367e-02,-4.214775247208931569e-02,-3.612308538011695797e-02,-3.585950994152046351e-02,-3.863708729399255998e-02,-3.575047857522594547e-02,-3.911628468899520927e-02,-3.544410505050504812e-02,-3.629380382775119346e-02,-3.086750701754385415e-02,-2.768812105263157922e-02,-2.995298989898989572e-02,-2.405725093035619711e-02,-1.637995507708665463e-02,-1.690857554492291442e-02,2.426488373205741567e-02,7.658060888357256069e+00,2.135320309888357304e+00,5.386022261881977968e+00,-1.206635764486974960e+00,-1.898823753322700369e-01,-2.714730462519936161e-02,-2.942961376927166750e-02,7.934427751196173814e-03,1.093405409888357355e-01,9.551270685805421379e-02,2.343776804891015142e-01,-8.564347985114299788e-02,-5.545400691121744191e-02,-3.474091398192450525e-02,-1.938042105263157802e-02,-2.328635406698564836e-02,-2.706899346092504072e-02,-3.656110685805422089e-02,-4.161776842105262275e-02,-3.728970175438596490e-02,-5.153825295055821515e-02,-4.665229760765549766e-02,-3.060100972886762444e-02,-3.752286783625731481e-02,-2.430285986177565041e-02,-2.088504901648059742e-02,-1.630831531100478474e-02,-8.316284194045719946e-01,-4.821967464114832597e-02,-3.433337123870282281e-02,-3.221104146730462831e-02,-2.713300627325890627e-02,-3.321080143540669494e-02,-3.777480978203083539e-02,-4.079914561403508860e-02,-3.713027751196172621e-02,-3.456437474747474370e-02,-3.119052583732057418e-02,-4.141255980861244246e-02,-2.133474003189792662e-02,-3.898871929824560684e-02,-4.081599999999999812e-02,-4.726985119617224673e-02,-5.077683567251461971e-02,-4.445964061669324674e-02,-3.616039574694310949e-02,-1.811271158958000990e-02,-1.870770574162679625e-02,-1.637031552365763101e-02,-2.015355151515151391e-02,-1.703132865497076001e-02,-2.224709643806485615e-02,-2.444649170653908146e-02,-2.340289372674109539e-02,-2.248724657097288249e-02,-2.122117171717171485e-02,-2.069288516746410969e-02,-1.766509654439128024e-02,-1.716480000000000089e-02,-2.125448538011695879e-02,-2.165152583732057531e-02,-1.692481844763423643e-02,-1.760160510366826081e-02,2.060288676236044555e-03,-7.910287001594897005e-02,-1.788242916002126537e-01,-1.181906551834130681e-01,-4.273550579479000466e-02,-3.913923062200956593e-02,-4.535051196172248944e-02,-6.355475342902711100e-02,-5.687743732057416041e-02,-4.853769999999999613e-02,-2.327869431153641727e-02,-2.460198564593301523e-02,-2.959849670388091034e-02,-3.159796874003189399e-02,-2.336159011164274518e-02,-2.403390308346624316e-02,-1.907306565656565964e-02,-2.265128771929824508e-02,-1.200421052631578910e-02,-8.360674641148325634e-03,-1.007153748006379447e-02,-3.766471238702817463e-03,-6.074672089314195507e-03,-8.568088250930356101e-03,-1.484984114832535972e-02,-1.383696363636363787e-02,-5.613221531100478535e-03,-1.729570441254651893e-03,-1.068947368421052776e-03,-1.134197824561403584e-01,1.254374481658691864e-01,3.393921695906432917e-02,-1.407854502923976646e-02,-6.447297607655502749e-02,-4.878262610313662678e-02,-1.336280765550239280e-02,-3.716938660287081309e-01,-3.053219416267942687e-01,-4.121779744816587293e-02,-1.797589898989898974e-02,-6.732391919191919871e-02,-8.992858282828282424e-02,-8.757922934609251031e-02,-7.486631536416799015e-02,-5.418681467304625049e-02,-2.832903689526846888e-02,2.168364189261030861e-02,-1.269384287081339602e-01,-4.524306937799043443e-02,-4.316982711323764238e-02,-3.184868421052630683e-02,-2.120965061137692828e-02,-2.699643742690058246e-02,-2.767332323232322977e-02,-2.085189431153641748e-02,-1.150136762360446513e-02,-9.277433280170121338e-03,-1.190724893673578005e-01,-3.929940297713981900e-01,-4.080510076555023402e-01,-4.712816501860712243e-02,1.801785797448165749e-01,2.761096481658692481e-01,2.315445103668261895e-01,-1.341034050505050534e-01,-1.517066789473684174e-01,1.637731844763423705e-02,-6.855299840510366630e-03,-6.153039234449759858e-03,-1.832623753322700638e-02,-4.966580754917596270e-03,-3.574417384370016156e-03,-1.205999287612971940e-02,-1.054749431153641746e-02,1.715935204678362483e-02,1.854656698564593337e-02,-4.670114194577352010e-03,2.986767676767676603e-03,-1.699183125996810498e-02,-1.595353896863370424e-02,-1.306006315789473918e-02,-6.045724295587454403e-03,2.707686921850080159e-03,-2.210313662945241880e-03,-1.804793460925040172e-02
cxi,-2.928016639999999825e+03,-1.908968000000000131e+01,-9.125499999999999723e-01,-2.197880000000000056e+00,-3.859339999999999993e+00,-6.548720000000000319e+00,-5.334190000000000431e+00,-1.073301999999999978e+01,-2.787472789999999804e+03,-1.816186000000000078e+01,-7.791599999999999637e-01,-1.748070000000000013e+00,-3.208930000000000060e+00,-6.119780000000000442e+00,-5.365719999999999601e+00,-1.181057000000000023e+01,1.078859999999999930e+00,2.999999999999999737e-04,4.371310000000000251e+00,7.273000000000000298e-02,-5.641000000000000181e-02,-5.544999999999999929e-02,-4.782000000000000139e-02,-4.986999999999999766e-02,5.297999999999999932e-02,4.995999999999999747e-02,1.825400000000000078e-01,-1.230200000000000043e-01,-7.961000000000000021e-02,-5.834000000000000297e-02,-3.565999999999999726e-02,-3.946999999999999814e-02,-5.611000000000000015e-02,-6.358999999999999375e-02,-7.162000000000000310e-02,-6.826999999999999735e-02,-7.029000000000000525e-02,-7.736999999999999433e-02,-6.830999999999999572e-02,-6.725000000000000422e-02,-5.614000000000000240e-02,-6.165000000000000341e-02,-3.747999999999999943e-02,-9.478499999999999703e-01,-6.603000000000000536e-02,-7.667999999999999816e-02,-6.442000000000000504e-02,-7.441000000000000392e-02,-8.841999999999999860e-02,-8.081000000000000683e-02,-9.074999999999999734e-02,-8.705999999999999850e-02,-7.867999999999999994e-02,-7.320999999999999730e-02,-6.933000000000000274e-02,-6.386000000000000010e-02,-5.584999999999999687e-02,-7.338999999999999690e-02,-7.424000000000000044e-02,-7.452000000000000290e-02,-7.019999999999999851e-02,-5.716999999999999860e-02,-6.212999999999999773e-02,-6.226999999999999896e-02,-6.463000000000000689e-02,-6.507999999999999896e-02,-5.772000000000000047e-02,-5.772999999999999660e-02,-6.176000000000000240e-02,-5.825000000000000316e-02,-6.313000000000000556e-02,-5.845000000000000195e-02,-5.986999999999999961e-02,-5.253000000000000030e-02,-4.818999999999999673e-02,-5.149999999999999717e-02,-4.302999999999999881e-02,-3.166999999999999676e-02,-3.212999999999999884e-02,3.015999999999999931e-02,6.642430000000000057e+00,1.830770000000000008e+00,4.655780000000000030e+00,-1.056149999999999922e+00,-1.746000000000000052e-01,-3.293000000000000094e-02,-3.550999999999999990e-02,-2.269999999999999882e-03,8.955000000000000460e-02,8.351999999999999702e-02,2.066500000000000004e-01,-8.895000000000000129e-02,-6.137000000000000094e-02,-4.227999999999999814e-02,-2.795999999999999874e-02,-3.194999999999999923e-02,-3.588999999999999829e-02,-4.546999999999999653e-02,-5.086999999999999855e-02,-4.700000000000000011e-02,-6.176000000000000240e-02,-5.734999999999999820e-02,-4.143000000000000155e-02,-4.895999999999999658e-02,-3.559999999999999970e-02,-3.228999999999999926e-02,-2.766000000000000056e-02,-9.048000000000000487e-01,-6.271000000000000185e-02,-4.798999999999999794e-02,-4.601999999999999841e-02,-4.077000000000000068e-02,-4.802000000000000018e-02,-5.360000000000000181e-02,-5.750999999999999862e-02,-5.367999999999999855e-02,-5.106999999999999734e-02,-4.744000000000000300e-02,-6.010999999999999677e-02,-3.610000000000000014e-02,-5.788999999999999702e-02,-6.017999999999999738e-02,-6.816999999999999449e-02,-7.255000000000000338e-02,-6.481000000000000649e-02,-5.460999999999999882e-02,-3.239999999999999825e-02,-3.330000000000000321e-02,-3.046000000000000096e-02,-3.545999999999999847e-02,-3.160000000000000309e-02,-3.858000000000000318e-02,-4.168000000000000177e-02,-4.050999999999999740e-02,-3.946999999999999814e-02,-3.790000000000000313e-02,-3.731000000000000288e-02,-3.316999999999999810e-02,-3.248000000000000193e-02,-3.833999999999999908e-02,-3.894999999999999851e-02,-3.200999999999999679e-02,-3.287000000000000338e-02,-3.109999999999999917e-03,-9.536999999999999644e-02,-2.110299999999999954e-01,-1.433699999999999974e-01,-5.612000000000000322e-02,-5.258999999999999786e-02,-6.090999999999999887e-02,-8.437000000000000055e-02,-7.722999999999999310e-02,-6.773999999999999466e-02,-3.590999999999999748e-02,-3.819000000000000172e-02,-4.547999999999999959e-02,-4.893000000000000127e-02,-3.824000000000000316e-02,-3.978999999999999898e-02,-3.325999999999999790e-02,-3.905000000000000138e-02,-2.375000000000000028e-02,-1.853000000000000133e-02,-2.146999999999999950e-02,-1.176999999999999921e-02,-1.565000000000000072e-02,-2.000000000000000042e-02,-3.097000000000000100e-02,-2.977000000000000132e-02,-1.577999999999999889e-02,-8.989999999999999727e-03,-7.849999999999999339e-03,-1.200900000000000023e-01,1.222899999999999959e-01,2.925000000000000169e-02,-2.112999999999999948e-02,-7.599999999999999811e-02,-6.004000000000000309e-02,-2.119000000000000050e-02,-4.336400000000000254e-01,-3.646599999999999842e-01,-5.548000000000000154e-02,-2.802999999999999936e-02,-9.035999999999999588e-02,-1.212600000000000067e-01,-1.208599999999999952e-01,-1.065200000000000036e-01,-8.050000000000000211e-02,-4.585999999999999799e-02,2.557999999999999857e-02,-1.946900000000000019e-01,-7.499999999999999722e-02,-7.370999999999999774e-02,-5.736000000000000126e-02,-4.118999999999999745e-02,-5.222000000000000253e-02,-5.489999999999999741e-02,-4.404000000000000276e-02,-2.767000000000000015e-02,-2.408000000000000071e-02,-1.408200000000000007e-01,-4.572100000000000053e-01,-4.814499999999999891e-01,-6.135000000000000175e-02,2.109900000000000109e-01,3.314300000000000024e-01,2.814800000000000080e-01,-1.744900000000000062e-01,-1.997800000000000131e-01,1.568999999999999909e-02,-1.472000000000000045e-02,-1.395000000000000059e-02,-3.080000000000000099e-02,-1.264999999999999979e-02,-1.081999999999999976e-02,-2.318999999999999881e-02,-2.131999999999999867e-02,1.992000000000000021e-02,2.251999999999999835e-02,-1.311999999999999972e-02,-1.100000000000000066e-03,-3.343000000000000138e-02,-3.230000000000000232e-02,-2.798000000000000140e-02,-1.633000000000000076e-02,-1.080000000000000014e-03,-9.870000000000000301e-03,-3.930999999999999772e-02
cxi*c/cref,-4.538503623383306262e+02,-2.934188347474747438e+00,-1.379061472620946305e-01,-3.264687251461987905e-01,-5.632871895800106721e-01,-9.388935723551301571e-01,-7.509836234981392966e-01,-1.497487383732057253e+00,-4.320656920002126071e+02,-2.791577332908027564e+00,-1.177480178628389218e-01,-2.596548421052631284e-01,-4.683570665603402627e-01,-8.773962096757043083e-01,-7.554226317916001854e-01,-1.647828809569378050e+00,1.242748068261562810e+00,3.487129186602870470e-04,5.050501419776714407e+00,8.352156990962253391e-02,-6.432419404572035926e-02,-6.272158506113768850e-02,-5.365322647527911992e-02,-5.549648133971292474e-02,5.853740765550239505e-02,5.102453843700158892e-02,1.980525034556087083e-01,-1.323933261031366160e-01,-8.494695959595960355e-02,-6.171695863902179613e-02,-3.739750079744816325e-02,-4.103180334928229617e-02,-5.781656730462519933e-02,-6.494192137161083900e-02,-7.248697894736841341e-02,-6.847143460925039782e-02,-6.985391052631578779e-02,-7.618168564593300052e-02,-6.663547894736841781e-02,-6.498616693248272791e-02,-5.373621711855396110e-02,-5.844590430622009780e-02,-3.518915704412546586e-02,-8.812384681020732913e-01,-6.078551196172249371e-02,-6.988805167464115509e-02,-5.812423785220627998e-02,-6.645710983519405313e-02,-7.816074162679424731e-02,-7.069435800106327328e-02,-7.855978070175438643e-02,-7.456890334928230335e-02,-6.667136565656565927e-02,-6.136679377990430367e-02,-5.748013556618820213e-02,-5.236112599681020524e-02,-4.550720946305156223e-02,-5.971862519936203817e-02,-6.032858437001594604e-02,-6.047450526315789610e-02,-5.689148325358851788e-02,-4.626879643806485615e-02,-4.999301515151514941e-02,-4.959254306220096248e-02,-5.093950372142478505e-02,-5.075824816586922000e-02,-4.454228771929824582e-02,-4.407429229133438819e-02,-4.664242594364700206e-02,-4.351160419989368033e-02,-4.663665821371611175e-02,-4.269802020202020237e-02,-4.324199074960127093e-02,-3.750798389154704621e-02,-3.401199473684210495e-02,-3.592405635300371936e-02,-2.966141855396066049e-02,-2.156977868155236094e-02,-2.161848516746411528e-02,2.004461499202551955e-02,7.651471971398192018e+00,2.128043833652312422e+00,5.379170889314194071e+00,-1.212859976076554824e+00,-1.990959808612439985e-01,-3.724836422115895829e-02,-3.984161589580011154e-02,-2.526108133971291959e-03,9.894346650717704417e-02,8.529962870813395659e-02,2.242114048378521796e-01,-9.572741307814991440e-02,-6.548417171717171859e-02,-4.472733992557149929e-02,-2.932232535885167038e-02,-3.321424162679426084e-02,-3.698158261562998345e-02,-4.643669074960127263e-02,-5.148579473684209568e-02,-4.713867623604466039e-02,-6.137683189792663557e-02,-5.646916985645931975e-02,-4.041440334928229905e-02,-4.731186220095693479e-02,-3.407569165337585859e-02,-3.061181265284422873e-02,-2.596937256778309583e-02,-8.412138692185008315e-01,-5.772920574162679341e-02,-4.373927490696438020e-02,-4.152246858054226691e-02,-3.641253014354067091e-02,-4.244830143540669759e-02,-4.689045401382243433e-02,-4.978482631578947520e-02,-4.597816140350877157e-02,-4.327537676767676672e-02,-3.976561531100478858e-02,-4.983601541733120865e-02,-2.959969696969696681e-02,-4.716942445507708165e-02,-4.896943540669856237e-02,-5.539600749601275576e-02,-5.887580994152047387e-02,-5.252331951089846823e-02,-4.419693849016480269e-02,-2.607071770334927832e-02,-2.652050239234450199e-02,-2.400769431153641775e-02,-2.765653779904306275e-02,-2.438559064327485565e-02,-2.945411738437001339e-02,-3.147759574694312251e-02,-3.026017315257841650e-02,-2.915806905901116228e-02,-2.768614141414141305e-02,-2.694769792663476854e-02,-2.368436751727803768e-02,-2.292404210526315794e-02,-2.674423923444975773e-02,-2.684899494949495244e-02,-2.180134561403508295e-02,-2.211638989898990354e-02,-2.066934768740032007e-03,-8.396261228070175942e-02,-1.836275132908027630e-01,-1.229323435406698417e-01,-4.740692993088782559e-02,-4.375706076555023472e-02,-4.990604667729930943e-02,-6.805577543859649137e-02,-6.131552881446038911e-02,-5.292038947368420815e-02,-2.759781818181817822e-02,-2.886481818181818246e-02,-3.379712854864433402e-02,-3.573945007974481392e-02,-2.744538266879319524e-02,-2.805247884104199868e-02,-2.302614024455077249e-02,-2.653863742690058813e-02,-1.583888888888888846e-02,-1.212232402977139918e-02,-1.377298787878787796e-02,-7.400895906432747653e-03,-9.641847687400320957e-03,-1.206772993088782442e-02,-1.829353939393939601e-02,-1.720661685273790903e-02,-8.920104306220096035e-03,-4.967679957469431015e-03,-4.237998405103668258e-03,-1.194368789473684300e-01,1.194684231791600104e-01,2.805092105263158261e-02,-1.988500377458798582e-02,-7.015959595959594952e-02,-5.434976565656565728e-02,-1.880198500797448241e-02,-3.769970717703349794e-01,-3.104902513556618837e-01,-4.624395151515151708e-02,-2.286136337054757786e-02,-7.207807272727272119e-02,-9.455250111642743427e-02,-9.207398798511430560e-02,-7.924046018075492359e-02,-5.844103136629452688e-02,-3.247112301967038095e-02,1.765332780435938109e-02,-1.308708043062200843e-01,-4.907057416267942423e-02,-4.690518803827751354e-02,-3.547263157894736674e-02,-2.473458405103668226e-02,-3.042196725146198780e-02,-3.099909090909090670e-02,-2.407754130781499316e-02,-1.463185481127060074e-02,-1.230179479000531768e-02,-1.239762510366826248e-01,-3.978407589048378323e-01,-4.128184194577352306e-01,-5.182493141945773707e-02,1.755524291866028541e-01,2.715541134502924003e-01,2.270515547049442029e-01,-1.385335572036150986e-01,-1.560737438596491444e-01,1.205819457735247090e-02,-1.112569059011164242e-02,-1.036653349282296716e-02,-2.249693567251461954e-02,-9.079081871345028379e-03,-7.628243806485911736e-03,-1.605460590111642757e-02,-1.448921254651780975e-02,1.328465964912280833e-02,1.473258160552897225e-02,-8.416469537480063268e-03,-6.916725146198831123e-04,-2.059597240829346559e-02,-1.948938383838383706e-02,-1.652738883572568013e-02,-9.438496916533759690e-03,-6.105014354066985987e-04,-5.453948963317385192e-03,-2.122238437001594882e-02
cxo,5.517999999999999988e-02,7.590000000000000392e-03,7.130000000000000053e-03,7.369999999999999815e-03,7.060000000000000303e-03,7.009999999999999738e-03,7.150000000000000105e-03,7.660000000000000142e-03,4.982999999999999929e-02,9.010000000000000647e-03,7.159999999999999698e-03,7.519999999999999775e-03,7.159999999999999698e-03,7.029999999999999791e-03,7.069999999999999896e-03,7.479999999999999670e-03,6.150000000000000085e-03,7.889999999999999444e-03,8.489999999999999283e-03,8.800000000000000530e-03,9.060000000000000345e-03,9.310000000000000567e-03,9.530000000000000276e-03,9.730000000000000801e-03,9.889999999999999486e-03,1.076000000000000047e-02,1.017000000000000022e-02,1.029000000000000054e-02,1.039999999999999952e-02,1.050000000000000065e-02,1.060999999999999964e-02,1.072000000000000036e-02,1.084000000000000068e-02,1.094999999999999966e-02,1.105000000000000079e-02,1.115999999999999978e-02,1.125999999999999918e-02,1.136000000000000031e-02,1.145999999999999970e-02,1.154999999999999950e-02,1.163999999999999931e-02,1.170999999999999992e-02,1.178000000000000054e-02,1.183000000000000024e-02,1.187000000000000034e-02,1.191000000000000045e-02,1.196000000000000014e-02,1.200000000000000025e-02,1.200999999999999984e-02,1.200000000000000025e-02,1.196999999999999974e-02,1.192999999999999963e-02,1.188999999999999953e-02,1.183999999999999983e-02,1.175000000000000003e-02,1.166000000000000023e-02,1.162000000000000012e-02,1.158999999999999961e-02,1.156000000000000083e-02,1.153000000000000032e-02,1.149999999999999981e-02,1.146999999999999929e-02,1.142999999999999919e-02,1.132000000000000020e-02,1.118000000000000070e-02,1.103999999999999947e-02,1.090999999999999956e-02,1.076000000000000047e-02,1.059000000000000045e-02,1.039999999999999952e-02,1.017999999999999981e-02,9.919999999999999998e-03,9.620000000000000079e-03,9.299999999999999239e-03,8.959999999999999215e-03,8.569999999999999493e-03,8.130000000000000074e-03,7.609999999999999577e-03,7.000000000000000146e-03,6.349999999999999742e-03,5.720000000000000258e-03,6.259999999999999939e-03,5.930000000000000375e-03,5.429999999999999931e-03,8.070000000000000784e-03,8.920000000000000845e-03,9.289999999999999647e-03,9.400000000000000369e-03,9.409999999999999962e-03,1.000000000000000021e-02,9.369999999999999857e-03,9.369999999999999857e-03,9.390000000000000777e-03,9.429999999999999147e-03,9.480000000000000579e-03,9.549999999999999462e-03,9.620000000000000079e-03,9.679999999999999369e-03,9.749999999999999986e-03,9.820000000000000603e-03,9.900000000000000813e-03,9.979999999999999288e-03,1.004999999999999991e-02,1.013000000000000012e-02,1.021000000000000033e-02,1.026000000000000002e-02,1.029000000000000054e-02,1.030999999999999972e-02,1.031999999999999931e-02,1.031999999999999931e-02,1.030999999999999972e-02,1.038999999999999993e-02,1.044999999999999922e-02,1.042000000000000044e-02,1.038000000000000034e-02,1.033000000000000064e-02,1.029000000000000054e-02,1.022999999999999951e-02,1.014999999999999930e-02,1.007000000000000083e-02,1.004000000000000031e-02,1.001999999999999939e-02,1.000000000000000021e-02,9.979999999999999288e-03,9.950000000000000511e-03,9.929999999999999591e-03,9.900000000000000813e-03,9.809999999999999276e-03,9.690000000000000696e-03,9.620000000000000079e-03,9.530000000000000276e-03,9.440000000000000474e-03,9.320000000000000159e-03,9.180000000000000659e-03,9.020000000000000240e-03,8.850000000000000228e-03,8.659999999999999296e-03,8.429999999999999993e-03,8.170000000000000179e-03,7.870000000000000259e-03,7.539999999999999827e-03,7.159999999999999698e-03,6.720000000000000279e-03,6.210000000000000242e-03,5.510000000000000141e-03,5.519999999999999733e-03,5.519999999999999733e-03,5.530000000000000193e-03,5.550000000000000246e-03,5.559999999999999838e-03,5.579999999999999891e-03,5.599999999999999943e-03,5.610000000000000403e-03,5.629999999999999588e-03,5.640000000000000048e-03,5.660000000000000100e-03,5.669999999999999693e-03,5.689999999999999745e-03,5.700000000000000205e-03,5.720000000000000258e-03,5.729999999999999850e-03,5.740000000000000310e-03,5.749999999999999903e-03,5.769999999999999955e-03,5.780000000000000415e-03,5.790000000000000008e-03,5.810000000000000060e-03,5.819999999999999653e-03,5.839999999999999705e-03,5.850000000000000165e-03,5.859999999999999758e-03,5.870000000000000218e-03,6.049999999999999822e-03,6.109999999999999980e-03,6.139999999999999625e-03,6.159999999999999677e-03,6.159999999999999677e-03,6.150000000000000085e-03,6.130000000000000032e-03,6.100000000000000387e-03,6.069999999999999875e-03,6.040000000000000230e-03,6.000000000000000125e-03,5.969999999999999613e-03,5.930000000000000375e-03,5.899999999999999863e-03,5.870000000000000218e-03,5.859999999999999758e-03,5.850000000000000165e-03,5.839999999999999705e-03,5.850000000000000165e-03,5.850000000000000165e-03,5.859999999999999758e-03,5.870000000000000218e-03,5.879999999999999810e-03,5.890000000000000270e-03,5.890000000000000270e-03,5.910000000000000323e-03,5.910000000000000323e-03,5.919999999999999915e-03,5.570000000000000298e-03,5.570000000000000298e-03,5.559999999999999838e-03,5.559999999999999838e-03,5.559999999999999838e-03,5.559999999999999838e-03,5.570000000000000298e-03,5.579999999999999891e-03,5.599999999999999943e-03,5.619999999999999996e-03,5.649999999999999641e-03,5.669999999999999693e-03,5.700000000000000205e-03,5.729999999999999850e-03,5.749999999999999903e-03,5.780000000000000415e-03,5.790000000000000008e-03,5.810000000000000060e-03,5.830000000000000113e-03,5.839999999999999705e-03,5.850000000000000165e-03,5.850000000000000165e-03,5.859999999999999758e-03,5.859999999999999758e-03,5.870000000000000218e-03,5.870000000000000218e-03,5.870000000000000218e-03,5.879999999999999810e-03
cxo*c/cref,8.553046677299308564e-03,1.166624561403508753e-03,1.077498032961190936e-03,1.094725146198830337e-03,1.030437214247740575e-03,1.005027538543327688e-03,1.006625730994152070e-03,1.068734928229665010e-03,7.723782456140350534e-03,1.384886337054758122e-03,1.082031685273790629e-03,1.117005847953216231e-03,1.045032642211589672e-03,1.007894949494949309e-03,9.953627857522593346e-04,1.043621052631578785e-03,7.084237639553428618e-03,9.171149760765549483e-03,9.809132057416266107e-03,1.010573099415204741e-02,1.033109728867623485e-02,1.053089191919191932e-02,1.069249787347155943e-02,1.082776746411483540e-02,1.092742472089314187e-02,1.098927208931419278e-02,1.103426076555023838e-02,1.107403125996810067e-02,1.109720361509835239e-02,1.110778309409888448e-02,1.112696251993620239e-02,1.114418373205741664e-02,1.116969505582137215e-02,1.118279665071770200e-02,1.118376315789473656e-02,1.119292822966507124e-02,1.119014130781499118e-02,1.118552344497607612e-02,1.117907464114832432e-02,1.116119298245613935e-02,1.114160255183412919e-02,1.110140372142477336e-02,1.105998585858586000e-02,1.099862961190855963e-02,1.092721531100478496e-02,1.085506905901116419e-02,1.079115002658160606e-02,1.071744816586921861e-02,1.061649521531100350e-02,1.049786283891547024e-02,1.036209999999999909e-02,1.021832089314194530e-02,1.007527373737373590e-02,9.924639234449760677e-03,9.741693248272195391e-03,9.560456140350876916e-03,9.468106964380646959e-03,9.430969696969696350e-03,9.393836682615629846e-03,9.356830994152047151e-03,9.319829877724615172e-03,9.282894790005314506e-03,9.197169856459328635e-03,9.015377990430622698e-03,8.811753854332802713e-03,8.610495693779904314e-03,8.419202339181286118e-03,8.214782349813928158e-03,7.997786443381182248e-03,7.768595427963849789e-03,7.520373524720892072e-03,7.246610101010100141e-03,6.948186921850079203e-03,6.640476874003188590e-03,6.323873684210525731e-03,5.978041998936735324e-03,5.604167623604465985e-03,5.183012812333864100e-03,4.709909622541201719e-03,4.220268740031897850e-03,6.588916959064327304e-03,7.276476236044657382e-03,6.851372567783094517e-03,6.235695374800637007e-03,9.202202551834130079e-03,1.008974821903243016e-02,1.042322195640616768e-02,1.046053588516746534e-02,1.039707448165869304e-02,1.021307814992025373e-02,1.016627565124933463e-02,1.008393322700690958e-02,1.001949441786284013e-02,9.975847102604996908e-03,9.941904306220095827e-03,9.927887559808612483e-03,9.912589154704944464e-03,9.885796491228069152e-03,9.868026315789472924e-03,9.848974481658693755e-03,9.838578947368422159e-03,9.826718660287080132e-03,9.803638755980861180e-03,9.788994364699628650e-03,9.772831791600211648e-03,9.726763636363636514e-03,9.661057256778309357e-03,9.585449813928760554e-03,9.500325358851674507e-03,9.405903668261562586e-03,9.302404412546518009e-03,9.279523870281764647e-03,9.237499999999999184e-03,9.115644231791600674e-03,8.985680701754386601e-03,8.847883891547050558e-03,8.719475757575758171e-03,8.575089473684209193e-03,8.415164805954280028e-03,8.256757575757575282e-03,8.180705156831471342e-03,8.153435406698564258e-03,8.126156299840510758e-03,8.098974269005847215e-03,8.063678894205211084e-03,8.036542743221689739e-03,7.966052631578948370e-03,7.812796650717704003e-03,7.637378787878788475e-03,7.502986283891547106e-03,7.354261988304093903e-03,7.207020946305156377e-03,7.038656246677300020e-03,6.857279425837321980e-03,6.663435087719297642e-03,6.464969696969696464e-03,6.254812759170652776e-03,6.019270972886761779e-03,5.766300000000000245e-03,5.489753854332801546e-03,5.197469112174375391e-03,4.876527166400849989e-03,4.521513237639553442e-03,4.127223444976076995e-03,4.850938383838383772e-03,4.803221690590111018e-03,4.733113875598085954e-03,4.671424136097820055e-03,4.617830143540669653e-03,4.555534715576820860e-03,4.501022009569377764e-03,4.446030834662413958e-03,4.382689473684211155e-03,4.326809144072301869e-03,4.262832535885167223e-03,4.206063051568315059e-03,4.141481339712918194e-03,4.083792557150451794e-03,4.018575757575758127e-03,3.959997660818713808e-03,3.894145773524721171e-03,3.828009356725146656e-03,3.761649388623072680e-03,3.701450398724083057e-03,3.634424667729931058e-03,3.567175598086125016e-03,3.505675544922912980e-03,3.437791387559808835e-03,3.375433067517277959e-03,3.306882775119617500e-03,3.238109516214779555e-03,3.169051036682615698e-03,6.017096491228069929e-03,5.969024986709196845e-03,5.888295906432748292e-03,5.797047953216374373e-03,5.686619883040935040e-03,5.567139553429027027e-03,5.439177352472089610e-03,5.303205741626794770e-03,5.168309728867623645e-03,5.034489314194577972e-03,4.893620414673046336e-03,4.762130303030302943e-03,4.623918288144603962e-03,4.494758639021797023e-03,4.366705794790005750e-03,4.254216693248272056e-03,4.142086124401913802e-03,4.030314088250930120e-03,3.932375598086124135e-03,3.827504784688995441e-03,3.728997448165868953e-03,3.630131578947367894e-03,3.530938437001595025e-03,3.431355555555555634e-03,3.325767676767676928e-03,3.231114194577352702e-03,3.125199202551834192e-03,3.024361509835194178e-03,4.903761669324827738e-03,4.846729133439659637e-03,4.767411802232854844e-03,4.696766400850611173e-03,4.626150558213715583e-03,4.555534715576820860e-03,4.492955661881977911e-03,4.430152153110047779e-03,4.374877192982456510e-03,4.319123870281765289e-03,4.270390749601275793e-03,4.213494258373205563e-03,4.163393939393938981e-03,4.112501116427432109e-03,4.053826422115896014e-03,4.001536097820309126e-03,3.934922169059011134e-03,3.874692397660819097e-03,3.813985380116959381e-03,3.746355342902711258e-03,3.678440191387559715e-03,3.604141148325359315e-03,3.535844869750132385e-03,3.461418819776714787e-03,3.392772620946305721e-03,3.318188357256778541e-03,3.243635300372142878e-03,3.174449760765550143e-03
cy,-7.733517179999999644e+04,2.029689450000000079e+03,-8.420999999999999319e-02,-1.821800000000000086e-01,-1.807799999999999963e-01,-1.221799999999999969e-01,-1.431999999999999940e-01,-1.082882000000000033e+01,7.402189617999999609e+04,-1.942425410000000056e+03,7.915999999999999426e-02,1.782700000000000118e-01,1.514999999999999958e-01,1.444100000000000106e-01,2.148200000000000109e-01,1.187627999999999950e+01,1.095700000000000007e-01,9.950000000000000511e-03,-5.230550000000000033e+00,2.068789999999999907e+00,-1.644999999999999934e-02,-8.349999999999999784e-03,1.239999999999999956e-02,2.349000000000000046e-02,-1.626000000000000015e-02,7.029999999999999791e-03,-1.239800000000000069e-01,-9.822000000000000175e-02,-2.046999999999999861e-02,-1.598000000000000115e-02,-7.620000000000000037e-03,-6.859999999999999779e-03,-1.145000000000000011e-02,-1.473999999999999963e-02,-1.714999999999999858e-02,-1.811000000000000110e-02,-1.597000000000000156e-02,-1.392999999999999967e-02,-1.465999999999999942e-02,-1.788000000000000006e-02,-2.498999999999999833e-02,-7.244000000000000439e-02,-6.913000000000000256e-01,-1.651909999999999989e+00,8.780770000000000408e+00,2.969999999999999984e-03,7.600000000000000418e-04,-2.190000000000000106e-03,-4.890000000000000249e-03,-5.440000000000000391e-03,-4.250000000000000305e-03,-4.499999999999999660e-03,-4.360000000000000160e-03,-3.259999999999999877e-03,-1.129999999999999928e-03,1.898999999999999994e-02,1.575100000000000111e-01,2.259999999999999856e-03,-6.510000000000000162e-03,-1.405999999999999958e-02,-2.450000000000000094e-02,-1.402799999999999880e-01,-1.835000000000000173e-02,-1.969999999999999963e-03,-2.919999999999999853e-03,-2.969999999999999984e-03,-3.210000000000000180e-03,-4.760000000000000342e-03,-5.130000000000000011e-03,-5.360000000000000181e-03,-5.170000000000000116e-03,-6.640000000000000069e-03,-7.579999999999999932e-03,-9.050000000000000752e-03,-1.001999999999999939e-02,-1.055000000000000035e-02,-1.201999999999999943e-02,-1.628999999999999893e-02,-3.422999999999999654e-02,-1.591899999999999982e-01,3.724500000000000033e-01,4.348899999999999988e-01,4.896469999999999878e+00,-3.521329999999999849e+00,-4.893000000000000127e-02,8.402999999999999359e-02,2.894000000000000045e-02,-1.632000000000000117e-02,2.168000000000000135e-02,-9.499999999999999981e-04,1.254500000000000060e-01,1.091400000000000009e-01,2.239999999999999977e-02,2.120999999999999969e-02,1.256999999999999958e-02,1.319000000000000034e-02,1.329999999999999932e-02,1.755999999999999922e-02,2.332000000000000045e-02,2.515999999999999834e-02,2.472999999999999851e-02,1.897000000000000075e-02,1.680999999999999855e-02,1.989000000000000143e-02,2.543000000000000121e-02,7.399000000000000021e-02,6.453499999999999792e-01,1.552650000000000086e+00,-8.256600000000000605e+00,4.170000000000000095e-03,3.789999999999999966e-03,3.860000000000000150e-03,5.850000000000000165e-03,6.400000000000000307e-03,5.890000000000000270e-03,5.760000000000000363e-03,6.309999999999999637e-03,6.539999999999999807e-03,4.599999999999999922e-03,-1.072000000000000036e-02,-1.255699999999999872e-01,1.920000000000000049e-03,1.636999999999999914e-02,1.910999999999999852e-02,1.939000000000000098e-02,1.375200000000000033e-01,2.092000000000000109e-02,4.129999999999999991e-03,5.890000000000000270e-03,6.089999999999999927e-03,6.680000000000000174e-03,7.250000000000000368e-03,8.030000000000000679e-03,8.170000000000000179e-03,8.389999999999999888e-03,8.750000000000000833e-03,8.940000000000000030e-03,9.230000000000000357e-03,1.018999999999999941e-02,1.119999999999999989e-02,1.324000000000000003e-02,1.737000000000000002e-02,3.296999999999999931e-02,1.307099999999999929e-01,-7.234999999999999765e-02,5.165800000000000392e-01,-9.161399999999999544e-01,-3.461899999999999977e-01,-5.686999999999999694e-02,-5.065999999999999670e-02,-5.367999999999999855e-02,-5.854000000000000176e-02,-5.025000000000000300e-02,-4.603999999999999759e-02,-3.916000000000000036e-02,-4.096999999999999947e-02,-4.347000000000000169e-02,-4.222000000000000058e-02,-3.765999999999999903e-02,-3.862000000000000155e-02,-4.044999999999999984e-02,-4.034999999999999698e-02,-3.606999999999999790e-02,-3.531000000000000111e-02,-3.508000000000000007e-02,-3.549000000000000071e-02,-3.547000000000000153e-02,-3.574000000000000093e-02,-3.520999999999999824e-02,-3.513000000000000150e-02,-3.314999999999999891e-02,-3.769999999999999740e-02,2.841299999999999937e-01,1.048100000000000004e-01,9.138999999999999901e-02,9.964000000000000634e-02,1.082000000000000045e-01,9.239999999999999603e-02,9.815000000000000113e-02,-2.278000000000000025e-01,-1.461899999999999866e-01,4.333000000000000046e-02,6.891999999999999515e-02,9.439999999999999780e-02,1.319599999999999940e-01,1.532199999999999951e-01,1.602600000000000136e-01,1.604500000000000093e-01,1.492999999999999883e-01,1.324700000000000044e-01,1.692400000000000015e-01,1.342500000000000082e-01,1.320199999999999985e-01,1.233199999999999991e-01,1.210699999999999971e-01,1.128600000000000020e-01,9.252000000000000501e-02,8.115999999999999603e-02,6.346000000000000252e-02,4.823000000000000204e-02,-1.657200000000000062e-01,-9.333700000000000330e-01,5.568400000000000016e-01,2.514199999999999768e-01,-7.250000000000000368e-03,1.729999999999999941e-02,-2.341000000000000025e-02,-6.675000000000000377e-02,-8.834999999999999798e-02,-6.567000000000000615e-02,-2.981999999999999929e-02,-3.600000000000000227e-04,1.569999999999999868e-02,2.402999999999999928e-02,2.847999999999999837e-02,3.087000000000000161e-02,3.031999999999999973e-02,3.060999999999999832e-02,3.456999999999999656e-02,3.463999999999999718e-02,3.681999999999999856e-02,3.814000000000000029e-02,4.019999999999999962e-02,3.975999999999999673e-02,3.785999999999999782e-02,3.937000000000000222e-02,4.275999999999999940e-02,5.571000000000000257e-02
cy*c/cref,-1.198715719830302987e+04,3.119743826602870627e+02,-1.272596204146730393e-02,-2.706065497076023257e-02,-2.638561467304625235e-02,-1.751701350345560501e-02,-2.016067198298777258e-02,-1.510853546411483173e+00,1.147359066998447452e+04,-2.985614218709197303e+02,1.196279723551302472e-02,2.647987134502923640e-02,2.211207336523126135e-02,2.070414077618287774e-02,3.024382371079213302e-02,1.656996769377990342e+00,1.262146208399787251e-01,1.156564513556618962e-02,-6.043245663476874086e+00,2.375754002658160058e+00,-1.875789739500265466e-02,-9.444999734183945339e-03,1.391258904837852466e-02,2.614021148325359339e-02,-1.796561435406698534e-02,7.179793939393937924e-03,-1.345159930887825650e-01,-1.057037269537479951e-01,-2.184228442317915839e-02,-1.690498798511430242e-02,-7.991277511961722771e-03,-7.131445933014354290e-03,-1.179824800637958512e-02,-1.505337192982456052e-02,-1.735760526315789296e-02,-1.816343460925039927e-02,-1.587091977671451631e-02,-1.371605119617224679e-02,-1.430063125996810028e-02,-1.727810653907495969e-02,-2.391998692185007616e-02,-6.867512259436470146e-02,-6.490465385433280554e-01,-1.535819631632110438e+00,8.083349990430622967e+00,2.706931578947368439e-03,6.857252525252526465e-04,-1.955934290271132536e-03,-4.322619617224880348e-03,-4.759031153641680480e-03,-3.679108187134503150e-03,-3.854354066985645703e-03,-3.694549494949495114e-03,-2.732628708133971133e-03,-9.368607123870281370e-04,1.557058851674641108e-02,1.283409232323232396e-01,1.838998405103667950e-03,-5.290127751196172477e-03,-1.140997777777777791e-02,-1.985528973950026824e-02,-1.135313409888357022e-01,-1.476536018075491792e-02,-1.568930622009569349e-03,-2.301459861775651330e-03,-2.316410526315789645e-03,-2.477143859649122946e-03,-3.634048697501328796e-03,-3.874281818181818556e-03,-4.003814566719830423e-03,-3.819285964912280673e-03,-4.850553535353534576e-03,-5.474766826156299455e-03,-6.461969431153641134e-03,-7.072010526315788796e-03,-7.359199893673578144e-03,-8.285620520999468011e-03,-1.109478038277511742e-02,-2.303145805422647519e-02,-1.057991465709728907e-01,4.290283429027113016e-01,5.055058706539075075e-01,5.657258050079744471e+00,-4.043819741095161291e+00,-5.579476714513555841e-02,9.504950031897925478e-02,3.247018766613504054e-02,-1.816127081339713109e-02,2.395415247208931495e-02,-9.702424242424241346e-04,1.361109157363104560e-01,1.174557601275916935e-01,2.390166932482722106e-02,2.243772185007974346e-02,1.318246172248803763e-02,1.371192009569378173e-02,1.370451515151515157e-02,1.793332503987240742e-02,2.360229473684210405e-02,2.523423604465709763e-02,2.457657145135565963e-02,1.867864258373205799e-02,1.639792711323763766e-02,1.922044401913875628e-02,2.434114715576820784e-02,7.014456544391281523e-02,6.059050826687931712e-01,1.443535271929824670e+00,-7.600812631578947709e+00,3.800641307814992247e-03,3.419603561935141006e-03,3.447445826687932022e-03,5.171232057416267486e-03,5.598860180754917752e-03,5.098811111111111599e-03,4.933573205741626985e-03,5.346928282828282419e-03,5.482022009569377866e-03,3.813769271664008403e-03,-8.789716108452950982e-03,-1.023158512493354405e-01,1.562334928229665082e-03,1.330251786283891471e-02,1.550815614035087539e-02,1.571404359383306998e-02,1.112976191387559793e-01,1.683331525784157248e-02,3.289179425837320848e-03,4.642328282828283616e-03,4.749811483253588672e-03,5.154928654970760381e-03,5.535053163211057364e-03,6.064421637426901587e-03,6.102829292929293388e-03,6.198028867623603562e-03,6.391919191919191723e-03,6.457046889952152043e-03,6.590494790005315198e-03,7.191994736842104857e-03,7.812610313662945657e-03,9.126590324295589043e-03,1.183034593301435233e-02,2.218367432216905924e-02,8.687107511961722484e-02,-6.369607841573630969e-02,4.495014965443913102e-01,-7.855425626794257932e-01,-2.924412878256246739e-01,-4.731819824561402793e-02,-4.150780372142476998e-02,-4.330015438596491323e-02,-4.647690090377459143e-02,-3.925671052631578978e-02,-3.538300053163211112e-02,-2.959796491228070328e-02,-3.044565427963848853e-02,-3.175135693779904122e-02,-3.030188431685273617e-02,-2.655080053163211273e-02,-2.673690728335991612e-02,-2.749008665603402610e-02,-2.690943859649122527e-02,-2.359699016480595185e-02,-2.265133684210526507e-02,-2.205806528442317768e-02,-2.186512296650718057e-02,-2.140211903242955974e-02,-2.111111068580542524e-02,-2.035085587453482406e-02,-1.985825502392344830e-02,-1.831797448165869285e-02,-2.035318979266347722e-02,2.825847315789473679e-01,1.023917363104731443e-01,8.764354444444444336e-02,9.376913280170123821e-02,9.988510898458266563e-02,8.364287719298245383e-02,8.708894896331738356e-02,-1.980443062200956950e-01,-1.244736736842105146e-01,3.611662615629984002e-02,5.621138649654438407e-02,7.530068686868686412e-02,1.028958275385433163e-01,1.167265963849016402e-01,1.192177633173843870e-01,1.164827761828814562e-01,1.057117022860180611e-01,9.142049782030833849e-02,1.137632899521531099e-01,8.783632775119618041e-02,8.401062169059010654e-02,7.626368421052630298e-02,7.270250281765018585e-02,6.574919999999999376e-02,5.224109090909091063e-02,4.437178139287612649e-02,3.355755353535353619e-02,2.463935061137692908e-02,-1.458979145135566313e-01,-8.121708386496544474e-01,4.774614366826155920e-01,2.123850734715576616e-01,-6.032300637958532344e-03,1.417459542796384829e-02,-1.888331993620414803e-02,-5.299509968102073670e-02,-6.902149999999999952e-02,-5.046919298245614721e-02,-2.253859330143540701e-02,-2.675234449760765815e-04,1.146759383306751590e-02,1.724666698564593023e-02,2.007877852206273184e-02,2.137152583732057631e-02,2.060567187666135017e-02,2.041382690058479374e-02,2.261569032429558423e-02,2.222153237639553150e-02,2.315216544391281162e-02,2.349776810207336933e-02,2.425613716108452819e-02,2.348566762360446494e-02,2.188251642743221578e-02,2.225503843700159939e-02,2.362825305688463773e-02,3.007629186602871207e-02
cyi,-7.733517200000000594e+04,2.029689350000000104e+03,-8.430999999999999606e-02,-1.822799999999999976e-01,-1.808800000000000130e-01,-1.222799999999999998e-01,-1.433000000000000107e-01,-1.082878999999999969e+01,7.402189635999999882e+04,-1.942425279999999930e+03,7.925999999999999712e-02,1.783800000000000108e-01,1.516000000000000125e-01,1.445099999999999996e-01,2.149199999999999999e-01,1.187625000000000064e+01,1.095300000000000024e-01,9.969999999999999696e-03,-5.230529999999999902e+00,2.068820000000000103e+00,-1.642000000000000057e-02,-8.319999999999999271e-03,1.243000000000000008e-02,2.351999999999999924e-02,-1.595999999999999849e-02,7.069999999999999896e-03,-1.241600000000000065e-01,-9.818999999999999950e-02,-2.043999999999999984e-02,-1.594999999999999890e-02,-7.590000000000000392e-03,-6.830000000000000134e-03,-1.141999999999999960e-02,-1.471000000000000085e-02,-1.711999999999999980e-02,-1.806999999999999926e-02,-1.592999999999999972e-02,-1.389999999999999916e-02,-1.463000000000000064e-02,-1.785000000000000128e-02,-2.495999999999999955e-02,-7.241000000000000214e-02,-6.912700000000000511e-01,-1.651869999999999949e+00,8.780799999999999272e+00,3.010000000000000089e-03,7.900000000000000121e-04,-2.150000000000000001e-03,-4.859999999999999737e-03,-5.409999999999999878e-03,-4.219999999999999793e-03,-4.470000000000000015e-03,-4.329999999999999648e-03,-3.229999999999999798e-03,-1.100000000000000066e-03,1.901999999999999871e-02,1.575300000000000034e-01,2.279999999999999909e-03,-6.479999999999999649e-03,-1.403000000000000080e-02,-2.447999999999999829e-02,-1.402500000000000135e-01,-1.831999999999999948e-02,-1.940000000000000101e-03,-2.890000000000000208e-03,-2.949999999999999931e-03,-3.180000000000000101e-03,-4.729999999999999830e-03,-5.100000000000000366e-03,-5.340000000000000129e-03,-5.150000000000000064e-03,-6.620000000000000016e-03,-7.559999999999999880e-03,-9.020000000000000240e-03,-1.000000000000000021e-02,-1.052999999999999943e-02,-1.200000000000000025e-02,-1.626999999999999974e-02,-3.420999999999999736e-02,-1.591700000000000059e-01,3.724799999999999778e-01,4.348799999999999888e-01,4.896460000000000257e+00,-3.521349999999999980e+00,-4.895000000000000046e-02,8.401000000000000134e-02,2.891000000000000167e-02,-1.634999999999999995e-02,2.138999999999999929e-02,-9.899999999999999946e-04,1.256099999999999994e-01,1.091099999999999987e-01,2.238000000000000059e-02,2.118000000000000091e-02,1.254000000000000080e-02,1.315999999999999982e-02,1.327000000000000055e-02,1.753000000000000044e-02,2.329000000000000167e-02,2.512999999999999956e-02,2.469999999999999973e-02,1.893999999999999850e-02,1.677999999999999978e-02,1.985999999999999918e-02,2.540999999999999856e-02,7.396999999999999409e-02,6.453200000000000047e-01,1.552619999999999889e+00,-8.256629999999999470e+00,4.150000000000000043e-03,3.759999999999999887e-03,3.830000000000000071e-03,5.819999999999999653e-03,6.369999999999999794e-03,5.859999999999999758e-03,5.740000000000000310e-03,6.279999999999999992e-03,6.519999999999999754e-03,4.579999999999999870e-03,-1.073999999999999955e-02,-1.255999999999999894e-01,1.889999999999999970e-03,1.634999999999999995e-02,1.907999999999999974e-02,1.936999999999999833e-02,1.375000000000000111e-01,2.088999999999999885e-02,4.100000000000000346e-03,5.870000000000000218e-03,6.060000000000000282e-03,6.660000000000000121e-03,7.230000000000000315e-03,8.009999999999999759e-03,8.149999999999999259e-03,8.370000000000000703e-03,8.729999999999999913e-03,8.920000000000000845e-03,9.209999999999999437e-03,1.017000000000000022e-02,1.118000000000000070e-02,1.322000000000000085e-02,1.735000000000000084e-02,3.296000000000000318e-02,1.307000000000000106e-01,-7.247000000000000663e-02,5.165800000000000392e-01,-9.161399999999999544e-01,-3.461899999999999977e-01,-5.686999999999999694e-02,-5.065999999999999670e-02,-5.367999999999999855e-02,-5.854000000000000176e-02,-5.025000000000000300e-02,-4.603999999999999759e-02,-3.916000000000000036e-02,-4.096999999999999947e-02,-4.347000000000000169e-02,-4.222000000000000058e-02,-3.765999999999999903e-02,-3.862000000000000155e-02,-4.044999999999999984e-02,-4.034999999999999698e-02,-3.606999999999999790e-02,-3.531000000000000111e-02,-3.508000000000000007e-02,-3.549000000000000071e-02,-3.547000000000000153e-02,-3.574000000000000093e-02,-3.520999999999999824e-02,-3.513000000000000150e-02,-3.314999999999999891e-02,-3.769999999999999740e-02,2.839599999999999902e-01,1.046399999999999969e-01,9.121999999999999553e-02,9.946000000000000674e-02,1.080300000000000010e-01,9.223000000000000642e-02,9.797999999999999765e-02,-2.279700000000000060e-01,-1.463500000000000079e-01,4.315999999999999698e-02,6.876000000000000167e-02,9.422999999999999432e-02,1.318000000000000005e-01,1.530600000000000016e-01,1.600999999999999923e-01,1.602899999999999880e-01,1.491300000000000125e-01,1.323100000000000109e-01,1.690800000000000081e-01,1.340800000000000047e-01,1.318499999999999950e-01,1.231600000000000056e-01,1.209100000000000036e-01,1.126899999999999985e-01,9.235000000000000153e-02,8.100000000000000255e-02,6.329999999999999516e-02,4.807000000000000162e-02,-1.655999999999999972e-01,-9.333700000000000330e-01,5.568400000000000016e-01,2.514199999999999768e-01,-7.250000000000000368e-03,1.729999999999999941e-02,-2.341000000000000025e-02,-6.675000000000000377e-02,-8.834999999999999798e-02,-6.567000000000000615e-02,-2.981999999999999929e-02,-3.600000000000000227e-04,1.569999999999999868e-02,2.402999999999999928e-02,2.847999999999999837e-02,3.087000000000000161e-02,3.031999999999999973e-02,3.060999999999999832e-02,3.456999999999999656e-02,3.463999999999999718e-02,3.681999999999999856e-02,3.814000000000000029e-02,4.019999999999999962e-02,3.975999999999999673e-02,3.785999999999999782e-02,3.937000000000000222e-02,4.275999999999999940e-02,5.571000000000000257e-02
cyi*c/cref,-1.198715722930356242e+04,3.119743672897395186e+02,-1.274107421584263697e-02,-2.707550877192982028e-02,-2.640021010101010340e-02,-1.753135055821371246e-02,-2.017475066454013991e-02,-1.510849360765550209e+00,1.147359069788495435e+04,-2.985614018892078434e+02,1.197790940988835776e-02,2.649621052631578877e-02,2.212666879319511240e-02,2.071847783094098519e-02,3.025790239234449688e-02,1.656992583732057378e+00,1.261685444976076431e-01,1.158889266347687408e-02,-6.043222555980860555e+00,2.375788454013822548e+00,-1.872368846358319835e-02,-9.411065603402444038e-03,1.394624853801169906e-02,2.617359617224880586e-02,-1.763414545454545374e-02,7.220646251993619383e-03,-1.347112897395002507e-01,-1.056714411483253430e-01,-2.181027325890484009e-02,-1.687325146198830408e-02,-7.959815789473684636e-03,-7.100258851674642185e-03,-1.176733556618819732e-02,-1.502273413078149961e-02,-1.732724210526315547e-02,-1.812331658692184835e-02,-1.583116794258372997e-02,-1.368651196172248653e-02,-1.427136666666666692e-02,-1.724911642743221646e-02,-2.389127145135565983e-02,-6.864668176501860508e-02,-6.490183721956406249e-01,-1.535782442690058369e+00,8.083377607655501507e+00,2.743388569909622782e-03,7.127933545986178069e-04,-1.920209463051568205e-03,-4.296100478468898795e-03,-4.732786496544390785e-03,-3.653138011695906181e-03,-3.828658373205741892e-03,-3.669128282828282295e-03,-2.707481818181818167e-03,-9.119883040935673540e-04,1.559518660287081103e-02,1.283572194577352332e-01,1.855272727272727108e-03,-5.265749282296650589e-03,-1.138563216374269098e-02,-1.983908133971291898e-02,-1.135070614035087744e-01,-1.474122062732588848e-02,-1.545038277511961858e-03,-2.277814726209463191e-03,-2.300811802232855061e-03,-2.453992982456140639e-03,-3.611145029239765623e-03,-3.851625199362042080e-03,-3.988874960127591907e-03,-3.804511164274322014e-03,-4.835943434343434148e-03,-5.460321531100477584e-03,-6.440548538011695023e-03,-7.057894736842105013e-03,-7.345248803827750424e-03,-8.271834130781500691e-03,-1.108115879851142953e-02,-2.301800116959064335e-02,-1.057858543859649114e-01,4.290629001594895575e-01,5.054942468899521479e-01,5.657246496331738150e+00,-4.043842708665603247e+00,-5.581757309941520057e-02,9.502687756512494255e-02,3.243652817650186787e-02,-1.819465550239234702e-02,2.363373253588516715e-02,-1.011094736842105051e-03,1.362845127591706396e-01,1.174234743221690414e-01,2.388032854864434104e-02,2.240598532695374859e-02,1.315099999999999950e-02,1.368073301435406702e-02,1.367360271132376549e-02,1.790268724082934651e-02,2.357193157894736657e-02,2.520414752791068705e-02,2.454675757575757594e-02,1.864910334928229427e-02,1.636866251993620430e-02,1.919145390749601304e-02,2.432200350877192566e-02,7.012560489101540839e-02,6.058769163211058517e-01,1.443507380223285397e+00,-7.600840248803827137e+00,3.782412812333865292e-03,3.392535459861775737e-03,3.420652206273259045e-03,5.144712918660285933e-03,5.572615523657628057e-03,5.072840935672514630e-03,4.916442743221690823e-03,5.321507070707070033e-03,5.465257416267942266e-03,3.797187666135034764e-03,-8.806114832535884285e-03,-1.023402955874534587e-01,1.537923444976076453e-03,1.328626555023923461e-02,1.548381052631578846e-02,1.569783519404572072e-02,1.112814327485380089e-01,1.680917570441254477e-02,3.265287081339713574e-03,4.626564859117491234e-03,4.726413397129186796e-03,5.139494736842105220e-03,5.519784051036681627e-03,6.049317224880383648e-03,6.087889686337054872e-03,6.183254066985646204e-03,6.377309090909090428e-03,6.442601594896331905e-03,6.576214194577351124e-03,7.177878947368421074e-03,7.798659223817118805e-03,9.112803934077619988e-03,1.181672434875066444e-02,2.217694587985114679e-02,8.686442902711324909e-02,-6.380172498670920456e-02,4.495014965443913102e-01,-7.855425626794257932e-01,-2.924412878256246739e-01,-4.731819824561402793e-02,-4.150780372142476998e-02,-4.330015438596491323e-02,-4.647690090377459143e-02,-3.925671052631578978e-02,-3.538300053163211112e-02,-2.959796491228070328e-02,-3.044565427963848853e-02,-3.175135693779904122e-02,-3.030188431685273617e-02,-2.655080053163211273e-02,-2.673690728335991612e-02,-2.749008665603402610e-02,-2.690943859649122527e-02,-2.359699016480595185e-02,-2.265133684210526507e-02,-2.205806528442317768e-02,-2.186512296650718057e-02,-2.140211903242955974e-02,-2.111111068580542524e-02,-2.035085587453482406e-02,-1.985825502392344830e-02,-1.831797448165869285e-02,-2.035318979266347722e-02,2.824156561403508570e-01,1.022256586921850008e-01,8.748051345029239645e-02,9.359973854332802323e-02,9.972817304625199164e-02,8.348898878256247325e-02,8.693810717703348567e-02,-1.981921004784689133e-01,-1.246099059011164384e-01,3.597492695374800847e-02,5.608088995215310818e-02,7.516508181818180867e-02,1.027710675172780475e-01,1.166047046251993680e-01,1.190987389686336967e-01,1.163666200956937763e-01,1.055913339712918619e-01,9.131007825624667951e-02,1.136557377990430606e-01,8.772510111642743691e-02,8.390244258373205644e-02,7.616473684210525730e-02,7.260642286018076375e-02,6.565016257309941317e-02,5.214510101010100956e-02,4.428430622009569412e-02,3.347294577352472045e-02,2.455761111111111339e-02,-1.457922679425837365e-01,-8.121708386496544474e-01,4.774614366826155920e-01,2.123850734715576616e-01,-6.032300637958532344e-03,1.417459542796384829e-02,-1.888331993620414803e-02,-5.299509968102073670e-02,-6.902149999999999952e-02,-5.046919298245614721e-02,-2.253859330143540701e-02,-2.675234449760765815e-04,1.146759383306751590e-02,1.724666698564593023e-02,2.007877852206273184e-02,2.137152583732057631e-02,2.060567187666135017e-02,2.041382690058479374e-02,2.261569032429558423e-02,2.222153237639553150e-02,2.315216544391281162e-02,2.349776810207336933e-02,2.425613716108452819e-02,2.348566762360446494e-02,2.188251642743221578e-02,2.225503843700159939e-02,2.362825305688463773e-02,3.007629186602871207e-02
cyo,2.000000000000000096e-04,1.100000000000000039e-04,1.000000000000000048e-04,1.000000000000000048e-04,1.000000000000000048e-04,1.000000000000000048e-04,1.000000000000000048e-04,-3.000000000000000076e-05,-1.800000000000000113e-04,-1.299999999999999886e-04,-1.000000000000000048e-04,-1.100000000000000039e-04,-1.000000000000000048e-04,-1.000000000000000048e-04,-1.000000000000000048e-04,3.000000000000000076e-05,3.000000000000000076e-05,-2.000000000000000164e-05,-2.000000000000000164e-05,-3.000000000000000076e-05,-3.000000000000000076e-05,-3.000000000000000076e-05,-3.000000000000000076e-05,-3.000000000000000076e-05,-2.999999999999999737e-04,-4.000000000000000327e-05,1.800000000000000113e-04,-3.000000000000000076e-05,-3.000000000000000076e-05,-3.000000000000000076e-05,-3.000000000000000076e-05,-3.000000000000000076e-05,-3.000000000000000076e-05,-3.000000000000000076e-05,-3.000000000000000076e-05,-3.000000000000000076e-05,-3.000000000000000076e-05,-3.000000000000000076e-05,-3.000000000000000076e-05,-3.000000000000000076e-05,-3.000000000000000076e-05,-3.000000000000000076e-05,-3.000000000000000076e-05,-3.000000000000000076e-05,-3.000000000000000076e-05,-3.000000000000000076e-05,-3.000000000000000076e-05,-3.000000000000000076e-05,-3.000000000000000076e-05,-3.000000000000000076e-05,-3.000000000000000076e-05,-3.000000000000000076e-05,-3.000000000000000076e-05,-3.000000000000000076e-05,-3.000000000000000076e-05,-3.000000000000000076e-05,-3.000000000000000076e-05,-3.000000000000000076e-05,-3.000000000000000076e-05,-3.000000000000000076e-05,-3.000000000000000076e-05,-3.000000000000000076e-05,-3.000000000000000076e-05,-3.000000000000000076e-05,-3.000000000000000076e-05,-3.000000000000000076e-05,-3.000000000000000076e-05,-3.000000000000000076e-05,-2.000000000000000164e-05,-2.000000000000000164e-05,-2.000000000000000164e-05,-2.000000000000000164e-05,-2.000000000000000164e-05,-2.000000000000000164e-05,-2.000000000000000164e-05,-2.000000000000000164e-05,-2.000000000000000164e-05,-2.000000000000000164e-05,-2.000000000000000164e-05,-1.000000000000000082e-05,-3.000000000000000076e-05,1.000000000000000082e-05,2.000000000000000164e-05,2.000000000000000164e-05,3.000000000000000076e-05,3.000000000000000076e-05,3.000000000000000076e-05,3.000000000000000076e-05,2.900000000000000017e-04,4.000000000000000327e-05,-1.700000000000000122e-04,3.000000000000000076e-05,3.000000000000000076e-05,3.000000000000000076e-05,3.000000000000000076e-05,3.000000000000000076e-05,3.000000000000000076e-05,3.000000000000000076e-05,3.000000000000000076e-05,3.000000000000000076e-05,3.000000000000000076e-05,3.000000000000000076e-05,3.000000000000000076e-05,3.000000000000000076e-05,3.000000000000000076e-05,3.000000000000000076e-05,3.000000000000000076e-05,3.000000000000000076e-05,3.000000000000000076e-05,3.000000000000000076e-05,3.000000000000000076e-05,3.000000000000000076e-05,3.000000000000000076e-05,3.000000000000000076e-05,3.000000000000000076e-05,3.000000000000000076e-05,3.000000000000000076e-05,3.000000000000000076e-05,3.000000000000000076e-05,2.000000000000000164e-05,2.000000000000000164e-05,2.000000000000000164e-05,2.000000000000000164e-05,2.000000000000000164e-05,2.000000000000000164e-05,2.000000000000000164e-05,2.000000000000000164e-05,2.000000000000000164e-05,2.000000000000000164e-05,2.000000000000000164e-05,2.000000000000000164e-05,2.000000000000000164e-05,2.000000000000000164e-05,2.000000000000000164e-05,2.000000000000000164e-05,2.000000000000000164e-05,2.000000000000000164e-05,2.000000000000000164e-05,2.000000000000000164e-05,2.000000000000000164e-05,2.000000000000000164e-05,2.000000000000000164e-05,1.000000000000000082e-05,1.000000000000000082e-05,1.100000000000000039e-04,0.000000000000000000e+00,0.000000000000000000e+00,0.000000000000000000e+00,0.000000000000000000e+00,0.000000000000000000e+00,0.000000000000000000e+00,0.000000000000000000e+00,0.000000000000000000e+00,0.000000000000000000e+00,0.000000000000000000e+00,0.000000000000000000e+00,0.000000000000000000e+00,0.000000000000000000e+00,0.000000000000000000e+00,0.000000000000000000e+00,0.000000000000000000e+00,0.000000000000000000e+00,0.000000000000000000e+00,0.000000000000000000e+00,0.000000000000000000e+00,0.000000000000000000e+00,0.000000000000000000e+00,0.000000000000000000e+00,0.000000000000000000e+00,0.000000000000000000e+00,0.000000000000000000e+00,0.000000000000000000e+00,1.700000000000000122e-04,1.700000000000000122e-04,1.700000000000000122e-04,1.700000000000000122e-04,1.700000000000000122e-04,1.700000000000000122e-04,1.700000000000000122e-04,1.700000000000000122e-04,1.700000000000000122e-04,1.700000000000000122e-04,1.700000000000000122e-04,1.700000000000000122e-04,1.600000000000000131e-04,1.600000000000000131e-04,1.600000000000000131e-04,1.600000000000000131e-04,1.600000000000000131e-04,1.600000000000000131e-04,1.600000000000000131e-04,1.600000000000000131e-04,1.600000000000000131e-04,1.600000000000000131e-04,1.600000000000000131e-04,1.600000000000000131e-04,1.600000000000000131e-04,1.600000000000000131e-04,1.600000000000000131e-04,1.600000000000000131e-04,-1.100000000000000039e-04,0.000000000000000000e+00,0.000000000000000000e+00,0.000000000000000000e+00,0.000000000000000000e+00,0.000000000000000000e+00,0.000000000000000000e+00,0.000000000000000000e+00,0.000000000000000000e+00,0.000000000000000000e+00,0.000000000000000000e+00,0.000000000000000000e+00,0.000000000000000000e+00,0.000000000000000000e+00,0.000000000000000000e+00,0.000000000000000000e+00,0.000000000000000000e+00,0.000000000000000000e+00,0.000000000000000000e+00,0.000000000000000000e+00,0.000000000000000000e+00,0.000000000000000000e+00,0.000000000000000000e+00,0.000000000000000000e+00,0.000000000000000000e+00,0.000000000000000000e+00,0.000000000000000000e+00,0.000000000000000000e+00
cyo*c/cref,3.100053163211058215e-05,1.690760233918128520e-05,1.511217437533227221e-05,1.485380116959064231e-05,1.459542796384901750e-05,1.433705475810738760e-05,1.407868155236576278e-05,-4.185645933014353681e-06,-2.790047846889952122e-05,-1.998171185539606156e-05,-1.511217437533227221e-05,-1.633918128654970688e-05,-1.459542796384901750e-05,-1.433705475810738760e-05,-1.407868155236576278e-05,4.185645933014353681e-06,3.455725677830940505e-05,-2.324752791068580743e-05,-2.310749601275917338e-05,-3.445135566188197747e-05,-3.420893141945773080e-05,-3.393413078149920716e-05,-3.365948963317384691e-05,-3.338468899521531650e-05,-3.314688995215310649e-04,-4.085231259968101855e-05,1.952966507177033488e-04,-3.228580542264752841e-05,-3.201116427432216816e-05,-3.173652312599680792e-05,-3.146172248803827751e-05,-3.118708133971292404e-05,-3.091244019138756380e-05,-3.063779904306219678e-05,-3.036315789473683992e-05,-3.008851674641148646e-05,-2.981387559808612283e-05,-2.953923444976076258e-05,-2.926459330143540573e-05,-2.899011164274322244e-05,-2.871547049441786219e-05,-2.844082934609250534e-05,-2.816634768740031866e-05,-2.789170653907495842e-05,-2.761722488038277512e-05,-2.734274322169059183e-05,-2.706810207336523497e-05,-2.679362041467304829e-05,-2.651913875598085822e-05,-2.624465709728867493e-05,-2.597017543859649164e-05,-2.569569377990430834e-05,-2.542121212121212166e-05,-2.514688995215311193e-05,-2.487240829346092525e-05,-2.459808612440191213e-05,-2.444433811802232810e-05,-2.441148325358851690e-05,-2.437846889952153214e-05,-2.434561403508772094e-05,-2.431259968102073617e-05,-2.427958532695374802e-05,-2.413955342902711397e-05,-2.389234449760765708e-05,-2.364513556618820018e-05,-2.339808612440191345e-05,-2.315087719298245656e-05,-2.290366826156299627e-05,-1.510441254651781258e-05,-1.493960659223817408e-05,-1.477480063795853219e-05,-1.461010101010101054e-05,-1.444529505582137034e-05,-1.428059542796384868e-05,-1.411578947368421188e-05,-1.395108984582668853e-05,-1.378639021796916856e-05,-1.362158426368952668e-05,-1.345688463583200671e-05,-6.646092503987241680e-06,-3.455725677830940505e-05,1.162376395534290371e-05,2.310749601275917338e-05,2.296757044125465278e-05,3.420893141945773080e-05,3.393413078149920716e-05,3.365948963317384691e-05,3.338468899521531650e-05,3.204199362041467683e-04,4.085231259968101855e-05,-1.844468367889420411e-04,3.228580542264752841e-05,3.201116427432216816e-05,3.173652312599680792e-05,3.146172248803827751e-05,3.118708133971292404e-05,3.091244019138756380e-05,3.063779904306219678e-05,3.036315789473683992e-05,3.008851674641148646e-05,2.981387559808612283e-05,2.953923444976076258e-05,2.926459330143540573e-05,2.899011164274322244e-05,2.871547049441786219e-05,2.844082934609250534e-05,2.816634768740031866e-05,2.789170653907495842e-05,2.761722488038277512e-05,2.734274322169059183e-05,2.706810207336523497e-05,2.679362041467304829e-05,2.651913875598085822e-05,2.624465709728867493e-05,2.597017543859649164e-05,2.569569377990430834e-05,2.542121212121212166e-05,2.514688995215311193e-05,2.487240829346092525e-05,1.639872408293461034e-05,1.629622541201488427e-05,1.627432216905901240e-05,1.625231259968102030e-05,1.623040935672514842e-05,1.620839978734715632e-05,1.618639021796916422e-05,1.609303561935140819e-05,1.592822966507177138e-05,1.576342371079213458e-05,1.559872408293461123e-05,1.543391812865497104e-05,1.526911217437533085e-05,1.510441254651781258e-05,1.493960659223817408e-05,1.477480063795853219e-05,1.461010101010101054e-05,1.444529505582137034e-05,1.428059542796384868e-05,1.411578947368421188e-05,1.395108984582668853e-05,1.378639021796916856e-05,1.362158426368952668e-05,6.728442317916003357e-06,6.646092503987241680e-06,9.684269005847953376e-05,0.000000000000000000e+00,0.000000000000000000e+00,0.000000000000000000e+00,0.000000000000000000e+00,0.000000000000000000e+00,0.000000000000000000e+00,0.000000000000000000e+00,0.000000000000000000e+00,0.000000000000000000e+00,0.000000000000000000e+00,0.000000000000000000e+00,0.000000000000000000e+00,0.000000000000000000e+00,0.000000000000000000e+00,0.000000000000000000e+00,0.000000000000000000e+00,0.000000000000000000e+00,0.000000000000000000e+00,0.000000000000000000e+00,0.000000000000000000e+00,0.000000000000000000e+00,0.000000000000000000e+00,0.000000000000000000e+00,0.000000000000000000e+00,0.000000000000000000e+00,0.000000000000000000e+00,0.000000000000000000e+00,1.690754385964912416e-04,1.660776182881446028e-04,1.630309941520468068e-04,1.599834662413609923e-04,1.569359383306751779e-04,1.538884104199893634e-04,1.508417862838915674e-04,1.477942583732057529e-04,1.447467304625199656e-04,1.416992025518341511e-04,1.386525784157363009e-04,1.356050505050505135e-04,1.247600212652844195e-04,1.218917597022860266e-04,1.190243487506645548e-04,1.161560871876661483e-04,1.132878256246677283e-04,1.104195640616693354e-04,1.075521531100478501e-04,1.046838915470494437e-04,1.018156299840510508e-04,9.894736842105263076e-05,9.607995746943117255e-05,9.321169590643275254e-05,9.034343434343434609e-05,8.747517278043593963e-05,8.460776182881446787e-05,8.173950026581606142e-05,-9.684269005847953376e-05,0.000000000000000000e+00,0.000000000000000000e+00,0.000000000000000000e+00,0.000000000000000000e+00,0.000000000000000000e+00,0.000000000000000000e+00,0.000000000000000000e+00,0.000000000000000000e+00,0.000000000000000000e+00,0.000000000000000000e+00,0.000000000000000000e+00,0.000000000000000000e+00,0.000000000000000000e+00,0.000000000000000000e+00,0.000000000000000000e+00,0.000000000000000000e+00,0.000000000000000000e+00,0.000000000000000000e+00,0.000000000000000000e+00,0.000000000000000000e+00,0.000000000000000000e+00,0.000000000000000000e+00,0.000000000000000000e+00,0.000000000000000000e+00,0.000000000000000000e+00,0.000000000000000000e+00,0.000000000000000000e+00
cz,-3.507835940999999730e+04,9.655438799999999446e+02,1.137299999999999978e-01,2.273799999999999988e-01,1.173000000000000015e-01,2.548999999999999877e-02,1.504300000000000082e-01,2.475560000000000205e+00,-3.361153216999999859e+04,9.235586299999999937e+02,1.085799999999999960e-01,2.574299999999999922e-01,1.306599999999999984e-01,7.943999999999999673e-02,2.475799999999999945e-01,2.784330000000000194e+00,-3.064600000000000102e-01,1.275470000000000104e+00,-1.593560000000000088e+00,-8.850200000000000289e-01,7.376000000000000334e-01,7.993799999999999795e-01,8.852299999999999613e-01,9.638999999999999790e-01,9.803800000000000292e-01,1.061879999999999935e+00,1.044729999999999936e+00,9.366600000000000481e-01,9.192200000000000371e-01,9.091099999999999737e-01,9.248899999999999899e-01,9.386600000000000499e-01,9.409699999999999731e-01,9.437699999999999978e-01,9.535000000000000142e-01,9.735700000000000465e-01,9.777700000000000280e-01,9.868099999999999650e-01,1.010029999999999983e+00,1.005400000000000071e+00,1.007319999999999993e+00,9.920299999999999674e-01,8.301500000000000545e-01,9.468699999999999894e-01,6.331700000000000106e-01,1.020219999999999905e+00,1.026089999999999947e+00,1.022529999999999939e+00,1.009509999999999907e+00,1.012029999999999985e+00,1.010299999999999976e+00,9.972699999999999898e-01,9.984800000000000342e-01,9.959799999999999764e-01,9.819600000000000550e-01,9.861199999999999966e-01,9.765000000000000346e-01,9.742100000000000204e-01,9.674800000000000066e-01,9.638600000000000501e-01,9.667700000000000182e-01,9.638900000000000245e-01,9.636400000000000521e-01,9.527900000000000258e-01,9.425499999999999989e-01,9.314700000000000202e-01,9.099699999999999456e-01,9.002400000000000402e-01,8.852499999999999813e-01,8.640200000000000102e-01,8.522100000000000231e-01,8.143899999999999473e-01,7.845299999999999496e-01,7.497599999999999820e-01,7.142399999999999860e-01,6.654600000000000515e-01,6.117899999999999450e-01,5.456499999999999684e-01,4.519099999999999784e-01,4.341599999999999904e-01,-9.786299999999999999e-01,-4.907099999999999795e-01,-3.969460000000000210e+00,-2.995379999999999932e+00,5.689999999999999503e-01,7.582400000000000251e-01,8.045900000000000274e-01,9.505200000000000315e-01,9.605500000000000149e-01,1.067790000000000017e+00,9.869599999999999485e-01,8.568200000000000260e-01,8.361499999999999488e-01,8.334700000000000442e-01,8.291399999999999881e-01,8.418400000000000327e-01,8.407999999999999918e-01,8.488299999999999734e-01,8.622999999999999554e-01,8.668400000000000549e-01,8.576399999999999579e-01,8.627599999999999714e-01,8.835899999999999865e-01,8.924800000000000511e-01,8.978099999999999969e-01,8.889799999999999924e-01,7.429799999999999738e-01,8.939300000000000024e-01,5.438800000000000301e-01,8.934100000000000374e-01,9.035800000000000498e-01,8.950799999999999867e-01,8.927300000000000235e-01,8.922099999999999476e-01,8.917000000000000481e-01,8.795199999999999685e-01,8.759299999999999864e-01,8.675300000000000233e-01,8.552899999999999947e-01,8.546700000000000408e-01,8.485899999999999554e-01,8.375500000000000167e-01,8.358499999999999819e-01,8.253300000000000081e-01,8.337799999999999656e-01,8.380699999999999816e-01,8.278299999999999548e-01,8.305000000000000160e-01,8.122099999999999875e-01,8.061099999999999932e-01,7.949899999999999745e-01,7.803400000000000336e-01,7.671000000000000041e-01,7.480999999999999872e-01,7.353199999999999736e-01,7.108999999999999764e-01,6.940899999999999848e-01,6.666800000000000503e-01,6.345199999999999729e-01,5.976599999999999691e-01,5.542500000000000204e-01,4.956300000000000150e-01,4.194200000000000150e-01,3.951100000000000168e-01,1.774000000000000021e-01,3.441100000000000048e+00,-6.393100000000000449e-01,-7.616800000000000237e-01,-2.962000000000000050e-02,1.769000000000000086e-02,3.391000000000000264e-02,4.598000000000000004e-02,5.489999999999999741e-02,6.747999999999999832e-02,7.956000000000000572e-02,8.422000000000000319e-02,8.469000000000000139e-02,9.195000000000000395e-02,8.290999999999999759e-02,7.131999999999999451e-02,6.940999999999999948e-02,7.145999999999999575e-02,6.972000000000000419e-02,6.524000000000000632e-02,6.585000000000000575e-02,8.487999999999999712e-02,7.781000000000000416e-02,7.331000000000000016e-02,6.977999999999999481e-02,6.463000000000000689e-02,5.371999999999999692e-02,4.657000000000000028e-02,1.532799999999999996e-01,9.748999999999999333e-02,6.000000000000000125e-03,4.259999999999999898e-02,7.340000000000000691e-02,8.709000000000000075e-02,6.518999999999999795e-02,7.674999999999999878e-02,2.177000000000000116e-02,-2.900000000000000017e-04,1.769000000000000086e-02,5.120999999999999858e-02,7.363000000000000100e-02,8.641999999999999682e-02,8.594000000000000250e-02,8.078000000000000458e-02,7.646000000000000019e-02,6.389000000000000234e-02,9.943000000000000449e-02,5.809999999999999887e-02,6.094000000000000111e-02,5.947000000000000203e-02,5.757000000000000312e-02,5.915999999999999731e-02,6.026000000000000106e-02,5.954000000000000264e-02,5.788999999999999702e-02,5.747000000000000025e-02,9.452899999999999636e-01,6.121269999999999989e+00,1.028300000000000047e-01,-6.677499999999999547e-01,-3.871000000000000135e-02,-1.405000000000000138e-01,-1.017499999999999932e-01,1.293300000000000005e-01,9.647000000000000020e-02,7.253999999999999337e-02,6.816999999999999449e-02,-4.293999999999999900e-02,-6.940000000000000335e-02,-9.758999999999999619e-02,-1.031299999999999994e-01,-1.194299999999999945e-01,-1.291100000000000025e-01,-1.335899999999999865e-01,-1.386699999999999877e-01,-1.433300000000000129e-01,-1.340899999999999870e-01,-1.008099999999999968e-01,-9.608999999999999486e-02,-1.062400000000000011e-01,-1.030699999999999950e-01,-9.239999999999999603e-02,-8.355999999999999539e-02,-6.335000000000000353e-02
cz*c/cref,-5.437238952461243571e+03,1.484093814915470375e+02,1.718707591706539195e-02,3.377457309941520047e-02,1.712043700159489659e-02,3.654515257841572853e-03,2.117856065922381695e-02,3.453939215311004896e-01,-5.209876831198936088e+03,1.419560186632642171e+02,1.640879893673577797e-02,3.823814035087718527e-02,1.907038617756512400e-02,1.138935629984050811e-02,3.485599978734715138e-02,3.884739846889952442e-01,-3.530138970760233752e-01,1.482576221212121403e+00,-1.841159067304625196e+00,-1.016337959595959628e+00,8.410835938330674111e-01,9.042088488038277916e-01,9.932130002658161594e-01,1.072650057416268066e+00,1.083218265709728900e+00,1.084506342583731797e+00,1.133512610579478830e+00,1.008027416905901141e+00,9.808434141414141827e-01,9.617330179691653269e-01,9.699544170653906505e-01,9.758021923444977208e-01,9.695892948963317215e-01,9.638345200956937031e-01,9.650423684210525099e-01,9.764425749601276516e-01,9.717037714513556690e-01,9.716537315789472995e-01,9.852705724082934102e-01,9.715552748538012207e-01,9.641889246145666226e-01,9.404718645401382027e-01,7.794097844231792083e-01,8.803273390217968286e-01,5.828799425837321024e-01,9.298537829877724370e-01,9.258102952153109966e-01,9.132426894205208923e-01,8.923778588516745325e-01,8.853460107389685696e-01,8.745889415204678441e-01,8.541848178628389521e-01,8.460857292929292450e-01,8.348599818181817733e-01,8.141236682615630160e-01,8.085554896331738073e-01,7.956632057416267445e-01,7.927303700159489264e-01,7.861893696969697309e-01,7.821921181286549674e-01,7.834897331206804871e-01,7.800949833599148953e-01,7.753946422115896020e-01,7.588128971291866476e-01,7.428907509303562806e-01,7.264871760765551079e-01,7.022201239766081571e-01,6.872932771929823881e-01,6.685590603402445931e-01,6.454059443912812943e-01,6.295616425837320396e-01,5.949160080808080231e-01,5.666383665071769160e-01,5.353509614035086850e-01,5.041030736842104787e-01,4.641946124401913898e-01,4.217187835725678124e-01,3.716308726741094359e-01,3.040650367889420336e-01,2.885467521531100421e-01,-1.127292273365231079e+00,-5.703897210526315265e-01,-4.586214056140351047e+00,-3.439830057416267461e+00,6.488293992557149226e-01,8.576738441254652123e-01,9.027362921318449196e-01,1.057760486124402100e+00,1.061308171451355697e+00,1.090542271770334803e+00,1.070833235513024784e+00,9.221041267410950981e-01,8.922045002658159918e-01,8.817146643274853535e-01,8.695390861244017833e-01,8.751510851674642044e-01,8.663726570972887231e-01,8.668760987240828886e-01,8.727383684210524573e-01,8.693976618819777569e-01,8.523190755980860622e-01,8.495089971291864828e-01,8.619300665071769618e-01,8.624364946305157487e-01,8.593678854864432726e-01,8.427776157363104925e-01,6.975677668261562880e-01,8.311077742158425874e-01,5.006818755980861901e-01,8.142760073896864181e-01,8.152731890483786437e-01,7.994144586921849704e-01,7.891476913875598020e-01,7.805248502923975984e-01,7.719201812865497114e-01,7.533292197767145204e-01,7.422400777777777847e-01,7.271893813397128925e-01,7.091040696438064561e-01,7.007748755980861555e-01,6.914406961190855405e-01,6.815279266347686882e-01,6.792247743221689893e-01,6.697721877192982509e-01,6.757119787347155571e-01,6.782664024986708728e-01,6.661148838383837978e-01,6.614197368421053103e-01,6.401605186071238629e-01,6.287143735247209264e-01,6.134905286549707792e-01,5.957549497076022327e-01,5.793297432216906184e-01,5.588159845826687899e-01,5.432103202551833432e-01,5.193160404040403355e-01,5.013167422647527571e-01,4.760293679957469104e-01,4.478375368421052549e-01,4.169004178628388790e-01,3.820553389154705548e-01,3.375632904306219984e-01,2.822043276980329973e-01,2.625937609250398874e-01,1.561808474215842790e-01,2.994269231791600205e+00,-5.481751869218500772e-01,-6.434232072301966365e-01,-2.464506826156299610e-02,1.449413833067517490e-02,2.735298500797448545e-02,3.650508888888889109e-02,4.288942105263157667e-02,5.186022753854332284e-02,6.013314832535885529e-02,6.258562371079212650e-02,6.185926889952152868e-02,6.599380063795852458e-02,5.845265194045720647e-02,4.937535544922913577e-02,4.717149356725146292e-02,4.765671578947368314e-02,4.561081658692185681e-02,4.185140797448166222e-02,4.140603189792663869e-02,5.229393173843700782e-02,4.694950329611908418e-02,4.330317639553429160e-02,4.033180127591706743e-02,3.653398867623604968e-02,2.968451249335459993e-02,2.514185805422647704e-02,1.524463719298245756e-01,9.524062945241891509e-02,5.754035087719298197e-03,4.008997448165869254e-02,6.775939925571504430e-02,7.883612743221690700e-02,5.784338851674641208e-02,6.672476076555024227e-02,1.853609601275917410e-02,-2.417221690590111893e-04,1.442802418926103156e-02,4.084902727272726741e-02,5.741300228601807498e-02,6.583678670919723697e-02,6.393095332270069819e-02,5.864430451887294587e-02,5.413741967038808445e-02,4.409191217437533061e-02,6.683694114832536282e-02,3.801333811802232870e-02,3.877902807017544196e-02,3.677749999999999769e-02,3.457076969696969843e-02,3.446502456140350390e-02,3.402559595959595701e-02,3.255169867091972646e-02,3.061214582668793024e-02,2.935980675172780718e-02,8.322220589580010541e-01,5.326416093833067578e+00,8.817139489633174509e-02,-5.640765762892078206e-01,-3.220832519936203675e-02,-1.151173790536948599e-01,-8.207508771929823699e-02,1.026794942583732079e-01,7.536507192982455638e-02,5.574897607655501797e-02,5.152434290271131617e-02,-3.190960202020201586e-02,-5.069114726209462962e-02,-7.004170749601275336e-02,-7.270802068048910771e-02,-8.268225885167464206e-02,-8.774400712387028789e-02,-8.909124912280701192e-02,-9.071789925571503710e-02,-9.194608070175439019e-02,-8.431487953216373898e-02,-6.210828532695375492e-02,-5.797940845295055518e-02,-6.275445996810208316e-02,-5.957292573099415289e-02,-5.223178947368421060e-02,-4.617345241892610586e-02,-3.420091706539075266e-02
czi,-3.507835734000000230e+04,9.655441299999999956e+02,1.139700000000000019e-01,2.276199999999999890e-01,1.175299999999999956e-01,2.572999999999999940e-02,1.506699999999999984e-01,2.475880000000000081e+00,-3.361153029999999853e+04,9.235589300000000321e+02,1.088100000000000039e-01,2.576800000000000201e-01,1.308999999999999886e-01,7.967000000000000470e-02,2.478200000000000125e-01,2.784640000000000004e+00,-3.064799999999999747e-01,1.276210000000000067e+00,-1.592780000000000085e+00,-8.842100000000000515e-01,7.384300000000000308e-01,8.002299999999999969e-01,8.860999999999999988e-01,9.647799999999999709e-01,9.812600000000000211e-01,1.063160000000000105e+00,1.045649999999999968e+00,9.375799999999999690e-01,9.201399999999999579e-01,9.100300000000000056e-01,9.258100000000000218e-01,9.395900000000000363e-01,9.418999999999999595e-01,9.446999999999999842e-01,9.544399999999999551e-01,9.745099999999999874e-01,9.787099999999999689e-01,9.877599999999999714e-01,1.010969999999999924e+00,1.006350000000000078e+00,1.008270000000000000e+00,9.929799999999999738e-01,8.310999999999999499e-01,9.478100000000000414e-01,6.341099999999999515e-01,1.021160000000000068e+00,1.027020000000000044e+00,1.023449999999999971e+00,1.010429999999999939e+00,1.012930000000000108e+00,1.011200000000000099e+00,9.981499999999999817e-01,9.993499999999999606e-01,9.968399999999999483e-01,9.828000000000000069e-01,9.869499999999999940e-01,9.773199999999999665e-01,9.750299999999999523e-01,9.683000000000000496e-01,9.646700000000000275e-01,9.675799999999999956e-01,9.647000000000000020e-01,9.644399999999999640e-01,9.535799999999999832e-01,9.433200000000000474e-01,9.322300000000000031e-01,9.107100000000000195e-01,9.009700000000000486e-01,8.859599999999999698e-01,8.647099999999999786e-01,8.528900000000000370e-01,8.150399999999999867e-01,7.851599999999999691e-01,7.503600000000000270e-01,7.148099999999999454e-01,6.660000000000000364e-01,6.122999999999999554e-01,5.461300000000000043e-01,4.523400000000000198e-01,4.345399999999999818e-01,-9.786399999999999544e-01,-4.901200000000000001e-01,-3.968910000000000160e+00,-2.994880000000000209e+00,5.697400000000000242e-01,7.590599999999999570e-01,8.054299999999999793e-01,9.513700000000000490e-01,9.613899999999999668e-01,1.068980000000000041e+00,9.878000000000000114e-01,8.576500000000000234e-01,8.369699999999999918e-01,8.343000000000000416e-01,8.299600000000000311e-01,8.426700000000000301e-01,8.416299999999999892e-01,8.496500000000000163e-01,8.631199999999999983e-01,8.676700000000000523e-01,8.584699999999999553e-01,8.635899999999999688e-01,8.844199999999999839e-01,8.933100000000000485e-01,8.986499999999999488e-01,8.898099999999999898e-01,7.438000000000000167e-01,8.947500000000000453e-01,5.446900000000000075e-01,8.942200000000000149e-01,9.043799999999999617e-01,8.958800000000000097e-01,8.935199999999999809e-01,8.930000000000000160e-01,8.924800000000000511e-01,8.802900000000000169e-01,8.766800000000000148e-01,8.682699999999999863e-01,8.560200000000000031e-01,8.553899999999999837e-01,8.493000000000000549e-01,8.382500000000000506e-01,8.365500000000000158e-01,8.260300000000000420e-01,8.344700000000000450e-01,8.387700000000000156e-01,8.285200000000000342e-01,8.311800000000000299e-01,8.128699999999999815e-01,8.067699999999999871e-01,7.956400000000000139e-01,7.809800000000000075e-01,7.677300000000000235e-01,7.487099999999999866e-01,7.359099999999999531e-01,7.114800000000000013e-01,6.946499999999999897e-01,6.672200000000000353e-01,6.350400000000000489e-01,5.981600000000000250e-01,5.547199999999999909e-01,4.960800000000000209e-01,4.198299999999999810e-01,3.954799999999999982e-01,1.775500000000000134e-01,3.441260000000000208e+00,-6.391499999999999959e-01,-7.615300000000000402e-01,-2.946000000000000008e-02,1.785000000000000128e-02,3.407000000000000306e-02,4.614000000000000046e-02,5.505999999999999783e-02,6.764000000000000568e-02,7.971999999999999920e-02,8.437000000000000055e-02,8.484999999999999487e-02,9.210999999999999743e-02,8.305999999999999495e-02,7.148000000000000187e-02,6.957000000000000683e-02,7.162000000000000310e-02,6.987999999999999767e-02,6.539999999999999980e-02,6.600999999999999923e-02,8.504000000000000448e-02,7.797999999999999376e-02,7.346999999999999365e-02,6.994000000000000217e-02,6.479999999999999649e-02,5.387999999999999734e-02,4.673000000000000070e-02,1.532600000000000073e-01,9.748999999999999333e-02,6.000000000000000125e-03,4.259999999999999898e-02,7.340000000000000691e-02,8.709000000000000075e-02,6.518999999999999795e-02,7.674999999999999878e-02,2.177000000000000116e-02,-2.900000000000000017e-04,1.769000000000000086e-02,5.120999999999999858e-02,7.363000000000000100e-02,8.641999999999999682e-02,8.594000000000000250e-02,8.078000000000000458e-02,7.646000000000000019e-02,6.389000000000000234e-02,9.943000000000000449e-02,5.809999999999999887e-02,6.094000000000000111e-02,5.947000000000000203e-02,5.757000000000000312e-02,5.915999999999999731e-02,6.026000000000000106e-02,5.954000000000000264e-02,5.788999999999999702e-02,5.747000000000000025e-02,9.454399999999999471e-01,6.121419999999999639e+00,1.029800000000000021e-01,-6.675999999999999712e-01,-3.855999999999999706e-02,-1.403500000000000025e-01,-1.015899999999999997e-01,1.294899999999999940e-01,9.662999999999999368e-02,7.270000000000000073e-02,6.833000000000000185e-02,-4.277999999999999858e-02,-6.923999999999999599e-02,-9.743000000000000271e-02,-1.029700000000000060e-01,-1.192700000000000010e-01,-1.289500000000000091e-01,-1.334299999999999931e-01,-1.385099999999999942e-01,-1.431699999999999917e-01,-1.339299999999999935e-01,-1.006500000000000034e-01,-9.593000000000000138e-02,-1.060699999999999976e-01,-1.029100000000000015e-01,-9.223000000000000642e-02,-8.340000000000000191e-02,-6.318999999999999617e-02
czi*c/cref,-5.437238631605741830e+03,1.484094199179159830e+02,1.722334513556619123e-02,3.381022222222221374e-02,1.715400648591174776e-02,3.688924189261030568e-03,2.121234949494949298e-02,3.454385684210526386e-01,-5.209876541343965982e+03,1.419560647749069631e+02,1.644355693779904481e-02,3.827527485380116667e-02,1.910541520467836166e-02,1.142233152578415664e-02,3.488978862307283435e-02,3.885172363636363313e-01,-3.530369352472088607e-01,1.483436379744816680e+00,-1.840257874960127715e+00,-1.015407772993088820e+00,8.420300409356724636e-01,9.051703158426369633e-01,9.941891254651782361e-01,1.073629341626794353e+00,1.084190574481658675e+00,1.085813616586921881e+00,1.134510793460924871e+00,1.009017514938862270e+00,9.818250898458267262e-01,9.627062713450291742e-01,9.709192432216905422e-01,9.767689918660288351e-01,9.705475805422647539e-01,9.647842918660286538e-01,9.659937473684209186e-01,9.773853484848484818e-01,9.726379395534289207e-01,9.725891406698563557e-01,9.861875296650716161e-01,9.724732950558214739e-01,9.650982478468899117e-01,9.413724908027644167e-01,7.803017187666134724e-01,8.812012791600212225e-01,5.837452822966506805e-01,9.307105222753855323e-01,9.266494063795854830e-01,9.140643604465709116e-01,8.931911124401912261e-01,8.861333504518873472e-01,8.753680467836257861e-01,8.549385582137161155e-01,8.468229444444443921e-01,8.355808593301434772e-01,8.148200956937798889e-01,8.092360366826155671e-01,7.963313509835192594e-01,7.933976172248803360e-01,7.868557145135566255e-01,7.828494497076023961e-01,7.841461733120680400e-01,7.807505321637426832e-01,7.760383636363635818e-01,7.594420622009570021e-01,7.434976427432217205e-01,7.270799275917065874e-01,7.027911789473684223e-01,6.878505997873470834e-01,6.690952669856460311e-01,6.459213608187135414e-01,6.300639858054226661e-01,5.953908363636363221e-01,5.670933933014352668e-01,5.357793792663476662e-01,5.045053736842104453e-01,4.645712918660286905e-01,4.220703365231260329e-01,3.719577906964380287e-01,3.043543598086124735e-01,2.887993036682615644e-01,-1.127303792450823794e+00,-5.697039189792663105e-01,-4.585578599999999838e+00,-3.439255868155236762e+00,6.496732195640616547e-01,8.586013770334928186e-01,9.036787578415736988e-01,1.058706385645933112e+00,1.062236284370015937e+00,1.091757628070175290e+00,1.071744619883040928e+00,9.229973673577883675e-01,8.930794720893142635e-01,8.825927081339712821e-01,8.703990398724082977e-01,8.760139277511962419e-01,8.672279012759170902e-01,8.677135318979266598e-01,8.735682947368420548e-01,8.702301108452951128e-01,8.531439261562997478e-01,8.503262492822964980e-01,8.627397202551833066e-01,8.632385543859649735e-01,8.601719186602869716e-01,8.435644786815523766e-01,6.983376469962786492e-01,8.318701475279106639e-01,5.014275406698565085e-01,8.150142614566719956e-01,8.159950051036682916e-01,8.001289552365763447e-01,7.898460287081339182e-01,7.812159595959595748e-01,7.725954058479532760e-01,7.539887425837320523e-01,7.428756080808081030e-01,7.278096712918660227e-01,7.097092982456140176e-01,7.013652296650717544e-01,6.920192121212120906e-01,6.820975279106857858e-01,6.797936052631579074e-01,6.703402520467837133e-01,6.762711685273791185e-01,6.788329261562998651e-01,6.666700935672514872e-01,6.619612966507177898e-01,6.406807115895800653e-01,6.292291314194576879e-01,6.139921309941520633e-01,5.962435612971822563e-01,5.798055322169060055e-01,5.592716425837320759e-01,5.436461768740030731e-01,5.197397333333332314e-01,5.017212105263156863e-01,4.764149440723019491e-01,4.482045473684210801e-01,4.172491951089845608e-01,3.823793190855928059e-01,3.378697760765549951e-01,2.824801938330674944e-01,2.628396663476874062e-01,1.563129056353003976e-01,2.994408455608718711e+00,-5.480379952153109357e-01,-6.432964959064327859e-01,-2.451194162679425775e-02,1.462523285486443635e-02,2.748204657097289005e-02,3.663211834130781358e-02,4.301441754385965099e-02,5.198319191919192200e-02,6.025407974481658546e-02,6.269709181286549360e-02,6.197613609782030158e-02,6.610863487506644931e-02,5.855840393407761579e-02,4.948612461456672329e-02,4.728023062200957527e-02,4.776341988304094038e-02,4.571548856990962501e-02,4.195404784688994831e-02,4.150663880914406967e-02,5.239250653907497057e-02,4.705207900053162695e-02,4.339768612440191714e-02,4.042427889420521780e-02,3.663008612440191158e-02,2.977292503987240962e-02,2.522823763955343163e-02,1.524264807017544077e-01,9.524062945241891509e-02,5.754035087719298197e-03,4.008997448165869254e-02,6.775939925571504430e-02,7.883612743221690700e-02,5.784338851674641208e-02,6.672476076555024227e-02,1.853609601275917410e-02,-2.417221690590111893e-04,1.442802418926103156e-02,4.084902727272726741e-02,5.741300228601807498e-02,6.583678670919723697e-02,6.393095332270069819e-02,5.864430451887294587e-02,5.413741967038808445e-02,4.409191217437533061e-02,6.683694114832536282e-02,3.801333811802232870e-02,3.877902807017544196e-02,3.677749999999999769e-02,3.457076969696969843e-02,3.446502456140350390e-02,3.402559595959595701e-02,3.255169867091972646e-02,3.061214582668793024e-02,2.935980675172780718e-02,8.323541171717171450e-01,5.326546616161615511e+00,8.830001212121212084e-02,-5.639498649654438589e-01,-3.208351897926634000e-02,-1.149944779372674142e-01,-8.194602615629983933e-02,1.028065237107921304e-01,7.549006842105263071e-02,5.587194045720361713e-02,5.164527432216906022e-02,-3.179070271132376085e-02,-5.057428006379584978e-02,-6.992687325890482863e-02,-7.259521855396067203e-02,-8.257148968633705455e-02,-8.763527006911218942e-02,-8.898454502923976162e-02,-9.061322727272727584e-02,-9.184344082934609022e-02,-8.421427262094630106e-02,-6.200971052631579911e-02,-5.788286661350345447e-02,-6.265404338118023275e-02,-5.948044811270601639e-02,-5.213569202551834869e-02,-4.608503987240829963e-02,-3.411453748006379461e-02
czo,-2.069999999999999792e-03,-2.500000000000000052e-04,-2.400000000000000061e-04,-2.400000000000000061e-04,-2.300000000000000070e-04,-2.300000000000000070e-04,-2.400000000000000061e-04,-3.099999999999999999e-04,-1.869999999999999917e-03,-2.999999999999999737e-04,-2.400000000000000061e-04,-2.500000000000000052e-04,-2.400000000000000061e-04,-2.300000000000000070e-04,-2.300000000000000070e-04,-3.099999999999999999e-04,1.000000000000000082e-05,-7.299999999999999632e-04,-7.900000000000000121e-04,-8.099999999999999561e-04,-8.300000000000000086e-04,-8.499999999999999526e-04,-8.700000000000000051e-04,-8.800000000000000313e-04,-8.800000000000000313e-04,-1.280000000000000105e-03,-9.100000000000000016e-04,-9.100000000000000016e-04,-9.200000000000000278e-04,-9.200000000000000278e-04,-9.200000000000000278e-04,-9.300000000000000541e-04,-9.300000000000000541e-04,-9.399999999999999719e-04,-9.399999999999999719e-04,-9.399999999999999719e-04,-9.399999999999999719e-04,-9.499999999999999981e-04,-9.499999999999999981e-04,-9.499999999999999981e-04,-9.499999999999999981e-04,-9.499999999999999981e-04,-9.499999999999999981e-04,-9.399999999999999719e-04,-9.399999999999999719e-04,-9.300000000000000541e-04,-9.300000000000000541e-04,-9.200000000000000278e-04,-9.200000000000000278e-04,-9.100000000000000016e-04,-8.999999999999999754e-04,-8.800000000000000313e-04,-8.700000000000000051e-04,-8.599999999999999789e-04,-8.400000000000000348e-04,-8.300000000000000086e-04,-8.199999999999999824e-04,-8.199999999999999824e-04,-8.099999999999999561e-04,-8.099999999999999561e-04,-8.099999999999999561e-04,-8.000000000000000383e-04,-8.000000000000000383e-04,-7.900000000000000121e-04,-7.699999999999999597e-04,-7.600000000000000418e-04,-7.399999999999999894e-04,-7.299999999999999632e-04,-7.100000000000000191e-04,-6.899999999999999667e-04,-6.700000000000000226e-04,-6.499999999999999702e-04,-6.300000000000000261e-04,-5.999999999999999474e-04,-5.699999999999999772e-04,-5.400000000000000069e-04,-5.100000000000000366e-04,-4.699999999999999859e-04,-4.299999999999999894e-04,-3.899999999999999929e-04,1.000000000000000082e-05,-5.800000000000000034e-04,-5.500000000000000331e-04,-5.000000000000000104e-04,-7.399999999999999894e-04,-8.099999999999999561e-04,-8.400000000000000348e-04,-8.499999999999999526e-04,-8.400000000000000348e-04,-1.190000000000000085e-03,-8.400000000000000348e-04,-8.300000000000000086e-04,-8.300000000000000086e-04,-8.300000000000000086e-04,-8.300000000000000086e-04,-8.300000000000000086e-04,-8.300000000000000086e-04,-8.300000000000000086e-04,-8.300000000000000086e-04,-8.300000000000000086e-04,-8.300000000000000086e-04,-8.300000000000000086e-04,-8.300000000000000086e-04,-8.300000000000000086e-04,-8.300000000000000086e-04,-8.300000000000000086e-04,-8.300000000000000086e-04,-8.199999999999999824e-04,-8.199999999999999824e-04,-8.099999999999999561e-04,-8.000000000000000383e-04,-8.000000000000000383e-04,-8.000000000000000383e-04,-7.900000000000000121e-04,-7.799999999999999859e-04,-7.600000000000000418e-04,-7.500000000000000156e-04,-7.399999999999999894e-04,-7.299999999999999632e-04,-7.100000000000000191e-04,-7.100000000000000191e-04,-7.100000000000000191e-04,-6.999999999999999929e-04,-6.999999999999999929e-04,-6.999999999999999929e-04,-6.999999999999999929e-04,-6.899999999999999667e-04,-6.800000000000000488e-04,-6.700000000000000226e-04,-6.599999999999999964e-04,-6.499999999999999702e-04,-6.400000000000000524e-04,-6.199999999999999999e-04,-6.099999999999999737e-04,-5.999999999999999474e-04,-5.800000000000000034e-04,-5.599999999999999509e-04,-5.400000000000000069e-04,-5.199999999999999544e-04,-5.000000000000000104e-04,-4.699999999999999859e-04,-4.400000000000000157e-04,-4.099999999999999912e-04,-3.800000000000000209e-04,-1.499999999999999869e-04,-1.499999999999999869e-04,-1.499999999999999869e-04,-1.499999999999999869e-04,-1.499999999999999869e-04,-1.499999999999999869e-04,-1.499999999999999869e-04,-1.600000000000000131e-04,-1.600000000000000131e-04,-1.600000000000000131e-04,-1.600000000000000131e-04,-1.600000000000000131e-04,-1.600000000000000131e-04,-1.600000000000000131e-04,-1.600000000000000131e-04,-1.600000000000000131e-04,-1.600000000000000131e-04,-1.600000000000000131e-04,-1.600000000000000131e-04,-1.600000000000000131e-04,-1.600000000000000131e-04,-1.600000000000000131e-04,-1.600000000000000131e-04,-1.600000000000000131e-04,-1.600000000000000131e-04,-1.600000000000000131e-04,-1.600000000000000131e-04,-1.600000000000000131e-04,3.000000000000000076e-05,0.000000000000000000e+00,0.000000000000000000e+00,0.000000000000000000e+00,0.000000000000000000e+00,0.000000000000000000e+00,0.000000000000000000e+00,0.000000000000000000e+00,0.000000000000000000e+00,0.000000000000000000e+00,0.000000000000000000e+00,0.000000000000000000e+00,0.000000000000000000e+00,0.000000000000000000e+00,0.000000000000000000e+00,0.000000000000000000e+00,0.000000000000000000e+00,0.000000000000000000e+00,0.000000000000000000e+00,0.000000000000000000e+00,0.000000000000000000e+00,0.000000000000000000e+00,0.000000000000000000e+00,0.000000000000000000e+00,0.000000000000000000e+00,0.000000000000000000e+00,0.000000000000000000e+00,0.000000000000000000e+00,-1.499999999999999869e-04,-1.499999999999999869e-04,-1.499999999999999869e-04,-1.499999999999999869e-04,-1.499999999999999869e-04,-1.499999999999999869e-04,-1.499999999999999869e-04,-1.499999999999999869e-04,-1.600000000000000131e-04,-1.600000000000000131e-04,-1.600000000000000131e-04,-1.600000000000000131e-04,-1.600000000000000131e-04,-1.600000000000000131e-04,-1.600000000000000131e-04,-1.600000000000000131e-04,-1.600000000000000131e-04,-1.600000000000000131e-04,-1.600000000000000131e-04,-1.600000000000000131e-04,-1.600000000000000131e-04,-1.600000000000000131e-04,-1.600000000000000131e-04,-1.600000000000000131e-04,-1.600000000000000131e-04,-1.600000000000000131e-04,-1.600000000000000131e-04,-1.600000000000000131e-04
czo*c/cref,-3.208555023923444585e-04,-3.842636895268473663e-05,-3.626921850079745330e-05,-3.564912280701754290e-05,-3.356948431685273905e-05,-3.297522594364699300e-05,-3.378883572567783204e-05,-4.325167464114832165e-05,-2.898549707602338966e-04,-4.611164274322168260e-05,-3.626921850079745330e-05,-3.713450292397660747e-05,-3.502902711323763928e-05,-3.297522594364699300e-05,-3.238096757044125372e-05,-4.325167464114832165e-05,1.151908559276980281e-05,-8.485347687400318813e-04,-9.127460925039871959e-04,-9.301866028708132223e-04,-9.464471026049971984e-04,-9.614670388091440785e-04,-9.761251993620416283e-04,-9.792842105263159687e-04,-9.723087719298246015e-04,-1.307274003189792594e-03,-9.873330675172779704e-04,-9.793360978203081990e-04,-9.816757044125465174e-04,-9.732533758639021638e-04,-9.648261562998404831e-04,-9.667995215311005978e-04,-9.582856459330144506e-04,-9.599843700159488595e-04,-9.513789473684209188e-04,-9.427735247208931949e-04,-9.341681020733651458e-04,-9.354090909090908039e-04,-9.267121212121211780e-04,-9.180202020202019681e-04,-9.093232323232322339e-04,-9.006262626262626081e-04,-8.919343434343433982e-04,-8.739401382243486586e-04,-8.653397129186602126e-04,-8.476250398724083975e-04,-8.391111642743222503e-04,-8.216710260499734313e-04,-8.132535885167464047e-04,-7.960879319510897690e-04,-7.791052631578946610e-04,-7.537403508771929996e-04,-7.372151515151514943e-04,-7.208775119617224494e-04,-6.964274322169059341e-04,-6.805470494417862649e-04,-6.681452418926101975e-04,-6.672472089314194100e-04,-6.582186602870813237e-04,-6.573315789473683840e-04,-6.564401913875597683e-04,-6.474556087187665959e-04,-6.437214247740563004e-04,-6.291650717703350069e-04,-6.068918128654970543e-04,-5.927515151515151725e-04,-5.710549707602339013e-04,-5.573225943646995624e-04,-5.362066454013823032e-04,-5.154164274322168855e-04,-4.949558213716108565e-04,-4.748282828282827678e-04,-4.550267942583731862e-04,-4.284178628389153894e-04,-4.022999999999999667e-04,-3.766794258373205818e-04,-3.515529505582137772e-04,-3.201072301967038515e-04,-2.893230196703881155e-04,-2.591976076555023781e-04,1.151908559276980281e-05,-6.741783094098883307e-04,-6.354561403508772509e-04,-5.741892610313662415e-04,-8.438203083466240670e-04,-9.162215311004784238e-04,-9.424657097288677678e-04,-9.458995215311005776e-04,-9.281129186602871985e-04,-1.215356299840510395e-03,-9.113843700159488708e-04,-8.932406166932482317e-04,-8.856422115895800197e-04,-8.780438064859116994e-04,-8.704409888357256438e-04,-8.628425837320575402e-04,-8.552441786283892199e-04,-8.476457735247208995e-04,-8.400473684210525791e-04,-8.324489633173843672e-04,-8.248505582137160468e-04,-8.172521531100477264e-04,-8.096537480063795145e-04,-8.020597554492291462e-04,-7.944613503455608258e-04,-7.868629452418926138e-04,-7.792689526847421371e-04,-7.623733120680488114e-04,-7.548708133971292070e-04,-7.382540669856459082e-04,-7.218160552897395993e-04,-7.144965443912813059e-04,-7.071770334928229040e-04,-6.911093035619351099e-04,-6.752245614035087351e-04,-6.509575757575758069e-04,-6.355303030303030348e-04,-6.202899521531100423e-04,-6.052286018075491878e-04,-5.821547049441786435e-04,-5.785160021265283933e-04,-5.777384370015949079e-04,-5.688309409888356663e-04,-5.680643274853801371e-04,-5.672939925571504746e-04,-5.665236576289207036e-04,-5.552097288676235672e-04,-5.415598086124402948e-04,-5.280746943115364458e-04,-5.147578947368421434e-04,-5.016023391812865452e-04,-4.886115895800105871e-04,-4.682367889420521712e-04,-4.556580010632642298e-04,-4.432440191387559286e-04,-4.236929292929292649e-04,-4.044682615629983154e-04,-3.855760765550238721e-04,-3.670105263157894242e-04,-3.487772461456672014e-04,-3.239801701222753960e-04,-2.996748538011695666e-04,-2.758661350345561190e-04,-2.525515151515151432e-04,-1.320582137161084514e-04,-1.305223285486443129e-04,-1.286172248803827670e-04,-1.267113237639553159e-04,-1.248062200956937700e-04,-1.229011164274322241e-04,-1.209952153110047731e-04,-1.270294524189261270e-04,-1.249964912280701775e-04,-1.229643806485911897e-04,-1.209314194577352537e-04,-1.188993088782562524e-04,-1.168671982987772511e-04,-1.148342371079213151e-04,-1.128021265284423409e-04,-1.107691653375864050e-04,-1.087370547581074037e-04,-1.067040935672514677e-04,-1.046719829877724664e-04,-1.026398724082934651e-04,-1.006069112174375426e-04,-9.857480063795855487e-05,-9.654183944710260533e-05,-9.450972886762361758e-05,-9.247761828814461628e-05,-9.044465709728869384e-05,-8.841254651780969254e-05,-8.637958532695375654e-05,2.983684210526315968e-05,0.000000000000000000e+00,0.000000000000000000e+00,0.000000000000000000e+00,0.000000000000000000e+00,0.000000000000000000e+00,0.000000000000000000e+00,0.000000000000000000e+00,0.000000000000000000e+00,0.000000000000000000e+00,0.000000000000000000e+00,0.000000000000000000e+00,0.000000000000000000e+00,0.000000000000000000e+00,0.000000000000000000e+00,0.000000000000000000e+00,0.000000000000000000e+00,0.000000000000000000e+00,0.000000000000000000e+00,0.000000000000000000e+00,0.000000000000000000e+00,0.000000000000000000e+00,0.000000000000000000e+00,0.000000000000000000e+00,0.000000000000000000e+00,0.000000000000000000e+00,0.000000000000000000e+00,0.000000000000000000e+00,-1.320582137161084514e-04,-1.305223285486443129e-04,-1.286172248803827670e-04,-1.267113237639553159e-04,-1.248062200956937700e-04,-1.229011164274322241e-04,-1.209952153110047731e-04,-1.190901116427432136e-04,-1.249964912280701775e-04,-1.229643806485911897e-04,-1.209314194577352537e-04,-1.188993088782562524e-04,-1.168671982987772511e-04,-1.148342371079213151e-04,-1.128021265284423409e-04,-1.107691653375864050e-04,-1.087370547581074037e-04,-1.067040935672514677e-04,-1.046719829877724664e-04,-1.026398724082934651e-04,-1.006069112174375426e-04,-9.857480063795855487e-05,-9.654183944710260533e-05,-9.450972886762361758e-05,-9.247761828814461628e-05,-9.044465709728869384e-05,-8.841254651780969254e-05,-8.637958532695375654e-05
dArea,4.389999999999999805e-03,1.688199999999999978e-01,1.659799999999999887e-01,1.631499999999999895e-01,1.603100000000000080e-01,1.574699999999999989e-01,1.546299999999999897e-01,2.608999999999999861e-02,4.389999999999999805e-03,1.688199999999999978e-01,1.659799999999999887e-01,1.631499999999999895e-01,1.603100000000000080e-01,1.574699999999999989e-01,1.546299999999999897e-01,2.608999999999999861e-02,8.096000000000000418e-02,2.329700000000000104e-01,2.315800000000000081e-01,2.301799999999999957e-01,2.978999999999999981e-01,2.955099999999999949e-01,2.931199999999999917e-01,2.907199999999999784e-01,2.893200000000000216e-01,2.668200000000000016e-01,2.828100000000000058e-01,2.811600000000000210e-01,2.787600000000000078e-01,2.763700000000000045e-01,2.739800000000000013e-01,2.715899999999999981e-01,2.691999999999999948e-01,2.667999999999999816e-01,2.644099999999999784e-01,2.620199999999999751e-01,2.596300000000000274e-01,2.572400000000000242e-01,2.548500000000000210e-01,2.524600000000000177e-01,2.500600000000000045e-01,2.476700000000000013e-01,2.452799999999999980e-01,2.428899999999999948e-01,2.404999999999999916e-01,2.381099999999999883e-01,2.357200000000000129e-01,2.333300000000000096e-01,2.309400000000000064e-01,2.285500000000000032e-01,2.261599999999999999e-01,2.237699999999999967e-01,2.213799999999999935e-01,2.189899999999999902e-01,2.165999999999999870e-01,2.142100000000000115e-01,2.554000000000000020e-02,2.551000000000000142e-02,2.547999999999999918e-02,2.544000000000000081e-02,2.540999999999999856e-02,2.537000000000000019e-02,1.891899999999999971e-01,1.872600000000000098e-01,1.853200000000000125e-01,1.833799999999999875e-01,1.814500000000000002e-01,1.795100000000000029e-01,1.775700000000000056e-01,1.756300000000000083e-01,1.736999999999999933e-01,1.717599999999999960e-01,1.698199999999999987e-01,1.678900000000000114e-01,1.659499999999999864e-01,1.640099999999999891e-01,1.620800000000000018e-01,1.601400000000000046e-01,1.582000000000000073e-01,1.562699999999999922e-01,8.096000000000000418e-02,2.329700000000000104e-01,2.315800000000000081e-01,2.301799999999999957e-01,2.978999999999999981e-01,2.955099999999999949e-01,2.931199999999999917e-01,2.907199999999999784e-01,2.893200000000000216e-01,2.668200000000000016e-01,2.828100000000000058e-01,2.811600000000000210e-01,2.787600000000000078e-01,2.763700000000000045e-01,2.739800000000000013e-01,2.715899999999999981e-01,2.691999999999999948e-01,2.667999999999999816e-01,2.644099999999999784e-01,2.620199999999999751e-01,2.596300000000000274e-01,2.572400000000000242e-01,2.548500000000000210e-01,2.524600000000000177e-01,2.500600000000000045e-01,2.476700000000000013e-01,2.452799999999999980e-01,2.428899999999999948e-01,2.404999999999999916e-01,2.381099999999999883e-01,2.357200000000000129e-01,2.333300000000000096e-01,2.309400000000000064e-01,2.285500000000000032e-01,2.261599999999999999e-01,2.237699999999999967e-01,2.213799999999999935e-01,2.189899999999999902e-01,2.165999999999999870e-01,2.142100000000000115e-01,2.554000000000000020e-02,2.551000000000000142e-02,2.547999999999999918e-02,2.544000000000000081e-02,2.540999999999999856e-02,2.537000000000000019e-02,1.891899999999999971e-01,1.872600000000000098e-01,1.853200000000000125e-01,1.833799999999999875e-01,1.814500000000000002e-01,1.795100000000000029e-01,1.775700000000000056e-01,1.756300000000000083e-01,1.736999999999999933e-01,1.717599999999999960e-01,1.698199999999999987e-01,1.678900000000000114e-01,1.659499999999999864e-01,1.640099999999999891e-01,1.620800000000000018e-01,1.601400000000000046e-01,1.582000000000000073e-01,1.562699999999999922e-01,1.320399999999999907e-01,1.807699999999999863e-01,1.781300000000000106e-01,1.754900000000000071e-01,1.728500000000000036e-01,1.702100000000000002e-01,1.675699999999999967e-01,1.649299999999999933e-01,1.622899999999999898e-01,1.596499999999999864e-01,1.570199999999999929e-01,1.543799999999999895e-01,1.517400000000000138e-01,1.491000000000000103e-01,1.464600000000000068e-01,1.438200000000000034e-01,1.411799999999999999e-01,1.385399999999999965e-01,1.358999999999999930e-01,1.332599999999999896e-01,1.306299999999999961e-01,1.279899999999999927e-01,1.253499999999999892e-01,1.227099999999999996e-01,1.200699999999999962e-01,1.174300000000000066e-01,1.147900000000000031e-01,1.121499999999999997e-01,1.468099999999999961e-01,1.804800000000000015e-01,1.771699999999999942e-01,1.738599999999999868e-01,1.705399999999999971e-01,1.672299999999999898e-01,1.639200000000000101e-01,1.606100000000000028e-01,1.572999999999999954e-01,1.539899999999999880e-01,1.506800000000000084e-01,1.473599999999999910e-01,1.440500000000000114e-01,1.407400000000000040e-01,1.374299999999999966e-01,1.341199999999999892e-01,1.308100000000000096e-01,1.274899999999999922e-01,1.241799999999999987e-01,1.208700000000000052e-01,1.175599999999999978e-01,1.142500000000000043e-01,1.109399999999999969e-01,1.076300000000000034e-01,1.043099999999999999e-01,1.010000000000000064e-01,9.768999999999999906e-02,9.438000000000000556e-02,1.320399999999999907e-01,1.807699999999999863e-01,1.781300000000000106e-01,1.754900000000000071e-01,1.728500000000000036e-01,1.702100000000000002e-01,1.675699999999999967e-01,1.649299999999999933e-01,1.622899999999999898e-01,1.596499999999999864e-01,1.570199999999999929e-01,1.543799999999999895e-01,1.517400000000000138e-01,1.491000000000000103e-01,1.464600000000000068e-01,1.438200000000000034e-01,1.411799999999999999e-01,1.385399999999999965e-01,1.358999999999999930e-01,1.332599999999999896e-01,1.306299999999999961e-01,1.279899999999999927e-01,1.253499999999999892e-01,1.227099999999999996e-01,1.200699999999999962e-01,1.174300000000000066e-01,1.147900000000000031e-01,1.121499999999999997e-01
dSpan,1.506000000000000047e-02,5.839199999999999946e-01,5.839199999999999946e-01,5.839199999999999946e-01,5.839199999999999946e-01,5.839199999999999946e-01,5.839199999999999946e-01,9.940999999999999837e-02,1.506000000000000047e-02,5.839199999999999946e-01,5.839199999999999946e-01,5.839199999999999946e-01,5.839199999999999946e-01,5.839199999999999946e-01,5.839199999999999946e-01,9.940999999999999837e-02,3.737000000000000044e-02,1.065500000000000058e-01,1.065600000000000019e-01,1.065600000000000019e-01,1.388900000000000134e-01,1.388900000000000134e-01,1.388900000000000134e-01,1.388900000000000134e-01,1.392100000000000004e-01,1.388900000000000134e-01,1.385800000000000087e-01,1.388900000000000134e-01,1.388900000000000134e-01,1.388900000000000134e-01,1.388900000000000134e-01,1.388900000000000134e-01,1.388900000000000134e-01,1.388900000000000134e-01,1.388900000000000134e-01,1.388900000000000134e-01,1.388900000000000134e-01,1.388900000000000134e-01,1.388900000000000134e-01,1.388900000000000134e-01,1.388900000000000134e-01,1.388900000000000134e-01,1.388900000000000134e-01,1.388900000000000134e-01,1.388900000000000134e-01,1.388900000000000134e-01,1.388900000000000134e-01,1.388900000000000134e-01,1.388900000000000134e-01,1.388900000000000134e-01,1.388900000000000134e-01,1.388900000000000134e-01,1.388900000000000134e-01,1.388900000000000134e-01,1.388900000000000134e-01,1.388900000000000134e-01,1.667000000000000079e-02,1.667000000000000079e-02,1.667000000000000079e-02,1.667000000000000079e-02,1.667000000000000079e-02,1.667000000000000079e-02,1.250000000000000000e-01,1.250000000000000000e-01,1.250000000000000000e-01,1.250000000000000000e-01,1.250000000000000000e-01,1.250000000000000000e-01,1.250000000000000000e-01,1.250000000000000000e-01,1.250000000000000000e-01,1.250000000000000000e-01,1.250000000000000000e-01,1.250000000000000000e-01,1.250000000000000000e-01,1.250000000000000000e-01,1.250000000000000000e-01,1.250000000000000000e-01,1.250000000000000000e-01,1.250000000000000000e-01,3.737000000000000044e-02,1.065500000000000058e-01,1.065600000000000019e-01,1.065600000000000019e-01,1.388900000000000134e-01,1.388900000000000134e-01,1.388900000000000134e-01,1.388900000000000134e-01,1.392100000000000004e-01,1.388900000000000134e-01,1.385800000000000087e-01,1.388900000000000134e-01,1.388900000000000134e-01,1.388900000000000134e-01,1.388900000000000134e-01,1.388900000000000134e-01,1.388900000000000134e-01,1.388900000000000134e-01,1.388900000000000134e-01,1.388900000000000134e-01,1.388900000000000134e-01,1.388900000000000134e-01,1.388900000000000134e-01,1.388900000000000134e-01,1.388900000000000134e-01,1.388900000000000134e-01,1.388900000000000134e-01,1.388900000000000134e-01,1.388900000000000134e-01,1.388900000000000134e-01,1.388900000000000134e-01,1.388900000000000134e-01,1.388900000000000134e-01,1.388900000000000134e-01,1.388900000000000134e-01,1.388900000000000134e-01,1.388900000000000134e-01,1.388900000000000134e-01,1.388900000000000134e-01,1.388900000000000134e-01,1.667000000000000079e-02,1.667000000000000079e-02,1.667000000000000079e-02,1.667000000000000079e-02,1.667000000000000079e-02,1.667000000000000079e-02,1.250000000000000000e-01,1.250000000000000000e-01,1.250000000000000000e-01,1.250000000000000000e-01,1.250000000000000000e-01,1.250000000000000000e-01,1.250000000000000000e-01,1.250000000000000000e-01,1.250000000000000000e-01,1.250000000000000000e-01,1.250000000000000000e-01,1.250000000000000000e-01,1.250000000000000000e-01,1.250000000000000000e-01,1.250000000000000000e-01,1.250000000000000000e-01,1.250000000000000000e-01,1.250000000000000000e-01,7.972999999999999532e-02,1.104399999999999965e-01,1.104399999999999965e-01,1.104399999999999965e-01,1.104399999999999965e-01,1.104399999999999965e-01,1.104399999999999965e-01,1.104399999999999965e-01,1.104399999999999965e-01,1.104399999999999965e-01,1.104399999999999965e-01,1.104399999999999965e-01,1.104399999999999965e-01,1.104399999999999965e-01,1.104399999999999965e-01,1.104399999999999965e-01,1.104399999999999965e-01,1.104399999999999965e-01,1.104399999999999965e-01,1.104399999999999965e-01,1.104399999999999965e-01,1.104399999999999965e-01,1.104399999999999965e-01,1.104399999999999965e-01,1.104399999999999965e-01,1.104399999999999965e-01,1.104399999999999965e-01,1.104399999999999965e-01,7.847999999999999421e-02,9.821000000000000563e-02,9.821000000000000563e-02,9.821000000000000563e-02,9.821000000000000563e-02,9.821000000000000563e-02,9.821000000000000563e-02,9.821000000000000563e-02,9.821000000000000563e-02,9.821000000000000563e-02,9.821000000000000563e-02,9.821000000000000563e-02,9.821000000000000563e-02,9.821000000000000563e-02,9.821000000000000563e-02,9.821000000000000563e-02,9.821000000000000563e-02,9.821000000000000563e-02,9.821000000000000563e-02,9.821000000000000563e-02,9.821000000000000563e-02,9.821000000000000563e-02,9.821000000000000563e-02,9.821000000000000563e-02,9.821000000000000563e-02,9.821000000000000563e-02,9.821000000000000563e-02,9.821000000000000563e-02,7.972999999999999532e-02,1.104399999999999965e-01,1.104399999999999965e-01,1.104399999999999965e-01,1.104399999999999965e-01,1.104399999999999965e-01,1.104399999999999965e-01,1.104399999999999965e-01,1.104399999999999965e-01,1.104399999999999965e-01,1.104399999999999965e-01,1.104399999999999965e-01,1.104399999999999965e-01,1.104399999999999965e-01,1.104399999999999965e-01,1.104399999999999965e-01,1.104399999999999965e-01,1.104399999999999965e-01,1.104399999999999965e-01,1.104399999999999965e-01,1.104399999999999965e-01,1.104399999999999965e-01,1.104399999999999965e-01,1.104399999999999965e-01,1.104399999999999965e-01,1.104399999999999965e-01,1.104399999999999965e-01,1.104399999999999965e-01
roverR,inf,inf,inf,inf,inf,inf,inf,inf,inf,inf,inf,inf,inf,inf,inf,inf,inf,inf,inf,inf,inf,inf,inf,inf,inf,inf,inf,inf,inf,inf,inf,inf,inf,inf,inf,inf,inf,inf,inf,inf,inf,inf,inf,inf,inf,inf,inf,inf,inf,inf,inf,inf,inf,inf,inf,inf,inf,inf,inf,inf,inf,inf,inf,inf,inf,inf,inf,inf,inf,inf,inf,inf,inf,inf,inf,inf,inf,inf,inf,inf,inf,inf,inf,inf,inf,inf,inf,inf,inf,inf,inf,inf,inf,inf,inf,inf,inf,inf,inf,inf,inf,inf,inf,inf,inf,inf,inf,inf,inf,inf,inf,inf,inf,inf,inf,inf,inf,inf,inf,inf,inf,inf,inf,inf,inf,inf,inf,inf,inf,inf,inf,inf,inf,inf,inf,inf,inf,inf,inf,inf,inf,inf,inf,inf,inf,inf,inf,inf,inf,inf,inf,inf,inf,inf,inf,inf,inf,inf,inf,inf,inf,inf,inf,inf,inf,inf,inf,inf,inf,inf,inf,inf,inf,inf,inf,inf,inf,inf,inf,inf,inf,inf,inf,inf,inf,inf,inf,inf,inf,inf,inf,inf,inf,inf,inf,inf,inf,inf,inf,inf,inf,inf,inf,inf,inf,inf,inf,inf,inf,inf,inf,inf,inf,inf,inf,inf,inf,inf,inf,inf,inf,inf,inf,inf,inf,inf,inf,inf
Results_Name,CpSlice_Wrapper
Results_Timestamp,1787090417
Results_Date,8,19,2026
Results_Time,3,30,17
CpSlice_Case_ID_Vec,DFQZBXO
Num_Cuts,1
Results_Name,CpSlicer_Case
Results_Timestamp,1787090417
Results_Date,8,19,2026
Results_Time,3,30,17
Alpha,4.000000000000000000e+00
Beta,0.000000000000000000e+00
Case,1
Cp,6.867999999999999661e-01,6.867999999999999661e-01,6.867999999999999661e-01,6.867999999999999661e-01,5.622000000000000330e-01,6.867999999999999661e-01,5.622000000000000330e-01,6.867999999999999661e-01,6.867999999999999661e-01,6.867999999999999661e-01,6.867999999999999661e-01,6.867999999999999661e-01,6.867999999999999661e-01,6.867999999999999661e-01,6.842000000000000304e-01,6.867999999999999661e-01,6.842000000000000304e-01,6.867999999999999661e-01,6.867999999999999661e-01,6.867999999999999661e-01,3.832999999999999741e-01,3.832999999999999741e-01,3.832999999999999741e-01,3.832999999999999741e-01,5.505999999999999783e-01,5.505999999999999783e-01,5.505999999999999783e-01,5.505999999999999783e-01,1.572000000000000064e-01,1.572000000000000064e-01,1.572000000000000064e-01,1.572000000000000064e-01,3.251999999999999891e-01,3.251999999999999891e-01,3.251999999999999891e-01,3.251999999999999891e-01,1.000000000000000048e-04,1.000000000000000048e-04,1.000000000000000048e-04,1.000000000000000048e-04,1.026999999999999996e-01,1.026999999999999996e-01,1.026999999999999996e-01,1.026999999999999996e-01,-3.000000000000000062e-03,-3.000000000000000062e-03,-3.000000000000000062e-03,-3.000000000000000062e-03,-3.000000000000000062e-03,4.220000000000000140e-02,4.220000000000000140e-02,4.220000000000000140e-02,4.220000000000000140e-02,4.220000000000000140e-02,7.300000000000000065e-03,7.300000000000000065e-03,7.300000000000000065e-03,7.300000000000000065e-03,5.920000000000000262e-02,5.920000000000000262e-02,5.920000000000000262e-02,5.920000000000000262e-02,-4.189999999999999974e-02,-4.189999999999999974e-02,-4.189999999999999974e-02,-4.189999999999999974e-02,1.450000000000000074e-02,1.450000000000000074e-02,1.450000000000000074e-02,1.450000000000000074e-02,-8.859999999999999820e-02,-8.859999999999999820e-02,-8.859999999999999820e-02,-8.859999999999999820e-02,-5.070000000000000201e-02,-5.070000000000000201e-02,-5.070000000000000201e-02,-5.070000000000000201e-02,-8.250000000000000389e-02,-8.250000000000000389e-02,-8.250000000000000389e-02,-8.250000000000000389e-02,-8.379999999999999949e-02,-8.379999999999999949e-02,-8.379999999999999949e-02,-8.379999999999999949e-02,2.369999999999999885e-02,2.369999999999999885e-02,2.369999999999999885e-02,2.369999999999999885e-02,2.809999999999999998e-02,2.809999999999999998e-02,2.809999999999999998e-02,2.809999999999999998e-02,1.330999999999999961e-01,1.330999999999999961e-01,1.330999999999999961e-01,1.330999999999999961e-01,2.809999999999999998e-02,2.809999999999999998e-02,2.919999999999999818e-01,2.809999999999999998e-02,2.809999999999999998e-02,2.809999999999999998e-02,2.809999999999999998e-02,2.919999999999999818e-01,1.285000000000000031e-01,1.285000000000000031e-01,1.285000000000000031e-01,1.285000000000000031e-01,1.338999999999999913e-01,1.338999999999999913e-01,1.338999999999999913e-01,1.338999999999999913e-01,1.330000000000000071e-01,1.330000000000000071e-01,1.330000000000000071e-01,1.330000000000000071e-01,5.140000000000000124e-02,5.140000000000000124e-02,5.140000000000000124e-02,5.140000000000000124e-02,1.087999999999999939e-01,1.001999999999999974e-01,1.001999999999999974e-01,1.001999999999999974e-01,1.001999999999999974e-01,1.001999999999999974e-01,1.001999999999999974e-01,1.087999999999999939e-01,5.140000000000000124e-02,-5.319999999999999729e-02,5.140000000000000124e-02,-5.319999999999999729e-02,1.001999999999999974e-01,2.999999999999999737e-04,1.001999999999999974e-01,2.999999999999999737e-04,-2.029999999999999860e-02,-5.319999999999999729e-02,-5.319999999999999729e-02,-2.029999999999999860e-02,2.999999999999999737e-04,-2.421000000000000096e-01,2.999999999999999737e-04,-2.421000000000000096e-01,2.610000000000000167e-02,-2.029999999999999860e-02,-2.029999999999999860e-02,2.610000000000000167e-02,-2.421000000000000096e-01,-2.510000000000000009e-01,-2.421000000000000096e-01,-2.510000000000000009e-01,1.569999999999999868e-02,2.610000000000000167e-02,2.610000000000000167e-02,1.569999999999999868e-02,-2.510000000000000009e-01,-9.489999999999999825e-02,-2.510000000000000009e-01,-9.489999999999999825e-02,-3.559999999999999970e-02,1.569999999999999868e-02,-3.559999999999999970e-02,1.569999999999999868e-02,-9.489999999999999825e-02,6.719999999999999585e-02,-9.489999999999999825e-02,6.719999999999999585e-02,-3.559999999999999970e-02,-4.229999999999999732e-02,-4.229999999999999732e-02,-3.559999999999999970e-02,6.719999999999999585e-02,2.182999999999999940e-01,6.719999999999999585e-02,2.182999999999999940e-01,-4.229999999999999732e-02,-2.469999999999999973e-02,-2.469999999999999973e-02,-4.229999999999999732e-02,2.182999999999999940e-01,3.412999999999999923e-01,2.182999999999999940e-01,3.412999999999999923e-01,-2.469999999999999973e-02,-4.460000000000000075e-02,-4.460000000000000075e-02,-2.469999999999999973e-02,3.412999999999999923e-01,3.706999999999999740e-01,3.412999999999999923e-01,3.706999999999999740e-01,-4.460000000000000075e-02,-5.850000000000000339e-02,-5.850000000000000339e-02,-4.460000000000000075e-02,3.706999999999999740e-01,3.650999999999999801e-01,3.706999999999999740e-01,3.650999999999999801e-01,-5.850000000000000339e-02,-8.350000000000000477e-02,-8.350000000000000477e-02,-5.850000000000000339e-02,3.650999999999999801e-01,3.650999999999999801e-01,-7.560000000000000053e-02,3.650999999999999801e-01,3.650999999999999801e-01,-7.560000000000000053e-02,-8.350000000000000477e-02,-1.489000000000000046e-01,-8.350000000000000477e-02,-1.489000000000000046e-01,-8.350000000000000477e-02,-1.489000000000000046e-01,-2.124000000000000055e-01,-2.124000000000000055e-01,-1.489000000000000046e-01,-2.124000000000000055e-01,-2.250999999999999945e-01,-2.250999999999999945e-01,-2.124000000000000055e-01,-1.804999999999999938e-01,-1.804999999999999938e-01,-1.804999999999999938e-01,-1.804999999999999938e-01,9.810000000000000664e-02,9.810000000000000664e-02,9.810000000000000664e-02,9.810000000000000664e-02,9.810000000000000664e-02,9.810000000000000664e-02,9.810000000000000664e-02,9.810000000000000664e-02,9.810000000000000664e-02,9.810000000000000664e-02,9.810000000000000664e-02,9.810000000000000664e-02,9.810000000000000664e-02,9.810000000000000664e-02,9.810000000000000664e-02,9.810000000000000664e-02,9.810000000000000664e-02,9.810000000000000664e-02,9.810000000000000664e-02,9.810000000000000664e-02,9.810000000000000664e-02,9.810000000000000664e-02,9.810000000000000664e-02,9.810000000000000664e-02,9.810000000000000664e-02,9.810000000000000664e-02,5.111999999999999877e-01,9.810000000000000664e-02,9.810000000000000664e-02,5.111999999999999877e-01,9.810000000000000664e-02,9.810000000000000664e-02,9.810000000000000664e-02,9.810000000000000664e-02,9.810000000000000664e-02,9.810000000000000664e-02,9.810000000000000664e-02,9.810000000000000664e-02,9.810000000000000664e-02,9.810000000000000664e-02,9.810000000000000664e-02,9.810000000000000664e-02,9.810000000000000664e-02,9.810000000000000664e-02,9.315999999999999837e-01,9.315999999999999837e-01,7.316000000000000281e-01,7.316000000000000281e-01,2.494000000000000106e-01,2.494000000000000106e-01,-3.074000000000000066e-01,-3.074000000000000066e-01,-7.411999999999999700e-01,-7.411999999999999700e-01,-9.667000000000000037e-01,-9.667000000000000037e-01,-1.022599999999999953e+00,-1.022599999999999953e+00,-9.925000000000000488e-01,-9.925000000000000488e-01,-9.314000000000000057e-01,-9.314000000000000057e-01,-8.628000000000000114e-01,-8.628000000000000114e-01,-7.838000000000000522e-01,-7.838000000000000522e-01,-7.838000000000000522e-01,-7.099999999999999645e-01,-7.099999999999999645e-01,-6.451999999999999957e-01,-6.451999999999999957e-01,-5.687999999999999723e-01,-5.687999999999999723e-01,-4.685000000000000275e-01,-4.685000000000000275e-01,-3.401000000000000134e-01,-3.401000000000000134e-01,-1.928999999999999881e-01,-1.928999999999999881e-01,-4.309999999999999942e-02,-4.309999999999999942e-02,1.004000000000000031e-01,1.004000000000000031e-01,2.371999999999999942e-01,2.371999999999999942e-01,3.659999999999999920e-01,3.659999999999999920e-01,4.687000000000000055e-01,4.687000000000000055e-01,5.121999999999999886e-01,5.121999999999999886e-01,9.315999999999999837e-01,9.315999999999999837e-01,7.316000000000000281e-01,7.316000000000000281e-01,2.494000000000000106e-01,2.494000000000000106e-01,-3.074000000000000066e-01,-3.074000000000000066e-01,-7.411999999999999700e-01,-7.411999999999999700e-01,-9.667000000000000037e-01,-9.667000000000000037e-01,-1.022599999999999953e+00,-1.022599999999999953e+00,-9.925000000000000488e-01,-9.925000000000000488e-01,-9.314000000000000057e-01,-9.314000000000000057e-01,-8.628000000000000114e-01,-8.628000000000000114e-01,-7.838000000000000522e-01,-7.838000000000000522e-01,-7.838000000000000522e-01,-7.099999999999999645e-01,-7.099999999999999645e-01,-6.451999999999999957e-01,-6.451999999999999957e-01,-5.687999999999999723e-01,-5.687999999999999723e-01,-4.685000000000000275e-01,-4.685000000000000275e-01,-3.401000000000000134e-01,-3.401000000000000134e-01,-1.928999999999999881e-01,-1.928999999999999881e-01,-4.309999999999999942e-02,-4.309999999999999942e-02,1.004000000000000031e-01,1.004000000000000031e-01,2.371999999999999942e-01,2.371999999999999942e-01,3.659999999999999920e-01,3.659999999999999920e-01,4.687000000000000055e-01,4.687000000000000055e-01,5.121999999999999886e-01,5.121999999999999886e-01,5.244999999999999662e-01,5.244999999999999662e-01,5.165999999999999481e-01,-7.560000000000000053e-02,-1.436999999999999944e-01,-1.436999999999999944e-01,-1.436999999999999944e-01,-1.436999999999999944e-01,5.244999999999999662e-01,5.244999999999999662e-01,5.244999999999999662e-01,4.597999999999999865e-01,-2.310000000000000109e-01,-2.310000000000000109e-01,-2.310000000000000109e-01,-2.310000000000000109e-01,4.597999999999999865e-01,5.244999999999999662e-01,4.597999999999999865e-01,3.927999999999999825e-01,-3.175000000000000044e-01,-3.175000000000000044e-01,-3.175000000000000044e-01,-3.175000000000000044e-01,3.927999999999999825e-01,4.597999999999999865e-01,3.927999999999999825e-01,3.700999999999999845e-01,-3.377999999999999892e-01,-3.377999999999999892e-01,-3.377999999999999892e-01,-3.377999999999999892e-01,3.700999999999999845e-01,3.927999999999999825e-01,3.700999999999999845e-01,3.826999999999999846e-01,-4.007999999999999896e-01,-4.007999999999999896e-01,-4.007999999999999896e-01,-4.007999999999999896e-01,3.826999999999999846e-01,3.700999999999999845e-01,3.826999999999999846e-01,4.173999999999999932e-01,-3.529999999999999805e-01,-3.529999999999999805e-01,-3.529999999999999805e-01,-3.529999999999999805e-01,4.173999999999999932e-01,3.826999999999999846e-01,4.173999999999999932e-01,4.208999999999999964e-01,-2.461000000000000132e-01,-2.461000000000000132e-01,-2.461000000000000132e-01,-2.461000000000000132e-01,4.208999999999999964e-01,4.173999999999999932e-01,4.208999999999999964e-01,4.789999999999999813e-01,-8.519999999999999796e-02,-8.519999999999999796e-02,-8.519999999999999796e-02,-8.519999999999999796e-02,4.789999999999999813e-01,4.208999999999999964e-01,4.789999999999999813e-01,3.993999999999999773e-01,9.099999999999999756e-02,9.099999999999999756e-02,9.099999999999999756e-02,9.099999999999999756e-02,3.993999999999999773e-01,4.789999999999999813e-01,3.993999999999999773e-01,5.252999999999999892e-01,2.218999999999999861e-01,2.218999999999999861e-01,2.218999999999999861e-01,2.218999999999999861e-01,5.252999999999999892e-01,3.993999999999999773e-01,5.252999999999999892e-01,5.652000000000000357e-01,3.315000000000000169e-01,3.315000000000000169e-01,3.315000000000000169e-01,3.315000000000000169e-01,5.652000000000000357e-01,5.252999999999999892e-01,5.652000000000000357e-01,4.248999999999999999e-01,4.031000000000000139e-01,4.031000000000000139e-01,4.031000000000000139e-01,4.031000000000000139e-01,4.248999999999999999e-01,5.652000000000000357e-01,4.248999999999999999e-01,3.191999999999999837e-01,4.766000000000000236e-01,4.766000000000000236e-01,4.766000000000000236e-01,4.766000000000000236e-01,3.191999999999999837e-01,4.248999999999999999e-01,3.191999999999999837e-01,2.933000000000000052e-01,5.062999999999999723e-01,5.062999999999999723e-01,5.062999999999999723e-01,5.062999999999999723e-01,2.933000000000000052e-01,3.191999999999999837e-01,2.933000000000000052e-01,3.033000000000000140e-01,5.343999999999999861e-01,5.343999999999999861e-01,5.343999999999999861e-01,5.343999999999999861e-01,2.933000000000000052e-01,3.033000000000000140e-01,3.033000000000000140e-01,3.366000000000000103e-01,5.510000000000000453e-01,5.510000000000000453e-01,5.510000000000000453e-01,5.510000000000000453e-01,3.033000000000000140e-01,3.366000000000000103e-01,3.366000000000000103e-01,3.593000000000000083e-01,5.747999999999999776e-01,5.747999999999999776e-01,5.747999999999999776e-01,5.747999999999999776e-01,3.366000000000000103e-01,3.593000000000000083e-01,3.593000000000000083e-01,3.452000000000000068e-01,6.393999999999999684e-01,6.393999999999999684e-01,6.393999999999999684e-01,6.393999999999999684e-01,3.593000000000000083e-01,3.452000000000000068e-01,3.452000000000000068e-01,3.785999999999999921e-01,7.613999999999999657e-01,7.613999999999999657e-01,7.613999999999999657e-01,7.613999999999999657e-01,3.452000000000000068e-01,3.785999999999999921e-01,3.785999999999999921e-01,4.168000000000000038e-01,7.348000000000000087e-01,7.348000000000000087e-01,7.348000000000000087e-01,7.348000000000000087e-01,3.785999999999999921e-01,4.168000000000000038e-01,4.168000000000000038e-01,4.257000000000000228e-01,6.782000000000000250e-01,6.782000000000000250e-01,6.782000000000000250e-01,6.782000000000000250e-01,4.168000000000000038e-01,4.257000000000000228e-01,4.257000000000000228e-01,4.279999999999999916e-01,6.765999999999999792e-01,6.765999999999999792e-01,6.765999999999999792e-01,6.765999999999999792e-01,4.257000000000000228e-01,4.279999999999999916e-01,4.279999999999999916e-01,4.183999999999999941e-01,6.741000000000000325e-01,6.741000000000000325e-01,6.741000000000000325e-01,6.741000000000000325e-01,4.279999999999999916e-01,4.183999999999999941e-01,4.183999999999999941e-01,3.958999999999999742e-01,6.744999999999999885e-01,6.744999999999999885e-01,6.744999999999999885e-01,6.744999999999999885e-01,4.183999999999999941e-01,3.958999999999999742e-01,3.958999999999999742e-01,3.753000000000000225e-01,6.755999999999999783e-01,6.755999999999999783e-01,6.755999999999999783e-01,6.755999999999999783e-01,3.958999999999999742e-01,3.753000000000000225e-01,3.753000000000000225e-01,3.784000000000000141e-01,6.675999999999999712e-01,6.675999999999999712e-01,6.675999999999999712e-01,6.675999999999999712e-01,3.753000000000000225e-01,3.784000000000000141e-01,3.784000000000000141e-01,3.816999999999999837e-01,6.388000000000000345e-01,6.388000000000000345e-01,6.388000000000000345e-01,6.388000000000000345e-01,3.784000000000000141e-01,3.816999999999999837e-01,3.816999999999999837e-01,3.698000000000000176e-01,5.874000000000000332e-01,5.874000000000000332e-01,5.874000000000000332e-01,5.874000000000000332e-01,3.816999999999999837e-01,3.698000000000000176e-01,3.698000000000000176e-01,5.874000000000000332e-01,5.874000000000000332e-01,3.698000000000000176e-01,-1.843599999999999905e+00,-2.036500000000000199e+00,-2.015299999999999869e+00,-2.036500000000000199e+00,-1.202599999999999891e+00,-1.202599999999999891e+00,-6.575999999999999623e-01,-6.575999999999999623e-01,-3.840999999999999970e-01,-3.840999999999999970e-01,-2.454000000000000070e-01,-2.454000000000000070e-01,-1.676999999999999880e-01,-2.308999999999999941e-01,-1.676999999999999880e-01,-1.265000000000000013e-01,-1.265000000000000013e-01,-1.084999999999999992e-01,-1.084999999999999992e-01,-1.005000000000000060e-01,-1.005000000000000060e-01,-9.310000000000000220e-02,-9.310000000000000220e-02,-8.999999999999999667e-02,-8.999999999999999667e-02,-8.649999999999999356e-02,-8.649999999999999356e-02,-8.709999999999999687e-02,-8.709999999999999687e-02,-8.719999999999999973e-02,-8.719999999999999973e-02,-8.980000000000000482e-02,-8.980000000000000482e-02,-9.199999999999999845e-02,-9.199999999999999845e-02,-9.429999999999999494e-02,-9.429999999999999494e-02,-9.619999999999999385e-02,-9.619999999999999385e-02,-9.790000000000000091e-02,-9.790000000000000091e-02,-9.900000000000000466e-02,-9.900000000000000466e-02,-1.019000000000000045e-01,-1.019000000000000045e-01,-1.019000000000000045e-01,-1.068999999999999950e-01,-1.068999999999999950e-01,-1.127999999999999975e-01,-1.127999999999999975e-01,-1.185999999999999971e-01,-1.185999999999999971e-01,-1.277000000000000079e-01,-1.277000000000000079e-01,-1.361999999999999877e-01,-1.361999999999999877e-01,-1.486999999999999988e-01,-1.486999999999999988e-01,-1.610999999999999932e-01,-1.610999999999999932e-01,-1.769999999999999907e-01,-1.769999999999999907e-01,-1.958999999999999908e-01,-1.958999999999999908e-01,-2.242000000000000104e-01,-2.242000000000000104e-01,-2.631999999999999895e-01,-2.631999999999999895e-01,-2.846000000000000196e-01,-2.844999999999999751e-01,-2.846000000000000196e-01,-2.570999999999999952e-01,-2.059999999999999887e-01,-2.570999999999999952e-01,-2.846000000000000196e-01,-2.846000000000000196e-01,-2.631999999999999895e-01,-2.631999999999999895e-01,-2.242000000000000104e-01,-2.242000000000000104e-01,-1.958999999999999908e-01,-1.958999999999999908e-01,-1.769999999999999907e-01,-1.769999999999999907e-01,-1.610999999999999932e-01,-1.610999999999999932e-01,-1.486999999999999988e-01,-1.486999999999999988e-01,-1.361999999999999877e-01,-1.361999999999999877e-01,-1.277000000000000079e-01,-1.277000000000000079e-01,-1.185999999999999971e-01,-1.185999999999999971e-01,-1.127999999999999975e-01,-1.127999999999999975e-01,-1.068999999999999950e-01,-1.068999999999999950e-01,-1.019000000000000045e-01,-1.019000000000000045e-01,-1.019000000000000045e-01,-9.900000000000000466e-02,-9.900000000000000466e-02,-9.790000000000000091e-02,-9.790000000000000091e-02,-9.619999999999999385e-02,-9.619999999999999385e-02,-9.429999999999999494e-02,-9.429999999999999494e-02,-9.199999999999999845e-02,-8.980000000000000482e-02,-9.199999999999999845e-02,-8.980000000000000482e-02,-8.719999999999999973e-02,-8.709999999999999687e-02,-8.719999999999999973e-02,-8.709999999999999687e-02,-8.649999999999999356e-02,-8.649999999999999356e-02,-8.999999999999999667e-02,-8.999999999999999667e-02,-9.310000000000000220e-02,-1.005000000000000060e-01,-9.310000000000000220e-02,-1.005000000000000060e-01,-1.084999999999999992e-01,-1.084999999999999992e-01,-1.265000000000000013e-01,-1.265000000000000013e-01,-1.676999999999999880e-01,-1.676999999999999880e-01,-2.454000000000000070e-01,-2.454000000000000070e-01,-3.840999999999999970e-01,-3.840999999999999970e-01,-6.575999999999999623e-01,-6.575999999999999623e-01,-1.202599999999999891e+00,-1.202599999999999891e+00,-2.036500000000000199e+00,-2.036500000000000199e+00,-1.843599999999999905e+00
Cut_Loc,0.000000000000000000e+00
Cut_Num,1
Cut_Type,1
Mach,2.030000000000000138e-01
X_Loc,0.000000000000000000e+00,0.000000000000000000e+00,0.000000000000000000e+00,0.000000000000000000e+00,8.129999999999999727e-02,0.000000000000000000e+00,8.129999999999999727e-02,0.000000000000000000e+00,0.000000000000000000e+00,0.000000000000000000e+00,0.000000000000000000e+00,0.000000000000000000e+00,0.000000000000000000e+00,0.000000000000000000e+00,8.129999999999999727e-02,0.000000000000000000e+00,8.129999999999999727e-02,0.000000000000000000e+00,0.000000000000000000e+00,0.000000000000000000e+00,1.753000000000000114e-01,1.753000000000000114e-01,1.753000000000000114e-01,1.753000000000000114e-01,1.753000000000000114e-01,1.753000000000000114e-01,1.753000000000000114e-01,1.753000000000000114e-01,2.823999999999999844e-01,2.823999999999999844e-01,2.823999999999999844e-01,2.823999999999999844e-01,2.823999999999999844e-01,2.823999999999999844e-01,2.823999999999999844e-01,2.823999999999999844e-01,4.030000000000000249e-01,4.030000000000000249e-01,4.030000000000000249e-01,4.030000000000000249e-01,4.030000000000000249e-01,4.030000000000000249e-01,4.030000000000000249e-01,4.030000000000000249e-01,5.374999999999999778e-01,5.374999999999999778e-01,5.374999999999999778e-01,5.374999999999999778e-01,5.374999999999999778e-01,5.374999999999999778e-01,5.374999999999999778e-01,5.374999999999999778e-01,5.374999999999999778e-01,5.374999999999999778e-01,7.814999999999999725e-01,7.814999999999999725e-01,7.814999999999999725e-01,7.814999999999999725e-01,7.814999999999999725e-01,7.814999999999999725e-01,7.814999999999999725e-01,7.814999999999999725e-01,1.185400000000000009e+00,1.185400000000000009e+00,1.185400000000000009e+00,1.185400000000000009e+00,1.185400000000000009e+00,1.185400000000000009e+00,1.185400000000000009e+00,1.185400000000000009e+00,1.682500000000000107e+00,1.682500000000000107e+00,1.682500000000000107e+00,1.682500000000000107e+00,1.682500000000000107e+00,1.682500000000000107e+00,1.682500000000000107e+00,1.682500000000000107e+00,2.205499999999999794e+00,2.205499999999999794e+00,2.205499999999999794e+00,2.205499999999999794e+00,2.205499999999999794e+00,2.205499999999999794e+00,2.205499999999999794e+00,2.205499999999999794e+00,2.687500000000000000e+00,2.687500000000000000e+00,2.687500000000000000e+00,2.687500000000000000e+00,2.687500000000000000e+00,2.687500000000000000e+00,2.687500000000000000e+00,2.687500000000000000e+00,3.192499999999999893e+00,3.192499999999999893e+00,3.192499999999999893e+00,3.192499999999999893e+00,2.687500000000000000e+00,2.687500000000000000e+00,2.960700000000000109e+00,2.687500000000000000e+00,2.687500000000000000e+00,2.687500000000000000e+00,2.687500000000000000e+00,2.960700000000000109e+00,3.782900000000000151e+00,3.782900000000000151e+00,3.782900000000000151e+00,3.782900000000000151e+00,4.389599999999999724e+00,4.389599999999999724e+00,4.389599999999999724e+00,4.389599999999999724e+00,4.943299999999999805e+00,4.943299999999999805e+00,4.943299999999999805e+00,4.943299999999999805e+00,5.375000000000000000e+00,5.375000000000000000e+00,5.375000000000000000e+00,5.375000000000000000e+00,5.181199999999999584e+00,5.375000000000000000e+00,5.375000000000000000e+00,5.375000000000000000e+00,5.375000000000000000e+00,5.375000000000000000e+00,5.375000000000000000e+00,5.181199999999999584e+00,5.375000000000000000e+00,5.720699999999999896e+00,5.375000000000000000e+00,5.720699999999999896e+00,5.375000000000000000e+00,5.720699999999999896e+00,5.375000000000000000e+00,5.720699999999999896e+00,6.063900000000000290e+00,5.720699999999999896e+00,5.720699999999999896e+00,6.063900000000000290e+00,5.720699999999999896e+00,6.063900000000000290e+00,5.720699999999999896e+00,6.063900000000000290e+00,6.406100000000000350e+00,6.063900000000000290e+00,6.063900000000000290e+00,6.406100000000000350e+00,6.063900000000000290e+00,6.406100000000000350e+00,6.063900000000000290e+00,6.406100000000000350e+00,6.749299999999999855e+00,6.406100000000000350e+00,6.406100000000000350e+00,6.749299999999999855e+00,6.406100000000000350e+00,6.749299999999999855e+00,6.406100000000000350e+00,6.749299999999999855e+00,7.094999999999999751e+00,6.749299999999999855e+00,7.094999999999999751e+00,6.749299999999999855e+00,6.749299999999999855e+00,7.094999999999999751e+00,6.749299999999999855e+00,7.094999999999999751e+00,7.094999999999999751e+00,7.475200000000000067e+00,7.475200000000000067e+00,7.094999999999999751e+00,7.094999999999999751e+00,7.475200000000000067e+00,7.094999999999999751e+00,7.475200000000000067e+00,7.475200000000000067e+00,7.900100000000000122e+00,7.900100000000000122e+00,7.475200000000000067e+00,7.475200000000000067e+00,7.900100000000000122e+00,7.475200000000000067e+00,7.900100000000000122e+00,7.900100000000000122e+00,8.339299999999999713e+00,8.339299999999999713e+00,7.900100000000000122e+00,7.900100000000000122e+00,8.339299999999999713e+00,7.900100000000000122e+00,8.339299999999999713e+00,8.339299999999999713e+00,8.762000000000000455e+00,8.762000000000000455e+00,8.339299999999999713e+00,8.339299999999999713e+00,8.762000000000000455e+00,8.339299999999999713e+00,8.762000000000000455e+00,8.762000000000000455e+00,9.137499999999999289e+00,9.137499999999999289e+00,8.762000000000000455e+00,8.762000000000000455e+00,8.762000000000000455e+00,8.772999999999999687e+00,8.762000000000000455e+00,8.762000000000000455e+00,8.772999999999999687e+00,9.137499999999999289e+00,9.494899999999999451e+00,9.137499999999999289e+00,9.494899999999999451e+00,9.137499999999999289e+00,9.494899999999999451e+00,9.864200000000000301e+00,9.864200000000000301e+00,9.494899999999999451e+00,9.864200000000000301e+00,1.021589999999999954e+01,1.021589999999999954e+01,9.864200000000000301e+00,1.052100000000000080e+01,1.052100000000000080e+01,1.052100000000000080e+01,1.052100000000000080e+01,1.075000000000000000e+01,1.075000000000000000e+01,1.075000000000000000e+01,1.075000000000000000e+01,1.075000000000000000e+01,1.075000000000000000e+01,1.075000000000000000e+01,1.075000000000000000e+01,1.075000000000000000e+01,1.075000000000000000e+01,1.075000000000000000e+01,1.075000000000000000e+01,1.075000000000000000e+01,1.075000000000000000e+01,1.075000000000000000e+01,1.075000000000000000e+01,1.075000000000000000e+01,1.075000000000000000e+01,1.075000000000000000e+01,1.075000000000000000e+01,1.075000000000000000e+01,1.075000000000000000e+01,1.075000000000000000e+01,1.075000000000000000e+01,1.075000000000000000e+01,1.075000000000000000e+01,1.071100000000000030e+01,1.075000000000000000e+01,1.075000000000000000e+01,1.071100000000000030e+01,1.075000000000000000e+01,1.075000000000000000e+01,1.075000000000000000e+01,1.075000000000000000e+01,1.075000000000000000e+01,1.075000000000000000e+01,1.075000000000000000e+01,1.075000000000000000e+01,1.075000000000000000e+01,1.075000000000000000e+01,1.075000000000000000e+01,1.075000000000000000e+01,1.075000000000000000e+01,1.075000000000000000e+01,2.936599999999999877e+00,2.936599999999999877e+00,2.930400000000000116e+00,2.930400000000000116e+00,2.935599999999999987e+00,2.935599999999999987e+00,2.953599999999999781e+00,2.953599999999999781e+00,2.988599999999999923e+00,2.988599999999999923e+00,3.040399999999999991e+00,3.040399999999999991e+00,3.109900000000000109e+00,3.109900000000000109e+00,3.197599999999999998e+00,3.197599999999999998e+00,3.304399999999999782e+00,3.304399999999999782e+00,3.430899999999999839e+00,3.430899999999999839e+00,3.576200000000000045e+00,3.576200000000000045e+00,3.576200000000000045e+00,3.737800000000000011e+00,3.737800000000000011e+00,3.911500000000000199e+00,3.911500000000000199e+00,4.091400000000000148e+00,4.091400000000000148e+00,4.270500000000000185e+00,4.270500000000000185e+00,4.441799999999999748e+00,4.441799999999999748e+00,4.599499999999999922e+00,4.599499999999999922e+00,4.740199999999999747e+00,4.740199999999999747e+00,4.862599999999999589e+00,4.862599999999999589e+00,4.966400000000000148e+00,4.966400000000000148e+00,5.052800000000000402e+00,5.052800000000000402e+00,5.123499999999999943e+00,5.123499999999999943e+00,5.180399999999999672e+00,5.180399999999999672e+00,2.936599999999999877e+00,2.936599999999999877e+00,2.930400000000000116e+00,2.930400000000000116e+00,2.935599999999999987e+00,2.935599999999999987e+00,2.953599999999999781e+00,2.953599999999999781e+00,2.988599999999999923e+00,2.988599999999999923e+00,3.040399999999999991e+00,3.040399999999999991e+00,3.109900000000000109e+00,3.109900000000000109e+00,3.197599999999999998e+00,3.197599999999999998e+00,3.304399999999999782e+00,3.304399999999999782e+00,3.430899999999999839e+00,3.430899999999999839e+00,3.576200000000000045e+00,3.576200000000000045e+00,3.576200000000000045e+00,3.737800000000000011e+00,3.737800000000000011e+00,3.911500000000000199e+00,3.911500000000000199e+00,4.091400000000000148e+00,4.091400000000000148e+00,4.270500000000000185e+00,4.270500000000000185e+00,4.441799999999999748e+00,4.441799999999999748e+00,4.599499999999999922e+00,4.599499999999999922e+00,4.740199999999999747e+00,4.740199999999999747e+00,4.862599999999999589e+00,4.862599999999999589e+00,4.966400000000000148e+00,4.966400000000000148e+00,5.052800000000000402e+00,5.052800000000000402e+00,5.123499999999999943e+00,5.123499999999999943e+00,5.180399999999999672e+00,5.180399999999999672e+00,1.071129999999999960e+01,1.071129999999999960e+01,1.071110000000000007e+01,8.772999999999999687e+00,8.806499999999999773e+00,8.806499999999999773e+00,8.806499999999999773e+00,8.806499999999999773e+00,1.071129999999999960e+01,1.071129999999999960e+01,1.071129999999999960e+01,1.071160000000000068e+01,8.841499999999999915e+00,8.841499999999999915e+00,8.841499999999999915e+00,8.841499999999999915e+00,1.071160000000000068e+01,1.071129999999999960e+01,1.071160000000000068e+01,1.071199999999999974e+01,8.876500000000000057e+00,8.876500000000000057e+00,8.876500000000000057e+00,8.876500000000000057e+00,1.071199999999999974e+01,1.071160000000000068e+01,1.071199999999999974e+01,1.071230000000000082e+01,8.911500000000000199e+00,8.911500000000000199e+00,8.911500000000000199e+00,8.911500000000000199e+00,1.071230000000000082e+01,1.071199999999999974e+01,1.071230000000000082e+01,1.071269999999999989e+01,8.946400000000000574e+00,8.946400000000000574e+00,8.946400000000000574e+00,8.946400000000000574e+00,1.071269999999999989e+01,1.071230000000000082e+01,1.071269999999999989e+01,1.071299999999999919e+01,8.981400000000000716e+00,8.981400000000000716e+00,8.981400000000000716e+00,8.981400000000000716e+00,1.071299999999999919e+01,1.071269999999999989e+01,1.071299999999999919e+01,1.071340000000000003e+01,9.016400000000000858e+00,9.016400000000000858e+00,9.016400000000000858e+00,9.016400000000000858e+00,1.071340000000000003e+01,1.071299999999999919e+01,1.071340000000000003e+01,1.071369999999999933e+01,9.051399999999999224e+00,9.051399999999999224e+00,9.051399999999999224e+00,9.051399999999999224e+00,1.071369999999999933e+01,1.071340000000000003e+01,1.071369999999999933e+01,1.071400000000000041e+01,9.086299999999999599e+00,9.086299999999999599e+00,9.086299999999999599e+00,9.086299999999999599e+00,1.071400000000000041e+01,1.071369999999999933e+01,1.071400000000000041e+01,1.071439999999999948e+01,9.121299999999999741e+00,9.121299999999999741e+00,9.121299999999999741e+00,9.121299999999999741e+00,1.071439999999999948e+01,1.071400000000000041e+01,1.071439999999999948e+01,1.071470000000000056e+01,9.156299999999999883e+00,9.156299999999999883e+00,9.156299999999999883e+00,9.156299999999999883e+00,1.071470000000000056e+01,1.071439999999999948e+01,1.071470000000000056e+01,1.071509999999999962e+01,9.191300000000000026e+00,9.191300000000000026e+00,9.191300000000000026e+00,9.191300000000000026e+00,1.071509999999999962e+01,1.071470000000000056e+01,1.071509999999999962e+01,1.071540000000000070e+01,9.226200000000000401e+00,9.226200000000000401e+00,9.226200000000000401e+00,9.226200000000000401e+00,1.071540000000000070e+01,1.071509999999999962e+01,1.071540000000000070e+01,1.071579999999999977e+01,9.261200000000000543e+00,9.261200000000000543e+00,9.261200000000000543e+00,9.261200000000000543e+00,1.071579999999999977e+01,1.071540000000000070e+01,1.071579999999999977e+01,1.071610000000000085e+01,9.296200000000000685e+00,9.296200000000000685e+00,9.296200000000000685e+00,9.296200000000000685e+00,1.071579999999999977e+01,1.071610000000000085e+01,1.071610000000000085e+01,1.071640000000000015e+01,9.331200000000000827e+00,9.331200000000000827e+00,9.331200000000000827e+00,9.331200000000000827e+00,1.071610000000000085e+01,1.071640000000000015e+01,1.071640000000000015e+01,1.071679999999999922e+01,9.366099999999999426e+00,9.366099999999999426e+00,9.366099999999999426e+00,9.366099999999999426e+00,1.071640000000000015e+01,1.071679999999999922e+01,1.071679999999999922e+01,1.071710000000000029e+01,9.401099999999999568e+00,9.401099999999999568e+00,9.401099999999999568e+00,9.401099999999999568e+00,1.071679999999999922e+01,1.071710000000000029e+01,1.071710000000000029e+01,1.071749999999999936e+01,9.436099999999999710e+00,9.436099999999999710e+00,9.436099999999999710e+00,9.436099999999999710e+00,1.071710000000000029e+01,1.071749999999999936e+01,1.071749999999999936e+01,1.071780000000000044e+01,9.471099999999999852e+00,9.471099999999999852e+00,9.471099999999999852e+00,9.471099999999999852e+00,1.071749999999999936e+01,1.071780000000000044e+01,1.071780000000000044e+01,1.071819999999999951e+01,9.506000000000000227e+00,9.506000000000000227e+00,9.506000000000000227e+00,9.506000000000000227e+00,1.071780000000000044e+01,1.071819999999999951e+01,1.071819999999999951e+01,1.071850000000000058e+01,9.541000000000000369e+00,9.541000000000000369e+00,9.541000000000000369e+00,9.541000000000000369e+00,1.071819999999999951e+01,1.071850000000000058e+01,1.071850000000000058e+01,1.071879999999999988e+01,9.576000000000000512e+00,9.576000000000000512e+00,9.576000000000000512e+00,9.576000000000000512e+00,1.071850000000000058e+01,1.071879999999999988e+01,1.071879999999999988e+01,1.071920000000000073e+01,9.611000000000000654e+00,9.611000000000000654e+00,9.611000000000000654e+00,9.611000000000000654e+00,1.071879999999999988e+01,1.071920000000000073e+01,1.071920000000000073e+01,1.071950000000000003e+01,9.645899999999999253e+00,9.645899999999999253e+00,9.645899999999999253e+00,9.645899999999999253e+00,1.071920000000000073e+01,1.071950000000000003e+01,1.071950000000000003e+01,1.071990000000000087e+01,9.680899999999999395e+00,9.680899999999999395e+00,9.680899999999999395e+00,9.680899999999999395e+00,1.071950000000000003e+01,1.071990000000000087e+01,1.071990000000000087e+01,1.072020000000000017e+01,9.715899999999999537e+00,9.715899999999999537e+00,9.715899999999999537e+00,9.715899999999999537e+00,1.071990000000000087e+01,1.072020000000000017e+01,1.072020000000000017e+01,1.072059999999999924e+01,9.750899999999999679e+00,9.750899999999999679e+00,9.750899999999999679e+00,9.750899999999999679e+00,1.072020000000000017e+01,1.072059999999999924e+01,1.072059999999999924e+01,9.750899999999999679e+00,9.750899999999999679e+00,1.072059999999999924e+01,1.071320000000000050e+01,1.070439999999999969e+01,1.070539999999999914e+01,1.070439999999999969e+01,1.069410000000000061e+01,1.069410000000000061e+01,1.068210000000000015e+01,1.068210000000000015e+01,1.066799999999999926e+01,1.066799999999999926e+01,1.065169999999999995e+01,1.065169999999999995e+01,1.063279999999999959e+01,1.064809999999999945e+01,1.063279999999999959e+01,1.061110000000000042e+01,1.061110000000000042e+01,1.058639999999999937e+01,1.058639999999999937e+01,1.055850000000000044e+01,1.055850000000000044e+01,1.052720000000000056e+01,1.052720000000000056e+01,1.049259999999999948e+01,1.049259999999999948e+01,1.045470000000000077e+01,1.045470000000000077e+01,1.041380000000000017e+01,1.041380000000000017e+01,1.037020000000000053e+01,1.037020000000000053e+01,1.032440000000000069e+01,1.032440000000000069e+01,1.027710000000000079e+01,1.027710000000000079e+01,1.022889999999999944e+01,1.022889999999999944e+01,1.018069999999999986e+01,1.018069999999999986e+01,1.013330000000000020e+01,1.013330000000000020e+01,1.008740000000000059e+01,1.008740000000000059e+01,1.004359999999999964e+01,1.004359999999999964e+01,1.004359999999999964e+01,1.000239999999999974e+01,1.000239999999999974e+01,9.964399999999999480e+00,9.964399999999999480e+00,9.929600000000000648e+00,9.929600000000000648e+00,9.898199999999999221e+00,9.898199999999999221e+00,9.870300000000000296e+00,9.870300000000000296e+00,9.845700000000000784e+00,9.845700000000000784e+00,9.824199999999999378e+00,9.824199999999999378e+00,9.805699999999999861e+00,9.805699999999999861e+00,9.789999999999999147e+00,9.789999999999999147e+00,9.776799999999999713e+00,9.776799999999999713e+00,9.766099999999999781e+00,9.766099999999999781e+00,9.757899999999999352e+00,9.757899999999999352e+00,9.757899999999999352e+00,9.752599999999999270e+00,9.752499999999999503e+00,9.752599999999999270e+00,9.757899999999999352e+00,9.757899999999999352e+00,9.766099999999999781e+00,9.766099999999999781e+00,9.776799999999999713e+00,9.776799999999999713e+00,9.789999999999999147e+00,9.789999999999999147e+00,9.805699999999999861e+00,9.805699999999999861e+00,9.824199999999999378e+00,9.824199999999999378e+00,9.845700000000000784e+00,9.845700000000000784e+00,9.870300000000000296e+00,9.870300000000000296e+00,9.898199999999999221e+00,9.898199999999999221e+00,9.929600000000000648e+00,9.929600000000000648e+00,9.964399999999999480e+00,9.964399999999999480e+00,1.000239999999999974e+01,1.000239999999999974e+01,1.004359999999999964e+01,1.004359999999999964e+01,1.004359999999999964e+01,1.008740000000000059e+01,1.008740000000000059e+01,1.013330000000000020e+01,1.013330000000000020e+01,1.018069999999999986e+01,1.018069999999999986e+01,1.022889999999999944e+01,1.022889999999999944e+01,1.027710000000000079e+01,1.032440000000000069e+01,1.027710000000000079e+01,1.032440000000000069e+01,1.037020000000000053e+01,1.041380000000000017e+01,1.037020000000000053e+01,1.041380000000000017e+01,1.045470000000000077e+01,1.045470000000000077e+01,1.049259999999999948e+01,1.049259999999999948e+01,1.052720000000000056e+01,1.055850000000000044e+01,1.052720000000000056e+01,1.055850000000000044e+01,1.058639999999999937e+01,1.058639999999999937e+01,1.061110000000000042e+01,1.061110000000000042e+01,1.063279999999999959e+01,1.063279999999999959e+01,1.065169999999999995e+01,1.065169999999999995e+01,1.066799999999999926e+01,1.066799999999999926e+01,1.068210000000000015e+01,1.068210000000000015e+01,1.069410000000000061e+01,1.069410000000000061e+01,1.070439999999999969e+01,1.070439999999999969e+01,1.071320000000000050e+01
Y_Loc,0.000000000000000000e+00,0.000000000000000000e+00,0.000000000000000000e+00,0.000000000000000000e+00,0.000000000000000000e+00,0.000000000000000000e+00,-0.000000000000000000e+00,0.000000000000000000e+00,0.000000000000000000e+00,0.000000000000000000e+00,0.000000000000000000e+00,0.000000000000000000e+00,0.000000000000000000e+00,0.000000000000000000e+00,0.000000000000000000e+00,0.000000000000000000e+00,0.000000000000000000e+00,0.000000000000000000e+00,0.000000000000000000e+00,0.000000000000000000e+00,0.000000000000000000e+00,0.000000000000000000e+00,0.000000000000000000e+00,-0.000000000000000000e+00,0.000000000000000000e+00,0.000000000000000000e+00,0.000000000000000000e+00,0.000000000000000000e+00,0.000000000000000000e+00,0.000000000000000000e+00,0.000000000000000000e+00,-0.000000000000000000e+00,0.000000000000000000e+00,0.000000000000000000e+00,0.000000000000000000e+00,0.000000000000000000e+00,0.000000000000000000e+00,0.000000000000000000e+00,0.000000000000000000e+00,-0.000000000000000000e+00,0.000000000000000000e+00,0.000000000000000000e+00,0.000000000000000000e+00,-0.000000000000000000e+00,0.000000000000000000e+00,0.000000000000000000e+00,0.000000000000000000e+00,0.000000000000000000e+00,0.000000000000000000e+00,0.000000000000000000e+00,0.000000000000000000e+00,0.000000000000000000e+00,0.000000000000000000e+00,0.000000000000000000e+00,0.000000000000000000e+00,0.000000000000000000e+00,0.000000000000000000e+00,0.000000000000000000e+00,0.000000000000000000e+00,0.000000000000000000e+00,0.000000000000000000e+00,0.000000000000000000e+00,0.000000000000000000e+00,0.000000000000000000e+00,0.000000000000000000e+00,0.000000000000000000e+00,0.000000000000000000e+00,0.000000000000000000e+00,0.000000000000000000e+00,0.000000000000000000e+00,0.000000000000000000e+00,0.000000000000000000e+00,0.000000000000000000e+00,0.000000000000000000e+00,0.000000000000000000e+00,0.000000000000000000e+00,0.000000000000000000e+00,0.000000000000000000e+00,0.000000000000000000e+00,0.000000000000000000e+00,0.000000000000000000e+00,0.000000000000000000e+00,0.000000000000000000e+00,0.000000000000000000e+00,0.000000000000000000e+00,0.000000000000000000e+00,0.000000000000000000e+00,0.000000000000000000e+00,0.000000000000000000e+00,0.000000000000000000e+00,0.000000000000000000e+00,0.000000000000000000e+00,0.000000000000000000e+00,0.000000000000000000e+00,0.000000000000000000e+00,0.000000000000000000e+00,0.000000000000000000e+00,0.000000000000000000e+00,0.000000000000000000e+00,0.000000000000000000e+00,0.000000000000000000e+00,0.000000000000000000e+00,0.000000000000000000e+00,0.000000000000000000e+00,0.000000000000000000e+00,0.000000000000000000e+00,0.000000000000000000e+00,0.000000000000000000e+00,0.000000000000000000e+00,0.000000000000000000e+00,0.000000000000000000e+00,0.000000000000000000e+00,0.000000000000000000e+00,0.000000000000000000e+00,0.000000000000000000e+00,0.000000000000000000e+00,0.000000000000000000e+00,0.000000000000000000e+00,0.000000000000000000e+00,0.000000000000000000e+00,0.000000000000000000e+00,0.000000000000000000e+00,0.000000000000000000e+00,0.000000000000000000e+00,0.000000000000000000e+00,0.000000000000000000e+00,0.000000000000000000e+00,0.000000000000000000e+00,0.000000000000000000e+00,0.000000000000000000e+00,0.000000000000000000e+00,0.000000000000000000e+00,0.000000000000000000e+00,0.000000000000000000e+00,0.000000000000000000e+00,0.000000000000000000e+00,0.000000000000000000e+00,0.000000000000000000e+00,0.000000000000000000e+00,0.000000000000000000e+00,0.000000000000000000e+00,0.000000000000000000e+00,0.000000000000000000e+00,0.000000000000000000e+00,0.000000000000000000e+00,0.000000000000000000e+00,0.000000000000000000e+00,0.000000000000000000e+00,0.000000000000000000e+00,0.000000000000000000e+00,0.000000000000000000e+00,0.000000000000000000e+00,0.000000000000000000e+00,0.000000000000000000e+00,0.000000000000000000e+00,0.000000000000000000e+00,0.000000000000000000e+00,0.000000000000000000e+00,0.000000000000000000e+00,0.000000000000000000e+00,0.000000000000000000e+00,0.000000000000000000e+00,0.000000000000000000e+00,0.000000000000000000e+00,0.000000000000000000e+00,0.000000000000000000e+00,0.000000000000000000e+00,0.000000000000000000e+00,0.000000000000000000e+00,0.000000000000000000e+00,0.000000000000000000e+00,0.000000000000000000e+00,0.000000000000000000e+00,0.000000000000000000e+00,0.000000000000000000e+00,0.000000000000000000e+00,0.000000000000000000e+00,0.000000000000000000e+00,0.000000000000000000e+00,0.000000000000000000e+00,0.000000000000000000e+00,0.000000000000000000e+00,0.000000000000000000e+00,0.000000000000000000e+00,0.000000000000000000e+00,0.000000000000000000e+00,0.000000000000000000e+00,0.000000000000000000e+00,0.000000000000000000e+00,0.000000000000000000e+00,0.000000000000000000e+00,0.000000000000000000e+00,0.000000000000000000e+00,0.000000000000000000e+00,0.000000000000000000e+00,0.000000000000000000e+00,0.000000000000000000e+00,0.000000000000000000e+00,0.000000000000000000e+00,0.000000000000000000e+00,0.000000000000000000e+00,0.000000000000000000e+00,0.000000000000000000e+00,0.000000000000000000e+00,0.000000000000000000e+00,0.000000000000000000e+00,0.000000000000000000e+00,0.000000000000000000e+00,0.000000000000000000e+00,0.000000000000000000e+00,0.000000000000000000e+00,0.000000000000000000e+00,0.000000000000000000e+00,0.000000000000000000e+00,0.000000000000000000e+00,-0.000000000000000000e+00,0.000000000000000000e+00,0.000000000000000000e+00,0.000000000000000000e+00,-0.000000000000000000e+00,-0.000000000000000000e+00,0.000000000000000000e+00,0.000000000000000000e+00,-0.000000000000000000e+00,-0.000000000000000000e+00,0.000000000000000000e+00,0.000000000000000000e+00,-0.000000000000000000e+00,0.000000000000000000e+00,0.000000000000000000e+00,0.000000000000000000e+00,0.000000000000000000e+00,0.000000000000000000e+00,0.000000000000000000e+00,0.000000000000000000e+00,0.000000000000000000e+00,0.000000000000000000e+00,0.000000000000000000e+00,0.000000000000000000e+00,0.000000000000000000e+00,0.000000000000000000e+00,0.000000000000000000e+00,0.000000000000000000e+00,0.000000000000000000e+00,0.000000000000000000e+00,0.000000000000000000e+00,0.000000000000000000e+00,0.000000000000000000e+00,0.000000000000000000e+00,0.000000000000000000e+00,0.000000000000000000e+00,0.000000000000000000e+00,0.000000000000000000e+00,0.000000000000000000e+00,0.000000000000000000e+00,0.000000000000000000e+00,0.000000000000000000e+00,0.000000000000000000e+00,0.000000000000000000e+00,0.000000000000000000e+00,0.000000000000000000e+00,0.000000000000000000e+00,0.000000000000000000e+00,0.000000000000000000e+00,0.000000000000000000e+00,0.000000000000000000e+00,0.000000000000000000e+00,0.000000000000000000e+00,0.000000000000000000e+00,0.000000000000000000e+00,0.000000000000000000e+00,0.000000000000000000e+00,0.000000000000000000e+00,0.000000000000000000e+00,0.000000000000000000e+00,0.000000000000000000e+00,0.000000000000000000e+00,0.000000000000000000e+00,0.000000000000000000e+00,0.000000000000000000e+00,0.000000000000000000e+00,0.000000000000000000e+00,0.000000000000000000e+00,0.000000000000000000e+00,0.000000000000000000e+00,0.000000000000000000e+00,0.000000000000000000e+00,0.000000000000000000e+00,0.000000000000000000e+00,0.000000000000000000e+00,0.000000000000000000e+00,0.000000000000000000e+00,0.000000000000000000e+00,0.000000000000000000e+00,0.000000000000000000e+00,0.000000000000000000e+00,0.000000000000000000e+00,0.000000000000000000e+00,0.000000000000000000e+00,0.000000000000000000e+00,0.000000000000000000e+00,0.000000000000000000e+00,0.000000000000000000e+00,0.000000000000000000e+00,0.000000000000000000e+00,0.000000000000000000e+00,0.000000000000000000e+00,0.000000000000000000e+00,0.000000000000000000e+00,0.000000000000000000e+00,0.000000000000000000e+00,0.000000000000000000e+00,0.000000000000000000e+00,0.000000000000000000e+00,0.000000000000000000e+00,0.000000000000000000e+00,0.000000000000000000e+00,0.000000000000000000e+00,0.000000000000000000e+00,0.000000000000000000e+00,0.000000000000000000e+00,0.000000000000000000e+00,0.000000000000000000e+00,0.000000000000000000e+00,0.000000000000000000e+00,0.000000000000000000e+00,0.000000000000000000e+00,0.000000000000000000e+00,0.000000000000000000e+00,0.000000000000000000e+00,0.000000000000000000e+00,0.000000000000000000e+00,0.000000000000000000e+00,0.000000000000000000e+00,0.000000000000000000e+00,0.000000000000000000e+00,0.000000000000000000e+00,0.000000000000000000e+00,0.000000000000000000e+00,0.000000000000000000e+00,0.000000000000000000e+00,0.000000000000000000e+00,0.000000000000000000e+00,0.000000000000000000e+00,0.000000000000000000e+00,0.000000000000000000e+00,0.000000000000000000e+00,0.000000000000000000e+00,0.000000000000000000e+00,0.000000000000000000e+00,0.000000000000000000e+00,0.000000000000000000e+00,0.000000000000000000e+00,0.000000000000000000e+00,0.000000000000000000e+00,0.000000000000000000e+00,0.000000000000000000e+00,0.000000000000000000e+00,0.000000000000000000e+00,0.000000000000000000e+00,0.000000000000000000e+00,0.000000000000000000e+00,0.000000000000000000e+00,0.000000000000000000e+00,0.000000000000000000e+00,0.000000000000000000e+00,0.000000000000000000e+00,0.000000000000000000e+00,0.000000000000000000e+00,0.000000000000000000e+00,0.000000000000000000e+00,0.000000000000000000e+00,0.000000000000000000e+00,0.000000000000000000e+00,0.000000000000000000e+00,0.000000000000000000e+00,0.000000000000000000e+00,0.000000000000000000e+00,0.000000000000000000e+00,0.000000000000000000e+00,0.000000000000000000e+00,0.000000000000000000e+00,0.000000000000000000e+00,0.000000000000000000e+00,0.000000000000000000e+00,0.000000000000000000e+00,0.000000000000000000e+00,0.000000000000000000e+00,0.000000000000000000e+00,0.000000000000000000e+00,0.000000000000000000e+00,-0.000000000000000000e+00,0.000000000000000000e+00,0.000000000000000000e+00,0.000000000000000000e+00,0.000000000000000000e+00,0.000000000000000000e+00,0.000000000000000000e+00,0.000000000000000000e+00,0.000000000000000000e+00,0.000000000000000000e+00,0.000000000000000000e+00,0.000000000000000000e+00,0.000000000000000000e+00,0.000000000000000000e+00,0.000000000000000000e+00,0.000000000000000000e+00,0.000000000000000000e+00,-0.000000000000000000e+00,0.000000000000000000e+00,0.000000000000000000e+00,0.000000000000000000e+00,0.000000000000000000e+00,0.000000000000000000e+00,-0.000000000000000000e+00,0.000000000000000000e+00,-0.000000000000000000e+00,0.000000000000000000e+00,0.000000000000000000e+00,0.000000000000000000e+00,0.000000000000000000e+00,0.000000000000000000e+00,0.000000000000000000e+00,0.000000000000000000e+00,-0.000000000000000000e+00,0.000000000000000000e+00,0.000000000000000000e+00,0.000000000000000000e+00,0.000000000000000000e+00,0.000000000000000000e+00,0.000000000000000000e+00,-0.000000000000000000e+00,0.000000000000000000e+00,0.000000000000000000e+00,0.000000000000000000e+00,0.000000000000000000e+00,0.000000000000000000e+00,0.000000000000000000e+00,0.000000000000000000e+00,0.000000000000000000e+00,-0.000000000000000000e+00,0.000000000000000000e+00,0.000000000000000000e+00,0.000000000000000000e+00,0.000000000000000000e+00,0.000000000000000000e+00,0.000000000000000000e+00,0.000000000000000000e+00,0.000000000000000000e+00,0.000000000000000000e+00,0.000000000000000000e+00,0.000000000000000000e+00,0.000000000000000000e+00,0.000000000000000000e+00,0.000000000000000000e+00,0.000000000000000000e+00,0.000000000000000000e+00,0.000000000000000000e+00,0.000000000000000000e+00,0.000000000000000000e+00,0.000000000000000000e+00,0.000000000000000000e+00,0.000000000000000000e+00,0.000000000000000000e+00,0.000000000000000000e+00,0.000000000000000000e+00,0.000000000000000000e+00,0.000000000000000000e+00,0.000000000000000000e+00,0.000000000000000000e+00,-0.000000000000000000e+00,0.000000000000000000e+00,0.000000000000000000e+00,0.000000000000000000e+00,0.000000000000000000e+00,0.000000000000000000e+00,0.000000000000000000e+00,0.000000000000000000e+00,0.000000000000000000e+00,0.000000000000000000e+00,0.000000000000000000e+00,0.000000000000000000e+00,0.000000000000000000e+00,0.000000000000000000e+00,0.000000000000000000e+00,0.000000000000000000e+00,0.000000000000000000e+00,0.000000000000000000e+00,-0.000000000000000000e+00,0.000000000000000000e+00,0.000000000000000000e+00,0.000000000000000000e+00,0.000000000000000000e+00,0.000000000000000000e+00,0.000000000000000000e+00,0.000000000000000000e+00,0.000000000000000000e+00,0.000000000000000000e+00,0.000000000000000000e+00,0.000000000000000000e+00,0.000000000000000000e+00,0.000000000000000000e+00,0.000000000000000000e+00,0.000000000000000000e+00,0.000000000000000000e+00,0.000000000000000000e+00,0.000000000000000000e+00,0.000000000000000000e+00,0.000000000000000000e+00,0.000000000000000000e+00,-0.000000000000000000e+00,0.000000000000000000e+00,-0.000000000000000000e+00,0.000000000000000000e+00,0.000000000000000000e+00,0.000000000000000000e+00,0.000000000000000000e+00,0.000000000000000000e+00,0.000000000000000000e+00,-0.000000000000000000e+00,0.000000000000000000e+00,0.000000000000000000e+00,0.000000000000000000e+00,0.000000000000000000e+00,0.000000000000000000e+00,0.000000000000000000e+00,-0.000000000000000000e+00,0.000000000000000000e+00,0.000000000000000000e+00,0.000000000000000000e+00,0.000000000000000000e+00,0.000000000000000000e+00,0.000000000000000000e+00,0.000000000000000000e+00,0.000000000000000000e+00,0.000000000000000000e+00,0.000000000000000000e+00,0.000000000000000000e+00,0.000000000000000000e+00,0.000000000000000000e+00,0.000000000000000000e+00,0.000000000000000000e+00,0.000000000000000000e+00,0.000000000000000000e+00,0.000000000000000000e+00,0.000000000000000000e+00,0.000000000000000000e+00,0.000000000000000000e+00,0.000000000000000000e+00,0.000000000000000000e+00,-0.000000000000000000e+00,0.000000000000000000e+00,0.000000000000000000e+00,0.000000000000000000e+00,0.000000000000000000e+00,0.000000000000000000e+00,0.000000000000000000e+00,0.000000000000000000e+00,0.000000000000000000e+00,0.000000000000000000e+00,0.000000000000000000e+00,0.000000000000000000e+00,0.000000000000000000e+00,0.000000000000000000e+00,0.000000000000000000e+00,0.000000000000000000e+00,-0.000000000000000000e+00,-0.000000000000000000e+00,0.000000000000000000e+00,0.000000000000000000e+00,0.000000000000000000e+00,0.000000000000000000e+00,0.000000000000000000e+00,0.000000000000000000e+00,0.000000000000000000e+00,0.000000000000000000e+00,-0.000000000000000000e+00,0.000000000000000000e+00,0.000000000000000000e+00,0.000000000000000000e+00,0.000000000000000000e+00,0.000000000000000000e+00,0.000000000000000000e+00,-0.000000000000000000e+00,0.000000000000000000e+00,0.000000000000000000e+00,0.000000000000000000e+00,0.000000000000000000e+00,0.000000000000000000e+00,0.000000000000000000e+00,0.000000000000000000e+00,0.000000000000000000e+00,0.000000000000000000e+00,0.000000000000000000e+00,0.000000000000000000e+00,0.000000000000000000e+00,0.000000000000000000e+00,0.000000000000000000e+00,0.000000000000000000e+00,0.000000000000000000e+00,0.000000000000000000e+00,0.000000000000000000e+00,0.000000000000000000e+00,0.000000000000000000e+00,0.000000000000000000e+00,0.000000000000000000e+00,0.000000000000000000e+00,0.000000000000000000e+00,0.000000000000000000e+00,0.000000000000000000e+00,0.000000000000000000e+00,0.000000000000000000e+00,0.000000000000000000e+00,0.000000000000000000e+00,0.000000000000000000e+00,0.000000000000000000e+00,0.000000000000000000e+00,0.000000000000000000e+00,0.000000000000000000e+00,0.000000000000000000e+00,0.000000000000000000e+00,0.000000000000000000e+00,0.000000000000000000e+00,0.000000000000000000e+00,0.000000000000000000e+00,0.000000000000000000e+00,0.000000000000000000e+00,0.000000000000000000e+00,0.000000000000000000e+00,0.000000000000000000e+00,0.000000000000000000e+00,0.000000000000000000e+00,0.000000000000000000e+00,0.000000000000000000e+00,0.000000000000000000e+00,0.000000000000000000e+00,0.000000000000000000e+00,0.000000000000000000e+00,0.000000000000000000e+00,0.000000000000000000e+00,0.000000000000000000e+00,0.000000000000000000e+00,0.000000000000000000e+00,0.000000000000000000e+00,0.000000000000000000e+00,0.000000000000000000e+00,0.000000000000000000e+00,0.000000000000000000e+00,0.000000000000000000e+00,0.000000000000000000e+00,0.000000000000000000e+00,0.000000000000000000e+00,0.000000000000000000e+00,0.000000000000000000e+00,0.000000000000000000e+00,0.000000000000000000e+00,0.000000000000000000e+00,0.000000000000000000e+00,0.000000000000000000e+00,0.000000000000000000e+00,0.000000000000000000e+00,0.000000000000000000e+00,0.000000000000000000e+00,0.000000000000000000e+00,0.000000000000000000e+00,0.000000000000000000e+00,-0.000000000000000000e+00,0.000000000000000000e+00,0.000000000000000000e+00,0.000000000000000000e+00,0.000000000000000000e+00,0.000000000000000000e+00,0.000000000000000000e+00,0.000000000000000000e+00,0.000000000000000000e+00,0.000000000000000000e+00,0.000000000000000000e+00,0.000000000000000000e+00,0.000000000000000000e+00,0.000000000000000000e+00,0.000000000000000000e+00,0.000000000000000000e+00,0.000000000000000000e+00,0.000000000000000000e+00,0.000000000000000000e+00,0.000000000000000000e+00,0.000000000000000000e+00,0.000000000000000000e+00,0.000000000000000000e+00,0.000000000000000000e+00,0.000000000000000000e+00,0.000000000000000000e+00,0.000000000000000000e+00,0.000000000000000000e+00,0.000000000000000000e+00,0.000000000000000000e+00,0.000000000000000000e+00,0.000000000000000000e+00,0.000000000000000000e+00,0.000000000000000000e+00,0.000000000000000000e+00,0.000000000000000000e+00,0.000000000000000000e+00,0.000000000000000000e+00,0.000000000000000000e+00,0.000000000000000000e+00,0.000000000000000000e+00,0.000000000000000000e+00,0.000000000000000000e+00,0.000000000000000000e+00,0.000000000000000000e+00,0.000000000000000000e+00,0.000000000000000000e+00,0.000000000000000000e+00,0.000000000000000000e+00,0.000000000000000000e+00,0.000000000000000000e+00,0.000000000000000000e+00,0.000000000000000000e+00,0.000000000000000000e+00,0.000000000000000000e+00,0.000000000000000000e+00,0.000000000000000000e+00,0.000000000000000000e+00,0.000000000000000000e+00,0.000000000000000000e+00,0.000000000000000000e+00,0.000000000000000000e+00,0.000000000000000000e+00,0.000000000000000000e+00,0.000000000000000000e+00,0.000000000000000000e+00,0.000000000000000000e+00,0.000000000000000000e+00,0.000000000000000000e+00,0.000000000000000000e+00,0.000000000000000000e+00,0.000000000000000000e+00,0.000000000000000000e+00
Z_Loc,-2.999999999999999889e-01,-2.999999999999999889e-01,-2.999999999999999889e-01,-2.999999999999999889e-01,-3.845000000000000084e-01,-2.999999999999999889e-01,-3.845000000000000084e-01,-2.999999999999999889e-01,-2.999999999999999889e-01,-2.999999999999999889e-01,-2.999999999999999889e-01,-2.999999999999999889e-01,-2.999999999999999889e-01,-2.999999999999999889e-01,-1.947000000000000119e-01,-2.999999999999999889e-01,-1.947000000000000119e-01,-2.999999999999999889e-01,-2.999999999999999889e-01,-2.999999999999999889e-01,-4.773000000000000020e-01,-4.773000000000000020e-01,-4.773000000000000020e-01,-4.773000000000000020e-01,-5.229999999999999927e-02,-5.229999999999999927e-02,-5.229999999999999927e-02,-5.229999999999999927e-02,-5.628999999999999559e-01,-5.628999999999999559e-01,-5.628999999999999559e-01,-5.628999999999999559e-01,9.249999999999999889e-02,9.249999999999999889e-02,9.249999999999999889e-02,9.249999999999999889e-02,-6.256000000000000449e-01,-6.256000000000000449e-01,-6.256000000000000449e-01,-6.256000000000000449e-01,2.048000000000000098e-01,2.048000000000000098e-01,2.048000000000000098e-01,2.048000000000000098e-01,-6.500000000000000222e-01,-6.500000000000000222e-01,-6.500000000000000222e-01,-6.500000000000000222e-01,-6.500000000000000222e-01,2.500000000000000000e-01,2.500000000000000000e-01,2.500000000000000000e-01,2.500000000000000000e-01,2.500000000000000000e-01,-6.707999999999999519e-01,-6.707999999999999519e-01,-6.707999999999999519e-01,-6.707999999999999519e-01,3.124000000000000110e-01,3.124000000000000110e-01,3.124000000000000110e-01,3.124000000000000110e-01,-7.204000000000000403e-01,-7.204000000000000403e-01,-7.204000000000000403e-01,-7.204000000000000403e-01,4.611999999999999988e-01,4.611999999999999988e-01,4.611999999999999988e-01,4.611999999999999988e-01,-7.795999999999999597e-01,-7.795999999999999597e-01,-7.795999999999999597e-01,-7.795999999999999597e-01,6.388000000000000345e-01,6.388000000000000345e-01,6.388000000000000345e-01,6.388000000000000345e-01,-8.292000000000000481e-01,-8.292000000000000481e-01,-8.292000000000000481e-01,-8.292000000000000481e-01,7.875999999999999668e-01,7.875999999999999668e-01,7.875999999999999668e-01,7.875999999999999668e-01,-8.499999999999999778e-01,-8.499999999999999778e-01,-8.499999999999999778e-01,-8.499999999999999778e-01,8.499999999999999778e-01,8.499999999999999778e-01,8.499999999999999778e-01,8.499999999999999778e-01,-8.499999999999999778e-01,-8.499999999999999778e-01,-8.499999999999999778e-01,-8.499999999999999778e-01,8.499999999999999778e-01,8.499999999999999778e-01,8.499999999999999778e-01,8.499999999999999778e-01,8.499999999999999778e-01,8.499999999999999778e-01,8.499999999999999778e-01,8.499999999999999778e-01,-8.499999999999999778e-01,-8.499999999999999778e-01,-8.499999999999999778e-01,-8.499999999999999778e-01,-8.499999999999999778e-01,-8.499999999999999778e-01,-8.499999999999999778e-01,-8.499999999999999778e-01,-8.499999999999999778e-01,-8.499999999999999778e-01,-8.499999999999999778e-01,-8.499999999999999778e-01,-8.499999999999999778e-01,-8.499999999999999778e-01,-8.499999999999999778e-01,-8.499999999999999778e-01,8.499999999999999778e-01,8.499999999999999778e-01,8.499999999999999778e-01,8.499999999999999778e-01,8.499999999999999778e-01,8.499999999999999778e-01,8.499999999999999778e-01,8.499999999999999778e-01,-8.499999999999999778e-01,-8.135999999999999899e-01,-8.499999999999999778e-01,-8.135999999999999899e-01,8.499999999999999778e-01,8.489999999999999769e-01,8.499999999999999778e-01,8.489999999999999769e-01,-7.268000000000000016e-01,-8.135999999999999899e-01,-8.135999999999999899e-01,-7.268000000000000016e-01,8.489999999999999769e-01,8.465000000000000302e-01,8.489999999999999769e-01,8.465000000000000302e-01,-6.231999999999999762e-01,-7.268000000000000016e-01,-7.268000000000000016e-01,-6.231999999999999762e-01,8.465000000000000302e-01,8.435000000000000275e-01,8.465000000000000302e-01,8.435000000000000275e-01,-5.363999999999999879e-01,-6.231999999999999762e-01,-6.231999999999999762e-01,-5.363999999999999879e-01,8.435000000000000275e-01,8.409999999999999698e-01,8.435000000000000275e-01,8.409999999999999698e-01,-5.000000000000000000e-01,-5.363999999999999879e-01,-5.000000000000000000e-01,-5.363999999999999879e-01,8.409999999999999698e-01,8.399999999999999689e-01,8.409999999999999698e-01,8.399999999999999689e-01,-5.000000000000000000e-01,-4.480000000000000093e-01,-4.480000000000000093e-01,-5.000000000000000000e-01,8.399999999999999689e-01,8.357999999999999874e-01,8.399999999999999689e-01,8.357999999999999874e-01,-4.480000000000000093e-01,-3.240000000000000102e-01,-3.240000000000000102e-01,-4.480000000000000093e-01,8.357999999999999874e-01,8.258999999999999675e-01,8.357999999999999874e-01,8.258999999999999675e-01,-3.240000000000000102e-01,-1.759999999999999898e-01,-1.759999999999999898e-01,-3.240000000000000102e-01,8.258999999999999675e-01,8.141000000000000458e-01,8.258999999999999675e-01,8.141000000000000458e-01,-1.759999999999999898e-01,-5.199999999999999761e-02,-5.199999999999999761e-02,-1.759999999999999898e-01,8.141000000000000458e-01,8.042000000000000259e-01,8.141000000000000458e-01,8.042000000000000259e-01,-5.199999999999999761e-02,0.000000000000000000e+00,0.000000000000000000e+00,-5.199999999999999761e-02,8.042000000000000259e-01,8.042000000000000259e-01,8.040000000000000480e-01,8.042000000000000259e-01,8.042000000000000259e-01,8.040000000000000480e-01,0.000000000000000000e+00,5.419999999999999818e-02,0.000000000000000000e+00,5.419999999999999818e-02,0.000000000000000000e+00,5.419999999999999818e-02,1.945999999999999952e-01,1.945999999999999952e-01,5.419999999999999818e-02,1.945999999999999952e-01,3.879000000000000226e-01,3.879000000000000226e-01,1.945999999999999952e-01,6.008000000000000007e-01,6.008000000000000007e-01,6.008000000000000007e-01,6.008000000000000007e-01,8.000000000000000444e-01,8.000000000000000444e-01,8.000000000000000444e-01,8.000000000000000444e-01,8.000000000000000444e-01,8.000000000000000444e-01,8.000000000000000444e-01,8.000000000000000444e-01,8.000000000000000444e-01,8.000000000000000444e-01,8.000000000000000444e-01,8.000000000000000444e-01,8.000000000000000444e-01,8.000000000000000444e-01,8.000000000000000444e-01,8.000000000000000444e-01,8.000000000000000444e-01,8.000000000000000444e-01,8.000000000000000444e-01,8.000000000000000444e-01,8.000000000000000444e-01,8.000000000000000444e-01,8.000000000000000444e-01,8.000000000000000444e-01,8.000000000000000444e-01,8.000000000000000444e-01,8.196999999999999842e-01,8.000000000000000444e-01,8.000000000000000444e-01,8.196999999999999842e-01,8.000000000000000444e-01,8.000000000000000444e-01,8.000000000000000444e-01,8.000000000000000444e-01,8.000000000000000444e-01,8.000000000000000444e-01,8.000000000000000444e-01,8.000000000000000444e-01,8.000000000000000444e-01,8.000000000000000444e-01,8.000000000000000444e-01,8.000000000000000444e-01,8.000000000000000444e-01,8.000000000000000444e-01,8.729000000000000092e-01,8.729000000000000092e-01,9.005999999999999561e-01,9.005999999999999561e-01,9.294000000000000039e-01,9.294000000000000039e-01,9.619999999999999662e-01,9.619999999999999662e-01,9.939000000000000057e-01,9.939000000000000057e-01,1.023200000000000109e+00,1.023200000000000109e+00,1.048399999999999999e+00,1.048399999999999999e+00,1.070400000000000018e+00,1.070400000000000018e+00,1.088799999999999990e+00,1.088799999999999990e+00,1.103499999999999925e+00,1.103499999999999925e+00,1.113299999999999956e+00,1.113299999999999956e+00,1.113299999999999956e+00,1.117399999999999949e+00,1.117399999999999949e+00,1.114500000000000046e+00,1.114500000000000046e+00,1.104100000000000081e+00,1.104100000000000081e+00,1.084899999999999975e+00,1.084899999999999975e+00,1.056100000000000039e+00,1.056100000000000039e+00,1.020399999999999974e+00,1.020399999999999974e+00,9.828999999999999959e-01,9.828999999999999959e-01,9.475999999999999979e-01,9.475999999999999979e-01,9.162000000000000144e-01,9.162000000000000144e-01,8.895999999999999464e-01,8.895999999999999464e-01,8.679000000000000048e-01,8.679000000000000048e-01,8.502999999999999448e-01,8.502999999999999448e-01,8.729000000000000092e-01,8.729000000000000092e-01,9.005999999999999561e-01,9.005999999999999561e-01,9.294000000000000039e-01,9.294000000000000039e-01,9.619999999999999662e-01,9.619999999999999662e-01,9.939000000000000057e-01,9.939000000000000057e-01,1.023200000000000109e+00,1.023200000000000109e+00,1.048399999999999999e+00,1.048399999999999999e+00,1.070400000000000018e+00,1.070400000000000018e+00,1.088799999999999990e+00,1.088799999999999990e+00,1.103499999999999925e+00,1.103499999999999925e+00,1.113299999999999956e+00,1.113299999999999956e+00,1.113299999999999956e+00,1.117399999999999949e+00,1.117399999999999949e+00,1.114500000000000046e+00,1.114500000000000046e+00,1.104100000000000081e+00,1.104100000000000081e+00,1.084899999999999975e+00,1.084899999999999975e+00,1.056100000000000039e+00,1.056100000000000039e+00,1.020399999999999974e+00,1.020399999999999974e+00,9.828999999999999959e-01,9.828999999999999959e-01,9.475999999999999979e-01,9.475999999999999979e-01,9.162000000000000144e-01,9.162000000000000144e-01,8.895999999999999464e-01,8.895999999999999464e-01,8.679000000000000048e-01,8.679000000000000048e-01,8.502999999999999448e-01,8.502999999999999448e-01,8.981999999999999984e-01,8.981999999999999984e-01,8.515000000000000346e-01,8.040000000000000480e-01,8.981999999999999984e-01,8.981999999999999984e-01,8.981999999999999984e-01,8.981999999999999984e-01,8.981999999999999984e-01,8.981999999999999984e-01,8.981999999999999984e-01,9.963999999999999524e-01,9.963999999999999524e-01,9.963999999999999524e-01,9.963999999999999524e-01,9.963999999999999524e-01,9.963999999999999524e-01,8.981999999999999984e-01,9.963999999999999524e-01,1.094600000000000017e+00,1.094600000000000017e+00,1.094600000000000017e+00,1.094600000000000017e+00,1.094600000000000017e+00,1.094600000000000017e+00,9.963999999999999524e-01,1.094600000000000017e+00,1.192900000000000071e+00,1.192900000000000071e+00,1.192900000000000071e+00,1.192900000000000071e+00,1.192900000000000071e+00,1.192900000000000071e+00,1.094600000000000017e+00,1.192900000000000071e+00,1.291099999999999914e+00,1.291099999999999914e+00,1.291099999999999914e+00,1.291099999999999914e+00,1.291099999999999914e+00,1.291099999999999914e+00,1.192900000000000071e+00,1.291099999999999914e+00,1.389299999999999979e+00,1.389299999999999979e+00,1.389299999999999979e+00,1.389299999999999979e+00,1.389299999999999979e+00,1.389299999999999979e+00,1.291099999999999914e+00,1.389299999999999979e+00,1.487500000000000044e+00,1.487500000000000044e+00,1.487500000000000044e+00,1.487500000000000044e+00,1.487500000000000044e+00,1.487500000000000044e+00,1.389299999999999979e+00,1.487500000000000044e+00,1.585700000000000109e+00,1.585700000000000109e+00,1.585700000000000109e+00,1.585700000000000109e+00,1.585700000000000109e+00,1.585700000000000109e+00,1.487500000000000044e+00,1.585700000000000109e+00,1.683899999999999952e+00,1.683899999999999952e+00,1.683899999999999952e+00,1.683899999999999952e+00,1.683899999999999952e+00,1.683899999999999952e+00,1.585700000000000109e+00,1.683899999999999952e+00,1.782100000000000017e+00,1.782100000000000017e+00,1.782100000000000017e+00,1.782100000000000017e+00,1.782100000000000017e+00,1.782100000000000017e+00,1.683899999999999952e+00,1.782100000000000017e+00,1.880400000000000071e+00,1.880400000000000071e+00,1.880400000000000071e+00,1.880400000000000071e+00,1.880400000000000071e+00,1.880400000000000071e+00,1.782100000000000017e+00,1.880400000000000071e+00,1.978599999999999914e+00,1.978599999999999914e+00,1.978599999999999914e+00,1.978599999999999914e+00,1.978599999999999914e+00,1.978599999999999914e+00,1.880400000000000071e+00,1.978599999999999914e+00,2.076799999999999979e+00,2.076799999999999979e+00,2.076799999999999979e+00,2.076799999999999979e+00,2.076799999999999979e+00,2.076799999999999979e+00,1.978599999999999914e+00,2.076799999999999979e+00,2.174999999999999822e+00,2.174999999999999822e+00,2.174999999999999822e+00,2.174999999999999822e+00,2.174999999999999822e+00,2.174999999999999822e+00,2.076799999999999979e+00,2.174999999999999822e+00,2.273200000000000109e+00,2.273200000000000109e+00,2.273200000000000109e+00,2.273200000000000109e+00,2.273200000000000109e+00,2.174999999999999822e+00,2.273200000000000109e+00,2.273200000000000109e+00,2.371399999999999952e+00,2.371399999999999952e+00,2.371399999999999952e+00,2.371399999999999952e+00,2.371399999999999952e+00,2.273200000000000109e+00,2.371399999999999952e+00,2.371399999999999952e+00,2.469599999999999795e+00,2.469599999999999795e+00,2.469599999999999795e+00,2.469599999999999795e+00,2.469599999999999795e+00,2.371399999999999952e+00,2.469599999999999795e+00,2.469599999999999795e+00,2.567899999999999849e+00,2.567899999999999849e+00,2.567899999999999849e+00,2.567899999999999849e+00,2.567899999999999849e+00,2.469599999999999795e+00,2.567899999999999849e+00,2.567899999999999849e+00,2.666100000000000136e+00,2.666100000000000136e+00,2.666100000000000136e+00,2.666100000000000136e+00,2.666100000000000136e+00,2.567899999999999849e+00,2.666100000000000136e+00,2.666100000000000136e+00,2.764299999999999979e+00,2.764299999999999979e+00,2.764299999999999979e+00,2.764299999999999979e+00,2.764299999999999979e+00,2.666100000000000136e+00,2.764299999999999979e+00,2.764299999999999979e+00,2.862499999999999822e+00,2.862499999999999822e+00,2.862499999999999822e+00,2.862499999999999822e+00,2.862499999999999822e+00,2.764299999999999979e+00,2.862499999999999822e+00,2.862499999999999822e+00,2.960700000000000109e+00,2.960700000000000109e+00,2.960700000000000109e+00,2.960700000000000109e+00,2.960700000000000109e+00,2.862499999999999822e+00,2.960700000000000109e+00,2.960700000000000109e+00,3.058899999999999952e+00,3.058899999999999952e+00,3.058899999999999952e+00,3.058899999999999952e+00,3.058899999999999952e+00,2.960700000000000109e+00,3.058899999999999952e+00,3.058899999999999952e+00,3.157099999999999795e+00,3.157099999999999795e+00,3.157099999999999795e+00,3.157099999999999795e+00,3.157099999999999795e+00,3.058899999999999952e+00,3.157099999999999795e+00,3.157099999999999795e+00,3.255399999999999849e+00,3.255399999999999849e+00,3.255399999999999849e+00,3.255399999999999849e+00,3.255399999999999849e+00,3.157099999999999795e+00,3.255399999999999849e+00,3.255399999999999849e+00,3.353600000000000136e+00,3.353600000000000136e+00,3.353600000000000136e+00,3.353600000000000136e+00,3.353600000000000136e+00,3.255399999999999849e+00,3.353600000000000136e+00,3.353600000000000136e+00,3.451799999999999979e+00,3.451799999999999979e+00,3.451799999999999979e+00,3.451799999999999979e+00,3.451799999999999979e+00,3.353600000000000136e+00,3.451799999999999979e+00,3.451799999999999979e+00,3.549999999999999822e+00,3.549999999999999822e+00,3.549999999999999822e+00,3.549999999999999822e+00,3.549999999999999822e+00,3.451799999999999979e+00,3.549999999999999822e+00,3.549999999999999822e+00,3.549999999999999822e+00,3.549999999999999822e+00,3.549999999999999822e+00,3.549999999999999822e+00,3.549999999999999822e+00,3.549999999999999822e+00,3.549999999999999822e+00,3.549999999999999822e+00,3.549999999999999822e+00,3.549999999999999822e+00,3.549999999999999822e+00,3.549999999999999822e+00,3.549999999999999822e+00,3.549999999999999822e+00,3.549999999999999822e+00,3.549999999999999822e+00,3.549999999999999822e+00,3.549999999999999822e+00,3.549999999999999822e+00,3.549999999999999822e+00,3.549999999999999822e+00,3.549999999999999822e+00,3.549999999999999822e+00,3.549999999999999822e+00,3.549999999999999822e+00,3.549999999999999822e+00,3.549999999999999822e+00,3.549999999999999822e+00,3.549999999999999822e+00,3.549999999999999822e+00,3.549999999999999822e+00,3.549999999999999822e+00,3.549999999999999822e+00,3.549999999999999822e+00,3.549999999999999822e+00,3.549999999999999822e+00,3.549999999999999822e+00,3.549999999999999822e+00,3.549999999999999822e+00,3.549999999999999822e+00,3.549999999999999822e+00,3.549999999999999822e+00,3.549999999999999822e+00,3.549999999999999822e+00,3.549999999999999822e+00,3.549999999999999822e+00,3.549999999999999822e+00,3.549999999999999822e+00,3.549999999999999822e+00,3.549999999999999822e+00,3.549999999999999822e+00,3.549999999999999822e+00,3.549999999999999822e+00,3.549999999999999822e+00,3.549999999999999822e+00,3.549999999999999822e+00,3.549999999999999822e+00,3.549999999999999822e+00,3.549999999999999822e+00,3.549999999999999822e+00,3.549999999999999822e+00,3.549999999999999822e+00,3.549999999999999822e+00,3.549999999999999822e+00,3.549999999999999822e+00,3.549999999999999822e+00,3.549999999999999822e+00,3.549999999999999822e+00,3.549999999999999822e+00,3.549999999999999822e+00,3.549999999999999822e+00,3.549999999999999822e+00,3.549999999999999822e+00,3.549999999999999822e+00,3.549999999999999822e+00,3.549999999999999822e+00,3.549999999999999822e+00,3.549999999999999822e+00,3.549999999999999822e+00,3.549999999999999822e+00,3.549999999999999822e+00,3.549999999999999822e+00,3.549999999999999822e+00,3.549999999999999822e+00,3.549999999999999822e+00,3.549999999999999822e+00,3.549999999999999822e+00,3.549999999999999822e+00,3.549999999999999822e+00,3.549999999999999822e+00,3.549999999999999822e+00,3.549999999999999822e+00,3.549999999999999822e+00,3.549999999999999822e+00,3.549999999999999822e+00,3.549999999999999822e+00,3.549999999999999822e+00,3.549999999999999822e+00,3.549999999999999822e+00,3.549999999999999822e+00,3.549999999999999822e+00,3.549999999999999822e+00,3.549999999999999822e+00,3.549999999999999822e+00,3.549999999999999822e+00,3.549999999999999822e+00,3.549999999999999822e+00,3.549999999999999822e+00,3.549999999999999822e+00,3.549999999999999822e+00,3.549999999999999822e+00,3.549999999999999822e+00,3.549999999999999822e+00,3.549999999999999822e+00,3.549999999999999822e+00,3.549999999999999822e+00,3.549999999999999822e+00,3.549999999999999822e+00,3.549999999999999822e+00,3.549999999999999822e+00,3.549999999999999822e+00,3.549999999999999822e+00,3.549999999999999822e+00,3.549999999999999822e+00,3.549999999999999822e+00,3.549999999999999822e+00,3.549999999999999822e+00,3.549999999999999822e+00,3.549999999999999822e+00,3.549999999999999822e+00,3.549999999999999822e+00,3.549999999999999822e+00,3.549999999999999822e+00,3.549999999999999822e+00,3.549999999999999822e+00,3.549999999999999822e+00,3.549999999999999822e+00,3.549999999999999822e+00,3.549999999999999822e+00,3.549999999999999822e+00,3.549999999999999822e+00,3.549999999999999822e+00,3.549999999999999822e+00,3.549999999999999822e+00,3.549999999999999822e+00
