Results_Name,VSPAERO_History
Results_Timestamp,1787157820
Results_Date,8,19,2026
Results_Time,22,13,40
Alpha,4.000000000000000000e+00,4.000000000000000000e+00,4.000000000000000000e+00,4.000000000000000000e+00,4.000000000000000000e+00,4.000000000000000000e+00,4.000000000000000000e+00,4.000000000000000000e+00,4.000000000000000000e+00,4.000000000000000000e+00,4.000000000000000000e+00,4.000000000000000000e+00,4.000000000000000000e+00,4.000000000000000000e+00,4.000000000000000000e+00,4.000000000000000000e+00,4.000000000000000000e+00,4.000000000000000000e+00,4.000000000000000000e+00,4.000000000000000000e+00
Beta,0.000000000000000000e+00,0.000000000000000000e+00,0.000000000000000000e+00,0.000000000000000000e+00,0.000000000000000000e+00,0.000000000000000000e+00,0.000000000000000000e+00,0.000000000000000000e+00,0.000000000000000000e+00,0.000000000000000000e+00,0.000000000000000000e+00,0.000000000000000000e+00,0.000000000000000000e+00,0.000000000000000000e+00,0.000000000000000000e+00,0.000000000000000000e+00,0.000000000000000000e+00,0.000000000000000000e+00,0.000000000000000000e+00,0.000000000000000000e+00
CDi,0.000000000000000000e+00,-3.413301140499999664e-02,-2.694066778000000009e-02,-2.277608405900000133e-02,-2.085196434099999968e-02,-2.059299512400000060e-02,-2.032685242100000164e-02,-2.079777330799999907e-02,-1.720916625800000127e-02,-1.560126223300000066e-02,-1.760460629199999891e-02,-2.199573198299999838e-02,-1.988900917599999846e-02,-1.782993770799999947e-02,-2.040447714900000056e-02,-1.789859418000000132e-02,-1.892053652700000088e-02,-2.062969312699999835e-02,-2.038357927399999867e-02,-1.880326614000000021e-02
CDiw,0.000000000000000000e+00,2.162575608299999869e-02,1.691009579700000071e-02,1.765842191900000163e-02,1.764326177000000162e-02,1.772171063100000041e-02,1.793686694599999978e-02,1.758826258099999845e-02,1.795922245299999900e-02,1.743296721200000149e-02,1.758415225199999946e-02,1.768232152499999918e-02,1.745216036099999854e-02,1.747639247199999843e-02,1.777346491000000167e-02,1.794066232699999958e-02,1.810487765000000013e-02,1.682633080599999983e-02,1.755060348100000167e-02,1.809977544899999888e-02
CDo,9.721626510999999832e-03,1.336864972400000039e-02,1.267692794700000028e-02,1.273931915899999961e-02,1.272992295200000082e-02,1.272569039199999974e-02,1.272361292699999979e-02,1.272646650599999936e-02,1.272127763699999921e-02,1.273875290999999972e-02,1.273114371900000048e-02,1.273332128300000074e-02,1.275510554499999921e-02,1.273781842299999932e-02,1.273066644500000025e-02,1.272117407499999929e-02,1.271971518099999920e-02,1.271289116200000069e-02,1.273310400000000030e-02,1.272369269799999980e-02
CDtot,9.721626510999999832e-03,-2.076436168200000015e-02,-1.426373983400000024e-02,-1.003676489999999998e-02,-8.122041389000000597e-03,-7.867304732000000855e-03,-7.603239492999999682e-03,-8.071306801999999711e-03,-4.487888621000000328e-03,-2.862509323000000071e-03,-4.873462573000000159e-03,-9.262410699999999372e-03,-7.133903631000000113e-03,-5.092119285000000148e-03,-7.673810702999999886e-03,-5.177420105000000300e-03,-6.200821345999999942e-03,-7.916801964999999400e-03,-7.650475274000000103e-03,-6.079573442000000411e-03
CDwtot,9.721626510999999832e-03,3.499440580700000081e-02,2.958702374299999882e-02,3.039774107800000125e-02,3.037318472199999897e-02,3.044740102300000015e-02,3.066047987299999958e-02,3.031472908600000085e-02,3.068050008900000125e-02,3.017172012100000078e-02,3.031529597100000167e-02,3.041564280799999992e-02,3.020726590600000122e-02,3.021421089499999948e-02,3.050413135499999845e-02,3.066183640200000060e-02,3.082459283099999933e-02,2.953922196800000052e-02,3.028370748100000023e-02,3.082346814699999868e-02
CFxi,0.000000000000000000e+00,-7.914867031399999697e-02,-6.726974704200000543e-02,-6.431464233799999430e-02,-6.241394511699999842e-02,-6.222465793799999978e-02,-6.212042420000000315e-02,-6.263393353099999672e-02,-5.993268424900000113e-02,-5.775608009199999920e-02,-5.945702478900000143e-02,-6.371589022199999897e-02,-6.180422653200000338e-02,-5.959597701799999869e-02,-6.230054781000000236e-02,-5.989278341399999900e-02,-6.088127516499999836e-02,-6.245102537399999793e-02,-6.223721682299999947e-02,-6.062554613800000269e-02
CFxiw,0.000000000000000000e+00,-2.774766832199999922e-02,-2.624376075899999966e-02,-2.627724393799999933e-02,-2.617761829299999898e-02,-2.608322131100000024e-02,-2.591431138700000039e-02,-2.624936218400000104e-02,-2.585826737500000055e-02,-2.633859263099999973e-02,-2.613053555099999897e-02,-2.617162536299999856e-02,-2.637032303500000049e-02,-2.626011926499999954e-02,-2.608901147599999859e-02,-2.584344674100000003e-02,-2.570151330400000100e-02,-2.694435039799999987e-02,-2.627335967599999864e-02,-2.569665063900000018e-02
CFxo,9.739874617999999193e-03,1.340200670399999995e-02,1.270740920199999943e-02,1.277005543200000065e-02,1.276061938499999972e-02,1.275636846900000086e-02,1.275428505899999995e-02,1.275715020499999970e-02,1.275193294800000023e-02,1.276948542999999971e-02,1.276184251799999947e-02,1.276402872300000033e-02,1.278590530999999982e-02,1.276854189699999989e-02,1.276136652399999932e-02,1.275183172800000049e-02,1.275036916699999988e-02,1.274350403200000086e-02,1.276381395399999938e-02,1.275436024500000050e-02
CFxtot,9.739874617999999193e-03,-6.574666361000000570e-02,-5.456233784000000253e-02,-5.154458690600000059e-02,-4.965332573200000044e-02,-4.946828947000000282e-02,-4.936613914199999842e-02,-4.987678332599999875e-02,-4.718075129999999701e-02,-4.498659466200000123e-02,-4.669518227000000327e-02,-5.095186149900000211e-02,-4.901832122099999967e-02,-4.682743512100000227e-02,-4.953918128600000303e-02,-4.714095168600000024e-02,-4.813090599799999675e-02,-4.970752134200000227e-02,-4.947340286799999792e-02,-4.787118589299999699e-02
CFxwtot,9.739874617999999193e-03,-1.434566161799999927e-02,-1.353635155700000023e-02,-1.350718850600000041e-02,-1.341699890799999927e-02,-1.332685284199999938e-02,-1.316002632800000044e-02,-1.349221197899999961e-02,-1.310633442700000033e-02,-1.356910720100000002e-02,-1.336869303200000081e-02,-1.340759663999999997e-02,-1.358441772500000068e-02,-1.349157736799999965e-02,-1.332764495199999927e-02,-1.309161501299999954e-02,-1.295114413799999982e-02,-1.420084636699999944e-02,-1.350954572199999926e-02,-1.294229039399999968e-02
CFyi,0.000000000000000000e+00,-1.883127248699999895e-02,-2.202113360000000088e-04,6.579855539999999916e-04,2.174840669999999858e-03,2.593296289999999851e-03,4.308693029000000042e-03,3.009744529000000016e-03,2.940635161999999823e-03,5.747359738999999711e-03,4.004414462999999862e-03,4.646618564999999840e-03,3.890395092000000117e-03,4.854108515999999880e-03,5.238356773000000383e-03,2.773833735999999949e-03,2.294755360000000181e-03,6.724184523000000316e-03,3.228391890000000073e-03,4.594348998999999746e-03
CFyiw,0.000000000000000000e+00,8.088003520000000383e-04,8.140458931999999467e-03,6.613402871999999981e-03,6.935475388000000158e-03,6.922933521000000125e-03,6.975672282999999772e-03,7.565143463999999748e-03,7.906958341999999890e-03,5.937134757999999735e-03,7.114106458999999716e-03,8.212775473999999257e-03,7.249370104000000224e-03,7.007239204000000228e-03,6.713141286000000318e-03,6.584426435000000424e-03,7.083425655000000383e-03,7.772341062000000071e-03,6.874230178999999989e-03,7.062533856000000228e-03
CFyo,0.000000000000000000e+00,-6.835500000000000559e-08,-2.971599999999999954e-08,-3.595100000000000210e-08,-3.741299999999999891e-08,-3.790600000000000207e-08,-3.964699999999999761e-08,-5.001899999999999943e-08,-5.471599999999999841e-08,-3.136199999999999985e-08,-3.993999999999999898e-08,-6.898699999999999431e-08,-7.630799999999999747e-08,-5.824099999999999854e-08,-4.310400000000000004e-08,-4.062299999999999920e-08,-3.991599999999999823e-08,-2.251699999999999907e-08,-4.244000000000000151e-08,-4.333200000000000050e-08
CFytot,0.000000000000000000e+00,-1.883134084199999947e-02,-2.202410519999999897e-04,6.579496029999999879e-04,2.174803257000000167e-03,2.593258383999999962e-03,4.308653382000000170e-03,3.009694509999999955e-03,2.940580445999999883e-03,5.747328377000000127e-03,4.004374522999999859e-03,4.646549578000000111e-03,3.890318784000000151e-03,4.854050274999999713e-03,5.238313669000000013e-03,2.773793113000000074e-03,2.294715444000000083e-03,6.724162005999999650e-03,3.228349450000000086e-03,4.594305667000000287e-03
CFywtot,0.000000000000000000e+00,8.087319969999999525e-04,8.140429216000000245e-03,6.613366921000000086e-03,6.935437975000000033e-03,6.922895614999999801e-03,6.975632635999999900e-03,7.565093444000000125e-03,7.906903625999999949e-03,5.937103394999999721e-03,7.114066518999999714e-03,8.212706486999999528e-03,7.249293795999999825e-03,7.007180963000000061e-03,6.713098181999999949e-03,6.584385812000000116e-03,7.083385739000000285e-03,7.772318545000000273e-03,6.874187738000000006e-03,7.062490523999999902e-03
CFzi,0.000000000000000000e+00,6.425619633529999764e-01,5.757919141099999694e-01,5.932337003569999601e-01,5.936358493990000484e-01,5.946413923800000223e-01,5.969660923670000452e-01,5.975586905609999722e-01,6.103738147689999893e-01,6.022971732380000276e-01,5.979027025630000436e-01,5.958579512749999640e-01,5.987209949689999977e-01,5.966595538850000269e-01,5.984291839530000434e-01,5.999198522780000431e-01,5.994057994579999882e-01,5.973525101169999685e-01,5.978230919339999616e-01,5.974298438239999953e-01
CFziw,0.000000000000000000e+00,7.068280524179999524e-01,6.177194138470000206e-01,6.289259398630000497e-01,6.272838971380000350e-01,6.270585678660000051e-01,6.277274354930000300e-01,6.275214369049999519e-01,6.272464481020000315e-01,6.265712414690000065e-01,6.257632129160000112e-01,6.277581387680000180e-01,6.273001524479999702e-01,6.260715466580000221e-01,6.278832990629999999e-01,6.267684328579999908e-01,6.270928132149999890e-01,6.265374921480000303e-01,6.273247517369999748e-01,6.269501308070000167e-01
CFzo,7.852657900000000390e-05,-1.018350399999999926e-05,6.785818000000000393e-06,5.317641999999999595e-06,5.559265000000000381e-06,5.673968000000000188e-06,5.686443999999999829e-06,5.620661000000000225e-06,5.845420999999999916e-06,5.351539999999999757e-06,5.568049999999999993e-06,5.520519000000000228e-06,4.960939999999999634e-06,5.448273000000000310e-06,5.533090999999999978e-06,5.808322000000000121e-06,5.809816999999999673e-06,6.159508000000000286e-06,5.476987999999999915e-06,5.754790999999999905e-06
CFztot,7.852657900000000390e-05,6.425517798490000265e-01,5.757986999280000351e-01,5.932390179990000290e-01,5.936414086629999698e-01,5.946470663480000196e-01,5.969717788110000534e-01,5.975643112220000441e-01,6.103796601900000063e-01,6.023025247779999480e-01,5.979082706130000036e-01,5.958634717940000103e-01,5.987259559090000183e-01,5.966650021580000018e-01,5.984347170439999752e-01,5.999256605999999659e-01,5.994116092750000346e-01,5.973586696249999495e-01,5.978285689219999810e-01,5.974355986149999520e-01
CFzwtot,7.852657900000000390e-05,7.068178689140000026e-01,6.177261996649999753e-01,6.289312575050000076e-01,6.272894564030000453e-01,6.270642418340000024e-01,6.277331219370000381e-01,6.275270575660000238e-01,6.272522935230000485e-01,6.265765930090000380e-01,6.257687809659999711e-01,6.277636592869999532e-01,6.273051133870000129e-01,6.260769949309999971e-01,6.278888321540000428e-01,6.267742411800000246e-01,6.270986230320000354e-01,6.265436516550000334e-01,6.273302287249999942e-01,6.269558855979999734e-01
CLi,0.000000000000000000e+00,6.465178468479999552e-01,5.790818142900000520e-01,5.962749755389999962e-01,5.965435590290000256e-01,5.975334485529999462e-01,5.998452147089999853e-01,6.004721899630000026e-01,6.130676675480000171e-01,6.048588680800000006e-01,6.005937540189999480e-01,5.988510670769999766e-01,6.015737856220000346e-01,5.993633264059999854e-01,6.013173070659999508e-01,6.026363870430000436e-01,6.021925401290000313e-01,6.002537527369999903e-01,6.007082737100000180e-01,6.002035590690000255e-01
CLiw,0.000000000000000000e+00,7.070418343040000275e-01,6.180453526100000428e-01,6.292269157600000051e-01,6.275819234349999665e-01,6.273505582530000124e-01,6.280060139909999783e-01,6.278238891680000267e-01,6.275222888289999634e-01,6.268822327609999689e-01,6.260616591969999645e-01,6.280545917909999831e-01,6.276115815510000528e-01,6.263782811560000274e-01,6.281736843480000276e-01,6.270444041710000471e-01,6.273580935779999868e-01,6.268908211770000127e-01,6.276293570950000067e-01,6.272154195339999516e-01
CLo,-6.010840160000000378e-04,-9.450354260000000265e-04,-8.796547689999999675e-04,-8.854893479999999565e-04,-8.845900879999999593e-04,-8.841791360000000183e-04,-8.840213590000000005e-04,-8.842868439999999582e-04,-8.836986939999999730e-04,-8.854157710000000285e-04,-8.846666460000000105e-04,-8.848665630000000218e-04,-8.869508129999999603e-04,-8.852534560000000375e-04,-8.846683159999999511e-04,-8.837286420000000026e-04,-8.836251270000000050e-04,-8.827974009999999677e-04,-8.848950059999999935e-04,-8.839584230000000539e-04
CLtot,-6.010840160000000378e-04,6.455728114219999592e-01,5.782021595209999587e-01,5.953894861909999614e-01,5.956589689410000110e-01,5.966492694170000277e-01,5.989611933499999763e-01,5.995879031199999876e-01,6.121839688539999491e-01,6.039734523090000140e-01,5.997090873720000159e-01,5.979662005129999791e-01,6.006868348089999810e-01,5.984780729499999952e-01,6.004326387499999695e-01,6.017526584010000068e-01,6.013089150020000107e-01,5.993709553360000442e-01,5.998233787029999542e-01,5.993196006459999836e-01
CLwtot,-6.010840160000000378e-04,7.060967988780000315e-01,6.171656978409999494e-01,6.283414264119999704e-01,6.266973333469999519e-01,6.264663791179999608e-01,6.271219926319999693e-01,6.269396023240000337e-01,6.266385901350000065e-01,6.259968169899999824e-01,6.251769925510000103e-01,6.271697252269999856e-01,6.267246307379999992e-01,6.254930277000000372e-01,6.272890160309999574e-01,6.261606755290000104e-01,6.264744684509999662e-01,6.260080237770000444e-01,6.267444620890000317e-01,6.263314611110000207e-01
CMxi,0.000000000000000000e+00,2.655237100000000213e-04,-9.477015450000000028e-04,-8.145266059999999508e-04,-1.056777279000000033e-03,-1.119812412000000066e-03,-1.202424996000000038e-03,-1.517882642999999945e-03,-2.178426427999999825e-03,-1.010774671000000012e-03,-1.410214451000000061e-03,-2.176786257999999835e-03,-2.070589725999999985e-03,-1.573592028000000064e-03,-1.333806794999999957e-03,-1.128703884999999931e-03,-1.326949856000000059e-03,-1.750394835000000085e-03,-1.362606998000000062e-03,-1.390614976000000089e-03
CMxo,0.000000000000000000e+00,3.745480000000000264e-07,2.100970000000000052e-07,2.145540000000000034e-07,2.226160000000000129e-07,2.264400000000000080e-07,2.301579999999999888e-07,2.636299999999999857e-07,3.036160000000000103e-07,1.972770000000000002e-07,2.368970000000000069e-07,3.563309999999999897e-07,3.932879999999999943e-07,3.151509999999999876e-07,2.459839999999999877e-07,2.330509999999999869e-07,2.315790000000000119e-07,2.063269999999999920e-07,2.476000000000000201e-07,2.419980000000000207e-07
CMxtot,0.000000000000000000e+00,2.658982579999999798e-04,-9.474914480000000113e-04,-8.143120519999999876e-04,-1.056554662000000087e-03,-1.119585972999999996e-03,-1.202194838000000083e-03,-1.517619012999999947e-03,-2.178122813000000005e-03,-1.010577394000000077e-03,-1.409977553999999930e-03,-2.176429926999999889e-03,-2.070196437999999826e-03,-1.573276876999999936e-03,-1.333560810999999922e-03,-1.128470834000000044e-03,-1.326718276999999929e-03,-1.750188508000000099e-03,-1.362359397999999980e-03,-1.390372977999999957e-03
CMyi,0.000000000000000000e+00,3.482223191759999947e-01,3.042986140910000081e-01,2.764650457350000257e-01,2.717909908189999890e-01,2.648489358519999781e-01,2.617483705399999971e-01,2.607373732769999730e-01,2.270905474190000051e-01,2.496192749070000050e-01,2.617616018109999998e-01,2.646968062730000182e-01,2.636663986880000143e-01,2.639854562360000045e-01,2.600118793730000211e-01,2.546683740669999918e-01,2.539569606300000060e-01,2.569079351219999974e-01,2.591130803660000037e-01,2.565740164390000189e-01
CMyo,4.047295262999999615e-03,5.999300158000000181e-03,5.628240698999999875e-03,5.662283599000000368e-03,5.657362998000000330e-03,5.655258193000000343e-03,5.654202286999999820e-03,5.655789510999999735e-03,5.653528005999999655e-03,5.661516277999999874e-03,5.657922547999999670e-03,5.659332835000000124e-03,5.670237076000000410e-03,5.661292830000000213e-03,5.657709815999999690e-03,5.652861769999999869e-03,5.652453618999999686e-03,5.649739560000000341e-03,5.658989270000000342e-03,5.654340084000000419e-03
CMytot,4.047295262999999615e-03,3.542216193339999819e-01,3.099268547899999837e-01,2.821273293339999766e-01,2.774483538170000041e-01,2.705041940449999793e-01,2.674025728259999957e-01,2.663931627880000153e-01,2.327440754250000021e-01,2.552807911850000222e-01,2.674195243599999938e-01,2.703561391079999932e-01,2.693366357640000208e-01,2.696467490660000021e-01,2.656695891890000216e-01,2.603212358379999869e-01,2.596094142500000035e-01,2.625576746819999752e-01,2.647720696359999737e-01,2.622283565229999724e-01
CMzi,0.000000000000000000e+00,-7.830601048999999772e-03,-9.585015530000000165e-04,-5.595307679999999987e-04,2.651425600000000088e-05,2.788366759999999804e-04,5.528240650000000025e-04,9.676360979999999506e-04,6.869118219999999784e-04,8.786813809999999671e-04,9.216077980000000240e-04,9.179250210000000154e-04,2.841060589999999881e-04,6.399545320000000212e-04,1.401654440999999980e-03,2.632134700000000080e-04,7.541946069999999830e-04,1.327150697000000065e-03,4.721147749999999796e-04,1.224705484999999991e-03
CMzo,-4.452500000000000331e-08,1.774996600000000149e-05,1.118772100000000042e-05,1.019231899999999927e-05,1.078032800000000071e-05,1.096334399999999923e-05,1.112970599999999925e-05,1.230730200000000036e-05,1.480467600000000008e-05,9.966012000000000289e-06,1.148191500000000033e-05,1.691843800000000114e-05,1.839794100000000099e-05,1.531715199999999832e-05,1.181748000000000023e-05,1.118406400000000006e-05,1.104739200000000009e-05,1.074676999999999977e-05,1.192886499999999950e-05,1.159178399999999926e-05
CMztot,-4.452500000000000331e-08,-7.812851083000000099e-03,-9.473138330000000070e-04,-5.493384489999999587e-04,3.729458400000000329e-05,2.898000200000000253e-04,5.639537710000000221e-04,9.799433999999999662e-04,7.017164979999999767e-04,8.886473929999999521e-04,9.330897139999999763e-04,9.348434589999999895e-04,3.025039999999999890e-04,6.552716849999999952e-04,1.413471920999999918e-03,2.743975339999999894e-04,7.652419989999999662e-04,1.337897467000000087e-03,4.840436400000000181e-04,1.236297268999999926e-03
CSi,0.000000000000000000e+00,-1.883127248699999895e-02,-2.202113360000000088e-04,6.579855539999999916e-04,2.174840669999999858e-03,2.593296289999999851e-03,4.308693029000000042e-03,3.009744529000000016e-03,2.940635161999999823e-03,5.747359738999999711e-03,4.004414462999999862e-03,4.646618564999999840e-03,3.890395092000000117e-03,4.854108515999999880e-03,5.238356773000000383e-03,2.773833735999999949e-03,2.294755360000000181e-03,6.724184523000000316e-03,3.228391890000000073e-03,4.594348998999999746e-03
CSiw,0.000000000000000000e+00,8.088003520000000383e-04,8.140458931999999467e-03,6.613402871999999981e-03,6.935475388000000158e-03,6.922933521000000125e-03,6.975672282999999772e-03,7.565143463999999748e-03,7.906958341999999890e-03,5.937134757999999735e-03,7.114106458999999716e-03,8.212775473999999257e-03,7.249370104000000224e-03,7.007239204000000228e-03,6.713141286000000318e-03,6.584426435000000424e-03,7.083425655000000383e-03,7.772341062000000071e-03,6.874230178999999989e-03,7.062533856000000228e-03
CSo,0.000000000000000000e+00,-6.835500000000000559e-08,-2.971599999999999954e-08,-3.595100000000000210e-08,-3.741299999999999891e-08,-3.790600000000000207e-08,-3.964699999999999761e-08,-5.001899999999999943e-08,-5.471599999999999841e-08,-3.136199999999999985e-08,-3.993999999999999898e-08,-6.898699999999999431e-08,-7.630799999999999747e-08,-5.824099999999999854e-08,-4.310400000000000004e-08,-4.062299999999999920e-08,-3.991599999999999823e-08,-2.251699999999999907e-08,-4.244000000000000151e-08,-4.333200000000000050e-08
CStot,0.000000000000000000e+00,-1.883134084199999947e-02,-2.202410519999999897e-04,6.579496029999999879e-04,2.174803257000000167e-03,2.593258383999999962e-03,4.308653382000000170e-03,3.009694509999999955e-03,2.940580445999999883e-03,5.747328377000000127e-03,4.004374522999999859e-03,4.646549578000000111e-03,3.890318784000000151e-03,4.854050274999999713e-03,5.238313669000000013e-03,2.773793113000000074e-03,2.294715444000000083e-03,6.724162005999999650e-03,3.228349450000000086e-03,4.594305667000000287e-03
CSwtot,0.000000000000000000e+00,8.087319969999999525e-04,8.140429216000000245e-03,6.613366921000000086e-03,6.935437975000000033e-03,6.922895614999999801e-03,6.975632635999999900e-03,7.565093444000000125e-03,7.906903625999999949e-03,5.937103394999999721e-03,7.114066518999999714e-03,8.212706486999999528e-03,7.249293795999999825e-03,7.007180963000000061e-03,6.713098181999999949e-03,6.584385812000000116e-03,7.083385739000000285e-03,7.772318545000000273e-03,6.874187738000000006e-03,7.062490523999999902e-03
E,0.000000000000000000e+00,0.000000000000000000e+00,0.000000000000000000e+00,0.000000000000000000e+00,0.000000000000000000e+00,0.000000000000000000e+00,0.000000000000000000e+00,0.000000000000000000e+00,0.000000000000000000e+00,0.000000000000000000e+00,0.000000000000000000e+00,0.000000000000000000e+00,0.000000000000000000e+00,0.000000000000000000e+00,0.000000000000000000e+00,0.000000000000000000e+00,0.000000000000000000e+00,0.000000000000000000e+00,0.000000000000000000e+00,0.000000000000000000e+00
Ew,0.000000000000000000e+00,8.207346072410000026e-01,8.020075322199999857e-01,7.960613134220000386e-01,7.925849086589999981e-01,7.884946690770000544e-01,7.806652422590000251e-01,7.956765482830000513e-01,7.784928119580000194e-01,8.003582643350000136e-01,7.914010188869999851e-01,7.920258054100000056e-01,8.013394585890000199e-01,7.970864326800000121e-01,7.882631080190000139e-01,7.781117000930000138e-01,7.718257097230000197e-01,8.292361448649999689e-01,7.968898019869999905e-01,7.716921651639999657e-01
FC_AoA_,4.000000000000000000e+00
FC_Beta_,0.000000000000000000e+00
FC_Bref_,1.639999999999999858e+01
FC_Cref_,1.881000000000000005e+00
FC_Mach_,2.030000000000000138e-01
FC_Pitch_Rate,0.000000000000000000e+00
FC_ReCref_,6.980000000000000000e+06
FC_Rho_,2.377000000000000206e-03
FC_Roll__Rate,0.000000000000000000e+00
FC_Sref_,3.000000340000000065e+01
FC_Vinf_,1.000000000000000000e+02
FC_Xcg_,3.750000000000000000e+00
FC_Yaw___Rate,0.000000000000000000e+00
FC_Ycg_,0.000000000000000000e+00
FC_Zcg_,0.000000000000000000e+00
L/D,0.000000000000000000e+00,0.000000000000000000e+00,0.000000000000000000e+00,0.000000000000000000e+00,0.000000000000000000e+00,0.000000000000000000e+00,0.000000000000000000e+00,0.000000000000000000e+00,0.000000000000000000e+00,0.000000000000000000e+00,0.000000000000000000e+00,0.000000000000000000e+00,0.000000000000000000e+00,0.000000000000000000e+00,0.000000000000000000e+00,0.000000000000000000e+00,0.000000000000000000e+00,0.000000000000000000e+00,0.000000000000000000e+00,0.000000000000000000e+00
L/Dw,0.000000000000000000e+00,2.020442462156299968e+01,2.088906805807199873e+01,2.069979194026999991e+01,2.066236811106800175e+01,2.060440422411599926e+01,2.048258920254399840e+01,2.071019296859200054e+01,2.045345698407700041e+01,2.077714595776799911e+01,2.065167563565099940e+01,2.064906521142999907e+01,2.077684168803899922e+01,2.073124740286300138e+01,2.059306908409899961e+01,2.045032123817100000e+01,2.035251842642500009e+01,2.122232000090900073e+01,2.072498413495799952e+01,2.034863229998000023e+01
Mach,2.030000000000000138e-01,2.030000000000000138e-01,2.030000000000000138e-01,2.030000000000000138e-01,2.030000000000000138e-01,2.030000000000000138e-01,2.030000000000000138e-01,2.030000000000000138e-01,2.030000000000000138e-01,2.030000000000000138e-01,2.030000000000000138e-01,2.030000000000000138e-01,2.030000000000000138e-01,2.030000000000000138e-01,2.030000000000000138e-01,2.030000000000000138e-01,2.030000000000000138e-01,2.030000000000000138e-01,2.030000000000000138e-01,2.030000000000000138e-01
T/QS,0.000000000000000000e+00,0.000000000000000000e+00,0.000000000000000000e+00,0.000000000000000000e+00,0.000000000000000000e+00,0.000000000000000000e+00,0.000000000000000000e+00,0.000000000000000000e+00,0.000000000000000000e+00,0.000000000000000000e+00,0.000000000000000000e+00,0.000000000000000000e+00,0.000000000000000000e+00,0.000000000000000000e+00,0.000000000000000000e+00,0.000000000000000000e+00,0.000000000000000000e+00,0.000000000000000000e+00,0.000000000000000000e+00,0.000000000000000000e+00
WakeIter,1,2,3,4,5,6,7,8,9,10,11,12,13,14,15,16,17,18,19,20
WallTime,3.093899999999799988e+01,5.614900000000500313e+01,8.079899999999899762e+01,1.054079999999959938e+02,1.293600000000010084e+02,1.539149999999939951e+02,1.776140000000009991e+02,2.072639999999960025e+02,2.322479999999920039e+02,2.599630000000029781e+02,2.903439999999969814e+02,3.138169999999950051e+02,3.376119999999939978e+02,3.643649999999910278e+02,3.871739999999990118e+02,4.137269999999990091e+02,4.395219999999969787e+02,4.629829999999930124e+02,4.868859999999990009e+02,5.170359999999930096e+02
log10( L2Residual ),1.053530987473999980e+00,4.163161228469999808e-01,4.402960396139999899e-01,-2.308409829249999934e-01,-3.654134152840000094e-01,-2.203187466590000032e-01,-4.454707767969999788e-01,-3.627111036699999791e-01,1.588895927999999999e-02,-6.834545046199999585e-02,-8.012315178300000174e-02,3.594698069700000276e-02,1.217067502860000039e-01,-2.966165684250000045e-01,-1.713932188229999876e-01,-1.123682714099999945e-02,-1.042030506609999962e-01,2.393240513899999936e-02,-1.852874979770000041e-01,-2.949563377639999873e-01
log10( MaxResidual ),1.999903328592000040e+00,2.348971916200000010e+00,2.441102139644999891e+00,1.668355906049000081e+00,1.171781635672000110e+00,1.704072537022000011e+00,1.176440232695999955e+00,1.401313462302999913e+00,1.860727240002999938e+00,1.670913712117999994e+00,1.903514348991999894e+00,1.496086932814999937e+00,1.718124609558999927e+00,1.081815589292000057e+00,1.540959678317999959e+00,1.789872354250999997e+00,1.610992713404999943e+00,1.570841726263999982e+00,1.763017718820000024e+00,1.380565274725999991e+00
Results_Name,VSPAERO_Polar
Results_Timestamp,1787157820
Results_Date,8,19,2026
Results_Time,22,13,40
Alpha,4.000000000000000000e+00
Beta,0.000000000000000000e+00
CDi,-1.880326614000000021e-02
CDiw,1.809977544899999888e-02
CDo,1.272369269799999980e-02
CDtot,-6.079573442000000411e-03
CDwtot,3.082346814699999868e-02
CFix,-6.062554613800000269e-02
CFiy,4.594348998999999746e-03
CFiz,5.974298438239999953e-01
CFox,1.275436024500000050e-02
CFoy,-4.333200000000000050e-08
CFoz,5.754790999999999905e-06
CFxtot,-4.787118589299999699e-02
CFytot,4.594305667000000287e-03
CFztot,5.974355986149999520e-01
CLi,6.002035590690000255e-01
CLiw,6.272154195339999516e-01
CLo,-8.839584230000000539e-04
CLtot,5.993196006459999836e-01
CLwtot,6.263314611110000207e-01
CMix,-1.390614976000000089e-03
CMiy,2.565740164390000189e-01
CMiz,1.224705484999999991e-03
CMox,2.419980000000000207e-07
CMoy,5.654340084000000419e-03
CMoz,1.159178399999999926e-05
CMxtot,-1.390372977999999957e-03
CMytot,2.622283565229999724e-01
CMztot,1.236297268999999926e-03
CSi,4.594348998999999746e-03
CSiw,7.062533856000000228e-03
CSo,-4.333200000000000050e-08
CStot,4.594305667000000287e-03
CSwtot,7.062490523999999902e-03
E,-6.782151621699999966e-01
Ew,-6.782151621699999966e-01
L_D,-9.857921882176499651e+01
L_Dw,-9.857921882176499651e+01
Mach,2.030000000000000138e-01
Re_1e6,6.980000000000000426e+00
StallFactor,1.000000000000000000e+00
Results_Name,VSPAERO_Load
Results_Timestamp,1787157820
Results_Date,8,19,2026
Results_Time,22,13,40
Angle ,0.000000000000000000e+00,0.000000000000000000e+00,0.000000000000000000e+00,0.000000000000000000e+00,0.000000000000000000e+00,0.000000000000000000e+00,0.000000000000000000e+00,0.000000000000000000e+00,0.000000000000000000e+00,0.000000000000000000e+00,0.000000000000000000e+00,0.000000000000000000e+00,0.000000000000000000e+00,0.000000000000000000e+00,0.000000000000000000e+00,0.000000000000000000e+00,0.000000000000000000e+00,0.000000000000000000e+00,0.000000000000000000e+00,0.000000000000000000e+00,0.000000000000000000e+00,0.000000000000000000e+00,0.000000000000000000e+00,0.000000000000000000e+00,0.000000000000000000e+00,0.000000000000000000e+00,0.000000000000000000e+00,0.000000000000000000e+00,0.000000000000000000e+00,0.000000000000000000e+00,0.000000000000000000e+00,0.000000000000000000e+00,0.000000000000000000e+00,0.000000000000000000e+00,0.000000000000000000e+00,0.000000000000000000e+00,0.000000000000000000e+00,0.000000000000000000e+00,0.000000000000000000e+00,0.000000000000000000e+00,0.000000000000000000e+00,0.000000000000000000e+00,0.000000000000000000e+00,0.000000000000000000e+00,0.000000000000000000e+00,0.000000000000000000e+00,0.000000000000000000e+00,0.000000000000000000e+00,0.000000000000000000e+00,0.000000000000000000e+00,0.000000000000000000e+00,0.000000000000000000e+00,0.000000000000000000e+00,0.000000000000000000e+00,0.000000000000000000e+00,0.000000000000000000e+00,0.000000000000000000e+00,0.000000000000000000e+00,0.000000000000000000e+00,0.000000000000000000e+00,0.000000000000000000e+00,0.000000000000000000e+00,0.000000000000000000e+00,0.000000000000000000e+00,0.000000000000000000e+00,0.000000000000000000e+00,0.000000000000000000e+00,0.000000000000000000e+00,0.000000000000000000e+00,0.000000000000000000e+00,0.000000000000000000e+00,0.000000000000000000e+00,0.000000000000000000e+00,0.000000000000000000e+00,0.000000000000000000e+00,0.000000000000000000e+00,0.000000000000000000e+00,0.000000000000000000e+00,0.000000000000000000e+00,0.000000000000000000e+00,0.000000000000000000e+00,0.000000000000000000e+00,0.000000000000000000e+00,0.000000000000000000e+00,0.000000000000000000e+00,0.000000000000000000e+00,0.000000000000000000e+00,0.000000000000000000e+00,0.000000000000000000e+00,0.000000000000000000e+00,0.000000000000000000e+00,0.000000000000000000e+00,0.000000000000000000e+00,0.000000000000000000e+00,0.000000000000000000e+00,0.000000000000000000e+00,0.000000000000000000e+00,0.000000000000000000e+00,0.000000000000000000e+00,0.000000000000000000e+00,0.000000000000000000e+00,0.000000000000000000e+00,0.000000000000000000e+00,0.000000000000000000e+00,0.000000000000000000e+00,0.000000000000000000e+00,0.000000000000000000e+00,0.000000000000000000e+00,0.000000000000000000e+00,0.000000000000000000e+00,0.000000000000000000e+00,0.000000000000000000e+00,0.000000000000000000e+00,0.000000000000000000e+00,0.000000000000000000e+00,0.000000000000000000e+00,0.000000000000000000e+00,0.000000000000000000e+00,0.000000000000000000e+00,0.000000000000000000e+00,0.000000000000000000e+00,0.000000000000000000e+00,0.000000000000000000e+00,0.000000000000000000e+00,0.000000000000000000e+00,0.000000000000000000e+00,0.000000000000000000e+00,0.000000000000000000e+00,0.000000000000000000e+00,0.000000000000000000e+00,0.000000000000000000e+00,0.000000000000000000e+00,0.000000000000000000e+00,0.000000000000000000e+00,0.000000000000000000e+00,0.000000000000000000e+00,0.000000000000000000e+00,0.000000000000000000e+00,0.000000000000000000e+00,0.000000000000000000e+00,0.000000000000000000e+00,0.000000000000000000e+00,0.000000000000000000e+00,0.000000000000000000e+00,0.000000000000000000e+00,0.000000000000000000e+00,0.000000000000000000e+00,0.000000000000000000e+00,0.000000000000000000e+00,0.000000000000000000e+00,0.000000000000000000e+00,0.000000000000000000e+00,0.000000000000000000e+00,0.000000000000000000e+00,0.000000000000000000e+00,0.000000000000000000e+00,0.000000000000000000e+00,0.000000000000000000e+00,0.000000000000000000e+00,0.000000000000000000e+00,0.000000000000000000e+00,0.000000000000000000e+00,0.000000000000000000e+00,0.000000000000000000e+00,0.000000000000000000e+00,0.000000000000000000e+00,0.000000000000000000e+00,0.000000000000000000e+00,0.000000000000000000e+00,0.000000000000000000e+00,0.000000000000000000e+00,0.000000000000000000e+00,0.000000000000000000e+00,0.000000000000000000e+00,0.000000000000000000e+00,0.000000000000000000e+00,0.000000000000000000e+00,0.000000000000000000e+00,0.000000000000000000e+00,0.000000000000000000e+00,0.000000000000000000e+00,0.000000000000000000e+00,0.000000000000000000e+00,0.000000000000000000e+00,0.000000000000000000e+00,0.000000000000000000e+00,0.000000000000000000e+00,0.000000000000000000e+00,0.000000000000000000e+00,0.000000000000000000e+00,0.000000000000000000e+00,0.000000000000000000e+00,0.000000000000000000e+00,0.000000000000000000e+00,0.000000000000000000e+00,0.000000000000000000e+00,0.000000000000000000e+00,0.000000000000000000e+00,0.000000000000000000e+00,0.000000000000000000e+00,0.000000000000000000e+00,0.000000000000000000e+00,0.000000000000000000e+00
CP,0.000000000000000000e+00,0.000000000000000000e+00,0.000000000000000000e+00,0.000000000000000000e+00,0.000000000000000000e+00,0.000000000000000000e+00,0.000000000000000000e+00,0.000000000000000000e+00,0.000000000000000000e+00,0.000000000000000000e+00,0.000000000000000000e+00,0.000000000000000000e+00,0.000000000000000000e+00,0.000000000000000000e+00,0.000000000000000000e+00,0.000000000000000000e+00,0.000000000000000000e+00,0.000000000000000000e+00,0.000000000000000000e+00,0.000000000000000000e+00,0.000000000000000000e+00,0.000000000000000000e+00,0.000000000000000000e+00,0.000000000000000000e+00,0.000000000000000000e+00,0.000000000000000000e+00,0.000000000000000000e+00,0.000000000000000000e+00,0.000000000000000000e+00,0.000000000000000000e+00,0.000000000000000000e+00,0.000000000000000000e+00,0.000000000000000000e+00,0.000000000000000000e+00,0.000000000000000000e+00,0.000000000000000000e+00,0.000000000000000000e+00,0.000000000000000000e+00,0.000000000000000000e+00,0.000000000000000000e+00,0.000000000000000000e+00,0.000000000000000000e+00,0.000000000000000000e+00,0.000000000000000000e+00,0.000000000000000000e+00,0.000000000000000000e+00,0.000000000000000000e+00,0.000000000000000000e+00,0.000000000000000000e+00,0.000000000000000000e+00,0.000000000000000000e+00,0.000000000000000000e+00,0.000000000000000000e+00,0.000000000000000000e+00,0.000000000000000000e+00,0.000000000000000000e+00,0.000000000000000000e+00,0.000000000000000000e+00,0.000000000000000000e+00,0.000000000000000000e+00,0.000000000000000000e+00,0.000000000000000000e+00,0.000000000000000000e+00,0.000000000000000000e+00,0.000000000000000000e+00,0.000000000000000000e+00,0.000000000000000000e+00,0.000000000000000000e+00,0.000000000000000000e+00,0.000000000000000000e+00,0.000000000000000000e+00,0.000000000000000000e+00,0.000000000000000000e+00,0.000000000000000000e+00,0.000000000000000000e+00,0.000000000000000000e+00,0.000000000000000000e+00,0.000000000000000000e+00,0.000000000000000000e+00,0.000000000000000000e+00,0.000000000000000000e+00,0.000000000000000000e+00,0.000000000000000000e+00,0.000000000000000000e+00,0.000000000000000000e+00,0.000000000000000000e+00,0.000000000000000000e+00,0.000000000000000000e+00,0.000000000000000000e+00,0.000000000000000000e+00,0.000000000000000000e+00,0.000000000000000000e+00,0.000000000000000000e+00,0.000000000000000000e+00,0.000000000000000000e+00,0.000000000000000000e+00,0.000000000000000000e+00,0.000000000000000000e+00,0.000000000000000000e+00,0.000000000000000000e+00,0.000000000000000000e+00,0.000000000000000000e+00,0.000000000000000000e+00,0.000000000000000000e+00,0.000000000000000000e+00,0.000000000000000000e+00,0.000000000000000000e+00,0.000000000000000000e+00,0.000000000000000000e+00,0.000000000000000000e+00,0.000000000000000000e+00,0.000000000000000000e+00,0.000000000000000000e+00,0.000000000000000000e+00,0.000000000000000000e+00,0.000000000000000000e+00,0.000000000000000000e+00,0.000000000000000000e+00,0.000000000000000000e+00,0.000000000000000000e+00,0.000000000000000000e+00,0.000000000000000000e+00,0.000000000000000000e+00,0.000000000000000000e+00,0.000000000000000000e+00,0.000000000000000000e+00,0.000000000000000000e+00,0.000000000000000000e+00,0.000000000000000000e+00,0.000000000000000000e+00,0.000000000000000000e+00,0.000000000000000000e+00,0.000000000000000000e+00,0.000000000000000000e+00,0.000000000000000000e+00,0.000000000000000000e+00,0.000000000000000000e+00,0.000000000000000000e+00,0.000000000000000000e+00,0.000000000000000000e+00,0.000000000000000000e+00,0.000000000000000000e+00,0.000000000000000000e+00,0.000000000000000000e+00,0.000000000000000000e+00,0.000000000000000000e+00,0.000000000000000000e+00,0.000000000000000000e+00,0.000000000000000000e+00,0.000000000000000000e+00,0.000000000000000000e+00,0.000000000000000000e+00,0.000000000000000000e+00,0.000000000000000000e+00,0.000000000000000000e+00,0.000000000000000000e+00,0.000000000000000000e+00,0.000000000000000000e+00,0.000000000000000000e+00,0.000000000000000000e+00,0.000000000000000000e+00,0.000000000000000000e+00,0.000000000000000000e+00,0.000000000000000000e+00,0.000000000000000000e+00,0.000000000000000000e+00,0.000000000000000000e+00,0.000000000000000000e+00,0.000000000000000000e+00,0.000000000000000000e+00,0.000000000000000000e+00,0.000000000000000000e+00,0.000000000000000000e+00,0.000000000000000000e+00,0.000000000000000000e+00,0.000000000000000000e+00,0.000000000000000000e+00,0.000000000000000000e+00,0.000000000000000000e+00,0.000000000000000000e+00,0.000000000000000000e+00,0.000000000000000000e+00,0.000000000000000000e+00,0.000000000000000000e+00,0.000000000000000000e+00,0.000000000000000000e+00,0.000000000000000000e+00,0.000000000000000000e+00,0.000000000000000000e+00,0.000000000000000000e+00,0.000000000000000000e+00,0.000000000000000000e+00,0.000000000000000000e+00,0.000000000000000000e+00,0.000000000000000000e+00,0.000000000000000000e+00,0.000000000000000000e+00,0.000000000000000000e+00,0.000000000000000000e+00,0.000000000000000000e+00,0.000000000000000000e+00,0.000000000000000000e+00,0.000000000000000000e+00
CP_h,0.000000000000000000e+00,0.000000000000000000e+00,0.000000000000000000e+00,0.000000000000000000e+00,0.000000000000000000e+00,0.000000000000000000e+00,0.000000000000000000e+00,0.000000000000000000e+00,0.000000000000000000e+00,0.000000000000000000e+00,0.000000000000000000e+00,0.000000000000000000e+00,0.000000000000000000e+00,0.000000000000000000e+00,0.000000000000000000e+00,0.000000000000000000e+00,0.000000000000000000e+00,0.000000000000000000e+00,0.000000000000000000e+00,0.000000000000000000e+00,0.000000000000000000e+00,0.000000000000000000e+00,0.000000000000000000e+00,0.000000000000000000e+00,0.000000000000000000e+00,0.000000000000000000e+00,0.000000000000000000e+00,0.000000000000000000e+00,0.000000000000000000e+00,0.000000000000000000e+00,0.000000000000000000e+00,0.000000000000000000e+00,0.000000000000000000e+00,0.000000000000000000e+00,0.000000000000000000e+00,0.000000000000000000e+00,0.000000000000000000e+00,0.000000000000000000e+00,0.000000000000000000e+00,0.000000000000000000e+00,0.000000000000000000e+00,0.000000000000000000e+00,0.000000000000000000e+00,0.000000000000000000e+00,0.000000000000000000e+00,0.000000000000000000e+00,0.000000000000000000e+00,0.000000000000000000e+00,0.000000000000000000e+00,0.000000000000000000e+00,0.000000000000000000e+00,0.000000000000000000e+00,0.000000000000000000e+00,0.000000000000000000e+00,0.000000000000000000e+00,0.000000000000000000e+00,0.000000000000000000e+00,0.000000000000000000e+00,0.000000000000000000e+00,0.000000000000000000e+00,0.000000000000000000e+00,0.000000000000000000e+00,0.000000000000000000e+00,0.000000000000000000e+00,0.000000000000000000e+00,0.000000000000000000e+00,0.000000000000000000e+00,0.000000000000000000e+00,0.000000000000000000e+00,0.000000000000000000e+00,0.000000000000000000e+00,0.000000000000000000e+00,0.000000000000000000e+00,0.000000000000000000e+00,0.000000000000000000e+00,0.000000000000000000e+00,0.000000000000000000e+00,0.000000000000000000e+00,0.000000000000000000e+00,0.000000000000000000e+00,0.000000000000000000e+00,0.000000000000000000e+00,0.000000000000000000e+00,0.000000000000000000e+00,0.000000000000000000e+00,0.000000000000000000e+00,0.000000000000000000e+00,0.000000000000000000e+00,0.000000000000000000e+00,0.000000000000000000e+00,0.000000000000000000e+00,0.000000000000000000e+00,0.000000000000000000e+00,0.000000000000000000e+00,0.000000000000000000e+00,0.000000000000000000e+00,0.000000000000000000e+00,0.000000000000000000e+00,0.000000000000000000e+00,0.000000000000000000e+00,0.000000000000000000e+00,0.000000000000000000e+00,0.000000000000000000e+00,0.000000000000000000e+00,0.000000000000000000e+00,0.000000000000000000e+00,0.000000000000000000e+00,0.000000000000000000e+00,0.000000000000000000e+00,0.000000000000000000e+00,0.000000000000000000e+00,0.000000000000000000e+00,0.000000000000000000e+00,0.000000000000000000e+00,0.000000000000000000e+00,0.000000000000000000e+00,0.000000000000000000e+00,0.000000000000000000e+00,0.000000000000000000e+00,0.000000000000000000e+00,0.000000000000000000e+00,0.000000000000000000e+00,0.000000000000000000e+00,0.000000000000000000e+00,0.000000000000000000e+00,0.000000000000000000e+00,0.000000000000000000e+00,0.000000000000000000e+00,0.000000000000000000e+00,0.000000000000000000e+00,0.000000000000000000e+00,0.000000000000000000e+00,0.000000000000000000e+00,0.000000000000000000e+00,0.000000000000000000e+00,0.000000000000000000e+00,0.000000000000000000e+00,0.000000000000000000e+00,0.000000000000000000e+00,0.000000000000000000e+00,0.000000000000000000e+00,0.000000000000000000e+00,0.000000000000000000e+00,0.000000000000000000e+00,0.000000000000000000e+00,0.000000000000000000e+00,0.000000000000000000e+00,0.000000000000000000e+00,0.000000000000000000e+00,0.000000000000000000e+00,0.000000000000000000e+00,0.000000000000000000e+00,0.000000000000000000e+00,0.000000000000000000e+00,0.000000000000000000e+00,0.000000000000000000e+00,0.000000000000000000e+00,0.000000000000000000e+00,0.000000000000000000e+00,0.000000000000000000e+00,0.000000000000000000e+00,0.000000000000000000e+00,0.000000000000000000e+00,0.000000000000000000e+00,0.000000000000000000e+00,0.000000000000000000e+00,0.000000000000000000e+00,0.000000000000000000e+00,0.000000000000000000e+00,0.000000000000000000e+00,0.000000000000000000e+00,0.000000000000000000e+00,0.000000000000000000e+00,0.000000000000000000e+00,0.000000000000000000e+00,0.000000000000000000e+00,0.000000000000000000e+00,0.000000000000000000e+00,0.000000000000000000e+00,0.000000000000000000e+00,0.000000000000000000e+00,0.000000000000000000e+00,0.000000000000000000e+00,0.000000000000000000e+00,0.000000000000000000e+00,0.000000000000000000e+00,0.000000000000000000e+00,0.000000000000000000e+00,0.000000000000000000e+00,0.000000000000000000e+00,0.000000000000000000e+00,0.000000000000000000e+00,0.000000000000000000e+00,0.000000000000000000e+00,0.000000000000000000e+00,0.000000000000000000e+00,0.000000000000000000e+00,0.000000000000000000e+00,0.000000000000000000e+00,0.000000000000000000e+00,0.000000000000000000e+00,0.000000000000000000e+00,0.000000000000000000e+00
CQ,0.000000000000000000e+00,0.000000000000000000e+00,0.000000000000000000e+00,0.000000000000000000e+00,0.000000000000000000e+00,0.000000000000000000e+00,0.000000000000000000e+00,0.000000000000000000e+00,0.000000000000000000e+00,0.000000000000000000e+00,0.000000000000000000e+00,0.000000000000000000e+00,0.000000000000000000e+00,0.000000000000000000e+00,0.000000000000000000e+00,0.000000000000000000e+00,0.000000000000000000e+00,0.000000000000000000e+00,0.000000000000000000e+00,0.000000000000000000e+00,0.000000000000000000e+00,0.000000000000000000e+00,0.000000000000000000e+00,0.000000000000000000e+00,0.000000000000000000e+00,0.000000000000000000e+00,0.000000000000000000e+00,0.000000000000000000e+00,0.000000000000000000e+00,0.000000000000000000e+00,0.000000000000000000e+00,0.000000000000000000e+00,0.000000000000000000e+00,0.000000000000000000e+00,0.000000000000000000e+00,0.000000000000000000e+00,0.000000000000000000e+00,0.000000000000000000e+00,0.000000000000000000e+00,0.000000000000000000e+00,0.000000000000000000e+00,0.000000000000000000e+00,0.000000000000000000e+00,0.000000000000000000e+00,0.000000000000000000e+00,0.000000000000000000e+00,0.000000000000000000e+00,0.000000000000000000e+00,0.000000000000000000e+00,0.000000000000000000e+00,0.000000000000000000e+00,0.000000000000000000e+00,0.000000000000000000e+00,0.000000000000000000e+00,0.000000000000000000e+00,0.000000000000000000e+00,0.000000000000000000e+00,0.000000000000000000e+00,0.000000000000000000e+00,0.000000000000000000e+00,0.000000000000000000e+00,0.000000000000000000e+00,0.000000000000000000e+00,0.000000000000000000e+00,0.000000000000000000e+00,0.000000000000000000e+00,0.000000000000000000e+00,0.000000000000000000e+00,0.000000000000000000e+00,0.000000000000000000e+00,0.000000000000000000e+00,0.000000000000000000e+00,0.000000000000000000e+00,0.000000000000000000e+00,0.000000000000000000e+00,0.000000000000000000e+00,0.000000000000000000e+00,0.000000000000000000e+00,0.000000000000000000e+00,0.000000000000000000e+00,0.000000000000000000e+00,0.000000000000000000e+00,0.000000000000000000e+00,0.000000000000000000e+00,0.000000000000000000e+00,0.000000000000000000e+00,0.000000000000000000e+00,0.000000000000000000e+00,0.000000000000000000e+00,0.000000000000000000e+00,0.000000000000000000e+00,0.000000000000000000e+00,0.000000000000000000e+00,0.000000000000000000e+00,0.000000000000000000e+00,0.000000000000000000e+00,0.000000000000000000e+00,0.000000000000000000e+00,0.000000000000000000e+00,0.000000000000000000e+00,0.000000000000000000e+00,0.000000000000000000e+00,0.000000000000000000e+00,0.000000000000000000e+00,0.000000000000000000e+00,0.000000000000000000e+00,0.000000000000000000e+00,0.000000000000000000e+00,0.000000000000000000e+00,0.000000000000000000e+00,0.000000000000000000e+00,0.000000000000000000e+00,0.000000000000000000e+00,0.000000000000000000e+00,0.000000000000000000e+00,0.000000000000000000e+00,0.000000000000000000e+00,0.000000000000000000e+00,0.000000000000000000e+00,0.000000000000000000e+00,0.000000000000000000e+00,0.000000000000000000e+00,0.000000000000000000e+00,0.000000000000000000e+00,0.000000000000000000e+00,0.000000000000000000e+00,0.000000000000000000e+00,0.000000000000000000e+00,0.000000000000000000e+00,0.000000000000000000e+00,0.000000000000000000e+00,0.000000000000000000e+00,0.000000000000000000e+00,0.000000000000000000e+00,0.000000000000000000e+00,0.000000000000000000e+00,0.000000000000000000e+00,0.000000000000000000e+00,0.000000000000000000e+00,0.000000000000000000e+00,0.000000000000000000e+00,0.000000000000000000e+00,0.000000000000000000e+00,0.000000000000000000e+00,0.000000000000000000e+00,0.000000000000000000e+00,0.000000000000000000e+00,0.000000000000000000e+00,0.000000000000000000e+00,0.000000000000000000e+00,0.000000000000000000e+00,0.000000000000000000e+00,0.000000000000000000e+00,0.000000000000000000e+00,0.000000000000000000e+00,0.000000000000000000e+00,0.000000000000000000e+00,0.000000000000000000e+00,0.000000000000000000e+00,0.000000000000000000e+00,0.000000000000000000e+00,0.000000000000000000e+00,0.000000000000000000e+00,0.000000000000000000e+00,0.000000000000000000e+00,0.000000000000000000e+00,0.000000000000000000e+00,0.000000000000000000e+00,0.000000000000000000e+00,0.000000000000000000e+00,0.000000000000000000e+00,0.000000000000000000e+00,0.000000000000000000e+00,0.000000000000000000e+00,0.000000000000000000e+00,0.000000000000000000e+00,0.000000000000000000e+00,0.000000000000000000e+00,0.000000000000000000e+00,0.000000000000000000e+00,0.000000000000000000e+00,0.000000000000000000e+00,0.000000000000000000e+00,0.000000000000000000e+00,0.000000000000000000e+00,0.000000000000000000e+00,0.000000000000000000e+00,0.000000000000000000e+00,0.000000000000000000e+00,0.000000000000000000e+00,0.000000000000000000e+00,0.000000000000000000e+00,0.000000000000000000e+00,0.000000000000000000e+00,0.000000000000000000e+00,0.000000000000000000e+00,0.000000000000000000e+00,0.000000000000000000e+00,0.000000000000000000e+00,0.000000000000000000e+00,0.000000000000000000e+00,0.000000000000000000e+00,0.000000000000000000e+00
CQ_h,0.000000000000000000e+00,0.000000000000000000e+00,0.000000000000000000e+00,0.000000000000000000e+00,0.000000000000000000e+00,0.000000000000000000e+00,0.000000000000000000e+00,0.000000000000000000e+00,0.000000000000000000e+00,0.000000000000000000e+00,0.000000000000000000e+00,0.000000000000000000e+00,0.000000000000000000e+00,0.000000000000000000e+00,0.000000000000000000e+00,0.000000000000000000e+00,0.000000000000000000e+00,0.000000000000000000e+00,0.000000000000000000e+00,0.000000000000000000e+00,0.000000000000000000e+00,0.000000000000000000e+00,0.000000000000000000e+00,0.000000000000000000e+00,0.000000000000000000e+00,0.000000000000000000e+00,0.000000000000000000e+00,0.000000000000000000e+00,0.000000000000000000e+00,0.000000000000000000e+00,0.000000000000000000e+00,0.000000000000000000e+00,0.000000000000000000e+00,0.000000000000000000e+00,0.000000000000000000e+00,0.000000000000000000e+00,0.000000000000000000e+00,0.000000000000000000e+00,0.000000000000000000e+00,0.000000000000000000e+00,0.000000000000000000e+00,0.000000000000000000e+00,0.000000000000000000e+00,0.000000000000000000e+00,0.000000000000000000e+00,0.000000000000000000e+00,0.000000000000000000e+00,0.000000000000000000e+00,0.000000000000000000e+00,0.000000000000000000e+00,0.000000000000000000e+00,0.000000000000000000e+00,0.000000000000000000e+00,0.000000000000000000e+00,0.000000000000000000e+00,0.000000000000000000e+00,0.000000000000000000e+00,0.000000000000000000e+00,0.000000000000000000e+00,0.000000000000000000e+00,0.000000000000000000e+00,0.000000000000000000e+00,0.000000000000000000e+00,0.000000000000000000e+00,0.000000000000000000e+00,0.000000000000000000e+00,0.000000000000000000e+00,0.000000000000000000e+00,0.000000000000000000e+00,0.000000000000000000e+00,0.000000000000000000e+00,0.000000000000000000e+00,0.000000000000000000e+00,0.000000000000000000e+00,0.000000000000000000e+00,0.000000000000000000e+00,0.000000000000000000e+00,0.000000000000000000e+00,0.000000000000000000e+00,0.000000000000000000e+00,0.000000000000000000e+00,0.000000000000000000e+00,0.000000000000000000e+00,0.000000000000000000e+00,0.000000000000000000e+00,0.000000000000000000e+00,0.000000000000000000e+00,0.000000000000000000e+00,0.000000000000000000e+00,0.000000000000000000e+00,0.000000000000000000e+00,0.000000000000000000e+00,0.000000000000000000e+00,0.000000000000000000e+00,0.000000000000000000e+00,0.000000000000000000e+00,0.000000000000000000e+00,0.000000000000000000e+00,0.000000000000000000e+00,0.000000000000000000e+00,0.000000000000000000e+00,0.000000000000000000e+00,0.000000000000000000e+00,0.000000000000000000e+00,0.000000000000000000e+00,0.000000000000000000e+00,0.000000000000000000e+00,0.000000000000000000e+00,0.000000000000000000e+00,0.000000000000000000e+00,0.000000000000000000e+00,0.000000000000000000e+00,0.000000000000000000e+00,0.000000000000000000e+00,0.000000000000000000e+00,0.000000000000000000e+00,0.000000000000000000e+00,0.000000000000000000e+00,0.000000000000000000e+00,0.000000000000000000e+00,0.000000000000000000e+00,0.000000000000000000e+00,0.000000000000000000e+00,0.000000000000000000e+00,0.000000000000000000e+00,0.000000000000000000e+00,0.000000000000000000e+00,0.000000000000000000e+00,0.000000000000000000e+00,0.000000000000000000e+00,0.000000000000000000e+00,0.000000000000000000e+00,0.000000000000000000e+00,0.000000000000000000e+00,0.000000000000000000e+00,0.000000000000000000e+00,0.000000000000000000e+00,0.000000000000000000e+00,0.000000000000000000e+00,0.000000000000000000e+00,0.000000000000000000e+00,0.000000000000000000e+00,0.000000000000000000e+00,0.000000000000000000e+00,0.000000000000000000e+00,0.000000000000000000e+00,0.000000000000000000e+00,0.000000000000000000e+00,0.000000000000000000e+00,0.000000000000000000e+00,0.000000000000000000e+00,0.000000000000000000e+00,0.000000000000000000e+00,0.000000000000000000e+00,0.000000000000000000e+00,0.000000000000000000e+00,0.000000000000000000e+00,0.000000000000000000e+00,0.000000000000000000e+00,0.000000000000000000e+00,0.000000000000000000e+00,0.000000000000000000e+00,0.000000000000000000e+00,0.000000000000000000e+00,0.000000000000000000e+00,0.000000000000000000e+00,0.000000000000000000e+00,0.000000000000000000e+00,0.000000000000000000e+00,0.000000000000000000e+00,0.000000000000000000e+00,0.000000000000000000e+00,0.000000000000000000e+00,0.000000000000000000e+00,0.000000000000000000e+00,0.000000000000000000e+00,0.000000000000000000e+00,0.000000000000000000e+00,0.000000000000000000e+00,0.000000000000000000e+00,0.000000000000000000e+00,0.000000000000000000e+00,0.000000000000000000e+00,0.000000000000000000e+00,0.000000000000000000e+00,0.000000000000000000e+00,0.000000000000000000e+00,0.000000000000000000e+00,0.000000000000000000e+00,0.000000000000000000e+00,0.000000000000000000e+00,0.000000000000000000e+00,0.000000000000000000e+00,0.000000000000000000e+00,0.000000000000000000e+00,0.000000000000000000e+00,0.000000000000000000e+00,0.000000000000000000e+00,0.000000000000000000e+00,0.000000000000000000e+00,0.000000000000000000e+00,0.000000000000000000e+00,0.000000000000000000e+00
CT,0.000000000000000000e+00,0.000000000000000000e+00,0.000000000000000000e+00,0.000000000000000000e+00,0.000000000000000000e+00,0.000000000000000000e+00,0.000000000000000000e+00,0.000000000000000000e+00,0.000000000000000000e+00,0.000000000000000000e+00,0.000000000000000000e+00,0.000000000000000000e+00,0.000000000000000000e+00,0.000000000000000000e+00,0.000000000000000000e+00,0.000000000000000000e+00,0.000000000000000000e+00,0.000000000000000000e+00,0.000000000000000000e+00,0.000000000000000000e+00,0.000000000000000000e+00,0.000000000000000000e+00,0.000000000000000000e+00,0.000000000000000000e+00,0.000000000000000000e+00,0.000000000000000000e+00,0.000000000000000000e+00,0.000000000000000000e+00,0.000000000000000000e+00,0.000000000000000000e+00,0.000000000000000000e+00,0.000000000000000000e+00,0.000000000000000000e+00,0.000000000000000000e+00,0.000000000000000000e+00,0.000000000000000000e+00,0.000000000000000000e+00,0.000000000000000000e+00,0.000000000000000000e+00,0.000000000000000000e+00,0.000000000000000000e+00,0.000000000000000000e+00,0.000000000000000000e+00,0.000000000000000000e+00,0.000000000000000000e+00,0.000000000000000000e+00,0.000000000000000000e+00,0.000000000000000000e+00,0.000000000000000000e+00,0.000000000000000000e+00,0.000000000000000000e+00,0.000000000000000000e+00,0.000000000000000000e+00,0.000000000000000000e+00,0.000000000000000000e+00,0.000000000000000000e+00,0.000000000000000000e+00,0.000000000000000000e+00,0.000000000000000000e+00,0.000000000000000000e+00,0.000000000000000000e+00,0.000000000000000000e+00,0.000000000000000000e+00,0.000000000000000000e+00,0.000000000000000000e+00,0.000000000000000000e+00,0.000000000000000000e+00,0.000000000000000000e+00,0.000000000000000000e+00,0.000000000000000000e+00,0.000000000000000000e+00,0.000000000000000000e+00,0.000000000000000000e+00,0.000000000000000000e+00,0.000000000000000000e+00,0.000000000000000000e+00,0.000000000000000000e+00,0.000000000000000000e+00,0.000000000000000000e+00,0.000000000000000000e+00,0.000000000000000000e+00,0.000000000000000000e+00,0.000000000000000000e+00,0.000000000000000000e+00,0.000000000000000000e+00,0.000000000000000000e+00,0.000000000000000000e+00,0.000000000000000000e+00,0.000000000000000000e+00,0.000000000000000000e+00,0.000000000000000000e+00,0.000000000000000000e+00,0.000000000000000000e+00,0.000000000000000000e+00,0.000000000000000000e+00,0.000000000000000000e+00,0.000000000000000000e+00,0.000000000000000000e+00,0.000000000000000000e+00,0.000000000000000000e+00,0.000000000000000000e+00,0.000000000000000000e+00,0.000000000000000000e+00,0.000000000000000000e+00,0.000000000000000000e+00,0.000000000000000000e+00,0.000000000000000000e+00,0.000000000000000000e+00,0.000000000000000000e+00,0.000000000000000000e+00,0.000000000000000000e+00,0.000000000000000000e+00,0.000000000000000000e+00,0.000000000000000000e+00,0.000000000000000000e+00,0.000000000000000000e+00,0.000000000000000000e+00,0.000000000000000000e+00,0.000000000000000000e+00,0.000000000000000000e+00,0.000000000000000000e+00,0.000000000000000000e+00,0.000000000000000000e+00,0.000000000000000000e+00,0.000000000000000000e+00,0.000000000000000000e+00,0.000000000000000000e+00,0.000000000000000000e+00,0.000000000000000000e+00,0.000000000000000000e+00,0.000000000000000000e+00,0.000000000000000000e+00,0.000000000000000000e+00,0.000000000000000000e+00,0.000000000000000000e+00,0.000000000000000000e+00,0.000000000000000000e+00,0.000000000000000000e+00,0.000000000000000000e+00,0.000000000000000000e+00,0.000000000000000000e+00,0.000000000000000000e+00,0.000000000000000000e+00,0.000000000000000000e+00,0.000000000000000000e+00,0.000000000000000000e+00,0.000000000000000000e+00,0.000000000000000000e+00,0.000000000000000000e+00,0.000000000000000000e+00,0.000000000000000000e+00,0.000000000000000000e+00,0.000000000000000000e+00,0.000000000000000000e+00,0.000000000000000000e+00,0.000000000000000000e+00,0.000000000000000000e+00,0.000000000000000000e+00,0.000000000000000000e+00,0.000000000000000000e+00,0.000000000000000000e+00,0.000000000000000000e+00,0.000000000000000000e+00,0.000000000000000000e+00,0.000000000000000000e+00,0.000000000000000000e+00,0.000000000000000000e+00,0.000000000000000000e+00,0.000000000000000000e+00,0.000000000000000000e+00,0.000000000000000000e+00,0.000000000000000000e+00,0.000000000000000000e+00,0.000000000000000000e+00,0.000000000000000000e+00,0.000000000000000000e+00,0.000000000000000000e+00,0.000000000000000000e+00,0.000000000000000000e+00,0.000000000000000000e+00,0.000000000000000000e+00,0.000000000000000000e+00,0.000000000000000000e+00,0.000000000000000000e+00,0.000000000000000000e+00,0.000000000000000000e+00,0.000000000000000000e+00,0.000000000000000000e+00,0.000000000000000000e+00,0.000000000000000000e+00,0.000000000000000000e+00,0.000000000000000000e+00,0.000000000000000000e+00,0.000000000000000000e+00,0.000000000000000000e+00,0.000000000000000000e+00,0.000000000000000000e+00,0.000000000000000000e+00,0.000000000000000000e+00,0.000000000000000000e+00,0.000000000000000000e+00,0.000000000000000000e+00,0.000000000000000000e+00
CT_h,0.000000000000000000e+00,0.000000000000000000e+00,0.000000000000000000e+00,0.000000000000000000e+00,0.000000000000000000e+00,0.000000000000000000e+00,0.000000000000000000e+00,0.000000000000000000e+00,0.000000000000000000e+00,0.000000000000000000e+00,0.000000000000000000e+00,0.000000000000000000e+00,0.000000000000000000e+00,0.000000000000000000e+00,0.000000000000000000e+00,0.000000000000000000e+00,0.000000000000000000e+00,0.000000000000000000e+00,0.000000000000000000e+00,0.000000000000000000e+00,0.000000000000000000e+00,0.000000000000000000e+00,0.000000000000000000e+00,0.000000000000000000e+00,0.000000000000000000e+00,0.000000000000000000e+00,0.000000000000000000e+00,0.000000000000000000e+00,0.000000000000000000e+00,0.000000000000000000e+00,0.000000000000000000e+00,0.000000000000000000e+00,0.000000000000000000e+00,0.000000000000000000e+00,0.000000000000000000e+00,0.000000000000000000e+00,0.000000000000000000e+00,0.000000000000000000e+00,0.000000000000000000e+00,0.000000000000000000e+00,0.000000000000000000e+00,0.000000000000000000e+00,0.000000000000000000e+00,0.000000000000000000e+00,0.000000000000000000e+00,0.000000000000000000e+00,0.000000000000000000e+00,0.000000000000000000e+00,0.000000000000000000e+00,0.000000000000000000e+00,0.000000000000000000e+00,0.000000000000000000e+00,0.000000000000000000e+00,0.000000000000000000e+00,0.000000000000000000e+00,0.000000000000000000e+00,0.000000000000000000e+00,0.000000000000000000e+00,0.000000000000000000e+00,0.000000000000000000e+00,0.000000000000000000e+00,0.000000000000000000e+00,0.000000000000000000e+00,0.000000000000000000e+00,0.000000000000000000e+00,0.000000000000000000e+00,0.000000000000000000e+00,0.000000000000000000e+00,0.000000000000000000e+00,0.000000000000000000e+00,0.000000000000000000e+00,0.000000000000000000e+00,0.000000000000000000e+00,0.000000000000000000e+00,0.000000000000000000e+00,0.000000000000000000e+00,0.000000000000000000e+00,0.000000000000000000e+00,0.000000000000000000e+00,0.000000000000000000e+00,0.000000000000000000e+00,0.000000000000000000e+00,0.000000000000000000e+00,0.000000000000000000e+00,0.000000000000000000e+00,0.000000000000000000e+00,0.000000000000000000e+00,0.000000000000000000e+00,0.000000000000000000e+00,0.000000000000000000e+00,0.000000000000000000e+00,0.000000000000000000e+00,0.000000000000000000e+00,0.000000000000000000e+00,0.000000000000000000e+00,0.000000000000000000e+00,0.000000000000000000e+00,0.000000000000000000e+00,0.000000000000000000e+00,0.000000000000000000e+00,0.000000000000000000e+00,0.000000000000000000e+00,0.000000000000000000e+00,0.000000000000000000e+00,0.000000000000000000e+00,0.000000000000000000e+00,0.000000000000000000e+00,0.000000000000000000e+00,0.000000000000000000e+00,0.000000000000000000e+00,0.000000000000000000e+00,0.000000000000000000e+00,0.000000000000000000e+00,0.000000000000000000e+00,0.000000000000000000e+00,0.000000000000000000e+00,0.000000000000000000e+00,0.000000000000000000e+00,0.000000000000000000e+00,0.000000000000000000e+00,0.000000000000000000e+00,0.000000000000000000e+00,0.000000000000000000e+00,0.000000000000000000e+00,0.000000000000000000e+00,0.000000000000000000e+00,0.000000000000000000e+00,0.000000000000000000e+00,0.000000000000000000e+00,0.000000000000000000e+00,0.000000000000000000e+00,0.000000000000000000e+00,0.000000000000000000e+00,0.000000000000000000e+00,0.000000000000000000e+00,0.000000000000000000e+00,0.000000000000000000e+00,0.000000000000000000e+00,0.000000000000000000e+00,0.000000000000000000e+00,0.000000000000000000e+00,0.000000000000000000e+00,0.000000000000000000e+00,0.000000000000000000e+00,0.000000000000000000e+00,0.000000000000000000e+00,0.000000000000000000e+00,0.000000000000000000e+00,0.000000000000000000e+00,0.000000000000000000e+00,0.000000000000000000e+00,0.000000000000000000e+00,0.000000000000000000e+00,0.000000000000000000e+00,0.000000000000000000e+00,0.000000000000000000e+00,0.000000000000000000e+00,0.000000000000000000e+00,0.000000000000000000e+00,0.000000000000000000e+00,0.000000000000000000e+00,0.000000000000000000e+00,0.000000000000000000e+00,0.000000000000000000e+00,0.000000000000000000e+00,0.000000000000000000e+00,0.000000000000000000e+00,0.000000000000000000e+00,0.000000000000000000e+00,0.000000000000000000e+00,0.000000000000000000e+00,0.000000000000000000e+00,0.000000000000000000e+00,0.000000000000000000e+00,0.000000000000000000e+00,0.000000000000000000e+00,0.000000000000000000e+00,0.000000000000000000e+00,0.000000000000000000e+00,0.000000000000000000e+00,0.000000000000000000e+00,0.000000000000000000e+00,0.000000000000000000e+00,0.000000000000000000e+00,0.000000000000000000e+00,0.000000000000000000e+00,0.000000000000000000e+00,0.000000000000000000e+00,0.000000000000000000e+00,0.000000000000000000e+00,0.000000000000000000e+00,0.000000000000000000e+00,0.000000000000000000e+00,0.000000000000000000e+00,0.000000000000000000e+00,0.000000000000000000e+00,0.000000000000000000e+00,0.000000000000000000e+00,0.000000000000000000e+00,0.000000000000000000e+00,0.000000000000000000e+00,0.000000000000000000e+00,0.000000000000000000e+00
Chord,2.270459999999999923e+00,2.257150000000000212e+00,2.241270000000000095e+00,2.223269999999999857e+00,2.205270000000000064e+00,2.187269999999999825e+00,2.169270000000000032e+00,2.151269999999999794e+00,2.133270000000000000e+00,2.115270000000000206e+00,2.097280000000000033e+00,2.079279999999999795e+00,2.061280000000000001e+00,2.043289999999999829e+00,2.025290000000000035e+00,2.007299999999999862e+00,1.989300000000000068e+00,1.971309999999999896e+00,1.953319999999999945e+00,1.935319999999999929e+00,1.917329999999999979e+00,1.899340000000000028e+00,1.881350000000000078e+00,1.863359999999999905e+00,1.845369999999999955e+00,1.827390000000000070e+00,1.809399999999999897e+00,1.791409999999999947e+00,1.773430000000000062e+00,1.755439999999999889e+00,1.737460000000000004e+00,1.719470000000000054e+00,1.701489999999999947e+00,1.683510000000000062e+00,1.665529999999999955e+00,1.647550000000000070e+00,1.629569999999999963e+00,1.611590000000000078e+00,1.601520000000000055e+00,1.599369999999999958e+00,1.597210000000000019e+00,1.595050000000000079e+00,1.592889999999999917e+00,1.590729999999999977e+00,1.581550000000000011e+00,1.565360000000000085e+00,1.549160000000000093e+00,1.532969999999999944e+00,1.516780000000000017e+00,1.500580000000000025e+00,1.484390000000000098e+00,1.468199999999999950e+00,1.452010000000000023e+00,1.435810000000000031e+00,1.419620000000000104e+00,1.403429999999999955e+00,1.387240000000000029e+00,1.371050000000000102e+00,1.354859999999999953e+00,1.338670000000000027e+00,1.322480000000000100e+00,1.306300000000000017e+00,2.270459999999999923e+00,2.257150000000000212e+00,2.241270000000000095e+00,2.223269999999999857e+00,2.205270000000000064e+00,2.187269999999999825e+00,2.169270000000000032e+00,2.151269999999999794e+00,2.133270000000000000e+00,2.115270000000000206e+00,2.097280000000000033e+00,2.079279999999999795e+00,2.061280000000000001e+00,2.043289999999999829e+00,2.025290000000000035e+00,2.007299999999999862e+00,1.989300000000000068e+00,1.971309999999999896e+00,1.953319999999999945e+00,1.935319999999999929e+00,1.917329999999999979e+00,1.899340000000000028e+00,1.881350000000000078e+00,1.863359999999999905e+00,1.845369999999999955e+00,1.827390000000000070e+00,1.809399999999999897e+00,1.791409999999999947e+00,1.773430000000000062e+00,1.755439999999999889e+00,1.737460000000000004e+00,1.719470000000000054e+00,1.701489999999999947e+00,1.683510000000000062e+00,1.665529999999999955e+00,1.647550000000000070e+00,1.629569999999999963e+00,1.611590000000000078e+00,1.601520000000000055e+00,1.599369999999999958e+00,1.597210000000000019e+00,1.595050000000000079e+00,1.592889999999999917e+00,1.590729999999999977e+00,1.581550000000000011e+00,1.565360000000000085e+00,1.549160000000000093e+00,1.532969999999999944e+00,1.516780000000000017e+00,1.500580000000000025e+00,1.484390000000000098e+00,1.468199999999999950e+00,1.452010000000000023e+00,1.435810000000000031e+00,1.419620000000000104e+00,1.403429999999999955e+00,1.387240000000000029e+00,1.371050000000000102e+00,1.354859999999999953e+00,1.338670000000000027e+00,1.322480000000000100e+00,1.306300000000000017e+00,1.654449999999999976e+00,1.632060000000000066e+00,1.607520000000000060e+00,1.582980000000000054e+00,1.558440000000000047e+00,1.533889999999999976e+00,1.509349999999999969e+00,1.484809999999999963e+00,1.460269999999999957e+00,1.435720000000000107e+00,1.411180000000000101e+00,1.386640000000000095e+00,1.362100000000000088e+00,1.337560000000000082e+00,1.313010000000000010e+00,1.288470000000000004e+00,1.263929999999999998e+00,1.239389999999999992e+00,1.214839999999999920e+00,1.190299999999999914e+00,1.165759999999999907e+00,1.141219999999999901e+00,1.116670000000000051e+00,1.092130000000000045e+00,1.067590000000000039e+00,1.043050000000000033e+00,1.653370000000000006e+00,1.632060000000000066e+00,1.607520000000000060e+00,1.582980000000000054e+00,1.558440000000000047e+00,1.533889999999999976e+00,1.509349999999999969e+00,1.484809999999999963e+00,1.460269999999999957e+00,1.435720000000000107e+00,1.411180000000000101e+00,1.386640000000000095e+00,1.362100000000000088e+00,1.337560000000000082e+00,1.313010000000000010e+00,1.288470000000000004e+00,1.263929999999999998e+00,1.239389999999999992e+00,1.214839999999999920e+00,1.190299999999999914e+00,1.165759999999999907e+00,1.141219999999999901e+00,1.116670000000000051e+00,1.092130000000000045e+00,1.067590000000000039e+00,1.043050000000000033e+00,1.887659999999999894e+00,1.852810000000000068e+00,1.818179999999999907e+00,1.783549999999999969e+00,1.748920000000000030e+00,1.714290000000000092e+00,1.679650000000000087e+00,1.645019999999999927e+00,1.610389999999999988e+00,1.575760000000000050e+00,1.541130000000000111e+00,1.506490000000000107e+00,1.471859999999999946e+00,1.437230000000000008e+00,1.402600000000000069e+00,1.367969999999999908e+00,1.333329999999999904e+00,1.298699999999999966e+00,1.264070000000000027e+00,1.229440000000000088e+00,1.194809999999999928e+00,1.160169999999999924e+00,1.125539999999999985e+00,1.090910000000000046e+00,1.056280000000000108e+00,1.021649999999999947e+00,9.870100000000000540e-01
Diameter,0.000000000000000000e+00,0.000000000000000000e+00,0.000000000000000000e+00,0.000000000000000000e+00,0.000000000000000000e+00,0.000000000000000000e+00,0.000000000000000000e+00,0.000000000000000000e+00,0.000000000000000000e+00,0.000000000000000000e+00,0.000000000000000000e+00,0.000000000000000000e+00,0.000000000000000000e+00,0.000000000000000000e+00,0.000000000000000000e+00,0.000000000000000000e+00,0.000000000000000000e+00,0.000000000000000000e+00,0.000000000000000000e+00,0.000000000000000000e+00,0.000000000000000000e+00,0.000000000000000000e+00,0.000000000000000000e+00,0.000000000000000000e+00,0.000000000000000000e+00,0.000000000000000000e+00,0.000000000000000000e+00,0.000000000000000000e+00,0.000000000000000000e+00,0.000000000000000000e+00,0.000000000000000000e+00,0.000000000000000000e+00,0.000000000000000000e+00,0.000000000000000000e+00,0.000000000000000000e+00,0.000000000000000000e+00,0.000000000000000000e+00,0.000000000000000000e+00,0.000000000000000000e+00,0.000000000000000000e+00,0.000000000000000000e+00,0.000000000000000000e+00,0.000000000000000000e+00,0.000000000000000000e+00,0.000000000000000000e+00,0.000000000000000000e+00,0.000000000000000000e+00,0.000000000000000000e+00,0.000000000000000000e+00,0.000000000000000000e+00,0.000000000000000000e+00,0.000000000000000000e+00,0.000000000000000000e+00,0.000000000000000000e+00,0.000000000000000000e+00,0.000000000000000000e+00,0.000000000000000000e+00,0.000000000000000000e+00,0.000000000000000000e+00,0.000000000000000000e+00,0.000000000000000000e+00,0.000000000000000000e+00,0.000000000000000000e+00,0.000000000000000000e+00,0.000000000000000000e+00,0.000000000000000000e+00,0.000000000000000000e+00,0.000000000000000000e+00,0.000000000000000000e+00,0.000000000000000000e+00,0.000000000000000000e+00,0.000000000000000000e+00,0.000000000000000000e+00,0.000000000000000000e+00,0.000000000000000000e+00,0.000000000000000000e+00,0.000000000000000000e+00,0.000000000000000000e+00,0.000000000000000000e+00,0.000000000000000000e+00,0.000000000000000000e+00,0.000000000000000000e+00,0.000000000000000000e+00,0.000000000000000000e+00,0.000000000000000000e+00,0.000000000000000000e+00,0.000000000000000000e+00,0.000000000000000000e+00,0.000000000000000000e+00,0.000000000000000000e+00,0.000000000000000000e+00,0.000000000000000000e+00,0.000000000000000000e+00,0.000000000000000000e+00,0.000000000000000000e+00,0.000000000000000000e+00,0.000000000000000000e+00,0.000000000000000000e+00,0.000000000000000000e+00,0.000000000000000000e+00,0.000000000000000000e+00,0.000000000000000000e+00,0.000000000000000000e+00,0.000000000000000000e+00,0.000000000000000000e+00,0.000000000000000000e+00,0.000000000000000000e+00,0.000000000000000000e+00,0.000000000000000000e+00,0.000000000000000000e+00,0.000000000000000000e+00,0.000000000000000000e+00,0.000000000000000000e+00,0.000000000000000000e+00,0.000000000000000000e+00,0.000000000000000000e+00,0.000000000000000000e+00,0.000000000000000000e+00,0.000000000000000000e+00,0.000000000000000000e+00,0.000000000000000000e+00,0.000000000000000000e+00,0.000000000000000000e+00,0.000000000000000000e+00,0.000000000000000000e+00,0.000000000000000000e+00,0.000000000000000000e+00,0.000000000000000000e+00,0.000000000000000000e+00,0.000000000000000000e+00,0.000000000000000000e+00,0.000000000000000000e+00,0.000000000000000000e+00,0.000000000000000000e+00,0.000000000000000000e+00,0.000000000000000000e+00,0.000000000000000000e+00,0.000000000000000000e+00,0.000000000000000000e+00,0.000000000000000000e+00,0.000000000000000000e+00,0.000000000000000000e+00,0.000000000000000000e+00,0.000000000000000000e+00,0.000000000000000000e+00,0.000000000000000000e+00,0.000000000000000000e+00,0.000000000000000000e+00,0.000000000000000000e+00,0.000000000000000000e+00,0.000000000000000000e+00,0.000000000000000000e+00,0.000000000000000000e+00,0.000000000000000000e+00,0.000000000000000000e+00,0.000000000000000000e+00,0.000000000000000000e+00,0.000000000000000000e+00,0.000000000000000000e+00,0.000000000000000000e+00,0.000000000000000000e+00,0.000000000000000000e+00,0.000000000000000000e+00,0.000000000000000000e+00,0.000000000000000000e+00,0.000000000000000000e+00,0.000000000000000000e+00,0.000000000000000000e+00,0.000000000000000000e+00,0.000000000000000000e+00,0.000000000000000000e+00,0.000000000000000000e+00,0.000000000000000000e+00,0.000000000000000000e+00,0.000000000000000000e+00,0.000000000000000000e+00,0.000000000000000000e+00,0.000000000000000000e+00,0.000000000000000000e+00,0.000000000000000000e+00,0.000000000000000000e+00,0.000000000000000000e+00,0.000000000000000000e+00,0.000000000000000000e+00,0.000000000000000000e+00,0.000000000000000000e+00,0.000000000000000000e+00,0.000000000000000000e+00,0.000000000000000000e+00,0.000000000000000000e+00,0.000000000000000000e+00,0.000000000000000000e+00,0.000000000000000000e+00,0.000000000000000000e+00,0.000000000000000000e+00,0.000000000000000000e+00,0.000000000000000000e+00,0.000000000000000000e+00,0.000000000000000000e+00,0.000000000000000000e+00,0.000000000000000000e+00,0.000000000000000000e+00,0.000000000000000000e+00
ETAP,0.000000000000000000e+00,0.000000000000000000e+00,0.000000000000000000e+00,0.000000000000000000e+00,0.000000000000000000e+00,0.000000000000000000e+00,0.000000000000000000e+00,0.000000000000000000e+00,0.000000000000000000e+00,0.000000000000000000e+00,0.000000000000000000e+00,0.000000000000000000e+00,0.000000000000000000e+00,0.000000000000000000e+00,0.000000000000000000e+00,0.000000000000000000e+00,0.000000000000000000e+00,0.000000000000000000e+00,0.000000000000000000e+00,0.000000000000000000e+00,0.000000000000000000e+00,0.000000000000000000e+00,0.000000000000000000e+00,0.000000000000000000e+00,0.000000000000000000e+00,0.000000000000000000e+00,0.000000000000000000e+00,0.000000000000000000e+00,0.000000000000000000e+00,0.000000000000000000e+00,0.000000000000000000e+00,0.000000000000000000e+00,0.000000000000000000e+00,0.000000000000000000e+00,0.000000000000000000e+00,0.000000000000000000e+00,0.000000000000000000e+00,0.000000000000000000e+00,0.000000000000000000e+00,0.000000000000000000e+00,0.000000000000000000e+00,0.000000000000000000e+00,0.000000000000000000e+00,0.000000000000000000e+00,0.000000000000000000e+00,0.000000000000000000e+00,0.000000000000000000e+00,0.000000000000000000e+00,0.000000000000000000e+00,0.000000000000000000e+00,0.000000000000000000e+00,0.000000000000000000e+00,0.000000000000000000e+00,0.000000000000000000e+00,0.000000000000000000e+00,0.000000000000000000e+00,0.000000000000000000e+00,0.000000000000000000e+00,0.000000000000000000e+00,0.000000000000000000e+00,0.000000000000000000e+00,0.000000000000000000e+00,0.000000000000000000e+00,0.000000000000000000e+00,0.000000000000000000e+00,0.000000000000000000e+00,0.000000000000000000e+00,0.000000000000000000e+00,0.000000000000000000e+00,0.000000000000000000e+00,0.000000000000000000e+00,0.000000000000000000e+00,0.000000000000000000e+00,0.000000000000000000e+00,0.000000000000000000e+00,0.000000000000000000e+00,0.000000000000000000e+00,0.000000000000000000e+00,0.000000000000000000e+00,0.000000000000000000e+00,0.000000000000000000e+00,0.000000000000000000e+00,0.000000000000000000e+00,0.000000000000000000e+00,0.000000000000000000e+00,0.000000000000000000e+00,0.000000000000000000e+00,0.000000000000000000e+00,0.000000000000000000e+00,0.000000000000000000e+00,0.000000000000000000e+00,0.000000000000000000e+00,0.000000000000000000e+00,0.000000000000000000e+00,0.000000000000000000e+00,0.000000000000000000e+00,0.000000000000000000e+00,0.000000000000000000e+00,0.000000000000000000e+00,0.000000000000000000e+00,0.000000000000000000e+00,0.000000000000000000e+00,0.000000000000000000e+00,0.000000000000000000e+00,0.000000000000000000e+00,0.000000000000000000e+00,0.000000000000000000e+00,0.000000000000000000e+00,0.000000000000000000e+00,0.000000000000000000e+00,0.000000000000000000e+00,0.000000000000000000e+00,0.000000000000000000e+00,0.000000000000000000e+00,0.000000000000000000e+00,0.000000000000000000e+00,0.000000000000000000e+00,0.000000000000000000e+00,0.000000000000000000e+00,0.000000000000000000e+00,0.000000000000000000e+00,0.000000000000000000e+00,0.000000000000000000e+00,0.000000000000000000e+00,0.000000000000000000e+00,0.000000000000000000e+00,0.000000000000000000e+00,0.000000000000000000e+00,0.000000000000000000e+00,0.000000000000000000e+00,0.000000000000000000e+00,0.000000000000000000e+00,0.000000000000000000e+00,0.000000000000000000e+00,0.000000000000000000e+00,0.000000000000000000e+00,0.000000000000000000e+00,0.000000000000000000e+00,0.000000000000000000e+00,0.000000000000000000e+00,0.000000000000000000e+00,0.000000000000000000e+00,0.000000000000000000e+00,0.000000000000000000e+00,0.000000000000000000e+00,0.000000000000000000e+00,0.000000000000000000e+00,0.000000000000000000e+00,0.000000000000000000e+00,0.000000000000000000e+00,0.000000000000000000e+00,0.000000000000000000e+00,0.000000000000000000e+00,0.000000000000000000e+00,0.000000000000000000e+00,0.000000000000000000e+00,0.000000000000000000e+00,0.000000000000000000e+00,0.000000000000000000e+00,0.000000000000000000e+00,0.000000000000000000e+00,0.000000000000000000e+00,0.000000000000000000e+00,0.000000000000000000e+00,0.000000000000000000e+00,0.000000000000000000e+00,0.000000000000000000e+00,0.000000000000000000e+00,0.000000000000000000e+00,0.000000000000000000e+00,0.000000000000000000e+00,0.000000000000000000e+00,0.000000000000000000e+00,0.000000000000000000e+00,0.000000000000000000e+00,0.000000000000000000e+00,0.000000000000000000e+00,0.000000000000000000e+00,0.000000000000000000e+00,0.000000000000000000e+00,0.000000000000000000e+00,0.000000000000000000e+00,0.000000000000000000e+00,0.000000000000000000e+00,0.000000000000000000e+00,0.000000000000000000e+00,0.000000000000000000e+00,0.000000000000000000e+00,0.000000000000000000e+00,0.000000000000000000e+00,0.000000000000000000e+00,0.000000000000000000e+00,0.000000000000000000e+00,0.000000000000000000e+00,0.000000000000000000e+00,0.000000000000000000e+00,0.000000000000000000e+00,0.000000000000000000e+00,0.000000000000000000e+00,0.000000000000000000e+00,0.000000000000000000e+00,0.000000000000000000e+00,0.000000000000000000e+00
FC_AoA_,4.000000000000000000e+00
FC_Beta_,0.000000000000000000e+00
FC_Bref_,1.639999999999999858e+01
FC_Cref_,1.881000000000000005e+00
FC_Mach_,2.030000000000000138e-01
FC_Pitch_Rate,0.000000000000000000e+00
FC_Rho_,2.377000000000000206e-03
FC_Roll__Rate,0.000000000000000000e+00
FC_Sref_,3.000000340000000065e+01
FC_Vinf_,1.000000000000000000e+02
FC_Xcg_,3.750000000000000000e+00
FC_Yaw___Rate,0.000000000000000000e+00
FC_Ycg_,0.000000000000000000e+00
FC_Zcg_,0.000000000000000000e+00
FOM,0.000000000000000000e+00,0.000000000000000000e+00,0.000000000000000000e+00,0.000000000000000000e+00,0.000000000000000000e+00,0.000000000000000000e+00,0.000000000000000000e+00,0.000000000000000000e+00,0.000000000000000000e+00,0.000000000000000000e+00,0.000000000000000000e+00,0.000000000000000000e+00,0.000000000000000000e+00,0.000000000000000000e+00,0.000000000000000000e+00,0.000000000000000000e+00,0.000000000000000000e+00,0.000000000000000000e+00,0.000000000000000000e+00,0.000000000000000000e+00,0.000000000000000000e+00,0.000000000000000000e+00,0.000000000000000000e+00,0.000000000000000000e+00,0.000000000000000000e+00,0.000000000000000000e+00,0.000000000000000000e+00,0.000000000000000000e+00,0.000000000000000000e+00,0.000000000000000000e+00,0.000000000000000000e+00,0.000000000000000000e+00,0.000000000000000000e+00,0.000000000000000000e+00,0.000000000000000000e+00,0.000000000000000000e+00,0.000000000000000000e+00,0.000000000000000000e+00,0.000000000000000000e+00,0.000000000000000000e+00,0.000000000000000000e+00,0.000000000000000000e+00,0.000000000000000000e+00,0.000000000000000000e+00,0.000000000000000000e+00,0.000000000000000000e+00,0.000000000000000000e+00,0.000000000000000000e+00,0.000000000000000000e+00,0.000000000000000000e+00,0.000000000000000000e+00,0.000000000000000000e+00,0.000000000000000000e+00,0.000000000000000000e+00,0.000000000000000000e+00,0.000000000000000000e+00,0.000000000000000000e+00,0.000000000000000000e+00,0.000000000000000000e+00,0.000000000000000000e+00,0.000000000000000000e+00,0.000000000000000000e+00,0.000000000000000000e+00,0.000000000000000000e+00,0.000000000000000000e+00,0.000000000000000000e+00,0.000000000000000000e+00,0.000000000000000000e+00,0.000000000000000000e+00,0.000000000000000000e+00,0.000000000000000000e+00,0.000000000000000000e+00,0.000000000000000000e+00,0.000000000000000000e+00,0.000000000000000000e+00,0.000000000000000000e+00,0.000000000000000000e+00,0.000000000000000000e+00,0.000000000000000000e+00,0.000000000000000000e+00,0.000000000000000000e+00,0.000000000000000000e+00,0.000000000000000000e+00,0.000000000000000000e+00,0.000000000000000000e+00,0.000000000000000000e+00,0.000000000000000000e+00,0.000000000000000000e+00,0.000000000000000000e+00,0.000000000000000000e+00,0.000000000000000000e+00,0.000000000000000000e+00,0.000000000000000000e+00,0.000000000000000000e+00,0.000000000000000000e+00,0.000000000000000000e+00,0.000000000000000000e+00,0.000000000000000000e+00,0.000000000000000000e+00,0.000000000000000000e+00,0.000000000000000000e+00,0.000000000000000000e+00,0.000000000000000000e+00,0.000000000000000000e+00,0.000000000000000000e+00,0.000000000000000000e+00,0.000000000000000000e+00,0.000000000000000000e+00,0.000000000000000000e+00,0.000000000000000000e+00,0.000000000000000000e+00,0.000000000000000000e+00,0.000000000000000000e+00,0.000000000000000000e+00,0.000000000000000000e+00,0.000000000000000000e+00,0.000000000000000000e+00,0.000000000000000000e+00,0.000000000000000000e+00,0.000000000000000000e+00,0.000000000000000000e+00,0.000000000000000000e+00,0.000000000000000000e+00,0.000000000000000000e+00,0.000000000000000000e+00,0.000000000000000000e+00,0.000000000000000000e+00,0.000000000000000000e+00,0.000000000000000000e+00,0.000000000000000000e+00,0.000000000000000000e+00,0.000000000000000000e+00,0.000000000000000000e+00,0.000000000000000000e+00,0.000000000000000000e+00,0.000000000000000000e+00,0.000000000000000000e+00,0.000000000000000000e+00,0.000000000000000000e+00,0.000000000000000000e+00,0.000000000000000000e+00,0.000000000000000000e+00,0.000000000000000000e+00,0.000000000000000000e+00,0.000000000000000000e+00,0.000000000000000000e+00,0.000000000000000000e+00,0.000000000000000000e+00,0.000000000000000000e+00,0.000000000000000000e+00,0.000000000000000000e+00,0.000000000000000000e+00,0.000000000000000000e+00,0.000000000000000000e+00,0.000000000000000000e+00,0.000000000000000000e+00,0.000000000000000000e+00,0.000000000000000000e+00,0.000000000000000000e+00,0.000000000000000000e+00,0.000000000000000000e+00,0.000000000000000000e+00,0.000000000000000000e+00,0.000000000000000000e+00,0.000000000000000000e+00,0.000000000000000000e+00,0.000000000000000000e+00,0.000000000000000000e+00,0.000000000000000000e+00,0.000000000000000000e+00,0.000000000000000000e+00,0.000000000000000000e+00,0.000000000000000000e+00,0.000000000000000000e+00,0.000000000000000000e+00,0.000000000000000000e+00,0.000000000000000000e+00,0.000000000000000000e+00,0.000000000000000000e+00,0.000000000000000000e+00,0.000000000000000000e+00,0.000000000000000000e+00,0.000000000000000000e+00,0.000000000000000000e+00,0.000000000000000000e+00,0.000000000000000000e+00,0.000000000000000000e+00,0.000000000000000000e+00,0.000000000000000000e+00,0.000000000000000000e+00,0.000000000000000000e+00,0.000000000000000000e+00,0.000000000000000000e+00,0.000000000000000000e+00,0.000000000000000000e+00,0.000000000000000000e+00,0.000000000000000000e+00,0.000000000000000000e+00,0.000000000000000000e+00,0.000000000000000000e+00,0.000000000000000000e+00,0.000000000000000000e+00,0.000000000000000000e+00
IsARotor,0,0,0,0,0,0,0,0,0,0,0,0,0,0,0,0,0,0,0,0,0,0,0,0,0,0,0,0,0,0,0,0,0,0,0,0,0,0,0,0,0,0,0,0,0,0,0,0,0,0,0,0,0,0,0,0,0,0,0,0,0,0,0,0,0,0,0,0,0,0,0,0,0,0,0,0,0,0,0,0,0,0,0,0,0,0,0,0,0,0,0,0,0,0,0,0,0,0,0,0,0,0,0,0,0,0,0,0,0,0,0,0,0,0,0,0,0,0,0,0,0,0,0,0,0,0,0,0,0,0,0,0,0,0,0,0,0,0,0,0,0,0,0,0,0,0,0,0,0,0,0,0,0,0,0,0,0,0,0,0,0,0,0,0,0,0,0,0,0,0,0,0,0,0,0,0,0,0,0,0,0,0,0,0,0,0,0,0,0,0,0,0,0,0,0,0,0,0,0,0,0,0,0
Iter,20,20,20,20,20,20,20,20,20,20,20,20,20,20,20,20,20,20,20,20,20,20,20,20,20,20,20,20,20,20,20,20,20,20,20,20,20,20,20,20,20,20,20,20,20,20,20,20,20,20,20,20,20,20,20,20,20,20,20,20,20,20,20,20,20,20,20,20,20,20,20,20,20,20,20,20,20,20,20,20,20,20,20,20,20,20,20,20,20,20,20,20,20,20,20,20,20,20,20,20,20,20,20,20,20,20,20,20,20,20,20,20,20,20,20,20,20,20,20,20,20,20,20,20,20,20,20,20,20,20,20,20,20,20,20,20,20,20,20,20,20,20,20,20,20,20,20,20,20,20,20,20,20,20,20,20,20,20,20,20,20,20,20,20,20,20,20,20,20,20,20,20,20,20,20,20,20,20,20,20,20,20,20,20,20,20,20,20,20,20,20,20,20,20,20,20,20,20,20,20,20,20,20
J,0.000000000000000000e+00,0.000000000000000000e+00,0.000000000000000000e+00,0.000000000000000000e+00,0.000000000000000000e+00,0.000000000000000000e+00,0.000000000000000000e+00,0.000000000000000000e+00,0.000000000000000000e+00,0.000000000000000000e+00,0.000000000000000000e+00,0.000000000000000000e+00,0.000000000000000000e+00,0.000000000000000000e+00,0.000000000000000000e+00,0.000000000000000000e+00,0.000000000000000000e+00,0.000000000000000000e+00,0.000000000000000000e+00,0.000000000000000000e+00,0.000000000000000000e+00,0.000000000000000000e+00,0.000000000000000000e+00,0.000000000000000000e+00,0.000000000000000000e+00,0.000000000000000000e+00,0.000000000000000000e+00,0.000000000000000000e+00,0.000000000000000000e+00,0.000000000000000000e+00,0.000000000000000000e+00,0.000000000000000000e+00,0.000000000000000000e+00,0.000000000000000000e+00,0.000000000000000000e+00,0.000000000000000000e+00,0.000000000000000000e+00,0.000000000000000000e+00,0.000000000000000000e+00,0.000000000000000000e+00,0.000000000000000000e+00,0.000000000000000000e+00,0.000000000000000000e+00,0.000000000000000000e+00,0.000000000000000000e+00,0.000000000000000000e+00,0.000000000000000000e+00,0.000000000000000000e+00,0.000000000000000000e+00,0.000000000000000000e+00,0.000000000000000000e+00,0.000000000000000000e+00,0.000000000000000000e+00,0.000000000000000000e+00,0.000000000000000000e+00,0.000000000000000000e+00,0.000000000000000000e+00,0.000000000000000000e+00,0.000000000000000000e+00,0.000000000000000000e+00,0.000000000000000000e+00,0.000000000000000000e+00,0.000000000000000000e+00,0.000000000000000000e+00,0.000000000000000000e+00,0.000000000000000000e+00,0.000000000000000000e+00,0.000000000000000000e+00,0.000000000000000000e+00,0.000000000000000000e+00,0.000000000000000000e+00,0.000000000000000000e+00,0.000000000000000000e+00,0.000000000000000000e+00,0.000000000000000000e+00,0.000000000000000000e+00,0.000000000000000000e+00,0.000000000000000000e+00,0.000000000000000000e+00,0.000000000000000000e+00,0.000000000000000000e+00,0.000000000000000000e+00,0.000000000000000000e+00,0.000000000000000000e+00,0.000000000000000000e+00,0.000000000000000000e+00,0.000000000000000000e+00,0.000000000000000000e+00,0.000000000000000000e+00,0.000000000000000000e+00,0.000000000000000000e+00,0.000000000000000000e+00,0.000000000000000000e+00,0.000000000000000000e+00,0.000000000000000000e+00,0.000000000000000000e+00,0.000000000000000000e+00,0.000000000000000000e+00,0.000000000000000000e+00,0.000000000000000000e+00,0.000000000000000000e+00,0.000000000000000000e+00,0.000000000000000000e+00,0.000000000000000000e+00,0.000000000000000000e+00,0.000000000000000000e+00,0.000000000000000000e+00,0.000000000000000000e+00,0.000000000000000000e+00,0.000000000000000000e+00,0.000000000000000000e+00,0.000000000000000000e+00,0.000000000000000000e+00,0.000000000000000000e+00,0.000000000000000000e+00,0.000000000000000000e+00,0.000000000000000000e+00,0.000000000000000000e+00,0.000000000000000000e+00,0.000000000000000000e+00,0.000000000000000000e+00,0.000000000000000000e+00,0.000000000000000000e+00,0.000000000000000000e+00,0.000000000000000000e+00,0.000000000000000000e+00,0.000000000000000000e+00,0.000000000000000000e+00,0.000000000000000000e+00,0.000000000000000000e+00,0.000000000000000000e+00,0.000000000000000000e+00,0.000000000000000000e+00,0.000000000000000000e+00,0.000000000000000000e+00,0.000000000000000000e+00,0.000000000000000000e+00,0.000000000000000000e+00,0.000000000000000000e+00,0.000000000000000000e+00,0.000000000000000000e+00,0.000000000000000000e+00,0.000000000000000000e+00,0.000000000000000000e+00,0.000000000000000000e+00,0.000000000000000000e+00,0.000000000000000000e+00,0.000000000000000000e+00,0.000000000000000000e+00,0.000000000000000000e+00,0.000000000000000000e+00,0.000000000000000000e+00,0.000000000000000000e+00,0.000000000000000000e+00,0.000000000000000000e+00,0.000000000000000000e+00,0.000000000000000000e+00,0.000000000000000000e+00,0.000000000000000000e+00,0.000000000000000000e+00,0.000000000000000000e+00,0.000000000000000000e+00,0.000000000000000000e+00,0.000000000000000000e+00,0.000000000000000000e+00,0.000000000000000000e+00,0.000000000000000000e+00,0.000000000000000000e+00,0.000000000000000000e+00,0.000000000000000000e+00,0.000000000000000000e+00,0.000000000000000000e+00,0.000000000000000000e+00,0.000000000000000000e+00,0.000000000000000000e+00,0.000000000000000000e+00,0.000000000000000000e+00,0.000000000000000000e+00,0.000000000000000000e+00,0.000000000000000000e+00,0.000000000000000000e+00,0.000000000000000000e+00,0.000000000000000000e+00,0.000000000000000000e+00,0.000000000000000000e+00,0.000000000000000000e+00,0.000000000000000000e+00,0.000000000000000000e+00,0.000000000000000000e+00,0.000000000000000000e+00,0.000000000000000000e+00,0.000000000000000000e+00,0.000000000000000000e+00,0.000000000000000000e+00,0.000000000000000000e+00,0.000000000000000000e+00,0.000000000000000000e+00,0.000000000000000000e+00,0.000000000000000000e+00,0.000000000000000000e+00,0.000000000000000000e+00,0.000000000000000000e+00,0.000000000000000000e+00
Moment,0.000000000000000000e+00,0.000000000000000000e+00,0.000000000000000000e+00,0.000000000000000000e+00,0.000000000000000000e+00,0.000000000000000000e+00,0.000000000000000000e+00,0.000000000000000000e+00,0.000000000000000000e+00,0.000000000000000000e+00,0.000000000000000000e+00,0.000000000000000000e+00,0.000000000000000000e+00,0.000000000000000000e+00,0.000000000000000000e+00,0.000000000000000000e+00,0.000000000000000000e+00,0.000000000000000000e+00,0.000000000000000000e+00,0.000000000000000000e+00,0.000000000000000000e+00,0.000000000000000000e+00,0.000000000000000000e+00,0.000000000000000000e+00,0.000000000000000000e+00,0.000000000000000000e+00,0.000000000000000000e+00,0.000000000000000000e+00,0.000000000000000000e+00,0.000000000000000000e+00,0.000000000000000000e+00,0.000000000000000000e+00,0.000000000000000000e+00,0.000000000000000000e+00,0.000000000000000000e+00,0.000000000000000000e+00,0.000000000000000000e+00,0.000000000000000000e+00,0.000000000000000000e+00,0.000000000000000000e+00,0.000000000000000000e+00,0.000000000000000000e+00,0.000000000000000000e+00,0.000000000000000000e+00,0.000000000000000000e+00,0.000000000000000000e+00,0.000000000000000000e+00,0.000000000000000000e+00,0.000000000000000000e+00,0.000000000000000000e+00,0.000000000000000000e+00,0.000000000000000000e+00,0.000000000000000000e+00,0.000000000000000000e+00,0.000000000000000000e+00,0.000000000000000000e+00,0.000000000000000000e+00,0.000000000000000000e+00,0.000000000000000000e+00,0.000000000000000000e+00,0.000000000000000000e+00,0.000000000000000000e+00,0.000000000000000000e+00,0.000000000000000000e+00,0.000000000000000000e+00,0.000000000000000000e+00,0.000000000000000000e+00,0.000000000000000000e+00,0.000000000000000000e+00,0.000000000000000000e+00,0.000000000000000000e+00,0.000000000000000000e+00,0.000000000000000000e+00,0.000000000000000000e+00,0.000000000000000000e+00,0.000000000000000000e+00,0.000000000000000000e+00,0.000000000000000000e+00,0.000000000000000000e+00,0.000000000000000000e+00,0.000000000000000000e+00,0.000000000000000000e+00,0.000000000000000000e+00,0.000000000000000000e+00,0.000000000000000000e+00,0.000000000000000000e+00,0.000000000000000000e+00,0.000000000000000000e+00,0.000000000000000000e+00,0.000000000000000000e+00,0.000000000000000000e+00,0.000000000000000000e+00,0.000000000000000000e+00,0.000000000000000000e+00,0.000000000000000000e+00,0.000000000000000000e+00,0.000000000000000000e+00,0.000000000000000000e+00,0.000000000000000000e+00,0.000000000000000000e+00,0.000000000000000000e+00,0.000000000000000000e+00,0.000000000000000000e+00,0.000000000000000000e+00,0.000000000000000000e+00,0.000000000000000000e+00,0.000000000000000000e+00,0.000000000000000000e+00,0.000000000000000000e+00,0.000000000000000000e+00,0.000000000000000000e+00,0.000000000000000000e+00,0.000000000000000000e+00,0.000000000000000000e+00,0.000000000000000000e+00,0.000000000000000000e+00,0.000000000000000000e+00,0.000000000000000000e+00,0.000000000000000000e+00,0.000000000000000000e+00,0.000000000000000000e+00,0.000000000000000000e+00,0.000000000000000000e+00,0.000000000000000000e+00,0.000000000000000000e+00,0.000000000000000000e+00,0.000000000000000000e+00,0.000000000000000000e+00,0.000000000000000000e+00,0.000000000000000000e+00,0.000000000000000000e+00,0.000000000000000000e+00,0.000000000000000000e+00,0.000000000000000000e+00,0.000000000000000000e+00,0.000000000000000000e+00,0.000000000000000000e+00,0.000000000000000000e+00,0.000000000000000000e+00,0.000000000000000000e+00,0.000000000000000000e+00,0.000000000000000000e+00,0.000000000000000000e+00,0.000000000000000000e+00,0.000000000000000000e+00,0.000000000000000000e+00,0.000000000000000000e+00,0.000000000000000000e+00,0.000000000000000000e+00,0.000000000000000000e+00,0.000000000000000000e+00,0.000000000000000000e+00,0.000000000000000000e+00,0.000000000000000000e+00,0.000000000000000000e+00,0.000000000000000000e+00,0.000000000000000000e+00,0.000000000000000000e+00,0.000000000000000000e+00,0.000000000000000000e+00,0.000000000000000000e+00,0.000000000000000000e+00,0.000000000000000000e+00,0.000000000000000000e+00,0.000000000000000000e+00,0.000000000000000000e+00,0.000000000000000000e+00,0.000000000000000000e+00,0.000000000000000000e+00,0.000000000000000000e+00,0.000000000000000000e+00,0.000000000000000000e+00,0.000000000000000000e+00,0.000000000000000000e+00,0.000000000000000000e+00,0.000000000000000000e+00,0.000000000000000000e+00,0.000000000000000000e+00,0.000000000000000000e+00,0.000000000000000000e+00,0.000000000000000000e+00,0.000000000000000000e+00,0.000000000000000000e+00,0.000000000000000000e+00,0.000000000000000000e+00,0.000000000000000000e+00,0.000000000000000000e+00,0.000000000000000000e+00,0.000000000000000000e+00,0.000000000000000000e+00,0.000000000000000000e+00,0.000000000000000000e+00,0.000000000000000000e+00,0.000000000000000000e+00,0.000000000000000000e+00,0.000000000000000000e+00,0.000000000000000000e+00,0.000000000000000000e+00,0.000000000000000000e+00,0.000000000000000000e+00,0.000000000000000000e+00,0.000000000000000000e+00,0.000000000000000000e+00
Momenti,0.000000000000000000e+00,0.000000000000000000e+00,0.000000000000000000e+00,0.000000000000000000e+00,0.000000000000000000e+00,0.000000000000000000e+00,0.000000000000000000e+00,0.000000000000000000e+00,0.000000000000000000e+00,0.000000000000000000e+00,0.000000000000000000e+00,0.000000000000000000e+00,0.000000000000000000e+00,0.000000000000000000e+00,0.000000000000000000e+00,0.000000000000000000e+00,0.000000000000000000e+00,0.000000000000000000e+00,0.000000000000000000e+00,0.000000000000000000e+00,0.000000000000000000e+00,0.000000000000000000e+00,0.000000000000000000e+00,0.000000000000000000e+00,0.000000000000000000e+00,0.000000000000000000e+00,0.000000000000000000e+00,0.000000000000000000e+00,0.000000000000000000e+00,0.000000000000000000e+00,0.000000000000000000e+00,0.000000000000000000e+00,0.000000000000000000e+00,0.000000000000000000e+00,0.000000000000000000e+00,0.000000000000000000e+00,0.000000000000000000e+00,0.000000000000000000e+00,0.000000000000000000e+00,0.000000000000000000e+00,0.000000000000000000e+00,0.000000000000000000e+00,0.000000000000000000e+00,0.000000000000000000e+00,0.000000000000000000e+00,0.000000000000000000e+00,0.000000000000000000e+00,0.000000000000000000e+00,0.000000000000000000e+00,0.000000000000000000e+00,0.000000000000000000e+00,0.000000000000000000e+00,0.000000000000000000e+00,0.000000000000000000e+00,0.000000000000000000e+00,0.000000000000000000e+00,0.000000000000000000e+00,0.000000000000000000e+00,0.000000000000000000e+00,0.000000000000000000e+00,0.000000000000000000e+00,0.000000000000000000e+00,0.000000000000000000e+00,0.000000000000000000e+00,0.000000000000000000e+00,0.000000000000000000e+00,0.000000000000000000e+00,0.000000000000000000e+00,0.000000000000000000e+00,0.000000000000000000e+00,0.000000000000000000e+00,0.000000000000000000e+00,0.000000000000000000e+00,0.000000000000000000e+00,0.000000000000000000e+00,0.000000000000000000e+00,0.000000000000000000e+00,0.000000000000000000e+00,0.000000000000000000e+00,0.000000000000000000e+00,0.000000000000000000e+00,0.000000000000000000e+00,0.000000000000000000e+00,0.000000000000000000e+00,0.000000000000000000e+00,0.000000000000000000e+00,0.000000000000000000e+00,0.000000000000000000e+00,0.000000000000000000e+00,0.000000000000000000e+00,0.000000000000000000e+00,0.000000000000000000e+00,0.000000000000000000e+00,0.000000000000000000e+00,0.000000000000000000e+00,0.000000000000000000e+00,0.000000000000000000e+00,0.000000000000000000e+00,0.000000000000000000e+00,0.000000000000000000e+00,0.000000000000000000e+00,0.000000000000000000e+00,0.000000000000000000e+00,0.000000000000000000e+00,0.000000000000000000e+00,0.000000000000000000e+00,0.000000000000000000e+00,0.000000000000000000e+00,0.000000000000000000e+00,0.000000000000000000e+00,0.000000000000000000e+00,0.000000000000000000e+00,0.000000000000000000e+00,0.000000000000000000e+00,0.000000000000000000e+00,0.000000000000000000e+00,0.000000000000000000e+00,0.000000000000000000e+00,0.000000000000000000e+00,0.000000000000000000e+00,0.000000000000000000e+00,0.000000000000000000e+00,0.000000000000000000e+00,0.000000000000000000e+00,0.000000000000000000e+00,0.000000000000000000e+00,0.000000000000000000e+00,0.000000000000000000e+00,0.000000000000000000e+00,0.000000000000000000e+00,0.000000000000000000e+00,0.000000000000000000e+00,0.000000000000000000e+00,0.000000000000000000e+00,0.000000000000000000e+00,0.000000000000000000e+00,0.000000000000000000e+00,0.000000000000000000e+00,0.000000000000000000e+00,0.000000000000000000e+00,0.000000000000000000e+00,0.000000000000000000e+00,0.000000000000000000e+00,0.000000000000000000e+00,0.000000000000000000e+00,0.000000000000000000e+00,0.000000000000000000e+00,0.000000000000000000e+00,0.000000000000000000e+00,0.000000000000000000e+00,0.000000000000000000e+00,0.000000000000000000e+00,0.000000000000000000e+00,0.000000000000000000e+00,0.000000000000000000e+00,0.000000000000000000e+00,0.000000000000000000e+00,0.000000000000000000e+00,0.000000000000000000e+00,0.000000000000000000e+00,0.000000000000000000e+00,0.000000000000000000e+00,0.000000000000000000e+00,0.000000000000000000e+00,0.000000000000000000e+00,0.000000000000000000e+00,0.000000000000000000e+00,0.000000000000000000e+00,0.000000000000000000e+00,0.000000000000000000e+00,0.000000000000000000e+00,0.000000000000000000e+00,0.000000000000000000e+00,0.000000000000000000e+00,0.000000000000000000e+00,0.000000000000000000e+00,0.000000000000000000e+00,0.000000000000000000e+00,0.000000000000000000e+00,0.000000000000000000e+00,0.000000000000000000e+00,0.000000000000000000e+00,0.000000000000000000e+00,0.000000000000000000e+00,0.000000000000000000e+00,0.000000000000000000e+00,0.000000000000000000e+00,0.000000000000000000e+00,0.000000000000000000e+00,0.000000000000000000e+00,0.000000000000000000e+00,0.000000000000000000e+00,0.000000000000000000e+00,0.000000000000000000e+00,0.000000000000000000e+00,0.000000000000000000e+00,0.000000000000000000e+00,0.000000000000000000e+00,0.000000000000000000e+00,0.000000000000000000e+00,0.000000000000000000e+00,0.000000000000000000e+00,0.000000000000000000e+00
Momento,0.000000000000000000e+00,0.000000000000000000e+00,0.000000000000000000e+00,0.000000000000000000e+00,0.000000000000000000e+00,0.000000000000000000e+00,0.000000000000000000e+00,0.000000000000000000e+00,0.000000000000000000e+00,0.000000000000000000e+00,0.000000000000000000e+00,0.000000000000000000e+00,0.000000000000000000e+00,0.000000000000000000e+00,0.000000000000000000e+00,0.000000000000000000e+00,0.000000000000000000e+00,0.000000000000000000e+00,0.000000000000000000e+00,0.000000000000000000e+00,0.000000000000000000e+00,0.000000000000000000e+00,0.000000000000000000e+00,0.000000000000000000e+00,0.000000000000000000e+00,0.000000000000000000e+00,0.000000000000000000e+00,0.000000000000000000e+00,0.000000000000000000e+00,0.000000000000000000e+00,0.000000000000000000e+00,0.000000000000000000e+00,0.000000000000000000e+00,0.000000000000000000e+00,0.000000000000000000e+00,0.000000000000000000e+00,0.000000000000000000e+00,0.000000000000000000e+00,0.000000000000000000e+00,0.000000000000000000e+00,0.000000000000000000e+00,0.000000000000000000e+00,0.000000000000000000e+00,0.000000000000000000e+00,0.000000000000000000e+00,0.000000000000000000e+00,0.000000000000000000e+00,0.000000000000000000e+00,0.000000000000000000e+00,0.000000000000000000e+00,0.000000000000000000e+00,0.000000000000000000e+00,0.000000000000000000e+00,0.000000000000000000e+00,0.000000000000000000e+00,0.000000000000000000e+00,0.000000000000000000e+00,0.000000000000000000e+00,0.000000000000000000e+00,0.000000000000000000e+00,0.000000000000000000e+00,0.000000000000000000e+00,0.000000000000000000e+00,0.000000000000000000e+00,0.000000000000000000e+00,0.000000000000000000e+00,0.000000000000000000e+00,0.000000000000000000e+00,0.000000000000000000e+00,0.000000000000000000e+00,0.000000000000000000e+00,0.000000000000000000e+00,0.000000000000000000e+00,0.000000000000000000e+00,0.000000000000000000e+00,0.000000000000000000e+00,0.000000000000000000e+00,0.000000000000000000e+00,0.000000000000000000e+00,0.000000000000000000e+00,0.000000000000000000e+00,0.000000000000000000e+00,0.000000000000000000e+00,0.000000000000000000e+00,0.000000000000000000e+00,0.000000000000000000e+00,0.000000000000000000e+00,0.000000000000000000e+00,0.000000000000000000e+00,0.000000000000000000e+00,0.000000000000000000e+00,0.000000000000000000e+00,0.000000000000000000e+00,0.000000000000000000e+00,0.000000000000000000e+00,0.000000000000000000e+00,0.000000000000000000e+00,0.000000000000000000e+00,0.000000000000000000e+00,0.000000000000000000e+00,0.000000000000000000e+00,0.000000000000000000e+00,0.000000000000000000e+00,0.000000000000000000e+00,0.000000000000000000e+00,0.000000000000000000e+00,0.000000000000000000e+00,0.000000000000000000e+00,0.000000000000000000e+00,0.000000000000000000e+00,0.000000000000000000e+00,0.000000000000000000e+00,0.000000000000000000e+00,0.000000000000000000e+00,0.000000000000000000e+00,0.000000000000000000e+00,0.000000000000000000e+00,0.000000000000000000e+00,0.000000000000000000e+00,0.000000000000000000e+00,0.000000000000000000e+00,0.000000000000000000e+00,0.000000000000000000e+00,0.000000000000000000e+00,0.000000000000000000e+00,0.000000000000000000e+00,0.000000000000000000e+00,0.000000000000000000e+00,0.000000000000000000e+00,0.000000000000000000e+00,0.000000000000000000e+00,0.000000000000000000e+00,0.000000000000000000e+00,0.000000000000000000e+00,0.000000000000000000e+00,0.000000000000000000e+00,0.000000000000000000e+00,0.000000000000000000e+00,0.000000000000000000e+00,0.000000000000000000e+00,0.000000000000000000e+00,0.000000000000000000e+00,0.000000000000000000e+00,0.000000000000000000e+00,0.000000000000000000e+00,0.000000000000000000e+00,0.000000000000000000e+00,0.000000000000000000e+00,0.000000000000000000e+00,0.000000000000000000e+00,0.000000000000000000e+00,0.000000000000000000e+00,0.000000000000000000e+00,0.000000000000000000e+00,0.000000000000000000e+00,0.000000000000000000e+00,0.000000000000000000e+00,0.000000000000000000e+00,0.000000000000000000e+00,0.000000000000000000e+00,0.000000000000000000e+00,0.000000000000000000e+00,0.000000000000000000e+00,0.000000000000000000e+00,0.000000000000000000e+00,0.000000000000000000e+00,0.000000000000000000e+00,0.000000000000000000e+00,0.000000000000000000e+00,0.000000000000000000e+00,0.000000000000000000e+00,0.000000000000000000e+00,0.000000000000000000e+00,0.000000000000000000e+00,0.000000000000000000e+00,0.000000000000000000e+00,0.000000000000000000e+00,0.000000000000000000e+00,0.000000000000000000e+00,0.000000000000000000e+00,0.000000000000000000e+00,0.000000000000000000e+00,0.000000000000000000e+00,0.000000000000000000e+00,0.000000000000000000e+00,0.000000000000000000e+00,0.000000000000000000e+00,0.000000000000000000e+00,0.000000000000000000e+00,0.000000000000000000e+00,0.000000000000000000e+00,0.000000000000000000e+00,0.000000000000000000e+00,0.000000000000000000e+00,0.000000000000000000e+00,0.000000000000000000e+00,0.000000000000000000e+00,0.000000000000000000e+00,0.000000000000000000e+00,0.000000000000000000e+00,0.000000000000000000e+00,0.000000000000000000e+00,0.000000000000000000e+00
Power,0.000000000000000000e+00,0.000000000000000000e+00,0.000000000000000000e+00,0.000000000000000000e+00,0.000000000000000000e+00,0.000000000000000000e+00,0.000000000000000000e+00,0.000000000000000000e+00,0.000000000000000000e+00,0.000000000000000000e+00,0.000000000000000000e+00,0.000000000000000000e+00,0.000000000000000000e+00,0.000000000000000000e+00,0.000000000000000000e+00,0.000000000000000000e+00,0.000000000000000000e+00,0.000000000000000000e+00,0.000000000000000000e+00,0.000000000000000000e+00,0.000000000000000000e+00,0.000000000000000000e+00,0.000000000000000000e+00,0.000000000000000000e+00,0.000000000000000000e+00,0.000000000000000000e+00,0.000000000000000000e+00,0.000000000000000000e+00,0.000000000000000000e+00,0.000000000000000000e+00,0.000000000000000000e+00,0.000000000000000000e+00,0.000000000000000000e+00,0.000000000000000000e+00,0.000000000000000000e+00,0.000000000000000000e+00,0.000000000000000000e+00,0.000000000000000000e+00,0.000000000000000000e+00,0.000000000000000000e+00,0.000000000000000000e+00,0.000000000000000000e+00,0.000000000000000000e+00,0.000000000000000000e+00,0.000000000000000000e+00,0.000000000000000000e+00,0.000000000000000000e+00,0.000000000000000000e+00,0.000000000000000000e+00,0.000000000000000000e+00,0.000000000000000000e+00,0.000000000000000000e+00,0.000000000000000000e+00,0.000000000000000000e+00,0.000000000000000000e+00,0.000000000000000000e+00,0.000000000000000000e+00,0.000000000000000000e+00,0.000000000000000000e+00,0.000000000000000000e+00,0.000000000000000000e+00,0.000000000000000000e+00,0.000000000000000000e+00,0.000000000000000000e+00,0.000000000000000000e+00,0.000000000000000000e+00,0.000000000000000000e+00,0.000000000000000000e+00,0.000000000000000000e+00,0.000000000000000000e+00,0.000000000000000000e+00,0.000000000000000000e+00,0.000000000000000000e+00,0.000000000000000000e+00,0.000000000000000000e+00,0.000000000000000000e+00,0.000000000000000000e+00,0.000000000000000000e+00,0.000000000000000000e+00,0.000000000000000000e+00,0.000000000000000000e+00,0.000000000000000000e+00,0.000000000000000000e+00,0.000000000000000000e+00,0.000000000000000000e+00,0.000000000000000000e+00,0.000000000000000000e+00,0.000000000000000000e+00,0.000000000000000000e+00,0.000000000000000000e+00,0.000000000000000000e+00,0.000000000000000000e+00,0.000000000000000000e+00,0.000000000000000000e+00,0.000000000000000000e+00,0.000000000000000000e+00,0.000000000000000000e+00,0.000000000000000000e+00,0.000000000000000000e+00,0.000000000000000000e+00,0.000000000000000000e+00,0.000000000000000000e+00,0.000000000000000000e+00,0.000000000000000000e+00,0.000000000000000000e+00,0.000000000000000000e+00,0.000000000000000000e+00,0.000000000000000000e+00,0.000000000000000000e+00,0.000000000000000000e+00,0.000000000000000000e+00,0.000000000000000000e+00,0.000000000000000000e+00,0.000000000000000000e+00,0.000000000000000000e+00,0.000000000000000000e+00,0.000000000000000000e+00,0.000000000000000000e+00,0.000000000000000000e+00,0.000000000000000000e+00,0.000000000000000000e+00,0.000000000000000000e+00,0.000000000000000000e+00,0.000000000000000000e+00,0.000000000000000000e+00,0.000000000000000000e+00,0.000000000000000000e+00,0.000000000000000000e+00,0.000000000000000000e+00,0.000000000000000000e+00,0.000000000000000000e+00,0.000000000000000000e+00,0.000000000000000000e+00,0.000000000000000000e+00,0.000000000000000000e+00,0.000000000000000000e+00,0.000000000000000000e+00,0.000000000000000000e+00,0.000000000000000000e+00,0.000000000000000000e+00,0.000000000000000000e+00,0.000000000000000000e+00,0.000000000000000000e+00,0.000000000000000000e+00,0.000000000000000000e+00,0.000000000000000000e+00,0.000000000000000000e+00,0.000000000000000000e+00,0.000000000000000000e+00,0.000000000000000000e+00,0.000000000000000000e+00,0.000000000000000000e+00,0.000000000000000000e+00,0.000000000000000000e+00,0.000000000000000000e+00,0.000000000000000000e+00,0.000000000000000000e+00,0.000000000000000000e+00,0.000000000000000000e+00,0.000000000000000000e+00,0.000000000000000000e+00,0.000000000000000000e+00,0.000000000000000000e+00,0.000000000000000000e+00,0.000000000000000000e+00,0.000000000000000000e+00,0.000000000000000000e+00,0.000000000000000000e+00,0.000000000000000000e+00,0.000000000000000000e+00,0.000000000000000000e+00,0.000000000000000000e+00,0.000000000000000000e+00,0.000000000000000000e+00,0.000000000000000000e+00,0.000000000000000000e+00,0.000000000000000000e+00,0.000000000000000000e+00,0.000000000000000000e+00,0.000000000000000000e+00,0.000000000000000000e+00,0.000000000000000000e+00,0.000000000000000000e+00,0.000000000000000000e+00,0.000000000000000000e+00,0.000000000000000000e+00,0.000000000000000000e+00,0.000000000000000000e+00,0.000000000000000000e+00,0.000000000000000000e+00,0.000000000000000000e+00,0.000000000000000000e+00,0.000000000000000000e+00,0.000000000000000000e+00,0.000000000000000000e+00,0.000000000000000000e+00,0.000000000000000000e+00,0.000000000000000000e+00,0.000000000000000000e+00,0.000000000000000000e+00,0.000000000000000000e+00,0.000000000000000000e+00,0.000000000000000000e+00
Poweri,0.000000000000000000e+00,0.000000000000000000e+00,0.000000000000000000e+00,0.000000000000000000e+00,0.000000000000000000e+00,0.000000000000000000e+00,0.000000000000000000e+00,0.000000000000000000e+00,0.000000000000000000e+00,0.000000000000000000e+00,0.000000000000000000e+00,0.000000000000000000e+00,0.000000000000000000e+00,0.000000000000000000e+00,0.000000000000000000e+00,0.000000000000000000e+00,0.000000000000000000e+00,0.000000000000000000e+00,0.000000000000000000e+00,0.000000000000000000e+00,0.000000000000000000e+00,0.000000000000000000e+00,0.000000000000000000e+00,0.000000000000000000e+00,0.000000000000000000e+00,0.000000000000000000e+00,0.000000000000000000e+00,0.000000000000000000e+00,0.000000000000000000e+00,0.000000000000000000e+00,0.000000000000000000e+00,0.000000000000000000e+00,0.000000000000000000e+00,0.000000000000000000e+00,0.000000000000000000e+00,0.000000000000000000e+00,0.000000000000000000e+00,0.000000000000000000e+00,0.000000000000000000e+00,0.000000000000000000e+00,0.000000000000000000e+00,0.000000000000000000e+00,0.000000000000000000e+00,0.000000000000000000e+00,0.000000000000000000e+00,0.000000000000000000e+00,0.000000000000000000e+00,0.000000000000000000e+00,0.000000000000000000e+00,0.000000000000000000e+00,0.000000000000000000e+00,0.000000000000000000e+00,0.000000000000000000e+00,0.000000000000000000e+00,0.000000000000000000e+00,0.000000000000000000e+00,0.000000000000000000e+00,0.000000000000000000e+00,0.000000000000000000e+00,0.000000000000000000e+00,0.000000000000000000e+00,0.000000000000000000e+00,0.000000000000000000e+00,0.000000000000000000e+00,0.000000000000000000e+00,0.000000000000000000e+00,0.000000000000000000e+00,0.000000000000000000e+00,0.000000000000000000e+00,0.000000000000000000e+00,0.000000000000000000e+00,0.000000000000000000e+00,0.000000000000000000e+00,0.000000000000000000e+00,0.000000000000000000e+00,0.000000000000000000e+00,0.000000000000000000e+00,0.000000000000000000e+00,0.000000000000000000e+00,0.000000000000000000e+00,0.000000000000000000e+00,0.000000000000000000e+00,0.000000000000000000e+00,0.000000000000000000e+00,0.000000000000000000e+00,0.000000000000000000e+00,0.000000000000000000e+00,0.000000000000000000e+00,0.000000000000000000e+00,0.000000000000000000e+00,0.000000000000000000e+00,0.000000000000000000e+00,0.000000000000000000e+00,0.000000000000000000e+00,0.000000000000000000e+00,0.000000000000000000e+00,0.000000000000000000e+00,0.000000000000000000e+00,0.000000000000000000e+00,0.000000000000000000e+00,0.000000000000000000e+00,0.000000000000000000e+00,0.000000000000000000e+00,0.000000000000000000e+00,0.000000000000000000e+00,0.000000000000000000e+00,0.000000000000000000e+00,0.000000000000000000e+00,0.000000000000000000e+00,0.000000000000000000e+00,0.000000000000000000e+00,0.000000000000000000e+00,0.000000000000000000e+00,0.000000000000000000e+00,0.000000000000000000e+00,0.000000000000000000e+00,0.000000000000000000e+00,0.000000000000000000e+00,0.000000000000000000e+00,0.000000000000000000e+00,0.000000000000000000e+00,0.000000000000000000e+00,0.000000000000000000e+00,0.000000000000000000e+00,0.000000000000000000e+00,0.000000000000000000e+00,0.000000000000000000e+00,0.000000000000000000e+00,0.000000000000000000e+00,0.000000000000000000e+00,0.000000000000000000e+00,0.000000000000000000e+00,0.000000000000000000e+00,0.000000000000000000e+00,0.000000000000000000e+00,0.000000000000000000e+00,0.000000000000000000e+00,0.000000000000000000e+00,0.000000000000000000e+00,0.000000000000000000e+00,0.000000000000000000e+00,0.000000000000000000e+00,0.000000000000000000e+00,0.000000000000000000e+00,0.000000000000000000e+00,0.000000000000000000e+00,0.000000000000000000e+00,0.000000000000000000e+00,0.000000000000000000e+00,0.000000000000000000e+00,0.000000000000000000e+00,0.000000000000000000e+00,0.000000000000000000e+00,0.000000000000000000e+00,0.000000000000000000e+00,0.000000000000000000e+00,0.000000000000000000e+00,0.000000000000000000e+00,0.000000000000000000e+00,0.000000000000000000e+00,0.000000000000000000e+00,0.000000000000000000e+00,0.000000000000000000e+00,0.000000000000000000e+00,0.000000000000000000e+00,0.000000000000000000e+00,0.000000000000000000e+00,0.000000000000000000e+00,0.000000000000000000e+00,0.000000000000000000e+00,0.000000000000000000e+00,0.000000000000000000e+00,0.000000000000000000e+00,0.000000000000000000e+00,0.000000000000000000e+00,0.000000000000000000e+00,0.000000000000000000e+00,0.000000000000000000e+00,0.000000000000000000e+00,0.000000000000000000e+00,0.000000000000000000e+00,0.000000000000000000e+00,0.000000000000000000e+00,0.000000000000000000e+00,0.000000000000000000e+00,0.000000000000000000e+00,0.000000000000000000e+00,0.000000000000000000e+00,0.000000000000000000e+00,0.000000000000000000e+00,0.000000000000000000e+00,0.000000000000000000e+00,0.000000000000000000e+00,0.000000000000000000e+00,0.000000000000000000e+00,0.000000000000000000e+00,0.000000000000000000e+00,0.000000000000000000e+00,0.000000000000000000e+00,0.000000000000000000e+00,0.000000000000000000e+00,0.000000000000000000e+00,0.000000000000000000e+00
Powero,0.000000000000000000e+00,0.000000000000000000e+00,0.000000000000000000e+00,0.000000000000000000e+00,0.000000000000000000e+00,0.000000000000000000e+00,0.000000000000000000e+00,0.000000000000000000e+00,0.000000000000000000e+00,0.000000000000000000e+00,0.000000000000000000e+00,0.000000000000000000e+00,0.000000000000000000e+00,0.000000000000000000e+00,0.000000000000000000e+00,0.000000000000000000e+00,0.000000000000000000e+00,0.000000000000000000e+00,0.000000000000000000e+00,0.000000000000000000e+00,0.000000000000000000e+00,0.000000000000000000e+00,0.000000000000000000e+00,0.000000000000000000e+00,0.000000000000000000e+00,0.000000000000000000e+00,0.000000000000000000e+00,0.000000000000000000e+00,0.000000000000000000e+00,0.000000000000000000e+00,0.000000000000000000e+00,0.000000000000000000e+00,0.000000000000000000e+00,0.000000000000000000e+00,0.000000000000000000e+00,0.000000000000000000e+00,0.000000000000000000e+00,0.000000000000000000e+00,0.000000000000000000e+00,0.000000000000000000e+00,0.000000000000000000e+00,0.000000000000000000e+00,0.000000000000000000e+00,0.000000000000000000e+00,0.000000000000000000e+00,0.000000000000000000e+00,0.000000000000000000e+00,0.000000000000000000e+00,0.000000000000000000e+00,0.000000000000000000e+00,0.000000000000000000e+00,0.000000000000000000e+00,0.000000000000000000e+00,0.000000000000000000e+00,0.000000000000000000e+00,0.000000000000000000e+00,0.000000000000000000e+00,0.000000000000000000e+00,0.000000000000000000e+00,0.000000000000000000e+00,0.000000000000000000e+00,0.000000000000000000e+00,0.000000000000000000e+00,0.000000000000000000e+00,0.000000000000000000e+00,0.000000000000000000e+00,0.000000000000000000e+00,0.000000000000000000e+00,0.000000000000000000e+00,0.000000000000000000e+00,0.000000000000000000e+00,0.000000000000000000e+00,0.000000000000000000e+00,0.000000000000000000e+00,0.000000000000000000e+00,0.000000000000000000e+00,0.000000000000000000e+00,0.000000000000000000e+00,0.000000000000000000e+00,0.000000000000000000e+00,0.000000000000000000e+00,0.000000000000000000e+00,0.000000000000000000e+00,0.000000000000000000e+00,0.000000000000000000e+00,0.000000000000000000e+00,0.000000000000000000e+00,0.000000000000000000e+00,0.000000000000000000e+00,0.000000000000000000e+00,0.000000000000000000e+00,0.000000000000000000e+00,0.000000000000000000e+00,0.000000000000000000e+00,0.000000000000000000e+00,0.000000000000000000e+00,0.000000000000000000e+00,0.000000000000000000e+00,0.000000000000000000e+00,0.000000000000000000e+00,0.000000000000000000e+00,0.000000000000000000e+00,0.000000000000000000e+00,0.000000000000000000e+00,0.000000000000000000e+00,0.000000000000000000e+00,0.000000000000000000e+00,0.000000000000000000e+00,0.000000000000000000e+00,0.000000000000000000e+00,0.000000000000000000e+00,0.000000000000000000e+00,0.000000000000000000e+00,0.000000000000000000e+00,0.000000000000000000e+00,0.000000000000000000e+00,0.000000000000000000e+00,0.000000000000000000e+00,0.000000000000000000e+00,0.000000000000000000e+00,0.000000000000000000e+00,0.000000000000000000e+00,0.000000000000000000e+00,0.000000000000000000e+00,0.000000000000000000e+00,0.000000000000000000e+00,0.000000000000000000e+00,0.000000000000000000e+00,0.000000000000000000e+00,0.000000000000000000e+00,0.000000000000000000e+00,0.000000000000000000e+00,0.000000000000000000e+00,0.000000000000000000e+00,0.000000000000000000e+00,0.000000000000000000e+00,0.000000000000000000e+00,0.000000000000000000e+00,0.000000000000000000e+00,0.000000000000000000e+00,0.000000000000000000e+00,0.000000000000000000e+00,0.000000000000000000e+00,0.000000000000000000e+00,0.000000000000000000e+00,0.000000000000000000e+00,0.000000000000000000e+00,0.000000000000000000e+00,0.000000000000000000e+00,0.000000000000000000e+00,0.000000000000000000e+00,0.000000000000000000e+00,0.000000000000000000e+00,0.000000000000000000e+00,0.000000000000000000e+00,0.000000000000000000e+00,0.000000000000000000e+00,0.000000000000000000e+00,0.000000000000000000e+00,0.000000000000000000e+00,0.000000000000000000e+00,0.000000000000000000e+00,0.000000000000000000e+00,0.000000000000000000e+00,0.000000000000000000e+00,0.000000000000000000e+00,0.000000000000000000e+00,0.000000000000000000e+00,0.000000000000000000e+00,0.000000000000000000e+00,0.000000000000000000e+00,0.000000000000000000e+00,0.000000000000000000e+00,0.000000000000000000e+00,0.000000000000000000e+00,0.000000000000000000e+00,0.000000000000000000e+00,0.000000000000000000e+00,0.000000000000000000e+00,0.000000000000000000e+00,0.000000000000000000e+00,0.000000000000000000e+00,0.000000000000000000e+00,0.000000000000000000e+00,0.000000000000000000e+00,0.000000000000000000e+00,0.000000000000000000e+00,0.000000000000000000e+00,0.000000000000000000e+00,0.000000000000000000e+00,0.000000000000000000e+00,0.000000000000000000e+00,0.000000000000000000e+00,0.000000000000000000e+00,0.000000000000000000e+00,0.000000000000000000e+00,0.000000000000000000e+00,0.000000000000000000e+00,0.000000000000000000e+00,0.000000000000000000e+00,0.000000000000000000e+00,0.000000000000000000e+00,0.000000000000000000e+00
RPM,0.000000000000000000e+00,0.000000000000000000e+00,0.000000000000000000e+00,0.000000000000000000e+00,0.000000000000000000e+00,0.000000000000000000e+00,0.000000000000000000e+00,0.000000000000000000e+00,0.000000000000000000e+00,0.000000000000000000e+00,0.000000000000000000e+00,0.000000000000000000e+00,0.000000000000000000e+00,0.000000000000000000e+00,0.000000000000000000e+00,0.000000000000000000e+00,0.000000000000000000e+00,0.000000000000000000e+00,0.000000000000000000e+00,0.000000000000000000e+00,0.000000000000000000e+00,0.000000000000000000e+00,0.000000000000000000e+00,0.000000000000000000e+00,0.000000000000000000e+00,0.000000000000000000e+00,0.000000000000000000e+00,0.000000000000000000e+00,0.000000000000000000e+00,0.000000000000000000e+00,0.000000000000000000e+00,0.000000000000000000e+00,0.000000000000000000e+00,0.000000000000000000e+00,0.000000000000000000e+00,0.000000000000000000e+00,0.000000000000000000e+00,0.000000000000000000e+00,0.000000000000000000e+00,0.000000000000000000e+00,0.000000000000000000e+00,0.000000000000000000e+00,0.000000000000000000e+00,0.000000000000000000e+00,0.000000000000000000e+00,0.000000000000000000e+00,0.000000000000000000e+00,0.000000000000000000e+00,0.000000000000000000e+00,0.000000000000000000e+00,0.000000000000000000e+00,0.000000000000000000e+00,0.000000000000000000e+00,0.000000000000000000e+00,0.000000000000000000e+00,0.000000000000000000e+00,0.000000000000000000e+00,0.000000000000000000e+00,0.000000000000000000e+00,0.000000000000000000e+00,0.000000000000000000e+00,0.000000000000000000e+00,0.000000000000000000e+00,0.000000000000000000e+00,0.000000000000000000e+00,0.000000000000000000e+00,0.000000000000000000e+00,0.000000000000000000e+00,0.000000000000000000e+00,0.000000000000000000e+00,0.000000000000000000e+00,0.000000000000000000e+00,0.000000000000000000e+00,0.000000000000000000e+00,0.000000000000000000e+00,0.000000000000000000e+00,0.000000000000000000e+00,0.000000000000000000e+00,0.000000000000000000e+00,0.000000000000000000e+00,0.000000000000000000e+00,0.000000000000000000e+00,0.000000000000000000e+00,0.000000000000000000e+00,0.000000000000000000e+00,0.000000000000000000e+00,0.000000000000000000e+00,0.000000000000000000e+00,0.000000000000000000e+00,0.000000000000000000e+00,0.000000000000000000e+00,0.000000000000000000e+00,0.000000000000000000e+00,0.000000000000000000e+00,0.000000000000000000e+00,0.000000000000000000e+00,0.000000000000000000e+00,0.000000000000000000e+00,0.000000000000000000e+00,0.000000000000000000e+00,0.000000000000000000e+00,0.000000000000000000e+00,0.000000000000000000e+00,0.000000000000000000e+00,0.000000000000000000e+00,0.000000000000000000e+00,0.000000000000000000e+00,0.000000000000000000e+00,0.000000000000000000e+00,0.000000000000000000e+00,0.000000000000000000e+00,0.000000000000000000e+00,0.000000000000000000e+00,0.000000000000000000e+00,0.000000000000000000e+00,0.000000000000000000e+00,0.000000000000000000e+00,0.000000000000000000e+00,0.000000000000000000e+00,0.000000000000000000e+00,0.000000000000000000e+00,0.000000000000000000e+00,0.000000000000000000e+00,0.000000000000000000e+00,0.000000000000000000e+00,0.000000000000000000e+00,0.000000000000000000e+00,0.000000000000000000e+00,0.000000000000000000e+00,0.000000000000000000e+00,0.000000000000000000e+00,0.000000000000000000e+00,0.000000000000000000e+00,0.000000000000000000e+00,0.000000000000000000e+00,0.000000000000000000e+00,0.000000000000000000e+00,0.000000000000000000e+00,0.000000000000000000e+00,0.000000000000000000e+00,0.000000000000000000e+00,0.000000000000000000e+00,0.000000000000000000e+00,0.000000000000000000e+00,0.000000000000000000e+00,0.000000000000000000e+00,0.000000000000000000e+00,0.000000000000000000e+00,0.000000000000000000e+00,0.000000000000000000e+00,0.000000000000000000e+00,0.000000000000000000e+00,0.000000000000000000e+00,0.000000000000000000e+00,0.000000000000000000e+00,0.000000000000000000e+00,0.000000000000000000e+00,0.000000000000000000e+00,0.000000000000000000e+00,0.000000000000000000e+00,0.000000000000000000e+00,0.000000000000000000e+00,0.000000000000000000e+00,0.000000000000000000e+00,0.000000000000000000e+00,0.000000000000000000e+00,0.000000000000000000e+00,0.000000000000000000e+00,0.000000000000000000e+00,0.000000000000000000e+00,0.000000000000000000e+00,0.000000000000000000e+00,0.000000000000000000e+00,0.000000000000000000e+00,0.000000000000000000e+00,0.000000000000000000e+00,0.000000000000000000e+00,0.000000000000000000e+00,0.000000000000000000e+00,0.000000000000000000e+00,0.000000000000000000e+00,0.000000000000000000e+00,0.000000000000000000e+00,0.000000000000000000e+00,0.000000000000000000e+00,0.000000000000000000e+00,0.000000000000000000e+00,0.000000000000000000e+00,0.000000000000000000e+00,0.000000000000000000e+00,0.000000000000000000e+00,0.000000000000000000e+00,0.000000000000000000e+00,0.000000000000000000e+00,0.000000000000000000e+00,0.000000000000000000e+00,0.000000000000000000e+00,0.000000000000000000e+00,0.000000000000000000e+00,0.000000000000000000e+00,0.000000000000000000e+00,0.000000000000000000e+00,0.000000000000000000e+00
SoverB,1.285999999999999990e-02,2.697000000000000092e-02,4.535999999999999754e-02,6.375000000000000111e-02,8.212999999999999468e-02,1.005199999999999982e-01,1.189100000000000018e-01,1.372899999999999954e-01,1.556800000000000128e-01,1.740700000000000025e-01,1.924500000000000099e-01,2.108399999999999996e-01,2.292299999999999893e-01,2.476099999999999968e-01,2.660000000000000142e-01,2.843899999999999761e-01,3.027699999999999836e-01,3.211600000000000010e-01,3.395500000000000185e-01,3.579300000000000259e-01,3.763199999999999878e-01,3.947100000000000053e-01,4.130900000000000127e-01,4.314799999999999747e-01,4.498699999999999921e-01,4.682499999999999996e-01,4.866400000000000170e-01,5.050299999999999789e-01,5.234199999999999964e-01,5.417999999999999483e-01,5.601899999999999658e-01,5.785799999999999832e-01,5.969600000000000461e-01,6.153499999999999526e-01,6.337399999999999700e-01,6.521200000000000330e-01,6.705100000000000504e-01,6.888999999999999568e-01,6.911000000000000476e-01,6.933099999999999818e-01,6.955200000000000271e-01,6.977200000000000069e-01,6.999300000000000521e-01,7.021399999999999864e-01,7.186799999999999855e-01,7.352300000000000502e-01,7.517800000000000038e-01,7.683299999999999574e-01,7.848800000000000221e-01,8.014200000000000212e-01,8.179699999999999749e-01,8.345200000000000395e-01,8.510699999999999932e-01,8.676199999999999468e-01,8.841599999999999460e-01,9.007100000000000106e-01,9.172599999999999643e-01,9.338100000000000289e-01,9.503599999999999826e-01,9.668999999999999817e-01,9.834500000000000464e-01,1.000000000000000000e+00,1.285999999999999990e-02,2.697000000000000092e-02,4.535999999999999754e-02,6.375000000000000111e-02,8.212999999999999468e-02,1.005199999999999982e-01,1.189100000000000018e-01,1.372899999999999954e-01,1.556800000000000128e-01,1.740700000000000025e-01,1.924500000000000099e-01,2.108399999999999996e-01,2.292299999999999893e-01,2.476099999999999968e-01,2.660000000000000142e-01,2.843899999999999761e-01,3.027699999999999836e-01,3.211600000000000010e-01,3.395500000000000185e-01,3.579300000000000259e-01,3.763199999999999878e-01,3.947100000000000053e-01,4.130900000000000127e-01,4.314799999999999747e-01,4.498699999999999921e-01,4.682499999999999996e-01,4.866400000000000170e-01,5.050299999999999789e-01,5.234199999999999964e-01,5.417999999999999483e-01,5.601899999999999658e-01,5.785799999999999832e-01,5.969600000000000461e-01,6.153499999999999526e-01,6.337399999999999700e-01,6.521200000000000330e-01,6.705100000000000504e-01,6.888999999999999568e-01,6.911000000000000476e-01,6.933099999999999818e-01,6.955200000000000271e-01,6.977200000000000069e-01,6.999300000000000521e-01,7.021399999999999864e-01,7.186799999999999855e-01,7.352300000000000502e-01,7.517800000000000038e-01,7.683299999999999574e-01,7.848800000000000221e-01,8.014200000000000212e-01,8.179699999999999749e-01,8.345200000000000395e-01,8.510699999999999932e-01,8.676199999999999468e-01,8.841599999999999460e-01,9.007100000000000106e-01,9.172599999999999643e-01,9.338100000000000289e-01,9.503599999999999826e-01,9.668999999999999817e-01,9.834500000000000464e-01,1.000000000000000000e+00,3.193000000000000005e-02,7.066000000000000059e-02,1.093800000000000050e-01,1.481000000000000094e-01,1.868200000000000138e-01,2.255500000000000005e-01,2.642700000000000049e-01,3.029899999999999816e-01,3.417100000000000137e-01,3.804400000000000004e-01,4.191599999999999770e-01,4.578800000000000092e-01,4.966099999999999959e-01,5.353299999999999725e-01,5.740499999999999492e-01,6.127700000000000369e-01,6.514999999999999680e-01,6.902199999999999447e-01,7.289400000000000324e-01,7.676600000000000090e-01,8.063900000000000512e-01,8.451100000000000279e-01,8.838300000000000045e-01,9.225499999999999812e-01,9.612800000000000233e-01,1.000000000000000000e+00,2.861000000000000001e-02,6.747000000000000219e-02,1.063199999999999978e-01,1.451800000000000035e-01,1.840299999999999991e-01,2.228900000000000048e-01,2.617399999999999727e-01,3.005999999999999783e-01,3.394599999999999840e-01,3.783099999999999796e-01,4.171699999999999853e-01,4.560199999999999809e-01,4.948799999999999866e-01,5.337300000000000377e-01,5.725900000000000434e-01,6.114399999999999835e-01,6.502999999999999892e-01,6.891599999999999948e-01,7.280100000000000460e-01,7.668700000000000516e-01,8.057199999999999918e-01,8.445799999999999974e-01,8.834300000000000486e-01,9.222900000000000542e-01,9.611399999999999944e-01,1.000000000000000000e+00,2.045999999999999902e-02,5.813999999999999724e-02,9.581000000000000627e-02,1.334899999999999975e-01,1.711600000000000066e-01,2.088399999999999979e-01,2.465100000000000069e-01,2.841799999999999882e-01,3.218599999999999794e-01,3.595300000000000162e-01,3.972100000000000075e-01,4.348799999999999888e-01,4.725599999999999801e-01,5.102299999999999613e-01,5.479100000000000081e-01,5.855799999999999894e-01,6.232499999999999707e-01,6.609300000000000175e-01,6.985999999999999988e-01,7.362800000000000455e-01,7.739500000000000268e-01,8.116299999999999626e-01,8.493000000000000549e-01,8.869799999999999907e-01,9.246499999999999719e-01,9.623300000000000187e-01,1.000000000000000000e+00
StallFact,1.000000000000000000e+00,1.000000000000000000e+00,1.000000000000000000e+00,1.000000000000000000e+00,1.000000000000000000e+00,1.000000000000000000e+00,1.000000000000000000e+00,1.000000000000000000e+00,1.000000000000000000e+00,1.000000000000000000e+00,1.000000000000000000e+00,1.000000000000000000e+00,1.000000000000000000e+00,1.000000000000000000e+00,1.000000000000000000e+00,1.000000000000000000e+00,1.000000000000000000e+00,1.000000000000000000e+00,1.000000000000000000e+00,1.000000000000000000e+00,1.000000000000000000e+00,1.000000000000000000e+00,1.000000000000000000e+00,1.000000000000000000e+00,1.000000000000000000e+00,1.000000000000000000e+00,1.000000000000000000e+00,1.000000000000000000e+00,1.000000000000000000e+00,1.000000000000000000e+00,1.000000000000000000e+00,1.000000000000000000e+00,1.000000000000000000e+00,1.000000000000000000e+00,1.000000000000000000e+00,1.000000000000000000e+00,1.000000000000000000e+00,1.000000000000000000e+00,1.000000000000000000e+00,1.000000000000000000e+00,1.000000000000000000e+00,1.000000000000000000e+00,1.000000000000000000e+00,1.000000000000000000e+00,1.000000000000000000e+00,1.000000000000000000e+00,1.000000000000000000e+00,1.000000000000000000e+00,1.000000000000000000e+00,1.000000000000000000e+00,1.000000000000000000e+00,1.000000000000000000e+00,1.000000000000000000e+00,1.000000000000000000e+00,1.000000000000000000e+00,1.000000000000000000e+00,1.000000000000000000e+00,1.000000000000000000e+00,1.000000000000000000e+00,1.000000000000000000e+00,1.000000000000000000e+00,1.000000000000000000e+00,1.000000000000000000e+00,1.000000000000000000e+00,1.000000000000000000e+00,1.000000000000000000e+00,1.000000000000000000e+00,1.000000000000000000e+00,1.000000000000000000e+00,1.000000000000000000e+00,1.000000000000000000e+00,1.000000000000000000e+00,1.000000000000000000e+00,1.000000000000000000e+00,1.000000000000000000e+00,1.000000000000000000e+00,1.000000000000000000e+00,1.000000000000000000e+00,1.000000000000000000e+00,1.000000000000000000e+00,1.000000000000000000e+00,1.000000000000000000e+00,1.000000000000000000e+00,1.000000000000000000e+00,1.000000000000000000e+00,1.000000000000000000e+00,1.000000000000000000e+00,1.000000000000000000e+00,1.000000000000000000e+00,1.000000000000000000e+00,1.000000000000000000e+00,1.000000000000000000e+00,1.000000000000000000e+00,1.000000000000000000e+00,1.000000000000000000e+00,1.000000000000000000e+00,1.000000000000000000e+00,1.000000000000000000e+00,1.000000000000000000e+00,1.000000000000000000e+00,1.000000000000000000e+00,1.000000000000000000e+00,1.000000000000000000e+00,1.000000000000000000e+00,1.000000000000000000e+00,1.000000000000000000e+00,1.000000000000000000e+00,1.000000000000000000e+00,1.000000000000000000e+00,1.000000000000000000e+00,1.000000000000000000e+00,1.000000000000000000e+00,1.000000000000000000e+00,1.000000000000000000e+00,1.000000000000000000e+00,1.000000000000000000e+00,1.000000000000000000e+00,1.000000000000000000e+00,1.000000000000000000e+00,1.000000000000000000e+00,1.000000000000000000e+00,1.000000000000000000e+00,1.000000000000000000e+00,1.000000000000000000e+00,1.000000000000000000e+00,1.000000000000000000e+00,1.000000000000000000e+00,1.000000000000000000e+00,1.000000000000000000e+00,1.000000000000000000e+00,1.000000000000000000e+00,1.000000000000000000e+00,1.000000000000000000e+00,1.000000000000000000e+00,1.000000000000000000e+00,1.000000000000000000e+00,1.000000000000000000e+00,1.000000000000000000e+00,1.000000000000000000e+00,1.000000000000000000e+00,1.000000000000000000e+00,1.000000000000000000e+00,1.000000000000000000e+00,1.000000000000000000e+00,1.000000000000000000e+00,1.000000000000000000e+00,1.000000000000000000e+00,1.000000000000000000e+00,1.000000000000000000e+00,1.000000000000000000e+00,1.000000000000000000e+00,1.000000000000000000e+00,1.000000000000000000e+00,1.000000000000000000e+00,1.000000000000000000e+00,1.000000000000000000e+00,1.000000000000000000e+00,1.000000000000000000e+00,1.000000000000000000e+00,1.000000000000000000e+00,1.000000000000000000e+00,1.000000000000000000e+00,1.000000000000000000e+00,1.000000000000000000e+00,1.000000000000000000e+00,1.000000000000000000e+00,1.000000000000000000e+00,1.000000000000000000e+00,1.000000000000000000e+00,1.000000000000000000e+00,1.000000000000000000e+00,1.000000000000000000e+00,1.000000000000000000e+00,1.000000000000000000e+00,1.000000000000000000e+00,1.000000000000000000e+00,1.000000000000000000e+00,1.000000000000000000e+00,1.000000000000000000e+00,1.000000000000000000e+00,1.000000000000000000e+00,1.000000000000000000e+00,1.000000000000000000e+00,1.000000000000000000e+00,1.000000000000000000e+00,1.000000000000000000e+00,1.000000000000000000e+00,1.000000000000000000e+00,1.000000000000000000e+00,1.000000000000000000e+00,1.000000000000000000e+00,1.000000000000000000e+00,1.000000000000000000e+00,1.000000000000000000e+00,1.000000000000000000e+00,1.000000000000000000e+00,1.000000000000000000e+00,1.000000000000000000e+00,1.000000000000000000e+00,1.000000000000000000e+00,1.000000000000000000e+00,1.000000000000000000e+00,1.000000000000000000e+00
Thrust,0.000000000000000000e+00,0.000000000000000000e+00,0.000000000000000000e+00,0.000000000000000000e+00,0.000000000000000000e+00,0.000000000000000000e+00,0.000000000000000000e+00,0.000000000000000000e+00,0.000000000000000000e+00,0.000000000000000000e+00,0.000000000000000000e+00,0.000000000000000000e+00,0.000000000000000000e+00,0.000000000000000000e+00,0.000000000000000000e+00,0.000000000000000000e+00,0.000000000000000000e+00,0.000000000000000000e+00,0.000000000000000000e+00,0.000000000000000000e+00,0.000000000000000000e+00,0.000000000000000000e+00,0.000000000000000000e+00,0.000000000000000000e+00,0.000000000000000000e+00,0.000000000000000000e+00,0.000000000000000000e+00,0.000000000000000000e+00,0.000000000000000000e+00,0.000000000000000000e+00,0.000000000000000000e+00,0.000000000000000000e+00,0.000000000000000000e+00,0.000000000000000000e+00,0.000000000000000000e+00,0.000000000000000000e+00,0.000000000000000000e+00,0.000000000000000000e+00,0.000000000000000000e+00,0.000000000000000000e+00,0.000000000000000000e+00,0.000000000000000000e+00,0.000000000000000000e+00,0.000000000000000000e+00,0.000000000000000000e+00,0.000000000000000000e+00,0.000000000000000000e+00,0.000000000000000000e+00,0.000000000000000000e+00,0.000000000000000000e+00,0.000000000000000000e+00,0.000000000000000000e+00,0.000000000000000000e+00,0.000000000000000000e+00,0.000000000000000000e+00,0.000000000000000000e+00,0.000000000000000000e+00,0.000000000000000000e+00,0.000000000000000000e+00,0.000000000000000000e+00,0.000000000000000000e+00,0.000000000000000000e+00,0.000000000000000000e+00,0.000000000000000000e+00,0.000000000000000000e+00,0.000000000000000000e+00,0.000000000000000000e+00,0.000000000000000000e+00,0.000000000000000000e+00,0.000000000000000000e+00,0.000000000000000000e+00,0.000000000000000000e+00,0.000000000000000000e+00,0.000000000000000000e+00,0.000000000000000000e+00,0.000000000000000000e+00,0.000000000000000000e+00,0.000000000000000000e+00,0.000000000000000000e+00,0.000000000000000000e+00,0.000000000000000000e+00,0.000000000000000000e+00,0.000000000000000000e+00,0.000000000000000000e+00,0.000000000000000000e+00,0.000000000000000000e+00,0.000000000000000000e+00,0.000000000000000000e+00,0.000000000000000000e+00,0.000000000000000000e+00,0.000000000000000000e+00,0.000000000000000000e+00,0.000000000000000000e+00,0.000000000000000000e+00,0.000000000000000000e+00,0.000000000000000000e+00,0.000000000000000000e+00,0.000000000000000000e+00,0.000000000000000000e+00,0.000000000000000000e+00,0.000000000000000000e+00,0.000000000000000000e+00,0.000000000000000000e+00,0.000000000000000000e+00,0.000000000000000000e+00,0.000000000000000000e+00,0.000000000000000000e+00,0.000000000000000000e+00,0.000000000000000000e+00,0.000000000000000000e+00,0.000000000000000000e+00,0.000000000000000000e+00,0.000000000000000000e+00,0.000000000000000000e+00,0.000000000000000000e+00,0.000000000000000000e+00,0.000000000000000000e+00,0.000000000000000000e+00,0.000000000000000000e+00,0.000000000000000000e+00,0.000000000000000000e+00,0.000000000000000000e+00,0.000000000000000000e+00,0.000000000000000000e+00,0.000000000000000000e+00,0.000000000000000000e+00,0.000000000000000000e+00,0.000000000000000000e+00,0.000000000000000000e+00,0.000000000000000000e+00,0.000000000000000000e+00,0.000000000000000000e+00,0.000000000000000000e+00,0.000000000000000000e+00,0.000000000000000000e+00,0.000000000000000000e+00,0.000000000000000000e+00,0.000000000000000000e+00,0.000000000000000000e+00,0.000000000000000000e+00,0.000000000000000000e+00,0.000000000000000000e+00,0.000000000000000000e+00,0.000000000000000000e+00,0.000000000000000000e+00,0.000000000000000000e+00,0.000000000000000000e+00,0.000000000000000000e+00,0.000000000000000000e+00,0.000000000000000000e+00,0.000000000000000000e+00,0.000000000000000000e+00,0.000000000000000000e+00,0.000000000000000000e+00,0.000000000000000000e+00,0.000000000000000000e+00,0.000000000000000000e+00,0.000000000000000000e+00,0.000000000000000000e+00,0.000000000000000000e+00,0.000000000000000000e+00,0.000000000000000000e+00,0.000000000000000000e+00,0.000000000000000000e+00,0.000000000000000000e+00,0.000000000000000000e+00,0.000000000000000000e+00,0.000000000000000000e+00,0.000000000000000000e+00,0.000000000000000000e+00,0.000000000000000000e+00,0.000000000000000000e+00,0.000000000000000000e+00,0.000000000000000000e+00,0.000000000000000000e+00,0.000000000000000000e+00,0.000000000000000000e+00,0.000000000000000000e+00,0.000000000000000000e+00,0.000000000000000000e+00,0.000000000000000000e+00,0.000000000000000000e+00,0.000000000000000000e+00,0.000000000000000000e+00,0.000000000000000000e+00,0.000000000000000000e+00,0.000000000000000000e+00,0.000000000000000000e+00,0.000000000000000000e+00,0.000000000000000000e+00,0.000000000000000000e+00,0.000000000000000000e+00,0.000000000000000000e+00,0.000000000000000000e+00,0.000000000000000000e+00,0.000000000000000000e+00,0.000000000000000000e+00,0.000000000000000000e+00,0.000000000000000000e+00,0.000000000000000000e+00,0.000000000000000000e+00,0.000000000000000000e+00,0.000000000000000000e+00
Thrusti,0.000000000000000000e+00,0.000000000000000000e+00,0.000000000000000000e+00,0.000000000000000000e+00,0.000000000000000000e+00,0.000000000000000000e+00,0.000000000000000000e+00,0.000000000000000000e+00,0.000000000000000000e+00,0.000000000000000000e+00,0.000000000000000000e+00,0.000000000000000000e+00,0.000000000000000000e+00,0.000000000000000000e+00,0.000000000000000000e+00,0.000000000000000000e+00,0.000000000000000000e+00,0.000000000000000000e+00,0.000000000000000000e+00,0.000000000000000000e+00,0.000000000000000000e+00,0.000000000000000000e+00,0.000000000000000000e+00,0.000000000000000000e+00,0.000000000000000000e+00,0.000000000000000000e+00,0.000000000000000000e+00,0.000000000000000000e+00,0.000000000000000000e+00,0.000000000000000000e+00,0.000000000000000000e+00,0.000000000000000000e+00,0.000000000000000000e+00,0.000000000000000000e+00,0.000000000000000000e+00,0.000000000000000000e+00,0.000000000000000000e+00,0.000000000000000000e+00,0.000000000000000000e+00,0.000000000000000000e+00,0.000000000000000000e+00,0.000000000000000000e+00,0.000000000000000000e+00,0.000000000000000000e+00,0.000000000000000000e+00,0.000000000000000000e+00,0.000000000000000000e+00,0.000000000000000000e+00,0.000000000000000000e+00,0.000000000000000000e+00,0.000000000000000000e+00,0.000000000000000000e+00,0.000000000000000000e+00,0.000000000000000000e+00,0.000000000000000000e+00,0.000000000000000000e+00,0.000000000000000000e+00,0.000000000000000000e+00,0.000000000000000000e+00,0.000000000000000000e+00,0.000000000000000000e+00,0.000000000000000000e+00,0.000000000000000000e+00,0.000000000000000000e+00,0.000000000000000000e+00,0.000000000000000000e+00,0.000000000000000000e+00,0.000000000000000000e+00,0.000000000000000000e+00,0.000000000000000000e+00,0.000000000000000000e+00,0.000000000000000000e+00,0.000000000000000000e+00,0.000000000000000000e+00,0.000000000000000000e+00,0.000000000000000000e+00,0.000000000000000000e+00,0.000000000000000000e+00,0.000000000000000000e+00,0.000000000000000000e+00,0.000000000000000000e+00,0.000000000000000000e+00,0.000000000000000000e+00,0.000000000000000000e+00,0.000000000000000000e+00,0.000000000000000000e+00,0.000000000000000000e+00,0.000000000000000000e+00,0.000000000000000000e+00,0.000000000000000000e+00,0.000000000000000000e+00,0.000000000000000000e+00,0.000000000000000000e+00,0.000000000000000000e+00,0.000000000000000000e+00,0.000000000000000000e+00,0.000000000000000000e+00,0.000000000000000000e+00,0.000000000000000000e+00,0.000000000000000000e+00,0.000000000000000000e+00,0.000000000000000000e+00,0.000000000000000000e+00,0.000000000000000000e+00,0.000000000000000000e+00,0.000000000000000000e+00,0.000000000000000000e+00,0.000000000000000000e+00,0.000000000000000000e+00,0.000000000000000000e+00,0.000000000000000000e+00,0.000000000000000000e+00,0.000000000000000000e+00,0.000000000000000000e+00,0.000000000000000000e+00,0.000000000000000000e+00,0.000000000000000000e+00,0.000000000000000000e+00,0.000000000000000000e+00,0.000000000000000000e+00,0.000000000000000000e+00,0.000000000000000000e+00,0.000000000000000000e+00,0.000000000000000000e+00,0.000000000000000000e+00,0.000000000000000000e+00,0.000000000000000000e+00,0.000000000000000000e+00,0.000000000000000000e+00,0.000000000000000000e+00,0.000000000000000000e+00,0.000000000000000000e+00,0.000000000000000000e+00,0.000000000000000000e+00,0.000000000000000000e+00,0.000000000000000000e+00,0.000000000000000000e+00,0.000000000000000000e+00,0.000000000000000000e+00,0.000000000000000000e+00,0.000000000000000000e+00,0.000000000000000000e+00,0.000000000000000000e+00,0.000000000000000000e+00,0.000000000000000000e+00,0.000000000000000000e+00,0.000000000000000000e+00,0.000000000000000000e+00,0.000000000000000000e+00,0.000000000000000000e+00,0.000000000000000000e+00,0.000000000000000000e+00,0.000000000000000000e+00,0.000000000000000000e+00,0.000000000000000000e+00,0.000000000000000000e+00,0.000000000000000000e+00,0.000000000000000000e+00,0.000000000000000000e+00,0.000000000000000000e+00,0.000000000000000000e+00,0.000000000000000000e+00,0.000000000000000000e+00,0.000000000000000000e+00,0.000000000000000000e+00,0.000000000000000000e+00,0.000000000000000000e+00,0.000000000000000000e+00,0.000000000000000000e+00,0.000000000000000000e+00,0.000000000000000000e+00,0.000000000000000000e+00,0.000000000000000000e+00,0.000000000000000000e+00,0.000000000000000000e+00,0.000000000000000000e+00,0.000000000000000000e+00,0.000000000000000000e+00,0.000000000000000000e+00,0.000000000000000000e+00,0.000000000000000000e+00,0.000000000000000000e+00,0.000000000000000000e+00,0.000000000000000000e+00,0.000000000000000000e+00,0.000000000000000000e+00,0.000000000000000000e+00,0.000000000000000000e+00,0.000000000000000000e+00,0.000000000000000000e+00,0.000000000000000000e+00,0.000000000000000000e+00,0.000000000000000000e+00,0.000000000000000000e+00,0.000000000000000000e+00,0.000000000000000000e+00,0.000000000000000000e+00,0.000000000000000000e+00,0.000000000000000000e+00,0.000000000000000000e+00,0.000000000000000000e+00,0.000000000000000000e+00,0.000000000000000000e+00
Thrusto,0.000000000000000000e+00,0.000000000000000000e+00,0.000000000000000000e+00,0.000000000000000000e+00,0.000000000000000000e+00,0.000000000000000000e+00,0.000000000000000000e+00,0.000000000000000000e+00,0.000000000000000000e+00,0.000000000000000000e+00,0.000000000000000000e+00,0.000000000000000000e+00,0.000000000000000000e+00,0.000000000000000000e+00,0.000000000000000000e+00,0.000000000000000000e+00,0.000000000000000000e+00,0.000000000000000000e+00,0.000000000000000000e+00,0.000000000000000000e+00,0.000000000000000000e+00,0.000000000000000000e+00,0.000000000000000000e+00,0.000000000000000000e+00,0.000000000000000000e+00,0.000000000000000000e+00,0.000000000000000000e+00,0.000000000000000000e+00,0.000000000000000000e+00,0.000000000000000000e+00,0.000000000000000000e+00,0.000000000000000000e+00,0.000000000000000000e+00,0.000000000000000000e+00,0.000000000000000000e+00,0.000000000000000000e+00,0.000000000000000000e+00,0.000000000000000000e+00,0.000000000000000000e+00,0.000000000000000000e+00,0.000000000000000000e+00,0.000000000000000000e+00,0.000000000000000000e+00,0.000000000000000000e+00,0.000000000000000000e+00,0.000000000000000000e+00,0.000000000000000000e+00,0.000000000000000000e+00,0.000000000000000000e+00,0.000000000000000000e+00,0.000000000000000000e+00,0.000000000000000000e+00,0.000000000000000000e+00,0.000000000000000000e+00,0.000000000000000000e+00,0.000000000000000000e+00,0.000000000000000000e+00,0.000000000000000000e+00,0.000000000000000000e+00,0.000000000000000000e+00,0.000000000000000000e+00,0.000000000000000000e+00,0.000000000000000000e+00,0.000000000000000000e+00,0.000000000000000000e+00,0.000000000000000000e+00,0.000000000000000000e+00,0.000000000000000000e+00,0.000000000000000000e+00,0.000000000000000000e+00,0.000000000000000000e+00,0.000000000000000000e+00,0.000000000000000000e+00,0.000000000000000000e+00,0.000000000000000000e+00,0.000000000000000000e+00,0.000000000000000000e+00,0.000000000000000000e+00,0.000000000000000000e+00,0.000000000000000000e+00,0.000000000000000000e+00,0.000000000000000000e+00,0.000000000000000000e+00,0.000000000000000000e+00,0.000000000000000000e+00,0.000000000000000000e+00,0.000000000000000000e+00,0.000000000000000000e+00,0.000000000000000000e+00,0.000000000000000000e+00,0.000000000000000000e+00,0.000000000000000000e+00,0.000000000000000000e+00,0.000000000000000000e+00,0.000000000000000000e+00,0.000000000000000000e+00,0.000000000000000000e+00,0.000000000000000000e+00,0.000000000000000000e+00,0.000000000000000000e+00,0.000000000000000000e+00,0.000000000000000000e+00,0.000000000000000000e+00,0.000000000000000000e+00,0.000000000000000000e+00,0.000000000000000000e+00,0.000000000000000000e+00,0.000000000000000000e+00,0.000000000000000000e+00,0.000000000000000000e+00,0.000000000000000000e+00,0.000000000000000000e+00,0.000000000000000000e+00,0.000000000000000000e+00,0.000000000000000000e+00,0.000000000000000000e+00,0.000000000000000000e+00,0.000000000000000000e+00,0.000000000000000000e+00,0.000000000000000000e+00,0.000000000000000000e+00,0.000000000000000000e+00,0.000000000000000000e+00,0.000000000000000000e+00,0.000000000000000000e+00,0.000000000000000000e+00,0.000000000000000000e+00,0.000000000000000000e+00,0.000000000000000000e+00,0.000000000000000000e+00,0.000000000000000000e+00,0.000000000000000000e+00,0.000000000000000000e+00,0.000000000000000000e+00,0.000000000000000000e+00,0.000000000000000000e+00,0.000000000000000000e+00,0.000000000000000000e+00,0.000000000000000000e+00,0.000000000000000000e+00,0.000000000000000000e+00,0.000000000000000000e+00,0.000000000000000000e+00,0.000000000000000000e+00,0.000000000000000000e+00,0.000000000000000000e+00,0.000000000000000000e+00,0.000000000000000000e+00,0.000000000000000000e+00,0.000000000000000000e+00,0.000000000000000000e+00,0.000000000000000000e+00,0.000000000000000000e+00,0.000000000000000000e+00,0.000000000000000000e+00,0.000000000000000000e+00,0.000000000000000000e+00,0.000000000000000000e+00,0.000000000000000000e+00,0.000000000000000000e+00,0.000000000000000000e+00,0.000000000000000000e+00,0.000000000000000000e+00,0.000000000000000000e+00,0.000000000000000000e+00,0.000000000000000000e+00,0.000000000000000000e+00,0.000000000000000000e+00,0.000000000000000000e+00,0.000000000000000000e+00,0.000000000000000000e+00,0.000000000000000000e+00,0.000000000000000000e+00,0.000000000000000000e+00,0.000000000000000000e+00,0.000000000000000000e+00,0.000000000000000000e+00,0.000000000000000000e+00,0.000000000000000000e+00,0.000000000000000000e+00,0.000000000000000000e+00,0.000000000000000000e+00,0.000000000000000000e+00,0.000000000000000000e+00,0.000000000000000000e+00,0.000000000000000000e+00,0.000000000000000000e+00,0.000000000000000000e+00,0.000000000000000000e+00,0.000000000000000000e+00,0.000000000000000000e+00,0.000000000000000000e+00,0.000000000000000000e+00,0.000000000000000000e+00,0.000000000000000000e+00,0.000000000000000000e+00,0.000000000000000000e+00,0.000000000000000000e+00,0.000000000000000000e+00,0.000000000000000000e+00,0.000000000000000000e+00,0.000000000000000000e+00,0.000000000000000000e+00
TrailVort,1,2,3,4,5,6,7,8,9,10,11,12,13,14,15,16,17,18,19,20,21,22,23,24,25,26,27,28,29,30,31,32,33,34,35,36,37,38,39,40,41,42,43,44,45,46,47,48,49,50,51,52,53,54,55,56,57,58,59,60,61,62,1,2,3,4,5,6,7,8,9,10,11,12,13,14,15,16,17,18,19,20,21,22,23,24,25,26,27,28,29,30,31,32,33,34,35,36,37,38,39,40,41,42,43,44,45,46,47,48,49,50,51,52,53,54,55,56,57,58,59,60,61,62,1,2,3,4,5,6,7,8,9,10,11,12,13,14,15,16,17,18,19,20,21,22,23,24,25,26,1,2,3,4,5,6,7,8,9,10,11,12,13,14,15,16,17,18,19,20,21,22,23,24,25,26,1,2,3,4,5,6,7,8,9,10,11,12,13,14,15,16,17,18,19,20,21,22,23,24,25,26,27
Unsteady,0
V/Vref,1.000000000000000000e+00,1.000000000000000000e+00,1.000000000000000000e+00,1.000000000000000000e+00,1.000000000000000000e+00,1.000000000000000000e+00,1.000000000000000000e+00,1.000000000000000000e+00,1.000000000000000000e+00,1.000000000000000000e+00,1.000000000000000000e+00,1.000000000000000000e+00,1.000000000000000000e+00,1.000000000000000000e+00,1.000000000000000000e+00,1.000000000000000000e+00,1.000000000000000000e+00,1.000000000000000000e+00,1.000000000000000000e+00,1.000000000000000000e+00,1.000000000000000000e+00,1.000000000000000000e+00,1.000000000000000000e+00,1.000000000000000000e+00,1.000000000000000000e+00,1.000000000000000000e+00,1.000000000000000000e+00,1.000000000000000000e+00,1.000000000000000000e+00,1.000000000000000000e+00,1.000000000000000000e+00,1.000000000000000000e+00,1.000000000000000000e+00,1.000000000000000000e+00,1.000000000000000000e+00,1.000000000000000000e+00,1.000000000000000000e+00,1.000000000000000000e+00,1.000000000000000000e+00,1.000000000000000000e+00,1.000000000000000000e+00,1.000000000000000000e+00,1.000000000000000000e+00,1.000000000000000000e+00,1.000000000000000000e+00,1.000000000000000000e+00,1.000000000000000000e+00,1.000000000000000000e+00,1.000000000000000000e+00,1.000000000000000000e+00,1.000000000000000000e+00,1.000000000000000000e+00,1.000000000000000000e+00,1.000000000000000000e+00,1.000000000000000000e+00,1.000000000000000000e+00,1.000000000000000000e+00,1.000000000000000000e+00,1.000000000000000000e+00,1.000000000000000000e+00,1.000000000000000000e+00,1.000000000000000000e+00,1.000000000000000000e+00,1.000000000000000000e+00,1.000000000000000000e+00,1.000000000000000000e+00,1.000000000000000000e+00,1.000000000000000000e+00,1.000000000000000000e+00,1.000000000000000000e+00,1.000000000000000000e+00,1.000000000000000000e+00,1.000000000000000000e+00,1.000000000000000000e+00,1.000000000000000000e+00,1.000000000000000000e+00,1.000000000000000000e+00,1.000000000000000000e+00,1.000000000000000000e+00,1.000000000000000000e+00,1.000000000000000000e+00,1.000000000000000000e+00,1.000000000000000000e+00,1.000000000000000000e+00,1.000000000000000000e+00,1.000000000000000000e+00,1.000000000000000000e+00,1.000000000000000000e+00,1.000000000000000000e+00,1.000000000000000000e+00,1.000000000000000000e+00,1.000000000000000000e+00,1.000000000000000000e+00,1.000000000000000000e+00,1.000000000000000000e+00,1.000000000000000000e+00,1.000000000000000000e+00,1.000000000000000000e+00,1.000000000000000000e+00,1.000000000000000000e+00,1.000000000000000000e+00,1.000000000000000000e+00,1.000000000000000000e+00,1.000000000000000000e+00,1.000000000000000000e+00,1.000000000000000000e+00,1.000000000000000000e+00,1.000000000000000000e+00,1.000000000000000000e+00,1.000000000000000000e+00,1.000000000000000000e+00,1.000000000000000000e+00,1.000000000000000000e+00,1.000000000000000000e+00,1.000000000000000000e+00,1.000000000000000000e+00,1.000000000000000000e+00,1.000000000000000000e+00,1.000000000000000000e+00,1.000000000000000000e+00,1.000000000000000000e+00,1.000000000000000000e+00,1.000000000000000000e+00,1.000000000000000000e+00,1.000000000000000000e+00,1.000000000000000000e+00,1.000000000000000000e+00,1.000000000000000000e+00,1.000000000000000000e+00,1.000000000000000000e+00,1.000000000000000000e+00,1.000000000000000000e+00,1.000000000000000000e+00,1.000000000000000000e+00,1.000000000000000000e+00,1.000000000000000000e+00,1.000000000000000000e+00,1.000000000000000000e+00,1.000000000000000000e+00,1.000000000000000000e+00,1.000000000000000000e+00,1.000000000000000000e+00,1.000000000000000000e+00,1.000000000000000000e+00,1.000000000000000000e+00,1.000000000000000000e+00,1.000000000000000000e+00,1.000000000000000000e+00,1.000000000000000000e+00,1.000000000000000000e+00,1.000000000000000000e+00,1.000000000000000000e+00,1.000000000000000000e+00,1.000000000000000000e+00,1.000000000000000000e+00,1.000000000000000000e+00,1.000000000000000000e+00,1.000000000000000000e+00,1.000000000000000000e+00,1.000000000000000000e+00,1.000000000000000000e+00,1.000000000000000000e+00,1.000000000000000000e+00,1.000000000000000000e+00,1.000000000000000000e+00,1.000000000000000000e+00,1.000000000000000000e+00,1.000000000000000000e+00,1.000000000000000000e+00,1.000000000000000000e+00,1.000000000000000000e+00,1.000000000000000000e+00,1.000000000000000000e+00,1.000000000000000000e+00,1.000000000000000000e+00,1.000000000000000000e+00,1.000000000000000000e+00,1.000000000000000000e+00,1.000000000000000000e+00,1.000000000000000000e+00,1.000000000000000000e+00,1.000000000000000000e+00,1.000000000000000000e+00,1.000000000000000000e+00,1.000000000000000000e+00,1.000000000000000000e+00,1.000000000000000000e+00,1.000000000000000000e+00,1.000000000000000000e+00,1.000000000000000000e+00,1.000000000000000000e+00,1.000000000000000000e+00,1.000000000000000000e+00,1.000000000000000000e+00,1.000000000000000000e+00,1.000000000000000000e+00,1.000000000000000000e+00,1.000000000000000000e+00,1.000000000000000000e+00,1.000000000000000000e+00,1.000000000000000000e+00,1.000000000000000000e+00,1.000000000000000000e+00
VortexSheet,1,1,1,1,1,1,1,1,1,1,1,1,1,1,1,1,1,1,1,1,1,1,1,1,1,1,1,1,1,1,1,1,1,1,1,1,1,1,1,1,1,1,1,1,1,1,1,1,1,1,1,1,1,1,1,1,1,1,1,1,1,1,2,2,2,2,2,2,2,2,2,2,2,2,2,2,2,2,2,2,2,2,2,2,2,2,2,2,2,2,2,2,2,2,2,2,2,2,2,2,2,2,2,2,2,2,2,2,2,2,2,2,2,2,2,2,2,2,2,2,2,2,2,2,3,3,3,3,3,3,3,3,3,3,3,3,3,3,3,3,3,3,3,3,3,3,3,3,3,3,4,4,4,4,4,4,4,4,4,4,4,4,4,4,4,4,4,4,4,4,4,4,4,4,4,4,5,5,5,5,5,5,5,5,5,5,5,5,5,5,5,5,5,5,5,5,5,5,5,5,5,5,5
Xavg,5.221689999999999721e+00,5.211859999999999715e+00,5.199989999999999668e+00,5.186519999999999797e+00,5.173060000000000436e+00,5.159589999999999677e+00,5.146130000000000315e+00,5.132659999999999556e+00,5.119200000000000195e+00,5.105730000000000324e+00,5.092270000000000074e+00,5.078800000000000203e+00,5.065339999999999954e+00,5.051870000000000083e+00,5.038409999999999833e+00,5.024939999999999962e+00,5.011479999999999713e+00,4.998009999999999842e+00,4.984549999999999592e+00,4.971079999999999721e+00,4.957620000000000360e+00,4.944149999999999601e+00,4.930690000000000239e+00,4.917220000000000368e+00,4.903760000000000119e+00,4.890290000000000248e+00,4.876829999999999998e+00,4.863360000000000127e+00,4.849899999999999878e+00,4.836430000000000007e+00,4.822969999999999757e+00,4.809499999999999886e+00,4.796039999999999637e+00,4.782569999999999766e+00,4.769110000000000404e+00,4.755639999999999645e+00,4.742180000000000284e+00,4.728710000000000413e+00,4.721169999999999867e+00,4.719549999999999912e+00,4.717929999999999957e+00,4.716319999999999624e+00,4.714699999999999669e+00,4.713079999999999714e+00,4.706199999999999939e+00,4.694069999999999965e+00,4.681930000000000369e+00,4.669789999999999885e+00,4.657659999999999911e+00,4.645520000000000316e+00,4.633379999999999832e+00,4.621249999999999858e+00,4.609110000000000262e+00,4.596969999999999779e+00,4.584830000000000183e+00,4.572700000000000209e+00,4.560559999999999725e+00,4.548420000000000130e+00,4.536290000000000155e+00,4.524149999999999672e+00,4.512010000000000076e+00,4.499880000000000102e+00,5.221689999999999721e+00,5.211859999999999715e+00,5.199989999999999668e+00,5.186519999999999797e+00,5.173060000000000436e+00,5.159589999999999677e+00,5.146130000000000315e+00,5.132659999999999556e+00,5.119200000000000195e+00,5.105730000000000324e+00,5.092270000000000074e+00,5.078800000000000203e+00,5.065339999999999954e+00,5.051870000000000083e+00,5.038409999999999833e+00,5.024939999999999962e+00,5.011479999999999713e+00,4.998009999999999842e+00,4.984549999999999592e+00,4.971079999999999721e+00,4.957620000000000360e+00,4.944149999999999601e+00,4.930690000000000239e+00,4.917220000000000368e+00,4.903760000000000119e+00,4.890290000000000248e+00,4.876829999999999998e+00,4.863360000000000127e+00,4.849899999999999878e+00,4.836430000000000007e+00,4.822969999999999757e+00,4.809499999999999886e+00,4.796039999999999637e+00,4.782569999999999766e+00,4.769110000000000404e+00,4.755639999999999645e+00,4.742180000000000284e+00,4.728710000000000413e+00,4.721169999999999867e+00,4.719549999999999912e+00,4.717929999999999957e+00,4.716319999999999624e+00,4.714699999999999669e+00,4.713079999999999714e+00,4.706199999999999939e+00,4.694069999999999965e+00,4.681930000000000369e+00,4.669789999999999885e+00,4.657659999999999911e+00,4.645520000000000316e+00,4.633379999999999832e+00,4.621249999999999858e+00,4.609110000000000262e+00,4.596969999999999779e+00,4.584830000000000183e+00,4.572700000000000209e+00,4.560559999999999725e+00,4.548420000000000130e+00,4.536290000000000155e+00,4.524149999999999672e+00,4.512010000000000076e+00,4.499880000000000102e+00,1.066100999999999921e+01,1.064420999999999928e+01,1.062580999999999953e+01,1.060740000000000016e+01,1.058899000000000079e+01,1.057058999999999926e+01,1.055217999999999989e+01,1.053377000000000052e+01,1.051537000000000077e+01,1.049695999999999962e+01,1.047855000000000025e+01,1.046015000000000050e+01,1.044173999999999936e+01,1.042332999999999998e+01,1.040493000000000023e+01,1.038652000000000086e+01,1.036810999999999972e+01,1.034970999999999997e+01,1.033130000000000059e+01,1.031288999999999945e+01,1.029448999999999970e+01,1.027608000000000033e+01,1.025766999999999918e+01,1.023926999999999943e+01,1.022086000000000006e+01,1.020245000000000068e+01,1.066019000000000005e+01,1.064420999999999928e+01,1.062580999999999953e+01,1.060740000000000016e+01,1.058899000000000079e+01,1.057058999999999926e+01,1.055217999999999989e+01,1.053377000000000052e+01,1.051537000000000077e+01,1.049695999999999962e+01,1.047855000000000025e+01,1.046015000000000050e+01,1.044173999999999936e+01,1.042332999999999998e+01,1.040493000000000023e+01,1.038652000000000086e+01,1.036810999999999972e+01,1.034970999999999997e+01,1.033130000000000059e+01,1.031288999999999945e+01,1.029448999999999970e+01,1.027608000000000033e+01,1.025766999999999918e+01,1.023926999999999943e+01,1.022086000000000006e+01,1.020245000000000068e+01,1.071156000000000041e+01,1.071181999999999945e+01,1.071216000000000079e+01,1.071250999999999998e+01,1.071284999999999954e+01,1.071319000000000088e+01,1.071353000000000044e+01,1.071387999999999963e+01,1.071421999999999919e+01,1.071456000000000053e+01,1.071490000000000009e+01,1.071524999999999928e+01,1.071559000000000061e+01,1.071593000000000018e+01,1.071626999999999974e+01,1.071660999999999930e+01,1.071696000000000026e+01,1.071729999999999983e+01,1.071763999999999939e+01,1.071798000000000073e+01,1.071832999999999991e+01,1.071866999999999948e+01,1.071901000000000082e+01,1.071935000000000038e+01,1.071969999999999956e+01,1.072003999999999913e+01,1.072038000000000046e+01
Yavg,6.966700000000000115e-01,7.984299999999999731e-01,9.210399999999999698e-01,1.059800000000000075e+00,1.198569999999999913e+00,1.337329999999999908e+00,1.476089999999999902e+00,1.614849999999999897e+00,1.753609999999999891e+00,1.892379999999999951e+00,2.031140000000000168e+00,2.169900000000000162e+00,2.308660000000000156e+00,2.447420000000000151e+00,2.586190000000000211e+00,2.724950000000000205e+00,2.863710000000000200e+00,3.002470000000000194e+00,3.141239999999999810e+00,3.279999999999999805e+00,3.418759999999999799e+00,3.557519999999999794e+00,3.696279999999999788e+00,3.835049999999999848e+00,3.973809999999999842e+00,4.112569999999999837e+00,4.251330000000000275e+00,4.390089999999999826e+00,4.528859999999999886e+00,4.667620000000000324e+00,4.806379999999999875e+00,4.945140000000000313e+00,5.083899999999999864e+00,5.222669999999999924e+00,5.361430000000000362e+00,5.500189999999999912e+00,5.638950000000000351e+00,5.777709999999999901e+00,5.855419999999999625e+00,5.872069999999999901e+00,5.888729999999999798e+00,5.905380000000000074e+00,5.922030000000000349e+00,5.938690000000000246e+00,6.009459999999999802e+00,6.134360000000000035e+00,6.259260000000000268e+00,6.384159999999999613e+00,6.509059999999999846e+00,6.633960000000000079e+00,6.758860000000000312e+00,6.883759999999999657e+00,7.008659999999999890e+00,7.133549999999999613e+00,7.258449999999999847e+00,7.383350000000000080e+00,7.508250000000000313e+00,7.633149999999999658e+00,7.758049999999999891e+00,7.882950000000000124e+00,8.007849999999999469e+00,8.132749999999999702e+00,-6.966700000000000115e-01,-7.984299999999999731e-01,-9.210399999999999698e-01,-1.059800000000000075e+00,-1.198569999999999913e+00,-1.337329999999999908e+00,-1.476089999999999902e+00,-1.614849999999999897e+00,-1.753609999999999891e+00,-1.892379999999999951e+00,-2.031140000000000168e+00,-2.169900000000000162e+00,-2.308660000000000156e+00,-2.447420000000000151e+00,-2.586190000000000211e+00,-2.724950000000000205e+00,-2.863710000000000200e+00,-3.002470000000000194e+00,-3.141239999999999810e+00,-3.279999999999999805e+00,-3.418759999999999799e+00,-3.557519999999999794e+00,-3.696279999999999788e+00,-3.835049999999999848e+00,-3.973809999999999842e+00,-4.112569999999999837e+00,-4.251330000000000275e+00,-4.390089999999999826e+00,-4.528859999999999886e+00,-4.667620000000000324e+00,-4.806379999999999875e+00,-4.945140000000000313e+00,-5.083899999999999864e+00,-5.222669999999999924e+00,-5.361430000000000362e+00,-5.500189999999999912e+00,-5.638950000000000351e+00,-5.777709999999999901e+00,-5.855419999999999625e+00,-5.872069999999999901e+00,-5.888729999999999798e+00,-5.905380000000000074e+00,-5.922030000000000349e+00,-5.938690000000000246e+00,-6.009459999999999802e+00,-6.134360000000000035e+00,-6.259260000000000268e+00,-6.384159999999999613e+00,-6.509059999999999846e+00,-6.633960000000000079e+00,-6.758860000000000312e+00,-6.883759999999999657e+00,-7.008659999999999890e+00,-7.133549999999999613e+00,-7.258449999999999847e+00,-7.383350000000000080e+00,-7.508250000000000313e+00,-7.633149999999999658e+00,-7.758049999999999891e+00,-7.882950000000000124e+00,-8.007849999999999469e+00,-8.132749999999999702e+00,2.857799999999999785e-01,3.865399999999999947e-01,4.969799999999999773e-01,6.074199999999999600e-01,7.178600000000000536e-01,8.283000000000000362e-01,9.387400000000000189e-01,1.049180000000000001e+00,1.159620000000000095e+00,1.270059999999999967e+00,1.380500000000000060e+00,1.490939999999999932e+00,1.601380000000000026e+00,1.711819999999999897e+00,1.822270000000000056e+00,1.932709999999999928e+00,2.043149999999999800e+00,2.153589999999999893e+00,2.264029999999999987e+00,2.374470000000000081e+00,2.484910000000000174e+00,2.595349999999999824e+00,2.705789999999999917e+00,2.816230000000000011e+00,2.926670000000000105e+00,3.037110000000000198e+00,-2.906599999999999739e-01,-3.865399999999999947e-01,-4.969799999999999773e-01,-6.074199999999999600e-01,-7.178600000000000536e-01,-8.283000000000000362e-01,-9.387400000000000189e-01,-1.049180000000000001e+00,-1.159620000000000095e+00,-1.270059999999999967e+00,-1.380500000000000060e+00,-1.490939999999999932e+00,-1.601380000000000026e+00,-1.711819999999999897e+00,-1.822270000000000056e+00,-1.932709999999999928e+00,-2.043149999999999800e+00,-2.153589999999999893e+00,-2.264029999999999987e+00,-2.374470000000000081e+00,-2.484910000000000174e+00,-2.595349999999999824e+00,-2.705789999999999917e+00,-2.816230000000000011e+00,-2.926670000000000105e+00,-3.037110000000000198e+00,0.000000000000000000e+00,0.000000000000000000e+00,0.000000000000000000e+00,0.000000000000000000e+00,0.000000000000000000e+00,0.000000000000000000e+00,0.000000000000000000e+00,0.000000000000000000e+00,0.000000000000000000e+00,0.000000000000000000e+00,0.000000000000000000e+00,0.000000000000000000e+00,0.000000000000000000e+00,0.000000000000000000e+00,0.000000000000000000e+00,0.000000000000000000e+00,0.000000000000000000e+00,0.000000000000000000e+00,0.000000000000000000e+00,0.000000000000000000e+00,0.000000000000000000e+00,0.000000000000000000e+00,0.000000000000000000e+00,0.000000000000000000e+00,0.000000000000000000e+00,0.000000000000000000e+00,0.000000000000000000e+00
Zavg,8.401399999999999979e-01,8.448200000000000154e-01,8.502999999999999448e-01,8.563499999999999446e-01,8.624100000000000099e-01,8.684600000000000097e-01,8.745199999999999640e-01,8.805800000000000294e-01,8.866300000000000292e-01,8.926899999999999835e-01,8.987399999999999833e-01,9.048000000000000487e-01,9.108600000000000030e-01,9.169100000000000028e-01,9.229699999999999571e-01,9.290199999999999569e-01,9.350800000000000223e-01,9.411399999999999766e-01,9.471899999999999764e-01,9.532500000000000417e-01,9.593000000000000416e-01,9.653599999999999959e-01,9.714199999999999502e-01,9.774699999999999500e-01,9.835300000000000153e-01,9.895800000000000152e-01,9.956399999999999695e-01,1.001700000000000035e+00,1.007749999999999924e+00,1.013810000000000100e+00,1.019859999999999989e+00,1.025919999999999943e+00,1.031979999999999897e+00,1.038030000000000008e+00,1.044089999999999963e+00,1.050140000000000073e+00,1.056200000000000028e+00,1.062259999999999982e+00,1.065630000000000077e+00,1.066319999999999935e+00,1.067010000000000014e+00,1.067700000000000093e+00,1.068400000000000016e+00,1.069090000000000096e+00,1.071970000000000089e+00,1.077029999999999932e+00,1.082100000000000062e+00,1.087159999999999904e+00,1.092230000000000034e+00,1.097290000000000099e+00,1.102360000000000007e+00,1.107429999999999914e+00,1.112489999999999979e+00,1.117560000000000109e+00,1.122619999999999951e+00,1.127690000000000081e+00,1.132749999999999924e+00,1.137820000000000054e+00,1.142889999999999961e+00,1.147950000000000026e+00,1.153019999999999934e+00,1.158079999999999998e+00,8.401399999999999979e-01,8.448200000000000154e-01,8.502999999999999448e-01,8.563499999999999446e-01,8.624100000000000099e-01,8.684600000000000097e-01,8.745199999999999640e-01,8.805800000000000294e-01,8.866300000000000292e-01,8.926899999999999835e-01,8.987399999999999833e-01,9.048000000000000487e-01,9.108600000000000030e-01,9.169100000000000028e-01,9.229699999999999571e-01,9.290199999999999569e-01,9.350800000000000223e-01,9.411399999999999766e-01,9.471899999999999764e-01,9.532500000000000417e-01,9.593000000000000416e-01,9.653599999999999959e-01,9.714199999999999502e-01,9.774699999999999500e-01,9.835300000000000153e-01,9.895800000000000152e-01,9.956399999999999695e-01,1.001700000000000035e+00,1.007749999999999924e+00,1.013810000000000100e+00,1.019859999999999989e+00,1.025919999999999943e+00,1.031979999999999897e+00,1.038030000000000008e+00,1.044089999999999963e+00,1.050140000000000073e+00,1.056200000000000028e+00,1.062259999999999982e+00,1.065630000000000077e+00,1.066319999999999935e+00,1.067010000000000014e+00,1.067700000000000093e+00,1.068400000000000016e+00,1.069090000000000096e+00,1.071970000000000089e+00,1.077029999999999932e+00,1.082100000000000062e+00,1.087159999999999904e+00,1.092230000000000034e+00,1.097290000000000099e+00,1.102360000000000007e+00,1.107429999999999914e+00,1.112489999999999979e+00,1.117560000000000109e+00,1.122619999999999951e+00,1.127690000000000081e+00,1.132749999999999924e+00,1.137820000000000054e+00,1.142889999999999961e+00,1.147950000000000026e+00,1.153019999999999934e+00,1.158079999999999998e+00,8.000000000000000444e-01,8.000000000000000444e-01,8.000000000000000444e-01,8.000000000000000444e-01,8.000000000000000444e-01,8.000000000000000444e-01,8.000000000000000444e-01,8.000000000000000444e-01,8.000000000000000444e-01,8.000000000000000444e-01,8.000000000000000444e-01,8.000000000000000444e-01,8.000000000000000444e-01,8.000000000000000444e-01,8.000000000000000444e-01,8.000000000000000444e-01,8.000000000000000444e-01,8.000000000000000444e-01,8.000000000000000444e-01,8.000000000000000444e-01,8.000000000000000444e-01,8.000000000000000444e-01,8.000000000000000444e-01,8.000000000000000444e-01,8.000000000000000444e-01,8.000000000000000444e-01,8.000000000000000444e-01,8.000000000000000444e-01,8.000000000000000444e-01,8.000000000000000444e-01,8.000000000000000444e-01,8.000000000000000444e-01,8.000000000000000444e-01,8.000000000000000444e-01,8.000000000000000444e-01,8.000000000000000444e-01,8.000000000000000444e-01,8.000000000000000444e-01,8.000000000000000444e-01,8.000000000000000444e-01,8.000000000000000444e-01,8.000000000000000444e-01,8.000000000000000444e-01,8.000000000000000444e-01,8.000000000000000444e-01,8.000000000000000444e-01,8.000000000000000444e-01,8.000000000000000444e-01,8.000000000000000444e-01,8.000000000000000444e-01,8.000000000000000444e-01,8.000000000000000444e-01,9.697500000000000009e-01,1.045539999999999914e+00,1.143750000000000044e+00,1.241959999999999953e+00,1.340179999999999927e+00,1.438390000000000057e+00,1.536610000000000031e+00,1.634819999999999940e+00,1.733039999999999914e+00,1.831250000000000044e+00,1.929459999999999953e+00,2.027680000000000149e+00,2.125890000000000057e+00,2.224110000000000031e+00,2.322319999999999940e+00,2.420539999999999914e+00,2.518749999999999822e+00,2.616960000000000175e+00,2.715180000000000149e+00,2.813390000000000057e+00,2.911610000000000031e+00,3.009819999999999940e+00,3.108039999999999914e+00,3.206249999999999822e+00,3.304460000000000175e+00,3.402680000000000149e+00,3.500890000000000057e+00
cd,4.907900000000000040e-01,5.152000000000000329e-02,4.712999999999999828e-02,4.555000000000000021e-02,4.463999999999999913e-02,4.392999999999999683e-02,4.302000000000000268e-02,4.420000000000000318e-02,4.361999999999999905e-02,4.417999999999999705e-02,4.265000000000000041e-02,4.288999999999999757e-02,4.155999999999999972e-02,4.111999999999999683e-02,3.916000000000000036e-02,4.093000000000000110e-02,4.096999999999999947e-02,3.946999999999999814e-02,3.821000000000000091e-02,3.823000000000000009e-02,3.706999999999999879e-02,3.570000000000000256e-02,3.520999999999999824e-02,3.563999999999999807e-02,3.636999999999999955e-02,3.613000000000000239e-02,3.540999999999999703e-02,3.527999999999999886e-02,3.411999999999999755e-02,3.336000000000000076e-02,3.257999999999999785e-02,3.041999999999999912e-02,3.025999999999999870e-02,2.970000000000000070e-02,2.966999999999999846e-02,2.825000000000000080e-02,3.157999999999999696e-02,3.196999999999999842e-02,3.404000000000000081e-02,2.986000000000000112e-02,3.137000000000000205e-02,3.167999999999999983e-02,3.107000000000000040e-02,3.588999999999999829e-02,3.262999999999999928e-02,3.314000000000000279e-02,2.888999999999999901e-02,3.012000000000000094e-02,2.929000000000000006e-02,2.918000000000000108e-02,2.881999999999999840e-02,2.893000000000000085e-02,2.926000000000000129e-02,2.875000000000000125e-02,2.868000000000000063e-02,2.818999999999999978e-02,2.757000000000000076e-02,2.706000000000000072e-02,2.610000000000000167e-02,2.511000000000000038e-02,2.515999999999999834e-02,4.383999999999999703e-02,5.013999999999999568e-01,6.047000000000000292e-02,4.988999999999999685e-02,4.800000000000000100e-02,4.669000000000000233e-02,4.590000000000000330e-02,4.478000000000000036e-02,4.553000000000000103e-02,4.487000000000000016e-02,4.501999999999999752e-02,4.343000000000000332e-02,4.338999999999999801e-02,4.164999999999999952e-02,4.107000000000000234e-02,3.880000000000000115e-02,4.048000000000000209e-02,4.064000000000000251e-02,3.926000000000000323e-02,3.805999999999999661e-02,3.810000000000000192e-02,3.701999999999999735e-02,3.570999999999999869e-02,3.508000000000000007e-02,3.554000000000000214e-02,3.608000000000000096e-02,3.561999999999999889e-02,3.466999999999999943e-02,3.384000000000000202e-02,3.257000000000000173e-02,3.178000000000000269e-02,3.099999999999999978e-02,2.972999999999999948e-02,2.974999999999999867e-02,2.928000000000000047e-02,2.932999999999999843e-02,2.728999999999999829e-02,3.059999999999999873e-02,3.130000000000000143e-02,3.361000000000000099e-02,2.962000000000000050e-02,3.150000000000000022e-02,3.200000000000000067e-02,3.155999999999999778e-02,3.667000000000000121e-02,3.309999999999999748e-02,3.366999999999999854e-02,3.017999999999999849e-02,3.099000000000000019e-02,3.009999999999999828e-02,2.985000000000000153e-02,2.961000000000000090e-02,2.939999999999999905e-02,2.959000000000000172e-02,2.905999999999999903e-02,2.912999999999999964e-02,2.886000000000000024e-02,2.818000000000000019e-02,2.764000000000000137e-02,2.648999999999999966e-02,2.537999999999999978e-02,2.509000000000000119e-02,4.449000000000000177e-02,-6.828400000000000025e-01,-9.119999999999999635e-03,-4.660000000000000080e-03,-5.309999999999999616e-03,-5.570000000000000298e-03,-4.939999999999999947e-03,-5.139999999999999604e-03,-4.610000000000000382e-03,-4.089999999999999886e-03,-3.459999999999999968e-03,-2.749999999999999840e-03,-2.200000000000000133e-03,-1.639999999999999965e-03,-1.209999999999999921e-03,-1.610000000000000103e-03,-1.069999999999999988e-03,-5.100000000000000366e-04,0.000000000000000000e+00,4.699999999999999859e-04,1.600000000000000077e-03,2.650000000000000012e-03,2.510000000000000078e-03,2.809999999999999998e-03,3.239999999999999825e-03,3.919999999999999873e-03,4.720000000000000237e-03,-6.677430000000000199e+00,-8.459999999999999465e-02,-1.069999999999999944e-02,-9.079999999999999530e-03,-8.529999999999999388e-03,-7.539999999999999827e-03,-6.250000000000000347e-03,-5.380000000000000233e-03,-4.510000000000000120e-03,-3.710000000000000190e-03,-2.799999999999999972e-03,-2.089999999999999844e-03,-1.160000000000000007e-03,-6.700000000000000226e-04,-3.899999999999999929e-04,2.799999999999999755e-04,3.200000000000000262e-04,1.260000000000000052e-03,1.869999999999999917e-03,2.520000000000000104e-03,3.069999999999999812e-03,3.409999999999999837e-03,3.779999999999999940e-03,4.100000000000000346e-03,4.490000000000000067e-03,5.029999999999999749e-03,4.570000000000000277e-03,5.259999999999999919e-03,5.899999999999999863e-03,5.950000000000000427e-03,5.930000000000000375e-03,6.040000000000000230e-03,6.109999999999999980e-03,6.170000000000000137e-03,6.230000000000000294e-03,6.230000000000000294e-03,6.150000000000000085e-03,6.199999999999999782e-03,6.089999999999999927e-03,6.089999999999999927e-03,6.119999999999999572e-03,6.040000000000000230e-03,5.980000000000000072e-03,5.910000000000000323e-03,5.930000000000000375e-03,5.819999999999999653e-03,5.729999999999999850e-03,5.720000000000000258e-03,5.689999999999999745e-03,5.720000000000000258e-03,5.640000000000000048e-03,5.640000000000000048e-03,6.130000000000000032e-03
cd*c/cref,5.924077955342902380e-01,6.182263051568315237e-02,5.615686076555024414e-02,5.383835645933013336e-02,5.233559425837320395e-02,5.108281291866027807e-02,4.961296937799043738e-02,5.055084210526315791e-02,4.947008899521530834e-02,4.968241818181818453e-02,4.755395640616692787e-02,4.741112131844762295e-02,4.554321998936736171e-02,4.466777501329079886e-02,4.216393216374268726e-02,4.367825039872407639e-02,4.332887878787879121e-02,4.136502163742689780e-02,3.967908410419988818e-02,3.933401573631047088e-02,3.778597719298245478e-02,3.604807974481658711e-02,3.521655156831472733e-02,3.530576842105263152e-02,3.568107756512493151e-02,3.510026618819777483e-02,3.406212333864964970e-02,3.359965167464114277e-02,3.216875683147261966e-02,3.113316236044657084e-02,3.009380478468899264e-02,2.780769665071770175e-02,2.737218894205209821e-02,2.658173684210526563e-02,2.627127862838915182e-02,2.474390616693248127e-02,2.735875629984050803e-02,2.739103258904837870e-02,2.898231834130781531e-02,2.538925475810738935e-02,2.663714922913344024e-02,2.686400000000000246e-02,2.631105385433279986e-02,3.035156815523657250e-02,2.743539420520999320e-02,2.757896353003721698e-02,2.379331866028708276e-02,2.454707942583731969e-02,2.361854662413609765e-02,2.327853503455609013e-02,2.274328538011696071e-02,2.258108771929824565e-02,2.258682222222222619e-02,2.194552764486975074e-02,2.164524274322169109e-02,2.103279728867623460e-02,2.033291164274322188e-02,1.972387719298245717e-02,1.879949282296650842e-02,1.787028373205741538e-02,1.768931249335459893e-02,3.044560978203083440e-02,6.052145901116426918e-01,7.256239261031366405e-02,5.944548660287081454e-02,5.673416267942583274e-02,5.473899856459330665e-02,5.337357416267942550e-02,5.164269569377991087e-02,5.207194210526315536e-02,5.088773253588516760e-02,5.062703636363637127e-02,4.842364189261031543e-02,4.796382732589047487e-02,4.564184582668793372e-02,4.461346108452950848e-02,4.177631685273790196e-02,4.319803508771929285e-02,4.297987878787878913e-02,4.114493918128655364e-02,3.952331695906432379e-02,3.920026156299840497e-02,3.773501148325358878e-02,3.605817724614566316e-02,3.508652737905369745e-02,3.520670622009569595e-02,3.539657076023391968e-02,3.460480159489633112e-02,3.335029133439659094e-02,3.222823732057416429e-02,3.070739771398192652e-02,2.965863009037746079e-02,2.863437533227006920e-02,2.717695007974481672e-02,2.691085991493885957e-02,2.620583349282296776e-02,2.597022589048378349e-02,2.390305130249867002e-02,2.650975119617225012e-02,2.681699468367889846e-02,2.861620797448165970e-02,2.518518841041999037e-02,2.674753588516746300e-02,2.713535353535353675e-02,2.672600127591706273e-02,3.101120101010100896e-02,2.783057150451886952e-02,2.802002721956406081e-02,2.485574098883572627e-02,2.525610861244019165e-02,2.427170547581073909e-02,2.381303189792663769e-02,2.336671339712919140e-02,2.294794258373205817e-02,2.284156081871345501e-02,2.218215768208399788e-02,2.198486475279106886e-02,2.153268995215311052e-02,2.078278745348218978e-02,2.014663583200425323e-02,1.908040478468899306e-02,1.806243732057416160e-02,1.764009739500265947e-02,3.089701594896332101e-02,-6.005978936735778539e-01,-7.913018181818182867e-03,-3.982479106858054230e-03,-4.468699521531100879e-03,-4.614838277511962641e-03,-4.028397979797979263e-03,-4.124433280170121743e-03,-3.639008027644869900e-03,-3.175175066454013432e-03,-2.640930994152046810e-03,-2.063128654970760364e-03,-1.621801169590643583e-03,-1.187583200425305777e-03,-8.604187134502923892e-04,-1.123841626794258412e-03,-7.329414673046250918e-04,-3.426923444976076507e-04,0.000000000000000000e+00,3.035485380116958510e-04,1.012482721956406212e-03,1.642351940457203443e-03,1.522840085061137518e-03,1.668177937267411107e-03,1.881180861244019335e-03,2.224855289739500596e-03,2.617329080276448953e-03,-5.869358021850080043e+00,-7.340365550239234815e-02,-9.144318979266348804e-03,-7.641392025518341236e-03,-7.067247846889951855e-03,-6.148607442849547342e-03,-5.015118288144604364e-03,-4.246824986709197593e-03,-3.501232163742689935e-03,-2.831749707602339728e-03,-2.100640085061137793e-03,-1.540711111111111144e-03,-8.399978734715577659e-04,-4.764301967038809572e-04,-2.722349282296650567e-04,1.917977671451355363e-04,2.150226475279107014e-04,8.302133971291865248e-04,1.207735672514619659e-03,1.594660287081339735e-03,1.902649229133439399e-03,2.068878362573099271e-03,2.244025837320574174e-03,2.380506645401382626e-03,2.548367410951621857e-03,2.789229930887825865e-03,4.586180861244019275e-03,5.181169909622541578e-03,5.702956937799042759e-03,5.641745082402976896e-03,5.513607442849548061e-03,5.504684529505582749e-03,5.455960393407762246e-03,5.395945454545454309e-03,5.333721265284423370e-03,5.219024348750664691e-03,5.038782296650718209e-03,4.965570441254651621e-03,4.765352153110047687e-03,4.653232695374800477e-03,4.563483253588516628e-03,4.392630940988835261e-03,4.238869431153641579e-03,4.080444976076555430e-03,3.985079797979798437e-03,3.804008931419457836e-03,3.639692344497607451e-03,3.528002339181286490e-03,3.404743540669856114e-03,3.317387134502924190e-03,3.167155342902711491e-03,3.063320574162679225e-03,3.216571664008506266e-03
cdi,4.820499999999999785e-01,4.302000000000000268e-02,3.853000000000000175e-02,3.688000000000000306e-02,3.588999999999999829e-02,3.511999999999999844e-02,3.416999999999999899e-02,3.531000000000000111e-02,3.468999999999999861e-02,3.522000000000000131e-02,3.364999999999999936e-02,3.386999999999999733e-02,3.250999999999999723e-02,3.205000000000000210e-02,3.006999999999999951e-02,3.182999999999999718e-02,3.185000000000000331e-02,3.034999999999999851e-02,2.908000000000000168e-02,2.909000000000000127e-02,2.793999999999999956e-02,2.656999999999999987e-02,2.608999999999999861e-02,2.651999999999999844e-02,2.725999999999999951e-02,2.702999999999999847e-02,2.631000000000000005e-02,2.620000000000000107e-02,2.506999999999999854e-02,2.434000000000000052e-02,2.358000000000000027e-02,2.145000000000000032e-02,2.130999999999999908e-02,2.078999999999999945e-02,2.079999999999999905e-02,1.941999999999999976e-02,2.280000000000000082e-02,2.323000000000000065e-02,2.530999999999999917e-02,2.114999999999999866e-02,2.266999999999999918e-02,2.299000000000000002e-02,2.239999999999999977e-02,2.723000000000000073e-02,2.399000000000000091e-02,2.454999999999999891e-02,2.035000000000000003e-02,2.163999999999999951e-02,2.086999999999999966e-02,2.084000000000000088e-02,2.057000000000000148e-02,2.077000000000000027e-02,2.120000000000000009e-02,2.080999999999999864e-02,2.088999999999999885e-02,2.055999999999999842e-02,2.009999999999999981e-02,1.980000000000000163e-02,1.907999999999999974e-02,1.837000000000000091e-02,1.873000000000000012e-02,3.778999999999999720e-02,4.925599999999999978e-01,5.183999999999999719e-02,4.120999999999999663e-02,3.925000000000000017e-02,3.787000000000000088e-02,3.701999999999999735e-02,3.583999999999999686e-02,3.654999999999999916e-02,3.583999999999999686e-02,3.595000000000000279e-02,3.432000000000000328e-02,3.425000000000000266e-02,3.248999999999999805e-02,3.187999999999999862e-02,2.960000000000000131e-02,3.125000000000000000e-02,3.139000000000000123e-02,2.998999999999999930e-02,2.878000000000000003e-02,2.880999999999999880e-02,2.773000000000000118e-02,2.641999999999999904e-02,2.579000000000000042e-02,2.627000000000000168e-02,2.682000000000000009e-02,2.636000000000000149e-02,2.543000000000000121e-02,2.460999999999999993e-02,2.335999999999999882e-02,2.258999999999999897e-02,2.183999999999999830e-02,2.060000000000000026e-02,2.065000000000000169e-02,2.021999999999999839e-02,2.032000000000000126e-02,1.831999999999999948e-02,2.168000000000000135e-02,2.241999999999999896e-02,2.475000000000000117e-02,2.077000000000000027e-02,2.266999999999999918e-02,2.318999999999999881e-02,2.275999999999999898e-02,2.790000000000000119e-02,2.434000000000000052e-02,2.496999999999999914e-02,2.154000000000000012e-02,2.241999999999999896e-02,2.160000000000000114e-02,2.144000000000000072e-02,2.128999999999999990e-02,2.118000000000000091e-02,2.147999999999999909e-02,2.108000000000000151e-02,2.128999999999999990e-02,2.118000000000000091e-02,2.068000000000000047e-02,2.035999999999999963e-02,1.944999999999999854e-02,1.863000000000000073e-02,1.864999999999999991e-02,3.842999999999999888e-02,-6.884500000000000064e-01,-1.473999999999999963e-02,-1.029000000000000054e-02,-1.094999999999999966e-02,-1.120999999999999948e-02,-1.058000000000000086e-02,-1.078999999999999924e-02,-1.026000000000000002e-02,-9.740000000000000394e-03,-9.119999999999999635e-03,-8.420000000000000401e-03,-7.879999999999999852e-03,-7.329999999999999710e-03,-6.899999999999999883e-03,-7.320000000000000118e-03,-6.790000000000000029e-03,-6.230000000000000294e-03,-5.729999999999999850e-03,-5.270000000000000379e-03,-4.139999999999999583e-03,-3.109999999999999917e-03,-3.259999999999999877e-03,-2.980000000000000010e-03,-2.560000000000000209e-03,-1.899999999999999996e-03,-1.110000000000000092e-03,-6.683110000000000106e+00,-9.027000000000000302e-02,-1.634999999999999995e-02,-1.472000000000000045e-02,-1.417000000000000030e-02,-1.319000000000000034e-02,-1.188999999999999953e-02,-1.102999999999999987e-02,-1.017000000000000022e-02,-9.369999999999999857e-03,-8.470000000000000098e-03,-7.769999999999999997e-03,-6.839999999999999726e-03,-6.360000000000000202e-03,-6.080000000000000335e-03,-5.420000000000000338e-03,-5.389999999999999826e-03,-4.460000000000000422e-03,-3.870000000000000176e-03,-3.229999999999999798e-03,-2.680000000000000090e-03,-2.360000000000000119e-03,-2.010000000000000068e-03,-1.699999999999999905e-03,-1.330000000000000019e-03,-8.000000000000000383e-04,-8.499999999999999526e-04,-1.700000000000000122e-04,4.600000000000000139e-04,5.000000000000000104e-04,4.600000000000000139e-04,5.500000000000000331e-04,6.199999999999999999e-04,6.599999999999999964e-04,6.999999999999999929e-04,6.899999999999999667e-04,5.800000000000000034e-04,6.199999999999999999e-04,4.899999999999999842e-04,4.699999999999999859e-04,4.800000000000000122e-04,3.899999999999999929e-04,2.999999999999999737e-04,2.100000000000000087e-04,2.100000000000000087e-04,9.000000000000000567e-05,-3.000000000000000076e-05,-6.000000000000000152e-05,-1.100000000000000039e-04,-9.000000000000000567e-05,-2.000000000000000096e-04,-2.200000000000000078e-04,2.599999999999999772e-04
cdi*c/cref,5.818581834130780450e-01,5.162285645933014505e-02,4.590969330143541277e-02,4.359074832535884958e-02,4.207716124401914004e-02,4.083834258373205545e-02,3.940667511961722796e-02,4.038348947368420455e-02,3.934244354066985389e-02,3.960649090909091480e-02,3.751912387028175783e-02,3.744030494417861787e-02,3.562584412546517670e-02,3.481522833599149519e-02,3.237664556087187229e-02,3.396722966507176311e-02,3.368378787878788250e-02,3.180715497076023329e-02,3.019805720361509738e-02,2.993006847421584085e-02,2.847963859649122950e-02,2.682906103136629278e-02,2.609485459861776019e-02,2.627129569377990165e-02,2.674363965975544780e-02,2.625962344497607612e-02,2.530851355661881824e-02,2.495212227538543340e-02,2.363630520999468118e-02,2.271526294524189166e-02,2.178059904306220082e-02,1.960799122807017555e-02,1.927631679957469285e-02,1.860721578947368421e-02,1.841734396597554183e-02,1.700979319510898327e-02,1.975236363636363734e-02,1.990283662945242088e-02,2.154942647527910426e-02,1.798334688995215092e-02,1.924973455608718770e-02,1.949505555555555714e-02,1.896902498670919451e-02,2.302795209994683637e-02,2.017085832004253051e-02,2.043040297713981726e-02,1.675991812865497074e-02,1.763608229665071872e-02,1.682892004253057003e-02,1.662524572036151033e-02,1.623280292397661154e-02,1.621186283891547231e-02,1.636502498670919931e-02,1.588474540138224214e-02,1.576600839978734708e-02,1.533998979266347484e-02,1.482377671451355627e-02,1.443210526315789714e-02,1.374307751196172066e-02,1.307356081871345090e-02,1.316855417331206854e-02,2.624406007442849423e-02,5.945442730462519032e-01,6.220662200956937615e-02,4.910299665071770486e-02,4.639199760765549269e-02,4.439849808612440080e-02,4.304770622009568976e-02,4.133260861244018869e-02,4.180165789473683224e-02,4.064667559808612246e-02,4.042740909090910412e-02,3.826616140350877493e-02,3.786036150983519005e-02,3.560392727272727181e-02,3.463056097820307877e-02,3.187059223817118730e-02,3.334828548644337698e-02,3.319730303030303531e-02,3.142987076023391613e-02,2.988652291334396513e-02,2.964198256246676835e-02,2.826558261562998539e-02,2.667759851143008953e-02,2.579479877724615011e-02,2.602364019138755924e-02,2.631197416267942735e-02,2.560871897926635110e-02,2.446201063264220876e-02,2.343785225943646744e-02,2.202409611908559203e-02,2.108207846889952053e-02,2.017337926634768519e-02,1.883098458266879369e-02,1.867930276448697552e-02,1.809706124401913585e-02,1.799232833599149345e-02,1.604631366294523992e-02,1.878207208931419528e-02,1.920885050505050443e-02,2.107263157894737060e-02,1.766024183944710224e-02,1.924973455608718770e-02,1.966465151515151694e-02,1.927388431685273656e-02,2.359455980861243848e-02,2.046513928761297188e-02,2.077992514619882852e-02,1.773998213716108593e-02,1.827176363636363529e-02,1.741756937799043142e-02,1.710389962785752518e-02,1.680099048378522197e-02,1.653188516746411513e-02,1.658116682615630097e-02,1.609084253056884684e-02,1.606789463051568403e-02,1.580257703349282131e-02,1.525152748538011714e-02,1.484028601807549190e-02,1.400958373205741375e-02,1.325859760765550274e-02,1.311230834662413698e-02,2.668852153110047934e-02,-6.055322182349813787e-01,-1.278924210526315858e-02,-8.793929186602872719e-03,-9.215114832535885661e-03,-9.287672727272726705e-03,-8.627621584263689761e-03,-8.658100212652843422e-03,-8.098963636363636087e-03,-7.561419351408824562e-03,-6.961066666666667312e-03,-6.316924827219565219e-03,-5.808996916533758909e-03,-5.307917597022860506e-03,-4.906519936204147003e-03,-5.109640191387559809e-03,-4.651095853269537547e-03,-4.186222169059011441e-03,-3.775494258373205542e-03,-3.403618713450292516e-03,-2.619799043062200419e-03,-1.927439447102604697e-03,-1.977871982987772313e-03,-1.769099734183944865e-03,-1.486365124933546273e-03,-1.078373737373737465e-03,-6.155159489633175041e-04,-5.874350654279638206e+00,-7.832326220095695013e-02,-1.397286124401913958e-02,-1.238780733652312775e-02,-1.174008229665071852e-02,-1.075598569909622451e-02,-9.540761031366293277e-03,-8.706780595427962913e-03,-7.895239712918659947e-03,-7.151885380116959796e-03,-6.354436257309942215e-03,-5.727906858054227120e-03,-4.953090909090909592e-03,-4.522531419457735680e-03,-4.244072727272727059e-03,-3.712656778309409919e-03,-3.621787719298245108e-03,-2.938691866028708168e-03,-2.499431578947368220e-03,-2.043949494949494784e-03,-1.660944603934077579e-03,-1.431833705475810776e-03,-1.193251834130781581e-03,-9.870393407761829819e-04,-7.548616161616162040e-04,-4.436150983519405381e-04,-8.530095693779903444e-04,-1.674522594364699830e-04,4.446373205741627069e-04,4.740962254120148684e-04,4.276997341839447312e-04,5.012543859649122883e-04,5.536326422115896541e-04,5.771999999999999353e-04,5.992945241892610065e-04,5.780299840510367063e-04,4.752022328548644948e-04,4.965570441254652271e-04,3.834191387559807954e-04,3.591164805954279648e-04,3.579202551834130986e-04,2.836301435406698491e-04,2.126523125996810000e-04,1.449904306220095736e-04,1.411242424242424500e-04,5.882488038277512921e-05,-1.905598086124401928e-05,-3.700701754385964836e-05,-6.582105263157895093e-05,-5.219665071770335349e-05,-1.123104731525784378e-04,-1.194912280701754416e-04,1.364288144603934038e-04
cdo,8.729999999999999913e-03,8.500000000000000611e-03,8.600000000000000006e-03,8.670000000000000623e-03,8.750000000000000833e-03,8.800000000000000530e-03,8.850000000000000228e-03,8.890000000000000333e-03,8.930000000000000437e-03,8.970000000000000542e-03,8.999999999999999320e-03,9.020000000000000240e-03,9.050000000000000752e-03,9.069999999999999937e-03,9.079999999999999530e-03,9.100000000000000450e-03,9.119999999999999635e-03,9.129999999999999227e-03,9.129999999999999227e-03,9.129999999999999227e-03,9.129999999999999227e-03,9.129999999999999227e-03,9.129999999999999227e-03,9.119999999999999635e-03,9.110000000000000042e-03,9.110000000000000042e-03,9.090000000000000857e-03,9.079999999999999530e-03,9.050000000000000752e-03,9.029999999999999832e-03,8.999999999999999320e-03,8.970000000000000542e-03,8.940000000000000030e-03,8.909999999999999518e-03,8.869999999999999413e-03,8.829999999999999308e-03,8.789999999999999203e-03,8.739999999999999505e-03,8.739999999999999505e-03,8.720000000000000320e-03,8.699999999999999400e-03,8.689999999999999808e-03,8.670000000000000623e-03,8.649999999999999703e-03,8.640000000000000110e-03,8.590000000000000413e-03,8.540000000000000716e-03,8.479999999999999691e-03,8.410000000000000808e-03,8.340000000000000191e-03,8.250000000000000389e-03,8.160000000000000586e-03,8.059999999999999457e-03,7.929999999999999549e-03,7.790000000000000049e-03,7.640000000000000090e-03,7.459999999999999618e-03,7.250000000000000368e-03,7.020000000000000198e-03,6.729999999999999871e-03,6.420000000000000359e-03,6.049999999999999822e-03,8.840000000000000635e-03,8.630000000000000518e-03,8.680000000000000215e-03,8.750000000000000833e-03,8.819999999999999715e-03,8.880000000000000740e-03,8.940000000000000030e-03,8.980000000000000135e-03,9.029999999999999832e-03,9.069999999999999937e-03,9.110000000000000042e-03,9.140000000000000555e-03,9.169999999999999332e-03,9.190000000000000252e-03,9.209999999999999437e-03,9.230000000000000357e-03,9.249999999999999542e-03,9.270000000000000462e-03,9.280000000000000054e-03,9.280000000000000054e-03,9.280000000000000054e-03,9.289999999999999647e-03,9.280000000000000054e-03,9.270000000000000462e-03,9.259999999999999135e-03,9.249999999999999542e-03,9.239999999999999949e-03,9.230000000000000357e-03,9.209999999999999437e-03,9.190000000000000252e-03,9.159999999999999740e-03,9.129999999999999227e-03,9.100000000000000450e-03,9.060000000000000345e-03,9.020000000000000240e-03,8.970000000000000542e-03,8.920000000000000845e-03,8.880000000000000740e-03,8.869999999999999413e-03,8.850000000000000228e-03,8.829999999999999308e-03,8.810000000000000123e-03,8.789999999999999203e-03,8.770000000000000018e-03,8.760000000000000425e-03,8.699999999999999400e-03,8.640000000000000110e-03,8.569999999999999493e-03,8.500000000000000611e-03,8.420000000000000401e-03,8.319999999999999271e-03,8.219999999999999876e-03,8.109999999999999154e-03,7.979999999999999247e-03,7.839999999999999747e-03,7.669999999999999735e-03,7.490000000000000130e-03,7.280000000000000013e-03,7.040000000000000251e-03,6.749999999999999924e-03,6.440000000000000412e-03,6.060000000000000282e-03,5.599999999999999943e-03,5.619999999999999996e-03,5.629999999999999588e-03,5.629999999999999588e-03,5.640000000000000048e-03,5.640000000000000048e-03,5.649999999999999641e-03,5.649999999999999641e-03,5.660000000000000100e-03,5.660000000000000100e-03,5.669999999999999693e-03,5.680000000000000153e-03,5.689999999999999745e-03,5.689999999999999745e-03,5.709999999999999798e-03,5.720000000000000258e-03,5.720000000000000258e-03,5.729999999999999850e-03,5.740000000000000310e-03,5.740000000000000310e-03,5.760000000000000363e-03,5.769999999999999955e-03,5.790000000000000008e-03,5.799999999999999600e-03,5.819999999999999653e-03,5.830000000000000113e-03,5.680000000000000153e-03,5.660000000000000100e-03,5.649999999999999641e-03,5.649999999999999641e-03,5.640000000000000048e-03,5.640000000000000048e-03,5.649999999999999641e-03,5.649999999999999641e-03,5.649999999999999641e-03,5.660000000000000100e-03,5.660000000000000100e-03,5.669999999999999693e-03,5.680000000000000153e-03,5.680000000000000153e-03,5.689999999999999745e-03,5.700000000000000205e-03,5.709999999999999798e-03,5.720000000000000258e-03,5.729999999999999850e-03,5.740000000000000310e-03,5.760000000000000363e-03,5.769999999999999955e-03,5.780000000000000415e-03,5.799999999999999600e-03,5.810000000000000060e-03,5.830000000000000113e-03,5.420000000000000338e-03,5.429999999999999931e-03,5.440000000000000391e-03,5.449999999999999983e-03,5.470000000000000036e-03,5.479999999999999628e-03,5.499999999999999681e-03,5.510000000000000141e-03,5.530000000000000193e-03,5.550000000000000246e-03,5.559999999999999838e-03,5.579999999999999891e-03,5.599999999999999943e-03,5.619999999999999996e-03,5.640000000000000048e-03,5.649999999999999641e-03,5.669999999999999693e-03,5.689999999999999745e-03,5.709999999999999798e-03,5.740000000000000310e-03,5.760000000000000363e-03,5.780000000000000415e-03,5.799999999999999600e-03,5.819999999999999653e-03,5.839999999999999705e-03,5.859999999999999758e-03,5.879999999999999810e-03
cdo*c/cref,1.053754162679425808e-02,1.019977405635300385e-02,1.024716746411483310e-02,1.024760813397129072e-02,1.025843301435406738e-02,1.023284210526315824e-02,1.020629425837320768e-02,1.016735263157894642e-02,1.012764545454545445e-02,1.008717272727273004e-02,1.003483253588516658e-02,9.970816374269005078e-03,9.917375863902181538e-03,9.852546677299308872e-03,9.776519510898456361e-03,9.711020733652311540e-03,9.645090909090908715e-03,9.568346783625730420e-03,9.481026900584794276e-03,9.393658479532161418e-03,9.306338596491227008e-03,9.219018713450290864e-03,9.131698830409356454e-03,9.034472727272726406e-03,8.937437905369483709e-03,8.850357735247210006e-03,8.743990430622008633e-03,8.647529399255714580e-03,8.532451621477938480e-03,8.427231897926634394e-03,8.313205741626793557e-03,8.199705422647527928e-03,8.086826475279106086e-03,7.974521052631577955e-03,7.853934662413608256e-03,7.734112971823497128e-03,7.615055980861243703e-03,7.488195959595959558e-03,7.441406060606060337e-03,7.414410632642211806e-03,7.387414673046250810e-03,7.368944444444445324e-03,7.342028867623604481e-03,7.315159223817118382e-03,7.264535885167464416e-03,7.148560552897395386e-03,7.033400531632112013e-03,6.910997129186602708e-03,6.781562892078682285e-03,6.653289314194578072e-03,6.510482456140351780e-03,6.369224880382775948e-03,6.221797235513025146e-03,6.053149016480595390e-03,5.879234343434344007e-03,5.700268580542264089e-03,5.501759914938861816e-03,5.284482987772461983e-03,5.056415311004784294e-03,4.789606113769271853e-03,4.513727591706539165e-03,4.201549707602339305e-03,1.067031706539075045e-02,1.035577060074428617e-02,1.034248995215311141e-02,1.034216507177033485e-02,1.034050047846889892e-02,1.032586794258373228e-02,1.031008708133971351e-02,1.027028421052631445e-02,1.024105693779904340e-02,1.019962727272727410e-02,1.015748048910154050e-02,1.010346581605528829e-02,1.004887698032961088e-02,9.982900106326422773e-03,9.916491706539073275e-03,9.849749601275915867e-03,9.782575757575757286e-03,9.715068421052632311e-03,9.636794045720360399e-03,9.547990217969164542e-03,9.459235725677831927e-03,9.380578734715577099e-03,9.281726741095163227e-03,9.183066028708134973e-03,9.084596597554492337e-03,8.986367623604465255e-03,8.888280701754385643e-03,8.790385061137693384e-03,8.683301594896331022e-03,8.576551621477936788e-03,8.460996065922380543e-03,8.345965497076023032e-03,8.231557150451887517e-03,8.108772248803828436e-03,7.986752046783625325e-03,7.856737639553430103e-03,7.727679106858054842e-03,7.608144178628390569e-03,7.552090590111641862e-03,7.524946570972886398e-03,7.497801329080275301e-03,7.470702020202020684e-03,7.443648644338117341e-03,7.416641201488569611e-03,7.365432216905901108e-03,7.240102073365230553e-03,7.115758851674642074e-03,6.984344976076554620e-03,6.854136097820309401e-03,6.717109835194046488e-03,6.565722913343965961e-03,6.416057416267943042e-03,6.260393992557150566e-03,6.091315151515151044e-03,5.916970122275385692e-03,5.722651834130780546e-03,5.523884954811270585e-03,5.306349813928761330e-03,5.070821052631578445e-03,4.803839712918659723e-03,4.527789048378522488e-03,4.208494417862839072e-03,4.925528973950025861e-03,4.876223923444976578e-03,4.811450079744816755e-03,4.737999681020733413e-03,4.672834449760765799e-03,4.599223604465709631e-03,4.533666932482721679e-03,4.459955608718766187e-03,4.394007549175970445e-03,4.320135672514620502e-03,4.253796172248803555e-03,4.187195746943116192e-03,4.120334396597554946e-03,4.046101222753854289e-03,3.985798564593301396e-03,3.918154385964912022e-03,3.843529824561403574e-03,3.775494258373205542e-03,3.707167251461988312e-03,3.632281765018606848e-03,3.569791387559808574e-03,3.500712068048909831e-03,3.437277671451356188e-03,3.367545986177565391e-03,3.303229027113237844e-03,3.232845029239766674e-03,4.992632429558745664e-03,4.910930143540670652e-03,4.828542264752790775e-03,4.754830940988836151e-03,4.672834449760765799e-03,4.599223604465709631e-03,4.533666932482721679e-03,4.459955608718766187e-03,4.386244284954810696e-03,4.320135672514620502e-03,4.246293886230728502e-03,4.179823923444975914e-03,4.113093035619352043e-03,4.038990324295587894e-03,3.971837799043061515e-03,3.904454545454545157e-03,3.836810366826155783e-03,3.768905263157894692e-03,3.700708771929824351e-03,3.632281765018606848e-03,3.569791387559808574e-03,3.500712068048909831e-03,3.431341095162148639e-03,3.367545986177565391e-03,3.297553375863902445e-03,3.232845029239766674e-03,5.439190430622009402e-03,5.348622169059011507e-03,5.258319617224880595e-03,5.167648856990962082e-03,5.085907708665603384e-03,4.994316427432216737e-03,4.911257309941520835e-03,4.818745454545454374e-03,4.734426741095162580e-03,4.649371610845295585e-03,4.555386921850080456e-03,4.469013397129186285e-03,4.381933014354066729e-03,4.294116214779372838e-03,4.205562998405103746e-03,4.109000797448165467e-03,4.019128708133971016e-03,3.928550239234449362e-03,3.837235353535353808e-03,3.751720148856991892e-03,3.658748325358852135e-03,3.565009356725146010e-03,3.470564593301435092e-03,3.375383413078149840e-03,3.279465816055289820e-03,3.182811802232854599e-03,3.085390111642743148e-03
cl,2.670450000000000212e+00,7.100400000000000045e-01,7.311400000000000121e-01,7.549099999999999699e-01,7.536100000000000021e-01,7.703400000000000247e-01,7.643900000000000139e-01,7.739099999999999868e-01,7.680000000000000160e-01,7.741900000000000448e-01,7.695600000000000218e-01,7.750899999999999457e-01,7.786499999999999533e-01,7.706800000000000317e-01,7.687300000000000244e-01,7.699899999999999523e-01,7.778399999999999759e-01,7.758599999999999941e-01,7.752700000000000147e-01,7.782700000000000173e-01,7.822599999999999554e-01,7.853799999999999670e-01,7.839899999999999647e-01,7.815800000000000525e-01,7.787399999999999878e-01,7.764999999999999680e-01,7.734100000000000419e-01,7.691400000000000459e-01,7.641200000000000214e-01,7.577800000000000091e-01,7.533699999999999841e-01,7.489500000000000046e-01,7.452900000000000080e-01,7.410499999999999865e-01,7.365099999999999980e-01,7.328000000000000069e-01,7.292999999999999483e-01,7.262600000000000167e-01,7.237599999999999589e-01,7.207000000000000073e-01,7.162399999999999878e-01,7.135299999999999976e-01,7.112500000000000488e-01,7.079299999999999482e-01,7.061699999999999644e-01,6.999699999999999811e-01,6.930199999999999694e-01,6.853599999999999692e-01,6.774799999999999711e-01,6.676499999999999657e-01,6.563499999999999890e-01,6.435999999999999499e-01,6.291999999999999815e-01,6.121999999999999664e-01,5.932600000000000096e-01,5.704700000000000326e-01,5.436499999999999666e-01,5.105100000000000193e-01,4.686799999999999855e-01,4.161099999999999799e-01,3.566900000000000071e-01,3.554200000000000137e-01,2.710710000000000175e+00,7.248599999999999488e-01,7.405599999999999961e-01,7.640799999999999814e-01,7.624600000000000266e-01,7.797500000000000542e-01,7.746699999999999697e-01,7.845100000000000406e-01,7.790899999999999492e-01,7.863999999999999879e-01,7.824299999999999589e-01,7.882599999999999607e-01,7.925799999999999512e-01,7.851900000000000546e-01,7.833499999999999908e-01,7.857300000000000395e-01,7.940300000000000136e-01,7.917499999999999538e-01,7.910899999999999599e-01,7.949199999999999600e-01,7.984599999999999476e-01,8.004900000000000349e-01,7.990800000000000125e-01,7.973900000000000432e-01,7.944799999999999640e-01,7.928300000000000347e-01,7.900399999999999645e-01,7.859500000000000375e-01,7.819199999999999484e-01,7.763400000000000301e-01,7.724699999999999900e-01,7.679399999999999560e-01,7.638000000000000345e-01,7.593400000000000150e-01,7.543699999999999850e-01,7.501900000000000235e-01,7.466199999999999504e-01,7.430400000000000338e-01,7.406500000000000306e-01,7.372100000000000319e-01,7.323399999999999910e-01,7.296700000000000408e-01,7.271600000000000286e-01,7.239400000000000279e-01,7.227900000000000436e-01,7.160499999999999643e-01,7.093899999999999650e-01,7.012699999999999489e-01,6.924900000000000500e-01,6.818600000000000216e-01,6.702000000000000179e-01,6.563999999999999835e-01,6.407699999999999507e-01,6.232199999999999962e-01,6.019099999999999451e-01,5.781300000000000328e-01,5.505799999999999583e-01,5.169799999999999951e-01,4.755199999999999982e-01,4.224200000000000177e-01,3.620399999999999729e-01,3.628199999999999759e-01,-5.840300000000000491e-01,-2.742700000000000138e-01,-1.499999999999999944e-01,-1.376799999999999968e-01,-1.310000000000000053e-01,-1.244999999999999996e-01,-1.211399999999999977e-01,-1.150599999999999956e-01,-1.126700000000000063e-01,-1.071000000000000008e-01,-1.032000000000000001e-01,-9.887999999999999567e-02,-9.435000000000000331e-02,-8.920999999999999763e-02,-8.752999999999999670e-02,-8.533999999999999919e-02,-7.605000000000000648e-02,-6.841999999999999471e-02,-6.302000000000000657e-02,-5.007000000000000339e-02,-4.148000000000000298e-02,-4.257999999999999979e-02,-4.086000000000000049e-02,-3.602999999999999953e-02,-2.878000000000000003e-02,-1.789999999999999925e-02,-4.604131000000000284e+01,-1.372489999999999988e+00,-1.828500000000000125e-01,-1.520600000000000007e-01,-1.383500000000000008e-01,-1.276599999999999957e-01,-1.222499999999999976e-01,-1.148699999999999999e-01,-1.108600000000000002e-01,-1.033499999999999974e-01,-9.864000000000000545e-02,-9.410999999999999921e-02,-8.881000000000000005e-02,-8.136999999999999789e-02,-7.649999999999999856e-02,-7.417999999999999594e-02,-6.446000000000000341e-02,-5.671000000000000346e-02,-5.304999999999999993e-02,-4.569000000000000145e-02,-3.898000000000000076e-02,-3.393999999999999795e-02,-3.024999999999999911e-02,-2.591999999999999860e-02,-2.069000000000000006e-02,-1.293000000000000052e-02,-1.116999999999999937e-02,-1.299999999999999886e-04,-1.000000000000000082e-05,9.000000000000000567e-05,1.000000000000000082e-05,-4.000000000000000327e-05,-1.200000000000000030e-04,-2.100000000000000087e-04,-2.799999999999999755e-04,-3.099999999999999999e-04,-3.299999999999999982e-04,-3.899999999999999929e-04,-3.800000000000000209e-04,-3.899999999999999929e-04,-4.299999999999999894e-04,-4.600000000000000139e-04,-4.899999999999999842e-04,-5.100000000000000366e-04,-5.599999999999999509e-04,-5.599999999999999509e-04,-5.500000000000000331e-04,-6.599999999999999964e-04,-8.199999999999999824e-04,-1.020000000000000073e-03,-1.199999999999999895e-03,-1.389999999999999960e-03,5.250000000000000326e-03
cl*c/cref,3.223365181818181657e+00,8.520291259968102437e-01,8.711760488038278183e-01,8.922747239234447569e-01,8.835265947368421413e-01,8.957690440191387049e-01,8.815355105263158464e-01,8.851086473684208755e-01,8.710001913875597968e-01,8.706118454545456187e-01,8.580450807017543369e-01,8.567937986177563969e-01,8.532778692185007952e-01,8.371731723551302240e-01,8.276986611908558888e-01,8.216910829346091294e-01,8.226247272727272852e-01,8.131103543859649063e-01,8.050772973950026667e-01,8.007450804891014240e-01,7.973687218500796758e-01,7.930375593833066672e-01,7.841358779904307186e-01,7.742503502392344972e-01,7.639890663476873733e-01,7.543691307814992530e-01,7.439702573099414851e-01,7.325066918660286808e-01,7.204217605528974167e-01,7.071968757044124754e-01,6.958799788410419129e-01,6.846342671451356443e-01,6.741645306220095391e-01,6.632456594896332103e-01,6.521422117490696113e-01,6.418525465178096523e-01,6.318157368421052356e-01,6.222399539606593422e-01,6.162233467304624179e-01,6.127942365762891752e-01,6.081795270600743875e-01,6.050590252525253065e-01,6.023088849016480228e-01,5.986844704412546125e-01,5.937496881977670782e-01,5.825119825624667236e-01,5.707596295587453739e-01,5.585520038277511645e-01,5.462988380648591269e-01,5.326221355661882040e-01,5.179582012227539334e-01,5.023570015948962686e-01,4.857015906432748942e-01,4.673061573631047128e-01,4.477425631047315391e-01,4.256324891547049183e-01,4.009425975544922416e-01,3.721077807017544314e-01,3.375841492822966305e-01,2.961371471026049695e-01,2.507790490164806263e-01,2.468288920786815832e-01,3.271960992344497665e+00,8.698127320574161603e-01,8.824002717703349763e-01,9.031133129186601494e-01,8.939022669856460102e-01,9.067112081339713248e-01,8.933909574162679501e-01,8.972316999999999654e-01,8.835775248803827697e-01,8.843425454545456033e-01,8.723948912280700130e-01,8.713520748538010618e-01,8.685429571504518220e-01,8.529350744816587282e-01,8.434401496544390309e-01,8.384879473684210272e-01,8.397468787878787921e-01,8.297632602339181096e-01,8.215055389686336529e-01,8.178759034556085661e-01,8.138816118022328405e-01,8.082948838915470224e-01,7.992286858054227228e-01,7.899120842105263884e-01,7.794309184476342356e-01,7.702337127591707411e-01,7.599672387028175713e-01,7.485160497076023267e-01,7.372038200956937404e-01,7.245179636363635600e-01,7.135224488038277579e-01,7.019935097288676484e-01,6.909080606060605811e-01,6.796153553429027383e-01,6.679563349813928408e-01,6.570842820308346877e-01,6.468206025518341562e-01,6.366166047846890663e-01,6.306038213716108620e-01,6.268323007442849759e-01,6.218504898458266927e-01,6.187454191919192770e-01,6.157819736310473635e-01,6.122238576289207312e-01,6.077238301435406997e-01,5.958936884635831488e-01,5.842416865497076506e-01,5.715182732057415560e-01,5.584024360446571134e-01,5.439582556087187992e-01,5.288879202551834968e-01,5.123479425837320633e-01,4.946328802232854982e-01,4.757179735247208940e-01,4.542708528442317428e-01,4.313476799043062249e-01,4.060534817650185424e-01,3.768237262094630835e-01,3.425109129186602597e-01,3.006278476342371109e-01,2.545404886762360208e-01,2.519679776714513486e-01,-5.136886940457203732e-01,-2.379718746411483565e-01,-1.281913875598086061e-01,-1.158663936204146760e-01,-1.085356937799043242e-01,-1.015254146730462520e-01,-9.720502870813396701e-02,-9.082521988304093075e-02,-8.746869797979797689e-02,-8.174673684210527480e-02,-7.742359170653907718e-02,-7.289259074960127704e-02,-6.832224082934609810e-02,-6.343632514619883256e-02,-6.109929043062200388e-02,-5.845721945773524331e-02,-5.110147607655502605e-02,-4.508190526315788982e-02,-4.070133801169590476e-02,-3.168438118022328526e-02,-2.570745603402445345e-02,-2.583367761828814224e-02,-2.425685071770335155e-02,-2.091942791068580887e-02,-1.633452429558745686e-02,-9.925887825624668884e-03,-4.046960165587453417e+01,-1.190848500478469019e+00,-1.562653014354067338e-01,-1.279680695374800781e-01,-1.146252918660287112e-01,-1.041022846358320014e-01,-9.809571371610845136e-02,-9.067523907496012614e-02,-8.606354715576820802e-02,-7.888445614035088926e-02,-7.400254928229665907e-02,-6.937623094098883947e-02,-6.431052684742158410e-02,-5.786138075491759764e-02,-5.339992822966507097e-02,-5.081270845295055016e-02,-4.331362456140350897e-02,-3.736619186602870707e-02,-3.426223391812865254e-02,-2.891270972886762075e-02,-2.415806741095162177e-02,-2.059171015417330872e-02,-1.795814327485380224e-02,-1.504944688995215468e-02,-1.174292243487506764e-02,-7.169929027113238970e-03,-1.120954928229664881e-02,-1.280517278043593796e-04,-9.666028708133972479e-06,8.533732057416267415e-05,9.297820308346624224e-06,-3.645486443381180377e-05,-1.071547049441786309e-04,-1.836545454545454635e-04,-2.397178096757043809e-04,-2.596946305156831595e-04,-2.703736842105263654e-04,-3.123503987240829147e-04,-2.973454545454545187e-04,-2.979902711323763548e-04,-3.206368952684742206e-04,-3.345381180223285108e-04,-3.473321105794790055e-04,-3.521196172248804396e-04,-3.763313131313131277e-04,-3.660214779372674104e-04,-3.493596491228070336e-04,-4.070771929824561252e-04,-4.906660287081339141e-04,-5.915620414673046458e-04,-6.738628389154705184e-04,-7.549673046251993572e-04,2.754812599681021133e-03
cli,2.671380000000000088e+00,7.109400000000000164e-01,7.320499999999999785e-01,7.558300000000000018e-01,7.545199999999999685e-01,7.712599999999999456e-01,7.653100000000000458e-01,7.748300000000000187e-01,7.689200000000000479e-01,7.751099999999999657e-01,7.704699999999999882e-01,7.760099999999999776e-01,7.795699999999999852e-01,7.715899999999999981e-01,7.696300000000000363e-01,7.709000000000000297e-01,7.787399999999999878e-01,7.767600000000000060e-01,7.761700000000000266e-01,7.791599999999999637e-01,7.831500000000000128e-01,7.862500000000000044e-01,7.848600000000000021e-01,7.824499999999999789e-01,7.795999999999999597e-01,7.773600000000000509e-01,7.742499999999999938e-01,7.699700000000000433e-01,7.649500000000000188e-01,7.586000000000000520e-01,7.541799999999999615e-01,7.497500000000000275e-01,7.460799999999999654e-01,7.418299999999999894e-01,7.372800000000000464e-01,7.335599999999999898e-01,7.300499999999999767e-01,7.269999999999999796e-01,7.245000000000000329e-01,7.214399999999999702e-01,7.169699999999999962e-01,7.142600000000000060e-01,7.119799999999999462e-01,7.086599999999999566e-01,7.068900000000000183e-01,7.006900000000000350e-01,6.937200000000000033e-01,6.860500000000000487e-01,6.781700000000000506e-01,6.683299999999999796e-01,6.570099999999999829e-01,6.442600000000000549e-01,6.298500000000000210e-01,6.128299999999999859e-01,5.938700000000000090e-01,5.710699999999999665e-01,5.442299999999999915e-01,5.110700000000000243e-01,4.692200000000000260e-01,4.166199999999999903e-01,3.571699999999999875e-01,3.558700000000000196e-01,2.711650000000000116e+00,7.257799999999999807e-01,7.414699999999999624e-01,7.650000000000000133e-01,7.633900000000000130e-01,7.806699999999999751e-01,7.755999999999999561e-01,7.854299999999999615e-01,7.800200000000000466e-01,7.873299999999999743e-01,7.833599999999999453e-01,7.891899999999999471e-01,7.934999999999999831e-01,7.861099999999999755e-01,7.842700000000000227e-01,7.866499999999999604e-01,7.949500000000000455e-01,7.926600000000000312e-01,7.920000000000000373e-01,7.958199999999999719e-01,7.993599999999999595e-01,8.013799999999999812e-01,7.999699999999999589e-01,7.982700000000000351e-01,7.953500000000000014e-01,7.936900000000000066e-01,7.909000000000000474e-01,7.868000000000000549e-01,7.827699999999999658e-01,7.771799999999999820e-01,7.732900000000000329e-01,7.687500000000000444e-01,7.646100000000000119e-01,7.601400000000000379e-01,7.551499999999999879e-01,7.509599999999999609e-01,7.473899999999999988e-01,7.437899999999999512e-01,7.413999999999999480e-01,7.379499999999999948e-01,7.330799999999999539e-01,7.304100000000000037e-01,7.278999999999999915e-01,7.246799999999999908e-01,7.235200000000000520e-01,7.167700000000000182e-01,7.101100000000000190e-01,7.019800000000000484e-01,6.931800000000000184e-01,6.825400000000000356e-01,6.708800000000000319e-01,6.570599999999999774e-01,6.414199999999999902e-01,6.238599999999999701e-01,6.025199999999999445e-01,5.787299999999999667e-01,5.511599999999999833e-01,5.175499999999999545e-01,4.760499999999999732e-01,4.229299999999999726e-01,3.625200000000000089e-01,3.632699999999999818e-01,-5.836400000000000476e-01,-2.738800000000000123e-01,-1.496099999999999930e-01,-1.372800000000000131e-01,-1.306100000000000039e-01,-1.241099999999999981e-01,-1.207400000000000001e-01,-1.146699999999999942e-01,-1.122800000000000048e-01,-1.067099999999999993e-01,-1.028000000000000025e-01,-9.848999999999999422e-02,-9.395000000000000573e-02,-8.881000000000000005e-02,-8.712999999999999912e-02,-8.494000000000000161e-02,-7.564999999999999503e-02,-6.801999999999999713e-02,-6.261999999999999511e-02,-4.966999999999999887e-02,-4.107000000000000234e-02,-4.218000000000000221e-02,-4.044999999999999984e-02,-3.561999999999999889e-02,-2.836999999999999938e-02,-1.748999999999999860e-02,-4.604090999999999667e+01,-1.372100000000000097e+00,-1.824500000000000011e-01,-1.516599999999999893e-01,-1.379499999999999893e-01,-1.272600000000000120e-01,-1.218599999999999961e-01,-1.144799999999999984e-01,-1.104699999999999988e-01,-1.029599999999999960e-01,-9.825000000000000400e-02,-9.371999999999999775e-02,-8.841000000000000247e-02,-8.097000000000000031e-02,-7.610000000000000098e-02,-7.377999999999999836e-02,-6.406000000000000583e-02,-5.630999999999999894e-02,-5.265000000000000235e-02,-4.528999999999999693e-02,-3.858000000000000318e-02,-3.354000000000000037e-02,-2.985000000000000153e-02,-2.551000000000000142e-02,-2.027999999999999942e-02,-1.252999999999999947e-02,-1.085999999999999986e-02,2.500000000000000052e-04,3.699999999999999947e-04,4.800000000000000122e-04,4.000000000000000192e-04,3.400000000000000244e-04,2.700000000000000035e-04,1.800000000000000113e-04,1.100000000000000039e-04,8.000000000000000654e-05,6.000000000000000152e-05,0.000000000000000000e+00,1.000000000000000082e-05,0.000000000000000000e+00,-4.000000000000000327e-05,-6.000000000000000152e-05,-9.000000000000000567e-05,-1.200000000000000030e-04,-1.600000000000000131e-04,-1.600000000000000131e-04,-1.399999999999999877e-04,-2.500000000000000052e-04,-4.200000000000000174e-04,-6.099999999999999737e-04,-8.000000000000000383e-04,-9.799999999999999684e-04,5.660000000000000100e-03
cli*c/cref,3.224487737799043074e+00,8.531091020733652108e-01,8.722603421052631534e-01,8.933621287081338069e-01,8.845934717703348715e-01,8.968388411483252387e-01,8.825965038277513441e-01,8.861608368421051152e-01,8.720435770334928893e-01,8.716464272727273421e-01,8.590597137692715934e-01,8.578107776714511967e-01,8.542860444444444479e-01,8.381616858585858587e-01,8.286676994683678243e-01,8.226621850079743892e-01,8.235765454545455055e-01,8.140535649122806472e-01,8.060119002658160392e-01,8.016607821371609655e-01,7.982759114832536085e-01,7.939160419989367279e-01,7.850060398724083566e-01,7.751121913875597125e-01,7.648327761828813687e-01,7.552046200956938904e-01,7.447782828282827339e-01,7.332971598617756825e-01,7.212042947900053624e-01,7.079621392876129793e-01,6.966281673577883193e-01,6.853655675172780626e-01,6.748791383306751435e-01,6.639437657097289058e-01,6.528240076555024141e-01,6.425182232854864672e-01,6.324654856459329677e-01,6.228739659755450075e-01,6.168533971291866314e-01,6.134234411483253657e-01,6.087993905901115665e-01,6.056780505050505248e-01,6.029270718766612802e-01,5.993018191387559090e-01,5.943550661881977781e-01,5.831111634237108321e-01,5.713361377990431311e-01,5.591143373205741396e-01,5.468552326422116971e-01,5.331646099946837358e-01,5.184790398192451466e-01,5.028721594896332636e-01,4.862033484848485299e-01,4.677870506645401272e-01,4.482029396065922433e-01,4.260801542264752162e-01,4.013703483253588389e-01,3.725159614566719846e-01,3.379731043062200735e-01,2.965001038809144118e-01,2.511165239766081636e-01,2.471414040404040779e-01,3.273095618819776842e+00,8.709167076023391907e-01,8.834845650717703114e-01,9.042007177033491994e-01,8.949925918660287527e-01,9.077810052631578586e-01,8.944634832535885982e-01,8.982838894736840940e-01,8.846322516746412123e-01,8.853883727272728876e-01,8.734318239234448722e-01,8.723801080276446518e-01,8.695511323763955858e-01,8.539344507708664933e-01,8.444307221158957599e-01,8.394697208931417576e-01,8.407198484848485975e-01,8.307169508771929944e-01,8.224505263157894097e-01,8.188018938862305918e-01,8.147989945773524978e-01,8.091935615098351242e-01,8.001188514088252157e-01,7.907838315789473826e-01,7.802844388623072502e-01,7.710692020733652674e-01,7.607945029239765455e-01,7.493255651249335347e-01,7.380052105794789874e-01,7.253018921850079570e-01,7.142798742158426029e-01,7.027339513556619677e-01,6.916407596491227494e-01,6.803313617224880927e-01,6.686469853801169094e-01,6.577587177033492605e-01,6.474876779904306101e-01,6.372591845295055846e-01,6.312423859649122226e-01,6.274615053163210554e-01,6.224788446570972411e-01,6.193729242424242942e-01,6.164086289207867386e-01,6.128496631578946863e-01,6.083376161616161903e-01,5.964928693248272573e-01,5.848346664540138296e-01,5.720969062200956801e-01,5.589588306220095726e-01,5.445007300372143311e-01,5.294245418394472047e-01,5.128631004784689473e-01,4.951346380648591339e-01,4.762065000531631731e-01,4.547312293460925026e-01,4.317953449760765228e-01,4.064812325358851397e-01,3.772391959064327338e-01,3.428926650717702973e-01,3.009908044125464976e-01,2.548779636363636691e-01,2.522804896331738433e-01,-5.133456661350345174e-01,-2.376334889952153306e-01,-1.278580899521531145e-01,-1.155297684210526560e-01,-1.082125722488038455e-01,-1.012073832535885093e-01,-9.688406113769271188e-02,-9.051736454013821487e-02,-8.716593067517278137e-02,-8.144905964912281526e-02,-7.712350026581606122e-02,-7.260508963317384434e-02,-6.803258639021797505e-02,-6.315188920786815596e-02,-6.082007511961722013e-02,-5.818322264752790601e-02,-5.083269776714512828e-02,-4.481834545454545238e-02,-4.044299883040935323e-02,-3.143126049973418018e-02,-2.545335629984050996e-02,-2.559099393939393702e-02,-2.401345108984583032e-02,-2.068137724614567061e-02,-1.610182259436470156e-02,-9.698535087719298287e-03,-4.046925006204146769e+01,-1.190510114832536104e+00,-1.559234577352472118e-01,-1.276314443381180164e-01,-1.142938851674641099e-01,-1.037760985645932998e-01,-9.778277033492821513e-02,-9.036738373205741026e-02,-8.576077985114299862e-02,-7.858677894736842973e-02,-7.370996012759171989e-02,-6.908872982456140677e-02,-6.402087240829347492e-02,-5.757694481658692798e-02,-5.312071291866028722e-02,-5.053871164274321981e-02,-4.304484625199361814e-02,-3.710263205741626269e-02,-3.400389473684210795e-02,-2.865958904837851914e-02,-2.391016523125996662e-02,-2.034902647527910696e-02,-1.772068022328548986e-02,-1.481139622541201815e-02,-1.151022073365231407e-02,-6.948121477937267698e-03,-1.089845167464114847e-02,2.462533227006911355e-04,3.576430622009569411e-04,4.551323763955342802e-04,3.719128123338649554e-04,3.098663476874003592e-04,2.410980861244019365e-04,1.574181818181818104e-04,9.417485380116959951e-05,6.701796916533759522e-05,4.915885167464115673e-05,0.000000000000000000e+00,7.824880382775119449e-06,0.000000000000000000e+00,-2.982668793195109155e-05,-4.363540669856458748e-05,-6.379569377990430270e-05,-8.285167464114833553e-05,-1.075232323232323416e-04,-1.045775651249335691e-04,-8.892791068580542329e-05,-1.541959064327485314e-04,-2.513167464114832573e-04,-3.537772993088782441e-04,-4.492418926103137512e-04,-5.322791068580541747e-04,2.969950345560872298e-03
clo,-9.300000000000000541e-04,-8.999999999999999754e-04,-9.100000000000000016e-04,-9.100000000000000016e-04,-9.200000000000000278e-04,-9.200000000000000278e-04,-9.200000000000000278e-04,-9.200000000000000278e-04,-9.200000000000000278e-04,-9.200000000000000278e-04,-9.200000000000000278e-04,-9.100000000000000016e-04,-9.100000000000000016e-04,-9.100000000000000016e-04,-9.100000000000000016e-04,-8.999999999999999754e-04,-8.999999999999999754e-04,-8.999999999999999754e-04,-8.899999999999999491e-04,-8.899999999999999491e-04,-8.800000000000000313e-04,-8.800000000000000313e-04,-8.700000000000000051e-04,-8.599999999999999789e-04,-8.599999999999999789e-04,-8.499999999999999526e-04,-8.400000000000000348e-04,-8.400000000000000348e-04,-8.300000000000000086e-04,-8.199999999999999824e-04,-8.099999999999999561e-04,-8.000000000000000383e-04,-7.900000000000000121e-04,-7.799999999999999859e-04,-7.699999999999999597e-04,-7.600000000000000418e-04,-7.500000000000000156e-04,-7.399999999999999894e-04,-7.399999999999999894e-04,-7.299999999999999632e-04,-7.299999999999999632e-04,-7.299999999999999632e-04,-7.299999999999999632e-04,-7.299999999999999632e-04,-7.200000000000000453e-04,-7.100000000000000191e-04,-7.100000000000000191e-04,-6.999999999999999929e-04,-6.899999999999999667e-04,-6.800000000000000488e-04,-6.700000000000000226e-04,-6.599999999999999964e-04,-6.400000000000000524e-04,-6.300000000000000261e-04,-6.099999999999999737e-04,-5.999999999999999474e-04,-5.800000000000000034e-04,-5.599999999999999509e-04,-5.400000000000000069e-04,-5.100000000000000366e-04,-4.800000000000000122e-04,-4.499999999999999877e-04,-9.399999999999999719e-04,-9.200000000000000278e-04,-9.200000000000000278e-04,-9.200000000000000278e-04,-9.200000000000000278e-04,-9.300000000000000541e-04,-9.300000000000000541e-04,-9.300000000000000541e-04,-9.300000000000000541e-04,-9.300000000000000541e-04,-9.300000000000000541e-04,-9.300000000000000541e-04,-9.200000000000000278e-04,-9.200000000000000278e-04,-9.200000000000000278e-04,-9.200000000000000278e-04,-9.100000000000000016e-04,-9.100000000000000016e-04,-9.100000000000000016e-04,-8.999999999999999754e-04,-8.999999999999999754e-04,-8.899999999999999491e-04,-8.800000000000000313e-04,-8.800000000000000313e-04,-8.700000000000000051e-04,-8.599999999999999789e-04,-8.599999999999999789e-04,-8.499999999999999526e-04,-8.400000000000000348e-04,-8.300000000000000086e-04,-8.199999999999999824e-04,-8.199999999999999824e-04,-8.099999999999999561e-04,-8.000000000000000383e-04,-7.900000000000000121e-04,-7.699999999999999597e-04,-7.600000000000000418e-04,-7.500000000000000156e-04,-7.500000000000000156e-04,-7.399999999999999894e-04,-7.399999999999999894e-04,-7.399999999999999894e-04,-7.399999999999999894e-04,-7.399999999999999894e-04,-7.299999999999999632e-04,-7.200000000000000453e-04,-7.100000000000000191e-04,-7.100000000000000191e-04,-6.999999999999999929e-04,-6.800000000000000488e-04,-6.700000000000000226e-04,-6.599999999999999964e-04,-6.499999999999999702e-04,-6.300000000000000261e-04,-6.199999999999999999e-04,-5.999999999999999474e-04,-5.800000000000000034e-04,-5.599999999999999509e-04,-5.400000000000000069e-04,-5.100000000000000366e-04,-4.800000000000000122e-04,-4.499999999999999877e-04,-3.899999999999999929e-04,-3.899999999999999929e-04,-3.899999999999999929e-04,-3.899999999999999929e-04,-3.899999999999999929e-04,-3.899999999999999929e-04,-3.899999999999999929e-04,-4.000000000000000192e-04,-4.000000000000000192e-04,-4.000000000000000192e-04,-4.000000000000000192e-04,-4.000000000000000192e-04,-4.000000000000000192e-04,-4.000000000000000192e-04,-4.000000000000000192e-04,-4.000000000000000192e-04,-4.000000000000000192e-04,-4.000000000000000192e-04,-4.000000000000000192e-04,-4.000000000000000192e-04,-4.000000000000000192e-04,-4.000000000000000192e-04,-4.000000000000000192e-04,-4.099999999999999912e-04,-4.099999999999999912e-04,-4.099999999999999912e-04,-4.000000000000000192e-04,-4.000000000000000192e-04,-4.000000000000000192e-04,-3.899999999999999929e-04,-3.899999999999999929e-04,-3.899999999999999929e-04,-3.899999999999999929e-04,-4.000000000000000192e-04,-4.000000000000000192e-04,-4.000000000000000192e-04,-4.000000000000000192e-04,-4.000000000000000192e-04,-4.000000000000000192e-04,-4.000000000000000192e-04,-4.000000000000000192e-04,-4.000000000000000192e-04,-4.000000000000000192e-04,-4.000000000000000192e-04,-4.000000000000000192e-04,-4.000000000000000192e-04,-4.000000000000000192e-04,-4.000000000000000192e-04,-4.000000000000000192e-04,-4.099999999999999912e-04,-4.099999999999999912e-04,-4.099999999999999912e-04,-3.099999999999999999e-04,-3.800000000000000209e-04,-3.800000000000000209e-04,-3.800000000000000209e-04,-3.800000000000000209e-04,-3.800000000000000209e-04,-3.800000000000000209e-04,-3.899999999999999929e-04,-3.899999999999999929e-04,-3.899999999999999929e-04,-3.899999999999999929e-04,-3.899999999999999929e-04,-3.899999999999999929e-04,-3.899999999999999929e-04,-3.899999999999999929e-04,-4.000000000000000192e-04,-4.000000000000000192e-04,-4.000000000000000192e-04,-4.000000000000000192e-04,-4.000000000000000192e-04,-4.000000000000000192e-04,-4.000000000000000192e-04,-4.099999999999999912e-04,-4.099999999999999912e-04,-4.099999999999999912e-04,-4.099999999999999912e-04,-4.099999999999999912e-04
clo*c/cref,-1.122555980861243913e-03,-1.079976076555023892e-03,-1.084293301435406863e-03,-1.075585167464114620e-03,-1.078600956937799055e-03,-1.069797129186602757e-03,-1.060993301435406893e-03,-1.052189473684210378e-03,-1.043385645933014296e-03,-1.034581818181818432e-03,-1.025782881446039244e-03,-1.005924933545986012e-03,-9.972167995746944198e-04,-9.885135034556086914e-04,-9.798053694843168824e-04,-9.604306220095692494e-04,-9.518181818181818210e-04,-9.432105263157894437e-04,-9.242183944710259192e-04,-9.157016480595426547e-04,-8.969964912280702128e-04,-8.885801169590643207e-04,-8.701618819776716068e-04,-8.519349282296650528e-04,-8.437098351940457543e-04,-8.257743221690590479e-04,-8.080255183413077857e-04,-7.999917065390749725e-04,-7.825342371079212819e-04,-7.652635832004252032e-04,-7.481885167464113941e-04,-7.313003721424774731e-04,-7.146077086656033289e-04,-6.981062200956937190e-04,-6.817959064327484267e-04,-6.656767676767676688e-04,-6.497488038277512284e-04,-6.340120148856991057e-04,-6.300503987240828850e-04,-6.207018075491759455e-04,-6.198635300372142172e-04,-6.190252525252525973e-04,-6.181869750132907605e-04,-6.173486975013290322e-04,-6.053779904306219985e-04,-5.908589048378522007e-04,-5.847440723019671450e-04,-5.704832535885167146e-04,-5.563945773524720233e-04,-5.424744284954812141e-04,-5.287300903774589224e-04,-5.151578947368421531e-04,-4.940384901648060172e-04,-4.808933014354067241e-04,-4.603765018607124094e-04,-4.476650717703348778e-04,-4.277507708665603250e-04,-4.081807549175969795e-04,-3.889550239234449498e-04,-3.629567783094099216e-04,-3.374749601275917315e-04,-3.125119617224880676e-04,-1.134626475279106777e-03,-1.103975544922913311e-03,-1.096208612440191434e-03,-1.087404784688995136e-03,-1.078600956937799055e-03,-1.081425358851674729e-03,-1.072525837320574375e-03,-1.063626315789473588e-03,-1.054726794258373235e-03,-1.045827272727272881e-03,-1.036932695374800668e-03,-1.028033173843700097e-03,-1.008175225943647082e-03,-9.993762892078681109e-04,-9.905724614566720296e-04,-9.817735247208930587e-04,-9.623939393939394535e-04,-9.536906432748538335e-04,-9.449873471557681051e-04,-9.259904306220094212e-04,-9.173827751196172607e-04,-8.986776182881444936e-04,-8.801637426900586455e-04,-8.717473684210526449e-04,-8.535204146730463078e-04,-8.354893141945773883e-04,-8.272642211589578730e-04,-8.095154173312067193e-04,-7.919623604465710325e-04,-7.745960659223817112e-04,-7.574254120148856892e-04,-7.495828814460393612e-04,-7.326990430622008993e-04,-7.160063795853269719e-04,-6.995048910154172536e-04,-6.744356725146198692e-04,-6.584121212121212159e-04,-6.425797448165869886e-04,-6.385645933014354268e-04,-6.292045720361509392e-04,-6.283548112706007415e-04,-6.275050505050505439e-04,-6.266552897395002378e-04,-6.258055289739500402e-04,-6.137860180754916867e-04,-5.991808612440191820e-04,-5.847440723019671450e-04,-5.786330143540670354e-04,-5.644582668793195288e-04,-5.424744284954812141e-04,-5.287300903774589224e-04,-5.151578947368421531e-04,-5.017578415736310147e-04,-4.808933014354067241e-04,-4.679236576289208006e-04,-4.476650717703348778e-04,-4.277507708665603250e-04,-4.081807549175969795e-04,-3.889550239234449498e-04,-3.629567783094099216e-04,-3.374749601275917315e-04,-3.125119617224880676e-04,-3.430279106858053926e-04,-3.383856459330143989e-04,-3.332976076555023903e-04,-3.282095693779904359e-04,-3.231215311004784815e-04,-3.180314194577352335e-04,-3.129433811802232791e-04,-3.157490696438064980e-04,-3.105305688463583062e-04,-3.053099415204678997e-04,-3.000914407230197080e-04,-2.948729399255715705e-04,-2.896544391281233788e-04,-2.844359383306751870e-04,-2.792153110047846721e-04,-2.739968102073365346e-04,-2.687783094098883429e-04,-2.635598086124402053e-04,-2.583391812865496904e-04,-2.531206804891015529e-04,-2.479021796916533612e-04,-2.426836788942051965e-04,-2.374630515683147629e-04,-2.380506645401382355e-04,-2.327017012227538878e-04,-2.273527379053695129e-04,-3.515938330675172927e-04,-3.470622009569378631e-04,-3.418437001594896714e-04,-3.282095693779904359e-04,-3.231215311004784815e-04,-3.180314194577352335e-04,-3.129433811802232791e-04,-3.157490696438064980e-04,-3.105305688463583062e-04,-3.053099415204678997e-04,-3.000914407230197080e-04,-2.948729399255715705e-04,-2.896544391281233788e-04,-2.844359383306751870e-04,-2.792153110047846721e-04,-2.739968102073365346e-04,-2.687783094098883429e-04,-2.635598086124402053e-04,-2.583391812865496904e-04,-2.531206804891015529e-04,-2.479021796916533612e-04,-2.426836788942051965e-04,-2.374630515683147629e-04,-2.380506645401382355e-04,-2.327017012227538878e-04,-2.273527379053695129e-04,-3.110976076555023928e-04,-3.743050505050505693e-04,-3.673090909090909271e-04,-3.603131313131312848e-04,-3.533171717171716968e-04,-3.463212121212121629e-04,-3.393232323232323652e-04,-3.410727272727272739e-04,-3.338926634768739940e-04,-3.267125996810207682e-04,-3.195325358851674883e-04,-3.123503987240829147e-04,-3.051703349282296348e-04,-2.979902711323763548e-04,-2.908102073365231291e-04,-2.909027113237639436e-04,-2.835364167995747028e-04,-2.761722488038277851e-04,-2.688080808080808674e-04,-2.614439128123338956e-04,-2.540797448165869237e-04,-2.467134502923976286e-04,-2.453330143540669570e-04,-2.377847421584263746e-04,-2.302364699627857650e-04,-2.226881977671451283e-04,-2.151377458798511388e-04
cmx,9.861600000000000366e-01,2.613199999999999967e-01,3.099100000000000188e-01,3.694999999999999951e-01,4.193399999999999905e-01,4.811199999999999921e-01,5.303600000000000536e-01,5.915799999999999947e-01,6.421200000000000241e-01,7.037600000000000522e-01,7.565399999999999903e-01,8.204000000000000181e-01,8.838200000000000500e-01,9.348600000000000243e-01,9.934199999999999697e-01,1.057549999999999990e+00,1.132439999999999891e+00,1.194460000000000077e+00,1.259600000000000053e+00,1.332140000000000102e+00,1.408150000000000013e+00,1.484459999999999891e+00,1.553879999999999928e+00,1.622560000000000002e+00,1.691340000000000066e+00,1.762259999999999938e+00,1.831990000000000007e+00,1.899860000000000104e+00,1.966259999999999897e+00,2.029689999999999994e+00,2.098939999999999806e+00,2.168569999999999887e+00,2.241579999999999906e+00,2.313719999999999999e+00,2.385870000000000157e+00,2.461450000000000138e+00,2.540000000000000036e+00,2.621360000000000134e+00,2.670819999999999972e+00,2.661840000000000206e+00,2.656849999999999934e+00,2.657140000000000057e+00,2.659019999999999939e+00,2.659159999999999968e+00,2.700190000000000090e+00,2.760569999999999968e+00,2.816240000000000077e+00,2.870849999999999902e+00,2.923989999999999867e+00,2.968049999999999855e+00,3.004620000000000068e+00,3.033700000000000063e+00,3.053209999999999980e+00,3.057150000000000034e+00,3.048550000000000093e+00,3.015880000000000116e+00,2.956350000000000033e+00,2.854610000000000092e+00,2.693700000000000205e+00,2.456519999999999815e+00,2.156140000000000168e+00,1.992729999999999890e+00,-9.941699999999999982e-01,-2.666499999999999981e-01,-3.138599999999999723e-01,-3.740200000000000191e-01,-4.243299999999999850e-01,-4.870700000000000029e-01,-5.375600000000000378e-01,-5.997000000000000108e-01,-6.513999999999999790e-01,-7.148400000000000309e-01,-7.691799999999999748e-01,-8.343099999999999961e-01,-8.995699999999999807e-01,-9.524000000000000243e-01,-1.012229999999999963e+00,-1.079029999999999934e+00,-1.155860000000000110e+00,-1.218779999999999974e+00,-1.285169999999999924e+00,-1.360479999999999912e+00,-1.437159999999999993e+00,-1.512899999999999912e+00,-1.583669999999999911e+00,-1.655270000000000019e+00,-1.725370000000000070e+00,-1.799090000000000078e+00,-1.871089999999999920e+00,-1.940940000000000110e+00,-2.011589999999999989e+00,-2.078930000000000167e+00,-2.151609999999999800e+00,-2.223199999999999843e+00,-2.297019999999999840e+00,-2.370610000000000106e+00,-2.443499999999999783e+00,-2.519480000000000164e+00,-2.599870000000000125e+00,-2.681630000000000180e+00,-2.733509999999999884e+00,-2.722449999999999815e+00,-2.716369999999999951e+00,-2.717119999999999980e+00,-2.718409999999999993e+00,-2.718980000000000175e+00,-2.763650000000000162e+00,-2.823949999999999960e+00,-2.883039999999999825e+00,-2.937710000000000043e+00,-2.988900000000000112e+00,-3.031299999999999883e+00,-3.068210000000000104e+00,-3.094100000000000072e+00,-3.109399999999999942e+00,-3.112220000000000208e+00,-3.093129999999999935e+00,-3.056740000000000013e+00,-2.994369999999999976e+00,-2.891210000000000058e+00,-2.733309999999999906e+00,-2.493869999999999809e+00,-2.187879999999999825e+00,-2.031759999999999788e+00,1.644500000000000128e-01,-3.942999999999999977e-02,-4.393999999999999989e-02,-5.170999999999999902e-02,-5.961999999999999938e-02,-6.668999999999999928e-02,-7.512000000000000621e-02,-8.146000000000000463e-02,-8.956000000000000072e-02,-9.463000000000000578e-02,-1.006800000000000056e-01,-1.059400000000000064e-01,-1.106000000000000039e-01,-1.138900000000000051e-01,-1.211699999999999999e-01,-1.278700000000000114e-01,-1.230699999999999988e-01,-1.188599999999999934e-01,-1.172300000000000009e-01,-1.009000000000000036e-01,-8.927999999999999825e-02,-9.608999999999999486e-02,-9.808000000000000052e-02,-9.196000000000000008e-02,-7.792000000000000315e-02,-5.102000000000000285e-02,2.781309999999999949e+00,-2.736899999999999888e-01,5.299000000000000238e-02,5.861999999999999850e-02,6.414000000000000257e-02,6.930999999999999661e-02,7.639999999999999569e-02,8.173999999999999322e-02,8.848000000000000309e-02,9.160999999999999699e-02,9.646000000000000407e-02,1.009800000000000003e-01,1.041699999999999987e-01,1.038400000000000017e-01,1.054599999999999982e-01,1.107599999999999973e-01,1.043499999999999983e-01,9.840999999999999748e-02,9.811999999999999889e-02,9.042999999999999650e-02,8.253000000000000613e-02,7.635999999999999732e-02,7.230999999999999928e-02,6.580999999999999350e-02,5.559000000000000052e-02,3.624999999999999750e-02,-4.889000000000000290e-02,-2.094000000000000028e-02,-2.619000000000000147e-02,-2.994000000000000133e-02,-3.420000000000000123e-02,-3.833999999999999908e-02,-4.368999999999999967e-02,-4.900000000000000189e-02,-5.575000000000000094e-02,-6.228999999999999815e-02,-7.016000000000000014e-02,-7.788000000000000478e-02,-8.649999999999999356e-02,-9.528999999999999970e-02,-1.041500000000000065e-01,-1.136000000000000065e-01,-1.234100000000000058e-01,-1.333100000000000118e-01,-1.432799999999999907e-01,-1.537600000000000078e-01,-1.632800000000000085e-01,-1.711100000000000121e-01,-1.754499999999999948e-01,-1.743899999999999895e-01,-1.661199999999999899e-01,-1.453500000000000070e-01,-8.173999999999999322e-02
cmx*c/cref,1.190343877511961690e+00,3.135770536948431775e-01,3.692674033492823749e-01,4.367348564593300786e-01,4.916310057416267698e-01,5.594573856459329475e-01,6.116395732057418044e-01,6.765807052631578333e-01,7.282378162679425948e-01,7.914101090909092528e-01,8.435280229665070850e-01,9.068800170122274240e-01,9.685276393407762363e-01,1.015518388835725760e+00,1.069624450717703290e+00,1.128559338118022115e+00,1.197641090909090877e+00,1.251808050292397612e+00,1.308028640085061145e+00,1.370609880276448589e+00,1.435347283094098980e+00,1.498933682296650582e+00,1.554169132376395757e+00,1.607343647846889878e+00,1.659302549601276100e+00,1.712034184688995264e+00,1.762255558745348116e+00,1.809371718553960617e+00,1.853814179585326904e+00,1.894204685592769666e+00,1.938768895481126853e+00,1.982345060021265315e+00,2.027658667836257145e+00,2.070797850717703170e+00,2.112566752312599494e+00,2.155960631313131426e+00,2.200482615629983929e+00,2.245910453163211251e+00,2.273988116108452751e+00,2.263299862200957246e+00,2.256006054492291302e+00,2.253201040404040789e+00,2.251741822328548359e+00,2.248806797873471375e+00,2.270327216640084966e+00,2.297334319617224896e+00,2.319407952365763137e+00,2.339674069377990495e+00,2.357814753960659093e+00,2.367781216905901154e+00,2.371094036044657294e+00,2.367931068580542586e+00,2.356880091493886553e+00,2.333591994417862914e+00,2.300788171717171871e+00,2.250173561084529261e+00,2.180312054226475116e+00,2.080708687134503077e+00,1.940237311004784582e+00,1.748256049122806743e+00,1.515923459436470111e+00,1.383893247740563437e+00,-1.200012343540669768e+00,-3.199729120148857020e-01,-3.739739511961722718e-01,-4.420773234449760225e-01,-4.974812435406698596e-01,-5.663761822966506543e-01,-6.199429990430622706e-01,-6.858674210526315429e-01,-7.387624019138755438e-01,-8.038700727272728441e-01,-8.576213877724613299e-01,-9.222562981392874448e-01,-9.857871608718766776e-01,-1.034571715045188744e+00,-1.089877350717703308e+00,-1.151481615629983857e+00,-1.222409515151515302e+00,-1.277295694736842124e+00,-1.334581746092503796e+00,-1.399768290058479359e+00,-1.464917587878787897e+00,-1.527650976076554867e+00,-1.583964675438596537e+00,-1.639746893779904235e+00,-1.692687951568314864e+00,-1.747814500318979558e+00,-1.799867222753854135e+00,-1.848495122488038378e+00,-1.896551862679425771e+00,-1.940157830515683246e+00,-1.987419622860180590e+00,-2.032283734183944812e+00,-2.077807846783625401e+00,-2.121714854385964966e+00,-2.163595191387559513e+00,-2.206788556087187825e+00,-2.252349896810207586e+00,-2.297548161456672400e+00,-2.327363601913875257e+00,-2.314835117756512073e+00,-2.306546160393407430e+00,-2.304062868686868715e+00,-2.302035143487506375e+00,-2.299395563742689941e+00,-2.323684560074428695e+00,-2.350078879319510872e+00,-2.374423310154173183e+00,-2.394163369856459500e+00,-2.410156162679426117e+00,-2.418239316321106003e+00,-2.421276045667198673e+00,-2.415075821371611031e+00,-2.400255127060074489e+00,-2.375628175544922893e+00,-2.334433392131844975e+00,-2.280659552472088958e+00,-2.208351854758107358e+00,-2.107386215045188749e+00,-1.968767882296650562e+00,-1.774837295534290149e+00,-1.538238991174906811e+00,-1.410998451887294003e+00,1.446434356725146142e-01,-3.421165645933014338e-02,-3.755153046251993865e-02,-4.351722264752791447e-02,-4.939616842105263445e-02,-5.438337272727272742e-02,-6.027770972886762474e-02,-6.430229803296119706e-02,-6.952779436469962160e-02,-7.222869941520468351e-02,-7.553301562998405994e-02,-7.809709813928762678e-02,-8.008945241892610756e-02,-8.098602254120150501e-02,-8.458129808612439848e-02,-8.758993030303030558e-02,-8.269636634768740002e-02,-7.831679712918659941e-02,-7.571275555555555259e-02,-6.384969165337586738e-02,-5.533176650717702705e-02,-5.829868676236044100e-02,-5.822594024455077927e-02,-5.339302222222222505e-02,-4.422467453482190752e-02,-2.829155289739500659e-02,2.444728609622541349e+00,-2.374686344497607682e-01,4.528574417862839263e-02,4.933242296650718062e-02,5.314106411483254105e-02,5.651989149388622624e-02,6.130480595427963142e-02,6.452332238171185064e-02,6.868936182881445196e-02,6.992360935672514710e-02,7.236705093035619707e-02,7.444067368421053432e-02,7.543325730994152045e-02,7.383956959064327807e-02,7.361511674641148251e-02,7.586971674641147800e-02,7.011754146730461712e-02,6.484230191387559128e-02,6.337060116959063183e-02,5.722425784157362388e-02,5.114841722488037978e-02,4.632831430090376956e-02,4.292738314726209786e-02,3.821003471557682385e-02,3.155094529505582390e-02,2.010130914407230393e-02,-4.906310334928229433e-02,-2.062617830940988856e-02,-2.531532918660287304e-02,-2.838888197767145197e-02,-3.179854545454545434e-02,-3.494198755980860993e-02,-3.901324215842637277e-02,-4.285272727272727150e-02,-4.772952817650186197e-02,-5.218186624136098017e-02,-5.748308389154705572e-02,-6.237397192982456484e-02,-6.768521531100477051e-02,-7.280895624667729771e-02,-7.766123870281765873e-02,-8.261637001594895890e-02,-8.747807299308878182e-02,-9.204130622009570883e-02,-9.628705454545455344e-02,-1.004990400850611504e-01,-1.037153518341307895e-01,-1.055378461988304012e-01,-1.049845789473684149e-01,-1.011397102073365167e-01,-9.328507900053163715e-02,-7.894568181818181762e-02,-4.289112036150983381e-02
cmxi,9.862699999999999800e-01,2.614299999999999957e-01,3.100399999999999823e-01,3.696499999999999786e-01,4.195099999999999940e-01,4.813100000000000156e-01,5.305600000000000316e-01,5.917999999999999927e-01,6.423600000000000421e-01,7.040199999999999791e-01,7.568300000000000027e-01,8.206999999999999851e-01,8.841400000000000370e-01,9.351899999999999658e-01,9.937700000000000422e-01,1.057909999999999906e+00,1.132819999999999938e+00,1.194849999999999968e+00,1.260010000000000074e+00,1.332570000000000032e+00,1.408590000000000009e+00,1.484909999999999952e+00,1.554329999999999989e+00,1.623029999999999973e+00,1.691820000000000102e+00,1.762739999999999974e+00,1.832489999999999952e+00,1.900360000000000049e+00,1.966760000000000064e+00,2.030199999999999783e+00,2.099439999999999973e+00,2.169070000000000054e+00,2.242080000000000073e+00,2.314220000000000166e+00,2.386359999999999815e+00,2.461939999999999795e+00,2.540470000000000006e+00,2.621820000000000039e+00,2.671279999999999877e+00,2.662300000000000111e+00,2.657300000000000217e+00,2.657589999999999897e+00,2.659469999999999779e+00,2.659619999999999873e+00,2.700639999999999930e+00,2.761019999999999808e+00,2.816689999999999916e+00,2.871290000000000120e+00,2.924430000000000085e+00,2.968469999999999942e+00,3.005030000000000090e+00,3.034089999999999954e+00,3.053599999999999870e+00,3.057519999999999794e+00,3.048900000000000166e+00,3.016210000000000058e+00,2.956659999999999844e+00,2.854900000000000215e+00,2.693960000000000132e+00,2.456749999999999989e+00,2.156350000000000211e+00,1.992899999999999894e+00,-9.942800000000000527e-01,-2.667700000000000071e-01,-3.139899999999999913e-01,-3.741700000000000026e-01,-4.244999999999999885e-01,-4.872600000000000264e-01,-5.377699999999999703e-01,-5.999299999999999633e-01,-6.516499999999999515e-01,-7.151100000000000234e-01,-7.694699999999999873e-01,-8.346200000000000285e-01,-8.999000000000000332e-01,-9.527400000000000313e-01,-1.012580000000000036e+00,-1.079399999999999915e+00,-1.156250000000000000e+00,-1.219179999999999930e+00,-1.285590000000000011e+00,-1.360910000000000064e+00,-1.437610000000000054e+00,-1.513360000000000039e+00,-1.584130000000000038e+00,-1.655750000000000055e+00,-1.725850000000000106e+00,-1.799579999999999957e+00,-1.871590000000000087e+00,-1.941440000000000055e+00,-2.012100000000000222e+00,-2.079450000000000021e+00,-2.152120000000000033e+00,-2.223710000000000075e+00,-2.297530000000000072e+00,-2.371119999999999894e+00,-2.443999999999999950e+00,-2.519969999999999821e+00,-2.600350000000000161e+00,-2.682100000000000151e+00,-2.733969999999999789e+00,-2.722910000000000164e+00,-2.716829999999999856e+00,-2.717579999999999885e+00,-2.718879999999999963e+00,-2.719440000000000079e+00,-2.764100000000000001e+00,-2.824399999999999800e+00,-2.883490000000000109e+00,-2.938159999999999883e+00,-2.989339999999999886e+00,-3.031719999999999970e+00,-3.068630000000000191e+00,-3.094500000000000028e+00,-3.109789999999999832e+00,-3.112589999999999968e+00,-3.093480000000000008e+00,-3.057069999999999954e+00,-2.994679999999999787e+00,-2.891500000000000181e+00,-2.733569999999999833e+00,-2.494110000000000049e+00,-2.188089999999999868e+00,-2.031940000000000079e+00,1.644500000000000128e-01,-3.942999999999999977e-02,-4.393999999999999989e-02,-5.170999999999999902e-02,-5.961999999999999938e-02,-6.668999999999999928e-02,-7.512000000000000621e-02,-8.146000000000000463e-02,-8.956000000000000072e-02,-9.463000000000000578e-02,-1.006800000000000056e-01,-1.059400000000000064e-01,-1.106000000000000039e-01,-1.138900000000000051e-01,-1.211699999999999999e-01,-1.278700000000000114e-01,-1.230699999999999988e-01,-1.188599999999999934e-01,-1.172300000000000009e-01,-1.009000000000000036e-01,-8.927999999999999825e-02,-9.608999999999999486e-02,-9.808000000000000052e-02,-9.196000000000000008e-02,-7.792000000000000315e-02,-5.102000000000000285e-02,2.781309999999999949e+00,-2.736899999999999888e-01,5.299000000000000238e-02,5.861999999999999850e-02,6.414000000000000257e-02,6.930999999999999661e-02,7.639999999999999569e-02,8.173999999999999322e-02,8.848000000000000309e-02,9.160999999999999699e-02,9.646000000000000407e-02,1.009800000000000003e-01,1.041699999999999987e-01,1.038400000000000017e-01,1.054599999999999982e-01,1.107599999999999973e-01,1.043499999999999983e-01,9.840999999999999748e-02,9.811999999999999889e-02,9.042999999999999650e-02,8.253000000000000613e-02,7.635999999999999732e-02,7.230999999999999928e-02,6.580999999999999350e-02,5.559000000000000052e-02,3.624999999999999750e-02,-4.889000000000000290e-02,-2.094000000000000028e-02,-2.619000000000000147e-02,-2.994000000000000133e-02,-3.420000000000000123e-02,-3.833999999999999908e-02,-4.368999999999999967e-02,-4.900000000000000189e-02,-5.575000000000000094e-02,-6.228999999999999815e-02,-7.016000000000000014e-02,-7.788000000000000478e-02,-8.649999999999999356e-02,-9.528999999999999970e-02,-1.041500000000000065e-01,-1.136000000000000065e-01,-1.234100000000000058e-01,-1.333100000000000118e-01,-1.432799999999999907e-01,-1.537600000000000078e-01,-1.632800000000000085e-01,-1.711100000000000121e-01,-1.754499999999999948e-01,-1.743899999999999895e-01,-1.661199999999999899e-01,-1.453500000000000070e-01,-8.173999999999999322e-02
cmxi*c/cref,1.190476652950558156e+00,3.137090507708665821e-01,3.694223023923445259e-01,4.369121507177032848e-01,4.918303124401913751e-01,5.596783220095693512e-01,6.118702239234450335e-01,6.768323157894735598e-01,7.285100038277512180e-01,7.917024909090910612e-01,8.438513675704412131e-01,9.072116406166931268e-01,9.688783089845827146e-01,1.015876860765550171e+00,1.070001298936735790e+00,1.128943510366825942e+00,1.198042969696969662e+00,1.252216774853801118e+00,1.308454403615098238e+00,1.371052297926634633e+00,1.435795781339713084e+00,1.499388069856459227e+00,1.554619216108453106e+00,1.607809240191387490e+00,1.659773457416268139e+00,1.712500504306220250e+00,1.762736526315789254e+00,1.809847904093567106e+00,1.854285585752259546e+00,1.894680642211589161e+00,1.939230740244550777e+00,1.982802122753854368e+00,2.028110951196172351e+00,2.071245354704944308e+00,2.113000622434874742e+00,2.156389817650185670e+00,2.200889791547049334e+00,2.246304568740032259e+00,2.274379769059010847e+00,2.263690989367357798e+00,2.256388162147793697e+00,2.253582631313131301e+00,2.252122896491227877e+00,2.249195812121211890e+00,2.270705577884104098e+00,2.297708807655502117e+00,2.319778564805954346e+00,2.340032658851674885e+00,2.358169556299840597e+00,2.368116274641148600e+00,2.371417587293993101e+00,2.368235480063795695e+00,2.357181146198830568e+00,2.333874423817118515e+00,2.301052322169059305e+00,2.250419776874003297e+00,2.180540679638490076e+00,2.080920066454014172e+00,1.940424585645933009e+00,1.748419735513024875e+00,1.516071104731526065e+00,1.384011307814992042e+00,-1.200145118979266234e+00,-3.201169088250930272e-01,-3.741288502392344784e-01,-4.422546177033492287e-01,-4.976805502392344094e-01,-5.665971186602870580e-01,-6.201851822966507610e-01,-6.861304684210525195e-01,-7.390459306220095170e-01,-8.041737000000002134e-01,-8.579447323763954580e-01,-9.225989758639020488e-01,-9.861487889420521569e-01,-1.034941049760765619e+00,-1.090254198936735808e+00,-1.151876459330143376e+00,-1.222821969696969768e+00,-1.277714899415204552e+00,-1.335017894098883495e+00,-1.400210707708665403e+00,-1.465376279266347836e+00,-1.528115461137692810e+00,-1.584424761031366646e+00,-1.640222392344497626e+00,-1.693158859383306902e+00,-1.748290534928229834e+00,-1.800348190324295494e+00,-1.848971308027644866e+00,-1.897032696969697119e+00,-1.940643119617224688e+00,-1.987890704518872953e+00,-2.032749938171185544e+00,-2.078269175810739000e+00,-2.122171308452950544e+00,-2.164037916002126138e+00,-2.207217742424242068e+00,-2.252765736044657352e+00,-2.297950844763423817e+00,-2.327755254864433354e+00,-2.315226244922913512e+00,-2.306936759330143527e+00,-2.304452939393939470e+00,-2.302433154279638572e+00,-2.299784577990430456e+00,-2.324062921318447383e+00,-2.350453367357788093e+00,-2.374793922594364837e+00,-2.394530109090908798e+00,-2.410510965018607177e+00,-2.418574374056353005e+00,-2.421607488410420395e+00,-2.415388038277511917e+00,-2.400556181765018504e+00,-2.375910604944178495e+00,-2.334697542583731966e+00,-2.280905768261562994e+00,-2.208580480170121874e+00,-2.107597594364699845e+00,-1.968955156937798767e+00,-1.775008098724082828e+00,-1.538386636469962765e+00,-1.411123456671983023e+00,1.446434356725146142e-01,-3.421165645933014338e-02,-3.755153046251993865e-02,-4.351722264752791447e-02,-4.939616842105263445e-02,-5.438337272727272742e-02,-6.027770972886762474e-02,-6.430229803296119706e-02,-6.952779436469962160e-02,-7.222869941520468351e-02,-7.553301562998405994e-02,-7.809709813928762678e-02,-8.008945241892610756e-02,-8.098602254120150501e-02,-8.458129808612439848e-02,-8.758993030303030558e-02,-8.269636634768740002e-02,-7.831679712918659941e-02,-7.571275555555555259e-02,-6.384969165337586738e-02,-5.533176650717702705e-02,-5.829868676236044100e-02,-5.822594024455077927e-02,-5.339302222222222505e-02,-4.422467453482190752e-02,-2.829155289739500659e-02,2.444728609622541349e+00,-2.374686344497607682e-01,4.528574417862839263e-02,4.933242296650718062e-02,5.314106411483254105e-02,5.651989149388622624e-02,6.130480595427963142e-02,6.452332238171185064e-02,6.868936182881445196e-02,6.992360935672514710e-02,7.236705093035619707e-02,7.444067368421053432e-02,7.543325730994152045e-02,7.383956959064327807e-02,7.361511674641148251e-02,7.586971674641147800e-02,7.011754146730461712e-02,6.484230191387559128e-02,6.337060116959063183e-02,5.722425784157362388e-02,5.114841722488037978e-02,4.632831430090376956e-02,4.292738314726209786e-02,3.821003471557682385e-02,3.155094529505582390e-02,2.010130914407230393e-02,-4.906310334928229433e-02,-2.062617830940988856e-02,-2.531532918660287304e-02,-2.838888197767145197e-02,-3.179854545454545434e-02,-3.494198755980860993e-02,-3.901324215842637277e-02,-4.285272727272727150e-02,-4.772952817650186197e-02,-5.218186624136098017e-02,-5.748308389154705572e-02,-6.237397192982456484e-02,-6.768521531100477051e-02,-7.280895624667729771e-02,-7.766123870281765873e-02,-8.261637001594895890e-02,-8.747807299308878182e-02,-9.204130622009570883e-02,-9.628705454545455344e-02,-1.004990400850611504e-01,-1.037153518341307895e-01,-1.055378461988304012e-01,-1.049845789473684149e-01,-1.011397102073365167e-01,-9.328507900053163715e-02,-7.894568181818181762e-02,-4.289112036150983381e-02
cmxo,-1.100000000000000039e-04,-1.100000000000000039e-04,-1.299999999999999886e-04,-1.499999999999999869e-04,-1.700000000000000122e-04,-1.900000000000000105e-04,-2.100000000000000087e-04,-2.300000000000000070e-04,-2.500000000000000052e-04,-2.599999999999999772e-04,-2.799999999999999755e-04,-2.999999999999999737e-04,-3.200000000000000262e-04,-3.299999999999999982e-04,-3.499999999999999964e-04,-3.699999999999999947e-04,-3.800000000000000209e-04,-4.000000000000000192e-04,-4.099999999999999912e-04,-4.200000000000000174e-04,-4.400000000000000157e-04,-4.499999999999999877e-04,-4.600000000000000139e-04,-4.699999999999999859e-04,-4.800000000000000122e-04,-4.899999999999999842e-04,-4.899999999999999842e-04,-5.000000000000000104e-04,-5.000000000000000104e-04,-5.000000000000000104e-04,-5.000000000000000104e-04,-5.000000000000000104e-04,-5.000000000000000104e-04,-5.000000000000000104e-04,-4.899999999999999842e-04,-4.899999999999999842e-04,-4.800000000000000122e-04,-4.699999999999999859e-04,-4.600000000000000139e-04,-4.600000000000000139e-04,-4.600000000000000139e-04,-4.600000000000000139e-04,-4.499999999999999877e-04,-4.499999999999999877e-04,-4.499999999999999877e-04,-4.499999999999999877e-04,-4.400000000000000157e-04,-4.400000000000000157e-04,-4.299999999999999894e-04,-4.200000000000000174e-04,-4.099999999999999912e-04,-4.000000000000000192e-04,-3.800000000000000209e-04,-3.699999999999999947e-04,-3.499999999999999964e-04,-3.299999999999999982e-04,-3.099999999999999999e-04,-2.900000000000000017e-04,-2.599999999999999772e-04,-2.300000000000000070e-04,-2.100000000000000087e-04,-1.700000000000000122e-04,1.100000000000000039e-04,1.100000000000000039e-04,1.299999999999999886e-04,1.499999999999999869e-04,1.700000000000000122e-04,1.900000000000000105e-04,2.100000000000000087e-04,2.300000000000000070e-04,2.500000000000000052e-04,2.700000000000000035e-04,2.900000000000000017e-04,2.999999999999999737e-04,3.200000000000000262e-04,3.400000000000000244e-04,3.600000000000000227e-04,3.699999999999999947e-04,3.899999999999999929e-04,4.000000000000000192e-04,4.200000000000000174e-04,4.299999999999999894e-04,4.400000000000000157e-04,4.600000000000000139e-04,4.699999999999999859e-04,4.800000000000000122e-04,4.899999999999999842e-04,4.899999999999999842e-04,5.000000000000000104e-04,5.100000000000000366e-04,5.100000000000000366e-04,5.100000000000000366e-04,5.100000000000000366e-04,5.100000000000000366e-04,5.100000000000000366e-04,5.100000000000000366e-04,5.000000000000000104e-04,4.899999999999999842e-04,4.800000000000000122e-04,4.699999999999999859e-04,4.699999999999999859e-04,4.600000000000000139e-04,4.600000000000000139e-04,4.600000000000000139e-04,4.600000000000000139e-04,4.600000000000000139e-04,4.600000000000000139e-04,4.499999999999999877e-04,4.499999999999999877e-04,4.400000000000000157e-04,4.299999999999999894e-04,4.299999999999999894e-04,4.099999999999999912e-04,4.000000000000000192e-04,3.899999999999999929e-04,3.699999999999999947e-04,3.499999999999999964e-04,3.299999999999999982e-04,3.099999999999999999e-04,2.900000000000000017e-04,2.599999999999999772e-04,2.300000000000000070e-04,2.100000000000000087e-04,1.800000000000000113e-04,0.000000000000000000e+00,0.000000000000000000e+00,0.000000000000000000e+00,0.000000000000000000e+00,0.000000000000000000e+00,0.000000000000000000e+00,0.000000000000000000e+00,0.000000000000000000e+00,0.000000000000000000e+00,0.000000000000000000e+00,0.000000000000000000e+00,0.000000000000000000e+00,0.000000000000000000e+00,0.000000000000000000e+00,0.000000000000000000e+00,0.000000000000000000e+00,0.000000000000000000e+00,0.000000000000000000e+00,0.000000000000000000e+00,0.000000000000000000e+00,0.000000000000000000e+00,0.000000000000000000e+00,0.000000000000000000e+00,0.000000000000000000e+00,0.000000000000000000e+00,0.000000000000000000e+00,-0.000000000000000000e+00,-0.000000000000000000e+00,-0.000000000000000000e+00,-0.000000000000000000e+00,-0.000000000000000000e+00,-0.000000000000000000e+00,-0.000000000000000000e+00,-0.000000000000000000e+00,-0.000000000000000000e+00,-0.000000000000000000e+00,-0.000000000000000000e+00,-0.000000000000000000e+00,-0.000000000000000000e+00,-0.000000000000000000e+00,-0.000000000000000000e+00,-0.000000000000000000e+00,-0.000000000000000000e+00,-0.000000000000000000e+00,-0.000000000000000000e+00,-0.000000000000000000e+00,-0.000000000000000000e+00,-0.000000000000000000e+00,-0.000000000000000000e+00,-0.000000000000000000e+00,-0.000000000000000000e+00,-0.000000000000000000e+00,-0.000000000000000000e+00,0.000000000000000000e+00,0.000000000000000000e+00,0.000000000000000000e+00,0.000000000000000000e+00,0.000000000000000000e+00,0.000000000000000000e+00,0.000000000000000000e+00,0.000000000000000000e+00,0.000000000000000000e+00,0.000000000000000000e+00,0.000000000000000000e+00,0.000000000000000000e+00,0.000000000000000000e+00,0.000000000000000000e+00,0.000000000000000000e+00,0.000000000000000000e+00,0.000000000000000000e+00,0.000000000000000000e+00,0.000000000000000000e+00,0.000000000000000000e+00,0.000000000000000000e+00,0.000000000000000000e+00,0.000000000000000000e+00,0.000000000000000000e+00,0.000000000000000000e+00,0.000000000000000000e+00
cmxo*c/cref,-1.327754385964912266e-04,-1.319970760233918090e-04,-1.548990430622009494e-04,-1.772942583732057111e-04,-1.993066985645933025e-04,-2.209363636363636423e-04,-2.421832535885167848e-04,-2.630473684210525944e-04,-2.835287081339712880e-04,-2.923818181818182266e-04,-3.121947900053162776e-04,-3.316236044657096564e-04,-3.506696438064859462e-04,-3.584719298245613852e-04,-3.768482190324295034e-04,-3.948437001594896044e-04,-4.018787878787879173e-04,-4.192046783625730981e-04,-4.257635300372142155e-04,-4.321288676236044110e-04,-4.484982456140351064e-04,-4.543875598086124417e-04,-4.600855927698034001e-04,-4.655923444976076023e-04,-4.709078149920255360e-04,-4.760346092503987370e-04,-4.713482190324294694e-04,-4.761855396065922197e-04,-4.714061669324827084e-04,-4.666241360978203067e-04,-4.618447634237107953e-04,-4.570627325890483936e-04,-4.522833599149388281e-04,-4.475039872408293710e-04,-4.338701222753853920e-04,-4.291863370547580937e-04,-4.158392344497608079e-04,-4.026833067517278397e-04,-3.916529505582137219e-04,-3.911271664008506292e-04,-3.905989367357788188e-04,-3.900707070707071168e-04,-3.810741626794258291e-04,-3.805574162679425422e-04,-3.783612440191387355e-04,-3.744880382775119345e-04,-3.623766081871345260e-04,-3.585894736842105404e-04,-3.467386496544391035e-04,-3.350577352472089692e-04,-3.235512493354598777e-04,-3.122169059011164712e-04,-2.933353535353535897e-04,-2.824293992557150258e-04,-2.641504518872940196e-04,-2.462157894736841665e-04,-2.286254120148856835e-04,-2.113793195108984620e-04,-1.872746411483253181e-04,-1.636863902179691750e-04,-1.476452950558213690e-04,-1.180600744284955031e-04,1.327754385964912266e-04,1.319970760233918090e-04,1.548990430622009494e-04,1.772942583732057111e-04,1.993066985645933025e-04,2.209363636363636423e-04,2.421832535885167848e-04,2.630473684210525944e-04,2.835287081339712880e-04,3.036272727272727842e-04,3.233446039340775926e-04,3.316236044657096564e-04,3.506696438064859462e-04,3.693347155768208589e-04,3.876153110047847049e-04,3.948437001594896044e-04,4.124545454545454413e-04,4.192046783625730981e-04,4.361480063795853085e-04,4.424176501860711775e-04,4.484982456140351064e-04,4.644850611376927230e-04,4.700874534821903846e-04,4.754985645933014525e-04,4.807183944710260353e-04,4.760346092503987370e-04,4.809675704412546215e-04,4.857092503987240750e-04,4.808342902711324049e-04,4.759566188197767063e-04,4.710816586921850362e-04,4.662039872408293918e-04,4.613290271132376675e-04,4.564540669856459432e-04,4.427246145667198055e-04,4.291863370547580937e-04,4.158392344497608079e-04,4.026833067517278397e-04,4.001671451355661552e-04,3.911271664008506292e-04,3.905989367357788188e-04,3.900707070707071168e-04,3.895424774056353064e-04,3.890142477405635502e-04,3.867692716640085322e-04,3.744880382775119345e-04,3.706124401913875538e-04,3.585894736842105404e-04,3.467386496544391035e-04,3.430353003721425213e-04,3.235512493354598777e-04,3.122169059011164712e-04,3.010547049441786413e-04,2.824293992557150258e-04,2.641504518872940196e-04,2.462157894736841665e-04,2.286254120148856835e-04,2.113793195108984620e-04,1.872746411483253181e-04,1.636863902179691750e-04,1.476452950558213690e-04,1.250047846889952433e-04,0.000000000000000000e+00,0.000000000000000000e+00,0.000000000000000000e+00,0.000000000000000000e+00,0.000000000000000000e+00,0.000000000000000000e+00,0.000000000000000000e+00,0.000000000000000000e+00,0.000000000000000000e+00,0.000000000000000000e+00,0.000000000000000000e+00,0.000000000000000000e+00,0.000000000000000000e+00,0.000000000000000000e+00,0.000000000000000000e+00,0.000000000000000000e+00,0.000000000000000000e+00,0.000000000000000000e+00,0.000000000000000000e+00,0.000000000000000000e+00,0.000000000000000000e+00,0.000000000000000000e+00,0.000000000000000000e+00,0.000000000000000000e+00,0.000000000000000000e+00,0.000000000000000000e+00,-0.000000000000000000e+00,-0.000000000000000000e+00,-0.000000000000000000e+00,-0.000000000000000000e+00,-0.000000000000000000e+00,-0.000000000000000000e+00,-0.000000000000000000e+00,-0.000000000000000000e+00,-0.000000000000000000e+00,-0.000000000000000000e+00,-0.000000000000000000e+00,-0.000000000000000000e+00,-0.000000000000000000e+00,-0.000000000000000000e+00,-0.000000000000000000e+00,-0.000000000000000000e+00,-0.000000000000000000e+00,-0.000000000000000000e+00,-0.000000000000000000e+00,-0.000000000000000000e+00,-0.000000000000000000e+00,-0.000000000000000000e+00,-0.000000000000000000e+00,-0.000000000000000000e+00,-0.000000000000000000e+00,-0.000000000000000000e+00,-0.000000000000000000e+00,0.000000000000000000e+00,0.000000000000000000e+00,0.000000000000000000e+00,0.000000000000000000e+00,0.000000000000000000e+00,0.000000000000000000e+00,0.000000000000000000e+00,0.000000000000000000e+00,0.000000000000000000e+00,0.000000000000000000e+00,0.000000000000000000e+00,0.000000000000000000e+00,0.000000000000000000e+00,0.000000000000000000e+00,0.000000000000000000e+00,0.000000000000000000e+00,0.000000000000000000e+00,0.000000000000000000e+00,0.000000000000000000e+00,0.000000000000000000e+00,0.000000000000000000e+00,0.000000000000000000e+00,0.000000000000000000e+00,0.000000000000000000e+00,0.000000000000000000e+00,0.000000000000000000e+00
cmy,-8.636200000000000543e-01,-4.225999999999999895e-02,-4.408000000000000113e-02,-4.152000000000000135e-02,-4.202999999999999792e-02,-4.030000000000000249e-02,-3.962000000000000244e-02,-3.661999999999999977e-02,-3.572000000000000175e-02,-3.262999999999999928e-02,-3.253000000000000336e-02,-3.059999999999999873e-02,-3.278999999999999970e-02,-3.185000000000000331e-02,-3.088000000000000120e-02,-2.759999999999999953e-02,-2.946999999999999967e-02,-2.972999999999999948e-02,-2.912000000000000005e-02,-2.798000000000000140e-02,-2.935000000000000109e-02,-3.017999999999999849e-02,-2.956999999999999906e-02,-2.925000000000000169e-02,-2.759999999999999953e-02,-2.778999999999999873e-02,-2.743999999999999911e-02,-2.770999999999999852e-02,-2.732000000000000053e-02,-2.715000000000000052e-02,-2.674999999999999947e-02,-2.740000000000000074e-02,-2.731000000000000094e-02,-2.696000000000000132e-02,-2.676999999999999866e-02,-2.733999999999999972e-02,-2.514999999999999875e-02,-2.421999999999999847e-02,-2.222999999999999976e-02,-2.560000000000000123e-02,-2.360999999999999904e-02,-2.358000000000000027e-02,-2.378999999999999865e-02,-2.055999999999999842e-02,-2.207999999999999893e-02,-2.109000000000000111e-02,-2.344999999999999862e-02,-2.191999999999999851e-02,-2.216999999999999874e-02,-2.181999999999999912e-02,-2.173999999999999891e-02,-2.164999999999999911e-02,-2.145999999999999991e-02,-2.168000000000000135e-02,-2.126000000000000112e-02,-2.123999999999999846e-02,-2.140999999999999848e-02,-2.113999999999999907e-02,-2.088999999999999885e-02,-1.955000000000000140e-02,-2.070999999999999924e-02,-5.594999999999999973e-02,-8.817199999999999482e-01,-4.653000000000000191e-02,-4.710999999999999910e-02,-4.426999999999999685e-02,-4.438000000000000278e-02,-4.252999999999999836e-02,-4.200000000000000261e-02,-3.912000000000000199e-02,-3.821000000000000091e-02,-3.515999999999999681e-02,-3.472999999999999698e-02,-3.268999999999999684e-02,-3.490000000000000047e-02,-3.379000000000000059e-02,-3.253999999999999948e-02,-2.917000000000000148e-02,-3.045000000000000137e-02,-3.064000000000000057e-02,-2.986000000000000112e-02,-2.853999999999999940e-02,-2.962000000000000050e-02,-3.025999999999999870e-02,-2.965999999999999887e-02,-2.915999999999999842e-02,-2.738000000000000156e-02,-2.743999999999999911e-02,-2.709999999999999909e-02,-2.766000000000000056e-02,-2.725999999999999951e-02,-2.726999999999999910e-02,-2.716000000000000011e-02,-2.725999999999999951e-02,-2.710999999999999868e-02,-2.664000000000000049e-02,-2.634999999999999842e-02,-2.716999999999999971e-02,-2.488999999999999893e-02,-2.401000000000000009e-02,-2.206999999999999934e-02,-2.537000000000000019e-02,-2.307999999999999982e-02,-2.290999999999999981e-02,-2.307999999999999982e-02,-1.958000000000000018e-02,-2.174999999999999850e-02,-2.096999999999999906e-02,-2.324000000000000024e-02,-2.240999999999999936e-02,-2.292999999999999899e-02,-2.268999999999999836e-02,-2.257999999999999938e-02,-2.262000000000000122e-02,-2.202000000000000138e-02,-2.202000000000000138e-02,-2.105999999999999886e-02,-2.111999999999999988e-02,-2.145000000000000032e-02,-2.113999999999999907e-02,-2.094000000000000028e-02,-1.950999999999999956e-02,-2.094000000000000028e-02,-5.682000000000000245e-02,1.790599999999999969e+00,9.416900000000000270e-01,5.170200000000000351e-01,4.848399999999999932e-01,4.692100000000000160e-01,4.545600000000000196e-01,4.502099999999999991e-01,4.355499999999999927e-01,4.343500000000000139e-01,4.206799999999999984e-01,4.130099999999999882e-01,4.037600000000000078e-01,3.930400000000000005e-01,3.780299999999999772e-01,3.782699999999999951e-01,3.790899999999999825e-01,3.460599999999999787e-01,3.153199999999999892e-01,2.949999999999999845e-01,2.388200000000000045e-01,2.041600000000000081e-01,2.118299999999999905e-01,2.075200000000000100e-01,1.876200000000000090e-01,1.543100000000000027e-01,9.796000000000000540e-02,1.598246000000000038e+02,4.855260000000000353e+00,6.341499999999999915e-01,5.358100000000000085e-01,4.957900000000000085e-01,4.660699999999999843e-01,4.536299999999999777e-01,4.342099999999999849e-01,4.270999999999999797e-01,4.055099999999999816e-01,3.944300000000000028e-01,3.840999999999999970e-01,3.701499999999999790e-01,3.450799999999999979e-01,3.294199999999999906e-01,3.292800000000000171e-01,2.931199999999999917e-01,2.612300000000000177e-01,2.491800000000000126e-01,2.203400000000000081e-01,1.929700000000000026e-01,1.713099999999999901e-01,1.559999999999999998e-01,1.366499999999999937e-01,1.114300000000000013e-01,7.141999999999999738e-02,3.833000000000000296e-02,2.249999999999999830e-03,2.350000000000000092e-03,2.340000000000000066e-03,3.000000000000000062e-03,3.670000000000000085e-03,4.420000000000000318e-03,5.259999999999999919e-03,6.060000000000000282e-03,6.720000000000000279e-03,7.280000000000000013e-03,8.160000000000000586e-03,8.609999999999999598e-03,9.299999999999999239e-03,1.018999999999999941e-02,1.091999999999999915e-02,1.170999999999999992e-02,1.251000000000000029e-02,1.361000000000000057e-02,1.425000000000000051e-02,1.491999999999999924e-02,1.646999999999999853e-02,1.841999999999999887e-02,2.079999999999999905e-02,2.295000000000000165e-02,2.547999999999999918e-02,-1.714999999999999858e-02
cmy*c/cref,-1.042432038915470427e+00,-5.071087666135034450e-02,-5.252269090909091748e-02,-4.907505071770334321e-02,-4.927565023923444892e-02,-4.686176555023923579e-02,-4.569190717703350280e-02,-4.188171578947368079e-02,-4.051058181818181780e-02,-3.669391818181818449e-02,-3.627034471026049922e-02,-3.382560765550238907e-02,-3.593268006379585211e-02,-3.459797262094630593e-02,-3.324878001063263921e-02,-2.945320574162679089e-02,-3.116675757575757683e-02,-3.115738771929824416e-02,-3.023959510898457936e-02,-2.878801360978202814e-02,-2.991687161084529561e-02,-3.047425901116427097e-02,-2.957550212652844401e-02,-2.897569377990430808e-02,-2.707719936204146596e-02,-2.699796283891547216e-02,-2.639550026581605202e-02,-2.639020260499733844e-02,-2.575763296119085513e-02,-2.533769059011164310e-02,-2.470869484316852785e-02,-2.504703774587985210e-02,-2.470371711855396182e-02,-2.412941499202551909e-02,-2.370347586390217712e-02,-2.394684582668793124e-02,-2.178824322169058830e-02,-2.075104189261031337e-02,-1.892705454545454483e-02,-2.176707708665603577e-02,-2.004791499202551730e-02,-1.999536363636363751e-02,-2.014612073365230904e-02,-1.738724550770866240e-02,-1.856492503987240694e-02,-1.755100606060606278e-02,-1.931302604997341826e-02,-1.786427559808612120e-02,-1.787719968102073273e-02,-1.740704710260499929e-02,-1.715610770866560567e-02,-1.689874003189792764e-02,-1.656572812333865011e-02,-1.654883615098352162e-02,-1.604525316321105816e-02,-1.584734354066985595e-02,-1.578990345560871839e-02,-1.540882349813928708e-02,-1.504679712918660130e-02,-1.391334316852737944e-02,-1.456063838383838370e-02,-3.885565390749601278e-02,-1.064279633811802128e+00,-5.583476315789474148e-02,-5.613303014354067283e-02,-5.232544545454544116e-02,-5.203077224880382767e-02,-4.945486076555023758e-02,-4.843665071770335978e-02,-4.474092631578947127e-02,-4.333452775119617240e-02,-3.953901818181818767e-02,-3.872330377458797768e-02,-3.613591876661349789e-02,-3.824490802764487357e-02,-3.670535305688463895e-02,-3.503611727804359366e-02,-3.112862360446570775e-02,-3.220318181818181830e-02,-3.211107836257309778e-02,-3.100804635832004122e-02,-2.936418543328016620e-02,-3.019208644338118239e-02,-3.055503902179691408e-02,-2.966551887293992704e-02,-2.888653779904306121e-02,-2.686136661350345747e-02,-2.665793811802233057e-02,-2.606844231791599978e-02,-2.634258405103668058e-02,-2.570106422115895836e-02,-2.544968038277511599e-02,-2.508740754917597113e-02,-2.491906018075491780e-02,-2.452280377458798330e-02,-2.384301244019138705e-02,-2.333158718766613349e-02,-2.379794444444444448e-02,-2.156299696969696950e-02,-2.057111956406167119e-02,-1.879082743221690416e-02,-2.157151350345560756e-02,-1.959787708665603270e-02,-1.942721717171717183e-02,-1.954487038809143984e-02,-1.655847602339181185e-02,-1.828746012759170647e-02,-1.745114258373205857e-02,-1.914007357788410565e-02,-1.826361387559808508e-02,-1.849004008506113794e-02,-1.810109526847421615e-02,-1.781899319510898624e-02,-1.765586602870813579e-02,-1.699801180223285690e-02,-1.680836586921850145e-02,-1.589431004784688795e-02,-1.575781052631578666e-02,-1.581940350877193008e-02,-1.540882349813928708e-02,-1.508281148325358798e-02,-1.388487597022860197e-02,-1.472234513556618801e-02,-3.945984370015949427e-02,1.574937889420520820e+00,8.170625100478470237e-01,4.418500746411483937e-01,4.080234041467304951e-01,3.887483425837320872e-01,3.706778513556618915e-01,3.612570247208931051e-01,3.438112682083997451e-01,3.371973814460393348e-01,3.210944654970760426e-01,3.098519148325358796e-01,2.976447455608718928e-01,2.846144518872940066e-01,2.688132944178628359e-01,2.640469392344497179e-01,2.596736269537479602e-01,2.325335543859648746e-01,2.077641971291865897e-01,1.905251461988303752e-01,1.511257022860180710e-01,1.265292725146198727e-01,1.285192092503986971e-01,1.231958311536417022e-01,1.089343065390749737e-01,8.758097442849549497e-02,5.432066879319511626e-02,1.404833593312067990e+02,4.212693054545455063e+00,5.419504561403508669e-01,4.509178701754386620e-01,4.107703177033493191e-01,3.800638555555554965e-01,3.640012974481658392e-01,3.427535088250929785e-01,3.315690148856990649e-01,3.095155859649122987e-01,2.959126674109516242e-01,2.831517405635300411e-01,2.680389766081871517e-01,2.453828839978735021e-01,2.299477693779904131e-01,2.255541741626794217e-01,1.969607451355661620e-01,1.721243220095693693e-01,1.609323929824561517e-01,1.394315268474215774e-01,1.195942090377458689e-01,1.039353525784157267e-01,9.261059011164275712e-02,7.934054465709729220e-02,6.324378187134503670e-02,3.960373790536948768e-02,3.846571387559808569e-02,2.216279904306220003e-03,2.271516746411483302e-03,2.218770334928229365e-03,2.789346092503987382e-03,3.344733811802232983e-03,3.946864965443913631e-03,4.600109090909090814e-03,5.188178309409888223e-03,5.629509409888358053e-03,5.964607336523126448e-03,6.535331419457736032e-03,6.737222009569376717e-03,7.105921850079743862e-03,7.598348750664539637e-03,7.941644019138754257e-03,8.300528601807549700e-03,8.637287081339713180e-03,9.146194949494951265e-03,9.313939393939395239e-03,9.477174481658691765e-03,1.015842631578947261e-02,1.102203444976076509e-02,1.206322594364699595e-02,1.288762679425837533e-02,1.383925677830940941e-02,-8.999054492291333820e-03
cmyi,-8.670700000000000074e-01,-4.565000000000000308e-02,-4.755999999999999811e-02,-4.506999999999999895e-02,-4.565999999999999920e-02,-4.401000000000000051e-02,-4.340000000000000108e-02,-4.046000000000000291e-02,-3.964000000000000162e-02,-3.661999999999999977e-02,-3.658000000000000140e-02,-3.472000000000000086e-02,-3.697999999999999898e-02,-3.611999999999999933e-02,-3.520999999999999824e-02,-3.200000000000000067e-02,-3.393999999999999795e-02,-3.427000000000000185e-02,-3.371999999999999997e-02,-3.266000000000000153e-02,-3.409000000000000224e-02,-3.499000000000000027e-02,-3.445000000000000145e-02,-3.420000000000000123e-02,-3.262000000000000316e-02,-3.287000000000000338e-02,-3.259000000000000091e-02,-3.293000000000000094e-02,-3.261000000000000010e-02,-3.250000000000000111e-02,-3.216000000000000109e-02,-3.287999999999999950e-02,-3.286000000000000032e-02,-3.257000000000000173e-02,-3.244999999999999968e-02,-3.307999999999999829e-02,-3.094999999999999835e-02,-3.007999999999999910e-02,-2.813999999999999835e-02,-3.150000000000000022e-02,-2.952000000000000110e-02,-2.948999999999999885e-02,-2.970000000000000070e-02,-2.647000000000000047e-02,-2.802999999999999936e-02,-2.708999999999999950e-02,-2.949999999999999845e-02,-2.801000000000000018e-02,-2.830999999999999836e-02,-2.799000000000000099e-02,-2.793999999999999956e-02,-2.786999999999999894e-02,-2.769999999999999893e-02,-2.792000000000000037e-02,-2.748000000000000095e-02,-2.742999999999999952e-02,-2.755000000000000157e-02,-2.719999999999999848e-02,-2.684999999999999887e-02,-2.536000000000000060e-02,-2.633999999999999883e-02,-6.135000000000000175e-02,-8.852200000000000069e-01,-4.997999999999999665e-02,-5.061999999999999833e-02,-4.785999999999999976e-02,-4.805000000000000243e-02,-4.626999999999999863e-02,-4.580999999999999656e-02,-4.299999999999999656e-02,-4.216999999999999915e-02,-3.919999999999999873e-02,-3.883999999999999952e-02,-3.687000000000000000e-02,-3.914999999999999730e-02,-3.810999999999999804e-02,-3.692999999999999755e-02,-3.363000000000000017e-02,-3.497999999999999721e-02,-3.524999999999999661e-02,-3.454000000000000126e-02,-3.329000000000000015e-02,-3.443999999999999839e-02,-3.515000000000000069e-02,-3.461999999999999800e-02,-3.418999999999999817e-02,-3.248000000000000193e-02,-3.261000000000000010e-02,-3.234000000000000069e-02,-3.296000000000000318e-02,-3.264000000000000234e-02,-3.271000000000000296e-02,-3.266999999999999765e-02,-3.282999999999999807e-02,-3.275000000000000133e-02,-3.234999999999999681e-02,-3.212000000000000272e-02,-3.300000000000000155e-02,-3.077999999999999833e-02,-2.996000000000000052e-02,-2.806000000000000161e-02,-3.137000000000000205e-02,-2.906999999999999862e-02,-2.891000000000000167e-02,-2.906999999999999862e-02,-2.556999999999999898e-02,-2.777999999999999914e-02,-2.704000000000000153e-02,-2.937000000000000027e-02,-2.857000000000000164e-02,-2.912999999999999964e-02,-2.893000000000000085e-02,-2.883000000000000146e-02,-2.888999999999999901e-02,-2.829999999999999877e-02,-2.828999999999999918e-02,-2.731000000000000094e-02,-2.733999999999999972e-02,-2.762999999999999831e-02,-2.723000000000000073e-02,-2.692999999999999908e-02,-2.534000000000000141e-02,-2.658999999999999905e-02,-6.223000000000000059e-02,1.787879999999999914e+00,9.389300000000000423e-01,5.142099999999999449e-01,4.819800000000000195e-01,4.663100000000000023e-01,4.516100000000000114e-01,4.472099999999999964e-01,4.324999999999999956e-01,4.312400000000000122e-01,4.175200000000000022e-01,4.097899999999999876e-01,4.004800000000000026e-01,3.896999999999999909e-01,3.746200000000000085e-01,3.747800000000000020e-01,3.755299999999999749e-01,3.424300000000000122e-01,3.116200000000000081e-01,2.912100000000000244e-01,2.349499999999999922e-01,2.001999999999999891e-01,2.077700000000000102e-01,2.033699999999999952e-01,1.833599999999999952e-01,1.499399999999999900e-01,9.346999999999999753e-02,1.598218400000000088e+02,4.852479999999999905e+00,6.313299999999999468e-01,5.329500000000000348e-01,4.928799999999999848e-01,4.631199999999999761e-01,4.506299999999999750e-01,4.311599999999999877e-01,4.239999999999999880e-01,4.023499999999999854e-01,3.912100000000000022e-01,3.808199999999999918e-01,3.668100000000000249e-01,3.416699999999999737e-01,3.259500000000000175e-01,3.257300000000000195e-01,2.894999999999999796e-01,2.575299999999999812e-01,2.454000000000000070e-01,2.164699999999999958e-01,1.890100000000000113e-01,1.672599999999999920e-01,1.518400000000000027e-01,1.323900000000000077e-01,1.070600000000000024e-01,6.693000000000000338e-02,3.577999999999999931e-02,-8.199999999999999824e-04,-1.080000000000000014e-03,-1.459999999999999926e-03,-1.199999999999999895e-03,-9.399999999999999719e-04,-6.199999999999999999e-04,-2.300000000000000070e-04,1.000000000000000048e-04,2.599999999999999772e-04,2.900000000000000017e-04,6.300000000000000261e-04,5.000000000000000104e-04,5.900000000000000296e-04,8.300000000000000086e-04,8.899999999999999491e-04,9.700000000000000505e-04,1.000000000000000021e-03,1.299999999999999940e-03,1.090000000000000040e-03,8.599999999999999789e-04,1.440000000000000091e-03,2.370000000000000145e-03,3.650000000000000033e-03,4.640000000000000027e-03,5.919999999999999915e-03,-3.805000000000000049e-02
cmyi*c/cref,-1.046596359489633032e+00,-5.477878654970760874e-02,-5.666921913875598571e-02,-5.327101483253587899e-02,-5.353143444976076609e-02,-5.117583875598086252e-02,-5.005120574162680303e-02,-4.627346315789473280e-02,-4.495631196172249211e-02,-4.118085454545455243e-02,-4.078601935140882540e-02,-3.837990515683147030e-02,-4.052426071238703076e-02,-3.923638213716108131e-02,-3.791093083466241104e-02,-3.414864433811801853e-02,-3.589412121212121054e-02,-3.591536081871345154e-02,-3.501645422647527844e-02,-3.360316384901648051e-02,-3.474842089314195137e-02,-3.533115715045188898e-02,-3.445641015417331976e-02,-3.387927272727273009e-02,-3.200211026049974011e-02,-3.193317878787879649e-02,-3.134946624136097232e-02,-3.136157963849016406e-02,-3.074511020733652206e-02,-3.033056884635831896e-02,-2.970585518341307962e-02,-3.005644529505582113e-02,-2.972406241360978085e-02,-2.915040972886762463e-02,-2.873282748538011355e-02,-2.897445720361509561e-02,-2.681296730462520012e-02,-2.577173163211058174e-02,-2.395894354066985601e-02,-2.678370813397129221e-02,-2.506626220095693747e-02,-2.500692424242424369e-02,-2.515089473684210472e-02,-2.238523290802764409e-02,-2.356770148856991015e-02,-2.254417990430622118e-02,-2.429570441254651908e-02,-2.282747990430622140e-02,-2.282830505050504818e-02,-2.232920478468899614e-02,-2.204883391812865676e-02,-2.175371291866028817e-02,-2.138260340244550750e-02,-2.131196980329612065e-02,-2.073958405103668370e-02,-2.046575486443380845e-02,-2.031816161616161603e-02,-1.982592238171185586e-02,-1.933970813397128952e-02,-1.804820372142477286e-02,-1.851893843700159331e-02,-4.260579744816587328e-02,-1.068504306858054198e+00,-5.997467145135565447e-02,-6.031530430622009803e-02,-5.656868803827750508e-02,-5.633345215311005155e-02,-5.380381866028707827e-02,-5.283054688995215270e-02,-4.917842105263156571e-02,-4.782562248803827465e-02,-4.408218181818182591e-02,-4.330587729930887586e-02,-4.075654098883572246e-02,-4.290223923444975995e-02,-4.139807650186071164e-02,-3.976287065390748943e-02,-3.588809090909090421e-02,-3.699399999999999911e-02,-3.694241228070174743e-02,-3.586798128654970774e-02,-3.425135715045188323e-02,-3.510518086124402026e-02,-3.549271717171716828e-02,-3.462644178628389302e-02,-3.386936650717702751e-02,-3.186476214779372651e-02,-3.168058899521531552e-02,-3.110898245614034802e-02,-3.139015077086656363e-02,-3.077339457735247391e-02,-3.052655098351940433e-02,-3.017693684210525848e-02,-3.001073902179691652e-02,-2.962456007442849579e-02,-2.895350797448165495e-02,-2.844062923976608398e-02,-2.890438596491227974e-02,-2.666569090909090903e-02,-2.566891887293992758e-02,-2.389082998405103742e-02,-2.667317219564061676e-02,-2.468415454545454246e-02,-2.451509595959596235e-02,-2.461739090909090613e-02,-2.162411807549175641e-02,-2.335750079744816632e-02,-2.250257012227538725e-02,-2.418863859649122983e-02,-2.328386650717703329e-02,-2.348952759170654103e-02,-2.307909590643275263e-02,-2.275117687400319416e-02,-2.254986602870813484e-02,-2.184576448697501255e-02,-2.159439920255183318e-02,-2.061128240297714284e-02,-2.039860510366826168e-02,-2.037716172248803595e-02,-1.984778920786815781e-02,-1.939733110047846612e-02,-1.803397012227538759e-02,-1.869470664540138355e-02,-4.321693195108984586e-02,1.572545489633173643e+00,8.146677808612441396e-01,4.394486226475278756e-01,4.056165339712919371e-01,3.863456440191387897e-01,3.682722290802764586e-01,3.588497679425837195e-01,3.414036815523657231e-01,3.347830062732589096e-01,3.186825169590643547e-01,3.074361787347155706e-01,2.952267874534822423e-01,2.821958373205741832e-01,2.663884780435938349e-01,2.616107856459329861e-01,2.572350553429026965e-01,2.300943912280701553e-01,2.053262688995215191e-01,1.880773824561403629e-01,1.486767597022859988e-01,1.240750409356724954e-01,1.260559699096225339e-01,1.207321519936204318e-01,1.064609020733652406e-01,8.510071483253589530e-02,5.183087905369485049e-02,1.404809333337586565e+02,4.210280972248804154e+00,5.395404580542264572e-01,4.485110000000000485e-01,4.083593339712918713e-01,3.776582332801700637e-01,3.615940406698563980e-01,3.403459221690589565e-01,3.291624029771397786e-01,3.071036374269006108e-01,2.934969313131313151e-01,2.807337824561403905e-01,2.656203620414673283e-01,2.429580676236044734e-01,2.275255765550239229e-01,2.231224524720893110e-01,1.945283014354066697e-01,1.696863937799042710e-01,1.584910877192982348e-01,1.369825842636895052e-01,1.171399774587985054e-01,1.014781803296118945e-01,9.014097437533227786e-02,7.686714019138757292e-02,6.076352227538544398e-02,3.711394816586922191e-02,3.590668516746411271e-02,-8.077108984582668811e-04,-1.043931100478468973e-03,-1.384360978203083266e-03,-1.115738437001594649e-03,-8.566893141945773615e-04,-5.536326422115896541e-04,-2.011454545454545385e-04,8.561350345560872683e-05,2.178083997873471607e-04,2.376011164274322474e-04,5.045660287081339809e-04,3.912440191387559657e-04,4.508057947900053256e-04,6.189037745879850819e-04,6.472585326953747380e-04,6.875758107389686380e-04,6.904306220095694085e-04,8.736262626262626023e-04,7.124346624136099291e-04,5.462714513556619130e-04,8.881684210526316148e-04,1.418144497607655473e-03,2.116864167995747073e-03,2.605602977139819410e-03,3.215400318979266380e-03,-1.996583227006911224e-02
cmyo,3.449999999999999942e-03,3.399999999999999811e-03,3.480000000000000020e-03,3.550000000000000204e-03,3.629999999999999980e-03,3.710000000000000190e-03,3.779999999999999940e-03,3.850000000000000124e-03,3.919999999999999873e-03,3.989999999999999623e-03,4.060000000000000241e-03,4.129999999999999991e-03,4.199999999999999740e-03,4.259999999999999898e-03,4.329999999999999648e-03,4.400000000000000265e-03,4.470000000000000015e-03,4.539999999999999765e-03,4.610000000000000382e-03,4.669999999999999672e-03,4.740000000000000289e-03,4.810000000000000039e-03,4.879999999999999789e-03,4.950000000000000407e-03,5.009999999999999697e-03,5.080000000000000314e-03,5.150000000000000064e-03,5.219999999999999814e-03,5.279999999999999971e-03,5.349999999999999721e-03,5.409999999999999878e-03,5.479999999999999628e-03,5.550000000000000246e-03,5.610000000000000403e-03,5.669999999999999693e-03,5.740000000000000310e-03,5.799999999999999600e-03,5.859999999999999758e-03,5.910000000000000323e-03,5.910000000000000323e-03,5.910000000000000323e-03,5.910000000000000323e-03,5.910000000000000323e-03,5.910000000000000323e-03,5.950000000000000427e-03,6.000000000000000125e-03,6.049999999999999822e-03,6.100000000000000387e-03,6.139999999999999625e-03,6.170000000000000137e-03,6.199999999999999782e-03,6.219999999999999835e-03,6.239999999999999887e-03,6.239999999999999887e-03,6.219999999999999835e-03,6.190000000000000190e-03,6.139999999999999625e-03,6.069999999999999875e-03,5.960000000000000020e-03,5.810000000000000060e-03,5.640000000000000048e-03,5.400000000000000286e-03,3.500000000000000073e-03,3.449999999999999942e-03,3.510000000000000099e-03,3.579999999999999849e-03,3.660000000000000059e-03,3.739999999999999835e-03,3.810000000000000019e-03,3.889999999999999795e-03,3.959999999999999978e-03,4.029999999999999728e-03,4.109999999999999938e-03,4.179999999999999688e-03,4.250000000000000305e-03,4.320000000000000055e-03,4.389999999999999805e-03,4.460000000000000422e-03,4.539999999999999765e-03,4.610000000000000382e-03,4.680000000000000132e-03,4.749999999999999882e-03,4.819999999999999632e-03,4.890000000000000249e-03,4.959999999999999999e-03,5.029999999999999749e-03,5.100000000000000366e-03,5.170000000000000116e-03,5.239999999999999866e-03,5.309999999999999616e-03,5.380000000000000233e-03,5.440000000000000391e-03,5.510000000000000141e-03,5.579999999999999891e-03,5.640000000000000048e-03,5.709999999999999798e-03,5.769999999999999955e-03,5.830000000000000113e-03,5.890000000000000270e-03,5.950000000000000427e-03,6.000000000000000125e-03,5.989999999999999665e-03,5.989999999999999665e-03,5.989999999999999665e-03,5.989999999999999665e-03,5.989999999999999665e-03,6.029999999999999770e-03,6.080000000000000335e-03,6.119999999999999572e-03,6.159999999999999677e-03,6.199999999999999782e-03,6.230000000000000294e-03,6.259999999999999939e-03,6.270000000000000399e-03,6.279999999999999992e-03,6.270000000000000399e-03,6.259999999999999939e-03,6.219999999999999835e-03,6.170000000000000137e-03,6.089999999999999927e-03,5.980000000000000072e-03,5.830000000000000113e-03,5.649999999999999641e-03,5.400000000000000286e-03,2.720000000000000195e-03,2.759999999999999867e-03,2.809999999999999998e-03,2.850000000000000103e-03,2.899999999999999800e-03,2.949999999999999931e-03,3.000000000000000062e-03,3.050000000000000194e-03,3.109999999999999917e-03,3.160000000000000048e-03,3.220000000000000206e-03,3.279999999999999930e-03,3.350000000000000113e-03,3.409999999999999837e-03,3.480000000000000020e-03,3.559999999999999797e-03,3.629999999999999980e-03,3.710000000000000190e-03,3.789999999999999966e-03,3.870000000000000176e-03,3.959999999999999978e-03,4.060000000000000241e-03,4.159999999999999636e-03,4.259999999999999898e-03,4.369999999999999753e-03,4.479999999999999608e-03,2.749999999999999840e-03,2.779999999999999919e-03,2.820000000000000024e-03,2.860000000000000129e-03,2.899999999999999800e-03,2.949999999999999931e-03,3.000000000000000062e-03,3.050000000000000194e-03,3.109999999999999917e-03,3.160000000000000048e-03,3.220000000000000206e-03,3.279999999999999930e-03,3.340000000000000087e-03,3.409999999999999837e-03,3.480000000000000020e-03,3.550000000000000204e-03,3.619999999999999954e-03,3.700000000000000164e-03,3.779999999999999940e-03,3.870000000000000176e-03,3.959999999999999978e-03,4.049999999999999781e-03,4.150000000000000043e-03,4.259999999999999898e-03,4.369999999999999753e-03,4.479999999999999608e-03,2.550000000000000183e-03,3.069999999999999812e-03,3.429999999999999889e-03,3.810000000000000019e-03,4.199999999999999740e-03,4.610000000000000382e-03,5.040000000000000209e-03,5.490000000000000088e-03,5.960000000000000020e-03,6.459999999999999597e-03,6.980000000000000093e-03,7.530000000000000235e-03,8.109999999999999154e-03,8.710000000000000728e-03,9.350000000000000672e-03,1.003000000000000072e-02,1.073999999999999955e-02,1.149999999999999981e-02,1.230000000000000017e-02,1.315999999999999982e-02,1.405999999999999958e-02,1.502000000000000036e-02,1.604999999999999830e-02,1.713999999999999899e-02,1.830999999999999989e-02,1.956000000000000100e-02,2.089999999999999844e-02
cmyo*c/cref,4.164320574162679207e-03,4.079909622541201368e-03,4.146528229665071702e-03,4.195964114832535785e-03,4.255784210526315434e-03,4.314073205741626726e-03,4.359298564593301964e-03,4.403184210526315222e-03,4.445730143540669969e-03,4.486936363636363605e-03,4.526824455077086730e-03,4.565351621477936432e-03,4.602539074960127624e-03,4.627546730462520075e-03,4.662150824029770955e-03,4.695438596491227634e-03,4.727363636363636316e-03,4.757973099415203910e-03,4.787243593833067842e-03,4.804861456671982028e-03,4.831549282296651419e-03,4.856898139287612812e-03,4.880908027644870542e-03,4.903578947368421141e-03,4.915100318979266115e-03,4.935215948963318257e-03,4.953965975544922032e-03,4.971377033492822145e-03,4.978049122807017175e-03,4.992878256246676728e-03,4.997160340244550907e-03,5.009407549175969900e-03,5.020345295055821631e-03,5.020994736842105538e-03,5.020497129186602021e-03,5.027611376927166968e-03,5.024724082934609211e-03,5.020689739500265765e-03,5.031888995215311189e-03,5.025133811802233279e-03,5.018347208931419300e-03,5.011560606060607055e-03,5.004774003189793076e-03,4.997987400318979097e-03,5.002776448697501474e-03,4.993173843700159271e-03,4.982678362573099949e-03,4.971354066985646074e-03,4.951105369484316322e-03,4.922157682083998578e-03,4.892726209463051958e-03,4.854972886762360523e-03,4.816875279106858261e-03,4.763133652312599893e-03,4.694330887825624680e-03,4.618411323763955099e-03,4.528258160552896781e-03,4.424387825624667703e-03,4.292911004784689087e-03,4.134860552897395153e-03,3.965330781499202574e-03,3.750143540669857029e-03,4.224673046251993525e-03,4.139908293460925134e-03,4.182274162679426067e-03,4.231422966507175816e-03,4.290955980861243732e-03,4.348957894736841558e-03,4.393896172248804195e-03,4.448931578947367196e-03,4.491094736842105722e-03,4.531918181818182269e-03,4.582573524720892980e-03,4.620622222222221104e-03,4.657331206804891585e-03,4.692723444976076158e-03,4.726753375863901839e-03,4.759467304625199062e-03,4.801393939393939526e-03,4.831333918128654856e-03,4.859934928229664788e-03,4.887171717171716161e-03,4.913094417862838743e-03,4.937678149920255062e-03,4.960922913343966852e-03,4.982828708133970642e-03,5.003395534290271639e-03,5.022650877192983213e-03,5.040540138224348238e-03,5.057090430622008734e-03,5.072330356193514682e-03,5.076870600744284867e-03,5.089529292929292556e-03,5.100820095693779990e-03,5.101756299840509885e-03,5.110495534290271369e-03,5.109042052099946156e-03,5.106441520467836122e-03,5.102693939393939532e-03,5.097799308878257253e-03,5.108516746411483414e-03,5.093155927698032361e-03,5.086277458798510627e-03,5.079398989898989761e-03,5.072520520999468027e-03,5.065642052099946294e-03,5.070040669856458980e-03,5.059749494949495122e-03,5.040329186602870819e-03,5.020252631578947349e-03,4.999487506645401355e-03,4.970023072833599891e-03,4.940075172780436161e-03,4.894000000000000780e-03,4.847752684742159118e-03,4.786033333333333459e-03,4.724519510898458029e-03,4.640794577352471556e-03,4.550383200425305551e-03,4.438965709728868135e-03,4.307316746411483238e-03,4.149094152046783890e-03,3.972361509835193802e-03,3.750143540669857029e-03,2.392399787347155703e-03,2.394729186602870697e-03,2.401451993620414872e-03,2.398454545454545631e-03,2.402698564593301351e-03,2.405622275385433263e-03,2.407256778309409956e-03,2.407586656034024601e-03,2.414375172780435647e-03,2.411948538011696088e-03,2.415736097820308636e-03,2.417958107389686553e-03,2.425855927698033175e-03,2.424816374269005755e-03,2.429173205741626609e-03,2.438571610845294974e-03,2.439163157894736617e-03,2.444517224880382762e-03,2.447763742690058260e-03,2.448942583732057442e-03,2.454231578947368205e-03,2.463239340776182760e-03,2.469615736310473188e-03,2.473404465709729255e-03,2.480259595959596192e-03,2.484244550770866450e-03,2.417207602339181347e-03,2.412082296650717734e-03,2.409998086124402316e-03,2.406870175438597000e-03,2.402698564593301351e-03,2.405622275385433263e-03,2.407256778309409956e-03,2.407586656034024601e-03,2.414375172780435647e-03,2.411948538011696088e-03,2.415736097820308636e-03,2.417958107389686553e-03,2.418614566719830272e-03,2.424816374269005755e-03,2.429173205741626609e-03,2.431721690590111541e-03,2.432443700159489259e-03,2.437928229665071913e-03,2.441305263157894732e-03,2.448942583732057442e-03,2.454231578947368205e-03,2.457172248803827456e-03,2.463679160021265638e-03,2.473404465709729255e-03,2.480259595959596192e-03,2.484244550770866450e-03,2.559028708133971250e-03,3.023990802764487101e-03,3.315447846889951842e-03,3.612613237639553197e-03,3.905084529505581815e-03,4.201423125996810344e-03,4.500497607655503177e-03,4.801254545454545705e-03,5.102564805954279414e-03,5.411701010101009970e-03,5.718813078149921104e-03,6.030765390749601509e-03,6.345977990430621239e-03,6.655116055289739783e-03,6.971988304093568178e-03,7.294385486443380820e-03,7.612952791068579653e-03,7.939952153110047331e-03,8.265848484848485264e-03,8.601504731525785527e-03,8.930903030303029635e-03,9.264090058479531112e-03,9.603889952153108964e-03,9.940562147793726919e-03,1.028202381711855462e-02,1.062385645933014433e-02,1.096677777777777668e-02
cmz,-4.302099999999999813e-01,-2.720000000000000195e-03,-4.000000000000000327e-05,1.809999999999999977e-03,2.729999999999999788e-03,4.460000000000000422e-03,5.499999999999999681e-03,5.910000000000000323e-03,6.749999999999999924e-03,7.450000000000000025e-03,9.360000000000000264e-03,1.039999999999999952e-02,1.294000000000000011e-02,1.387999999999999998e-02,1.728000000000000022e-02,1.624000000000000096e-02,1.794000000000000108e-02,2.117000000000000132e-02,2.442000000000000073e-02,2.616999999999999882e-02,3.011000000000000135e-02,3.461999999999999800e-02,3.717000000000000165e-02,3.774999999999999883e-02,3.756999999999999923e-02,3.944999999999999896e-02,4.247000000000000081e-02,4.395000000000000295e-02,4.802000000000000018e-02,5.099999999999999672e-02,5.442999999999999922e-02,6.190999999999999975e-02,6.407999999999999807e-02,6.739000000000000545e-02,6.901999999999999802e-02,7.537000000000000643e-02,6.562999999999999390e-02,6.553000000000000491e-02,5.476999999999999924e-02,7.360999999999999488e-02,6.753000000000000669e-02,6.654999999999999805e-02,6.851999999999999758e-02,4.895999999999999658e-02,6.246999999999999775e-02,6.076000000000000151e-02,7.814000000000000112e-02,7.337000000000000466e-02,7.675999999999999490e-02,7.670000000000000429e-02,7.717999999999999861e-02,7.484000000000000374e-02,7.070999999999999508e-02,6.958999999999999908e-02,6.526999999999999469e-02,6.147999999999999993e-02,5.662999999999999978e-02,4.852999999999999675e-02,3.926000000000000323e-02,2.563000000000000000e-02,4.219999999999999793e-03,-4.157000000000000278e-02,4.266300000000000092e-01,5.259999999999999919e-03,8.300000000000000086e-04,-9.200000000000000278e-04,-1.879999999999999944e-03,-3.589999999999999875e-03,-4.720000000000000237e-03,-5.400000000000000286e-03,-6.309999999999999637e-03,-7.409999999999999920e-03,-9.429999999999999147e-03,-1.080000000000000057e-02,-1.387000000000000038e-02,-1.511000000000000017e-02,-1.899999999999999953e-02,-1.830999999999999989e-02,-2.001999999999999960e-02,-2.316000000000000003e-02,-2.641999999999999904e-02,-2.836999999999999938e-02,-3.223999999999999783e-02,-3.660000000000000059e-02,-3.951000000000000345e-02,-4.021000000000000268e-02,-4.055000000000000271e-02,-4.318999999999999923e-02,-4.696000000000000174e-02,-5.038000000000000117e-02,-5.514000000000000151e-02,-5.863000000000000156e-02,-6.246000000000000163e-02,-6.772999999999999854e-02,-6.948000000000000009e-02,-7.266999999999999849e-02,-7.413000000000000145e-02,-8.264000000000000512e-02,-7.320000000000000118e-02,-7.208000000000000518e-02,-6.015999999999999820e-02,-7.865999999999999381e-02,-7.116000000000000103e-02,-6.952999999999999459e-02,-7.083000000000000407e-02,-5.015000000000000013e-02,-6.506000000000000671e-02,-6.303999999999999881e-02,-7.753999999999999782e-02,-7.427999999999999881e-02,-7.767999999999999905e-02,-7.802000000000000601e-02,-7.789999999999999702e-02,-7.671000000000000041e-02,-7.291000000000000258e-02,-7.177999999999999658e-02,-6.604999999999999760e-02,-6.076999999999999763e-02,-5.589999999999999830e-02,-4.776999999999999996e-02,-3.971999999999999836e-02,-2.661000000000000171e-02,-7.009999999999999738e-03,4.071000000000000313e-02,-1.937400000000000011e+00,-1.678600000000000092e-01,-1.900999999999999912e-02,-1.012000000000000052e-02,-7.660000000000000142e-03,-6.400000000000000307e-03,-4.159999999999999636e-03,-1.610000000000000103e-03,-2.589999999999999854e-03,-4.479999999999999608e-03,-6.020000000000000177e-03,-7.329999999999999710e-03,-7.270000000000000420e-03,-7.159999999999999698e-03,-7.879999999999999852e-03,-7.420000000000000380e-03,-4.689999999999999725e-03,-6.289999999999999584e-03,-8.510000000000000203e-03,1.449999999999999900e-03,-5.599999999999999509e-04,-1.328000000000000014e-02,-1.508999999999999925e-02,-1.562000000000000020e-02,-1.651000000000000037e-02,-1.636999999999999914e-02,3.161938999999999922e+01,4.093160000000000132e+00,2.372000000000000150e-02,-1.690000000000000096e-03,-1.830000000000000029e-03,-1.490000000000000005e-03,-5.500000000000000331e-04,-1.779999999999999898e-03,-3.699999999999999947e-04,1.850000000000000082e-03,3.919999999999999873e-03,5.950000000000000427e-03,6.559999999999999859e-03,7.060000000000000303e-03,1.077999999999999965e-02,9.759999999999999579e-03,4.080000000000000293e-03,6.969999999999999633e-03,1.214999999999999934e-02,1.246000000000000059e-02,1.165000000000000063e-02,1.388999999999999957e-02,1.552000000000000081e-02,1.611999999999999891e-02,1.719000000000000042e-02,1.901999999999999871e-02,3.161700000000000066e-01,1.168799999999999978e-01,1.334200000000000108e-01,1.399799999999999933e-01,1.477199999999999902e-01,1.539099999999999913e-01,1.640500000000000014e-01,1.729900000000000049e-01,1.860400000000000109e-01,1.972099999999999964e-01,2.116200000000000025e-01,2.244299999999999906e-01,2.388599999999999890e-01,2.524500000000000077e-01,2.651499999999999968e-01,2.783999999999999808e-01,2.915900000000000158e-01,3.041099999999999914e-01,3.161800000000000166e-01,3.286600000000000077e-01,3.384400000000000186e-01,3.435900000000000065e-01,3.419099999999999917e-01,3.300000000000000155e-01,3.052799999999999958e-01,2.592700000000000005e-01,1.383300000000000085e-01
cmz*c/cref,-5.192847403508771276e-01,-3.263927698032961528e-03,-4.766124401913876096e-05,2.139350717703348941e-03,3.200631100478468650e-03,5.186190430622009649e-03,6.342894736842105523e-03,6.759173684210526174e-03,7.655275119617224559e-03,8.377863636363638150e-03,1.043622583732057435e-02,1.149628495481126896e-02,1.418020372142477468e-02,1.507754662413609767e-02,1.860553492822966323e-02,1.733043700159489497e-02,1.897290909090909236e-02,2.218640760233918374e-02,2.535889122807017532e-02,2.692574396597554112e-02,3.069155039872408647e-02,3.495754960127591543e-02,3.717691626794258908e-02,3.739598086124401588e-02,3.685834710260500052e-02,3.832564354066985562e-02,4.085338543328016769e-02,4.185670893141945487e-02,4.527384827219563951e-02,4.759566188197766196e-02,5.027642094630515451e-02,5.659350754917596982e-02,5.796463540669855724e-02,6.031458740031898219e-02,6.111370579479000198e-02,6.601586576289208974e-02,5.685735199362040859e-02,5.614433423710792764e-02,4.663224370015948972e-02,6.258884938862306624e-02,5.734162216905901166e-02,5.643305555555555575e-02,5.802489250398723541e-02,4.140464688995214998e-02,5.252494869750132939e-02,5.056420712387028199e-02,6.435479128123339221e-02,5.979479473684210650e-02,6.189688080808080500e-02,6.118792450824030865e-02,6.090654981392876893e-02,5.841578309409888731e-02,5.458353381180223313e-02,5.311962674109516058e-02,4.926028569909622623e-02,4.587074768740031366e-02,4.176470026581605155e-02,3.537323577884104314e-02,2.827847081339713090e-02,1.824035730994151908e-02,2.966967357788410486e-03,-2.886916055289739935e-02,5.149635033492823144e-01,6.311860180754917844e-03,9.889708133971292052e-04,-1.087404784688995136e-03,-2.204097607655502219e-03,-4.174534449760764800e-03,-5.443356937799044039e-03,-6.175894736842105041e-03,-7.156264593301434745e-03,-8.332881818181819486e-03,-1.051427453482190084e-02,-1.193844976076554980e-02,-1.519933737373737465e-02,-1.641366927166400952e-02,-2.045747474747474509e-02,-1.953942743221690273e-02,-2.117266666666666602e-02,-2.427195087719298192e-02,-2.743578649654438914e-02,-2.918927612971822932e-02,-3.286268963317384023e-02,-3.695685486443381351e-02,-3.951735167464115461e-02,-3.983291100478469210e-02,-3.978189978734716220e-02,-4.195905055821371604e-02,-4.517247421584263262e-02,-4.798045497076023486e-02,-5.198667208931419259e-02,-5.471634619883040951e-02,-5.769364784688995468e-02,-6.191371775651249160e-02,-6.284929569377990799e-02,-6.504022950558213667e-02,-6.563835135566187251e-02,-7.238358958001063492e-02,-6.341548325358851990e-02,-6.175619734183945830e-02,-5.122139457735246787e-02,-6.688274545454545028e-02,-6.042395725677830731e-02,-5.896003535353535469e-02,-5.998107320574162793e-02,-4.241100983519404538e-02,-5.470262785752259826e-02,-5.246161318447634114e-02,-6.386064136097820143e-02,-6.053642296650717236e-02,-6.263874024455076683e-02,-6.224096310473153232e-02,-6.147473737373737590e-02,-5.987539712918660273e-02,-5.628179112174375859e-02,-5.479130345560871695e-02,-4.984896384901647826e-02,-4.534101068580542043e-02,-4.122632429558745204e-02,-3.481927618288144927e-02,-2.860980287081339377e-02,-1.893780366826156372e-02,-4.928540563530037222e-03,2.827191547049442283e-02,-1.704057113237639420e+00,-1.456446526315789691e-01,-1.624612185007974496e-02,-8.516617543859650655e-03,-6.346438277511962447e-03,-5.218977139819245235e-03,-3.338062732589047732e-03,-1.270890005316321165e-03,-2.010685433280169892e-03,-3.419471345029239870e-03,-4.516376182881446863e-03,-5.403546624136098230e-03,-5.264469431153642222e-03,-5.091403296119085403e-03,-5.500541626794258274e-03,-5.082640829346092050e-03,-3.151425677830940481e-03,-4.144477990430621775e-03,-5.496166081871345019e-03,9.175624667729930005e-04,-3.470630515683146623e-04,-8.057098139287613078e-03,-8.958293620414673614e-03,-9.069149707602339877e-03,-9.370500212652845343e-03,-9.077473950026582541e-03,2.779295632339181310e+01,3.551452796172249293e+00,2.027133141945773945e-02,-1.422241467304625421e-03,-1.516185645933014513e-03,-1.215043115364167941e-03,-4.413304093567251441e-04,-1.405083359914938677e-03,-2.872407761828814441e-04,1.412058479532163867e-03,2.940896119085593084e-03,4.386234981392876826e-03,4.750332801701223108e-03,5.020294311536417121e-03,7.524852631578946537e-03,6.685522169059010013e-03,2.741538755980861206e-03,4.592529665071769934e-03,7.847052631578945586e-03,7.884709197235512806e-03,7.220150983519404639e-03,8.427190749601274483e-03,9.213566400850612542e-03,9.359455396065922278e-03,9.756444497607656002e-03,1.054694896331738463e-02,3.172894535885167344e-01,1.151283534290271221e-01,1.289641550239234435e-01,1.327279792663476621e-01,1.373474015948963067e-01,1.402692046251993452e-01,1.464894112174375540e-01,1.512876181818181842e-01,1.592753618288144657e-01,1.652076712387028357e-01,1.733832698564593544e-01,1.797456409888357198e-01,1.869050928229664954e-01,1.928913947368421089e-01,1.977136576289207914e-01,2.024682870813396818e-01,2.066909594364699787e-01,2.099668564593301368e-01,2.124793474747475042e-01,2.148153909622541602e-01,2.149768720893142082e-01,2.119206859649122587e-01,2.045897827751196052e-01,1.913877192982456343e-01,1.714307062200957077e-01,1.408204122807017455e-01,7.258537655502393660e-02
cmzi,-4.275300000000000211e-01,2.999999999999999737e-04,3.500000000000000073e-03,5.960000000000000020e-03,7.499999999999999722e-03,9.860000000000000708e-03,1.154999999999999950e-02,1.260999999999999968e-02,1.412000000000000061e-02,1.550999999999999948e-02,1.811000000000000110e-02,1.985999999999999918e-02,2.310999999999999860e-02,2.478999999999999954e-02,2.892000000000000126e-02,2.863999999999999879e-02,3.111999999999999836e-02,3.513000000000000150e-02,3.916000000000000036e-02,4.172000000000000014e-02,4.646000000000000130e-02,5.179999999999999882e-02,5.517999999999999988e-02,5.659999999999999754e-02,5.727000000000000146e-02,6.001999999999999696e-02,6.392000000000000459e-02,6.628000000000000558e-02,7.122000000000000552e-02,7.509000000000000397e-02,7.940999999999999448e-02,8.780000000000000304e-02,9.088999999999999857e-02,9.513000000000000622e-02,9.768000000000000294e-02,1.049500000000000016e-01,9.612999999999999323e-02,9.697999999999999676e-02,8.681999999999999440e-02,1.057199999999999945e-01,9.972000000000000308e-02,9.882000000000000506e-02,1.008700000000000013e-01,8.136999999999999789e-02,9.539999999999999869e-02,9.453999999999999904e-02,1.127500000000000030e-01,1.087899999999999978e-01,1.129799999999999971e-01,1.136800000000000033e-01,1.148900000000000060e-01,1.132200000000000012e-01,1.097199999999999981e-01,1.091199999999999948e-01,1.052499999999999963e-01,1.017699999999999994e-01,9.712999999999999412e-02,8.902999999999999803e-02,7.953999999999999959e-02,6.539999999999999980e-02,4.322999999999999760e-02,-3.789999999999999966e-03,4.239200000000000190e-01,2.200000000000000133e-03,-2.739999999999999814e-03,-5.100000000000000366e-03,-6.689999999999999766e-03,-9.039999999999999425e-03,-1.082999999999999935e-02,-1.217000000000000026e-02,-1.375999999999999966e-02,-1.555999999999999918e-02,-1.828000000000000111e-02,-2.036999999999999922e-02,-2.418000000000000010e-02,-2.615999999999999923e-02,-3.080000000000000099e-02,-3.089000000000000079e-02,-3.339000000000000301e-02,-3.733000000000000207e-02,-4.139999999999999930e-02,-4.415999999999999787e-02,-4.886000000000000065e-02,-5.405999999999999694e-02,-5.782000000000000334e-02,-5.938000000000000222e-02,-6.056999999999999884e-02,-6.410000000000000420e-02,-6.876999999999999780e-02,-7.309000000000000219e-02,-7.875000000000000056e-02,-8.315000000000000169e-02,-8.788999999999999591e-02,-9.407999999999999696e-02,-9.675000000000000266e-02,-1.008799999999999975e-01,-1.032499999999999946e-01,-1.126899999999999985e-01,-1.041799999999999948e-01,-1.040100000000000052e-01,-9.267999999999999849e-02,-1.112500000000000017e-01,-1.038199999999999956e-01,-1.022600000000000037e-01,-1.036299999999999999e-01,-8.301999999999999658e-02,-9.843999999999999972e-02,-9.725000000000000311e-02,-1.125599999999999934e-01,-1.101000000000000034e-01,-1.142800000000000066e-01,-1.153499999999999942e-01,-1.159300000000000053e-01,-1.153799999999999965e-01,-1.121599999999999958e-01,-1.115400000000000003e-01,-1.062499999999999972e-01,-1.012699999999999989e-01,-9.658999999999999531e-02,-8.842999999999999472e-02,-8.014999999999999902e-02,-6.648999999999999355e-02,-4.610999999999999821e-02,2.870000000000000155e-03,-1.936430000000000096e+00,-1.665200000000000014e-01,-1.726000000000000104e-02,-7.950000000000000469e-03,-5.060000000000000261e-03,-3.340000000000000087e-03,-6.400000000000000524e-04,2.399999999999999790e-03,1.910000000000000022e-03,5.400000000000000069e-04,-4.600000000000000139e-04,-1.209999999999999921e-03,-5.699999999999999772e-04,1.499999999999999869e-04,6.000000000000000152e-05,1.170000000000000033e-03,4.570000000000000277e-03,3.690000000000000138e-03,2.210000000000000159e-03,1.294000000000000011e-02,1.174000000000000044e-02,-1.200000000000000030e-04,-1.030000000000000100e-03,-6.199999999999999999e-04,-5.199999999999999544e-04,6.499999999999999702e-04,3.161839000000000155e+01,4.091809999999999725e+00,2.196999999999999995e-02,-3.860000000000000150e-03,-4.440000000000000370e-03,-4.550000000000000225e-03,-4.069999999999999833e-03,-5.780000000000000415e-03,-4.879999999999999789e-03,-3.170000000000000075e-03,-1.629999999999999939e-03,-1.600000000000000131e-04,-1.299999999999999886e-04,-2.400000000000000061e-04,2.860000000000000129e-03,1.180000000000000059e-03,-5.179999999999999709e-03,-3.000000000000000062e-03,1.440000000000000091e-03,9.799999999999999684e-04,-6.499999999999999702e-04,7.399999999999999894e-04,1.469999999999999953e-03,1.129999999999999928e-03,1.209999999999999921e-03,2.000000000000000042e-03,3.161700000000000066e-01,1.168799999999999978e-01,1.334200000000000108e-01,1.399799999999999933e-01,1.477199999999999902e-01,1.539099999999999913e-01,1.640500000000000014e-01,1.729900000000000049e-01,1.860400000000000109e-01,1.972099999999999964e-01,2.116200000000000025e-01,2.244299999999999906e-01,2.388599999999999890e-01,2.524500000000000077e-01,2.651499999999999968e-01,2.783999999999999808e-01,2.915900000000000158e-01,3.041099999999999914e-01,3.161800000000000166e-01,3.286600000000000077e-01,3.384400000000000186e-01,3.435900000000000065e-01,3.419099999999999917e-01,3.300000000000000155e-01,3.052799999999999958e-01,2.592700000000000005e-01,1.383300000000000085e-01
cmzi*c/cref,-5.160498478468898975e-01,3.599920255183412972e-04,4.170358851674641279e-03,7.044491866028707028e-03,8.792942583732057255e-03,1.146543444976076513e-02,1.332007894736842238e-02,1.442185789473683991e-02,1.601370143540669852e-02,1.744170000000000095e-02,2.019231302498670708e-02,2.195348261562998088e-02,2.532492333864965264e-02,2.692884587985114320e-02,3.113842998405103729e-02,3.056303668261562551e-02,3.291175757575757338e-02,3.681665087719298429e-02,4.066560935672514088e-02,4.292480085061137207e-02,4.735733748006380056e-02,5.230505688463583241e-02,5.519026741095162808e-02,5.606920574162679166e-02,5.618518867623605029e-02,5.830938213716108792e-02,6.148689420520999510e-02,6.312315513024986668e-02,6.714709441786284594e-02,7.007761275917065436e-02,7.335018532695374016e-02,8.026021584263690056e-02,8.221606916533757969e-02,8.514210861244020379e-02,8.649068070175437717e-02,9.192470627325891042e-02,8.328047001594895971e-02,8.308984486975014294e-02,7.392023732057415031e-02,8.989122615629983881e-02,8.467505645933014191e-02,8.379736363636364205e-02,8.541989064327484837e-02,6.881323769271663338e-02,8.021258373205741865e-02,7.867577586390217537e-02,9.285900584795322987e-02,8.866124736842105614e-02,9.110356427432217408e-02,9.068896034024456765e-02,9.066537325890484944e-02,8.837299521531101487e-02,8.469672365762892507e-02,8.329377309941519980e-02,7.943381446039340932e-02,7.593145725677830082e-02,7.163350409356725179e-02,6.489345108984582999e-02,5.729163444976076436e-02,4.654386921850079545e-02,3.039383859649122735e-02,-2.632045188729399254e-03,5.116923993620414723e-01,2.639941520467836613e-03,-3.264795215311004726e-03,-6.028004784688994339e-03,-7.843304784688994932e-03,-1.051191961722487862e-02,-1.248973636363636362e-02,-1.391863684210526211e-02,-1.560542009569377934e-02,-1.749792727272727472e-02,-2.038185986177564954e-02,-2.251724274322168540e-02,-2.649747496012759204e-02,-2.841704752791068475e-02,-3.316264327485379804e-02,-3.296411323763955015e-02,-3.531245454545454965e-02,-3.912227660818713704e-02,-4.299173205741626397e-02,-4.543526379585326180e-02,-4.980369154704944457e-02,-5.458709218500797100e-02,-5.783075863902181063e-02,-5.882313492822966589e-02,-5.942267990430621927e-02,-6.227309888357257517e-02,-6.615227963849015791e-02,-6.960880217969164785e-02,-7.424647129186602579e-02,-7.759959383306751224e-02,-8.118307251461988339e-02,-8.600092376395533644e-02,-8.751683014354066925e-02,-9.028840446570972345e-02,-9.142263290802762898e-02,-9.870409861775650273e-02,-9.025444051036682347e-02,-8.911295901116428331e-02,-7.890955534290271245e-02,-9.459325491759701388e-02,-8.815648176501859890e-02,-8.671441414141414783e-02,-8.775714550770866151e-02,-7.020861488569908604e-02,-8.276862413609781255e-02,-8.093102604997341742e-02,-9.270252503987240489e-02,-8.972886602870813744e-02,-9.215184391281233678e-02,-9.202121371610845479e-02,-9.148608862307285039e-02,-9.005896650717702678e-02,-8.658024540138224701e-02,-8.514101403508772536e-02,-8.018853003721425343e-02,-7.555840303030302019e-02,-7.123525337586389394e-02,-6.445611456671983264e-02,-5.773100956937798206e-02,-4.731960037214247294e-02,-3.241868835725678077e-02,1.993131844763424126e-03,-1.703203941254651799e+00,-1.444819942583732142e-01,-1.475055566188198004e-02,-6.690425837320574699e-03,-4.192294736842105615e-03,-2.723653694843168604e-03,-5.135481127060074601e-04,1.894494417862838554e-03,1.482783466241360945e-03,4.121684210526316457e-04,-3.451051568314726778e-04,-8.919906432748537974e-04,-4.127575757575757632e-04,1.066634768740031951e-04,4.188229665071769946e-05,8.014406698564593068e-04,3.070792185007974358e-03,2.431339234449760630e-03,1.427323976608187205e-03,8.188454013822434041e-03,7.275928973950026614e-03,-7.280510366826156167e-05,-6.114673577884105309e-04,-3.599790536948431854e-04,-2.951338649654439367e-04,3.604372674109516364e-04,2.779207733880914688e+01,3.550281461244018999e+00,1.877576523125996932e-02,-3.248433173843700509e-03,-3.678614354066986423e-03,-3.710366560340244355e-03,-3.265845029239765850e-03,-4.562574056353003657e-03,-3.788472939925571163e-03,-2.419581286549708082e-03,-1.222872620946305290e-03,-1.179491759702286282e-04,-9.413769271664008183e-05,-1.706615629984051231e-04,1.996389473684210668e-03,8.082905901116427391e-04,-3.480679106858053633e-03,-1.976698564593301188e-03,9.300210526315789506e-04,6.201456671982986772e-04,-4.028410419989366916e-04,4.489648059542795987e-04,8.726767145135566834e-04,6.560908559276980908e-04,6.867538011695906467e-04,1.109037745879851372e-03,3.172894535885167344e-01,1.151283534290271221e-01,1.289641550239234435e-01,1.327279792663476621e-01,1.373474015948963067e-01,1.402692046251993452e-01,1.464894112174375540e-01,1.512876181818181842e-01,1.592753618288144657e-01,1.652076712387028357e-01,1.733832698564593544e-01,1.797456409888357198e-01,1.869050928229664954e-01,1.928913947368421089e-01,1.977136576289207914e-01,2.024682870813396818e-01,2.066909594364699787e-01,2.099668564593301368e-01,2.124793474747475042e-01,2.148153909622541602e-01,2.149768720893142082e-01,2.119206859649122587e-01,2.045897827751196052e-01,1.913877192982456343e-01,1.714307062200957077e-01,1.408204122807017455e-01,7.258537655502393660e-02
cmzo,-2.680000000000000090e-03,-3.020000000000000115e-03,-3.540000000000000178e-03,-4.150000000000000043e-03,-4.769999999999999934e-03,-5.400000000000000286e-03,-6.049999999999999822e-03,-6.700000000000000226e-03,-7.369999999999999815e-03,-8.049999999999999864e-03,-8.750000000000000833e-03,-9.450000000000000067e-03,-1.017999999999999981e-02,-1.090999999999999956e-02,-1.163999999999999931e-02,-1.239999999999999956e-02,-1.318000000000000074e-02,-1.396000000000000019e-02,-1.473999999999999963e-02,-1.553999999999999999e-02,-1.634999999999999995e-02,-1.717000000000000123e-02,-1.801000000000000170e-02,-1.884999999999999870e-02,-1.969999999999999876e-02,-2.057000000000000148e-02,-2.144000000000000072e-02,-2.232999999999999916e-02,-2.319999999999999840e-02,-2.409000000000000030e-02,-2.497999999999999873e-02,-2.588999999999999982e-02,-2.681000000000000050e-02,-2.774000000000000077e-02,-2.866000000000000145e-02,-2.957999999999999866e-02,-3.049999999999999933e-02,-3.144999999999999879e-02,-3.205000000000000210e-02,-3.212000000000000272e-02,-3.219000000000000333e-02,-3.227000000000000007e-02,-3.234999999999999681e-02,-3.241000000000000131e-02,-3.293000000000000094e-02,-3.377999999999999753e-02,-3.461000000000000187e-02,-3.542000000000000010e-02,-3.622000000000000219e-02,-3.697999999999999898e-02,-3.769999999999999740e-02,-3.837999999999999745e-02,-3.899999999999999994e-02,-3.953000000000000264e-02,-3.996999999999999859e-02,-4.030000000000000249e-02,-4.050000000000000128e-02,-4.050000000000000128e-02,-4.028999999999999942e-02,-3.976999999999999980e-02,-3.901000000000000301e-02,-3.778000000000000108e-02,2.710000000000000169e-03,3.059999999999999786e-03,3.579999999999999849e-03,4.179999999999999688e-03,4.810000000000000039e-03,5.449999999999999983e-03,6.100000000000000387e-03,6.769999999999999976e-03,7.450000000000000025e-03,8.149999999999999259e-03,8.850000000000000228e-03,9.570000000000000381e-03,1.030999999999999972e-02,1.105000000000000079e-02,1.179999999999999973e-02,1.257999999999999917e-02,1.336999999999999994e-02,1.417000000000000030e-02,1.498000000000000026e-02,1.578999999999999848e-02,1.661999999999999936e-02,1.745999999999999983e-02,1.830999999999999989e-02,1.915999999999999995e-02,2.001999999999999960e-02,2.089999999999999844e-02,2.179999999999999993e-02,2.271000000000000102e-02,2.360999999999999904e-02,2.452000000000000013e-02,2.543000000000000121e-02,2.634999999999999842e-02,2.727999999999999869e-02,2.820999999999999897e-02,2.912999999999999964e-02,3.005000000000000032e-02,3.098000000000000059e-02,3.193000000000000005e-02,3.252000000000000030e-02,3.259000000000000091e-02,3.266000000000000153e-02,3.273000000000000215e-02,3.280000000000000276e-02,3.286000000000000032e-02,3.337999999999999995e-02,3.422000000000000042e-02,3.502999999999999864e-02,3.583000000000000074e-02,3.660000000000000059e-02,3.733000000000000207e-02,3.801999999999999824e-02,3.865999999999999992e-02,3.925000000000000017e-02,3.975999999999999673e-02,4.018999999999999656e-02,4.050000000000000128e-02,4.068000000000000088e-02,4.066000000000000170e-02,4.043000000000000066e-02,3.987999999999999878e-02,3.910000000000000281e-02,3.783000000000000251e-02,-9.700000000000000505e-04,-1.330000000000000019e-03,-1.740000000000000010e-03,-2.170000000000000054e-03,-2.599999999999999881e-03,-3.050000000000000194e-03,-3.520000000000000125e-03,-4.000000000000000083e-03,-4.499999999999999660e-03,-5.020000000000000157e-03,-5.559999999999999838e-03,-6.119999999999999572e-03,-6.700000000000000226e-03,-7.300000000000000065e-03,-7.939999999999999142e-03,-8.590000000000000413e-03,-9.270000000000000462e-03,-9.979999999999999288e-03,-1.072000000000000036e-02,-1.149000000000000021e-02,-1.230000000000000017e-02,-1.315999999999999982e-02,-1.405999999999999958e-02,-1.499999999999999944e-02,-1.599000000000000074e-02,-1.702000000000000041e-02,1.000000000000000021e-03,1.340000000000000045e-03,1.750000000000000036e-03,2.170000000000000054e-03,2.609999999999999907e-03,3.059999999999999786e-03,3.520000000000000125e-03,4.000000000000000083e-03,4.499999999999999660e-03,5.020000000000000157e-03,5.550000000000000246e-03,6.109999999999999980e-03,6.689999999999999766e-03,7.289999999999999605e-03,7.919999999999999957e-03,8.580000000000000820e-03,9.249999999999999542e-03,9.960000000000000103e-03,1.071000000000000077e-02,1.149000000000000021e-02,1.230000000000000017e-02,1.315000000000000023e-02,1.404999999999999999e-02,1.498999999999999985e-02,1.598000000000000115e-02,1.702000000000000041e-02,-0.000000000000000000e+00,-0.000000000000000000e+00,-0.000000000000000000e+00,-0.000000000000000000e+00,-0.000000000000000000e+00,-0.000000000000000000e+00,-0.000000000000000000e+00,-0.000000000000000000e+00,-0.000000000000000000e+00,-0.000000000000000000e+00,-0.000000000000000000e+00,-0.000000000000000000e+00,-0.000000000000000000e+00,-0.000000000000000000e+00,-0.000000000000000000e+00,-0.000000000000000000e+00,-0.000000000000000000e+00,-0.000000000000000000e+00,-0.000000000000000000e+00,-0.000000000000000000e+00,-0.000000000000000000e+00,-0.000000000000000000e+00,-0.000000000000000000e+00,-0.000000000000000000e+00,-0.000000000000000000e+00,-0.000000000000000000e+00,-0.000000000000000000e+00
cmzo*c/cref,-3.234892503987240892e-03,-3.623919723551302825e-03,-4.218020095693780433e-03,-4.905141148325358087e-03,-5.592311483253588171e-03,-6.279244019138756350e-03,-6.977184210526315988e-03,-7.662684210526314599e-03,-8.358426315789473093e-03,-9.052590909090911173e-03,-9.756087187666134461e-03,-1.044614354066985586e-02,-1.115567804359383387e-02,-1.185129925571504379e-02,-1.253289505582137059e-02,-1.323259968102073227e-02,-1.393884848484848622e-02,-1.463024327485380055e-02,-1.530671812865496903e-02,-1.598876810207336407e-02,-1.666578708133971409e-02,-1.733740978203083399e-02,-1.801335114300904247e-02,-1.867322488038277231e-02,-1.932684157363104629e-02,-1.998373859649123230e-02,-2.062388942052099938e-02,-2.126644619883040835e-02,-2.187324614566719602e-02,-2.248195087719298199e-02,-2.307376438064858912e-02,-2.366670829346092728e-02,-2.425143375863902245e-02,-2.482752121212121466e-02,-2.537697490696437866e-02,-2.590884051036682414e-02,-2.642311802232854764e-02,-2.694551063264221183e-02,-2.728799362041467447e-02,-2.731087953216374334e-02,-2.733343429027113372e-02,-2.736430808080808283e-02,-2.739499813928760949e-02,-2.740859080276448687e-02,-2.768763503455608579e-02,-2.811156874003189685e-02,-2.850421456671983420e-02,-2.886645263157894617e-02,-2.920668346624136213e-02,-2.950103583200425553e-02,-2.975093195108984706e-02,-2.995721212121212063e-02,-3.010547049441786652e-02,-3.017414635832004269e-02,-3.016598160552897562e-02,-3.006817065390749583e-02,-2.986880382775119677e-02,-2.952021531100478685e-02,-2.902036650717703184e-02,-2.830351190855927637e-02,-2.742687123870281990e-02,-2.623711536416799966e-02,3.271103987240829482e-03,3.671918660287081231e-03,4.265681339712918720e-03,4.940599999999998986e-03,5.639207177033493147e-03,6.337385167464114691e-03,7.034846889952154486e-03,7.742742105263157072e-03,8.449155502392344599e-03,9.165045454545455231e-03,9.867585326953746960e-03,1.057879298245613907e-02,1.129813758639021740e-02,1.200337825624667870e-02,1.270516852737905295e-02,1.342468580542264568e-02,1.413978787878787842e-02,1.485032573099415165e-02,1.555594556087187656e-02,1.624598766613503248e-02,1.694100191387559740e-02,1.763023732057416096e-02,1.831340696438065255e-02,1.898031770334928162e-02,1.964078011695906401e-02,2.030433333333333396e-02,2.097018607123870074e-02,2.162834720893141993e-02,2.225979920255183320e-02,2.288324763423710620e-02,2.348942466772993218e-02,2.408720600744284832e-02,2.467658011695906053e-02,2.524817496012759024e-02,2.579313604465709522e-02,2.632050903774587822e-02,2.683895725677831051e-02,2.735676166932482847e-02,2.768816076555023764e-02,2.771050946305156706e-02,2.773252450824029852e-02,2.775437878787879314e-02,2.777607230196704052e-02,2.778914821903242724e-02,2.806599627857522469e-02,2.847773482190324446e-02,2.885011951089845941e-02,2.920059282296650835e-02,2.951310366826156301e-02,2.978025061137693288e-02,3.000345975544923063e-02,3.017576395534290329e-02,3.029845427963849189e-02,3.034971057947899800e-02,3.033201903242955730e-02,3.021739234449760669e-02,3.000155406698564592e-02,2.963683838383838684e-02,2.912120669856459176e-02,2.838179670388091269e-02,2.749014779372674355e-02,2.627183891547049677e-02,-8.531719829877724591e-04,-1.153981818181818190e-03,-1.487020095693780079e-03,-1.826191706539075088e-03,-2.154143540669856399e-03,-2.487168793195109091e-03,-2.824514619883040922e-03,-3.157490696438064546e-03,-3.493468899521530620e-03,-3.831639766081871949e-03,-4.171271026049973643e-03,-4.511555980861244215e-03,-4.851711855396066350e-03,-5.190955874534822732e-03,-5.542423923444975316e-03,-5.884081499202551899e-03,-6.228937320574162197e-03,-6.575817224880381971e-03,-6.923490058479532007e-03,-7.270891547049441149e-03,-7.622992025518341222e-03,-7.984293035619351164e-03,-8.346826262626262649e-03,-8.709170653907496312e-03,-9.075366347687401081e-03,-9.437911217437535208e-03,8.789845826687931775e-04,1.162658373205741709e-03,1.495566188197767305e-03,1.826191706539075088e-03,2.162428708133971259e-03,2.495323444976076197e-03,2.824514619883040922e-03,3.157490696438064546e-03,3.493468899521530620e-03,3.831639766081871949e-03,4.163768740031898591e-03,4.504184157363104804e-03,4.844470494417863447e-03,5.183844976076555471e-03,5.528463157894736302e-03,5.877231578947368466e-03,6.215498405103667481e-03,6.562639234449760273e-03,6.917031578947368045e-03,7.270891547049441149e-03,7.622992025518341222e-03,7.978225943646995860e-03,8.340889686337055534e-03,8.703364540138225705e-03,9.069690696438066982e-03,9.437911217437535208e-03,-0.000000000000000000e+00,-0.000000000000000000e+00,-0.000000000000000000e+00,-0.000000000000000000e+00,-0.000000000000000000e+00,-0.000000000000000000e+00,-0.000000000000000000e+00,-0.000000000000000000e+00,-0.000000000000000000e+00,-0.000000000000000000e+00,-0.000000000000000000e+00,-0.000000000000000000e+00,-0.000000000000000000e+00,-0.000000000000000000e+00,-0.000000000000000000e+00,-0.000000000000000000e+00,-0.000000000000000000e+00,-0.000000000000000000e+00,-0.000000000000000000e+00,-0.000000000000000000e+00,-0.000000000000000000e+00,-0.000000000000000000e+00,-0.000000000000000000e+00,-0.000000000000000000e+00,-0.000000000000000000e+00,-0.000000000000000000e+00,-0.000000000000000000e+00
cs,-5.485200000000000076e-01,-2.529999999999999957e-02,-2.338000000000000148e-02,-2.360999999999999904e-02,-2.341000000000000025e-02,-2.391000000000000070e-02,-2.367999999999999966e-02,-2.403999999999999887e-02,-2.389000000000000151e-02,-2.410999999999999949e-02,-2.400000000000000050e-02,-2.407000000000000112e-02,-2.418999999999999970e-02,-2.375999999999999987e-02,-2.369999999999999885e-02,-2.382000000000000089e-02,-2.423000000000000154e-02,-2.414000000000000173e-02,-2.407000000000000112e-02,-2.417000000000000051e-02,-2.435000000000000012e-02,-2.444999999999999951e-02,-2.436999999999999930e-02,-2.446999999999999870e-02,-2.457000000000000156e-02,-2.469000000000000014e-02,-2.452999999999999972e-02,-2.435000000000000012e-02,-2.400000000000000050e-02,-2.353999999999999843e-02,-2.335999999999999882e-02,-2.316999999999999962e-02,-2.295000000000000165e-02,-2.278000000000000164e-02,-2.264000000000000040e-02,-2.275999999999999898e-02,-2.299000000000000002e-02,-2.427999999999999950e-02,-3.341000000000000220e-02,-2.196999999999999995e-02,-2.183999999999999830e-02,-2.059000000000000066e-02,-1.973000000000000101e-02,-2.002999999999999919e-02,-2.197999999999999954e-02,-2.205999999999999975e-02,-2.134000000000000133e-02,-2.100000000000000130e-02,-2.086000000000000007e-02,-2.006000000000000144e-02,-1.924000000000000016e-02,-1.866999999999999910e-02,-1.795000000000000068e-02,-1.682000000000000162e-02,-1.582000000000000073e-02,-1.460000000000000013e-02,-1.319000000000000034e-02,-1.082999999999999935e-02,-7.459999999999999618e-03,-2.449999999999999921e-03,1.020000000000000073e-02,2.623400000000000176e-01,5.380300000000000082e-01,2.504999999999999935e-02,2.341000000000000025e-02,2.383000000000000049e-02,2.369999999999999885e-02,2.424000000000000113e-02,2.402999999999999928e-02,2.434000000000000052e-02,2.418000000000000010e-02,2.443999999999999992e-02,2.434000000000000052e-02,2.445999999999999910e-02,2.462999999999999912e-02,2.421999999999999847e-02,2.416000000000000092e-02,2.428999999999999909e-02,2.468000000000000055e-02,2.458000000000000115e-02,2.452000000000000013e-02,2.460000000000000034e-02,2.477000000000000035e-02,2.487999999999999934e-02,2.480999999999999872e-02,2.497999999999999873e-02,2.508000000000000160e-02,2.517000000000000140e-02,2.496999999999999914e-02,2.476000000000000076e-02,2.445999999999999910e-02,2.403999999999999887e-02,2.385999999999999927e-02,2.368999999999999925e-02,2.353999999999999843e-02,2.336999999999999841e-02,2.319999999999999840e-02,2.330000000000000127e-02,2.349000000000000046e-02,2.492000000000000118e-02,3.515000000000000069e-02,2.230999999999999997e-02,2.224999999999999895e-02,2.099000000000000171e-02,2.012999999999999859e-02,2.003999999999999879e-02,2.246000000000000080e-02,2.263000000000000081e-02,2.195000000000000076e-02,2.168000000000000135e-02,2.145999999999999991e-02,2.058000000000000107e-02,1.976999999999999938e-02,1.918999999999999873e-02,1.844000000000000153e-02,1.723999999999999838e-02,1.620999999999999872e-02,1.511999999999999976e-02,1.370999999999999996e-02,1.129999999999999928e-02,7.929999999999999549e-03,2.619999999999999933e-03,-1.074999999999999914e-02,-2.704599999999999782e-01,-5.918400000000000327e-01,-4.666000000000000009e-02,-4.570000000000000277e-03,-2.129999999999999949e-03,-1.479999999999999979e-03,-1.059999999999999961e-03,-4.800000000000000122e-04,2.400000000000000061e-04,1.399999999999999877e-04,-1.800000000000000113e-04,-3.600000000000000227e-04,-5.000000000000000104e-04,-3.099999999999999999e-04,-1.600000000000000131e-04,-3.299999999999999982e-04,6.999999999999999387e-05,6.899999999999999667e-04,4.099999999999999912e-04,1.200000000000000030e-04,2.289999999999999935e-03,2.160000000000000028e-03,-1.600000000000000131e-04,-2.599999999999999772e-04,-1.499999999999999869e-04,-5.000000000000000240e-05,1.499999999999999869e-04,9.205690000000000595e+00,1.147270000000000012e+00,6.400000000000000307e-03,-6.099999999999999737e-04,-6.499999999999999702e-04,-5.999999999999999474e-04,-5.299999999999999807e-04,-9.399999999999999719e-04,-7.500000000000000156e-04,-3.299999999999999982e-04,-4.000000000000000327e-05,2.400000000000000061e-04,1.299999999999999886e-04,1.299999999999999886e-04,8.499999999999999526e-04,3.200000000000000262e-04,-7.799999999999999859e-04,-4.200000000000000174e-04,3.600000000000000227e-04,2.200000000000000078e-04,-1.299999999999999886e-04,1.499999999999999869e-04,2.400000000000000061e-04,1.600000000000000131e-04,1.700000000000000122e-04,3.200000000000000262e-04,9.776999999999999580e-02,3.699999999999999817e-02,4.161000000000000115e-02,4.299000000000000044e-02,4.463999999999999913e-02,4.569999999999999757e-02,4.775999999999999690e-02,4.929999999999999660e-02,5.181000000000000189e-02,5.360000000000000181e-02,5.603999999999999954e-02,5.786000000000000171e-02,5.988999999999999879e-02,6.156999999999999973e-02,6.289999999999999758e-02,6.419999999999999318e-02,6.532999999999999918e-02,6.615999999999999659e-02,6.671000000000000540e-02,6.718999999999999972e-02,6.701000000000000012e-02,6.596000000000000474e-02,6.353999999999999926e-02,5.933999999999999692e-02,5.310999999999999749e-02,4.365000000000000130e-02,2.312000000000000166e-02
cs*c/cref,-6.620907598086124279e-01,-3.035932748538011650e-02,-2.785799712918660825e-02,-2.790611626794257949e-02,-2.744570478468899566e-02,-2.780309712918660123e-02,-2.730904497607655745e-02,-2.749416842105262618e-02,-2.709400334928229945e-02,-2.711279090909091485e-02,-2.675955342902711087e-02,-2.660726719829877365e-02,-2.650843338649654449e-02,-2.580997894736842060e-02,-2.551800797448165736e-02,-2.541939712918660221e-02,-2.562506060606060954e-02,-2.529900233918128821e-02,-2.499543455608718712e-02,-2.486798745348218695e-02,-2.482030063795853322e-02,-2.468839074960127444e-02,-2.437453455608718997e-02,-2.424052057416267725e-02,-2.410459377990430835e-02,-2.398631531100478553e-02,-2.359626900584795017e-02,-2.319023577884104029e-02,-2.262749601275917261e-02,-2.196866432748537795e-02,-2.157738734715576590e-02,-2.118028702817650183e-02,-2.075980622009569385e-02,-2.038828165869218528e-02,-2.004657054758107390e-02,-1.993526741095161953e-02,-1.991696666666666754e-02,-2.080244827219564219e-02,-2.844592408293461147e-02,-1.868057357788410408e-02,-1.854495821371610759e-02,-1.745990404040404301e-02,-1.670798495481127036e-02,-1.693903343965975569e-02,-1.848084476342370941e-02,-1.835823583200425421e-02,-1.757526549707602581e-02,-1.711449760765550165e-02,-1.682085635300372209e-02,-1.600299564061669413e-02,-1.518323423710792389e-02,-1.457272408293460927e-02,-1.385623577884104347e-02,-1.283908782562466835e-02,-1.193960042530568984e-02,-1.089318341307814880e-02,-9.727642530568845688e-03,-7.893924242424242219e-03,-5.373341626794257350e-03,-1.743615895800106194e-03,7.171342902711324782e-03,1.821875289739500470e-01,6.494288111642743111e-01,3.005933413078149680e-02,2.789374306220095828e-02,2.816614784688994955e-02,2.778569856459330023e-02,2.818682870813397218e-02,2.771268373205742000e-02,2.783727368421052423e-02,2.742289665071770410e-02,2.748389090909091406e-02,2.713864710260499580e-02,2.703837788410419496e-02,2.699060414673046249e-02,2.630966709197235173e-02,2.601329420520999414e-02,2.592095534290270870e-02,2.610096969696969887e-02,2.576012748538011876e-02,2.546273599149388375e-02,2.531040510366825910e-02,2.524841259968102145e-02,2.512258330675172513e-02,2.481461642743221924e-02,2.474573779904306117e-02,2.460493333333333560e-02,2.445263492822966761e-02,2.401952046783625491e-02,2.358070792131844798e-02,2.306118968633705246e-02,2.243528846358319728e-02,2.203923211057947848e-02,2.165563227006911048e-02,2.129350058479531974e-02,2.091633636363636126e-02,2.054242211589579759e-02,2.040824827219564139e-02,2.035013253588516952e-02,2.135078298777246322e-02,2.992739393939393769e-02,1.896966757044125235e-02,1.889310074428495259e-02,1.779909595959596261e-02,1.704671754385964771e-02,1.694749027113237605e-02,1.888443009037745965e-02,1.883258734715577074e-02,1.807765124933546214e-02,1.766868133971291957e-02,1.730467772461456721e-02,1.641782902711324058e-02,1.560148341307815087e-02,1.497860606060606031e-02,1.423448399787347399e-02,1.315968335991493827e-02,1.223393950026581585e-02,1.128115980861243983e-02,1.011114322169059075e-02,8.236504518872939801e-03,5.711876555023922934e-03,1.864601488569909591e-03,-7.558032961190855326e-03,-1.878266337054758095e-01,-5.205580478468899708e-01,-4.048480574162680035e-02,-3.905564274322169405e-03,-1.792529186602870913e-03,-1.226204784688995257e-03,-8.643930887825624406e-04,-3.851610845295055951e-04,1.894494417862838879e-04,1.086856990962254018e-04,-1.373894736842105576e-04,-2.700822966507177643e-04,-3.685911749069644360e-04,-2.244821903242955996e-04,-1.137743753322700911e-04,-2.303526315789473640e-04,4.794944178628388407e-05,4.636425837320573779e-04,2.701488038277511630e-04,7.750175438596491255e-05,1.449115895800106137e-03,1.338671770334928053e-03,-9.707347155768208675e-05,-1.543509835194045742e-04,-8.709170653907496421e-05,-2.837825624667730421e-05,8.317783094098883396e-05,8.091659582828283348e+00,9.954351282296651782e-01,5.469499202551834742e-03,-5.133534290271132361e-04,-5.385358851674640996e-04,-4.892791068580542137e-04,-4.252820308346623771e-04,-7.420103136629452052e-04,-5.822448165869218784e-04,-2.518807017543859997e-04,-3.000914407230197080e-05,1.769237639553429152e-04,9.413769271664008183e-05,9.244167995746943036e-05,5.933325358851674215e-04,2.191974481658692114e-04,-5.241177033492822957e-04,-2.767377990430621749e-04,2.325052631578947376e-04,1.392163742690058460e-04,-8.056820839978732747e-05,9.100637958532693176e-05,1.424778309409888523e-04,9.289782030834664204e-05,9.648607123870284110e-05,1.774460393407762098e-04,9.811617129186601949e-02,3.644549175970228372e-02,4.022034545454545446e-02,4.076279346092503975e-02,4.150546985645933024e-02,4.164968261562998486e-02,4.264757256778309302e-02,4.311509090909090153e-02,4.435635614035087632e-02,4.490203934077618975e-02,4.591436746411483444e-02,4.633998479532164261e-02,4.686320861244018532e-02,4.704425895800105895e-02,4.690246677299308997e-02,4.668988516746410550e-02,4.630858527379053818e-02,4.567888995215310666e-02,4.483046767676768241e-02,4.391604125465178865e-02,4.256470925039872177e-02,4.068304795321637385e-02,3.802063349282296806e-02,3.441499170653907619e-02,2.982404614566720041e-02,2.370814593301435319e-02,1.213166996278575334e-02
csi,-5.485499999999999821e-01,-2.530999999999999917e-02,-2.339000000000000107e-02,-2.361999999999999864e-02,-2.341999999999999985e-02,-2.392000000000000029e-02,-2.368999999999999925e-02,-2.404999999999999846e-02,-2.390000000000000110e-02,-2.411999999999999908e-02,-2.401000000000000009e-02,-2.408000000000000071e-02,-2.419999999999999929e-02,-2.376999999999999946e-02,-2.370999999999999844e-02,-2.383000000000000049e-02,-2.424000000000000113e-02,-2.415000000000000133e-02,-2.408000000000000071e-02,-2.417000000000000051e-02,-2.435999999999999971e-02,-2.445999999999999910e-02,-2.437999999999999889e-02,-2.447999999999999829e-02,-2.458000000000000115e-02,-2.469000000000000014e-02,-2.453999999999999931e-02,-2.435999999999999971e-02,-2.401000000000000009e-02,-2.355000000000000149e-02,-2.336999999999999841e-02,-2.317999999999999922e-02,-2.296000000000000124e-02,-2.278000000000000164e-02,-2.264000000000000040e-02,-2.275999999999999898e-02,-2.299999999999999961e-02,-2.428999999999999909e-02,-3.341000000000000220e-02,-2.196999999999999995e-02,-2.183999999999999830e-02,-2.059000000000000066e-02,-1.974000000000000060e-02,-2.002999999999999919e-02,-2.198999999999999913e-02,-2.206999999999999934e-02,-2.134000000000000133e-02,-2.101000000000000090e-02,-2.086999999999999966e-02,-2.007000000000000103e-02,-1.924000000000000016e-02,-1.866999999999999910e-02,-1.796000000000000027e-02,-1.683000000000000121e-02,-1.583000000000000032e-02,-1.460000000000000013e-02,-1.319000000000000034e-02,-1.082999999999999935e-02,-7.459999999999999618e-03,-2.449999999999999921e-03,1.020000000000000073e-02,2.623400000000000176e-01,5.380599999999999827e-01,2.505999999999999894e-02,2.341999999999999985e-02,2.384000000000000008e-02,2.370999999999999844e-02,2.425000000000000072e-02,2.404999999999999846e-02,2.435000000000000012e-02,2.418999999999999970e-02,2.444999999999999951e-02,2.435000000000000012e-02,2.446999999999999870e-02,2.463999999999999871e-02,2.423000000000000154e-02,2.417000000000000051e-02,2.429999999999999868e-02,2.469000000000000014e-02,2.459000000000000075e-02,2.452000000000000013e-02,2.460999999999999993e-02,2.477999999999999994e-02,2.488999999999999893e-02,2.481999999999999831e-02,2.497999999999999873e-02,2.509000000000000119e-02,2.518000000000000099e-02,2.497999999999999873e-02,2.476000000000000076e-02,2.445999999999999910e-02,2.404999999999999846e-02,2.386999999999999886e-02,2.368999999999999925e-02,2.353999999999999843e-02,2.336999999999999841e-02,2.321000000000000146e-02,2.330000000000000127e-02,2.350000000000000006e-02,2.493000000000000077e-02,3.515999999999999681e-02,2.230999999999999997e-02,2.225999999999999854e-02,2.099000000000000171e-02,2.012999999999999859e-02,2.003999999999999879e-02,2.247000000000000039e-02,2.264000000000000040e-02,2.195000000000000076e-02,2.168000000000000135e-02,2.145999999999999991e-02,2.058000000000000107e-02,1.976999999999999938e-02,1.918999999999999873e-02,1.845000000000000112e-02,1.723999999999999838e-02,1.620999999999999872e-02,1.511999999999999976e-02,1.370999999999999996e-02,1.129999999999999928e-02,7.929999999999999549e-03,2.619999999999999933e-03,-1.074999999999999914e-02,-2.704599999999999782e-01,-5.918400000000000327e-01,-4.666000000000000009e-02,-4.570000000000000277e-03,-2.129999999999999949e-03,-1.479999999999999979e-03,-1.059999999999999961e-03,-4.800000000000000122e-04,2.400000000000000061e-04,1.399999999999999877e-04,-1.800000000000000113e-04,-3.600000000000000227e-04,-5.000000000000000104e-04,-3.099999999999999999e-04,-1.600000000000000131e-04,-3.299999999999999982e-04,6.999999999999999387e-05,6.899999999999999667e-04,4.099999999999999912e-04,1.200000000000000030e-04,2.289999999999999935e-03,2.160000000000000028e-03,-1.600000000000000131e-04,-2.599999999999999772e-04,-1.499999999999999869e-04,-5.000000000000000240e-05,1.499999999999999869e-04,9.205690000000000595e+00,1.147270000000000012e+00,6.400000000000000307e-03,-6.099999999999999737e-04,-6.499999999999999702e-04,-5.999999999999999474e-04,-5.299999999999999807e-04,-9.399999999999999719e-04,-7.500000000000000156e-04,-3.299999999999999982e-04,-4.000000000000000327e-05,2.400000000000000061e-04,1.299999999999999886e-04,1.299999999999999886e-04,8.499999999999999526e-04,3.200000000000000262e-04,-7.799999999999999859e-04,-4.200000000000000174e-04,3.600000000000000227e-04,2.200000000000000078e-04,-1.299999999999999886e-04,1.499999999999999869e-04,2.400000000000000061e-04,1.600000000000000131e-04,1.700000000000000122e-04,3.200000000000000262e-04,9.776999999999999580e-02,3.699999999999999817e-02,4.161000000000000115e-02,4.299000000000000044e-02,4.463999999999999913e-02,4.569999999999999757e-02,4.775999999999999690e-02,4.929999999999999660e-02,5.181000000000000189e-02,5.360000000000000181e-02,5.603999999999999954e-02,5.786000000000000171e-02,5.988999999999999879e-02,6.156999999999999973e-02,6.289999999999999758e-02,6.419999999999999318e-02,6.532999999999999918e-02,6.615999999999999659e-02,6.671000000000000540e-02,6.718999999999999972e-02,6.701000000000000012e-02,6.596000000000000474e-02,6.353999999999999926e-02,5.933999999999999692e-02,5.310999999999999749e-02,4.365000000000000130e-02,2.312000000000000166e-02
csi*c/cref,-6.621269712918659289e-01,-3.037132721956406142e-02,-2.786991244019139044e-02,-2.791793588516745805e-02,-2.745742870813397060e-02,-2.781472535885167255e-02,-2.732057751196172515e-02,-2.750560526315789026e-02,-2.710534449760765643e-02,-2.712403636363636822e-02,-2.677070324295587403e-02,-2.661832131844763319e-02,-2.651939181286549693e-02,-2.582084173312067937e-02,-2.552877506645400904e-02,-2.543006858054226368e-02,-2.563563636363636739e-02,-2.530948245614035239e-02,-2.500581903242955761e-02,-2.486798745348218695e-02,-2.483049377990430642e-02,-2.469848825093035397e-02,-2.438453641679957581e-02,-2.425042679425836942e-02,-2.411440435938330684e-02,-2.398631531100478553e-02,-2.360588835725677473e-02,-2.319975948963317117e-02,-2.263692413609781975e-02,-2.197799681020733489e-02,-2.158662424242423911e-02,-2.118942828282828136e-02,-2.076885188729399312e-02,-2.038828165869218528e-02,-2.004657054758107390e-02,-1.993526741095161953e-02,-1.992562998405103536e-02,-2.081101600212652974e-02,-2.844592408293461147e-02,-1.868057357788410408e-02,-1.854495821371610759e-02,-1.745990404040404301e-02,-1.671645326953747832e-02,-1.693903343965975569e-02,-1.848925279106857986e-02,-1.836655778841041892e-02,-1.757526549707602581e-02,-1.712264736842105187e-02,-1.682892004253057003e-02,-1.601097320574162985e-02,-1.518323423710792389e-02,-1.457272408293460927e-02,-1.386395513024986891e-02,-1.284672105263157983e-02,-1.194714758107389731e-02,-1.089318341307814880e-02,-9.727642530568845688e-03,-7.893924242424242219e-03,-5.373341626794257350e-03,-1.743615895800106194e-03,7.171342902711324782e-03,1.821875289739500470e-01,6.494650226475278121e-01,3.007133386496544172e-02,2.790565837320574394e-02,2.817796746411482811e-02,2.779742248803827517e-02,2.819845693779904350e-02,2.773574880382775193e-02,2.784871052631578484e-02,2.743423779904306109e-02,2.749513636363636743e-02,2.714979691653375549e-02,2.704943200425305103e-02,2.700156257309941493e-02,2.632052987772461397e-02,2.602406129718234928e-02,2.593162679425837017e-02,2.611154545454545672e-02,2.577060760233918293e-02,2.546273599149388375e-02,2.532069388623072598e-02,2.525860574162679464e-02,2.513268080808080465e-02,2.482461828814460508e-02,2.474573779904306117e-02,2.461474391281233409e-02,2.446234992025518584e-02,2.402913981924507947e-02,2.358070792131844798e-02,2.306118968633705246e-02,2.244462094630515422e-02,2.204846900584795169e-02,2.165563227006911048e-02,2.129350058479531974e-02,2.091633636363636126e-02,2.055127660818713287e-02,2.040824827219564139e-02,2.035879585326953733e-02,2.135935071770335078e-02,2.993590813397128958e-02,1.896966757044125235e-02,1.890159202551833922e-02,1.779909595959596261e-02,1.704671754385964771e-02,1.694749027113237605e-02,1.889283811802233010e-02,1.884090930356193544e-02,1.807765124933546214e-02,1.766868133971291957e-02,1.730467772461456721e-02,1.641782902711324058e-02,1.560148341307815087e-02,1.497860606060606031e-02,1.424220334928229942e-02,1.315968335991493827e-02,1.223393950026581585e-02,1.128115980861243983e-02,1.011114322169059075e-02,8.236504518872939801e-03,5.711876555023922934e-03,1.864601488569909591e-03,-7.558032961190855326e-03,-1.878266337054758095e-01,-5.205580478468899708e-01,-4.048480574162680035e-02,-3.905564274322169405e-03,-1.792529186602870913e-03,-1.226204784688995257e-03,-8.643930887825624406e-04,-3.851610845295055951e-04,1.894494417862838879e-04,1.086856990962254018e-04,-1.373894736842105576e-04,-2.700822966507177643e-04,-3.685911749069644360e-04,-2.244821903242955996e-04,-1.137743753322700911e-04,-2.303526315789473640e-04,4.794944178628388407e-05,4.636425837320573779e-04,2.701488038277511630e-04,7.750175438596491255e-05,1.449115895800106137e-03,1.338671770334928053e-03,-9.707347155768208675e-05,-1.543509835194045742e-04,-8.709170653907496421e-05,-2.837825624667730421e-05,8.317783094098883396e-05,8.091659582828283348e+00,9.954351282296651782e-01,5.469499202551834742e-03,-5.133534290271132361e-04,-5.385358851674640996e-04,-4.892791068580542137e-04,-4.252820308346623771e-04,-7.420103136629452052e-04,-5.822448165869218784e-04,-2.518807017543859997e-04,-3.000914407230197080e-05,1.769237639553429152e-04,9.413769271664008183e-05,9.244167995746943036e-05,5.933325358851674215e-04,2.191974481658692114e-04,-5.241177033492822957e-04,-2.767377990430621749e-04,2.325052631578947376e-04,1.392163742690058460e-04,-8.056820839978732747e-05,9.100637958532693176e-05,1.424778309409888523e-04,9.289782030834664204e-05,9.648607123870284110e-05,1.774460393407762098e-04,9.811617129186601949e-02,3.644549175970228372e-02,4.022034545454545446e-02,4.076279346092503975e-02,4.150546985645933024e-02,4.164968261562998486e-02,4.264757256778309302e-02,4.311509090909090153e-02,4.435635614035087632e-02,4.490203934077618975e-02,4.591436746411483444e-02,4.633998479532164261e-02,4.686320861244018532e-02,4.704425895800105895e-02,4.690246677299308997e-02,4.668988516746410550e-02,4.630858527379053818e-02,4.567888995215310666e-02,4.483046767676768241e-02,4.391604125465178865e-02,4.256470925039872177e-02,4.068304795321637385e-02,3.802063349282296806e-02,3.441499170653907619e-02,2.982404614566720041e-02,2.370814593301435319e-02,1.213166996278575334e-02
cso,3.000000000000000076e-05,1.000000000000000082e-05,1.000000000000000082e-05,1.000000000000000082e-05,1.000000000000000082e-05,1.000000000000000082e-05,1.000000000000000082e-05,1.000000000000000082e-05,1.000000000000000082e-05,1.000000000000000082e-05,1.000000000000000082e-05,1.000000000000000082e-05,1.000000000000000082e-05,1.000000000000000082e-05,1.000000000000000082e-05,1.000000000000000082e-05,1.000000000000000082e-05,1.000000000000000082e-05,1.000000000000000082e-05,1.000000000000000082e-05,1.000000000000000082e-05,1.000000000000000082e-05,1.000000000000000082e-05,1.000000000000000082e-05,1.000000000000000082e-05,1.000000000000000082e-05,1.000000000000000082e-05,1.000000000000000082e-05,1.000000000000000082e-05,1.000000000000000082e-05,1.000000000000000082e-05,1.000000000000000082e-05,1.000000000000000082e-05,1.000000000000000082e-05,1.000000000000000082e-05,1.000000000000000082e-05,0.000000000000000000e+00,0.000000000000000000e+00,0.000000000000000000e+00,0.000000000000000000e+00,0.000000000000000000e+00,0.000000000000000000e+00,0.000000000000000000e+00,0.000000000000000000e+00,0.000000000000000000e+00,0.000000000000000000e+00,0.000000000000000000e+00,0.000000000000000000e+00,0.000000000000000000e+00,0.000000000000000000e+00,0.000000000000000000e+00,0.000000000000000000e+00,0.000000000000000000e+00,0.000000000000000000e+00,0.000000000000000000e+00,0.000000000000000000e+00,0.000000000000000000e+00,0.000000000000000000e+00,0.000000000000000000e+00,0.000000000000000000e+00,0.000000000000000000e+00,0.000000000000000000e+00,-3.000000000000000076e-05,-1.000000000000000082e-05,-1.000000000000000082e-05,-1.000000000000000082e-05,-1.000000000000000082e-05,-1.000000000000000082e-05,-1.000000000000000082e-05,-1.000000000000000082e-05,-1.000000000000000082e-05,-1.000000000000000082e-05,-1.000000000000000082e-05,-1.000000000000000082e-05,-1.000000000000000082e-05,-1.000000000000000082e-05,-1.000000000000000082e-05,-1.000000000000000082e-05,-1.000000000000000082e-05,-1.000000000000000082e-05,-1.000000000000000082e-05,-1.000000000000000082e-05,-1.000000000000000082e-05,-1.000000000000000082e-05,-1.000000000000000082e-05,-1.000000000000000082e-05,-1.000000000000000082e-05,-1.000000000000000082e-05,-1.000000000000000082e-05,-1.000000000000000082e-05,-1.000000000000000082e-05,-1.000000000000000082e-05,-1.000000000000000082e-05,-1.000000000000000082e-05,-1.000000000000000082e-05,-1.000000000000000082e-05,-1.000000000000000082e-05,-1.000000000000000082e-05,-0.000000000000000000e+00,-0.000000000000000000e+00,-0.000000000000000000e+00,-0.000000000000000000e+00,-0.000000000000000000e+00,-0.000000000000000000e+00,-0.000000000000000000e+00,-0.000000000000000000e+00,-0.000000000000000000e+00,-0.000000000000000000e+00,-0.000000000000000000e+00,-0.000000000000000000e+00,-0.000000000000000000e+00,-0.000000000000000000e+00,-0.000000000000000000e+00,-0.000000000000000000e+00,-0.000000000000000000e+00,-0.000000000000000000e+00,-0.000000000000000000e+00,-0.000000000000000000e+00,-0.000000000000000000e+00,-0.000000000000000000e+00,-0.000000000000000000e+00,-0.000000000000000000e+00,-0.000000000000000000e+00,-0.000000000000000000e+00,0.000000000000000000e+00,0.000000000000000000e+00,0.000000000000000000e+00,0.000000000000000000e+00,0.000000000000000000e+00,0.000000000000000000e+00,0.000000000000000000e+00,0.000000000000000000e+00,0.000000000000000000e+00,0.000000000000000000e+00,0.000000000000000000e+00,0.000000000000000000e+00,0.000000000000000000e+00,0.000000000000000000e+00,0.000000000000000000e+00,0.000000000000000000e+00,0.000000000000000000e+00,0.000000000000000000e+00,0.000000000000000000e+00,0.000000000000000000e+00,0.000000000000000000e+00,0.000000000000000000e+00,0.000000000000000000e+00,0.000000000000000000e+00,0.000000000000000000e+00,0.000000000000000000e+00,0.000000000000000000e+00,0.000000000000000000e+00,0.000000000000000000e+00,0.000000000000000000e+00,0.000000000000000000e+00,0.000000000000000000e+00,0.000000000000000000e+00,0.000000000000000000e+00,0.000000000000000000e+00,0.000000000000000000e+00,0.000000000000000000e+00,0.000000000000000000e+00,0.000000000000000000e+00,0.000000000000000000e+00,0.000000000000000000e+00,0.000000000000000000e+00,0.000000000000000000e+00,0.000000000000000000e+00,0.000000000000000000e+00,0.000000000000000000e+00,0.000000000000000000e+00,0.000000000000000000e+00,0.000000000000000000e+00,0.000000000000000000e+00,0.000000000000000000e+00,0.000000000000000000e+00,0.000000000000000000e+00,0.000000000000000000e+00,0.000000000000000000e+00,0.000000000000000000e+00,0.000000000000000000e+00,0.000000000000000000e+00,0.000000000000000000e+00,0.000000000000000000e+00,0.000000000000000000e+00,0.000000000000000000e+00,0.000000000000000000e+00,0.000000000000000000e+00,0.000000000000000000e+00,0.000000000000000000e+00,0.000000000000000000e+00,0.000000000000000000e+00,0.000000000000000000e+00,0.000000000000000000e+00,0.000000000000000000e+00,0.000000000000000000e+00,0.000000000000000000e+00,0.000000000000000000e+00,0.000000000000000000e+00,0.000000000000000000e+00,0.000000000000000000e+00,0.000000000000000000e+00,0.000000000000000000e+00
cso*c/cref,3.621148325358851573e-05,1.199973418394471160e-05,1.191531100478469024e-05,1.181961722488038243e-05,1.172392344497607801e-05,1.162822966507177020e-05,1.153253588516746578e-05,1.143684210526315797e-05,1.134114832535885355e-05,1.124545454545454913e-05,1.114981392876129635e-05,1.105412014885699024e-05,1.095842636895268582e-05,1.086278575225943643e-05,1.076709197235513032e-05,1.067145135566188093e-05,1.057575757575757650e-05,1.048011695906432881e-05,1.038447634237107942e-05,1.028878256246677330e-05,1.019314194577352561e-05,1.009750132908027622e-05,1.000186071238703022e-05,9.906220095693780826e-06,9.810579479000533130e-06,9.714992025518342158e-06,9.619351408825092768e-06,9.523710792131845072e-06,9.428123338649655794e-06,9.332482721956406404e-06,9.236895268474217127e-06,9.141254651780969431e-06,9.045667198298776765e-06,8.950079744816587487e-06,8.854492291334396516e-06,8.758904837852207238e-06,0.000000000000000000e+00,0.000000000000000000e+00,0.000000000000000000e+00,0.000000000000000000e+00,0.000000000000000000e+00,0.000000000000000000e+00,0.000000000000000000e+00,0.000000000000000000e+00,0.000000000000000000e+00,0.000000000000000000e+00,0.000000000000000000e+00,0.000000000000000000e+00,0.000000000000000000e+00,0.000000000000000000e+00,0.000000000000000000e+00,0.000000000000000000e+00,0.000000000000000000e+00,0.000000000000000000e+00,0.000000000000000000e+00,0.000000000000000000e+00,0.000000000000000000e+00,0.000000000000000000e+00,0.000000000000000000e+00,0.000000000000000000e+00,0.000000000000000000e+00,0.000000000000000000e+00,-3.621148325358851573e-05,-1.199973418394471160e-05,-1.191531100478469024e-05,-1.181961722488038243e-05,-1.172392344497607801e-05,-1.162822966507177020e-05,-1.153253588516746578e-05,-1.143684210526315797e-05,-1.134114832535885355e-05,-1.124545454545454913e-05,-1.114981392876129635e-05,-1.105412014885699024e-05,-1.095842636895268582e-05,-1.086278575225943643e-05,-1.076709197235513032e-05,-1.067145135566188093e-05,-1.057575757575757650e-05,-1.048011695906432881e-05,-1.038447634237107942e-05,-1.028878256246677330e-05,-1.019314194577352561e-05,-1.009750132908027622e-05,-1.000186071238703022e-05,-9.906220095693780826e-06,-9.810579479000533130e-06,-9.714992025518342158e-06,-9.619351408825092768e-06,-9.523710792131845072e-06,-9.428123338649655794e-06,-9.332482721956406404e-06,-9.236895268474217127e-06,-9.141254651780969431e-06,-9.045667198298776765e-06,-8.950079744816587487e-06,-8.854492291334396516e-06,-8.758904837852207238e-06,-0.000000000000000000e+00,-0.000000000000000000e+00,-0.000000000000000000e+00,-0.000000000000000000e+00,-0.000000000000000000e+00,-0.000000000000000000e+00,-0.000000000000000000e+00,-0.000000000000000000e+00,-0.000000000000000000e+00,-0.000000000000000000e+00,-0.000000000000000000e+00,-0.000000000000000000e+00,-0.000000000000000000e+00,-0.000000000000000000e+00,-0.000000000000000000e+00,-0.000000000000000000e+00,-0.000000000000000000e+00,-0.000000000000000000e+00,-0.000000000000000000e+00,-0.000000000000000000e+00,-0.000000000000000000e+00,-0.000000000000000000e+00,-0.000000000000000000e+00,-0.000000000000000000e+00,-0.000000000000000000e+00,-0.000000000000000000e+00,0.000000000000000000e+00,0.000000000000000000e+00,0.000000000000000000e+00,0.000000000000000000e+00,0.000000000000000000e+00,0.000000000000000000e+00,0.000000000000000000e+00,0.000000000000000000e+00,0.000000000000000000e+00,0.000000000000000000e+00,0.000000000000000000e+00,0.000000000000000000e+00,0.000000000000000000e+00,0.000000000000000000e+00,0.000000000000000000e+00,0.000000000000000000e+00,0.000000000000000000e+00,0.000000000000000000e+00,0.000000000000000000e+00,0.000000000000000000e+00,0.000000000000000000e+00,0.000000000000000000e+00,0.000000000000000000e+00,0.000000000000000000e+00,0.000000000000000000e+00,0.000000000000000000e+00,0.000000000000000000e+00,0.000000000000000000e+00,0.000000000000000000e+00,0.000000000000000000e+00,0.000000000000000000e+00,0.000000000000000000e+00,0.000000000000000000e+00,0.000000000000000000e+00,0.000000000000000000e+00,0.000000000000000000e+00,0.000000000000000000e+00,0.000000000000000000e+00,0.000000000000000000e+00,0.000000000000000000e+00,0.000000000000000000e+00,0.000000000000000000e+00,0.000000000000000000e+00,0.000000000000000000e+00,0.000000000000000000e+00,0.000000000000000000e+00,0.000000000000000000e+00,0.000000000000000000e+00,0.000000000000000000e+00,0.000000000000000000e+00,0.000000000000000000e+00,0.000000000000000000e+00,0.000000000000000000e+00,0.000000000000000000e+00,0.000000000000000000e+00,0.000000000000000000e+00,0.000000000000000000e+00,0.000000000000000000e+00,0.000000000000000000e+00,0.000000000000000000e+00,0.000000000000000000e+00,0.000000000000000000e+00,0.000000000000000000e+00,0.000000000000000000e+00,0.000000000000000000e+00,0.000000000000000000e+00,0.000000000000000000e+00,0.000000000000000000e+00,0.000000000000000000e+00,0.000000000000000000e+00,0.000000000000000000e+00,0.000000000000000000e+00,0.000000000000000000e+00,0.000000000000000000e+00,0.000000000000000000e+00,0.000000000000000000e+00,0.000000000000000000e+00,0.000000000000000000e+00,0.000000000000000000e+00
cx,3.033100000000000240e-01,1.860000000000000108e-03,-3.989999999999999623e-03,-7.219999999999999855e-03,-8.040000000000000271e-03,-9.919999999999999998e-03,-1.039999999999999952e-02,-9.889999999999999486e-03,-1.005999999999999950e-02,-9.929999999999999591e-03,-1.114000000000000060e-02,-1.128000000000000010e-02,-1.285999999999999990e-02,-1.273999999999999959e-02,-1.456000000000000003e-02,-1.288000000000000082e-02,-1.339000000000000086e-02,-1.473999999999999963e-02,-1.595999999999999849e-02,-1.616000000000000075e-02,-1.757999999999999841e-02,-1.916999999999999954e-02,-1.956000000000000100e-02,-1.897000000000000075e-02,-1.804000000000000048e-02,-1.812000000000000069e-02,-1.863000000000000073e-02,-1.846000000000000071e-02,-1.925999999999999934e-02,-1.958000000000000018e-02,-2.004999999999999838e-02,-2.189999999999999933e-02,-2.180999999999999953e-02,-2.205999999999999975e-02,-2.178000000000000075e-02,-2.293999999999999859e-02,-1.936999999999999833e-02,-1.876999999999999849e-02,-1.652999999999999955e-02,-2.048000000000000168e-02,-1.866999999999999910e-02,-1.816999999999999865e-02,-1.862000000000000113e-02,-1.358000000000000006e-02,-1.670999999999999916e-02,-1.576999999999999930e-02,-1.951999999999999916e-02,-1.776000000000000148e-02,-1.804000000000000048e-02,-1.746999999999999942e-02,-1.703000000000000000e-02,-1.602999999999999911e-02,-1.471000000000000085e-02,-1.403000000000000080e-02,-1.277000000000000010e-02,-1.166999999999999982e-02,-1.043000000000000003e-02,-8.619999999999999191e-03,-6.660000000000000121e-03,-3.980000000000000031e-03,2.100000000000000087e-04,1.893999999999999850e-02,3.110899999999999777e-01,9.759999999999999579e-03,-1.889999999999999970e-03,-5.420000000000000338e-03,-6.610000000000000424e-03,-8.609999999999999598e-03,-9.369999999999999857e-03,-9.299999999999999239e-03,-9.579999999999999974e-03,-9.950000000000000511e-03,-1.124999999999999958e-02,-1.170999999999999992e-02,-1.374000000000000048e-02,-1.379999999999999977e-02,-1.592999999999999972e-02,-1.443000000000000012e-02,-1.485000000000000035e-02,-1.607000000000000095e-02,-1.721999999999999920e-02,-1.745000000000000023e-02,-1.876999999999999849e-02,-2.021999999999999839e-02,-2.075000000000000108e-02,-2.017000000000000043e-02,-1.942999999999999935e-02,-1.976999999999999938e-02,-2.052999999999999964e-02,-2.106999999999999845e-02,-2.205000000000000016e-02,-2.245000000000000120e-02,-2.296000000000000124e-02,-2.391000000000000070e-02,-2.360999999999999904e-02,-2.375999999999999987e-02,-2.335999999999999882e-02,-2.511000000000000038e-02,-2.155999999999999930e-02,-2.060999999999999985e-02,-1.813000000000000028e-02,-2.188000000000000014e-02,-1.966000000000000039e-02,-1.898000000000000034e-02,-1.924000000000000016e-02,-1.392000000000000008e-02,-1.739999999999999880e-02,-1.635999999999999954e-02,-1.938000000000000139e-02,-1.799999999999999864e-02,-1.828000000000000111e-02,-1.778000000000000067e-02,-1.720999999999999960e-02,-1.645999999999999894e-02,-1.518000000000000078e-02,-1.447999999999999982e-02,-1.293000000000000052e-02,-1.153999999999999991e-02,-1.030000000000000013e-02,-8.489999999999999283e-03,-6.740000000000000331e-03,-4.150000000000000043e-03,-2.300000000000000070e-04,1.907000000000000015e-02,-6.404400000000000093e-01,1.003000000000000072e-02,5.810000000000000060e-03,4.309999999999999595e-03,3.579999999999999849e-03,3.759999999999999887e-03,3.320000000000000034e-03,3.429999999999999889e-03,3.779999999999999940e-03,4.020000000000000136e-03,4.460000000000000422e-03,4.700000000000000185e-03,4.939999999999999947e-03,5.020000000000000157e-03,4.499999999999999660e-03,4.879999999999999789e-03,4.789999999999999987e-03,4.769999999999999934e-03,4.859999999999999737e-03,5.089999999999999906e-03,5.530000000000000193e-03,5.479999999999999628e-03,5.649999999999999641e-03,5.749999999999999903e-03,5.919999999999999915e-03,5.960000000000000020e-03,-3.449479999999999880e+00,1.133999999999999939e-02,2.079999999999999818e-03,1.549999999999999946e-03,1.139999999999999954e-03,1.379999999999999933e-03,2.299999999999999961e-03,2.650000000000000012e-03,3.229999999999999798e-03,3.500000000000000073e-03,4.089999999999999886e-03,4.479999999999999608e-03,5.040000000000000209e-03,5.009999999999999697e-03,4.950000000000000407e-03,5.459999999999999576e-03,4.819999999999999632e-03,5.210000000000000221e-03,5.559999999999999838e-03,5.700000000000000205e-03,5.780000000000000415e-03,5.760000000000000363e-03,5.879999999999999810e-03,5.899999999999999863e-03,5.919999999999999915e-03,5.919999999999999915e-03,5.340000000000000129e-03,5.259999999999999919e-03,5.890000000000000270e-03,5.930000000000000375e-03,5.910000000000000323e-03,6.020000000000000177e-03,6.109999999999999980e-03,6.170000000000000137e-03,6.239999999999999887e-03,6.239999999999999887e-03,6.150000000000000085e-03,6.210000000000000242e-03,6.100000000000000387e-03,6.100000000000000387e-03,6.130000000000000032e-03,6.060000000000000282e-03,6.000000000000000125e-03,5.930000000000000375e-03,5.950000000000000427e-03,5.850000000000000165e-03,5.749999999999999903e-03,5.749999999999999903e-03,5.729999999999999850e-03,5.780000000000000415e-03,5.709999999999999798e-03,5.720000000000000258e-03,5.749999999999999903e-03
cx*c/cref,3.661101661881977498e-01,2.231950558213716043e-03,-4.754209090909090711e-03,-8.533763636363635163e-03,-9.426034449760766626e-03,-1.153520382775119479e-02,-1.199383732057416295e-02,-1.131103684210526053e-02,-1.140919521531100385e-02,-1.116673636363636583e-02,-1.242089271664008517e-02,-1.246904752791068438e-02,-1.409253631047315339e-02,-1.383918904837852168e-02,-1.567688591174907012e-02,-1.374482934609250369e-02,-1.416093939393939585e-02,-1.544769239766081818e-02,-1.657362424242423901e-02,-1.662667262094630338e-02,-1.791954354066985569e-02,-1.935691004784688765e-02,-1.956363955342903249e-02,-1.879209952153109917e-02,-1.769828538011695984e-02,-1.760356555023923769e-02,-1.792085167464114656e-02,-1.758077012227538677e-02,-1.815856555023923416e-02,-1.827300116959064066e-02,-1.851997501329080004e-02,-2.001934768740032053e-02,-1.972860015948963222e-02,-1.974387591706538991e-02,-1.928508421052631608e-02,-2.009292769803295783e-02,-1.678084577352471907e-02,-1.608162908027644875e-02,-1.407396363636363550e-02,-1.741366166932482862e-02,-1.585322206273258663e-02,-1.540779292929292908e-02,-1.576800202020202032e-02,-1.148437713981924520e-02,-1.404981419457735151e-02,-1.312372525252525172e-02,-1.607634407230196585e-02,-1.447397511961722588e-02,-1.454689590643274896e-02,-1.393680627325890632e-02,-1.343921408825093228e-02,-1.251209250398723979e-02,-1.135516592238171307e-02,-1.070941749069643893e-02,-9.637717916002127086e-03,-8.707085645933013499e-03,-7.692138862307283144e-03,-6.283068048910153865e-03,-4.797111961722487841e-03,-2.832486230728336121e-03,1.476452950558213690e-04,1.315328123338649693e-02,3.755010108452950246e-01,1.171174056353003687e-02,-2.251993779904306377e-03,-6.406232535885166522e-03,-7.749513397129186715e-03,-1.001190574162679273e-02,-1.080598612440191418e-02,-1.063626315789473371e-02,-1.086482009569378002e-02,-1.118922727272727603e-02,-1.254354066985645735e-02,-1.294437469431153516e-02,-1.505687783094098939e-02,-1.499064433811802231e-02,-1.715197751196172182e-02,-1.539890430622009414e-02,-1.570500000000000021e-02,-1.684154795321637574e-02,-1.788206826156299792e-02,-1.795392557150451637e-02,-1.913252743221690449e-02,-2.041714768740031730e-02,-2.075386097820308695e-02,-1.998084593301435383e-02,-1.906195592769803146e-02,-1.920653923444975986e-02,-1.974852844231791277e-02,-2.006645863902179264e-02,-2.078901196172248944e-02,-2.095142371079213028e-02,-2.120791153641679930e-02,-2.185673987240829494e-02,-2.135682025518341118e-02,-2.126538947368420904e-02,-2.068409399255714820e-02,-2.199361004784688989e-02,-1.867811228070175369e-02,-1.765809138755981139e-02,-1.543623476874003177e-02,-1.860404869750132903e-02,-1.669385890483785287e-02,-1.609465656565656905e-02,-1.629303753322700749e-02,-1.177190940988835643e-02,-1.462996810207336379e-02,-1.361472068048910113e-02,-1.596104242424242758e-02,-1.466956937799042925e-02,-1.474042445507708736e-02,-1.418411079213184600e-02,-1.358126097820308402e-02,-1.284772567783093976e-02,-1.171797543859649272e-02,-1.105291270600744329e-02,-9.758472408293462214e-03,-8.610091547049440741e-03,-7.596263689526847745e-03,-6.188311802232854958e-03,-4.854734928229665313e-03,-2.953471823498139085e-03,-1.617067517278043668e-04,1.324356246677299391e-02,-5.633046028708134090e-01,8.702584688995216103e-03,4.965279744816587272e-03,3.627136523125996936e-03,2.966089952153110141e-03,3.066149069643806131e-03,2.664030834662413361e-03,2.707548272195640319e-03,2.934513875598085929e-03,3.068364912280702010e-03,3.346019564061669758e-03,3.464757044125465601e-03,3.577232323232323354e-03,3.569671026049973765e-03,3.141172248803827168e-03,3.342761084529505006e-03,3.218620255183412757e-03,3.142950717703348832e-03,3.138821052631578755e-03,3.220960659223816736e-03,3.427247634237107730e-03,3.324766400850610783e-03,3.354165603402445728e-03,3.338515417331207151e-03,3.359985539606592710e-03,3.304932482721956600e-03,-3.032039738224348469e+00,9.839213397129186606e-03,1.777587240829346009e-03,1.304422647527910808e-03,9.445090909090909708e-04,1.125341945773524572e-03,1.845563530037214140e-03,2.091837586390217670e-03,2.507534343434343095e-03,2.671461988304093919e-03,3.068434981392876345e-03,3.302576927166400722e-03,3.649645933014354551e-03,3.562560127591706503e-03,3.455289473684210622e-03,3.740056459330143215e-03,3.238778628389154396e-03,3.432866507177033573e-03,3.590914619883040469e-03,3.606969696969697034e-03,3.582186496544391332e-03,3.494644976076554960e-03,3.490706858054226733e-03,3.425607123870281871e-03,3.359985539606592710e-03,3.282751727804359733e-03,5.358907177033492460e-03,5.181169909622541578e-03,5.693290909090909478e-03,5.622781233386496200e-03,5.495011802232854965e-03,5.486457097288676386e-03,5.455960393407762246e-03,5.395945454545454309e-03,5.342282615629983904e-03,5.227401594896332292e-03,5.038782296650718209e-03,4.973579425837320808e-03,4.773177033492823074e-03,4.660873471557682064e-03,4.570939925571504414e-03,4.407176076555024101e-03,4.253046251993620325e-03,4.094253588516746575e-03,3.998520202020202849e-03,3.823617224880383487e-03,3.652396331738437096e-03,3.546505847953216033e-03,3.428678468899521315e-03,3.352184901648059840e-03,3.206464008506113798e-03,3.106771929824561455e-03,3.017175704412546500e-03
cxi,2.945300000000000140e-01,-6.680000000000000174e-03,-1.263000000000000060e-02,-1.593999999999999931e-02,-1.683000000000000121e-02,-1.875999999999999890e-02,-1.930000000000000118e-02,-1.882999999999999952e-02,-1.904000000000000137e-02,-1.893999999999999850e-02,-2.018000000000000002e-02,-2.034000000000000044e-02,-2.195000000000000076e-02,-2.185000000000000137e-02,-2.368999999999999925e-02,-2.202000000000000138e-02,-2.255000000000000060e-02,-2.391000000000000070e-02,-2.512999999999999956e-02,-2.532999999999999835e-02,-2.675999999999999907e-02,-2.834000000000000061e-02,-2.872999999999999859e-02,-2.812999999999999876e-02,-2.718999999999999889e-02,-2.725999999999999951e-02,-2.775999999999999995e-02,-2.757000000000000076e-02,-2.835000000000000020e-02,-2.863999999999999879e-02,-2.908000000000000168e-02,-3.090000000000000038e-02,-3.077999999999999833e-02,-3.100999999999999937e-02,-3.067999999999999894e-02,-3.180000000000000188e-02,-2.818000000000000019e-02,-2.753999999999999851e-02,-2.528999999999999998e-02,-2.922999999999999904e-02,-2.740000000000000074e-02,-2.689000000000000071e-02,-2.732000000000000053e-02,-2.227000000000000160e-02,-2.537999999999999978e-02,-2.438999999999999849e-02,-2.809000000000000039e-02,-2.627000000000000168e-02,-2.648999999999999966e-02,-2.582999999999999879e-02,-2.530999999999999917e-02,-2.421999999999999847e-02,-2.279000000000000123e-02,-2.198999999999999913e-02,-2.059000000000000066e-02,-1.932999999999999996e-02,-1.790999999999999884e-02,-1.590000000000000094e-02,-1.369000000000000078e-02,-1.072999999999999995e-02,-6.230000000000000294e-03,1.286999999999999950e-02,3.022099999999999786e-01,1.080000000000000014e-03,-1.060999999999999964e-02,-1.421000000000000041e-02,-1.546999999999999938e-02,-1.753000000000000044e-02,-1.835000000000000173e-02,-1.832999999999999907e-02,-1.865999999999999950e-02,-1.906000000000000055e-02,-2.040000000000000147e-02,-2.088999999999999885e-02,-2.293999999999999859e-02,-2.302999999999999839e-02,-2.518000000000000099e-02,-2.369999999999999885e-02,-2.414000000000000173e-02,-2.537999999999999978e-02,-2.653000000000000150e-02,-2.676999999999999866e-02,-2.809999999999999998e-02,-2.954000000000000029e-02,-3.006999999999999951e-02,-2.947999999999999926e-02,-2.872999999999999859e-02,-2.905999999999999903e-02,-2.980999999999999969e-02,-3.033999999999999891e-02,-3.130000000000000143e-02,-3.167999999999999983e-02,-3.214999999999999802e-02,-3.307999999999999829e-02,-3.273999999999999827e-02,-3.286000000000000032e-02,-3.241000000000000131e-02,-3.411000000000000143e-02,-3.050999999999999893e-02,-2.952000000000000110e-02,-2.702999999999999847e-02,-3.075999999999999915e-02,-2.852000000000000021e-02,-2.782000000000000098e-02,-2.807000000000000120e-02,-2.272000000000000061e-02,-2.619000000000000147e-02,-2.509000000000000119e-02,-2.804999999999999855e-02,-2.661000000000000171e-02,-2.681000000000000050e-02,-2.622999999999999984e-02,-2.555999999999999939e-02,-2.470999999999999933e-02,-2.332000000000000045e-02,-2.248999999999999957e-02,-2.078999999999999945e-02,-1.924000000000000016e-02,-1.780999999999999944e-02,-1.578999999999999848e-02,-1.379999999999999977e-02,-1.091999999999999915e-02,-6.680000000000000174e-03,1.299999999999999940e-02,-6.460599999999999676e-01,4.400000000000000265e-03,1.700000000000000122e-04,-1.340000000000000045e-03,-2.069999999999999792e-03,-1.899999999999999996e-03,-2.340000000000000066e-03,-2.230000000000000211e-03,-1.889999999999999970e-03,-1.649999999999999991e-03,-1.229999999999999974e-03,-9.899999999999999946e-04,-7.600000000000000418e-04,-6.899999999999999667e-04,-1.219999999999999947e-03,-8.499999999999999526e-04,-9.399999999999999719e-04,-9.700000000000000505e-04,-8.899999999999999491e-04,-6.700000000000000226e-04,-2.400000000000000061e-04,-3.099999999999999999e-04,-1.499999999999999869e-04,-6.999999999999999387e-05,9.000000000000000567e-05,1.100000000000000039e-04,-3.455169999999999852e+00,5.669999999999999693e-03,-3.589999999999999875e-03,-4.109999999999999938e-03,-4.510000000000000120e-03,-4.279999999999999950e-03,-3.360000000000000139e-03,-3.020000000000000115e-03,-2.429999999999999868e-03,-2.170000000000000054e-03,-1.590000000000000050e-03,-1.209999999999999921e-03,-6.499999999999999702e-04,-6.899999999999999667e-04,-7.600000000000000418e-04,-2.599999999999999772e-04,-8.999999999999999754e-04,-5.199999999999999544e-04,-1.900000000000000105e-04,-6.000000000000000152e-05,1.000000000000000082e-05,-2.000000000000000164e-05,8.000000000000000654e-05,9.000000000000000567e-05,9.000000000000000567e-05,8.000000000000000654e-05,-9.000000000000000567e-05,-1.800000000000000113e-04,4.400000000000000157e-04,4.600000000000000139e-04,4.299999999999999894e-04,5.299999999999999807e-04,5.999999999999999474e-04,6.499999999999999702e-04,6.899999999999999667e-04,6.800000000000000488e-04,5.800000000000000034e-04,6.199999999999999999e-04,4.899999999999999842e-04,4.699999999999999859e-04,4.800000000000000122e-04,3.899999999999999929e-04,3.099999999999999999e-04,2.200000000000000078e-04,2.200000000000000078e-04,1.000000000000000048e-04,-2.000000000000000164e-05,-4.000000000000000327e-05,-8.000000000000000654e-05,-5.000000000000000240e-05,-1.399999999999999877e-04,-1.499999999999999869e-04,-1.399999999999999877e-04
cxi*c/cref,3.555122720893141852e-01,-8.015822434875067085e-03,-1.504903779904306384e-02,-1.884046985645932565e-02,-1.973136315789473724e-02,-2.181455885167463832e-02,-2.225779425837320913e-02,-2.153557368421052387e-02,-2.159354641148325538e-02,-2.129889090909091107e-02,-2.250032450824029570e-02,-2.248408038277511720e-02,-2.405374587985114471e-02,-2.373518686868687083e-02,-2.550724088250930222e-02,-2.349853588516746111e-02,-2.384833333333333596e-02,-2.505795964912280877e-02,-2.609618904837851874e-02,-2.606148623072833057e-02,-2.727684784688995043e-02,-2.861631876661350354e-02,-2.873534582668793580e-02,-2.786619712918660119e-02,-2.667496560340244446e-02,-2.648306826156299892e-02,-2.670331951089845515e-02,-2.625687065390749572e-02,-2.672872966507177164e-02,-2.672823051568314415e-02,-2.686089144072302190e-02,-2.824647687400319226e-02,-2.784256363636363266e-02,-2.775419728867623698e-02,-2.716558234981392497e-02,-2.785331738437001742e-02,-2.441322838915470708e-02,-2.359552822966507271e-02,-2.153239808612440048e-02,-2.485358059542796053e-02,-2.326611057947899908e-02,-2.280217676767676976e-02,-2.313543583200425302e-02,-1.883336368952684761e-02,-2.133957416267942553e-02,-2.029725167464114730e-02,-2.313445209994683879e-02,-2.140942153110048096e-02,-2.136071355661882040e-02,-2.060605071770334890e-02,-1.997337102604997486e-02,-1.890473365231259972e-02,-1.759240186071239082e-02,-1.678546618819776529e-02,-1.553959372674109697e-02,-1.442227639553428885e-02,-1.320864880382775081e-02,-1.158941786283891606e-02,-9.860730143540670511e-03,-7.636325943646995844e-03,-4.380143753322700631e-03,8.937842105263157227e-03,3.647824118022328088e-01,1.295971291866028670e-03,-1.264214497607655564e-02,-1.679567607655502171e-02,-1.813690956937798887e-02,-2.038428660287081376e-02,-2.116220334928230196e-02,-2.096373157894736508e-02,-2.116258277511961702e-02,-2.143383636363636879e-02,-2.274562041467304702e-02,-2.309205699096224945e-02,-2.513863009037745760e-02,-2.501699558745347843e-02,-2.711153758639021569e-02,-2.529133971291865415e-02,-2.552987878787878889e-02,-2.659853684210526301e-02,-2.755001573631047154e-02,-2.754307091972354668e-02,-2.864272886762360415e-02,-2.982801892610313643e-02,-3.007559516214779877e-02,-2.920353684210526268e-02,-2.818579484316852818e-02,-2.823176682615630151e-02,-2.867528654970760010e-02,-2.889493854332801301e-02,-2.951002604997341947e-02,-2.956530526315789137e-02,-2.969661828814460294e-02,-3.023927038809143958e-02,-2.961551440723019304e-02,-2.940996204146730658e-02,-2.869740951621477937e-02,-2.987662440191387464e-02,-2.643178133971291893e-02,-2.529193875598086463e-02,-2.301386794258373017e-02,-2.615450356193513987e-02,-2.421713407761828807e-02,-2.359079797979798249e-02,-2.377055943646996447e-02,-1.921392110579478799e-02,-2.202062440191387624e-02,-2.087978862307283620e-02,-2.310150877192982538e-02,-2.168651339712918819e-02,-2.161875162147793711e-02,-2.092515332270069098e-02,-2.017065837320574512e-02,-1.928719936204146765e-02,-1.800152748538011785e-02,-1.716712753854332876e-02,-1.569053684210526198e-02,-1.435512663476873861e-02,-1.313489867091972331e-02,-1.150923950026581585e-02,-9.939961722488037041e-03,-7.771545135566187111e-03,-4.696526528442318028e-03,9.028123338649654203e-03,-5.682477230196703033e-01,3.817684210526316440e-03,1.452835725677831280e-04,-1.127694417862838997e-03,-1.715029665071770302e-03,-1.549383838383838361e-03,-1.877660287081339566e-03,-1.760301063264221259e-03,-1.467256937799042964e-03,-1.259403508771929836e-03,-9.227811802232855276e-04,-7.298105263157895692e-04,-5.503434343434343871e-04,-4.906519936204147220e-04,-8.516066985645931930e-04,-5.822432216905900140e-04,-6.316290271132375244e-04,-6.391325358851674505e-04,-5.748046783625729772e-04,-4.239771398192450727e-04,-1.487413078149920059e-04,-1.880798511430090321e-04,-8.904864433811802255e-05,-4.064279638490164996e-05,5.108086124401914758e-05,6.099707602339182467e-05,-3.037041160499734271e+00,4.919606698564593303e-03,-3.068047208931419436e-03,-3.458823923444976495e-03,-3.736610526315790014e-03,-3.490190962254119920e-03,-2.696127591706539220e-03,-2.383905475810738864e-03,-1.886473205741626483e-03,-1.656306432748538143e-03,-1.192863476874003346e-03,-8.919906432748537974e-04,-4.706884635832004498e-04,-4.906519936204147220e-04,-5.305090909090908824e-04,-1.780979266347687258e-04,-6.047511961722487443e-04,-3.426277511961721856e-04,-1.227111111111111002e-04,-3.796810207336522887e-05,6.197554492291334707e-06,-1.213418394471026084e-05,4.749261031366295530e-05,5.225502392344498530e-05,5.108086124401914758e-05,4.436150983519405246e-05,-9.031866028708134334e-05,-1.773023923444976338e-04,4.253052631578947348e-04,4.361685273790536920e-04,3.998062732589048162e-04,4.830269537480063593e-04,5.357735247208931682e-04,5.684545454545453843e-04,5.907331738437001474e-04,5.696527379053695390e-04,4.752022328548644948e-04,4.965570441254652271e-04,3.834191387559807954e-04,3.591164805954279648e-04,3.579202551834130986e-04,2.836301435406698491e-04,2.197407230196703730e-04,1.518947368421052818e-04,1.478444444444444662e-04,6.536097820308347389e-05,-1.270398724082934788e-05,-2.467134502923976557e-05,-4.786985645933014490e-05,-2.899813928761297416e-05,-7.861733120680489833e-05,-8.147129186602869357e-05,-7.346166932482721846e-05
cxo,8.779999999999999610e-03,8.540000000000000716e-03,8.640000000000000110e-03,8.720000000000000320e-03,8.789999999999999203e-03,8.840000000000000635e-03,8.890000000000000333e-03,8.930000000000000437e-03,8.980000000000000135e-03,9.010000000000000647e-03,9.039999999999999425e-03,9.069999999999999937e-03,9.090000000000000857e-03,9.110000000000000042e-03,9.119999999999999635e-03,9.140000000000000555e-03,9.159999999999999740e-03,9.169999999999999332e-03,9.169999999999999332e-03,9.169999999999999332e-03,9.169999999999999332e-03,9.169999999999999332e-03,9.169999999999999332e-03,9.159999999999999740e-03,9.150000000000000147e-03,9.140000000000000555e-03,9.129999999999999227e-03,9.110000000000000042e-03,9.090000000000000857e-03,9.060000000000000345e-03,9.029999999999999832e-03,8.999999999999999320e-03,8.980000000000000135e-03,8.940000000000000030e-03,8.899999999999999925e-03,8.859999999999999820e-03,8.819999999999999715e-03,8.770000000000000018e-03,8.770000000000000018e-03,8.750000000000000833e-03,8.729999999999999913e-03,8.720000000000000320e-03,8.699999999999999400e-03,8.680000000000000215e-03,8.670000000000000623e-03,8.619999999999999191e-03,8.569999999999999493e-03,8.510000000000000203e-03,8.439999999999999586e-03,8.370000000000000703e-03,8.279999999999999166e-03,8.189999999999999364e-03,8.080000000000000376e-03,7.960000000000000062e-03,7.820000000000000562e-03,7.660000000000000142e-03,7.479999999999999670e-03,7.280000000000000013e-03,7.040000000000000251e-03,6.749999999999999924e-03,6.440000000000000412e-03,6.069999999999999875e-03,8.880000000000000740e-03,8.680000000000000215e-03,8.720000000000000320e-03,8.789999999999999203e-03,8.869999999999999413e-03,8.920000000000000845e-03,8.980000000000000135e-03,9.029999999999999832e-03,9.079999999999999530e-03,9.110000000000000042e-03,9.150000000000000147e-03,9.180000000000000659e-03,9.209999999999999437e-03,9.230000000000000357e-03,9.249999999999999542e-03,9.270000000000000462e-03,9.289999999999999647e-03,9.310000000000000567e-03,9.320000000000000159e-03,9.320000000000000159e-03,9.320000000000000159e-03,9.329999999999999752e-03,9.320000000000000159e-03,9.310000000000000567e-03,9.299999999999999239e-03,9.289999999999999647e-03,9.280000000000000054e-03,9.270000000000000462e-03,9.249999999999999542e-03,9.220000000000000764e-03,9.190000000000000252e-03,9.159999999999999740e-03,9.129999999999999227e-03,9.090000000000000857e-03,9.050000000000000752e-03,8.999999999999999320e-03,8.949999999999999623e-03,8.909999999999999518e-03,8.899999999999999925e-03,8.880000000000000740e-03,8.859999999999999820e-03,8.840000000000000635e-03,8.819999999999999715e-03,8.800000000000000530e-03,8.789999999999999203e-03,8.729999999999999913e-03,8.670000000000000623e-03,8.600000000000000006e-03,8.529999999999999388e-03,8.439999999999999586e-03,8.349999999999999784e-03,8.250000000000000389e-03,8.130000000000000074e-03,8.000000000000000167e-03,7.860000000000000667e-03,7.700000000000000247e-03,7.519999999999999775e-03,7.300000000000000065e-03,7.060000000000000303e-03,6.769999999999999976e-03,6.459999999999999597e-03,6.080000000000000335e-03,5.619999999999999996e-03,5.629999999999999588e-03,5.640000000000000048e-03,5.649999999999999641e-03,5.649999999999999641e-03,5.649999999999999641e-03,5.660000000000000100e-03,5.660000000000000100e-03,5.669999999999999693e-03,5.680000000000000153e-03,5.680000000000000153e-03,5.689999999999999745e-03,5.700000000000000205e-03,5.709999999999999798e-03,5.720000000000000258e-03,5.729999999999999850e-03,5.729999999999999850e-03,5.740000000000000310e-03,5.749999999999999903e-03,5.760000000000000363e-03,5.769999999999999955e-03,5.790000000000000008e-03,5.799999999999999600e-03,5.819999999999999653e-03,5.830000000000000113e-03,5.850000000000000165e-03,5.689999999999999745e-03,5.680000000000000153e-03,5.669999999999999693e-03,5.660000000000000100e-03,5.660000000000000100e-03,5.660000000000000100e-03,5.660000000000000100e-03,5.660000000000000100e-03,5.669999999999999693e-03,5.669999999999999693e-03,5.680000000000000153e-03,5.689999999999999745e-03,5.689999999999999745e-03,5.700000000000000205e-03,5.709999999999999798e-03,5.720000000000000258e-03,5.720000000000000258e-03,5.729999999999999850e-03,5.749999999999999903e-03,5.760000000000000363e-03,5.769999999999999955e-03,5.780000000000000415e-03,5.799999999999999600e-03,5.810000000000000060e-03,5.830000000000000113e-03,5.839999999999999705e-03,5.429999999999999931e-03,5.440000000000000391e-03,5.449999999999999983e-03,5.470000000000000036e-03,5.479999999999999628e-03,5.490000000000000088e-03,5.510000000000000141e-03,5.530000000000000193e-03,5.539999999999999786e-03,5.559999999999999838e-03,5.579999999999999891e-03,5.590000000000000351e-03,5.610000000000000403e-03,5.629999999999999588e-03,5.649999999999999641e-03,5.669999999999999693e-03,5.689999999999999745e-03,5.709999999999999798e-03,5.729999999999999850e-03,5.749999999999999903e-03,5.769999999999999955e-03,5.790000000000000008e-03,5.810000000000000060e-03,5.830000000000000113e-03,5.850000000000000165e-03,5.870000000000000218e-03,5.890000000000000270e-03
cxo*c/cref,1.059789409888357153e-02,1.024777299308878356e-02,1.029482870813397226e-02,1.030670622009569222e-02,1.030532870813397062e-02,1.027935502392344526e-02,1.025242440191387674e-02,1.021309999999999926e-02,1.018435119617224979e-02,1.013215454545454870e-02,1.007943179160021054e-02,1.002608697501328888e-02,9.961209569377991319e-03,9.895997820308345683e-03,9.819587878787876950e-03,9.753706539074959159e-03,9.687393939393940112e-03,9.610267251461987112e-03,9.522564805954277997e-03,9.434813609782028918e-03,9.347111164274321538e-03,9.259408718766612423e-03,9.171706273258905043e-03,9.074097607655502024e-03,8.976680223285486357e-03,8.879502711323764702e-03,8.782467836257308591e-03,8.676100531632110688e-03,8.570164114832535748e-03,8.455229346092503484e-03,8.340916427432216659e-03,8.227129186602870001e-03,8.123009144072301443e-03,8.001371291866028052e-03,7.880498139287612364e-03,7.760389686337054380e-03,7.641045933014354100e-03,7.513899149388623966e-03,7.466948644338117745e-03,7.439918926103137112e-03,7.412888516746410708e-03,7.394383838383838947e-03,7.367433811802231829e-03,7.340529718234981189e-03,7.289759968102074023e-03,7.173526422115895571e-03,7.058108027644869470e-03,6.935446411483253346e-03,6.805753960659223500e-03,6.677222009569379162e-03,6.534156937799043448e-03,6.392641148325358194e-03,6.237235938330676008e-03,6.076048697501328956e-03,5.901875810738969018e-03,5.715190749601275350e-03,5.516509941520467662e-03,5.306349813928761330e-03,5.070821052631578445e-03,4.803839712918659723e-03,4.527789048378522488e-03,4.215439128123338840e-03,1.071859904306220190e-02,1.041576927166400907e-02,1.039015119617225057e-02,1.038944354066985432e-02,1.039912009569377883e-02,1.037238086124401930e-02,1.035621722488038431e-02,1.032746842105262963e-02,1.029776267942583701e-02,1.024460909090909276e-02,1.020207974481658619e-02,1.014768229665071776e-02,1.009271068580542240e-02,1.002635124933545958e-02,9.959560074428493864e-03,9.892435406698563485e-03,9.824878787878788683e-03,9.756988888888889003e-03,9.678331951089845855e-03,9.589145348219032042e-03,9.500008293460924721e-03,9.420968740031896924e-03,9.321734183944711816e-03,9.222690909090908856e-03,9.123838915470493249e-03,9.025227591706539917e-03,8.926758107389685601e-03,8.828479904306220372e-03,8.721014088250930024e-03,8.604549069643805878e-03,8.488706751727803645e-03,8.373389261031366840e-03,8.258694152046781867e-03,8.135622488038278532e-03,8.013315523657629433e-03,7.883014354066984752e-03,7.753669059011164370e-03,7.633847368421053242e-03,7.577633173843700137e-03,7.550454864433812571e-03,7.523275172780435199e-03,7.496141414141415174e-03,7.469053588516745557e-03,7.442011695906433286e-03,7.390656299840509848e-03,7.265067942583732473e-03,7.140466347687401266e-03,7.008794258373205258e-03,6.878327166400850616e-03,6.733064965443912725e-03,6.589397395002658496e-03,6.439473684210527023e-03,6.275832695374801429e-03,6.106581605528973999e-03,5.932064433811803233e-03,5.745035087719297870e-03,5.546009994683678487e-03,5.320927698032961763e-03,5.085226794258373463e-03,4.818073312068048460e-03,4.541850505050504944e-03,4.222383838383838607e-03,4.943120148856990602e-03,4.884900478468899229e-03,4.819996172248804632e-03,4.754830940988836151e-03,4.681119617224880659e-03,4.607378256246677170e-03,4.541691121743753577e-03,4.467849335459861577e-03,4.401770813397128460e-03,4.335401169590643623e-03,4.261298458266879474e-03,4.194567570441254736e-03,4.127575757575757849e-03,4.060323019670387945e-03,3.992778947368421337e-03,3.925004306220095454e-03,3.850249282296650498e-03,3.782083253588516825e-03,3.713625730994151840e-03,3.644937799043062188e-03,3.575988942052099519e-03,3.512846251993620005e-03,3.443214247740563737e-03,3.379158213716108774e-03,3.308904678362573678e-03,3.243935406698564890e-03,5.001422275385433366e-03,4.928283253588517689e-03,4.845634449760765662e-03,4.763246570972887520e-03,4.689404784688995520e-03,4.615532908027644710e-03,4.541691121743753577e-03,4.467849335459861577e-03,4.401770813397128460e-03,4.327768421052632063e-03,4.261298458266879474e-03,4.194567570441254736e-03,4.120334396597554946e-03,4.053212121212121551e-03,3.985798564593301396e-03,3.918154385964912022e-03,3.843529824561403574e-03,3.775494258373205542e-03,3.713625730994151840e-03,3.644937799043062188e-03,3.575988942052099519e-03,3.506779160021265135e-03,3.443214247740563737e-03,3.373352099946837299e-03,3.308904678362573678e-03,3.238390217969165565e-03,5.449225837320574237e-03,5.358472301967039456e-03,5.267985645933014743e-03,5.186612706007442779e-03,5.095205528973949065e-03,5.003430143540670352e-03,4.920186868686868970e-03,4.836236363636363909e-03,4.742988091440723114e-03,4.657748856990962319e-03,4.571773205741627190e-03,4.477022381711855473e-03,4.389757894736842116e-03,4.301756990962253557e-03,4.213019670388091532e-03,4.123545933014353439e-03,4.033305528973949762e-03,3.942358851674641375e-03,3.850675757575757786e-03,3.758256246677299864e-03,3.665100318979266306e-03,3.571177192982456002e-03,3.476548325358851717e-03,3.381183040935672665e-03,3.285081339712919279e-03,3.188243221690590257e-03,3.090637373737374193e-03
cy,-5.485200000000000076e-01,-2.529999999999999957e-02,-2.338000000000000148e-02,-2.360999999999999904e-02,-2.341000000000000025e-02,-2.391000000000000070e-02,-2.367999999999999966e-02,-2.403999999999999887e-02,-2.389000000000000151e-02,-2.410999999999999949e-02,-2.400000000000000050e-02,-2.407000000000000112e-02,-2.418999999999999970e-02,-2.375999999999999987e-02,-2.369999999999999885e-02,-2.382000000000000089e-02,-2.423000000000000154e-02,-2.414000000000000173e-02,-2.407000000000000112e-02,-2.417000000000000051e-02,-2.435000000000000012e-02,-2.444999999999999951e-02,-2.436999999999999930e-02,-2.446999999999999870e-02,-2.457000000000000156e-02,-2.469000000000000014e-02,-2.452999999999999972e-02,-2.435000000000000012e-02,-2.400000000000000050e-02,-2.353999999999999843e-02,-2.335999999999999882e-02,-2.316999999999999962e-02,-2.295000000000000165e-02,-2.278000000000000164e-02,-2.264000000000000040e-02,-2.275999999999999898e-02,-2.299000000000000002e-02,-2.427999999999999950e-02,-3.341000000000000220e-02,-2.196999999999999995e-02,-2.183999999999999830e-02,-2.059000000000000066e-02,-1.973000000000000101e-02,-2.002999999999999919e-02,-2.197999999999999954e-02,-2.205999999999999975e-02,-2.134000000000000133e-02,-2.100000000000000130e-02,-2.086000000000000007e-02,-2.006000000000000144e-02,-1.924000000000000016e-02,-1.866999999999999910e-02,-1.795000000000000068e-02,-1.682000000000000162e-02,-1.582000000000000073e-02,-1.460000000000000013e-02,-1.319000000000000034e-02,-1.082999999999999935e-02,-7.459999999999999618e-03,-2.449999999999999921e-03,1.020000000000000073e-02,2.623400000000000176e-01,5.380300000000000082e-01,2.504999999999999935e-02,2.341000000000000025e-02,2.383000000000000049e-02,2.369999999999999885e-02,2.424000000000000113e-02,2.402999999999999928e-02,2.434000000000000052e-02,2.418000000000000010e-02,2.443999999999999992e-02,2.434000000000000052e-02,2.445999999999999910e-02,2.462999999999999912e-02,2.421999999999999847e-02,2.416000000000000092e-02,2.428999999999999909e-02,2.468000000000000055e-02,2.458000000000000115e-02,2.452000000000000013e-02,2.460000000000000034e-02,2.477000000000000035e-02,2.487999999999999934e-02,2.480999999999999872e-02,2.497999999999999873e-02,2.508000000000000160e-02,2.517000000000000140e-02,2.496999999999999914e-02,2.476000000000000076e-02,2.445999999999999910e-02,2.403999999999999887e-02,2.385999999999999927e-02,2.368999999999999925e-02,2.353999999999999843e-02,2.336999999999999841e-02,2.319999999999999840e-02,2.330000000000000127e-02,2.349000000000000046e-02,2.492000000000000118e-02,3.515000000000000069e-02,2.230999999999999997e-02,2.224999999999999895e-02,2.099000000000000171e-02,2.012999999999999859e-02,2.003999999999999879e-02,2.246000000000000080e-02,2.263000000000000081e-02,2.195000000000000076e-02,2.168000000000000135e-02,2.145999999999999991e-02,2.058000000000000107e-02,1.976999999999999938e-02,1.918999999999999873e-02,1.844000000000000153e-02,1.723999999999999838e-02,1.620999999999999872e-02,1.511999999999999976e-02,1.370999999999999996e-02,1.129999999999999928e-02,7.929999999999999549e-03,2.619999999999999933e-03,-1.074999999999999914e-02,-2.704599999999999782e-01,-5.918400000000000327e-01,-4.666000000000000009e-02,-4.570000000000000277e-03,-2.129999999999999949e-03,-1.479999999999999979e-03,-1.059999999999999961e-03,-4.800000000000000122e-04,2.400000000000000061e-04,1.399999999999999877e-04,-1.800000000000000113e-04,-3.600000000000000227e-04,-5.000000000000000104e-04,-3.099999999999999999e-04,-1.600000000000000131e-04,-3.299999999999999982e-04,6.999999999999999387e-05,6.899999999999999667e-04,4.099999999999999912e-04,1.200000000000000030e-04,2.289999999999999935e-03,2.160000000000000028e-03,-1.600000000000000131e-04,-2.599999999999999772e-04,-1.499999999999999869e-04,-5.000000000000000240e-05,1.499999999999999869e-04,9.205690000000000595e+00,1.147270000000000012e+00,6.400000000000000307e-03,-6.099999999999999737e-04,-6.499999999999999702e-04,-5.999999999999999474e-04,-5.299999999999999807e-04,-9.399999999999999719e-04,-7.500000000000000156e-04,-3.299999999999999982e-04,-4.000000000000000327e-05,2.400000000000000061e-04,1.299999999999999886e-04,1.299999999999999886e-04,8.499999999999999526e-04,3.200000000000000262e-04,-7.799999999999999859e-04,-4.200000000000000174e-04,3.600000000000000227e-04,2.200000000000000078e-04,-1.299999999999999886e-04,1.499999999999999869e-04,2.400000000000000061e-04,1.600000000000000131e-04,1.700000000000000122e-04,3.200000000000000262e-04,9.776999999999999580e-02,3.699999999999999817e-02,4.161000000000000115e-02,4.299000000000000044e-02,4.463999999999999913e-02,4.569999999999999757e-02,4.775999999999999690e-02,4.929999999999999660e-02,5.181000000000000189e-02,5.360000000000000181e-02,5.603999999999999954e-02,5.786000000000000171e-02,5.988999999999999879e-02,6.156999999999999973e-02,6.289999999999999758e-02,6.419999999999999318e-02,6.532999999999999918e-02,6.615999999999999659e-02,6.671000000000000540e-02,6.718999999999999972e-02,6.701000000000000012e-02,6.596000000000000474e-02,6.353999999999999926e-02,5.933999999999999692e-02,5.310999999999999749e-02,4.365000000000000130e-02,2.312000000000000166e-02
cy*c/cref,-6.620907598086124279e-01,-3.035932748538011650e-02,-2.785799712918660825e-02,-2.790611626794257949e-02,-2.744570478468899566e-02,-2.780309712918660123e-02,-2.730904497607655745e-02,-2.749416842105262618e-02,-2.709400334928229945e-02,-2.711279090909091485e-02,-2.675955342902711087e-02,-2.660726719829877365e-02,-2.650843338649654449e-02,-2.580997894736842060e-02,-2.551800797448165736e-02,-2.541939712918660221e-02,-2.562506060606060954e-02,-2.529900233918128821e-02,-2.499543455608718712e-02,-2.486798745348218695e-02,-2.482030063795853322e-02,-2.468839074960127444e-02,-2.437453455608718997e-02,-2.424052057416267725e-02,-2.410459377990430835e-02,-2.398631531100478553e-02,-2.359626900584795017e-02,-2.319023577884104029e-02,-2.262749601275917261e-02,-2.196866432748537795e-02,-2.157738734715576590e-02,-2.118028702817650183e-02,-2.075980622009569385e-02,-2.038828165869218528e-02,-2.004657054758107390e-02,-1.993526741095161953e-02,-1.991696666666666754e-02,-2.080244827219564219e-02,-2.844592408293461147e-02,-1.868057357788410408e-02,-1.854495821371610759e-02,-1.745990404040404301e-02,-1.670798495481127036e-02,-1.693903343965975569e-02,-1.848084476342370941e-02,-1.835823583200425421e-02,-1.757526549707602581e-02,-1.711449760765550165e-02,-1.682085635300372209e-02,-1.600299564061669413e-02,-1.518323423710792389e-02,-1.457272408293460927e-02,-1.385623577884104347e-02,-1.283908782562466835e-02,-1.193960042530568984e-02,-1.089318341307814880e-02,-9.727642530568845688e-03,-7.893924242424242219e-03,-5.373341626794257350e-03,-1.743615895800106194e-03,7.171342902711324782e-03,1.821875289739500470e-01,6.494288111642743111e-01,3.005933413078149680e-02,2.789374306220095828e-02,2.816614784688994955e-02,2.778569856459330023e-02,2.818682870813397218e-02,2.771268373205742000e-02,2.783727368421052423e-02,2.742289665071770410e-02,2.748389090909091406e-02,2.713864710260499580e-02,2.703837788410419496e-02,2.699060414673046249e-02,2.630966709197235173e-02,2.601329420520999414e-02,2.592095534290270870e-02,2.610096969696969887e-02,2.576012748538011876e-02,2.546273599149388375e-02,2.531040510366825910e-02,2.524841259968102145e-02,2.512258330675172513e-02,2.481461642743221924e-02,2.474573779904306117e-02,2.460493333333333560e-02,2.445263492822966761e-02,2.401952046783625491e-02,2.358070792131844798e-02,2.306118968633705246e-02,2.243528846358319728e-02,2.203923211057947848e-02,2.165563227006911048e-02,2.129350058479531974e-02,2.091633636363636126e-02,2.054242211589579759e-02,2.040824827219564139e-02,2.035013253588516952e-02,2.135078298777246322e-02,2.992739393939393769e-02,1.896966757044125235e-02,1.889310074428495259e-02,1.779909595959596261e-02,1.704671754385964771e-02,1.694749027113237605e-02,1.888443009037745965e-02,1.883258734715577074e-02,1.807765124933546214e-02,1.766868133971291957e-02,1.730467772461456721e-02,1.641782902711324058e-02,1.560148341307815087e-02,1.497860606060606031e-02,1.423448399787347399e-02,1.315968335991493827e-02,1.223393950026581585e-02,1.128115980861243983e-02,1.011114322169059075e-02,8.236504518872939801e-03,5.711876555023922934e-03,1.864601488569909591e-03,-7.558032961190855326e-03,-1.878266337054758095e-01,-5.205580478468899708e-01,-4.048480574162680035e-02,-3.905564274322169405e-03,-1.792529186602870913e-03,-1.226204784688995257e-03,-8.643930887825624406e-04,-3.851610845295055951e-04,1.894494417862838879e-04,1.086856990962254018e-04,-1.373894736842105576e-04,-2.700822966507177643e-04,-3.685911749069644360e-04,-2.244821903242955996e-04,-1.137743753322700911e-04,-2.303526315789473640e-04,4.794944178628388407e-05,4.636425837320573779e-04,2.701488038277511630e-04,7.750175438596491255e-05,1.449115895800106137e-03,1.338671770334928053e-03,-9.707347155768208675e-05,-1.543509835194045742e-04,-8.709170653907496421e-05,-2.837825624667730421e-05,8.317783094098883396e-05,8.091659582828283348e+00,9.954351282296651782e-01,5.469499202551834742e-03,-5.133534290271132361e-04,-5.385358851674640996e-04,-4.892791068580542137e-04,-4.252820308346623771e-04,-7.420103136629452052e-04,-5.822448165869218784e-04,-2.518807017543859997e-04,-3.000914407230197080e-05,1.769237639553429152e-04,9.413769271664008183e-05,9.244167995746943036e-05,5.933325358851674215e-04,2.191974481658692114e-04,-5.241177033492822957e-04,-2.767377990430621749e-04,2.325052631578947376e-04,1.392163742690058460e-04,-8.056820839978732747e-05,9.100637958532693176e-05,1.424778309409888523e-04,9.289782030834664204e-05,9.648607123870284110e-05,1.774460393407762098e-04,9.811617129186601949e-02,3.644549175970228372e-02,4.022034545454545446e-02,4.076279346092503975e-02,4.150546985645933024e-02,4.164968261562998486e-02,4.264757256778309302e-02,4.311509090909090153e-02,4.435635614035087632e-02,4.490203934077618975e-02,4.591436746411483444e-02,4.633998479532164261e-02,4.686320861244018532e-02,4.704425895800105895e-02,4.690246677299308997e-02,4.668988516746410550e-02,4.630858527379053818e-02,4.567888995215310666e-02,4.483046767676768241e-02,4.391604125465178865e-02,4.256470925039872177e-02,4.068304795321637385e-02,3.802063349282296806e-02,3.441499170653907619e-02,2.982404614566720041e-02,2.370814593301435319e-02,1.213166996278575334e-02
cyi,-5.485499999999999821e-01,-2.530999999999999917e-02,-2.339000000000000107e-02,-2.361999999999999864e-02,-2.341999999999999985e-02,-2.392000000000000029e-02,-2.368999999999999925e-02,-2.404999999999999846e-02,-2.390000000000000110e-02,-2.411999999999999908e-02,-2.401000000000000009e-02,-2.408000000000000071e-02,-2.419999999999999929e-02,-2.376999999999999946e-02,-2.370999999999999844e-02,-2.383000000000000049e-02,-2.424000000000000113e-02,-2.415000000000000133e-02,-2.408000000000000071e-02,-2.417000000000000051e-02,-2.435999999999999971e-02,-2.445999999999999910e-02,-2.437999999999999889e-02,-2.447999999999999829e-02,-2.458000000000000115e-02,-2.469000000000000014e-02,-2.453999999999999931e-02,-2.435999999999999971e-02,-2.401000000000000009e-02,-2.355000000000000149e-02,-2.336999999999999841e-02,-2.317999999999999922e-02,-2.296000000000000124e-02,-2.278000000000000164e-02,-2.264000000000000040e-02,-2.275999999999999898e-02,-2.299999999999999961e-02,-2.428999999999999909e-02,-3.341000000000000220e-02,-2.196999999999999995e-02,-2.183999999999999830e-02,-2.059000000000000066e-02,-1.974000000000000060e-02,-2.002999999999999919e-02,-2.198999999999999913e-02,-2.206999999999999934e-02,-2.134000000000000133e-02,-2.101000000000000090e-02,-2.086999999999999966e-02,-2.007000000000000103e-02,-1.924000000000000016e-02,-1.866999999999999910e-02,-1.796000000000000027e-02,-1.683000000000000121e-02,-1.583000000000000032e-02,-1.460000000000000013e-02,-1.319000000000000034e-02,-1.082999999999999935e-02,-7.459999999999999618e-03,-2.449999999999999921e-03,1.020000000000000073e-02,2.623400000000000176e-01,5.380599999999999827e-01,2.505999999999999894e-02,2.341999999999999985e-02,2.384000000000000008e-02,2.370999999999999844e-02,2.425000000000000072e-02,2.404999999999999846e-02,2.435000000000000012e-02,2.418999999999999970e-02,2.444999999999999951e-02,2.435000000000000012e-02,2.446999999999999870e-02,2.463999999999999871e-02,2.423000000000000154e-02,2.417000000000000051e-02,2.429999999999999868e-02,2.469000000000000014e-02,2.459000000000000075e-02,2.452000000000000013e-02,2.460999999999999993e-02,2.477999999999999994e-02,2.488999999999999893e-02,2.481999999999999831e-02,2.497999999999999873e-02,2.509000000000000119e-02,2.518000000000000099e-02,2.497999999999999873e-02,2.476000000000000076e-02,2.445999999999999910e-02,2.404999999999999846e-02,2.386999999999999886e-02,2.368999999999999925e-02,2.353999999999999843e-02,2.336999999999999841e-02,2.321000000000000146e-02,2.330000000000000127e-02,2.350000000000000006e-02,2.493000000000000077e-02,3.515999999999999681e-02,2.230999999999999997e-02,2.225999999999999854e-02,2.099000000000000171e-02,2.012999999999999859e-02,2.003999999999999879e-02,2.247000000000000039e-02,2.264000000000000040e-02,2.195000000000000076e-02,2.168000000000000135e-02,2.145999999999999991e-02,2.058000000000000107e-02,1.976999999999999938e-02,1.918999999999999873e-02,1.845000000000000112e-02,1.723999999999999838e-02,1.620999999999999872e-02,1.511999999999999976e-02,1.370999999999999996e-02,1.129999999999999928e-02,7.929999999999999549e-03,2.619999999999999933e-03,-1.074999999999999914e-02,-2.704599999999999782e-01,-5.918400000000000327e-01,-4.666000000000000009e-02,-4.570000000000000277e-03,-2.129999999999999949e-03,-1.479999999999999979e-03,-1.059999999999999961e-03,-4.800000000000000122e-04,2.400000000000000061e-04,1.399999999999999877e-04,-1.800000000000000113e-04,-3.600000000000000227e-04,-5.000000000000000104e-04,-3.099999999999999999e-04,-1.600000000000000131e-04,-3.299999999999999982e-04,6.999999999999999387e-05,6.899999999999999667e-04,4.099999999999999912e-04,1.200000000000000030e-04,2.289999999999999935e-03,2.160000000000000028e-03,-1.600000000000000131e-04,-2.599999999999999772e-04,-1.499999999999999869e-04,-5.000000000000000240e-05,1.499999999999999869e-04,9.205690000000000595e+00,1.147270000000000012e+00,6.400000000000000307e-03,-6.099999999999999737e-04,-6.499999999999999702e-04,-5.999999999999999474e-04,-5.299999999999999807e-04,-9.399999999999999719e-04,-7.500000000000000156e-04,-3.299999999999999982e-04,-4.000000000000000327e-05,2.400000000000000061e-04,1.299999999999999886e-04,1.299999999999999886e-04,8.499999999999999526e-04,3.200000000000000262e-04,-7.799999999999999859e-04,-4.200000000000000174e-04,3.600000000000000227e-04,2.200000000000000078e-04,-1.299999999999999886e-04,1.499999999999999869e-04,2.400000000000000061e-04,1.600000000000000131e-04,1.700000000000000122e-04,3.200000000000000262e-04,9.776999999999999580e-02,3.699999999999999817e-02,4.161000000000000115e-02,4.299000000000000044e-02,4.463999999999999913e-02,4.569999999999999757e-02,4.775999999999999690e-02,4.929999999999999660e-02,5.181000000000000189e-02,5.360000000000000181e-02,5.603999999999999954e-02,5.786000000000000171e-02,5.988999999999999879e-02,6.156999999999999973e-02,6.289999999999999758e-02,6.419999999999999318e-02,6.532999999999999918e-02,6.615999999999999659e-02,6.671000000000000540e-02,6.718999999999999972e-02,6.701000000000000012e-02,6.596000000000000474e-02,6.353999999999999926e-02,5.933999999999999692e-02,5.310999999999999749e-02,4.365000000000000130e-02,2.312000000000000166e-02
cyi*c/cref,-6.621269712918659289e-01,-3.037132721956406142e-02,-2.786991244019139044e-02,-2.791793588516745805e-02,-2.745742870813397060e-02,-2.781472535885167255e-02,-2.732057751196172515e-02,-2.750560526315789026e-02,-2.710534449760765643e-02,-2.712403636363636822e-02,-2.677070324295587403e-02,-2.661832131844763319e-02,-2.651939181286549693e-02,-2.582084173312067937e-02,-2.552877506645400904e-02,-2.543006858054226368e-02,-2.563563636363636739e-02,-2.530948245614035239e-02,-2.500581903242955761e-02,-2.486798745348218695e-02,-2.483049377990430642e-02,-2.469848825093035397e-02,-2.438453641679957581e-02,-2.425042679425836942e-02,-2.411440435938330684e-02,-2.398631531100478553e-02,-2.360588835725677473e-02,-2.319975948963317117e-02,-2.263692413609781975e-02,-2.197799681020733489e-02,-2.158662424242423911e-02,-2.118942828282828136e-02,-2.076885188729399312e-02,-2.038828165869218528e-02,-2.004657054758107390e-02,-1.993526741095161953e-02,-1.992562998405103536e-02,-2.081101600212652974e-02,-2.844592408293461147e-02,-1.868057357788410408e-02,-1.854495821371610759e-02,-1.745990404040404301e-02,-1.671645326953747832e-02,-1.693903343965975569e-02,-1.848925279106857986e-02,-1.836655778841041892e-02,-1.757526549707602581e-02,-1.712264736842105187e-02,-1.682892004253057003e-02,-1.601097320574162985e-02,-1.518323423710792389e-02,-1.457272408293460927e-02,-1.386395513024986891e-02,-1.284672105263157983e-02,-1.194714758107389731e-02,-1.089318341307814880e-02,-9.727642530568845688e-03,-7.893924242424242219e-03,-5.373341626794257350e-03,-1.743615895800106194e-03,7.171342902711324782e-03,1.821875289739500470e-01,6.494650226475278121e-01,3.007133386496544172e-02,2.790565837320574394e-02,2.817796746411482811e-02,2.779742248803827517e-02,2.819845693779904350e-02,2.773574880382775193e-02,2.784871052631578484e-02,2.743423779904306109e-02,2.749513636363636743e-02,2.714979691653375549e-02,2.704943200425305103e-02,2.700156257309941493e-02,2.632052987772461397e-02,2.602406129718234928e-02,2.593162679425837017e-02,2.611154545454545672e-02,2.577060760233918293e-02,2.546273599149388375e-02,2.532069388623072598e-02,2.525860574162679464e-02,2.513268080808080465e-02,2.482461828814460508e-02,2.474573779904306117e-02,2.461474391281233409e-02,2.446234992025518584e-02,2.402913981924507947e-02,2.358070792131844798e-02,2.306118968633705246e-02,2.244462094630515422e-02,2.204846900584795169e-02,2.165563227006911048e-02,2.129350058479531974e-02,2.091633636363636126e-02,2.055127660818713287e-02,2.040824827219564139e-02,2.035879585326953733e-02,2.135935071770335078e-02,2.993590813397128958e-02,1.896966757044125235e-02,1.890159202551833922e-02,1.779909595959596261e-02,1.704671754385964771e-02,1.694749027113237605e-02,1.889283811802233010e-02,1.884090930356193544e-02,1.807765124933546214e-02,1.766868133971291957e-02,1.730467772461456721e-02,1.641782902711324058e-02,1.560148341307815087e-02,1.497860606060606031e-02,1.424220334928229942e-02,1.315968335991493827e-02,1.223393950026581585e-02,1.128115980861243983e-02,1.011114322169059075e-02,8.236504518872939801e-03,5.711876555023922934e-03,1.864601488569909591e-03,-7.558032961190855326e-03,-1.878266337054758095e-01,-5.205580478468899708e-01,-4.048480574162680035e-02,-3.905564274322169405e-03,-1.792529186602870913e-03,-1.226204784688995257e-03,-8.643930887825624406e-04,-3.851610845295055951e-04,1.894494417862838879e-04,1.086856990962254018e-04,-1.373894736842105576e-04,-2.700822966507177643e-04,-3.685911749069644360e-04,-2.244821903242955996e-04,-1.137743753322700911e-04,-2.303526315789473640e-04,4.794944178628388407e-05,4.636425837320573779e-04,2.701488038277511630e-04,7.750175438596491255e-05,1.449115895800106137e-03,1.338671770334928053e-03,-9.707347155768208675e-05,-1.543509835194045742e-04,-8.709170653907496421e-05,-2.837825624667730421e-05,8.317783094098883396e-05,8.091659582828283348e+00,9.954351282296651782e-01,5.469499202551834742e-03,-5.133534290271132361e-04,-5.385358851674640996e-04,-4.892791068580542137e-04,-4.252820308346623771e-04,-7.420103136629452052e-04,-5.822448165869218784e-04,-2.518807017543859997e-04,-3.000914407230197080e-05,1.769237639553429152e-04,9.413769271664008183e-05,9.244167995746943036e-05,5.933325358851674215e-04,2.191974481658692114e-04,-5.241177033492822957e-04,-2.767377990430621749e-04,2.325052631578947376e-04,1.392163742690058460e-04,-8.056820839978732747e-05,9.100637958532693176e-05,1.424778309409888523e-04,9.289782030834664204e-05,9.648607123870284110e-05,1.774460393407762098e-04,9.811617129186601949e-02,3.644549175970228372e-02,4.022034545454545446e-02,4.076279346092503975e-02,4.150546985645933024e-02,4.164968261562998486e-02,4.264757256778309302e-02,4.311509090909090153e-02,4.435635614035087632e-02,4.490203934077618975e-02,4.591436746411483444e-02,4.633998479532164261e-02,4.686320861244018532e-02,4.704425895800105895e-02,4.690246677299308997e-02,4.668988516746410550e-02,4.630858527379053818e-02,4.567888995215310666e-02,4.483046767676768241e-02,4.391604125465178865e-02,4.256470925039872177e-02,4.068304795321637385e-02,3.802063349282296806e-02,3.441499170653907619e-02,2.982404614566720041e-02,2.370814593301435319e-02,1.213166996278575334e-02
cyo,3.000000000000000076e-05,1.000000000000000082e-05,1.000000000000000082e-05,1.000000000000000082e-05,1.000000000000000082e-05,1.000000000000000082e-05,1.000000000000000082e-05,1.000000000000000082e-05,1.000000000000000082e-05,1.000000000000000082e-05,1.000000000000000082e-05,1.000000000000000082e-05,1.000000000000000082e-05,1.000000000000000082e-05,1.000000000000000082e-05,1.000000000000000082e-05,1.000000000000000082e-05,1.000000000000000082e-05,1.000000000000000082e-05,1.000000000000000082e-05,1.000000000000000082e-05,1.000000000000000082e-05,1.000000000000000082e-05,1.000000000000000082e-05,1.000000000000000082e-05,1.000000000000000082e-05,1.000000000000000082e-05,1.000000000000000082e-05,1.000000000000000082e-05,1.000000000000000082e-05,1.000000000000000082e-05,1.000000000000000082e-05,1.000000000000000082e-05,1.000000000000000082e-05,1.000000000000000082e-05,1.000000000000000082e-05,0.000000000000000000e+00,0.000000000000000000e+00,0.000000000000000000e+00,0.000000000000000000e+00,0.000000000000000000e+00,0.000000000000000000e+00,0.000000000000000000e+00,0.000000000000000000e+00,0.000000000000000000e+00,0.000000000000000000e+00,0.000000000000000000e+00,0.000000000000000000e+00,0.000000000000000000e+00,0.000000000000000000e+00,0.000000000000000000e+00,0.000000000000000000e+00,0.000000000000000000e+00,0.000000000000000000e+00,0.000000000000000000e+00,0.000000000000000000e+00,0.000000000000000000e+00,0.000000000000000000e+00,0.000000000000000000e+00,0.000000000000000000e+00,0.000000000000000000e+00,0.000000000000000000e+00,-3.000000000000000076e-05,-1.000000000000000082e-05,-1.000000000000000082e-05,-1.000000000000000082e-05,-1.000000000000000082e-05,-1.000000000000000082e-05,-1.000000000000000082e-05,-1.000000000000000082e-05,-1.000000000000000082e-05,-1.000000000000000082e-05,-1.000000000000000082e-05,-1.000000000000000082e-05,-1.000000000000000082e-05,-1.000000000000000082e-05,-1.000000000000000082e-05,-1.000000000000000082e-05,-1.000000000000000082e-05,-1.000000000000000082e-05,-1.000000000000000082e-05,-1.000000000000000082e-05,-1.000000000000000082e-05,-1.000000000000000082e-05,-1.000000000000000082e-05,-1.000000000000000082e-05,-1.000000000000000082e-05,-1.000000000000000082e-05,-1.000000000000000082e-05,-1.000000000000000082e-05,-1.000000000000000082e-05,-1.000000000000000082e-05,-1.000000000000000082e-05,-1.000000000000000082e-05,-1.000000000000000082e-05,-1.000000000000000082e-05,-1.000000000000000082e-05,-1.000000000000000082e-05,-0.000000000000000000e+00,-0.000000000000000000e+00,-0.000000000000000000e+00,-0.000000000000000000e+00,-0.000000000000000000e+00,-0.000000000000000000e+00,-0.000000000000000000e+00,-0.000000000000000000e+00,-0.000000000000000000e+00,-0.000000000000000000e+00,-0.000000000000000000e+00,-0.000000000000000000e+00,-0.000000000000000000e+00,-0.000000000000000000e+00,-0.000000000000000000e+00,-0.000000000000000000e+00,-0.000000000000000000e+00,-0.000000000000000000e+00,-0.000000000000000000e+00,-0.000000000000000000e+00,-0.000000000000000000e+00,-0.000000000000000000e+00,-0.000000000000000000e+00,-0.000000000000000000e+00,-0.000000000000000000e+00,-0.000000000000000000e+00,0.000000000000000000e+00,0.000000000000000000e+00,0.000000000000000000e+00,0.000000000000000000e+00,0.000000000000000000e+00,0.000000000000000000e+00,0.000000000000000000e+00,0.000000000000000000e+00,0.000000000000000000e+00,0.000000000000000000e+00,0.000000000000000000e+00,0.000000000000000000e+00,0.000000000000000000e+00,0.000000000000000000e+00,0.000000000000000000e+00,0.000000000000000000e+00,0.000000000000000000e+00,0.000000000000000000e+00,0.000000000000000000e+00,0.000000000000000000e+00,0.000000000000000000e+00,0.000000000000000000e+00,0.000000000000000000e+00,0.000000000000000000e+00,0.000000000000000000e+00,0.000000000000000000e+00,0.000000000000000000e+00,0.000000000000000000e+00,0.000000000000000000e+00,0.000000000000000000e+00,0.000000000000000000e+00,0.000000000000000000e+00,0.000000000000000000e+00,0.000000000000000000e+00,0.000000000000000000e+00,0.000000000000000000e+00,0.000000000000000000e+00,0.000000000000000000e+00,0.000000000000000000e+00,0.000000000000000000e+00,0.000000000000000000e+00,0.000000000000000000e+00,0.000000000000000000e+00,0.000000000000000000e+00,0.000000000000000000e+00,0.000000000000000000e+00,0.000000000000000000e+00,0.000000000000000000e+00,0.000000000000000000e+00,0.000000000000000000e+00,0.000000000000000000e+00,0.000000000000000000e+00,0.000000000000000000e+00,0.000000000000000000e+00,0.000000000000000000e+00,0.000000000000000000e+00,0.000000000000000000e+00,0.000000000000000000e+00,0.000000000000000000e+00,0.000000000000000000e+00,0.000000000000000000e+00,0.000000000000000000e+00,0.000000000000000000e+00,0.000000000000000000e+00,0.000000000000000000e+00,0.000000000000000000e+00,0.000000000000000000e+00,0.000000000000000000e+00,0.000000000000000000e+00,0.000000000000000000e+00,0.000000000000000000e+00,0.000000000000000000e+00,0.000000000000000000e+00,0.000000000000000000e+00,0.000000000000000000e+00,0.000000000000000000e+00,0.000000000000000000e+00,0.000000000000000000e+00,0.000000000000000000e+00
cyo*c/cref,3.621148325358851573e-05,1.199973418394471160e-05,1.191531100478469024e-05,1.181961722488038243e-05,1.172392344497607801e-05,1.162822966507177020e-05,1.153253588516746578e-05,1.143684210526315797e-05,1.134114832535885355e-05,1.124545454545454913e-05,1.114981392876129635e-05,1.105412014885699024e-05,1.095842636895268582e-05,1.086278575225943643e-05,1.076709197235513032e-05,1.067145135566188093e-05,1.057575757575757650e-05,1.048011695906432881e-05,1.038447634237107942e-05,1.028878256246677330e-05,1.019314194577352561e-05,1.009750132908027622e-05,1.000186071238703022e-05,9.906220095693780826e-06,9.810579479000533130e-06,9.714992025518342158e-06,9.619351408825092768e-06,9.523710792131845072e-06,9.428123338649655794e-06,9.332482721956406404e-06,9.236895268474217127e-06,9.141254651780969431e-06,9.045667198298776765e-06,8.950079744816587487e-06,8.854492291334396516e-06,8.758904837852207238e-06,0.000000000000000000e+00,0.000000000000000000e+00,0.000000000000000000e+00,0.000000000000000000e+00,0.000000000000000000e+00,0.000000000000000000e+00,0.000000000000000000e+00,0.000000000000000000e+00,0.000000000000000000e+00,0.000000000000000000e+00,0.000000000000000000e+00,0.000000000000000000e+00,0.000000000000000000e+00,0.000000000000000000e+00,0.000000000000000000e+00,0.000000000000000000e+00,0.000000000000000000e+00,0.000000000000000000e+00,0.000000000000000000e+00,0.000000000000000000e+00,0.000000000000000000e+00,0.000000000000000000e+00,0.000000000000000000e+00,0.000000000000000000e+00,0.000000000000000000e+00,0.000000000000000000e+00,-3.621148325358851573e-05,-1.199973418394471160e-05,-1.191531100478469024e-05,-1.181961722488038243e-05,-1.172392344497607801e-05,-1.162822966507177020e-05,-1.153253588516746578e-05,-1.143684210526315797e-05,-1.134114832535885355e-05,-1.124545454545454913e-05,-1.114981392876129635e-05,-1.105412014885699024e-05,-1.095842636895268582e-05,-1.086278575225943643e-05,-1.076709197235513032e-05,-1.067145135566188093e-05,-1.057575757575757650e-05,-1.048011695906432881e-05,-1.038447634237107942e-05,-1.028878256246677330e-05,-1.019314194577352561e-05,-1.009750132908027622e-05,-1.000186071238703022e-05,-9.906220095693780826e-06,-9.810579479000533130e-06,-9.714992025518342158e-06,-9.619351408825092768e-06,-9.523710792131845072e-06,-9.428123338649655794e-06,-9.332482721956406404e-06,-9.236895268474217127e-06,-9.141254651780969431e-06,-9.045667198298776765e-06,-8.950079744816587487e-06,-8.854492291334396516e-06,-8.758904837852207238e-06,-0.000000000000000000e+00,-0.000000000000000000e+00,-0.000000000000000000e+00,-0.000000000000000000e+00,-0.000000000000000000e+00,-0.000000000000000000e+00,-0.000000000000000000e+00,-0.000000000000000000e+00,-0.000000000000000000e+00,-0.000000000000000000e+00,-0.000000000000000000e+00,-0.000000000000000000e+00,-0.000000000000000000e+00,-0.000000000000000000e+00,-0.000000000000000000e+00,-0.000000000000000000e+00,-0.000000000000000000e+00,-0.000000000000000000e+00,-0.000000000000000000e+00,-0.000000000000000000e+00,-0.000000000000000000e+00,-0.000000000000000000e+00,-0.000000000000000000e+00,-0.000000000000000000e+00,-0.000000000000000000e+00,-0.000000000000000000e+00,0.000000000000000000e+00,0.000000000000000000e+00,0.000000000000000000e+00,0.000000000000000000e+00,0.000000000000000000e+00,0.000000000000000000e+00,0.000000000000000000e+00,0.000000000000000000e+00,0.000000000000000000e+00,0.000000000000000000e+00,0.000000000000000000e+00,0.000000000000000000e+00,0.000000000000000000e+00,0.000000000000000000e+00,0.000000000000000000e+00,0.000000000000000000e+00,0.000000000000000000e+00,0.000000000000000000e+00,0.000000000000000000e+00,0.000000000000000000e+00,0.000000000000000000e+00,0.000000000000000000e+00,0.000000000000000000e+00,0.000000000000000000e+00,0.000000000000000000e+00,0.000000000000000000e+00,0.000000000000000000e+00,0.000000000000000000e+00,0.000000000000000000e+00,0.000000000000000000e+00,0.000000000000000000e+00,0.000000000000000000e+00,0.000000000000000000e+00,0.000000000000000000e+00,0.000000000000000000e+00,0.000000000000000000e+00,0.000000000000000000e+00,0.000000000000000000e+00,0.000000000000000000e+00,0.000000000000000000e+00,0.000000000000000000e+00,0.000000000000000000e+00,0.000000000000000000e+00,0.000000000000000000e+00,0.000000000000000000e+00,0.000000000000000000e+00,0.000000000000000000e+00,0.000000000000000000e+00,0.000000000000000000e+00,0.000000000000000000e+00,0.000000000000000000e+00,0.000000000000000000e+00,0.000000000000000000e+00,0.000000000000000000e+00,0.000000000000000000e+00,0.000000000000000000e+00,0.000000000000000000e+00,0.000000000000000000e+00,0.000000000000000000e+00,0.000000000000000000e+00,0.000000000000000000e+00,0.000000000000000000e+00,0.000000000000000000e+00,0.000000000000000000e+00,0.000000000000000000e+00,0.000000000000000000e+00,0.000000000000000000e+00,0.000000000000000000e+00,0.000000000000000000e+00,0.000000000000000000e+00,0.000000000000000000e+00,0.000000000000000000e+00,0.000000000000000000e+00,0.000000000000000000e+00,0.000000000000000000e+00,0.000000000000000000e+00,0.000000000000000000e+00,0.000000000000000000e+00,0.000000000000000000e+00
cz,2.698179999999999801e+00,7.119100000000000428e-01,7.326500000000000234e-01,7.562499999999999778e-01,7.548899999999999499e-01,7.715300000000000491e-01,7.655300000000000438e-01,7.751099999999999657e-01,7.691799999999999748e-01,7.753799999999999581e-01,7.706600000000000117e-01,7.762000000000000011e-01,7.796600000000000197e-01,7.716699999999999671e-01,7.695899999999999963e-01,7.709700000000000442e-01,7.788100000000000023e-01,7.767300000000000315e-01,7.760500000000000176e-01,7.790399999999999547e-01,7.829399999999999693e-01,7.859599999999999920e-01,7.845400000000000151e-01,7.821700000000000319e-01,7.793799999999999617e-01,7.771299999999999875e-01,7.739899999999999558e-01,7.697199999999999598e-01,7.646399999999999864e-01,7.582600000000000451e-01,7.538099999999999801e-01,7.492499999999999716e-01,7.455800000000000205e-01,7.413199999999999790e-01,7.367799999999999905e-01,7.329900000000000304e-01,7.297299999999999898e-01,7.267200000000000326e-01,7.243699999999999584e-01,7.210299999999999487e-01,7.166799999999999837e-01,7.139999999999999680e-01,7.116799999999999793e-01,7.087099999999999511e-01,7.067200000000000149e-01,7.005799999999999805e-01,6.933399999999999563e-01,6.857900000000000107e-01,6.778800000000000381e-01,6.680599999999999872e-01,6.567600000000000104e-01,6.440500000000000114e-01,6.297099999999999920e-01,6.127099999999999769e-01,5.938099999999999490e-01,5.710499999999999465e-01,5.442500000000000115e-01,5.111499999999999932e-01,4.693599999999999994e-01,4.168499999999999983e-01,3.575800000000000090e-01,3.576099999999999834e-01,2.739079999999999959e+00,7.273199999999999665e-01,7.422299999999999454e-01,7.655699999999999728e-01,7.638599999999999834e-01,7.810500000000000220e-01,7.759000000000000341e-01,7.857699999999999685e-01,7.803200000000000136e-01,7.876199999999999868e-01,7.835600000000000342e-01,7.893700000000000161e-01,7.935499999999999776e-01,7.861399999999999499e-01,7.841500000000000137e-01,7.866400000000000059e-01,7.949300000000000255e-01,7.925600000000000422e-01,7.918199999999999683e-01,7.956400000000000139e-01,7.991000000000000325e-01,8.010300000000000198e-01,7.995900000000000230e-01,7.979300000000000281e-01,7.950599999999999890e-01,7.933799999999999741e-01,7.905299999999999550e-01,7.863900000000000334e-01,7.822900000000000409e-01,7.766699999999999715e-01,7.727500000000000480e-01,7.681400000000000450e-01,7.640200000000000324e-01,7.595399999999999929e-01,7.545800000000000285e-01,7.502699999999999925e-01,7.469400000000000484e-01,7.434199999999999697e-01,7.411900000000000155e-01,7.374800000000000244e-01,7.327500000000000124e-01,7.301299999999999457e-01,7.275899999999999590e-01,7.247299999999999853e-01,7.233399999999999830e-01,7.166500000000000092e-01,7.097700000000000120e-01,7.017299999999999649e-01,6.928999999999999604e-01,6.822799999999999976e-01,6.706400000000000139e-01,6.568500000000000449e-01,6.412700000000000067e-01,6.237300000000000066e-01,6.024699999999999500e-01,5.787400000000000322e-01,5.512000000000000233e-01,5.176500000000000545e-01,4.762100000000000222e-01,4.231599999999999806e-01,3.629000000000000004e-01,3.650399999999999756e-01,-6.302400000000000224e-01,-2.742399999999999838e-01,-1.499600000000000100e-01,-1.377099999999999991e-01,-1.310699999999999921e-01,-1.245499999999999940e-01,-1.212000000000000022e-01,-1.150999999999999940e-01,-1.126800000000000024e-01,-1.070799999999999946e-01,-1.031399999999999956e-01,-9.879999999999999893e-02,-9.422999999999999432e-02,-8.906999999999999640e-02,-8.742999999999999383e-02,-8.520999999999999408e-02,-7.589999999999999525e-02,-6.825000000000000511e-02,-6.283999999999999309e-02,-4.984000000000000236e-02,-4.118999999999999745e-02,-4.229999999999999732e-02,-4.055999999999999883e-02,-3.570999999999999869e-02,-2.844000000000000000e-02,-1.752000000000000085e-02,-4.639495000000000147e+01,-1.375050000000000106e+00,-1.831500000000000072e-01,-1.523200000000000109e-01,-1.386100000000000110e-01,-1.278700000000000114e-01,-1.223899999999999988e-01,-1.149700000000000027e-01,-1.109099999999999947e-01,-1.033599999999999935e-01,-9.859999999999999321e-02,-9.403000000000000247e-02,-8.866999999999999882e-02,-8.122000000000000053e-02,-7.634000000000000508e-02,-7.398000000000000409e-02,-6.428000000000000380e-02,-5.648000000000000242e-02,-5.278999999999999665e-02,-4.540000000000000285e-02,-3.867000000000000298e-02,-3.361999999999999711e-02,-2.990999999999999909e-02,-2.556999999999999898e-02,-2.033000000000000085e-02,-1.255000000000000039e-02,-1.082999999999999935e-02,2.300000000000000070e-04,4.000000000000000192e-04,5.100000000000000366e-04,4.299999999999999894e-04,3.800000000000000209e-04,3.099999999999999999e-04,2.200000000000000078e-04,1.600000000000000131e-04,1.299999999999999886e-04,1.000000000000000048e-04,4.000000000000000327e-05,5.000000000000000240e-05,3.000000000000000076e-05,-0.000000000000000000e+00,-3.000000000000000076e-05,-6.999999999999999387e-05,-1.000000000000000048e-04,-1.499999999999999869e-04,-1.499999999999999869e-04,-1.499999999999999869e-04,-2.599999999999999772e-04,-4.299999999999999894e-04,-6.199999999999999999e-04,-8.099999999999999561e-04,-1.000000000000000021e-03,5.660000000000000100e-03
cz*c/cref,3.256836662838915153e+00,8.542730762892078999e-01,8.729752607655503205e-01,8.938585526315787622e-01,8.850272569377989340e-01,8.971528033492822685e-01,8.828502196172249850e-01,8.864810684210524538e-01,8.723384468899521016e-01,8.719500545454546003e-01,8.592715602339180414e-01,8.580208059542795418e-01,8.543846702817650129e-01,8.382485881446039011e-01,8.286246311004784593e-01,8.227368851674640160e-01,8.236505757575758313e-01,8.140221245614035483e-01,8.058872865497075377e-01,8.015373167464113768e-01,7.980618555023923921e-01,7.936232144603934113e-01,7.846859803296120095e-01,7.748348172248803456e-01,7.646169434343433879e-01,7.549811752791069086e-01,7.445281796916533024e-01,7.330590670919723273e-01,7.209120229665071378e-01,7.076448348750664641e-01,6.962864022328548730e-01,6.849085047846890095e-01,6.744268549707602700e-01,6.634873116427432160e-01,6.523812830409355668e-01,6.420189657097288283e-01,6.321882594896331975e-01,6.226340695374801282e-01,6.167427125996809423e-01,6.130748278043592903e-01,6.085531434343434132e-01,6.054575757575757500e-01,6.026730224348749720e-01,5.993441032961189796e-01,5.942121297182350048e-01,5.830196219032429683e-01,5.710231761828814534e-01,5.589024435406698688e-01,5.466213856459331000e-01,5.329492157363104887e-01,5.182817524720894076e-01,5.027082456140351541e-01,4.860952775651249391e-01,4.676954519404571964e-01,4.481576566719829846e-01,4.260652320574161989e-01,4.013850983519404725e-01,3.725742729930887620e-01,3.380739444976076369e-01,2.966637902711323771e-01,2.514047838383838274e-01,2.483497836257309854e-01,3.306204985007974440e+00,8.727646666666666331e-01,8.843901287081339380e-01,9.048744358851672498e-01,8.955436162679425438e-01,9.082228779904305549e-01,8.948094593301436639e-01,8.986727421052630449e-01,8.849724861244019358e-01,8.857144909090910456e-01,8.736548202020201215e-01,8.725790821903242067e-01,8.696059245082402578e-01,8.539670391281232176e-01,8.443015170122274426e-01,8.394590494417861759e-01,8.406986969696970124e-01,8.306121497076023319e-01,8.222636057416267130e-01,8.186166958001062088e-01,8.145339728867624363e-01,8.088401489633173513e-01,7.997387807017545258e-01,7.904470200956937864e-01,7.799999320574162454e-01,7.707680373205741953e-01,7.604385869218499572e-01,7.489350929824560854e-01,7.375526606592238688e-01,7.248259355661881287e-01,7.137810818713450356e-01,7.021763348219033363e-01,6.911070652844232276e-01,6.797943569377989936e-01,6.681422793195108678e-01,6.571543532695374168e-01,6.470978287081340374e-01,6.369421785220628074e-01,6.310635878787879127e-01,6.270618753854332317e-01,6.221986323763954996e-01,6.191354898989899214e-01,6.161461111642743127e-01,6.128919473152577568e-01,6.081862716640085154e-01,5.963930058479531837e-01,5.845546481658692173e-01,5.718931622009568727e-01,5.587330473152578580e-01,5.442933133439660232e-01,5.292351459861776020e-01,5.126991866028708378e-01,4.950188477937267906e-01,4.761072681020733777e-01,4.546934935672514166e-01,4.318028060606060592e-01,4.065107325890484069e-01,3.773120853269538166e-01,3.430079110047846713e-01,3.011544908027644629e-01,2.551451313131313237e-01,2.535097033492823004e-01,-5.543331036682616064e-01,-2.379458449760765704e-01,-1.281572031897926789e-01,-1.158916405103668362e-01,-1.085936899521531135e-01,-1.015661879319510741e-01,-9.725317384370014973e-02,-9.085679479000530190e-02,-8.747646124401912970e-02,-8.173147134502924127e-02,-7.737857799043063034e-02,-7.283361616161616869e-02,-6.823534449760765286e-02,-6.333677256778309783e-02,-6.102948660287080274e-02,-5.836817049441785782e-02,-5.100068421052630918e-02,-4.496989234449760842e-02,-4.058508538011695171e-02,-3.153883678894205123e-02,-2.552772695374800130e-02,-2.566379904306219720e-02,-2.407875342902711380e-02,-2.073363227006911474e-02,-1.614155215311004893e-02,-9.715170653907497997e-03,-4.078044576368952789e+01,-1.193069698564593439e+00,-1.565216842105263406e-01,-1.281868759170654015e-01,-1.148407062200957063e-01,-1.042735323232323319e-01,-9.820805236576288233e-02,-9.075417634237108178e-02,-8.610236347687399983e-02,-7.889208888888889215e-02,-7.397254013822435192e-02,-6.931725635300373112e-02,-6.420914779372674519e-02,-5.775471727804359912e-02,-5.328824210526315885e-02,-5.067571004784689193e-02,-4.319267432216905567e-02,-3.721464497607655103e-02,-3.409431345029239474e-02,-2.872919723551302373e-02,-2.396594322169058947e-02,-2.039756321105794593e-02,-1.775629968102073603e-02,-1.484623290802764527e-02,-1.153859898989899151e-02,-6.959211855396067216e-03,-1.086834545454545310e-02,2.265530568846358609e-04,3.866411483253588449e-04,4.835781499202551625e-04,3.998062732589048162e-04,3.463212121212121629e-04,2.768163211057948271e-04,1.923999999999999875e-04,1.369816055289739629e-04,1.089041998936735804e-04,8.193141945773525444e-05,3.203593833067517769e-05,3.912440191387559385e-05,2.292232854864433681e-05,-0.000000000000000000e+00,-2.181770334928229374e-05,-4.961887293992556350e-05,-6.904306220095694628e-05,-1.008030303030302982e-04,-9.804146730462520406e-05,-9.527990430622008283e-05,-1.603637426900584423e-04,-2.573004784688995034e-04,-3.595769271664008525e-04,-4.548574162679426135e-04,-5.431419457735247322e-04,2.969950345560872298e-03
czi,2.698500000000000121e+00,7.122100000000000097e-01,7.329499999999999904e-01,7.565600000000000103e-01,7.551900000000000279e-01,7.718300000000000161e-01,7.658300000000000107e-01,7.754100000000000437e-01,7.694699999999999873e-01,7.756699999999999706e-01,7.709399999999999586e-01,7.764799999999999480e-01,7.799399999999999666e-01,7.719399999999999595e-01,7.698599999999999888e-01,7.712400000000000366e-01,7.790700000000000403e-01,7.769800000000000040e-01,7.762999999999999901e-01,7.792900000000000382e-01,7.831900000000000528e-01,7.861900000000000555e-01,7.847699999999999676e-01,7.823900000000000299e-01,7.795999999999999597e-01,7.773499999999999854e-01,7.741999999999999993e-01,7.699200000000000488e-01,7.648300000000000098e-01,7.584499999999999575e-01,7.539900000000000491e-01,7.494199999999999751e-01,7.457500000000000240e-01,7.414800000000000280e-01,7.369400000000000395e-01,7.331299999999999484e-01,7.298700000000000188e-01,7.268499999999999961e-01,7.245000000000000329e-01,7.211600000000000232e-01,7.168099999999999472e-01,7.141199999999999770e-01,7.117999999999999883e-01,7.088299999999999601e-01,7.068400000000000238e-01,7.006900000000000350e-01,6.934500000000000108e-01,6.858899999999999997e-01,6.779800000000000271e-01,6.681599999999999762e-01,6.568500000000000449e-01,6.441400000000000459e-01,6.297899999999999610e-01,6.127899999999999459e-01,5.938799999999999635e-01,5.711100000000000065e-01,5.443099999999999605e-01,5.111999999999999877e-01,4.693999999999999839e-01,4.168899999999999828e-01,3.576099999999999834e-01,3.576400000000000134e-01,2.739399999999999835e+00,7.276299999999999990e-01,7.425399999999999778e-01,7.658700000000000507e-01,7.641700000000000159e-01,7.813499999999999890e-01,7.762099999999999556e-01,7.860700000000000465e-01,7.806199999999999806e-01,7.879199999999999537e-01,7.838500000000000467e-01,7.896600000000000286e-01,7.938300000000000356e-01,7.864200000000000079e-01,7.844200000000000061e-01,7.869099999999999984e-01,7.952000000000000179e-01,7.928199999999999692e-01,7.920800000000000063e-01,7.958899999999999864e-01,7.993500000000000050e-01,8.012700000000000378e-01,7.998199999999999754e-01,7.981599999999999806e-01,7.952799999999999869e-01,7.935999999999999721e-01,7.907399999999999984e-01,7.865999999999999659e-01,7.824900000000000189e-01,7.768599999999999950e-01,7.729300000000000059e-01,7.683200000000000029e-01,7.641900000000000359e-01,7.597000000000000419e-01,7.547300000000000120e-01,7.504100000000000215e-01,7.470799999999999663e-01,7.435500000000000442e-01,7.413199999999999790e-01,7.376099999999999879e-01,7.328799999999999759e-01,7.302499999999999547e-01,7.277099999999999680e-01,7.248599999999999488e-01,7.234599999999999920e-01,7.167700000000000182e-01,7.098799999999999555e-01,7.018299999999999539e-01,6.929999999999999494e-01,6.823799999999999866e-01,6.707300000000000484e-01,6.569399999999999684e-01,6.413499999999999757e-01,6.238099999999999756e-01,6.025399999999999645e-01,5.787999999999999812e-01,5.512599999999999723e-01,5.177100000000000035e-01,4.762500000000000067e-01,4.232000000000000206e-01,3.629399999999999848e-01,3.650700000000000056e-01,-6.302400000000000224e-01,-2.742399999999999838e-01,-1.499600000000000100e-01,-1.377099999999999991e-01,-1.310699999999999921e-01,-1.245499999999999940e-01,-1.212000000000000022e-01,-1.150999999999999940e-01,-1.126800000000000024e-01,-1.070799999999999946e-01,-1.031399999999999956e-01,-9.879999999999999893e-02,-9.422999999999999432e-02,-8.906999999999999640e-02,-8.742999999999999383e-02,-8.520999999999999408e-02,-7.589999999999999525e-02,-6.825000000000000511e-02,-6.283999999999999309e-02,-4.984000000000000236e-02,-4.118999999999999745e-02,-4.229999999999999732e-02,-4.055999999999999883e-02,-3.570999999999999869e-02,-2.844000000000000000e-02,-1.752000000000000085e-02,-4.639495000000000147e+01,-1.375050000000000106e+00,-1.831500000000000072e-01,-1.523200000000000109e-01,-1.386100000000000110e-01,-1.278700000000000114e-01,-1.223899999999999988e-01,-1.149700000000000027e-01,-1.109099999999999947e-01,-1.033599999999999935e-01,-9.859999999999999321e-02,-9.403000000000000247e-02,-8.866999999999999882e-02,-8.122000000000000053e-02,-7.634000000000000508e-02,-7.398000000000000409e-02,-6.428000000000000380e-02,-5.648000000000000242e-02,-5.278999999999999665e-02,-4.540000000000000285e-02,-3.867000000000000298e-02,-3.361999999999999711e-02,-2.990999999999999909e-02,-2.556999999999999898e-02,-2.033000000000000085e-02,-1.255000000000000039e-02,-1.089000000000000037e-02,2.300000000000000070e-04,4.000000000000000192e-04,5.100000000000000366e-04,4.299999999999999894e-04,3.800000000000000209e-04,3.099999999999999999e-04,2.200000000000000078e-04,1.600000000000000131e-04,1.299999999999999886e-04,1.000000000000000048e-04,4.000000000000000327e-05,5.000000000000000240e-05,3.000000000000000076e-05,-0.000000000000000000e+00,-3.000000000000000076e-05,-6.999999999999999387e-05,-1.000000000000000048e-04,-1.499999999999999869e-04,-1.499999999999999869e-04,-1.499999999999999869e-04,-2.599999999999999772e-04,-4.299999999999999894e-04,-6.199999999999999999e-04,-8.099999999999999561e-04,-1.000000000000000021e-03,5.660000000000000100e-03
czi*c/cref,3.257222918660287014e+00,8.546330683147261853e-01,8.733327200956938485e-01,8.942249607655501364e-01,8.853789746411483419e-01,8.975016502392344497e-01,8.831961956937800506e-01,8.868241736842104039e-01,8.726673401913875860e-01,8.722761727272728693e-01,8.595837550239233682e-01,8.583303213184474423e-01,8.546915062200957092e-01,8.385418833599148636e-01,8.289153425837320066e-01,8.230250143540669416e-01,8.239255454545455493e-01,8.142841274853801492e-01,8.061468984582668140e-01,8.017945363104730383e-01,7.983166840510367290e-01,7.938554569909622716e-01,7.849160231259968423e-01,7.750527540669857052e-01,7.648327761828813687e-01,7.551949051036682681e-01,7.447301860712386423e-01,7.332495413078149449e-01,7.210911573099415550e-01,7.078221520467835592e-01,6.964526663476874324e-01,6.850639061137692165e-01,6.745806313131312848e-01,6.636305129186602647e-01,6.525229549175970423e-01,6.421415903774587708e-01,6.323095459330143608e-01,6.227454500265816595e-01,6.168533971291866314e-01,6.131853637426900594e-01,6.086635300903774359e-01,6.055593333333333383e-01,6.027746422115894953e-01,5.994455852737904378e-01,5.943130260499733808e-01,5.831111634237108321e-01,5.711137703349282724e-01,5.589839411483253917e-01,5.467020225412014822e-01,5.330289913875598806e-01,5.183527759170655225e-01,5.027784944178629312e-01,4.861570323763955148e-01,4.677565177565124466e-01,4.482104867623604161e-01,4.261099985645933064e-01,4.014293484316852623e-01,3.726107177033493034e-01,3.381027559808612026e-01,2.966922574694311199e-01,2.514258760233917811e-01,2.483706177565125073e-01,3.306591240829345857e+00,8.731366584263690056e-01,8.847595033492823280e-01,9.052290244019137733e-01,8.959070578947369023e-01,9.085717248803827362e-01,8.951669679425837689e-01,8.990158473684209950e-01,8.853127205741626593e-01,8.860518545454546535e-01,8.739781648059542496e-01,8.728996516746411194e-01,8.699127604465710650e-01,8.542711971291866435e-01,8.445922284954811010e-01,8.397471786283891015e-01,8.409842424242425230e-01,8.308846327485379657e-01,8.225336021265283737e-01,8.188739153641678703e-01,8.147888014354067732e-01,8.090824889952152876e-01,7.999688234981393586e-01,7.906748631578947029e-01,7.802157648059543371e-01,7.709817671451355547e-01,7.606405933014352971e-01,7.491350909090908061e-01,7.377412231259967701e-01,7.250032527379053349e-01,7.139473459861775950e-01,7.023408774056353332e-01,6.912608416267942424e-01,6.799375582137161533e-01,6.682750967038808554e-01,6.572769779372674703e-01,6.472191151515150898e-01,6.370535590111643387e-01,6.311742724082933798e-01,6.271724113237638898e-01,6.223090190324295223e-01,6.192372474747475097e-01,6.162477309409888360e-01,6.130018861244018735e-01,6.082871679957468913e-01,5.964928693248272573e-01,5.846452423179160363e-01,5.719746598086123957e-01,5.588136842105262403e-01,5.443730889952153040e-01,5.293061694311537169e-01,5.127694354066985039e-01,4.950806026049973663e-01,4.761683339181286279e-01,4.547463236576289036e-01,4.318475725677830557e-01,4.065549826687931412e-01,3.773558189792663442e-01,3.430367224880382371e-01,3.011829580010632612e-01,2.551732542264752990e-01,2.535305374800638223e-01,-5.543331036682616064e-01,-2.379458449760765704e-01,-1.281572031897926789e-01,-1.158916405103668362e-01,-1.085936899521531135e-01,-1.015661879319510741e-01,-9.725317384370014973e-02,-9.085679479000530190e-02,-8.747646124401912970e-02,-8.173147134502924127e-02,-7.737857799043063034e-02,-7.283361616161616869e-02,-6.823534449760765286e-02,-6.333677256778309783e-02,-6.102948660287080274e-02,-5.836817049441785782e-02,-5.100068421052630918e-02,-4.496989234449760842e-02,-4.058508538011695171e-02,-3.153883678894205123e-02,-2.552772695374800130e-02,-2.566379904306219720e-02,-2.407875342902711380e-02,-2.073363227006911474e-02,-1.614155215311004893e-02,-9.715170653907497997e-03,-4.078044576368952789e+01,-1.193069698564593439e+00,-1.565216842105263406e-01,-1.281868759170654015e-01,-1.148407062200957063e-01,-1.042735323232323319e-01,-9.820805236576288233e-02,-9.075417634237108178e-02,-8.610236347687399983e-02,-7.889208888888889215e-02,-7.397254013822435192e-02,-6.931725635300373112e-02,-6.420914779372674519e-02,-5.775471727804359912e-02,-5.328824210526315885e-02,-5.067571004784689193e-02,-4.319267432216905567e-02,-3.721464497607655103e-02,-3.409431345029239474e-02,-2.872919723551302373e-02,-2.396594322169058947e-02,-2.039756321105794593e-02,-1.775629968102073603e-02,-1.484623290802764527e-02,-1.153859898989899151e-02,-6.959211855396067216e-03,-1.092855789473684211e-02,2.265530568846358609e-04,3.866411483253588449e-04,4.835781499202551625e-04,3.998062732589048162e-04,3.463212121212121629e-04,2.768163211057948271e-04,1.923999999999999875e-04,1.369816055289739629e-04,1.089041998936735804e-04,8.193141945773525444e-05,3.203593833067517769e-05,3.912440191387559385e-05,2.292232854864433681e-05,-0.000000000000000000e+00,-2.181770334928229374e-05,-4.961887293992556350e-05,-6.904306220095694628e-05,-1.008030303030302982e-04,-9.804146730462520406e-05,-9.527990430622008283e-05,-1.603637426900584423e-04,-2.573004784688995034e-04,-3.595769271664008525e-04,-4.548574162679426135e-04,-5.431419457735247322e-04,2.969950345560872298e-03
czo,-3.200000000000000262e-04,-3.099999999999999999e-04,-3.099999999999999999e-04,-2.999999999999999737e-04,-2.999999999999999737e-04,-2.999999999999999737e-04,-2.999999999999999737e-04,-2.999999999999999737e-04,-2.900000000000000017e-04,-2.900000000000000017e-04,-2.900000000000000017e-04,-2.799999999999999755e-04,-2.799999999999999755e-04,-2.799999999999999755e-04,-2.700000000000000035e-04,-2.700000000000000035e-04,-2.599999999999999772e-04,-2.599999999999999772e-04,-2.500000000000000052e-04,-2.500000000000000052e-04,-2.400000000000000061e-04,-2.400000000000000061e-04,-2.300000000000000070e-04,-2.300000000000000070e-04,-2.200000000000000078e-04,-2.100000000000000087e-04,-2.100000000000000087e-04,-2.000000000000000096e-04,-1.900000000000000105e-04,-1.900000000000000105e-04,-1.800000000000000113e-04,-1.700000000000000122e-04,-1.700000000000000122e-04,-1.600000000000000131e-04,-1.499999999999999869e-04,-1.399999999999999877e-04,-1.399999999999999877e-04,-1.299999999999999886e-04,-1.200000000000000030e-04,-1.200000000000000030e-04,-1.200000000000000030e-04,-1.200000000000000030e-04,-1.200000000000000030e-04,-1.200000000000000030e-04,-1.200000000000000030e-04,-1.100000000000000039e-04,-1.100000000000000039e-04,-1.000000000000000048e-04,-1.000000000000000048e-04,-9.000000000000000567e-05,-9.000000000000000567e-05,-8.000000000000000654e-05,-8.000000000000000654e-05,-6.999999999999999387e-05,-6.999999999999999387e-05,-6.000000000000000152e-05,-6.000000000000000152e-05,-5.000000000000000240e-05,-5.000000000000000240e-05,-4.000000000000000327e-05,-3.000000000000000076e-05,-3.000000000000000076e-05,-3.200000000000000262e-04,-3.099999999999999999e-04,-3.099999999999999999e-04,-3.099999999999999999e-04,-3.099999999999999999e-04,-2.999999999999999737e-04,-2.999999999999999737e-04,-2.999999999999999737e-04,-2.999999999999999737e-04,-2.900000000000000017e-04,-2.900000000000000017e-04,-2.900000000000000017e-04,-2.799999999999999755e-04,-2.799999999999999755e-04,-2.700000000000000035e-04,-2.700000000000000035e-04,-2.700000000000000035e-04,-2.599999999999999772e-04,-2.599999999999999772e-04,-2.500000000000000052e-04,-2.500000000000000052e-04,-2.400000000000000061e-04,-2.400000000000000061e-04,-2.300000000000000070e-04,-2.200000000000000078e-04,-2.200000000000000078e-04,-2.100000000000000087e-04,-2.000000000000000096e-04,-2.000000000000000096e-04,-1.900000000000000105e-04,-1.800000000000000113e-04,-1.800000000000000113e-04,-1.700000000000000122e-04,-1.600000000000000131e-04,-1.499999999999999869e-04,-1.499999999999999869e-04,-1.399999999999999877e-04,-1.299999999999999886e-04,-1.299999999999999886e-04,-1.299999999999999886e-04,-1.200000000000000030e-04,-1.200000000000000030e-04,-1.200000000000000030e-04,-1.200000000000000030e-04,-1.200000000000000030e-04,-1.200000000000000030e-04,-1.100000000000000039e-04,-1.100000000000000039e-04,-1.000000000000000048e-04,-1.000000000000000048e-04,-9.000000000000000567e-05,-9.000000000000000567e-05,-8.000000000000000654e-05,-6.999999999999999387e-05,-6.999999999999999387e-05,-6.000000000000000152e-05,-6.000000000000000152e-05,-5.000000000000000240e-05,-5.000000000000000240e-05,-4.000000000000000327e-05,-3.000000000000000076e-05,-3.000000000000000076e-05,0.000000000000000000e+00,0.000000000000000000e+00,0.000000000000000000e+00,0.000000000000000000e+00,0.000000000000000000e+00,0.000000000000000000e+00,0.000000000000000000e+00,0.000000000000000000e+00,0.000000000000000000e+00,0.000000000000000000e+00,0.000000000000000000e+00,0.000000000000000000e+00,0.000000000000000000e+00,0.000000000000000000e+00,0.000000000000000000e+00,0.000000000000000000e+00,0.000000000000000000e+00,0.000000000000000000e+00,0.000000000000000000e+00,0.000000000000000000e+00,0.000000000000000000e+00,0.000000000000000000e+00,0.000000000000000000e+00,0.000000000000000000e+00,0.000000000000000000e+00,0.000000000000000000e+00,0.000000000000000000e+00,0.000000000000000000e+00,0.000000000000000000e+00,0.000000000000000000e+00,0.000000000000000000e+00,0.000000000000000000e+00,0.000000000000000000e+00,0.000000000000000000e+00,0.000000000000000000e+00,0.000000000000000000e+00,0.000000000000000000e+00,0.000000000000000000e+00,0.000000000000000000e+00,0.000000000000000000e+00,0.000000000000000000e+00,0.000000000000000000e+00,0.000000000000000000e+00,0.000000000000000000e+00,0.000000000000000000e+00,0.000000000000000000e+00,0.000000000000000000e+00,0.000000000000000000e+00,0.000000000000000000e+00,0.000000000000000000e+00,0.000000000000000000e+00,0.000000000000000000e+00,6.000000000000000152e-05,0.000000000000000000e+00,0.000000000000000000e+00,0.000000000000000000e+00,0.000000000000000000e+00,0.000000000000000000e+00,0.000000000000000000e+00,0.000000000000000000e+00,0.000000000000000000e+00,0.000000000000000000e+00,0.000000000000000000e+00,0.000000000000000000e+00,0.000000000000000000e+00,0.000000000000000000e+00,0.000000000000000000e+00,0.000000000000000000e+00,0.000000000000000000e+00,0.000000000000000000e+00,0.000000000000000000e+00,0.000000000000000000e+00,0.000000000000000000e+00,0.000000000000000000e+00,0.000000000000000000e+00,0.000000000000000000e+00,0.000000000000000000e+00,0.000000000000000000e+00,0.000000000000000000e+00
czo*c/cref,-3.862558213716108706e-04,-3.719917597022860071e-04,-3.693746411483254076e-04,-3.545885167464114221e-04,-3.517177033492822793e-04,-3.488468899521530824e-04,-3.459760765550239396e-04,-3.431052631578946342e-04,-3.288933014354067158e-04,-3.261181818181818994e-04,-3.233446039340775926e-04,-3.095153641679956793e-04,-3.068359383306751352e-04,-3.041580010632641794e-04,-2.907114832535884880e-04,-2.881291866028707748e-04,-2.749696969696969790e-04,-2.724830409356725084e-04,-2.596119085592769448e-04,-2.572195640616692716e-04,-2.446354066985646281e-04,-2.423400318979266428e-04,-2.300427963849017000e-04,-2.278430622009569302e-04,-2.158327485380117153e-04,-2.040148325358851769e-04,-2.020063795853269464e-04,-1.904742158426368879e-04,-1.791343434343434465e-04,-1.773171717171717014e-04,-1.662641148325359015e-04,-1.554013290802764549e-04,-1.537763423710792135e-04,-1.432012759170653998e-04,-1.328173843700159308e-04,-1.226246677299308878e-04,-1.212864433811802176e-04,-1.113804891015417322e-04,-1.021703349282296607e-04,-1.020331738437001541e-04,-1.018953748006379533e-04,-1.017575757575757661e-04,-1.016197767145135517e-04,-1.014819776714513509e-04,-1.008963317384370043e-04,-9.154152046783626542e-05,-9.059415204678363150e-05,-8.149760765550239554e-05,-8.063689526847422808e-05,-7.179808612440192778e-05,-7.102344497607656216e-05,-6.244338118022328883e-05,-6.175481127060075215e-05,-5.343258904837851436e-05,-5.283009037745879308e-05,-4.476650717703348914e-05,-4.425007974481659002e-05,-3.644471026049973903e-05,-3.601435406698564175e-05,-2.846719829877724709e-05,-2.109218500797448322e-05,-2.083413078149920383e-05,-3.862558213716108706e-04,-3.719917597022860071e-04,-3.693746411483254076e-04,-3.664081339712918300e-04,-3.634416267942583607e-04,-3.488468899521530824e-04,-3.459760765550239396e-04,-3.431052631578946342e-04,-3.402344497607655456e-04,-3.261181818181818994e-04,-3.233446039340775926e-04,-3.205694843168527220e-04,-3.068359383306751352e-04,-3.041580010632641794e-04,-2.907114832535884880e-04,-2.881291866028707748e-04,-2.855454545454545572e-04,-2.724830409356725084e-04,-2.699963849016480378e-04,-2.572195640616692716e-04,-2.548285486443381521e-04,-2.423400318979266428e-04,-2.400446570972887116e-04,-2.278430622009569302e-04,-2.158327485380117153e-04,-2.137298245614035173e-04,-2.020063795853269464e-04,-1.904742158426368879e-04,-1.885624667729930888e-04,-1.773171717171717014e-04,-1.662641148325359015e-04,-1.645425837320574260e-04,-1.537763423710792135e-04,-1.432012759170653998e-04,-1.328173843700159308e-04,-1.313835725677830882e-04,-1.212864433811802176e-04,-1.113804891015417322e-04,-1.106845295055821211e-04,-1.105359383306751613e-04,-1.018953748006379533e-04,-1.017575757575757661e-04,-1.016197767145135517e-04,-1.014819776714513509e-04,-1.008963317384370043e-04,-9.986347687400319248e-05,-9.059415204678363150e-05,-8.964736842105263510e-05,-8.063689526847422808e-05,-7.977565124933546628e-05,-7.102344497607656216e-05,-7.024880382775119654e-05,-6.175481127060075215e-05,-5.343258904837851436e-05,-5.283009037745879308e-05,-4.476650717703348914e-05,-4.425007974481659002e-05,-3.644471026049973903e-05,-3.601435406698564175e-05,-2.846719829877724709e-05,-2.109218500797448322e-05,-2.083413078149920383e-05,0.000000000000000000e+00,0.000000000000000000e+00,0.000000000000000000e+00,0.000000000000000000e+00,0.000000000000000000e+00,0.000000000000000000e+00,0.000000000000000000e+00,0.000000000000000000e+00,0.000000000000000000e+00,0.000000000000000000e+00,0.000000000000000000e+00,0.000000000000000000e+00,0.000000000000000000e+00,0.000000000000000000e+00,0.000000000000000000e+00,0.000000000000000000e+00,0.000000000000000000e+00,0.000000000000000000e+00,0.000000000000000000e+00,0.000000000000000000e+00,0.000000000000000000e+00,0.000000000000000000e+00,0.000000000000000000e+00,0.000000000000000000e+00,0.000000000000000000e+00,0.000000000000000000e+00,0.000000000000000000e+00,0.000000000000000000e+00,0.000000000000000000e+00,0.000000000000000000e+00,0.000000000000000000e+00,0.000000000000000000e+00,0.000000000000000000e+00,0.000000000000000000e+00,0.000000000000000000e+00,0.000000000000000000e+00,0.000000000000000000e+00,0.000000000000000000e+00,0.000000000000000000e+00,0.000000000000000000e+00,0.000000000000000000e+00,0.000000000000000000e+00,0.000000000000000000e+00,0.000000000000000000e+00,0.000000000000000000e+00,0.000000000000000000e+00,0.000000000000000000e+00,0.000000000000000000e+00,0.000000000000000000e+00,0.000000000000000000e+00,0.000000000000000000e+00,0.000000000000000000e+00,6.021244019138755771e-05,0.000000000000000000e+00,0.000000000000000000e+00,0.000000000000000000e+00,0.000000000000000000e+00,0.000000000000000000e+00,0.000000000000000000e+00,0.000000000000000000e+00,0.000000000000000000e+00,0.000000000000000000e+00,0.000000000000000000e+00,0.000000000000000000e+00,0.000000000000000000e+00,0.000000000000000000e+00,0.000000000000000000e+00,0.000000000000000000e+00,0.000000000000000000e+00,0.000000000000000000e+00,0.000000000000000000e+00,0.000000000000000000e+00,0.000000000000000000e+00,0.000000000000000000e+00,0.000000000000000000e+00,0.000000000000000000e+00,0.000000000000000000e+00,0.000000000000000000e+00,0.000000000000000000e+00
dArea,2.206299999999999928e-01,2.405299999999999938e-01,3.112900000000000111e-01,3.087900000000000089e-01,3.062900000000000067e-01,3.037900000000000045e-01,3.012900000000000023e-01,2.987900000000000000e-01,2.962899999999999978e-01,2.937899999999999956e-01,2.912899999999999934e-01,2.887899999999999912e-01,2.862899999999999889e-01,2.837899999999999867e-01,2.812999999999999945e-01,2.787999999999999923e-01,2.762999999999999901e-01,2.737999999999999878e-01,2.712999999999999856e-01,2.687999999999999834e-01,2.662999999999999812e-01,2.637999999999999790e-01,2.612999999999999767e-01,2.588099999999999845e-01,2.563099999999999823e-01,2.538099999999999801e-01,2.513099999999999778e-01,2.488100000000000034e-01,2.463100000000000012e-01,2.438200000000000089e-01,2.413200000000000067e-01,2.388200000000000045e-01,2.363200000000000023e-01,2.338300000000000101e-01,2.313300000000000078e-01,2.288300000000000056e-01,2.263300000000000034e-01,2.238400000000000112e-01,2.668999999999999845e-02,2.665999999999999967e-02,2.662000000000000130e-02,2.657999999999999946e-02,2.655000000000000068e-02,2.650999999999999884e-02,1.976999999999999869e-01,1.956700000000000106e-01,1.936499999999999888e-01,1.916200000000000125e-01,1.895999999999999908e-01,1.875699999999999867e-01,1.855499999999999927e-01,1.835299999999999987e-01,1.814999999999999947e-01,1.794800000000000006e-01,1.774499999999999966e-01,1.754300000000000026e-01,1.734100000000000086e-01,1.713800000000000046e-01,1.693600000000000105e-01,1.673399999999999888e-01,1.653100000000000125e-01,1.632899999999999907e-01,2.206299999999999928e-01,2.405299999999999938e-01,3.112900000000000111e-01,3.087900000000000089e-01,3.062900000000000067e-01,3.037900000000000045e-01,3.012900000000000023e-01,2.987900000000000000e-01,2.962899999999999978e-01,2.937899999999999956e-01,2.912899999999999934e-01,2.887899999999999912e-01,2.862899999999999889e-01,2.837899999999999867e-01,2.812999999999999945e-01,2.787999999999999923e-01,2.762999999999999901e-01,2.737999999999999878e-01,2.712999999999999856e-01,2.687999999999999834e-01,2.662999999999999812e-01,2.637999999999999790e-01,2.612999999999999767e-01,2.588099999999999845e-01,2.563099999999999823e-01,2.538099999999999801e-01,2.513099999999999778e-01,2.488100000000000034e-01,2.463100000000000012e-01,2.438200000000000089e-01,2.413200000000000067e-01,2.388200000000000045e-01,2.363200000000000023e-01,2.338300000000000101e-01,2.313300000000000078e-01,2.288300000000000056e-01,2.263300000000000034e-01,2.238400000000000112e-01,2.668999999999999845e-02,2.665999999999999967e-02,2.662000000000000130e-02,2.657999999999999946e-02,2.655000000000000068e-02,2.650999999999999884e-02,1.976999999999999869e-01,1.956700000000000106e-01,1.936499999999999888e-01,1.916200000000000125e-01,1.895999999999999908e-01,1.875699999999999867e-01,1.855499999999999927e-01,1.835299999999999987e-01,1.814999999999999947e-01,1.794800000000000006e-01,1.774499999999999966e-01,1.754300000000000026e-01,1.734100000000000086e-01,1.713800000000000046e-01,1.693600000000000105e-01,1.673399999999999888e-01,1.653100000000000125e-01,1.632899999999999907e-01,1.506800000000000084e-01,1.802499999999999936e-01,1.775400000000000034e-01,1.748200000000000032e-01,1.721100000000000130e-01,1.693999999999999950e-01,1.666900000000000048e-01,1.639799999999999869e-01,1.612699999999999967e-01,1.585600000000000065e-01,1.558499999999999885e-01,1.531399999999999983e-01,1.504300000000000082e-01,1.477199999999999902e-01,1.450100000000000000e-01,1.423000000000000098e-01,1.395899999999999919e-01,1.368800000000000017e-01,1.341700000000000115e-01,1.314599999999999935e-01,1.287500000000000033e-01,1.260400000000000131e-01,1.233299999999999952e-01,1.206200000000000050e-01,1.179000000000000048e-01,1.151900000000000007e-01,1.344499999999999862e-01,1.802499999999999936e-01,1.775400000000000034e-01,1.748200000000000032e-01,1.721100000000000130e-01,1.693999999999999950e-01,1.666900000000000048e-01,1.639799999999999869e-01,1.612699999999999967e-01,1.585600000000000065e-01,1.558499999999999885e-01,1.531399999999999983e-01,1.504300000000000082e-01,1.477199999999999902e-01,1.450100000000000000e-01,1.423000000000000098e-01,1.395899999999999919e-01,1.368800000000000017e-01,1.341700000000000115e-01,1.314599999999999935e-01,1.287500000000000033e-01,1.260400000000000131e-01,1.233299999999999952e-01,1.206200000000000050e-01,1.179000000000000048e-01,1.151900000000000007e-01,1.006999999999999978e-01,1.819699999999999929e-01,1.785700000000000065e-01,1.751699999999999924e-01,1.717700000000000060e-01,1.683699999999999919e-01,1.649700000000000055e-01,1.615600000000000092e-01,1.581599999999999950e-01,1.547600000000000087e-01,1.513599999999999945e-01,1.479600000000000082e-01,1.445599999999999941e-01,1.411600000000000077e-01,1.377599999999999936e-01,1.343499999999999972e-01,1.309500000000000108e-01,1.275499999999999967e-01,1.241499999999999965e-01,1.207499999999999962e-01,1.173499999999999960e-01,1.139499999999999957e-01,1.105399999999999994e-01,1.071399999999999991e-01,1.037399999999999989e-01,1.003399999999999986e-01,9.693999999999999839e-02
dSpan,9.718000000000000249e-02,1.065699999999999981e-01,1.388900000000000134e-01,1.388900000000000134e-01,1.388900000000000134e-01,1.388900000000000134e-01,1.388900000000000134e-01,1.388900000000000134e-01,1.388900000000000134e-01,1.388900000000000134e-01,1.388900000000000134e-01,1.388900000000000134e-01,1.388900000000000134e-01,1.388900000000000134e-01,1.388900000000000134e-01,1.388900000000000134e-01,1.388900000000000134e-01,1.388900000000000134e-01,1.388900000000000134e-01,1.388900000000000134e-01,1.388900000000000134e-01,1.388900000000000134e-01,1.388900000000000134e-01,1.388900000000000134e-01,1.388900000000000134e-01,1.388900000000000134e-01,1.388900000000000134e-01,1.388900000000000134e-01,1.388900000000000134e-01,1.388900000000000134e-01,1.388900000000000134e-01,1.388900000000000134e-01,1.388900000000000134e-01,1.388900000000000134e-01,1.388900000000000134e-01,1.388900000000000134e-01,1.388900000000000134e-01,1.388900000000000134e-01,1.667000000000000079e-02,1.667000000000000079e-02,1.667000000000000079e-02,1.667000000000000079e-02,1.667000000000000079e-02,1.667000000000000079e-02,1.250000000000000000e-01,1.250000000000000000e-01,1.250000000000000000e-01,1.250000000000000000e-01,1.250000000000000000e-01,1.250000000000000000e-01,1.250000000000000000e-01,1.250000000000000000e-01,1.250000000000000000e-01,1.250000000000000000e-01,1.250000000000000000e-01,1.250000000000000000e-01,1.250000000000000000e-01,1.250000000000000000e-01,1.250000000000000000e-01,1.250000000000000000e-01,1.250000000000000000e-01,1.250000000000000000e-01,9.718000000000000249e-02,1.065699999999999981e-01,1.388900000000000134e-01,1.388900000000000134e-01,1.388900000000000134e-01,1.388900000000000134e-01,1.388900000000000134e-01,1.388900000000000134e-01,1.388900000000000134e-01,1.388900000000000134e-01,1.388900000000000134e-01,1.388900000000000134e-01,1.388900000000000134e-01,1.388900000000000134e-01,1.388900000000000134e-01,1.388900000000000134e-01,1.388900000000000134e-01,1.388900000000000134e-01,1.388900000000000134e-01,1.388900000000000134e-01,1.388900000000000134e-01,1.388900000000000134e-01,1.388900000000000134e-01,1.388900000000000134e-01,1.388900000000000134e-01,1.388900000000000134e-01,1.388900000000000134e-01,1.388900000000000134e-01,1.388900000000000134e-01,1.388900000000000134e-01,1.388900000000000134e-01,1.388900000000000134e-01,1.388900000000000134e-01,1.388900000000000134e-01,1.388900000000000134e-01,1.388900000000000134e-01,1.388900000000000134e-01,1.388900000000000134e-01,1.667000000000000079e-02,1.667000000000000079e-02,1.667000000000000079e-02,1.667000000000000079e-02,1.667000000000000079e-02,1.667000000000000079e-02,1.250000000000000000e-01,1.250000000000000000e-01,1.250000000000000000e-01,1.250000000000000000e-01,1.250000000000000000e-01,1.250000000000000000e-01,1.250000000000000000e-01,1.250000000000000000e-01,1.250000000000000000e-01,1.250000000000000000e-01,1.250000000000000000e-01,1.250000000000000000e-01,1.250000000000000000e-01,1.250000000000000000e-01,1.250000000000000000e-01,1.250000000000000000e-01,1.250000000000000000e-01,1.250000000000000000e-01,9.107999999999999430e-02,1.104399999999999965e-01,1.104399999999999965e-01,1.104399999999999965e-01,1.104399999999999965e-01,1.104399999999999965e-01,1.104399999999999965e-01,1.104399999999999965e-01,1.104399999999999965e-01,1.104399999999999965e-01,1.104399999999999965e-01,1.104399999999999965e-01,1.104399999999999965e-01,1.104399999999999965e-01,1.104399999999999965e-01,1.104399999999999965e-01,1.104399999999999965e-01,1.104399999999999965e-01,1.104399999999999965e-01,1.104399999999999965e-01,1.104399999999999965e-01,1.104399999999999965e-01,1.104399999999999965e-01,1.104399999999999965e-01,1.104399999999999965e-01,1.104399999999999965e-01,8.132000000000000339e-02,1.104399999999999965e-01,1.104399999999999965e-01,1.104399999999999965e-01,1.104399999999999965e-01,1.104399999999999965e-01,1.104399999999999965e-01,1.104399999999999965e-01,1.104399999999999965e-01,1.104399999999999965e-01,1.104399999999999965e-01,1.104399999999999965e-01,1.104399999999999965e-01,1.104399999999999965e-01,1.104399999999999965e-01,1.104399999999999965e-01,1.104399999999999965e-01,1.104399999999999965e-01,1.104399999999999965e-01,1.104399999999999965e-01,1.104399999999999965e-01,1.104399999999999965e-01,1.104399999999999965e-01,1.104399999999999965e-01,1.104399999999999965e-01,1.104399999999999965e-01,5.333999999999999853e-02,9.821000000000000563e-02,9.821000000000000563e-02,9.821000000000000563e-02,9.821000000000000563e-02,9.821000000000000563e-02,9.821000000000000563e-02,9.821000000000000563e-02,9.821000000000000563e-02,9.821000000000000563e-02,9.821000000000000563e-02,9.821000000000000563e-02,9.821000000000000563e-02,9.821000000000000563e-02,9.821000000000000563e-02,9.821000000000000563e-02,9.821000000000000563e-02,9.821000000000000563e-02,9.821000000000000563e-02,9.821000000000000563e-02,9.821000000000000563e-02,9.821000000000000563e-02,9.821000000000000563e-02,9.821000000000000563e-02,9.821000000000000563e-02,9.821000000000000563e-02,9.821000000000000563e-02
roverR,inf,inf,inf,inf,inf,inf,inf,inf,inf,inf,inf,inf,inf,inf,inf,inf,inf,inf,inf,inf,inf,inf,inf,inf,inf,inf,inf,inf,inf,inf,inf,inf,inf,inf,inf,inf,inf,inf,inf,inf,inf,inf,inf,inf,inf,inf,inf,inf,inf,inf,inf,inf,inf,inf,inf,inf,inf,inf,inf,inf,inf,inf,inf,inf,inf,inf,inf,inf,inf,inf,inf,inf,inf,inf,inf,inf,inf,inf,inf,inf,inf,inf,inf,inf,inf,inf,inf,inf,inf,inf,inf,inf,inf,inf,inf,inf,inf,inf,inf,inf,inf,inf,inf,inf,inf,inf,inf,inf,inf,inf,inf,inf,inf,inf,inf,inf,inf,inf,inf,inf,inf,inf,inf,inf,inf,inf,inf,inf,inf,inf,inf,inf,inf,inf,inf,inf,inf,inf,inf,inf,inf,inf,inf,inf,inf,inf,inf,inf,inf,inf,inf,inf,inf,inf,inf,inf,inf,inf,inf,inf,inf,inf,inf,inf,inf,inf,inf,inf,inf,inf,inf,inf,inf,inf,inf,inf,inf,inf,inf,inf,inf,inf,inf,inf,inf,inf,inf,inf,inf,inf,inf,inf,inf,inf,inf,inf,inf,inf,inf,inf,inf,inf,inf
Results_Name,CpSlice_Wrapper
Results_Timestamp,1787157821
Results_Date,8,19,2026
Results_Time,22,13,41
CpSlice_Case_ID_Vec,DUNOXBA
Num_Cuts,1
Results_Name,CpSlicer_Case
Results_Timestamp,1787157821
Results_Date,8,19,2026
Results_Time,22,13,41
Alpha,4.000000000000000000e+00
Beta,0.000000000000000000e+00
Case,1
Cp,6.824999999999999956e-01,6.824999999999999956e-01,6.824999999999999956e-01,6.824999999999999956e-01,5.866999999999999993e-01,6.824999999999999956e-01,5.866999999999999993e-01,6.824999999999999956e-01,6.824999999999999956e-01,6.824999999999999956e-01,6.824999999999999956e-01,6.824999999999999956e-01,6.824999999999999956e-01,6.824999999999999956e-01,6.535999999999999588e-01,6.824999999999999956e-01,6.535999999999999588e-01,6.824999999999999956e-01,6.824999999999999956e-01,6.824999999999999956e-01,4.087000000000000077e-01,4.087000000000000077e-01,4.087000000000000077e-01,4.087000000000000077e-01,5.143999999999999684e-01,5.143999999999999684e-01,5.143999999999999684e-01,5.143999999999999684e-01,1.814999999999999947e-01,1.814999999999999947e-01,1.814999999999999947e-01,1.814999999999999947e-01,2.836000000000000187e-01,2.836000000000000187e-01,2.836000000000000187e-01,2.836000000000000187e-01,1.930000000000000118e-02,1.930000000000000118e-02,1.930000000000000118e-02,1.930000000000000118e-02,5.829999999999999766e-02,5.829999999999999766e-02,5.829999999999999766e-02,5.829999999999999766e-02,1.209999999999999964e-02,1.209999999999999964e-02,1.209999999999999964e-02,1.209999999999999964e-02,1.209999999999999964e-02,-4.000000000000000192e-04,-4.000000000000000192e-04,-4.000000000000000192e-04,-4.000000000000000192e-04,-4.000000000000000192e-04,3.130000000000000143e-02,3.130000000000000143e-02,3.130000000000000143e-02,3.130000000000000143e-02,1.679999999999999896e-02,1.679999999999999896e-02,1.679999999999999896e-02,1.679999999999999896e-02,2.599999999999999881e-03,2.599999999999999881e-03,2.599999999999999881e-03,2.599999999999999881e-03,-2.539999999999999897e-02,-2.539999999999999897e-02,-2.539999999999999897e-02,-2.539999999999999897e-02,-2.409999999999999989e-02,-2.409999999999999989e-02,-2.409999999999999989e-02,-2.409999999999999989e-02,-6.320000000000000617e-02,-6.320000000000000617e-02,-6.320000000000000617e-02,-6.320000000000000617e-02,-3.379999999999999671e-02,-3.379999999999999671e-02,-3.379999999999999671e-02,-3.379999999999999671e-02,3.109999999999999917e-02,3.109999999999999917e-02,3.109999999999999917e-02,3.109999999999999917e-02,-2.639999999999999986e-02,-2.639999999999999986e-02,-2.639999999999999986e-02,-2.639999999999999986e-02,2.373000000000000109e-01,2.373000000000000109e-01,2.373000000000000109e-01,2.373000000000000109e-01,-2.069999999999999965e-02,-2.069999999999999965e-02,-2.069999999999999965e-02,-2.069999999999999965e-02,2.373000000000000109e-01,3.826999999999999846e-01,2.373000000000000109e-01,2.373000000000000109e-01,3.826999999999999846e-01,-2.549999999999999836e-02,-2.549999999999999836e-02,-2.549999999999999836e-02,-2.549999999999999836e-02,-3.529999999999999805e-02,-3.529999999999999805e-02,-3.529999999999999805e-02,-3.529999999999999805e-02,-5.859999999999999931e-02,-5.859999999999999931e-02,-5.859999999999999931e-02,-5.859999999999999931e-02,-1.297999999999999987e-01,-1.297999999999999987e-01,-1.297999999999999987e-01,-1.297999999999999987e-01,-1.297999999999999987e-01,-1.547999999999999932e-01,-1.297999999999999987e-01,-1.547999999999999932e-01,3.774000000000000132e-01,5.837999999999999856e-01,3.774000000000000132e-01,3.774000000000000132e-01,5.837999999999999856e-01,3.774000000000000132e-01,3.774000000000000132e-01,-7.879999999999999505e-02,-1.547999999999999932e-01,-1.547999999999999932e-01,-7.879999999999999505e-02,3.774000000000000132e-01,2.240999999999999936e-01,3.774000000000000132e-01,2.240999999999999936e-01,9.499999999999999764e-03,-7.879999999999999505e-02,-7.879999999999999505e-02,9.499999999999999764e-03,2.240999999999999936e-01,1.184000000000000052e-01,2.240999999999999936e-01,1.184000000000000052e-01,3.139999999999999736e-02,9.499999999999999764e-03,9.499999999999999764e-03,3.139999999999999736e-02,1.184000000000000052e-01,6.600000000000000311e-02,1.184000000000000052e-01,6.600000000000000311e-02,-1.710000000000000062e-02,3.139999999999999736e-02,-1.710000000000000062e-02,3.139999999999999736e-02,6.600000000000000311e-02,2.920000000000000026e-02,6.600000000000000311e-02,2.920000000000000026e-02,-1.710000000000000062e-02,-3.080000000000000099e-02,-3.080000000000000099e-02,-1.710000000000000062e-02,2.920000000000000026e-02,7.199999999999999803e-03,2.920000000000000026e-02,7.199999999999999803e-03,-3.080000000000000099e-02,1.820000000000000090e-02,1.820000000000000090e-02,-3.080000000000000099e-02,7.199999999999999803e-03,9.400000000000000369e-03,7.199999999999999803e-03,9.400000000000000369e-03,1.820000000000000090e-02,7.040000000000000424e-02,7.040000000000000424e-02,1.820000000000000090e-02,9.400000000000000369e-03,8.400000000000000522e-02,9.400000000000000369e-03,8.400000000000000522e-02,7.040000000000000424e-02,7.320000000000000118e-02,7.320000000000000118e-02,7.040000000000000424e-02,8.400000000000000522e-02,1.170999999999999958e-01,8.400000000000000522e-02,1.170999999999999958e-01,7.320000000000000118e-02,1.859999999999999848e-02,1.859999999999999848e-02,7.320000000000000118e-02,1.210999999999999993e-01,1.170999999999999958e-01,2.078000000000000125e-01,1.300000000000000044e-01,1.210999999999999993e-01,2.566999999999999837e-01,3.990000000000000213e-01,1.170999999999999958e-01,2.566999999999999837e-01,1.210999999999999993e-01,2.078000000000000125e-01,1.300000000000000044e-01,3.990000000000000213e-01,1.210999999999999993e-01,1.170999999999999958e-01,1.859999999999999848e-02,-1.569999999999999868e-02,1.859999999999999848e-02,-1.569999999999999868e-02,1.859999999999999848e-02,-1.569999999999999868e-02,2.129999999999999949e-02,2.129999999999999949e-02,-1.569999999999999868e-02,2.129999999999999949e-02,9.829999999999999849e-02,9.829999999999999849e-02,2.129999999999999949e-02,1.580999999999999905e-01,1.580999999999999905e-01,1.580999999999999905e-01,1.580999999999999905e-01,2.823999999999999844e-01,2.823999999999999844e-01,1.580999999999999905e-01,2.823999999999999844e-01,1.580999999999999905e-01,3.216999999999999860e-01,3.216999999999999860e-01,3.216999999999999860e-01,3.216999999999999860e-01,-6.230000000000000121e-02,-6.230000000000000121e-02,-6.230000000000000121e-02,-6.230000000000000121e-02,-4.809999999999999831e-01,-4.809999999999999831e-01,-4.809999999999999831e-01,-4.809999999999999831e-01,-4.809999999999999831e-01,-4.809999999999999831e-01,-3.098000000000000198e-01,-3.098000000000000198e-01,-3.098000000000000198e-01,-3.098000000000000198e-01,-2.088000000000000134e-01,-2.088000000000000134e-01,-2.088000000000000134e-01,-2.088000000000000134e-01,-1.471000000000000085e-01,-1.471000000000000085e-01,-1.471000000000000085e-01,-1.471000000000000085e-01,-1.145999999999999935e-01,-1.145999999999999935e-01,-1.145999999999999935e-01,-1.145999999999999935e-01,-5.330000000000000016e-02,-5.330000000000000016e-02,-5.330000000000000016e-02,-5.330000000000000016e-02,-5.330000000000000016e-02,5.497999999999999554e-01,-5.330000000000000016e-02,5.497999999999999554e-01,5.497999999999999554e-01,7.909000000000000474e-01,5.497999999999999554e-01,7.909000000000000474e-01,7.909000000000000474e-01,7.909000000000000474e-01,3.518000000000000016e-01,3.518000000000000016e-01,3.518000000000000016e-01,3.518000000000000016e-01,2.411999999999999977e-01,2.411999999999999977e-01,1.968999999999999917e-01,2.411999999999999977e-01,2.411999999999999977e-01,1.968999999999999917e-01,8.909999999999999865e-02,6.740000000000000158e-02,6.740000000000000158e-02,7.370000000000000162e-02,6.740000000000000158e-02,6.740000000000000158e-02,8.909999999999999865e-02,7.370000000000000162e-02,4.660000000000000253e-02,5.240000000000000213e-02,7.380000000000000449e-02,7.960000000000000409e-02,7.380000000000000449e-02,6.149999999999999911e-02,8.240000000000000102e-02,7.380000000000000449e-02,7.960000000000000409e-02,5.240000000000000213e-02,4.660000000000000253e-02,6.149999999999999911e-02,7.380000000000000449e-02,8.240000000000000102e-02,4.939999999999999947e-02,6.049999999999999822e-02,5.949999999999999734e-02,6.419999999999999318e-02,6.419999999999999318e-02,3.350000000000000200e-02,-2.089999999999999844e-02,6.140000000000000319e-02,6.090000000000000274e-02,-5.489999999999999741e-02,-5.829999999999999766e-02,-5.829999999999999766e-02,-2.089999999999999844e-02,3.350000000000000200e-02,6.419999999999999318e-02,6.419999999999999318e-02,6.090000000000000274e-02,5.949999999999999734e-02,6.049999999999999822e-02,4.939999999999999947e-02,-5.489999999999999741e-02,-1.340000000000000045e-02,8.800000000000000530e-03,3.700000000000000164e-03,3.700000000000000164e-03,9.100000000000000450e-03,1.500000000000000031e-03,-1.839999999999999969e-02,-6.350000000000000089e-02,-6.510000000000000508e-02,-6.510000000000000508e-02,-1.839999999999999969e-02,1.500000000000000031e-03,9.100000000000000450e-03,3.700000000000000164e-03,3.700000000000000164e-03,8.800000000000000530e-03,-1.340000000000000045e-02,-6.310000000000000331e-02,-6.310000000000000331e-02,-4.150000000000000216e-02,-5.800000000000000294e-02,-6.489999999999999936e-02,-4.250000000000000305e-02,-4.250000000000000305e-02,-4.590000000000000330e-02,-3.760000000000000148e-02,-4.880000000000000310e-02,-3.830000000000000071e-02,-3.030000000000000054e-02,-3.030000000000000054e-02,-3.830000000000000071e-02,-4.880000000000000310e-02,-3.760000000000000148e-02,-4.250000000000000305e-02,-4.250000000000000305e-02,-6.310000000000000331e-02,-6.310000000000000331e-02,-4.150000000000000216e-02,-5.800000000000000294e-02,3.014000000000000012e-01,3.014000000000000012e-01,3.014000000000000012e-01,3.014000000000000012e-01,-4.309999999999999942e-02,-4.309999999999999942e-02,-2.440000000000000155e-02,-1.710000000000000062e-02,-3.470000000000000168e-02,-7.900000000000000772e-03,1.469999999999999953e-02,5.199999999999999761e-03,-5.390000000000000346e-02,-1.149999999999999981e-02,-1.005999999999999950e-01,-1.190999999999999975e-01,-4.309999999999999942e-02,-7.900000000000000772e-03,5.199999999999999761e-03,1.469999999999999953e-02,-1.190999999999999975e-01,-5.390000000000000346e-02,-4.309999999999999942e-02,-1.710000000000000062e-02,-2.440000000000000155e-02,-3.470000000000000168e-02,3.014000000000000012e-01,1.486999999999999988e-01,3.014000000000000012e-01,3.014000000000000012e-01,1.486999999999999988e-01,-1.190999999999999975e-01,-2.086999999999999966e-01,-1.190999999999999975e-01,-2.086999999999999966e-01,1.486999999999999988e-01,2.631000000000000005e-01,1.486999999999999988e-01,2.631000000000000005e-01,-2.086999999999999966e-01,-1.500000000000000031e-03,-2.086999999999999966e-01,-1.500000000000000031e-03,2.631000000000000005e-01,5.329000000000000403e-01,5.329000000000000403e-01,2.631000000000000005e-01,-1.500000000000000031e-03,3.568000000000000060e-01,-1.500000000000000031e-03,3.568000000000000060e-01,5.329000000000000403e-01,7.105000000000000204e-01,7.105000000000000204e-01,5.329000000000000403e-01,3.568000000000000060e-01,5.780999999999999472e-01,3.568000000000000060e-01,5.780999999999999472e-01,7.781000000000000139e-01,7.781000000000000139e-01,7.781000000000000139e-01,7.781000000000000139e-01,7.781000000000000139e-01,7.781000000000000139e-01,7.781000000000000139e-01,7.781000000000000139e-01,7.781000000000000139e-01,7.781000000000000139e-01,7.781000000000000139e-01,7.781000000000000139e-01,7.781000000000000139e-01,7.781000000000000139e-01,7.781000000000000139e-01,7.781000000000000139e-01,1.310000000000000053e-02,4.349999999999999700e-02,-2.850000000000000103e-02,4.580000000000000043e-02,5.319999999999999729e-02,-6.360000000000000375e-02,-6.510000000000000508e-02,-5.929999999999999855e-02,4.830000000000000265e-02,3.259999999999999704e-02,2.772999999999999909e-01,2.829999999999999738e-01,9.900000000000000813e-03,3.889999999999999708e-02,5.550000000000000072e-02,5.519999999999999907e-02,3.109999999999999917e-02,3.109999999999999917e-02,3.109999999999999917e-02,3.109999999999999917e-02,3.017000000000000237e-01,3.032000000000000250e-01,6.799999999999999621e-03,8.999999999999999320e-03,4.780000000000000221e-02,4.970000000000000112e-02,3.109999999999999917e-02,3.109999999999999917e-02,2.460000000000000034e-02,3.076999999999999735e-01,3.083000000000000185e-01,5.499999999999999681e-03,6.300000000000000044e-03,3.690000000000000224e-02,3.910000000000000281e-02,2.520000000000000018e-02,2.639999999999999986e-02,3.121999999999999775e-01,3.134000000000000119e-01,4.100000000000000346e-03,5.000000000000000104e-03,2.809999999999999998e-02,2.989999999999999949e-02,3.049999999999999933e-02,3.169999999999999901e-02,3.221999999999999864e-01,3.246999999999999886e-01,3.700000000000000164e-03,3.899999999999999821e-03,2.309999999999999901e-02,2.419999999999999929e-02,3.339999999999999913e-02,3.440000000000000002e-02,3.330000000000000182e-01,3.361999999999999988e-01,4.199999999999999740e-03,3.899999999999999821e-03,1.849999999999999908e-02,2.000000000000000042e-02,4.000000000000000083e-02,4.689999999999999725e-02,6.010000000000000064e-02,6.010000000000000064e-02,6.010000000000000064e-02,6.010000000000000064e-02,3.488999999999999879e-01,3.533999999999999919e-01,3.700000000000000164e-03,4.000000000000000083e-03,1.720000000000000001e-02,1.729999999999999941e-02,5.809999999999999887e-02,5.809999999999999887e-02,5.809999999999999887e-02,6.510000000000000508e-02,6.010000000000000064e-02,6.510000000000000508e-02,3.614999999999999880e-01,3.662000000000000255e-01,3.000000000000000062e-03,3.299999999999999982e-03,1.849999999999999908e-02,1.810000000000000150e-02,6.350000000000000089e-02,6.350000000000000089e-02,6.350000000000000089e-02,5.809999999999999887e-02,6.510000000000000508e-02,6.510000000000000508e-02,7.639999999999999569e-02,3.774000000000000132e-01,3.840000000000000080e-01,3.500000000000000073e-03,3.299999999999999982e-03,1.669999999999999957e-02,1.770000000000000046e-02,6.350000000000000089e-02,6.350000000000000089e-02,7.860000000000000320e-02,8.319999999999999618e-02,3.945000000000000173e-01,4.022000000000000020e-01,4.000000000000000083e-03,3.799999999999999992e-03,1.660000000000000017e-02,1.640000000000000138e-02,9.049999999999999711e-02,9.049999999999999711e-02,9.049999999999999711e-02,9.049999999999999711e-02,4.138000000000000012e-01,4.228000000000000091e-01,5.599999999999999943e-03,5.100000000000000366e-03,1.729999999999999941e-02,1.700000000000000122e-02,9.049999999999999711e-02,9.049999999999999711e-02,9.779999999999999805e-02,4.312000000000000277e-01,4.389000000000000123e-01,6.000000000000000125e-03,5.899999999999999863e-03,1.540000000000000049e-02,1.669999999999999957e-02,1.005000000000000060e-01,1.033000000000000029e-01,1.279000000000000137e-01,1.277000000000000079e-01,1.277000000000000079e-01,1.421999999999999931e-01,1.491999999999999993e-01,1.812000000000000000e-01,1.812000000000000000e-01,1.812000000000000000e-01,1.812000000000000000e-01,4.466999999999999860e-01,4.557999999999999829e-01,4.499999999999999660e-03,4.899999999999999842e-03,1.469999999999999953e-02,1.469999999999999953e-02,1.060999999999999999e-01,1.098999999999999977e-01,1.277999999999999969e-01,1.282000000000000084e-01,1.812000000000000000e-01,1.812000000000000000e-01,1.915999999999999925e-01,4.665000000000000258e-01,4.803999999999999937e-01,3.500000000000000073e-03,3.700000000000000164e-03,1.480000000000000066e-02,1.469999999999999953e-02,1.132999999999999979e-01,1.159000000000000030e-01,1.279000000000000137e-01,1.275999999999999912e-01,1.925000000000000044e-01,2.028999999999999970e-01,4.909999999999999920e-01,5.072999999999999732e-01,3.200000000000000153e-03,3.299999999999999982e-03,1.400000000000000029e-02,1.469999999999999953e-02,1.192000000000000004e-01,1.198000000000000037e-01,1.280999999999999917e-01,1.264000000000000123e-01,2.049999999999999878e-01,2.151000000000000134e-01,5.172999999999999821e-01,5.360000000000000320e-01,3.099999999999999891e-03,3.099999999999999891e-03,1.190000000000000085e-02,1.370000000000000037e-02,1.231000000000000011e-01,1.260999999999999899e-01,2.182999999999999940e-01,2.258999999999999897e-01,5.432000000000000162e-01,5.601000000000000423e-01,1.899999999999999996e-03,1.899999999999999996e-03,1.060000000000000005e-02,1.170000000000000033e-02,2.283999999999999919e-01,2.310000000000000109e-01,5.654000000000000137e-01,5.778999999999999693e-01,4.000000000000000083e-03,1.899999999999999996e-03,1.060000000000000005e-02,1.060000000000000005e-02,1.060000000000000005e-02,1.060000000000000005e-02,2.356999999999999929e-01,2.421000000000000096e-01,5.814000000000000279e-01,5.963000000000000522e-01,5.199999999999999761e-03,4.199999999999999740e-03,9.799999999999999684e-03,9.900000000000000813e-03,2.485999999999999877e-01,2.524000000000000132e-01,6.010999999999999677e-01,6.232999999999999652e-01,3.899999999999999821e-03,5.100000000000000366e-03,7.400000000000000328e-03,7.499999999999999722e-03,2.594000000000000195e-01,2.621999999999999886e-01,6.276000000000000467e-01,6.532000000000000028e-01,4.300000000000000003e-03,4.100000000000000346e-03,6.300000000000000044e-03,6.300000000000000044e-03,2.730000000000000204e-01,2.746000000000000107e-01,6.552999999999999936e-01,6.785999999999999810e-01,5.100000000000000366e-03,4.700000000000000185e-03,6.799999999999999621e-03,6.499999999999999702e-03,2.829999999999999738e-01,2.834999999999999742e-01,3.815999999999999948e-01,3.736999999999999766e-01,3.635999999999999788e-01,3.865000000000000102e-01,6.994000000000000217e-01,6.994000000000000217e-01,6.994000000000000217e-01,6.794999999999999929e-01,6.994000000000000217e-01,5.199999999999999761e-03,5.100000000000000366e-03,3.700000000000000164e-03,5.100000000000000366e-03,2.816000000000000170e-01,3.175999999999999934e-01,3.870999999999999996e-01,4.087999999999999967e-01,6.796999999999999709e-01,6.994000000000000217e-01,6.764999999999999902e-01,6.994000000000000217e-01,3.500000000000000073e-03,4.000000000000000083e-03,0.000000000000000000e+00,1.399999999999999986e-03,4.087000000000000077e-01,4.087000000000000077e-01,6.403999999999999693e-01,6.280000000000000027e-01,2.899999999999999800e-03,2.700000000000000143e-03,-2.380000000000000171e-02,-1.110000000000000049e-02,3.937999999999999834e-01,3.764000000000000123e-01,5.678999999999999604e-01,5.340000000000000302e-01,4.700000000000000185e-03,-3.189999999999999780e-02,3.469999999999999751e-01,5.024999999999999467e-01
Cut_Loc,0.000000000000000000e+00
Cut_Num,1
Cut_Type,1
Mach,2.030000000000000138e-01
X_Loc,0.000000000000000000e+00,0.000000000000000000e+00,0.000000000000000000e+00,0.000000000000000000e+00,8.129999999999999727e-02,0.000000000000000000e+00,8.129999999999999727e-02,0.000000000000000000e+00,0.000000000000000000e+00,0.000000000000000000e+00,0.000000000000000000e+00,0.000000000000000000e+00,0.000000000000000000e+00,0.000000000000000000e+00,8.129999999999999727e-02,0.000000000000000000e+00,8.129999999999999727e-02,0.000000000000000000e+00,0.000000000000000000e+00,0.000000000000000000e+00,1.753000000000000114e-01,1.753000000000000114e-01,1.753000000000000114e-01,1.753000000000000114e-01,1.753000000000000114e-01,1.753000000000000114e-01,1.753000000000000114e-01,1.753000000000000114e-01,2.823999999999999844e-01,2.823999999999999844e-01,2.823999999999999844e-01,2.823999999999999844e-01,2.823999999999999844e-01,2.823999999999999844e-01,2.823999999999999844e-01,2.823999999999999844e-01,4.030000000000000249e-01,4.030000000000000249e-01,4.030000000000000249e-01,4.030000000000000249e-01,4.030000000000000249e-01,4.030000000000000249e-01,4.030000000000000249e-01,4.030000000000000249e-01,5.374999999999999778e-01,5.374999999999999778e-01,5.374999999999999778e-01,5.374999999999999778e-01,5.374999999999999778e-01,5.374999999999999778e-01,5.374999999999999778e-01,5.374999999999999778e-01,5.374999999999999778e-01,5.374999999999999778e-01,7.814999999999999725e-01,7.814999999999999725e-01,7.814999999999999725e-01,7.814999999999999725e-01,7.814999999999999725e-01,7.814999999999999725e-01,7.814999999999999725e-01,7.814999999999999725e-01,1.185400000000000009e+00,1.185400000000000009e+00,1.185400000000000009e+00,1.185400000000000009e+00,1.185400000000000009e+00,1.185400000000000009e+00,1.185400000000000009e+00,1.185400000000000009e+00,1.682500000000000107e+00,1.682500000000000107e+00,1.682500000000000107e+00,1.682500000000000107e+00,1.682500000000000107e+00,1.682500000000000107e+00,1.682500000000000107e+00,1.682500000000000107e+00,2.205499999999999794e+00,2.205499999999999794e+00,2.205499999999999794e+00,2.205499999999999794e+00,2.205499999999999794e+00,2.205499999999999794e+00,2.205499999999999794e+00,2.205499999999999794e+00,2.687500000000000000e+00,2.687500000000000000e+00,2.687500000000000000e+00,2.687500000000000000e+00,2.687500000000000000e+00,2.687500000000000000e+00,2.687500000000000000e+00,2.687500000000000000e+00,3.192499999999999893e+00,3.192499999999999893e+00,3.192499999999999893e+00,3.192499999999999893e+00,2.687500000000000000e+00,2.734799999999999898e+00,2.687500000000000000e+00,2.687500000000000000e+00,2.734799999999999898e+00,3.782900000000000151e+00,3.782900000000000151e+00,3.782900000000000151e+00,3.782900000000000151e+00,4.389599999999999724e+00,4.389599999999999724e+00,4.389599999999999724e+00,4.389599999999999724e+00,4.943299999999999805e+00,4.943299999999999805e+00,4.943299999999999805e+00,4.943299999999999805e+00,5.375000000000000000e+00,5.375000000000000000e+00,5.375000000000000000e+00,5.375000000000000000e+00,5.375000000000000000e+00,5.720699999999999896e+00,5.375000000000000000e+00,5.720699999999999896e+00,5.720699999999999896e+00,5.485100000000000087e+00,5.720699999999999896e+00,5.720699999999999896e+00,5.485100000000000087e+00,5.720699999999999896e+00,5.720699999999999896e+00,6.063900000000000290e+00,5.720699999999999896e+00,5.720699999999999896e+00,6.063900000000000290e+00,5.720699999999999896e+00,6.063900000000000290e+00,5.720699999999999896e+00,6.063900000000000290e+00,6.406100000000000350e+00,6.063900000000000290e+00,6.063900000000000290e+00,6.406100000000000350e+00,6.063900000000000290e+00,6.406100000000000350e+00,6.063900000000000290e+00,6.406100000000000350e+00,6.749299999999999855e+00,6.406100000000000350e+00,6.406100000000000350e+00,6.749299999999999855e+00,6.406100000000000350e+00,6.749299999999999855e+00,6.406100000000000350e+00,6.749299999999999855e+00,7.094999999999999751e+00,6.749299999999999855e+00,7.094999999999999751e+00,6.749299999999999855e+00,6.749299999999999855e+00,7.094999999999999751e+00,6.749299999999999855e+00,7.094999999999999751e+00,7.094999999999999751e+00,7.475200000000000067e+00,7.475200000000000067e+00,7.094999999999999751e+00,7.094999999999999751e+00,7.475200000000000067e+00,7.094999999999999751e+00,7.475200000000000067e+00,7.475200000000000067e+00,7.900100000000000122e+00,7.900100000000000122e+00,7.475200000000000067e+00,7.475200000000000067e+00,7.900100000000000122e+00,7.475200000000000067e+00,7.900100000000000122e+00,7.900100000000000122e+00,8.339299999999999713e+00,8.339299999999999713e+00,7.900100000000000122e+00,7.900100000000000122e+00,8.339299999999999713e+00,7.900100000000000122e+00,8.339299999999999713e+00,8.339299999999999713e+00,8.762000000000000455e+00,8.762000000000000455e+00,8.339299999999999713e+00,8.339299999999999713e+00,8.762000000000000455e+00,8.339299999999999713e+00,8.762000000000000455e+00,8.762000000000000455e+00,9.137499999999999289e+00,9.137499999999999289e+00,8.762000000000000455e+00,8.772999999999999687e+00,8.762000000000000455e+00,8.787000000000000810e+00,8.803399999999999892e+00,8.772999999999999687e+00,8.776500000000000412e+00,8.813599999999999213e+00,8.762000000000000455e+00,8.776500000000000412e+00,8.772999999999999687e+00,8.787000000000000810e+00,8.803399999999999892e+00,8.813599999999999213e+00,8.772999999999999687e+00,8.762000000000000455e+00,9.137499999999999289e+00,9.494899999999999451e+00,9.137499999999999289e+00,9.494899999999999451e+00,9.137499999999999289e+00,9.494899999999999451e+00,9.864200000000000301e+00,9.864200000000000301e+00,9.494899999999999451e+00,9.864200000000000301e+00,1.021589999999999954e+01,1.021589999999999954e+01,9.864200000000000301e+00,1.052100000000000080e+01,1.052100000000000080e+01,1.052100000000000080e+01,1.052100000000000080e+01,1.058549999999999969e+01,1.058549999999999969e+01,1.052100000000000080e+01,1.058549999999999969e+01,1.052100000000000080e+01,2.728800000000000114e+00,2.728800000000000114e+00,2.728800000000000114e+00,2.728800000000000114e+00,2.752899999999999903e+00,2.752899999999999903e+00,2.752899999999999903e+00,2.752899999999999903e+00,2.850000000000000089e+00,2.850000000000000089e+00,2.850000000000000089e+00,2.850000000000000089e+00,2.850000000000000089e+00,2.850000000000000089e+00,3.182599999999999874e+00,3.182599999999999874e+00,3.182599999999999874e+00,3.182599999999999874e+00,3.772299999999999986e+00,3.772299999999999986e+00,3.772299999999999986e+00,3.772299999999999986e+00,4.447700000000000209e+00,4.447700000000000209e+00,4.447700000000000209e+00,4.447700000000000209e+00,5.037399999999999878e+00,5.037399999999999878e+00,5.037399999999999878e+00,5.037399999999999878e+00,5.370000000000000107e+00,5.370000000000000107e+00,5.370000000000000107e+00,5.370000000000000107e+00,5.370000000000000107e+00,5.467100000000000293e+00,5.370000000000000107e+00,5.467100000000000293e+00,5.467100000000000293e+00,5.491200000000000081e+00,5.467100000000000293e+00,5.491200000000000081e+00,5.491200000000000081e+00,5.491200000000000081e+00,8.827400000000000801e+00,8.827400000000000801e+00,8.827400000000000801e+00,8.827400000000000801e+00,8.848499999999999588e+00,8.848499999999999588e+00,8.858700000000000685e+00,8.848499999999999588e+00,8.848499999999999588e+00,8.858700000000000685e+00,8.865600000000000591e+00,8.896499999999999631e+00,8.896499999999999631e+00,8.910700000000000287e+00,8.896499999999999631e+00,8.896499999999999631e+00,8.865600000000000591e+00,8.910700000000000287e+00,9.109600000000000364e+00,9.138600000000000279e+00,9.007300000000000750e+00,8.965500000000000469e+00,9.007300000000000750e+00,9.055199999999999250e+00,8.929399999999999338e+00,9.007300000000000750e+00,8.965500000000000469e+00,9.138600000000000279e+00,9.109600000000000364e+00,9.055199999999999250e+00,9.007300000000000750e+00,8.929399999999999338e+00,9.170700000000000074e+00,9.238400000000000389e+00,9.312599999999999767e+00,9.392699999999999605e+00,9.392699999999999605e+00,9.477999999999999758e+00,9.567500000000000782e+00,9.344400000000000261e+00,9.336399999999999366e+00,9.588800000000000878e+00,9.590899999999999537e+00,9.590899999999999537e+00,9.567500000000000782e+00,9.477999999999999758e+00,9.392699999999999605e+00,9.392699999999999605e+00,9.336399999999999366e+00,9.312599999999999767e+00,9.238400000000000389e+00,9.170700000000000074e+00,9.596299999999999386e+00,9.659900000000000375e+00,9.753800000000000026e+00,9.847599999999999909e+00,9.847599999999999909e+00,9.939799999999999969e+00,1.002899999999999991e+01,1.011389999999999922e+01,1.011700000000000088e+01,1.011710000000000065e+01,1.011710000000000065e+01,1.011389999999999922e+01,1.002899999999999991e+01,9.939799999999999969e+00,9.847599999999999909e+00,9.847599999999999909e+00,9.753800000000000026e+00,9.659900000000000375e+00,1.033489999999999931e+01,1.033489999999999931e+01,1.026750000000000007e+01,1.019369999999999976e+01,1.011960000000000015e+01,1.039579999999999949e+01,1.045010000000000083e+01,1.050070000000000014e+01,1.049830000000000041e+01,1.050150000000000006e+01,1.054049999999999976e+01,1.056649999999999956e+01,1.056649999999999956e+01,1.054049999999999976e+01,1.050150000000000006e+01,1.049830000000000041e+01,1.045010000000000083e+01,1.039579999999999949e+01,1.033489999999999931e+01,1.033489999999999931e+01,1.026750000000000007e+01,1.019369999999999976e+01,1.078860000000000063e+01,1.078860000000000063e+01,1.078860000000000063e+01,1.078860000000000063e+01,1.067999999999999972e+01,1.067999999999999972e+01,1.060909999999999975e+01,1.063649999999999984e+01,1.057729999999999926e+01,1.066000000000000014e+01,1.069699999999999918e+01,1.071039999999999992e+01,1.071149999999999913e+01,1.071069999999999922e+01,1.076670000000000016e+01,1.078860000000000063e+01,1.067999999999999972e+01,1.066000000000000014e+01,1.071039999999999992e+01,1.069699999999999918e+01,1.078860000000000063e+01,1.071149999999999913e+01,1.067999999999999972e+01,1.063649999999999984e+01,1.060909999999999975e+01,1.057729999999999926e+01,1.078860000000000063e+01,1.083660000000000068e+01,1.078860000000000063e+01,1.078860000000000063e+01,1.083660000000000068e+01,1.078860000000000063e+01,1.083660000000000068e+01,1.078860000000000063e+01,1.083660000000000068e+01,1.083660000000000068e+01,1.086860000000000070e+01,1.083660000000000068e+01,1.086860000000000070e+01,1.083660000000000068e+01,1.086860000000000070e+01,1.083660000000000068e+01,1.086860000000000070e+01,1.086860000000000070e+01,1.089160000000000039e+01,1.089160000000000039e+01,1.086860000000000070e+01,1.086860000000000070e+01,1.089160000000000039e+01,1.086860000000000070e+01,1.089160000000000039e+01,1.089160000000000039e+01,1.091259999999999941e+01,1.091259999999999941e+01,1.089160000000000039e+01,1.089160000000000039e+01,1.091259999999999941e+01,1.089160000000000039e+01,1.091259999999999941e+01,1.093859999999999921e+01,1.093859999999999921e+01,1.093859999999999921e+01,1.093859999999999921e+01,1.093859999999999921e+01,1.093859999999999921e+01,1.093859999999999921e+01,1.093859999999999921e+01,1.093859999999999921e+01,1.093859999999999921e+01,1.093859999999999921e+01,1.093859999999999921e+01,1.093859999999999921e+01,1.093859999999999921e+01,1.093859999999999921e+01,1.093859999999999921e+01,1.071069999999999922e+01,1.071059999999999945e+01,1.050130000000000052e+01,1.050360000000000049e+01,1.050380000000000003e+01,1.011720000000000041e+01,9.589900000000000091e+00,9.597099999999999298e+00,9.353099999999999525e+00,9.358399999999999608e+00,8.839999999999999858e+00,8.841699999999999449e+00,1.071039999999999992e+01,1.071059999999999945e+01,1.050970000000000049e+01,1.050900000000000034e+01,9.352700000000000458e+00,9.352700000000000458e+00,9.352700000000000458e+00,9.352700000000000458e+00,8.874200000000000088e+00,8.876699999999999591e+00,1.071030000000000015e+01,1.071039999999999992e+01,1.051510000000000034e+01,1.051430000000000042e+01,9.352700000000000458e+00,9.352700000000000458e+00,9.364499999999999602e+00,8.908400000000000318e+00,8.911799999999999500e+00,1.071010000000000062e+01,1.071020000000000039e+01,1.052069999999999972e+01,1.051960000000000051e+01,9.367800000000000793e+00,9.376899999999999125e+00,8.942500000000000782e+00,8.946899999999999409e+00,1.070989999999999931e+01,1.071010000000000062e+01,1.052650000000000041e+01,1.052529999999999966e+01,9.376699999999999591e+00,9.385300000000000864e+00,8.976599999999999469e+00,8.981899999999999551e+00,1.070969999999999978e+01,1.070989999999999931e+01,1.053170000000000073e+01,1.053030000000000044e+01,9.403600000000000847e+00,9.412200000000000344e+00,9.010600000000000165e+00,9.016999999999999460e+00,1.070960000000000001e+01,1.070969999999999978e+01,1.053720000000000034e+01,1.053570000000000029e+01,9.403700000000000614e+00,9.387600000000000833e+00,9.304000000000000270e+00,9.304000000000000270e+00,9.304000000000000270e+00,9.304000000000000270e+00,9.044600000000000861e+00,9.051999999999999602e+00,1.070940000000000047e+01,1.070950000000000024e+01,1.054299999999999926e+01,1.054119999999999990e+01,9.386400000000000077e+00,9.386400000000000077e+00,9.386400000000000077e+00,9.333700000000000330e+00,9.304000000000000270e+00,9.333700000000000330e+00,9.078599999999999781e+00,9.087099999999999511e+00,1.070919999999999916e+01,1.070930000000000071e+01,1.054889999999999972e+01,1.054669999999999952e+01,9.414899999999999380e+00,9.414899999999999380e+00,9.414899999999999380e+00,9.386400000000000077e+00,9.333700000000000330e+00,9.333700000000000330e+00,9.340500000000000469e+00,9.112500000000000711e+00,9.122099999999999653e+00,1.070899999999999963e+01,1.070909999999999940e+01,1.055439999999999934e+01,1.055209999999999937e+01,9.414899999999999380e+00,9.414899999999999380e+00,9.355900000000000105e+00,9.359500000000000597e+00,9.146300000000000097e+00,9.157199999999999562e+00,1.070889999999999986e+01,1.070899999999999963e+01,1.056010000000000026e+01,1.055749999999999922e+01,9.378999999999999559e+00,9.378999999999999559e+00,9.378999999999999559e+00,9.378999999999999559e+00,9.180199999999999250e+00,9.192299999999999471e+00,1.070870000000000033e+01,1.070880000000000010e+01,1.056579999999999941e+01,1.056290000000000084e+01,9.378999999999999559e+00,9.378999999999999559e+00,9.400199999999999889e+00,9.213900000000000645e+00,9.227299999999999613e+00,1.070850000000000080e+01,1.070860000000000056e+01,1.057150000000000034e+01,1.056809999999999938e+01,9.407600000000000406e+00,9.428100000000000591e+00,9.371299999999999741e+00,9.360500000000000043e+00,9.374900000000000233e+00,9.342000000000000526e+00,9.332499999999999574e+00,9.319900000000000517e+00,9.319900000000000517e+00,9.319900000000000517e+00,9.319900000000000517e+00,9.247700000000000031e+00,9.262399999999999523e+00,1.070829999999999949e+01,1.070839999999999925e+01,1.057709999999999972e+01,1.057370000000000054e+01,9.438299999999999912e+00,9.453099999999999170e+00,9.403600000000000847e+00,9.416199999999999903e+00,9.319900000000000517e+00,9.319900000000000517e+00,9.352299999999999613e+00,9.281299999999999883e+00,9.297399999999999665e+00,1.070819999999999972e+01,1.070819999999999972e+01,1.058259999999999934e+01,1.057890000000000086e+01,9.468400000000000816e+00,9.476699999999999235e+00,9.435499999999999332e+00,9.455500000000000682e+00,9.354499999999999815e+00,9.384700000000000486e+00,9.314899999999999736e+00,9.332499999999999574e+00,1.070800000000000018e+01,1.070800000000000018e+01,1.058820000000000050e+01,1.058409999999999940e+01,9.498799999999999244e+00,9.503099999999999881e+00,9.467200000000000060e+00,9.492300000000000182e+00,9.389300000000000423e+00,9.416399999999999437e+00,9.348399999999999821e+00,9.367499999999999716e+00,1.070780000000000065e+01,1.070780000000000065e+01,1.059430000000000049e+01,1.058929999999999971e+01,9.513999999999999346e+00,9.498599999999999710e+00,9.424699999999999633e+00,9.448299999999999699e+00,9.381800000000000139e+00,9.402599999999999625e+00,1.070759999999999934e+01,1.070759999999999934e+01,1.059950000000000081e+01,1.059500000000000064e+01,9.460000000000000853e+00,9.481199999999999406e+00,9.415200000000000458e+00,9.437599999999999767e+00,1.070730000000000004e+01,1.070759999999999934e+01,1.060519999999999996e+01,1.060510000000000019e+01,1.060469999999999935e+01,1.059989999999999988e+01,9.495100000000000762e+00,9.512900000000000134e+00,9.448499999999999233e+00,9.472699999999999676e+00,1.070700000000000074e+01,1.070730000000000004e+01,1.061050000000000004e+01,1.061009999999999920e+01,9.531000000000000583e+00,9.545199999999999463e+00,9.481500000000000483e+00,9.507799999999999585e+00,1.070669999999999966e+01,1.070700000000000074e+01,1.061560000000000059e+01,1.061490000000000045e+01,9.566700000000000870e+00,9.577299999999999258e+00,9.514599999999999724e+00,9.542799999999999727e+00,1.070640000000000036e+01,1.070669999999999966e+01,1.062129999999999974e+01,1.061999999999999922e+01,9.602800000000000225e+00,9.609700000000000131e+00,9.547599999999999199e+00,9.577899999999999636e+00,1.070620000000000083e+01,1.070630000000000059e+01,1.062630000000000052e+01,1.062470000000000070e+01,9.638999999999999346e+00,9.641799999999999926e+00,9.621499999999999275e+00,9.626400000000000290e+00,9.630800000000000693e+00,9.628199999999999648e+00,9.612899999999999778e+00,9.612899999999999778e+00,9.612899999999999778e+00,9.580399999999999139e+00,9.612899999999999778e+00,1.070589999999999975e+01,1.070599999999999952e+01,1.063160000000000061e+01,1.062950000000000017e+01,9.667899999999999494e+00,9.647999999999999687e+00,9.628999999999999559e+00,9.661300000000000665e+00,9.644600000000000506e+00,9.612899999999999778e+00,9.648600000000000065e+00,9.612899999999999778e+00,1.070560000000000045e+01,1.070570000000000022e+01,1.063690000000000069e+01,1.063439999999999941e+01,9.667999999999999261e+00,9.694499999999999673e+00,9.675900000000000389e+00,9.684300000000000352e+00,1.070529999999999937e+01,1.070529999999999937e+01,1.064230000000000054e+01,1.063909999999999911e+01,9.706799999999999429e+00,9.727800000000000225e+00,9.707000000000000739e+00,9.720000000000000639e+00,1.070500000000000007e+01,1.064390000000000036e+01,9.746000000000000441e+00,9.737800000000000011e+00
Y_Loc,0.000000000000000000e+00,0.000000000000000000e+00,0.000000000000000000e+00,0.000000000000000000e+00,0.000000000000000000e+00,0.000000000000000000e+00,-0.000000000000000000e+00,0.000000000000000000e+00,0.000000000000000000e+00,0.000000000000000000e+00,0.000000000000000000e+00,0.000000000000000000e+00,0.000000000000000000e+00,0.000000000000000000e+00,0.000000000000000000e+00,0.000000000000000000e+00,0.000000000000000000e+00,0.000000000000000000e+00,0.000000000000000000e+00,0.000000000000000000e+00,0.000000000000000000e+00,0.000000000000000000e+00,0.000000000000000000e+00,-0.000000000000000000e+00,0.000000000000000000e+00,0.000000000000000000e+00,0.000000000000000000e+00,0.000000000000000000e+00,0.000000000000000000e+00,0.000000000000000000e+00,0.000000000000000000e+00,-0.000000000000000000e+00,0.000000000000000000e+00,0.000000000000000000e+00,0.000000000000000000e+00,0.000000000000000000e+00,0.000000000000000000e+00,0.000000000000000000e+00,0.000000000000000000e+00,-0.000000000000000000e+00,0.000000000000000000e+00,0.000000000000000000e+00,0.000000000000000000e+00,-0.000000000000000000e+00,0.000000000000000000e+00,0.000000000000000000e+00,0.000000000000000000e+00,0.000000000000000000e+00,0.000000000000000000e+00,0.000000000000000000e+00,0.000000000000000000e+00,0.000000000000000000e+00,0.000000000000000000e+00,0.000000000000000000e+00,0.000000000000000000e+00,0.000000000000000000e+00,0.000000000000000000e+00,0.000000000000000000e+00,0.000000000000000000e+00,0.000000000000000000e+00,0.000000000000000000e+00,0.000000000000000000e+00,0.000000000000000000e+00,0.000000000000000000e+00,0.000000000000000000e+00,0.000000000000000000e+00,0.000000000000000000e+00,0.000000000000000000e+00,0.000000000000000000e+00,0.000000000000000000e+00,0.000000000000000000e+00,0.000000000000000000e+00,0.000000000000000000e+00,0.000000000000000000e+00,0.000000000000000000e+00,0.000000000000000000e+00,0.000000000000000000e+00,0.000000000000000000e+00,0.000000000000000000e+00,0.000000000000000000e+00,0.000000000000000000e+00,0.000000000000000000e+00,0.000000000000000000e+00,0.000000000000000000e+00,0.000000000000000000e+00,0.000000000000000000e+00,0.000000000000000000e+00,0.000000000000000000e+00,0.000000000000000000e+00,0.000000000000000000e+00,0.000000000000000000e+00,0.000000000000000000e+00,0.000000000000000000e+00,0.000000000000000000e+00,0.000000000000000000e+00,0.000000000000000000e+00,0.000000000000000000e+00,0.000000000000000000e+00,0.000000000000000000e+00,0.000000000000000000e+00,0.000000000000000000e+00,0.000000000000000000e+00,0.000000000000000000e+00,0.000000000000000000e+00,0.000000000000000000e+00,0.000000000000000000e+00,0.000000000000000000e+00,0.000000000000000000e+00,0.000000000000000000e+00,0.000000000000000000e+00,0.000000000000000000e+00,0.000000000000000000e+00,0.000000000000000000e+00,0.000000000000000000e+00,0.000000000000000000e+00,0.000000000000000000e+00,0.000000000000000000e+00,0.000000000000000000e+00,0.000000000000000000e+00,0.000000000000000000e+00,0.000000000000000000e+00,0.000000000000000000e+00,0.000000000000000000e+00,0.000000000000000000e+00,0.000000000000000000e+00,0.000000000000000000e+00,0.000000000000000000e+00,0.000000000000000000e+00,0.000000000000000000e+00,0.000000000000000000e+00,0.000000000000000000e+00,0.000000000000000000e+00,0.000000000000000000e+00,0.000000000000000000e+00,0.000000000000000000e+00,0.000000000000000000e+00,0.000000000000000000e+00,0.000000000000000000e+00,0.000000000000000000e+00,0.000000000000000000e+00,0.000000000000000000e+00,0.000000000000000000e+00,0.000000000000000000e+00,0.000000000000000000e+00,0.000000000000000000e+00,0.000000000000000000e+00,0.000000000000000000e+00,0.000000000000000000e+00,0.000000000000000000e+00,0.000000000000000000e+00,0.000000000000000000e+00,0.000000000000000000e+00,0.000000000000000000e+00,0.000000000000000000e+00,0.000000000000000000e+00,0.000000000000000000e+00,0.000000000000000000e+00,0.000000000000000000e+00,0.000000000000000000e+00,0.000000000000000000e+00,0.000000000000000000e+00,0.000000000000000000e+00,0.000000000000000000e+00,0.000000000000000000e+00,0.000000000000000000e+00,0.000000000000000000e+00,0.000000000000000000e+00,0.000000000000000000e+00,0.000000000000000000e+00,0.000000000000000000e+00,0.000000000000000000e+00,0.000000000000000000e+00,0.000000000000000000e+00,0.000000000000000000e+00,0.000000000000000000e+00,0.000000000000000000e+00,0.000000000000000000e+00,0.000000000000000000e+00,0.000000000000000000e+00,0.000000000000000000e+00,0.000000000000000000e+00,0.000000000000000000e+00,0.000000000000000000e+00,0.000000000000000000e+00,0.000000000000000000e+00,0.000000000000000000e+00,0.000000000000000000e+00,0.000000000000000000e+00,0.000000000000000000e+00,0.000000000000000000e+00,0.000000000000000000e+00,0.000000000000000000e+00,0.000000000000000000e+00,0.000000000000000000e+00,0.000000000000000000e+00,0.000000000000000000e+00,0.000000000000000000e+00,0.000000000000000000e+00,0.000000000000000000e+00,0.000000000000000000e+00,0.000000000000000000e+00,0.000000000000000000e+00,0.000000000000000000e+00,0.000000000000000000e+00,0.000000000000000000e+00,0.000000000000000000e+00,0.000000000000000000e+00,0.000000000000000000e+00,0.000000000000000000e+00,0.000000000000000000e+00,0.000000000000000000e+00,0.000000000000000000e+00,0.000000000000000000e+00,0.000000000000000000e+00,0.000000000000000000e+00,0.000000000000000000e+00,-0.000000000000000000e+00,0.000000000000000000e+00,0.000000000000000000e+00,0.000000000000000000e+00,-0.000000000000000000e+00,-0.000000000000000000e+00,0.000000000000000000e+00,0.000000000000000000e+00,-0.000000000000000000e+00,-0.000000000000000000e+00,0.000000000000000000e+00,0.000000000000000000e+00,-0.000000000000000000e+00,0.000000000000000000e+00,0.000000000000000000e+00,0.000000000000000000e+00,0.000000000000000000e+00,0.000000000000000000e+00,-0.000000000000000000e+00,0.000000000000000000e+00,0.000000000000000000e+00,0.000000000000000000e+00,0.000000000000000000e+00,0.000000000000000000e+00,0.000000000000000000e+00,0.000000000000000000e+00,0.000000000000000000e+00,0.000000000000000000e+00,0.000000000000000000e+00,0.000000000000000000e+00,0.000000000000000000e+00,0.000000000000000000e+00,0.000000000000000000e+00,0.000000000000000000e+00,0.000000000000000000e+00,0.000000000000000000e+00,0.000000000000000000e+00,0.000000000000000000e+00,0.000000000000000000e+00,0.000000000000000000e+00,0.000000000000000000e+00,0.000000000000000000e+00,0.000000000000000000e+00,0.000000000000000000e+00,0.000000000000000000e+00,0.000000000000000000e+00,0.000000000000000000e+00,0.000000000000000000e+00,0.000000000000000000e+00,0.000000000000000000e+00,0.000000000000000000e+00,0.000000000000000000e+00,0.000000000000000000e+00,0.000000000000000000e+00,0.000000000000000000e+00,0.000000000000000000e+00,0.000000000000000000e+00,-0.000000000000000000e+00,0.000000000000000000e+00,0.000000000000000000e+00,0.000000000000000000e+00,0.000000000000000000e+00,0.000000000000000000e+00,0.000000000000000000e+00,0.000000000000000000e+00,0.000000000000000000e+00,-0.000000000000000000e+00,0.000000000000000000e+00,0.000000000000000000e+00,0.000000000000000000e+00,0.000000000000000000e+00,0.000000000000000000e+00,0.000000000000000000e+00,0.000000000000000000e+00,0.000000000000000000e+00,0.000000000000000000e+00,0.000000000000000000e+00,0.000000000000000000e+00,0.000000000000000000e+00,0.000000000000000000e+00,0.000000000000000000e+00,0.000000000000000000e+00,0.000000000000000000e+00,0.000000000000000000e+00,0.000000000000000000e+00,0.000000000000000000e+00,0.000000000000000000e+00,0.000000000000000000e+00,0.000000000000000000e+00,0.000000000000000000e+00,0.000000000000000000e+00,0.000000000000000000e+00,0.000000000000000000e+00,0.000000000000000000e+00,0.000000000000000000e+00,0.000000000000000000e+00,0.000000000000000000e+00,0.000000000000000000e+00,0.000000000000000000e+00,0.000000000000000000e+00,0.000000000000000000e+00,0.000000000000000000e+00,0.000000000000000000e+00,0.000000000000000000e+00,0.000000000000000000e+00,0.000000000000000000e+00,0.000000000000000000e+00,0.000000000000000000e+00,0.000000000000000000e+00,0.000000000000000000e+00,0.000000000000000000e+00,0.000000000000000000e+00,0.000000000000000000e+00,0.000000000000000000e+00,0.000000000000000000e+00,0.000000000000000000e+00,0.000000000000000000e+00,0.000000000000000000e+00,0.000000000000000000e+00,0.000000000000000000e+00,0.000000000000000000e+00,0.000000000000000000e+00,0.000000000000000000e+00,0.000000000000000000e+00,0.000000000000000000e+00,0.000000000000000000e+00,0.000000000000000000e+00,0.000000000000000000e+00,0.000000000000000000e+00,0.000000000000000000e+00,0.000000000000000000e+00,0.000000000000000000e+00,0.000000000000000000e+00,0.000000000000000000e+00,0.000000000000000000e+00,0.000000000000000000e+00,0.000000000000000000e+00,0.000000000000000000e+00,0.000000000000000000e+00,0.000000000000000000e+00,0.000000000000000000e+00,0.000000000000000000e+00,0.000000000000000000e+00,0.000000000000000000e+00,0.000000000000000000e+00,0.000000000000000000e+00,0.000000000000000000e+00,0.000000000000000000e+00,0.000000000000000000e+00,0.000000000000000000e+00,0.000000000000000000e+00,0.000000000000000000e+00,0.000000000000000000e+00,0.000000000000000000e+00,0.000000000000000000e+00,0.000000000000000000e+00,0.000000000000000000e+00,0.000000000000000000e+00,0.000000000000000000e+00,0.000000000000000000e+00,0.000000000000000000e+00,0.000000000000000000e+00,0.000000000000000000e+00,0.000000000000000000e+00,0.000000000000000000e+00,0.000000000000000000e+00,0.000000000000000000e+00,0.000000000000000000e+00,0.000000000000000000e+00,0.000000000000000000e+00,0.000000000000000000e+00,0.000000000000000000e+00,0.000000000000000000e+00,0.000000000000000000e+00,0.000000000000000000e+00,0.000000000000000000e+00,0.000000000000000000e+00,0.000000000000000000e+00,0.000000000000000000e+00,0.000000000000000000e+00,0.000000000000000000e+00,0.000000000000000000e+00,0.000000000000000000e+00,0.000000000000000000e+00,0.000000000000000000e+00,-0.000000000000000000e+00,-0.000000000000000000e+00,0.000000000000000000e+00,-0.000000000000000000e+00,-0.000000000000000000e+00,0.000000000000000000e+00,0.000000000000000000e+00,-0.000000000000000000e+00,-0.000000000000000000e+00,-0.000000000000000000e+00,0.000000000000000000e+00,-0.000000000000000000e+00,0.000000000000000000e+00,-0.000000000000000000e+00,0.000000000000000000e+00,-0.000000000000000000e+00,-0.000000000000000000e+00,-0.000000000000000000e+00,0.000000000000000000e+00,0.000000000000000000e+00,0.000000000000000000e+00,-0.000000000000000000e+00,0.000000000000000000e+00,-0.000000000000000000e+00,-0.000000000000000000e+00,-0.000000000000000000e+00,0.000000000000000000e+00,0.000000000000000000e+00,0.000000000000000000e+00,0.000000000000000000e+00,0.000000000000000000e+00,0.000000000000000000e+00,0.000000000000000000e+00,0.000000000000000000e+00,0.000000000000000000e+00,0.000000000000000000e+00,0.000000000000000000e+00,0.000000000000000000e+00,0.000000000000000000e+00,0.000000000000000000e+00,0.000000000000000000e+00,0.000000000000000000e+00,0.000000000000000000e+00,0.000000000000000000e+00,0.000000000000000000e+00,-0.000000000000000000e+00,0.000000000000000000e+00,0.000000000000000000e+00,0.000000000000000000e+00,-0.000000000000000000e+00,0.000000000000000000e+00,0.000000000000000000e+00,0.000000000000000000e+00,0.000000000000000000e+00,0.000000000000000000e+00,0.000000000000000000e+00,0.000000000000000000e+00,0.000000000000000000e+00,0.000000000000000000e+00,0.000000000000000000e+00,-0.000000000000000000e+00,0.000000000000000000e+00,0.000000000000000000e+00,0.000000000000000000e+00,0.000000000000000000e+00,0.000000000000000000e+00,0.000000000000000000e+00,0.000000000000000000e+00,0.000000000000000000e+00,0.000000000000000000e+00,0.000000000000000000e+00,0.000000000000000000e+00,0.000000000000000000e+00,0.000000000000000000e+00,-0.000000000000000000e+00,0.000000000000000000e+00,0.000000000000000000e+00,0.000000000000000000e+00,0.000000000000000000e+00,0.000000000000000000e+00,0.000000000000000000e+00,0.000000000000000000e+00,0.000000000000000000e+00,0.000000000000000000e+00,-0.000000000000000000e+00,0.000000000000000000e+00,-0.000000000000000000e+00,0.000000000000000000e+00,0.000000000000000000e+00,0.000000000000000000e+00,0.000000000000000000e+00,0.000000000000000000e+00,0.000000000000000000e+00,0.000000000000000000e+00,-0.000000000000000000e+00,0.000000000000000000e+00,0.000000000000000000e+00,0.000000000000000000e+00,0.000000000000000000e+00,0.000000000000000000e+00,-0.000000000000000000e+00,0.000000000000000000e+00,0.000000000000000000e+00,0.000000000000000000e+00,0.000000000000000000e+00,0.000000000000000000e+00,0.000000000000000000e+00,0.000000000000000000e+00,0.000000000000000000e+00,0.000000000000000000e+00,-0.000000000000000000e+00,0.000000000000000000e+00,-0.000000000000000000e+00,0.000000000000000000e+00,0.000000000000000000e+00,0.000000000000000000e+00,0.000000000000000000e+00,0.000000000000000000e+00,0.000000000000000000e+00,0.000000000000000000e+00,0.000000000000000000e+00,0.000000000000000000e+00,-0.000000000000000000e+00,0.000000000000000000e+00,-0.000000000000000000e+00,-0.000000000000000000e+00,0.000000000000000000e+00,0.000000000000000000e+00,0.000000000000000000e+00,0.000000000000000000e+00,0.000000000000000000e+00,0.000000000000000000e+00,0.000000000000000000e+00,0.000000000000000000e+00,0.000000000000000000e+00,0.000000000000000000e+00,0.000000000000000000e+00,0.000000000000000000e+00,0.000000000000000000e+00,-0.000000000000000000e+00,0.000000000000000000e+00,0.000000000000000000e+00,0.000000000000000000e+00,0.000000000000000000e+00,0.000000000000000000e+00,0.000000000000000000e+00,-0.000000000000000000e+00,-0.000000000000000000e+00,-0.000000000000000000e+00,0.000000000000000000e+00,0.000000000000000000e+00,0.000000000000000000e+00,0.000000000000000000e+00,0.000000000000000000e+00,0.000000000000000000e+00,-0.000000000000000000e+00,0.000000000000000000e+00,0.000000000000000000e+00,0.000000000000000000e+00,-0.000000000000000000e+00,0.000000000000000000e+00,0.000000000000000000e+00,0.000000000000000000e+00,0.000000000000000000e+00,0.000000000000000000e+00,0.000000000000000000e+00,0.000000000000000000e+00,0.000000000000000000e+00,0.000000000000000000e+00,-0.000000000000000000e+00,0.000000000000000000e+00,0.000000000000000000e+00,0.000000000000000000e+00,-0.000000000000000000e+00,0.000000000000000000e+00,-0.000000000000000000e+00,-0.000000000000000000e+00,0.000000000000000000e+00,0.000000000000000000e+00,0.000000000000000000e+00,0.000000000000000000e+00,0.000000000000000000e+00,0.000000000000000000e+00,-0.000000000000000000e+00,0.000000000000000000e+00,0.000000000000000000e+00,0.000000000000000000e+00,0.000000000000000000e+00,0.000000000000000000e+00,-0.000000000000000000e+00,0.000000000000000000e+00,0.000000000000000000e+00,0.000000000000000000e+00,0.000000000000000000e+00,-0.000000000000000000e+00,0.000000000000000000e+00,0.000000000000000000e+00,-0.000000000000000000e+00,0.000000000000000000e+00,0.000000000000000000e+00,0.000000000000000000e+00,0.000000000000000000e+00,0.000000000000000000e+00,0.000000000000000000e+00,0.000000000000000000e+00,0.000000000000000000e+00,0.000000000000000000e+00,0.000000000000000000e+00,0.000000000000000000e+00,0.000000000000000000e+00,0.000000000000000000e+00,0.000000000000000000e+00,0.000000000000000000e+00,-0.000000000000000000e+00,-0.000000000000000000e+00,0.000000000000000000e+00,0.000000000000000000e+00,0.000000000000000000e+00,0.000000000000000000e+00,0.000000000000000000e+00,0.000000000000000000e+00,0.000000000000000000e+00,0.000000000000000000e+00,-0.000000000000000000e+00,0.000000000000000000e+00,-0.000000000000000000e+00,0.000000000000000000e+00,0.000000000000000000e+00,0.000000000000000000e+00,0.000000000000000000e+00,0.000000000000000000e+00,0.000000000000000000e+00,-0.000000000000000000e+00,0.000000000000000000e+00,0.000000000000000000e+00,0.000000000000000000e+00,0.000000000000000000e+00,0.000000000000000000e+00,0.000000000000000000e+00,-0.000000000000000000e+00,0.000000000000000000e+00,0.000000000000000000e+00,0.000000000000000000e+00,-0.000000000000000000e+00,0.000000000000000000e+00,0.000000000000000000e+00,0.000000000000000000e+00,0.000000000000000000e+00,0.000000000000000000e+00,0.000000000000000000e+00,0.000000000000000000e+00,0.000000000000000000e+00,0.000000000000000000e+00,0.000000000000000000e+00,0.000000000000000000e+00,0.000000000000000000e+00,0.000000000000000000e+00,-0.000000000000000000e+00,0.000000000000000000e+00,-0.000000000000000000e+00,0.000000000000000000e+00,0.000000000000000000e+00,0.000000000000000000e+00,0.000000000000000000e+00,0.000000000000000000e+00,-0.000000000000000000e+00,0.000000000000000000e+00,0.000000000000000000e+00,0.000000000000000000e+00,0.000000000000000000e+00,0.000000000000000000e+00,0.000000000000000000e+00,0.000000000000000000e+00,0.000000000000000000e+00,0.000000000000000000e+00,-0.000000000000000000e+00,0.000000000000000000e+00,0.000000000000000000e+00,0.000000000000000000e+00,0.000000000000000000e+00,0.000000000000000000e+00,0.000000000000000000e+00,0.000000000000000000e+00,0.000000000000000000e+00,0.000000000000000000e+00,0.000000000000000000e+00,0.000000000000000000e+00,0.000000000000000000e+00,0.000000000000000000e+00,0.000000000000000000e+00,0.000000000000000000e+00,0.000000000000000000e+00,-0.000000000000000000e+00,0.000000000000000000e+00,0.000000000000000000e+00,0.000000000000000000e+00,0.000000000000000000e+00,0.000000000000000000e+00,0.000000000000000000e+00,0.000000000000000000e+00,0.000000000000000000e+00,0.000000000000000000e+00,0.000000000000000000e+00,0.000000000000000000e+00,-0.000000000000000000e+00,0.000000000000000000e+00,-0.000000000000000000e+00,-0.000000000000000000e+00,0.000000000000000000e+00,0.000000000000000000e+00,0.000000000000000000e+00,0.000000000000000000e+00,0.000000000000000000e+00,0.000000000000000000e+00,0.000000000000000000e+00,0.000000000000000000e+00,0.000000000000000000e+00,0.000000000000000000e+00,0.000000000000000000e+00
Z_Loc,-2.999999999999999889e-01,-2.999999999999999889e-01,-2.999999999999999889e-01,-2.999999999999999889e-01,-3.845000000000000084e-01,-2.999999999999999889e-01,-3.845000000000000084e-01,-2.999999999999999889e-01,-2.999999999999999889e-01,-2.999999999999999889e-01,-2.999999999999999889e-01,-2.999999999999999889e-01,-2.999999999999999889e-01,-2.999999999999999889e-01,-1.947000000000000119e-01,-2.999999999999999889e-01,-1.947000000000000119e-01,-2.999999999999999889e-01,-2.999999999999999889e-01,-2.999999999999999889e-01,-4.773000000000000020e-01,-4.773000000000000020e-01,-4.773000000000000020e-01,-4.773000000000000020e-01,-5.229999999999999927e-02,-5.229999999999999927e-02,-5.229999999999999927e-02,-5.229999999999999927e-02,-5.628999999999999559e-01,-5.628999999999999559e-01,-5.628999999999999559e-01,-5.628999999999999559e-01,9.249999999999999889e-02,9.249999999999999889e-02,9.249999999999999889e-02,9.249999999999999889e-02,-6.256000000000000449e-01,-6.256000000000000449e-01,-6.256000000000000449e-01,-6.256000000000000449e-01,2.048000000000000098e-01,2.048000000000000098e-01,2.048000000000000098e-01,2.048000000000000098e-01,-6.500000000000000222e-01,-6.500000000000000222e-01,-6.500000000000000222e-01,-6.500000000000000222e-01,-6.500000000000000222e-01,2.500000000000000000e-01,2.500000000000000000e-01,2.500000000000000000e-01,2.500000000000000000e-01,2.500000000000000000e-01,-6.707999999999999519e-01,-6.707999999999999519e-01,-6.707999999999999519e-01,-6.707999999999999519e-01,3.124000000000000110e-01,3.124000000000000110e-01,3.124000000000000110e-01,3.124000000000000110e-01,-7.204000000000000403e-01,-7.204000000000000403e-01,-7.204000000000000403e-01,-7.204000000000000403e-01,4.611999999999999988e-01,4.611999999999999988e-01,4.611999999999999988e-01,4.611999999999999988e-01,-7.795999999999999597e-01,-7.795999999999999597e-01,-7.795999999999999597e-01,-7.795999999999999597e-01,6.388000000000000345e-01,6.388000000000000345e-01,6.388000000000000345e-01,6.388000000000000345e-01,-8.292000000000000481e-01,-8.292000000000000481e-01,-8.292000000000000481e-01,-8.292000000000000481e-01,7.875999999999999668e-01,7.875999999999999668e-01,7.875999999999999668e-01,7.875999999999999668e-01,-8.499999999999999778e-01,-8.499999999999999778e-01,-8.499999999999999778e-01,-8.499999999999999778e-01,8.499999999999999778e-01,8.499999999999999778e-01,8.499999999999999778e-01,8.499999999999999778e-01,-8.499999999999999778e-01,-8.499999999999999778e-01,-8.499999999999999778e-01,-8.499999999999999778e-01,8.499999999999999778e-01,8.499999999999999778e-01,8.499999999999999778e-01,8.499999999999999778e-01,8.499999999999999778e-01,-8.499999999999999778e-01,-8.499999999999999778e-01,-8.499999999999999778e-01,-8.499999999999999778e-01,-8.499999999999999778e-01,-8.499999999999999778e-01,-8.499999999999999778e-01,-8.499999999999999778e-01,-8.499999999999999778e-01,-8.499999999999999778e-01,-8.499999999999999778e-01,-8.499999999999999778e-01,-8.499999999999999778e-01,-8.499999999999999778e-01,-8.499999999999999778e-01,-8.499999999999999778e-01,-8.499999999999999778e-01,-8.135999999999999899e-01,-8.499999999999999778e-01,-8.135999999999999899e-01,8.489999999999999769e-01,8.497000000000000108e-01,8.489999999999999769e-01,8.489999999999999769e-01,8.497000000000000108e-01,8.489999999999999769e-01,8.489999999999999769e-01,-7.268000000000000016e-01,-8.135999999999999899e-01,-8.135999999999999899e-01,-7.268000000000000016e-01,8.489999999999999769e-01,8.465000000000000302e-01,8.489999999999999769e-01,8.465000000000000302e-01,-6.231999999999999762e-01,-7.268000000000000016e-01,-7.268000000000000016e-01,-6.231999999999999762e-01,8.465000000000000302e-01,8.435000000000000275e-01,8.465000000000000302e-01,8.435000000000000275e-01,-5.363999999999999879e-01,-6.231999999999999762e-01,-6.231999999999999762e-01,-5.363999999999999879e-01,8.435000000000000275e-01,8.409999999999999698e-01,8.435000000000000275e-01,8.409999999999999698e-01,-5.000000000000000000e-01,-5.363999999999999879e-01,-5.000000000000000000e-01,-5.363999999999999879e-01,8.409999999999999698e-01,8.399999999999999689e-01,8.409999999999999698e-01,8.399999999999999689e-01,-5.000000000000000000e-01,-4.480000000000000093e-01,-4.480000000000000093e-01,-5.000000000000000000e-01,8.399999999999999689e-01,8.357999999999999874e-01,8.399999999999999689e-01,8.357999999999999874e-01,-4.480000000000000093e-01,-3.240000000000000102e-01,-3.240000000000000102e-01,-4.480000000000000093e-01,8.357999999999999874e-01,8.258999999999999675e-01,8.357999999999999874e-01,8.258999999999999675e-01,-3.240000000000000102e-01,-1.759999999999999898e-01,-1.759999999999999898e-01,-3.240000000000000102e-01,8.258999999999999675e-01,8.141000000000000458e-01,8.258999999999999675e-01,8.141000000000000458e-01,-1.759999999999999898e-01,-5.199999999999999761e-02,-5.199999999999999761e-02,-1.759999999999999898e-01,8.141000000000000458e-01,8.042000000000000259e-01,8.141000000000000458e-01,8.042000000000000259e-01,-5.199999999999999761e-02,0.000000000000000000e+00,0.000000000000000000e+00,-5.199999999999999761e-02,8.040000000000000480e-01,8.042000000000000259e-01,8.038999999999999480e-01,8.036999999999999700e-01,8.040000000000000480e-01,8.040000000000000480e-01,8.035999999999999810e-01,8.042000000000000259e-01,8.040000000000000480e-01,8.040000000000000480e-01,8.038999999999999480e-01,8.036999999999999700e-01,8.035999999999999810e-01,8.040000000000000480e-01,8.042000000000000259e-01,0.000000000000000000e+00,5.419999999999999818e-02,0.000000000000000000e+00,5.419999999999999818e-02,0.000000000000000000e+00,5.419999999999999818e-02,1.945999999999999952e-01,1.945999999999999952e-01,5.419999999999999818e-02,1.945999999999999952e-01,3.879000000000000226e-01,3.879000000000000226e-01,1.945999999999999952e-01,6.008000000000000007e-01,6.008000000000000007e-01,6.008000000000000007e-01,6.008000000000000007e-01,6.569000000000000394e-01,6.569000000000000394e-01,6.008000000000000007e-01,6.569000000000000394e-01,6.008000000000000007e-01,9.721999999999999531e-01,9.721999999999999531e-01,9.721999999999999531e-01,9.721999999999999531e-01,1.125499999999999945e+00,1.125499999999999945e+00,1.125499999999999945e+00,1.125499999999999945e+00,1.187799999999999967e+00,1.187799999999999967e+00,1.187799999999999967e+00,1.187799999999999967e+00,1.187799999999999967e+00,1.187799999999999967e+00,1.187799999999999967e+00,1.187799999999999967e+00,1.187799999999999967e+00,1.187799999999999967e+00,1.187799999999999967e+00,1.187799999999999967e+00,1.187799999999999967e+00,1.187799999999999967e+00,1.187799999999999967e+00,1.187799999999999967e+00,1.187799999999999967e+00,1.187799999999999967e+00,1.187799999999999967e+00,1.187799999999999967e+00,1.187799999999999967e+00,1.187799999999999967e+00,1.187799999999999967e+00,1.187799999999999967e+00,1.187799999999999967e+00,1.187799999999999967e+00,1.187799999999999967e+00,1.125499999999999945e+00,1.187799999999999967e+00,1.125499999999999945e+00,1.125499999999999945e+00,9.721999999999999531e-01,1.125499999999999945e+00,9.721999999999999531e-01,9.721999999999999531e-01,9.721999999999999531e-01,8.566000000000000281e-01,8.566000000000000281e-01,8.566000000000000281e-01,8.566000000000000281e-01,8.981999999999999984e-01,8.981999999999999984e-01,9.182000000000000162e-01,8.981999999999999984e-01,8.981999999999999984e-01,9.182000000000000162e-01,9.214999999999999858e-01,9.363000000000000211e-01,9.363000000000000211e-01,9.431000000000000494e-01,9.363000000000000211e-01,9.363000000000000211e-01,9.214999999999999858e-01,9.431000000000000494e-01,9.431000000000000494e-01,9.431000000000000494e-01,9.431000000000000494e-01,9.431000000000000494e-01,9.431000000000000494e-01,9.431000000000000494e-01,9.431000000000000494e-01,9.431000000000000494e-01,9.431000000000000494e-01,9.431000000000000494e-01,9.431000000000000494e-01,9.431000000000000494e-01,9.431000000000000494e-01,9.431000000000000494e-01,9.431000000000000494e-01,9.431000000000000494e-01,9.431000000000000494e-01,9.431000000000000494e-01,9.431000000000000494e-01,9.431000000000000494e-01,9.431000000000000494e-01,9.431000000000000494e-01,9.431000000000000494e-01,9.431000000000000494e-01,9.431000000000000494e-01,9.431000000000000494e-01,9.431000000000000494e-01,9.431000000000000494e-01,9.431000000000000494e-01,9.431000000000000494e-01,9.431000000000000494e-01,9.431000000000000494e-01,9.431000000000000494e-01,9.431000000000000494e-01,9.431000000000000494e-01,9.431000000000000494e-01,9.431000000000000494e-01,9.431000000000000494e-01,9.431000000000000494e-01,9.431000000000000494e-01,9.431000000000000494e-01,9.431000000000000494e-01,9.431000000000000494e-01,9.431000000000000494e-01,9.431000000000000494e-01,9.431000000000000494e-01,9.431000000000000494e-01,9.431000000000000494e-01,9.431000000000000494e-01,9.431000000000000494e-01,9.431000000000000494e-01,9.431000000000000494e-01,9.431000000000000494e-01,9.431000000000000494e-01,9.431000000000000494e-01,9.431000000000000494e-01,9.431000000000000494e-01,9.431000000000000494e-01,9.431000000000000494e-01,9.431000000000000494e-01,9.431000000000000494e-01,9.431000000000000494e-01,9.431000000000000494e-01,9.431000000000000494e-01,9.431000000000000494e-01,9.431000000000000494e-01,9.431000000000000494e-01,9.431000000000000494e-01,9.431000000000000494e-01,9.431000000000000494e-01,9.431000000000000494e-01,9.431000000000000494e-01,9.431000000000000494e-01,9.431000000000000494e-01,6.569000000000000394e-01,6.569000000000000394e-01,6.569000000000000394e-01,6.569000000000000394e-01,9.431000000000000494e-01,9.431000000000000494e-01,9.431000000000000494e-01,9.431000000000000494e-01,9.431000000000000494e-01,9.431000000000000494e-01,9.431000000000000494e-01,9.431000000000000494e-01,9.431000000000000494e-01,9.431000000000000494e-01,9.431000000000000494e-01,9.431000000000000494e-01,9.431000000000000494e-01,9.431000000000000494e-01,9.431000000000000494e-01,9.431000000000000494e-01,9.431000000000000494e-01,9.431000000000000494e-01,9.431000000000000494e-01,9.431000000000000494e-01,9.431000000000000494e-01,9.431000000000000494e-01,6.569000000000000394e-01,6.669000000000000483e-01,6.569000000000000394e-01,6.569000000000000394e-01,6.669000000000000483e-01,9.431000000000000494e-01,9.331000000000000405e-01,9.431000000000000494e-01,9.331000000000000405e-01,6.669000000000000483e-01,6.924000000000000155e-01,6.669000000000000483e-01,6.924000000000000155e-01,9.331000000000000405e-01,9.075999999999999623e-01,9.331000000000000405e-01,9.075999999999999623e-01,6.924000000000000155e-01,7.274000000000000465e-01,7.274000000000000465e-01,6.924000000000000155e-01,9.075999999999999623e-01,8.726000000000000423e-01,9.075999999999999623e-01,8.726000000000000423e-01,7.274000000000000465e-01,7.652999999999999803e-01,7.652999999999999803e-01,7.274000000000000465e-01,8.726000000000000423e-01,8.346999999999999975e-01,8.726000000000000423e-01,8.346999999999999975e-01,8.000000000000000444e-01,8.000000000000000444e-01,8.000000000000000444e-01,8.000000000000000444e-01,8.000000000000000444e-01,8.000000000000000444e-01,8.000000000000000444e-01,8.000000000000000444e-01,8.000000000000000444e-01,8.000000000000000444e-01,8.000000000000000444e-01,8.000000000000000444e-01,8.000000000000000444e-01,8.000000000000000444e-01,8.000000000000000444e-01,8.000000000000000444e-01,9.549999999999999600e-01,9.963999999999999524e-01,9.536999999999999922e-01,9.923999999999999488e-01,9.963999999999999524e-01,9.447999999999999732e-01,9.478999999999999648e-01,9.472000000000000419e-01,9.750999999999999668e-01,9.963999999999999524e-01,9.918000000000000149e-01,9.963999999999999524e-01,1.094600000000000017e+00,1.004000000000000004e+00,1.094600000000000017e+00,1.083599999999999897e+00,1.094600000000000017e+00,1.094600000000000017e+00,1.094600000000000017e+00,1.094600000000000017e+00,1.087599999999999900e+00,1.094600000000000017e+00,1.192900000000000071e+00,1.106200000000000072e+00,1.192900000000000071e+00,1.178800000000000070e+00,1.094600000000000017e+00,1.094600000000000017e+00,1.192900000000000071e+00,1.183300000000000018e+00,1.192900000000000071e+00,1.291099999999999914e+00,1.208499999999999908e+00,1.291099999999999914e+00,1.273900000000000032e+00,1.217400000000000038e+00,1.291099999999999914e+00,1.278899999999999926e+00,1.291099999999999914e+00,1.389299999999999979e+00,1.311099999999999932e+00,1.389299999999999979e+00,1.367899999999999894e+00,1.356500000000000039e+00,1.389299999999999979e+00,1.374400000000000066e+00,1.389299999999999979e+00,1.487500000000000044e+00,1.413799999999999946e+00,1.487500000000000044e+00,1.463400000000000034e+00,1.454800000000000093e+00,1.487500000000000044e+00,1.469700000000000006e+00,1.487500000000000044e+00,1.585700000000000109e+00,1.516699999999999937e+00,1.585700000000000109e+00,1.557800000000000074e+00,1.536599999999999966e+00,1.585700000000000109e+00,1.585700000000000109e+00,1.585700000000000109e+00,1.585700000000000109e+00,1.585700000000000109e+00,1.564999999999999947e+00,1.585700000000000109e+00,1.683899999999999952e+00,1.619899999999999896e+00,1.683899999999999952e+00,1.651499999999999968e+00,1.683899999999999952e+00,1.683899999999999952e+00,1.683899999999999952e+00,1.683899999999999952e+00,1.585700000000000109e+00,1.683899999999999952e+00,1.660199999999999898e+00,1.683899999999999952e+00,1.782100000000000017e+00,1.723200000000000065e+00,1.782100000000000017e+00,1.745200000000000085e+00,1.782100000000000017e+00,1.782100000000000017e+00,1.782100000000000017e+00,1.683899999999999952e+00,1.683899999999999952e+00,1.683899999999999952e+00,1.782100000000000017e+00,1.755200000000000093e+00,1.782100000000000017e+00,1.880400000000000071e+00,1.826799999999999979e+00,1.880400000000000071e+00,1.838899999999999979e+00,1.782100000000000017e+00,1.782100000000000017e+00,1.831199999999999939e+00,1.880400000000000071e+00,1.849900000000000100e+00,1.880400000000000071e+00,1.978599999999999914e+00,1.930600000000000094e+00,1.978599999999999914e+00,1.932199999999999918e+00,1.978599999999999914e+00,1.978599999999999914e+00,1.978599999999999914e+00,1.978599999999999914e+00,1.944800000000000084e+00,1.978599999999999914e+00,2.076799999999999979e+00,2.034800000000000164e+00,2.076799999999999979e+00,2.025399999999999867e+00,1.978599999999999914e+00,1.978599999999999914e+00,2.076799999999999979e+00,2.039299999999999891e+00,2.076799999999999979e+00,2.174999999999999822e+00,2.139200000000000212e+00,2.174999999999999822e+00,2.119000000000000217e+00,2.109500000000000153e+00,2.174999999999999822e+00,2.167400000000000215e+00,2.142300000000000093e+00,2.174999999999999822e+00,2.142300000000000093e+00,2.142300000000000093e+00,2.174999999999999822e+00,2.174999999999999822e+00,2.174999999999999822e+00,2.174999999999999822e+00,2.133900000000000130e+00,2.174999999999999822e+00,2.273200000000000109e+00,2.244000000000000217e+00,2.273200000000000109e+00,2.211199999999999832e+00,2.214300000000000157e+00,2.273200000000000109e+00,2.240499999999999936e+00,2.273200000000000109e+00,2.174999999999999822e+00,2.174999999999999822e+00,2.273200000000000109e+00,2.228000000000000203e+00,2.273200000000000109e+00,2.371399999999999952e+00,2.348899999999999988e+00,2.371399999999999952e+00,2.304399999999999782e+00,2.332100000000000062e+00,2.371399999999999952e+00,2.318499999999999783e+00,2.371399999999999952e+00,2.279999999999999805e+00,2.371399999999999952e+00,2.322099999999999831e+00,2.371399999999999952e+00,2.469599999999999795e+00,2.454499999999999904e+00,2.469599999999999795e+00,2.396900000000000031e+00,2.453300000000000036e+00,2.469599999999999795e+00,2.404199999999999893e+00,2.469599999999999795e+00,2.386000000000000121e+00,2.469599999999999795e+00,2.415999999999999925e+00,2.469599999999999795e+00,2.567899999999999849e+00,2.560299999999999798e+00,2.567899999999999849e+00,2.489500000000000046e+00,2.518699999999999939e+00,2.486000000000000210e+00,2.495099999999999874e+00,2.567899999999999849e+00,2.509700000000000042e+00,2.567899999999999849e+00,2.659100000000000019e+00,2.666100000000000136e+00,2.666100000000000136e+00,2.579600000000000115e+00,2.602899999999999991e+00,2.666100000000000136e+00,2.603200000000000180e+00,2.666100000000000136e+00,2.764299999999999979e+00,2.666700000000000070e+00,2.764299999999999979e+00,2.763700000000000045e+00,2.755399999999999849e+00,2.672600000000000087e+00,2.709299999999999820e+00,2.764299999999999979e+00,2.696400000000000130e+00,2.764299999999999979e+00,2.862499999999999822e+00,2.773699999999999832e+00,2.862499999999999822e+00,2.854800000000000004e+00,2.819300000000000139e+00,2.862499999999999822e+00,2.789000000000000146e+00,2.862499999999999822e+00,2.960700000000000109e+00,2.881400000000000183e+00,2.960700000000000109e+00,2.946299999999999919e+00,2.927999999999999936e+00,2.960700000000000109e+00,2.881699999999999928e+00,2.960700000000000109e+00,3.058899999999999952e+00,2.989700000000000024e+00,3.058899999999999952e+00,3.035899999999999821e+00,3.038499999999999979e+00,3.058899999999999952e+00,2.974000000000000199e+00,3.058899999999999952e+00,3.157099999999999795e+00,3.098599999999999799e+00,3.157099999999999795e+00,3.126700000000000035e+00,3.148200000000000109e+00,3.157099999999999795e+00,3.137500000000000178e+00,3.148200000000000109e+00,3.157099999999999795e+00,3.157099999999999795e+00,3.157099999999999795e+00,3.157099999999999795e+00,3.157099999999999795e+00,3.065999999999999837e+00,3.157099999999999795e+00,3.255399999999999849e+00,3.208200000000000163e+00,3.255399999999999849e+00,3.216499999999999915e+00,3.235700000000000021e+00,3.189900000000000180e+00,3.159600000000000186e+00,3.255399999999999849e+00,3.244200000000000195e+00,3.157099999999999795e+00,3.255399999999999849e+00,3.157099999999999795e+00,3.353600000000000136e+00,3.318700000000000205e+00,3.353600000000000136e+00,3.305600000000000094e+00,3.275199999999999889e+00,3.353600000000000136e+00,3.330499999999999794e+00,3.353600000000000136e+00,3.451799999999999979e+00,3.430499999999999883e+00,3.451799999999999979e+00,3.394499999999999851e+00,3.389800000000000146e+00,3.451799999999999979e+00,3.415799999999999947e+00,3.451799999999999979e+00,3.543000000000000149e+00,3.482200000000000184e+00,3.505599999999999827e+00,3.500599999999999934e+00
